timestamp,phase,base_pos_x,base_pos_y,base_pos_z,base_yaw,base_quat_w,base_quat_x,base_quat_y,base_quat_z,base_lin_vel_x_body,base_lin_vel_y_body,base_ang_vel_z_body,cmd_vx,cmd_vy,cmd_wz,ee_pos_x,ee_pos_y,ee_pos_z,ee_roll,ee_pitch,ee_yaw,arm_joint1,arm_joint2,arm_joint3,arm_joint4,arm_joint5,arm_joint6,gripper,arm_action_joint1,arm_action_joint2,arm_action_joint3,arm_action_joint4,arm_action_joint5,arm_action_joint6,gripper_action,object_pos_x,object_pos_y,object_pos_z,object_quat_w,object_quat_x,object_quat_y,object_quat_z,front_image,wrist_image,success,failure_reason
8.8,yaw_align,1.2433096170425415,0.6758965849876404,0.33960142731666565,1.4069440921480982,0.7625607252120972,-0.007028744090348482,0.005113513674587011,0.6468581557273865,0.42734912037849426,0.10777759552001953,0.09197225421667099,0.35,0.18,0.0,,,,,,,-0.019973058253526688,0.06208331510424614,0.025174580514431,0.04399499669671059,-0.04430391639471054,-0.017988724634051323,0.0007349775405600667,,,,,,,,,,,,,,,,,,
9.0,yaw_align,1.2271274328231812,0.7569974064826965,0.33466944098472595,1.4056489715252354,0.7629975080490112,0.005708613898605108,0.0012068222276866436,0.6463752388954163,0.36320358514785767,0.14228135347366333,-0.0024390900507569313,0.35,0.18,0.0,,,,,,,-0.0293981172144413,0.04963001608848572,0.04001249000430107,0.05260402709245682,-0.061412278562784195,-0.0068776970729231834,0.0011598452110774815,,,,,,,,,,,,,,,,,,
9.200000000000001,yaw_align,1.2137519121170044,0.8302279710769653,0.3381841480731964,1.399187454242191,0.7650973200798035,0.002956752199679613,-0.0014025712152943015,0.6439065337181091,0.31190961599349976,0.09688505530357361,-0.003343306016176939,0.35,0.18,0.0,,,,,,,-0.035299550741910934,0.04580268636345863,0.04619094356894493,0.05657869204878807,-0.05760551989078522,-0.007304648868739605,0.0004950979855493642,,,,,,,,,,,,,,,,,,
9.4,yaw_align,1.2088146209716797,0.9015020728111267,0.3337533175945282,1.3906257621407547,0.7678532600402832,-0.0002659180900081992,0.0005367886042222381,0.640625536441803,0.35163938999176025,0.032690972089767456,-0.12260600179433823,0.35,0.0,0.0,,,,,,,0.009314870461821556,0.08739344775676727,0.05762242525815964,0.005133789498358965,-0.053153280168771744,-0.026880640536546707,0.0005723638805648079,,,,,,,,,,,,,,,,,,
9.44,yaw_align,1.2095867395401,0.908401370048523,0.3338361978530884,1.3884721708326009,0.7685425281524658,-0.0006747867446392775,0.00022403580078389496,0.6397985219955444,0.3420828878879547,0.012434810400009155,-0.09736049920320511,0.35,0.0,0.0,,,,,,,0.010515610687434673,0.08496923744678497,0.056627221405506134,0.010376046411693096,-0.0462033711373806,-0.04264437407255173,0.0004998740187147632,,,,,,,,,,,,,,,,,,
9.64,yaw_align,1.2236957550048828,0.9629168510437012,0.33938953280448914,1.3803669251144557,0.7711242437362671,-0.0027553164400160313,-0.00019899253675248474,0.6366789937019348,0.2145850956439972,-0.02235330641269684,0.06979649513959885,0.35,0.0,0.0,,,,,,,0.012477735988795757,0.06953436881303787,0.04978806897997856,0.018222326412796974,-0.001240932266227901,-0.02331593446433544,0.00048240897012874484,,,,,,,,,,,,,,,,,,
9.84,yaw_align,1.2356075048446655,1.0180768966674805,0.335014671087265,1.377420568396683,0.7720462679862976,0.005533450748771429,0.0024802531115710735,0.6355375051498413,0.33103182911872864,0.0020546317100524902,-0.08153942227363586,0.35,0.0,0.0,,,,,,,0.0006683047977276146,0.07012958824634552,0.0577145591378212,0.0379147045314312,-0.011969970539212227,-0.0076375603675842285,0.0008508514438290149,,,,,,,,,,,,,,,,,,
10.040000000000001,yaw_align,1.2460829019546509,1.0762723684310913,0.3390309512615204,1.3697091657241987,0.7745035886764526,0.0033781775273382664,0.004641122650355101,0.632543683052063,0.22282743453979492,0.0029227733612060547,-0.0407198928296566,0.35,0.0,0.0,,,,,,,-0.00040200556395575404,0.08447226881980896,0.07076581567525864,0.023626863956451416,-0.017883313819766045,-0.02784876525402069,0.00010978831414831802,,,,,,,,,,,,,,,,,,
10.24,yaw_align,1.2520443201065063,1.0922207832336426,0.3351438641548157,1.35848143494366,0.7780332565307617,-0.0042451610788702965,0.004432917572557926,0.6281930804252625,-0.028804242610931396,-0.016312839463353157,-0.03562484681606293,0.0,0.0,0.0,,,,,,,0.004275098443031311,0.03285009786486626,0.03667232021689415,0.006271495018154383,0.011519946157932281,0.007820992730557919,0.0005983025184832513,,,,,,,,,,,,,,,,,,
10.44,yaw_align,1.2516978979110718,1.0823363065719604,0.33330926299095154,1.3501043029873165,0.7806735038757324,-0.0004604365967679769,0.002571839839220047,0.624933660030365,-0.04741480201482773,0.001457802951335907,-0.03578396514058113,0.0,0.0,0.0,,,,,,,-0.008685583248734474,0.011556342244148254,0.02750503271818161,0.003412109101191163,-0.002391745336353779,0.01641399785876274,0.00031718080572318286,,,,,,,,,,,,,,,,,,
8.8,yaw_align,1.240501880645752,0.6701566576957703,0.33896002173423767,1.3844503514144302,0.7697736024856567,-0.008400226011872292,0.0038016922771930695,0.6382504105567932,0.39245903491973877,0.11185461282730103,0.00649981340393424,0.35,0.18,0.0,,,,,,,-0.011120191775262356,0.049497269093990326,0.039749592542648315,0.028704706579446793,-0.06224725395441055,0.0007034814916551113,0.0006798822287237272,,,,,,,,,,,,,,,,,,
9.0,yaw_align,1.2268227338790894,0.7423492670059204,0.3353773355484009,1.3851585943661624,0.7695200443267822,0.010495425201952457,-0.003233191091567278,0.6385283470153809,0.33868300914764404,0.13485175371170044,-0.11868909746408463,0.35,0.18,0.0,,,,,,,-0.024430356919765472,0.04884309694170952,0.03655504435300827,0.03642694279551506,-0.06607040017843246,-0.011339882388710976,0.0014231370005290955,,,,,,,,,,,,,,,,,,
9.200000000000001,yaw_align,1.2158432006835938,0.8128465414047241,0.336904913187027,1.3737890460905098,0.773216724395752,0.0015687447739765048,-0.001933366758748889,0.6341370344161987,0.29707032442092896,0.07306064665317535,-0.04878140613436699,0.35,0.18,0.0,,,,,,,-0.019710123538970947,0.049867771565914154,0.051274076104164124,0.029972760006785393,-0.062122683972120285,-0.03099522739648819,0.0003389651974430308,,,,,,,,,,,,,,,,,,
9.4,yaw_align,1.215179681777954,0.8657329082489014,0.3378351926803589,1.3679315852911464,0.7750486731529236,-0.005343655589967966,-0.01313184853643179,0.6317426562309265,0.29493796825408936,0.11066478490829468,-0.0344277024269104,0.35,0.18,0.0,,,,,,,-0.03239424526691437,0.056141939014196396,0.03039339929819107,0.044437821954488754,-0.026437725871801376,-0.04426352307200432,0.0006390486814780161,,,,,,,,,,,,,,,,,,
9.48,yaw_align,1.2126041650772095,0.8843996524810791,0.3353840708732605,1.3638471396649074,0.7763616442680359,0.0005593410460278392,-4.349865048425272e-05,0.6302875876426697,0.31612440943717957,0.12434256076812744,0.006496264599263668,0.35,0.18,0.0,,,,,,,-0.022223245352506638,0.0508425198495388,0.03605569526553154,0.04153358191251755,-0.07194320112466812,-0.028310570865869522,0.0011766427705879323,,,,,,,,,,,,,,,,,,
9.68,yaw_align,1.2170188426971436,0.9474104046821594,0.3350261449813843,1.3507150186854278,0.7804790139198303,0.0027063863817602396,0.0015343959676101804,0.6251745223999023,0.27258139848709106,-0.06854614615440369,-0.10499595105648041,0.35,0.0,0.0,,,,,,,0.004413928836584091,0.08771251142024994,0.04520929977297783,-0.0017612800002098083,-0.03147455304861069,-0.04320172965526581,0.000304412649711594,,,,,,,,,,,,,,,,,,
9.88,yaw_align,1.224317193031311,0.9998007416725159,0.33613088726997375,1.3485931995700073,0.7811437249183655,-0.002030500676482916,-0.0005625341436825693,0.6243478655815125,0.30499494075775146,0.0594090074300766,0.03605213761329651,0.35,0.0,0.0,,,,,,,-0.0021400167606770992,0.08284441381692886,0.04861200600862503,0.02107088640332222,-0.03883608058094978,0.00634731026366353,0.0008936269721289136,,,,,,,,,,,,,,,,,,
10.08,yaw_align,1.2311879396438599,1.060213565826416,0.3374982476234436,1.3458346891080897,0.7820056080818176,0.0012690165312960744,0.001623599324375391,0.6232679486274719,0.24698154628276825,-0.021402806043624878,-0.0260060653090477,0.35,0.0,0.0,,,,,,,0.0009937839349731803,0.09521660208702087,0.053939469158649445,0.010919301770627499,-0.02294030226767063,-0.03456473723053932,0.00038439148192992434,,,,,,,,,,,,,,,,,,
10.28,yaw_align,1.2424834966659546,1.0633246898651123,0.34423765540122986,1.3513606493884462,0.7800593972206116,-0.01383832935243845,0.023153115063905716,0.625123918056488,-0.05355759710073471,-0.023154716938734055,0.1044626384973526,0.35,0.0,0.0,,,,,,,0.011867146007716656,0.0678814947605133,0.012717998586595058,0.032679568976163864,-0.024416472762823105,0.01269183773547411,0.00036580745290848427,,,,,,,,,,,,,,,,,,
10.48,yaw_align,1.2397644519805908,1.0478650331497192,0.3343198895454407,1.364421497179045,0.7761774659156799,-0.0013476639287546277,0.004231587052345276,0.6304990649223328,-0.03668283298611641,0.05492722988128662,0.004433601628988981,0.35,0.0,0.0,,,,,,,-0.020871376618742943,0.025270335376262665,0.0384681411087513,0.015319845639169216,-0.044979169964790344,-0.0038515781052410603,0.0002879354042306659,,,,,,,,,,,,,,,,,,
10.68,yaw_align,1.239797592163086,1.0524507761001587,0.33530306816101074,1.3534810318017096,0.7795799970626831,-0.007431200705468655,-9.260817023459822e-05,0.6262587904930115,0.013609692454338074,-0.03912196308374405,-0.03274001181125641,0.0,0.0,0.0,,,,,,,-0.008417944423854351,0.0038867900148034096,0.030007047578692436,0.002631144365295768,-0.013141435571014881,-0.007354181259870529,0.0001842596429924015,,,,,,,,,,,,,,,,,,
9.200000000000001,yaw_align,1.250998616218567,1.033066987991333,0.3395724594593048,1.5985169846324654,0.6972394585609436,0.000263941939920187,0.010320661589503288,0.7167640328407288,0.49787357449531555,0.018252670764923096,0.07920267432928085,0.35,0.0,0.0,,,,,,,-0.005710114724934101,0.07861664891242981,0.02639225870370865,0.04169568046927452,-0.03899241238832474,-0.018264880403876305,0.0006861468427814543,,,,,,,,,,,,,,,,,,
9.4,yaw_align,1.248618483543396,1.1076714992523193,0.3410825729370117,1.6019149442551956,0.6960188746452332,0.0009735306957736611,-0.0020192216616123915,0.7180199027061462,0.2908085584640503,0.04442024230957031,0.07201829552650452,0.35,0.0,0.0,,,,,,,-0.01706450991332531,0.07808778434991837,0.03596106916666031,0.040092628449201584,-0.0064406618475914,-0.024203520268201828,0.0007169810340883487,,,,,,,,,,,,,,,,,,
9.6,yaw_align,1.2420626878738403,1.1695328950881958,0.336492657661438,1.6004066545380766,0.6965530514717102,0.003319256706163287,0.0023271420504897833,0.7174939513206482,0.2659328579902649,-0.012976646423339844,-0.009829488582909107,0.35,0.0,0.0,,,,,,,0.004135406110435724,0.08845745772123337,0.04482875391840935,0.011425561271607876,-0.01632496900856495,-0.03227485343813896,0.0003225645996280946,,,,,,,,,,,,,,,,,,
9.8,yaw_align,1.2471026182174683,1.2130868434906006,0.337174654006958,1.595967730486243,0.6981490850448608,0.0019216712098568678,-0.0025222706608474255,0.7159453630447388,0.22896116971969604,0.010799944400787354,-0.008948927745223045,0.35,0.0,0.0,,,,,,,-0.00867838691920042,0.06743557751178741,0.04560738801956177,0.027686338871717453,0.011533603072166443,-0.022088326513767242,0.0009101327559619676,,,,,,,,,,,,,,,,,,
10.0,yaw_align,1.242875337600708,1.2682961225509644,0.3340788185596466,1.586883988954036,0.7013826966285706,0.004342198837548494,0.005818481091409922,0.7127479314804077,0.32795533537864685,0.01000019907951355,-0.06326496601104736,0.35,0.0,0.0,,,,,,,-0.004665072076022625,0.07260332256555557,0.058664143085479736,0.04462438449263573,-0.019207891076803207,-0.015307093039155006,0.0004081893712282181,,,,,,,,,,,,,,,,,,
10.06,yaw_align,1.241877794265747,1.2810503244400024,0.33464542031288147,1.5844735283368623,0.7022544145584106,0.0008494220674037933,0.006616243161261082,0.7118949294090271,0.3100409209728241,0.024065405130386353,-0.06665463000535965,0.35,0.0,0.0,,,,,,,-0.005085374694317579,0.07053676247596741,0.05898193642497063,0.046041034162044525,-0.010354786179959774,-0.022798793390393257,0.0006153143614255896,,,,,,,,,,,,,,,,,,
10.26,yaw_align,1.23964524269104,1.3323440551757812,0.3360116481781006,1.568513804635246,0.7078790664672852,0.006963451858609915,0.0027006075251847506,0.7062941789627075,0.22595810890197754,-0.02891409397125244,-0.05657501891255379,0.35,0.0,0.0,,,,,,,0.009527069516479969,0.07265671342611313,0.05842223018407822,0.008866362273693085,-0.011503830552101135,-0.03260760381817818,0.0007070300707709976,,,,,,,,,,,,,,,,,,
10.46,yaw_align,1.241036057472229,1.3870822191238403,0.33619987964630127,1.5629514102055757,0.7097972631454468,0.010461661033332348,-0.003463256638497114,0.7043197751045227,0.3856191635131836,0.024085044860839844,0.06233711168169975,0.35,0.18,0.0,,,,,,,0.0034694168716669083,0.05530824512243271,0.03550458326935768,0.012185530737042427,-0.05921357497572899,-0.017472997307777405,0.0011896386050693764,,,,,,,,,,,,,,,,,,
10.66,yaw_align,1.236331582069397,1.4551951885223389,0.33586564660072327,1.5556595091559464,0.7124375700950623,-0.0008009287994354963,0.005569527391344309,0.7017130255699158,0.3018879294395447,0.020326584577560425,-0.022945715114474297,0.35,0.0,0.0,,,,,,,0.0006872703670524061,0.07321376353502274,0.05423542484641075,0.02799273654818535,-0.02555624581873417,-0.04512394964694977,0.0005877000380962727,,,,,,,,,,,,,,,,,,
10.86,yaw_align,1.2430050373077393,1.4586790800094604,0.34733930230140686,1.5649759276329969,0.7089235186576843,-0.018218517303466797,0.026727644726634026,0.7045433521270752,-0.15940454602241516,0.013982459902763367,0.018037933856248856,0.0,0.18,0.0,,,,,,,-0.01545536145567894,0.07943757623434067,0.007978514768183231,0.05737505853176117,-0.08762522786855698,0.0502341166138649,0.00059881730703637,,,,,,,,,,,,,,,,,,
11.06,yaw_align,1.2379209995269775,1.4439579248428345,0.3357776403427124,1.5649075862416177,0.7091055512428284,-0.010642725974321365,0.002753220731392503,0.7050167322158813,-0.005855565890669823,-0.013216757215559483,0.03498077392578125,0.0,0.0,0.0,,,,,,,0.002214987063780427,0.012813618406653404,0.024747053161263466,0.022123191505670547,-0.015013311058282852,-0.00832795724272728,0.000691658008371121,,,,,,,,,,,,,,,,,,
11.26,yaw_align,1.2431261539459229,1.4389885663986206,0.33510324358940125,1.5700161833320767,0.7073422074317932,-0.007544905412942171,0.0044916835613548756,0.7068166732788086,-0.03291488438844681,-0.016810953617095947,0.007787198759615421,0.0,0.0,0.0,,,,,,,-0.00232928479090333,0.013310997746884823,0.018754415214061737,0.012030987069010735,-0.016848908737301826,-0.004959153011441231,0.0004184825229458511,,,,,,,,,,,,,,,,,,
9.0,yaw_align,1.2593621015548706,0.8388951420783997,0.3414786458015442,1.5146879663598758,0.7264453768730164,-0.017419610172510147,0.0046831825748085976,0.6869875192642212,0.46111324429512024,0.042435407638549805,0.13240385055541992,0.35,0.18,0.0,,,,,,,-1.4836408809060231e-05,0.06017134711146355,0.02576192282140255,0.021320821717381477,-0.025121694430708885,-0.01186628732830286,0.000563327397685498,,,,,,,,,,,,,,,,,,
9.200000000000001,yaw_align,1.2404052019119263,0.9152920246124268,0.3348875343799591,1.5162119488049188,0.7261151671409607,0.005910756066441536,0.0009484283509664237,0.6875471472740173,0.3736876845359802,0.13767212629318237,-0.053346630185842514,0.35,0.18,0.0,,,,,,,-0.012982483953237534,0.0538756288588047,0.03583231195807457,0.024707116186618805,-0.1008768305182457,-0.01189080998301506,0.0010667623719200492,,,,,,,,,,,,,,,,,,
9.4,yaw_align,1.2159115076065063,0.9900253415107727,0.33795517683029175,1.5081809244484137,0.728842556476593,0.008555924519896507,-0.0008845069096423686,0.68462735414505,0.3639855682849884,0.12921369075775146,-0.1128043532371521,0.35,0.18,0.0,,,,,,,-0.013919482007622719,0.05213311314582825,0.05627763271331787,0.012277917936444283,-0.10557969659566879,0.006783661432564259,0.0010055054444819689,,,,,,,,,,,,,,,,,,
9.6,yaw_align,1.205367088317871,1.0592137575149536,0.3362544775009155,1.5010725155265119,0.7313026785850525,-0.005377105437219143,0.00023789079568814486,0.6820317506790161,0.3183145821094513,0.01300838589668274,-0.02133781835436821,0.35,0.0,0.0,,,,,,,0.003705924842506647,0.09736333042383194,0.04802544414997101,0.013267052359879017,-0.047214213758707047,-0.04659704864025116,0.0005079701804788783,,,,,,,,,,,,,,,,,,
9.72,yaw_align,1.208961844444275,1.0905574560165405,0.3347656726837158,1.4933565662543462,0.733948290348053,0.0009886672487482429,-0.00191559549421072,0.6792020797729492,0.2810809910297394,-0.03606714308261871,-0.03759157657623291,0.35,0.0,0.0,,,,,,,0.007620587479323149,0.08064619451761246,0.05744457244873047,0.00959549006074667,-0.021529754623770714,-0.03220253065228462,0.0007504033274017274,,,,,,,,,,,,,,,,,,
9.92,yaw_align,1.218345046043396,1.1401562690734863,0.33745092153549194,1.4876299977535081,0.7358382344245911,0.008705442771315575,0.0021179113537073135,0.6770980954170227,0.2996635437011719,-0.022567570209503174,-0.07463105022907257,0.35,0.0,0.0,,,,,,,0.01549557689577341,0.07863499224185944,0.056994229555130005,0.006927611771970987,-0.0456346794962883,-0.024925747886300087,0.0010234642832074314,,,,,,,,,,,,,,,,,,
10.120000000000001,yaw_align,1.2232779264450073,1.2013487815856934,0.33786600828170776,1.4733601359774726,0.7406996488571167,0.0019483764190226793,0.006927465088665485,0.6717978715896606,0.27808234095573425,0.019585132598876953,-0.05747314915060997,0.35,0.0,0.0,,,,,,,-0.0016322031151503325,0.07840695977210999,0.07391585409641266,0.03302190080285072,-0.020665546879172325,-0.016209915280342102,0.0002538570151955355,,,,,,,,,,,,,,,,,,
10.32,yaw_align,1.2254900932312012,1.2439799308776855,0.3395734429359436,1.4575397817682658,0.7459495663642883,0.00806820672005415,0.002391030080616474,0.665949285030365,0.16096483170986176,-0.01616881787776947,-0.13046382367610931,0.35,0.0,0.0,,,,,,,0.007191112730652094,0.0871773436665535,0.07177137583494186,0.0054496838711202145,-0.020046941936016083,-0.022751640528440475,9.149814286502078e-05,,,,,,,,,,,,,,,,,,
10.52,yaw_align,1.2335530519485474,1.265033483505249,0.341145783662796,1.4479541413486068,0.7491686940193176,-0.0017677154392004013,0.01045676413923502,0.6622943878173828,-0.042561665177345276,-0.009013369679450989,0.111339271068573,0.0,0.0,0.0,,,,,,,0.012864720076322556,0.05893564969301224,0.06074109673500061,0.00716868881136179,0.00403545843437314,-0.0032024565152823925,0.00030058034462854266,,,,,,,,,,,,,,,,,,
10.72,yaw_align,1.224534273147583,1.276025652885437,0.3359162509441376,1.4446481227740995,0.750271201133728,0.00011980217095697299,0.000868389499373734,0.6611295938491821,0.22113394737243652,0.061941832304000854,-0.022282017394900322,0.35,0.0,0.0,,,,,,,0.009326540865004063,0.05625314638018608,0.04401026666164398,0.04437901824712753,-0.013069420121610165,-0.01637149788439274,0.00046602293738473577,,,,,,,,,,,,,,,,,,
10.92,yaw_align,1.2259451150894165,1.2819658517837524,0.3347817361354828,1.438542634812257,0.752242922782898,-0.007289403583854437,0.006222516298294067,0.6588162779808044,-0.04320830851793289,-0.00351647287607193,-0.054789889603853226,0.0,0.0,0.0,,,,,,,0.0017608137568458915,0.008752766996622086,0.031903184950351715,0.007420031353831291,-0.0075360676273703575,-0.0015436132671311498,0.0001376306354359258,,,,,,,,,,,,,,,,,,
9.0,yaw_align,1.2535823583602905,0.832198441028595,0.33767247200012207,1.5119612518139538,0.7275937795639038,-0.00277946749702096,0.00034214166225865483,0.6860026121139526,0.4227372407913208,0.1252252459526062,0.0650678277015686,0.35,0.18,0.0,,,,,,,-0.021446112543344498,0.05818625167012215,0.038553182035684586,0.04438662901520729,-0.06183787062764168,-0.005531428847461939,0.0006081752362661064,,,,,,,,,,,,,,,,,,
9.200000000000001,yaw_align,1.2328437566757202,0.9044225811958313,0.3382990062236786,1.5083053358704912,0.7288520336151123,5.029094609199092e-05,-0.0015058644348755479,0.6846697330474854,0.35790127515792847,0.14409315586090088,-0.014280584640800953,0.35,0.18,0.0,,,,,,,-0.03464581072330475,0.05450143292546272,0.042702239006757736,0.057778965681791306,-0.043623726814985275,-0.031031114980578423,0.0011153939412906766,,,,,,,,,,,,,,,,,,
9.4,yaw_align,1.2070245742797852,0.979117214679718,0.3349699378013611,1.496482031967708,0.7328673601150513,0.005096546374261379,-0.003349033184349537,0.6803443431854248,0.3640857934951782,0.13579773902893066,-0.07614663988351822,0.35,0.0,0.0,,,,,,,-0.013942101038992405,0.05649662762880325,0.059629715979099274,0.03683450445532799,-0.06235409900546074,0.005417748354375362,0.0007017196762717504,,,,,,,,,,,,,,,,,,
9.6,yaw_align,1.2030563354492188,1.0425982475280762,0.3323589265346527,1.4886204074205183,0.735551655292511,-0.0020782500505447388,0.0032580106053501368,0.6774576306343079,0.2869546413421631,-0.030290737748146057,-0.039669837802648544,0.35,0.0,0.0,,,,,,,0.0049680545926094055,0.08881840109825134,0.05560864880681038,0.013338576070964336,-0.03709372878074646,-0.03594031557440758,0.0005536404059967026,,,,,,,,,,,,,,,,,,
9.64,yaw_align,1.2040812969207764,1.0481138229370117,0.33266016840934753,1.4882084944295648,0.7356945276260376,-0.0006212606676854193,0.001722532557323575,0.6773110628128052,0.274971604347229,-0.02730688452720642,-0.02147001028060913,0.35,0.0,0.0,,,,,,,0.003266930812969804,0.08365047723054886,0.05776665359735489,0.013209125027060509,-0.022738423198461533,-0.03301457315683365,0.0008352289332265173,,,,,,,,,,,,,,,,,,
9.84,yaw_align,1.2114981412887573,1.1042840480804443,0.33548668026924133,1.4839465594181986,0.7371140718460083,0.005623905919492245,-0.0007591873873025179,0.6757445931434631,0.3383753299713135,-0.00648382306098938,-0.05289094150066376,0.35,0.0,0.0,,,,,,,0.017108788713812828,0.07990103960037231,0.06271667778491974,0.009754981845617294,-0.047948211431503296,-0.02704722248017788,0.0009381825948366895,,,,,,,,,,,,,,,,,,
10.040000000000001,yaw_align,1.2165919542312622,1.1698354482650757,0.33821219205856323,1.4748486466776305,0.7402019500732422,-0.00022204221750143915,0.00479262787848711,0.672367513179779,0.2836725413799286,0.015258640050888062,-0.039486657828092575,0.35,0.0,0.0,,,,,,,-0.0010146128479391336,0.08218485116958618,0.06826985627412796,0.024449901655316353,-0.02164679579436779,-0.021934568881988525,0.000244884406825463,,,,,,,,,,,,,,,,,,
10.24,yaw_align,1.2209933996200562,1.2130783796310425,0.3387029767036438,1.4608602900101162,0.7448408007621765,0.008287450298666954,0.0033170036040246487,0.6671826243400574,0.1648487001657486,-0.0309436172246933,-0.0664602741599083,0.35,0.0,0.0,,,,,,,0.006292552221566439,0.08498162776231766,0.06794771552085876,0.006371546536684036,-0.015550431795418262,-0.030598443001508713,0.0002078706384054385,,,,,,,,,,,,,,,,,,
10.44,yaw_align,1.2319650650024414,1.2352420091629028,0.34015631675720215,1.448991233576443,0.7487078309059143,0.013537021353840828,0.0030745200347155333,0.6627547740936279,0.06990839540958405,-0.029128005728125572,-0.029847966507077217,0.35,0.0,0.0,,,,,,,0.015070516616106033,0.06324660778045654,0.07036560773849487,0.012567615136504173,0.013031162321567535,-0.017410308122634888,0.00011681519572448451,,,,,,,,,,,,,,,,,,
10.64,yaw_align,1.2321274280548096,1.2261842489242554,0.33391913771629333,1.4421083893871576,0.7511083483695984,-0.0013427138328552246,0.0026150557678192854,0.6601724624633789,-0.0110057033598423,0.016856197267770767,-0.019981764256954193,0.35,0.0,0.0,,,,,,,0.004816127475351095,0.025481468066573143,0.038903966546058655,-0.008290896192193031,-0.009890551678836346,0.0021659901831299067,0.0005110486890771426,,,,,,,,,,,,,,,,,,
10.84,yaw_align,1.2296627759933472,1.2174264192581177,0.3337996006011963,1.434713447935223,0.7535454034805298,-0.0008616865379735827,0.0015122431796044111,0.6573936939239502,-0.04128580540418625,-0.0007734112441539764,-0.029334770515561104,0.0,0.0,0.0,,,,,,,-0.010972464457154274,0.011695758439600468,0.021737845614552498,-0.0008709320682100952,0.0003723156114574522,0.0258637648075819,0.00023546154289988408,,,,,,,,,,,,,,,,,,
9.0,yaw_align,1.2535823583602905,0.832198441028595,0.33767247200012207,1.5119612518139538,0.7275937795639038,-0.00277946749702096,0.00034214166225865483,0.6860026121139526,0.4227372407913208,0.1252252459526062,0.0650678277015686,0.35,0.18,0.0,,,,,,,-0.021446112543344498,0.05818625167012215,0.038553182035684586,0.04438662901520729,-0.06183787062764168,-0.005531428847461939,0.0006081752362661064,,,,,,,,,,,,,,,,,,
9.200000000000001,yaw_align,1.2328437566757202,0.9044225811958313,0.3382990062236786,1.5083053358704912,0.7288520336151123,5.029094609199092e-05,-0.0015058644348755479,0.6846697330474854,0.35790127515792847,0.14409315586090088,-0.014280584640800953,0.35,0.18,0.0,,,,,,,-0.03464581072330475,0.05450143292546272,0.042702239006757736,0.057778965681791306,-0.043623726814985275,-0.031031114980578423,0.0011153939412906766,,,,,,,,,,,,,,,,,,
9.4,yaw_align,1.2070245742797852,0.979117214679718,0.3349699378013611,1.496482031967708,0.7328673601150513,0.005096546374261379,-0.003349033184349537,0.6803443431854248,0.3640857934951782,0.13579773902893066,-0.07614663988351822,0.35,0.0,0.0,,,,,,,-0.013942101038992405,0.05649662762880325,0.059629715979099274,0.03683450445532799,-0.06235409900546074,0.005417748354375362,0.0007017196762717504,,,,,,,,,,,,,,,,,,
9.6,yaw_align,1.2030563354492188,1.0425982475280762,0.3323589265346527,1.4886204074205183,0.735551655292511,-0.0020782500505447388,0.0032580106053501368,0.6774576306343079,0.2869546413421631,-0.030290737748146057,-0.039669837802648544,0.35,0.0,0.0,,,,,,,0.0049680545926094055,0.08881840109825134,0.05560864880681038,0.013338576070964336,-0.03709372878074646,-0.03594031557440758,0.0005536404059967026,,,,,,,,,,,,,,,,,,
9.64,yaw_align,1.2040812969207764,1.0481138229370117,0.33266016840934753,1.4882084944295648,0.7356945276260376,-0.0006212606676854193,0.001722532557323575,0.6773110628128052,0.274971604347229,-0.02730688452720642,-0.02147001028060913,0.35,0.0,0.0,,,,,,,0.003266930812969804,0.08365047723054886,0.05776665359735489,0.013209125027060509,-0.022738423198461533,-0.03301457315683365,0.0008352289332265173,,,,,,,,,,,,,,,,,,
9.84,yaw_align,1.2114981412887573,1.1042840480804443,0.33548668026924133,1.4839465594181986,0.7371140718460083,0.005623905919492245,-0.0007591873873025179,0.6757445931434631,0.3383753299713135,-0.00648382306098938,-0.05289094150066376,0.35,0.0,0.0,,,,,,,0.017108788713812828,0.07990103960037231,0.06271667778491974,0.009754981845617294,-0.047948211431503296,-0.02704722248017788,0.0009381825948366895,,,,,,,,,,,,,,,,,,
10.040000000000001,yaw_align,1.2165919542312622,1.1698354482650757,0.33821219205856323,1.4748486466776305,0.7402019500732422,-0.00022204221750143915,0.00479262787848711,0.672367513179779,0.2836725413799286,0.015258640050888062,-0.039486657828092575,0.35,0.0,0.0,,,,,,,-0.0010146128479391336,0.08218485116958618,0.06826985627412796,0.024449901655316353,-0.02164679579436779,-0.021934568881988525,0.000244884406825463,,,,,,,,,,,,,,,,,,
10.24,yaw_align,1.2209933996200562,1.2130783796310425,0.3387029767036438,1.4608602900101162,0.7448408007621765,0.008287450298666954,0.0033170036040246487,0.6671826243400574,0.1648487001657486,-0.0309436172246933,-0.0664602741599083,0.35,0.0,0.0,,,,,,,0.006292552221566439,0.08498162776231766,0.06794771552085876,0.006371546536684036,-0.015550431795418262,-0.030598443001508713,0.0002078706384054385,,,,,,,,,,,,,,,,,,
10.44,yaw_align,1.2319650650024414,1.2352420091629028,0.34015631675720215,1.448991233576443,0.7487078309059143,0.013537021353840828,0.0030745200347155333,0.6627547740936279,0.06990839540958405,-0.029128005728125572,-0.029847966507077217,0.35,0.0,0.0,,,,,,,0.015070516616106033,0.06324660778045654,0.07036560773849487,0.012567615136504173,0.013031162321567535,-0.017410308122634888,0.00011681519572448451,,,,,,,,,,,,,,,,,,
10.64,yaw_align,1.2321274280548096,1.2261842489242554,0.33391913771629333,1.4421083893871576,0.7511083483695984,-0.0013427138328552246,0.0026150557678192854,0.6601724624633789,-0.0110057033598423,0.016856197267770767,-0.019981764256954193,0.35,0.0,0.0,,,,,,,0.004816127475351095,0.025481468066573143,0.038903966546058655,-0.008290896192193031,-0.009890551678836346,0.0021659901831299067,0.0005110486890771426,,,,,,,,,,,,,,,,,,
10.84,yaw_align,1.2296627759933472,1.2174264192581177,0.3337996006011963,1.434713447935223,0.7535454034805298,-0.0008616865379735827,0.0015122431796044111,0.6573936939239502,-0.04128580540418625,-0.0007734112441539764,-0.029334770515561104,0.0,0.0,0.0,,,,,,,-0.010972464457154274,0.011695758439600468,0.021737845614552498,-0.0008709320682100952,0.0003723156114574522,0.0258637648075819,0.00023546154289988408,,,,,,,,,,,,,,,,,,
9.0,yaw_align,1.2618862390518188,0.8528499007225037,0.33645132184028625,1.5123121975536027,0.7274270057678223,-0.007985792122781277,0.011890288442373276,0.6860356330871582,0.5492345094680786,0.07414835691452026,0.07820762693881989,0.35,0.18,0.0,,,,,,,-0.004764236509799957,0.0784439668059349,0.030456040054559708,0.05000506713986397,-0.049384184181690216,-0.01402869913727045,0.0013613014519364697,,,,,,,,,,,,,,,,,,
9.200000000000001,yaw_align,1.2383854389190674,0.9415143728256226,0.33447325229644775,1.512748293439571,0.7273291349411011,0.00018310190353076905,1.3301005310495384e-05,0.6862887740135193,0.3399927318096161,0.12030985951423645,-0.021809130907058716,0.35,0.18,0.0,,,,,,,-0.01834358461201191,0.04767316207289696,0.03464919701218605,0.04079132899641991,-0.0664699599146843,-0.02267705462872982,0.0006176567512738984,,,,,,,,,,,,,,,,,,
9.4,yaw_align,1.2247393131256104,0.9978283047676086,0.33967456221580505,1.5108076241787618,0.7279727458953857,0.005031331442296505,-0.009817502461373806,0.6855173110961914,0.30232909321784973,0.11829817295074463,-0.11905071139335632,0.35,0.18,0.0,,,,,,,-0.031206602230668068,0.06118079274892807,0.037857186049222946,0.04245881363749504,-0.03456456586718559,-0.036636658012866974,0.0006476672642747872,,,,,,,,,,,,,,,,,,
9.6,yaw_align,1.2101330757141113,1.0659778118133545,0.3355502188205719,1.5044603688595048,0.7301511764526367,0.004755506291985512,0.0009314136113971472,0.6832685470581055,0.3481769561767578,0.030262082815170288,0.01874573342502117,0.35,0.0,0.0,,,,,,,-0.005399622023105621,0.07619217783212662,0.04944213479757309,0.03832881897687912,-0.02374546229839325,-0.013345221988856792,0.0013292159510456258,,,,,,,,,,,,,,,,,,
9.78,yaw_align,1.2071115970611572,1.1211971044540405,0.335795521736145,1.5002868562578697,0.7315904498100281,-0.0007902756333351135,0.0021353161428123713,0.6817405819892883,0.3191696107387543,0.0192091166973114,-0.051966141909360886,0.35,0.0,0.0,,,,,,,0.0063255541026592255,0.08892253041267395,0.05409286543726921,0.013187882490456104,-0.04743434488773346,-0.03820264711976051,0.0008404580294154584,,,,,,,,,,,,,,,,,,
9.98,yaw_align,1.2126437425613403,1.1850649118423462,0.3369995355606079,1.489571938942258,0.7352280616760254,-0.002617096761241555,-0.005404782481491566,0.6777932047843933,0.3317646086215973,0.003264874219894409,0.0036737103946506977,0.35,0.0,0.0,,,,,,,-0.0002576063561718911,0.08142178505659103,0.04853908717632294,0.029241660609841347,-0.00827758014202118,-0.032369084656238556,0.0005147239135112613,,,,,,,,,,,,,,,,,,
10.18,yaw_align,1.2183408737182617,1.2504500150680542,0.33764514327049255,1.482552307319473,0.7375940680503845,0.004447778686881065,0.005124001298099756,0.6752103567123413,0.28937485814094543,-0.0017445385456085205,-0.06079757586121559,0.35,0.0,0.0,,,,,,,0.0028642474208027124,0.07851668447256088,0.0580134280025959,0.0303469430655241,-0.019385945051908493,-0.029028257355093956,0.0003004800819326192,,,,,,,,,,,,,,,,,,
10.38,yaw_align,1.225262999534607,1.2926108837127686,0.341312050819397,1.4702675845281976,0.7416780591011047,0.009584150277078152,0.003132009180262685,0.6706803441047668,0.14929814636707306,-0.021593712270259857,-0.052199818193912506,0.35,0.0,0.0,,,,,,,0.010434837080538273,0.07595285028219223,0.06542570888996124,0.014983807690441608,-0.0007810512324795127,-0.025575272738933563,0.00019130799046251923,,,,,,,,,,,,,,,,,,
10.58,yaw_align,1.227926254272461,1.3093663454055786,0.33708488941192627,1.4657798019647605,0.743205726146698,-0.006452043075114489,0.010533998720347881,0.6689489483833313,0.03980642557144165,-0.018701214343309402,-0.12478745728731155,0.0,0.0,0.0,,,,,,,-0.0007004058570601046,0.03691757097840309,0.04179723560810089,0.026455627754330635,-0.018380705267190933,0.021796897053718567,0.00010652962373569608,,,,,,,,,,,,,,,,,,
10.78,yaw_align,1.2239365577697754,1.3111050128936768,0.3362988829612732,1.448027319220338,0.7491476535797119,-0.0024013889487832785,0.003864624071866274,0.6623874306678772,-0.005030294880270958,0.017387518659234047,-0.059141211211681366,0.0,0.0,0.0,,,,,,,0.0018465808825567365,0.003377762855961919,0.027775999158620834,0.008052567951381207,-0.00625920994207263,0.004815054591745138,5.1383113486735965e-05,,,,,,,,,,,,,,,,,,
9.0,yaw_align,1.247937798500061,0.860270619392395,0.3394105136394501,1.5642234237186088,0.7094268202781677,-0.00015376775991171598,0.005046803969889879,0.7047610878944397,0.5806941390037537,0.0598529577255249,0.08568792045116425,0.35,0.18,0.0,,,,,,,-0.01628980040550232,0.07864460349082947,0.031371984630823135,0.036183588206768036,-0.08932629227638245,0.01084218081086874,0.001165315836146874,,,,,,,,,,,,,,,,,,
9.200000000000001,yaw_align,1.2266724109649658,0.9487636089324951,0.3381655812263489,1.5685567986767117,0.7078805565834045,-0.004985598847270012,-0.0014466748107224703,0.7063130736351013,0.36265096068382263,0.07614520192146301,0.03518672659993172,0.35,0.0,0.0,,,,,,,-0.01829930581152439,0.07326444983482361,0.03805600106716156,0.020894363522529602,-0.03386326879262924,-0.00869907345622778,0.00027719056379282847,,,,,,,,,,,,,,,,,,
9.4,yaw_align,1.2197597026824951,1.0163334608078003,0.33592358231544495,1.565755249513101,0.7088751792907715,-0.004078221041709185,-0.004797148983925581,0.7053059339523315,0.31535133719444275,0.026856601238250732,0.02070242166519165,0.35,0.0,0.0,,,,,,,0.0045519061386585236,0.07710401713848114,0.044178307056427,0.0202544666826725,0.0010881503112614155,-0.009325103834271431,0.0004411996778799221,,,,,,,,,,,,,,,,,,
9.6,yaw_align,1.2185927629470825,1.0818109512329102,0.33652132749557495,1.56376858219845,0.7095701694488525,0.004901050589978695,0.0031894196290522814,0.7046105265617371,0.32295575737953186,0.006783485412597656,-0.05164312571287155,0.35,0.0,0.0,,,,,,,0.006448877044022083,0.0803421139717102,0.05512889474630356,0.023936312645673752,-0.03380047157406807,-0.0417763814330101,0.00037574230526615793,,,,,,,,,,,,,,,,,,
9.64,yaw_align,1.218538522720337,1.0880815982818604,0.3374727666378021,1.5628381096509236,0.7098984718322754,0.004826423246413469,0.0033191379625350237,0.7042797207832336,0.3068545162677765,0.0025760233402252197,-0.05532047897577286,0.35,0.0,0.0,,,,,,,0.005122090689837933,0.08155733346939087,0.05555723235011101,0.02390138804912567,-0.029659295454621315,-0.0380137637257576,0.0004010702912928821,,,,,,,,,,,,,,,,,,
9.84,yaw_align,1.2229814529418945,1.13384211063385,0.34176769852638245,1.551377234799772,0.7138717174530029,0.009787538088858128,0.0034689526073634624,0.700199544429779,0.1608794629573822,-0.029978349804878235,-0.054465100169181824,0.35,0.0,0.0,,,,,,,0.008981144055724144,0.07992815226316452,0.06274498254060745,0.01293423492461443,-0.004962913226336241,-0.030795985832810402,0.00021583934722002596,,,,,,,,,,,,,,,,,,
10.040000000000001,yaw_align,1.2249501943588257,1.1613514423370361,0.33909353613853455,1.5472363223049181,0.7153867483139038,-0.0008194465190172195,-0.004742707125842571,0.6987122297286987,0.1851726621389389,0.016647517681121826,-0.08714980632066727,0.35,0.0,0.0,,,,,,,-0.00023513844644185156,0.07781606167554855,0.05002766475081444,0.01677890308201313,-0.01245967298746109,-0.05118349567055702,0.0004170686297584325,,,,,,,,,,,,,,,,,,
10.24,yaw_align,1.2254600524902344,1.2225403785705566,0.33736974000930786,1.5409767406615187,0.7175693511962891,-0.0009147598757408559,0.00706841703504324,0.6964505910873413,0.3160475492477417,0.008325427770614624,-0.03127545118331909,0.35,0.0,0.0,,,,,,,-0.005313226953148842,0.07737597078084946,0.0665845051407814,0.039561159908771515,-0.019948532804846764,-0.013196757063269615,0.00039388380355376285,,,,,,,,,,,,,,,,,,
10.44,yaw_align,1.2254936695098877,1.2718675136566162,0.33926689624786377,1.5310877527910585,0.7209857702255249,0.0053257811814546585,0.001970273442566395,0.6929265856742859,0.18544428050518036,-0.012924030423164368,-0.05249464884400368,0.35,0.0,0.0,,,,,,,0.004574681166559458,0.08791890740394592,0.06987065076828003,0.012916618026793003,-0.014664574526250362,-0.03026076965034008,0.00016111776858451776,,,,,,,,,,,,,,,,,,
10.64,yaw_align,1.23073410987854,1.2693190574645996,0.33685943484306335,1.5287631197625335,0.7217363715171814,-0.010069693438708782,0.006418154109269381,0.6920650601387024,-0.023133374750614166,-0.0008587446063756943,-0.06526931375265121,0.35,0.0,0.0,,,,,,,0.011641811579465866,0.056230928748846054,0.039479006081819534,0.023133456707000732,-0.01608077995479107,-0.026759812608361244,0.0006939652957953513,,,,,,,,,,,,,,,,,,
10.84,yaw_align,1.2311758995056152,1.2604008913040161,0.3351760506629944,1.5261658268533316,0.7227015495300293,-0.0031027679797261953,0.0026181654538959265,0.6911483407020569,-0.0061002448201179504,0.0020889516454190016,0.028986208140850067,0.35,0.0,0.0,,,,,,,0.0023357998579740524,0.036979664117097855,0.039028409868478775,0.004363100044429302,-0.006174804177135229,-0.03579149395227432,0.0005034650966990739,,,,,,,,,,,,,,,,,,
11.040000000000001,yaw_align,1.2313767671585083,1.2527674436569214,0.33411893248558044,1.5274090760831756,0.7222653031349182,-0.004320684354752302,0.003073655301705003,0.6915959119796753,-0.050045713782310486,-0.0051565952599048615,0.017904186621308327,0.0,0.0,0.0,,,,,,,-0.0035672863014042377,0.00860553327947855,0.026603130623698235,0.013202415779232979,-0.000984257785603404,-0.0046956464648246765,0.0004026700207759859,,,,,,,,,,,,,,,,,,
11.24,yaw_align,1.231391191482544,1.2427181005477905,0.33289453387260437,1.52927420084679,0.7216323018074036,-0.0013722967123612761,0.0012745322892442346,0.6922740936279297,-0.028402794152498245,0.0014903508126735687,0.0033344621770083904,0.0,0.0,0.0,,,,,,,-0.00735827861353755,5.175852493266575e-06,0.02092229574918747,0.012004035525023937,8.648457151139155e-05,0.006552595645189285,4.076513414474903e-05,,,,,,,,,,,,,,,,,,
8.8,yaw_align,1.2508214712142944,0.690117359161377,0.34167274832725525,1.5250870778001135,0.7229447960853577,-0.013716167770326138,0.006728888489305973,0.6907368898391724,0.5898979306221008,0.08010751008987427,0.10655379295349121,0.35,0.18,0.0,,,,,,,-0.01759960502386093,0.08091747015714645,0.029072027653455734,0.028226269409060478,-0.053201038390398026,0.026470230892300606,0.0008200840675272048,,,,,,,,,,,,,,,,,,
9.0,yaw_align,1.229378581047058,0.776160717010498,0.3382650315761566,1.5242322732711329,0.7232914566993713,-0.010973713360726833,0.00026106531731784344,0.6904557347297668,0.36234742403030396,0.15992411971092224,-0.06183524429798126,0.35,0.18,0.0,,,,,,,-0.033379629254341125,0.05138446390628815,0.03650891035795212,0.050122249871492386,-0.053009070456027985,-0.0532662533223629,0.000449971754278522,,,,,,,,,,,,,,,,,,
9.200000000000001,yaw_align,1.2199403047561646,0.8480260968208313,0.33790987730026245,1.5254195230460252,0.7229576706886292,-0.0033753488678485155,0.004672075621783733,0.6908683180809021,0.3449987471103668,0.023531049489974976,-0.00827045924961567,0.35,0.0,0.0,,,,,,,-0.0036576164420694113,0.08061115443706512,0.04893317073583603,0.040151361376047134,-0.015224030241370201,-0.031809430569410324,0.00024253518131445162,,,,,,,,,,,,,,,,,,
9.4,yaw_align,1.2247012853622437,0.9115145206451416,0.33606913685798645,1.5126421796617155,0.7273393869400024,0.006156639661639929,0.0020764137152582407,0.6862473487854004,0.3285768926143646,-0.01421162486076355,-0.04201370105147362,0.35,0.0,0.0,,,,,,,-0.004459474701434374,0.07973936945199966,0.05083915963768959,0.02389916218817234,-0.01851162314414978,-0.001068704528734088,0.0009539113234495744,,,,,,,,,,,,,,,,,,
9.46,yaw_align,1.2258230447769165,0.9251301288604736,0.3378434181213379,1.5104768727365485,0.728107213973999,0.0011839334620162845,-0.00023170716303866357,0.6854622960090637,0.34241238236427307,0.0002327561378479004,-0.025495620444417,0.35,0.0,0.0,,,,,,,-0.005770034156739712,0.0800476223230362,0.05110980197787285,0.047075897455215454,-0.007647590711712837,-0.020798150449991226,0.0009979656024370342,,,,,,,,,,,,,,,,,,
9.66,yaw_align,1.2276629209518433,0.9875043630599976,0.3336850702762604,1.4968719466818852,0.7327520847320557,0.001470649498514831,0.005822375882416964,0.6804692149162292,0.30477866530418396,-0.006056725978851318,-0.07066992670297623,0.35,0.0,0.0,,,,,,,0.00456251623108983,0.08143846690654755,0.06295911967754364,0.02161724492907524,-0.03129902109503746,-0.02455664798617363,0.0008880938225956925,,,,,,,,,,,,,,,,,,
9.86,yaw_align,1.2324434518814087,1.048452377319336,0.3345335125923157,1.491311217003838,0.7346370220184326,0.0029979438986629248,0.00025567281409166753,0.6784537434577942,0.34049662947654724,-0.0030548572540283203,-0.03361224755644798,0.35,0.0,0.0,,,,,,,0.016335025429725647,0.08012007176876068,0.060920778661966324,0.0048156436532735825,-0.06270512193441391,-0.009563751518726349,0.0014956652250326385,,,,,,,,,,,,,,,,,,
10.06,yaw_align,1.2362698316574097,1.1142281293869019,0.33813995122909546,1.4842899890257961,0.7370205521583557,0.00018007618200499564,0.00011039189848816022,0.6758703589439392,0.2939722239971161,0.009958148002624512,-0.11422422528266907,0.35,0.0,0.0,,,,,,,0.0065060751512646675,0.08756820112466812,0.06135151907801628,0.01040223240852356,-0.029368657618761063,-0.02245025895535946,0.00036390376903128185,,,,,,,,,,,,,,,,,,
10.26,yaw_align,1.2462352514266968,1.1016528606414795,0.34194403886795044,1.5002052148198854,0.7316114902496338,-0.0015611486742272973,0.013604074716567993,0.681584358215332,-0.1399918794631958,0.0031525790691375732,-0.05939418822526932,0.0,0.18,0.0,,,,,,,-0.026355870068073273,0.05783059075474739,0.014890648424625397,0.04328681528568268,-0.10370078682899475,0.038346823304891586,0.0005267398664727807,,,,,,,,,,,,,,,,,,
10.46,yaw_align,1.2365325689315796,1.1090588569641113,0.34032273292541504,1.4883995746835084,0.7356290817260742,-0.0012561273761093616,0.00031578048947267234,0.6773833632469177,0.23948931694030762,0.01348721981048584,-0.007255177944898605,0.35,0.0,0.0,,,,,,,0.003863826859742403,0.04521994665265083,0.05178041756153107,0.03245193883776665,-0.024638809263706207,-0.021182749420404434,0.0004732284287456423,,,,,,,,,,,,,,,,,,
10.66,yaw_align,1.2445485591888428,1.1183727979660034,0.33267033100128174,1.4892429051868659,0.7353348135948181,-0.0029175211675465107,0.008655443787574768,0.6776424050331116,-0.0449034608900547,-0.01952148601412773,-0.026232361793518066,0.0,0.0,0.0,,,,,,,0.0053430963307619095,0.012540607713162899,0.03184816986322403,0.009091638028621674,0.0030370510648936033,-0.0005436246283352375,0.0006130271940492094,,,,,,,,,,,,,,,,,,
8.8,yaw_align,1.2508214712142944,0.690117359161377,0.34167274832725525,1.5250870778001135,0.7229447960853577,-0.013716167770326138,0.006728888489305973,0.6907368898391724,0.5898979306221008,0.08010751008987427,0.10655379295349121,0.35,0.18,0.0,,,,,,,-0.01759960502386093,0.08091747015714645,0.029072027653455734,0.028226269409060478,-0.053201038390398026,0.026470230892300606,0.0008200840675272048,,,,,,,,,,,,,,,,,,
9.0,yaw_align,1.229378581047058,0.776160717010498,0.3382650315761566,1.5242322732711329,0.7232914566993713,-0.010973713360726833,0.00026106531731784344,0.6904557347297668,0.36234742403030396,0.15992411971092224,-0.06183524429798126,0.35,0.18,0.0,,,,,,,-0.033379629254341125,0.05138446390628815,0.03650891035795212,0.050122249871492386,-0.053009070456027985,-0.0532662533223629,0.000449971754278522,,,,,,,,,,,,,,,,,,
9.200000000000001,yaw_align,1.2199403047561646,0.8480260968208313,0.33790987730026245,1.5254195230460252,0.7229576706886292,-0.0033753488678485155,0.004672075621783733,0.6908683180809021,0.3449987471103668,0.023531049489974976,-0.00827045924961567,0.35,0.0,0.0,,,,,,,-0.0036576164420694113,0.08061115443706512,0.04893317073583603,0.040151361376047134,-0.015224030241370201,-0.031809430569410324,0.00024253518131445162,,,,,,,,,,,,,,,,,,
9.4,yaw_align,1.2247012853622437,0.9115145206451416,0.33606913685798645,1.5126421796617155,0.7273393869400024,0.006156639661639929,0.0020764137152582407,0.6862473487854004,0.3285768926143646,-0.01421162486076355,-0.04201370105147362,0.35,0.0,0.0,,,,,,,-0.004459474701434374,0.07973936945199966,0.05083915963768959,0.02389916218817234,-0.01851162314414978,-0.001068704528734088,0.0009539113234495744,,,,,,,,,,,,,,,,,,
9.46,yaw_align,1.2258230447769165,0.9251301288604736,0.3378434181213379,1.5104768727365485,0.728107213973999,0.0011839334620162845,-0.00023170716303866357,0.6854622960090637,0.34241238236427307,0.0002327561378479004,-0.025495620444417,0.35,0.0,0.0,,,,,,,-0.005770034156739712,0.0800476223230362,0.05110980197787285,0.047075897455215454,-0.007647590711712837,-0.020798150449991226,0.0009979656024370342,,,,,,,,,,,,,,,,,,
9.66,yaw_align,1.2276629209518433,0.9875043630599976,0.3336850702762604,1.4968719466818852,0.7327520847320557,0.001470649498514831,0.005822375882416964,0.6804692149162292,0.30477866530418396,-0.006056725978851318,-0.07066992670297623,0.35,0.0,0.0,,,,,,,0.00456251623108983,0.08143846690654755,0.06295911967754364,0.02161724492907524,-0.03129902109503746,-0.02455664798617363,0.0008880938225956925,,,,,,,,,,,,,,,,,,
9.86,yaw_align,1.2324434518814087,1.048452377319336,0.3345335125923157,1.491311217003838,0.7346370220184326,0.0029979438986629248,0.00025567281409166753,0.6784537434577942,0.34049662947654724,-0.0030548572540283203,-0.03361224755644798,0.35,0.0,0.0,,,,,,,0.016335025429725647,0.08012007176876068,0.060920778661966324,0.0048156436532735825,-0.06270512193441391,-0.009563751518726349,0.0014956652250326385,,,,,,,,,,,,,,,,,,
10.06,yaw_align,1.2362698316574097,1.1142281293869019,0.33813995122909546,1.4842899890257961,0.7370205521583557,0.00018007618200499564,0.00011039189848816022,0.6758703589439392,0.2939722239971161,0.009958148002624512,-0.11422422528266907,0.35,0.0,0.0,,,,,,,0.0065060751512646675,0.08756820112466812,0.06135151907801628,0.01040223240852356,-0.029368657618761063,-0.02245025895535946,0.00036390376903128185,,,,,,,,,,,,,,,,,,
10.26,yaw_align,1.2462352514266968,1.1016528606414795,0.34194403886795044,1.5002052148198854,0.7316114902496338,-0.0015611486742272973,0.013604074716567993,0.681584358215332,-0.1399918794631958,0.0031525790691375732,-0.05939418822526932,0.0,0.18,0.0,,,,,,,-0.026355870068073273,0.05783059075474739,0.014890648424625397,0.04328681528568268,-0.10370078682899475,0.038346823304891586,0.0005267398664727807,,,,,,,,,,,,,,,,,,
10.46,yaw_align,1.2365325689315796,1.1090588569641113,0.34032273292541504,1.4883995746835084,0.7356290817260742,-0.0012561273761093616,0.00031578048947267234,0.6773833632469177,0.23948931694030762,0.01348721981048584,-0.007255177944898605,0.35,0.0,0.0,,,,,,,0.003863826859742403,0.04521994665265083,0.05178041756153107,0.03245193883776665,-0.024638809263706207,-0.021182749420404434,0.0004732284287456423,,,,,,,,,,,,,,,,,,
10.66,yaw_align,1.2445485591888428,1.1183727979660034,0.33267033100128174,1.4892429051868659,0.7353348135948181,-0.0029175211675465107,0.008655443787574768,0.6776424050331116,-0.0449034608900547,-0.01952148601412773,-0.026232361793518066,0.0,0.0,0.0,,,,,,,0.0053430963307619095,0.012540607713162899,0.03184816986322403,0.009091638028621674,0.0030370510648936033,-0.0005436246283352375,0.0006130271940492094,,,,,,,,,,,,,,,,,,
8.6,yaw_align,1.2266845703125,0.6440157890319824,0.3425714373588562,1.50896718287216,0.7286243438720703,-0.0010792658431455493,0.002715939423069358,0.6849074363708496,0.6734439134597778,-0.02076876163482666,0.013821152970194817,0.35,0.18,0.0,,,,,,,-0.009743805043399334,0.09753265976905823,0.0580126978456974,0.020632313564419746,-0.08015089482069016,0.001965366769582033,0.0013097331393510103,,,,,,,,,,,,,,,,,,
8.8,yaw_align,1.2129472494125366,0.7397907972335815,0.3350488245487213,1.518799624767817,0.7252476215362549,0.0015554900746792555,0.0035496167838573456,0.6884772181510925,0.3643580377101898,0.11396604776382446,-0.05208785459399223,0.35,0.18,0.0,,,,,,,-0.013128258287906647,0.05353802442550659,0.02866925671696663,0.017475882545113564,-0.09310120344161987,-0.0012602594215422869,0.0012789002971267394,,,,,,,,,,,,,,,,,,
9.0,yaw_align,1.1918517351150513,0.8122842311859131,0.3381185829639435,1.5166633083726273,0.7259835600852966,-0.0008590139332227409,-0.0047911531291902065,0.6876948475837708,0.349064439535141,0.05665624141693115,0.012654260732233524,0.35,0.0,0.0,,,,,,,-0.003766791895031929,0.0801074430346489,0.05411943793296814,0.02314993366599083,-0.03278900682926178,-0.012528935447335243,0.0005407691933214664,,,,,,,,,,,,,,,,,,
9.200000000000001,yaw_align,1.198424220085144,0.8703218102455139,0.34130212664604187,1.5120234699126394,0.727545976638794,0.006772680673748255,0.0020047910511493683,0.6860226392745972,0.2225329726934433,-0.041501790285110474,-0.014502394944429398,0.35,0.0,0.0,,,,,,,0.0021967487409710884,0.0857531875371933,0.05600052326917648,0.017574941739439964,-0.002664546947926283,-0.01606828346848488,0.000524633046325107,,,,,,,,,,,,,,,,,,
9.42,yaw_align,1.2029335498809814,0.9285061955451965,0.3349524140357971,1.5051644573931324,0.729853630065918,0.009985823184251785,-0.004060843493789434,0.6835184097290039,0.36212316155433655,0.01603931188583374,-0.11439622938632965,0.35,0.0,0.0,,,,,,,0.010561712086200714,0.06739455461502075,0.06207643821835518,0.03364717215299606,-0.020423751324415207,-0.04074229300022125,0.0007788685616105795,,,,,,,,,,,,,,,,,,
9.620000000000001,yaw_align,1.2065709829330444,0.9926595091819763,0.3391211926937103,1.4945128231481648,0.7335553765296936,-5.4744970839237794e-05,0.005684551317244768,0.6796059608459473,0.2510252594947815,-0.01836073398590088,-0.04819241538643837,0.35,0.0,0.0,,,,,,,0.002086045453324914,0.08252081274986267,0.06976116448640823,0.023813631385564804,-0.01671675778925419,-0.02164650708436966,0.00012024257955545181,,,,,,,,,,,,,,,,,,
9.82,yaw_align,1.209387183189392,1.0381728410720825,0.34074291586875916,1.488730347418936,0.7353947758674622,0.013429250568151474,0.006831266917288303,0.6774715781211853,0.2788403034210205,7.343292236328125e-05,-0.020613564178347588,0.35,0.0,0.0,,,,,,,0.013163340277969837,0.07923666387796402,0.0524592287838459,0.0004445636586751789,-0.045007240027189255,-0.025554336607456207,0.0007254539232235402,,,,,,,,,,,,,,,,,,
10.02,yaw_align,1.2082655429840088,1.0921233892440796,0.33819055557250977,1.4759187542369026,0.7398393750190735,0.0020652301609516144,-0.0028090840205550194,0.6727745532989502,0.23616065084934235,0.0006403625011444092,-0.07913968712091446,0.35,0.0,0.0,,,,,,,0.002197741996496916,0.08619298040866852,0.06276112049818039,0.008987635374069214,-0.021529177203774452,-0.024616016075015068,0.0004467160615604371,,,,,,,,,,,,,,,,,,
10.22,yaw_align,1.2194181680679321,1.1135859489440918,0.3449873924255371,1.4810817299959071,0.7378495335578918,-0.017219942063093185,0.024439312517642975,0.674302875995636,-0.1630561351776123,-0.04172356426715851,0.1285000443458557,-0.35,0.18,0.0,,,,,,,-0.011491675861179829,0.09253500401973724,0.018331490457057953,0.06060243025422096,-0.10621590167284012,0.05475468188524246,0.0006330697491350179,,,,,,,,,,,,,,,,,,
10.42,yaw_align,1.2119776010513306,1.0902210474014282,0.3336380124092102,1.475388453302987,0.7400192618370056,-0.0013785180635750294,0.0036627210211008787,0.6725743412971497,0.006695583462715149,0.05561818554997444,-0.018504995852708817,0.35,0.0,0.0,,,,,,,-0.027939291670918465,0.01060023345053196,0.025791069492697716,0.026994355022907257,-0.09092544764280319,-0.021582622081041336,0.000463656906504184,,,,,,,,,,,,,,,,,,
10.620000000000001,yaw_align,1.2168006896972656,1.0913422107696533,0.3337448537349701,1.472967799113811,0.740764856338501,-0.009604941122233868,0.0059364172630012035,0.6716695427894592,0.007620289921760559,-0.042358383536338806,0.0002186622004956007,0.0,0.0,0.0,,,,,,,-0.0003736702201422304,0.0094138840213418,0.017406634986400604,0.006887049879878759,-0.021085500717163086,0.0017388924024999142,0.0001030517178151058,,,,,,,,,,,,,,,,,,
8.6,yaw_align,1.2266845703125,0.6440157890319824,0.3425714373588562,1.50896718287216,0.7286243438720703,-0.0010792658431455493,0.002715939423069358,0.6849074363708496,0.6734439134597778,-0.02076876163482666,0.013821152970194817,0.35,0.18,0.0,,,,,,,-0.009743805043399334,0.09753265976905823,0.0580126978456974,0.020632313564419746,-0.08015089482069016,0.001965366769582033,0.0013097331393510103,,,,,,,,,,,,,,,,,,
8.8,yaw_align,1.2129472494125366,0.7397907972335815,0.3350488245487213,1.518799624767817,0.7252476215362549,0.0015554900746792555,0.0035496167838573456,0.6884772181510925,0.3643580377101898,0.11396604776382446,-0.05208785459399223,0.35,0.18,0.0,,,,,,,-0.013128258287906647,0.05353802442550659,0.02866925671696663,0.017475882545113564,-0.09310120344161987,-0.0012602594215422869,0.0012789002971267394,,,,,,,,,,,,,,,,,,
9.0,yaw_align,1.1918517351150513,0.8122842311859131,0.3381185829639435,1.5166633083726273,0.7259835600852966,-0.0008590139332227409,-0.0047911531291902065,0.6876948475837708,0.349064439535141,0.05665624141693115,0.012654260732233524,0.35,0.0,0.0,,,,,,,-0.003766791895031929,0.0801074430346489,0.05411943793296814,0.02314993366599083,-0.03278900682926178,-0.012528935447335243,0.0005407691933214664,,,,,,,,,,,,,,,,,,
9.200000000000001,yaw_align,1.198424220085144,0.8703218102455139,0.34130212664604187,1.5120234699126394,0.727545976638794,0.006772680673748255,0.0020047910511493683,0.6860226392745972,0.2225329726934433,-0.041501790285110474,-0.014502394944429398,0.35,0.0,0.0,,,,,,,0.0021967487409710884,0.0857531875371933,0.05600052326917648,0.017574941739439964,-0.002664546947926283,-0.01606828346848488,0.000524633046325107,,,,,,,,,,,,,,,,,,
9.42,yaw_align,1.2029335498809814,0.9285061955451965,0.3349524140357971,1.5051644573931324,0.729853630065918,0.009985823184251785,-0.004060843493789434,0.6835184097290039,0.36212316155433655,0.01603931188583374,-0.11439622938632965,0.35,0.0,0.0,,,,,,,0.010561712086200714,0.06739455461502075,0.06207643821835518,0.03364717215299606,-0.020423751324415207,-0.04074229300022125,0.0007788685616105795,,,,,,,,,,,,,,,,,,
9.620000000000001,yaw_align,1.2065709829330444,0.9926595091819763,0.3391211926937103,1.4945128231481648,0.7335553765296936,-5.4744970839237794e-05,0.005684551317244768,0.6796059608459473,0.2510252594947815,-0.01836073398590088,-0.04819241538643837,0.35,0.0,0.0,,,,,,,0.002086045453324914,0.08252081274986267,0.06976116448640823,0.023813631385564804,-0.01671675778925419,-0.02164650708436966,0.00012024257955545181,,,,,,,,,,,,,,,,,,
9.82,yaw_align,1.209387183189392,1.0381728410720825,0.34074291586875916,1.488730347418936,0.7353947758674622,0.013429250568151474,0.006831266917288303,0.6774715781211853,0.2788403034210205,7.343292236328125e-05,-0.020613564178347588,0.35,0.0,0.0,,,,,,,0.013163340277969837,0.07923666387796402,0.0524592287838459,0.0004445636586751789,-0.045007240027189255,-0.025554336607456207,0.0007254539232235402,,,,,,,,,,,,,,,,,,
10.02,yaw_align,1.2082655429840088,1.0921233892440796,0.33819055557250977,1.4759187542369026,0.7398393750190735,0.0020652301609516144,-0.0028090840205550194,0.6727745532989502,0.23616065084934235,0.0006403625011444092,-0.07913968712091446,0.35,0.0,0.0,,,,,,,0.002197741996496916,0.08619298040866852,0.06276112049818039,0.008987635374069214,-0.021529177203774452,-0.024616016075015068,0.0004467160615604371,,,,,,,,,,,,,,,,,,
10.22,yaw_align,1.2194181680679321,1.1135859489440918,0.3449873924255371,1.4810817299959071,0.7378495335578918,-0.017219942063093185,0.024439312517642975,0.674302875995636,-0.1630561351776123,-0.04172356426715851,0.1285000443458557,-0.35,0.18,0.0,,,,,,,-0.011491675861179829,0.09253500401973724,0.018331490457057953,0.06060243025422096,-0.10621590167284012,0.05475468188524246,0.0006330697491350179,,,,,,,,,,,,,,,,,,
10.42,yaw_align,1.2119776010513306,1.0902210474014282,0.3336380124092102,1.475388453302987,0.7400192618370056,-0.0013785180635750294,0.0036627210211008787,0.6725743412971497,0.006695583462715149,0.05561818554997444,-0.018504995852708817,0.35,0.0,0.0,,,,,,,-0.027939291670918465,0.01060023345053196,0.025791069492697716,0.026994355022907257,-0.09092544764280319,-0.021582622081041336,0.000463656906504184,,,,,,,,,,,,,,,,,,
10.620000000000001,yaw_align,1.2168006896972656,1.0913422107696533,0.3337448537349701,1.472967799113811,0.740764856338501,-0.009604941122233868,0.0059364172630012035,0.6716695427894592,0.007620289921760559,-0.042358383536338806,0.0002186622004956007,0.0,0.0,0.0,,,,,,,-0.0003736702201422304,0.0094138840213418,0.017406634986400604,0.006887049879878759,-0.021085500717163086,0.0017388924024999142,0.0001030517178151058,,,,,,,,,,,,,,,,,,
8.6,yaw_align,1.2266845703125,0.6440157890319824,0.3425714373588562,1.50896718287216,0.7286243438720703,-0.0010792658431455493,0.002715939423069358,0.6849074363708496,0.6734439134597778,-0.02076876163482666,0.013821152970194817,0.35,0.18,0.0,,,,,,,-0.009743805043399334,0.09753265976905823,0.0580126978456974,0.020632313564419746,-0.08015089482069016,0.001965366769582033,0.0013097331393510103,,,,,,,,,,,,,,,,,,
8.8,yaw_align,1.2129472494125366,0.7397907972335815,0.3350488245487213,1.518799624767817,0.7252476215362549,0.0015554900746792555,0.0035496167838573456,0.6884772181510925,0.3643580377101898,0.11396604776382446,-0.05208785459399223,0.35,0.18,0.0,,,,,,,-0.013128258287906647,0.05353802442550659,0.02866925671696663,0.017475882545113564,-0.09310120344161987,-0.0012602594215422869,0.0012789002971267394,,,,,,,,,,,,,,,,,,
9.0,yaw_align,1.1918517351150513,0.8122842311859131,0.3381185829639435,1.5166633083726273,0.7259835600852966,-0.0008590139332227409,-0.0047911531291902065,0.6876948475837708,0.349064439535141,0.05665624141693115,0.012654260732233524,0.35,0.0,0.0,,,,,,,-0.003766791895031929,0.0801074430346489,0.05411943793296814,0.02314993366599083,-0.03278900682926178,-0.012528935447335243,0.0005407691933214664,,,,,,,,,,,,,,,,,,
9.200000000000001,yaw_align,1.198424220085144,0.8703218102455139,0.34130212664604187,1.5120234699126394,0.727545976638794,0.006772680673748255,0.0020047910511493683,0.6860226392745972,0.2225329726934433,-0.041501790285110474,-0.014502394944429398,0.35,0.0,0.0,,,,,,,0.0021967487409710884,0.0857531875371933,0.05600052326917648,0.017574941739439964,-0.002664546947926283,-0.01606828346848488,0.000524633046325107,,,,,,,,,,,,,,,,,,
9.42,yaw_align,1.2029335498809814,0.9285061955451965,0.3349524140357971,1.5051644573931324,0.729853630065918,0.009985823184251785,-0.004060843493789434,0.6835184097290039,0.36212316155433655,0.01603931188583374,-0.11439622938632965,0.35,0.0,0.0,,,,,,,0.010561712086200714,0.06739455461502075,0.06207643821835518,0.03364717215299606,-0.020423751324415207,-0.04074229300022125,0.0007788685616105795,,,,,,,,,,,,,,,,,,
9.620000000000001,yaw_align,1.2065709829330444,0.9926595091819763,0.3391211926937103,1.4945128231481648,0.7335553765296936,-5.4744970839237794e-05,0.005684551317244768,0.6796059608459473,0.2510252594947815,-0.01836073398590088,-0.04819241538643837,0.35,0.0,0.0,,,,,,,0.002086045453324914,0.08252081274986267,0.06976116448640823,0.023813631385564804,-0.01671675778925419,-0.02164650708436966,0.00012024257955545181,,,,,,,,,,,,,,,,,,
9.82,yaw_align,1.209387183189392,1.0381728410720825,0.34074291586875916,1.488730347418936,0.7353947758674622,0.013429250568151474,0.006831266917288303,0.6774715781211853,0.2788403034210205,7.343292236328125e-05,-0.020613564178347588,0.35,0.0,0.0,,,,,,,0.013163340277969837,0.07923666387796402,0.0524592287838459,0.0004445636586751789,-0.045007240027189255,-0.025554336607456207,0.0007254539232235402,,,,,,,,,,,,,,,,,,
10.02,yaw_align,1.2082655429840088,1.0921233892440796,0.33819055557250977,1.4759187542369026,0.7398393750190735,0.0020652301609516144,-0.0028090840205550194,0.6727745532989502,0.23616065084934235,0.0006403625011444092,-0.07913968712091446,0.35,0.0,0.0,,,,,,,0.002197741996496916,0.08619298040866852,0.06276112049818039,0.008987635374069214,-0.021529177203774452,-0.024616016075015068,0.0004467160615604371,,,,,,,,,,,,,,,,,,
10.22,yaw_align,1.2194181680679321,1.1135859489440918,0.3449873924255371,1.4810817299959071,0.7378495335578918,-0.017219942063093185,0.024439312517642975,0.674302875995636,-0.1630561351776123,-0.04172356426715851,0.1285000443458557,-0.35,0.18,0.0,,,,,,,-0.011491675861179829,0.09253500401973724,0.018331490457057953,0.06060243025422096,-0.10621590167284012,0.05475468188524246,0.0006330697491350179,,,,,,,,,,,,,,,,,,
10.42,yaw_align,1.2119776010513306,1.0902210474014282,0.3336380124092102,1.475388453302987,0.7400192618370056,-0.0013785180635750294,0.0036627210211008787,0.6725743412971497,0.006695583462715149,0.05561818554997444,-0.018504995852708817,0.35,0.0,0.0,,,,,,,-0.027939291670918465,0.01060023345053196,0.025791069492697716,0.026994355022907257,-0.09092544764280319,-0.021582622081041336,0.000463656906504184,,,,,,,,,,,,,,,,,,
10.620000000000001,yaw_align,1.2168006896972656,1.0913422107696533,0.3337448537349701,1.472967799113811,0.740764856338501,-0.009604941122233868,0.0059364172630012035,0.6716695427894592,0.007620289921760559,-0.042358383536338806,0.0002186622004956007,0.0,0.0,0.0,,,,,,,-0.0003736702201422304,0.0094138840213418,0.017406634986400604,0.006887049879878759,-0.021085500717163086,0.0017388924024999142,0.0001030517178151058,,,,,,,,,,,,,,,,,,
8.6,yaw_align,1.2195682525634766,0.6251206994056702,0.3443847596645355,1.4209048420931272,0.7579243183135986,-0.014000466093420982,0.003335322253406048,0.6521838307380676,0.5127969980239868,0.026832371950149536,0.09028448909521103,0.35,0.18,0.0,,,,,,,-0.015195716172456741,0.07379940152168274,0.010282774455845356,0.0068275053054094315,-0.04675259813666344,0.005853874143213034,0.0007248853798955679,,,,,,,,,,,,,,,,,,
8.8,yaw_align,1.2141033411026,0.7096861600875854,0.33784759044647217,1.4234682899890552,0.7572303414344788,-0.00020614660752471536,0.0008073749486356974,0.6531474590301514,0.3074958324432373,0.02966231107711792,-0.004029266536235809,0.35,0.0,0.0,,,,,,,-0.009617309086024761,0.08581680804491043,0.04460619017481804,0.01735968142747879,-0.022177807986736298,-0.031073734164237976,0.0002610980227473192,,,,,,,,,,,,,,,,,,
9.0,yaw_align,1.22227942943573,0.7627701759338379,0.3395046591758728,1.4164300233663516,0.7595120668411255,0.003062708070501685,-0.0075322100892663,0.6504424810409546,0.2635760009288788,0.07682725787162781,-0.0011979487026110291,0.35,0.0,0.0,,,,,,,-0.017129909247159958,0.0703829750418663,0.045211177319288254,0.029751021414995193,-0.00933081191033125,-0.016290100291371346,0.0005226287808000052,,,,,,,,,,,,,,,,,,
9.200000000000001,yaw_align,1.2209562063217163,0.8228583335876465,0.3350856304168701,1.4140677849944956,0.7602914571762085,0.00030951452208682895,0.0033189943060278893,0.6495736837387085,0.2901344299316406,0.01440306007862091,-0.01652544178068638,0.35,0.0,0.0,,,,,,,0.0037617122288793325,0.08944091945886612,0.05598529800772667,0.021716833114624023,-0.02135447971522808,-0.030576985329389572,0.00027764984406530857,,,,,,,,,,,,,,,,,,
9.36,yaw_align,1.2291675806045532,0.8555940985679626,0.3388024568557739,1.411220422993892,0.7611963152885437,0.005447644740343094,0.0024869295302778482,0.6484940052032471,0.1989450305700302,-0.045811451971530914,-0.008137863129377365,0.35,0.0,0.0,,,,,,,0.0033443120773881674,0.08703204989433289,0.05985439941287041,0.011947930790483952,-0.006258299574255943,-0.0271963719278574,0.00046100636245682836,,,,,,,,,,,,,,,,,,
9.56,yaw_align,1.239391565322876,0.8878753185272217,0.3391987979412079,1.4106670236569716,0.7613942623138428,-0.0011734471190720797,-0.003708344418555498,0.6482776999473572,0.19375266134738922,0.0019579678773880005,-0.11062505096197128,0.35,0.0,0.0,,,,,,,0.00673148175701499,0.07929210364818573,0.05229832977056503,0.011844336986541748,-0.016532722860574722,-0.04818897694349289,0.0004163514240644872,,,,,,,,,,,,,,,,,,
9.76,yaw_align,1.2480576038360596,0.949015736579895,0.33720505237579346,1.402766786555401,0.7639484405517578,0.0009771776385605335,0.00499780522659421,0.6452571153640747,0.3302047848701477,0.012525856494903564,-0.055064503103494644,0.35,0.0,0.0,,,,,,,-0.006455620285123587,0.07523109763860703,0.07014735043048859,0.03736233711242676,-0.0167253240942955,-0.007985866628587246,0.0003800231934292242,,,,,,,,,,,,,,,,,,
9.96,yaw_align,1.2553784847259521,1.0004178285598755,0.33954596519470215,1.3914055420676743,0.7675806879997253,0.005813217256218195,0.0015410099877044559,0.6409240961074829,0.19891376793384552,-0.011513084173202515,-0.05996179208159447,0.35,0.0,0.0,,,,,,,0.004813505802303553,0.08659643679857254,0.07046384364366531,0.013108920305967331,-0.01735713705420494,-0.026464959606528282,0.00020156886967015453,,,,,,,,,,,,,,,,,,
10.16,yaw_align,1.2661226987838745,1.0237263441085815,0.3410035967826843,1.3808339510281393,0.7709650993347168,0.00424944655969739,0.010770301334559917,0.6367722749710083,-0.03457346558570862,-0.02008322812616825,0.11154422909021378,0.0,0.0,0.0,,,,,,,0.009423604235053062,0.0652795135974884,0.06228432431817055,0.0028309407643973827,-0.00340601266361773,-0.006972466129809618,0.00023169922178567504,,,,,,,,,,,,,,,,,,
10.36,yaw_align,1.2590301036834717,1.0397040843963623,0.33726975321769714,1.3704364843856185,0.7742767930030823,-8.005878771655262e-05,0.007366083562374115,0.6328043341636658,0.2580461800098419,0.05775083601474762,-0.05792493373155594,0.35,0.0,0.0,,,,,,,0.007308007683604956,0.059351857751607895,0.049877364188432693,0.04227803647518158,-0.01841641589999199,-0.006365387234836817,0.0007020005048161693,,,,,,,,,,,,,,,,,,
10.56,yaw_align,1.2647920846939087,1.0386297702789307,0.3372594714164734,1.3717157331300336,0.7738643288612366,-0.0019455166766420007,0.009395107626914978,0.6332787275314331,-0.23612888157367706,-0.047702282667160034,-0.0761064663529396,-0.35,0.0,0.0,,,,,,,-0.020936552435159683,0.06576116383075714,0.03017421066761017,0.07734236121177673,-0.10053375363349915,0.08317612111568451,0.00031311166549130576,,,,,,,,,,,,,,,,,,
10.76,yaw_align,1.2654823064804077,1.0330201387405396,0.3328697383403778,1.3549253123970901,0.7791460156440735,0.005473457742482424,0.006945518776774406,0.6267802119255066,0.043823640793561935,0.03403763473033905,-0.040337760001420975,0.0,0.0,0.0,,,,,,,0.002490223618224263,0.0016196143114939332,0.023939980193972588,0.02795557677745819,0.0042807552963495255,0.004593721125274897,0.0003980546025559306,,,,,,,,,,,,,,,,,,
10.96,yaw_align,1.2614867687225342,1.0457332134246826,0.33493685722351074,1.35113464359313,0.7803347110748291,-0.0038150050677359104,0.006932362914085388,0.6253122687339783,0.032094504684209824,0.005081584677100182,-0.017808685079216957,0.0,0.0,0.0,,,,,,,0.005540073849260807,0.022333117201924324,0.021215571090579033,0.02043338119983673,-0.009972263127565384,-0.007891390472650528,0.0008986168686533347,,,,,,,,,,,,,,,,,,
11.16,yaw_align,1.2628977298736572,1.0430030822753906,0.33460864424705505,1.3499271670755855,0.7807169556617737,-0.0024894550442695618,0.008198076859116554,0.624826192855835,-0.03510678932070732,-0.014345420524477959,-0.007362176198512316,0.0,0.0,0.0,,,,,,,0.0035240824799984694,0.009490425698459148,0.017932308837771416,0.012240109965205193,-0.007429974619299173,-0.008654430508613586,4.228774196235463e-05,,,,,,,,,,,,,,,,,,
8.6,yaw_align,1.2204899787902832,0.6316097974777222,0.34371325373649597,1.4414423988236544,0.7510251402854919,-0.019366484135389328,0.016802074387669563,0.6597758531570435,0.5475664734840393,0.023697495460510254,0.10742315649986267,0.35,0.18,0.0,,,,,,,-0.006135313771665096,0.08956283330917358,0.031098563224077225,0.006996351759880781,-0.03208105266094208,0.013596968725323677,0.0006501980424218345,,,,,,,,,,,,,,,,,,
8.8,yaw_align,1.210852026939392,0.7113332748413086,0.33767518401145935,1.4381524207025522,0.7524002194404602,-0.004410313442349434,0.0015719459624961019,0.6586896777153015,0.31531211733818054,0.044684797525405884,0.0544934906065464,0.35,0.0,0.0,,,,,,,0.0016396829159930348,0.08270854502916336,0.04575738683342934,0.0049153706058859825,-0.04696478694677353,-0.016270102933049202,0.0009672703974956676,,,,,,,,,,,,,,,,,,
9.0,yaw_align,1.2132720947265625,0.775503396987915,0.3380856215953827,1.4327996065300495,0.7541715502738953,-0.0021881379652768373,-0.0007293728413060308,0.6566734313964844,0.3003386855125427,0.029858171939849854,-0.03753369674086571,0.35,0.0,0.0,,,,,,,-0.0007999110966920853,0.09009997546672821,0.054353807121515274,0.01288541592657566,-0.030091989785432816,-0.03193053975701332,0.0007109463540473371,,,,,,,,,,,,,,,,,,
9.200000000000001,yaw_align,1.2215518951416016,0.8370365500450134,0.3357846736907959,1.4240104604074593,0.7570398449897766,-0.004509294871240854,-0.0020746232476085424,0.6533500552177429,0.3018939197063446,0.011999934911727905,0.005721830762922764,0.35,0.0,0.0,,,,,,,0.0036593519616872072,0.07253756374120712,0.05539389327168465,0.03525825962424278,-0.007825824432075024,-0.0330483540892601,0.0004321669111959636,,,,,,,,,,,,,,,,,,
9.36,yaw_align,1.227928638458252,0.877090573310852,0.33634841442108154,1.418326720930702,0.7588546276092529,0.008652372285723686,0.00027996106655336916,0.6512024402618408,0.2936391532421112,-0.002822175621986389,-0.0798640102148056,0.35,0.0,0.0,,,,,,,0.006369351409375668,0.07214152812957764,0.053148914128541946,0.02904299646615982,-0.03911931440234184,-0.02416333742439747,0.0008844074473017827,,,,,,,,,,,,,,,,,,
9.56,yaw_align,1.2354722023010254,0.9372711777687073,0.3381595313549042,1.4100005302946714,0.76161128282547,-0.00048152421368286014,0.0009146154043264687,0.6480334997177124,0.2537136673927307,0.011991724371910095,-0.042610641568899155,0.35,0.0,0.0,,,,,,,0.0004490638093557209,0.0855279192328453,0.06906000524759293,0.0174141526222229,-0.02303887903690338,-0.029674284160137177,0.0003002810515013721,,,,,,,,,,,,,,,,,,
9.76,yaw_align,1.2489219903945923,0.9793263673782349,0.3325398564338684,1.3904028936628734,0.7678877711296082,0.007539215497672558,0.0071214293129742146,0.6405006051063538,0.1963752955198288,-0.07887065410614014,-0.07082276046276093,0.35,0.0,0.0,,,,,,,0.011572619900107384,0.07480096817016602,0.056622572243213654,-0.004694742616266012,-0.01103704608976841,-0.037969134747982025,0.0003532847622409463,,,,,,,,,,,,,,,,,,
9.96,yaw_align,1.25278639793396,1.0165979862213135,0.33861255645751953,1.3788050232985343,0.7716215252876282,0.001891107065603137,-0.0041330247186124325,0.6360657215118408,0.28036102652549744,0.08215740323066711,0.04300267994403839,0.35,0.0,0.0,,,,,,,-0.00458495831117034,0.0681382343173027,0.057920604944229126,0.018195953220129013,-0.05814402177929878,0.002889067167416215,0.0008790524952928536,,,,,,,,,,,,,,,,,,
10.16,yaw_align,1.253013253211975,1.0721912384033203,0.33727943897247314,1.378053253033445,0.7717615962028503,-0.010788786225020885,0.010690136812627316,0.6357306838035583,0.06595500558614731,-0.05006540194153786,0.13423319160938263,-0.35,0.0,0.0,,,,,,,-0.000779511930886656,0.09285486489534378,0.04582551494240761,0.04146146401762962,-0.05757983773946762,-0.006704839877784252,0.0004891847493126988,,,,,,,,,,,,,,,,,,
10.36,yaw_align,1.2596288919448853,1.0510751008987427,0.33432456851005554,1.3808809225900995,0.7709610462188721,0.002658204175531864,0.0005859985831193626,0.6368767619132996,-0.09498590230941772,-0.035979583859443665,-0.10219622403383255,0.35,0.0,0.0,,,,,,,-0.014075702987611294,0.049800772219896317,0.018399804830551147,0.05271222069859505,-0.05480773374438286,0.03763476759195328,0.0003926515646526241,,,,,,,,,,,,,,,,,,
10.56,yaw_align,1.2618407011032104,1.0529208183288574,0.3340069651603699,1.363843743114781,0.7763600945472717,0.0018506628694012761,0.00425565242767334,0.630272626876831,0.01381317712366581,0.018190383911132812,-0.009047030471265316,0.0,0.0,0.0,,,,,,,-0.004084258805960417,6.125925665401155e-06,0.01648760959506035,0.01744575798511505,0.004688747692853212,0.0071005746722221375,0.00022265929214881908,,,,,,,,,,,,,,,,,,
8.6,yaw_align,1.2204899787902832,0.6316097974777222,0.34371325373649597,1.4414423988236544,0.7510251402854919,-0.019366484135389328,0.016802074387669563,0.6597758531570435,0.5475664734840393,0.023697495460510254,0.10742315649986267,0.35,0.18,0.0,,,,,,,-0.006135313771665096,0.08956283330917358,0.031098563224077225,0.006996351759880781,-0.03208105266094208,0.013596968725323677,0.0006501980424218345,,,,,,,,,,,,,,,,,,
8.8,yaw_align,1.210852026939392,0.7113332748413086,0.33767518401145935,1.4381524207025522,0.7524002194404602,-0.004410313442349434,0.0015719459624961019,0.6586896777153015,0.31531211733818054,0.044684797525405884,0.0544934906065464,0.35,0.0,0.0,,,,,,,0.0016396829159930348,0.08270854502916336,0.04575738683342934,0.0049153706058859825,-0.04696478694677353,-0.016270102933049202,0.0009672703974956676,,,,,,,,,,,,,,,,,,
9.0,yaw_align,1.2132720947265625,0.775503396987915,0.3380856215953827,1.4327996065300495,0.7541715502738953,-0.0021881379652768373,-0.0007293728413060308,0.6566734313964844,0.3003386855125427,0.029858171939849854,-0.03753369674086571,0.35,0.0,0.0,,,,,,,-0.0007999110966920853,0.09009997546672821,0.054353807121515274,0.01288541592657566,-0.030091989785432816,-0.03193053975701332,0.0007109463540473371,,,,,,,,,,,,,,,,,,
9.200000000000001,yaw_align,1.2215518951416016,0.8370365500450134,0.3357846736907959,1.4240104604074593,0.7570398449897766,-0.004509294871240854,-0.0020746232476085424,0.6533500552177429,0.3018939197063446,0.011999934911727905,0.005721830762922764,0.35,0.0,0.0,,,,,,,0.0036593519616872072,0.07253756374120712,0.05539389327168465,0.03525825962424278,-0.007825824432075024,-0.0330483540892601,0.0004321669111959636,,,,,,,,,,,,,,,,,,
9.36,yaw_align,1.227928638458252,0.877090573310852,0.33634841442108154,1.418326720930702,0.7588546276092529,0.008652372285723686,0.00027996106655336916,0.6512024402618408,0.2936391532421112,-0.002822175621986389,-0.0798640102148056,0.35,0.0,0.0,,,,,,,0.006369351409375668,0.07214152812957764,0.053148914128541946,0.02904299646615982,-0.03911931440234184,-0.02416333742439747,0.0008844074473017827,,,,,,,,,,,,,,,,,,
9.56,yaw_align,1.2354722023010254,0.9372711777687073,0.3381595313549042,1.4100005302946714,0.76161128282547,-0.00048152421368286014,0.0009146154043264687,0.6480334997177124,0.2537136673927307,0.011991724371910095,-0.042610641568899155,0.35,0.0,0.0,,,,,,,0.0004490638093557209,0.0855279192328453,0.06906000524759293,0.0174141526222229,-0.02303887903690338,-0.029674284160137177,0.0003002810515013721,,,,,,,,,,,,,,,,,,
9.76,yaw_align,1.2489219903945923,0.9793263673782349,0.3325398564338684,1.3904028936628734,0.7678877711296082,0.007539215497672558,0.0071214293129742146,0.6405006051063538,0.1963752955198288,-0.07887065410614014,-0.07082276046276093,0.35,0.0,0.0,,,,,,,0.011572619900107384,0.07480096817016602,0.056622572243213654,-0.004694742616266012,-0.01103704608976841,-0.037969134747982025,0.0003532847622409463,,,,,,,,,,,,,,,,,,
9.96,yaw_align,1.25278639793396,1.0165979862213135,0.33861255645751953,1.3788050232985343,0.7716215252876282,0.001891107065603137,-0.0041330247186124325,0.6360657215118408,0.28036102652549744,0.08215740323066711,0.04300267994403839,0.35,0.0,0.0,,,,,,,-0.00458495831117034,0.0681382343173027,0.057920604944229126,0.018195953220129013,-0.05814402177929878,0.002889067167416215,0.0008790524952928536,,,,,,,,,,,,,,,,,,
10.16,yaw_align,1.253013253211975,1.0721912384033203,0.33727943897247314,1.378053253033445,0.7717615962028503,-0.010788786225020885,0.010690136812627316,0.6357306838035583,0.06595500558614731,-0.05006540194153786,0.13423319160938263,-0.35,0.0,0.0,,,,,,,-0.000779511930886656,0.09285486489534378,0.04582551494240761,0.04146146401762962,-0.05757983773946762,-0.006704839877784252,0.0004891847493126988,,,,,,,,,,,,,,,,,,
10.36,yaw_align,1.2596288919448853,1.0510751008987427,0.33432456851005554,1.3808809225900995,0.7709610462188721,0.002658204175531864,0.0005859985831193626,0.6368767619132996,-0.09498590230941772,-0.035979583859443665,-0.10219622403383255,0.35,0.0,0.0,,,,,,,-0.014075702987611294,0.049800772219896317,0.018399804830551147,0.05271222069859505,-0.05480773374438286,0.03763476759195328,0.0003926515646526241,,,,,,,,,,,,,,,,,,
10.56,yaw_align,1.2618407011032104,1.0529208183288574,0.3340069651603699,1.363843743114781,0.7763600945472717,0.0018506628694012761,0.00425565242767334,0.630272626876831,0.01381317712366581,0.018190383911132812,-0.009047030471265316,0.0,0.0,0.0,,,,,,,-0.004084258805960417,6.125925665401155e-06,0.01648760959506035,0.01744575798511505,0.004688747692853212,0.0071005746722221375,0.00022265929214881908,,,,,,,,,,,,,,,,,,
8.6,yaw_align,1.22889244556427,0.6463626623153687,0.3455313742160797,1.539329642171019,0.7181349396705627,0.0034317891113460064,-0.005638320464640856,0.6958726644515991,0.7637839317321777,-0.11123716831207275,0.26479220390319824,0.35,0.0,0.0,,,,,,,-0.01064874418079853,0.09468241035938263,0.0676145926117897,-0.00044466834515333176,-0.07034991681575775,-0.006678947247564793,0.0011775365564972162,,,,,,,,,,,,,,,,,,
8.8,yaw_align,1.2415060997009277,0.7529496550559998,0.333594411611557,1.551928391611466,0.7137446999549866,0.001355860847979784,0.0074761672876775265,0.7003649473190308,0.3804929554462433,-0.05020144581794739,-0.07516912370920181,0.35,0.0,0.0,,,,,,,0.011037132702767849,0.09413119405508041,0.029024885967373848,-0.006889351177960634,-0.04305986687541008,-0.028908828273415565,0.0006453065116147627,,,,,,,,,,,,,,,,,,
9.0,yaw_align,1.2473844289779663,0.8205046653747559,0.3379038870334625,1.545959153026133,0.7158332467079163,-0.0004231230414006859,-0.001325706485658884,0.6982699632644653,0.28998368978500366,0.005868852138519287,-0.057142600417137146,0.35,0.0,0.0,,,,,,,0.0019891702104359865,0.08650919795036316,0.05397127941250801,0.013871327042579651,-0.03145073354244232,-0.02578372322022915,0.0005812545314256568,,,,,,,,,,,,,,,,,,
9.200000000000001,yaw_align,1.2501081228256226,0.882577657699585,0.33578425645828247,1.5388283908978233,0.718309760093689,-0.003473464399576187,0.000755685439798981,0.6957143545150757,0.3211280405521393,0.018656998872756958,-0.06459081172943115,0.35,0.0,0.0,,,,,,,0.0004412261478137225,0.0734836608171463,0.05190584808588028,0.03374343365430832,-0.005810858681797981,-0.04005108401179314,0.000495778163895011,,,,,,,,,,,,,,,,,,
9.42,yaw_align,1.2499053478240967,0.948300838470459,0.33653077483177185,1.5312756247481252,0.7209374308586121,0.0020791799761354923,0.004214206710457802,0.6929842233657837,0.3607744574546814,0.012983739376068115,-0.05653095245361328,0.35,0.0,0.0,,,,,,,-0.0038458763156086206,0.07889585942029953,0.05773703753948212,0.03901084512472153,-0.00918077677488327,-0.012137680314481258,0.0006704337338305777,,,,,,,,,,,,,,,,,,
9.620000000000001,yaw_align,1.249306321144104,1.0093567371368408,0.3362603485584259,1.517391267050196,0.7257256507873535,0.0035023195669054985,0.004081910476088524,0.6879633069038391,0.2801067531108856,-0.013468056917190552,-0.09330511093139648,0.35,0.0,0.0,,,,,,,0.009080019779503345,0.08970870822668076,0.06171094626188278,0.004472740925848484,-0.0504029281437397,-0.02112680859863758,0.0007997631449825349,,,,,,,,,,,,,,,,,,
9.82,yaw_align,1.2532378435134888,1.0681734085083008,0.33563852310180664,1.507878754847063,0.7289915680885315,0.00278729316778481,-0.004141448065638542,0.6845044493675232,0.32491177320480347,-0.00486302375793457,0.017915280535817146,0.35,0.0,0.0,,,,,,,0.010096916928887367,0.07814449816942215,0.05506349727511406,0.004751582629978657,-0.04579417034983635,-0.01797463558614254,0.0010980256804486999,,,,,,,,,,,,,,,,,,
10.02,yaw_align,1.256138563156128,1.1354081630706787,0.3360760509967804,1.5046987012888666,0.7300707101821899,-0.004341496620327234,0.004625899251550436,0.6833421587944031,0.3322031795978546,0.036561518907547,-0.022594662383198738,0.35,0.0,0.0,,,,,,,-0.005068494938313961,0.06754056364297867,0.04797201603651047,0.03452497348189354,-0.0049961223267018795,-0.02865222655236721,0.00039900135618609056,,,,,,,,,,,,,,,,,,
10.22,yaw_align,1.2611215114593506,1.14430832862854,0.3323644995689392,1.498670797864475,0.7321341633796692,-0.0029340293258428574,0.005510594230145216,0.6811319589614868,-0.045003246515989304,-0.01969824731349945,-0.032484088093042374,0.0,0.0,0.0,,,,,,,-0.003070070408284664,0.023596398532390594,0.02933335304260254,0.006035914644598961,0.005780084058642387,0.010402737185359001,0.0009239491650987475,,,,,,,,,,,,,,,,,,
10.42,yaw_align,1.2592350244522095,1.1357693672180176,0.3332098126411438,1.494882165479173,0.7334292531013489,0.001365780015476048,0.00382018368691206,0.6797536611557007,-0.019054707139730453,0.010931573808193207,-0.021963879466056824,0.0,0.0,0.0,,,,,,,-0.0063112531788647175,0.007166374009102583,0.01615743897855282,0.013070166110992432,0.014292844571173191,0.020583797246217728,0.00017679140883331002,,,,,,,,,,,,,,,,,,
8.6,yaw_align,1.2291498184204102,0.6498993635177612,0.3468351364135742,1.5358969401746776,0.7193156480789185,0.005326967686414719,-0.007463009562343359,0.6946229338645935,0.7995255589485168,-0.08287769556045532,0.2034001648426056,0.35,0.18,0.0,,,,,,,-0.012996887788176537,0.09056146442890167,0.06725791841745377,-0.00520000234246254,-0.07785166054964066,-0.014187052845954895,0.0017071443144232035,,,,,,,,,,,,,,,,,,
8.8,yaw_align,1.2199584245681763,0.7611995339393616,0.33840546011924744,1.5503700116860861,0.7141477465629578,-0.014211896806955338,0.004583253990858793,0.6998357772827148,0.39971667528152466,0.13671496510505676,-0.002451432403177023,0.35,0.18,0.0,,,,,,,-0.024125656113028526,0.06362531334161758,0.020234938710927963,0.033524900674819946,-0.06490246206521988,-0.037203218787908554,0.0013937303316353677,,,,,,,,,,,,,,,,,,
9.0,yaw_align,1.1990957260131836,0.8343509435653687,0.33732253313064575,1.5443983723744379,0.7163552045822144,-0.005692458711564541,-0.0009406502358615398,0.6977119445800781,0.32985854148864746,0.0675291121006012,-0.0204237699508667,0.35,0.0,0.0,,,,,,,-0.0037830686196684837,0.0819770097732544,0.047126222401857376,0.01830153353512287,-0.035958535969257355,-0.034383684396743774,0.0005349151906557381,,,,,,,,,,,,,,,,,,
9.200000000000001,yaw_align,1.1995171308517456,0.8985075354576111,0.3346143364906311,1.5317251821721336,0.7207813858985901,0.002174612833186984,-0.00037817421252839267,0.6931589841842651,0.29817429184913635,-0.021398305892944336,0.003660721005871892,0.35,0.0,0.0,,,,,,,0.003270193003118038,0.07970166206359863,0.05375135317444801,0.02227063477039337,-0.021803053095936775,-0.02001775987446308,0.0007693137631576974,,,,,,,,,,,,,,,,,,
9.38,yaw_align,1.2025344371795654,0.9474126100540161,0.3353886008262634,1.5266561168769999,0.7225370407104492,0.0018375428626313806,0.0026715679559856653,0.691324770450592,0.31949979066848755,0.007807135581970215,-0.057476554065942764,0.35,0.0,0.0,,,,,,,0.008940422907471657,0.0835842490196228,0.05839862674474716,0.02321149967610836,-0.04826384782791138,-0.031148947775363922,0.0008395666081923991,,,,,,,,,,,,,,,,,,
9.58,yaw_align,1.204074740409851,0.999979555606842,0.34000954031944275,1.515886401917392,0.7262226343154907,0.006452462170273066,0.00279215001501143,0.6874237060546875,0.19649310410022736,-0.03437189757823944,-0.06965389847755432,0.35,0.0,0.0,,,,,,,0.006703812628984451,0.08677732944488525,0.06230046600103378,0.01126261055469513,-0.012147950008511543,-0.029304560273885727,0.00028996836772421375,,,,,,,,,,,,,,,,,,
9.78,yaw_align,1.2058817148208618,1.0351155996322632,0.34292903542518616,1.509269840368258,0.7285215258598328,6.228472921065986e-05,-0.003138404805213213,0.6850157976150513,0.17568829655647278,0.06130816042423248,-0.05364716053009033,0.35,0.0,0.0,,,,,,,-0.008748848922550678,0.08060449361801147,0.06157968193292618,0.024975018575787544,-0.02062317542731762,-0.025056378915905952,0.0002989109998452477,,,,,,,,,,,,,,,,,,
9.98,yaw_align,1.203826904296875,1.0917786359786987,0.3390100598335266,1.498790420142621,0.7320986986160278,0.0016840740572661161,0.005355452187359333,0.6811754703521729,0.2727859318256378,-0.017016321420669556,-0.028876906260848045,0.35,0.0,0.0,,,,,,,0.0015245801769196987,0.08140556514263153,0.061712596565485,0.036199431866407394,-0.014841138385236263,-0.02752036042511463,0.00018253221060149372,,,,,,,,,,,,,,,,,,
10.18,yaw_align,1.210567831993103,1.1332789659500122,0.3414139449596405,1.4861851909001866,0.736310601234436,0.009994281455874443,0.0025874455459415913,0.6765649914741516,0.1561499834060669,-0.019164301455020905,-0.07551261782646179,0.35,0.0,0.0,,,,,,,0.010156036354601383,0.07811547070741653,0.06379087269306183,0.013286684639751911,-0.007827251218259335,-0.029064835980534554,6.11989746062136e-05,,,,,,,,,,,,,,,,,,
10.38,yaw_align,1.2105307579040527,1.1325478553771973,0.33410629630088806,1.4951388760299722,0.7333045601844788,-0.006963420659303665,0.008131085895001888,0.6798160672187805,-0.04277344048023224,0.009906280785799026,0.04166200011968613,0.0,0.0,0.0,,,,,,,0.001754560973495245,0.01605870947241783,0.007708803750574589,0.005380223039537668,-0.0015355872455984354,0.011910077184438705,0.00045850301103200763,,,,,,,,,,,,,,,,,,
8.6,yaw_align,1.2291498184204102,0.6498993635177612,0.3468351364135742,1.5358969401746776,0.7193156480789185,0.005326967686414719,-0.007463009562343359,0.6946229338645935,0.7995255589485168,-0.08287769556045532,0.2034001648426056,0.35,0.18,0.0,,,,,,,-0.012996887788176537,0.09056146442890167,0.06725791841745377,-0.00520000234246254,-0.07785166054964066,-0.014187052845954895,0.0017071443144232035,,,,,,,,,,,,,,,,,,
8.8,yaw_align,1.2199584245681763,0.7611995339393616,0.33840546011924744,1.5503700116860861,0.7141477465629578,-0.014211896806955338,0.004583253990858793,0.6998357772827148,0.39971667528152466,0.13671496510505676,-0.002451432403177023,0.35,0.18,0.0,,,,,,,-0.024125656113028526,0.06362531334161758,0.020234938710927963,0.033524900674819946,-0.06490246206521988,-0.037203218787908554,0.0013937303316353677,,,,,,,,,,,,,,,,,,
9.0,yaw_align,1.1990957260131836,0.8343509435653687,0.33732253313064575,1.5443983723744379,0.7163552045822144,-0.005692458711564541,-0.0009406502358615398,0.6977119445800781,0.32985854148864746,0.0675291121006012,-0.0204237699508667,0.35,0.0,0.0,,,,,,,-0.0037830686196684837,0.0819770097732544,0.047126222401857376,0.01830153353512287,-0.035958535969257355,-0.034383684396743774,0.0005349151906557381,,,,,,,,,,,,,,,,,,
9.200000000000001,yaw_align,1.1995171308517456,0.8985075354576111,0.3346143364906311,1.5317251821721336,0.7207813858985901,0.002174612833186984,-0.00037817421252839267,0.6931589841842651,0.29817429184913635,-0.021398305892944336,0.003660721005871892,0.35,0.0,0.0,,,,,,,0.003270193003118038,0.07970166206359863,0.05375135317444801,0.02227063477039337,-0.021803053095936775,-0.02001775987446308,0.0007693137631576974,,,,,,,,,,,,,,,,,,
9.38,yaw_align,1.2025344371795654,0.9474126100540161,0.3353886008262634,1.5266561168769999,0.7225370407104492,0.0018375428626313806,0.0026715679559856653,0.691324770450592,0.31949979066848755,0.007807135581970215,-0.057476554065942764,0.35,0.0,0.0,,,,,,,0.008940422907471657,0.0835842490196228,0.05839862674474716,0.02321149967610836,-0.04826384782791138,-0.031148947775363922,0.0008395666081923991,,,,,,,,,,,,,,,,,,
9.58,yaw_align,1.204074740409851,0.999979555606842,0.34000954031944275,1.515886401917392,0.7262226343154907,0.006452462170273066,0.00279215001501143,0.6874237060546875,0.19649310410022736,-0.03437189757823944,-0.06965389847755432,0.35,0.0,0.0,,,,,,,0.006703812628984451,0.08677732944488525,0.06230046600103378,0.01126261055469513,-0.012147950008511543,-0.029304560273885727,0.00028996836772421375,,,,,,,,,,,,,,,,,,
9.78,yaw_align,1.2058817148208618,1.0351155996322632,0.34292903542518616,1.509269840368258,0.7285215258598328,6.228472921065986e-05,-0.003138404805213213,0.6850157976150513,0.17568829655647278,0.06130816042423248,-0.05364716053009033,0.35,0.0,0.0,,,,,,,-0.008748848922550678,0.08060449361801147,0.06157968193292618,0.024975018575787544,-0.02062317542731762,-0.025056378915905952,0.0002989109998452477,,,,,,,,,,,,,,,,,,
9.98,yaw_align,1.203826904296875,1.0917786359786987,0.3390100598335266,1.498790420142621,0.7320986986160278,0.0016840740572661161,0.005355452187359333,0.6811754703521729,0.2727859318256378,-0.017016321420669556,-0.028876906260848045,0.35,0.0,0.0,,,,,,,0.0015245801769196987,0.08140556514263153,0.061712596565485,0.036199431866407394,-0.014841138385236263,-0.02752036042511463,0.00018253221060149372,,,,,,,,,,,,,,,,,,
10.18,yaw_align,1.210567831993103,1.1332789659500122,0.3414139449596405,1.4861851909001866,0.736310601234436,0.009994281455874443,0.0025874455459415913,0.6765649914741516,0.1561499834060669,-0.019164301455020905,-0.07551261782646179,0.35,0.0,0.0,,,,,,,0.010156036354601383,0.07811547070741653,0.06379087269306183,0.013286684639751911,-0.007827251218259335,-0.029064835980534554,6.11989746062136e-05,,,,,,,,,,,,,,,,,,
10.38,yaw_align,1.2105307579040527,1.1325478553771973,0.33410629630088806,1.4951388760299722,0.7333045601844788,-0.006963420659303665,0.008131085895001888,0.6798160672187805,-0.04277344048023224,0.009906280785799026,0.04166200011968613,0.0,0.0,0.0,,,,,,,0.001754560973495245,0.01605870947241783,0.007708803750574589,0.005380223039537668,-0.0015355872455984354,0.011910077184438705,0.00045850301103200763,,,,,,,,,,,,,,,,,,
9.0,yaw_align,1.2227479219436646,0.9267374277114868,0.3392431139945984,1.6356492511464482,0.6836097836494446,-0.017379922792315483,0.011878219433128834,0.7295441031455994,0.3550642132759094,-0.017329156398773193,-0.031025581061840057,0.35,0.18,0.0,,,,,,,-0.005052441265434027,0.06981972604990005,0.05654338002204895,0.01811552420258522,-0.05780843645334244,0.0011638614814728498,0.0005066965386504307,,,,,,,,,,,,,,,,,,
9.200000000000001,yaw_align,1.2217261791229248,0.974169909954071,0.3353245258331299,1.6101917836501876,0.6930646300315857,-0.0030100068543106318,0.042937375605106354,0.719589352607727,0.15917682647705078,-0.04592931270599365,-0.17629507184028625,0.35,0.18,0.0,,,,,,,0.02172490581870079,0.052895013242959976,0.037918612360954285,-0.01861613243818283,-0.024688389152288437,-0.04621401056647301,0.00012727416105917655,,,,,,,,,,,,,,,,,,
9.4,yaw_align,1.2240254878997803,1.0031931400299072,0.3396088480949402,1.585799336580279,0.7017378807067871,-0.007988961413502693,0.00321758515201509,0.7123832702636719,0.2466881275177002,0.07259364426136017,0.03228865936398506,0.35,0.18,0.0,,,,,,,-0.0006627654074691236,0.031877078115940094,0.032890722155570984,-0.005117348860949278,-0.003404185874387622,-0.005299533251672983,0.0006544538919115439,,,,,,,,,,,,,,,,,,
9.6,yaw_align,1.192747950553894,1.068726658821106,0.34148553013801575,1.5782474272793103,0.7044650316238403,-0.0018824341241270304,0.0025385667104274035,0.7097316384315491,0.3081877827644348,0.12154459953308105,0.002745800418779254,0.35,0.0,0.0,,,,,,,-0.034203045070171356,0.05017409473657608,0.05989452078938484,0.036938708275556564,-0.04821466654539108,-0.011003238148987293,0.0001318822751272819,,,,,,,,,,,,,,,,,,
9.8,yaw_align,1.1877093315124512,1.1207460165023804,0.3395560383796692,1.5681764138187042,0.7080279588699341,0.0025256676599383354,0.0015532387187704444,0.7061781883239746,0.2069469690322876,-0.054353728890419006,-0.039805129170417786,0.35,0.0,0.0,,,,,,,0.004316701553761959,0.0910077914595604,0.06146078556776047,0.01188519224524498,-0.014536387287080288,-0.027272919192910194,0.00023143058933783323,,,,,,,,,,,,,,,,,,
9.96,yaw_align,1.1951918601989746,1.1477162837982178,0.3418627679347992,1.564086802466561,0.7094596028327942,0.004617053549736738,-0.007302107755094767,0.7046931385993958,0.2572433650493622,-0.010486245155334473,-0.04362895339727402,0.35,0.18,0.0,,,,,,,-0.011671749874949455,0.07610169798135757,0.04561328887939453,0.049281079322099686,-0.009572543203830719,-0.02425609901547432,0.00036304206878412515,,,,,,,,,,,,,,,,,,
10.16,yaw_align,1.1896106004714966,1.2106151580810547,0.3361150324344635,1.5597500002182472,0.7109841108322144,0.004973315633833408,0.004122852813452482,0.7031784653663635,0.3271113634109497,0.008270978927612305,-0.018290335312485695,0.35,0.0,0.0,,,,,,,-0.005419173743575811,0.07062280178070068,0.05478741228580475,0.04795471951365471,-0.009289432317018509,-0.016668453812599182,0.0005228029476711527,,,,,,,,,,,,,,,,,,
10.36,yaw_align,1.1844233274459839,1.2737412452697754,0.3360570967197418,1.5554575138475975,0.7125071883201599,0.0016085667302832007,0.0032088845036923885,0.7016556262969971,0.3114352822303772,0.011015206575393677,-0.027825869619846344,0.35,0.0,0.0,,,,,,,0.009647914208471775,0.08996988087892532,0.052576009184122086,0.011503150686621666,-0.05694286897778511,-0.03096507303416729,0.0010680606134130244,,,,,,,,,,,,,,,,,,
10.56,yaw_align,1.1842683553695679,1.3344894647598267,0.3377574384212494,1.5498203199331442,0.714483380317688,-0.0008758181356824934,-0.002181987976655364,0.6996484994888306,0.30952101945877075,0.005942672491073608,-0.11645426601171494,0.35,0.0,0.0,,,,,,,0.005151992663741112,0.08745341002941132,0.052908722311258316,0.009555239230394363,-0.030336465686559677,-0.030994070693850517,0.0007559806246888456,,,,,,,,,,,,,,,,,,
10.76,yaw_align,1.1966257095336914,1.3305473327636719,0.33733096718788147,1.560937751296066,0.7105498909950256,0.006946086883544922,0.006716057192534208,0.7035806179046631,-0.08929278701543808,-0.014216326177120209,-0.04451093077659607,0.0,0.18,0.0,,,,,,,-0.027213886380195618,0.05268239229917526,0.030682066455483437,0.06452789157629013,-0.09270521998405457,0.0686422809958458,0.0005416538333520293,,,,,,,,,,,,,,,,,,
10.96,yaw_align,1.1895387172698975,1.3428670167922974,0.33785757422447205,1.5507656876889795,0.7141419053077698,-0.003913231194019318,0.005467214621603489,0.6999688148498535,0.08732840418815613,-0.00346267968416214,-0.008466810919344425,0.0,0.0,0.0,,,,,,,-0.005666383542120457,0.0355830043554306,0.04154352471232414,0.021626506000757217,-0.06215112283825874,0.011986888013780117,0.0005905996658839285,,,,,,,,,,,,,,,,,,
11.16,yaw_align,1.1893104314804077,1.344671607017517,0.33475229144096375,1.5420322325130869,0.7171935439109802,-0.003473241114988923,0.006543296854943037,0.6968346834182739,-0.009015579707920551,0.015414457768201828,-0.04274843633174896,0.0,0.0,0.0,,,,,,,0.0022051213309168816,0.0022684361319988966,0.021872688084840775,0.0158514603972435,-0.00806251261383295,-0.0035566536244004965,0.00019786180928349495,,,,,,,,,,,,,,,,,,
8.8,yaw_align,1.2341105937957764,0.7974112033843994,0.3447464108467102,1.6130084861906446,0.6920266151428223,-0.00017759589536581188,-0.005372977815568447,0.7218520641326904,0.6666727066040039,-0.02142435312271118,0.12451986968517303,0.35,0.18,0.0,,,,,,,-0.011036121286451817,0.09877071529626846,0.04980655014514923,0.0166937168687582,-0.06261682510375977,-0.021525030955672264,0.0013748497418486494,,,,,,,,,,,,,,,,,,
9.0,yaw_align,1.214099645614624,0.895152747631073,0.3384816348552704,1.620937483369918,0.6891588568687439,-0.00011655436537694186,-0.00018119558808393776,0.7246102690696716,0.3739095628261566,0.12934303283691406,-0.012991898693144321,0.35,0.18,0.0,,,,,,,-0.029126513749361038,0.05639922246336937,0.03200528770685196,0.0360235832631588,-0.0626661628484726,-0.03854396566748619,0.0005524273728951812,,,,,,,,,,,,,,,,,,
9.200000000000001,yaw_align,1.2052356004714966,0.9588717818260193,0.3354085087776184,1.6167480006229968,0.6906616687774658,0.004322894383221865,0.003290123539045453,0.7231575846672058,0.2519918978214264,-0.038996368646621704,-0.026588790118694305,0.35,0.0,0.0,,,,,,,0.005017980933189392,0.08609325438737869,0.04090001806616783,0.0068162172101438046,-0.0029353515710681677,-0.02616988494992256,0.0003368827310623601,,,,,,,,,,,,,,,,,,
9.4,yaw_align,1.2045507431030273,1.009529948234558,0.3364063501358032,1.6162124812706928,0.6907982230186462,0.010010678321123123,-0.0001774005504557863,0.722978413105011,0.34129616618156433,0.008762747049331665,-0.10171516239643097,0.35,0.0,0.0,,,,,,,0.009168848395347595,0.06701818853616714,0.054678305983543396,0.008287912234663963,-0.036337897181510925,-0.03322475031018257,0.000969468179391697,,,,,,,,,,,,,,,,,,
9.6,yaw_align,1.198211908340454,1.0727812051773071,0.3372706472873688,1.6056714766201747,0.6946642994880676,-0.002873112913221121,0.0030289432033896446,0.7193220853805542,0.26653575897216797,0.006163120269775391,-0.030784640461206436,0.35,0.0,0.0,,,,,,,0.002298064297065139,0.07983636111021042,0.07169882953166962,0.022248199209570885,-0.018909910693764687,-0.02261672355234623,0.00036091465153731406,,,,,,,,,,,,,,,,,,
9.68,yaw_align,1.197710633277893,1.0872479677200317,0.3379795551300049,1.6026036697556596,0.6957716345787048,-0.0010876755695790052,0.002224401105195284,0.7182589173316956,0.21952062845230103,-0.006937474012374878,-0.05700791999697685,0.35,0.0,0.0,,,,,,,0.003408711403608322,0.08468922972679138,0.07170558720827103,0.017124038189649582,-0.022629691287875175,-0.030868493020534515,0.00015462510327779455,,,,,,,,,,,,,,,,,,
9.88,yaw_align,1.1938413381576538,1.125293493270874,0.3397778570652008,1.593600110290728,0.6989891529083252,-0.0036434968933463097,-0.0035522251855582,0.715114176273346,0.19912999868392944,0.014680460095405579,-0.0625418871641159,0.35,0.0,0.0,,,,,,,0.004544360097497702,0.06409076601266861,0.05016474425792694,0.004098162055015564,0.004432120360434055,-0.023968424648046494,0.0008649111841805279,,,,,,,,,,,,,,,,,,
10.08,yaw_align,1.1853883266448975,1.1762892007827759,0.3342829644680023,1.5909323787421992,0.6999520063400269,-4.767574500874616e-05,0.0003880882286466658,0.714189887046814,0.3285682499408722,0.026492059230804443,-0.016278695315122604,0.35,0.0,0.0,,,,,,,0.006213150452822447,0.08183520287275314,0.05036763474345207,0.024181097745895386,-0.04761795327067375,-0.028511110693216324,0.0010458208562340587,,,,,,,,,,,,,,,,,,
10.28,yaw_align,1.1843595504760742,1.2354665994644165,0.3399272859096527,1.583119529101515,0.7027274370193481,0.003573870984837413,0.001162476371973753,0.7114492654800415,0.22726574540138245,-0.043313488364219666,-0.04402679204940796,0.35,0.0,0.0,,,,,,,0.005106008145958185,0.08565463870763779,0.05752548947930336,0.01699844002723694,-0.01023505162447691,-0.026487620547413826,0.00021056807054264937,,,,,,,,,,,,,,,,,,
10.48,yaw_align,1.1921056509017944,1.2714771032333374,0.33920902013778687,1.5774641382129453,0.7047454118728638,-0.00033052320941351354,-0.004904777277261019,0.7094432711601257,0.1873425841331482,-0.021665260195732117,-0.047767944633960724,0.35,0.0,0.0,,,,,,,0.0007911325083114207,0.07662728428840637,0.057576533406972885,0.03372238948941231,-0.0055794063955545425,-0.03582286462187767,0.0004753750981763005,,,,,,,,,,,,,,,,,,
10.68,yaw_align,1.1937061548233032,1.263927936553955,0.33373919129371643,1.579895021439207,0.7038661241531372,0.004817785229533911,0.006043717730790377,0.7102906107902527,-0.057948194444179535,0.05596308410167694,-0.07865699380636215,0.0,0.18,0.0,,,,,,,-0.03399515151977539,2.3908758066681912e-06,0.017931930720806122,0.03865165263414383,-0.10771729797124863,-0.034830112010240555,0.0003391961072338745,,,,,,,,,,,,,,,,,,
10.88,yaw_align,1.1924306154251099,1.2708145380020142,0.3350357413291931,1.5737287292146849,0.7060608863830566,-0.0034547585528343916,0.002392594935372472,0.7081387042999268,0.02642875164747238,-0.013664159923791885,-0.00632852129638195,0.0,0.0,0.0,,,,,,,0.002620991785079241,0.010617469437420368,0.017732620239257812,0.01584395207464695,-0.020966658368706703,-0.010378287173807621,0.0001621284754946828,,,,,,,,,,,,,,,,,,
9.0,yaw_align,1.2214560508728027,0.9266870617866516,0.3398338258266449,1.635641478581117,0.683637797832489,-0.016327597200870514,0.012427443638443947,0.7295330166816711,0.3486553430557251,-0.01214820146560669,-0.056542471051216125,0.35,0.18,0.0,,,,,,,-0.004358345177024603,0.06888092309236526,0.05549762398004532,0.013822018168866634,-0.05879097431898117,-0.003088973928242922,0.00040598959458293393,,,,,,,,,,,,,,,,,,
9.200000000000001,yaw_align,1.2220057249069214,0.9742002487182617,0.3357127606868744,1.610245767794684,0.6930478811264038,-0.0031546533573418856,0.04524780064821243,0.7194634079933167,0.16942793130874634,-0.04981964826583862,-0.1419522911310196,0.35,0.18,0.0,,,,,,,0.022213462740182877,0.054363057017326355,0.035391345620155334,-0.013973696157336235,-0.025656789541244507,-0.048073891550302505,0.00012097639637431712,,,,,,,,,,,,,,,,,,
9.4,yaw_align,1.2276506423950195,1.001795768737793,0.34063804149627686,1.5832608144038922,0.7025490999221802,-0.014092997647821903,0.01688476651906967,0.7112953066825867,0.24052521586418152,0.009833365678787231,0.07982934266328812,0.35,0.18,0.0,,,,,,,-0.004666052293032408,0.039376623928546906,0.031977396458387375,0.014026785269379616,0.015536331571638584,-0.017852993682026863,0.00100030901376158,,,,,,,,,,,,,,,,,,
9.6,yaw_align,1.1987448930740356,1.0672039985656738,0.3407217860221863,1.577093995219538,0.7048766016960144,0.0004864874354097992,0.004345230758190155,0.7093164920806885,0.3277488350868225,0.15565896034240723,-0.0178249329328537,0.35,0.18,0.0,,,,,,,-0.04300755634903908,0.04042104631662369,0.052889514714479446,0.06512230634689331,-0.06264634430408478,-0.012001815252006054,0.00017787433534977026,,,,,,,,,,,,,,,,,,
9.8,yaw_align,1.1879984140396118,1.1231112480163574,0.3408387005329132,1.5684916840221121,0.7079147100448608,0.0030075134709477425,0.001299445517361164,0.7062903046607971,0.23376856744289398,-0.0422326922416687,-0.029343485832214355,0.35,0.0,0.0,,,,,,,-0.0006334984209388494,0.09703348577022552,0.05702143907546997,0.009259771555662155,-0.02021288499236107,-0.031842973083257675,0.00018404301954433322,,,,,,,,,,,,,,,,,,
9.92,yaw_align,1.192553997039795,1.145007848739624,0.3410472273826599,1.5646418572150451,0.70926433801651,0.004609137307852507,-0.003637653775513172,0.7049182653427124,0.2521999180316925,-0.03888589143753052,0.024418504908680916,0.35,0.0,0.0,,,,,,,-0.004968293942511082,0.0851605087518692,0.054404981434345245,0.01794257201254368,0.004238758701831102,-0.00770134013146162,0.0006255187508088511,,,,,,,,,,,,,,,,,,
10.120000000000001,yaw_align,1.1885981559753418,1.2087889909744263,0.3402353823184967,1.562115666161911,0.7101308107376099,0.007365191355347633,-0.002351899165660143,0.7040274143218994,0.3394320011138916,0.008669167757034302,-0.07818674296140671,0.35,0.0,0.0,,,,,,,-0.0015254159225150943,0.07643202692270279,0.056893426924943924,0.03294533118605614,-0.024432534351944923,-0.030081745237112045,0.001038492497173138,,,,,,,,,,,,,,,,,,
10.32,yaw_align,1.1915736198425293,1.2615340948104858,0.3415646553039551,1.5502988779800597,0.714260458946228,0.008938714861869812,0.003808129345998168,0.699812650680542,0.19176837801933289,-0.01898638904094696,-0.04852018877863884,0.35,0.0,0.0,,,,,,,0.007515262346714735,0.0784444734454155,0.05816849321126938,0.01747789978981018,-0.006220550742000341,-0.025468960404396057,0.00012944098125444725,,,,,,,,,,,,,,,,,,
10.52,yaw_align,1.1899865865707397,1.305249810218811,0.3354530930519104,1.545743540646035,0.7158898115158081,0.005072128493338823,-0.004701397381722927,0.6981790661811829,0.326693594455719,0.012410402297973633,-0.00219505256973207,0.35,0.0,0.0,,,,,,,0.009869874455034733,0.07729192078113556,0.05783296003937721,0.005532056093215942,-0.056981392204761505,-0.011902927421033382,0.000982463578111492,,,,,,,,,,,,,,,,,,
10.72,yaw_align,1.1960327625274658,1.347975492477417,0.34188488125801086,1.5535125153380418,0.7129936218261719,-0.016443507745862007,0.01971336267888546,0.7007005214691162,-0.0803363248705864,-0.08419442176818848,0.16668735444545746,-0.35,0.0,0.0,,,,,,,-0.011972513981163502,0.09689919650554657,0.03209882602095604,0.048628583550453186,-0.08417527377605438,0.05866457521915436,0.0007456641615135595,,,,,,,,,,,,,,,,,,
10.92,yaw_align,1.1904785633087158,1.3227113485336304,0.33230137825012207,1.548978448620164,0.7147732973098755,0.0027083728928118944,0.004227404948323965,0.6993383169174194,0.018448304384946823,0.06853975355625153,-0.018308337777853012,0.35,0.0,0.0,,,,,,,-0.03460660204291344,0.014703636057674885,0.022886767983436584,0.03992854058742523,-0.086947001516819,-0.02114339917898178,0.0004499304750424926,,,,,,,,,,,,,,,,,,
11.120000000000001,yaw_align,1.1933202743530273,1.333752989768982,0.34278208017349243,1.5549892670565786,0.712607204914093,-0.0095180319622159,0.012118074111640453,0.7013940811157227,-0.15327194333076477,-0.07298091053962708,0.038828711956739426,-0.35,0.0,0.0,,,,,,,-0.018005069345235825,0.07690820097923279,0.0326307937502861,0.05721824988722801,-0.10039179027080536,0.06966058909893036,0.0005655150744132698,,,,,,,,,,,,,,,,,,
11.32,yaw_align,1.189242959022522,1.3273652791976929,0.3341546952724457,1.5416467404357501,0.7173327207565308,-0.0023767417296767235,0.0053212628699839115,0.6967064142227173,0.02302430011332035,0.026827627792954445,-0.035210419446229935,0.0,0.0,0.0,,,,,,,0.0019745801109820604,0.0066201351583004,0.021391907706856728,0.023425448685884476,-0.02375592477619648,-0.0018189026741310954,0.00099057358141863,,,,,,,,,,,,,,,,,,
9.0,yaw_align,1.2227479219436646,0.9267374277114868,0.3392431139945984,1.6356492511464482,0.6836097836494446,-0.017379922792315483,0.011878219433128834,0.7295441031455994,0.3550642132759094,-0.017329156398773193,-0.031025581061840057,0.35,0.18,0.0,,,,,,,-0.005052441265434027,0.06981972604990005,0.05654338002204895,0.01811552420258522,-0.05780843645334244,0.0011638614814728498,0.0005066965386504307,,,,,,,,,,,,,,,,,,
9.200000000000001,yaw_align,1.2217261791229248,0.974169909954071,0.3353245258331299,1.6101917836501876,0.6930646300315857,-0.0030100068543106318,0.042937375605106354,0.719589352607727,0.15917682647705078,-0.04592931270599365,-0.17629507184028625,0.35,0.18,0.0,,,,,,,0.02172490581870079,0.052895013242959976,0.037918612360954285,-0.01861613243818283,-0.024688389152288437,-0.04621401056647301,0.00012727416105917655,,,,,,,,,,,,,,,,,,
9.4,yaw_align,1.2240254878997803,1.0031931400299072,0.3396088480949402,1.585799336580279,0.7017378807067871,-0.007988961413502693,0.00321758515201509,0.7123832702636719,0.2466881275177002,0.07259364426136017,0.03228865936398506,0.35,0.18,0.0,,,,,,,-0.0006627654074691236,0.031877078115940094,0.032890722155570984,-0.005117348860949278,-0.003404185874387622,-0.005299533251672983,0.0006544538919115439,,,,,,,,,,,,,,,,,,
9.6,yaw_align,1.192747950553894,1.068726658821106,0.34148553013801575,1.5782474272793103,0.7044650316238403,-0.0018824341241270304,0.0025385667104274035,0.7097316384315491,0.3081877827644348,0.12154459953308105,0.002745800418779254,0.35,0.0,0.0,,,,,,,-0.034203045070171356,0.05017409473657608,0.05989452078938484,0.036938708275556564,-0.04821466654539108,-0.011003238148987293,0.0001318822751272819,,,,,,,,,,,,,,,,,,
9.8,yaw_align,1.1877093315124512,1.1207460165023804,0.3395560383796692,1.5681764138187042,0.7080279588699341,0.0025256676599383354,0.0015532387187704444,0.7061781883239746,0.2069469690322876,-0.054353728890419006,-0.039805129170417786,0.35,0.0,0.0,,,,,,,0.004316701553761959,0.0910077914595604,0.06146078556776047,0.01188519224524498,-0.014536387287080288,-0.027272919192910194,0.00023143058933783323,,,,,,,,,,,,,,,,,,
9.96,yaw_align,1.1941990852355957,1.1478816270828247,0.3426767587661743,1.5636796043438128,0.7095907926559448,0.00621581869199872,-0.007983675226569176,0.7045414447784424,0.2526479959487915,0.02454027533531189,-0.08377759158611298,0.35,0.18,0.0,,,,,,,-0.017888672649860382,0.069141685962677,0.04835284873843193,0.04463808983564377,-0.024854913353919983,-0.03161673992872238,0.0002443918492645025,,,,,,,,,,,,,,,,,,
10.16,yaw_align,1.1875972747802734,1.208289384841919,0.3374669849872589,1.5591096361172556,0.7112115025520325,0.0046457769349217415,0.004242644179612398,0.7029500603675842,0.3085685968399048,-0.011968433856964111,-0.02155875228345394,0.35,0.0,0.0,,,,,,,-0.002572246827185154,0.07780870050191879,0.05768303945660591,0.03800595924258232,-0.007149918470531702,-0.018819229677319527,0.0008519549592165276,,,,,,,,,,,,,,,,,,
10.36,yaw_align,1.192258358001709,1.255812644958496,0.33962348103523254,1.5550208155226855,0.7126504182815552,0.0041053323075175285,0.00569401029497385,0.7014842629432678,0.16443157196044922,-0.002404138445854187,0.011774668470025063,0.35,0.0,0.0,,,,,,,0.005607766564935446,0.0708889365196228,0.059422582387924194,0.02547452598810196,-0.0024584929924458265,-0.02326223999261856,0.0001241707598751418,,,,,,,,,,,,,,,,,,
10.56,yaw_align,1.1890219449996948,1.3006925582885742,0.33780673146247864,1.553637445813009,0.7130940556526184,0.008650194853544235,-0.0037829598877578974,0.7010049819946289,0.3129940927028656,0.008371919393539429,-0.06264603137969971,0.35,0.0,0.0,,,,,,,0.00872909277677536,0.07066496461629868,0.053550057113170624,0.03121250681579113,-0.03708948194980621,-0.02213897928595543,0.0007169380296545569,,,,,,,,,,,,,,,,,,
10.76,yaw_align,1.19504976272583,1.3425168991088867,0.34307199716567993,1.558347288869394,0.7113906741142273,-0.011893725953996181,0.02002192847430706,0.7024109363555908,-0.09116221219301224,-0.07995130121707916,0.09321457147598267,-0.35,0.0,0.0,,,,,,,-0.011173977516591549,0.08957504481077194,0.040943220257759094,0.04937196150422096,-0.09091835469007492,0.062446434050798416,0.0008559884736314416,,,,,,,,,,,,,,,,,,
10.96,yaw_align,1.1894527673721313,1.330419898033142,0.3360240161418915,1.5477595809917786,0.7152038812637329,0.0007905824459157884,0.0035898310597985983,0.6989061832427979,0.16743730008602142,0.06098274886608124,-0.057879600673913956,0.35,0.0,0.0,,,,,,,-0.00988035649061203,0.04372299090027809,0.04529585689306259,0.046280696988105774,-0.03701252490282059,-0.024819668382406235,0.0006565581707036472,,,,,,,,,,,,,,,,,,
11.16,yaw_align,1.187059760093689,1.3451637029647827,0.33311033248901367,1.541270188725495,0.717429518699646,-0.007268622983247042,0.007039008662104607,0.6965576410293579,-0.03295236453413963,-0.0014851652085781097,-0.07616928964853287,0.0,0.0,0.0,,,,,,,0.004036887548863888,0.016879038885235786,0.03648972883820534,0.007428208831697702,-0.00012080411397619173,-0.007215439807623625,0.0003611492065829225,,,,,,,,,,,,,,,,,,
11.36,yaw_align,1.188970685005188,1.3263612985610962,0.33746975660324097,1.532190078528845,0.7206032276153564,0.005371703766286373,0.00024720997316762805,0.6933268308639526,-0.021435491740703583,-0.02497749961912632,-0.14837363362312317,0.0,0.0,0.0,,,,,,,0.009367107413709164,0.02757589891552925,0.029799016192555428,0.02323748916387558,-0.012550750747323036,-0.004028753377497196,0.0004891856342794654,,,,,,,,,,,,,,,,,,
11.56,yaw_align,1.1892929077148438,1.3296619653701782,0.33499622344970703,1.5221235919578948,0.7241032719612122,0.0009909506188705564,0.00315585033968091,0.6896835565567017,0.03816702216863632,0.022063113749027252,-0.016986006870865822,0.0,0.0,0.0,,,,,,,-0.004266975447535515,5.172184955881676e-06,0.014172629453241825,0.013748269528150558,0.0015941460151225328,0.0062187653966248035,9.222399967256933e-05,,,,,,,,,,,,,,,,,,
9.0,yaw_align,1.2227479219436646,0.9267374277114868,0.3392431139945984,1.6356492511464482,0.6836097836494446,-0.017379922792315483,0.011878219433128834,0.7295441031455994,0.3550642132759094,-0.017329156398773193,-0.031025581061840057,0.35,0.18,0.0,,,,,,,-0.005052441265434027,0.06981972604990005,0.05654338002204895,0.01811552420258522,-0.05780843645334244,0.0011638614814728498,0.0005066965386504307,,,,,,,,,,,,,,,,,,
9.200000000000001,yaw_align,1.2217261791229248,0.974169909954071,0.3353245258331299,1.6101917836501876,0.6930646300315857,-0.0030100068543106318,0.042937375605106354,0.719589352607727,0.15917682647705078,-0.04592931270599365,-0.17629507184028625,0.35,0.18,0.0,,,,,,,0.02172490581870079,0.052895013242959976,0.037918612360954285,-0.01861613243818283,-0.024688389152288437,-0.04621401056647301,0.00012727416105917655,,,,,,,,,,,,,,,,,,
9.4,yaw_align,1.2240254878997803,1.0031931400299072,0.3396088480949402,1.585799336580279,0.7017378807067871,-0.007988961413502693,0.00321758515201509,0.7123832702636719,0.2466881275177002,0.07259364426136017,0.03228865936398506,0.35,0.18,0.0,,,,,,,-0.0006627654074691236,0.031877078115940094,0.032890722155570984,-0.005117348860949278,-0.003404185874387622,-0.005299533251672983,0.0006544538919115439,,,,,,,,,,,,,,,,,,
9.6,yaw_align,1.192747950553894,1.068726658821106,0.34148553013801575,1.5782474272793103,0.7044650316238403,-0.0018824341241270304,0.0025385667104274035,0.7097316384315491,0.3081877827644348,0.12154459953308105,0.002745800418779254,0.35,0.0,0.0,,,,,,,-0.034203045070171356,0.05017409473657608,0.05989452078938484,0.036938708275556564,-0.04821466654539108,-0.011003238148987293,0.0001318822751272819,,,,,,,,,,,,,,,,,,
9.8,yaw_align,1.1877093315124512,1.1207460165023804,0.3395560383796692,1.5681764138187042,0.7080279588699341,0.0025256676599383354,0.0015532387187704444,0.7061781883239746,0.2069469690322876,-0.054353728890419006,-0.039805129170417786,0.35,0.0,0.0,,,,,,,0.004316701553761959,0.0910077914595604,0.06146078556776047,0.01188519224524498,-0.014536387287080288,-0.027272919192910194,0.00023143058933783323,,,,,,,,,,,,,,,,,,
9.96,yaw_align,1.1941990852355957,1.1478816270828247,0.3426767587661743,1.5636796043438128,0.7095907926559448,0.00621581869199872,-0.007983675226569176,0.7045414447784424,0.2526479959487915,0.02454027533531189,-0.08377759158611298,0.35,0.18,0.0,,,,,,,-0.017888672649860382,0.069141685962677,0.04835284873843193,0.04463808983564377,-0.024854913353919983,-0.03161673992872238,0.0002443918492645025,,,,,,,,,,,,,,,,,,
10.16,yaw_align,1.1875972747802734,1.208289384841919,0.3374669849872589,1.5591096361172556,0.7112115025520325,0.0046457769349217415,0.004242644179612398,0.7029500603675842,0.3085685968399048,-0.011968433856964111,-0.02155875228345394,0.35,0.0,0.0,,,,,,,-0.002572246827185154,0.07780870050191879,0.05768303945660591,0.03800595924258232,-0.007149918470531702,-0.018819229677319527,0.0008519549592165276,,,,,,,,,,,,,,,,,,
10.36,yaw_align,1.192258358001709,1.255812644958496,0.33962348103523254,1.5550208155226855,0.7126504182815552,0.0041053323075175285,0.00569401029497385,0.7014842629432678,0.16443157196044922,-0.002404138445854187,0.011774668470025063,0.35,0.0,0.0,,,,,,,0.005607766564935446,0.0708889365196228,0.059422582387924194,0.02547452598810196,-0.0024584929924458265,-0.02326223999261856,0.0001241707598751418,,,,,,,,,,,,,,,,,,
10.56,yaw_align,1.1890219449996948,1.3006925582885742,0.33780673146247864,1.553637445813009,0.7130940556526184,0.008650194853544235,-0.0037829598877578974,0.7010049819946289,0.3129940927028656,0.008371919393539429,-0.06264603137969971,0.35,0.0,0.0,,,,,,,0.00872909277677536,0.07066496461629868,0.053550057113170624,0.03121250681579113,-0.03708948194980621,-0.02213897928595543,0.0007169380296545569,,,,,,,,,,,,,,,,,,
10.76,yaw_align,1.19504976272583,1.3425168991088867,0.34307199716567993,1.558347288869394,0.7113906741142273,-0.011893725953996181,0.02002192847430706,0.7024109363555908,-0.09116221219301224,-0.07995130121707916,0.09321457147598267,-0.35,0.0,0.0,,,,,,,-0.011173977516591549,0.08957504481077194,0.040943220257759094,0.04937196150422096,-0.09091835469007492,0.062446434050798416,0.0008559884736314416,,,,,,,,,,,,,,,,,,
10.96,yaw_align,1.1894527673721313,1.330419898033142,0.3360240161418915,1.5477595809917786,0.7152038812637329,0.0007905824459157884,0.0035898310597985983,0.6989061832427979,0.16743730008602142,0.06098274886608124,-0.057879600673913956,0.35,0.0,0.0,,,,,,,-0.00988035649061203,0.04372299090027809,0.04529585689306259,0.046280696988105774,-0.03701252490282059,-0.024819668382406235,0.0006565581707036472,,,,,,,,,,,,,,,,,,
11.16,yaw_align,1.187059760093689,1.3451637029647827,0.33311033248901367,1.541270188725495,0.717429518699646,-0.007268622983247042,0.007039008662104607,0.6965576410293579,-0.03295236453413963,-0.0014851652085781097,-0.07616928964853287,0.0,0.0,0.0,,,,,,,0.004036887548863888,0.016879038885235786,0.03648972883820534,0.007428208831697702,-0.00012080411397619173,-0.007215439807623625,0.0003611492065829225,,,,,,,,,,,,,,,,,,
11.36,yaw_align,1.188970685005188,1.3263612985610962,0.33746975660324097,1.532190078528845,0.7206032276153564,0.005371703766286373,0.00024720997316762805,0.6933268308639526,-0.021435491740703583,-0.02497749961912632,-0.14837363362312317,0.0,0.0,0.0,,,,,,,0.009367107413709164,0.02757589891552925,0.029799016192555428,0.02323748916387558,-0.012550750747323036,-0.004028753377497196,0.0004891856342794654,,,,,,,,,,,,,,,,,,
11.56,yaw_align,1.1892929077148438,1.3296619653701782,0.33499622344970703,1.5221235919578948,0.7241032719612122,0.0009909506188705564,0.00315585033968091,0.6896835565567017,0.03816702216863632,0.022063113749027252,-0.016986006870865822,0.0,0.0,0.0,,,,,,,-0.004266975447535515,5.172184955881676e-06,0.014172629453241825,0.013748269528150558,0.0015941460151225328,0.0062187653966248035,9.222399967256933e-05,,,,,,,,,,,,,,,,,,
9.0,yaw_align,1.2333183288574219,0.9551903009414673,0.33928096294403076,1.6195596284866065,0.6896384358406067,-0.006170198787003756,0.015531705692410469,0.7239609956741333,0.44989562034606934,-0.055185467004776,-0.05571065470576286,0.35,0.0,0.0,,,,,,,0.006800657603889704,0.08809780329465866,0.03528901934623718,0.0026498183142393827,-0.028307871893048286,-0.02348056435585022,0.000659540353808552,,,,,,,,,,,,,,,,,,
9.200000000000001,yaw_align,1.2275229692459106,1.0346558094024658,0.3323330879211426,1.6217554388930437,0.6888613700866699,0.00127099035307765,0.0003960483008995652,0.7248919606208801,0.3668758273124695,-0.0008578598499298096,-0.0382201224565506,0.35,0.0,0.0,,,,,,,0.01008478831499815,0.08282405883073807,0.04205986112356186,0.008072811178863049,-0.04147613048553467,-0.035524528473615646,0.0006062495522201061,,,,,,,,,,,,,,,,,,
9.4,yaw_align,1.2230172157287598,1.0948798656463623,0.3370097577571869,1.6170093183766907,0.6905669569969177,-0.0043687596917152405,-0.0032088467851281166,0.7232481837272644,0.3003395199775696,0.06869295239448547,0.07111217826604843,0.35,0.0,0.0,,,,,,,-0.007523101754486561,0.0711771547794342,0.04548482969403267,0.028294067829847336,-0.019402706995606422,-0.013171386905014515,0.0008872639882611111,,,,,,,,,,,,,,,,,,
9.6,yaw_align,1.2162177562713623,1.1617976427078247,0.3372897207736969,1.6166418653825099,0.6906941533088684,0.005271743051707745,-0.0007766199414618313,0.7231274247169495,0.3136608600616455,-0.004668980836868286,-0.032077085226774216,0.35,0.0,0.0,,,,,,,0.00478837126865983,0.08416703343391418,0.04741485044360161,0.02599555440247059,-0.012598298490047455,-0.027083273977041245,0.00046207075502024963,,,,,,,,,,,,,,,,,,
9.72,yaw_align,1.2151635885238647,1.191496729850769,0.3386342525482178,1.6196724772137256,0.6896104216575623,-0.0030238835606724024,-0.003256503026932478,0.7241669297218323,0.30814626812934875,0.02001330256462097,0.009368868544697762,0.35,0.0,0.0,,,,,,,-0.0026238022837787867,0.07798752933740616,0.04591978341341019,0.02990778721868992,-0.002480747178196907,-0.02971947193145752,0.0005168516595972505,,,,,,,,,,,,,,,,,,
9.92,yaw_align,1.210218906402588,1.256911277770996,0.33555319905281067,1.6132502737792205,0.6919394135475159,-0.0003781309351325035,0.005618443246930838,0.7219337224960327,0.3326692283153534,0.012069374322891235,0.02871609479188919,0.35,0.0,0.0,,,,,,,-0.003688609693199396,0.07254724204540253,0.05555228888988495,0.048270802944898605,-0.010537884198129177,-0.018463371321558952,0.0008731501079637383,,,,,,,,,,,,,,,,,,
10.120000000000001,yaw_align,1.2036947011947632,1.3162262439727783,0.3363995850086212,1.6113629915736563,0.6925875544548035,0.00672675296664238,0.002447750885039568,0.7212983965873718,0.29025232791900635,-0.006354331970214844,-0.042680855840444565,0.35,0.0,0.0,,,,,,,0.011422053910791874,0.07443918287754059,0.04778342694044113,0.01820927858352661,-0.045994699001312256,-0.020827211439609528,0.0009327103616669774,,,,,,,,,,,,,,,,,,
10.32,yaw_align,1.1986973285675049,1.3787386417388916,0.3380666673183441,1.6017266116968993,0.696085512638092,0.0015429441118612885,-0.0011441566748544574,0.7179563045501709,0.30007386207580566,0.02473267912864685,-0.13388921320438385,0.35,0.0,0.0,,,,,,,0.0028271677438169718,0.09044748544692993,0.06216031312942505,0.008077578619122505,-0.028753729537129402,-0.01962437480688095,0.0003188692031791396,,,,,,,,,,,,,,,,,,
10.52,yaw_align,1.2131186723709106,1.370410680770874,0.34221282601356506,1.611079656036524,0.6927204132080078,0.0021591871045529842,0.013476614840328693,0.7210770845413208,-0.10638080537319183,-0.07088996469974518,-0.005451119504868984,0.35,0.0,0.0,,,,,,,-0.010576697997748852,0.08449604362249374,0.03213880956172943,0.05159280449151993,-0.08569086343050003,0.0519966185092926,0.0003297771372672287,,,,,,,,,,,,,,,,,,
10.72,yaw_align,1.2117540836334229,1.3674724102020264,0.3343421518802643,1.5974141879069454,0.6976345181465149,-0.0004895098973065615,0.009833887219429016,0.7163862586021423,0.01706158183515072,0.03862933814525604,-0.046994056552648544,0.0,0.0,0.0,,,,,,,0.004318546503782272,0.000555041478946805,0.026761706918478012,0.011473934166133404,-0.001599539304152131,0.007098080590367317,0.0004141414028708823,,,,,,,,,,,,,,,,,,
9.0,yaw_align,1.2333183288574219,0.9551903009414673,0.33928096294403076,1.6195596284866065,0.6896384358406067,-0.006170198787003756,0.015531705692410469,0.7239609956741333,0.44989562034606934,-0.055185467004776,-0.05571065470576286,0.35,0.0,0.0,,,,,,,0.006800657603889704,0.08809780329465866,0.03528901934623718,0.0026498183142393827,-0.028307871893048286,-0.02348056435585022,0.000659540353808552,,,,,,,,,,,,,,,,,,
9.200000000000001,yaw_align,1.2275229692459106,1.0346558094024658,0.3323330879211426,1.6217554388930437,0.6888613700866699,0.00127099035307765,0.0003960483008995652,0.7248919606208801,0.3668758273124695,-0.0008578598499298096,-0.0382201224565506,0.35,0.0,0.0,,,,,,,0.01008478831499815,0.08282405883073807,0.04205986112356186,0.008072811178863049,-0.04147613048553467,-0.035524528473615646,0.0006062495522201061,,,,,,,,,,,,,,,,,,
9.4,yaw_align,1.2230172157287598,1.0948798656463623,0.3370097577571869,1.6170093183766907,0.6905669569969177,-0.0043687596917152405,-0.0032088467851281166,0.7232481837272644,0.3003395199775696,0.06869295239448547,0.07111217826604843,0.35,0.0,0.0,,,,,,,-0.007523101754486561,0.0711771547794342,0.04548482969403267,0.028294067829847336,-0.019402706995606422,-0.013171386905014515,0.0008872639882611111,,,,,,,,,,,,,,,,,,
9.6,yaw_align,1.2162177562713623,1.1617976427078247,0.3372897207736969,1.6166418653825099,0.6906941533088684,0.005271743051707745,-0.0007766199414618313,0.7231274247169495,0.3136608600616455,-0.004668980836868286,-0.032077085226774216,0.35,0.0,0.0,,,,,,,0.00478837126865983,0.08416703343391418,0.04741485044360161,0.02599555440247059,-0.012598298490047455,-0.027083273977041245,0.00046207075502024963,,,,,,,,,,,,,,,,,,
9.72,yaw_align,1.2151635885238647,1.191496729850769,0.3386342525482178,1.6196724772137256,0.6896104216575623,-0.0030238835606724024,-0.003256503026932478,0.7241669297218323,0.30814626812934875,0.02001330256462097,0.009368868544697762,0.35,0.0,0.0,,,,,,,-0.0026238022837787867,0.07798752933740616,0.04591978341341019,0.02990778721868992,-0.002480747178196907,-0.02971947193145752,0.0005168516595972505,,,,,,,,,,,,,,,,,,
9.92,yaw_align,1.210218906402588,1.256911277770996,0.33555319905281067,1.6132502737792205,0.6919394135475159,-0.0003781309351325035,0.005618443246930838,0.7219337224960327,0.3326692283153534,0.012069374322891235,0.02871609479188919,0.35,0.0,0.0,,,,,,,-0.003688609693199396,0.07254724204540253,0.05555228888988495,0.048270802944898605,-0.010537884198129177,-0.018463371321558952,0.0008731501079637383,,,,,,,,,,,,,,,,,,
10.120000000000001,yaw_align,1.2036947011947632,1.3162262439727783,0.3363995850086212,1.6113629915736563,0.6925875544548035,0.00672675296664238,0.002447750885039568,0.7212983965873718,0.29025232791900635,-0.006354331970214844,-0.042680855840444565,0.35,0.0,0.0,,,,,,,0.011422053910791874,0.07443918287754059,0.04778342694044113,0.01820927858352661,-0.045994699001312256,-0.020827211439609528,0.0009327103616669774,,,,,,,,,,,,,,,,,,
10.32,yaw_align,1.1986973285675049,1.3787386417388916,0.3380666673183441,1.6017266116968993,0.696085512638092,0.0015429441118612885,-0.0011441566748544574,0.7179563045501709,0.30007386207580566,0.02473267912864685,-0.13388921320438385,0.35,0.0,0.0,,,,,,,0.0028271677438169718,0.09044748544692993,0.06216031312942505,0.008077578619122505,-0.028753729537129402,-0.01962437480688095,0.0003188692031791396,,,,,,,,,,,,,,,,,,
10.52,yaw_align,1.2131186723709106,1.370410680770874,0.34221282601356506,1.611079656036524,0.6927204132080078,0.0021591871045529842,0.013476614840328693,0.7210770845413208,-0.10638080537319183,-0.07088996469974518,-0.005451119504868984,0.35,0.0,0.0,,,,,,,-0.010576697997748852,0.08449604362249374,0.03213880956172943,0.05159280449151993,-0.08569086343050003,0.0519966185092926,0.0003297771372672287,,,,,,,,,,,,,,,,,,
10.72,yaw_align,1.2117540836334229,1.3674724102020264,0.3343421518802643,1.5974141879069454,0.6976345181465149,-0.0004895098973065615,0.009833887219429016,0.7163862586021423,0.01706158183515072,0.03862933814525604,-0.046994056552648544,0.0,0.0,0.0,,,,,,,0.004318546503782272,0.000555041478946805,0.026761706918478012,0.011473934166133404,-0.001599539304152131,0.007098080590367317,0.0004141414028708823,,,,,,,,,,,,,,,,,,
8.6,yaw_align,1.2286853790283203,0.6482409834861755,0.34424543380737305,1.5206351788293235,0.7246106266975403,0.0027772767934948206,-0.00568669568747282,0.6891294717788696,0.7373848557472229,-0.05575263500213623,0.07684454321861267,0.35,0.18,0.0,,,,,,,-0.014594596810638905,0.0928683951497078,0.06286220997571945,-0.0015086692292243242,-0.07771291583776474,0.0014750699046999216,0.0009133182611549273,,,,,,,,,,,,,,,,,,
8.8,yaw_align,1.2147868871688843,0.7488895058631897,0.33808672428131104,1.529316198976186,0.7215284705162048,-0.011240672320127487,0.0037861031014472246,0.6922832727432251,0.38601255416870117,0.16598129272460938,-0.02824125811457634,0.35,0.18,0.0,,,,,,,-0.030239520594477654,0.05844366177916527,0.02911573462188244,0.03504910320043564,-0.06978923082351685,-0.03149373084306717,0.0009792268810997484,,,,,,,,,,,,,,,,,,
9.0,yaw_align,1.1915907859802246,0.8217688202857971,0.3384250998497009,1.5238333511364115,0.7234886288642883,-0.00601557269692421,0.0005430381279438734,0.6903099417686462,0.3476220965385437,0.09326547384262085,-0.026564784348011017,0.35,0.0,0.0,,,,,,,-0.010540406219661236,0.07418866455554962,0.04726465046405792,0.020810453221201897,-0.03603602200746536,-0.02526412531733513,0.0008507301681675017,,,,,,,,,,,,,,,,,,
9.200000000000001,yaw_align,1.1886956691741943,0.8888022899627686,0.3372650146484375,1.5111394507421618,0.7278801202774048,0.0011699479073286057,0.00034436400164850056,0.6857033967971802,0.28353509306907654,-0.02006208896636963,-0.07021824270486832,0.35,0.0,0.0,,,,,,,0.009218141436576843,0.08292462676763535,0.058445386588573456,0.014659966342151165,-0.018577149137854576,-0.025999359786510468,0.0005113183384821696,,,,,,,,,,,,,,,,,,
9.4,yaw_align,1.1971409320831299,0.9381631016731262,0.3373686671257019,1.511574364108679,0.7277045845985413,0.006234911736100912,0.0004707633634097874,0.6858622431755066,0.30791065096855164,-0.03382483124732971,0.03168462961912155,0.35,0.0,0.0,,,,,,,0.015061513520777225,0.07212188839912415,0.04325824975967407,-0.001505122403614223,-0.052505239844322205,-0.010620064102113247,0.0013916635271549183,,,,,,,,,,,,,,,,,,
9.44,yaw_align,1.1981185674667358,0.9442195892333984,0.3363998830318451,1.5119320254121749,0.7275404930114746,0.009922281838953495,0.0020970916375517845,0.6859898567199707,0.3010167181491852,-0.02809169888496399,-0.008710360154509544,0.35,0.0,0.0,,,,,,,0.012395444326102734,0.06912706792354584,0.04693887382745743,0.008779098279774189,-0.055717628449201584,-0.025005459785461426,0.0010214830144832376,,,,,,,,,,,,,,,,,,
9.64,yaw_align,1.19987952709198,1.0059641599655151,0.3373572826385498,1.499786858126464,0.7317584753036499,0.0018434067023918033,0.007079252041876316,0.6815248131752014,0.27047106623649597,0.024422109127044678,-0.04573262482881546,0.35,0.0,0.0,,,,,,,-0.003349584061652422,0.07891268283128738,0.07252205163240433,0.02755478210747242,-0.019847111776471138,-0.017901962623000145,0.000151700311107561,,,,,,,,,,,,,,,,,,
9.84,yaw_align,1.2005590200424194,1.0470107793807983,0.3388983905315399,1.4875987009525062,0.7358537912368774,0.008308417163789272,0.0024592000991106033,0.6770851612091064,0.15206649899482727,-0.020181909203529358,-0.056206122040748596,0.35,0.0,0.0,,,,,,,0.003756850492209196,0.08639825135469437,0.0719495564699173,0.008988945744931698,-0.01436952780932188,-0.03245643898844719,0.0004841395304424623,,,,,,,,,,,,,,,,,,
10.040000000000001,yaw_align,1.2094535827636719,1.067670464515686,0.3408643901348114,1.4758753288976285,0.7397328615188599,0.013351584784686565,0.0011352228466421366,0.6727672219276428,0.07259556651115417,-0.03296452760696411,-0.047295667231082916,0.35,0.0,0.0,,,,,,,0.010471598245203495,0.06859908998012543,0.07533280551433563,0.01723700948059559,0.00782193336635828,-0.023693274706602097,0.00014199301040207502,,,,,,,,,,,,,,,,,,
10.24,yaw_align,1.2050902843475342,1.0860718488693237,0.33973854780197144,1.4710731051423778,0.741456925868988,0.004347519017755985,0.009636531583964825,0.6709172129631042,0.2208743840456009,0.032429441809654236,0.0366966612637043,0.35,0.0,0.0,,,,,,,0.011427766643464565,0.06912647187709808,0.0503774955868721,0.018104147166013718,-0.023094670847058296,-0.002407411579042673,0.0012875682423185708,,,,,,,,,,,,,,,,,,
10.44,yaw_align,1.202483892440796,1.142168641090393,0.3405933082103729,1.4560225737998505,0.7464928030967712,-0.0017340844497084618,0.008420784957706928,0.665337860584259,0.10993733257055283,-0.019026421010494232,0.07447974383831024,-0.35,0.0,0.0,,,,,,,-0.00597518403083086,0.07485783845186234,0.058661337941884995,0.03536388278007507,-0.04648901894688606,0.028145743533968925,0.0009066978687606309,,,,,,,,,,,,,,,,,,
10.64,yaw_align,1.2049614191055298,1.144386887550354,0.33525675535202026,1.453180048407195,0.7474431991577148,0.0005284929065965116,0.004595097620040178,0.6643096804618835,-0.029063519090414047,0.01310029812157154,-0.020823609083890915,0.0,0.0,0.0,,,,,,,-0.0031009307131171227,0.008036077953875065,0.021633291617035866,0.006051608361303806,0.0019541382789611816,0.012058175168931484,0.0003283936621301109,,,,,,,,,,,,,,,,,,
