timestamp,phase,base_pos_x,base_pos_y,base_pos_z,base_yaw,base_quat_w,base_quat_x,base_quat_y,base_quat_z,base_lin_vel_x_body,base_lin_vel_y_body,base_ang_vel_z_body,cmd_vx,cmd_vy,cmd_wz,ee_pos_x,ee_pos_y,ee_pos_z,ee_roll,ee_pitch,ee_yaw,arm_joint1,arm_joint2,arm_joint3,arm_joint4,arm_joint5,arm_joint6,gripper,arm_action_joint1,arm_action_joint2,arm_action_joint3,arm_action_joint4,arm_action_joint5,arm_action_joint6,gripper_action,object_pos_x,object_pos_y,object_pos_z,object_quat_w,object_quat_x,object_quat_y,object_quat_z,front_image,wrist_image,success,failure_reason
0.0,grasp,,,,,,,,,,,,,,,,,,,,,,,,,,,3.8855837658502423e-08,,,,,,,0.043,,,,,,,,,,,
0.02,grasp,,,,,,,,,,,,,,,,,,,,,,,,,,,4.856667146668769e-06,,,,,,,0.043,,,,,,,,,,,
0.04,grasp,,,,,,,,,,,,,,,,,,,,,,,,,,,4.075902688782662e-05,,,,,,,0.043,,,,,,,,,,,
0.06,grasp,,,,,,,,,,,,,,,,,,,,,,,,,,,0.00014516340161208063,,,,,,,0.043,,,,,,,,,,,
0.08,grasp,,,,,,,,,,,,,,,,,,,,,,,,,,,0.0003563179634511471,,,,,,,0.043,,,,,,,,,,,
0.1,grasp,,,,,,,,,,,,,,,,,,,,,,,,,,,0.0007082634547259659,,,,,,,0.043,,,,,,,,,,,
0.12,grasp,,,,,,,,,,,,,,,,,,,,,,,,,,,0.001228436070960015,,,,,,,0.043,,,,,,,,,,,
0.14,grasp,,,,,,,,,,,,,,,,,,,,,,,,,,,0.0019369506044313312,,,,,,,0.043,,,,,,,,,,,
0.16,grasp,,,,,,,,,,,,,,,,,,,,,,,,,,,0.002846437622793019,,,,,,,0.043,,,,,,,,,,,
0.18,grasp,,,,,,,,,,,,,,,,,,,,,,,,,,,0.003962451359257102,,,,,,,0.043,,,,,,,,,,,
0.2,grasp,,,,,,,,,,,,,,,,,,,,,,,,,,,0.0052838430274277925,,,,,,,0.043,,,,,,,,,,,
0.22,grasp,,,,,,,,,,,,,,,,,,,,,,,,,,,0.006803404772654176,,,,,,,0.043,,,,,,,,,,,
0.24,grasp,,,,,,,,,,,,,,,,,,,,,,,,,,,0.008508495055139065,,,,,,,0.043,,,,,,,,,,,
0.26,grasp,,,,,,,,,,,,,,,,,,,,,,,,,,,0.010381693486124277,,,,,,,0.043,,,,,,,,,,,
0.28,grasp,,,,,,,,,,,,,,,,,,,,,,,,,,,0.012401464860886335,,,,,,,0.043,,,,,,,,,,,
0.3,grasp,,,,,,,,,,,,,,,,,,,,,,,,,,,0.014542856253683567,,,,,,,0.043,,,,,,,,,,,
0.32,grasp,,,,,,,,,,,,,,,,,,,,,,,,,,,0.016778131015598774,,,,,,,0.043,,,,,,,,,,,
0.34,grasp,,,,,,,,,,,,,,,,,,,,,,,,,,,0.019077499397099018,,,,,,,0.043,,,,,,,,,,,
0.36,grasp,,,,,,,,,,,,,,,,,,,,,,,,,,,0.021409736946225166,,,,,,,0.043,,,,,,,,,,,
0.38,grasp,,,,,,,,,,,,,,,,,,,,,,,,,,,0.023742946796119213,,,,,,,0.043,,,,,,,,,,,
0.4,grasp,,,,,,,,,,,,,,,,,,,,,,,,,,,0.026045171543955803,,,,,,,0.043,,,,,,,,,,,
0.42,grasp,,,,,,,,,,,,,,,,,,,,,,,,,,,0.028285084292292595,,,,,,,0.043,,,,,,,,,,,
0.44,grasp,,,,,,,,,,,,,,,,,,,,,,,,,,,0.030432719737291336,,,,,,,0.043,,,,,,,,,,,
0.46,grasp,,,,,,,,,,,,,,,,,,,,,,,,,,,0.03246011212468147,,,,,,,0.043,,,,,,,,,,,
0.48,grasp,,,,,,,,,,,,,,,,,,,,,,,,,,,0.03434199094772339,,,,,,,0.043,,,,,,,,,,,
0.5,grasp,,,,,,,,,,,,,,,,,,,,,,,,,,,0.0360563974827528,,,,,,,0.043,,,,,,,,,,,
0.52,grasp,,,,,,,,,,,,,,,,,,,,,,,,,,,0.037585511803627014,,,,,,,0.043,,,,,,,,,,,
0.54,grasp,,,,,,,,,,,,,,,,,,,,,,,,,,,0.0389162078499794,,,,,,,0.043,,,,,,,,,,,
0.56,grasp,,,,,,,,,,,,,,,,,,,,,,,,,,,0.04004077799618244,,,,,,,0.043,,,,,,,,,,,
0.58,grasp,,,,,,,,,,,,,,,,,,,,,,,,,,,0.04095758497714996,,,,,,,0.043,,,,,,,,,,,
0.6,grasp,,,,,,,,,,,,,,,,,,,,,,,,,,,0.04167182743549347,,,,,,,0.043,,,,,,,,,,,
0.62,grasp,,,,,,,,,,,,,,,,,,,,,,,,,,,0.042196109890937805,,,,,,,0.043,,,,,,,,,,,
0.64,grasp,,,,,,,,,,,,,,,,,,,,,,,,,,,0.0425511971116066,,,,,,,0.043,,,,,,,,,,,
0.66,grasp,,,,,,,,,,,,,,,,,,,,,,,,,,,0.04276668466627598,,,,,,,0.043,,,,,,,,,,,
0.68,grasp,,,,,,,,,,,,,,,,,,,,,,,,,,,0.042881689965724945,,,,,,,0.043,,,,,,,,,,,
0.68,grasp,,,,,,,,,,,,,,,,,,,,,-1.6435299698969175e-07,0.0010455925948917866,0.00012923307076562196,-3.906256824848242e-05,7.986722394548451e-09,-8.581240162897075e-10,0.042881689965724945,-8.668261131106192e-08,0.0005271430709399283,0.00012056442210450768,-1.968876131286379e-05,2.237557250595046e-09,-4.87442475272104e-10,,,,,,,,,,,,
0.7000000000000001,grasp,,,,,,,,,,,,,,,,,,,,,-1.6574929873058863e-07,0.0010503509547561407,0.00012924121983814985,-3.9242906495928764e-05,7.94416266103326e-09,-9.13929876222852e-10,0.042881689965724945,-8.668261131106192e-08,0.0005271430709399283,0.00012056442210450768,-1.968876131286379e-05,2.237557250595046e-09,-4.87442475272104e-10,,,,,,,,,,,,
0.7200000000000001,grasp,,,,,,,,,,,,,,,,,,,,,0.00010378711158409715,0.001082106726244092,0.0001290782238356769,-7.101422670530155e-05,1.3458044350045384e-06,-9.184109472926139e-09,0.042881689965724945,0.00021896518585296336,0.0005877613314961786,0.00024224562522848464,-8.505773706754595e-05,2.0007283162996167e-06,-3.9980166658755013e-10,,,,,,,,,,,,
0.74,grasp,,,,,,,,,,,,,,,,,,,,,0.00015848463226575404,0.0010986434062942863,0.00012906674237456173,-8.739026088733226e-05,1.3487768910636078e-06,2.278356614482391e-09,0.042881689965724945,0.00021896518585296336,0.0005877613314961786,0.00024224562522848464,-8.505773706754595e-05,2.0007283162996167e-06,-3.9980166658755013e-10,,,,,,,,,,,,
0.76,grasp,,,,,,,,,,,,,,,,,,,,,0.0008960687555372715,0.0013038392644375563,0.00012747080472763628,-0.000308926246361807,1.0595576895866543e-05,-5.190653240561005e-08,0.042881689965724945,0.001692365562187771,0.0009954957919319292,0.0010607053116223097,-0.0005247466102332598,1.5443101705414206e-05,1.8969360114360238e-10,,,,,,,,,,,,
0.78,grasp,,,,,,,,,,,,,,,,,,,,,0.001278119976632297,0.0014110154006630182,0.00012743734987452626,-0.00042316230246797204,1.0712079529184848e-05,2.3666968829161306e-08,0.042881689965724945,0.001692365562187771,0.0009954957919319292,0.0010607053116223097,-0.0005247466102332598,1.5443101705414206e-05,1.8969360114360238e-10,,,,,,,,,,,,
0.8,grasp,,,,,,,,,,,,,,,,,,,,,0.0033275119494646788,0.0019981826189905405,0.0005018444499000907,-0.001036431873217225,3.554053182597272e-05,-1.1042861558507866e-07,0.042881689965724945,0.005520506783655643,0.002054843340605253,0.0031871940335068166,-0.00166713190274982,5.036864127722764e-05,1.721301099756062e-09,,,,,,,,,,,,
0.8200000000000001,grasp,,,,,,,,,,,,,,,,,,,,,0.0043886820785701275,0.00228914269246161,0.0007730918587185442,-0.0013519313652068377,3.65185878763441e-05,8.507645077315829e-08,0.042881689965724945,0.005520506783655643,0.002054843340605253,0.0031871940335068166,-0.00166713190274982,5.036864127722764e-05,1.721301099756062e-09,,,,,,,,,,,,
0.8400000000000001,grasp,,,,,,,,,,,,,,,,,,,,,0.008382049389183521,0.003393810475245118,0.002808896591886878,-0.0025451385881751776,8.410782902501523e-05,-1.5915165363367123e-07,0.042881689965724945,0.012644094607267465,0.0040219388776788646,0.007142351330736477,-0.0037929036527469314,0.00011535859579321586,4.571342387688849e-09,,,,,,,,,,,,
0.8600000000000001,grasp,,,,,,,,,,,,,,,,,,,,,0.010449209250509739,0.00395335303619504,0.003897720715031028,-0.0031596554908901453,8.715159492567182e-05,1.9676997453643708e-07,0.042881689965724945,0.012644094607267465,0.0040219388776788646,0.007142351330736477,-0.0037929036527469314,0.00011535859579321586,4.571342387688849e-09,,,,,,,,,,,,
0.8800000000000001,grasp,,,,,,,,,,,,,,,,,,,,,0.01693861559033394,0.005741396453231573,0.007430150173604488,-0.005098481196910143,0.00016391868120990694,-1.8877783247717161e-07,0.042881689965724945,0.02385645362001136,0.007095022193723789,0.013357129918408669,-0.007138636246323123,0.00021764492538385257,9.05698216098038e-09,,,,,,,,,,,,
0.9,grasp,,,,,,,,,,,,,,,,,,,,,0.02029704675078392,0.0066472003236413,0.009308243170380592,-0.006097049918025732,0.0001702989247860387,3.5921303265240567e-07,0.042881689965724945,0.02385645362001136,0.007095022193723789,0.013357129918408669,-0.007138636246323123,0.00021764492538385257,9.05698216098038e-09,,,,,,,,,,,,
0.92,grasp,,,,,,,,,,,,,,,,,,,,,0.02974698506295681,0.009221387095749378,0.01448853313922882,-0.00892011821269989,0.00028171742451377213,-1.960437572279261e-07,0.042881689965724945,0.03981438146312313,0.011408289449564903,0.02217464037177498,-0.011899953767548288,0.0003632068336919936,1.5440468518291346e-08,,,,,,,,,,,,
0.9400000000000001,grasp,,,,,,,,,,,,,,,,,,,,,0.034636735916137695,0.010526308789849281,0.017238158732652664,-0.010374133475124836,0.0002926082815974951,5.692876356988563e-07,0.042881689965724945,0.03981438146312313,0.011408289449564903,0.02217464037177498,-0.011899953767548288,0.0003632068336919936,1.5440468518291346e-08,,,,,,,,,,,,
0.9600000000000001,grasp,,,,,,,,,,,,,,,,,,,,,0.047425881028175354,0.01394851878285408,0.024232681840658188,-0.01419425942003727,0.00044315721606835723,-1.795163626638896e-07,0.042881689965724945,0.06104530771785756,0.017034296323936347,0.03385460022121798,-0.018233668452880058,0.0005568361391733049,2.393199362051497e-08,,,,,,,,,,,,
0.98,grasp,,,,,,,,,,,,,,,,,,,,,0.05404257774353027,0.015683740377426147,0.027941958978772163,-0.016161834821105003,0.00045958373812027276,8.224980660997971e-07,0.042881689965724945,0.06104530771785756,0.017034296323936347,0.03385460022121798,-0.018233668452880058,0.0005568361391733049,2.393199362051497e-08,,,,,,,,,,,,
1.0,grasp,,,,,,,,,,,,,,,,,,,,,0.07046152651309967,0.01999172940850258,0.03688719496130943,-0.021065520122647285,0.0006526962388306856,-1.3930431919106923e-07,0.042881689965724945,0.08794181919823846,0.02401687315157951,0.04858808104002136,-0.026256421014056626,0.0008020970364578237,3.468783578902923e-08,,,,,,,,,,,,
1.02,grasp,,,,,,,,,,,,,,,,,,,,,0.0789552852511406,0.022176316007971764,0.04162781685590744,-0.023591188713908195,0.000675536401104182,1.113212988457235e-06,0.042881689965724945,0.08794181919823846,0.02401687315157951,0.04858808104002136,-0.026256421014056626,0.0008020970364578237,3.468783578902923e-08,,,,,,,,,,,,
1.04,grasp,,,,,,,,,,,,,,,,,,,,,0.09920332580804825,0.02740483172237873,0.052626289427280426,-0.029637787491083145,0.0009135341388173401,-7.460576512130501e-08,0.042881689965724945,0.12075611636347033,0.0324068575864991,0.06651246062888003,-0.036043318061382834,0.0011012858082049004,4.780853999368602e-08,,,,,,,,,,,,
1.06,grasp,,,,,,,,,,,,,,,,,,,,,0.10967694967985153,0.030056536197662354,0.05845172703266144,-0.0327521450817585,0.0009435235406272113,1.4352353900903836e-06,0.042881689965724945,0.12075611636347033,0.0324068575864991,0.06651246062888003,-0.036043318061382834,0.0011012858082049004,4.780853999368602e-08,,,,,,,,,,,,
1.08,grasp,,,,,,,,,,,,,,,,,,,,,0.13387157022953033,0.03622817248106003,0.07156788557767868,-0.03997666761279106,0.0012277680216357112,1.2393055470738545e-08,0.042881689965724945,0.15962151382870757,0.042231814767570194,0.0877045358764631,-0.047634067981027726,0.001455616645925921,6.334720009331418e-08,,,,,,,,,,,,
1.1,grasp,,,,,,,,,,,,,,,,,,,,,0.1463855355978012,0.03935861587524414,0.07851126044988632,-0.04369775950908661,0.00126548670232296,1.7817831121647032e-06,0.042881689965724945,0.15962151382870757,0.042231814767570194,0.0877045358764631,-0.047634067981027726,0.001455616645925921,6.334720009331418e-08,,,,,,,,,,,,
1.12,grasp,,,,,,,,,,,,,,,,,,,,,0.17457152903079987,0.04647748917341232,0.09376883506774902,-0.05211358889937401,0.0015964419580996037,1.2004113614239031e-07,0.042881689965724945,0.2045661878170552,0.05348791303804429,0.1121773759244985,-0.06103702453266905,0.0018653419736727184,8.13151202873359e-08,,,,,,,,,,,,
1.1400000000000001,grasp,,,,,,,,,,,,,,,,,,,,,0.1891489028930664,0.050088971853256226,0.10184154659509659,-0.05644825100898743,0.0016423308989033103,2.146356791854487e-06,0.042881689965724945,0.2045661878170552,0.05348791303804429,0.1121773759244985,-0.06103702453266905,0.0018653419736727184,8.13151202873359e-08,,,,,,,,,,,,
1.1600000000000001,grasp,,,,,,,,,,,,,,,,,,,,,0.2213013619184494,0.058149322867393494,0.11922726035118103,-0.06604791432619095,0.0020196102559566498,2.461840722389752e-07,0.042881689965724945,0.25551387169665046,0.06616125610204536,0.13988951235188743,-0.07622952386076898,0.0023297655335317467,1.0168212128321834e-07,,,,,,,,,,,,
1.1800000000000002,grasp,,,,,,,,,,,,,,,,,,,,,0.23792900145053864,0.06223924085497856,0.12842097878456116,-0.07099234312772751,0.002073976444080472,2.5212646050931653e-06,0.042881689965724945,0.25551387169665046,0.06616125610204536,0.13988951235188743,-0.07622952386076898,0.0023297655335317467,1.0168212128321834e-07,,,,,,,,,,,,
1.2000000000000002,grasp,,,,,,,,,,,,,,,,,,,,,0.27396079897880554,0.07121635973453522,0.14788690209388733,-0.08174974471330643,0.00249643437564373,3.883068870891293e-07,0.042881689965724945,0.31229810696668253,0.08020443419057259,0.17074797129535585,-0.09316179296529872,0.002847364666026414,1.2438138351483988e-07,,,,,,,,,,,,
1.2200000000000002,grasp,,,,,,,,,,,,,,,,,,,,,0.29259324073791504,0.07577245682477951,0.15817485749721527,-0.08729048073291779,0.002559458604082465,2.900481149481493e-06,0.042881689965724945,0.31229810696668253,0.08020443419057259,0.17074797129535585,-0.09316179296529872,0.002847364666026414,1.2438138351483988e-07,,,,,,,,,,,,
1.2400000000000002,grasp,,,,,,,,,,,,,,,,,,,,,0.3323584794998169,0.08562824130058289,0.17964234948158264,-0.09916196763515472,0.003025228390470147,5.434918648461462e-07,0.042881689965724945,0.3746654497960842,0.09555265438674562,0.20461490605438684,-0.11175798532617076,0.003415822373931264,1.4931085442641677e-07,,,,,,,,,,,,
1.26,grasp,,,,,,,,,,,,,,,,,,,,,0.3529202938079834,0.09063144028186798,0.1909816563129425,-0.1052764430642128,0.003096985397860408,3.2764919524197467e-06,0.042881689965724945,0.3746654497960842,0.09555265438674562,0.20461490605438684,-0.11175798532617076,0.003415822373931264,1.4931085442641677e-07,,,,,,,,,,,,
1.28,grasp,,,,,,,,,,,,,,,,,,,,,0.39621877670288086,0.10131900757551193,0.21434426307678223,-0.1182020977139473,0.0036035694647580385,7.084070716700808e-07,0.042881689965724945,0.4422819260621037,0.11213070961680474,0.2413118810841707,-0.13191852117079508,0.004032100795822628,1.763371397161278e-07,,,,,,,,,,,,
1.3,grasp,,,,,,,,,,,,,,,,,,,,,0.41860607266426086,0.10674580186605453,0.22667720913887024,-0.1248595342040062,0.0036840136162936687,3.6418964555196e-06,0.042881689965724945,0.4422819260621037,0.11213070961680474,0.2413118810841707,-0.13191852117079508,0.004032100795822628,1.763371397161278e-07,,,,,,,,,,,,
1.32,grasp,,,,,,,,,,,,,,,,,,,,,0.46519041061401367,0.11820284277200699,0.2518017590045929,-0.1387656331062317,0.004228334873914719,8.807546691969037e-07,0.042881689965724945,0.5147469004561604,0.1298360043844985,0.2806204722827588,-0.15352396830785417,0.0046925568861536085,2.053005654548855e-07,,,,,,,,,,,,
1.34,grasp,,,,,,,,,,,,,,,,,,,,,0.489275187253952,0.1240217462182045,0.2650568187236786,-0.1459280252456665,0.004317311570048332,3.990768163930625e-06,0.042881689965724945,0.5147469004561604,0.1298360043844985,0.2806204722827588,-0.15352396830785417,0.0046925568861536085,2.053005654548855e-07,,,,,,,,,,,,
1.36,grasp,,,,,,,,,,,,,,,,,,,,,0.538854718208313,0.1361790895462036,0.2917875647544861,-0.16072764992713928,0.0048957569524645805,1.0549657645242405e-06,0.042881689965724945,0.5915944054926487,0.14856065091822815,0.32229012237033655,-0.17643555377391026,0.005392944625883772,2.3601543423355644e-07,,,,,,,,,,,,
1.3800000000000001,grasp,,,,,,,,,,,,,,,,,,,,,0.5644863843917847,0.14235512912273407,0.30588117241859436,-0.1683501899242401,0.004993016831576824,4.315887963457499e-06,0.042881689965724945,0.5915944054926487,0.14856065091822815,0.32229012237033655,-0.17643555377391026,0.005392944625883772,2.3601543423355644e-07,,,,,,,,,,,,
1.4,grasp,,,,,,,,,,,,,,,,,,,,,0.6167317032814026,0.15513353049755096,0.3340418040752411,-0.18394534289836884,0.005601551849395037,1.2320472251303727e-06,0.042881689965724945,0.6723052449172278,0.16817968597186944,0.36603988357739664,-0.20049857083812517,0.006128526235911343,2.682744153080073e-07,,,,,,,,,,,,
1.42,grasp,,,,,,,,,,,,,,,,,,,,,0.6437399387359619,0.1616266816854477,0.3488803505897522,-0.19197751581668854,0.005706729833036661,4.614606950781308e-06,0.042881689965724945,0.6723052449172278,0.16817968597186944,0.36603988357739664,-0.20049857083812517,0.006128526235911343,2.682744153080073e-07,,,,,,,,,,,,
1.44,grasp,,,,,,,,,,,,,,,,,,,,,0.6982905864715576,0.1749383509159088,0.3782762289047241,-0.20826034247875214,0.0063409823924303055,1.4031422779225977e-06,0.042881689965724945,0.7563139379526801,0.18855575906168007,0.4115629456063896,-0.2255444407877006,0.006894156266763852,3.0185111179103806e-07,,,,,,,,,,,,
1.46,grasp,,,,,,,,,,,,,,,,,,,,,0.7264888882637024,0.18170392513275146,0.3937564492225647,-0.21664665639400482,0.0064535741694271564,4.880826054431964e-06,0.042881689965724945,0.7563139379526801,0.18855575906168007,0.4115629456063896,-0.2255444407877006,0.006894156266763852,3.0185111179103806e-07,,,,,,,,,,,,
1.48,grasp,,,,,,,,,,,,,,,,,,,,,0.7829552888870239,0.19545727968215942,0.4241785407066345,-0.23350097239017487,0.0071088471449911594,1.5676989733037772e-06,0.042881689965724945,0.8430138490954601,0.20954871222662935,0.45853252952313733,-0.25139246999738024,0.007684322825262014,3.365028182683833e-07,,,,,,,,,,,,
1.5,grasp,,,,,,,,,,,,,,,,,,,,,0.8121420741081238,0.20244869589805603,0.44018998742103577,-0.2421816885471344,0.007228305097669363,5.106635398988146e-06,0.042881689965724945,0.8430138490954601,0.20954871222662935,0.45853252952313733,-0.25139246999738024,0.007684322825262014,3.365028182683833e-07,,,,,,,,,,,,
1.52,grasp,,,,,,,,,,,,,,,,,,,,,0.8701125979423523,0.21654513478279114,0.471416711807251,-0.25948482751846313,0.007899662479758263,1.7219102801391273e-06,0.042881689965724945,0.9317686655811183,0.23100578805234476,0.5066038834195026,-0.2778531514300701,0.008493225956758945,3.719761385902349e-07,,,,,,,,,,,,
1.54,grasp,,,,,,,,,,,,,,,,,,,,,0.90007483959198,0.22371229529380798,0.48784247040748596,-0.2683965861797333,0.00802530162036419,5.289391992846504e-06,0.042881689965724945,0.9317686655811183,0.23100578805234476,0.5066038834195026,-0.2778531514300701,0.008493225956758945,3.719761385902349e-07,,,,,,,,,,,,
1.56,grasp,,,,,,,,,,,,,,,,,,,,,0.9591206908226013,0.23804868757724762,0.5196425914764404,-0.2860206961631775,0.00870764721184969,1.861678128989297e-06,0.042881689965724945,1.0219184024335162,0.25276887484757804,0.5554194919667342,-0.30473010471926576,0.009314849097721642,4.0800842691820793e-07,,,,,,,,,,,,
1.58,grasp,,,,,,,,,,,,,,,,,,,,,0.9896369576454163,0.2453390508890152,0.5363614559173584,-0.29509782791137695,0.008838684298098087,5.4256702242128085e-06,0.042881689965724945,1.0219184024335162,0.25276887484757804,0.5554194919667342,-0.30473010471926576,0.009314849097721642,4.0800842691820793e-07,,,,,,,,,,,,
1.6,grasp,,,,,,,,,,,,,,,,,,,,,1.0493167638778687,0.2598113417625427,0.5684981942176819,-0.31291118264198303,0.009526800364255905,1.9837407307932153e-06,0.042881689965724945,1.1127858864709386,0.27468034081745263,0.6046142208003349,-0.3318217148404934,0.010143034428250866,4.443283524360079e-07,,,,,,,,,,,,
1.62,grasp,,,,,,,,,,,,,,,,,,,,,1.0801581144332886,0.2671719193458557,0.5853855609893799,-0.3220856189727783,0.009662351571023464,5.515134944289457e-06,0.042881689965724945,1.1127858864709386,0.27468034081745263,0.6046142208003349,-0.3318217148404934,0.010143034428250866,4.443283524360079e-07,,,,,,,,,,,,
1.6400000000000001,grasp,,,,,,,,,,,,,,,,,,,,,1.1400226354599,0.2816734313964844,0.6176168918609619,-0.3399546444416046,0.01035101804882288,2.0875438622169895e-06,0.042881689965724945,1.203686899577403,0.2965777602860205,0.6538179690421271,-0.3589240119115244,0.010971543031410316,4.806618946685718e-07,,,,,,,,,,,,
1.6600000000000001,grasp,,,,,,,,,,,,,,,,,,,,,1.1709575653076172,0.2890496850013733,0.6345463991165161,-0.34915757179260254,0.010490103624761105,5.555371444643242e-06,0.042881689965724945,1.203686899577403,0.2965777602860205,0.6538179690421271,-0.3589240119115244,0.010971543031410316,4.806618946685718e-07,,,,,,,,,,,,
1.6800000000000002,grasp,,,,,,,,,,,,,,,,,,,,,1.2305558919906616,0.30347320437431335,0.6666301488876343,-0.3669474124908447,0.01117410883307457,2.17103320210299e-06,0.042881689965724945,1.2939367659862693,0.31829868700483255,0.7026608573622708,-0.38583273020719927,0.011794124279819266,5.167353195764583e-07,,,,,,,,,,,,
1.7000000000000002,grasp,,,,,,,,,,,,,,,,,,,,,1.261352300643921,0.31081047654151917,0.6834750771522522,-0.3761095702648163,0.011315644718706608,5.550431524170563e-06,0.042881689965724945,1.2939367659862693,0.31829868700483255,0.7026608573622708,-0.38583273020719927,0.011794124279819266,5.167353195764583e-07,,,,,,,,,,,,
1.7200000000000002,grasp,,,,,,,,,,,,,,,,,,,,,1.3202378749847412,0.3250493109226227,0.7151707410812378,-0.3936868906021118,0.011989856138825417,2.236462023574859e-06,0.042881689965724945,1.382857775559043,0.3396826971977186,0.750777624209415,-0.41234621757472134,0.012604621129918824,5.522791840864439e-07,,,,,,,,,,,,
1.7400000000000002,grasp,,,,,,,,,,,,,,,,,,,,,1.3506637811660767,0.3322932720184326,0.731805145740509,-0.4027397036552429,0.012132769450545311,5.499542567122262e-06,0.042881689965724945,1.382857775559043,0.3396826971977186,0.750777624209415,-0.41234621757472134,0.012604621129918824,5.522791840864439e-07,,,,,,,,,,,,
1.7600000000000002,grasp,,,,,,,,,,,,,,,,,,,,,1.4083954095840454,0.3462429940700531,0.7628769278526306,-0.41997310519218445,0.012792211957275867,2.2828526198281907e-06,0.042881689965724945,1.469787553331244,0.3605729533092602,0.7978111610837393,-0.43826712266914536,0.013397006038135371,5.870291708260453e-07,,,,,,,,,,,,
1.7800000000000002,grasp,,,,,,,,,,,,,,,,,,,,,1.4382238388061523,0.35334035754203796,0.7791773676872253,-0.4288487434387207,0.012935332953929901,5.4026800171413925e-06,0.042881689965724945,1.469787553331244,0.3605729533092602,0.7978111610837393,-0.43826712266914536,0.013397006038135371,5.870291708260453e-07,,,,,,,,,,,,
1.8000000000000003,grasp,,,,,,,,,,,,,,,,,,,,,1.4943758249282837,0.36689940094947815,0.809396505355835,-0.44561105966567993,0.013575248420238495,2.3055795281834435e-06,0.042881689965724945,1.554086630446755,0.3808182220391676,0.8434172144017713,-0.4634042766177757,0.01416541632670774,6.207268380778013e-07,,,,,,,,,,,,
1.8200000000000003,grasp,,,,,,,,,,,,,,,,,,,,,1.5233858823776245,0.37379834055900574,0.825244128704071,-0.45424410700798035,0.013717333786189556,5.263841103442246e-06,0.042881689965724945,1.554086630446755,0.3808182220391676,0.8434172144017713,-0.4634042766177757,0.01416541632670774,6.207268380778013e-07,,,,,,,,,,,,
1.8399999999999999,grasp,,,,,,,,,,,,,,,,,,,,,1.5775498151779175,0.3868696689605713,0.8543917536735535,-0.47041356563568115,0.014333191327750683,2.307218892383389e-06,0.042881689965724945,1.6351457702566314,0.40027409201763936,0.8872688570096613,-0.4875764542074601,0.014904335559514027,6.531310606725722e-07,,,,,,,,,,,,
1.8599999999999999,grasp,,,,,,,,,,,,,,,,,,,,,1.6055309772491455,0.39352062344551086,0.8696727156639099,-0.4787410795688629,0.01447301171720028,5.086432338430313e-06,0.042881689965724945,1.6351457702566314,0.40027409201763936,0.8872688570096613,-0.4875764542074601,0.014904335559514027,6.531310606725722e-07,,,,,,,,,,,,
1.88,grasp,,,,,,,,,,,,,,,,,,,,,1.6573221683502197,0.40601277351379395,0.8975436091423035,-0.4942029118537903,0.01506064459681511,2.2901656393514713e-06,0.042881689965724945,1.7123942173841924,0.41880573468186016,0.9290598347955482,-0.510613843099608,0.015608588229939102,6.840155886717984e-07,,,,,,,,,,,,
1.9,grasp,,,,,,,,,,,,,,,,,,,,,1.6840763092041016,0.4123692810535431,0.9121506810188293,-0.5021659731864929,0.015196964144706726,4.875607373833191e-06,0.042881689965724945,1.7123942173841924,0.41880573468186016,0.9290598347955482,-0.510613843099608,0.015608588229939102,6.840155886717984e-07,,,,,,,,,,,,
1.92,grasp,,,,,,,,,,,,,,,,,,,,,1.7332724332809448,0.42412084341049194,0.9386293292045593,-0.5169657468795776,0.01575838215649128,2.249062617920572e-06,0.042881689965724945,1.7855843773291833,0.43613018629773015,0.9686640658274762,-0.5326731709512115,0.016284880955560334,7.122933919852209e-07,,,,,,,,,,,,
1.94,grasp,,,,,,,,,,,,,,,,,,,,,1.7586849927902222,0.4300994277000427,0.9525030851364136,-0.5245880484580994,0.01589239574968815,4.642096428142395e-06,0.042881689965724945,1.7855843773291833,0.43613018629773015,0.9686640658274762,-0.5326731709512115,0.016284880955560334,7.122933919852209e-07,,,,,,,,,,,,
1.96,grasp,,,,,,,,,,,,,,,,,,,,,1.7937729358673096,0.4474187195301056,0.9712534546852112,-0.5260403752326965,0.015946093946695328,2.766807256193715e-06,0.042881689965724945,1.8310683945747706,0.4654336026642545,0.9929774708409898,-0.5275649020023713,0.015991967643908506,8.086067548957068e-07,,,,,,,,,,,,
1.98,grasp,,,,,,,,,,,,,,,,,,,,,1.811889886856079,0.4563547372817993,0.9810316562652588,-0.5267874598503113,0.015883207321166992,3.93243863072712e-06,0.042881689965724945,1.8310683945747706,0.4654336026642545,0.9929774708409898,-0.5275649020023713,0.015991967643908506,8.086067548957068e-07,,,,,,,,,,,,
2.0,grasp,,,,,,,,,,,,,,,,,,,,,1.8194808959960938,0.48668211698532104,0.9846624732017517,-0.5000224709510803,0.014894167892634869,3.4963600228365976e-06,0.042881689965724945,1.827517762521981,0.5186488222286887,0.9901812751021337,-0.4715610064238135,0.013929796606786298,1.0312223397569266e-06,,,,,,,,,,,,
2.02,grasp,,,,,,,,,,,,,,,,,,,,,1.8233829736709595,0.5024830102920532,0.9864437580108643,-0.4862341284751892,0.014405126683413982,2.786619916150812e-06,0.042881689965724945,1.827517762521981,0.5186488222286887,0.9901812751021337,-0.4715610064238135,0.013929796606786298,1.0312223397569266e-06,,,,,,,,,,,,
2.04,grasp,,,,,,,,,,,,,,,,,,,,,1.8245104551315308,0.5336464643478394,0.9865216612815857,-0.45514410734176636,0.013288205489516258,2.2591514152736636e-06,0.042881689965724945,1.8257100132227841,0.5663568173516524,0.9884310434591129,-0.4220851350058906,0.01212192136517969,1.2282190176436106e-06,,,,,,,,,,,,
2.06,grasp,,,,,,,,,,,,,,,,,,,,,1.8250902891159058,0.5498331189155579,0.9864887595176697,-0.43912744522094727,0.012716120108962059,1.914400627356372e-06,0.042881689965724945,1.8257100132227841,0.5663568173516524,0.9884310434591129,-0.4220851350058906,0.01212192136517969,1.2282190176436106e-06,,,,,,,,,,,,
2.08,grasp,,,,,,,,,,,,,,,,,,,,,1.824613094329834,0.5788554549217224,0.9857474565505981,-0.4093189835548401,0.011639905162155628,1.6625965599814663e-06,0.042881689965724945,1.8240886700905932,0.609231565173655,0.9868611606785799,-0.3776214968311882,0.010500171342564438,1.4049289317183844e-06,,,,,,,,,,,,
2.1,grasp,,,,,,,,,,,,,,,,,,,,,1.8245375156402588,0.5939023494720459,0.985175609588623,-0.393964558839798,0.010666185058653355,4.9442340241512284e-05,0.042881689965724945,1.8240886700905932,0.609231565173655,0.9868611606785799,-0.3776214968311882,0.010500171342564438,1.4049289317183844e-06,,,,,,,,,,,,
2.12,grasp,,,,,,,,,,,,,,,,,,,,,1.823843002319336,0.6199237108230591,0.984282910823822,-0.367001473903656,0.009399723261594772,8.127395994961262e-05,0.042881689965724945,1.8226561252516216,0.6471273803015668,0.9854737239612448,-0.3383224762281547,0.00906699733218384,1.561095788785131e-06,,,,,,,,,,,,
2.14,grasp,,,,,,,,,,,,,,,,,,,,,1.8232694864273071,0.6334470510482788,0.9838256239891052,-0.35310864448547363,0.00924642849713564,4.061423896928318e-05,0.042881689965724945,1.8226561252516216,0.6471273803015668,0.9854737239612448,-0.3383224762281547,0.00906699733218384,1.561095788785131e-06,,,,,,,,,,,,
2.16,grasp,,,,,,,,,,,,,,,,,,,,,1.8227217197418213,0.6561944484710693,0.9835842251777649,-0.32943081855773926,0.007754069287329912,0.00011756455933209509,0.042881689965724945,1.821413453861141,0.6799752333165632,0.98427005638338,-0.3042597534945408,0.007823748102989716,1.6965701408438859e-06,,,,,,,,,,,,
2.18,grasp,,,,,,,,,,,,,,,,,,,,,1.8224347829818726,0.6680033802986145,0.983283281326294,-0.31723442673683167,0.0069390833377838135,0.00015648860426153988,0.042881689965724945,1.821413453861141,0.6799752333165632,0.98427005638338,-0.3042597534945408,0.007823748102989716,1.6965701408438859e-06,,,,,,,,,,,,
2.2,grasp,,,,,,,,,,,,,,,,,,,,,1.8216900825500488,0.6875331401824951,0.9825242757797241,-0.296970009803772,0.0062049804255366325,0.00015613024879712611,0.042881689965724945,1.820359289918863,0.7077895605864136,0.9832489171819412,-0.27541809125956207,0.006769257280036769,1.8114776026768263e-06,,,,,,,,,,,,
2.22,grasp,,,,,,,,,,,,,,,,,,,,,1.8212370872497559,0.6976431012153625,0.982037365436554,-0.28653067350387573,0.006074248813092709,0.00012712209718301892,0.042881689965724945,1.820359289918863,0.7077895605864136,0.9832489171819412,-0.27541809125956207,0.006769257280036769,1.8114776026768263e-06,,,,,,,,,,,,
2.24,grasp,,,,,,,,,,,,,,,,,,,,,1.8205426931381226,0.7138968110084534,0.9813767075538635,-0.2696551978588104,0.005701359361410141,0.00010897251922870055,0.042881689965724945,1.819489704461294,0.7306746386535878,0.9824064988867711,-0.2516885665864391,0.005899365385091861,1.9062704774954273e-06,,,,,,,,,,,,
2.2600000000000002,grasp,,,,,,,,,,,,,,,,,,,,,1.8201265335083008,0.722099781036377,0.9815858006477356,-0.2606258988380432,0.006566980388015509,-0.004562462214380503,0.042881689965724945,1.819489704461294,0.7306746386535878,0.9824064988867711,-0.2516885665864391,0.005899365385091861,1.9062704774954273e-06,,,,,,,,,,,,
2.2800000000000002,grasp,,,,,,,,,,,,,,,,,,,,,1.8194122314453125,0.7346416115760803,0.9826332330703735,-0.24626260995864868,0.009079685434699059,-0.016547096893191338,0.042881689965724945,1.81879705393682,0.748831573363965,0.9817355464023712,-0.23286246043316283,0.0052065570839233775,1.9817677086040404e-06,,,,,,,,,,,,
2.3000000000000003,grasp,,,,,,,,,,,,,,,,,,,,,1.8191981315612793,0.7413886189460754,0.9827859401702881,-0.2385786771774292,0.008525528013706207,-0.018096646293997765,0.042881689965724945,1.81879705393682,0.748831573363965,0.9817355464023712,-0.23286246043316283,0.0052065570839233775,1.9817677086040404e-06,,,,,,,,,,,,
2.3200000000000003,grasp,,,,,,,,,,,,,,,,,,,,,1.8188562393188477,0.7514114379882812,0.9831230640411377,-0.2269134819507599,0.00795033946633339,-0.02005016803741455,0.042881689965724945,1.8182704248439505,0.7625644362346067,0.9812253424666969,-0.21862422404833093,0.004679910042615111,2.0391570665079244e-06,,,,,,,,,,,,
2.3400000000000003,grasp,,,,,,,,,,,,,,,,,,,,,1.8186635971069336,0.7566107511520386,0.9831966161727905,-0.2209583967924118,0.007625202648341656,-0.020153304561972618,0.042881689965724945,1.8182704248439505,0.7625644362346067,0.9812253424666969,-0.21862422404833093,0.004679910042615111,2.0391570665079244e-06,,,,,,,,,,,,
2.36,grasp,,,,,,,,,,,,,,,,,,,,,1.8183506727218628,0.7639257311820984,0.9832621216773987,-0.2127194106578827,0.0075154234655201435,-0.02172762155532837,0.042881689965724945,1.8178944075815942,0.7722868492874393,0.9808611473936286,-0.2085450007091134,0.004303918000182393,2.0801288632912747e-06,,,,,,,,,,,,
2.38,grasp,,,,,,,,,,,,,,,,,,,,,1.8181333541870117,0.7677033543586731,0.9832673072814941,-0.2085229456424713,0.007712118793278933,-0.023076683282852173,0.042881689965724945,1.8178944075815942,0.7722868492874393,0.9808611473936286,-0.2085450007091134,0.004303918000182393,2.0801288632912747e-06,,,,,,,,,,,,
2.4,grasp,,,,,,,,,,,,,,,,,,,,,1.8178787231445312,0.7725287079811096,0.9835218787193298,-0.20288048684597015,0.007290852256119251,-0.02208036370575428,0.042881689965724945,1.8176486857751875,0.7785291197838443,0.9806231126292364,-0.20207663711070895,0.004058203869075632,2.1069041339247526e-06,,,,,,,,,,,,
2.42,grasp,,,,,,,,,,,,,,,,,,,,,1.817797303199768,0.7749446034431458,0.9838077425956726,-0.19998517632484436,0.00636421050876379,-0.019727595150470734,0.042881689965724945,1.8176486857751875,0.7785291197838443,0.9806231126292364,-0.20207663711070895,0.004058203869075632,2.1069041339247526e-06,,,,,,,,,,,,
2.44,grasp,,,,,,,,,,,,,,,,,,,,,1.8177176713943481,0.7777489423751831,0.9841294288635254,-0.19657480716705322,0.005350226536393166,-0.017198583111166954,0.042881689965724945,1.817511614323702,0.7819421915841203,0.9804904040815681,-0.19854212645358643,0.0039211932232952424,2.1218342197435724e-06,,,,,,,,,,,,
2.46,grasp,,,,,,,,,,,,,,,,,,,,,1.8177006244659424,0.7791957855224609,0.9843062162399292,-0.19483400881290436,0.004747884813696146,-0.015934817492961884,0.042881689965724945,1.817511614323702,0.7819421915841203,0.9804904040815681,-0.19854212645358643,0.0039211932232952424,2.1218342197435724e-06,,,,,,,,,,,,
2.48,grasp,,,,,,,,,,,,,,,,,,,,,1.8176751136779785,0.7805660367012024,0.984460711479187,-0.19314496219158173,0.004390073474496603,-0.014719069004058838,0.042881689965724945,1.8174564774890116,0.7833054432483736,0.9804369394061582,-0.1971306293805695,0.0038660554757270994,2.1278424623516485e-06,,,,,,,,,,,,
2.5,grasp,,,,,,,,,,,,,,,,,,,,,1.8176723718643188,0.7812725305557251,0.9845466613769531,-0.1922866553068161,0.004162767436355352,-0.014088920317590237,0.042881689965724945,1.8174564774890116,0.7833054432483736,0.9804369394061582,-0.1971306293805695,0.0038660554757270994,2.1278424623516485e-06,,,,,,,,,,,,
2.52,grasp,,,,,,,,,,,,,,,,,,,,,1.8176735639572144,0.7817407250404358,0.9846100211143494,-0.1917334347963333,0.004001278430223465,-0.013674343936145306,0.042881689965724945,1.8174471545802975,0.7835349804609381,0.9804279460768179,-0.19689304578695616,0.0038567653296087425,2.128854690467892e-06,,,,,,,,,,,,
2.523097415822321,grasp,,,,,,,,,,,,,,,,,,,,,1.8176665306091309,0.7819833159446716,0.9846515655517578,-0.19146429002285004,0.003964552655816078,-0.013445967808365822,0.042881689965724945,1.8174470663070679,0.7835371494293213,0.9804278612136841,-0.19689080119132996,0.0038566775619983673,2.1288642528816126e-06,,,,,,,,,,,,
2.523097415822321,grasp,,,,,,,,,,,,,,,,,,,,,,,,,,,0.043264029547572136,,,,,,,0.0,,,,,,,,,,,
2.543097415822321,grasp,,,,,,,,,,,,,,,,,,,,,,,,,,,0.04326293803751469,,,,,,,0.0,,,,,,,,,,,
2.563097415822321,grasp,,,,,,,,,,,,,,,,,,,,,,,,,,,0.04326080344617367,,,,,,,0.0,,,,,,,,,,,
2.583097415822321,grasp,,,,,,,,,,,,,,,,,,,,,,,,,,,0.043259622529149055,,,,,,,0.0,,,,,,,,,,,
2.603097415822321,grasp,,,,,,,,,,,,,,,,,,,,,,,,,,,0.0432592798024416,,,,,,,0.0,,,,,,,,,,,
2.623097415822321,grasp,,,,,,,,,,,,,,,,,,,,,,,,,,,0.043258728459477425,,,,,,,0.0,,,,,,,,,,,
2.643097415822321,grasp,,,,,,,,,,,,,,,,,,,,,,,,,,,0.04325792007148266,,,,,,,0.0,,,,,,,,,,,
2.663097415822321,grasp,,,,,,,,,,,,,,,,,,,,,,,,,,,0.043249182403087616,,,,,,,0.0,,,,,,,,,,,
2.683097415822321,grasp,,,,,,,,,,,,,,,,,,,,,,,,,,,0.0432389322668314,,,,,,,0.0,,,,,,,,,,,
2.703097415822321,grasp,,,,,,,,,,,,,,,,,,,,,,,,,,,0.04322047159075737,,,,,,,0.0,,,,,,,,,,,
2.723097415822321,grasp,,,,,,,,,,,,,,,,,,,,,,,,,,,0.04314282722771168,,,,,,,0.0,,,,,,,,,,,
2.743097415822321,grasp,,,,,,,,,,,,,,,,,,,,,,,,,,,0.042887816205620766,,,,,,,0.0,,,,,,,,,,,
2.7630974158223207,grasp,,,,,,,,,,,,,,,,,,,,,,,,,,,0.04236583784222603,,,,,,,0.0,,,,,,,,,,,
2.783097415822321,grasp,,,,,,,,,,,,,,,,,,,,,,,,,,,0.040899427607655525,,,,,,,0.0,,,,,,,,,,,
2.8030974158223207,grasp,,,,,,,,,,,,,,,,,,,,,,,,,,,0.03908528946340084,,,,,,,0.0,,,,,,,,,,,
2.8230974158223208,grasp,,,,,,,,,,,,,,,,,,,,,,,,,,,0.03717484883964062,,,,,,,0.0,,,,,,,,,,,
2.843097415822321,grasp,,,,,,,,,,,,,,,,,,,,,,,,,,,0.036274226382374763,,,,,,,0.0,,,,,,,,,,,
2.863097415822321,grasp,,,,,,,,,,,,,,,,,,,,,,,,,,,0.03601914271712303,,,,,,,0.0,,,,,,,,,,,
2.883097415822321,grasp,,,,,,,,,,,,,,,,,,,,,,,,,,,0.03596258535981178,,,,,,,0.0,,,,,,,,,,,
2.903097415822321,grasp,,,,,,,,,,,,,,,,,,,,,,,,,,,0.03588493727147579,,,,,,,0.0,,,,,,,,,,,
2.923097415822321,grasp,,,,,,,,,,,,,,,,,,,,,,,,,,,0.03586161509156227,,,,,,,0.0,,,,,,,,,,,
2.943097415822321,grasp,,,,,,,,,,,,,,,,,,,,,,,,,,,0.035819003358483315,,,,,,,0.0,,,,,,,,,,,
2.963097415822321,grasp,,,,,,,,,,,,,,,,,,,,,,,,,,,0.03579847887158394,,,,,,,0.0,,,,,,,,,,,
2.983097415822321,grasp,,,,,,,,,,,,,,,,,,,,,,,,,,,0.035772617906332016,,,,,,,0.0,,,,,,,,,,,
3.003097415822321,grasp,,,,,,,,,,,,,,,,,,,,,,,,,,,0.03574466332793236,,,,,,,0.0,,,,,,,,,,,
3.023097415822321,grasp,,,,,,,,,,,,,,,,,,,,,,,,,,,0.03557990491390228,,,,,,,0.0,,,,,,,,,,,
3.043097415822321,grasp,,,,,,,,,,,,,,,,,,,,,,,,,,,0.035555049777030945,,,,,,,0.0,,,,,,,,,,,
3.063097415822321,grasp,,,,,,,,,,,,,,,,,,,,,,,,,,,0.035543305799365044,,,,,,,0.0,,,,,,,,,,,
3.083097415822321,grasp,,,,,,,,,,,,,,,,,,,,,,,,,,,0.03553169593214989,,,,,,,0.0,,,,,,,,,,,
3.103097415822321,grasp,,,,,,,,,,,,,,,,,,,,,,,,,,,0.03552141599357128,,,,,,,0.0,,,,,,,,,,,
3.123097415822321,grasp,,,,,,,,,,,,,,,,,,,,,,,,,,,0.03551339544355869,,,,,,,0.0,,,,,,,,,,,
3.143097415822321,grasp,,,,,,,,,,,,,,,,,,,,,,,,,,,0.035508956760168076,,,,,,,0.0,,,,,,,,,,,
3.163097415822321,grasp,,,,,,,,,,,,,,,,,,,,,,,,,,,0.03550654649734497,,,,,,,0.0,,,,,,,,,,,
3.183097415822321,grasp,,,,,,,,,,,,,,,,,,,,,,,,,,,0.03550572879612446,,,,,,,0.0,,,,,,,,,,,
3.203097415822321,grasp,,,,,,,,,,,,,,,,,,,,,,,,,,,0.03550558537244797,,,,,,,0.0,,,,,,,,,,,
3.203097415822321,grasp,,,,,,,,,,,,,,,,,,,,,1.8173376321792603,0.7831660509109497,0.9847834706306458,-0.18868562579154968,0.00495305098593235,-0.009327884763479233,0.03550558537244797,1.8174470663070679,0.7835371494293213,0.9804278612136841,-0.19689080119132996,0.0038566775619983673,2.1288642528816126e-06,,,,,,,,,,,,
3.223097415822321,grasp,,,,,,,,,,,,,,,,,,,,,1.8173418045043945,0.7831366658210754,0.9847187995910645,-0.18857569992542267,0.004962870851159096,-0.00932828988879919,0.03550558537244797,1.8174470663070679,0.7835371494293213,0.9804278612136841,-0.19689080119132996,0.0038566775619983673,2.1288642528816126e-06,,,,,,,,,,,,
3.243097415822321,grasp,,,,,,,,,,,,,,,,,,,,,1.8173493146896362,0.7830899953842163,0.9846465587615967,-0.18847650289535522,0.004914065357297659,-0.009367073886096478,0.03550558537244797,1.8174509311433025,0.7834421274167662,0.9804315805552634,-0.19698914181004848,0.003860522836725139,2.1284452977576745e-06,,,,,,,,,,,,
3.263097415822321,grasp,,,,,,,,,,,,,,,,,,,,,1.8173458576202393,0.7830628752708435,0.984584629535675,-0.18836894631385803,0.004921802785247564,-0.009359380230307579,0.03550558537244797,1.8174509311433025,0.7834421274167662,0.9804315805552634,-0.19698914181004848,0.003860522836725139,2.1284452977576745e-06,,,,,,,,,,,,
3.283097415822321,grasp,,,,,,,,,,,,,,,,,,,,,1.8173409700393677,0.7828543782234192,0.9843717217445374,-0.1881999522447586,0.004429059103131294,-0.009600557386875153,0.03550558537244797,1.8174770412151322,0.7827973166440677,0.9804568922953311,-0.19765673404974549,0.003886625657000837,2.125600989019742e-06,,,,,,,,,,,,
3.303097415822321,grasp,,,,,,,,,,,,,,,,,,,,,1.8172966241836548,0.7827500700950623,0.9841859340667725,-0.1879199743270874,0.004275674466043711,-0.009654546156525612,0.03550558537244797,1.8174770412151322,0.7827973166440677,0.9804568922953311,-0.19765673404974549,0.003886625657000837,2.125600989019742e-06,,,,,,,,,,,,
3.323097415822321,grasp,,,,,,,,,,,,,,,,,,,,,1.8174082040786743,0.782051682472229,0.9837983846664429,-0.18815812468528748,0.002764160977676511,-0.010665467008948326,0.03550558537244797,1.8175453015348904,0.7811067998447931,0.9805230022115713,-0.19940713639122748,0.003954851216580137,2.1181664756875345e-06,,,,,,,,,,,,
3.3430974158223212,grasp,,,,,,,,,,,,,,,,,,,,,1.817461609840393,0.7816891074180603,0.9836255311965942,-0.18833859264850616,0.002111012116074562,-0.01115407794713974,0.03550558537244797,1.8175453015348904,0.7811067998447931,0.9805230022115713,-0.19940713639122748,0.003954851216580137,2.1181664756875345e-06,,,,,,,,,,,,
3.3630974158223212,grasp,,,,,,,,,,,,,,,,,,,,,1.8175734281539917,0.7800006866455078,0.9834680557250977,-0.1905958354473114,0.0016398073639720678,-0.013309722766280174,0.03550558537244797,1.8176723174864553,0.777931582593032,0.9806460218547899,-0.20269571754318708,0.004081852159334409,2.104327215715266e-06,,,,,,,,,,,,
3.3830974158223213,grasp,,,,,,,,,,,,,,,,,,,,,1.8176368474960327,0.7791299223899841,0.9834824204444885,-0.1919834315776825,0.0014017351204529405,-0.014428739435970783,0.03550558537244797,1.8176723174864553,0.777931582593032,0.9806460218547899,-0.20269571754318708,0.004081852159334409,2.104327215715266e-06,,,,,,,,,,,,
3.4030974158223213,grasp,,,,,,,,,,,,,,,,,,,,,1.8177567720413208,0.7762556076049805,0.9835442900657654,-0.19599470496177673,0.0014687516959384084,-0.015860773622989655,0.03550558537244797,1.8178709102538513,0.7728878408591614,0.9808383993218257,-0.20792210160138408,0.004280436538933953,2.0826876315900966e-06,,,,,,,,,,,,
3.4230974158223213,grasp,,,,,,,,,,,,,,,,,,,,,1.817844271659851,0.7747150659561157,0.9836925268173218,-0.19832313060760498,0.00186311942525208,-0.01640016958117485,0.03550558537244797,1.8178709102538513,0.7728878408591614,0.9808383993218257,-0.20792210160138408,0.004280436538933953,2.0826876315900966e-06,,,,,,,,,,,,
3.4430974158223213,grasp,,,,,,,,,,,,,,,,,,,,,1.8179758787155151,0.7705153226852417,0.9833141565322876,-0.2027597576379776,0.0019701742567121983,-0.01717626489698887,0.03550558537244797,1.818151778004344,0.765644014180841,0.9811103983446903,-0.21543141636743665,0.004561241601272916,2.052088362859217e-06,,,,,,,,,,,,
3.463097415822321,grasp,,,,,,,,,,,,,,,,,,,,,1.8180993795394897,0.7682971358299255,0.9833730459213257,-0.20544268190860748,0.002168098697438836,-0.016669001430273056,0.03550558537244797,1.818151778004344,0.765644014180841,0.9811103983446903,-0.21543141636743665,0.004561241601272916,2.052088362859217e-06,,,,,,,,,,,,
3.4830974158223214,grasp,,,,,,,,,,,,,,,,,,,,,1.81825590133667,0.76250821352005,0.9832556247711182,-0.2118654102087021,0.0025024537462741137,-0.015408164821565151,0.03550558537244797,1.8185257438580595,0.755917793657252,0.9814726732814993,-0.22551536124970661,0.004935194102225864,2.011338562743412e-06,,,,,,,,,,,,
3.503097415822321,grasp,,,,,,,,,,,,,,,,,,,,,1.8183573484420776,0.7594854235649109,0.9832789301872253,-0.21520373225212097,0.0025987352710217237,-0.014351029880344868,0.03550558537244797,1.8185257438580595,0.755917793657252,0.9814726732814993,-0.22551536124970661,0.004935194102225864,2.011338562743412e-06,,,,,,,,,,,,
3.523097415822321,grasp,,,,,,,,,,,,,,,,,,,,,1.818663477897644,0.7519518733024597,0.9831609129905701,-0.2236207276582718,0.0030218753963708878,-0.012551707215607166,0.03550558537244797,1.8190017562712315,0.7434753603016929,0.9819338915146546,-0.23841596081272082,0.0054113362541029645,1.959452490266446e-06,,,,,,,,,,,,
3.543097415822321,grasp,,,,,,,,,,,,,,,,,,,,,1.818847417831421,0.7480453848838806,0.983104407787323,-0.22783194482326508,0.0031157725024968386,-0.011768156662583351,0.03550558537244797,1.8190017562712315,0.7434753603016929,0.9819338915146546,-0.23841596081272082,0.0054113362541029645,1.959452490266446e-06,,,,,,,,,,,,
3.563097415822321,grasp,,,,,,,,,,,,,,,,,,,,,1.8192195892333984,0.7386473417282104,0.9830425977706909,-0.23871243000030518,0.0037346903700381517,-0.009041987359523773,0.03550558537244797,1.8195865105613456,0.7281292828891309,0.9825002775661019,-0.25432782901415735,0.005996189994259617,1.8957193099155475e-06,,,,,,,,,,,,
3.583097415822321,grasp,,,,,,,,,,,,,,,,,,,,,1.8194321393966675,0.7337620258331299,0.9830595254898071,-0.24427957832813263,0.003991321194916964,-0.008352026343345642,0.03550558537244797,1.8195865105613456,0.7281292828891309,0.9825002775661019,-0.25432782901415735,0.005996189994259617,1.8957193099155475e-06,,,,,,,,,,,,
3.603097415822321,grasp,,,,,,,,,,,,,,,,,,,,,1.8197956085205078,0.7224366664886475,0.9826242327690125,-0.2583955228328705,0.0054117245599627495,-0.001397864194586873,0.03550558537244797,1.8202854185624693,0.7097359905821433,0.9831773563463422,-0.2733998131012768,0.006695360605219419,1.8195300909096871e-06,,,,,,,,,,,,
3.623097415822321,grasp,,,,,,,,,,,,,,,,,,,,,1.8199636936187744,0.7165142297744751,0.9825403094291687,-0.26567819714546204,0.006244123447686434,0.0021806659642606974,0.03550558537244797,1.8202854185624693,0.7097359905821433,0.9831773563463422,-0.2733998131012768,0.006695360605219419,1.8195300909096871e-06,,,,,,,,,,,,
3.643097415822321,grasp,,,,,,,,,,,,,,,,,,,,,1.8204761743545532,0.7031222581863403,0.982577919960022,-0.28026071190834045,0.006928360555320978,0.0040277051739394665,0.03550558537244797,1.8211021927620343,0.6881938422525536,0.9839685278067914,-0.2957374805562311,0.007512359486381015,1.7305020123211888e-06,,,,,,,,,,,,
3.663097415822321,grasp,,,,,,,,,,,,,,,,,,,,,1.8207521438598633,0.6961556673049927,0.9825644493103027,-0.2877804934978485,0.007274914998561144,0.005005039274692535,0.03550558537244797,1.8211021927620343,0.6881938422525536,0.9839685278067914,-0.2957374805562311,0.007512359486381015,1.7305020123211888e-06,,,,,,,,,,,,
3.683097415822321,grasp,,,,,,,,,,,,,,,,,,,,,1.82135009765625,0.6806302666664124,0.982932984828949,-0.304098904132843,0.007898221723735332,0.005507719237357378,0.03550558537244797,1.8220391087401762,0.6634410405401273,0.9848761372638336,-0.32140525775275514,0.008449725227031956,1.6283583263112371e-06,,,,,,,,,,,,
3.703097415822321,grasp,,,,,,,,,,,,,,,,,,,,,1.8216732740402222,0.6725637912750244,0.9829919934272766,-0.31250789761543274,0.008193849585950375,0.005767478607594967,0.03550558537244797,1.8220391087401762,0.6634410405401273,0.9848761372638336,-0.32140525775275514,0.008449725227031956,1.6283583263112371e-06,,,,,,,,,,,,
3.723097415822321,grasp,,,,,,,,,,,,,,,,,,,,,1.8223458528518677,0.6548956632614136,0.983517587184906,-0.3309108018875122,0.008863145485520363,0.0059007927775382996,0.03550558537244797,1.8230974886322795,0.6354534201278558,0.9859012008555749,-0.35042854544999524,0.009508560133333888,1.5129802164086527e-06,,,,,,,,,,,,
3.743097415822321,grasp,,,,,,,,,,,,,,,,,,,,,1.8227040767669678,0.6457279324531555,0.9836056232452393,-0.34039387106895447,0.009205703623592854,0.00596973579376936,0.03550558537244797,1.8230974886322795,0.6354534201278558,0.9859012008555749,-0.35042854544999524,0.009508560133333888,1.5129802164086527e-06,,,,,,,,,,,,
3.763097415822321,grasp,,,,,,,,,,,,,,,,,,,,,1.8234537839889526,0.625935971736908,0.9842055439949036,-0.3609713315963745,0.009961494244635105,0.006004828028380871,0.03550558537244797,1.8242773117050373,0.60424217099542,0.9870438095445572,-0.38279575073384614,0.010688846218722521,1.3843702406317552e-06,,,,,,,,,,,,
3.783097415822321,grasp,,,,,,,,,,,,,,,,,,,,,1.8238470554351807,0.6156599521636963,0.9844788908958435,-0.37157320976257324,0.010344425216317177,0.006023598834872246,0.03550558537244797,1.8242773117050373,0.60424217099542,0.9870438095445572,-0.38279575073384614,0.010688846218722521,1.3843702406317552e-06,,,,,,,,,,,,
3.803097415822321,grasp,,,,,,,,,,,,,,,,,,,,,1.8246761560440063,0.5937698483467102,0.985334575176239,-0.39432471990585327,0.011168667115271091,0.006033773999661207,0.03550558537244797,1.8255777948771112,0.5698518325732623,0.9883030026842234,-0.4184605675085513,0.011989653444235531,1.2426313252116263e-06,,,,,,,,,,,,
3.823097415822321,grasp,,,,,,,,,,,,,,,,,,,,,1.8251076936721802,0.5824031233787537,0.985819399356842,-0.40604615211486816,0.011579332873225212,0.006038915831595659,0.03550558537244797,1.8255777948771112,0.5698518325732623,0.9883030026842234,-0.4184605675085513,0.011989653444235531,1.2426313252116263e-06,,,,,,,,,,,,
3.8430974158223212,grasp,,,,,,,,,,,,,,,,,,,,,1.826012372970581,0.5584625005722046,0.986960768699646,-0.4309329390525818,0.012487209402024746,0.006043543107807636,0.03550558537244797,1.8269976847974845,0.532357997014462,0.9896777336732988,-0.4573439358025442,0.013409688833181957,1.0878973933902621e-06,,,,,,,,,,,,
3.8630974158223212,grasp,,,,,,,,,,,,,,,,,,,,,1.8264847993850708,0.546029269695282,0.9877241849899292,-0.44375354051589966,0.012942178174853325,0.006044543348252773,0.03550558537244797,1.8269976847974845,0.532357997014462,0.9896777336732988,-0.4573439358025442,0.013409688833181957,1.0878973933902621e-06,,,,,,,,,,,,
3.8830974158223213,grasp,,,,,,,,,,,,,,,,,,,,,1.827473521232605,0.5200601816177368,0.9885660409927368,-0.4707193076610565,0.013928692787885666,0.006027970928698778,0.03550558537244797,1.8285365777840805,0.49186541529796945,0.9911675716756307,-0.49933633535249344,0.014948531287417036,9.202125367594166e-07,,,,,,,,,,,,
3.9030974158223213,grasp,,,,,,,,,,,,,,,,,,,,,1.827987790107727,0.5065790414810181,0.9886333346366882,-0.4846159517765045,0.014438892714679241,0.006035646423697472,0.03550558537244797,1.8285365777840805,0.49186541529796945,0.9911675716756307,-0.49933633535249344,0.014948531287417036,9.202125367594166e-07,,,,,,,,,,,,
3.923097415822321,grasp,,,,,,,,,,,,,,,,,,,,,1.8275113105773926,0.47959408164024353,0.9886087775230408,-0.5118073225021362,0.015435411594808102,0.0060376012697815895,0.03550558537244797,1.8269732804144616,0.4503605728102309,0.9909917585099408,-0.540656563906674,0.016490858680928654,7.477816021322605e-07,,,,,,,,,,,,
3.9430974158223213,grasp,,,,,,,,,,,,,,,,,,,,,1.8272534608840942,0.4655790328979492,0.9886052012443542,-0.5258163809776306,0.015979351475834846,0.006037966813892126,0.03550558537244797,1.8269732804144616,0.4503605728102309,0.9909917585099408,-0.540656563906674,0.016490858680928654,7.477816021322605e-07,,,,,,,,,,,,
3.963097415822321,grasp,,,,,,,,,,,,,,,,,,,,,1.802776575088501,0.45053642988204956,0.9755725264549255,-0.5277546644210815,0.015883387997746468,0.006043847184628248,0.03550558537244797,1.7766201223379945,0.4342067825503237,0.9638091309378121,-0.5297699761787602,0.016194181922266394,7.096957613235242e-07,,,,,,,,,,,,
3.9830974158223214,grasp,,,,,,,,,,,,,,,,,,,,,1.7900480031967163,0.44285887479782104,0.9685949683189392,-0.5287567377090454,0.01624349318444729,0.006034004967659712,0.03550558537244797,1.7766201223379945,0.4342067825503237,0.9638091309378121,-0.5297699761787602,0.016194181922266394,7.096957613235242e-07,,,,,,,,,,,,
4.003097415822321,grasp,,,,,,,,,,,,,,,,,,,,,1.7552685737609863,0.4320708215236664,0.9499108791351318,-0.5208228826522827,0.015807438641786575,0.006039194297045469,0.03550558537244797,1.7182017699901082,0.4201985840115537,0.9322018146617052,-0.5123458999874001,0.015661537126747865,6.8633759456617e-07,,,,,,,,,,,,
4.023097415822321,grasp,,,,,,,,,,,,,,,,,,,,,1.7372313737869263,0.42658793926239014,0.9400094747543335,-0.5167390704154968,0.016012724488973618,0.00602837186306715,0.03550558537244797,1.7182017699901082,0.4201985840115537,0.9322018146617052,-0.5123458999874001,0.015661537126747865,6.8633759456617e-07,,,,,,,,,,,,
4.043097415822321,grasp,,,,,,,,,,,,,,,,,,,,,1.698371410369873,0.41658487915992737,0.9191202521324158,-0.5057802200317383,0.015437643975019455,0.0060349078848958015,0.03550558537244797,1.6569827899791747,0.40551360979643736,0.8990824167480117,-0.4940886193812362,0.01510341159975129,6.61861442849701e-07,,,,,,,,,,,,
4.063097415822321,grasp,,,,,,,,,,,,,,,,,,,,,1.6782315969467163,0.41150155663490295,0.908074140548706,-0.5001380443572998,0.01557987928390503,0.006024879403412342,0.03550558537244797,1.6569827899791747,0.40551360979643736,0.8990824167480117,-0.4940886193812362,0.01510341159975129,6.61861442849701e-07,,,,,,,,,,,,
4.083097415822321,grasp,,,,,,,,,,,,,,,,,,,,,1.6370656490325928,0.4014001190662384,0.8859473466873169,-0.4880101680755615,0.01493169367313385,0.006032894365489483,0.03550558537244797,1.5932278003161482,0.39021418076162734,0.8645919053603416,-0.47507614573160173,0.014522209681413675,6.363733541024245e-07,,,,,,,,,,,,
4.1030974158223215,grasp,,,,,,,,,,,,,,,,,,,,,1.6157327890396118,0.39626699686050415,0.8742533922195435,-0.4817658066749573,0.015055164694786072,0.006022950168699026,0.03550558537244797,1.5932278003161482,0.39021418076162734,0.8645919053603416,-0.47507614573160173,0.014522209681413675,6.363733541024245e-07,,,,,,,,,,,,
4.123097415822321,grasp,,,,,,,,,,,,,,,,,,,,,1.5728669166564941,0.38587096333503723,0.8512163758277893,-0.4690024256706238,0.014366110786795616,0.006031711120158434,0.03550558537244797,1.5272205725176127,0.3743672589755828,0.8288829018849587,-0.45539301726708287,0.013920524098687012,6.099875087361806e-07,,,,,,,,,,,,
4.1430974158223215,grasp,,,,,,,,,,,,,,,,,,,,,1.5506525039672852,0.380588173866272,0.8390404582023621,-0.4624306559562683,0.014487006701529026,0.006021655164659023,0.03550558537244797,1.5272205725176127,0.3743672589755828,0.8288829018849587,-0.45539301726708287,0.013920524098687012,6.099875087361806e-07,,,,,,,,,,,,
4.163097415822321,grasp,,,,,,,,,,,,,,,,,,,,,1.506392002105713,0.3698813319206238,0.8152555227279663,-0.44921666383743286,0.013768261298537254,0.006030923221260309,0.03550558537244797,1.4592625425906487,0.35804404941105966,0.7921167177913104,-0.4351287275780932,0.01330106745479818,5.828218045643217e-07,,,,,,,,,,,,
4.183097415822321,grasp,,,,,,,,,,,,,,,,,,,,,1.4834550619125366,0.3644409775733948,0.8026817440986633,-0.4424130916595459,0.013891874812543392,0.0060206069611012936,0.03550558537244797,1.4592625425906487,0.35804404941105966,0.7921167177913104,-0.4351287275780932,0.01330106745479818,5.828218045643217e-07,,,,,,,,,,,,
4.203097415822321,grasp,,,,,,,,,,,,,,,,,,,,,1.4380342960357666,0.35345640778541565,0.7782726287841797,-0.4288434386253357,0.013149839825928211,0.006030283402651548,0.03550558537244797,1.389669382847297,0.3413199723575448,0.7544631834693278,-0.414377288742521,0.012666709660392057,5.550020827755448e-07,,,,,,,,,,,,
4.223097415822322,grasp,,,,,,,,,,,,,,,,,,,,,1.4144943952560425,0.34787502884864807,0.7653664350509644,-0.4218566119670868,0.013277392834424973,0.006019772496074438,0.03550558537244797,1.389669382847297,0.3413199723575448,0.7544631834693278,-0.414377288742521,0.012666709660392057,5.550020827755448e-07,,,,,,,,,,,,
4.243097415822321,grasp,,,,,,,,,,,,,,,,,,,,,1.3681340217590332,0.33665865659713745,0.7404515147209167,-0.40800395607948303,0.012516330927610397,0.006029739510267973,0.03550558537244797,1.3187692499887707,0.32427169770112185,0.716098622521415,-0.39323690769816155,0.012020464136673844,5.266612691270906e-07,,,,,,,,,,,,
4.263097415822321,grasp,,,,,,,,,,,,,,,,,,,,,1.3441063165664673,0.33095988631248474,0.7272742390632629,-0.4008711874485016,0.012648043222725391,0.006019063293933868,0.03550558537244797,1.3187692499887707,0.32427169770112185,0.716098622521415,-0.39323690769816155,0.012020464136673844,5.266612691270906e-07,,,,,,,,,,,,
4.283097415822321,grasp,,,,,,,,,,,,,,,,,,,,,1.2970274686813354,0.31956353783607483,0.7019721269607544,-0.3868035674095154,0.011871633119881153,0.006029242184013128,0.03550558537244797,1.2468992157201066,0.30698033310194056,0.6772053538675418,-0.3718080272167866,0.011365399562604664,4.979340378419186e-07,,,,,,,,,,,,
4.303097415822322,grasp,,,,,,,,,,,,,,,,,,,,,1.2726269960403442,0.3137740194797516,0.6885868906974792,-0.3795602023601532,0.012007023207843304,0.006018540821969509,0.03550558537244797,1.2468992157201066,0.30698033310194056,0.6772053538675418,-0.3718080272167866,0.011365399562604664,4.979340378419186e-07,,,,,,,,,,,,
4.323097415822321,grasp,,,,,,,,,,,,,,,,,,,,,1.2250564098358154,0.3022502064704895,0.6630181074142456,-0.36534541845321655,0.01121901348233223,0.0060288873501122,0.03550558537244797,1.1744045356396222,0.2895260007960397,0.6379686731494032,-0.35019336341178436,0.010704650878351102,4.689576038390332e-07,,,,,,,,,,,,
4.343097415822321,grasp,,,,,,,,,,,,,,,,,,,,,1.2003998756408691,0.29639673233032227,0.6494886875152588,-0.35802608728408813,0.011357573792338371,0.006018077023327351,0.03550558537244797,1.1744045356396222,0.2895260007960397,0.6379686731494032,-0.35019336341178436,0.010704650878351102,4.689576038390332e-07,,,,,,,,,,,,
4.363097415822321,grasp,,,,,,,,,,,,,,,,,,,,,1.1525660753250122,0.28480032086372375,0.6237755417823792,-0.34373265504837036,0.010561789385974407,0.0060286205261945724,0.03550558537244797,1.101633835282064,0.2719929856845266,0.5985773447925263,-0.3284967371053298,0.01004139055627867,4.3987082894905893e-07,,,,,,,,,,,,
4.383097415822321,grasp,,,,,,,,,,,,,,,,,,,,,1.1277719736099243,0.27891096472740173,0.6101668477058411,-0.3363727331161499,0.01070268452167511,0.0060177636332809925,0.03550558537244797,1.101633835282064,0.2719929856845266,0.5985773447925263,-0.3284967371053298,0.01004139055627867,4.3987082894905893e-07,,,,,,,,,,,,
4.403097415822321,grasp,,,,,,,,,,,,,,,,,,,,,1.0799052715301514,0.2672964632511139,0.5844333171844482,-0.32206952571868896,0.009903083555400372,0.006028464064002037,0.03550558537244797,1.0289387730935469,0.2544626148082137,0.5592205875156372,-0.30682315857959824,0.009378833361775968,4.10814465788948e-07,,,,,,,,,,,,
4.423097415822321,grasp,,,,,,,,,,,,,,,,,,,,,1.0550931692123413,0.2613988518714905,0.5708099603652954,-0.3147044777870178,0.010045691393315792,0.006017626263201237,0.03550558537244797,1.0289387730935469,0.2544626148082137,0.5592205875156372,-0.30682315857959824,0.009378833361775968,4.10814465788948e-07,,,,,,,,,,,,
4.443097415822321,grasp,,,,,,,,,,,,,,,,,,,,,1.0074243545532227,0.24982130527496338,0.5451803803443909,-0.30046042799949646,0.00924601685255766,0.0060284193605184555,0.03550558537244797,0.9566692950827623,0.23701949665640343,0.5200883663290355,-0.28527690461281224,0.008720168400730527,3.8192865206698386e-07,,,,,,,,,,,,
4.463097415822321,grasp,,,,,,,,,,,,,,,,,,,,,0.9827138781547546,0.24394409358501434,0.5316076278686523,-0.29312580823898315,0.009389513172209263,0.006017581559717655,0.03550558537244797,0.9566692950827623,0.23701949665640343,0.5200883663290355,-0.28527690461281224,0.008720168400730527,3.8192865206698386e-07,,,,,,,,,,,,
4.483097415822321,grasp,,,,,,,,,,,,,,,,,,,,,0.9354729056358337,0.23245814442634583,0.5062049627304077,-0.27900946140289307,0.008593791164457798,0.0060284496285021305,0.03550558537244797,0.8851732628497968,0.21974494805192474,0.481368245920569,-0.2639615247892943,0.008068558876177669,3.533528512077486e-07,,,,,,,,,,,,
4.503097415822321,grasp,,,,,,,,,,,,,,,,,,,,,0.9109829664230347,0.226628839969635,0.492747962474823,-0.271740585565567,0.008737375028431416,0.006017705425620079,0.03550558537244797,0.8851732628497968,0.21974494805192474,0.481368245920569,-0.2639615247892943,0.008068558876177669,3.533528512077486e-07,,,,,,,,,,,,
4.523097415822321,grasp,,,,,,,,,,,,,,,,,,,,,0.8643960952758789,0.21528765559196472,0.46769407391548157,-0.25781959295272827,0.007949475198984146,0.006028551142662764,0.03550558537244797,0.81479281072056,0.20271896427694225,0.44324501356637197,-0.24297888614771637,0.0074271208851580655,3.252236381823559e-07,,,,,,,,,,,,
4.543097415822321,grasp,,,,,,,,,,,,,,,,,,,,,0.8402441143989563,0.20953339338302612,0.4544171094894409,-0.25065112113952637,0.008092202246189117,0.006017873529344797,0.03550558537244797,0.81479281072056,0.20271896427694225,0.44324501356637197,-0.24297888614771637,0.0074271208851580655,3.252236381823559e-07,,,,,,,,,,,,
4.563097415822321,grasp,,,,,,,,,,,,,,,,,,,,,0.7945324182510376,0.19839099049568176,0.42983078956604004,-0.23699142038822174,0.007316199596971273,0.006028640549629927,0.03550558537244797,0.7458608830254557,0.1860233398518288,0.4058995426853401,-0.22242804319057405,0.006798889419256473,2.976732796146871e-07,,,,,,,,,,,,
4.583097415822321,grasp,,,,,,,,,,,,,,,,,,,,,0.7708329558372498,0.1927393674850464,0.41679689288139343,-0.22995725274085999,0.0074571603909134865,0.006018194369971752,0.03550558537244797,0.7458608830254557,0.1860233398518288,0.4058995426853401,-0.22242804319057405,0.006798889419256473,2.976732796146871e-07,,,,,,,,,,,,
4.6030974158223215,grasp,,,,,,,,,,,,,,,,,,,,,0.7262117862701416,0.18184617161750793,0.3927937150001526,-0.21662306785583496,0.006696897093206644,0.00602889945730567,0.03550558537244797,0.6787012035696262,0.16973229954067415,0.36950617287512344,-0.2024054336894411,0.006186817030960434,2.708307761267609e-07,,,,,,,,,,,,
4.623097415822321,grasp,,,,,,,,,,,,,,,,,,,,,0.7030768990516663,0.17632272839546204,0.3800640404224396,-0.20975634455680847,0.006835168693214655,0.0060186563059687614,0.03550558537244797,0.6787012035696262,0.16973229954067415,0.36950617287512344,-0.2024054336894411,0.006186817030960434,2.708307761267609e-07,,,,,,,,,,,,
4.6430974158223215,grasp,,,,,,,,,,,,,,,,,,,,,0.6597525477409363,0.165727898478508,0.35675495862960815,-0.19680945575237274,0.006094255018979311,0.006029260810464621,0.03550558537244797,0.6136236215620704,0.1539192597166135,0.3342323777258079,-0.1830033384079709,0.00559371579070185,2.4482020376624605e-07,,,,,,,,,,,,
4.663097415822321,grasp,,,,,,,,,,,,,,,,,,,,,0.6372894048690796,0.16035757958889008,0.34438878297805786,-0.19014212489128113,0.006229068618267775,0.006019217427819967,0.03550558537244797,0.6136236215620704,0.1539192597166135,0.3342323777258079,-0.1830033384079709,0.00559371579070185,2.4482020376624605e-07,,,,,,,,,,,,
4.683097415822321,grasp,,,,,,,,,,,,,,,,,,,,,0.5954594612121582,0.1501094549894333,0.32187962532043457,-0.17764143645763397,0.005511344876140356,0.006029628682881594,0.03550558537244797,0.5509212630087971,0.13865680578497172,0.30023765013311954,-0.1643091858186385,0.0050222517555691,2.1975895483351673e-07,,,,,,,,,,,,
4.703097415822321,grasp,,,,,,,,,,,,,,,,,,,,,0.5737701058387756,0.14491674304008484,0.30993375182151794,-0.17120376229286194,0.005641651339828968,0.006019903346896172,0.03550558537244797,0.5509212630087971,0.13865680578497172,0.30023765013311954,-0.1643091858186385,0.0050222517555691,2.1975895483351673e-07,,,,,,,,,,,,
4.723097415822322,grasp,,,,,,,,,,,,,,,,,,,,,0.5336199402809143,0.13505934178829193,0.2883238196372986,-0.15920469164848328,0.004950464237481356,0.006030065473169088,0.03550558537244797,0.490870428899509,0.12400864025910532,0.2676707125298257,-0.14640526041685356,0.004474944344776715,1.9575745553778909e-07,,,,,,,,,,,,
4.743097415822321,grasp,,,,,,,,,,,,,,,,,,,,,0.5128011107444763,0.13006633520126343,0.2768514156341553,-0.15302518010139465,0.005075497552752495,0.006020691245794296,0.03550558537244797,0.490870428899509,0.12400864025910532,0.2676707125298257,-0.14640526041685356,0.004474944344776715,1.9575745553778909e-07,,,,,,,,,,,,
4.763097415822321,grasp,,,,,,,,,,,,,,,,,,,,,0.4745030701160431,0.12064120173454285,0.25623342394828796,-0.1415792554616928,0.004414054565131664,0.0060304999351501465,0.03550558537244797,0.4337258134664374,0.110036145359447,0.23666932365021587,-0.12936746895773032,0.003954118479769863,1.7291731861999392e-07,,,,,,,,,,,,
4.783097415822321,grasp,,,,,,,,,,,,,,,,,,,,,0.45464396476745605,0.11586882919073105,0.24528411030769348,-0.13568443059921265,0.004533007740974426,0.006021571345627308,0.03550558537244797,0.4337258134664374,0.110036145359447,0.23666932365021587,-0.12936746895773032,0.003954118479769863,1.7291731861999392e-07,,,,,,,,,,,,
4.803097415822322,grasp,,,,,,,,,,,,,,,,,,,,,0.41835612058639526,0.10691367089748383,0.2257424145936966,-0.12483886629343033,0.0039044227451086044,0.006030948366969824,0.03550558537244797,0.3797191142497036,0.09679394427648187,0.20735837499269474,-0.11326481538727422,0.0034618838402942866,1.5133084722547405e-07,,,,,,,,,,,,
4.823097415822321,grasp,,,,,,,,,,,,,,,,,,,,,0.39953890442848206,0.10238068550825119,0.2153618186712265,-0.11925303936004639,0.004016455728560686,0.0060224770568311214,0.03550558537244797,0.3797191142497036,0.09679394427648187,0.20735837499269474,-0.11326481538727422,0.0034618838402942866,1.5133084722547405e-07,,,,,,,,,,,,
4.843097415822321,grasp,,,,,,,,,,,,,,,,,,,,,0.3654018044471741,0.09393061697483063,0.1969735324382782,-0.10904978215694427,0.003423685673624277,0.006031319499015808,0.03550558537244797,0.32905499757892187,0.08433405315361579,0.17984930324717488,-0.09815830437237817,0.0030001009392884932,1.3107960196459473e-07,,,,,,,,,,,,
4.863097415822321,grasp,,,,,,,,,,,,,,,,,,,,,0.3476996421813965,0.08965501189231873,0.187201127409935,-0.10379475355148315,0.003528414759784937,0.006023458670824766,0.03550558537244797,0.32905499757892187,0.08433405315361579,0.17984930324717488,-0.09815830437237817,0.0030001009392884932,1.3107960196459473e-07,,,,,,,,,,,,
4.883097415822321,grasp,,,,,,,,,,,,,,,,,,,,,0.3158363401889801,0.08174088597297668,0.1700286865234375,-0.09427069127559662,0.0029725173953920603,0.006031957920640707,0.03550558537244797,0.2819105855487517,0.07269878995826246,0.15423759582988453,-0.08410075205913728,0.0025703802845440786,1.1223425529516806e-07,,,,,,,,,,,,
4.903097415822321,grasp,,,,,,,,,,,,,,,,,,,,,0.29931312799453735,0.07773704826831818,0.16090261936187744,-0.08936528116464615,0.0030692173168063164,0.006024590693414211,0.03550558537244797,0.2819105855487517,0.07269878995826246,0.15423759582988453,-0.08410075205913728,0.0025703802845440786,1.1223425529516806e-07,,,,,,,,,,,,
4.923097415822321,grasp,,,,,,,,,,,,,,,,,,,,,0.2698270082473755,0.07038242369890213,0.14500504732131958,-0.08055130392313004,0.002554655307903886,0.0060324035584926605,0.03550558537244797,0.23843238974677933,0.061921860273809644,0.13060168860045315,-0.0711359315930578,0.0021740591445004033,9.485366454701268e-08,,,,,,,,,,,,
4.943097415822321,grasp,,,,,,,,,,,,,,,,,,,,,0.254536509513855,0.06666300445795059,0.13655264675617218,-0.07601156085729599,0.002642845269292593,0.006025685463100672,0.03550558537244797,0.23843238974677933,0.061921860273809644,0.13060168860045315,-0.0711359315930578,0.0021740591445004033,9.485366454701268e-08,,,,,,,,,,,,
4.963097415822321,grasp,,,,,,,,,,,,,,,,,,,,,0.227509006857872,0.059889815747737885,0.1219695582985878,-0.0679321214556694,0.0021686451509594917,0.006033021491020918,0.03550558537244797,0.1987321645163391,0.05203259250966092,0.10900262701538133,-0.05929729996014588,0.0018121594419707365,7.898285845300554e-08,,,,,,,,,,,,
4.983097415822321,grasp,,,,,,,,,,,,,,,,,,,,,0.21349351108074188,0.056464437395334244,0.11421731114387512,-0.06377063691616058,0.0022479253821074963,0.006026810500770807,0.03550558537244797,0.1987321645163391,0.05203259250966092,0.10900262701538133,-0.05929729996014588,0.0018121594419707365,7.898285845300554e-08,,,,,,,,,,,,
5.003097415822321,grasp,,,,,,,,,,,,,,,,,,,,,0.1889827996492386,0.05028749257326126,0.10098278522491455,-0.05644313991069794,0.001817182986997068,0.006033499725162983,0.03550558537244797,0.16288548226868996,0.04305114203971758,0.0894824313625041,-0.04860742946953927,0.0014853722276325207,6.465208350690898e-08,,,,,,,,,,,,
5.023097415822321,grasp,,,,,,,,,,,,,,,,,,,,,0.17627248167991638,0.04716405272483826,0.09394659847021103,-0.05266892910003662,0.0018874015659093857,0.00602792389690876,0.03550558537244797,0.16288548226868996,0.04305114203971758,0.0894824313625041,-0.04860742946953927,0.0014853722276325207,6.465208350690898e-08,,,,,,,,,,,,
5.043097415822321,grasp,,,,,,,,,,,,,,,,,,,,,0.15431152284145355,0.04159346967935562,0.08207862824201584,-0.046103306114673615,0.0015004101442173123,0.006033973768353462,0.03550558537244797,0.1309288249899783,0.034989297851769185,0.07206278895658424,-0.03907719074079535,0.0011940319620282434,5.187581194347474e-08,,,,,,,,,,,,
5.063097415822321,grasp,,,,,,,,,,,,,,,,,,,,,0.14292371273040771,0.03877667337656021,0.07576920092105865,-0.0427214540541172,0.0015613544965162873,0.006029005628079176,0.03550558537244797,0.1309288249899783,0.034989297851769185,0.07206278895658424,-0.03907719074079535,0.0011940319620282434,5.187581194347474e-08,,,,,,,,,,,,
5.083097415822321,grasp,,,,,,,,,,,,,,,,,,,,,0.12351910024881363,0.03381599858403206,0.06527167558670044,-0.03691969811916351,0.0012185423402115703,0.006034409161657095,0.03550558537244797,0.10285796055243462,0.02784852381671723,0.056742448299491176,-0.030705317851973557,0.0009381017277861965,4.0652250938828375e-08,,,,,,,,,,,,
5.1030974158223215,grasp,,,,,,,,,,,,,,,,,,,,,0.11345724761486053,0.03130733594298363,0.0596916601061821,-0.03393123671412468,0.0012702494859695435,0.006030102726072073,0.03550558537244797,0.10285796055243462,0.02784852381671723,0.056742448299491176,-0.030705317851973557,0.0009381017277861965,4.0652250938828375e-08,,,,,,,,,,,,
5.123097415822321,grasp,,,,,,,,,,,,,,,,,,,,,0.09658849984407425,0.026951836422085762,0.05055265501141548,-0.028887227177619934,0.0009713578619994223,0.0060347444377839565,0.03550558537244797,0.07862703600305145,0.021617491465914355,0.043493497542501834,-0.02347813562532958,0.0007171635151774651,3.0963107471035785e-08,,,,,,,,,,,,
5.1430974158223215,grasp,,,,,,,,,,,,,,,,,,,,,0.08784196525812149,0.024748878553509712,0.04569561406970024,-0.026289068162441254,0.0010143605759367347,0.006031102500855923,0.03550558537244797,0.07862703600305145,0.021617491465914355,0.043493497542501834,-0.02347813562532958,0.0007171635151774651,3.0963107471035785e-08,,,,,,,,,,,,
5.163097415822321,grasp,,,,,,,,,,,,,,,,,,,,,0.07345912605524063,0.020987315103411674,0.037884727120399475,-0.021987907588481903,0.0007584199775010347,0.006035123020410538,0.03550558537244797,0.0581440187563321,0.016274624142438212,0.032262617748823996,-0.017368214049857333,0.0005303784461508039,2.2771697087570934e-08,,,,,,,,,,,,
5.183097415822321,grasp,,,,,,,,,,,,,,,,,,,,,0.06600215286016464,0.0190842654556036,0.03373467177152634,-0.019772343337535858,0.0007916602189652622,0.006032147444784641,0.03550558537244797,0.0581440187563321,0.016274624142438212,0.032262617748823996,-0.017368214049857333,0.0005303784461508039,2.2771697087570934e-08,,,,,,,,,,,,
5.203097415822321,grasp,,,,,,,,,,,,,,,,,,,,,0.05402161553502083,0.015901513397693634,0.027209972962737083,-0.016189146786928177,0.000579044979531318,0.006035441067069769,0.03550558537244797,0.04126385172172544,0.011796485793423173,0.022973902282370853,-0.012332399365306303,0.00037642734966374266,1.6020245316782827e-08,,,,,,,,,,,,
5.223097415822322,grasp,,,,,,,,,,,,,,,,,,,,,0.04781085625290871,0.014291119761765003,0.0237429216504097,-0.01434339489787817,0.0006036133272573352,0.0060331132262945175,0.03550558537244797,0.04126385172172544,0.011796485793423173,0.022973902282370853,-0.012332399365306303,0.00037642734966374266,1.6020245316782827e-08,,,,,,,,,,,,
5.243097415822321,grasp,,,,,,,,,,,,,,,,,,,,,0.03811163827776909,0.011675521731376648,0.018443677574396133,-0.011442060582339764,0.00042978639248758554,0.0060358368791639805,0.03550558537244797,0.02778199357225913,0.00816566706495599,0.01553056880330727,-0.008309963558061996,0.00025345477648419846,1.0627383062562245e-08,,,,,,,,,,,,
5.263097415822321,grasp,,,,,,,,,,,,,,,,,,,,,0.033084120601415634,0.0103510906919837,0.015630070120096207,-0.009947570040822029,0.0004472987202461809,0.0060340361669659615,0.03550558537244797,0.02778199357225913,0.00816566706495599,0.01553056880330727,-0.008309963558061996,0.00025345477648419846,1.0627383062562245e-08,,,,,,,,,,,,
5.283097415822321,grasp,,,,,,,,,,,,,,,,,,,,,0.025510232895612717,0.008280379697680473,0.011480740271508694,-0.00768166221678257,0.00031154215685091913,0.006036075763404369,0.03550558537244797,0.01744260845051527,0.005343829751265217,0.0098051362033055,-0.005224817927631567,0.0001591355541698476,6.491120840045265e-09,,,,,,,,,,,,
5.303097415822322,grasp,,,,,,,,,,,,,,,,,,,,,0.02158511057496071,0.007230774033814669,0.009279468096792698,-0.006514488719403744,0.0003220164217054844,0.006034746300429106,0.03550558537244797,0.01744260845051527,0.005343829751265217,0.0098051362033055,-0.005224817927631567,0.0001591355541698476,6.491120840045265e-09,,,,,,,,,,,,
5.323097415822321,grasp,,,,,,,,,,,,,,,,,,,,,0.015944860875606537,0.0056720455177128315,0.006182053126394749,-0.004826814867556095,0.00021946101333014667,0.006036394741386175,0.03550558537244797,0.009934948617587444,0.00327459023085754,0.005638522652476576,-0.002984465033762588,9.064270794123405e-05,3.4874618955295897e-09,,,,,,,,,,,,
5.343097415822321,grasp,,,,,,,,,,,,,,,,,,,,,0.01302258763462305,0.004880551714450121,0.004541166592389345,-0.003957514185458422,0.00022444830392487347,0.0060355039313435555,0.03550558537244797,0.009934948617587444,0.00327459023085754,0.005638522652476576,-0.002984465033762588,9.064270794123405e-05,3.4874618955295897e-09,,,,,,,,,,,,
5.363097415822321,grasp,,,,,,,,,,,,,,,,,,,,,0.0090873958542943,0.0037869468796998262,0.0023780756164342165,-0.002779874950647354,0.00015207738033495843,0.006036675069481134,0.03550558537244797,0.0048917055494641795,0.0018808788259246417,0.002837921028449488,-0.0014794867816266455,4.4631867779366804e-05,1.4697234115168071e-09,,,,,,,,,,,,
5.383097415822322,grasp,,,,,,,,,,,,,,,,,,,,,0.007049309555441141,0.003230699338018894,0.0012340620160102844,-0.0021732922177761793,0.00015240799984894693,0.00603611720725894,0.03550558537244797,0.0048917055494641795,0.0018808788259246417,0.002837921028449488,-0.0014794867816266455,4.4631867779366804e-05,1.4697234115168071e-09,,,,,,,,,,,,
5.403097415822321,grasp,,,,,,,,,,,,,,,,,,,,,0.004555028397589922,0.0025190296582877636,2.6212861484964378e-05,-0.0014262530021369457,0.00010468903201399371,0.006037346553057432,0.03550558537244797,0.0018920222819082482,0.0010507468483665686,0.0011716126933504548,-0.0005843277256732647,1.7264643429149414e-05,2.695746011514e-10,,,,,,,,,,,,
5.423097415822321,grasp,,,,,,,,,,,,,,,,,,,,,0.003264221828430891,0.0021518163848668337,5.9513466112548485e-05,-0.00104140501935035,0.00010153185576200485,0.006037320010364056,0.03550558537244797,0.0018920222819082482,0.0010507468483665686,0.0011716126933504548,-0.0005843277256732647,1.7264643429149414e-05,2.695746011514e-10,,,,,,,,,,,,
5.443097415822321,grasp,,,,,,,,,,,,,,,,,,,,,0.0019067543325945735,0.0017688896041363478,7.356352580245584e-05,-0.0006349518662318587,7.49098981032148e-05,0.006037523504346609,0.03550558537244797,0.000452689952367107,0.0006524400391487161,0.0003720774784329092,-0.00015480536460897408,4.13308530419179e-06,-3.0629033552649377e-10,,,,,,,,,,,,
5.463097415822322,grasp,,,,,,,,,,,,,,,,,,,,,0.0012049598153680563,0.0015707288403064013,7.545440166722983e-05,-0.00042548144119791687,6.968718662392348e-05,0.006037467624992132,0.03550558537244797,0.000452689952367107,0.0006524400391487161,0.0003720774784329092,-0.00015480536460897408,4.13308530419179e-06,-3.0629033552649377e-10,,,,,,,,,,,,
5.483097415822321,grasp,,,,,,,,,,,,,,,,,,,,,0.000638744852039963,0.0014126357855275273,7.382324110949412e-05,-0.000255839986493811,5.707901073037647e-05,0.006037678103893995,0.03550558537244797,2.5438479766659813e-05,0.0005342066532706494,0.00013474340400095963,-2.7305924033033565e-05,2.3511300148781218e-07,-4.77230072901243e-10,,,,,,,,,,,,
5.503097415822321,grasp,,,,,,,,,,,,,,,,,,,,,0.00034645668347366154,0.0013307733461260796,7.465601083822548e-05,-0.00016842808690853417,5.1819013606291264e-05,0.006037753075361252,0.03550558537244797,2.5438479766659813e-05,0.0005342066532706494,0.00013474340400095963,-2.7305924033033565e-05,2.3511300148781218e-07,-4.77230072901243e-10,,,,,,,,,,,,
5.506969185600222,grasp,,,,,,,,,,,,,,,,,,,,,0.0001827228261390701,0.0012855652021244168,7.41561088943854e-05,-0.00011973534128628671,4.645419176085852e-05,0.00603787275031209,0.03550558537244797,-8.668261131106192e-08,0.0005271430709399283,0.00012056442210450768,-1.968876131286379e-05,2.237557250595046e-09,-4.87442475272104e-10,,,,,,,,,,,,
0.0,grasp,,,,,,,,,,,,,,,,,,,,,,,,,,,3.8855837658502423e-08,,,,,,,0.043,,,,,,,,,,,
0.02,grasp,,,,,,,,,,,,,,,,,,,,,,,,,,,4.856667146668769e-06,,,,,,,0.043,,,,,,,,,,,
0.04,grasp,,,,,,,,,,,,,,,,,,,,,,,,,,,4.075902688782662e-05,,,,,,,0.043,,,,,,,,,,,
0.06,grasp,,,,,,,,,,,,,,,,,,,,,,,,,,,0.00014516340161208063,,,,,,,0.043,,,,,,,,,,,
0.08,grasp,,,,,,,,,,,,,,,,,,,,,,,,,,,0.0003563179634511471,,,,,,,0.043,,,,,,,,,,,
0.1,grasp,,,,,,,,,,,,,,,,,,,,,,,,,,,0.0007082634547259659,,,,,,,0.043,,,,,,,,,,,
0.12,grasp,,,,,,,,,,,,,,,,,,,,,,,,,,,0.001228436070960015,,,,,,,0.043,,,,,,,,,,,
0.14,grasp,,,,,,,,,,,,,,,,,,,,,,,,,,,0.0019369506044313312,,,,,,,0.043,,,,,,,,,,,
0.16,grasp,,,,,,,,,,,,,,,,,,,,,,,,,,,0.002846437622793019,,,,,,,0.043,,,,,,,,,,,
0.18,grasp,,,,,,,,,,,,,,,,,,,,,,,,,,,0.003962451359257102,,,,,,,0.043,,,,,,,,,,,
0.2,grasp,,,,,,,,,,,,,,,,,,,,,,,,,,,0.0052838430274277925,,,,,,,0.043,,,,,,,,,,,
0.22,grasp,,,,,,,,,,,,,,,,,,,,,,,,,,,0.006803404772654176,,,,,,,0.043,,,,,,,,,,,
0.24,grasp,,,,,,,,,,,,,,,,,,,,,,,,,,,0.008508495055139065,,,,,,,0.043,,,,,,,,,,,
0.26,grasp,,,,,,,,,,,,,,,,,,,,,,,,,,,0.010381693486124277,,,,,,,0.043,,,,,,,,,,,
0.28,grasp,,,,,,,,,,,,,,,,,,,,,,,,,,,0.012401464860886335,,,,,,,0.043,,,,,,,,,,,
0.3,grasp,,,,,,,,,,,,,,,,,,,,,,,,,,,0.014542856253683567,,,,,,,0.043,,,,,,,,,,,
0.32,grasp,,,,,,,,,,,,,,,,,,,,,,,,,,,0.016778131015598774,,,,,,,0.043,,,,,,,,,,,
0.34,grasp,,,,,,,,,,,,,,,,,,,,,,,,,,,0.019077499397099018,,,,,,,0.043,,,,,,,,,,,
0.36,grasp,,,,,,,,,,,,,,,,,,,,,,,,,,,0.021409736946225166,,,,,,,0.043,,,,,,,,,,,
0.38,grasp,,,,,,,,,,,,,,,,,,,,,,,,,,,0.023742946796119213,,,,,,,0.043,,,,,,,,,,,
0.4,grasp,,,,,,,,,,,,,,,,,,,,,,,,,,,0.026045171543955803,,,,,,,0.043,,,,,,,,,,,
0.42,grasp,,,,,,,,,,,,,,,,,,,,,,,,,,,0.028285084292292595,,,,,,,0.043,,,,,,,,,,,
0.44,grasp,,,,,,,,,,,,,,,,,,,,,,,,,,,0.030432719737291336,,,,,,,0.043,,,,,,,,,,,
0.46,grasp,,,,,,,,,,,,,,,,,,,,,,,,,,,0.03246011212468147,,,,,,,0.043,,,,,,,,,,,
0.48,grasp,,,,,,,,,,,,,,,,,,,,,,,,,,,0.03434199094772339,,,,,,,0.043,,,,,,,,,,,
0.5,grasp,,,,,,,,,,,,,,,,,,,,,,,,,,,0.0360563974827528,,,,,,,0.043,,,,,,,,,,,
0.52,grasp,,,,,,,,,,,,,,,,,,,,,,,,,,,0.037585511803627014,,,,,,,0.043,,,,,,,,,,,
0.54,grasp,,,,,,,,,,,,,,,,,,,,,,,,,,,0.0389162078499794,,,,,,,0.043,,,,,,,,,,,
0.56,grasp,,,,,,,,,,,,,,,,,,,,,,,,,,,0.04004077799618244,,,,,,,0.043,,,,,,,,,,,
0.58,grasp,,,,,,,,,,,,,,,,,,,,,,,,,,,0.04095758497714996,,,,,,,0.043,,,,,,,,,,,
0.6,grasp,,,,,,,,,,,,,,,,,,,,,,,,,,,0.04167182743549347,,,,,,,0.043,,,,,,,,,,,
0.62,grasp,,,,,,,,,,,,,,,,,,,,,,,,,,,0.042196109890937805,,,,,,,0.043,,,,,,,,,,,
0.64,grasp,,,,,,,,,,,,,,,,,,,,,,,,,,,0.0425511971116066,,,,,,,0.043,,,,,,,,,,,
0.66,grasp,,,,,,,,,,,,,,,,,,,,,,,,,,,0.04276668466627598,,,,,,,0.043,,,,,,,,,,,
0.68,grasp,,,,,,,,,,,,,,,,,,,,,,,,,,,0.042881689965724945,,,,,,,0.043,,,,,,,,,,,
0.68,grasp,,,,,,,,,,,,,,,,,,,,,-1.6435299698969175e-07,0.0010455925948917866,0.00012923307076562196,-3.906256824848242e-05,7.986722394548451e-09,-8.581240162897075e-10,0.042881689965724945,-8.668261131106192e-08,0.0005271430709399283,0.00012056442210450768,-1.968876131286379e-05,2.237557250595046e-09,-4.87442475272104e-10,,,,,,,,,,,,
0.7000000000000001,grasp,,,,,,,,,,,,,,,,,,,,,-1.6574929873058863e-07,0.0010503509547561407,0.00012924121983814985,-3.9242906495928764e-05,7.94416266103326e-09,-9.13929876222852e-10,0.042881689965724945,-8.668261131106192e-08,0.0005271430709399283,0.00012056442210450768,-1.968876131286379e-05,2.237557250595046e-09,-4.87442475272104e-10,,,,,,,,,,,,
0.7200000000000001,grasp,,,,,,,,,,,,,,,,,,,,,0.00010378711158409715,0.001082106726244092,0.0001290782238356769,-7.101422670530155e-05,1.3458044350045384e-06,-9.184109472926139e-09,0.042881689965724945,0.00021896518585296336,0.0005877613314961786,0.00024224562522848464,-8.505773706754595e-05,2.0007283162996167e-06,-3.9980166658755013e-10,,,,,,,,,,,,
0.74,grasp,,,,,,,,,,,,,,,,,,,,,0.00015848463226575404,0.0010986434062942863,0.00012906674237456173,-8.739026088733226e-05,1.3487768910636078e-06,2.278356614482391e-09,0.042881689965724945,0.00021896518585296336,0.0005877613314961786,0.00024224562522848464,-8.505773706754595e-05,2.0007283162996167e-06,-3.9980166658755013e-10,,,,,,,,,,,,
0.76,grasp,,,,,,,,,,,,,,,,,,,,,0.0008960687555372715,0.0013038392644375563,0.00012747080472763628,-0.000308926246361807,1.0595576895866543e-05,-5.190653240561005e-08,0.042881689965724945,0.001692365562187771,0.0009954957919319292,0.0010607053116223097,-0.0005247466102332598,1.5443101705414206e-05,1.8969360114360238e-10,,,,,,,,,,,,
0.78,grasp,,,,,,,,,,,,,,,,,,,,,0.001278119976632297,0.0014110154006630182,0.00012743734987452626,-0.00042316230246797204,1.0712079529184848e-05,2.3666968829161306e-08,0.042881689965724945,0.001692365562187771,0.0009954957919319292,0.0010607053116223097,-0.0005247466102332598,1.5443101705414206e-05,1.8969360114360238e-10,,,,,,,,,,,,
0.8,grasp,,,,,,,,,,,,,,,,,,,,,0.0033275119494646788,0.0019981826189905405,0.0005018444499000907,-0.001036431873217225,3.554053182597272e-05,-1.1042861558507866e-07,0.042881689965724945,0.005520506783655643,0.002054843340605253,0.0031871940335068166,-0.00166713190274982,5.036864127722764e-05,1.721301099756062e-09,,,,,,,,,,,,
0.8200000000000001,grasp,,,,,,,,,,,,,,,,,,,,,0.0043886820785701275,0.00228914269246161,0.0007730918587185442,-0.0013519313652068377,3.65185878763441e-05,8.507645077315829e-08,0.042881689965724945,0.005520506783655643,0.002054843340605253,0.0031871940335068166,-0.00166713190274982,5.036864127722764e-05,1.721301099756062e-09,,,,,,,,,,,,
0.8400000000000001,grasp,,,,,,,,,,,,,,,,,,,,,0.008382049389183521,0.003393810475245118,0.002808896591886878,-0.0025451385881751776,8.410782902501523e-05,-1.5915165363367123e-07,0.042881689965724945,0.012644094607267465,0.0040219388776788646,0.007142351330736477,-0.0037929036527469314,0.00011535859579321586,4.571342387688849e-09,,,,,,,,,,,,
0.8600000000000001,grasp,,,,,,,,,,,,,,,,,,,,,0.010449209250509739,0.00395335303619504,0.003897720715031028,-0.0031596554908901453,8.715159492567182e-05,1.9676997453643708e-07,0.042881689965724945,0.012644094607267465,0.0040219388776788646,0.007142351330736477,-0.0037929036527469314,0.00011535859579321586,4.571342387688849e-09,,,,,,,,,,,,
0.8800000000000001,grasp,,,,,,,,,,,,,,,,,,,,,0.01693861559033394,0.005741396453231573,0.007430150173604488,-0.005098481196910143,0.00016391868120990694,-1.8877783247717161e-07,0.042881689965724945,0.02385645362001136,0.007095022193723789,0.013357129918408669,-0.007138636246323123,0.00021764492538385257,9.05698216098038e-09,,,,,,,,,,,,
0.9,grasp,,,,,,,,,,,,,,,,,,,,,0.02029704675078392,0.0066472003236413,0.009308243170380592,-0.006097049918025732,0.0001702989247860387,3.5921303265240567e-07,0.042881689965724945,0.02385645362001136,0.007095022193723789,0.013357129918408669,-0.007138636246323123,0.00021764492538385257,9.05698216098038e-09,,,,,,,,,,,,
0.92,grasp,,,,,,,,,,,,,,,,,,,,,0.02974698506295681,0.009221387095749378,0.01448853313922882,-0.00892011821269989,0.00028171742451377213,-1.960437572279261e-07,0.042881689965724945,0.03981438146312313,0.011408289449564903,0.02217464037177498,-0.011899953767548288,0.0003632068336919936,1.5440468518291346e-08,,,,,,,,,,,,
0.9400000000000001,grasp,,,,,,,,,,,,,,,,,,,,,0.034636735916137695,0.010526308789849281,0.017238158732652664,-0.010374133475124836,0.0002926082815974951,5.692876356988563e-07,0.042881689965724945,0.03981438146312313,0.011408289449564903,0.02217464037177498,-0.011899953767548288,0.0003632068336919936,1.5440468518291346e-08,,,,,,,,,,,,
0.9600000000000001,grasp,,,,,,,,,,,,,,,,,,,,,0.047425881028175354,0.01394851878285408,0.024232681840658188,-0.01419425942003727,0.00044315721606835723,-1.795163626638896e-07,0.042881689965724945,0.06104530771785756,0.017034296323936347,0.03385460022121798,-0.018233668452880058,0.0005568361391733049,2.393199362051497e-08,,,,,,,,,,,,
0.98,grasp,,,,,,,,,,,,,,,,,,,,,0.05404257774353027,0.015683740377426147,0.027941958978772163,-0.016161834821105003,0.00045958373812027276,8.224980660997971e-07,0.042881689965724945,0.06104530771785756,0.017034296323936347,0.03385460022121798,-0.018233668452880058,0.0005568361391733049,2.393199362051497e-08,,,,,,,,,,,,
1.0,grasp,,,,,,,,,,,,,,,,,,,,,0.07046152651309967,0.01999172940850258,0.03688719496130943,-0.021065520122647285,0.0006526962388306856,-1.3930431919106923e-07,0.042881689965724945,0.08794181919823846,0.02401687315157951,0.04858808104002136,-0.026256421014056626,0.0008020970364578237,3.468783578902923e-08,,,,,,,,,,,,
1.02,grasp,,,,,,,,,,,,,,,,,,,,,0.0789552852511406,0.022176316007971764,0.04162781685590744,-0.023591188713908195,0.000675536401104182,1.113212988457235e-06,0.042881689965724945,0.08794181919823846,0.02401687315157951,0.04858808104002136,-0.026256421014056626,0.0008020970364578237,3.468783578902923e-08,,,,,,,,,,,,
1.04,grasp,,,,,,,,,,,,,,,,,,,,,0.09920332580804825,0.02740483172237873,0.052626289427280426,-0.029637787491083145,0.0009135341388173401,-7.460576512130501e-08,0.042881689965724945,0.12075611636347033,0.0324068575864991,0.06651246062888003,-0.036043318061382834,0.0011012858082049004,4.780853999368602e-08,,,,,,,,,,,,
1.06,grasp,,,,,,,,,,,,,,,,,,,,,0.10967694967985153,0.030056536197662354,0.05845172703266144,-0.0327521450817585,0.0009435235406272113,1.4352353900903836e-06,0.042881689965724945,0.12075611636347033,0.0324068575864991,0.06651246062888003,-0.036043318061382834,0.0011012858082049004,4.780853999368602e-08,,,,,,,,,,,,
1.08,grasp,,,,,,,,,,,,,,,,,,,,,0.13387157022953033,0.03622817248106003,0.07156788557767868,-0.03997666761279106,0.0012277680216357112,1.2393055470738545e-08,0.042881689965724945,0.15962151382870757,0.042231814767570194,0.0877045358764631,-0.047634067981027726,0.001455616645925921,6.334720009331418e-08,,,,,,,,,,,,
1.1,grasp,,,,,,,,,,,,,,,,,,,,,0.1463855355978012,0.03935861587524414,0.07851126044988632,-0.04369775950908661,0.00126548670232296,1.7817831121647032e-06,0.042881689965724945,0.15962151382870757,0.042231814767570194,0.0877045358764631,-0.047634067981027726,0.001455616645925921,6.334720009331418e-08,,,,,,,,,,,,
1.12,grasp,,,,,,,,,,,,,,,,,,,,,0.17457152903079987,0.04647748917341232,0.09376883506774902,-0.05211358889937401,0.0015964419580996037,1.2004113614239031e-07,0.042881689965724945,0.2045661878170552,0.05348791303804429,0.1121773759244985,-0.06103702453266905,0.0018653419736727184,8.13151202873359e-08,,,,,,,,,,,,
1.1400000000000001,grasp,,,,,,,,,,,,,,,,,,,,,0.1891489028930664,0.050088971853256226,0.10184154659509659,-0.05644825100898743,0.0016423308989033103,2.146356791854487e-06,0.042881689965724945,0.2045661878170552,0.05348791303804429,0.1121773759244985,-0.06103702453266905,0.0018653419736727184,8.13151202873359e-08,,,,,,,,,,,,
1.1600000000000001,grasp,,,,,,,,,,,,,,,,,,,,,0.2213013619184494,0.058149322867393494,0.11922726035118103,-0.06604791432619095,0.0020196102559566498,2.461840722389752e-07,0.042881689965724945,0.25551387169665046,0.06616125610204536,0.13988951235188743,-0.07622952386076898,0.0023297655335317467,1.0168212128321834e-07,,,,,,,,,,,,
1.1800000000000002,grasp,,,,,,,,,,,,,,,,,,,,,0.23792900145053864,0.06223924085497856,0.12842097878456116,-0.07099234312772751,0.002073976444080472,2.5212646050931653e-06,0.042881689965724945,0.25551387169665046,0.06616125610204536,0.13988951235188743,-0.07622952386076898,0.0023297655335317467,1.0168212128321834e-07,,,,,,,,,,,,
1.2000000000000002,grasp,,,,,,,,,,,,,,,,,,,,,0.27396079897880554,0.07121635973453522,0.14788690209388733,-0.08174974471330643,0.00249643437564373,3.883068870891293e-07,0.042881689965724945,0.31229810696668253,0.08020443419057259,0.17074797129535585,-0.09316179296529872,0.002847364666026414,1.2438138351483988e-07,,,,,,,,,,,,
1.2200000000000002,grasp,,,,,,,,,,,,,,,,,,,,,0.29259324073791504,0.07577245682477951,0.15817485749721527,-0.08729048073291779,0.002559458604082465,2.900481149481493e-06,0.042881689965724945,0.31229810696668253,0.08020443419057259,0.17074797129535585,-0.09316179296529872,0.002847364666026414,1.2438138351483988e-07,,,,,,,,,,,,
1.2400000000000002,grasp,,,,,,,,,,,,,,,,,,,,,0.3323584794998169,0.08562824130058289,0.17964234948158264,-0.09916196763515472,0.003025228390470147,5.434918648461462e-07,0.042881689965724945,0.3746654497960842,0.09555265438674562,0.20461490605438684,-0.11175798532617076,0.003415822373931264,1.4931085442641677e-07,,,,,,,,,,,,
1.26,grasp,,,,,,,,,,,,,,,,,,,,,0.3529202938079834,0.09063144028186798,0.1909816563129425,-0.1052764430642128,0.003096985397860408,3.2764919524197467e-06,0.042881689965724945,0.3746654497960842,0.09555265438674562,0.20461490605438684,-0.11175798532617076,0.003415822373931264,1.4931085442641677e-07,,,,,,,,,,,,
1.28,grasp,,,,,,,,,,,,,,,,,,,,,0.39621877670288086,0.10131900757551193,0.21434426307678223,-0.1182020977139473,0.0036035694647580385,7.084070716700808e-07,0.042881689965724945,0.4422819260621037,0.11213070961680474,0.2413118810841707,-0.13191852117079508,0.004032100795822628,1.763371397161278e-07,,,,,,,,,,,,
1.3,grasp,,,,,,,,,,,,,,,,,,,,,0.41860607266426086,0.10674580186605453,0.22667720913887024,-0.1248595342040062,0.0036840136162936687,3.6418964555196e-06,0.042881689965724945,0.4422819260621037,0.11213070961680474,0.2413118810841707,-0.13191852117079508,0.004032100795822628,1.763371397161278e-07,,,,,,,,,,,,
1.32,grasp,,,,,,,,,,,,,,,,,,,,,0.46519041061401367,0.11820284277200699,0.2518017590045929,-0.1387656331062317,0.004228334873914719,8.807546691969037e-07,0.042881689965724945,0.5147469004561604,0.1298360043844985,0.2806204722827588,-0.15352396830785417,0.0046925568861536085,2.053005654548855e-07,,,,,,,,,,,,
1.34,grasp,,,,,,,,,,,,,,,,,,,,,0.489275187253952,0.1240217462182045,0.2650568187236786,-0.1459280252456665,0.004317311570048332,3.990768163930625e-06,0.042881689965724945,0.5147469004561604,0.1298360043844985,0.2806204722827588,-0.15352396830785417,0.0046925568861536085,2.053005654548855e-07,,,,,,,,,,,,
1.36,grasp,,,,,,,,,,,,,,,,,,,,,0.538854718208313,0.1361790895462036,0.2917875647544861,-0.16072764992713928,0.0048957569524645805,1.0549657645242405e-06,0.042881689965724945,0.5915944054926487,0.14856065091822815,0.32229012237033655,-0.17643555377391026,0.005392944625883772,2.3601543423355644e-07,,,,,,,,,,,,
1.3800000000000001,grasp,,,,,,,,,,,,,,,,,,,,,0.5644863843917847,0.14235512912273407,0.30588117241859436,-0.1683501899242401,0.004993016831576824,4.315887963457499e-06,0.042881689965724945,0.5915944054926487,0.14856065091822815,0.32229012237033655,-0.17643555377391026,0.005392944625883772,2.3601543423355644e-07,,,,,,,,,,,,
1.4,grasp,,,,,,,,,,,,,,,,,,,,,0.6167317032814026,0.15513353049755096,0.3340418040752411,-0.18394534289836884,0.005601551849395037,1.2320472251303727e-06,0.042881689965724945,0.6723052449172278,0.16817968597186944,0.36603988357739664,-0.20049857083812517,0.006128526235911343,2.682744153080073e-07,,,,,,,,,,,,
1.42,grasp,,,,,,,,,,,,,,,,,,,,,0.6437399387359619,0.1616266816854477,0.3488803505897522,-0.19197751581668854,0.005706729833036661,4.614606950781308e-06,0.042881689965724945,0.6723052449172278,0.16817968597186944,0.36603988357739664,-0.20049857083812517,0.006128526235911343,2.682744153080073e-07,,,,,,,,,,,,
1.44,grasp,,,,,,,,,,,,,,,,,,,,,0.6982905864715576,0.1749383509159088,0.3782762289047241,-0.20826034247875214,0.0063409823924303055,1.4031422779225977e-06,0.042881689965724945,0.7563139379526801,0.18855575906168007,0.4115629456063896,-0.2255444407877006,0.006894156266763852,3.0185111179103806e-07,,,,,,,,,,,,
1.46,grasp,,,,,,,,,,,,,,,,,,,,,0.7264888882637024,0.18170392513275146,0.3937564492225647,-0.21664665639400482,0.0064535741694271564,4.880826054431964e-06,0.042881689965724945,0.7563139379526801,0.18855575906168007,0.4115629456063896,-0.2255444407877006,0.006894156266763852,3.0185111179103806e-07,,,,,,,,,,,,
1.48,grasp,,,,,,,,,,,,,,,,,,,,,0.7829552888870239,0.19545727968215942,0.4241785407066345,-0.23350097239017487,0.0071088471449911594,1.5676989733037772e-06,0.042881689965724945,0.8430138490954601,0.20954871222662935,0.45853252952313733,-0.25139246999738024,0.007684322825262014,3.365028182683833e-07,,,,,,,,,,,,
1.5,grasp,,,,,,,,,,,,,,,,,,,,,0.8121420741081238,0.20244869589805603,0.44018998742103577,-0.2421816885471344,0.007228305097669363,5.106635398988146e-06,0.042881689965724945,0.8430138490954601,0.20954871222662935,0.45853252952313733,-0.25139246999738024,0.007684322825262014,3.365028182683833e-07,,,,,,,,,,,,
1.52,grasp,,,,,,,,,,,,,,,,,,,,,0.8701125979423523,0.21654513478279114,0.471416711807251,-0.25948482751846313,0.007899662479758263,1.7219102801391273e-06,0.042881689965724945,0.9317686655811183,0.23100578805234476,0.5066038834195026,-0.2778531514300701,0.008493225956758945,3.719761385902349e-07,,,,,,,,,,,,
1.54,grasp,,,,,,,,,,,,,,,,,,,,,0.90007483959198,0.22371229529380798,0.48784247040748596,-0.2683965861797333,0.00802530162036419,5.289391992846504e-06,0.042881689965724945,0.9317686655811183,0.23100578805234476,0.5066038834195026,-0.2778531514300701,0.008493225956758945,3.719761385902349e-07,,,,,,,,,,,,
1.56,grasp,,,,,,,,,,,,,,,,,,,,,0.9591206908226013,0.23804868757724762,0.5196425914764404,-0.2860206961631775,0.00870764721184969,1.861678128989297e-06,0.042881689965724945,1.0219184024335162,0.25276887484757804,0.5554194919667342,-0.30473010471926576,0.009314849097721642,4.0800842691820793e-07,,,,,,,,,,,,
1.58,grasp,,,,,,,,,,,,,,,,,,,,,0.9896369576454163,0.2453390508890152,0.5363614559173584,-0.29509782791137695,0.008838684298098087,5.4256702242128085e-06,0.042881689965724945,1.0219184024335162,0.25276887484757804,0.5554194919667342,-0.30473010471926576,0.009314849097721642,4.0800842691820793e-07,,,,,,,,,,,,
1.6,grasp,,,,,,,,,,,,,,,,,,,,,1.0493167638778687,0.2598113417625427,0.5684981942176819,-0.31291118264198303,0.009526800364255905,1.9837407307932153e-06,0.042881689965724945,1.1127858864709386,0.27468034081745263,0.6046142208003349,-0.3318217148404934,0.010143034428250866,4.443283524360079e-07,,,,,,,,,,,,
1.62,grasp,,,,,,,,,,,,,,,,,,,,,1.0801581144332886,0.2671719193458557,0.5853855609893799,-0.3220856189727783,0.009662351571023464,5.515134944289457e-06,0.042881689965724945,1.1127858864709386,0.27468034081745263,0.6046142208003349,-0.3318217148404934,0.010143034428250866,4.443283524360079e-07,,,,,,,,,,,,
1.6400000000000001,grasp,,,,,,,,,,,,,,,,,,,,,1.1400226354599,0.2816734313964844,0.6176168918609619,-0.3399546444416046,0.01035101804882288,2.0875438622169895e-06,0.042881689965724945,1.203686899577403,0.2965777602860205,0.6538179690421271,-0.3589240119115244,0.010971543031410316,4.806618946685718e-07,,,,,,,,,,,,
1.6600000000000001,grasp,,,,,,,,,,,,,,,,,,,,,1.1709575653076172,0.2890496850013733,0.6345463991165161,-0.34915757179260254,0.010490103624761105,5.555371444643242e-06,0.042881689965724945,1.203686899577403,0.2965777602860205,0.6538179690421271,-0.3589240119115244,0.010971543031410316,4.806618946685718e-07,,,,,,,,,,,,
1.6800000000000002,grasp,,,,,,,,,,,,,,,,,,,,,1.2305558919906616,0.30347320437431335,0.6666301488876343,-0.3669474124908447,0.01117410883307457,2.17103320210299e-06,0.042881689965724945,1.2939367659862693,0.31829868700483255,0.7026608573622708,-0.38583273020719927,0.011794124279819266,5.167353195764583e-07,,,,,,,,,,,,
1.7000000000000002,grasp,,,,,,,,,,,,,,,,,,,,,1.261352300643921,0.31081047654151917,0.6834750771522522,-0.3761095702648163,0.011315644718706608,5.550431524170563e-06,0.042881689965724945,1.2939367659862693,0.31829868700483255,0.7026608573622708,-0.38583273020719927,0.011794124279819266,5.167353195764583e-07,,,,,,,,,,,,
1.7200000000000002,grasp,,,,,,,,,,,,,,,,,,,,,1.3202378749847412,0.3250493109226227,0.7151707410812378,-0.3936868906021118,0.011989856138825417,2.236462023574859e-06,0.042881689965724945,1.382857775559043,0.3396826971977186,0.750777624209415,-0.41234621757472134,0.012604621129918824,5.522791840864439e-07,,,,,,,,,,,,
1.7400000000000002,grasp,,,,,,,,,,,,,,,,,,,,,1.3506637811660767,0.3322932720184326,0.731805145740509,-0.4027397036552429,0.012132769450545311,5.499542567122262e-06,0.042881689965724945,1.382857775559043,0.3396826971977186,0.750777624209415,-0.41234621757472134,0.012604621129918824,5.522791840864439e-07,,,,,,,,,,,,
1.7600000000000002,grasp,,,,,,,,,,,,,,,,,,,,,1.4083954095840454,0.3462429940700531,0.7628769278526306,-0.41997310519218445,0.012792211957275867,2.2828526198281907e-06,0.042881689965724945,1.469787553331244,0.3605729533092602,0.7978111610837393,-0.43826712266914536,0.013397006038135371,5.870291708260453e-07,,,,,,,,,,,,
1.7800000000000002,grasp,,,,,,,,,,,,,,,,,,,,,1.4382238388061523,0.35334035754203796,0.7791773676872253,-0.4288487434387207,0.012935332953929901,5.4026800171413925e-06,0.042881689965724945,1.469787553331244,0.3605729533092602,0.7978111610837393,-0.43826712266914536,0.013397006038135371,5.870291708260453e-07,,,,,,,,,,,,
1.8000000000000003,grasp,,,,,,,,,,,,,,,,,,,,,1.4943758249282837,0.36689940094947815,0.809396505355835,-0.44561105966567993,0.013575248420238495,2.3055795281834435e-06,0.042881689965724945,1.554086630446755,0.3808182220391676,0.8434172144017713,-0.4634042766177757,0.01416541632670774,6.207268380778013e-07,,,,,,,,,,,,
1.8200000000000003,grasp,,,,,,,,,,,,,,,,,,,,,1.5233858823776245,0.37379834055900574,0.825244128704071,-0.45424410700798035,0.013717333786189556,5.263841103442246e-06,0.042881689965724945,1.554086630446755,0.3808182220391676,0.8434172144017713,-0.4634042766177757,0.01416541632670774,6.207268380778013e-07,,,,,,,,,,,,
1.8399999999999999,grasp,,,,,,,,,,,,,,,,,,,,,1.5775498151779175,0.3868696689605713,0.8543917536735535,-0.47041356563568115,0.014333191327750683,2.307218892383389e-06,0.042881689965724945,1.6351457702566314,0.40027409201763936,0.8872688570096613,-0.4875764542074601,0.014904335559514027,6.531310606725722e-07,,,,,,,,,,,,
1.8599999999999999,grasp,,,,,,,,,,,,,,,,,,,,,1.6055309772491455,0.39352062344551086,0.8696727156639099,-0.4787410795688629,0.01447301171720028,5.086432338430313e-06,0.042881689965724945,1.6351457702566314,0.40027409201763936,0.8872688570096613,-0.4875764542074601,0.014904335559514027,6.531310606725722e-07,,,,,,,,,,,,
1.88,grasp,,,,,,,,,,,,,,,,,,,,,1.6573221683502197,0.40601277351379395,0.8975436091423035,-0.4942029118537903,0.01506064459681511,2.2901656393514713e-06,0.042881689965724945,1.7123942173841924,0.41880573468186016,0.9290598347955482,-0.510613843099608,0.015608588229939102,6.840155886717984e-07,,,,,,,,,,,,
1.9,grasp,,,,,,,,,,,,,,,,,,,,,1.6840763092041016,0.4123692810535431,0.9121506810188293,-0.5021659731864929,0.015196964144706726,4.875607373833191e-06,0.042881689965724945,1.7123942173841924,0.41880573468186016,0.9290598347955482,-0.510613843099608,0.015608588229939102,6.840155886717984e-07,,,,,,,,,,,,
1.92,grasp,,,,,,,,,,,,,,,,,,,,,1.7332724332809448,0.42412084341049194,0.9386293292045593,-0.5169657468795776,0.01575838215649128,2.249062617920572e-06,0.042881689965724945,1.7855843773291833,0.43613018629773015,0.9686640658274762,-0.5326731709512115,0.016284880955560334,7.122933919852209e-07,,,,,,,,,,,,
1.94,grasp,,,,,,,,,,,,,,,,,,,,,1.7586849927902222,0.4300994277000427,0.9525030851364136,-0.5245880484580994,0.01589239574968815,4.642096428142395e-06,0.042881689965724945,1.7855843773291833,0.43613018629773015,0.9686640658274762,-0.5326731709512115,0.016284880955560334,7.122933919852209e-07,,,,,,,,,,,,
1.96,grasp,,,,,,,,,,,,,,,,,,,,,1.7937729358673096,0.4474187195301056,0.9712534546852112,-0.5260403752326965,0.015946093946695328,2.766807256193715e-06,0.042881689965724945,1.8310683945747706,0.4654336026642545,0.9929774708409898,-0.5275649020023713,0.015991967643908506,8.086067548957068e-07,,,,,,,,,,,,
1.98,grasp,,,,,,,,,,,,,,,,,,,,,1.811889886856079,0.4563547372817993,0.9810316562652588,-0.5267874598503113,0.015883207321166992,3.93243863072712e-06,0.042881689965724945,1.8310683945747706,0.4654336026642545,0.9929774708409898,-0.5275649020023713,0.015991967643908506,8.086067548957068e-07,,,,,,,,,,,,
2.0,grasp,,,,,,,,,,,,,,,,,,,,,1.8194808959960938,0.48668211698532104,0.9846624732017517,-0.5000224709510803,0.014894167892634869,3.4963600228365976e-06,0.042881689965724945,1.827517762521981,0.5186488222286887,0.9901812751021337,-0.4715610064238135,0.013929796606786298,1.0312223397569266e-06,,,,,,,,,,,,
2.02,grasp,,,,,,,,,,,,,,,,,,,,,1.8233829736709595,0.5024830102920532,0.9864437580108643,-0.4862341284751892,0.014405126683413982,2.786619916150812e-06,0.042881689965724945,1.827517762521981,0.5186488222286887,0.9901812751021337,-0.4715610064238135,0.013929796606786298,1.0312223397569266e-06,,,,,,,,,,,,
2.04,grasp,,,,,,,,,,,,,,,,,,,,,1.8245104551315308,0.5336464643478394,0.9865216612815857,-0.45514410734176636,0.013288205489516258,2.2591514152736636e-06,0.042881689965724945,1.8257100132227841,0.5663568173516524,0.9884310434591129,-0.4220851350058906,0.01212192136517969,1.2282190176436106e-06,,,,,,,,,,,,
2.06,grasp,,,,,,,,,,,,,,,,,,,,,1.8250902891159058,0.5498331189155579,0.9864887595176697,-0.43912744522094727,0.012716120108962059,1.914400627356372e-06,0.042881689965724945,1.8257100132227841,0.5663568173516524,0.9884310434591129,-0.4220851350058906,0.01212192136517969,1.2282190176436106e-06,,,,,,,,,,,,
2.08,grasp,,,,,,,,,,,,,,,,,,,,,1.824613094329834,0.5788554549217224,0.9857474565505981,-0.4093189835548401,0.011639905162155628,1.6625965599814663e-06,0.042881689965724945,1.8240886700905932,0.609231565173655,0.9868611606785799,-0.3776214968311882,0.010500171342564438,1.4049289317183844e-06,,,,,,,,,,,,
2.1,grasp,,,,,,,,,,,,,,,,,,,,,1.8245375156402588,0.5939023494720459,0.985175609588623,-0.393964558839798,0.010666185058653355,4.9442340241512284e-05,0.042881689965724945,1.8240886700905932,0.609231565173655,0.9868611606785799,-0.3776214968311882,0.010500171342564438,1.4049289317183844e-06,,,,,,,,,,,,
2.12,grasp,,,,,,,,,,,,,,,,,,,,,1.823843002319336,0.6199237108230591,0.984282910823822,-0.367001473903656,0.009399723261594772,8.127395994961262e-05,0.042881689965724945,1.8226561252516216,0.6471273803015668,0.9854737239612448,-0.3383224762281547,0.00906699733218384,1.561095788785131e-06,,,,,,,,,,,,
2.14,grasp,,,,,,,,,,,,,,,,,,,,,1.8232694864273071,0.6334470510482788,0.9838256239891052,-0.35310864448547363,0.00924642849713564,4.061423896928318e-05,0.042881689965724945,1.8226561252516216,0.6471273803015668,0.9854737239612448,-0.3383224762281547,0.00906699733218384,1.561095788785131e-06,,,,,,,,,,,,
2.16,grasp,,,,,,,,,,,,,,,,,,,,,1.8227217197418213,0.6561944484710693,0.9835842251777649,-0.32943081855773926,0.007754069287329912,0.00011756455933209509,0.042881689965724945,1.821413453861141,0.6799752333165632,0.98427005638338,-0.3042597534945408,0.007823748102989716,1.6965701408438859e-06,,,,,,,,,,,,
2.18,grasp,,,,,,,,,,,,,,,,,,,,,1.8224347829818726,0.6680033802986145,0.983283281326294,-0.31723442673683167,0.0069390833377838135,0.00015648860426153988,0.042881689965724945,1.821413453861141,0.6799752333165632,0.98427005638338,-0.3042597534945408,0.007823748102989716,1.6965701408438859e-06,,,,,,,,,,,,
2.2,grasp,,,,,,,,,,,,,,,,,,,,,1.8216900825500488,0.6875331401824951,0.9825242757797241,-0.296970009803772,0.0062049804255366325,0.00015613024879712611,0.042881689965724945,1.820359289918863,0.7077895605864136,0.9832489171819412,-0.27541809125956207,0.006769257280036769,1.8114776026768263e-06,,,,,,,,,,,,
2.22,grasp,,,,,,,,,,,,,,,,,,,,,1.8212370872497559,0.6976431012153625,0.982037365436554,-0.28653067350387573,0.006074248813092709,0.00012712209718301892,0.042881689965724945,1.820359289918863,0.7077895605864136,0.9832489171819412,-0.27541809125956207,0.006769257280036769,1.8114776026768263e-06,,,,,,,,,,,,
2.24,grasp,,,,,,,,,,,,,,,,,,,,,1.8205426931381226,0.7138968110084534,0.9813767075538635,-0.2696551978588104,0.005701359361410141,0.00010897251922870055,0.042881689965724945,1.819489704461294,0.7306746386535878,0.9824064988867711,-0.2516885665864391,0.005899365385091861,1.9062704774954273e-06,,,,,,,,,,,,
2.2600000000000002,grasp,,,,,,,,,,,,,,,,,,,,,1.8201265335083008,0.722099781036377,0.9815858006477356,-0.2606258988380432,0.006566980388015509,-0.004562462214380503,0.042881689965724945,1.819489704461294,0.7306746386535878,0.9824064988867711,-0.2516885665864391,0.005899365385091861,1.9062704774954273e-06,,,,,,,,,,,,
2.2800000000000002,grasp,,,,,,,,,,,,,,,,,,,,,1.8194122314453125,0.7346416115760803,0.9826332330703735,-0.24626260995864868,0.009079685434699059,-0.016547096893191338,0.042881689965724945,1.81879705393682,0.748831573363965,0.9817355464023712,-0.23286246043316283,0.0052065570839233775,1.9817677086040404e-06,,,,,,,,,,,,
2.3000000000000003,grasp,,,,,,,,,,,,,,,,,,,,,1.8191981315612793,0.7413886189460754,0.9827859401702881,-0.2385786771774292,0.008525528013706207,-0.018096646293997765,0.042881689965724945,1.81879705393682,0.748831573363965,0.9817355464023712,-0.23286246043316283,0.0052065570839233775,1.9817677086040404e-06,,,,,,,,,,,,
2.3200000000000003,grasp,,,,,,,,,,,,,,,,,,,,,1.8188562393188477,0.7514114379882812,0.9831230640411377,-0.2269134819507599,0.00795033946633339,-0.02005016803741455,0.042881689965724945,1.8182704248439505,0.7625644362346067,0.9812253424666969,-0.21862422404833093,0.004679910042615111,2.0391570665079244e-06,,,,,,,,,,,,
2.3400000000000003,grasp,,,,,,,,,,,,,,,,,,,,,1.8186635971069336,0.7566107511520386,0.9831966161727905,-0.2209583967924118,0.007625202648341656,-0.020153304561972618,0.042881689965724945,1.8182704248439505,0.7625644362346067,0.9812253424666969,-0.21862422404833093,0.004679910042615111,2.0391570665079244e-06,,,,,,,,,,,,
2.36,grasp,,,,,,,,,,,,,,,,,,,,,1.8183506727218628,0.7639257311820984,0.9832621216773987,-0.2127194106578827,0.0075154234655201435,-0.02172762155532837,0.042881689965724945,1.8178944075815942,0.7722868492874393,0.9808611473936286,-0.2085450007091134,0.004303918000182393,2.0801288632912747e-06,,,,,,,,,,,,
2.38,grasp,,,,,,,,,,,,,,,,,,,,,1.8181333541870117,0.7677033543586731,0.9832673072814941,-0.2085229456424713,0.007712118793278933,-0.023076683282852173,0.042881689965724945,1.8178944075815942,0.7722868492874393,0.9808611473936286,-0.2085450007091134,0.004303918000182393,2.0801288632912747e-06,,,,,,,,,,,,
2.4,grasp,,,,,,,,,,,,,,,,,,,,,1.8178787231445312,0.7725287079811096,0.9835218787193298,-0.20288048684597015,0.007290852256119251,-0.02208036370575428,0.042881689965724945,1.8176486857751875,0.7785291197838443,0.9806231126292364,-0.20207663711070895,0.004058203869075632,2.1069041339247526e-06,,,,,,,,,,,,
2.42,grasp,,,,,,,,,,,,,,,,,,,,,1.817797303199768,0.7749446034431458,0.9838077425956726,-0.19998517632484436,0.00636421050876379,-0.019727595150470734,0.042881689965724945,1.8176486857751875,0.7785291197838443,0.9806231126292364,-0.20207663711070895,0.004058203869075632,2.1069041339247526e-06,,,,,,,,,,,,
2.44,grasp,,,,,,,,,,,,,,,,,,,,,1.8177176713943481,0.7777489423751831,0.9841294288635254,-0.19657480716705322,0.005350226536393166,-0.017198583111166954,0.042881689965724945,1.817511614323702,0.7819421915841203,0.9804904040815681,-0.19854212645358643,0.0039211932232952424,2.1218342197435724e-06,,,,,,,,,,,,
2.46,grasp,,,,,,,,,,,,,,,,,,,,,1.8177006244659424,0.7791957855224609,0.9843062162399292,-0.19483400881290436,0.004747884813696146,-0.015934817492961884,0.042881689965724945,1.817511614323702,0.7819421915841203,0.9804904040815681,-0.19854212645358643,0.0039211932232952424,2.1218342197435724e-06,,,,,,,,,,,,
2.48,grasp,,,,,,,,,,,,,,,,,,,,,1.8176751136779785,0.7805660367012024,0.984460711479187,-0.19314496219158173,0.004390073474496603,-0.014719069004058838,0.042881689965724945,1.8174564774890116,0.7833054432483736,0.9804369394061582,-0.1971306293805695,0.0038660554757270994,2.1278424623516485e-06,,,,,,,,,,,,
2.5,grasp,,,,,,,,,,,,,,,,,,,,,1.8176723718643188,0.7812725305557251,0.9845466613769531,-0.1922866553068161,0.004162767436355352,-0.014088920317590237,0.042881689965724945,1.8174564774890116,0.7833054432483736,0.9804369394061582,-0.1971306293805695,0.0038660554757270994,2.1278424623516485e-06,,,,,,,,,,,,
2.52,grasp,,,,,,,,,,,,,,,,,,,,,1.8176735639572144,0.7817407250404358,0.9846100211143494,-0.1917334347963333,0.004001278430223465,-0.013674343936145306,0.042881689965724945,1.8174471545802975,0.7835349804609381,0.9804279460768179,-0.19689304578695616,0.0038567653296087425,2.128854690467892e-06,,,,,,,,,,,,
2.523097415822321,grasp,,,,,,,,,,,,,,,,,,,,,1.8176665306091309,0.7819833159446716,0.9846515655517578,-0.19146429002285004,0.003964552655816078,-0.013445967808365822,0.042881689965724945,1.8174470663070679,0.7835371494293213,0.9804278612136841,-0.19689080119132996,0.0038566775619983673,2.1288642528816126e-06,,,,,,,,,,,,
2.523097415822321,grasp,,,,,,,,,,,,,,,,,,,,,,,,,,,0.043264029547572136,,,,,,,0.0,,,,,,,,,,,
2.543097415822321,grasp,,,,,,,,,,,,,,,,,,,,,,,,,,,0.04326293803751469,,,,,,,0.0,,,,,,,,,,,
2.563097415822321,grasp,,,,,,,,,,,,,,,,,,,,,,,,,,,0.04326080344617367,,,,,,,0.0,,,,,,,,,,,
2.583097415822321,grasp,,,,,,,,,,,,,,,,,,,,,,,,,,,0.043259622529149055,,,,,,,0.0,,,,,,,,,,,
2.603097415822321,grasp,,,,,,,,,,,,,,,,,,,,,,,,,,,0.0432592798024416,,,,,,,0.0,,,,,,,,,,,
2.623097415822321,grasp,,,,,,,,,,,,,,,,,,,,,,,,,,,0.043258728459477425,,,,,,,0.0,,,,,,,,,,,
2.643097415822321,grasp,,,,,,,,,,,,,,,,,,,,,,,,,,,0.04325792007148266,,,,,,,0.0,,,,,,,,,,,
2.663097415822321,grasp,,,,,,,,,,,,,,,,,,,,,,,,,,,0.043249182403087616,,,,,,,0.0,,,,,,,,,,,
2.683097415822321,grasp,,,,,,,,,,,,,,,,,,,,,,,,,,,0.0432389322668314,,,,,,,0.0,,,,,,,,,,,
2.703097415822321,grasp,,,,,,,,,,,,,,,,,,,,,,,,,,,0.04322047159075737,,,,,,,0.0,,,,,,,,,,,
2.723097415822321,grasp,,,,,,,,,,,,,,,,,,,,,,,,,,,0.04314282722771168,,,,,,,0.0,,,,,,,,,,,
2.743097415822321,grasp,,,,,,,,,,,,,,,,,,,,,,,,,,,0.042887816205620766,,,,,,,0.0,,,,,,,,,,,
2.7630974158223207,grasp,,,,,,,,,,,,,,,,,,,,,,,,,,,0.04236583784222603,,,,,,,0.0,,,,,,,,,,,
2.783097415822321,grasp,,,,,,,,,,,,,,,,,,,,,,,,,,,0.040899427607655525,,,,,,,0.0,,,,,,,,,,,
2.8030974158223207,grasp,,,,,,,,,,,,,,,,,,,,,,,,,,,0.03908528946340084,,,,,,,0.0,,,,,,,,,,,
2.8230974158223208,grasp,,,,,,,,,,,,,,,,,,,,,,,,,,,0.03717484883964062,,,,,,,0.0,,,,,,,,,,,
2.843097415822321,grasp,,,,,,,,,,,,,,,,,,,,,,,,,,,0.036274226382374763,,,,,,,0.0,,,,,,,,,,,
2.863097415822321,grasp,,,,,,,,,,,,,,,,,,,,,,,,,,,0.03601914271712303,,,,,,,0.0,,,,,,,,,,,
2.883097415822321,grasp,,,,,,,,,,,,,,,,,,,,,,,,,,,0.03596258535981178,,,,,,,0.0,,,,,,,,,,,
2.903097415822321,grasp,,,,,,,,,,,,,,,,,,,,,,,,,,,0.03588493727147579,,,,,,,0.0,,,,,,,,,,,
2.923097415822321,grasp,,,,,,,,,,,,,,,,,,,,,,,,,,,0.03586161509156227,,,,,,,0.0,,,,,,,,,,,
2.943097415822321,grasp,,,,,,,,,,,,,,,,,,,,,,,,,,,0.035819003358483315,,,,,,,0.0,,,,,,,,,,,
2.963097415822321,grasp,,,,,,,,,,,,,,,,,,,,,,,,,,,0.03579847887158394,,,,,,,0.0,,,,,,,,,,,
2.983097415822321,grasp,,,,,,,,,,,,,,,,,,,,,,,,,,,0.035772617906332016,,,,,,,0.0,,,,,,,,,,,
3.003097415822321,grasp,,,,,,,,,,,,,,,,,,,,,,,,,,,0.03574466332793236,,,,,,,0.0,,,,,,,,,,,
3.023097415822321,grasp,,,,,,,,,,,,,,,,,,,,,,,,,,,0.03557990491390228,,,,,,,0.0,,,,,,,,,,,
3.043097415822321,grasp,,,,,,,,,,,,,,,,,,,,,,,,,,,0.035555049777030945,,,,,,,0.0,,,,,,,,,,,
3.063097415822321,grasp,,,,,,,,,,,,,,,,,,,,,,,,,,,0.035543305799365044,,,,,,,0.0,,,,,,,,,,,
3.083097415822321,grasp,,,,,,,,,,,,,,,,,,,,,,,,,,,0.03553169593214989,,,,,,,0.0,,,,,,,,,,,
3.103097415822321,grasp,,,,,,,,,,,,,,,,,,,,,,,,,,,0.03552141599357128,,,,,,,0.0,,,,,,,,,,,
3.123097415822321,grasp,,,,,,,,,,,,,,,,,,,,,,,,,,,0.03551339544355869,,,,,,,0.0,,,,,,,,,,,
3.143097415822321,grasp,,,,,,,,,,,,,,,,,,,,,,,,,,,0.035508956760168076,,,,,,,0.0,,,,,,,,,,,
3.163097415822321,grasp,,,,,,,,,,,,,,,,,,,,,,,,,,,0.03550654649734497,,,,,,,0.0,,,,,,,,,,,
3.183097415822321,grasp,,,,,,,,,,,,,,,,,,,,,,,,,,,0.03550572879612446,,,,,,,0.0,,,,,,,,,,,
3.203097415822321,grasp,,,,,,,,,,,,,,,,,,,,,,,,,,,0.03550558537244797,,,,,,,0.0,,,,,,,,,,,
3.203097415822321,grasp,,,,,,,,,,,,,,,,,,,,,1.8173376321792603,0.7831660509109497,0.9847834706306458,-0.18868562579154968,0.00495305098593235,-0.009327884763479233,0.03550558537244797,1.8174470663070679,0.7835371494293213,0.9804278612136841,-0.19689080119132996,0.0038566775619983673,2.1288642528816126e-06,,,,,,,,,,,,
3.223097415822321,grasp,,,,,,,,,,,,,,,,,,,,,1.8173418045043945,0.7831366658210754,0.9847187995910645,-0.18857569992542267,0.004962870851159096,-0.00932828988879919,0.03550558537244797,1.8174470663070679,0.7835371494293213,0.9804278612136841,-0.19689080119132996,0.0038566775619983673,2.1288642528816126e-06,,,,,,,,,,,,
3.243097415822321,grasp,,,,,,,,,,,,,,,,,,,,,1.8173493146896362,0.7830899953842163,0.9846465587615967,-0.18847650289535522,0.004914065357297659,-0.009367073886096478,0.03550558537244797,1.8174509311433025,0.7834421274167662,0.9804315805552634,-0.19698914181004848,0.003860522836725139,2.1284452977576745e-06,,,,,,,,,,,,
3.263097415822321,grasp,,,,,,,,,,,,,,,,,,,,,1.8173458576202393,0.7830628752708435,0.984584629535675,-0.18836894631385803,0.004921802785247564,-0.009359380230307579,0.03550558537244797,1.8174509311433025,0.7834421274167662,0.9804315805552634,-0.19698914181004848,0.003860522836725139,2.1284452977576745e-06,,,,,,,,,,,,
3.283097415822321,grasp,,,,,,,,,,,,,,,,,,,,,1.8173409700393677,0.7828543782234192,0.9843717217445374,-0.1881999522447586,0.004429059103131294,-0.009600557386875153,0.03550558537244797,1.8174770412151322,0.7827973166440677,0.9804568922953311,-0.19765673404974549,0.003886625657000837,2.125600989019742e-06,,,,,,,,,,,,
3.303097415822321,grasp,,,,,,,,,,,,,,,,,,,,,1.8172966241836548,0.7827500700950623,0.9841859340667725,-0.1879199743270874,0.004275674466043711,-0.009654546156525612,0.03550558537244797,1.8174770412151322,0.7827973166440677,0.9804568922953311,-0.19765673404974549,0.003886625657000837,2.125600989019742e-06,,,,,,,,,,,,
3.323097415822321,grasp,,,,,,,,,,,,,,,,,,,,,1.8174082040786743,0.782051682472229,0.9837983846664429,-0.18815812468528748,0.002764160977676511,-0.010665467008948326,0.03550558537244797,1.8175453015348904,0.7811067998447931,0.9805230022115713,-0.19940713639122748,0.003954851216580137,2.1181664756875345e-06,,,,,,,,,,,,
3.3430974158223212,grasp,,,,,,,,,,,,,,,,,,,,,1.817461609840393,0.7816891074180603,0.9836255311965942,-0.18833859264850616,0.002111012116074562,-0.01115407794713974,0.03550558537244797,1.8175453015348904,0.7811067998447931,0.9805230022115713,-0.19940713639122748,0.003954851216580137,2.1181664756875345e-06,,,,,,,,,,,,
3.3630974158223212,grasp,,,,,,,,,,,,,,,,,,,,,1.8175734281539917,0.7800006866455078,0.9834680557250977,-0.1905958354473114,0.0016398073639720678,-0.013309722766280174,0.03550558537244797,1.8176723174864553,0.777931582593032,0.9806460218547899,-0.20269571754318708,0.004081852159334409,2.104327215715266e-06,,,,,,,,,,,,
3.3830974158223213,grasp,,,,,,,,,,,,,,,,,,,,,1.8176368474960327,0.7791299223899841,0.9834824204444885,-0.1919834315776825,0.0014017351204529405,-0.014428739435970783,0.03550558537244797,1.8176723174864553,0.777931582593032,0.9806460218547899,-0.20269571754318708,0.004081852159334409,2.104327215715266e-06,,,,,,,,,,,,
3.4030974158223213,grasp,,,,,,,,,,,,,,,,,,,,,1.8177567720413208,0.7762556076049805,0.9835442900657654,-0.19599470496177673,0.0014687516959384084,-0.015860773622989655,0.03550558537244797,1.8178709102538513,0.7728878408591614,0.9808383993218257,-0.20792210160138408,0.004280436538933953,2.0826876315900966e-06,,,,,,,,,,,,
3.4230974158223213,grasp,,,,,,,,,,,,,,,,,,,,,1.817844271659851,0.7747150659561157,0.9836925268173218,-0.19832313060760498,0.00186311942525208,-0.01640016958117485,0.03550558537244797,1.8178709102538513,0.7728878408591614,0.9808383993218257,-0.20792210160138408,0.004280436538933953,2.0826876315900966e-06,,,,,,,,,,,,
3.4430974158223213,grasp,,,,,,,,,,,,,,,,,,,,,1.8179758787155151,0.7705153226852417,0.9833141565322876,-0.2027597576379776,0.0019701742567121983,-0.01717626489698887,0.03550558537244797,1.818151778004344,0.765644014180841,0.9811103983446903,-0.21543141636743665,0.004561241601272916,2.052088362859217e-06,,,,,,,,,,,,
3.463097415822321,grasp,,,,,,,,,,,,,,,,,,,,,1.8180993795394897,0.7682971358299255,0.9833730459213257,-0.20544268190860748,0.002168098697438836,-0.016669001430273056,0.03550558537244797,1.818151778004344,0.765644014180841,0.9811103983446903,-0.21543141636743665,0.004561241601272916,2.052088362859217e-06,,,,,,,,,,,,
3.4830974158223214,grasp,,,,,,,,,,,,,,,,,,,,,1.81825590133667,0.76250821352005,0.9832556247711182,-0.2118654102087021,0.0025024537462741137,-0.015408164821565151,0.03550558537244797,1.8185257438580595,0.755917793657252,0.9814726732814993,-0.22551536124970661,0.004935194102225864,2.011338562743412e-06,,,,,,,,,,,,
3.503097415822321,grasp,,,,,,,,,,,,,,,,,,,,,1.8183573484420776,0.7594854235649109,0.9832789301872253,-0.21520373225212097,0.0025987352710217237,-0.014351029880344868,0.03550558537244797,1.8185257438580595,0.755917793657252,0.9814726732814993,-0.22551536124970661,0.004935194102225864,2.011338562743412e-06,,,,,,,,,,,,
3.523097415822321,grasp,,,,,,,,,,,,,,,,,,,,,1.818663477897644,0.7519518733024597,0.9831609129905701,-0.2236207276582718,0.0030218753963708878,-0.012551707215607166,0.03550558537244797,1.8190017562712315,0.7434753603016929,0.9819338915146546,-0.23841596081272082,0.0054113362541029645,1.959452490266446e-06,,,,,,,,,,,,
3.543097415822321,grasp,,,,,,,,,,,,,,,,,,,,,1.818847417831421,0.7480453848838806,0.983104407787323,-0.22783194482326508,0.0031157725024968386,-0.011768156662583351,0.03550558537244797,1.8190017562712315,0.7434753603016929,0.9819338915146546,-0.23841596081272082,0.0054113362541029645,1.959452490266446e-06,,,,,,,,,,,,
3.563097415822321,grasp,,,,,,,,,,,,,,,,,,,,,1.8192195892333984,0.7386473417282104,0.9830425977706909,-0.23871243000030518,0.0037346903700381517,-0.009041987359523773,0.03550558537244797,1.8195865105613456,0.7281292828891309,0.9825002775661019,-0.25432782901415735,0.005996189994259617,1.8957193099155475e-06,,,,,,,,,,,,
3.583097415822321,grasp,,,,,,,,,,,,,,,,,,,,,1.8194321393966675,0.7337620258331299,0.9830595254898071,-0.24427957832813263,0.003991321194916964,-0.008352026343345642,0.03550558537244797,1.8195865105613456,0.7281292828891309,0.9825002775661019,-0.25432782901415735,0.005996189994259617,1.8957193099155475e-06,,,,,,,,,,,,
3.603097415822321,grasp,,,,,,,,,,,,,,,,,,,,,1.8197956085205078,0.7224366664886475,0.9826242327690125,-0.2583955228328705,0.0054117245599627495,-0.001397864194586873,0.03550558537244797,1.8202854185624693,0.7097359905821433,0.9831773563463422,-0.2733998131012768,0.006695360605219419,1.8195300909096871e-06,,,,,,,,,,,,
3.623097415822321,grasp,,,,,,,,,,,,,,,,,,,,,1.8199636936187744,0.7165142297744751,0.9825403094291687,-0.26567819714546204,0.006244123447686434,0.0021806659642606974,0.03550558537244797,1.8202854185624693,0.7097359905821433,0.9831773563463422,-0.2733998131012768,0.006695360605219419,1.8195300909096871e-06,,,,,,,,,,,,
3.643097415822321,grasp,,,,,,,,,,,,,,,,,,,,,1.8204761743545532,0.7031222581863403,0.982577919960022,-0.28026071190834045,0.006928360555320978,0.0040277051739394665,0.03550558537244797,1.8211021927620343,0.6881938422525536,0.9839685278067914,-0.2957374805562311,0.007512359486381015,1.7305020123211888e-06,,,,,,,,,,,,
3.663097415822321,grasp,,,,,,,,,,,,,,,,,,,,,1.8207521438598633,0.6961556673049927,0.9825644493103027,-0.2877804934978485,0.007274914998561144,0.005005039274692535,0.03550558537244797,1.8211021927620343,0.6881938422525536,0.9839685278067914,-0.2957374805562311,0.007512359486381015,1.7305020123211888e-06,,,,,,,,,,,,
3.683097415822321,grasp,,,,,,,,,,,,,,,,,,,,,1.82135009765625,0.6806302666664124,0.982932984828949,-0.304098904132843,0.007898221723735332,0.005507719237357378,0.03550558537244797,1.8220391087401762,0.6634410405401273,0.9848761372638336,-0.32140525775275514,0.008449725227031956,1.6283583263112371e-06,,,,,,,,,,,,
3.703097415822321,grasp,,,,,,,,,,,,,,,,,,,,,1.8216732740402222,0.6725637912750244,0.9829919934272766,-0.31250789761543274,0.008193849585950375,0.005767478607594967,0.03550558537244797,1.8220391087401762,0.6634410405401273,0.9848761372638336,-0.32140525775275514,0.008449725227031956,1.6283583263112371e-06,,,,,,,,,,,,
3.723097415822321,grasp,,,,,,,,,,,,,,,,,,,,,1.8223458528518677,0.6548956632614136,0.983517587184906,-0.3309108018875122,0.008863145485520363,0.0059007927775382996,0.03550558537244797,1.8230974886322795,0.6354534201278558,0.9859012008555749,-0.35042854544999524,0.009508560133333888,1.5129802164086527e-06,,,,,,,,,,,,
3.743097415822321,grasp,,,,,,,,,,,,,,,,,,,,,1.8227040767669678,0.6457279324531555,0.9836056232452393,-0.34039387106895447,0.009205703623592854,0.00596973579376936,0.03550558537244797,1.8230974886322795,0.6354534201278558,0.9859012008555749,-0.35042854544999524,0.009508560133333888,1.5129802164086527e-06,,,,,,,,,,,,
3.763097415822321,grasp,,,,,,,,,,,,,,,,,,,,,1.8234537839889526,0.625935971736908,0.9842055439949036,-0.3609713315963745,0.009961494244635105,0.006004828028380871,0.03550558537244797,1.8242773117050373,0.60424217099542,0.9870438095445572,-0.38279575073384614,0.010688846218722521,1.3843702406317552e-06,,,,,,,,,,,,
3.783097415822321,grasp,,,,,,,,,,,,,,,,,,,,,1.8238470554351807,0.6156599521636963,0.9844788908958435,-0.37157320976257324,0.010344425216317177,0.006023598834872246,0.03550558537244797,1.8242773117050373,0.60424217099542,0.9870438095445572,-0.38279575073384614,0.010688846218722521,1.3843702406317552e-06,,,,,,,,,,,,
3.803097415822321,grasp,,,,,,,,,,,,,,,,,,,,,1.8246761560440063,0.5937698483467102,0.985334575176239,-0.39432471990585327,0.011168667115271091,0.006033773999661207,0.03550558537244797,1.8255777948771112,0.5698518325732623,0.9883030026842234,-0.4184605675085513,0.011989653444235531,1.2426313252116263e-06,,,,,,,,,,,,
3.823097415822321,grasp,,,,,,,,,,,,,,,,,,,,,1.8251076936721802,0.5824031233787537,0.985819399356842,-0.40604615211486816,0.011579332873225212,0.006038915831595659,0.03550558537244797,1.8255777948771112,0.5698518325732623,0.9883030026842234,-0.4184605675085513,0.011989653444235531,1.2426313252116263e-06,,,,,,,,,,,,
3.8430974158223212,grasp,,,,,,,,,,,,,,,,,,,,,1.826012372970581,0.5584625005722046,0.986960768699646,-0.4309329390525818,0.012487209402024746,0.006043543107807636,0.03550558537244797,1.8269976847974845,0.532357997014462,0.9896777336732988,-0.4573439358025442,0.013409688833181957,1.0878973933902621e-06,,,,,,,,,,,,
3.8630974158223212,grasp,,,,,,,,,,,,,,,,,,,,,1.8264847993850708,0.546029269695282,0.9877241849899292,-0.44375354051589966,0.012942178174853325,0.006044543348252773,0.03550558537244797,1.8269976847974845,0.532357997014462,0.9896777336732988,-0.4573439358025442,0.013409688833181957,1.0878973933902621e-06,,,,,,,,,,,,
3.8830974158223213,grasp,,,,,,,,,,,,,,,,,,,,,1.827473521232605,0.5200601816177368,0.9885660409927368,-0.4707193076610565,0.013928692787885666,0.006027970928698778,0.03550558537244797,1.8285365777840805,0.49186541529796945,0.9911675716756307,-0.49933633535249344,0.014948531287417036,9.202125367594166e-07,,,,,,,,,,,,
3.9030974158223213,grasp,,,,,,,,,,,,,,,,,,,,,1.827987790107727,0.5065790414810181,0.9886333346366882,-0.4846159517765045,0.014438892714679241,0.006035646423697472,0.03550558537244797,1.8285365777840805,0.49186541529796945,0.9911675716756307,-0.49933633535249344,0.014948531287417036,9.202125367594166e-07,,,,,,,,,,,,
3.923097415822321,grasp,,,,,,,,,,,,,,,,,,,,,1.8275113105773926,0.47959408164024353,0.9886087775230408,-0.5118073225021362,0.015435411594808102,0.0060376012697815895,0.03550558537244797,1.8269732804144616,0.4503605728102309,0.9909917585099408,-0.540656563906674,0.016490858680928654,7.477816021322605e-07,,,,,,,,,,,,
3.9430974158223213,grasp,,,,,,,,,,,,,,,,,,,,,1.8272534608840942,0.4655790328979492,0.9886052012443542,-0.5258163809776306,0.015979351475834846,0.006037966813892126,0.03550558537244797,1.8269732804144616,0.4503605728102309,0.9909917585099408,-0.540656563906674,0.016490858680928654,7.477816021322605e-07,,,,,,,,,,,,
3.963097415822321,grasp,,,,,,,,,,,,,,,,,,,,,1.802776575088501,0.45053642988204956,0.9755725264549255,-0.5277546644210815,0.015883387997746468,0.006043847184628248,0.03550558537244797,1.7766201223379945,0.4342067825503237,0.9638091309378121,-0.5297699761787602,0.016194181922266394,7.096957613235242e-07,,,,,,,,,,,,
3.9830974158223214,grasp,,,,,,,,,,,,,,,,,,,,,1.7900480031967163,0.44285887479782104,0.9685949683189392,-0.5287567377090454,0.01624349318444729,0.006034004967659712,0.03550558537244797,1.7766201223379945,0.4342067825503237,0.9638091309378121,-0.5297699761787602,0.016194181922266394,7.096957613235242e-07,,,,,,,,,,,,
4.003097415822321,grasp,,,,,,,,,,,,,,,,,,,,,1.7552685737609863,0.4320708215236664,0.9499108791351318,-0.5208228826522827,0.015807438641786575,0.006039194297045469,0.03550558537244797,1.7182017699901082,0.4201985840115537,0.9322018146617052,-0.5123458999874001,0.015661537126747865,6.8633759456617e-07,,,,,,,,,,,,
4.023097415822321,grasp,,,,,,,,,,,,,,,,,,,,,1.7372313737869263,0.42658793926239014,0.9400094747543335,-0.5167390704154968,0.016012724488973618,0.00602837186306715,0.03550558537244797,1.7182017699901082,0.4201985840115537,0.9322018146617052,-0.5123458999874001,0.015661537126747865,6.8633759456617e-07,,,,,,,,,,,,
4.043097415822321,grasp,,,,,,,,,,,,,,,,,,,,,1.698371410369873,0.41658487915992737,0.9191202521324158,-0.5057802200317383,0.015437643975019455,0.0060349078848958015,0.03550558537244797,1.6569827899791747,0.40551360979643736,0.8990824167480117,-0.4940886193812362,0.01510341159975129,6.61861442849701e-07,,,,,,,,,,,,
4.063097415822321,grasp,,,,,,,,,,,,,,,,,,,,,1.6782315969467163,0.41150155663490295,0.908074140548706,-0.5001380443572998,0.01557987928390503,0.006024879403412342,0.03550558537244797,1.6569827899791747,0.40551360979643736,0.8990824167480117,-0.4940886193812362,0.01510341159975129,6.61861442849701e-07,,,,,,,,,,,,
4.083097415822321,grasp,,,,,,,,,,,,,,,,,,,,,1.6370656490325928,0.4014001190662384,0.8859473466873169,-0.4880101680755615,0.01493169367313385,0.006032894365489483,0.03550558537244797,1.5932278003161482,0.39021418076162734,0.8645919053603416,-0.47507614573160173,0.014522209681413675,6.363733541024245e-07,,,,,,,,,,,,
4.1030974158223215,grasp,,,,,,,,,,,,,,,,,,,,,1.6157327890396118,0.39626699686050415,0.8742533922195435,-0.4817658066749573,0.015055164694786072,0.006022950168699026,0.03550558537244797,1.5932278003161482,0.39021418076162734,0.8645919053603416,-0.47507614573160173,0.014522209681413675,6.363733541024245e-07,,,,,,,,,,,,
4.123097415822321,grasp,,,,,,,,,,,,,,,,,,,,,1.5728669166564941,0.38587096333503723,0.8512163758277893,-0.4690024256706238,0.014366110786795616,0.006031711120158434,0.03550558537244797,1.5272205725176127,0.3743672589755828,0.8288829018849587,-0.45539301726708287,0.013920524098687012,6.099875087361806e-07,,,,,,,,,,,,
4.1430974158223215,grasp,,,,,,,,,,,,,,,,,,,,,1.5506525039672852,0.380588173866272,0.8390404582023621,-0.4624306559562683,0.014487006701529026,0.006021655164659023,0.03550558537244797,1.5272205725176127,0.3743672589755828,0.8288829018849587,-0.45539301726708287,0.013920524098687012,6.099875087361806e-07,,,,,,,,,,,,
4.163097415822321,grasp,,,,,,,,,,,,,,,,,,,,,1.506392002105713,0.3698813319206238,0.8152555227279663,-0.44921666383743286,0.013768261298537254,0.006030923221260309,0.03550558537244797,1.4592625425906487,0.35804404941105966,0.7921167177913104,-0.4351287275780932,0.01330106745479818,5.828218045643217e-07,,,,,,,,,,,,
4.183097415822321,grasp,,,,,,,,,,,,,,,,,,,,,1.4834550619125366,0.3644409775733948,0.8026817440986633,-0.4424130916595459,0.013891874812543392,0.0060206069611012936,0.03550558537244797,1.4592625425906487,0.35804404941105966,0.7921167177913104,-0.4351287275780932,0.01330106745479818,5.828218045643217e-07,,,,,,,,,,,,
4.203097415822321,grasp,,,,,,,,,,,,,,,,,,,,,1.4380342960357666,0.35345640778541565,0.7782726287841797,-0.4288434386253357,0.013149839825928211,0.006030283402651548,0.03550558537244797,1.389669382847297,0.3413199723575448,0.7544631834693278,-0.414377288742521,0.012666709660392057,5.550020827755448e-07,,,,,,,,,,,,
4.223097415822322,grasp,,,,,,,,,,,,,,,,,,,,,1.4144943952560425,0.34787502884864807,0.7653664350509644,-0.4218566119670868,0.013277392834424973,0.006019772496074438,0.03550558537244797,1.389669382847297,0.3413199723575448,0.7544631834693278,-0.414377288742521,0.012666709660392057,5.550020827755448e-07,,,,,,,,,,,,
4.243097415822321,grasp,,,,,,,,,,,,,,,,,,,,,1.3681340217590332,0.33665865659713745,0.7404515147209167,-0.40800395607948303,0.012516330927610397,0.006029739510267973,0.03550558537244797,1.3187692499887707,0.32427169770112185,0.716098622521415,-0.39323690769816155,0.012020464136673844,5.266612691270906e-07,,,,,,,,,,,,
4.263097415822321,grasp,,,,,,,,,,,,,,,,,,,,,1.3441063165664673,0.33095988631248474,0.7272742390632629,-0.4008711874485016,0.012648043222725391,0.006019063293933868,0.03550558537244797,1.3187692499887707,0.32427169770112185,0.716098622521415,-0.39323690769816155,0.012020464136673844,5.266612691270906e-07,,,,,,,,,,,,
4.283097415822321,grasp,,,,,,,,,,,,,,,,,,,,,1.2970274686813354,0.31956353783607483,0.7019721269607544,-0.3868035674095154,0.011871633119881153,0.006029242184013128,0.03550558537244797,1.2468992157201066,0.30698033310194056,0.6772053538675418,-0.3718080272167866,0.011365399562604664,4.979340378419186e-07,,,,,,,,,,,,
4.303097415822322,grasp,,,,,,,,,,,,,,,,,,,,,1.2726269960403442,0.3137740194797516,0.6885868906974792,-0.3795602023601532,0.012007023207843304,0.006018540821969509,0.03550558537244797,1.2468992157201066,0.30698033310194056,0.6772053538675418,-0.3718080272167866,0.011365399562604664,4.979340378419186e-07,,,,,,,,,,,,
4.323097415822321,grasp,,,,,,,,,,,,,,,,,,,,,1.2250564098358154,0.3022502064704895,0.6630181074142456,-0.36534541845321655,0.01121901348233223,0.0060288873501122,0.03550558537244797,1.1744045356396222,0.2895260007960397,0.6379686731494032,-0.35019336341178436,0.010704650878351102,4.689576038390332e-07,,,,,,,,,,,,
4.343097415822321,grasp,,,,,,,,,,,,,,,,,,,,,1.2003998756408691,0.29639673233032227,0.6494886875152588,-0.35802608728408813,0.011357573792338371,0.006018077023327351,0.03550558537244797,1.1744045356396222,0.2895260007960397,0.6379686731494032,-0.35019336341178436,0.010704650878351102,4.689576038390332e-07,,,,,,,,,,,,
4.363097415822321,grasp,,,,,,,,,,,,,,,,,,,,,1.1525660753250122,0.28480032086372375,0.6237755417823792,-0.34373265504837036,0.010561789385974407,0.0060286205261945724,0.03550558537244797,1.101633835282064,0.2719929856845266,0.5985773447925263,-0.3284967371053298,0.01004139055627867,4.3987082894905893e-07,,,,,,,,,,,,
4.383097415822321,grasp,,,,,,,,,,,,,,,,,,,,,1.1277719736099243,0.27891096472740173,0.6101668477058411,-0.3363727331161499,0.01070268452167511,0.0060177636332809925,0.03550558537244797,1.101633835282064,0.2719929856845266,0.5985773447925263,-0.3284967371053298,0.01004139055627867,4.3987082894905893e-07,,,,,,,,,,,,
4.403097415822321,grasp,,,,,,,,,,,,,,,,,,,,,1.0799052715301514,0.2672964632511139,0.5844333171844482,-0.32206952571868896,0.009903083555400372,0.006028464064002037,0.03550558537244797,1.0289387730935469,0.2544626148082137,0.5592205875156372,-0.30682315857959824,0.009378833361775968,4.10814465788948e-07,,,,,,,,,,,,
4.423097415822321,grasp,,,,,,,,,,,,,,,,,,,,,1.0550931692123413,0.2613988518714905,0.5708099603652954,-0.3147044777870178,0.010045691393315792,0.006017626263201237,0.03550558537244797,1.0289387730935469,0.2544626148082137,0.5592205875156372,-0.30682315857959824,0.009378833361775968,4.10814465788948e-07,,,,,,,,,,,,
4.443097415822321,grasp,,,,,,,,,,,,,,,,,,,,,1.0074243545532227,0.24982130527496338,0.5451803803443909,-0.30046042799949646,0.00924601685255766,0.0060284193605184555,0.03550558537244797,0.9566692950827623,0.23701949665640343,0.5200883663290355,-0.28527690461281224,0.008720168400730527,3.8192865206698386e-07,,,,,,,,,,,,
4.463097415822321,grasp,,,,,,,,,,,,,,,,,,,,,0.9827138781547546,0.24394409358501434,0.5316076278686523,-0.29312580823898315,0.009389513172209263,0.006017581559717655,0.03550558537244797,0.9566692950827623,0.23701949665640343,0.5200883663290355,-0.28527690461281224,0.008720168400730527,3.8192865206698386e-07,,,,,,,,,,,,
4.483097415822321,grasp,,,,,,,,,,,,,,,,,,,,,0.9354729056358337,0.23245814442634583,0.5062049627304077,-0.27900946140289307,0.008593791164457798,0.0060284496285021305,0.03550558537244797,0.8851732628497968,0.21974494805192474,0.481368245920569,-0.2639615247892943,0.008068558876177669,3.533528512077486e-07,,,,,,,,,,,,
4.503097415822321,grasp,,,,,,,,,,,,,,,,,,,,,0.9109829664230347,0.226628839969635,0.492747962474823,-0.271740585565567,0.008737375028431416,0.006017705425620079,0.03550558537244797,0.8851732628497968,0.21974494805192474,0.481368245920569,-0.2639615247892943,0.008068558876177669,3.533528512077486e-07,,,,,,,,,,,,
4.523097415822321,grasp,,,,,,,,,,,,,,,,,,,,,0.8643960952758789,0.21528765559196472,0.46769407391548157,-0.25781959295272827,0.007949475198984146,0.006028551142662764,0.03550558537244797,0.81479281072056,0.20271896427694225,0.44324501356637197,-0.24297888614771637,0.0074271208851580655,3.252236381823559e-07,,,,,,,,,,,,
4.543097415822321,grasp,,,,,,,,,,,,,,,,,,,,,0.8402441143989563,0.20953339338302612,0.4544171094894409,-0.25065112113952637,0.008092202246189117,0.006017873529344797,0.03550558537244797,0.81479281072056,0.20271896427694225,0.44324501356637197,-0.24297888614771637,0.0074271208851580655,3.252236381823559e-07,,,,,,,,,,,,
4.563097415822321,grasp,,,,,,,,,,,,,,,,,,,,,0.7945324182510376,0.19839099049568176,0.42983078956604004,-0.23699142038822174,0.007316199596971273,0.006028640549629927,0.03550558537244797,0.7458608830254557,0.1860233398518288,0.4058995426853401,-0.22242804319057405,0.006798889419256473,2.976732796146871e-07,,,,,,,,,,,,
4.583097415822321,grasp,,,,,,,,,,,,,,,,,,,,,0.7708329558372498,0.1927393674850464,0.41679689288139343,-0.22995725274085999,0.0074571603909134865,0.006018194369971752,0.03550558537244797,0.7458608830254557,0.1860233398518288,0.4058995426853401,-0.22242804319057405,0.006798889419256473,2.976732796146871e-07,,,,,,,,,,,,
4.6030974158223215,grasp,,,,,,,,,,,,,,,,,,,,,0.7262117862701416,0.18184617161750793,0.3927937150001526,-0.21662306785583496,0.006696897093206644,0.00602889945730567,0.03550558537244797,0.6787012035696262,0.16973229954067415,0.36950617287512344,-0.2024054336894411,0.006186817030960434,2.708307761267609e-07,,,,,,,,,,,,
4.623097415822321,grasp,,,,,,,,,,,,,,,,,,,,,0.7030768990516663,0.17632272839546204,0.3800640404224396,-0.20975634455680847,0.006835168693214655,0.0060186563059687614,0.03550558537244797,0.6787012035696262,0.16973229954067415,0.36950617287512344,-0.2024054336894411,0.006186817030960434,2.708307761267609e-07,,,,,,,,,,,,
4.6430974158223215,grasp,,,,,,,,,,,,,,,,,,,,,0.6597525477409363,0.165727898478508,0.35675495862960815,-0.19680945575237274,0.006094255018979311,0.006029260810464621,0.03550558537244797,0.6136236215620704,0.1539192597166135,0.3342323777258079,-0.1830033384079709,0.00559371579070185,2.4482020376624605e-07,,,,,,,,,,,,
4.663097415822321,grasp,,,,,,,,,,,,,,,,,,,,,0.6372894048690796,0.16035757958889008,0.34438878297805786,-0.19014212489128113,0.006229068618267775,0.006019217427819967,0.03550558537244797,0.6136236215620704,0.1539192597166135,0.3342323777258079,-0.1830033384079709,0.00559371579070185,2.4482020376624605e-07,,,,,,,,,,,,
4.683097415822321,grasp,,,,,,,,,,,,,,,,,,,,,0.5954594612121582,0.1501094549894333,0.32187962532043457,-0.17764143645763397,0.005511344876140356,0.006029628682881594,0.03550558537244797,0.5509212630087971,0.13865680578497172,0.30023765013311954,-0.1643091858186385,0.0050222517555691,2.1975895483351673e-07,,,,,,,,,,,,
4.703097415822321,grasp,,,,,,,,,,,,,,,,,,,,,0.5737701058387756,0.14491674304008484,0.30993375182151794,-0.17120376229286194,0.005641651339828968,0.006019903346896172,0.03550558537244797,0.5509212630087971,0.13865680578497172,0.30023765013311954,-0.1643091858186385,0.0050222517555691,2.1975895483351673e-07,,,,,,,,,,,,
4.723097415822322,grasp,,,,,,,,,,,,,,,,,,,,,0.5336199402809143,0.13505934178829193,0.2883238196372986,-0.15920469164848328,0.004950464237481356,0.006030065473169088,0.03550558537244797,0.490870428899509,0.12400864025910532,0.2676707125298257,-0.14640526041685356,0.004474944344776715,1.9575745553778909e-07,,,,,,,,,,,,
4.743097415822321,grasp,,,,,,,,,,,,,,,,,,,,,0.5128011107444763,0.13006633520126343,0.2768514156341553,-0.15302518010139465,0.005075497552752495,0.006020691245794296,0.03550558537244797,0.490870428899509,0.12400864025910532,0.2676707125298257,-0.14640526041685356,0.004474944344776715,1.9575745553778909e-07,,,,,,,,,,,,
4.763097415822321,grasp,,,,,,,,,,,,,,,,,,,,,0.4745030701160431,0.12064120173454285,0.25623342394828796,-0.1415792554616928,0.004414054565131664,0.0060304999351501465,0.03550558537244797,0.4337258134664374,0.110036145359447,0.23666932365021587,-0.12936746895773032,0.003954118479769863,1.7291731861999392e-07,,,,,,,,,,,,
4.783097415822321,grasp,,,,,,,,,,,,,,,,,,,,,0.45464396476745605,0.11586882919073105,0.24528411030769348,-0.13568443059921265,0.004533007740974426,0.006021571345627308,0.03550558537244797,0.4337258134664374,0.110036145359447,0.23666932365021587,-0.12936746895773032,0.003954118479769863,1.7291731861999392e-07,,,,,,,,,,,,
4.803097415822322,grasp,,,,,,,,,,,,,,,,,,,,,0.41835612058639526,0.10691367089748383,0.2257424145936966,-0.12483886629343033,0.0039044227451086044,0.006030948366969824,0.03550558537244797,0.3797191142497036,0.09679394427648187,0.20735837499269474,-0.11326481538727422,0.0034618838402942866,1.5133084722547405e-07,,,,,,,,,,,,
4.823097415822321,grasp,,,,,,,,,,,,,,,,,,,,,0.39953890442848206,0.10238068550825119,0.2153618186712265,-0.11925303936004639,0.004016455728560686,0.0060224770568311214,0.03550558537244797,0.3797191142497036,0.09679394427648187,0.20735837499269474,-0.11326481538727422,0.0034618838402942866,1.5133084722547405e-07,,,,,,,,,,,,
4.843097415822321,grasp,,,,,,,,,,,,,,,,,,,,,0.3654018044471741,0.09393061697483063,0.1969735324382782,-0.10904978215694427,0.003423685673624277,0.006031319499015808,0.03550558537244797,0.32905499757892187,0.08433405315361579,0.17984930324717488,-0.09815830437237817,0.0030001009392884932,1.3107960196459473e-07,,,,,,,,,,,,
4.863097415822321,grasp,,,,,,,,,,,,,,,,,,,,,0.3476996421813965,0.08965501189231873,0.187201127409935,-0.10379475355148315,0.003528414759784937,0.006023458670824766,0.03550558537244797,0.32905499757892187,0.08433405315361579,0.17984930324717488,-0.09815830437237817,0.0030001009392884932,1.3107960196459473e-07,,,,,,,,,,,,
4.883097415822321,grasp,,,,,,,,,,,,,,,,,,,,,0.3158363401889801,0.08174088597297668,0.1700286865234375,-0.09427069127559662,0.0029725173953920603,0.006031957920640707,0.03550558537244797,0.2819105855487517,0.07269878995826246,0.15423759582988453,-0.08410075205913728,0.0025703802845440786,1.1223425529516806e-07,,,,,,,,,,,,
4.903097415822321,grasp,,,,,,,,,,,,,,,,,,,,,0.29931312799453735,0.07773704826831818,0.16090261936187744,-0.08936528116464615,0.0030692173168063164,0.006024590693414211,0.03550558537244797,0.2819105855487517,0.07269878995826246,0.15423759582988453,-0.08410075205913728,0.0025703802845440786,1.1223425529516806e-07,,,,,,,,,,,,
4.923097415822321,grasp,,,,,,,,,,,,,,,,,,,,,0.2698270082473755,0.07038242369890213,0.14500504732131958,-0.08055130392313004,0.002554655307903886,0.0060324035584926605,0.03550558537244797,0.23843238974677933,0.061921860273809644,0.13060168860045315,-0.0711359315930578,0.0021740591445004033,9.485366454701268e-08,,,,,,,,,,,,
4.943097415822321,grasp,,,,,,,,,,,,,,,,,,,,,0.254536509513855,0.06666300445795059,0.13655264675617218,-0.07601156085729599,0.002642845269292593,0.006025685463100672,0.03550558537244797,0.23843238974677933,0.061921860273809644,0.13060168860045315,-0.0711359315930578,0.0021740591445004033,9.485366454701268e-08,,,,,,,,,,,,
4.963097415822321,grasp,,,,,,,,,,,,,,,,,,,,,0.227509006857872,0.059889815747737885,0.1219695582985878,-0.0679321214556694,0.0021686451509594917,0.006033021491020918,0.03550558537244797,0.1987321645163391,0.05203259250966092,0.10900262701538133,-0.05929729996014588,0.0018121594419707365,7.898285845300554e-08,,,,,,,,,,,,
4.983097415822321,grasp,,,,,,,,,,,,,,,,,,,,,0.21349351108074188,0.056464437395334244,0.11421731114387512,-0.06377063691616058,0.0022479253821074963,0.006026810500770807,0.03550558537244797,0.1987321645163391,0.05203259250966092,0.10900262701538133,-0.05929729996014588,0.0018121594419707365,7.898285845300554e-08,,,,,,,,,,,,
5.003097415822321,grasp,,,,,,,,,,,,,,,,,,,,,0.1889827996492386,0.05028749257326126,0.10098278522491455,-0.05644313991069794,0.001817182986997068,0.006033499725162983,0.03550558537244797,0.16288548226868996,0.04305114203971758,0.0894824313625041,-0.04860742946953927,0.0014853722276325207,6.465208350690898e-08,,,,,,,,,,,,
5.023097415822321,grasp,,,,,,,,,,,,,,,,,,,,,0.17627248167991638,0.04716405272483826,0.09394659847021103,-0.05266892910003662,0.0018874015659093857,0.00602792389690876,0.03550558537244797,0.16288548226868996,0.04305114203971758,0.0894824313625041,-0.04860742946953927,0.0014853722276325207,6.465208350690898e-08,,,,,,,,,,,,
5.043097415822321,grasp,,,,,,,,,,,,,,,,,,,,,0.15431152284145355,0.04159346967935562,0.08207862824201584,-0.046103306114673615,0.0015004101442173123,0.006033973768353462,0.03550558537244797,0.1309288249899783,0.034989297851769185,0.07206278895658424,-0.03907719074079535,0.0011940319620282434,5.187581194347474e-08,,,,,,,,,,,,
5.063097415822321,grasp,,,,,,,,,,,,,,,,,,,,,0.14292371273040771,0.03877667337656021,0.07576920092105865,-0.0427214540541172,0.0015613544965162873,0.006029005628079176,0.03550558537244797,0.1309288249899783,0.034989297851769185,0.07206278895658424,-0.03907719074079535,0.0011940319620282434,5.187581194347474e-08,,,,,,,,,,,,
5.083097415822321,grasp,,,,,,,,,,,,,,,,,,,,,0.12351910024881363,0.03381599858403206,0.06527167558670044,-0.03691969811916351,0.0012185423402115703,0.006034409161657095,0.03550558537244797,0.10285796055243462,0.02784852381671723,0.056742448299491176,-0.030705317851973557,0.0009381017277861965,4.0652250938828375e-08,,,,,,,,,,,,
5.1030974158223215,grasp,,,,,,,,,,,,,,,,,,,,,0.11345724761486053,0.03130733594298363,0.0596916601061821,-0.03393123671412468,0.0012702494859695435,0.006030102726072073,0.03550558537244797,0.10285796055243462,0.02784852381671723,0.056742448299491176,-0.030705317851973557,0.0009381017277861965,4.0652250938828375e-08,,,,,,,,,,,,
5.123097415822321,grasp,,,,,,,,,,,,,,,,,,,,,0.09658849984407425,0.026951836422085762,0.05055265501141548,-0.028887227177619934,0.0009713578619994223,0.0060347444377839565,0.03550558537244797,0.07862703600305145,0.021617491465914355,0.043493497542501834,-0.02347813562532958,0.0007171635151774651,3.0963107471035785e-08,,,,,,,,,,,,
5.1430974158223215,grasp,,,,,,,,,,,,,,,,,,,,,0.08784196525812149,0.024748878553509712,0.04569561406970024,-0.026289068162441254,0.0010143605759367347,0.006031102500855923,0.03550558537244797,0.07862703600305145,0.021617491465914355,0.043493497542501834,-0.02347813562532958,0.0007171635151774651,3.0963107471035785e-08,,,,,,,,,,,,
5.163097415822321,grasp,,,,,,,,,,,,,,,,,,,,,0.07345912605524063,0.020987315103411674,0.037884727120399475,-0.021987907588481903,0.0007584199775010347,0.006035123020410538,0.03550558537244797,0.0581440187563321,0.016274624142438212,0.032262617748823996,-0.017368214049857333,0.0005303784461508039,2.2771697087570934e-08,,,,,,,,,,,,
5.183097415822321,grasp,,,,,,,,,,,,,,,,,,,,,0.06600215286016464,0.0190842654556036,0.03373467177152634,-0.019772343337535858,0.0007916602189652622,0.006032147444784641,0.03550558537244797,0.0581440187563321,0.016274624142438212,0.032262617748823996,-0.017368214049857333,0.0005303784461508039,2.2771697087570934e-08,,,,,,,,,,,,
5.203097415822321,grasp,,,,,,,,,,,,,,,,,,,,,0.05402161553502083,0.015901513397693634,0.027209972962737083,-0.016189146786928177,0.000579044979531318,0.006035441067069769,0.03550558537244797,0.04126385172172544,0.011796485793423173,0.022973902282370853,-0.012332399365306303,0.00037642734966374266,1.6020245316782827e-08,,,,,,,,,,,,
5.223097415822322,grasp,,,,,,,,,,,,,,,,,,,,,0.04781085625290871,0.014291119761765003,0.0237429216504097,-0.01434339489787817,0.0006036133272573352,0.0060331132262945175,0.03550558537244797,0.04126385172172544,0.011796485793423173,0.022973902282370853,-0.012332399365306303,0.00037642734966374266,1.6020245316782827e-08,,,,,,,,,,,,
5.243097415822321,grasp,,,,,,,,,,,,,,,,,,,,,0.03811163827776909,0.011675521731376648,0.018443677574396133,-0.011442060582339764,0.00042978639248758554,0.0060358368791639805,0.03550558537244797,0.02778199357225913,0.00816566706495599,0.01553056880330727,-0.008309963558061996,0.00025345477648419846,1.0627383062562245e-08,,,,,,,,,,,,
5.263097415822321,grasp,,,,,,,,,,,,,,,,,,,,,0.033084120601415634,0.0103510906919837,0.015630070120096207,-0.009947570040822029,0.0004472987202461809,0.0060340361669659615,0.03550558537244797,0.02778199357225913,0.00816566706495599,0.01553056880330727,-0.008309963558061996,0.00025345477648419846,1.0627383062562245e-08,,,,,,,,,,,,
5.283097415822321,grasp,,,,,,,,,,,,,,,,,,,,,0.025510232895612717,0.008280379697680473,0.011480740271508694,-0.00768166221678257,0.00031154215685091913,0.006036075763404369,0.03550558537244797,0.01744260845051527,0.005343829751265217,0.0098051362033055,-0.005224817927631567,0.0001591355541698476,6.491120840045265e-09,,,,,,,,,,,,
5.303097415822322,grasp,,,,,,,,,,,,,,,,,,,,,0.02158511057496071,0.007230774033814669,0.009279468096792698,-0.006514488719403744,0.0003220164217054844,0.006034746300429106,0.03550558537244797,0.01744260845051527,0.005343829751265217,0.0098051362033055,-0.005224817927631567,0.0001591355541698476,6.491120840045265e-09,,,,,,,,,,,,
5.323097415822321,grasp,,,,,,,,,,,,,,,,,,,,,0.015944860875606537,0.0056720455177128315,0.006182053126394749,-0.004826814867556095,0.00021946101333014667,0.006036394741386175,0.03550558537244797,0.009934948617587444,0.00327459023085754,0.005638522652476576,-0.002984465033762588,9.064270794123405e-05,3.4874618955295897e-09,,,,,,,,,,,,
5.343097415822321,grasp,,,,,,,,,,,,,,,,,,,,,0.01302258763462305,0.004880551714450121,0.004541166592389345,-0.003957514185458422,0.00022444830392487347,0.0060355039313435555,0.03550558537244797,0.009934948617587444,0.00327459023085754,0.005638522652476576,-0.002984465033762588,9.064270794123405e-05,3.4874618955295897e-09,,,,,,,,,,,,
5.363097415822321,grasp,,,,,,,,,,,,,,,,,,,,,0.0090873958542943,0.0037869468796998262,0.0023780756164342165,-0.002779874950647354,0.00015207738033495843,0.006036675069481134,0.03550558537244797,0.0048917055494641795,0.0018808788259246417,0.002837921028449488,-0.0014794867816266455,4.4631867779366804e-05,1.4697234115168071e-09,,,,,,,,,,,,
5.383097415822322,grasp,,,,,,,,,,,,,,,,,,,,,0.007049309555441141,0.003230699338018894,0.0012340620160102844,-0.0021732922177761793,0.00015240799984894693,0.00603611720725894,0.03550558537244797,0.0048917055494641795,0.0018808788259246417,0.002837921028449488,-0.0014794867816266455,4.4631867779366804e-05,1.4697234115168071e-09,,,,,,,,,,,,
5.403097415822321,grasp,,,,,,,,,,,,,,,,,,,,,0.004555028397589922,0.0025190296582877636,2.6212861484964378e-05,-0.0014262530021369457,0.00010468903201399371,0.006037346553057432,0.03550558537244797,0.0018920222819082482,0.0010507468483665686,0.0011716126933504548,-0.0005843277256732647,1.7264643429149414e-05,2.695746011514e-10,,,,,,,,,,,,
5.423097415822321,grasp,,,,,,,,,,,,,,,,,,,,,0.003264221828430891,0.0021518163848668337,5.9513466112548485e-05,-0.00104140501935035,0.00010153185576200485,0.006037320010364056,0.03550558537244797,0.0018920222819082482,0.0010507468483665686,0.0011716126933504548,-0.0005843277256732647,1.7264643429149414e-05,2.695746011514e-10,,,,,,,,,,,,
5.443097415822321,grasp,,,,,,,,,,,,,,,,,,,,,0.0019067543325945735,0.0017688896041363478,7.356352580245584e-05,-0.0006349518662318587,7.49098981032148e-05,0.006037523504346609,0.03550558537244797,0.000452689952367107,0.0006524400391487161,0.0003720774784329092,-0.00015480536460897408,4.13308530419179e-06,-3.0629033552649377e-10,,,,,,,,,,,,
5.463097415822322,grasp,,,,,,,,,,,,,,,,,,,,,0.0012049598153680563,0.0015707288403064013,7.545440166722983e-05,-0.00042548144119791687,6.968718662392348e-05,0.006037467624992132,0.03550558537244797,0.000452689952367107,0.0006524400391487161,0.0003720774784329092,-0.00015480536460897408,4.13308530419179e-06,-3.0629033552649377e-10,,,,,,,,,,,,
5.483097415822321,grasp,,,,,,,,,,,,,,,,,,,,,0.000638744852039963,0.0014126357855275273,7.382324110949412e-05,-0.000255839986493811,5.707901073037647e-05,0.006037678103893995,0.03550558537244797,2.5438479766659813e-05,0.0005342066532706494,0.00013474340400095963,-2.7305924033033565e-05,2.3511300148781218e-07,-4.77230072901243e-10,,,,,,,,,,,,
5.503097415822321,grasp,,,,,,,,,,,,,,,,,,,,,0.00034645668347366154,0.0013307733461260796,7.465601083822548e-05,-0.00016842808690853417,5.1819013606291264e-05,0.006037753075361252,0.03550558537244797,2.5438479766659813e-05,0.0005342066532706494,0.00013474340400095963,-2.7305924033033565e-05,2.3511300148781218e-07,-4.77230072901243e-10,,,,,,,,,,,,
5.506969185600222,grasp,,,,,,,,,,,,,,,,,,,,,0.0001827228261390701,0.0012855652021244168,7.41561088943854e-05,-0.00011973534128628671,4.645419176085852e-05,0.00603787275031209,0.03550558537244797,-8.668261131106192e-08,0.0005271430709399283,0.00012056442210450768,-1.968876131286379e-05,2.237557250595046e-09,-4.87442475272104e-10,,,,,,,,,,,,
