timestamp,phase,base_pos_x,base_pos_y,base_pos_z,base_yaw,base_quat_w,base_quat_x,base_quat_y,base_quat_z,base_lin_vel_x_body,base_lin_vel_y_body,base_ang_vel_z_body,cmd_vx,cmd_vy,cmd_wz,ee_pos_x,ee_pos_y,ee_pos_z,ee_roll,ee_pitch,ee_yaw,arm_joint1,arm_joint2,arm_joint3,arm_joint4,arm_joint5,arm_joint6,gripper,arm_action_joint1,arm_action_joint2,arm_action_joint3,arm_action_joint4,arm_action_joint5,arm_action_joint6,gripper_action,object_pos_x,object_pos_y,object_pos_z,object_quat_w,object_quat_x,object_quat_y,object_quat_z,front_image,wrist_image,success,failure_reason
0.0,grasp,,,,,,,,,,,,,,,,,,,,,,,,,,,0.000962673608228215,,,,,,,0.043,,,,,,,,,,,
0.02,grasp,,,,,,,,,,,,,,,,,,,,,,,,,,,0.0009771044860826805,,,,,,,0.043,,,,,,,,,,,
0.04,grasp,,,,,,,,,,,,,,,,,,,,,,,,,,,0.001067315497493837,,,,,,,0.043,,,,,,,,,,,
0.06,grasp,,,,,,,,,,,,,,,,,,,,,,,,,,,0.0012911408703075722,,,,,,,0.043,,,,,,,,,,,
0.08,grasp,,,,,,,,,,,,,,,,,,,,,,,,,,,0.0016686396847944707,,,,,,,0.043,,,,,,,,,,,
0.1,grasp,,,,,,,,,,,,,,,,,,,,,,,,,,,0.0022279131808318198,,,,,,,0.043,,,,,,,,,,,
0.12,grasp,,,,,,,,,,,,,,,,,,,,,,,,,,,0.0029895491898059845,,,,,,,0.043,,,,,,,,,,,
0.14,grasp,,,,,,,,,,,,,,,,,,,,,,,,,,,0.003958181012421846,,,,,,,0.043,,,,,,,,,,,
0.16,grasp,,,,,,,,,,,,,,,,,,,,,,,,,,,0.005137205822393298,,,,,,,0.043,,,,,,,,,,,
0.18,grasp,,,,,,,,,,,,,,,,,,,,,,,,,,,0.0065229288302361965,,,,,,,0.043,,,,,,,,,,,
0.2,grasp,,,,,,,,,,,,,,,,,,,,,,,,,,,0.008103844709694386,,,,,,,0.043,,,,,,,,,,,
0.22,grasp,,,,,,,,,,,,,,,,,,,,,,,,,,,0.009865115862339735,,,,,,,0.043,,,,,,,,,,,
0.24,grasp,,,,,,,,,,,,,,,,,,,,,,,,,,,0.011787477880716324,,,,,,,0.043,,,,,,,,,,,
0.26,grasp,,,,,,,,,,,,,,,,,,,,,,,,,,,0.013846670743077993,,,,,,,0.043,,,,,,,,,,,
0.28,grasp,,,,,,,,,,,,,,,,,,,,,,,,,,,0.016016879584640265,,,,,,,0.043,,,,,,,,,,,
0.3,grasp,,,,,,,,,,,,,,,,,,,,,,,,,,,0.018268803134560585,,,,,,,0.043,,,,,,,,,,,
0.32,grasp,,,,,,,,,,,,,,,,,,,,,,,,,,,0.020571906119585037,,,,,,,0.043,,,,,,,,,,,
0.34,grasp,,,,,,,,,,,,,,,,,,,,,,,,,,,0.022894524037837982,,,,,,,0.043,,,,,,,,,,,
0.36,grasp,,,,,,,,,,,,,,,,,,,,,,,,,,,0.025204439647495747,,,,,,,0.043,,,,,,,,,,,
0.38,grasp,,,,,,,,,,,,,,,,,,,,,,,,,,,0.027469725348055363,,,,,,,0.043,,,,,,,,,,,
0.4,grasp,,,,,,,,,,,,,,,,,,,,,,,,,,,0.029659762047231197,,,,,,,0.043,,,,,,,,,,,
0.42,grasp,,,,,,,,,,,,,,,,,,,,,,,,,,,0.03174491785466671,,,,,,,0.043,,,,,,,,,,,
0.44,grasp,,,,,,,,,,,,,,,,,,,,,,,,,,,0.03369804285466671,,,,,,,0.043,,,,,,,,,,,
0.46,grasp,,,,,,,,,,,,,,,,,,,,,,,,,,,0.03549548611044884,,,,,,,0.043,,,,,,,,,,,
0.48,grasp,,,,,,,,,,,,,,,,,,,,,,,,,,,0.037116289138793945,,,,,,,0.043,,,,,,,,,,,
0.5,grasp,,,,,,,,,,,,,,,,,,,,,,,,,,,0.03854413889348507,,,,,,,0.043,,,,,,,,,,,
0.52,grasp,,,,,,,,,,,,,,,,,,,,,,,,,,,0.039767827838659286,,,,,,,0.043,,,,,,,,,,,
0.54,grasp,,,,,,,,,,,,,,,,,,,,,,,,,,,0.04078155755996704,,,,,,,0.043,,,,,,,,,,,
0.56,grasp,,,,,,,,,,,,,,,,,,,,,,,,,,,0.04158581234514713,,,,,,,0.043,,,,,,,,,,,
0.58,grasp,,,,,,,,,,,,,,,,,,,,,,,,,,,0.04218790680170059,,,,,,,0.043,,,,,,,,,,,
0.6,grasp,,,,,,,,,,,,,,,,,,,,,,,,,,,0.04260278679430485,,,,,,,0.043,,,,,,,,,,,
0.62,grasp,,,,,,,,,,,,,,,,,,,,,,,,,,,0.04285430908203125,,,,,,,0.043,,,,,,,,,,,
0.64,grasp,,,,,,,,,,,,,,,,,,,,,,,,,,,0.042973410338163376,,,,,,,0.043,,,,,,,,,,,
0.66,grasp,,,,,,,,,,,,,,,,,,,,,,,,,,,0.04300332069396973,,,,,,,0.043,,,,,,,,,,,
0.68,grasp,,,,,,,,,,,,,,,,,,,,,,,,,,,0.042999500408768654,,,,,,,0.043,,,,,,,,,,,
0.68,grasp,,,,,,,,,,,,,,,,,,,,,0.007247422821819782,0.06965930759906769,0.0839148685336113,0.04741169884800911,-0.018774278461933136,-0.005455974489450455,0.042999500408768654,0.00724739208817482,0.06913737207651138,0.08598865568637848,0.04743063449859619,-0.0187712162733078,-0.005455870181322098,,,,,,,,,,,,
0.7000000000000001,grasp,,,,,,,,,,,,,,,,,,,,,0.007247458212077618,0.06966377049684525,0.08389754593372345,0.047411516308784485,-0.018777024000883102,-0.005455827806144953,0.042999500408768654,0.00724739208817482,0.06913737207651138,0.08598865568637848,0.04743063449859619,-0.0187712162733078,-0.005455870181322098,,,,,,,,,,,,
0.7200000000000001,grasp,,,,,,,,,,,,,,,,,,,,,0.007282182574272156,0.06979930400848389,0.08406763523817062,0.04736015945672989,-0.018774747848510742,-0.005454935599118471,0.042999500408768654,0.007320616880784941,0.06941263306109413,0.0863611402288701,0.047324851698630134,-0.01876438352179149,-0.005454171803919693,,,,,,,,,,,,
0.74,grasp,,,,,,,,,,,,,,,,,,,,,0.007300500757992268,0.06986848264932632,0.08415912091732025,0.047333721071481705,-0.018774034455418587,-0.005454464349895716,0.042999500408768654,0.007320616880784941,0.06941263306109413,0.0863611402288701,0.047324851698630134,-0.01876438352179149,-0.005454171803919693,,,,,,,,,,,,
0.76,grasp,,,,,,,,,,,,,,,,,,,,,0.007540790364146233,0.07078609615564346,0.08539394289255142,0.046979598701000214,-0.018750153481960297,-0.0054487911984324455,0.042999500408768654,0.007806886086708887,0.07124055180183293,0.08883478064463883,0.046622387128644166,-0.018719005548291257,-0.005442892567408135,,,,,,,,,,,,
0.78,grasp,,,,,,,,,,,,,,,,,,,,,0.007667285855859518,0.07125426083803177,0.08605527877807617,0.04679730162024498,-0.018739983439445496,-0.005445820279419422,0.042999500408768654,0.007806886086708887,0.07124055180183293,0.08883478064463883,0.046622387128644166,-0.018719005548291257,-0.005442892567408135,,,,,,,,,,,,
0.8,grasp,,,,,,,,,,,,,,,,,,,,,0.008330371230840683,0.0737682431936264,0.08942212909460068,0.04583330079913139,-0.01867331564426422,-0.005430441349744797,0.042999500408768654,0.00904915708244876,0.07591237527606903,0.09515636176718935,0.04482779723122374,-0.018603079374291127,-0.005414077389026258,,,,,,,,,,,,
0.8200000000000001,grasp,,,,,,,,,,,,,,,,,,,,,0.00867386069148779,0.07504765689373016,0.091218002140522,0.045337047427892685,-0.01864599995315075,-0.005422359332442284,0.042999500408768654,0.00904915708244876,0.07591237527606903,0.09515636176718935,0.04482779723122374,-0.018603079374291127,-0.005414077389026258,,,,,,,,,,,,
0.8400000000000001,grasp,,,,,,,,,,,,,,,,,,,,,0.009946408681571484,0.07986670732498169,0.09766792505979538,0.04349398985505104,-0.018517838791012764,-0.0053929840214550495,0.042999500408768654,0.011315116321886944,0.08445331707643154,0.1067080637141705,0.041554388080164,-0.01839162429007033,-0.005361517972962438,,,,,,,,,,,,
0.8600000000000001,grasp,,,,,,,,,,,,,,,,,,,,,0.010605954565107822,0.08232207596302032,0.10109806805849075,0.04254527762532234,-0.018466070294380188,-0.005377525929361582,0.042999500408768654,0.011315116321886944,0.08445331707643154,0.1067080637141705,0.041554388080164,-0.01839162429007033,-0.005361517972962438,,,,,,,,,,,,
0.8800000000000001,grasp,,,,,,,,,,,,,,,,,,,,,0.012628903612494469,0.09001374989748001,0.11138394474983215,0.03961707279086113,-0.01826246827840805,-0.0053308573551476,0.042999500408768654,0.014796999455946818,0.09764578346211053,0.12453090502049988,0.036524483211359406,-0.01806670134863254,-0.005280753851885233,,,,,,,,,,,,
0.9,grasp,,,,,,,,,,,,,,,,,,,,,0.013677297160029411,0.0939352884888649,0.1168445348739624,0.03810981288552284,-0.01818014681339264,-0.005306294187903404,0.042999500408768654,0.014796999455946818,0.09764578346211053,0.12453090502049988,0.036524483211359406,-0.01806670134863254,-0.005280753851885233,,,,,,,,,,,,
0.92,grasp,,,,,,,,,,,,,,,,,,,,,0.01655406877398491,0.10491985827684402,0.1315116435289383,0.03394611179828644,-0.017890838906168938,-0.005239931400865316,0.042999500408768654,0.019631468633858236,0.11604482055008063,0.14934179256142482,0.029540678202450526,-0.0176155541806399,-0.005168615893259373,,,,,,,,,,,,
0.9400000000000001,grasp,,,,,,,,,,,,,,,,,,,,,0.01804475300014019,0.1105230301618576,0.13928785920143127,0.03180279582738876,-0.017773646861314774,-0.005204999819397926,0.042999500408768654,0.019631468633858236,0.11604482055008063,0.14934179256142482,0.029540678202450526,-0.0176155541806399,-0.005168615893259373,,,,,,,,,,,,
0.9600000000000001,grasp,,,,,,,,,,,,,,,,,,,,,0.021847227588295937,0.12508653104305267,0.1586754024028778,0.02629934437572956,-0.017391378059983253,-0.00511728273704648,0.042999500408768654,0.025910453478310485,0.140010073046615,0.18154385312115665,0.020470208200702864,-0.017029604939276244,-0.0050229718730715345,,,,,,,,,,,,
0.98,grasp,,,,,,,,,,,,,,,,,,,,,0.0238173995167017,0.13251875340938568,0.16894246637821198,0.02346629649400711,-0.01723630353808403,-0.005071114748716354,0.042999500408768654,0.025910453478310485,0.140010073046615,0.18154385312115665,0.020470208200702864,-0.017029604939276244,-0.0050229718730715345,,,,,,,,,,,,
1.0,grasp,,,,,,,,,,,,,,,,,,,,,0.028586694970726967,0.15081873536109924,0.19320254027843475,0.016563424840569496,-0.016756834462285042,-0.00496109202504158,0.042999500408768654,0.033679599161752234,0.16970989022369581,0.22126473645795855,0.009247155165438378,-0.016304591919331042,-0.004842763656424574,,,,,,,,,,,,
1.02,grasp,,,,,,,,,,,,,,,,,,,,,0.031057674437761307,0.16016197204589844,0.2060365229845047,0.013009878806769848,-0.01656203344464302,-0.0049032000824809074,0.042999500408768654,0.033679599161752234,0.16970989022369581,0.22126473645795855,0.009247155165438378,-0.016304591919331042,-0.004842763656424574,,,,,,,,,,,,
1.04,grasp,,,,,,,,,,,,,,,,,,,,,0.036803048104047775,0.18223834037780762,0.23515255749225616,0.0046941181644797325,-0.0159844309091568,-0.004770646803081036,0.042999500408768654,0.042935578101092914,0.20514163100825006,0.26838359437620135,-0.004123668974134217,-0.015440825384724322,-0.00462806829594265,,,,,,,,,,,,
1.06,grasp,,,,,,,,,,,,,,,,,,,,,0.03977969288825989,0.19351492822170258,0.2505395710468292,0.00041308507206849754,-0.01574927754700184,-0.004700916353613138,0.042999500408768654,0.042935578101092914,0.20514163100825006,0.26838359437620135,-0.004123668974134217,-0.015440825384724322,-0.00462806829594265,,,,,,,,,,,,
1.08,grasp,,,,,,,,,,,,,,,,,,,,,0.046483658254146576,0.21930402517318726,0.28433912992477417,-0.009290383197367191,-0.015075266361236572,-0.004546235781162977,0.042999500408768654,0.05363731770342002,0.2461527931685781,0.3225489210376531,-0.01958295197531719,-0.01444213758563894,-0.004379838145269345,,,,,,,,,,,,
1.1,grasp,,,,,,,,,,,,,,,,,,,,,0.04995707422494888,0.23248308897018433,0.30218276381492615,-0.014285994693636894,-0.014800583943724632,-0.004464879631996155,0.042999500408768654,0.05363731770342002,0.2461527931685781,0.3225489210376531,-0.01958295197531719,-0.01444213758563894,-0.004379838145269345,,,,,,,,,,,,
1.12,grasp,,,,,,,,,,,,,,,,,,,,,0.0575789250433445,0.2618309259414673,0.34034451842308044,-0.025749901309609413,-0.014033929444849491,-0.004289013799279928,0.042999500408768654,0.06571052248681716,0.29245790812949024,0.38320347704818575,-0.03702338874990209,-0.013315459620017948,-0.004099796557811013,,,,,,,,,,,,
1.1400000000000001,grasp,,,,,,,,,,,,,,,,,,,,,0.06152826175093651,0.27683278918266296,0.36048081517219543,-0.03122071735560894,-0.013721628114581108,-0.004196518566459417,0.042999500408768654,0.06571052248681716,0.29245790812949024,0.38320347704818575,-0.03702338874990209,-0.013315459620017948,-0.004099796557811013,,,,,,,,,,,,
1.1600000000000001,grasp,,,,,,,,,,,,,,,,,,,,,0.0700056180357933,0.3094981908798218,0.4025706350803375,-0.0444265641272068,-0.012868140824139118,-0.004000911954790354,0.042999500408768654,0.07904902135369465,0.34364652694960124,0.44961794764574253,-0.0562916415016331,-0.012070699854052744,-0.003790404797945072,,,,,,,,,,,,
1.1800000000000002,grasp,,,,,,,,,,,,,,,,,,,,,0.07439902424812317,0.32620084285736084,0.4247695803642273,-0.050183914601802826,-0.012521165423095226,-0.003898024093359709,0.042999500408768654,0.07904902135369465,0.34364652694960124,0.44961794764574253,-0.0562916415016331,-0.012070699854052744,-0.003790404797945072,,,,,,,,,,,,
1.2000000000000002,grasp,,,,,,,,,,,,,,,,,,,,,0.08364520967006683,0.36184757947921753,0.47027260065078735,-0.06484313309192657,-0.011589020490646362,-0.0036846736911684275,0.042999500408768654,0.09350849428129514,0.3991609285547203,0.5209531949587671,-0.07717927985726841,-0.010721323166980936,-0.0034550098336805926,,,,,,,,,,,,
1.2200000000000002,grasp,,,,,,,,,,,,,,,,,,,,,0.08843827992677689,0.3800815939903259,0.49425584077835083,-0.07082869857549667,-0.011211485601961613,-0.0035724248737096786,0.042999500408768654,0.09350849428129514,0.3991609285547203,0.5209531949587671,-0.07717927985726841,-0.010721323166980936,-0.0034550098336805926,,,,,,,,,,,,
1.2400000000000002,grasp,,,,,,,,,,,,,,,,,,,,,0.09833779186010361,0.4182613790035248,0.5426170229911804,-0.08658391982316971,-0.01021163072437048,-0.0033440066035836935,0.042999500408768654,0.1088983848993239,0.4582635034756186,0.5963335690640305,-0.0994111103576974,-0.009285105738983567,-0.0030980297152176013,,,,,,,,,,,,
1.26,grasp,,,,,,,,,,,,,,,,,,,,,0.10347125679254532,0.43779945373535156,0.5680848956108093,-0.09280748665332794,-0.009808921255171299,-0.0032237826380878687,0.042999500408768654,0.1088983848993239,0.4582635034756186,0.5963335690640305,-0.0994111103576974,-0.009285105738983567,-0.0030980297152176013,,,,,,,,,,,,
1.28,grasp,,,,,,,,,,,,,,,,,,,,,0.11388346552848816,0.4779672622680664,0.6187220811843872,-0.1092885360121727,-0.008754778653383255,-0.002983539830893278,0.042999500408768654,0.12499226711924089,0.5200778373164977,0.6748516803125064,-0.12265999893819815,-0.007783181521889498,-0.00272471766383038,,,,,,,,,,,,
1.3,grasp,,,,,,,,,,,,,,,,,,,,,0.11928534507751465,0.4985317885875702,0.6453627943992615,-0.11577600240707397,-0.008333377540111542,-0.00285702315159142,0.042999500408768654,0.12499226711924089,0.5200778373164977,0.6748516803125064,-0.12265999893819815,-0.007783181521889498,-0.00272471766383038,,,,,,,,,,,,
1.32,grasp,,,,,,,,,,,,,,,,,,,,,0.13005030155181885,0.5400668382644653,0.6976749897003174,-0.13259968161582947,-0.007240380626171827,-0.002608650829643011,0.042999500408768654,0.14153732889988596,0.5836247511114799,0.7555757328994974,-0.14656067388541705,-0.006239146338406145,-0.0023409390209704127,,,,,,,,,,,,
1.34,grasp,,,,,,,,,,,,,,,,,,,,,0.13563837110996246,0.5613409280776978,0.7251673936843872,-0.13937312364578247,-0.00680750934407115,-0.002477767411619425,0.042999500408768654,0.14153732889988596,0.5836247511114799,0.7555757328994974,-0.14656067388541705,-0.006239146338406145,-0.0023409390209704127,,,,,,,,,,,,
1.36,grasp,,,,,,,,,,,,,,,,,,,,,0.14658354222774506,0.6035740375518799,0.7785347700119019,-0.15618978440761566,-0.0056924354285001755,-0.002225247211754322,0.042999500408768654,0.15826564070856095,0.6478659962525549,0.8375482718779824,-0.1707260681997784,-0.004678005583437323,-0.0019529087144385107,,,,,,,,,,,,
1.3800000000000001,grasp,,,,,,,,,,,,,,,,,,,,,0.1522691696882248,0.6252158880233765,0.8065517544746399,-0.163242369890213,-0.0052557773888111115,-0.002092067850753665,0.042999500408768654,0.15826564070856095,0.6478659962525549,0.8375482718779824,-0.1707260681997784,-0.004678005583437323,-0.0019529087144385107,,,,,,,,,,,,
1.4,grasp,,,,,,,,,,,,,,,,,,,,,0.16321583092212677,0.6674523949623108,0.8603405952453613,-0.17973099648952484,-0.004136288072913885,-0.0018395169172436,0.042999500408768654,0.17490283574757673,0.7117352637548775,0.9197958259642935,-0.19475972325423005,-0.0031253642792195267,-0.0015669918745961728,,,,,,,,,,,,
1.42,grasp,,,,,,,,,,,,,,,,,,,,,0.16890659928321838,0.6891046762466431,0.8885491490364075,-0.18702265620231628,-0.003703477093949914,-0.0017062037950381637,0.042999500408768654,0.17490283574757673,0.7117352637548775,0.9197958259642935,-0.19475972325423005,-0.0031253642792195267,-0.0015669918745961728,,,,,,,,,,,,
1.44,grasp,,,,,,,,,,,,,,,,,,,,,0.17968711256980896,0.730688214302063,0.9420779347419739,-0.20289748907089233,-0.0025964216329157352,-0.001457504346035421,0.042999500408768654,0.1912000169617891,0.7742626941453136,1.0012521952793716,-0.21830216951978543,-0.0016044461307531414,-0.0011889608251404334,,,,,,,,,,,,
1.46,grasp,,,,,,,,,,,,,,,,,,,,,0.18529587984085083,0.7520149946212769,0.9701194167137146,-0.21037176251411438,-0.0021743520628660917,-0.0013260898413136601,0.042999500408768654,0.1912000169617891,0.7742626941453136,1.0012521952793716,-0.21830216951978543,-0.0016044461307531414,-0.0011889608251404334,,,,,,,,,,,,
1.48,grasp,,,,,,,,,,,,,,,,,,,,,0.19576068222522736,0.7923560738563538,1.022661566734314,-0.2254539281129837,-0.0010950217256322503,-0.0010846867226064205,0.042999500408768654,0.20693961687224605,0.8345908881924825,1.0807864412367414,-0.24103923536400482,-0.00013554625876274764,-0.0008238592733063869,,,,,,,,,,,,
1.5,grasp,,,,,,,,,,,,,,,,,,,,,0.20120921730995178,0.813054621219635,1.0501564741134644,-0.23301619291305542,-0.0006895866245031357,-0.0009569957619532943,0.042999500408768654,0.20693961687224605,0.8345908881924825,1.0807864412367414,-0.24103923536400482,-0.00013554625876274764,-0.0008238592733063869,,,,,,,,,,,,
1.52,grasp,,,,,,,,,,,,,,,,,,,,,0.2089887112379074,0.8457525968551636,1.1004550457000732,-0.26838189363479614,-0.003422325011342764,-0.018501704558730125,0.042999500408768654,0.22193684331151722,0.891972070255859,1.1572481758417303,-0.2627039884305804,0.0012640864692611618,-0.0004759744747306035,,,,,,,,,,,,
1.54,grasp,,,,,,,,,,,,,,,,,,,,,0.21132126450538635,0.856225848197937,1.1266379356384277,-0.3106691539287567,0.0011590146459639072,-0.026667874306440353,0.042999500408768654,0.22193684331151722,0.891972070255859,1.1572481758417303,-0.2627039884305804,0.0012640864692611618,-0.0004759744747306035,,,,,,,,,,,,
1.56,grasp,,,,,,,,,,,,,,,,,,,,,0.21858976781368256,0.8755632638931274,1.1750953197479248,-0.39224159717559814,0.017601262778043747,-0.03259138762950897,0.042999500408768654,0.23606179296562424,0.9456802912707956,1.2296044736965284,-0.2831706001307107,0.002582755763171354,-0.00014833280050504944,,,,,,,,,,,,
1.58,grasp,,,,,,,,,,,,,,,,,,,,,0.22250805795192719,0.8866464495658875,1.200374722480774,-0.43373405933380127,0.027088170871138573,-0.0343061238527298,0.042999500408768654,0.23606179296562424,0.9456802912707956,1.2296044736965284,-0.2831706001307107,0.002582755763171354,-0.00014833280050504944,,,,,,,,,,,,
1.6,grasp,,,,,,,,,,,,,,,,,,,,,0.22786687314510345,0.9043680429458618,1.2387540340423584,-0.4968682527542114,0.04041031002998352,-0.03317970782518387,0.042999500408768654,0.24248360387002632,1.0057371581109509,1.2815727005346975,-0.27560260201918757,0.0030641248805097234,3.887094875124924e-06,,,,,,,,,,,,
1.62,grasp,,,,,,,,,,,,,,,,,,,,,0.23070575296878815,0.9138664603233337,1.2589056491851807,-0.5313531756401062,0.04719163849949837,-0.028041448444128036,0.042999500408768654,0.24248360387002632,1.0057371581109509,1.2815727005346975,-0.27560260201918757,0.0030641248805097234,3.887094875124924e-06,,,,,,,,,,,,
1.6400000000000001,grasp,,,,,,,,,,,,,,,,,,,,,0.23217055201530457,0.9274786114692688,1.28556227684021,-0.5746965408325195,0.050962917506694794,-0.02377978526055813,0.042999500408768654,0.2422332808670998,1.0699495657849956,1.3149626332094833,-0.2448492291494487,0.0028313194499651442,3.862190620337499e-06,,,,,,,,,,,,
1.6600000000000001,grasp,,,,,,,,,,,,,,,,,,,,,0.2329091876745224,0.9347735047340393,1.299501657485962,-0.5977507829666138,0.05298909917473793,-0.020199965685606003,0.042999500408768654,0.2422332808670998,1.0699495657849956,1.3149626332094833,-0.2448492291494487,0.0028313194499651442,3.862190620337499e-06,,,,,,,,,,,,
1.6800000000000002,grasp,,,,,,,,,,,,,,,,,,,,,0.23328475654125214,0.9465307593345642,1.3212416172027588,-0.6328111290931702,0.05441564694046974,-0.015466093085706234,0.042999500408768654,0.24202937043656794,1.1270058544786608,1.3446401681529607,-0.21762775430829923,0.0026272214924180255,4.238852254067658e-06,,,,,,,,,,,,
1.7000000000000002,grasp,,,,,,,,,,,,,,,,,,,,,0.23342862725257874,0.9528130888938904,1.3326314687728882,-0.651566207408905,0.05537492036819458,-0.012003717944025993,0.042999500408768654,0.24202937043656794,1.1270058544786608,1.3446401681529607,-0.21762775430829923,0.0026272214924180255,4.238852254067658e-06,,,,,,,,,,,,
1.7200000000000002,grasp,,,,,,,,,,,,,,,,,,,,,0.23355191946029663,0.9630447626113892,1.350839376449585,-0.679296612739563,0.05636316537857056,-0.010639638639986515,0.042999500408768654,0.24185290765754672,1.1764050949445957,1.370331997832228,-0.1940629508129277,0.0024506159295483733,4.564776803673002e-06,,,,,,,,,,,,
1.7400000000000002,grasp,,,,,,,,,,,,,,,,,,,,,0.2334696352481842,0.9685222506523132,1.3604483604431152,-0.6946195960044861,0.0564432367682457,-0.008012061007320881,0.042999500408768654,0.24185290765754672,1.1764050949445957,1.370331997832228,-0.1940629508129277,0.0024506159295483733,4.564776803673002e-06,,,,,,,,,,,,
1.7600000000000002,grasp,,,,,,,,,,,,,,,,,,,,,0.23355625569820404,0.9773092865943909,1.375649094581604,-0.7166951298713684,0.05738842859864235,-0.008683891035616398,0.042999500408768654,0.24170469948553586,1.2178445696275086,1.3918955415069956,-0.17428406635230373,0.0023022951301760503,4.838503476134851e-06,,,,,,,,,,,,
1.7800000000000002,grasp,,,,,,,,,,,,,,,,,,,,,0.23339876532554626,0.9820303916931152,1.3837159872055054,-0.729377806186676,0.05723929405212402,-0.006612810306251049,0.042999500408768654,0.24170469948553586,1.2178445696275086,1.3918955415069956,-0.17428406635230373,0.0023022951301760503,4.838503476134851e-06,,,,,,,,,,,,
1.8000000000000003,grasp,,,,,,,,,,,,,,,,,,,,,0.2334108203649521,0.9892889857292175,1.396153211593628,-0.7471710443496704,0.05771341547369957,-0.007255678065121174,0.042999500408768654,0.24158485294774915,1.251259929675458,1.4093023486952232,-0.1583157045848391,0.0021823706886114746,5.059821996714844e-06,,,,,,,,,,,,
1.8200000000000003,grasp,,,,,,,,,,,,,,,,,,,,,0.23327314853668213,0.9931897521018982,1.4027472734451294,-0.7573362588882446,0.05751877650618553,-0.005723744165152311,0.042999500408768654,0.24158485294774915,1.251259929675458,1.4093023486952232,-0.1583157045848391,0.0021823706886114746,5.059821996714844e-06,,,,,,,,,,,,
1.8399999999999999,grasp,,,,,,,,,,,,,,,,,,,,,0.2332485467195511,0.998948872089386,1.4125080108642578,-0.7712836265563965,0.05758354067802429,-0.005776384379714727,0.042999500408768654,0.24149270569478629,1.2768508700372105,1.4226521358991633,-0.14606628869403188,0.0020901511997234797,5.230010493894267e-06,,,,,,,,,,,,
1.8599999999999999,grasp,,,,,,,,,,,,,,,,,,,,,0.233238086104393,1.0019855499267578,1.4175928831100464,-0.7783867716789246,0.05790451914072037,-0.006415181327611208,0.042999500408768654,0.24149270569478629,1.2768508700372105,1.4226521358991633,-0.14606628869403188,0.0020901511997234797,5.230010493894267e-06,,,,,,,,,,,,
1.88,grasp,,,,,,,,,,,,,,,,,,,,,0.23313309252262115,1.0063319206237793,1.4248647689819336,-0.789139449596405,0.057751331478357315,-0.005501597188413143,0.042999500408768654,0.24142660688508402,1.295101806430858,1.4321907619504999,-0.13731034721851718,0.002023955541170011,5.352172629356109e-06,,,,,,,,,,,,
1.9,grasp,,,,,,,,,,,,,,,,,,,,,0.2330835610628128,1.0086108446121216,1.4286502599716187,-0.794812023639679,0.057723257690668106,-0.0049032727256417274,0.042999500408768654,0.24142660688508402,1.295101806430858,1.4321907619504999,-0.13731034721851718,0.002023955541170011,5.352172629356109e-06,,,,,,,,,,,,
1.92,grasp,,,,,,,,,,,,,,,,,,,,,0.23306192457675934,1.0115238428115845,1.4335365295410156,-0.8015998005867004,0.057740893214941025,-0.005179251544177532,0.042999500408768654,0.24138367568535996,1.3068043555704485,1.438327045251951,-0.13167338560821112,0.001980989490930456,5.431464181678578e-06,,,,,,,,,,,,
1.94,grasp,,,,,,,,,,,,,,,,,,,,,0.2330271154642105,1.013067364692688,1.4361003637313843,-0.8050957322120667,0.05769113451242447,-0.005456778686493635,0.042999500408768654,0.24138367568535996,1.3068043555704485,1.438327045251951,-0.13167338560821112,0.001980989490930456,5.431464181678578e-06,,,,,,,,,,,,
1.96,grasp,,,,,,,,,,,,,,,,,,,,,0.23299680650234222,1.014839768409729,1.4390348196029663,-0.8093647360801697,0.057690300047397614,-0.0052366736344993114,0.042999500408768654,0.24136004971907674,1.3130829797652386,1.4416464840604644,-0.12862003652550563,0.001957336909911743,5.475113973899008e-06,,,,,,,,,,,,
1.98,grasp,,,,,,,,,,,,,,,,,,,,,0.23294252157211304,1.015795350074768,1.440595269203186,-0.8118923306465149,0.05763329565525055,-0.004575500264763832,0.042999500408768654,0.24136004971907674,1.3130829797652386,1.4416464840604644,-0.12862003652550563,0.001957336909911743,5.475113973899008e-06,,,,,,,,,,,,
2.0,grasp,,,,,,,,,,,,,,,,,,,,,0.2329121083021164,1.0166493654251099,1.442006230354309,-0.8139748573303223,0.05760080739855766,-0.004387493710964918,0.042999500408768654,0.24135102211453735,1.31544392008147,1.4429016869255764,-0.12746455497864895,0.0019482929749939449,5.491803799107382e-06,,,,,,,,,,,,
2.02,grasp,,,,,,,,,,,,,,,,,,,,,0.2328813672065735,1.017110824584961,1.442753791809082,-0.8150638341903687,0.05754482001066208,-0.004320852924138308,0.042999500408768654,0.24135102211453735,1.31544392008147,1.4429016869255764,-0.12746455497864895,0.0019482929749939449,5.491803799107382e-06,,,,,,,,,,,,
2.0370767641067506,grasp,,,,,,,,,,,,,,,,,,,,,0.23285581171512604,1.0174049139022827,1.443229079246521,-0.8157430291175842,0.05749431997537613,-0.004304233938455582,0.042999500408768654,0.24134983122348785,1.315751314163208,1.4430651664733887,-0.1273140013217926,0.0019471131963655353,5.4939810070209205e-06,,,,,,,,,,,,
0.0,grasp,,,,,,,,,,,,,,,,,,,,,,,,,,,0.0006812679184804438,,,,,,,0.043,,,,,,,,,,,
0.02,grasp,,,,,,,,,,,,,,,,,,,,,,,,,,,0.0006942657546460396,,,,,,,0.043,,,,,,,,,,,
0.04,grasp,,,,,,,,,,,,,,,,,,,,,,,,,,,0.0007872602436691523,,,,,,,0.043,,,,,,,,,,,
0.06,grasp,,,,,,,,,,,,,,,,,,,,,,,,,,,0.0010118467616848648,,,,,,,0.043,,,,,,,,,,,
0.08,grasp,,,,,,,,,,,,,,,,,,,,,,,,,,,0.001391399884596467,,,,,,,0.043,,,,,,,,,,,
0.1,grasp,,,,,,,,,,,,,,,,,,,,,,,,,,,0.001955118146724999,,,,,,,0.043,,,,,,,,,,,
0.12,grasp,,,,,,,,,,,,,,,,,,,,,,,,,,,0.0027214691508561373,,,,,,,0.043,,,,,,,,,,,
0.14,grasp,,,,,,,,,,,,,,,,,,,,,,,,,,,0.0036965837934985757,,,,,,,0.043,,,,,,,,,,,
0.16,grasp,,,,,,,,,,,,,,,,,,,,,,,,,,,0.004883628338575363,,,,,,,0.043,,,,,,,,,,,
0.18,grasp,,,,,,,,,,,,,,,,,,,,,,,,,,,0.006278585409745574,,,,,,,0.043,,,,,,,,,,,
0.2,grasp,,,,,,,,,,,,,,,,,,,,,,,,,,,0.007870003581047058,,,,,,,0.043,,,,,,,,,,,
0.22,grasp,,,,,,,,,,,,,,,,,,,,,,,,,,,0.009643236175179482,,,,,,,0.043,,,,,,,,,,,
0.24,grasp,,,,,,,,,,,,,,,,,,,,,,,,,,,0.01157826604321599,,,,,,,0.043,,,,,,,,,,,
0.26,grasp,,,,,,,,,,,,,,,,,,,,,,,,,,,0.013651451095938683,,,,,,,0.043,,,,,,,,,,,
0.28,grasp,,,,,,,,,,,,,,,,,,,,,,,,,,,0.01583603350445628,,,,,,,0.043,,,,,,,,,,,
0.3,grasp,,,,,,,,,,,,,,,,,,,,,,,,,,,0.01810304168611765,,,,,,,0.043,,,,,,,,,,,
0.32,grasp,,,,,,,,,,,,,,,,,,,,,,,,,,,0.020421515218913555,,,,,,,0.043,,,,,,,,,,,
0.34,grasp,,,,,,,,,,,,,,,,,,,,,,,,,,,0.022759699262678623,,,,,,,0.043,,,,,,,,,,,
0.36,grasp,,,,,,,,,,,,,,,,,,,,,,,,,,,0.025085140950977802,,,,,,,0.043,,,,,,,,,,,
0.38,grasp,,,,,,,,,,,,,,,,,,,,,,,,,,,0.02736556902527809,,,,,,,0.043,,,,,,,,,,,
0.4,grasp,,,,,,,,,,,,,,,,,,,,,,,,,,,0.02957019116729498,,,,,,,0.043,,,,,,,,,,,
0.42,grasp,,,,,,,,,,,,,,,,,,,,,,,,,,,0.03166920691728592,,,,,,,0.043,,,,,,,,,,,
0.44,grasp,,,,,,,,,,,,,,,,,,,,,,,,,,,0.03363572992384434,,,,,,,0.043,,,,,,,,,,,
0.46,grasp,,,,,,,,,,,,,,,,,,,,,,,,,,,0.035445038229227066,,,,,,,0.043,,,,,,,,,,,
0.48,grasp,,,,,,,,,,,,,,,,,,,,,,,,,,,0.03707650862634182,,,,,,,0.043,,,,,,,,,,,
0.5,grasp,,,,,,,,,,,,,,,,,,,,,,,,,,,0.03851409628987312,,,,,,,0.043,,,,,,,,,,,
0.52,grasp,,,,,,,,,,,,,,,,,,,,,,,,,,,0.03974592871963978,,,,,,,0.043,,,,,,,,,,,
0.54,grasp,,,,,,,,,,,,,,,,,,,,,,,,,,,0.04076645337045193,,,,,,,0.043,,,,,,,,,,,
0.56,grasp,,,,,,,,,,,,,,,,,,,,,,,,,,,0.04157601483166218,,,,,,,0.043,,,,,,,,,,,
0.58,grasp,,,,,,,,,,,,,,,,,,,,,,,,,,,0.04218213073909283,,,,,,,0.043,,,,,,,,,,,
0.6,grasp,,,,,,,,,,,,,,,,,,,,,,,,,,,0.04260009154677391,,,,,,,0.043,,,,,,,,,,,
0.62,grasp,,,,,,,,,,,,,,,,,,,,,,,,,,,0.04285275563597679,,,,,,,0.043,,,,,,,,,,,
0.64,grasp,,,,,,,,,,,,,,,,,,,,,,,,,,,0.04297295771539211,,,,,,,0.043,,,,,,,,,,,
0.66,grasp,,,,,,,,,,,,,,,,,,,,,,,,,,,0.043002963066101074,,,,,,,0.043,,,,,,,,,,,
0.68,grasp,,,,,,,,,,,,,,,,,,,,,,,,,,,0.04300006665289402,,,,,,,0.043,,,,,,,,,,,
0.68,grasp,,,,,,,,,,,,,,,,,,,,,0.015930891036987305,0.07898066937923431,0.08375746011734009,0.04823386296629906,0.0028545742388814688,0.0012353339698165655,0.04300006665289402,0.015930917114019394,0.0784573033452034,0.08583614230155945,0.048252739012241364,0.002849516924470663,0.0012356037041172385,,,,,,,,,,,,
0.7000000000000001,grasp,,,,,,,,,,,,,,,,,,,,,0.015930939465761185,0.07898521423339844,0.08374008536338806,0.04823368415236473,0.0028528019320219755,0.0012354491045698524,0.04300006665289402,0.015930917114019394,0.0784573033452034,0.08583614230155945,0.048252739012241364,0.002849516924470663,0.0012356037041172385,,,,,,,,,,,,
0.7200000000000001,grasp,,,,,,,,,,,,,,,,,,,,,0.01596715860068798,0.07912072539329529,0.08391256630420685,0.048180874437093735,0.0028521304484456778,0.0012353144120424986,0.04300006665289402,0.01600727017625346,0.07873247099587956,0.08621361118878161,0.04814399044108915,0.0028496370692484597,0.0012352134852590799,,,,,,,,,,,,
0.74,grasp,,,,,,,,,,,,,,,,,,,,,0.015986241400241852,0.07918988168239594,0.08400531113147736,0.04815370589494705,0.0028515104204416275,0.0012352523626759648,0.04300006665289402,0.01600727017625346,0.07873247099587956,0.08621361118878161,0.04814399044108915,0.0028496370692484597,0.0012352134852590799,,,,,,,,,,,,
0.76,grasp,,,,,,,,,,,,,,,,,,,,,0.016236361116170883,0.08010604977607727,0.0852552279829979,0.04779006913304329,0.00285420217551291,0.001233904156833887,0.04300006665289402,0.016513705546813237,0.08055757415876688,0.08871729906255375,0.047422681538419255,0.0028504351680265364,0.0012326252643150332,,,,,,,,,,,,
0.78,grasp,,,,,,,,,,,,,,,,,,,,,0.01636817306280136,0.08057346194982529,0.08592472970485687,0.04760286584496498,0.0028521369677037,0.0012332902988418937,0.04300006665289402,0.016513705546813237,0.08055757415876688,0.08871729906255375,0.047422681538419255,0.0028504351680265364,0.0012326252643150332,,,,,,,,,,,,
0.8,grasp,,,,,,,,,,,,,,,,,,,,,0.017058424651622772,0.0830826610326767,0.08933128416538239,0.04661334678530693,0.0028597326017916203,0.0012295948108658195,0.04300006665289402,0.017806954614536283,0.08522032594853324,0.09511317554746794,0.04558071590085614,0.0028524730182273744,0.0012260158563654256,,,,,,,,,,,,
0.8200000000000001,grasp,,,,,,,,,,,,,,,,,,,,,0.01741631329059601,0.08435933291912079,0.09114871919155121,0.04610399901866913,0.002853800542652607,0.0012279152870178223,0.04300006665289402,0.017806954614536283,0.08522032594853324,0.09511317554746794,0.04558071590085614,0.0028524730182273744,0.0012260158563654256,,,,,,,,,,,,
0.8400000000000001,grasp,,,,,,,,,,,,,,,,,,,,,0.018740367144346237,0.08916762471199036,0.09767238795757294,0.044212888926267624,0.0028678453527390957,0.0012208604020997882,0.04300006665289402,0.020164915342355375,0.09374133860240104,0.10679671380598962,0.04222229270270329,0.0028561883000875338,0.0012139647914149066,,,,,,,,,,,,
0.8600000000000001,grasp,,,,,,,,,,,,,,,,,,,,,0.019427167251706123,0.09161702543497086,0.10114217549562454,0.043239567428827286,0.002856457605957985,0.0012176488526165485,0.04300006665289402,0.020164915342355375,0.09374133860240104,0.10679671380598962,0.04222229270270329,0.0028561883000875338,0.0012139647914149066,,,,,,,,,,,,
0.8800000000000001,grasp,,,,,,,,,,,,,,,,,,,,,0.021531162783503532,0.09928826242685318,0.11154264211654663,0.04023617506027222,0.0028781346045434475,0.0012064609909430146,0.04300006665289402,0.0237866961987848,0.10689701900983109,0.12481733795953326,0.0370638433370523,0.0028618954348321557,0.0011954544390340761,,,,,,,,,,,,
0.9,grasp,,,,,,,,,,,,,,,,,,,,,0.022622253745794296,0.10319863259792328,0.11706455796957016,0.03869040682911873,0.0028608632273972034,0.001201340463012457,0.04300006665289402,0.0237866961987848,0.10689701900983109,0.12481733795953326,0.0370638433370523,0.0028618954348321557,0.0011954544390340761,,,,,,,,,,,,
0.92,grasp,,,,,,,,,,,,,,,,,,,,,0.025613220408558846,0.11414913833141327,0.1318899542093277,0.034421347081661224,0.0028908592648804188,0.0011854525655508041,0.04300006665289402,0.02881354298596344,0.12523637372398833,0.14989458823527677,0.029904185007671523,0.0028698165499585968,0.0011697628793678524,,,,,,,,,,,,
0.9400000000000001,grasp,,,,,,,,,,,,,,,,,,,,,0.02716393582522869,0.1197340190410614,0.13975082337856293,0.032224077731370926,0.0028670700266957283,0.0011781611246988177,0.04300006665289402,0.02881354298596344,0.12523637372398833,0.14989458823527677,0.029904185007671523,0.0028698165499585968,0.0011697628793678524,,,,,,,,,,,,
0.9600000000000001,grasp,,,,,,,,,,,,,,,,,,,,,0.03111594170331955,0.13424579799175262,0.15934006869792938,0.026583364233374596,0.0029060523957014084,0.0011571838986128569,0.04300006665289402,0.03533993824553656,0.14911270642391017,0.1824294385763401,0.020608732705297887,0.0028801005161584567,0.0011364067407361469,,,,,,,,,,,,
0.98,grasp,,,,,,,,,,,,,,,,,,,,,0.03316463902592659,0.1416504681110382,0.16971497237682343,0.023680010810494423,0.0028753827791661024,0.001147526316344738,0.04300006665289402,0.03533993824553656,0.14911270642391017,0.1824294385763401,0.020608732705297887,0.0028801005161584567,0.0011364067407361469,,,,,,,,,,,,
1.0,grasp,,,,,,,,,,,,,,,,,,,,,0.03811939060688019,0.15987679362297058,0.19421729445457458,0.01660802960395813,0.0029236862901598215,0.0011212477693334222,0.04300006665289402,0.043411513312805745,0.17868794766531373,0.22254348975250654,0.009112485828974637,0.002892818909257039,0.0010951532210659613,,,,,,,,,,,,
1.02,grasp,,,,,,,,,,,,,,,,,,,,,0.0406876839697361,0.1691810041666031,0.20718057453632355,0.012967852875590324,0.0028859693557024,0.001109117642045021,0.04300006665289402,0.043411513312805745,0.17868794766531373,0.22254348975250654,0.009112485828974637,0.002892818909257039,0.0010951532210659613,,,,,,,,,,,,
1.04,grasp,,,,,,,,,,,,,,,,,,,,,0.046653639525175095,0.19115746021270752,0.23657408356666565,0.004452376626431942,0.0029437036719173193,0.0010774866677820683,0.04300006665289402,0.05302300942308893,0.2139528770960012,0.27010648847856744,-0.0045770978012835755,0.0029079640640943937,0.0010460288865495613,,,,,,,,,,,,
1.06,grasp,,,,,,,,,,,,,,,,,,,,,0.049746036529541016,0.20238137245178223,0.2521091401576996,6.902852328494191e-05,0.0028989226557314396,0.0010628631571307778,0.04300006665289402,0.05302300942308893,0.2139528770960012,0.27010648847856744,-0.0045770978012835755,0.0029079640640943937,0.0010460288865495613,,,,,,,,,,,,
1.08,grasp,,,,,,,,,,,,,,,,,,,,,0.05670381337404251,0.2280399650335312,0.2862142026424408,-0.009864329360425472,0.0029660225845873356,0.0010259804548695683,0.04300006665289402,0.0641299036640025,0.2547482557647769,0.32475478065491764,-0.020396624120366927,0.0029254649124406547,0.0009892615269760242,,,,,,,,,,,,
1.1,grasp,,,,,,,,,,,,,,,,,,,,,0.060310449451208115,0.24115043878555298,0.30422064661979675,-0.014975814148783684,0.002914236392825842,0.0010089114075526595,0.04300006665289402,0.0641299036640025,0.2547482557647769,0.32475478065491764,-0.020396624120366927,0.0029254649124406547,0.0009892615269760242,,,,,,,,,,,,
1.12,grasp,,,,,,,,,,,,,,,,,,,,,0.068216472864151,0.2703333795070648,0.3427048921585083,-0.026788152754306793,0.002990578766912222,0.0009670012514106929,0.04300006665289402,0.07665310104949939,0.3007824223492673,0.3859164277650487,-0.03823344514335428,0.002945197583359235,0.0009252555059743307,,,,,,,,,,,,
1.1400000000000001,grasp,,,,,,,,,,,,,,,,,,,,,0.07231508195400238,0.28524839878082275,0.36301541328430176,-0.032341890037059784,0.002931857481598854,0.0009475985425524414,0.04300006665289402,0.07665310104949939,0.3007824223492673,0.3859164277650487,-0.03823344514335428,0.002945197583359235,0.0009252555059743307,,,,,,,,,,,,
1.1600000000000001,grasp,,,,,,,,,,,,,,,,,,,,,0.08110304176807404,0.3177097737789154,0.4054364562034607,-0.04593959450721741,0.003017210401594639,0.0009010041831061244,0.04300006665289402,0.09047995165478852,0.35163795351014815,0.4528468333666749,-0.05792707587716449,0.002966984468476627,0.0008545869788781611,,,,,,,,,,,,
1.1800000000000002,grasp,,,,,,,,,,,,,,,,,,,,,0.08565977960824966,0.3343049883842468,0.4278152585029602,-0.05175592005252838,0.0029516909271478653,0.0008794334717094898,0.04300006665289402,0.09047995165478852,0.35163795351014815,0.4528468333666749,-0.05792707587716449,0.002966984468476627,0.0008545869788781611,,,,,,,,,,,,
1.2000000000000002,grasp,,,,,,,,,,,,,,,,,,,,,0.095238097012043,0.3697037100791931,0.4736482799053192,-0.06682928651571274,0.003045676276087761,0.0008286319207400084,0.04300006665289402,0.1054579769461368,0.40675004087193717,0.5246909509521205,-0.07926029117523029,0.002990584976460808,0.0007780354744202465,,,,,,,,,,,,
1.2200000000000002,grasp,,,,,,,,,,,,,,,,,,,,,0.10020599514245987,0.3878074288368225,0.4978114366531372,-0.0728604719042778,0.0029734987765550613,0.0008051276090554893,0.04300006665289402,0.1054579769461368,0.40675004087193717,0.5246909509521205,-0.07926029117523029,0.002990584976460808,0.0007780354744202465,,,,,,,,,,,,
1.2400000000000002,grasp,,,,,,,,,,,,,,,,,,,,,0.11045227944850922,0.4256887435913086,0.546492338180542,-0.08905304223299026,0.0030755293555557728,0.0007507482077926397,0.04300006665289402,0.12138538287067759,0.46536985651226476,0.600560912013232,-0.10194565901914422,0.003015681209255823,0.0006966323536669928,,,,,,,,,,,,
1.26,grasp,,,,,,,,,,,,,,,,,,,,,0.11576869338750839,0.44507062435150146,0.5721356272697449,-0.09530797600746155,0.0029970332980155945,0.0007256263052113354,0.04300006665289402,0.12138538287067759,0.46536985651226476,0.600560912013232,-0.10194565901914422,0.003015681209255823,0.0006966323536669928,,,,,,,,,,,,
1.28,grasp,,,,,,,,,,,,,,,,,,,,,0.126535102725029,0.48488500714302063,0.6230719685554504,-0.11222337931394577,0.003106307238340378,0.0006684390245936811,0.04300006665289402,0.1380244914499185,0.5266161795907738,0.6795317194607777,-0.12564468527779005,0.003041898918709287,0.0006115919994435066,,,,,,,,,,,,
1.3,grasp,,,,,,,,,,,,,,,,,,,,,0.1321241706609726,0.505264937877655,0.6498776078224182,-0.1187346801161766,0.0030218595638871193,0.0006420693243853748,0.04300006665289402,0.1380244914499185,0.5266161795907738,0.6795317194607777,-0.12564468527779005,0.003041898918709287,0.0006115919994435066,,,,,,,,,,,,
1.32,grasp,,,,,,,,,,,,,,,,,,,,,0.143242746591568,0.5463882088661194,0.7024577260017395,-0.13598084449768066,0.0031373256351798773,0.0005829554866068065,0.04300006665289402,0.15510989887412935,0.5895043034534869,0.7606558576395156,-0.14997939984179884,0.0030688201188847387,0.000524270448052362,,,,,,,,,,,,
1.34,grasp,,,,,,,,,,,,,,,,,,,,,0.14901812374591827,0.5674476027488708,0.7300997376441956,-0.14277218282222748,0.0030475787352770567,0.0005557630793191493,0.04300006665289402,0.15510989887412935,0.5895043034534869,0.7606558576395156,-0.14997939984179884,0.0030688201188847387,0.000524270448052362,,,,,,,,,,,,
1.36,grasp,,,,,,,,,,,,,,,,,,,,,0.16030867397785187,0.6092090606689453,0.7836928367614746,-0.15997685492038727,0.0031679298263043165,0.0004956613993272185,0.04300006665289402,0.17236180054646857,0.6529952236279238,0.8429575929723869,-0.17455119936943977,0.0030960039467867713,0.0004360978341547132,,,,,,,,,,,,
1.3800000000000001,grasp,,,,,,,,,,,,,,,,,,,,,0.16617727279663086,0.6306050419807434,0.8118365406990051,-0.1670476347208023,0.0030736655462533236,0.00046810045023448765,0.04300006665289402,0.17236180054646857,0.6529952236279238,0.8429575929723869,-0.17455119936943977,0.0030960039467867713,0.0004360978341547132,,,,,,,,,,,,
1.4,grasp,,,,,,,,,,,,,,,,,,,,,0.1774541586637497,0.6723121404647827,0.865795373916626,-0.18388521671295166,0.0031973563600331545,0.00040799006819725037,0.04300006665289402,0.18949544841134866,0.7160286540769527,0.9254415158382256,-0.19895455738223447,0.003123001772955369,0.00034852910882670815,,,,,,,,,,,,
1.42,grasp,,,,,,,,,,,,,,,,,,,,,0.18331989645957947,0.6936893463134766,0.8941011428833008,-0.19119633734226227,0.0030996922869235277,0.00038052856689319015,0.04300006665289402,0.18949544841134866,0.7160286540769527,0.9254415158382256,-0.19895455738223447,0.003123001772955369,0.00034852910882670815,,,,,,,,,,,,
1.44,grasp,,,,,,,,,,,,,,,,,,,,,0.19440944492816925,0.7346922159194946,0.947729766368866,-0.2073628157377243,0.003225082764402032,0.00032132098567672074,0.04300006665289402,0.20625410269894934,0.7776451087668657,1.0070193833634022,-0.22282373450760784,0.003149409161140154,0.0002628766825173072,,,,,,,,,,,,
1.46,grasp,,,,,,,,,,,,,,,,,,,,,0.20018219947814941,0.7557170987129211,0.9758318066596985,-0.21486414968967438,0.0031252549961209297,0.0002943777362816036,0.04300006665289402,0.20625410269894934,0.7776451087668657,1.0070193833634022,-0.22282373450760784,0.003149409161140154,0.0002628766825173072,,,,,,,,,,,,
1.48,grasp,,,,,,,,,,,,,,,,,,,,,0.21093206107616425,0.795437753200531,1.0283867120742798,-0.23016682267189026,0.0032506645657122135,0.00023689989757258445,0.04300006665289402,0.22241696569728714,0.837009649970368,1.0865320143556643,-0.24584441144586608,0.0031748785135244308,0.00018026889064537706,,,,,,,,,,,,
1.5,grasp,,,,,,,,,,,,,,,,,,,,,0.21653203666210175,0.8158143162727356,1.0558953285217285,-0.23777362704277039,0.0031500295735895634,0.00021084245236124843,0.04300006665289402,0.22241696569728714,0.837009649970368,1.0865320143556643,-0.24584441144586608,0.0031748785135244308,0.00018026889064537706,,,,,,,,,,,,
1.52,grasp,,,,,,,,,,,,,,,,,,,,,0.22456635534763336,0.8484019041061401,1.1062211990356445,-0.2729472517967224,-0.00010880775516852736,-0.017724493518471718,0.04300006665289402,0.23779302715374614,0.8933795782712077,1.1628220475789763,-0.2677444467137622,0.003199108985816712,0.00010168248764912554,,,,,,,,,,,,
1.54,grasp,,,,,,,,,,,,,,,,,,,,,0.22690221667289734,0.8589142560958862,1.132346510887146,-0.31479746103286743,0.0041380333714187145,-0.026586396619677544,0.04300006665289402,0.23779302715374614,0.8933795782712077,1.1628220475789763,-0.2677444467137622,0.003199108985816712,0.00010168248764912554,,,,,,,,,,,,
1.56,grasp,,,,,,,,,,,,,,,,,,,,,0.23458419740200043,0.8787221908569336,1.1808496713638306,-0.39603564143180847,0.022165847942233086,-0.033196233212947845,0.04300006665289402,0.2524627805469845,0.9457232577711872,1.2352966513486099,-0.28920072972045413,0.0032265764559167203,2.67211995068474e-05,,,,,,,,,,,,
1.58,grasp,,,,,,,,,,,,,,,,,,,,,0.23870715498924255,0.8896996378898621,1.2061306238174438,-0.43740114569664,0.031862348318099976,-0.03507409617304802,0.04300006665289402,0.2524627805469845,0.9457232577711872,1.2352966513486099,-0.28920072972045413,0.0032265764559167203,2.67211995068474e-05,,,,,,,,,,,,
1.6,grasp,,,,,,,,,,,,,,,,,,,,,0.2432868927717209,0.9063721895217896,1.2418591976165771,-0.4960884153842926,0.043386343866586685,-0.033710453659296036,0.04300006665289402,0.25691747398274567,1.0081660508622567,1.2818373839560964,-0.2734232765656486,0.0030629158928772576,3.3883867093237885e-06,,,,,,,,,,,,
1.62,grasp,,,,,,,,,,,,,,,,,,,,,0.24558517336845398,0.91543048620224,1.2607061862945557,-0.5283794403076172,0.04882819950580597,-0.028812089934945107,0.04300006665289402,0.25691747398274567,1.0081660508622567,1.2818373839560964,-0.2734232765656486,0.0030629158928772576,3.3883867093237885e-06,,,,,,,,,,,,
1.6400000000000001,grasp,,,,,,,,,,,,,,,,,,,,,0.2467988282442093,0.9285207390785217,1.2861874103546143,-0.5697629451751709,0.051973097026348114,-0.024951033294200897,0.04300006665289402,0.256673067200513,1.0715151676522192,1.3142990453062857,-0.2426312514968221,0.00283093669824438,3.870243516897923e-06,,,,,,,,,,,,
1.6600000000000001,grasp,,,,,,,,,,,,,,,,,,,,,0.247438445687294,0.9354924559593201,1.299500823020935,-0.5918260216712952,0.05377083644270897,-0.021531330421566963,0.04300006665289402,0.256673067200513,1.0715151676522192,1.3142990453062857,-0.2426312514968221,0.00283093669824438,3.870243516897923e-06,,,,,,,,,,,,
1.6800000000000002,grasp,,,,,,,,,,,,,,,,,,,,,0.24771800637245178,0.9468836784362793,1.3204801082611084,-0.6256870031356812,0.05490029975771904,-0.01708988845348358,0.04300006665289402,0.25646852106142626,1.127607407626635,1.3430421020201175,-0.21543730631941754,0.002626341142129001,4.239932156561483e-06,,,,,,,,,,,,
1.7000000000000002,grasp,,,,,,,,,,,,,,,,,,,,,0.24783910810947418,0.9528992176055908,1.3314549922943115,-0.6437386274337769,0.05559953674674034,-0.013883160427212715,0.04300006665289402,0.25646852106142626,1.127607407626635,1.3430421020201175,-0.21543730631941754,0.002626341142129001,4.239932156561483e-06,,,,,,,,,,,,
1.7200000000000002,grasp,,,,,,,,,,,,,,,,,,,,,0.24788165092468262,0.9627841114997864,1.3490746021270752,-0.670881986618042,0.05601619929075241,-0.011890873312950134,0.04300006665289402,0.25629233679530616,1.1759574683208425,1.3678171605566913,-0.19199826428876457,0.00245006877986952,4.558444319541844e-06,,,,,,,,,,,,
1.7400000000000002,grasp,,,,,,,,,,,,,,,,,,,,,0.24784335494041443,0.9680141806602478,1.358323335647583,-0.6855507493019104,0.05619330704212189,-0.00974801555275917,0.04300006665289402,0.25629233679530616,1.1759574683208425,1.3678171605566913,-0.19199826428876457,0.00245006877986952,4.558444319541844e-06,,,,,,,,,,,,
1.7600000000000002,grasp,,,,,,,,,,,,,,,,,,,,,0.2478255331516266,0.9764049649238586,1.3729846477508545,-0.707080066204071,0.056354787200689316,-0.009699762798845768,0.04300006665289402,0.2561454095541216,1.2162899039883597,1.3884960680744296,-0.17243407005816805,0.002302845883100047,4.824468668539511e-06,,,,,,,,,,,,
1.7800000000000002,grasp,,,,,,,,,,,,,,,,,,,,,0.24777090549468994,0.9808057546615601,1.3806813955307007,-0.718862771987915,0.05642344802618027,-0.00848586205393076,0.04300006665289402,0.2561454095541216,1.2162899039883597,1.3884960680744296,-0.17243407005816805,0.002302845883100047,4.824468668539511e-06,,,,,,,,,,,,
1.8000000000000003,grasp,,,,,,,,,,,,,,,,,,,,,0.24771417677402496,0.9877761006355286,1.3926029205322266,-0.7360650897026062,0.056425366550683975,-0.008700769394636154,0.04300006665289402,0.2560274775799236,1.2485742845874042,1.4050676359024001,-0.1567556430129159,0.002184671561169849,5.037997096822635e-06,,,,,,,,,,,,
1.8200000000000003,grasp,,,,,,,,,,,,,,,,,,,,,0.24764205515384674,0.9914044737815857,1.3988494873046875,-0.7451801300048828,0.05641099438071251,-0.008545712567865849,0.04300006665289402,0.2560274775799236,1.2485742845874042,1.4050676359024001,-0.1567556430129159,0.002184671561169849,5.037997096822635e-06,,,,,,,,,,,,
1.8399999999999999,grasp,,,,,,,,,,,,,,,,,,,,,0.2476186454296112,0.9968153834342957,1.408094048500061,-0.7586315870285034,0.056471507996320724,-0.008177199400961399,0.04300006665289402,0.2559377284297798,1.2730510324975735,1.417650164574358,-0.14485048031308725,0.002094689940214447,5.200601054459715e-06,,,,,,,,,,,,
1.8599999999999999,grasp,,,,,,,,,,,,,,,,,,,,,0.2475438117980957,0.9997077584266663,1.4129552841186523,-0.765633225440979,0.0563993826508522,-0.008160894736647606,0.04300006665289402,0.2559377284297798,1.2730510324975735,1.417650164574358,-0.14485048031308725,0.002094689940214447,5.200601054459715e-06,,,,,,,,,,,,
1.88,grasp,,,,,,,,,,,,,,,,,,,,,0.24751000106334686,1.0037181377410889,1.4196957349777222,-0.7749441266059875,0.05644563212990761,-0.008928750641644001,0.04300006665289402,0.2558742554557376,1.2902528517403753,1.426510108978789,-0.13646567298433082,0.002031019549047089,5.315643768500569e-06,,,,,,,,,,,,
1.9,grasp,,,,,,,,,,,,,,,,,,,,,0.24742844700813293,1.0058681964874268,1.423272967338562,-0.780498743057251,0.05636904761195183,-0.007978253997862339,0.04300006665289402,0.2558742554557376,1.2902528517403753,1.426510108978789,-0.13646567298433082,0.002031019549047089,5.315643768500569e-06,,,,,,,,,,,,
1.92,grasp,,,,,,,,,,,,,,,,,,,,,0.24739907681941986,1.0085397958755493,1.427774429321289,-0.7870593667030334,0.05640158802270889,-0.007677534595131874,0.04300006665289402,0.25583398520091705,1.301024854954077,1.432082066059939,-0.13118977167943718,0.0019905603736826588,5.388753503735312e-06,,,,,,,,,,,,
1.94,grasp,,,,,,,,,,,,,,,,,,,,,0.2473413646221161,1.009979248046875,1.4301543235778809,-0.7905068397521973,0.056324683129787445,-0.0075641535222530365,0.04300006665289402,0.25583398520091705,1.301024854954077,1.432082066059939,-0.13118977167943718,0.0019905603736826588,5.388753503735312e-06,,,,,,,,,,,,
1.96,grasp,,,,,,,,,,,,,,,,,,,,,0.24731561541557312,1.0115388631820679,1.4327634572982788,-0.7941440939903259,0.05629974976181984,-0.007707785349339247,0.04300006665289402,0.2558127038481498,1.3065624726632703,1.4349709822015153,-0.1284522222456072,0.0019692227561268834,5.427311925800029e-06,,,,,,,,,,,,
1.98,grasp,,,,,,,,,,,,,,,,,,,,,0.24727386236190796,1.0123786926269531,1.4341456890106201,-0.7960723638534546,0.056224603205919266,-0.007785935886204243,0.04300006665289402,0.2558127038481498,1.3065624726632703,1.4349709822015153,-0.1284522222456072,0.0019692227561268834,5.427311925800029e-06,,,,,,,,,,,,
2.0,grasp,,,,,,,,,,,,,,,,,,,,,0.24724909663200378,1.0130964517593384,1.4353368282318115,-0.7977148294448853,0.056181661784648895,-0.00788609404116869,0.04300006665289402,0.25580536048239716,1.3084448379467184,1.435957852957028,-0.12751665341471977,0.0019618649385621935,5.440608465810583e-06,,,,,,,,,,,,
2.02,grasp,,,,,,,,,,,,,,,,,,,,,0.2472265511751175,1.0134789943695068,1.4359650611877441,-0.7985809445381165,0.05614057183265686,-0.007941346615552902,0.04300006665289402,0.25580536048239716,1.3084448379467184,1.435957852957028,-0.12751665341471977,0.0019618649385621935,5.440608465810583e-06,,,,,,,,,,,,
2.0302121418714525,grasp,,,,,,,,,,,,,,,,,,,,,0.2472093552350998,1.0137076377868652,1.4363387823104858,-0.7991006970405579,0.05610746145248413,-0.007961864583194256,0.04300006665289402,0.2558046877384186,1.308616042137146,1.4360475540161133,-0.12743154168128967,0.0019611951429396868,5.441818757390138e-06,,,,,,,,,,,,
0.0,grasp,,,,,,,,,,,,,,,,,,,,,,,,,,,3.2034779906098265e-05,,,,,,,0.043,,,,,,,,,,,
0.02,grasp,,,,,,,,,,,,,,,,,,,,,,,,,,,4.6288303565233946e-05,,,,,,,0.043,,,,,,,,,,,
0.04,grasp,,,,,,,,,,,,,,,,,,,,,,,,,,,0.00014057601219974458,,,,,,,0.043,,,,,,,,,,,
0.06,grasp,,,,,,,,,,,,,,,,,,,,,,,,,,,0.00036767452547792345,,,,,,,0.043,,,,,,,,,,,
0.08,grasp,,,,,,,,,,,,,,,,,,,,,,,,,,,0.0007539835933130234,,,,,,,0.043,,,,,,,,,,,
0.1,grasp,,,,,,,,,,,,,,,,,,,,,,,,,,,0.001325981575064361,,,,,,,0.043,,,,,,,,,,,
0.12,grasp,,,,,,,,,,,,,,,,,,,,,,,,,,,0.002104165847413242,,,,,,,0.043,,,,,,,,,,,
0.14,grasp,,,,,,,,,,,,,,,,,,,,,,,,,,,0.003094096318818629,,,,,,,0.043,,,,,,,,,,,
0.16,grasp,,,,,,,,,,,,,,,,,,,,,,,,,,,0.004299553344026208,,,,,,,0.043,,,,,,,,,,,
0.18,grasp,,,,,,,,,,,,,,,,,,,,,,,,,,,0.0057158840354532,,,,,,,0.043,,,,,,,,,,,
0.2,grasp,,,,,,,,,,,,,,,,,,,,,,,,,,,0.007331680040806532,,,,,,,0.043,,,,,,,,,,,
0.22,grasp,,,,,,,,,,,,,,,,,,,,,,,,,,,0.009132165927439928,,,,,,,0.043,,,,,,,,,,,
0.24,grasp,,,,,,,,,,,,,,,,,,,,,,,,,,,0.011096957139670849,,,,,,,0.043,,,,,,,,,,,
0.26,grasp,,,,,,,,,,,,,,,,,,,,,,,,,,,0.013201870489865541,,,,,,,0.043,,,,,,,,,,,
0.28,grasp,,,,,,,,,,,,,,,,,,,,,,,,,,,0.015420044772326946,,,,,,,0.043,,,,,,,,,,,
0.3,grasp,,,,,,,,,,,,,,,,,,,,,,,,,,,0.017721954733133316,,,,,,,0.043,,,,,,,,,,,
0.32,grasp,,,,,,,,,,,,,,,,,,,,,,,,,,,0.020075813867151737,,,,,,,0.043,,,,,,,,,,,
0.34,grasp,,,,,,,,,,,,,,,,,,,,,,,,,,,0.02244995068758726,,,,,,,0.043,,,,,,,,,,,
0.36,grasp,,,,,,,,,,,,,,,,,,,,,,,,,,,0.02481093816459179,,,,,,,0.043,,,,,,,,,,,
0.38,grasp,,,,,,,,,,,,,,,,,,,,,,,,,,,0.027126592583954334,,,,,,,0.043,,,,,,,,,,,
0.4,grasp,,,,,,,,,,,,,,,,,,,,,,,,,,,0.029364926740527153,,,,,,,0.043,,,,,,,,,,,
0.42,grasp,,,,,,,,,,,,,,,,,,,,,,,,,,,0.03149628825485706,,,,,,,0.043,,,,,,,,,,,
0.44,grasp,,,,,,,,,,,,,,,,,,,,,,,,,,,0.03349290229380131,,,,,,,0.043,,,,,,,,,,,
0.46,grasp,,,,,,,,,,,,,,,,,,,,,,,,,,,0.03532990626990795,,,,,,,0.043,,,,,,,,,,,
0.48,grasp,,,,,,,,,,,,,,,,,,,,,,,,,,,0.036986684426665306,,,,,,,0.043,,,,,,,,,,,
0.5,grasp,,,,,,,,,,,,,,,,,,,,,,,,,,,0.038446156308054924,,,,,,,0.043,,,,,,,,,,,
0.52,grasp,,,,,,,,,,,,,,,,,,,,,,,,,,,0.039696937426924706,,,,,,,0.043,,,,,,,,,,,
0.54,grasp,,,,,,,,,,,,,,,,,,,,,,,,,,,0.04073317535221577,,,,,,,0.043,,,,,,,,,,,
0.56,grasp,,,,,,,,,,,,,,,,,,,,,,,,,,,0.04155494645237923,,,,,,,0.043,,,,,,,,,,,
0.58,grasp,,,,,,,,,,,,,,,,,,,,,,,,,,,0.042170654982328415,,,,,,,0.043,,,,,,,,,,,
0.6,grasp,,,,,,,,,,,,,,,,,,,,,,,,,,,0.042594846338033676,,,,,,,0.043,,,,,,,,,,,
0.62,grasp,,,,,,,,,,,,,,,,,,,,,,,,,,,0.042851464822888374,,,,,,,0.043,,,,,,,,,,,
0.64,grasp,,,,,,,,,,,,,,,,,,,,,,,,,,,0.04297368787229061,,,,,,,0.043,,,,,,,,,,,
0.66,grasp,,,,,,,,,,,,,,,,,,,,,,,,,,,0.043004197999835014,,,,,,,0.043,,,,,,,,,,,
0.68,grasp,,,,,,,,,,,,,,,,,,,,,,,,,,,0.042999185621738434,,,,,,,0.043,,,,,,,,,,,
0.68,grasp,,,,,,,,,,,,,,,,,,,,,-0.0031093305442482233,0.05141140893101692,0.09384933859109879,0.044963378459215164,-0.02284637652337551,0.022513967007398605,0.042999185621738434,-0.0031079580076038837,0.0508950874209404,0.09590566158294678,0.04498281702399254,-0.022873975336551666,0.022514555603265762,,,,,,,,,,,,
0.7000000000000001,grasp,,,,,,,,,,,,,,,,,,,,,-0.00310934497974813,0.05141580104827881,0.09383216500282288,0.04496319964528084,-0.02284582518041134,0.02251393534243107,0.042999185621738434,-0.0031079580076038837,0.0508950874209404,0.09590566158294678,0.04498281702399254,-0.022873975336551666,0.022514555603265762,,,,,,,,,,,,
0.7200000000000001,grasp,,,,,,,,,,,,,,,,,,,,,-0.0030550374649465084,0.05156189948320389,0.09400603920221329,0.044913869351148605,-0.022840850055217743,0.022510329261422157,0.042999185621738434,-0.0029933399227995063,0.05119231503873448,0.09628574079735656,0.04488122908445736,-0.022865491634641393,0.022507202186598286,,,,,,,,,,,,
0.74,grasp,,,,,,,,,,,,,,,,,,,,,-0.003026372054591775,0.051636531949043274,0.09409946948289871,0.04488847777247429,-0.022839156910777092,0.022508492693305016,0.042999185621738434,-0.0029933399227995063,0.05119231503873448,0.09628574079735656,0.04488122908445736,-0.022865491634641393,0.022507202186598286,,,,,,,,,,,,
0.76,grasp,,,,,,,,,,,,,,,,,,,,,-0.0026483878027647734,0.05262722447514534,0.09535840153694153,0.04454861581325531,-0.022806577384471893,0.022483790293335915,0.042999185621738434,-0.0022328113499184075,0.053164536216857884,0.09880765887079372,0.04420717043778523,-0.022809203366786664,0.022458397578375523,,,,,,,,,,,,
0.78,grasp,,,,,,,,,,,,,,,,,,,,,-0.0024512072559446096,0.05313238129019737,0.0960325226187706,0.04437373951077461,-0.022795947268605232,0.022471195086836815,0.042999185621738434,-0.0022328113499184075,0.053164536216857884,0.09880765887079372,0.04420717043778523,-0.022809203366786664,0.022458397578375523,,,,,,,,,,,,
0.8,grasp,,,,,,,,,,,,,,,,,,,,,-0.001412378391250968,0.05584259703755379,0.09946237504482269,0.04344940185546875,-0.022708188742399216,0.022404054179787636,0.042999185621738434,-0.0002918468992202012,0.05820043244753927,0.10524652615090546,0.04248688291186515,-0.02266554603161467,0.02233384397802677,,,,,,,,,,,,
0.8200000000000001,grasp,,,,,,,,,,,,,,,,,,,,,-0.0008736547897569835,0.05722326040267944,0.10129048675298691,0.042973726987838745,-0.02267898991703987,0.02236982434988022,0.042999185621738434,-0.0002918468992202012,0.05820043244753927,0.10524652615090546,0.04248688291186515,-0.02266554603161467,0.02233384397802677,,,,,,,,,,,,
0.8400000000000001,grasp,,,,,,,,,,,,,,,,,,,,,0.0011127807665616274,0.062413059175014496,0.10785523802042007,0.04120904952287674,-0.02251294068992138,0.022241687402129173,0.042999185621738434,0.0032431598881920484,0.06739871013771732,0.11700078554401083,0.039353782739154394,-0.022403909301949576,0.022106999164338875,,,,,,,,,,,,
0.8600000000000001,grasp,,,,,,,,,,,,,,,,,,,,,0.0021428661420941353,0.06505952775478363,0.11134444922208786,0.040300969034433365,-0.0224563330411911,0.022176314145326614,0.042999185621738434,0.0032431598881920484,0.06739871013771732,0.11700078554401083,0.039353782739154394,-0.022403909301949576,0.022106999164338875,,,,,,,,,,,,
0.8800000000000001,grasp,,,,,,,,,,,,,,,,,,,,,0.005295136012136936,0.0733349621295929,0.1218031719326973,0.037501197308301926,-0.022194549441337585,0.02197306603193283,0.042999185621738434,0.008667323061331566,0.08159236339805176,0.1351173060351493,0.03454629592833269,-0.022002445139898578,0.02175892675918455,,,,,,,,,,,,
0.9,grasp,,,,,,,,,,,,,,,,,,,,,0.006929398979991674,0.07755742222070694,0.12735259532928467,0.036060430109500885,-0.022103607654571533,0.02186933159828186,0.042999185621738434,0.008667323061331566,0.08159236339805176,0.1351173060351493,0.03454629592833269,-0.022002445139898578,0.02175892675918455,,,,,,,,,,,,
0.92,grasp,,,,,,,,,,,,,,,,,,,,,0.011405090801417828,0.08936376869678497,0.14224915206432343,0.03208528459072113,-0.021733233705163002,0.021580785512924194,0.042999185621738434,0.01618679422802009,0.10136712957090509,0.1603064356121059,0.027881706002490483,-0.021445898780204423,0.021276395029944085,,,,,,,,,,,,
0.9400000000000001,grasp,,,,,,,,,,,,,,,,,,,,,0.01372506283223629,0.0953906700015068,0.15014277398586273,0.03003958985209465,-0.021602671593427658,0.02143346518278122,0.042999185621738434,0.01618679422802009,0.10136712957090509,0.1603064356121059,0.027881706002490483,-0.021445898780204423,0.021276395029944085,,,,,,,,,,,,
0.9600000000000001,grasp,,,,,,,,,,,,,,,,,,,,,0.019632088020443916,0.11102114617824554,0.1698102205991745,0.02479325793683529,-0.021115191280841827,0.02105267345905304,0.042999185621738434,0.025938091459650967,0.12708372106378205,0.19295966685087157,0.01923899934597374,-0.020724164858828203,0.020650645645884924,,,,,,,,,,,,
0.98,grasp,,,,,,,,,,,,,,,,,,,,,0.022693578153848648,0.11900374293327332,0.1802201122045517,0.02209324575960636,-0.02094142884016037,0.020858192816376686,0.042999185621738434,0.025938091459650967,0.12708372106378205,0.19295966685087157,0.01923899934597374,-0.020724164858828203,0.020650645645884924,,,,,,,,,,,,
1.0,grasp,,,,,,,,,,,,,,,,,,,,,0.030089711770415306,0.13861283659934998,0.20479771494865417,0.015524327754974365,-0.02033224143087864,0.02038142830133438,0.042999185621738434,0.037981521725418785,0.15890041382060638,0.2331807669160131,0.008564706947609226,-0.019832778448338962,0.01987780626496772,,,,,,,,,,,,
1.02,grasp,,,,,,,,,,,,,,,,,,,,,0.03392244130373001,0.1486315280199051,0.21779273450374603,0.012143484316766262,-0.020113222301006317,0.020137885585427284,0.042999185621738434,0.037981521725418785,0.15890041382060638,0.2331807669160131,0.008564706947609226,-0.019832778448338962,0.01987780626496772,,,,,,,,,,,,
1.04,grasp,,,,,,,,,,,,,,,,,,,,,0.04281538724899292,0.1722443699836731,0.24724708497524261,0.004245168995112181,-0.019381839781999588,0.01956465281546116,0.042999185621738434,0.05230122494694949,0.19678553936102083,0.28082124894566296,-0.004127121368513381,-0.018772913678055652,0.01895888892538776,,,,,,,,,,,,
1.06,grasp,,,,,,,,,,,,,,,,,,,,,0.04742338880896568,0.1843138486146927,0.262804239988327,0.00017993747314903885,-0.0191170796751976,0.01927177608013153,0.042999185621738434,0.05230122494694949,0.19678553936102083,0.28082124894566296,-0.004127121368513381,-0.018772913678055652,0.01895888892538776,,,,,,,,,,,,
1.08,grasp,,,,,,,,,,,,,,,,,,,,,0.05777813121676445,0.21184056997299194,0.2969438135623932,-0.009016797877848148,-0.01826634258031845,0.018604323267936707,0.042999185621738434,0.06882096955499928,0.24054114528449289,0.33549857610988876,-0.018768899538036378,-0.017550208797027154,0.0178987877607,,,,,,,,,,,,
1.1,grasp,,,,,,,,,,,,,,,,,,,,,0.06314356625080109,0.22591659426689148,0.3149566948413849,-0.013750540092587471,-0.017956813797354698,0.018263258039951324,0.042999185621738434,0.06882096955499928,0.24054114528449289,0.33549857610988876,-0.018768899538036378,-0.017550208797027154,0.0178987877607,,,,,,,,,,,,
1.12,grasp,,,,,,,,,,,,,,,,,,,,,0.0748894214630127,0.25717177987098694,0.35343673825263977,-0.024485396221280098,-0.01699235662817955,0.017506137490272522,0.042999185621738434,0.0874142418860543,0.2898321647918898,0.39661271327215947,-0.035248503354190976,-0.016174030815990597,0.016705625049518266,,,,,,,,,,,,
1.1400000000000001,grasp,,,,,,,,,,,,,,,,,,,,,0.08097607642412186,0.2731596827507019,0.3737257421016693,-0.02970893494784832,-0.016640257090330124,0.017119191586971283,0.042999185621738434,0.0874142418860543,0.2898321647918898,0.39661271327215947,-0.035248503354190976,-0.016174030815990597,0.016705625049518266,,,,,,,,,,,,
1.1600000000000001,grasp,,,,,,,,,,,,,,,,,,,,,0.09400717169046402,0.307860404253006,0.41608744859695435,-0.04201317951083183,-0.015570251271128654,0.016279183328151703,0.042999185621738434,0.10790179421835591,0.34417888567153765,0.4633989878410096,-0.05340708382228963,-0.014657651195216014,0.015390897477324063,,,,,,,,,,,,
1.1800000000000002,grasp,,,,,,,,,,,,,,,,,,,,,0.10076092928647995,0.3256162106990814,0.4384100139141083,-0.0475422702729702,-0.01517915353178978,0.015849852934479713,0.042999185621738434,0.10790179421835591,0.34417888567153765,0.4633989878410096,-0.05340708382228963,-0.014657651195216014,0.015390897477324063,,,,,,,,,,,,
1.2000000000000002,grasp,,,,,,,,,,,,,,,,,,,,,0.11493229866027832,0.36337319016456604,0.48412129282951355,-0.06112376227974892,-0.014014692045748234,0.014936248771846294,0.042999185621738434,0.13004293519259177,0.4029368484416446,0.534995802316965,-0.07303127890886953,-0.013018878691495067,0.013970057955362472,,,,,,,,,,,,
1.2200000000000002,grasp,,,,,,,,,,,,,,,,,,,,,0.12227896600961685,0.3827003538608551,0.508190393447876,-0.06690169870853424,-0.013589652255177498,0.014469304122030735,0.042999185621738434,0.13004293519259177,0.4029368484416446,0.534995802316965,-0.07303127890886953,-0.013018878691495067,0.013970057955362472,,,,,,,,,,,,
1.2400000000000002,grasp,,,,,,,,,,,,,,,,,,,,,0.13740555942058563,0.42301738262176514,0.5566739439964294,-0.08141091465950012,-0.012344898656010628,0.013493982143700123,0.042999185621738434,0.15353594258169634,0.46529865292143596,0.6104907770534022,-0.0938536401187245,-0.011280052525883334,0.012462471479621472,,,,,,,,,,,,
1.26,grasp,,,,,,,,,,,,,,,,,,,,,0.14525045454502106,0.4436637759208679,0.5821784734725952,-0.08744829148054123,-0.011892505921423435,0.012995504774153233,0.042999185621738434,0.15353594258169634,0.46529865292143596,0.6104907770534022,-0.0938536401187245,-0.011280052525883334,0.012462471479621472,,,,,,,,,,,,
1.28,grasp,,,,,,,,,,,,,,,,,,,,,0.16111108660697937,0.48594802618026733,0.6328316330909729,-0.10252885520458221,-0.010584436357021332,0.011972642503678799,0.042999185621738434,0.17802648267913568,0.5303158746062877,0.6889457688560653,-0.11556011694134873,-0.009467398388910399,0.010890875330444569,,,,,,,,,,,,
1.3,grasp,,,,,,,,,,,,,,,,,,,,,0.16934075951576233,0.5076116323471069,0.6594488620758057,-0.10885163396596909,-0.01011249702423811,0.011449936777353287,0.042999185621738434,0.17802648267913568,0.5303158746062877,0.6889457688560653,-0.11556011694134873,-0.009467398388910399,0.010890875330444569,,,,,,,,,,,,
1.32,grasp,,,,,,,,,,,,,,,,,,,,,0.1856851428747177,0.5511918067932129,0.7116551995277405,-0.12416506558656693,-0.00876050628721714,0.010395577177405357,0.042999185621738434,0.20312009231097009,0.596931322596347,0.7694098262472575,-0.1378010500989494,-0.007610108075717242,0.009280589671011467,,,,,,,,,,,,
1.34,grasp,,,,,,,,,,,,,,,,,,,,,0.19417135417461395,0.5735298991203308,0.739057183265686,-0.13078127801418304,-0.008277780376374722,0.00985688716173172,0.042999185621738434,0.20312009231097009,0.596931322596347,0.7694098262472575,-0.1378010500989494,-0.007610108075717242,0.009280589671011467,,,,,,,,,,,,
1.36,grasp,,,,,,,,,,,,,,,,,,,,,0.21073147654533386,0.6176864504814148,0.7921857833862305,-0.1460144966840744,-0.006902880035340786,0.008788245730102062,0.042999185621738434,0.22840094676049494,0.6640291649395742,0.850912135444483,-0.1602079244018389,-0.005738955996139621,0.007658293915974243,,,,,,,,,,,,
1.3800000000000001,grasp,,,,,,,,,,,,,,,,,,,,,0.21933607757091522,0.6403300762176514,0.8200398683547974,-0.15290121734142303,-0.006418447941541672,0.008242406882345676,0.042999185621738434,0.22840094676049494,0.6640291649395742,0.850912135444483,-0.1602079244018389,-0.005738955996139621,0.007658293915974243,,,,,,,,,,,,
1.4,grasp,,,,,,,,,,,,,,,,,,,,,0.23584432899951935,0.6843429207801819,0.8734253644943237,-0.16778574883937836,-0.005042026285082102,0.007176678162068129,0.042999185621738434,0.25346365227096995,0.7305196208142563,0.9324190099824513,-0.18242145168668655,-0.0038839490084655523,0.006050001463935704,,,,,,,,,,,,
1.42,grasp,,,,,,,,,,,,,,,,,,,,,0.24442900717258453,0.7069224119186401,0.9013828635215759,-0.17488721013069153,-0.0045646135695278645,0.0066325049847364426,0.042999185621738434,0.25346365227096995,0.7305196208142563,0.9324190099824513,-0.18242145168668655,-0.0038839490084655523,0.006050001463935704,,,,,,,,,,,,
1.44,grasp,,,,,,,,,,,,,,,,,,,,,0.2606344521045685,0.7501111626625061,0.9543130397796631,-0.18922509253025055,-0.003207062603905797,0.005585871171206236,0.042999185621738434,0.277935772253164,0.7953950554419219,1.0128221554611854,-0.204111491471375,-0.00207265056415181,0.004479608858001429,,,,,,,,,,,,
1.46,grasp,,,,,,,,,,,,,,,,,,,,,0.26906874775886536,0.7722775340080261,0.9820019602775574,-0.19644849002361298,-0.0027444360312074423,0.005051658023148775,0.042999185621738434,0.277935772253164,0.7953950554419219,1.0128221554611854,-0.204111491471375,-0.00207265056415181,0.004479608858001429,,,,,,,,,,,,
1.48,grasp,,,,,,,,,,,,,,,,,,,,,0.2847496569156647,0.814032793045044,1.0337154865264893,-0.21029682457447052,-0.0014242861652746797,0.004038445185869932,0.042999185621738434,0.3014954557563846,0.8577709915816958,1.0909443172329822,-0.2249928045842828,-0.000328885259712405,0.0029677652501991663,,,,,,,,,,,,
1.5,grasp,,,,,,,,,,,,,,,,,,,,,0.29291701316833496,0.8354722857475281,1.060744047164917,-0.2174282819032669,-0.0009827850153669715,0.003521512495353818,0.042999185621738434,0.3014954557563846,0.8577709915816958,1.0909443172329822,-0.2249928045842828,-0.000328885259712405,0.0029677652501991663,,,,,,,,,,,,
1.52,grasp,,,,,,,,,,,,,,,,,,,,,0.3078784644603729,0.8752443790435791,1.1104774475097656,-0.23071534931659698,0.0002831484016496688,0.002554365200921893,0.042999185621738434,0.32386008505045794,0.916848116440177,1.1656247141908977,-0.24481483036828156,0.0013264242994480797,0.0015326033849979764,,,,,,,,,,,,
1.54,grasp,,,,,,,,,,,,,,,,,,,,,0.31567615270614624,0.8956739902496338,1.136452317237854,-0.23755818605422974,0.0006984533974900842,0.002061131875962019,0.042999185621738434,0.32386008505045794,0.916848116440177,1.1656247141908977,-0.24481483036828156,0.0013264242994480797,0.0015326033849979764,,,,,,,,,,,,
1.56,grasp,,,,,,,,,,,,,,,,,,,,,0.32943883538246155,0.9330522418022156,1.183110237121582,-0.2503074109554291,0.0019421115284785628,-0.0010970716830343008,0.042999185621738434,0.3445106809802657,0.9722071107109244,1.2353159104192983,-0.26257567041325847,0.0028510943993363394,0.00020716686502378746,,,,,,,,,,,,
1.58,grasp,,,,,,,,,,,,,,,,,,,,,0.3363940417766571,0.95215904712677,1.2076237201690674,-0.2569126486778259,0.002440148964524269,-0.0021440419368445873,0.042999185621738434,0.3445106809802657,0.9722071107109244,1.2353159104192983,-0.26257567041325847,0.0028510943993363394,0.00020716686502378746,,,,,,,,,,,,
1.6,grasp,,,,,,,,,,,,,,,,,,,,,0.34152185916900635,0.9943400025367737,1.2406177520751953,-0.24823586642742157,0.002239894587546587,-0.0017094898503273726,0.042999185621738434,0.34748747324406837,1.0390183899650103,1.277466272279921,-0.23820617131029312,0.0028856874415742638,3.6549687192960616e-06,,,,,,,,,,,,
1.62,grasp,,,,,,,,,,,,,,,,,,,,,0.34445011615753174,1.0163853168487549,1.257466197013855,-0.24338355660438538,0.0025038751773536205,-0.0008789605926722288,0.042999185621738434,0.34748747324406837,1.0390183899650103,1.277466272279921,-0.23820617131029312,0.0028856874415742638,3.6549687192960616e-06,,,,,,,,,,,,
1.6400000000000001,grasp,,,,,,,,,,,,,,,,,,,,,0.3458269238471985,1.0582774877548218,1.2825819253921509,-0.22676736116409302,0.0025593999307602644,-0.00044280741713009775,0.042999185621738434,0.3472750075713271,1.1021742741171587,1.3113899312864585,-0.20908989970617606,0.002673100791511471,4.074690723228014e-06,,,,,,,,,,,,
1.6600000000000001,grasp,,,,,,,,,,,,,,,,,,,,,0.3464933931827545,1.079994797706604,1.2953283786773682,-0.21820850670337677,0.0028077708557248116,-0.0002564704336691648,0.042999185621738434,0.3472750075713271,1.1021742741171587,1.3113899312864585,-0.20908989970617606,0.002673100791511471,4.074690723228014e-06,,,,,,,,,,,,
1.6800000000000002,grasp,,,,,,,,,,,,,,,,,,,,,0.34665167331695557,1.1180351972579956,1.3162680864334106,-0.20139916241168976,0.003291864413768053,-0.0001986060233321041,0.042999185621738434,0.34708866729778515,1.157712866118963,1.3411961815753295,-0.1835157076650077,0.00248664021960465,4.442885708108219e-06,,,,,,,,,,,,
1.7000000000000002,grasp,,,,,,,,,,,,,,,,,,,,,0.34682345390319824,1.1377158164978027,1.3272241353988647,-0.19273944199085236,0.003202545689418912,-0.00012654575402848423,0.042999185621738434,0.34708866729778515,1.157712866118963,1.3411961815753295,-0.1835157076650077,0.00248664021960465,4.442885708108219e-06,,,,,,,,,,,,
1.7200000000000002,grasp,,,,,,,,,,,,,,,,,,,,,0.3467940390110016,1.170763611793518,1.3452802896499634,-0.1776845008134842,0.003330828854814172,-0.00012508763757068664,0.042999185621738434,0.34692957440632,1.2051621355712143,1.3666642009233652,-0.1616653418216895,0.0023273258345542923,4.757475041000272e-06,,,,,,,,,,,,
1.7400000000000002,grasp,,,,,,,,,,,,,,,,,,,,,0.34677478671073914,1.1878920793533325,1.3545074462890625,-0.16992828249931335,0.0034010903909802437,-0.00011701701441779733,0.042999185621738434,0.34692957440632,1.2051621355712143,1.3666642009233652,-0.1616653418216895,0.0023273258345542923,4.757475041000272e-06,,,,,,,,,,,,
1.7600000000000002,grasp,,,,,,,,,,,,,,,,,,,,,0.34674397110939026,1.215591311454773,1.3696178197860718,-0.15718784928321838,0.0031303034629672766,-9.585919178789482e-05,0.042999185621738434,0.3467981613559914,1.2442957455010788,1.3876832721682923,-0.14363047219254668,0.002195720225806112,5.017353112690853e-06,,,,,,,,,,,,
1.7800000000000002,grasp,,,,,,,,,,,,,,,,,,,,,0.34675097465515137,1.2299612760543823,1.3772211074829102,-0.15062549710273743,0.002910180948674679,-6.701920210616663e-05,0.042999185621738434,0.3467981613559914,1.2442957455010788,1.3876832721682923,-0.14363047219254668,0.002195720225806112,5.017353112690853e-06,,,,,,,,,,,,
1.8000000000000003,grasp,,,,,,,,,,,,,,,,,,,,,0.34671998023986816,1.2522600889205933,1.3892031908035278,-0.14034101366996765,0.0027090716175734997,-5.2598163165384904e-05,0.042999185621738434,0.34669422925887194,1.2751519266760059,1.404276074984664,-0.12939011224708358,0.002091618571010037,5.2229282958817726e-06,,,,,,,,,,,,
1.8200000000000003,grasp,,,,,,,,,,,,,,,,,,,,,0.346656858921051,1.263832926750183,1.3952265977859497,-0.13504299521446228,0.0027557541616261005,-6.378843681886792e-05,0.042999185621738434,0.34669422925887194,1.2751519266760059,1.404276074984664,-0.12939011224708358,0.002091618571010037,5.2229282958817726e-06,,,,,,,,,,,,
1.8399999999999999,grasp,,,,,,,,,,,,,,,,,,,,,0.34667113423347473,1.280659794807434,1.4052224159240723,-0.12717518210411072,0.0029604905284941196,-9.281947131967172e-05,0.042999185621738434,0.3466166868990255,1.2980610806481947,1.4166132470345336,-0.11879675728175362,0.002013948558678252,5.376311393900394e-06,,,,,,,,,,,,
1.8599999999999999,grasp,,,,,,,,,,,,,,,,,,,,,0.34670695662498474,1.289353370666504,1.4105186462402344,-0.12312013655900955,0.0029422359075397253,-8.519471157342196e-05,0.042999185621738434,0.3466166868990255,1.2980610806481947,1.4166132470345336,-0.11879675728175362,0.002013948558678252,5.376311393900394e-06,,,,,,,,,,,,
1.88,grasp,,,,,,,,,,,,,,,,,,,,,0.34672197699546814,1.3013134002685547,1.4175506830215454,-0.11752243340015411,0.0030786956194788218,-0.0001109637159970589,0.042999185621738434,0.3465634574370868,1.3136684855138,1.4250345857528222,-0.11155964445195041,0.0019606210744089834,5.4816171065440715e-06,,,,,,,,,,,,
1.9,grasp,,,,,,,,,,,,,,,,,,,,,0.3466147184371948,1.3074806928634644,1.4215354919433594,-0.11463900655508041,0.0034895336721092463,-0.00017071129695978016,0.042999185621738434,0.3465634574370868,1.3136684855138,1.4250345857528222,-0.11155964445195041,0.0019606210744089834,5.4816171065440715e-06,,,,,,,,,,,,
1.92,grasp,,,,,,,,,,,,,,,,,,,,,0.34672024846076965,1.3147590160369873,1.4280154705047607,-0.11104316264390945,0.0036666158121079206,-0.00017195628606714308,0.042999185621738434,0.3465311817912853,1.322953446973537,1.4300722305843505,-0.10722284192519368,0.0019282824347408006,5.545478011263542e-06,,,,,,,,,,,,
1.94,grasp,,,,,,,,,,,,,,,,,,,,,0.34679722785949707,1.318528175354004,1.4313478469848633,-0.10918465256690979,0.003528103232383728,-0.000153926492203027,0.042999185621738434,0.3465311817912853,1.322953446973537,1.4300722305843505,-0.10722284192519368,0.0019282824347408006,5.545478011263542e-06,,,,,,,,,,,,
1.96,grasp,,,,,,,,,,,,,,,,,,,,,0.34689760208129883,1.3225035667419434,1.4345780611038208,-0.1072329506278038,0.0033124785404652357,-0.00012745006824843585,0.042999185621738434,0.3465157451858683,1.3272843485298678,1.432439687573928,-0.10518054326487473,0.001912833652783212,5.5759839406117766e-06,,,,,,,,,,,,
1.98,grasp,,,,,,,,,,,,,,,,,,,,,0.34695878624916077,1.3245600461959839,1.4362406730651855,-0.10622543841600418,0.0030832949560135603,-9.948349179467186e-05,0.042999185621738434,0.3465157451858683,1.3272843485298678,1.432439687573928,-0.10518054326487473,0.001912833652783212,5.5759839406117766e-06,,,,,,,,,,,,
2.0,grasp,,,,,,,,,,,,,,,,,,,,,0.3469272255897522,1.326302170753479,1.4365653991699219,-0.10544721782207489,0.002854941412806511,-7.658360846107826e-05,0.042999185621738434,0.34651165254349703,1.3284255505725269,1.4330653056758136,-0.1046403412976997,0.0019087241880393873,5.584098764261509e-06,,,,,,,,,,,,
2.0171756076812746,grasp,,,,,,,,,,,,,,,,,,,,,0.34675168991088867,1.3276301622390747,1.4345654249191284,-0.10505315661430359,0.002615744713693857,-5.75285594095476e-05,0.042999185621738434,0.3465115427970886,1.3284547328948975,1.4330812692642212,-0.10462653636932373,0.0019086191896349192,5.584306109085446e-06,,,,,,,,,,,,
2.0171756076812746,grasp,,,,,,,,,,,,,,,,,,,,,,,,,,,0.04311919026076794,,,,,,,0.0,,,,,,,,,,,
2.0371756076812746,grasp,,,,,,,,,,,,,,,,,,,,,,,,,,,0.04308556579053402,,,,,,,0.0,,,,,,,,,,,
2.0571756076812746,grasp,,,,,,,,,,,,,,,,,,,,,,,,,,,0.04296557419002056,,,,,,,0.0,,,,,,,,,,,
2.0771756076812746,grasp,,,,,,,,,,,,,,,,,,,,,,,,,,,0.04276394285261631,,,,,,,0.0,,,,,,,,,,,
2.0971756076812746,grasp,,,,,,,,,,,,,,,,,,,,,,,,,,,0.04236812703311443,,,,,,,0.0,,,,,,,,,,,
2.1171756076812747,grasp,,,,,,,,,,,,,,,,,,,,,,,,,,,0.04178902879357338,,,,,,,0.0,,,,,,,,,,,
2.1371756076812747,grasp,,,,,,,,,,,,,,,,,,,,,,,,,,,0.041016653180122375,,,,,,,0.0,,,,,,,,,,,
2.1571756076812747,grasp,,,,,,,,,,,,,,,,,,,,,,,,,,,0.040019916370511055,,,,,,,0.0,,,,,,,,,,,
2.1771756076812747,grasp,,,,,,,,,,,,,,,,,,,,,,,,,,,0.03881783410906792,,,,,,,0.0,,,,,,,,,,,
2.1971756076812747,grasp,,,,,,,,,,,,,,,,,,,,,,,,,,,0.038029925897717476,,,,,,,0.0,,,,,,,,,,,
2.2171756076812748,grasp,,,,,,,,,,,,,,,,,,,,,,,,,,,0.037724100053310394,,,,,,,0.0,,,,,,,,,,,
2.2371756076812748,grasp,,,,,,,,,,,,,,,,,,,,,,,,,,,0.03766076639294624,,,,,,,0.0,,,,,,,,,,,
2.2571756076812743,grasp,,,,,,,,,,,,,,,,,,,,,,,,,,,0.03760017082095146,,,,,,,0.0,,,,,,,,,,,
2.277175607681275,grasp,,,,,,,,,,,,,,,,,,,,,,,,,,,0.037515053525567055,,,,,,,0.0,,,,,,,,,,,
2.2971756076812744,grasp,,,,,,,,,,,,,,,,,,,,,,,,,,,0.03740325942635536,,,,,,,0.0,,,,,,,,,,,
2.3171756076812744,grasp,,,,,,,,,,,,,,,,,,,,,,,,,,,0.03727468103170395,,,,,,,0.0,,,,,,,,,,,
2.3371756076812744,grasp,,,,,,,,,,,,,,,,,,,,,,,,,,,0.037096988409757614,,,,,,,0.0,,,,,,,,,,,
2.3571756076812744,grasp,,,,,,,,,,,,,,,,,,,,,,,,,,,0.03694200702011585,,,,,,,0.0,,,,,,,,,,,
2.3771756076812744,grasp,,,,,,,,,,,,,,,,,,,,,,,,,,,0.03677547536790371,,,,,,,0.0,,,,,,,,,,,
2.3971756076812745,grasp,,,,,,,,,,,,,,,,,,,,,,,,,,,0.03655794635415077,,,,,,,0.0,,,,,,,,,,,
2.4171756076812745,grasp,,,,,,,,,,,,,,,,,,,,,,,,,,,0.03636868670582771,,,,,,,0.0,,,,,,,,,,,
2.4371756076812745,grasp,,,,,,,,,,,,,,,,,,,,,,,,,,,0.03617412783205509,,,,,,,0.0,,,,,,,,,,,
2.4571756076812745,grasp,,,,,,,,,,,,,,,,,,,,,,,,,,,0.03595628961920738,,,,,,,0.0,,,,,,,,,,,
2.4771756076812745,grasp,,,,,,,,,,,,,,,,,,,,,,,,,,,0.035699423402547836,,,,,,,0.0,,,,,,,,,,,
2.4971756076812746,grasp,,,,,,,,,,,,,,,,,,,,,,,,,,,0.0354631282389164,,,,,,,0.0,,,,,,,,,,,
2.5171756076812746,grasp,,,,,,,,,,,,,,,,,,,,,,,,,,,0.03524193726480007,,,,,,,0.0,,,,,,,,,,,
2.5371756076812746,grasp,,,,,,,,,,,,,,,,,,,,,,,,,,,0.035041190683841705,,,,,,,0.0,,,,,,,,,,,
2.5571756076812746,grasp,,,,,,,,,,,,,,,,,,,,,,,,,,,0.034915732219815254,,,,,,,0.0,,,,,,,,,,,
2.5771756076812746,grasp,,,,,,,,,,,,,,,,,,,,,,,,,,,0.03490516357123852,,,,,,,0.0,,,,,,,,,,,
2.5971756076812746,grasp,,,,,,,,,,,,,,,,,,,,,,,,,,,0.03489655256271362,,,,,,,0.0,,,,,,,,,,,
2.6171756076812747,grasp,,,,,,,,,,,,,,,,,,,,,,,,,,,0.03489027917385101,,,,,,,0.0,,,,,,,,,,,
2.6371756076812747,grasp,,,,,,,,,,,,,,,,,,,,,,,,,,,0.03488629311323166,,,,,,,0.0,,,,,,,,,,,
2.6571756076812747,grasp,,,,,,,,,,,,,,,,,,,,,,,,,,,0.03488410450518131,,,,,,,0.0,,,,,,,,,,,
2.6771756076812747,grasp,,,,,,,,,,,,,,,,,,,,,,,,,,,0.03488319367170334,,,,,,,0.0,,,,,,,,,,,
2.6971756076812747,grasp,,,,,,,,,,,,,,,,,,,,,,,,,,,0.03488309867680073,,,,,,,0.0,,,,,,,,,,,
2.6971756076812747,grasp,,,,,,,,,,,,,,,,,,,,,0.34680935740470886,1.328591227531433,1.435559630393982,-0.10460446029901505,0.0006133203278295696,0.007089072838425636,0.03488309867680073,0.3465115427970886,1.3284547328948975,1.4330812692642212,-0.10462653636932373,0.0019086191896349192,5.584306109085446e-06,,,,,,,,,,,,
2.7171756076812748,grasp,,,,,,,,,,,,,,,,,,,,,0.3468093276023865,1.3285714387893677,1.435548186302185,-0.10460453480482101,0.0006145767983980477,0.006793372333049774,0.03488309867680073,0.3465115427970886,1.3284547328948975,1.4330812692642212,-0.10462653636932373,0.0019086191896349192,5.584306109085446e-06,,,,,,,,,,,,
2.7371756076812748,grasp,,,,,,,,,,,,,,,,,,,,,0.34681084752082825,1.3284612894058228,1.4354734420776367,-0.10465340316295624,0.0006095904973335564,0.006641134154051542,0.03488309867680073,0.3465123216542258,1.3282426595585786,1.4329651349795636,-0.10472688893590851,0.0019093824948893047,5.582798807492782e-06,,,,,,,,,,,,
2.757175607681275,grasp,,,,,,,,,,,,,,,,,,,,,0.3468119502067566,1.3284051418304443,1.4354342222213745,-0.10467864573001862,0.0006045948248356581,0.006562771275639534,0.03488309867680073,0.3465123216542258,1.3282426595585786,1.4329651349795636,-0.10472688893590851,0.0019093824948893047,5.582798807492782e-06,,,,,,,,,,,,
2.777175607681275,grasp,,,,,,,,,,,,,,,,,,,,,0.34681403636932373,1.3277074098587036,1.434950590133667,-0.10501861572265625,0.0005993096274323761,0.006522351410239935,0.03488309867680073,0.34651740534939557,1.3268210163697534,1.4321859538193389,-0.1053995363871,0.0019144958027224178,5.572701815449936e-06,,,,,,,,,,,,
2.797175607681275,grasp,,,,,,,,,,,,,,,,,,,,,0.34681379795074463,1.3273508548736572,1.4346964359283447,-0.10519379377365112,0.0005939348484389484,0.006501569878309965,0.03488309867680073,0.34651740534939557,1.3268210163697534,1.4321859538193389,-0.1053995363871,0.0019144958027224178,5.572701815449936e-06,,,,,,,,,,,,
2.817175607681275,grasp,,,,,,,,,,,,,,,,,,,,,0.3468315303325653,1.3253896236419678,1.4336336851119995,-0.10612517595291138,0.0005650618113577366,0.006483682431280613,0.03488309867680073,0.3465305246651823,1.323140732066092,1.430174219304696,-0.1071349557633932,0.0019276224117924007,5.546781381334951e-06,,,,,,,,,,,,
2.837175607681275,grasp,,,,,,,,,,,,,,,,,,,,,0.34685665369033813,1.3244082927703857,1.432952880859375,-0.10660655796527863,0.0005112071521580219,0.0064795780926942825,0.03488309867680073,0.3465305246651823,1.323140732066092,1.430174219304696,-0.1071349557633932,0.0019276224117924007,5.546781381334951e-06,,,,,,,,,,,,
2.857175607681275,grasp,,,,,,,,,,,,,,,,,,,,,0.346877783536911,1.3206435441970825,1.4304686784744263,-0.10840614885091782,0.00045008223969489336,0.006472297944128513,0.03488309867680073,0.34655433946983055,1.3163114490709464,1.4264651211577268,-0.11032894436876407,0.001951487167532454,5.499654510897386e-06,,,,,,,,,,,,
2.877175607681275,grasp,,,,,,,,,,,,,,,,,,,,,0.3469316065311432,1.3186033964157104,1.4297541379928589,-0.10932835936546326,0.00037407223135232925,0.006457641255110502,0.03488309867680073,0.34655433946983055,1.3163114490709464,1.4264651211577268,-0.11032894436876407,0.001951487167532454,5.499654510897386e-06,,,,,,,,,,,,
2.897175607681275,grasp,,,,,,,,,,,,,,,,,,,,,0.34697216749191284,1.3124747276306152,1.4259905815124512,-0.11222022026777267,0.0003309995518065989,0.006433673202991486,0.03488309867680073,0.3465910141948234,1.3056058801449997,1.420681695506999,-0.11530142548789277,0.0019882371088899642,5.427082904742378e-06,,,,,,,,,,,,
2.917175607681275,grasp,,,,,,,,,,,,,,,,,,,,,0.3469359874725342,1.3093305826187134,1.4239299297332764,-0.1137101948261261,0.0004473633016459644,0.006407527718693018,0.03488309867680073,0.3465910141948234,1.3056058801449997,1.420681695506999,-0.11530142548789277,0.0019882371088899642,5.427082904742378e-06,,,,,,,,,,,,
2.937175607681275,grasp,,,,,,,,,,,,,,,,,,,,,0.3469577133655548,1.3004753589630127,1.4182924032211304,-0.11788418143987656,0.00044170147157274187,0.006378604099154472,0.03488309867680073,0.34664245872185784,1.290462414896227,1.4125188675092226,-0.12231319184283089,0.002039764601910109,5.325332359255123e-06,,,,,,,,,,,,
2.9571756076812745,grasp,,,,,,,,,,,,,,,,,,,,,0.34698686003685,1.2957442998886108,1.4165574312210083,-0.12002453207969666,0.00040640251245349646,0.006357045378535986,0.03488309867680073,0.34664245872185784,1.290462414896227,1.4125188675092226,-0.12231319184283089,0.002039764601910109,5.325332359255123e-06,,,,,,,,,,,,
2.977175607681275,grasp,,,,,,,,,,,,,,,,,,,,,0.3470250368118286,1.2836711406707764,1.410277009010315,-0.1256101131439209,0.0004824036732316017,0.0063376580365002155,0.03488309867680073,0.346710061843705,1.270461841293674,1.4017525853696629,-0.13155616838140263,0.0021074690048100875,5.191625977504576e-06,,,,,,,,,,,,
2.9971756076812746,grasp,,,,,,,,,,,,,,,,,,,,,0.3470296263694763,1.2774436473846436,1.4066659212112427,-0.12849126756191254,0.000616477511357516,0.006318927276879549,0.03488309867680073,0.346710061843705,1.270461841293674,1.4017525853696629,-0.13155616838140263,0.0021074690048100875,5.191625977504576e-06,,,,,,,,,,,,
3.0171756076812746,grasp,,,,,,,,,,,,,,,,,,,,,0.34704238176345825,1.2621701955795288,1.3975634574890137,-0.1356068104505539,0.0008965786546468735,0.006284803152084351,0.03488309867680073,0.34679471784648463,1.2453192524485972,1.388233571953126,-0.1431582118696102,0.0021922690663265716,5.0241679339890166e-06,,,,,,,,,,,,
3.0371756076812746,grasp,,,,,,,,,,,,,,,,,,,,,0.3470340669155121,1.2543158531188965,1.3924447298049927,-0.13927586376667023,0.0011038752272725105,0.006254843436181545,0.03488309867680073,0.34679471784648463,1.2453192524485972,1.388233571953126,-0.1431582118696102,0.0021922690663265716,5.0241679339890166e-06,,,,,,,,,,,,
3.0571756076812746,grasp,,,,,,,,,,,,,,,,,,,,,0.3469903767108917,1.2357208728790283,1.381003975868225,-0.14797557890415192,0.001552461995743215,0.006223962642252445,0.03488309867680073,0.3468969855220658,1.2148771500750561,1.3718804754866085,-0.15718985016148415,0.0022946816815527667,4.821937083158209e-06,,,,,,,,,,,,
3.0771756076812746,grasp,,,,,,,,,,,,,,,,,,,,,0.346931129693985,1.2260316610336304,1.3752102851867676,-0.15245486795902252,0.0019348496571183205,0.006195279769599438,0.03488309867680073,0.3468969855220658,1.2148771500750561,1.3718804754866085,-0.15718985016148415,0.0022946816815527667,4.821937083158209e-06,,,,,,,,,,,,
3.0971756076812746,grasp,,,,,,,,,,,,,,,,,,,,,0.3469695746898651,1.2037750482559204,1.362837553024292,-0.16275295615196228,0.0021759774535894394,0.00617069099098444,0.03488309867680073,0.34701697061453946,1.1790977526869861,1.3526729046598007,-0.17366920553680099,0.002414856635186145,4.584630939768441e-06,,,,,,,,,,,,
3.1171756076812747,grasp,,,,,,,,,,,,,,,,,,,,,0.34700220823287964,1.1922110319137573,1.3565257787704468,-0.16805821657180786,0.002249092096462846,0.006153658032417297,0.03488309867680073,0.34701697061453946,1.1790977526869861,1.3526729046598007,-0.17366920553680099,0.002414856635186145,4.584630939768441e-06,,,,,,,,,,,,
3.1371756076812747,grasp,,,,,,,,,,,,,,,,,,,,,0.3470715284347534,1.1664345264434814,1.342555046081543,-0.1799534410238266,0.0023981346748769283,0.006135171744972467,0.03488309867680073,0.34715465165324644,1.1380543068451516,1.3306464824206863,-0.1925671059525903,0.0025526251202771647,4.31258747345219e-06,,,,,,,,,,,,
3.1571756076812747,grasp,,,,,,,,,,,,,,,,,,,,,0.3471139669418335,1.153053641319275,1.3354358673095703,-0.18608121573925018,0.0024629049003124237,0.006118023302406073,0.03488309867680073,0.34715465165324644,1.1380543068451516,1.3306464824206863,-0.1925671059525903,0.0025526251202771647,4.31258747345219e-06,,,,,,,,,,,,
3.1771756076812747,grasp,,,,,,,,,,,,,,,,,,,,,0.347211629152298,1.1239062547683716,1.3194408416748047,-0.19954079389572144,0.002564013469964266,0.0060997456312179565,0.03488309867680073,0.347309417486003,1.09192293651852,1.3058868519700493,-0.2138121404366717,0.0027075460924195806,4.006677808977052e-06,,,,,,,,,,,,
3.1971756076812747,grasp,,,,,,,,,,,,,,,,,,,,,0.34726080298423767,1.1087614297866821,1.31149160861969,-0.20647239685058594,0.002614077180624008,0.006088308058679104,0.03488309867680073,0.347309417486003,1.09192293651852,1.3058868519700493,-0.2138121404366717,0.0027075460924195806,4.006677808977052e-06,,,,,,,,,,,,
3.2171756076812748,grasp,,,,,,,,,,,,,,,,,,,,,0.3473697900772095,1.0763516426086426,1.2940068244934082,-0.22143226861953735,0.0027163357008248568,0.006068374030292034,0.03488309867680073,0.34748087283303286,1.0409790501546226,1.2785201687339272,-0.23730147523675157,0.0028790764083703024,3.668019410614933e-06,,,,,,,,,,,,
3.2371756076812748,grasp,,,,,,,,,,,,,,,,,,,,,0.34742215275764465,1.0595446825027466,1.2851194143295288,-0.22913850843906403,0.0027859180700033903,0.0060553294606506824,0.03488309867680073,0.34748087283303286,1.0409790501546226,1.2785201687339272,-0.23730147523675157,0.0028790764083703024,3.668019410614933e-06,,,,,,,,,,,,
3.257175607681275,grasp,,,,,,,,,,,,,,,,,,,,,0.3473408818244934,1.0243529081344604,1.265711784362793,-0.2449980527162552,0.0028592529706656933,0.006051516626030207,0.03488309867680073,0.3472275320489298,0.9860548913167372,1.2480871940623852,-0.2618236225611493,0.0030298778880177746,3.131853990696472e-05,,,,,,,,,,,,
3.277175607681275,grasp,,,,,,,,,,,,,,,,,,,,,0.34727945923805237,1.0061092376708984,1.2557812929153442,-0.2531679570674896,0.0029636917170137167,0.006045027635991573,0.03488309867680073,0.3472275320489298,0.9860548913167372,1.2480871940623852,-0.2618236225611493,0.0030298778880177746,3.131853990696472e-05,,,,,,,,,,,,
3.297175607681275,grasp,,,,,,,,,,,,,,,,,,,,,0.34053048491477966,0.9748948812484741,1.225744605064392,-0.2530724108219147,0.002081480110064149,0.006502319592982531,0.03488309867680073,0.33303481152412856,0.94101858058652,1.1963660759291939,-0.2529464985705178,0.002005486953432484,0.0009438489393220599,,,,,,,,,,,,
3.317175607681275,grasp,,,,,,,,,,,,,,,,,,,,,0.3367534577846527,0.9588528275489807,1.209908366203308,-0.253023624420166,0.002415245398879051,0.006711915601044893,0.03488309867680073,0.33303481152412856,0.94101858058652,1.1963660759291939,-0.2529464985705178,0.002005486953432484,0.0009438489393220599,,,,,,,,,,,,
3.337175607681275,grasp,,,,,,,,,,,,,,,,,,,,,0.32676512002944946,0.9284343719482422,1.1739810705184937,-0.24556517601013184,0.0010478788753971457,0.007381727918982506,0.03488309867680073,0.3157282339860991,0.8953881641237217,1.1384216207028952,-0.23760748399346826,0.0007245484758298136,0.002054434264074116,,,,,,,,,,,,
3.357175607681275,grasp,,,,,,,,,,,,,,,,,,,,,0.32121849060058594,0.9128108024597168,1.155118703842163,-0.24171985685825348,0.0013778617139905691,0.007697146851569414,0.03488309867680073,0.3157282339860991,0.8953881641237217,1.1384216207028952,-0.23760748399346826,0.0007245484758298136,0.002054434264074116,,,,,,,,,,,,
3.377175607681275,grasp,,,,,,,,,,,,,,,,,,,,,0.30995088815689087,0.8814184069633484,1.1163804531097412,-0.231932133436203,-0.00014516715600620955,0.00844812672585249,0.03488309867680073,0.2975539511671195,0.8473442314497086,1.0778296892656951,-0.22149940104987123,-0.0006206142137624005,0.0032206947265791424,,,,,,,,,,,,
3.397175607681275,grasp,,,,,,,,,,,,,,,,,,,,,0.3037383258342743,0.8652933239936829,1.0960495471954346,-0.2268875539302826,0.00012749445158988237,0.008809047751128674,0.03488309867680073,0.2975539511671195,0.8473442314497086,1.0778296892656951,-0.22149940104987123,-0.0006206142137624005,0.0032206947265791424,,,,,,,,,,,,
3.4171756076812745,grasp,,,,,,,,,,,,,,,,,,,,,0.29177194833755493,0.8326478004455566,1.0555769205093384,-0.21616439521312714,-0.0014529081527143717,0.009605617262423038,0.03488309867680073,0.27864240240497573,0.7972667770954179,1.0151622640477764,-0.2047377908552731,-0.0020203487696111755,0.004434263399301038,,,,,,,,,,,,
3.437175607681275,grasp,,,,,,,,,,,,,,,,,,,,,0.2852059304714203,0.8158854246139526,1.0343362092971802,-0.21063841879367828,-0.0012246643891558051,0.00998662132769823,0.03488309867680073,0.27864240240497573,0.7972667770954179,1.0151622640477764,-0.2047377908552731,-0.0020203487696111755,0.004434263399301038,,,,,,,,,,,,
3.4571756076812745,grasp,,,,,,,,,,,,,,,,,,,,,0.27276483178138733,0.7821225523948669,0.9927050471305847,-0.1994139850139618,-0.0028433608822524548,0.010812751017510891,0.03488309867680073,0.25914298977432987,0.7455808860747482,0.9510041001313259,-0.1874551450119101,-0.0034635939968408803,0.005685554115618951,,,,,,,,,,,,
3.477175607681275,grasp,,,,,,,,,,,,,,,,,,,,,0.26596537232398987,0.7647910118103027,0.9708458781242371,-0.19363026320934296,-0.002641379600390792,0.011206979863345623,0.03488309867680073,0.25914298977432987,0.7455808860747482,0.9510041001313259,-0.1874551450119101,-0.0034635939968408803,0.005685554115618951,,,,,,,,,,,,
3.4971756076812746,grasp,,,,,,,,,,,,,,,,,,,,,0.2531837522983551,0.7301614880561829,0.9284812808036804,-0.18208834528923035,-0.004278541076928377,0.012053600512444973,0.03488309867680073,0.2392146191875351,0.6927224568825241,0.8859701566455309,-0.16979228092414514,-0.004938587068974756,0.006964372324238015,,,,,,,,,,,,
3.517175607681275,grasp,,,,,,,,,,,,,,,,,,,,,0.2462230920791626,0.712390661239624,0.9062352776527405,-0.1761414259672165,-0.004095030017197132,0.01246398501098156,0.03488309867680073,0.2392146191875351,0.6927224568825241,0.8859701566455309,-0.16979228092414514,-0.004938587068974756,0.006964372324238015,,,,,,,,,,,,
3.5371756076812746,grasp,,,,,,,,,,,,,,,,,,,,,0.23322349786758423,0.6771970391273499,0.8635393381118774,-0.16440829634666443,-0.00574592687189579,0.013323326595127583,0.03488309867680073,0.21903764672344292,0.6391807954608099,0.8206492839721696,-0.1519090545614182,-0.006431978110517897,0.008259146105745319,,,,,,,,,,,,
3.5571756076812746,grasp,,,,,,,,,,,,,,,,,,,,,0.2261658012866974,0.6591449975967407,0.8411035537719727,-0.15836317837238312,-0.005575856193900108,0.01373666524887085,0.03488309867680073,0.21903764672344292,0.6391807954608099,0.8206492839721696,-0.1519090545614182,-0.006431978110517897,0.008259146105745319,,,,,,,,,,,,
3.5771756076812746,grasp,,,,,,,,,,,,,,,,,,,,,0.21307548880577087,0.62373286485672,0.7984659671783447,-0.14655901491641998,-0.0072258953005075455,0.014602652750909328,0.03488309867680073,0.1988146372481841,0.5855023633577071,0.7555842048616978,-0.13398504664537417,-0.007928774149611002,0.0095568750301577,,,,,,,,,,,,
3.5971756076812746,grasp,,,,,,,,,,,,,,,,,,,,,0.20599430799484253,0.6055730581283569,0.7760444283485413,-0.1404779702425003,-0.007073763757944107,0.015015668235719204,0.03488309867680073,0.1988146372481841,0.5855023633577071,0.7555842048616978,-0.13398504664537417,-0.007928774149611002,0.0095568750301577,,,,,,,,,,,,
3.6171756076812747,grasp,,,,,,,,,,,,,,,,,,,,,0.19294779002666473,0.5703138709068298,0.7337688207626343,-0.1287267953157425,-0.008700384758412838,0.015877030789852142,0.03488309867680073,0.17875840168949325,0.5322590463330519,0.6912881898077864,-0.11620883287767803,-0.009413225887132637,0.010843907153673546,,,,,,,,,,,,
3.6371756076812747,grasp,,,,,,,,,,,,,,,,,,,,,0.18591353297233582,0.5522412061691284,0.7115336656570435,-0.12267322838306427,-0.008553112857043743,0.016288643702864647,0.03488309867680073,0.17875840168949325,0.5322590463330519,0.6912881898077864,-0.11620883287767803,-0.009413225887132637,0.010843907153673546,,,,,,,,,,,,
3.6571756076812747,grasp,,,,,,,,,,,,,,,,,,,,,0.17304953932762146,0.5175052881240845,0.6700016856193542,-0.11109806597232819,-0.010147248394787312,0.01713746041059494,0.03488309867680073,0.1590805428715012,0.4800181697534997,0.6282611735662288,-0.09876793401086555,-0.010869671981594057,0.012106665694019143,,,,,,,,,,,,
3.6771756076812747,grasp,,,,,,,,,,,,,,,,,,,,,0.1661365032196045,0.4997082054615021,0.6481238603591919,-0.10513575375080109,-0.01002984493970871,0.017543993890285492,0.03488309867680073,0.1590805428715012,0.4800181697534997,0.6282611735662288,-0.09876793401086555,-0.010869671981594057,0.012106665694019143,,,,,,,,,,,,
3.6971756076812747,grasp,,,,,,,,,,,,,,,,,,,,,0.15359002351760864,0.46586161851882935,0.6076316833496094,-0.0938573032617569,-0.011572097428143024,0.01837405003607273,0.03488309867680073,0.13998443424675744,0.4293247582345172,0.566993780877893,-0.08184264376895771,-0.012283061426918618,0.013332094891295986,,,,,,,,,,,,
3.7171756076812748,grasp,,,,,,,,,,,,,,,,,,,,,0.14686593413352966,0.44852685928344727,0.5862900614738464,-0.08804821223020554,-0.011460727080702782,0.018770374357700348,0.03488309867680073,0.13998443424675744,0.4293247582345172,0.566993780877893,-0.08184264376895771,-0.012283061426918618,0.013332094891295986,,,,,,,,,,,,
3.7371756076812748,grasp,,,,,,,,,,,,,,,,,,,,,0.13476699590682983,0.4159153401851654,0.5471553206443787,-0.07718060910701752,-0.012940342538058758,0.01957157626748085,0.03488309867680073,0.12166163394456048,0.3806921056824946,0.5079625201324595,-0.06560274393836221,-0.013639219570218745,0.014507901462947349,,,,,,,,,,,,
3.757175607681275,grasp,,,,,,,,,,,,,,,,,,,,,0.1282968372106552,0.3992198705673218,0.5265178680419922,-0.07158318161964417,-0.012849386781454086,0.019946550950407982,0.03488309867680073,0.12166163394456048,0.3806921056824946,0.5079625201324595,-0.06560274393836221,-0.013639219570218745,0.014507901462947349,,,,,,,,,,,,
3.777175607681275,grasp,,,,,,,,,,,,,,,,,,,,,0.11676575243473053,0.3681589961051941,0.48902368545532227,-0.06123047694563866,-0.014265933074057102,0.020698484033346176,0.03488309867680073,0.10428249536882962,0.33457614239859396,0.451641231941878,-0.05019921719806145,-0.014925532699094034,0.015623155237064425,,,,,,,,,,,,
3.797175607681275,grasp,,,,,,,,,,,,,,,,,,,,,0.1106119155883789,0.352265864610672,0.46925586462020874,-0.055898264050483704,-0.014188115485012531,0.021059323102235794,0.03488309867680073,0.10428249536882962,0.33457614239859396,0.451641231941878,-0.05019921719806145,-0.014925532699094034,0.015623155237064425,,,,,,,,,,,,
3.817175607681275,grasp,,,,,,,,,,,,,,,,,,,,,0.09974340349435806,0.32302093505859375,0.4337685704231262,-0.046149566769599915,-0.015487848781049252,0.021768832579255104,0.03488309867680073,0.08799196602980659,0.2913647262078269,0.39849661795942937,-0.035760554147535394,-0.0161312709465263,0.016668551456393545,,,,,,,,,,,,
3.837175607681275,grasp,,,,,,,,,,,,,,,,,,,,,0.0939532220363617,0.30806073546409607,0.4150419235229492,-0.04112854599952698,-0.015423930250108242,0.02211087755858898,0.03488309867680073,0.08799196602980659,0.2913647262078269,0.39849661795942937,-0.035760554147535394,-0.0161312709465263,0.016668551456393545,,,,,,,,,,,,
3.857175607681275,grasp,,,,,,,,,,,,,,,,,,,,,0.08384047448635101,0.28086668252944946,0.381807804107666,-0.032059457153081894,-0.016650067642331123,0.022775549441576004,0.03488309867680073,0.07290952373530848,0.25137721594737594,0.3489728041094783,-0.022392668509148096,-0.017247594938535935,0.017636418665022954,,,,,,,,,,,,
3.8771756076812744,grasp,,,,,,,,,,,,,,,,,,,,,0.07845910638570786,0.26696234941482544,0.364254891872406,-0.027388613671064377,-0.016593212261795998,0.02309461496770382,0.03488309867680073,0.07290952373530848,0.25137721594737594,0.3489728041094783,-0.022392668509148096,-0.017247594938535935,0.017636418665022954,,,,,,,,,,,,
3.897175607681275,grasp,,,,,,,,,,,,,,,,,,,,,0.06916823983192444,0.24200257658958435,0.3335660398006439,-0.019060464575886726,-0.01770794950425625,0.02370775304734707,0.03488309867680073,0.059131954693689044,0.21487279208600973,0.30346747317283346,-0.01018133373001042,-0.018267338535366273,0.018520549100958076,,,,,,,,,,,,
3.9171756076812745,grasp,,,,,,,,,,,,,,,,,,,,,0.06423071771860123,0.22924315929412842,0.3173575699329376,-0.01477134507149458,-0.01766456477344036,0.024001795798540115,0.03488309867680073,0.059131954693689044,0.21487279208600973,0.30346747317283346,-0.01018133373001042,-0.018267338535366273,0.018520549100958076,,,,,,,,,,,,
3.937175607681275,grasp,,,,,,,,,,,,,,,,,,,,,0.055817387998104095,0.20666362345218658,0.2894432842731476,-0.007232277654111385,-0.018667984753847122,0.024549197405576706,0.03488309867680073,0.04673314587609228,0.18204949728796896,0.26231750309999613,0.000807977921365214,-0.019185032173747774,0.0193162013277377,,,,,,,,,,,,
3.9571756076812745,grasp,,,,,,,,,,,,,,,,,,,,,0.05135110765695572,0.19512461125850677,0.27469009160995483,-0.0033496746327728033,-0.01863555982708931,0.024813055992126465,0.03488309867680073,0.04673314587609228,0.18204949728796896,0.26231750309999613,0.000807977921365214,-0.019185032173747774,0.0193162013277377,,,,,,,,,,,,
3.977175607681275,grasp,,,,,,,,,,,,,,,,,,,,,0.043856486678123474,0.17503009736537933,0.24973322451114655,0.003365240292623639,-0.019530924037098885,0.02530653588473797,0.03488309867680073,0.03576464145672111,0.1530403562457734,0.22578660512421134,0.010529567712235746,-0.019996859425887404,0.02002006636688135,,,,,,,,,,,,
3.9971756076812746,grasp,,,,,,,,,,,,,,,,,,,,,0.03987959772348404,0.16476324200630188,0.23654091358184814,0.006823347881436348,-0.019501537084579468,0.025546172633767128,0.03488309867680073,0.03576464145672111,0.1530403562457734,0.22578660512421134,0.010529567712235746,-0.019996859425887404,0.02002006636688135,,,,,,,,,,,,
4.017175607681275,grasp,,,,,,,,,,,,,,,,,,,,,0.03333074972033501,0.1472233384847641,0.21467065811157227,0.012690619565546513,-0.020284192636609077,0.02597891166806221,0.03488309867680073,0.026259594366192986,0.1279338207492799,0.19403216405748883,0.018954045591119476,-0.02070036882242693,0.02063001453853818,,,,,,,,,,,,
4.037175607681275,grasp,,,,,,,,,,,,,,,,,,,,,0.029856886714696884,0.13826365768909454,0.20310689508914948,0.015712188556790352,-0.020261071622371674,0.026189127936959267,0.03488309867680073,0.026259594366192986,0.1279338207492799,0.19403216405748883,0.018954045591119476,-0.02070036882242693,0.02063001453853818,,,,,,,,,,,,
4.057175607681275,grasp,,,,,,,,,,,,,,,,,,,,,0.024263978004455566,0.123299241065979,0.18438714742660522,0.020723603665828705,-0.020932286977767944,0.02655676379799843,0.03488309867680073,0.01822271724305436,0.10673138093953724,0.16712947502175357,0.026077241461836476,-0.02129521080973383,0.021145747638227033,,,,,,,,,,,,
4.077175607681275,grasp,,,,,,,,,,,,,,,,,,,,,0.021296778693795204,0.1156565323472023,0.17448700964450836,0.023304371163249016,-0.020910611376166344,0.026732251048088074,0.03488309867680073,0.01822271724305436,0.10673138093953724,0.16712947502175357,0.026077241461836476,-0.02129521080973383,0.021145747638227033,,,,,,,,,,,,
4.097175607681275,grasp,,,,,,,,,,,,,,,,,,,,,0.016649790108203888,0.10324360430240631,0.15891693532466888,0.027468040585517883,-0.02146519348025322,0.02703843079507351,0.03488309867680073,0.011629885008444286,0.08937311983558095,0.1450368365622092,0.03192054844155205,-0.021783174168472023,0.021568816626422568,,,,,,,,,,,,
4.117175607681275,grasp,,,,,,,,,,,,,,,,,,,,,0.014186142012476921,0.09690330177545547,0.15068762004375458,0.029612185433506966,-0.0214536115527153,0.02718728594481945,0.03488309867680073,0.011629885008444286,0.08937311983558095,0.1450368365622092,0.03192054844155205,-0.021783174168472023,0.021568816626422568,,,,,,,,,,,,
4.137175607681275,grasp,,,,,,,,,,,,,,,,,,,,,0.010454881936311722,0.08696220070123672,0.13819420337677002,0.032955579459667206,-0.021898653358221054,0.027433861047029495,0.03488309867680073,0.006422039619594157,0.07570691265461447,0.1276082756407402,0.036536310099847855,-0.02216862774487388,0.021903008161942093,,,,,,,,,,,,
4.157175607681275,grasp,,,,,,,,,,,,,,,,,,,,,0.008477232418954372,0.08188430219888687,0.1315932273864746,0.0346774198114872,-0.021893229335546494,0.027553850784897804,0.03488309867680073,0.006422039619594157,0.07570691265461447,0.1276082756407402,0.036536310099847855,-0.02216862774487388,0.021903008161942093,,,,,,,,,,,,
4.177175607681274,grasp,,,,,,,,,,,,,,,,,,,,,0.005612145643681288,0.07427894324064255,0.1220238134264946,0.03724496439099312,-0.02223498560488224,0.02774336002767086,0.03488309867680073,0.0025128277004315687,0.06549527516950227,0.11456919255774263,0.04000108210745134,-0.02245796368931056,0.02215386524940996,,,,,,,,,,,,
4.197175607681275,grasp,,,,,,,,,,,,,,,,,,,,,0.004093979950994253,0.07039324194192886,0.11697221547365189,0.03856729343533516,-0.022234279662370682,0.027835654094815254,0.03488309867680073,0.0025128277004315687,0.06549527516950227,0.11456919255774263,0.04000108210745134,-0.02245796368931056,0.02215386524940996,,,,,,,,,,,,
4.217175607681275,grasp,,,,,,,,,,,,,,,,,,,,,0.002026514383032918,0.06492587178945541,0.11008985340595245,0.040420111268758774,-0.022480865940451622,0.02797246165573597,0.03488309867680073,-0.00021248581832295768,0.058405975301599675,0.10550942192750769,0.04241654489604989,-0.022659672309721112,0.022328751355766716,,,,,,,,,,,,
4.237175607681275,grasp,,,,,,,,,,,,,,,,,,,,,0.0009318106458522379,0.06213130056858063,0.10646174103021622,0.04137440025806427,-0.022484177723526955,0.02803920768201351,0.03488309867680073,-0.00021248581832295768,0.058405975301599675,0.10550942192750769,0.04241654489604989,-0.022659672309721112,0.022328751355766716,,,,,,,,,,,,
4.257175607681274,grasp,,,,,,,,,,,,,,,,,,,,,-0.00043050898239016533,0.05853809416294098,0.10193993151187897,0.04259546101093292,-0.02264624461531639,0.02812935784459114,0.03488309867680073,-0.0019090771719399266,0.054004004428585585,0.09988111519249378,0.043920242412728724,-0.022785242143747175,0.022437622883875085,,,,,,,,,,,,
4.277175607681275,grasp,,,,,,,,,,,,,,,,,,,,,-0.001150948810391128,0.05670008063316345,0.09956159442663193,0.04322433844208717,-0.022652525454759598,0.028173483908176422,0.03488309867680073,-0.0019090771719399266,0.054004004428585585,0.09988111519249378,0.043920242412728724,-0.022785242143747175,0.022437622883875085,,,,,,,,,,,,
4.297175607681275,grasp,,,,,,,,,,,,,,,,,,,,,-0.001930092927068472,0.05464662238955498,0.09698116034269333,0.043922871351242065,-0.02274484932422638,0.028225060552358627,0.03488309867680073,-0.0027801009830120452,0.05174529092579106,0.09699284203718306,0.04469223633506982,-0.0228497103909604,0.022493518227306532,,,,,,,,,,,,
4.317175607681275,grasp,,,,,,,,,,,,,,,,,,,,,-0.0023412511218339205,0.05359432101249695,0.09562872350215912,0.04428261145949364,-0.022752614691853523,0.028250426054000854,0.03488309867680073,-0.0027801009830120452,0.05174529092579106,0.09699284203718306,0.04469223633506982,-0.0228497103909604,0.022493518227306532,,,,,,,,,,,,
4.337175607681274,grasp,,,,,,,,,,,,,,,,,,,,,-0.002691378816962242,0.05267046391963959,0.09447284042835236,0.044596605002880096,-0.0227936003357172,0.028273586183786392,0.03488309867680073,-0.0030791062175803525,0.05096990484865349,0.09600133766341566,0.04495724421939597,-0.022871839361869702,0.022512705355729634,,,,,,,,,,,,
4.357175607681275,grasp,,,,,,,,,,,,,,,,,,,,,-0.002876686630770564,0.05219469591975212,0.09387252479791641,0.044758327305316925,-0.02280147559940815,0.028285086154937744,0.03488309867680073,-0.0030791062175803525,0.05096990484865349,0.09600133766341566,0.04495724421939597,-0.022871839361869702,0.022512705355729634,,,,,,,,,,,,
4.368645117282868,grasp,,,,,,,,,,,,,,,,,,,,,-0.002985651372000575,0.05191108211874962,0.09352428466081619,0.04485410824418068,-0.022813236340880394,0.02829212322831154,0.03488309867680073,-0.0031079580076038837,0.0508950874209404,0.09590566158294678,0.04498281702399254,-0.022873975336551666,0.022514555603265762,,,,,,,,,,,,
