timestamp,phase,base_pos_x,base_pos_y,base_pos_z,base_yaw,base_quat_w,base_quat_x,base_quat_y,base_quat_z,base_lin_vel_x_body,base_lin_vel_y_body,base_ang_vel_z_body,cmd_vx,cmd_vy,cmd_wz,ee_pos_x,ee_pos_y,ee_pos_z,ee_roll,ee_pitch,ee_yaw,arm_joint1,arm_joint2,arm_joint3,arm_joint4,arm_joint5,arm_joint6,gripper,arm_action_joint1,arm_action_joint2,arm_action_joint3,arm_action_joint4,arm_action_joint5,arm_action_joint6,gripper_action,object_pos_x,object_pos_y,object_pos_z,object_quat_w,object_quat_x,object_quat_y,object_quat_z,front_image,wrist_image,success,failure_reason
0.0,grasp,,,,,,,,,,,,,,,,,,,,,,,,,,,3.8855837658502423e-08,,,,,,,0.043,,,,,,,,,,,
0.02,grasp,,,,,,,,,,,,,,,,,,,,,,,,,,,4.856667146668769e-06,,,,,,,0.043,,,,,,,,,,,
0.04,grasp,,,,,,,,,,,,,,,,,,,,,,,,,,,4.075902688782662e-05,,,,,,,0.043,,,,,,,,,,,
0.06,grasp,,,,,,,,,,,,,,,,,,,,,,,,,,,0.00014516340161208063,,,,,,,0.043,,,,,,,,,,,
0.08,grasp,,,,,,,,,,,,,,,,,,,,,,,,,,,0.0003563179634511471,,,,,,,0.043,,,,,,,,,,,
0.1,grasp,,,,,,,,,,,,,,,,,,,,,,,,,,,0.0007082634547259659,,,,,,,0.043,,,,,,,,,,,
0.12,grasp,,,,,,,,,,,,,,,,,,,,,,,,,,,0.001228436070960015,,,,,,,0.043,,,,,,,,,,,
0.14,grasp,,,,,,,,,,,,,,,,,,,,,,,,,,,0.0019369506044313312,,,,,,,0.043,,,,,,,,,,,
0.16,grasp,,,,,,,,,,,,,,,,,,,,,,,,,,,0.002846437622793019,,,,,,,0.043,,,,,,,,,,,
0.18,grasp,,,,,,,,,,,,,,,,,,,,,,,,,,,0.003962451359257102,,,,,,,0.043,,,,,,,,,,,
0.2,grasp,,,,,,,,,,,,,,,,,,,,,,,,,,,0.0052838430274277925,,,,,,,0.043,,,,,,,,,,,
0.22,grasp,,,,,,,,,,,,,,,,,,,,,,,,,,,0.006803404772654176,,,,,,,0.043,,,,,,,,,,,
0.24,grasp,,,,,,,,,,,,,,,,,,,,,,,,,,,0.008508495055139065,,,,,,,0.043,,,,,,,,,,,
0.26,grasp,,,,,,,,,,,,,,,,,,,,,,,,,,,0.010381693486124277,,,,,,,0.043,,,,,,,,,,,
0.28,grasp,,,,,,,,,,,,,,,,,,,,,,,,,,,0.012401464860886335,,,,,,,0.043,,,,,,,,,,,
0.3,grasp,,,,,,,,,,,,,,,,,,,,,,,,,,,0.014542856253683567,,,,,,,0.043,,,,,,,,,,,
0.32,grasp,,,,,,,,,,,,,,,,,,,,,,,,,,,0.016778131015598774,,,,,,,0.043,,,,,,,,,,,
0.34,grasp,,,,,,,,,,,,,,,,,,,,,,,,,,,0.019077499397099018,,,,,,,0.043,,,,,,,,,,,
0.36,grasp,,,,,,,,,,,,,,,,,,,,,,,,,,,0.021409736946225166,,,,,,,0.043,,,,,,,,,,,
0.38,grasp,,,,,,,,,,,,,,,,,,,,,,,,,,,0.023742946796119213,,,,,,,0.043,,,,,,,,,,,
0.4,grasp,,,,,,,,,,,,,,,,,,,,,,,,,,,0.026045171543955803,,,,,,,0.043,,,,,,,,,,,
0.42,grasp,,,,,,,,,,,,,,,,,,,,,,,,,,,0.028285084292292595,,,,,,,0.043,,,,,,,,,,,
0.44,grasp,,,,,,,,,,,,,,,,,,,,,,,,,,,0.030432719737291336,,,,,,,0.043,,,,,,,,,,,
0.46,grasp,,,,,,,,,,,,,,,,,,,,,,,,,,,0.03246011212468147,,,,,,,0.043,,,,,,,,,,,
0.48,grasp,,,,,,,,,,,,,,,,,,,,,,,,,,,0.03434199094772339,,,,,,,0.043,,,,,,,,,,,
0.5,grasp,,,,,,,,,,,,,,,,,,,,,,,,,,,0.0360563974827528,,,,,,,0.043,,,,,,,,,,,
0.52,grasp,,,,,,,,,,,,,,,,,,,,,,,,,,,0.037585511803627014,,,,,,,0.043,,,,,,,,,,,
0.54,grasp,,,,,,,,,,,,,,,,,,,,,,,,,,,0.0389162078499794,,,,,,,0.043,,,,,,,,,,,
0.56,grasp,,,,,,,,,,,,,,,,,,,,,,,,,,,0.04004077799618244,,,,,,,0.043,,,,,,,,,,,
0.58,grasp,,,,,,,,,,,,,,,,,,,,,,,,,,,0.04095758497714996,,,,,,,0.043,,,,,,,,,,,
0.6,grasp,,,,,,,,,,,,,,,,,,,,,,,,,,,0.04167182743549347,,,,,,,0.043,,,,,,,,,,,
0.62,grasp,,,,,,,,,,,,,,,,,,,,,,,,,,,0.042196109890937805,,,,,,,0.043,,,,,,,,,,,
0.64,grasp,,,,,,,,,,,,,,,,,,,,,,,,,,,0.0425511971116066,,,,,,,0.043,,,,,,,,,,,
0.66,grasp,,,,,,,,,,,,,,,,,,,,,,,,,,,0.04276668466627598,,,,,,,0.043,,,,,,,,,,,
0.68,grasp,,,,,,,,,,,,,,,,,,,,,,,,,,,0.042881689965724945,,,,,,,0.043,,,,,,,,,,,
0.68,grasp,,,,,,,,,,,,,,,,,,,,,-1.6435299698969175e-07,0.0010455925948917866,0.00012923307076562196,-3.906256824848242e-05,7.986722394548451e-09,-8.581240162897075e-10,0.042881689965724945,-8.668261131106192e-08,0.0005271430709399283,0.00012056442210450768,-1.968876131286379e-05,2.237557250595046e-09,-4.87442475272104e-10,,,,,,,,,,,,
0.7000000000000001,grasp,,,,,,,,,,,,,,,,,,,,,-1.6574929873058863e-07,0.0010503509547561407,0.00012924121983814985,-3.9242906495928764e-05,7.94416266103326e-09,-9.13929876222852e-10,0.042881689965724945,-8.668261131106192e-08,0.0005271430709399283,0.00012056442210450768,-1.968876131286379e-05,2.237557250595046e-09,-4.87442475272104e-10,,,,,,,,,,,,
0.7200000000000001,grasp,,,,,,,,,,,,,,,,,,,,,0.00010608119191601872,0.0010849374812096357,0.0001290678628720343,-7.097247726051137e-05,1.188005171570694e-06,-9.261473365995698e-09,0.042881689965724945,0.00022379311975015024,0.0005936124121734994,0.0002484369251551736,-8.496400771208471e-05,1.6573787030978945e-06,-3.867265099312329e-10,,,,,,,,,,,,
0.74,grasp,,,,,,,,,,,,,,,,,,,,,0.0001619850954739377,0.0011029391316697001,0.0001290536456508562,-8.732607966521755e-05,1.093852461053757e-06,2.3318371678016092e-09,0.042881689965724945,0.00022379311975015024,0.0005936124121734994,0.0002484369251551736,-8.496400771208471e-05,1.6573787030978945e-06,-3.867265099312329e-10,,,,,,,,,,,,
0.76,grasp,,,,,,,,,,,,,,,,,,,,,0.0009168199030682445,0.0013281087158247828,0.00012736587086692452,-0.00030879530822858214,9.245793080481235e-06,-5.372735856212785e-08,0.042881689965724945,0.0017315055455804302,0.0010412484263817383,0.0011095908630869929,-0.000524558397223438,1.2803881439372718e-05,2.9154254311151463e-10,,,,,,,,,,,,
0.78,grasp,,,,,,,,,,,,,,,,,,,,,0.0013078106567263603,0.0014457174111157656,0.000127343344502151,-0.00042300132918171585,8.682938641868532e-06,2.4291892941619153e-08,0.042881689965724945,0.0017315055455804302,0.0010412484263817383,0.0011095908630869929,-0.000524558397223438,1.2803881439372718e-05,2.9154254311151463e-10,,,,,,,,,,,,
0.8,grasp,,,,,,,,,,,,,,,,,,,,,0.0034041109029203653,0.002087959088385105,0.0005818518111482263,-0.0010358956642448902,3.045532685064245e-05,-1.1300530644575701e-07,0.042881689965724945,0.005647068328117323,0.0022037689027151414,0.003346026604421608,-0.0016661947728493244,4.1751598250067494e-05,2.053022359811399e-09,,,,,,,,,,,,
0.8200000000000001,grasp,,,,,,,,,,,,,,,,,,,,,0.0044895741157233715,0.002406887011602521,0.0008923416025936604,-0.0013511944562196732,2.957342439913191e-05,8.724067868115526e-08,0.042881689965724945,0.005647068328117323,0.0022037689027151414,0.003346026604421608,-0.0016661947728493244,4.1751598250067494e-05,2.053022359811399e-09,,,,,,,,,,,,
0.8400000000000001,grasp,,,,,,,,,,,,,,,,,,,,,0.008572116494178772,0.0036192324478179216,0.00304466113448143,-0.002543032867833972,7.116534834494814e-05,-1.624166969804719e-07,0.042881689965724945,0.01292911580591971,0.004361476646267466,0.007503226861069152,-0.003789340903438768,9.558680756534686e-05,5.32891550725369e-09,,,,,,,,,,,,
0.8600000000000001,grasp,,,,,,,,,,,,,,,,,,,,,0.010685448534786701,0.004233404528349638,0.0041954005137085915,-0.00315683102235198,7.061896030791104e-05,2.0189676774862164e-07,0.042881689965724945,0.01292911580591971,0.004361476646267466,0.007503226861069152,-0.003789340903438768,9.558680756534686e-05,5.32891550725369e-09,,,,,,,,,,,,
0.8800000000000001,grasp,,,,,,,,,,,,,,,,,,,,,0.0173159372061491,0.006194687448441982,0.007909308187663555,-0.005092311650514603,0.0001375845749862492,-1.9197410949800542e-07,0.042881689965724945,0.024383963372406597,0.0077319009701390376,0.014031307760774584,-0.007128908891830233,0.00018026602707515177,1.048167805874861e-08,,,,,,,,,,,,
0.9,grasp,,,,,,,,,,,,,,,,,,,,,0.020747393369674683,0.007188958581537008,0.009883949533104897,-0.006089139264076948,0.0001381697366014123,3.6888158660985937e-07,0.042881689965724945,0.024383963372406597,0.0077319009701390376,0.014031307760774584,-0.007128908891830233,0.00018026602707515177,1.048167805874861e-08,,,,,,,,,,,,
0.92,grasp,,,,,,,,,,,,,,,,,,,,,0.030396802350878716,0.010013273917138577,0.015323317609727383,-0.008905577473342419,0.00023524739663116634,-1.983156892038096e-07,0.042881689965724945,0.04067648681115376,0.012465310216512978,0.023287551936794798,-0.01187836432201745,0.00030069485422677195,1.7809817115138012e-08,,,,,,,,,,,,
0.9400000000000001,grasp,,,,,,,,,,,,,,,,,,,,,0.03538977727293968,0.01144595816731453,0.01821063831448555,-0.010356145910918713,0.0002377355849603191,5.842027803737437e-07,0.042881689965724945,0.04067648681115376,0.012465310216512978,0.023287551936794798,-0.01187836432201745,0.00030069485422677195,1.7809817115138012e-08,,,,,,,,,,,,
0.9600000000000001,grasp,,,,,,,,,,,,,,,,,,,,,0.048439882695674896,0.015205483883619308,0.02554999850690365,-0.014164677821099758,0.0003687903517857194,-1.80025750751156e-07,0.042881689965724945,0.06233701238897981,0.01864895108460298,0.03554168813478404,-0.01819175664769591,0.00046077944153944913,2.7551019664348305e-08,,,,,,,,,,,,
0.98,grasp,,,,,,,,,,,,,,,,,,,,,0.05519161373376846,0.017113078385591507,0.029442334547638893,-0.016126232221722603,0.00037388410419225693,8.440472925030917e-07,0.042881689965724945,0.06233701238897981,0.01864895108460298,0.03554168813478404,-0.01819175664769591,0.00046077944153944913,2.7551019664348305e-08,,,,,,,,,,,,
1.0,grasp,,,,,,,,,,,,,,,,,,,,,0.07193215936422348,0.021855920553207397,0.03882358968257904,-0.02101113274693489,0.0005418352666310966,-1.365471860026446e-07,0.042881689965724945,0.08975462397107298,0.026342343729560198,0.05099163190435096,-0.02618208517952502,0.0006633851512305802,3.987964195175899e-08,,,,,,,,,,,,
1.02,grasp,,,,,,,,,,,,,,,,,,,,,0.08059225231409073,0.024262836202979088,0.04379545897245407,-0.02352708764374256,0.0005501645500771701,1.14209819912503e-06,0.042881689965724945,0.08975462397107298,0.026342343729560198,0.05099163190435096,-0.02618208517952502,0.0006633851512305802,3.987964195175899e-08,,,,,,,,,,,,
1.04,grasp,,,,,,,,,,,,,,,,,,,,,0.10121995955705643,0.0300280824303627,0.055322710424661636,-0.029545636847615242,0.000756982306484133,-6.839545108050515e-08,0.042881689965724945,0.12317669206352708,0.0355996220006062,0.06977496513454162,-0.035921356850419014,0.0009103376422739495,5.4906770226393136e-08,,,,,,,,,,,,
1.06,grasp,,,,,,,,,,,,,,,,,,,,,0.11188998073339462,0.03295428678393364,0.061428315937519073,-0.03264548256993294,0.0007691046921536326,1.4722421610713354e-06,0.042881689965724945,0.12317669206352708,0.0355996220006062,0.06977496513454162,-0.035921356850419014,0.0009103376422739495,5.4906770226393136e-08,,,,,,,,,,,,
1.08,grasp,,,,,,,,,,,,,,,,,,,,,0.13651801645755768,0.039763931185007095,0.07516442984342575,-0.039830658584833145,0.0010159019147977233,2.2667492771688558e-08,0.042881689965724945,0.16272910973820517,0.04644469770433631,0.09196435990012586,-0.04744622359300399,0.0012025663201414758,7.268896147862415e-08,,,,,,,,,,,,
1.1,grasp,,,,,,,,,,,,,,,,,,,,,0.14925621449947357,0.04322076961398125,0.08243600279092789,-0.0435313805937767,0.0010322937741875648,1.8271812223247252e-06,0.042881689965724945,0.16272910973820517,0.04644469770433631,0.09196435990012586,-0.04744622359300399,0.0012025663201414758,7.268896147862415e-08,,,,,,,,,,,,
1.12,grasp,,,,,,,,,,,,,,,,,,,,,0.17791935801506042,0.05108685418963432,0.09840253740549088,-0.05189336836338043,0.0013193688355386257,1.3512281782368518e-07,0.042881689965724945,0.20842166914381965,0.05889052402476198,0.11756912713728583,-0.06075962299413489,0.0015401459001113309,9.323074478152115e-08,,,,,,,,,,,,
1.1400000000000001,grasp,,,,,,,,,,,,,,,,,,,,,0.19274359941482544,0.05508079752326012,0.10685025155544281,-0.056200213730335236,0.001340421731583774,2.199669324909337e-06,0.042881689965724945,0.20842166914381965,0.05889052402476198,0.11756912713728583,-0.06075962299413489,0.0015401459001113309,9.323074478152115e-08,,,,,,,,,,,,
1.1600000000000001,grasp,,,,,,,,,,,,,,,,,,,,,0.22540925443172455,0.06399030983448029,0.1250273883342743,-0.06572945415973663,0.0016673660138621926,2.6617195203471056e-07,0.042881689965724945,0.2601678213179678,0.07290391582884093,0.14653560887726705,-0.0758362589727828,0.0019224346561975878,1.1649310212813967e-07,,,,,,,,,,,,
1.1800000000000002,grasp,,,,,,,,,,,,,,,,,,,,,0.24230235815048218,0.06851501017808914,0.13463932275772095,-0.07063749432563782,0.0016933917067945004,2.5828246634773677e-06,0.042881689965724945,0.2601678213179678,0.07290391582884093,0.14653560887726705,-0.0758362589727828,0.0019224346561975878,1.1649310212813967e-07,,,,,,,,,,,,
1.2000000000000002,grasp,,,,,,,,,,,,,,,,,,,,,0.2788729965686798,0.0784372091293335,0.15497148036956787,-0.08130550384521484,0.0020591136999428272,4.1374437387275975e-07,0.042881689965724945,0.317783921043373,0.08842898444463546,0.1787583361065285,-0.09262256644925498,0.0023480750601427352,1.4239340481420688e-07,,,,,,,,,,,,
1.2200000000000002,grasp,,,,,,,,,,,,,,,,,,,,,0.29778435826301575,0.0834774449467659,0.16571685671806335,-0.08680008351802826,0.002090361202135682,2.969997467516805e-06,0.042881689965724945,0.317783921043373,0.08842898444463546,0.1787583361065285,-0.09262256644925498,0.0023480750601427352,1.4239340481420688e-07,,,,,,,,,,,,
1.2400000000000002,grasp,,,,,,,,,,,,,,,,,,,,,0.3381005525588989,0.09437204897403717,0.188117116689682,-0.09856026619672775,0.0024931386578828096,5.738230584029225e-07,0.042881689965724945,0.380993723796338,0.10539980096730905,0.21408654047471237,-0.11103815412305053,0.0028150280315593756,1.7080762044125316e-07,,,,,,,,,,,,
1.26,grasp,,,,,,,,,,,,,,,,,,,,,0.35894739627838135,0.09990755468606949,0.19994854927062988,-0.1046174019575119,0.002529775258153677,3.3526669085404137e-06,0.042881689965724945,0.380993723796338,0.10539980096730905,0.21408654047471237,-0.11103815412305053,0.0028150280315593756,1.7080762044125316e-07,,,,,,,,,,,,
1.28,grasp,,,,,,,,,,,,,,,,,,,,,0.40279677510261536,0.11171531677246094,0.2242988646030426,-0.11740792542695999,0.0029673525132238865,7.438660531988717e-07,0.042881689965724945,0.4494463146864051,0.12371681822041786,0.25232226086747345,-0.13098074355899317,0.003320700689272451,2.0157789884363712e-07,,,,,,,,,,,,
1.3,grasp,,,,,,,,,,,,,,,,,,,,,0.425469309091568,0.11771631240844727,0.23715244233608246,-0.12399569898843765,0.003009470645338297,3.7244030863803346e-06,0.042881689965724945,0.4494463146864051,0.12371681822041786,0.25232226086747345,-0.13098074355899317,0.003320700689272451,2.0157789884363712e-07,,,,,,,,,,,,
1.32,grasp,,,,,,,,,,,,,,,,,,,,,0.47258931398391724,0.13036906719207764,0.2633083164691925,-0.1377398818731308,0.00347905489616096,9.203558875015005e-07,0.042881689965724945,0.5227158476004778,0.14327233044135626,0.29322983599733493,-0.1523263341582296,0.003861948685325154,2.3451294044064586e-07,,,,,,,,,,,,
1.34,grasp,,,,,,,,,,,,,,,,,,,,,0.4969516098499298,0.13680119812488556,0.2771064341068268,-0.14481882750988007,0.003526682499796152,4.079557584191207e-06,0.042881689965724945,0.5227158476004778,0.14327233044135626,0.29322983599733493,-0.1523263341582296,0.003861948685325154,2.3451294044064586e-07,,,,,,,,,,,,
1.36,grasp,,,,,,,,,,,,,,,,,,,,,0.5470367670059204,0.1502179503440857,0.3048989176750183,-0.159427672624588,0.00402509281411767,1.0989275551764877e-06,0.042881689965724945,0.600315001899113,0.1639372589017583,0.33653756945672186,-0.17493300182973873,0.004435173066661128,2.6939373355696127e-07,,,,,,,,,,,,
1.3800000000000001,grasp,,,,,,,,,,,,,,,,,,,,,0.572930634021759,0.15704016387462616,0.3195514380931854,-0.1669519692659378,0.004078168887645006,4.409584107634146e-06,0.042881689965724945,0.600315001899113,0.1639372589017583,0.33653756945672186,-0.17493300182973873,0.004435173066661128,2.6939373355696127e-07,,,,,,,,,,,,
1.4,grasp,,,,,,,,,,,,,,,,,,,,,0.6256372332572937,0.17112934589385986,0.3487902581691742,-0.18232515454292297,0.0046018194407224655,1.2763001677740249e-06,0.042881689965724945,0.6817016990454664,0.1855674708648895,0.3819430345564693,-0.19864282264264785,0.005036370289580258,3.0597664472543776e-07,,,,,,,,,,,,
1.42,grasp,,,,,,,,,,,,,,,,,,,,,0.6528849005699158,0.17829525470733643,0.3641958236694336,-0.19024306535720825,0.004660214297473431,4.7103444558160845e-06,0.042881689965724945,0.6817016990454664,0.1855674708648895,0.3819430345564693,-0.19864282264264785,0.005036370289580258,3.0597664472543776e-07,,,,,,,,,,,,
1.44,grasp,,,,,,,,,,,,,,,,,,,,,0.7078352570533752,0.19295896589756012,0.3946726322174072,-0.2062707245349884,0.005205175373703241,1.4537467905029189e-06,0.042881689965724945,0.766285086056591,0.2080119027569684,0.4291188900366869,-0.22328377606105831,0.005661176889366785,3.439962110340814e-07,,,,,,,,,,,,
1.46,grasp,,,,,,,,,,,,,,,,,,,,,0.7362415790557861,0.20041880011558533,0.4107212722301483,-0.21452566981315613,0.005268683657050133,4.978282959200442e-06,0.042881689965724945,0.766285086056591,0.2080119027569684,0.4291188900366869,-0.22328377606105831,0.005661176889366785,3.439962110340814e-07,,,,,,,,,,,,
1.48,grasp,,,,,,,,,,,,,,,,,,,,,0.7930321097373962,0.21555082499980927,0.4422124922275543,-0.2310897260904312,0.005830870475620031,1.6171624110938865e-06,0.042881689965724945,0.8534369561304774,0.23110558162194636,0.4777154688594646,-0.24867292578075606,0.006304954942768928,3.831701631445357e-07,,,,,,,,,,,,
1.5,grasp,,,,,,,,,,,,,,,,,,,,,0.8223884105682373,0.22325049340724945,0.4587858319282532,-0.23962098360061646,0.005899172276258469,5.2048612815269735e-06,0.042881689965724945,0.8534369561304774,0.23110558162194636,0.4777154688594646,-0.24867292578075606,0.006304954942768928,3.831701631445357e-07,,,,,,,,,,,,
1.52,grasp,,,,,,,,,,,,,,,,,,,,,0.8805928230285645,0.23873817920684814,0.49105536937713623,-0.2565973103046417,0.006474246736615896,1.7713696252030786e-06,0.042881689965724945,0.9424988606100663,0.2546748179737575,0.5273658874423305,-0.27461844561863613,0.006962841598011155,4.232026165095688e-07,,,,,,,,,,,,
1.54,grasp,,,,,,,,,,,,,,,,,,,,,0.9106781482696533,0.24662040174007416,0.5080294013023376,-0.2653408348560333,0.006546908989548683,5.394396339397645e-06,0.042881689965724945,0.9424988606100663,0.2546748179737575,0.5273658874423305,-0.27461844561863613,0.006962841598011155,4.232026165095688e-07,,,,,,,,,,,,
1.56,grasp,,,,,,,,,,,,,,,,,,,,,0.9698525667190552,0.26234838366508484,0.5408324003219604,-0.282600075006485,0.007130427751690149,1.9122946923744166e-06,0.042881689965724945,1.0327884698033247,0.2785440941074693,0.5776917049857307,-0.3009216643496344,0.007629798940351624,4.6378703466709105e-07,,,,,,,,,,,,
1.58,grasp,,,,,,,,,,,,,,,,,,,,,1.00043785572052,0.2703542709350586,0.5580781102180481,-0.2914891541004181,0.007207058370113373,5.532020168175222e-06,0.042881689965724945,1.0327884698033247,0.2785440941074693,0.5776917049857307,-0.3009216643496344,0.007629798940351624,4.6378703466709105e-07,,,,,,,,,,,,
1.6,grasp,,,,,,,,,,,,,,,,,,,,,1.0601279735565186,0.2862037718296051,0.5911629796028137,-0.30889853835105896,0.007794464007019997,2.036508703895379e-06,0.042881689965724945,1.123609984705346,0.30253188581691975,0.6283061356536699,-0.32737993956133377,0.008300688184536125,5.046107346395267e-07,,,,,,,,,,,,
1.62,grasp,,,,,,,,,,,,,,,,,,,,,1.0909785032272339,0.29427263140678406,0.6085488200187683,-0.3178650736808777,0.007874498143792152,5.623384367936524e-06,0.042881689965724945,1.123609984705346,0.30253188581691975,0.6283061356536699,-0.32737993956133377,0.008300688184536125,5.046107346395267e-07,,,,,,,,,,,,
1.6400000000000001,grasp,,,,,,,,,,,,,,,,,,,,,1.1507227420806885,0.3101230561733246,0.6416605114936829,-0.3352906107902527,0.008461233228445053,2.142169250873849e-06,0.042881689965724945,1.214261529844895,0.32645520880967416,0.6788188584438644,-0.35378890347347525,0.008970326174344555,5.453582996132907e-07,,,,,,,,,,,,
1.6600000000000001,grasp,,,,,,,,,,,,,,,,,,,,,1.1816002130508423,0.3181934952735901,0.6590526103973389,-0.34426531195640564,0.008544058538973331,5.665961907652672e-06,0.042881689965724945,1.214261529844895,0.32645520880967416,0.6788188584438644,-0.35378890347347525,0.008970326174344555,5.453582996132907e-07,,,,,,,,,,,,
1.6800000000000002,grasp,,,,,,,,,,,,,,,,,,,,,1.2409377098083496,0.3339240550994873,0.6919359564781189,-0.36157235503196716,0.0091256033629179,2.2266831365413964e-06,0.042881689965724945,1.304043037015779,0.35013187294979065,0.7288410603994347,-0.37994466568156277,0.009633546141985423,5.857153017221662e-07,,,,,,,,,,,,
1.7000000000000002,grasp,,,,,,,,,,,,,,,,,,,,,1.2716037034988403,0.34193453192710876,0.7092012166976929,-0.3704860210418701,0.009210544638335705,5.659833732352126e-06,0.042881689965724945,1.304043037015779,0.35013187294979065,0.7288410603994347,-0.37994466568156277,0.009633546141985423,5.857153017221662e-07,,,,,,,,,,,,
1.7200000000000002,grasp,,,,,,,,,,,,,,,,,,,,,1.3300787210464478,0.3574259579181671,0.7416040301322937,-0.38754141330718994,0.009782477281987667,2.2915871795703424e-06,0.042881689965724945,1.3922648270333018,0.3733823097116408,0.7779892243807437,-0.4056464076775385,0.010285253765026944,6.253717230391146e-07,,,,,,,,,,,,
1.7400000000000002,grasp,,,,,,,,,,,,,,,,,,,,,1.3602979183197021,0.36531561613082886,0.7586103677749634,-0.3963255286216736,0.009868767112493515,5.610750577034196e-06,0.042881689965724945,1.3922648270333018,0.3733823097116408,0.7779892243807437,-0.4056464076775385,0.010285253765026944,6.253717230391146e-07,,,,,,,,,,,,
1.7600000000000002,grasp,,,,,,,,,,,,,,,,,,,,,1.417462944984436,0.3804512619972229,0.7902852892875671,-0.41299933195114136,0.010426786728203297,2.3387008241115836e-06,0.042881689965724945,1.4782552573809606,0.3960319108641768,0.8258905276191219,-0.43069863971805544,0.010920491071895563,6.640259358546269e-07,,,,,,,,,,,,
1.7800000000000002,grasp,,,,,,,,,,,,,,,,,,,,,1.4470041990280151,0.38816025853157043,0.8069036602973938,-0.42158687114715576,0.010513699613511562,5.513907126442064e-06,0.042881689965724945,1.4782552573809606,0.3960319108641768,0.8258905276191219,-0.43069863971805544,0.010920491071895563,6.640259358546269e-07,,,,,,,,,,,,
1.8000000000000003,grasp,,,,,,,,,,,,,,,,,,,,,1.5024287700653076,0.40282756090164185,0.8376126289367676,-0.43775343894958496,0.011053715832531452,2.3642953692615265e-06,0.042881689965724945,1.561369281311043,0.41791301160525524,0.8721866712807133,-0.4549136517642642,0.011534502395520216,7.013883928254832e-07,,,,,,,,,,,,
1.8200000000000003,grasp,,,,,,,,,,,,,,,,,,,,,1.5310697555541992,0.4102988839149475,0.8537189960479736,-0.44607973098754883,0.011140436865389347,5.374793090595631e-06,0.042881689965724945,1.561369281311043,0.41791301160525524,0.8721866712807133,-0.4549136517642642,0.011534502395520216,7.013883928254832e-07,,,,,,,,,,,,
1.8399999999999999,grasp,,,,,,,,,,,,,,,,,,,,,1.584343433380127,0.42439091205596924,0.8832352757453918,-0.4616195857524872,0.01165858842432499,2.3681936909270007e-06,0.042881689965724945,1.6409962660074906,0.43886706444066576,0.9165390082394818,-0.478113852863033,0.012122782204417495,7.371851101714003e-07,,,,,,,,,,,,
1.8599999999999999,grasp,,,,,,,,,,,,,,,,,,,,,1.6118725538253784,0.43156951665878296,0.8987113237380981,-0.4696231782436371,0.011744281277060509,5.1959655138489325e-06,0.042881689965724945,1.6409962660074906,0.43886706444066576,0.9165390082394818,-0.478113852863033,0.012122782204417495,7.371851101714003e-07,,,,,,,,,,,,
1.88,grasp,,,,,,,,,,,,,,,,,,,,,1.6626123189926147,0.44498613476753235,0.9268237352371216,-0.48442479968070984,0.012236983515322208,2.3535021682619117e-06,0.042881689965724945,1.716568173478952,0.4587468570026527,0.9586328392447244,-0.5001344154495437,0.012681150695432023,7.711615816313402e-07,,,,,,,,,,,,
1.9,grasp,,,,,,,,,,,,,,,,,,,,,1.6888309717178345,0.45182129740715027,0.9415587186813354,-0.49204814434051514,0.012320817448198795,4.983276994607877e-06,0.042881689965724945,1.716568173478952,0.4587468570026527,0.9586328392447244,-0.5001344154495437,0.012681150695432023,7.711615816313402e-07,,,,,,,,,,,,
1.92,grasp,,,,,,,,,,,,,,,,,,,,,1.7366739511489868,0.464475154876709,0.9680699110031128,-0.5060017704963684,0.012784592807292938,2.3225334189191926e-06,0.042881689965724945,1.787549871675379,0.4774278726818808,0.9981768528061221,-0.5208098938526096,0.0132053504970154,8.031440123097829e-07,,,,,,,,,,,,
1.94,grasp,,,,,,,,,,,,,,,,,,,,,1.7613954544067383,0.4709223210811615,0.9819617867469788,-0.5131880640983582,0.01286570355296135,4.740433269034838e-06,0.042881689965724945,1.787549871675379,0.4774278726818808,0.9981768528061221,-0.5208098938526096,0.0132053504970154,8.031440123097829e-07,,,,,,,,,,,,
1.96,grasp,,,,,,,,,,,,,,,,,,,,,1.7845327854156494,0.49507439136505127,0.9950773119926453,-0.5021176934242249,0.01255826186388731,3.5327448131283745e-06,0.042881689965724945,1.8091018251403108,0.5204190416916517,1.0107532831929615,-0.4903337888001749,0.012280811275965963,9.850704840478535e-07,,,,,,,,,,,,
1.98,grasp,,,,,,,,,,,,,,,,,,,,,1.796470046043396,0.5076166391372681,1.0018497705459595,-0.49641409516334534,0.012364840134978294,3.6909596019540913e-06,0.042881689965724945,1.8091018251403108,0.5204190416916517,1.0107532831929615,-0.4903337888001749,0.012280811275965963,9.850704840478535e-07,,,,,,,,,,,,
2.0,grasp,,,,,,,,,,,,,,,,,,,,,1.8018803596496582,0.5390852689743042,1.0052837133407593,-0.46835240721702576,0.011571801267564297,3.1411502732225927e-06,0.042881689965724945,1.8076108861543918,0.5721830476064804,1.0106955111152058,-0.4385119480200051,0.010787786980825205,1.21989729347969e-06,,,,,,,,,,,,
2.02,grasp,,,,,,,,,,,,,,,,,,,,,1.804662823677063,0.5554531812667847,1.0069730281829834,-0.45389577746391296,0.011175048537552357,2.589784116935334e-06,0.042881689965724945,1.8076108861543918,0.5721830476064804,1.0106955111152058,-0.4385119480200051,0.010787786980825205,1.21989729347969e-06,,,,,,,,,,,,
2.04,grasp,,,,,,,,,,,,,,,,,,,,,1.8055404424667358,0.5864436030387878,1.0079702138900757,-0.4237014651298523,0.010309789329767227,6.401589416782372e-06,0.042881689965724945,1.8062668025223094,0.6190466153287255,1.0106433643799224,-0.39159618968634047,0.009442208245679547,1.4315333338610256e-06,,,,,,,,,,,,
2.06,grasp,,,,,,,,,,,,,,,,,,,,,1.8059922456741333,0.6025668382644653,1.0081504583358765,-0.4081498384475708,0.009608527645468712,3.6977875424781814e-05,0.042881689965724945,1.8062668025223094,0.6190466153287255,1.0106433643799224,-0.39159618968634047,0.009442208245679547,1.4315333338610256e-06,,,,,,,,,,,,
2.08,grasp,,,,,,,,,,,,,,,,,,,,,1.8057239055633545,0.6310440897941589,1.008219838142395,-0.3798672556877136,0.008539868518710136,6.443962774937972e-05,0.042881689965724945,1.8050698385990291,0.6608122050526164,1.0105973255009133,-0.34978411992748504,0.008244511994140726,1.6199096129864496e-06,,,,,,,,,,,,
2.1,grasp,,,,,,,,,,,,,,,,,,,,,1.8054120540618896,0.6457989811897278,1.0084155797958374,-0.3652927577495575,0.008418281562626362,3.072449180763215e-05,0.042881689965724945,1.8050698385990291,0.6608122050526164,1.0105973255009133,-0.34978411992748504,0.008244511994140726,1.6199096129864496e-06,,,,,,,,,,,,
2.12,grasp,,,,,,,,,,,,,,,,,,,,,1.804909586906433,0.671048104763031,1.0083547830581665,-0.34004852175712585,0.007442721631377935,5.850064189871773e-05,0.042881689965724945,1.8040212684181591,0.6973608120495228,1.0105573822112748,-0.3131949146125561,0.0071961867241235695,1.7847914716002085e-06,,,,,,,,,,,,
2.14,grasp,,,,,,,,,,,,,,,,,,,,,1.804486870765686,0.6841452121734619,1.0083729028701782,-0.3270404636859894,0.007324172183871269,3.0584669730160385e-05,0.042881689965724945,1.8040212684181591,0.6973608120495228,1.0105573822112748,-0.3131949146125561,0.0071961867241235695,1.7847914716002085e-06,,,,,,,,,,,,
2.16,grasp,,,,,,,,,,,,,,,,,,,,,1.80448317527771,0.7058041095733643,1.0099838972091675,-0.3051309585571289,0.005624200217425823,0.00015913120296318084,0.042881689965724945,1.803121652645119,0.7286587698656913,1.0105233889909675,-0.28186229992564854,0.006297229634291471,1.926179939773039e-06,,,,,,,,,,,,
2.18,grasp,,,,,,,,,,,,,,,,,,,,,1.8040450811386108,0.7171775698661804,1.0092908143997192,-0.29386159777641296,0.005465212743729353,0.00013552179734688252,0.042881689965724945,1.803121652645119,0.7286587698656913,1.0105233889909675,-0.28186229992564854,0.006297229634291471,1.926179939773039e-06,,,,,,,,,,,,
2.2,grasp,,,,,,,,,,,,,,,,,,,,,1.8039779663085938,0.7355362772941589,1.0100622177124023,-0.27537333965301514,0.0038406786043196917,0.0002595677215140313,0.042881689965724945,1.802369422633534,0.7547647439770725,1.0104949285811515,-0.2557276567910318,0.005545590110136611,2.0443987726201802e-06,,,,,,,,,,,,
2.22,grasp,,,,,,,,,,,,,,,,,,,,,1.803483247756958,0.7451504468917847,1.0095720291137695,-0.2658572793006897,0.00400412967428565,0.00020942177798133343,0.042881689965724945,1.802369422633534,0.7547647439770725,1.0104949285811515,-0.2557276567910318,0.005545590110136611,2.0443987726201802e-06,,,,,,,,,,,,
2.24,grasp,,,,,,,,,,,,,,,,,,,,,1.8032658100128174,0.7602040767669678,1.0098172426223755,-0.250724196434021,0.0030342875979840755,0.00026881316443905234,0.042881689965724945,1.8017600918414705,0.7758365494130759,1.0104718918501272,-0.23463292523955778,0.004936803192137473,2.1401496369302502e-06,,,,,,,,,,,,
2.2600000000000002,grasp,,,,,,,,,,,,,,,,,,,,,1.8029422760009766,0.7680083513259888,1.0096951723098755,-0.2429296225309372,0.0030838907696306705,0.0002383826649747789,0.042881689965724945,1.8017600918414705,0.7758365494130759,1.0104718918501272,-0.23463292523955778,0.004936803192137473,2.1401496369302502e-06,,,,,,,,,,,,
2.2800000000000002,grasp,,,,,,,,,,,,,,,,,,,,,1.8029758930206299,0.7797754406929016,1.0101275444030762,-0.231001079082489,0.0019101875368505716,0.00032896202174015343,0.042881689965724945,1.8012864860997937,0.7921382227387053,1.0104540327885876,-0.21831373631036588,0.004463567305405135,2.214580983854572e-06,,,,,,,,,,,,
2.3000000000000003,grasp,,,,,,,,,,,,,,,,,,,,,1.8023160696029663,0.7861053347587585,1.0091632604599,-0.22486421465873718,0.0027486628387123346,0.0002178162249037996,0.042881689965724945,1.8012864860997937,0.7921382227387053,1.0104540327885876,-0.21831373631036588,0.004463567305405135,2.214580983854572e-06,,,,,,,,,,,,
2.3200000000000003,grasp,,,,,,,,,,,,,,,,,,,,,1.8020174503326416,0.7950324416160583,1.008966088294983,-0.2159283608198166,0.0025580988731235266,0.00020312276319600642,0.042881689965724945,1.8009382034723909,0.8040468646752308,1.0104409192630204,-0.20639232952394734,0.00411556456175347,2.2693157678972583e-06,,,,,,,,,,,,
2.3400000000000003,grasp,,,,,,,,,,,,,,,,,,,,,1.8016899824142456,0.7997115254402161,1.0086286067962646,-0.21133744716644287,0.0028806717600673437,0.0001437820610590279,0.042881689965724945,1.8009382034723909,0.8040468646752308,1.0104409192630204,-0.20639232952394734,0.00411556456175347,2.2693157678972583e-06,,,,,,,,,,,,
2.36,grasp,,,,,,,,,,,,,,,,,,,,,1.8009979724884033,0.8058063387870789,1.00948166847229,-0.20506486296653748,0.0035269923973828554,0.00021525804186239839,0.042881689965724945,1.8007007340008168,0.8120598491552697,1.010431903576907,-0.1983708774481288,0.0038782542711773187,2.3066408173554483e-06,,,,,,,,,,,,
2.38,grasp,,,,,,,,,,,,,,,,,,,,,1.8006404638290405,0.8090113997459412,1.0096945762634277,-0.2018355131149292,0.003914267290383577,0.00024160605971701443,0.042881689965724945,1.8007007340008168,0.8120598491552697,1.010431903576907,-0.1983708774481288,0.0038782542711773187,2.3066408173554483e-06,,,,,,,,,,,,
2.4,grasp,,,,,,,,,,,,,,,,,,,,,1.800229549407959,0.8128923773765564,1.0102202892303467,-0.1978638619184494,0.0043037692084908485,0.00029056737548671663,0.042881689965724945,1.800556850979637,0.8168016121256384,1.0104264114048638,-0.19362424072367487,0.00373446290875089,2.32925681524664e-06,,,,,,,,,,,,
2.42,grasp,,,,,,,,,,,,,,,,,,,,,1.7998254299163818,0.8149001002311707,1.0105646848678589,-0.1958024501800537,0.005067501217126846,0.00047990711755119264,0.042881689965724945,1.800556850979637,0.8168016121256384,1.0104264114048638,-0.19362424072367487,0.00373446290875089,2.32925681524664e-06,,,,,,,,,,,,
2.44,grasp,,,,,,,,,,,,,,,,,,,,,1.799659252166748,0.8170428276062012,1.0103888511657715,-0.19366510212421417,0.005260441917926073,0.0004944649408571422,0.042881689965724945,1.8004882445220012,0.8190306572634019,1.010423771394516,-0.1913929259999185,0.0036659423212551346,2.3400340167173935e-06,,,,,,,,,,,,
2.46,grasp,,,,,,,,,,,,,,,,,,,,,1.7995715141296387,0.818169891834259,1.0102410316467285,-0.19256949424743652,0.005409174133092165,0.0004950874135829508,0.042881689965724945,1.8004882445220012,0.8190306572634019,1.010423771394516,-0.1913929259999185,0.0036659423212551346,2.3400340167173935e-06,,,,,,,,,,,,
2.48,grasp,,,,,,,,,,,,,,,,,,,,,1.7995104789733887,0.8190493583679199,1.0101454257965088,-0.19170641899108887,0.005495329853147268,0.0004958981880918145,0.042881689965724945,1.8004692053470812,0.8196465016407566,1.0104229821434538,-0.19077646889126298,0.0036469469986971552,2.343021732269772e-06,,,,,,,,,,,,
2.499918957608515,grasp,,,,,,,,,,,,,,,,,,,,,1.7994886636734009,0.8195276260375977,1.010054349899292,-0.19125084578990936,0.005534792318940163,0.0004818264569621533,0.042881689965724945,1.8004684448242188,0.819670557975769,1.010422945022583,-0.19075238704681396,0.003646204946562648,2.343138476135209e-06,,,,,,,,,,,,
2.499918957608515,grasp,,,,,,,,,,,,,,,,,,,,,,,,,,,0.04591638222336769,,,,,,,0.0,,,,,,,,,,,
2.519918957608515,grasp,,,,,,,,,,,,,,,,,,,,,,,,,,,0.046002866700291634,,,,,,,0.0,,,,,,,,,,,
2.539918957608515,grasp,,,,,,,,,,,,,,,,,,,,,,,,,,,0.0460310373455286,,,,,,,0.0,,,,,,,,,,,
2.559918957608515,grasp,,,,,,,,,,,,,,,,,,,,,,,,,,,0.046033717691898346,,,,,,,0.0,,,,,,,,,,,
2.579918957608515,grasp,,,,,,,,,,,,,,,,,,,,,,,,,,,0.0459704864770174,,,,,,,0.0,,,,,,,,,,,
2.599918957608515,grasp,,,,,,,,,,,,,,,,,,,,,,,,,,,0.04590437933802605,,,,,,,0.0,,,,,,,,,,,
2.619918957608515,grasp,,,,,,,,,,,,,,,,,,,,,,,,,,,0.045868854969739914,,,,,,,0.0,,,,,,,,,,,
2.639918957608515,grasp,,,,,,,,,,,,,,,,,,,,,,,,,,,0.04580335319042206,,,,,,,0.0,,,,,,,,,,,
2.659918957608515,grasp,,,,,,,,,,,,,,,,,,,,,,,,,,,0.04567115753889084,,,,,,,0.0,,,,,,,,,,,
2.679918957608515,grasp,,,,,,,,,,,,,,,,,,,,,,,,,,,0.04537048004567623,,,,,,,0.0,,,,,,,,,,,
2.699918957608515,grasp,,,,,,,,,,,,,,,,,,,,,,,,,,,0.04271511733531952,,,,,,,0.0,,,,,,,,,,,
2.719918957608515,grasp,,,,,,,,,,,,,,,,,,,,,,,,,,,0.04143882729113102,,,,,,,0.0,,,,,,,,,,,
2.7399189576085146,grasp,,,,,,,,,,,,,,,,,,,,,,,,,,,0.038992442190647125,,,,,,,0.0,,,,,,,,,,,
2.759918957608515,grasp,,,,,,,,,,,,,,,,,,,,,,,,,,,0.03743291087448597,,,,,,,0.0,,,,,,,,,,,
2.7799189576085146,grasp,,,,,,,,,,,,,,,,,,,,,,,,,,,0.03519880771636963,,,,,,,0.0,,,,,,,,,,,
2.7999189576085146,grasp,,,,,,,,,,,,,,,,,,,,,,,,,,,0.03224650025367737,,,,,,,0.0,,,,,,,,,,,
2.8199189576085146,grasp,,,,,,,,,,,,,,,,,,,,,,,,,,,0.029067118652164936,,,,,,,0.0,,,,,,,,,,,
2.8399189576085146,grasp,,,,,,,,,,,,,,,,,,,,,,,,,,,0.026629352942109108,,,,,,,0.0,,,,,,,,,,,
2.8599189576085147,grasp,,,,,,,,,,,,,,,,,,,,,,,,,,,0.024604996666312218,,,,,,,0.0,,,,,,,,,,,
2.8799189576085147,grasp,,,,,,,,,,,,,,,,,,,,,,,,,,,0.022530989721417427,,,,,,,0.0,,,,,,,,,,,
2.8999189576085147,grasp,,,,,,,,,,,,,,,,,,,,,,,,,,,0.021808079443871975,,,,,,,0.0,,,,,,,,,,,
2.9199189576085147,grasp,,,,,,,,,,,,,,,,,,,,,,,,,,,0.021737958304584026,,,,,,,0.0,,,,,,,,,,,
2.9399189576085147,grasp,,,,,,,,,,,,,,,,,,,,,,,,,,,0.021710911765694618,,,,,,,0.0,,,,,,,,,,,
2.9599189576085148,grasp,,,,,,,,,,,,,,,,,,,,,,,,,,,0.02162457164376974,,,,,,,0.0,,,,,,,,,,,
2.9799189576085148,grasp,,,,,,,,,,,,,,,,,,,,,,,,,,,0.02152144070714712,,,,,,,0.0,,,,,,,,,,,
2.999918957608515,grasp,,,,,,,,,,,,,,,,,,,,,,,,,,,0.021346270106732845,,,,,,,0.0,,,,,,,,,,,
3.019918957608515,grasp,,,,,,,,,,,,,,,,,,,,,,,,,,,0.021173179149627686,,,,,,,0.0,,,,,,,,,,,
3.039918957608515,grasp,,,,,,,,,,,,,,,,,,,,,,,,,,,0.02098743710666895,,,,,,,0.0,,,,,,,,,,,
3.059918957608515,grasp,,,,,,,,,,,,,,,,,,,,,,,,,,,0.020783977583050728,,,,,,,0.0,,,,,,,,,,,
3.079918957608515,grasp,,,,,,,,,,,,,,,,,,,,,,,,,,,0.020565749146044254,,,,,,,0.0,,,,,,,,,,,
3.099918957608515,grasp,,,,,,,,,,,,,,,,,,,,,,,,,,,0.020383224822580814,,,,,,,0.0,,,,,,,,,,,
3.119918957608515,grasp,,,,,,,,,,,,,,,,,,,,,,,,,,,0.020281227305531502,,,,,,,0.0,,,,,,,,,,,
3.139918957608515,grasp,,,,,,,,,,,,,,,,,,,,,,,,,,,0.020087458193302155,,,,,,,0.0,,,,,,,,,,,
3.159918957608515,grasp,,,,,,,,,,,,,,,,,,,,,,,,,,,0.019900094717741013,,,,,,,0.0,,,,,,,,,,,
3.179918957608515,grasp,,,,,,,,,,,,,,,,,,,,,,,,,,,0.019903145730495453,,,,,,,0.0,,,,,,,,,,,
3.179918957608515,grasp,,,,,,,,,,,,,,,,,,,,,1.8008496761322021,0.8199616074562073,1.010933756828308,-0.19069640338420868,0.002833380363881588,0.004883818328380585,0.019903145730495453,1.8004684448242188,0.819670557975769,1.010422945022583,-0.19075238704681396,0.003646204946562648,2.3431387035088846e-06,,,,,,,,,,,,
3.199918957608515,grasp,,,,,,,,,,,,,,,,,,,,,1.8008402585983276,0.8199474811553955,1.0109211206436157,-0.19069747626781464,0.0028399163857102394,0.004654136952012777,0.019903145730495453,1.8004684448242188,0.819670557975769,1.010422945022583,-0.19075238704681396,0.003646204946562648,2.3431387035088846e-06,,,,,,,,,,,,
3.219918957608515,grasp,,,,,,,,,,,,,,,,,,,,,1.8008358478546143,0.8200019001960754,1.01102614402771,-0.19082361459732056,0.002891137730330229,0.004555156454443932,0.019903145730495453,1.8004685640335083,0.8197980996454951,1.0107378961929516,-0.19094584443367904,0.0036462043651399306,2.3439066599457295e-06,,,,,,,,,,,,
3.239918957608515,grasp,,,,,,,,,,,,,,,,,,,,,1.8008379936218262,0.820030689239502,1.01107919216156,-0.19088849425315857,0.0029195714741945267,0.004509824328124523,0.019903145730495453,1.8004685640335083,0.8197980996454951,1.0107378961929516,-0.19094584443367904,0.0036462043651399306,2.3439066599457295e-06,,,,,,,,,,,,
3.259918957608515,grasp,,,,,,,,,,,,,,,,,,,,,1.8008486032485962,0.8204653263092041,1.011830449104309,-0.1915535032749176,0.002890585223212838,0.004472680855542421,0.019903145730495453,1.8004685743559627,0.8206290590484764,1.0127912915429544,-0.19220678974892755,0.0036462007484664655,2.3489116312938e-06,,,,,,,,,,,,
3.279918957608515,grasp,,,,,,,,,,,,,,,,,,,,,1.800787091255188,0.8206934928894043,1.012341856956482,-0.19187279045581818,0.002981118857860565,0.004458639770746231,0.019903145730495453,1.8004685743559627,0.8206290590484764,1.0127912915429544,-0.19220678974892755,0.0036462007484664655,2.3489116312938e-06,,,,,,,,,,,,
3.299918957608515,grasp,,,,,,,,,,,,,,,,,,,,,1.800773024559021,0.8218899965286255,1.0142285823822021,-0.1935933381319046,0.0029984856955707073,0.0044219582341611385,0.019903145730495453,1.8004687216421942,0.8226981504492148,1.0179209721583928,-0.1953524575705909,0.0036461913175617113,2.361351392263435e-06,,,,,,,,,,,,
3.319918957608515,grasp,,,,,,,,,,,,,,,,,,,,,1.800761342048645,0.8225116729736328,1.0152217149734497,-0.1944788247346878,0.0030081544537097216,0.00437577348202467,0.019903145730495453,1.8004687216421942,0.8226981504492148,1.0179209721583928,-0.1953524575705909,0.0036461913175617113,2.361351392263435e-06,,,,,,,,,,,,
3.339918957608515,grasp,,,,,,,,,,,,,,,,,,,,,1.800627589225769,0.8247549533843994,1.0192679166793823,-0.19764138758182526,0.003322976641356945,0.0040694973431527615,0.019903145730495453,1.8004690099061238,0.8263569162655796,1.0270723108781654,-0.20094355305906683,0.003646174932650608,2.383243604027971e-06,,,,,,,,,,,,
3.359918957608515,grasp,,,,,,,,,,,,,,,,,,,,,1.800527811050415,0.8258635997772217,1.0216797590255737,-0.1992589384317398,0.0035366571974009275,0.0038601241540163755,0.019903145730495453,1.8004690099061238,0.8263569162655796,1.0270723108781654,-0.20094355305906683,0.003646174932650608,2.383243604027971e-06,,,,,,,,,,,,
3.379918957608515,grasp,,,,,,,,,,,,,,,,,,,,,1.8005025386810303,0.8290886282920837,1.0295486450195312,-0.20415125787258148,0.0036047636531293392,0.0038458947092294693,0.019903145730495453,1.800469334687776,0.8318081984573016,1.0408239709782772,-0.20931581762096418,0.0036461503435635577,2.415708346773766e-06,,,,,,,,,,,,
3.399918957608515,grasp,,,,,,,,,,,,,,,,,,,,,1.8004932403564453,0.830721378326416,1.033668875694275,-0.20667089521884918,0.0036279649939388037,0.003782477229833603,0.019903145730495453,1.800469334687776,0.8318081984573016,1.0408239709782772,-0.20931581762096418,0.0036461503435635577,2.415708346773766e-06,,,,,,,,,,,,
3.419918957608515,grasp,,,,,,,,,,,,,,,,,,,,,1.8004848957061768,0.8351514935493469,1.0447556972503662,-0.2134462594985962,0.003657771972939372,0.003742610802873969,0.019903145730495453,1.800469682951738,0.8391440175415315,1.0594119676893214,-0.2206131692931571,0.003646117669300575,2.4592885609913296e-06,,,,,,,,,,,,
3.4399189576085147,grasp,,,,,,,,,,,,,,,,,,,,,1.8004779815673828,0.837386965751648,1.050636887550354,-0.2169351875782013,0.003672932740300894,0.0037358610425144434,0.019903145730495453,1.800469682951738,0.8391440175415315,1.0594119676893214,-0.2206131692931571,0.003646117669300575,2.4592885609913296e-06,,,,,,,,,,,,
3.459918957608515,grasp,,,,,,,,,,,,,,,,,,,,,1.8004817962646484,0.8430588841438293,1.0646919012069702,-0.22561495006084442,0.0036641391925513744,0.0037255564238876104,0.019903145730495453,1.800470048798728,0.8483422572147551,1.0827809872675553,-0.23480302581363707,0.003646077051105904,2.513855019888968e-06,,,,,,,,,,,,
3.4799189576085148,grasp,,,,,,,,,,,,,,,,,,,,,1.800479531288147,0.8459156155586243,1.0722508430480957,-0.23008355498313904,0.0036709653213620186,0.003716581966727972,0.019903145730495453,1.800470048798728,0.8483422572147551,1.0827809872675553,-0.23480302581363707,0.003646077051105904,2.513855019888968e-06,,,,,,,,,,,,
3.499918957608515,grasp,,,,,,,,,,,,,,,,,,,,,1.800480842590332,0.8527578711509705,1.089332103729248,-0.2405795007944107,0.0036699443589895964,0.0036939142737537622,0.019903145730495453,1.8004703914433033,0.8592804463623954,1.110624963471289,-0.251697884943079,0.003646028896061136,2.57867719438581e-06,,,,,,,,,,,,
3.519918957608515,grasp,,,,,,,,,,,,,,,,,,,,,1.8004786968231201,0.8562115430831909,1.098488211631775,-0.24598348140716553,0.0036744840908795595,0.0036692197900265455,0.019903145730495453,1.8004703914433033,0.8592804463623954,1.110624963471289,-0.251697884943079,0.003646028896061136,2.57867719438581e-06,,,,,,,,,,,,
3.539918957608515,grasp,,,,,,,,,,,,,,,,,,,,,1.800478219985962,0.8641106486320496,1.118268370628357,-0.25811928510665894,0.0036749092396348715,0.003637162037193775,0.019903145730495453,1.8004707068140555,0.8717546833091094,1.1424233289738097,-0.2709807170076494,0.0036459739387359157,2.6525539082984668e-06,,,,,,,,,,,,
3.559918957608515,grasp,,,,,,,,,,,,,,,,,,,,,1.8004779815673828,0.8681063055992126,1.1288143396377563,-0.26436808705329895,0.00367133691906929,0.0036362980026751757,0.019903145730495453,1.8004707068140555,0.8717546833091094,1.1424233289738097,-0.2709807170076494,0.0036459739387359157,2.6525539082984668e-06,,,,,,,,,,,,
3.579918957608515,grasp,,,,,,,,,,,,,,,,,,,,,1.8004807233810425,0.8769057989120483,1.150835394859314,-0.27789241075515747,0.00367158860899508,0.003620107425376773,0.019903145730495453,1.8004709094741267,0.8854919198227365,1.1774811486778143,-0.29222827639623605,0.003645913839065049,2.7338690450484825e-06,,,,,,,,,,,,
3.599918957608515,grasp,,,,,,,,,,,,,,,,,,,,,1.800477147102356,0.8813560009002686,1.1626145839691162,-0.2848556935787201,0.003670757869258523,0.0035884035751223564,0.019903145730495453,1.8004709094741267,0.8854919198227365,1.1774811486778143,-0.29222827639623605,0.003645913839065049,2.7338690450484825e-06,,,,,,,,,,,,
3.619918957608515,grasp,,,,,,,,,,,,,,,,,,,,,1.8004785776138306,0.8908507823944092,1.1864417791366577,-0.29945704340934753,0.0036728368140757084,0.003580683609470725,0.019903145730495453,1.8004709952147226,0.9001696908188483,1.2149641066703238,-0.31493809083287305,0.003645849586728018,2.8207258120365706e-06,,,,,,,,,,,,
3.639918957608515,grasp,,,,,,,,,,,,,,,,,,,,,1.8004779815673828,0.8956576585769653,1.1991075277328491,-0.3069756031036377,0.003667030716314912,0.0035693359095603228,0.019903145730495453,1.8004709952147226,0.9001696908188483,1.2149641066703238,-0.31493809083287305,0.003645849586728018,2.8207258120365706e-06,,,,,,,,,,,,
3.659918957608515,grasp,,,,,,,,,,,,,,,,,,,,,1.800476312637329,0.9056207537651062,1.224155068397522,-0.3222995698451996,0.0036725832615047693,0.0035707002971321344,0.019903145730495453,1.8004710674285889,0.9154267440058083,1.2539410299631193,-0.3385489014066305,0.0036457831518981873,2.910994924643115e-06,,,,,,,,,,,,
3.679918957608515,grasp,,,,,,,,,,,,,,,,,,,,,1.8004759550094604,0.9106660485267639,1.2374179363250732,-0.33019089698791504,0.00367085007019341,0.0035591793712228537,0.019903145730495453,1.8004710674285889,0.9154267440058083,1.2539410299631193,-0.3385489014066305,0.0036457831518981873,2.910994924643115e-06,,,,,,,,,,,,
3.699918957608515,grasp,,,,,,,,,,,,,,,,,,,,,1.8005882501602173,0.9208366870880127,1.2631884813308716,-0.3458513617515564,0.003366275690495968,0.0027035982348024845,0.019903145730495453,1.8004710674285889,0.9308796038723947,1.2934222344242303,-0.36246415278851263,0.003645715903946348,3.0024162412169266e-06,,,,,,,,,,,,
3.719918957608515,grasp,,,,,,,,,,,,,,,,,,,,,1.8005272150039673,0.9259792566299438,1.276965856552124,-0.35391315817832947,0.003508597146719694,0.0013634520582854748,0.019903145730495453,1.8004710674285889,0.9308796038723947,1.2934222344242303,-0.36246415278851263,0.003645715903946348,3.0024162412169266e-06,,,,,,,,,,,,
3.739918957608515,grasp,,,,,,,,,,,,,,,,,,,,,1.8005021810531616,0.9361149072647095,1.3026857376098633,-0.3695161044597626,0.0035759652964770794,0.0006888644420541823,0.019903145730495453,1.8004710674285889,0.9461373548662905,1.3323984221098082,-0.3860757267362742,0.003645649469113878,3.0926889132446315e-06,,,,,,,,,,,,
3.759918957608515,grasp,,,,,,,,,,,,,,,,,,,,,1.800488829612732,0.941256582736969,1.3161894083023071,-0.3775521516799927,0.0036100768484175205,0.00034856790443882346,0.019903145730495453,1.8004710674285889,0.9461373548662905,1.3323984221098082,-0.3860757267362742,0.003645649469113878,3.0926889132446315e-06,,,,,,,,,,,,
3.779918957608515,grasp,,,,,,,,,,,,,,,,,,,,,1.800482988357544,0.9511101245880127,1.341055989265442,-0.3927053213119507,0.0036274022422730923,0.00017712601402308792,0.019903145730495453,1.8004709094609883,0.960816266831548,1.3698800697737257,-0.40878696629297157,0.003645585757940312,3.1795522008533135e-06,,,,,,,,,,,,
3.799918957608515,grasp,,,,,,,,,,,,,,,,,,,,,1.8004790544509888,0.9561080932617188,1.354108452796936,-0.40050986409187317,0.003636250738054514,9.077198046725243e-05,0.019903145730495453,1.8004709094609883,0.960816266831548,1.3698800697737257,-0.40878696629297157,0.003645585757940312,3.1795522008533135e-06,,,,,,,,,,,,
3.819918957608515,grasp,,,,,,,,,,,,,,,,,,,,,1.800477147102356,0.9654287099838257,1.377581238746643,-0.41483479738235474,0.0036406628787517548,4.7325087507488206e-05,0.019903145730495453,1.8004707067851444,0.9745551515617457,1.4049361133964555,-0.43003639028051815,0.0036455260540016947,3.260876193353509e-06,,,,,,,,,,,,
3.839918957608515,grasp,,,,,,,,,,,,,,,,,,,,,1.800475835800171,0.9701563715934753,1.389897346496582,-0.4222129285335541,0.0036429790779948235,2.5446772269788198e-05,0.019903145730495453,1.8004707067851444,0.9745551515617457,1.4049361133964555,-0.43003639028051815,0.0036455260540016947,3.260876193353509e-06,,,,,,,,,,,,
3.859918957608515,grasp,,,,,,,,,,,,,,,,,,,,,1.8004752397537231,0.9787202477455139,1.4114298820495605,-0.4353654980659485,0.0036440480034798384,1.4471093891188502e-05,0.019903145730495453,1.8004703114739065,0.9870315853991675,1.436732386819347,-0.4493212507097691,0.0036454715564815466,3.334763932010315e-06,,,,,,,,,,,,
3.879918957608515,grasp,,,,,,,,,,,,,,,,,,,,,1.80047607421875,0.9830644726753235,1.4227231740951538,-0.44213977456092834,0.0036446654703468084,8.943734428612515e-06,0.019903145730495453,1.8004703114739065,0.9870315853991675,1.436732386819347,-0.4493212507097691,0.0036454715564815466,3.334763932010315e-06,,,,,,,,,,,,
3.8999189576085147,grasp,,,,,,,,,,,,,,,,,,,,,1.8004754781723022,0.9906790852546692,1.4418365955352783,-0.4538232088088989,0.0036448792088776827,6.196625690790825e-06,0.019903145730495453,1.8004700487666747,0.997972012009952,1.4645742608750234,-0.46621812526120693,0.0036454234652334872,3.3995978202157666e-06,,,,,,,,,,,,
3.919918957608515,grasp,,,,,,,,,,,,,,,,,,,,,1.8004753589630127,0.99454265832901,1.4518561363220215,-0.4598408639431,0.0036450654733926058,4.811792223335942e-06,0.019903145730495453,1.8004700487666747,0.997972012009952,1.4645742608750234,-0.46621812526120693,0.0036454234652334872,3.3995978202157666e-06,,,,,,,,,,,,
3.9399189576085147,grasp,,,,,,,,,,,,,,,,,,,,,1.800475001335144,1.0010567903518677,1.468172550201416,-0.46982288360595703,0.0036450622137635946,4.144289960095193e-06,0.019903145730495453,1.8004696829230806,1.007172518000768,1.4879412253245423,-0.48040989668822126,0.003645383017138796,3.4541751793178522e-06,,,,,,,,,,,,
3.959918957608515,grasp,,,,,,,,,,,,,,,,,,,,,1.8004751205444336,1.0043630599975586,1.4767204523086548,-0.4749642014503479,0.0036451315972954035,3.8055113691370934e-06,0.019903145730495453,1.8004696829230806,1.007172518000768,1.4879412253245423,-0.48040989668822126,0.003645383017138796,3.4541751793178522e-06,,,,,,,,,,,,
3.9799189576085148,grasp,,,,,,,,,,,,,,,,,,,,,1.800475001335144,1.0096760988235474,1.4899928569793701,-0.4830920100212097,0.003645088290795684,3.657627985376166e-06,0.019903145730495453,1.8004693665795724,1.0145101345079408,1.5065275295246068,-0.491708865563301,0.003645350468353212,3.4977648750837876e-06,,,,,,,,,,,,
3.9999189576085152,grasp,,,,,,,,,,,,,,,,,,,,,1.8004748821258545,1.0123740434646606,1.4969412088394165,-0.4872782826423645,0.003645107848569751,3.5809962355415337e-06,0.019903145730495453,1.8004693665795724,1.0145101345079408,1.5065275295246068,-0.491708865563301,0.003645350468353212,3.4977648750837876e-06,,,,,,,,,,,,
4.019918957608515,grasp,,,,,,,,,,,,,,,,,,,,,1.8004748821258545,1.0164486169815063,1.5070772171020508,-0.49349552392959595,0.003645056625828147,3.5604564345703693e-06,0.019903145730495453,1.8004691290972519,1.0199627993404383,1.520277888113656,-0.5000823674798143,0.0036453263679028657,3.53023704423881e-06,,,,,,,,,,,,
4.039918957608515,grasp,,,,,,,,,,,,,,,,,,,,,1.8004748821258545,1.018519401550293,1.5123779773712158,-0.4966978132724762,0.0036450654733926058,3.5490334084897768e-06,0.019903145730495453,1.8004691290972519,1.0199627993404383,1.520277888113656,-0.5000823674798143,0.0036453263679028657,3.53023704423881e-06,,,,,,,,,,,,
4.059918957608515,grasp,,,,,,,,,,,,,,,,,,,,,1.800474762916565,1.0213896036148071,1.5194677114486694,-0.5010592937469482,0.0036450293846428394,3.5552943700167816e-06,0.019903145730495453,1.8004689408556378,1.0236223708692578,1.5294283771423527,-0.5056743263210707,0.003645310069829208,3.5521342997901033e-06,,,,,,,,,,,,
4.079918957608515,grasp,,,,,,,,,,,,,,,,,,,,,1.800474762916565,1.022850513458252,1.5231695175170898,-0.503305971622467,0.003645031014457345,3.5585724162956467e-06,0.019903145730495453,1.8004689408556378,1.0236223708692578,1.5294283771423527,-0.5056743263210707,0.003645310069829208,3.5521342997901033e-06,,,,,,,,,,,,
4.099918957608515,grasp,,,,,,,,,,,,,,,,,,,,,1.8004746437072754,1.0246249437332153,1.527514934539795,-0.505989134311676,0.0036450077313929796,3.5670720990310656e-06,0.019903145730495453,1.8004687038817024,1.025691876699672,1.534557577516455,-0.5088205045870375,0.003645300639282074,3.5645772110749583e-06,,,,,,,,,,,,
4.119918957608515,grasp,,,,,,,,,,,,,,,,,,,,,1.8004746437072754,1.025530219078064,1.5297787189483643,-0.5073711276054382,0.0036450070329010487,3.5707194001588505e-06,0.019903145730495453,1.8004687038817024,1.025691876699672,1.534557577516455,-0.5088205045870375,0.003645300639282074,3.5645772110749583e-06,,,,,,,,,,,,
4.139918957608515,grasp,,,,,,,,,,,,,,,,,,,,,1.800474762916565,1.0264097452163696,1.5319156646728516,-0.508694589138031,0.0036450002808123827,3.575535174604738e-06,0.019903145730495453,1.8004686832427979,1.026523019929756,1.5366107773895443,-0.5100816470380247,0.00364529702272591,3.5695834055058433e-06,,,,,,,,,,,,
4.1599189576085145,grasp,,,,,,,,,,,,,,,,,,,,,1.8004748821258545,1.0268670320510864,1.5330239534378052,-0.5093763470649719,0.0036449984181672335,3.577745019356371e-06,0.019903145730495453,1.8004686832427979,1.026523019929756,1.5366107773895443,-0.5100816470380247,0.00364529702272591,3.5695834055058433e-06,,,,,,,,,,,,
4.179918957608515,grasp,,,,,,,,,,,,,,,,,,,,,1.8004748821258545,1.0271705389022827,1.533738136291504,-0.5098215341567993,0.0036450072657316923,3.5791201753454516e-06,0.019903145730495453,1.8004686832427979,1.0266505479812622,1.5369257926940918,-0.5102750658988953,0.0036452964413911104,3.5703515095519833e-06,,,,,,,,,,,,
4.179918957608515,grasp,,,,,,,,,,,,,,,,,,,,,1.800475001335144,1.027579426765442,1.5342596769332886,-0.5102969408035278,0.0036449909675866365,3.5808734537567943e-06,0.019903145730495453,1.8004686832427979,1.0266505479812622,1.5369257926940918,-0.5102750658988953,0.0036452964413911104,3.5703515095519833e-06,,,,,,,,,,,,
4.1999189576085145,grasp,,,,,,,,,,,,,,,,,,,,,1.800475001335144,1.0275400876998901,1.5343722105026245,-0.5102956295013428,0.003645005403086543,3.5806790492642904e-06,0.019903145730495453,1.8004686832427979,1.0266505479812622,1.5369257926940918,-0.5102750658988953,0.0036452964413911104,3.5703515095519833e-06,,,,,,,,,,,,
4.219918957608515,grasp,,,,,,,,,,,,,,,,,,,,,1.8004748821258545,1.0274585485458374,1.5342766046524048,-0.5102018117904663,0.0036450002808123827,3.580487600629567e-06,0.019903145730495453,1.8004686832427979,1.026523019929756,1.5366107773895443,-0.5100816470380247,0.00364529702272591,3.5695834055058433e-06,,,,,,,,,,,,
4.239918957608515,grasp,,,,,,,,,,,,,,,,,,,,,1.8004748821258545,1.0274178981781006,1.5342234373092651,-0.5101531147956848,0.0036449965555220842,3.5804662275040755e-06,0.019903145730495453,1.8004686832427979,1.026523019929756,1.5366107773895443,-0.5100816470380247,0.00364529702272591,3.5695834055058433e-06,,,,,,,,,,,,
4.259918957608515,grasp,,,,,,,,,,,,,,,,,,,,,1.8004748821258545,1.0269922018051147,1.5332083702087402,-0.509516716003418,0.0036449988838285208,3.577918505470734e-06,0.019903145730495453,1.8004687038817024,1.025691876699672,1.534557577516455,-0.5088205045870375,0.003645300639282074,3.5645772110749583e-06,,,,,,,,,,,,
4.279918957608515,grasp,,,,,,,,,,,,,,,,,,,,,1.8004748821258545,1.0267772674560547,1.532668948173523,-0.5091889500617981,0.003644993994385004,3.5767830013355706e-06,0.019903145730495453,1.8004687038817024,1.025691876699672,1.534557577516455,-0.5088205045870375,0.003645300639282074,3.5645772110749583e-06,,,,,,,,,,,,
4.299918957608515,grasp,,,,,,,,,,,,,,,,,,,,,1.8004751205444336,1.0256558656692505,1.529930591583252,-0.5074949860572815,0.0036450086627155542,3.570022045096266e-06,0.019903145730495453,1.8004689408556378,1.0236223708692578,1.5294283771423527,-0.5056743263210707,0.003645310069829208,3.5521342997901033e-06,,,,,,,,,,,,
4.319918957608515,grasp,,,,,,,,,,,,,,,,,,,,,1.8004752397537231,1.0250898599624634,1.5284831523895264,-0.5066224336624146,0.00364500074647367,3.5668463169713505e-06,0.019903145730495453,1.8004689408556378,1.0236223708692578,1.5294283771423527,-0.5056743263210707,0.003645310069829208,3.5521342997901033e-06,,,,,,,,,,,,
4.339918957608515,grasp,,,,,,,,,,,,,,,,,,,,,1.8004759550094604,1.0230090618133545,1.5233497619628906,-0.5034616589546204,0.00364502239972353,3.553583837856422e-06,0.019903145730495453,1.8004691290972519,1.0199627993404383,1.520277888113656,-0.5000823674798143,0.0036453263679028657,3.53023704423881e-06,,,,,,,,,,,,
4.359918957608515,grasp,,,,,,,,,,,,,,,,,,,,,1.8004757165908813,1.0219577550888062,1.5206414461135864,-0.5018334984779358,0.0036450158804655075,3.5477164601616096e-06,0.019903145730495453,1.8004691290972519,1.0199627993404383,1.520277888113656,-0.5000823674798143,0.0036453263679028657,3.53023704423881e-06,,,,,,,,,,,,
4.379918957608515,grasp,,,,,,,,,,,,,,,,,,,,,1.800476312637329,1.018746018409729,1.5126569271087646,-0.4969347417354584,0.003645058488473296,3.527439730532933e-06,0.019903145730495453,1.8004693665795724,1.0145101345079408,1.5065275295246068,-0.491708865563301,0.003645350468353212,3.4977648750837876e-06,,,,,,,,,,,,
4.399918957608515,grasp,,,,,,,,,,,,,,,,,,,,,1.8004759550094604,1.0171245336532593,1.5084495544433594,-0.49441176652908325,0.0036450440529733896,3.518508492561523e-06,0.019903145730495453,1.8004693665795724,1.0145101345079408,1.5065275295246068,-0.491708865563301,0.003645350468353212,3.4977648750837876e-06,,,,,,,,,,,,
4.419918957608515,grasp,,,,,,,,,,,,,,,,,,,,,1.8004764318466187,1.012690782546997,1.4973803758621216,-0.48763319849967957,0.0036450927145779133,3.491444203973515e-06,0.019903145730495453,1.8004696829230806,1.007172518000768,1.4879412253245423,-0.48040989668822126,0.003645383017138796,3.4541751793178522e-06,,,,,,,,,,,,
4.439918957608515,grasp,,,,,,,,,,,,,,,,,,,,,1.800476312637329,1.0104522705078125,1.4915506839752197,-0.4841419756412506,0.0036450806073844433,3.4793731629179092e-06,0.019903145730495453,1.8004696829230806,1.007172518000768,1.4879412253245423,-0.48040989668822126,0.003645383017138796,3.4541751793178522e-06,,,,,,,,,,,,
4.459918957608515,grasp,,,,,,,,,,,,,,,,,,,,,1.8004769086837769,1.0047849416732788,1.4773613214492798,-0.4754619598388672,0.0036451437044888735,3.4441504794813227e-06,0.019903145730495453,1.8004700487666747,0.997972012009952,1.4645742608750234,-0.46621812526120693,0.0036454234652334872,3.3995978202157666e-06,,,,,,,,,,,,
4.479918957608515,grasp,,,,,,,,,,,,,,,,,,,,,1.8004765510559082,1.0019217729568481,1.4698927402496338,-0.4709913432598114,0.003645113203674555,3.428299805818824e-06,0.019903145730495453,1.8004700487666747,0.997972012009952,1.4645742608750234,-0.46621812526120693,0.0036454234652334872,3.3995978202157666e-06,,,,,,,,,,,,
4.499918957608515,grasp,,,,,,,,,,,,,,,,,,,,,1.800477385520935,0.9950777888298035,1.452721357345581,-0.46049511432647705,0.003645197255536914,3.386074922673288e-06,0.019903145730495453,1.8004703114739065,0.9870315853991675,1.436732386819347,-0.4493212507097691,0.0036454715564815466,3.334763932010315e-06,,,,,,,,,,,,
4.519918957608515,grasp,,,,,,,,,,,,,,,,,,,,,1.8004767894744873,0.9916183352470398,1.4436869621276855,-0.45508909225463867,0.0036451653577387333,3.367010322108399e-06,0.019903145730495453,1.8004703114739065,0.9870315853991675,1.436732386819347,-0.4493212507097691,0.0036454715564815466,3.334763932010315e-06,,,,,,,,,,,,
4.539918957608515,grasp,,,,,,,,,,,,,,,,,,,,,1.8004775047302246,0.9837127923965454,1.423821210861206,-0.44295287132263184,0.0036452573258429766,3.3186313430633163e-06,0.019903145730495453,1.8004707067851444,0.9745551515617457,1.4049361133964555,-0.43003639028051815,0.0036455260540016947,3.260876193353509e-06,,,,,,,,,,,,
4.559918957608515,grasp,,,,,,,,,,,,,,,,,,,,,1.800477147102356,0.9797139167785645,1.4133728742599487,-0.4367021322250366,0.003645226825028658,3.2960685985017335e-06,0.019903145730495453,1.8004707067851444,0.9745551515617457,1.4049361133964555,-0.43003639028051815,0.0036455260540016947,3.260876193353509e-06,,,,,,,,,,,,
4.579918957608515,grasp,,,,,,,,,,,,,,,,,,,,,1.8004778623580933,0.9709110856056213,1.3912231922149658,-0.42317789793014526,0.003645324846729636,3.2425766676169587e-06,0.019903145730495453,1.8004709094609883,0.960816266831548,1.3698800697737257,-0.40878696629297157,0.003645585757940312,3.1795522008533135e-06,,,,,,,,,,,,
4.599918957608515,grasp,,,,,,,,,,,,,,,,,,,,,1.8004775047302246,0.966455340385437,1.3795771598815918,-0.4162125289440155,0.0036452992353588343,3.217360699636629e-06,0.019903145730495453,1.8004709094609883,0.960816266831548,1.3698800697737257,-0.40878696629297157,0.003645585757940312,3.1795522008533135e-06,,,,,,,,,,,,
4.619918957608515,grasp,,,,,,,,,,,,,,,,,,,,,1.8004781007766724,0.9569562077522278,1.355654001235962,-0.4016113579273224,0.0036453939974308014,3.1598194709658856e-06,0.019903145730495453,1.8004710674285889,0.9461373548662905,1.3323984221098082,-0.3860757267362742,0.003645649469113878,3.0926889132446315e-06,,,,,,,,,,,,
4.639918957608515,grasp,,,,,,,,,,,,,,,,,,,,,1.8004776239395142,0.9521451592445374,1.343078374862671,-0.3940912187099457,0.0036453723441809416,3.1324821065936703e-06,0.019903145730495453,1.8004710674285889,0.9461373548662905,1.3323984221098082,-0.3860757267362742,0.003645649469113878,3.0926889132446315e-06,,,,,,,,,,,,
4.6599189576085145,grasp,,,,,,,,,,,,,,,,,,,,,1.800478219985962,0.9421791434288025,1.317966341972351,-0.37876754999160767,0.003645467571914196,3.07217737827159e-06,0.019903145730495453,1.8004710674285889,0.9308796038723947,1.2934222344242303,-0.36246415278851263,0.003645715903946348,3.0024162412169266e-06,,,,,,,,,,,,
4.679918957608515,grasp,,,,,,,,,,,,,,,,,,,,,1.8004776239395142,0.9371293783187866,1.3047679662704468,-0.3708752393722534,0.003645450808107853,3.0426231205638032e-06,0.019903145730495453,1.8004710674285889,0.9308796038723947,1.2934222344242303,-0.36246415278851263,0.003645715903946348,3.0024162412169266e-06,,,,,,,,,,,,
4.699918957608515,grasp,,,,,,,,,,,,,,,,,,,,,1.8004783391952515,0.9269447326660156,1.2790971994400024,-0.35521262884140015,0.003645543474704027,2.9813902528985636e-06,0.019903145730495453,1.8004710674285889,0.9154267440058083,1.2539410299631193,-0.3385489014066305,0.0036457831518981873,2.910994924643115e-06,,,,,,,,,,,,
4.719918957608515,grasp,,,,,,,,,,,,,,,,,,,,,1.800477385520935,0.9217814207077026,1.2656081914901733,-0.34714561700820923,0.0036455357912927866,2.9512955279642483e-06,0.019903145730495453,1.8004710674285889,0.9154267440058083,1.2539410299631193,-0.3385489014066305,0.0036457831518981873,2.910994924643115e-06,,,,,,,,,,,,
4.739918957608515,grasp,,,,,,,,,,,,,,,,,,,,,1.8004779815673828,0.911635160446167,1.2400333881378174,-0.33154067397117615,0.0036456137895584106,2.8909337288496317e-06,0.019903145730495453,1.8004709952147226,0.9001696908188483,1.2149641066703238,-0.31493809083287305,0.003645849586728018,2.8207258120365706e-06,,,,,,,,,,,,
4.759918957608515,grasp,,,,,,,,,,,,,,,,,,,,,1.8004779815673828,0.9064885377883911,1.2265976667404175,-0.3235035538673401,0.0036456012167036533,2.861399025277933e-06,0.019903145730495453,1.8004709952147226,0.9001696908188483,1.2149641066703238,-0.31493809083287305,0.003645849586728018,2.8207258120365706e-06,,,,,,,,,,,,
4.779918957608515,grasp,,,,,,,,,,,,,,,,,,,,,1.800478458404541,0.8966355323791504,1.2017676830291748,-0.30835065245628357,0.003645674092695117,2.802527660605847e-06,0.019903145730495453,1.8004709094741267,0.8854919198227365,1.1774811486778143,-0.29222827639623605,0.003645913839065049,2.7338690450484825e-06,,,,,,,,,,,,
4.799918957608515,grasp,,,,,,,,,,,,,,,,,,,,,1.8004778623580933,0.891635000705719,1.188726782798767,-0.3005462884902954,0.003645673394203186,2.773517053356045e-06,0.019903145730495453,1.8004709094741267,0.8854919198227365,1.1774811486778143,-0.29222827639623605,0.003645913839065049,2.7338690450484825e-06,,,,,,,,,,,,
4.819918957608515,grasp,,,,,,,,,,,,,,,,,,,,,1.8004781007766724,0.8823192119598389,1.165262222290039,-0.2862224578857422,0.003645737888291478,2.7174855858902447e-06,0.019903145730495453,1.8004707068140555,0.8717546833091094,1.1424233289738097,-0.2709807170076494,0.0036459739387359157,2.6525539082984668e-06,,,,,,,,,,,,
4.839918957608515,grasp,,,,,,,,,,,,,,,,,,,,,1.8004775047302246,0.8775888681411743,1.1529415845870972,-0.2788448631763458,0.003645741380751133,2.690017254280974e-06,0.019903145730495453,1.8004707068140555,0.8717546833091094,1.1424233289738097,-0.2709807170076494,0.0036459739387359157,2.6525539082984668e-06,,,,,,,,,,,,
4.859918957608515,grasp,,,,,,,,,,,,,,,,,,,,,1.8004776239395142,0.8690321445465088,1.1314092874526978,-0.2656937539577484,0.0036457933019846678,2.63951119450212e-06,0.019903145730495453,1.8004703914433033,0.8592804463623954,1.110624963471289,-0.251697884943079,0.003646028896061136,2.57867719438581e-06,,,,,,,,,,,,
4.879918957608515,grasp,,,,,,,,,,,,,,,,,,,,,1.8004770278930664,0.8646851778030396,1.1201072931289673,-0.25892025232315063,0.0036458002869039774,2.6140189675061265e-06,0.019903145730495453,1.8004703914433033,0.8592804463623954,1.110624963471289,-0.251697884943079,0.003646028896061136,2.57867719438581e-06,,,,,,,,,,,,
4.899918957608515,grasp,,,,,,,,,,,,,,,,,,,,,1.8004772663116455,0.8570788502693176,1.1009916067123413,-0.24723811447620392,0.0036458433605730534,2.569329581092461e-06,0.019903145730495453,1.800470048798728,0.8483422572147551,1.0827809872675553,-0.23480302581363707,0.003646077051105904,2.513855019888968e-06,,,,,,,,,,,,
4.919918957608515,grasp,,,,,,,,,,,,,,,,,,,,,1.8004765510559082,0.8532127737998962,1.0909624099731445,-0.24122105538845062,0.003645852440968156,2.54630867857486e-06,0.019903145730495453,1.800470048798728,0.8483422572147551,1.0827809872675553,-0.23480302581363707,0.003646077051105904,2.513855019888968e-06,,,,,,,,,,,,
4.939918957608515,grasp,,,,,,,,,,,,,,,,,,,,,1.8004767894744873,0.846707820892334,1.0746432542800903,-0.23124031722545624,0.0036458889953792095,2.50792663791799e-06,0.019903145730495453,1.800469682951738,0.8391440175415315,1.0594119676893214,-0.2206131692931571,0.003646117669300575,2.4592885609913296e-06,,,,,,,,,,,,
4.959918957608515,grasp,,,,,,,,,,,,,,,,,,,,,1.8004759550094604,0.8433993458747864,1.066085696220398,-0.2260996401309967,0.0036459150724112988,2.4870980723790126e-06,0.019903145730495453,1.800469682951738,0.8391440175415315,1.0594119676893214,-0.2206131692931571,0.003646117669300575,2.4592885609913296e-06,,,,,,,,,,,,
4.979918957608515,grasp,,,,,,,,,,,,,,,,,,,,,1.8004761934280396,0.8380946516990662,1.052810549736023,-0.21797291934490204,0.0036459346301853657,2.4570106234023115e-06,0.019903145730495453,1.800469334687776,0.8318081984573016,1.0408239709782772,-0.20931581762096418,0.0036461503435635577,2.415708346773766e-06,,,,,,,,,,,,
4.999918957608515,grasp,,,,,,,,,,,,,,,,,,,,,1.8004755973815918,0.8353949785232544,1.0458537340164185,-0.21378713846206665,0.0036459409166127443,2.4414255221927306e-06,0.019903145730495453,1.800469334687776,0.8318081984573016,1.0408239709782772,-0.20931581762096418,0.0036461503435635577,2.415708346773766e-06,,,,,,,,,,,,
5.019918957608515,grasp,,,,,,,,,,,,,,,,,,,,,1.8004757165908813,0.8313277959823608,1.035715103149414,-0.20757074654102325,0.0036459588445723057,2.4180988020816585e-06,0.019903145730495453,1.8004690099061238,0.8263569162655796,1.0270723108781654,-0.20094355305906683,0.003646174932650608,2.383243604027971e-06,,,,,,,,,,,,
5.039918957608515,grasp,,,,,,,,,,,,,,,,,,,,,1.800475835800171,0.8292558789253235,1.0304073095321655,-0.2043687105178833,0.0036459623370319605,2.406269004495698e-06,0.019903145730495453,1.8004690099061238,0.8263569162655796,1.0270723108781654,-0.20094355305906683,0.003646174932650608,2.383243604027971e-06,,,,,,,,,,,,
5.059918957608515,grasp,,,,,,,,,,,,,,,,,,,,,1.8004745244979858,0.826391339302063,1.023315668106079,-0.200007826089859,0.0036459844559431076,2.3892735043773428e-06,0.019903145730495453,1.8004687216421942,0.8226981504492148,1.0179209721583928,-0.1953524575705909,0.0036461913175617113,2.361351392263435e-06,,,,,,,,,,,,
5.079918957608515,grasp,,,,,,,,,,,,,,,,,,,,,1.8004751205444336,0.8249293565750122,1.0196095705032349,-0.19776149094104767,0.003645984223112464,2.3807649540685816e-06,0.019903145730495453,1.8004687216421942,0.8226981504492148,1.0179209721583928,-0.1953524575705909,0.0036461913175617113,2.361351392263435e-06,,,,,,,,,,,,
5.099918957608515,grasp,,,,,,,,,,,,,,,,,,,,,1.800473928451538,0.8231632709503174,1.0152612924575806,-0.19505789875984192,0.003652153769508004,2.9655968774022767e-06,0.019903145730495453,1.8004685743559627,0.8206290590484764,1.0127912915429544,-0.19220678974892755,0.0036462007484664655,2.3489116312938e-06,,,,,,,,,,,,
5.119918957608515,grasp,,,,,,,,,,,,,,,,,,,,,1.8004722595214844,0.8222678303718567,1.0129921436309814,-0.19362474977970123,0.0036668102256953716,5.870470886293333e-06,0.019903145730495453,1.8004685743559627,0.8206290590484764,1.0127912915429544,-0.19220678974892755,0.0036462007484664655,2.3489116312938e-06,,,,,,,,,,,,
5.139918957608515,grasp,,,,,,,,,,,,,,,,,,,,,1.8004705905914307,0.8214014768600464,1.010852336883545,-0.19224976003170013,0.0036824229173362255,7.410865237034159e-06,0.019903145730495453,1.8004685640335083,0.8197980996454951,1.0107378961929516,-0.19094584443367904,0.0036462043651399306,2.3439066599457295e-06,,,,,,,,,,,,
5.1599189576085145,grasp,,,,,,,,,,,,,,,,,,,,,1.8004690408706665,0.8209611177444458,1.0097393989562988,-0.1915191113948822,0.0036970970686525106,9.031751687871292e-06,0.019903145730495453,1.8004685640335083,0.8197980996454951,1.0107378961929516,-0.19094584443367904,0.0036462043651399306,2.3439066599457295e-06,,,,,,,,,,,,
5.179918957608515,grasp,,,,,,,,,,,,,,,,,,,,,1.800466775894165,0.8206701874732971,1.0090208053588867,-0.19103890657424927,0.003707342781126499,1.0978044883813709e-05,0.019903145730495453,1.8004684448242188,0.819670557975769,1.010422945022583,-0.19075238704681396,0.003646204946562648,2.3431387035088846e-06,,,,,,,,,,,,
5.179918957608515,grasp,,,,,,,,,,,,,,,,,,,,,1.8004645109176636,0.8204689621925354,1.008133888244629,-0.19058650732040405,0.0037415188271552324,1.5801340850885026e-05,0.019903145730495453,1.8004684448242188,0.819670557975769,1.010422945022583,-0.19075238704681396,0.003646204946562648,2.343138476135209e-06,,,,,,,,,,,,
5.1999189576085145,grasp,,,,,,,,,,,,,,,,,,,,,1.8004645109176636,0.820416271686554,1.0082062482833862,-0.19054608047008514,0.0037353408988565207,1.6060523194028065e-05,0.019903145730495453,1.8004684448242188,0.819670557975769,1.010422945022583,-0.19075238704681396,0.003646204946562648,2.343138476135209e-06,,,,,,,,,,,,
5.219918957608515,grasp,,,,,,,,,,,,,,,,,,,,,1.800466775894165,0.8202947974205017,1.0082465410232544,-0.19062529504299164,0.003735856618732214,1.2113784578104969e-05,0.019903145730495453,1.8004745268815934,0.8194770718320448,1.0104232305369318,-0.19094607509996794,0.003652173194451698,2.3421995770860817e-06,,,,,,,,,,,,
5.239918957608515,grasp,,,,,,,,,,,,,,,,,,,,,1.800467848777771,0.8202326893806458,1.0082626342773438,-0.19066347181797028,0.0037391565274447203,6.869418029964436e-06,0.019903145730495453,1.8004745268815934,0.8194770718320448,1.0104232305369318,-0.19094607509996794,0.003652173194451698,2.3421995770860817e-06,,,,,,,,,,,,
5.259918957608515,grasp,,,,,,,,,,,,,,,,,,,,,1.8004875183105469,0.8195648789405823,1.008280634880066,-0.19134096801280975,0.0037597191985696554,-1.208772027894156e-05,0.019903145730495453,1.8005146210196221,0.8181728597420408,1.010424800944619,-0.1922515765148024,0.0036923627867228494,2.3358786141776047e-06,,,,,,,,,,,,
5.279918957608515,grasp,,,,,,,,,,,,,,,,,,,,,1.8004984855651855,0.8192201256752014,1.0082896947860718,-0.1916823387145996,0.003765679430216551,-9.422940820513759e-06,0.019903145730495453,1.8005146210196221,0.8181728597420408,1.010424800944619,-0.1922515765148024,0.0036923627867228494,2.3358786141776047e-06,,,,,,,,,,,,
5.299918957608515,grasp,,,,,,,,,,,,,,,,,,,,,1.800554633140564,0.8174022436141968,1.0082900524139404,-0.19352926313877106,0.003810163587331772,-7.911745342426002e-06,0.019903145730495453,1.8006183917090501,0.8147858460453757,1.0104287595656627,-0.1956420830593633,0.0037959021737780157,2.3195933479680035e-06,,,,,,,,,,,,
5.319918957608515,grasp,,,,,,,,,,,,,,,,,,,,,1.8005831241607666,0.8164570927619934,1.008302927017212,-0.19447535276412964,0.003834437346085906,-7.013112281128997e-06,0.019903145730495453,1.8006183917090501,0.8147858460453757,1.0104287595656627,-0.1956420830593633,0.0037959021737780157,2.3195933479680035e-06,,,,,,,,,,,,
5.339918957608515,grasp,,,,,,,,,,,,,,,,,,,,,1.8006889820098877,0.8129243850708008,1.0082967281341553,-0.19804145395755768,0.003931389655917883,-6.334493718895828e-06,0.019903145730495453,1.800807035365677,0.8084881055517184,1.0104359447348121,-0.20194637851336916,0.003984491177421054,2.289931468614933e-06,,,,,,,,,,,,
5.359918957608515,grasp,,,,,,,,,,,,,,,,,,,,,1.8007445335388184,0.8110895156860352,1.0083168745040894,-0.19987744092941284,0.0039807334542274475,-5.36018796992721e-06,0.019903145730495453,1.800807035365677,0.8084881055517184,1.0104359447348121,-0.20194637851336916,0.003984491177421054,2.289931468614933e-06,,,,,,,,,,,,
5.379918957608515,grasp,,,,,,,,,,,,,,,,,,,,,1.8009124994277954,0.8053587079048157,1.0083056688308716,-0.20564348995685577,0.0041419328190386295,-4.431884462974267e-06,0.019903145730495453,1.8010982194251628,0.7985893343440821,1.010446972853906,-0.21185567052139734,0.004275483070717549,2.2441633631262234e-06,,,,,,,,,,,,
5.399918957608515,grasp,,,,,,,,,,,,,,,,,,,,,1.8010010719299316,0.8023819327354431,1.0083376169204712,-0.2086210399866104,0.0042213997803628445,-3.3014314340107376e-06,0.019903145730495453,1.8010982194251628,0.7985893343440821,1.010446972853906,-0.21185567052139734,0.004275483070717549,2.2441633631262234e-06,,,,,,,,,,,,
5.419918957608515,grasp,,,,,,,,,,,,,,,,,,,,,1.8012428283691406,0.7940535545349121,1.0083218812942505,-0.2169916033744812,0.004456755239516497,-2.1217263110884232e-06,0.019903145730495453,1.8015078689492543,0.7845297740323157,1.0104623653790663,-0.22593032734581334,0.004684760749880288,2.1797911834633446e-06,,,,,,,,,,,,
5.439918957608515,grasp,,,,,,,,,,,,,,,,,,,,,1.8013696670532227,0.789728045463562,1.0083647966384888,-0.22131599485874176,0.00457299780100584,-8.521443533027195e-07,0.019903145730495453,1.8015078689492543,0.7845297740323157,1.0104623653790663,-0.22593032734581334,0.004684760749880288,2.1797911834633446e-06,,,,,,,,,,,,
5.459918957608515,grasp,,,,,,,,,,,,,,,,,,,,,1.801694631576538,0.7784855961799622,1.0083454847335815,-0.23261085152626038,0.004891043994575739,3.309683052066248e-07,0.019903145730495453,1.8020484720650705,0.7658732826024601,1.0104828118283198,-0.24460700050672549,0.005224963189577375,2.094827488110618e-06,,,,,,,,,,,,
5.479918957608515,grasp,,,,,,,,,,,,,,,,,,,,,1.8018643856048584,0.7726495265960693,1.0084002017974854,-0.238435298204422,0.005052210763096809,1.202555836243846e-06,0.019903145730495453,1.8020484720650705,0.7658732826024601,1.0104828118283198,-0.24460700050672549,0.005224963189577375,2.094827488110618e-06,,,,,,,,,,,,
5.499918957608515,grasp,,,,,,,,,,,,,,,,,,,,,1.8022778034210205,0.7582570314407349,1.008378028869629,-0.25287747383117676,0.00546582555398345,1.4812109156991937e-06,0.019903145730495453,1.8027288906548307,0.7423003947729492,1.010508497002166,-0.268205658513256,0.0059047361234954125,1.9879117190683677e-06,,,,,,,,,,,,
5.519918957608515,grasp,,,,,,,,,,,,,,,,,,,,,1.8024941682815552,0.7507878541946411,1.0084433555603027,-0.2603174149990082,0.00567833986133337,1.653434196668968e-06,0.019903145730495453,1.8027288906548307,0.7423003947729492,1.010508497002166,-0.268205658513256,0.0059047361234954125,1.9879117190683677e-06,,,,,,,,,,,,
5.539918957608515,grasp,,,,,,,,,,,,,,,,,,,,,1.8030012845993042,0.733079195022583,1.008420705795288,-0.2780798077583313,0.006188690662384033,1.5862249256315408e-06,0.019903145730495453,1.8035547369497376,0.7136012713177885,1.0105397771761124,-0.29693643525113056,0.006729931653292706,1.8581243484640414e-06,,,,,,,,,,,,
5.559918957608515,grasp,,,,,,,,,,,,,,,,,,,,,1.8032665252685547,0.7238896489143372,1.0084946155548096,-0.2872302830219269,0.006450860295444727,1.6312598063450423e-06,0.019903145730495453,1.8035547369497376,0.7136012713177885,1.0105397771761124,-0.29693643525113056,0.006729931653292706,1.8581243484640414e-06,,,,,,,,,,,,
5.579918957608515,grasp,,,,,,,,,,,,,,,,,,,,,1.8038713932037354,0.7027680277824402,1.0084739923477173,-0.3084142506122589,0.0070579475723207,1.6292740383505588e-06,0.019903145730495453,1.80452904364532,0.6796687810970363,1.010576711160756,-0.33090663476960824,0.007703763087199626,1.7049595227244579e-06,,,,,,,,,,,,
5.599918957608515,grasp,,,,,,,,,,,,,,,,,,,,,1.8041865825653076,0.6918066740036011,1.008554220199585,-0.31932729482650757,0.007370391860604286,1.6651702026138082e-06,0.019903145730495453,1.80452904364532,0.6796687810970363,1.010576711160756,-0.33090663476960824,0.007703763087199626,1.7049595227244579e-06,,,,,,,,,,,,
5.619918957608515,grasp,,,,,,,,,,,,,,,,,,,,,1.8048909902572632,0.6672412157058716,1.008539080619812,-0.3439651131629944,0.008076464757323265,1.504096530879906e-06,0.019903145730495453,1.8056522211220365,0.640491409089423,1.0106196147352084,-0.3701275750259763,0.008827190384038107,1.5282647803015774e-06,,,,,,,,,,,,
5.639918957608515,grasp,,,,,,,,,,,,,,,,,,,,,1.8052551746368408,0.6544917225837708,1.008622407913208,-0.3566574156284332,0.008440228179097176,1.4523209301842144e-06,0.019903145730495453,1.8056522211220365,0.640491409089423,1.0106196147352084,-0.3701275750259763,0.008827190384038107,1.5282647803015774e-06,,,,,,,,,,,,
5.6599189576085145,grasp,,,,,,,,,,,,,,,,,,,,,1.8060578107833862,0.6265115141868591,1.0086170434951782,-0.38471975922584534,0.009243649430572987,1.4041789881957811e-06,0.019903145730495453,1.8069232285424104,0.59614651671057,1.0106687897803808,-0.41452174889426735,0.010099327874581837,1.3281800196275613e-06,,,,,,,,,,,,
5.679918957608515,grasp,,,,,,,,,,,,,,,,,,,,,1.806471824645996,0.6119877099990845,1.0087001323699951,-0.39917662739753723,0.009658414870500565,1.3200311741456972e-06,0.019903145730495453,1.8069232285424104,0.59614651671057,1.0106687897803808,-0.41452174889426735,0.010099327874581837,1.3281800196275613e-06,,,,,,,,,,,,
5.699918957608515,grasp,,,,,,,,,,,,,,,,,,,,,1.8073722124099731,0.5806775093078613,1.0087089538574219,-0.4305788576602936,0.01055928599089384,1.2105667792638997e-06,0.019903145730495453,1.8083407643642984,0.5467934542835541,1.010723913243892,-0.46392981262982474,0.011518702347897617,1.1049364319115783e-06,,,,,,,,,,,,
5.719918957608515,grasp,,,,,,,,,,,,,,,,,,,,,1.807835578918457,0.5644221305847168,1.0087883472442627,-0.44675636291503906,0.011024572886526585,1.1288263976894086e-06,0.019903145730495453,1.8083407643642984,0.5467934542835541,1.010723913243892,-0.46392981262982474,0.011518702347897617,1.1049364319115783e-06,,,,,,,,,,,,
5.739918957608515,grasp,,,,,,,,,,,,,,,,,,,,,1.8088302612304688,0.529922604560852,1.0088119506835938,-0.4813542664051056,0.012024970725178719,1.0098422080773162e-06,0.019903145730495453,1.809897234304426,0.49267522410106357,1.0107761981322307,-0.518101026441558,0.013090823953810508,8.576474276815276e-07,,,,,,,,,,,,
5.759918957608515,grasp,,,,,,,,,,,,,,,,,,,,,1.8093403577804565,0.5120070576667786,1.0088809728622437,-0.499178409576416,0.012542396783828735,8.882251449904288e-07,0.019903145730495453,1.809897234304426,0.49267522410106357,1.0107761981322307,-0.518101026441558,0.013090823953810508,8.576474276815276e-07,,,,,,,,,,,,
5.779918957608515,grasp,,,,,,,,,,,,,,,,,,,,,1.7818434238433838,0.4909367561340332,0.9934534430503845,-0.504729688167572,0.012641916051506996,4.577973413688596e-06,0.019903145730495453,1.7525252860610783,0.4682036077518966,0.9786626986085036,-0.5106133244209291,0.012946861626418435,7.873299131101898e-07,,,,,,,,,,,,
5.799918957608515,grasp,,,,,,,,,,,,,,,,,,,,,1.7675987482070923,0.48014798760414124,0.9852748513221741,-0.5075927972793579,0.012877972796559334,-7.875103733567812e-07,0.019903145730495453,1.7525252860610783,0.4682036077518966,0.9786626986085036,-0.5106133244209291,0.012946861626418435,7.873299131101898e-07,,,,,,,,,,,,
5.819918957608515,grasp,,,,,,,,,,,,,,,,,,,,,1.7247651815414429,0.4651906192302704,0.9614603519439697,-0.49870243668556213,0.012567372992634773,3.2484063012816478e-06,0.019903145730495453,1.6791696378565917,0.4489096572855179,0.9378014895641327,-0.4892367048640615,0.012404820493060265,7.543470598901488e-07,,,,,,,,,,,,
5.839918957608515,grasp,,,,,,,,,,,,,,,,,,,,,1.7026139497756958,0.45757508277893066,0.9489231109619141,-0.4941257834434509,0.012617796659469604,-3.027440470759757e-06,0.019903145730495453,1.6791696378565917,0.4489096572855179,0.9378014895641327,-0.4892367048640615,0.012404820493060265,7.543470598901488e-07,,,,,,,,,,,,
5.859918957608515,grasp,,,,,,,,,,,,,,,,,,,,,1.6536211967468262,0.4436732828617096,0.921739935874939,-0.480792373418808,0.012167783454060555,1.635536477806454e-06,0.019903145730495453,1.6014939069515322,0.42847296049295663,0.8945362476504293,-0.46660421229707216,0.011830936082280991,7.194263656427994e-07,,,,,,,,,,,,
5.879918957608515,grasp,,,,,,,,,,,,,,,,,,,,,1.6282974481582642,0.43659520149230957,0.9074644446372986,-0.4739265739917755,0.012150589376688004,-4.507056473812554e-06,0.019903145730495453,1.6014939069515322,0.42847296049295663,0.8945362476504293,-0.46660421229707216,0.011830936082280991,7.194263656427994e-07,,,,,,,,,,,,
5.899918957608515,grasp,,,,,,,,,,,,,,,,,,,,,1.575844407081604,0.42247533798217773,0.8783863186836243,-0.4588809609413147,0.011636510491371155,8.234186452682479e-07,0.019903145730495453,1.5200424781708861,0.40703432039805243,0.8491671481301185,-0.4428730896928885,0.011229194750122429,6.828105199408308e-07,,,,,,,,,,,,
5.919918957608515,grasp,,,,,,,,,,,,,,,,,,,,,1.548734426498413,0.41528618335723877,0.8631225228309631,-0.45113325119018555,0.01159603614360094,-5.323118784872349e-06,0.019903145730495453,1.5200424781708861,0.40703432039805243,0.8491671481301185,-0.4428730896928885,0.011229194750122429,6.828105199408308e-07,,,,,,,,,,,,
5.939918957608515,grasp,,,,,,,,,,,,,,,,,,,,,1.493821382522583,0.40069273114204407,0.8326894640922546,-0.4351835250854492,0.011046039871871471,4.7355922561109765e-07,0.019903145730495453,1.43540572730385,0.38474700541038825,0.8020215270601264,-0.4182149102589705,0.010603946749723887,6.44764204512496e-07,,,,,,,,,,,,
5.959918957608515,grasp,,,,,,,,,,,,,,,,,,,,,1.4654407501220703,0.3932621479034424,0.8167142868041992,-0.42697015404701233,0.01099746860563755,-5.871148459846154e-06,0.019903145730495453,1.43540572730385,0.38474700541038825,0.8020215270601264,-0.4182149102589705,0.010603946749723887,6.44764204512496e-07,,,,,,,,,,,,
5.979918957608515,grasp,,,,,,,,,,,,,,,,,,,,,1.4086378812789917,0.37820887565612793,0.7852353453636169,-0.41041967272758484,0.010423842817544937,2.3804818738426547e-07,0.019903145730495453,1.3482126793440603,0.3617742709433931,0.7534483908969333,-0.3928125719686191,0.00995983196843039,6.055698232714971e-07,,,,,,,,,,,,
5.999918957608515,grasp,,,,,,,,,,,,,,,,,,,,,1.3792805671691895,0.37054383754730225,0.7687095999717712,-0.4018969237804413,0.01037189457565546,-6.293379101407481e-06,0.019903145730495453,1.3482126793440603,0.3617742709433931,0.7534483908969333,-0.3928125719686191,0.00995983196843039,6.055698232714971e-07,,,,,,,,,,,,
6.019918957608515,grasp,,,,,,,,,,,,,,,,,,,,,1.3210562467575073,0.35511836409568787,0.7364431023597717,-0.38491931557655334,0.009781230241060257,5.4709033747712965e-08,0.019903145730495453,1.259122582568638,0.3382877252289689,0.7038140581460562,-0.36685808535792336,0.009301715397876987,5.655233935969929e-07,,,,,,,,,,,,
6.039918957608515,grasp,,,,,,,,,,,,,,,,,,,,,1.2909650802612305,0.34726354479789734,0.7195016741752625,-0.3761764466762543,0.00972793623805046,-6.627612947340822e-06,0.019903145730495453,1.259122582568638,0.3382877252289689,0.7038140581460562,-0.36685808535792336,0.009301715397876987,5.655233935969929e-07,,,,,,,,,,,,
6.059918957608515,grasp,,,,,,,,,,,,,,,,,,,,,1.2317767143249512,0.3315754234790802,0.6866984963417053,-0.35891392827033997,0.009125178679823875,-9.709042103622778e-08,0.019903145730495453,1.1688172369642196,0.314464561907856,0.6534972313966243,-0.3405498857846383,0.008634630522531621,5.249311978406252e-07,,,,,,,,,,,,
6.079918957608515,grasp,,,,,,,,,,,,,,,,,,,,,1.2011864185333252,0.3235867917537689,0.6694721579551697,-0.35002440214157104,0.009071484208106995,-6.9381103457999416e-06,0.019903145730495453,1.1688172369642196,0.314464561907856,0.6534972313966243,-0.3405498857846383,0.008634630522531621,5.249311978406252e-07,,,,,,,,,,,,
6.099918957608515,grasp,,,,,,,,,,,,,,,,,,,,,1.1414904594421387,0.3077529966831207,0.6363853216171265,-0.33261293172836304,0.008461633697152138,-2.859783876374422e-07,0.019903145730495453,1.0779925557378813,0.2904859926004743,0.6028846606150665,-0.31409056251486706,0.007963716370957028,4.841059359402072e-07,,,,,,,,,,,,
6.119918957608515,grasp,,,,,,,,,,,,,,,,,,,,,1.1106375455856323,0.29969045519828796,0.6190066337585449,-0.3236467242240906,0.00840759463608265,-7.158534117479576e-06,0.019903145730495453,1.0779925557378813,0.2904859926004743,0.6028846606150665,-0.31409056251486706,0.007963716370957028,4.841059359402072e-07,,,,,,,,,,,,
6.139918957608515,grasp,,,,,,,,,,,,,,,,,,,,,1.050896406173706,0.2838313579559326,0.5858913660049438,-0.30622172355651855,0.007795387879014015,-4.3838394958584104e-07,0.019903145730495453,0.9873505055546373,0.26653489470203356,0.5523664632612311,-0.28768465380794006,0.0072941547952226505,4.43363063776371e-07,,,,,,,,,,,,
6.1599189576085145,grasp,,,,,,,,,,,,,,,,,,,,,1.0200191736221313,0.27575594186782837,0.5684937834739685,-0.2972484230995178,0.0077418736182153225,-7.339587227761513e-06,0.019903145730495453,0.9873505055546373,0.26653489470203356,0.5523664632612311,-0.28768465380794006,0.0072941547952226505,4.43363063776371e-07,,,,,,,,,,,,
6.179918957608515,grasp,,,,,,,,,,,,,,,,,,,,,0.9606931805610657,0.25999221205711365,0.5356054902076721,-0.27994439005851746,0.007131887134164572,-5.855193307979789e-07,0.019903145730495453,0.8975909940591005,0.24279368309235055,0.5023317361593459,-0.2615358626875319,0.00663111354943045,4.030169394232301e-07,,,,,,,,,,,,
6.199918957608515,grasp,,,,,,,,,,,,,,,,,,,,,0.9300311207771301,0.25196564197540283,0.5183223485946655,-0.2710334062576294,0.0070792329497635365,-7.468421244993806e-06,0.019903145730495453,0.8975909940591005,0.24279368309235055,0.5023317361593459,-0.2615358626875319,0.00663111354943045,4.030169394232301e-07,,,,,,,,,,,,
6.219918957608515,grasp,,,,,,,,,,,,,,,,,,,,,0.8715774416923523,0.23641623556613922,0.48591336607933044,-0.2539837062358856,0.006476313341408968,-7.406090389849851e-07,0.019903145730495453,0.8094039399600542,0.21944147301710934,0.45316369738025647,-0.23584519006001348,0.005979689559664011,3.6337772053439187e-07,,,,,,,,,,,,
6.239918957608515,grasp,,,,,,,,,,,,,,,,,,,,,0.8413656949996948,0.22849927842617035,0.4688776135444641,-0.24520358443260193,0.0064246319234371185,-7.523767635575496e-06,0.019903145730495453,0.8094039399600542,0.21944147301710934,0.45316369738025647,-0.23584519006001348,0.005979689559664011,3.6337772053439187e-07,,,,,,,,,,,,
6.259918957608515,grasp,,,,,,,,,,,,,,,,,,,,,0.7842310070991516,0.21328072249889374,0.43719482421875,-0.22853824496269226,0.005833651404827833,-9.088181514016469e-07,0.019903145730495453,0.72346088635311,0.19665253976613678,0.4052354965588983,-0.21080818274838745,0.005344840422879956,3.247471054282494e-07,,,,,,,,,,,,
6.2799189576085155,grasp,,,,,,,,,,,,,,,,,,,,,0.7547005414962769,0.20553267002105713,0.4205358326435089,-0.21995599567890167,0.005783322267234325,-7.542870662291534e-06,0.019903145730495453,0.72346088635311,0.19665253976613678,0.4052354965588983,-0.21080818274838745,0.005344840422879956,3.247471054282494e-07,,,,,,,,,,,,
6.299918957608515,grasp,,,,,,,,,,,,,,,,,,,,,0.6993151903152466,0.19075843691825867,0.3898175060749054,-0.20380061864852905,0.005208482965826988,-1.0249775641568704e-06,0.019903145730495453,0.640406041002336,0.17459680849165998,0.3589059341911867,-0.18661246548203578,0.004731323085519204,2.874144765393929e-07,,,,,,,,,,,,
6.319918957608515,grasp,,,,,,,,,,,,,,,,,,,,,0.670688271522522,0.1832372546195984,0.37366053462028503,-0.19548094272613525,0.005159854888916016,-7.477511644538026e-06,0.019903145730495453,0.640406041002336,0.17459680849165998,0.3589059341911867,-0.18661246548203578,0.004731323085519204,2.874144765393929e-07,,,,,,,,,,,,
6.339918957608515,grasp,,,,,,,,,,,,,,,,,,,,,0.6174618601799011,0.16901490092277527,0.3441333770751953,-0.1799551248550415,0.004605846479535103,-1.1736099168047076e-06,0.019903145730495453,0.5608495144072774,0.15343344093964023,0.31451429040803836,-0.1634357179211194,0.004143642912693847,2.5165406417395667e-07,,,,,,,,,,,,
6.359918957608515,grasp,,,,,,,,,,,,,,,,,,,,,0.5899503827095032,0.16177529096603394,0.32859817147254944,-0.17195945978164673,0.004558581858873367,-7.30682131688809e-06,0.019903145730495453,0.5608495144072774,0.15343344093964023,0.31451429040803836,-0.1634357179211194,0.004143642912693847,2.5165406417395667e-07,,,,,,,,,,,,
6.379918957608515,grasp,,,,,,,,,,,,,,,,,,,,,0.5392668843269348,0.14820414781570435,0.30047371983528137,-0.1571749746799469,0.004029470030218363,-1.261386842088541e-06,0.019903145730495453,0.4853596725244946,0.13330763645813154,0.27237535848822914,-0.1414434035146269,0.0035859963930991927,2.1772119430120741e-07,,,,,,,,,,,,
6.399918957608515,grasp,,,,,,,,,,,,,,,,,,,,,0.5130696296691895,0.1412966549396515,0.2856719195842743,-0.1495610773563385,0.003984257113188505,-7.121116141206585e-06,0.019903145730495453,0.4853596725244946,0.13330763645813154,0.27237535848822914,-0.1414434035146269,0.0035859963930991927,2.1772119430120741e-07,,,,,,,,,,,,
6.419918957608515,grasp,,,,,,,,,,,,,,,,,,,,,0.4652796685695648,0.12847132980823517,0.25914525985717773,-0.1356203854084015,0.0034841205924749374,-1.3669348390976666e-06,0.019903145730495453,0.4144508375977744,0.1143597944139584,0.2327774628829856,-0.12078541226046678,0.0030621836031480077,1.8584709095618108e-07,,,,,,,,,,,,
6.439918957608515,grasp,,,,,,,,,,,,,,,,,,,,,0.44057801365852356,0.12194390594959259,0.24518010020256042,-0.12844105064868927,0.0034410138614475727,-6.889323685754789e-06,0.019903145730495453,0.4144508375977744,0.1143597944139584,0.2327774628829856,-0.12078541226046678,0.0030621836031480077,1.8584709095618108e-07,,,,,,,,,,,,
6.459918957608515,grasp,,,,,,,,,,,,,,,,,,,,,0.3959972560405731,0.10994530469179153,0.22042489051818848,-0.11543603241443634,0.0029730359092354774,-1.4557620033883722e-06,0.019903145730495453,0.34858192486077766,0.09670448853199033,0.1959739444598143,-0.10159532786525224,0.002575591902275702,1.5623786145576283e-07,,,,,,,,,,,,
6.479918957608515,grasp,,,,,,,,,,,,,,,,,,,,,0.37295418977737427,0.10383909195661545,0.20738869905471802,-0.10873839259147644,0.0029321047477424145,-6.559589110111119e-06,0.019903145730495453,0.34858192486077766,0.09670448853199033,0.1959739444598143,-0.10159532786525224,0.002575591902275702,1.5623786145576283e-07,,,,,,,,,,,,
6.499918957608515,grasp,,,,,,,,,,,,,,,,,,,,,0.3318537175655365,0.09274165332317352,0.18455582857131958,-0.09674828499555588,0.0024992877151817083,-1.492765932198381e-06,0.019903145730495453,0.2881404357337373,0.08045042912344536,0.16218316239013963,-0.08398606966360583,0.0021290847045746975,1.2906779896746063e-07,,,,,,,,,,,,
6.519918957608515,grasp,,,,,,,,,,,,,,,,,,,,,0.3106096088886261,0.08709433674812317,0.1725291758775711,-0.09057329595088959,0.0024606366641819477,-6.1898213061795104e-06,0.019903145730495453,0.2881404357337373,0.08045042912344536,0.16218316239013963,-0.08398606966360583,0.0021290847045746975,1.2906779896746063e-07,,,,,,,,,,,,
6.539918957608515,grasp,,,,,,,,,,,,,,,,,,,,,0.273214727640152,0.07695531845092773,0.15174192190170288,-0.07966376841068268,0.0020658718422055244,-1.5385911638077232e-06,0.019903145730495453,0.23344302306930823,0.0656744622354824,0.13157860536431087,-0.06804984386295655,0.0017249994230078235,1.0447912305818461e-07,,,,,,,,,,,,
6.559918957608515,grasp,,,,,,,,,,,,,,,,,,,,,0.25388601422309875,0.071795754134655,0.14079095423221588,-0.07404520362615585,0.0020295444410294294,-5.785713710793061e-06,0.019903145730495453,0.23344302306930823,0.0656744622354824,0.13157860536431087,-0.06804984386295655,0.0017249994230078235,1.0447912305818461e-07,,,,,,,,,,,,
6.579918957608515,grasp,,,,,,,,,,,,,,,,,,,,,0.2203666716814041,0.06266511976718903,0.12214456498622894,-0.06426581740379333,0.0016746572218835354,-1.547407350699359e-06,0.019903145730495453,0.1847169154899706,0.052447865805048295,0.10429082449337335,-0.05385289362359027,0.0013650162292805027,8.257406820000289e-08,,,,,,,,,,,,
6.599918957608515,grasp,,,,,,,,,,,,,,,,,,,,,0.20304125547409058,0.05801857262849808,0.11232052743434906,-0.059229250997304916,0.001640566741116345,-5.272564521874301e-06,0.019903145730495453,0.1847169154899706,0.052447865805048295,0.10429082449337335,-0.05385289362359027,0.0013650162292805027,8.257406820000289e-08,,,,,,,,,,,,
6.619918957608515,grasp,,,,,,,,,,,,,,,,,,,,,0.17351116240024567,0.04992280155420303,0.09587663412094116,-0.050613224506378174,0.0013270023046061397,-1.5108947764019831e-06,0.019903145730495453,0.14210428925701782,0.040797656692314624,0.08039642000666855,-0.041436578007674994,0.0010501835557709983,6.341643477452528e-08,,,,,,,,,,,,
6.639918957608515,grasp,,,,,,,,,,,,,,,,,,,,,0.15824799239635468,0.0458025299012661,0.08721309155225754,-0.0461757518351078,0.0012951708631590009,-4.703004833572777e-06,0.019903145730495453,0.14210428925701782,0.040797656692314624,0.08039642000666855,-0.041436578007674994,0.0010501835557709983,6.341643477452528e-08,,,,,,,,,,,,
6.6599189576085145,grasp,,,,,,,,,,,,,,,,,,,,,0.13275325298309326,0.03876178339123726,0.07300039380788803,-0.038736604154109955,0.001023797201924026,-1.4512869483951363e-06,0.019903145730495453,0.10563820600403476,0.030750644902484872,0.059921752683918195,-0.030810666737044554,0.0007807491514860333,4.7021275119759665e-08,,,,,,,,,,,,
6.679918957608515,grasp,,,,,,,,,,,,,,,,,,,,,0.11957626789808273,0.035177893936634064,0.0655132308602333,-0.034905239939689636,0.0009950269013643265,-4.198353053652681e-06,0.019903145730495453,0.10563820600403476,0.030750644902484872,0.059921752683918195,-0.030810666737044554,0.0007807491514860333,4.7021275119759665e-08,,,,,,,,,,,,
6.699918957608515,grasp,,,,,,,,,,,,,,,,,,,,,0.09809613972902298,0.029189834371209145,0.053519610315561295,-0.028636982664465904,0.0007654241635464132,-1.397700089000864e-06,0.019903145730495453,0.07525074585388865,0.022290831424291474,0.04282676953172045,-0.02195535885740465,0.0005562106932140254,3.3358042258225287e-08,,,,,,,,,,,,
6.719918957608515,grasp,,,,,,,,,,,,,,,,,,,,,0.08699459582567215,0.026141058653593063,0.04720304161310196,-0.025408636778593063,0.000738918490242213,-3.6007693324791035e-06,0.019903145730495453,0.07525074585388865,0.022290831424291474,0.04282676953172045,-0.02195535885740465,0.0005562106932140254,3.3358042258225287e-08,,,,,,,,,,,,
6.739918957608515,grasp,,,,,,,,,,,,,,,,,,,,,0.06943544745445251,0.02118142507970333,0.037373289465904236,-0.020283937454223633,0.0005506692104972899,-1.309173171648581e-06,0.019903145730495453,0.05075991674440651,0.015369503871881912,0.02900418545746231,-0.014817590422736912,0.00037522289291611164,2.2344875644640095e-08,,,,,,,,,,,,
6.759918957608515,grasp,,,,,,,,,,,,,,,,,,,,,0.06036100909113884,0.01865537464618683,0.032198503613471985,-0.017644548788666725,0.0005270651890896261,-3.0420399070862914e-06,0.019903145730495453,0.05075991674440651,0.015369503871881912,0.02900418545746231,-0.014817590422736912,0.00037522289291611164,2.2344875644640095e-08,,,,,,,,,,,,
6.7799189576085155,grasp,,,,,,,,,,,,,,,,,,,,,0.04654634743928909,0.0146853718906641,0.0244354996830225,-0.013612010516226292,0.00037848306237719953,-1.2733588619084912e-06,0.019903145730495453,0.0318527575959789,0.00992009191979171,0.018283270757557195,-0.00930629784404696,0.0002354766437726686,1.3841264835326189e-08,,,,,,,,,,,,
6.799918957608515,grasp,,,,,,,,,,,,,,,,,,,,,0.03940771520137787,0.012662329711019993,0.020351296290755272,-0.011535102501511574,0.0003577088355086744,-2.555328592279693e-06,0.019903145730495453,0.0318527575959789,0.00992009191979171,0.018283270757557195,-0.00930629784404696,0.0002354766437726686,1.3841264835326189e-08,,,,,,,,,,,,
6.819918957608515,grasp,,,,,,,,,,,,,,,,,,,,,0.029066074639558792,0.00964151881635189,0.01451845932751894,-0.008515819907188416,0.00024557096185162663,-1.1624421176748e-06,0.019903145730495453,0.018065494311609875,0.0058807625296500125,0.010434237182893004,-0.005286876255092956,0.0001335588194453666,7.63952691999102e-09,,,,,,,,,,,,
6.839918957608515,grasp,,,,,,,,,,,,,,,,,,,,,0.023722825571894646,0.00810098648071289,0.011452571488916874,-0.006960751488804817,0.00022748146147932857,-1.9923493255191715e-06,0.019903145730495453,0.018065494311609875,0.0058807625296500125,0.010434237182893004,-0.005286876255092956,0.0001335588194453666,7.63952691999102e-09,,,,,,,,,,,,
6.859918957608515,grasp,,,,,,,,,,,,,,,,,,,,,0.016491921618580818,0.005963645875453949,0.007363695185631514,-0.0048493193462491035,0.00014805415412411094,-9.663060609454988e-07,0.019903145730495453,0.008798790596278052,0.003138522965726397,0.005145713492099819,-0.0025851148402186216,6.505204545194246e-05,3.470863561867722e-09,,,,,,,,,,,,
6.879918957608515,grasp,,,,,,,,,,,,,,,,,,,,,0.012756692245602608,0.00487222895026207,0.005217487458139658,-0.00376180955208838,0.00013315440446604043,-1.4715037650603335e-06,0.019903145730495453,0.008798790596278052,0.003138522965726397,0.005145713492099819,-0.0025851148402186216,6.505204545194246e-05,3.470863561867722e-09,,,,,,,,,,,,
6.899918957608515,grasp,,,,,,,,,,,,,,,,,,,,,0.008183946833014488,0.003512323834002018,0.0026293282862752676,-0.002426343970000744,8.244653872679919e-05,-8.890231129043968e-07,0.019903145730495453,0.003316747064958507,0.0015119026018957024,0.002015026722912447,-0.00098675744864441,2.4523556210693052e-05,1.004689315417462e-09,,,,,,,,,,,,
6.919918957608515,grasp,,,,,,,,,,,,,,,,,,,,,0.005822683684527874,0.0028167024720460176,0.0012736601056531072,-0.0017384730745106936,7.036103488644585e-05,-1.0355851145504857e-06,0.019903145730495453,0.003316747064958507,0.0015119026018957024,0.002015026722912447,-0.00098675744864441,2.4523556210693052e-05,1.004689315417462e-09,,,,,,,,,,,,
6.939918957608515,grasp,,,,,,,,,,,,,,,,,,,,,0.0033620651811361313,0.002073904499411583,6.21098733972758e-05,-0.0010194304632022977,4.199133036308922e-05,-6.928183893251116e-07,0.019903145730495453,0.0007398604070074722,0.0007468314861316884,0.0005431969649523378,-0.00023543055514164033,5.472658950393539e-06,-1.5456521763961512e-10,,,,,,,,,,,,
6.959918957608515,grasp,,,,,,,,,,,,,,,,,,,,,0.0020922631956636906,0.001684617018327117,0.0001280378201045096,-0.0006488176295533776,3.280967939645052e-05,-6.588412020391843e-07,0.019903145730495453,0.0007398604070074722,0.0007468314861316884,0.0005431969649523378,-0.00023543055514164033,5.472658950393539e-06,-1.5456521763961512e-10,,,,,,,,,,,,
6.979918957608515,grasp,,,,,,,,,,,,,,,,,,,,,0.0010952166048809886,0.0013831149553880095,0.0001302266464335844,-0.00035731299431063235,1.9904455257346854e-05,-4.527990995484288e-07,0.019903145730495453,2.791894472873442e-05,0.000535457870133387,0.0001365602807290084,-2.7854188501449396e-05,2.0928288084352848e-07,-4.748436889469147e-10,,,,,,,,,,,,
6.99983791521703,grasp,,,,,,,,,,,,,,,,,,,,,0.0005678606103174388,0.001223522936925292,0.00012988953676540405,-0.00020316801965236664,1.3565867448050994e-05,-3.495469513836724e-07,0.019903145730495453,-8.668261131106192e-08,0.0005271430709399283,0.00012056442210450768,-1.968876131286379e-05,2.237557250595046e-09,-4.87442475272104e-10,,,,,,,,,,,,
0.0,grasp,,,,,,,,,,,,,,,,,,,,,,,,,,,3.8855837658502423e-08,,,,,,,0.043,,,,,,,,,,,
0.02,grasp,,,,,,,,,,,,,,,,,,,,,,,,,,,4.856667146668769e-06,,,,,,,0.043,,,,,,,,,,,
0.04,grasp,,,,,,,,,,,,,,,,,,,,,,,,,,,4.075902688782662e-05,,,,,,,0.043,,,,,,,,,,,
0.06,grasp,,,,,,,,,,,,,,,,,,,,,,,,,,,0.00014516340161208063,,,,,,,0.043,,,,,,,,,,,
0.08,grasp,,,,,,,,,,,,,,,,,,,,,,,,,,,0.0003563179634511471,,,,,,,0.043,,,,,,,,,,,
0.1,grasp,,,,,,,,,,,,,,,,,,,,,,,,,,,0.0007082634547259659,,,,,,,0.043,,,,,,,,,,,
0.12,grasp,,,,,,,,,,,,,,,,,,,,,,,,,,,0.001228436070960015,,,,,,,0.043,,,,,,,,,,,
0.14,grasp,,,,,,,,,,,,,,,,,,,,,,,,,,,0.0019369506044313312,,,,,,,0.043,,,,,,,,,,,
0.16,grasp,,,,,,,,,,,,,,,,,,,,,,,,,,,0.002846437622793019,,,,,,,0.043,,,,,,,,,,,
0.18,grasp,,,,,,,,,,,,,,,,,,,,,,,,,,,0.003962451359257102,,,,,,,0.043,,,,,,,,,,,
0.2,grasp,,,,,,,,,,,,,,,,,,,,,,,,,,,0.0052838430274277925,,,,,,,0.043,,,,,,,,,,,
0.22,grasp,,,,,,,,,,,,,,,,,,,,,,,,,,,0.006803404772654176,,,,,,,0.043,,,,,,,,,,,
0.24,grasp,,,,,,,,,,,,,,,,,,,,,,,,,,,0.008508495055139065,,,,,,,0.043,,,,,,,,,,,
0.26,grasp,,,,,,,,,,,,,,,,,,,,,,,,,,,0.010381693486124277,,,,,,,0.043,,,,,,,,,,,
0.28,grasp,,,,,,,,,,,,,,,,,,,,,,,,,,,0.012401464860886335,,,,,,,0.043,,,,,,,,,,,
0.3,grasp,,,,,,,,,,,,,,,,,,,,,,,,,,,0.014542856253683567,,,,,,,0.043,,,,,,,,,,,
0.32,grasp,,,,,,,,,,,,,,,,,,,,,,,,,,,0.016778131015598774,,,,,,,0.043,,,,,,,,,,,
0.34,grasp,,,,,,,,,,,,,,,,,,,,,,,,,,,0.019077499397099018,,,,,,,0.043,,,,,,,,,,,
0.36,grasp,,,,,,,,,,,,,,,,,,,,,,,,,,,0.021409736946225166,,,,,,,0.043,,,,,,,,,,,
0.38,grasp,,,,,,,,,,,,,,,,,,,,,,,,,,,0.023742946796119213,,,,,,,0.043,,,,,,,,,,,
0.4,grasp,,,,,,,,,,,,,,,,,,,,,,,,,,,0.026045171543955803,,,,,,,0.043,,,,,,,,,,,
0.42,grasp,,,,,,,,,,,,,,,,,,,,,,,,,,,0.028285084292292595,,,,,,,0.043,,,,,,,,,,,
0.44,grasp,,,,,,,,,,,,,,,,,,,,,,,,,,,0.030432719737291336,,,,,,,0.043,,,,,,,,,,,
0.46,grasp,,,,,,,,,,,,,,,,,,,,,,,,,,,0.03246011212468147,,,,,,,0.043,,,,,,,,,,,
0.48,grasp,,,,,,,,,,,,,,,,,,,,,,,,,,,0.03434199094772339,,,,,,,0.043,,,,,,,,,,,
0.5,grasp,,,,,,,,,,,,,,,,,,,,,,,,,,,0.0360563974827528,,,,,,,0.043,,,,,,,,,,,
0.52,grasp,,,,,,,,,,,,,,,,,,,,,,,,,,,0.037585511803627014,,,,,,,0.043,,,,,,,,,,,
0.54,grasp,,,,,,,,,,,,,,,,,,,,,,,,,,,0.0389162078499794,,,,,,,0.043,,,,,,,,,,,
0.56,grasp,,,,,,,,,,,,,,,,,,,,,,,,,,,0.04004077799618244,,,,,,,0.043,,,,,,,,,,,
0.58,grasp,,,,,,,,,,,,,,,,,,,,,,,,,,,0.04095758497714996,,,,,,,0.043,,,,,,,,,,,
0.6,grasp,,,,,,,,,,,,,,,,,,,,,,,,,,,0.04167182743549347,,,,,,,0.043,,,,,,,,,,,
0.62,grasp,,,,,,,,,,,,,,,,,,,,,,,,,,,0.042196109890937805,,,,,,,0.043,,,,,,,,,,,
0.64,grasp,,,,,,,,,,,,,,,,,,,,,,,,,,,0.0425511971116066,,,,,,,0.043,,,,,,,,,,,
0.66,grasp,,,,,,,,,,,,,,,,,,,,,,,,,,,0.04276668466627598,,,,,,,0.043,,,,,,,,,,,
0.68,grasp,,,,,,,,,,,,,,,,,,,,,,,,,,,0.042881689965724945,,,,,,,0.043,,,,,,,,,,,
0.68,grasp,,,,,,,,,,,,,,,,,,,,,-1.6435299698969175e-07,0.0010455925948917866,0.00012923307076562196,-3.906256824848242e-05,7.986722394548451e-09,-8.581240162897075e-10,0.042881689965724945,-8.668261131106192e-08,0.0005271430709399283,0.00012056442210450768,-1.968876131286379e-05,2.237557250595046e-09,-4.87442475272104e-10,,,,,,,,,,,,
0.7000000000000001,grasp,,,,,,,,,,,,,,,,,,,,,-1.6574929873058863e-07,0.0010503509547561407,0.00012924121983814985,-3.9242906495928764e-05,7.94416266103326e-09,-9.13929876222852e-10,0.042881689965724945,-8.668261131106192e-08,0.0005271430709399283,0.00012056442210450768,-1.968876131286379e-05,2.237557250595046e-09,-4.87442475272104e-10,,,,,,,,,,,,
0.7200000000000001,grasp,,,,,,,,,,,,,,,,,,,,,0.00010147002467419952,0.0010823813499882817,0.00012907710333820432,-7.109833677532151e-05,1.332005808762915e-06,-8.92337581603897e-09,0.042881689965724945,0.00021408922926511825,0.0005883277547408968,0.00024326681404429056,-8.522683553767563e-05,1.9885335407510055e-06,-3.962023021293411e-10,,,,,,,,,,,,
0.74,grasp,,,,,,,,,,,,,,,,,,,,,0.00015494925901293755,0.0010990580776706338,0.00012906425399705768,-8.75216064741835e-05,1.3423450582195073e-06,2.1265074146015195e-09,0.042881689965724945,0.00021408922926511825,0.0005883277547408968,0.00024326681404429056,-8.522683553767563e-05,1.9885335407510055e-06,-3.962023021293411e-10,,,,,,,,,,,,
0.76,grasp,,,,,,,,,,,,,,,,,,,,,0.0008770765853114426,0.0013064644299447536,0.00012745267304126173,-0.0003099523310083896,1.0505129466764629e-05,-5.13182847328153e-08,0.042881689965724945,0.0016568995713921973,0.00100050250974175,0.0010698597246429217,-0.0005267284330606299,1.5369349016720718e-05,2.184434542125798e-10,,,,,,,,,,,,
0.78,grasp,,,,,,,,,,,,,,,,,,,,,0.0012511201202869415,0.0014147984329611063,0.00012742067337967455,-0.0004246453754603863,1.067490393324988e-05,2.3327077158796783e-08,0.042881689965724945,0.0016568995713921973,0.00100050250974175,0.0010698597246429217,-0.0005267284330606299,1.5369349016720718e-05,2.184434542125798e-10,,,,,,,,,,,,
0.8,grasp,,,,,,,,,,,,,,,,,,,,,0.003258670913055539,0.0020083324052393436,0.0005179362487979233,-0.0010406699730083346,3.529989771777764e-05,-1.0811442052727216e-07,0.042881689965724945,0.005407100564132285,0.002071837441303078,0.003218366012979486,-0.001674294237553337,5.0149212927755794e-05,1.8160512684274774e-09,,,,,,,,,,,,
0.8200000000000001,grasp,,,,,,,,,,,,,,,,,,,,,0.004298170562833548,0.0023024887777864933,0.0007967570563778281,-0.0013575804186984897,3.6414206988411024e-05,8.334168200008207e-08,0.042881689965724945,0.005407100564132285,0.002071837441303078,0.003218366012979486,-0.001674294237553337,5.0149212927755794e-05,1.8160512684274774e-09,,,,,,,,,,,,
0.8400000000000001,grasp,,,,,,,,,,,,,,,,,,,,,0.008211348205804825,0.003420279361307621,0.00285665737465024,-0.002556542167440057,8.363861707039177e-05,-1.5581491652483237e-07,0.042881689965724945,0.012388025129601335,0.004062270942060401,0.007216028445323602,-0.0038104323934614174,0.00011489016302707992,4.789917313052018e-09,,,,,,,,,,,,
0.8600000000000001,grasp,,,,,,,,,,,,,,,,,,,,,0.010236995294690132,0.003986409865319729,0.00395832909271121,-0.0031740202102810144,8.692638220964e-05,1.9274563101134845e-07,0.042881689965724945,0.012388025129601335,0.004062270942060401,0.007216028445323602,-0.0038104323934614174,0.00011489016302707992,4.789917313052018e-09,,,,,,,,,,,,
0.8800000000000001,grasp,,,,,,,,,,,,,,,,,,,,,0.016597930341959,0.005797560326755047,0.00753078144043684,-0.005122767761349678,0.0001631381455808878,-1.847844401936527e-07,0.042881689965724945,0.023379026635097337,0.00717560713985436,0.013500800415121555,-0.007173466910780808,0.00021681483221171235,9.471812050128546e-09,,,,,,,,,,,,
0.9,grasp,,,,,,,,,,,,,,,,,,,,,0.019889870658516884,0.006715077906847,0.009430212900042534,-0.006126439664512873,0.0001698846317594871,3.52083986854268e-07,0.042881689965724945,0.023379026635097337,0.00717560713985436,0.013500800415121555,-0.007173466910780808,0.00021681483221171235,9.471812050128546e-09,,,,,,,,,,,,
0.92,grasp,,,,,,,,,,,,,,,,,,,,,0.029155336320400238,0.009326452389359474,0.014671491459012032,-0.008964764885604382,0.0002805281546898186,-1.9169912945926626e-07,0.042881689965724945,0.039026407750617866,0.011552690303903662,0.022423096008559948,-0.01196079656853239,0.0003619049890034319,1.613650633462202e-08,,,,,,,,,,,,
0.9400000000000001,grasp,,,,,,,,,,,,,,,,,,,,,0.033949609845876694,0.010650251060724258,0.01745358668267727,-0.01042662002146244,0.0002919255057349801,5.583272582043719e-07,0.042881689965724945,0.039026407750617866,0.011552690303903662,0.022423096008559948,-0.01196079656853239,0.0003619049890034319,1.613650633462202e-08,,,,,,,,,,,,
0.9600000000000001,grasp,,,,,,,,,,,,,,,,,,,,,0.04649271070957184,0.014128661714494228,0.024535046890378,-0.014268500730395317,0.0004414734139572829,-1.7560813603267889e-07,0.042881689965724945,0.05985031670467652,0.01727393789395005,0.03425022055876676,-0.018331009999614224,0.0005549654994729729,2.5004712686162725e-08,,,,,,,,,,,,
0.98,grasp,,,,,,,,,,,,,,,,,,,,,0.05298209190368652,0.01589246466755867,0.02829054184257984,-0.016247261315584183,0.00045855631469748914,8.069202976912493e-07,0.042881689965724945,0.05985031670467652,0.01727393789395005,0.03425022055876676,-0.018331009999614224,0.0005549654994729729,2.5004712686162725e-08,,,,,,,,,,,,
1.0,grasp,,,,,,,,,,,,,,,,,,,,,0.06909047812223434,0.020279794931411743,0.03735298663377762,-0.021180497482419014,0.0006504455814138055,-1.3581789914951514e-07,0.042881689965724945,0.08624031219270581,0.024389018690900332,0.049179460145270505,-0.026402790143256846,0.0007995911606091094,3.624156216431664e-08,,,,,,,,,,,,
1.02,grasp,,,,,,,,,,,,,,,,,,,,,0.07742352783679962,0.022504793480038643,0.04215583950281143,-0.02372136153280735,0.0006741059478372335,1.0924906064246898e-06,0.042881689965724945,0.08624031219270581,0.024389018690900332,0.049179460145270505,-0.026402790143256846,0.0007995911606091094,3.624156216431664e-08,,,,,,,,,,,,
1.04,grasp,,,,,,,,,,,,,,,,,,,,,0.09729640185832977,0.027837667614221573,0.05330488458275795,-0.029806796461343765,0.0009106966899707913,-7.219883713105446e-08,0.042881689965724945,0.11845004162722726,0.03295034101787031,0.0673521944588688,-0.03625358161924556,0.0010981263021426868,4.995475810875665e-08,,,,,,,,,,,,
1.06,grasp,,,,,,,,,,,,,,,,,,,,,0.107575923204422,0.030542554333806038,0.059210147708654404,-0.03294111788272858,0.0009416696848347783,1.4091563116380712e-06,0.042881689965724945,0.11845004162722726,0.03295034101787031,0.0673521944588688,-0.03625358161924556,0.0010981263021426868,4.995475810875665e-08,,,,,,,,,,,,
1.08,grasp,,,,,,,,,,,,,,,,,,,,,0.13133198022842407,0.03684671223163605,0.07251324504613876,-0.040215060114860535,0.001224340288899839,1.3220596173368904e-08,0.042881689965724945,0.15661541905715998,0.04299088437143896,0.0888497917488522,-0.04792491991494308,0.0014518269756098436,6.62019989270638e-08,,,,,,,,,,,,
1.1,grasp,,,,,,,,,,,,,,,,,,,,,0.1436191350221634,0.04004473239183426,0.07955560833215714,-0.043961524963378906,0.0012632126454263926,1.7501947695564013e-06,0.042881689965724945,0.15661541905715998,0.04299088437143896,0.0888497917488522,-0.04792491991494308,0.0014518269756098436,6.62019989270638e-08,,,,,,,,,,,,
1.12,grasp,,,,,,,,,,,,,,,,,,,,,0.17130686342716217,0.04732481390237808,0.09503909945487976,-0.052438732236623764,0.0015924880281090736,1.1904129593176549e-07,0.042881689965724945,0.20077145297683335,0.05450625423814956,0.11368904005692891,-0.06142739107947334,0.0018610137721232496,8.499801309902923e-08,,,,,,,,,,,,
1.1400000000000001,grasp,,,,,,,,,,,,,,,,,,,,,0.1856265515089035,0.05101854354143143,0.10323135554790497,-0.05680498480796814,0.001639701658859849,2.1086812012072187e-06,0.042881689965724945,0.20077145297683335,0.05450625423814956,0.11368904005692891,-0.06142739107947334,0.0018610137721232496,8.499801309902923e-08,,,,,,,,,,,,
1.1600000000000001,grasp,,,,,,,,,,,,,,,,,,,,,0.2172255516052246,0.0592709444463253,0.12088454514741898,-0.06647922098636627,0.0020152402576059103,2.433325505535322e-07,0.042881689965724945,0.25084932082719746,0.06748668273972111,0.14183232075237087,-0.07674001776899017,0.002325054238608138,1.0631370836531353e-07,,,,,,,,,,,,
1.1800000000000002,grasp,,,,,,,,,,,,,,,,,,,,,0.23356693983078003,0.0634588822722435,0.13021959364414215,-0.0714619904756546,0.002071106806397438,2.47840148404066e-06,0.042881689965724945,0.25084932082719746,0.06748668273972111,0.14183232075237087,-0.07674001776899017,0.002325054238608138,1.0631370836531353e-07,,,,,,,,,,,,
1.2000000000000002,grasp,,,,,,,,,,,,,,,,,,,,,0.2689965069293976,0.07265964150428772,0.1499965339899063,-0.08230841904878616,0.002491844817996025,3.833843891243305e-07,0.042881689965724945,0.3066932400181175,0.08188507771042648,0.17318943925069163,-0.09381505564135542,0.002842499720955079,1.3008255363704647e-07,,,,,,,,,,,,
1.2200000000000002,grasp,,,,,,,,,,,,,,,,,,,,,0.2873176038265228,0.07732994109392166,0.16044877469539642,-0.0878949835896492,0.0025565442629158497,2.8520453270175494e-06,0.042881689965724945,0.3066932400181175,0.08188507771042648,0.17318943925069163,-0.09381505564135542,0.002842499720955079,1.3008255363704647e-07,,,,,,,,,,,,
1.2400000000000002,grasp,,,,,,,,,,,,,,,,,,,,,0.32643958926200867,0.08744069188833237,0.18227240443229675,-0.09987124055624008,0.0030206770170480013,5.364523190110049e-07,0.042881689965724945,0.3680623399423676,0.0976357624078678,0.20762482331472995,-0.11257861144907,0.0034111075889169482,1.5620155671648464e-07,,,,,,,,,,,,
1.26,grasp,,,,,,,,,,,,,,,,,,,,,0.34666869044303894,0.0925740897655487,0.19379962980747223,-0.10603968054056168,0.003094280371442437,3.223470002922113e-06,0.042881689965724945,0.3680623399423676,0.0976357624078678,0.20762482331472995,-0.11257861144907,0.0034111075889169482,1.5620155671648464e-07,,,,,,,,,,,,
1.28,grasp,,,,,,,,,,,,,,,,,,,,,0.3892914056777954,0.1035483255982399,0.2175649255514145,-0.11908705532550812,0.003599361749365926,6.999390507189673e-07,0.042881689965724945,0.43463605685577117,0.11466424829319163,0.24496196937029904,-0.13293270171283256,0.004027910787177855,1.8453443788616672e-07,,,,,,,,,,,,
1.3,grasp,,,,,,,,,,,,,,,,,,,,,0.41132938861846924,0.10912149399518967,0.23011013865470886,-0.12580710649490356,0.0036818208172917366,3.585940021366696e-06,0.042881689965724945,0.43463605685577117,0.11466424829319163,0.24496196937029904,-0.13293270171283256,0.004027910787177855,1.8453443788616672e-07,,,,,,,,,,,,
1.32,grasp,,,,,,,,,,,,,,,,,,,,,0.4572155773639679,0.12089604139328003,0.25568482279777527,-0.1398528665304184,0.004224866162985563,8.705717959855974e-07,0.042881689965724945,0.5060292266770924,0.13286639234700706,0.2849833766386621,-0.15475952484508107,0.004689349937822577,2.1491762511984276e-07,,,,,,,,,,,,
1.34,grasp,,,,,,,,,,,,,,,,,,,,,0.4809392988681793,0.12687720358371735,0.26917675137519836,-0.14708712697029114,0.004316035658121109,3.932786512450548e-06,0.042881689965724945,0.5060292266770924,0.13286639234700706,0.2849833766386621,-0.15475952484508107,0.004689349937822577,2.1491762511984276e-07,,,,,,,,,,,,
1.36,grasp,,,,,,,,,,,,,,,,,,,,,0.5298076272010803,0.13938288390636444,0.2964056432247162,-0.1620451807975769,0.004893538076430559,1.0433656143504777e-06,0.042881689965724945,0.5817916553816437,0.1521342508416179,0.3274391055099071,-0.17792150945354326,0.005391260204935491,2.4715989657482175e-07,,,,,,,,,,,,
1.3800000000000001,grasp,,,,,,,,,,,,,,,,,,,,,0.5550718307495117,0.14573688805103302,0.310761421918869,-0.16974936425685883,0.004993143025785685,4.2566980482661165e-06,0.042881689965724945,0.5817916553816437,0.1521342508416179,0.3274391055099071,-0.17792150945354326,0.005391260204935491,2.4715989657482175e-07,,,,,,,,,,,,
1.4,grasp,,,,,,,,,,,,,,,,,,,,,0.6066051721572876,0.1588928997516632,0.33946797251701355,-0.18552261590957642,0.005601145792752504,1.218184593199112e-06,0.042881689965724945,0.6614213294161242,0.1723399297080897,0.37204810138022243,-0.20226519006510463,0.006128989849374733,2.8104757921493906e-07,,,,,,,,,,,,
1.42,grasp,,,,,,,,,,,,,,,,,,,,,0.6332454085350037,0.16557903587818146,0.3545936048030853,-0.19364650547504425,0.005708813667297363,4.554467977868626e-06,0.042881689965724945,0.6614213294161242,0.1723399297080897,0.37204810138022243,-0.20226519006510463,0.006128989849374733,2.8104757921493906e-07,,,,,,,,,,,,
1.44,grasp,,,,,,,,,,,,,,,,,,,,,0.6870932579040527,0.17929717898368835,0.38458332419395447,-0.2101278454065323,0.006342997774481773,1.3893791219743434e-06,0.042881689965724945,0.7443693542727449,0.19334605135548788,0.41850330764412885,-0.22762293296781966,0.00689745614236992,3.1634731817725785e-07,,,,,,,,,,,,
1.46,grasp,,,,,,,,,,,,,,,,,,,,,0.7149282693862915,0.18627046048641205,0.40037551522254944,-0.21861638128757477,0.0064582484774291515,4.820555659534875e-06,0.042881689965724945,0.7443693542727449,0.19334605135548788,0.41850330764412885,-0.22762293296781966,0.00689745614236992,3.1634731817725785e-07,,,,,,,,,,,,
1.48,grasp,,,,,,,,,,,,,,,,,,,,,0.770713210105896,0.20045717060565948,0.43143850564956665,-0.23569034039974213,0.007114011328667402,1.554237542222836e-06,0.042881689965724945,0.830047041396841,0.21500867880872704,0.4664761600565783,-0.2538151145764236,0.007691218315186836,3.528090514218388e-07,,,,,,,,,,,,
1.5,grasp,,,,,,,,,,,,,,,,,,,,,0.7995477914810181,0.207670196890831,0.4477863907814026,-0.2444840371608734,0.007236236706376076,5.051212610851508e-06,0.042881689965724945,0.830047041396841,0.21500867880872704,0.4664761600565783,-0.2538151145764236,0.007691218315186836,3.528090514218388e-07,,,,,,,,,,,,
1.52,grasp,,,,,,,,,,,,,,,,,,,,,0.8568694591522217,0.22222481667995453,0.4796998202800751,-0.26202836632728577,0.007908725179731846,1.7091923609768855e-06,0.042881689965724945,0.9178357486414213,0.23717179182752332,0.5156196674803564,-0.28065284429495374,0.008504552301798179,3.901699010709339e-07,,,,,,,,,,,,
1.54,grasp,,,,,,,,,,,,,,,,,,,,,0.8864967226982117,0.22962628304958344,0.49648600816726685,-0.2710641324520111,0.008037266321480274,5.238053745415527e-06,0.042881689965724945,0.9178357486414213,0.23717179182752332,0.5156196674803564,-0.28065284429495374,0.008504552301798179,3.901699010709339e-07,,,,,,,,,,,,
1.56,grasp,,,,,,,,,,,,,,,,,,,,,0.9449373483657837,0.2444448620080948,0.5290171504020691,-0.28895097970962524,0.008721450343728065,1.8490156890038634e-06,0.042881689965724945,1.007091874254829,0.2596766591694934,0.5655740261003289,-0.30793957719613446,0.009331497067276776,4.2815610683651253e-07,,,,,,,,,,,,
1.58,grasp,,,,,,,,,,,,,,,,,,,,,0.9751410484313965,0.25198179483413696,0.546119213104248,-0.2981632351875305,0.008855508640408516,5.3800176829099655e-06,0.042881689965724945,1.007091874254829,0.2596766591694934,0.5655740261003289,-0.30793957719613446,0.009331497067276776,4.2815610683651253e-07,,,,,,,,,,,,
1.6,grasp,,,,,,,,,,,,,,,,,,,,,1.0342707633972168,0.2669578194618225,0.5790287256240845,-0.3162612318992615,0.009546236135065556,1.975382929231273e-06,0.042881689965724945,1.0971551900621173,0.2823608118382445,0.6159703724089406,-0.3354738257260414,0.01016593640457094,4.6648661326780756e-07,,,,,,,,,,,,
1.62,grasp,,,,,,,,,,,,,,,,,,,,,1.0648282766342163,0.2745758891105652,0.5963214039802551,-0.3255820572376251,0.009684933349490166,5.476875685417326e-06,0.042881689965724945,1.0971551900621173,0.2823608118382445,0.6159703724089406,-0.3354738257260414,0.01016593640457094,4.6648661326780756e-07,,,,,,,,,,,,
1.6400000000000001,grasp,,,,,,,,,,,,,,,,,,,,,1.124207854270935,0.2896000146865845,0.6293651461601257,-0.34375694394111633,0.010376999154686928,2.0824852526857285e-06,0.042881689965724945,1.1873569531015247,0.30505835415353205,0.6664345693454753,-0.36305141296290405,0.01100167669042562,5.048767378034058e-07,,,,,,,,,,,,
1.6600000000000001,grasp,,,,,,,,,,,,,,,,,,,,,1.1548928022384644,0.2972433865070343,0.6467206478118896,-0.35311755537986755,0.010519346222281456,5.5269570111704525e-06,0.042881689965724945,1.1873569531015247,0.30505835415353205,0.6664345693454753,-0.36305141296290405,0.01100167669042562,5.048767378034058e-07,,,,,,,,,,,,
1.6800000000000002,grasp,,,,,,,,,,,,,,,,,,,,,1.2140814065933228,0.31220611929893494,0.6796532273292542,-0.37123459577560425,0.011207619681954384,2.1705252493120497e-06,0.042881689965724945,1.2770267053210114,0.32760302265552793,0.7165921509379782,-0.39046763374473503,0.011832518436162412,5.430418365254826e-07,,,,,,,,,,,,
1.7000000000000002,grasp,,,,,,,,,,,,,,,,,,,,,1.244666337966919,0.3198191225528717,0.6969429850578308,-0.3805653154850006,0.01135255116969347,5.53052086615935e-06,0.042881689965724945,1.2770267053210114,0.32760302265552793,0.7165921509379782,-0.39046763374473503,0.011832518436162412,5.430418365254826e-07,,,,,,,,,,,,
1.7200000000000002,grasp,,,,,,,,,,,,,,,,,,,,,1.303226113319397,0.33461111783981323,0.7295210361480713,-0.39849036931991577,0.012031935155391693,2.2397227894543903e-06,0.042881689965724945,1.3654998676329608,0.34983031075057286,0.7660724724122748,-0.4175190469604234,0.01265229888244764,5.806986531492629e-07,,,,,,,,,,,,
1.7400000000000002,grasp,,,,,,,,,,,,,,,,,,,,,1.3334836959838867,0.3421378433704376,0.7466176152229309,-0.407722145318985,0.012178311124444008,5.4913498388486914e-06,0.042881689965724945,1.3654998676329608,0.34983031075057286,0.7660724724122748,-0.4175190469604234,0.01265229888244764,5.806986531492629e-07,,,,,,,,,,,,
1.7600000000000002,grasp,,,,,,,,,,,,,,,,,,,,,1.3909814357757568,0.35665163397789,0.7786014080047607,-0.4253225326538086,0.01284380815923214,2.291195642101229e-06,0.042881689965724945,1.4521249897369255,0.37157910134820316,0.8145131692052459,-0.4440062324741615,0.013454972839770244,6.175695535589541e-07,,,,,,,,,,,,
1.7800000000000002,grasp,,,,,,,,,,,,,,,,,,,,,1.420689344406128,0.3640373945236206,0.7953799366950989,-0.43438705801963806,0.01299049612134695,5.406713626143755e-06,0.042881689965724945,1.4521249897369255,0.37157910134820316,0.8145131692052459,-0.4440062324741615,0.013454972839770244,6.175695535589541e-07,,,,,,,,,,,,
1.8000000000000003,grasp,,,,,,,,,,,,,,,,,,,,,1.4767051935195923,0.3781684637069702,0.8265368342399597,-0.4515342116355896,0.013637375086545944,2.3195550511445617e-06,0.042881689965724945,1.5362716297561145,0.39269281024896646,0.861563819559916,-0.4697363447065518,0.014234696424244204,6.533860796426827e-07,,,,,,,,,,,,
1.8200000000000003,grasp,,,,,,,,,,,,,,,,,,,,,1.5056453943252563,0.38535985350608826,0.8428761959075928,-0.4603653848171234,0.013783115893602371,5.280020104692085e-06,0.042881689965724945,1.5362716297561145,0.39269281024896646,0.861563819559916,-0.4697363447065518,0.014234696424244204,6.533860796426827e-07,,,,,,,,,,,,
1.8399999999999999,grasp,,,,,,,,,,,,,,,,,,,,,1.5597763061523438,0.3990076780319214,0.872983455657959,-0.47693607211112976,0.014406850561499596,2.3266813968803035e-06,0.042881689965724945,1.617337580068126,0.41302202710426966,0.9068903531808105,-0.4945252101904296,0.014985905629264974,6.878926794407532e-07,,,,,,,,,,,,
1.8599999999999999,grasp,,,,,,,,,,,,,,,,,,,,,1.5877418518066406,0.4059534966945648,0.8887669444084167,-0.48547014594078064,0.01455041952431202,5.1147617341484874e-06,0.042881689965724945,1.617337580068126,0.41302202710426966,0.9068903531808105,-0.4945252101904296,0.014985905629264974,6.878926794407532e-07,,,,,,,,,,,,
1.88,grasp,,,,,,,,,,,,,,,,,,,,,1.6396063566207886,0.4190228581428528,0.9176139831542969,-0.5013473033905029,0.015146794728934765,2.3155075723479968e-06,0.042881689965724945,1.6947566038351531,0.4324260332821763,0.9501789160989579,-0.5181996724121053,0.015703376164590284,7.208490873484667e-07,,,,,,,,,,,,
1.9,grasp,,,,,,,,,,,,,,,,,,,,,1.666399598121643,0.4256744086742401,0.9327322840690613,-0.5095244646072388,0.015286926180124283,4.916212674288545e-06,0.042881689965724945,1.6947566038351531,0.4324260332821763,0.9501789160989579,-0.5181996724121053,0.015703376164590284,7.208490873484667e-07,,,,,,,,,,,,
1.92,grasp,,,,,,,,,,,,,,,,,,,,,1.715643286705017,0.43807679414749146,0.9601243734359741,-0.5245997905731201,0.015852047130465508,2.2873473426443525e-06,0.042881689965724945,1.7680054231073197,0.45077476646473835,0.9911407452220125,-0.5406001716125934,0.01638225249354056,7.520328456127102e-07,,,,,,,,,,,,
1.94,grasp,,,,,,,,,,,,,,,,,,,,,1.7410809993743896,0.4443889856338501,0.9744752645492554,-0.5323638319969177,0.015987545251846313,4.688665740104625e-06,0.042881689965724945,1.7680054231073197,0.45077476646473835,0.9911407452220125,-0.5406001716125934,0.01638225249354056,7.520328456127102e-07,,,,,,,,,,,,
1.96,grasp,,,,,,,,,,,,,,,,,,,,,1.786385416984558,0.45660656690597534,0.9996694922447205,-0.5454086065292358,0.016473187133669853,2.2910635379957967e-06,0.042881689965724945,1.8345575119893693,0.4691198770472533,1.0283416353989725,-0.5592508640306281,0.016930259454606036,7.878125396467339e-07,,,,,,,,,,,,
1.98,grasp,,,,,,,,,,,,,,,,,,,,,1.8097867965698242,0.46283629536628723,1.012861728668213,-0.5521267652511597,0.016584424301981926,4.392509708850412e-06,0.042881689965724945,1.8345575119893693,0.4691198770472533,1.0283416353989725,-0.5592508640306281,0.016930259454606036,7.878125396467339e-07,,,,,,,,,,,,
2.0,grasp,,,,,,,,,,,,,,,,,,,,,1.8246852159500122,0.48961639404296875,1.0207734107971191,-0.5331882238388062,0.015819579362869263,3.6864473713649204e-06,0.042881689965724945,1.8404887645463157,0.5178352142424757,1.0308399696270165,-0.5130438928998616,0.015087820453771493,9.948870189451862e-07,,,,,,,,,,,,
2.02,grasp,,,,,,,,,,,,,,,,,,,,,1.8323609828948975,0.5035777688026428,1.0247961282730103,-0.5234317183494568,0.015427161939442158,3.2440905215480598e-06,0.042881689965724945,1.8404887645463157,0.5178352142424757,1.0308399696270165,-0.5130438928998616,0.015087820453771493,9.948870189451862e-07,,,,,,,,,,,,
2.04,grasp,,,,,,,,,,,,,,,,,,,,,1.8353533744812012,0.5343226790428162,1.0259203910827637,-0.4938000440597534,0.014292594976723194,2.658565790625289e-06,0.042881689965724945,1.8385260328686572,0.5666357589094251,1.0289003885218944,-0.4622912361276777,0.01312390044072085,1.203793720376815e-06,,,,,,,,,,,,
2.06,grasp,,,,,,,,,,,,,,,,,,,,,1.8368923664093018,0.5503177046775818,1.0264230966567993,-0.47853463888168335,0.013714615255594254,2.213984316767892e-06,0.042881689965724945,1.8385260328686572,0.5666357589094251,1.0289003885218944,-0.4622912361276777,0.01312390044072085,1.203793720376815e-06,,,,,,,,,,,,
2.08,grasp,,,,,,,,,,,,,,,,,,,,,1.8368324041366577,0.5797955989837646,1.0258654356002808,-0.4484633207321167,0.012566732242703438,1.9307217371533625e-06,0.042881689965724945,1.8367602907973142,0.6106762089683745,1.0271554602095865,-0.4164867452840076,0.011357029016614652,1.391738268924894e-06,,,,,,,,,,,,
2.1,grasp,,,,,,,,,,,,,,,,,,,,,1.8370164632797241,0.5950706601142883,1.0254946947097778,-0.4329720735549927,0.011499647982418537,5.974840678391047e-05,0.042881689965724945,1.8367602907973142,0.6106762089683745,1.0271554602095865,-0.4164867452840076,0.011357029016614652,1.391738268924894e-06,,,,,,,,,,,,
2.12,grasp,,,,,,,,,,,,,,,,,,,,,1.8364253044128418,0.6218013167381287,1.024538516998291,-0.40526676177978516,0.009989568963646889,0.00010761263547465205,0.042881689965724945,1.8351925489447933,0.6497961857238621,1.0256067550002115,-0.3757993538233388,0.009788620427462296,1.5585748647790968e-06,,,,,,,,,,,,
2.14,grasp,,,,,,,,,,,,,,,,,,,,,1.8358958959579468,0.6357144117355347,1.0239973068237305,-0.39099231362342834,0.009732683189213276,7.45298239053227e-05,0.042881689965724945,1.8351925489447933,0.6497961857238621,1.0256067550002115,-0.3757993538233388,0.009788620427462296,1.5585748647790968e-06,,,,,,,,,,,,
2.16,grasp,,,,,,,,,,,,,,,,,,,,,1.8350589275360107,0.6593164801597595,1.0231400728225708,-0.36643749475479126,0.008725585415959358,8.06036769063212e-05,0.042881689965724945,1.833824593910386,0.683909131295051,1.0242556846118376,-0.3403202118061299,0.008420307086108829,1.7041263304329545e-06,,,,,,,,,,,,
2.18,grasp,,,,,,,,,,,,,,,,,,,,,1.8344676494598389,0.6715789437294006,1.0226367712020874,-0.353786438703537,0.008581139147281647,4.152963447268121e-05,0.042881689965724945,1.833824593910386,0.683909131295051,1.0242556846118376,-0.3403202118061299,0.008420307086108829,1.7041263304329545e-06,,,,,,,,,,,,
2.2,grasp,,,,,,,,,,,,,,,,,,,,,1.8338819742202759,0.6918723583221436,1.0221967697143555,-0.33259347081184387,0.007316969335079193,9.263824176741764e-05,0.042881689965724945,1.8326560743216498,0.7130085496473453,1.023101477320807,-0.31005636846368134,0.007251592927279363,1.8284439750424866e-06,,,,,,,,,,,,
2.22,grasp,,,,,,,,,,,,,,,,,,,,,1.8339734077453613,0.7023265957832336,1.0222095251083374,-0.3216747045516968,0.005732603371143341,0.00022047359379939735,0.042881689965724945,1.8326560743216498,0.7130085496473453,1.023101477320807,-0.31005636846368134,0.007251592927279363,1.8284439750424866e-06,,,,,,,,,,,,
2.24,grasp,,,,,,,,,,,,,,,,,,,,,1.8335310220718384,0.7194019556045532,1.0218358039855957,-0.3038642108440399,0.004426661878824234,0.00029155201627872884,0.042881689965724945,1.8316830627175038,0.7371744108430076,1.0221407052865594,-0.2849244406557393,0.006278898430258595,1.931911139031604e-06,,,,,,,,,,,,
2.2600000000000002,grasp,,,,,,,,,,,,,,,,,,,,,1.833200454711914,0.7282614707946777,1.0215848684310913,-0.29468879103660583,0.003996915649622679,0.000300775864161551,0.042881689965724945,1.8316830627175038,0.7371744108430076,1.0221407052865594,-0.2849244406557393,0.006278898430258595,1.931911139031604e-06,,,,,,,,,,,,
2.2800000000000002,grasp,,,,,,,,,,,,,,,,,,,,,1.8326226472854614,0.7421864867210388,1.0211031436920166,-0.28017833828926086,0.0034730390179902315,0.00029664483736269176,0.042881689965724945,1.830899002497679,0.7565796114936273,1.021366377553392,-0.2647442336123391,0.005495280122669094,2.0152670431299137e-06,,,,,,,,,,,,
2.3000000000000003,grasp,,,,,,,,,,,,,,,,,,,,,1.832202672958374,0.7494388818740845,1.0205854177474976,-0.272704541683197,0.0034516791347414255,0.0002677982847671956,0.042881689965724945,1.830899002497679,0.7565796114936273,1.021366377553392,-0.2647442336123391,0.005495280122669094,2.0152670431299137e-06,,,,,,,,,,,,
2.3200000000000003,grasp,,,,,,,,,,,,,,,,,,,,,1.831627607345581,0.7603813409805298,1.0198713541030884,-0.2613358795642853,0.0033177745062857866,0.0002321015199413523,0.042881689965724945,1.83029338587978,0.7714964816213998,1.0207684222710824,-0.24923244240586676,0.004890108969750212,2.0796430126191287e-06,,,,,,,,,,,,
2.3400000000000003,grasp,,,,,,,,,,,,,,,,,,,,,1.831470251083374,0.7660091519355774,1.0195386409759521,-0.2554798722267151,0.0029498327057808638,0.00024329313600901514,0.042881689965724945,1.83029338587978,0.7714964816213998,1.0207684222710824,-0.24923244240586676,0.004890108969750212,2.0796430126191287e-06,,,,,,,,,,,,
2.36,grasp,,,,,,,,,,,,,,,,,,,,,1.8313777446746826,0.7741033434867859,1.0196701288223267,-0.24701008200645447,0.0018128069350495934,0.00033821375109255314,0.042881689965724945,1.8298516738911503,0.7823027483050387,1.0203322308681781,-0.237995855036185,0.004448809067233383,2.1265883494470272e-06,,,,,,,,,,,,
2.38,grasp,,,,,,,,,,,,,,,,,,,,,1.831324815750122,0.7782719731330872,1.0196936130523682,-0.24264855682849884,0.0013445160584524274,0.00037101030466146767,0.042881689965724945,1.8298516738911503,0.7823027483050387,1.0203322308681781,-0.237995855036185,0.004448809067233383,2.1265883494470272e-06,,,,,,,,,,,,
2.4,grasp,,,,,,,,,,,,,,,,,,,,,1.8309944868087769,0.7839202284812927,1.0192492008209229,-0.23678287863731384,0.0014181546866893768,0.00033168046502396464,0.042881689965724945,1.829553478753393,0.7894889995260418,1.0200378773989545,-0.23052610937779627,0.004150937871219282,2.1582766862287735e-06,,,,,,,,,,,,
2.42,grasp,,,,,,,,,,,,,,,,,,,,,1.8308026790618896,0.7868428826332092,1.0192234516143799,-0.23375724256038666,0.0013993174070492387,0.00032608816400170326,0.042881689965724945,1.829553478753393,0.7894889995260418,1.0200378773989545,-0.23052610937779627,0.004150937871219282,2.1582766862287735e-06,,,,,,,,,,,,
2.44,grasp,,,,,,,,,,,,,,,,,,,,,1.8308299779891968,0.7903167605400085,1.0192309617996216,-0.2300986498594284,0.0008398898644372821,0.00037113294820301235,0.042881689965724945,1.8293764242466897,0.7936628104408611,1.0198630617246252,-0.22619063416477114,0.003974117491287903,2.177087791241362e-06,,,,,,,,,,,,
2.46,grasp,,,,,,,,,,,,,,,,,,,,,1.8305871486663818,0.7921749949455261,1.0187889337539673,-0.2282162308692932,0.0011932633351534605,0.0003191022260580212,0.042881689965724945,1.8293764242466897,0.7936628104408611,1.0198630617246252,-0.22619063416477114,0.003974117491287903,2.177087791241362e-06,,,,,,,,,,,,
2.48,grasp,,,,,,,,,,,,,,,,,,,,,1.8305176496505737,0.7940183877944946,1.0186251401901245,-0.22629378736019135,0.0010911038843914866,0.00032377734896726906,0.042881689965724945,1.8292952423073066,0.7955548893665918,1.0197829153497604,-0.22422602186061277,0.003893041468098429,2.1857132285382926e-06,,,,,,,,,,,,
2.5,grasp,,,,,,,,,,,,,,,,,,,,,1.8302184343338013,0.7950443029403687,1.0182439088821411,-0.22530332207679749,0.0016679635737091303,0.00025475665461272,0.042881689965724945,1.8292952423073066,0.7955548893665918,1.0197829153497604,-0.22422602186061277,0.003893041468098429,2.1857132285382926e-06,,,,,,,,,,,,
2.52,grasp,,,,,,,,,,,,,,,,,,,,,1.8302249908447266,0.7957473397254944,1.0183581113815308,-0.22455334663391113,0.0015584974316880107,0.0002648970403242856,0.042881689965724945,1.8292748138748667,0.7960279742501004,1.0197627870519437,-0.2237348036872169,0.0038727163636530417,2.1878754532832733e-06,,,,,,,,,,,,
2.5356712540562687,grasp,,,,,,,,,,,,,,,,,,,,,1.8302242755889893,0.7961201667785645,1.0184521675109863,-0.22416189312934875,0.001507718930952251,0.0002692506241146475,0.042881689965724945,1.8292744159698486,0.7960370779037476,1.019762396812439,-0.2237253487110138,0.0038723251782357693,2.1879170617467025e-06,,,,,,,,,,,,
2.5356712540562687,grasp,,,,,,,,,,,,,,,,,,,,,,,,,,,0.043505819514393806,,,,,,,0.0,,,,,,,,,,,
2.5556712540562687,grasp,,,,,,,,,,,,,,,,,,,,,,,,,,,0.04350435361266136,,,,,,,0.0,,,,,,,,,,,
2.5756712540562687,grasp,,,,,,,,,,,,,,,,,,,,,,,,,,,0.04348728992044926,,,,,,,0.0,,,,,,,,,,,
2.5956712540562688,grasp,,,,,,,,,,,,,,,,,,,,,,,,,,,0.04343624971807003,,,,,,,0.0,,,,,,,,,,,
2.6156712540562688,grasp,,,,,,,,,,,,,,,,,,,,,,,,,,,0.04333258233964443,,,,,,,0.0,,,,,,,,,,,
2.635671254056269,grasp,,,,,,,,,,,,,,,,,,,,,,,,,,,0.04315950348973274,,,,,,,0.0,,,,,,,,,,,
2.655671254056269,grasp,,,,,,,,,,,,,,,,,,,,,,,,,,,0.0429031066596508,,,,,,,0.0,,,,,,,,,,,
2.675671254056269,grasp,,,,,,,,,,,,,,,,,,,,,,,,,,,0.04255286976695061,,,,,,,0.0,,,,,,,,,,,
2.695671254056269,grasp,,,,,,,,,,,,,,,,,,,,,,,,,,,0.04197199456393719,,,,,,,0.0,,,,,,,,,,,
2.715671254056269,grasp,,,,,,,,,,,,,,,,,,,,,,,,,,,0.041146157309412956,,,,,,,0.0,,,,,,,,,,,
2.735671254056269,grasp,,,,,,,,,,,,,,,,,,,,,,,,,,,0.03965255245566368,,,,,,,0.0,,,,,,,,,,,
2.755671254056269,grasp,,,,,,,,,,,,,,,,,,,,,,,,,,,0.03790337219834328,,,,,,,0.0,,,,,,,,,,,
2.7756712540562685,grasp,,,,,,,,,,,,,,,,,,,,,,,,,,,0.036230387166142464,,,,,,,0.0,,,,,,,,,,,
2.795671254056269,grasp,,,,,,,,,,,,,,,,,,,,,,,,,,,0.03432425297796726,,,,,,,0.0,,,,,,,,,,,
2.8156712540562685,grasp,,,,,,,,,,,,,,,,,,,,,,,,,,,0.03245698008686304,,,,,,,0.0,,,,,,,,,,,
2.8356712540562685,grasp,,,,,,,,,,,,,,,,,,,,,,,,,,,0.030400965362787247,,,,,,,0.0,,,,,,,,,,,
2.8556712540562685,grasp,,,,,,,,,,,,,,,,,,,,,,,,,,,0.02842608094215393,,,,,,,0.0,,,,,,,,,,,
2.8756712540562686,grasp,,,,,,,,,,,,,,,,,,,,,,,,,,,0.028364972211420536,,,,,,,0.0,,,,,,,,,,,
2.8956712540562686,grasp,,,,,,,,,,,,,,,,,,,,,,,,,,,0.028333998285233974,,,,,,,0.0,,,,,,,,,,,
2.9156712540562686,grasp,,,,,,,,,,,,,,,,,,,,,,,,,,,0.02830319758504629,,,,,,,0.0,,,,,,,,,,,
2.9356712540562686,grasp,,,,,,,,,,,,,,,,,,,,,,,,,,,0.028273260220885277,,,,,,,0.0,,,,,,,,,,,
2.9556712540562686,grasp,,,,,,,,,,,,,,,,,,,,,,,,,,,0.028244449757039547,,,,,,,0.0,,,,,,,,,,,
2.9756712540562686,grasp,,,,,,,,,,,,,,,,,,,,,,,,,,,0.028217258863151073,,,,,,,0.0,,,,,,,,,,,
2.9956712540562687,grasp,,,,,,,,,,,,,,,,,,,,,,,,,,,0.02819209173321724,,,,,,,0.0,,,,,,,,,,,
3.0156712540562687,grasp,,,,,,,,,,,,,,,,,,,,,,,,,,,0.0281692361459136,,,,,,,0.0,,,,,,,,,,,
3.0356712540562687,grasp,,,,,,,,,,,,,,,,,,,,,,,,,,,0.028148877434432507,,,,,,,0.0,,,,,,,,,,,
3.0556712540562687,grasp,,,,,,,,,,,,,,,,,,,,,,,,,,,0.02813115995377302,,,,,,,0.0,,,,,,,,,,,
3.0756712540562687,grasp,,,,,,,,,,,,,,,,,,,,,,,,,,,0.02811623178422451,,,,,,,0.0,,,,,,,,,,,
3.0956712540562688,grasp,,,,,,,,,,,,,,,,,,,,,,,,,,,0.02810423169285059,,,,,,,0.0,,,,,,,,,,,
3.1156712540562688,grasp,,,,,,,,,,,,,,,,,,,,,,,,,,,0.028094971552491188,,,,,,,0.0,,,,,,,,,,,
3.135671254056269,grasp,,,,,,,,,,,,,,,,,,,,,,,,,,,0.028088269755244255,,,,,,,0.0,,,,,,,,,,,
3.155671254056269,grasp,,,,,,,,,,,,,,,,,,,,,,,,,,,0.028084038756787777,,,,,,,0.0,,,,,,,,,,,
3.175671254056269,grasp,,,,,,,,,,,,,,,,,,,,,,,,,,,0.028081635013222694,,,,,,,0.0,,,,,,,,,,,
3.195671254056269,grasp,,,,,,,,,,,,,,,,,,,,,,,,,,,0.028080694377422333,,,,,,,0.0,,,,,,,,,,,
3.215671254056269,grasp,,,,,,,,,,,,,,,,,,,,,,,,,,,0.02808057889342308,,,,,,,0.0,,,,,,,,,,,
3.215671254056269,grasp,,,,,,,,,,,,,,,,,,,,,1.8296093940734863,0.7965978980064392,1.0181994438171387,-0.22376258671283722,0.003128274343907833,0.006096515338867903,0.02808057889342308,1.8292744159698486,0.7960370779037476,1.019762396812439,-0.223725363612175,0.0038723251782357693,2.1879170617467025e-06,,,,,,,,,,,,
3.235671254056269,grasp,,,,,,,,,,,,,,,,,,,,,1.8296034336090088,0.796586275100708,1.0181889533996582,-0.2237614393234253,0.003136746119707823,0.0058417185209691525,0.02808057889342308,1.8292744159698486,0.7960370779037476,1.019762396812439,-0.223725363612175,0.0038723251782357693,2.1879170617467025e-06,,,,,,,,,,,,
3.255671254056269,grasp,,,,,,,,,,,,,,,,,,,,,1.829600214958191,0.796649158000946,1.0182859897613525,-0.2238539755344391,0.0031399372965097427,0.0057105207815766335,0.02808057889342308,1.8292744159698486,0.7961702885325788,1.02008034655588,-0.22391604400444795,0.003872323935252947,2.1887163298422097e-06,,,,,,,,,,,,
3.275671254056269,grasp,,,,,,,,,,,,,,,,,,,,,1.8295987844467163,0.79668128490448,1.0183327198028564,-0.2239016890525818,0.003141468157991767,0.0056429049000144005,0.02808057889342308,1.8292744159698486,0.7961702885325788,1.02008034655588,-0.22391604400444795,0.003872323935252947,2.1887163298422097e-06,,,,,,,,,,,,
3.295671254056269,grasp,,,,,,,,,,,,,,,,,,,,,1.8295977115631104,0.7971398234367371,1.0190376043319702,-0.22453199326992035,0.0031332068610936403,0.0056086755357682705,0.02808057889342308,1.8292744159698486,0.797037820479483,1.0221516654720852,-0.22515825286103286,0.003872314368797336,2.1939202113857803e-06,,,,,,,,,,,,
3.315671254056269,grasp,,,,,,,,,,,,,,,,,,,,,1.8295979499816895,0.7973722815513611,1.0193721055984497,-0.22485768795013428,0.003121685003861785,0.0055908868089318275,0.02808057889342308,1.8292744159698486,0.797037820479483,1.0221516654720852,-0.22515825286103286,0.003872314368797336,2.1939202113857803e-06,,,,,,,,,,,,
3.335671254056269,grasp,,,,,,,,,,,,,,,,,,,,,1.8295818567276,0.7986138463020325,1.0217232704162598,-0.2265303134918213,0.0031453289557248354,0.005579267628490925,0.02808057889342308,1.829274396829204,0.7991984612062566,1.0273261304246364,-0.22825698140991565,0.003872291027555643,2.206856041614489e-06,,,,,,,,,,,,
3.355671254056269,grasp,,,,,,,,,,,,,,,,,,,,,1.8294955492019653,0.7992172241210938,1.0231146812438965,-0.22738942503929138,0.003348677884787321,0.005567960441112518,0.02808057889342308,1.829274396829204,0.7991984612062566,1.0273261304246364,-0.22825698140991565,0.003872291027555643,2.206856041614489e-06,,,,,,,,,,,,
3.375671254056269,grasp,,,,,,,,,,,,,,,,,,,,,1.8294086456298828,0.8014053106307983,1.02817964553833,-0.23050238192081451,0.003576482180505991,0.005557633936405182,0.02808057889342308,1.829274296760559,0.8030213633930254,1.036557477487237,-0.23376364412389933,0.0038722497623899566,2.229623615212368e-06,,,,,,,,,,,,
3.395671254056269,grasp,,,,,,,,,,,,,,,,,,,,,1.829417109489441,0.8024966716766357,1.0309500694274902,-0.2321038842201233,0.0035366020165383816,0.005558560136705637,0.02808057889342308,1.829274296760559,0.8030213633930254,1.036557477487237,-0.23376364412389933,0.0038722497623899566,2.229623615212368e-06,,,,,,,,,,,,
3.415671254056269,grasp,,,,,,,,,,,,,,,,,,,,,1.8293513059616089,0.8058657646179199,1.0389111042022705,-0.23692776262760162,0.003726223250851035,0.005552220158278942,0.02808057889342308,1.8292741223506073,0.8087203660036573,1.0504295531766428,-0.24200808202129678,0.0038721889355456166,2.2633911692085516e-06,,,,,,,,,,,,
3.435671254056269,grasp,,,,,,,,,,,,,,,,,,,,,1.8293509483337402,0.8075608015060425,1.0431803464889526,-0.23941132426261902,0.0037223640829324722,0.005552401766180992,0.02808057889342308,1.8292741223506073,0.8087203660036573,1.0504295531766428,-0.24200808202129678,0.0038721889355456166,2.2633911692085516e-06,,,,,,,,,,,,
3.455671254056269,grasp,,,,,,,,,,,,,,,,,,,,,1.8293254375457764,0.8121944665908813,1.054302453994751,-0.2460852563381195,0.0038022720254957676,0.005549117922782898,0.02808057889342308,1.8292738932831434,0.8163917569786604,1.069180358339719,-0.2531321888833683,0.0038721071323858927,2.3087231350323827e-06,,,,,,,,,,,,
3.4756712540562686,grasp,,,,,,,,,,,,,,,,,,,,,1.8293476104736328,0.8145319819450378,1.060247540473938,-0.24952144920825958,0.0037591401487588882,0.005551227368414402,0.02808057889342308,1.8292738932831434,0.8163917569786604,1.069180358339719,-0.2531321888833683,0.0038721071323858927,2.3087231350323827e-06,,,,,,,,,,,,
3.495671254056269,grasp,,,,,,,,,,,,,,,,,,,,,1.829298496246338,0.8204575181007385,1.0745632648468018,-0.25806736946105957,0.0038993251509964466,0.005545623134821653,0.02808057889342308,1.8292736140758652,0.8260125124339885,1.0927540249786665,-0.26710399264532364,0.0038720046901530307,2.3654868218838526e-06,,,,,,,,,,,,
3.5156712540562687,grasp,,,,,,,,,,,,,,,,,,,,,1.8292908668518066,0.8234480023384094,1.0821888446807861,-0.26246750354766846,0.003927926532924175,0.0055448999628424644,0.02808057889342308,1.8292736140758652,0.8260125124339885,1.0927540249786665,-0.26710399264532364,0.0038720046901530307,2.3654868218838526e-06,,,,,,,,,,,,
3.5356712540562687,grasp,,,,,,,,,,,,,,,,,,,,,1.8292871713638306,0.8305968046188354,1.099493145942688,-0.2728014588356018,0.00394358579069376,0.005544354673475027,0.02808057889342308,1.8292733430862427,0.8374544680376055,1.1208418625307066,-0.28373885744596244,0.003871883015883816,2.4329230880940536e-06,,,,,,,,,,,,
3.5556712540562687,grasp,,,,,,,,,,,,,,,,,,,,,1.8292852640151978,0.8342145085334778,1.1086719036102295,-0.2781227231025696,0.003949359990656376,0.005544356536120176,0.02808057889342308,1.8292733430862427,0.8374544680376055,1.1208418625307066,-0.28373885744596244,0.003871883015883816,2.4329230880940536e-06,,,,,,,,,,,,
3.5756712540562687,grasp,,,,,,,,,,,,,,,,,,,,,1.829284429550171,0.8424758911132812,1.128672480583191,-0.29007139801979065,0.003954201936721802,0.0055440389551222324,0.02808057889342308,1.829273107797511,0.8505041672090413,1.152918686501797,-0.30272475979233315,0.0038717444561897556,2.5097820655593307e-06,,,,,,,,,,,,
3.5956712540562688,grasp,,,,,,,,,,,,,,,,,,,,,1.8292839527130127,0.8466578722000122,1.139275312423706,-0.2962244153022766,0.003954441752284765,0.0055441902950406075,0.02808057889342308,1.829273107797511,0.8505041672090413,1.152918686501797,-0.30272475979233315,0.0038717444561897556,2.5097820655593307e-06,,,,,,,,,,,,
3.6156712540562688,grasp,,,,,,,,,,,,,,,,,,,,,1.829283356666565,0.8558602333068848,1.161570429801941,-0.3095396161079407,0.003956816159188747,0.005543951876461506,0.02808057889342308,1.829272744235478,0.8648756279200376,1.1882835104042349,-0.32364508661331215,0.0038715915801660456,2.594382783838736e-06,,,,,,,,,,,,
3.635671254056269,grasp,,,,,,,,,,,,,,,,,,,,,1.8292813301086426,0.860518753528595,1.173386812210083,-0.3163963854312897,0.003959728870540857,0.005546363070607185,0.02808057889342308,1.829272744235478,0.8648756279200376,1.1882835104042349,-0.32364508661331215,0.0038715915801660456,2.594382783838736e-06,,,,,,,,,,,,
3.655671254056269,grasp,,,,,,,,,,,,,,,,,,,,,1.8292746543884277,0.870452344417572,1.1974657773971558,-0.33077263832092285,0.0039960043504834175,0.005544622428715229,0.02808057889342308,1.8292726531288992,0.880231496145668,1.2260945469911995,-0.3460052912349461,0.003871428580351227,2.6847526796555816e-06,,,,,,,,,,,,
3.675671254056269,grasp,,,,,,,,,,,,,,,,,,,,,1.8292720317840576,0.8754820823669434,1.2102136611938477,-0.33817583322525024,0.004011225886642933,0.005543724168092012,0.02808057889342308,1.8292726531288992,0.880231496145668,1.2260945469911995,-0.3460052912349461,0.003871428580351227,2.6847526796555816e-06,,,,,,,,,,,,
3.695671254056269,grasp,,,,,,,,,,,,,,,,,,,,,1.829270839691162,0.8859061002731323,1.2354899644851685,-0.35326364636421204,0.004020584747195244,0.005543340928852558,0.02808057889342308,1.829272596863437,0.8961936313346333,1.265412670074677,-0.36925251002095105,0.003871258999860845,2.778675405573011e-06,,,,,,,,,,,,
3.715671254056269,grasp,,,,,,,,,,,,,,,,,,,,,1.8292704820632935,0.8911847472190857,1.2488629817962646,-0.3610334098339081,0.004023352637887001,0.005543078295886517,0.02808057889342308,1.829272596863437,0.8961936313346333,1.265412670074677,-0.36925251002095105,0.003871258999860845,2.778675405573011e-06,,,,,,,,,,,,
3.735671254056269,grasp,,,,,,,,,,,,,,,,,,,,,1.829270601272583,0.9018404483795166,1.2747002840042114,-0.37645548582077026,0.004026533104479313,0.005542988423258066,0.02808057889342308,1.8292725968253467,0.9123606065564132,1.3052394960413884,-0.39279951749506226,0.0038710870172608868,2.873798800069109e-06,,,,,,,,,,,,
3.755671254056269,grasp,,,,,,,,,,,,,,,,,,,,,1.829270839691162,0.9072368144989014,1.2883621454238892,-0.38439735770225525,0.004026222042739391,0.005542915314435959,0.02808057889342308,1.8292725968253467,0.9123606065564132,1.3052394960413884,-0.39279951749506226,0.0038710870172608868,2.873798800069109e-06,,,,,,,,,,,,
3.775671254056269,grasp,,,,,,,,,,,,,,,,,,,,,1.8292710781097412,0.9178552031517029,1.3141028881072998,-0.39976316690444946,0.004027912858873606,0.005542890168726444,0.02808057889342308,1.8292725808577792,0.9283233964553019,1.344556873809856,-0.4160475472418997,0.0038709170913609997,2.96772649182252e-06,,,,,,,,,,,,
3.795671254056269,grasp,,,,,,,,,,,,,,,,,,,,,1.8292711973190308,0.9232332110404968,1.3277058601379395,-0.40767642855644226,0.004026916343718767,0.005542823113501072,0.02808057889342308,1.8292725808577792,0.9283233964553019,1.344556873809856,-0.4160475472418997,0.0038709170913609997,2.96772649182252e-06,,,,,,,,,,,,
3.815671254056269,grasp,,,,,,,,,,,,,,,,,,,,,1.8292717933654785,0.9335479140281677,1.3526952266693115,-0.4225974380970001,0.004028151277452707,0.0055428966879844666,0.02808057889342308,1.8292726666164238,0.9436803514130349,1.3823666721278516,-0.43840909932263483,0.0038707532237221747,3.05810414853073e-06,,,,,,,,,,,,
3.835671254056269,grasp,,,,,,,,,,,,,,,,,,,,,1.8292714357376099,0.9387722611427307,1.3658939599990845,-0.43028151988983154,0.0040270499885082245,0.005542881786823273,0.02808057889342308,1.8292726666164238,0.9436803514130349,1.3823666721278516,-0.43840909932263483,0.0038707532237221747,3.05810414853073e-06,,,,,,,,,,,,
3.855671254056269,grasp,,,,,,,,,,,,,,,,,,,,,1.8292725086212158,0.948526918888092,1.3895072937011719,-0.4443865418434143,0.004028115421533585,0.005542921368032694,0.02808057889342308,1.8292727485907265,0.9580533647080015,1.4177297888062719,-0.459331245261519,0.0038705999525874943,3.1427135946220334e-06,,,,,,,,,,,,
3.875671254056269,grasp,,,,,,,,,,,,,,,,,,,,,1.8292722702026367,0.9534681439399719,1.4019720554351807,-0.4516504108905792,0.004027173854410648,0.005542958155274391,0.02808057889342308,1.8292727485907265,0.9580533647080015,1.4177297888062719,-0.459331245261519,0.0038705999525874943,3.1427135946220334e-06,,,,,,,,,,,,
3.895671254056269,grasp,,,,,,,,,,,,,,,,,,,,,1.829272985458374,0.9624302983283997,1.4236406087875366,-0.4646010994911194,0.004028210416436195,0.00554301030933857,0.02808057889342308,1.8292728662490845,0.9711048061303176,1.4498045847029704,-0.4783193761836712,0.003870460848203893,3.2195806418637365e-06,,,,,,,,,,,,
3.915671254056269,grasp,,,,,,,,,,,,,,,,,,,,,1.8292725086212158,0.9669706225395203,1.4350711107254028,-0.47127068042755127,0.004027328919619322,0.005543079227209091,0.02808057889342308,1.8292728662490845,0.9711048061303176,1.4498045847029704,-0.4783193761836712,0.003870460848203893,3.2195806418637365e-06,,,,,,,,,,,,
3.9356712540562686,grasp,,,,,,,,,,,,,,,,,,,,,1.8292731046676636,0.9749390482902527,1.4543064832687378,-0.4827749729156494,0.004028219264000654,0.005543132312595844,0.02808057889342308,1.829272985458374,0.982548620412468,1.477890257597127,-0.4949566170190758,0.0038703387854785976,3.2870225339819555e-06,,,,,,,,,,,,
3.955671254056269,grasp,,,,,,,,,,,,,,,,,,,,,1.8292728662490845,0.9789767265319824,1.464445948600769,-0.4886995553970337,0.004027445800602436,0.005543164908885956,0.02808057889342308,1.829272985458374,0.982548620412468,1.477890257597127,-0.4949566170190758,0.0038703387854785976,3.2870225339819555e-06,,,,,,,,,,,,
3.9756712540562686,grasp,,,,,,,,,,,,,,,,,,,,,1.829272985458374,0.9857923984527588,1.480866551399231,-0.49852874875068665,0.004028218798339367,0.005543223582208157,0.02808057889342308,1.829273081736773,0.9921712487166484,1.5014618017317687,-0.5089307117670449,0.0038702359652424754,3.3437889974587567e-06,,,,,,,,,,,,
3.995671254056269,grasp,,,,,,,,,,,,,,,,,,,,,1.8292725086212158,0.9892472624778748,1.4895156621932983,-0.5035908222198486,0.004027698654681444,0.005543248727917671,0.02808057889342308,1.829273081736773,0.9921712487166484,1.5014618017317687,-0.5089307117670449,0.0038702359652424754,3.3437889974587567e-06,,,,,,,,,,,,
4.015671254056269,grasp,,,,,,,,,,,,,,,,,,,,,1.8292726278305054,0.994805634021759,1.5028725862503052,-0.511594295501709,0.004028234630823135,0.005543283652514219,0.02808057889342308,1.8292731366678916,0.9998442937591278,1.5202107232363022,-0.5200568524829308,0.003870153775576037,3.3891218437626664e-06,,,,,,,,,,,,
4.035671254056269,grasp,,,,,,,,,,,,,,,,,,,,,1.8292723894119263,0.9976248741149902,1.5099009275436401,-0.5157163739204407,0.004027810413390398,0.005543292500078678,0.02808057889342308,1.8292731366678916,0.9998442937591278,1.5202107232363022,-0.5200568524829308,0.003870153775576037,3.3891218437626664e-06,,,,,,,,,,,,
4.055671254056269,grasp,,,,,,,,,,,,,,,,,,,,,1.829272747039795,1.0018866062164307,1.520100712776184,-0.5218392014503479,0.004028291907161474,0.005543351173400879,0.02808057889342308,1.8292732238769531,1.0055447085432145,1.5340812625422904,-0.5283028988516765,0.0038700926304483596,3.422888671475309e-06,,,,,,,,,,,,
4.075671254056269,grasp,,,,,,,,,,,,,,,,,,,,,1.8292725086212158,1.0040496587753296,1.525461196899414,-0.5249925851821899,0.004028051160275936,0.005543398670852184,0.02808057889342308,1.8292732238769531,1.0055447085432145,1.5340812625422904,-0.5283028988516765,0.0038700926304483596,3.422888671475309e-06,,,,,,,,,,,,
4.095671254056269,grasp,,,,,,,,,,,,,,,,,,,,,1.8292723894119263,1.0070503950119019,1.5325943231582642,-0.5292878746986389,0.004028320778161287,0.005543428473174572,0.02808057889342308,1.8292733239473349,1.0093685825060577,1.543311488865188,-0.5338107652008648,0.0038700514737373677,3.4456555196498047e-06,,,,,,,,,,,,
4.115671254056269,grasp,,,,,,,,,,,,,,,,,,,,,1.8292723894119263,1.0085757970809937,1.5363348722457886,-0.5315005779266357,0.004028226714581251,0.005543439649045467,0.02808057889342308,1.8292733239473349,1.0093685825060577,1.543311488865188,-0.5338107652008648,0.0038700514737373677,3.4456555196498047e-06,,,,,,,,,,,,
4.135671254056269,grasp,,,,,,,,,,,,,,,,,,,,,1.8292725086212158,1.0104295015335083,1.5407065153121948,-0.5341433882713318,0.00402848469093442,0.00554347038269043,0.02808057889342308,1.8292732341661746,1.0115298482517974,1.5484853071040434,-0.5369101376425486,0.0038700279568241224,3.4585903436771736e-06,,,,,,,,,,,,
4.155671254056269,grasp,,,,,,,,,,,,,,,,,,,,,1.8292723894119263,1.011374592781067,1.5429905652999878,-0.535504937171936,0.004028441850095987,0.005543462000787258,0.02808057889342308,1.8292732341661746,1.0115298482517974,1.5484853071040434,-0.5369101376425486,0.0038700279568241224,3.4585903436771736e-06,,,,,,,,,,,,
4.175671254056269,grasp,,,,,,,,,,,,,,,,,,,,,1.8292720317840576,1.0122921466827393,1.545138955116272,-0.5368091464042664,0.004028561990708113,0.00554347550496459,0.02808057889342308,1.8292733385445854,1.0123976345200139,1.550556316203705,-0.5381526853569174,0.003870018593812875,3.46379434371825e-06,,,,,,,,,,,,
4.195671254056268,grasp,,,,,,,,,,,,,,,,,,,,,1.8292721509933472,1.0127654075622559,1.5462555885314941,-0.5374807715415955,0.00402855733409524,0.0055434745736420155,0.02808057889342308,1.8292733385445854,1.0123976345200139,1.550556316203705,-0.5381526853569174,0.003870018593812875,3.46379434371825e-06,,,,,,,,,,,,
4.215671254056269,grasp,,,,,,,,,,,,,,,,,,,,,1.8292722702026367,1.0130813121795654,1.5469725131988525,-0.5379195213317871,0.004028683062642813,0.005543475970625877,0.02808057889342308,1.8292732238769531,1.0125306844711304,1.5508739948272705,-0.5383431911468506,0.0038700171280652285,3.4645925097720465e-06,,,,,,,,,,,,
4.215671254056269,grasp,,,,,,,,,,,,,,,,,,,,,1.8292720317840576,1.0135115385055542,1.5474324226379395,-0.5383896231651306,0.00404762290418148,0.006067837588489056,0.02808057889342308,1.8292732238769531,1.0125306844711304,1.5508739948272705,-0.5383431911468506,0.0038700171280652285,3.4645925097720465e-06,,,,,,,,,,,,
4.235671254056268,grasp,,,,,,,,,,,,,,,,,,,,,1.8292722702026367,1.0134694576263428,1.5475776195526123,-0.5383877158164978,0.004038996063172817,0.005813604686409235,0.02808057889342308,1.8292732238769531,1.0125306844711304,1.5508739948272705,-0.5383431911468506,0.0038700171280652285,3.4645925097720465e-06,,,,,,,,,,,,
4.255671254056269,grasp,,,,,,,,,,,,,,,,,,,,,1.8292720317840576,1.0133846998214722,1.5474965572357178,-0.5382943749427795,0.004034261219203472,0.005682645831257105,0.02808057889342308,1.8292733385445854,1.0123976345200139,1.550556316203705,-0.5381526853569174,0.003870018593812875,3.46379434371825e-06,,,,,,,,,,,,
4.2756712540562685,grasp,,,,,,,,,,,,,,,,,,,,,1.8292722702026367,1.0133421421051025,1.5474498271942139,-0.5382462739944458,0.004031709861010313,0.00561516173183918,0.02808057889342308,1.8292733385445854,1.0123976345200139,1.550556316203705,-0.5381526853569174,0.003870018593812875,3.46379434371825e-06,,,,,,,,,,,,
4.295671254056269,grasp,,,,,,,,,,,,,,,,,,,,,1.8292720317840576,1.0128978490829468,1.5464330911636353,-0.5376190543174744,0.00403033010661602,0.005580388009548187,0.02808057889342308,1.8292732341661746,1.0115298482517974,1.5484853071040434,-0.5369101376425486,0.0038700279568241224,3.4585903436771736e-06,,,,,,,,,,,,
4.3156712540562685,grasp,,,,,,,,,,,,,,,,,,,,,1.829271912574768,1.0126748085021973,1.5458887815475464,-0.5372960567474365,0.0040296283550560474,0.005562480539083481,0.02808057889342308,1.8292732341661746,1.0115298482517974,1.5484853071040434,-0.5369101376425486,0.0038700279568241224,3.4585903436771736e-06,,,,,,,,,,,,
4.335671254056269,grasp,,,,,,,,,,,,,,,,,,,,,1.8292722702026367,1.011504054069519,1.5431336164474487,-0.5356267690658569,0.004029152449220419,0.005553283262997866,0.02808057889342308,1.8292733239473349,1.0093685825060577,1.543311488865188,-0.5338107652008648,0.0038700514737373677,3.4456555196498047e-06,,,,,,,,,,,,
4.3556712540562685,grasp,,,,,,,,,,,,,,,,,,,,,1.8292722702026367,1.0109144449234009,1.5416656732559204,-0.534767210483551,0.004029128234833479,0.0055485074408352375,0.02808057889342308,1.8292733239473349,1.0093685825060577,1.543311488865188,-0.5338107652008648,0.0038700514737373677,3.4456555196498047e-06,,,,,,,,,,,,
4.375671254056269,grasp,,,,,,,,,,,,,,,,,,,,,1.8292721509933472,1.00873863697052,1.5365002155303955,-0.5316538214683533,0.004028847441077232,0.005546011496335268,0.02808057889342308,1.8292732238769531,1.0055447085432145,1.5340812625422904,-0.5283028988516765,0.0038700926304483596,3.422888671475309e-06,,,,,,,,,,,,
4.395671254056269,grasp,,,,,,,,,,,,,,,,,,,,,1.829271912574768,1.0076419115066528,1.5337542295455933,-0.5300504565238953,0.004029059316962957,0.005544760730117559,0.02808057889342308,1.8292732238769531,1.0055447085432145,1.5340812625422904,-0.5283028988516765,0.0038700926304483596,3.422888671475309e-06,,,,,,,,,,,,
4.415671254056269,grasp,,,,,,,,,,,,,,,,,,,,,1.8292722702026367,1.0042815208435059,1.525718331336975,-0.5252259969711304,0.004028774797916412,0.005544079001992941,0.02808057889342308,1.8292731366678916,0.9998442937591278,1.5202107232363022,-0.5200568524829308,0.003870153775576037,3.3891218437626664e-06,,,,,,,,,,,,
4.435671254056269,grasp,,,,,,,,,,,,,,,,,,,,,1.8292722702026367,1.0025887489318848,1.5214519500732422,-0.522741436958313,0.004029157571494579,0.005543713923543692,0.02808057889342308,1.8292731366678916,0.9998442937591278,1.5202107232363022,-0.5200568524829308,0.003870153775576037,3.3891218437626664e-06,,,,,,,,,,,,
4.455671254056269,grasp,,,,,,,,,,,,,,,,,,,,,1.8292722702026367,0.9979498982429504,1.5103108882904053,-0.5160661339759827,0.004028745461255312,0.005543522071093321,0.02808057889342308,1.829273081736773,0.9921712487166484,1.5014618017317687,-0.5089307117670449,0.0038702359652424754,3.3437889974587567e-06,,,,,,,,,,,,
4.475671254056269,grasp,,,,,,,,,,,,,,,,,,,,,1.8292726278305054,0.995611846446991,1.5044023990631104,-0.5126285552978516,0.004029356874525547,0.005543398670852184,0.02808057889342308,1.829273081736773,0.9921712487166484,1.5014618017317687,-0.5089307117670449,0.0038702359652424754,3.3437889974587567e-06,,,,,,,,,,,,
4.495671254056269,grasp,,,,,,,,,,,,,,,,,,,,,1.8292722702026367,0.9896818399429321,1.4901210069656372,-0.5040813088417053,0.0040288046002388,0.00554333021864295,0.02808057889342308,1.829272985458374,0.982548620412468,1.477890257597127,-0.4949566170190758,0.0038703387854785976,3.2870225339819555e-06,,,,,,,,,,,,
4.515671254056269,grasp,,,,,,,,,,,,,,,,,,,,,1.829272747039795,0.9866904616355896,1.482552170753479,-0.49967965483665466,0.004029519390314817,0.0055432696826756,0.02808057889342308,1.829272985458374,0.982548620412468,1.477890257597127,-0.4949566170190758,0.0038703387854785976,3.2870225339819555e-06,,,,,,,,,,,,
4.535671254056269,grasp,,,,,,,,,,,,,,,,,,,,,1.8292725086212158,0.9795286059379578,1.4652695655822754,-0.4893442690372467,0.004028744529932737,0.005543181672692299,0.02808057889342308,1.8292728662490845,0.9711048061303176,1.4498045847029704,-0.4783193761836712,0.003870460848203893,3.2195806418637365e-06,,,,,,,,,,,,
4.555671254056269,grasp,,,,,,,,,,,,,,,,,,,,,1.8292728662490845,0.9759138226509094,1.4561148881912231,-0.48402178287506104,0.004029629286378622,0.005543127655982971,0.02808057889342308,1.8292728662490845,0.9711048061303176,1.4498045847029704,-0.4783193761836712,0.003870460848203893,3.2195806418637365e-06,,,,,,,,,,,,
4.575671254056269,grasp,,,,,,,,,,,,,,,,,,,,,1.8292723894119263,0.9676403403282166,1.4361213445663452,-0.4720717966556549,0.004028831608593464,0.005543068516999483,0.02808057889342308,1.8292727485907265,0.9580533647080015,1.4177297888062719,-0.459331245261519,0.0038705999525874943,3.1427135946220334e-06,,,,,,,,,,,,
4.595671254056269,grasp,,,,,,,,,,,,,,,,,,,,,1.829272747039795,0.9634618163108826,1.425534725189209,-0.46591779589653015,0.004029884468764067,0.00554301543161273,0.02808057889342308,1.8292727485907265,0.9580533647080015,1.4177297888062719,-0.459331245261519,0.0038705999525874943,3.1427135946220334e-06,,,,,,,,,,,,
4.615671254056269,grasp,,,,,,,,,,,,,,,,,,,,,1.829272747039795,0.9542483687400818,1.403242588043213,-0.4526013731956482,0.004028901923447847,0.005542960483580828,0.02808057889342308,1.8292726666164238,0.9436803514130349,1.3823666721278516,-0.43840909932263483,0.0038707532237221747,3.05810414853073e-06,,,,,,,,,,,,
4.635671254056269,grasp,,,,,,,,,,,,,,,,,,,,,1.8292726278305054,0.9495919942855835,1.3914424180984497,-0.4457438588142395,0.004030039068311453,0.005542892962694168,0.02808057889342308,1.8292726666164238,0.9436803514130349,1.3823666721278516,-0.43840909932263483,0.0038707532237221747,3.05810414853073e-06,,,,,,,,,,,,
4.655671254056269,grasp,,,,,,,,,,,,,,,,,,,,,1.8292726278305054,0.939649760723114,1.367366075515747,-0.43136686086654663,0.004028982482850552,0.005542812403291464,0.02808057889342308,1.8292725808577792,0.9283233964553019,1.344556873809856,-0.4160475472418997,0.0038709170913609997,2.96772649182252e-06,,,,,,,,,,,,
4.675671254056269,grasp,,,,,,,,,,,,,,,,,,,,,1.8292725086212158,0.934622049331665,1.3546258211135864,-0.4239630401134491,0.004030146636068821,0.005542777944356203,0.02808057889342308,1.8292725808577792,0.9283233964553019,1.344556873809856,-0.4160475472418997,0.0038709170913609997,2.96772649182252e-06,,,,,,,,,,,,
4.695671254056268,grasp,,,,,,,,,,,,,,,,,,,,,1.829272747039795,0.9241911768913269,1.3293533325195312,-0.4088747501373291,0.004029097501188517,0.005542716942727566,0.02808057889342308,1.8292725968253467,0.9123606065564132,1.3052394960413884,-0.39279951749506226,0.0038710870172608868,2.873798800069109e-06,,,,,,,,,,,,
4.715671254056269,grasp,,,,,,,,,,,,,,,,,,,,,1.8292725086212158,0.9189137816429138,1.3159834146499634,-0.4011046886444092,0.004030268639326096,0.005542703438550234,0.02808057889342308,1.8292725968253467,0.9123606065564132,1.3052394960413884,-0.39279951749506226,0.0038710870172608868,2.873798800069109e-06,,,,,,,,,,,,
4.735671254056269,grasp,,,,,,,,,,,,,,,,,,,,,1.8292725086212158,0.9082545638084412,1.2901489734649658,-0.38568270206451416,0.004029186442494392,0.005542621482163668,0.02808057889342308,1.829272596863437,0.8961936313346333,1.265412670074677,-0.36925251002095105,0.003871258999860845,2.778675405573011e-06,,,,,,,,,,,,
4.755671254056269,grasp,,,,,,,,,,,,,,,,,,,,,1.8292726278305054,0.9028583765029907,1.2764852046966553,-0.37774068117141724,0.004030488897114992,0.005542626604437828,0.02808057889342308,1.829272596863437,0.8961936313346333,1.265412670074677,-0.36925251002095105,0.003871258999860845,2.778675405573011e-06,,,,,,,,,,,,
4.7756712540562685,grasp,,,,,,,,,,,,,,,,,,,,,1.8292722702026367,0.8922390341758728,1.2507479190826416,-0.3623753786087036,0.004029278643429279,0.0055425954051315784,0.02808057889342308,1.8292726531288992,0.880231496145668,1.2260945469911995,-0.3460052912349461,0.003871428580351227,2.6847526796555816e-06,,,,,,,,,,,,
4.795671254056269,grasp,,,,,,,,,,,,,,,,,,,,,1.829271912574768,0.886860728263855,1.2371381521224976,-0.35446256399154663,0.004030538257211447,0.005542615428566933,0.02808057889342308,1.8292726531288992,0.880231496145668,1.2260945469911995,-0.3460052912349461,0.003871428580351227,2.6847526796555816e-06,,,,,,,,,,,,
4.8156712540562685,grasp,,,,,,,,,,,,,,,,,,,,,1.829271674156189,0.876548707485199,1.2121503353118896,-0.3395422101020813,0.004029338713735342,0.0055425879545509815,0.02808057889342308,1.829272744235478,0.8648756279200376,1.1882835104042349,-0.32364508661331215,0.0038715915801660456,2.594382783838736e-06,,,,,,,,,,,,
4.835671254056269,grasp,,,,,,,,,,,,,,,,,,,,,1.829271674156189,0.8713233470916748,1.1989411115646362,-0.3318586051464081,0.0040306951850652695,0.0055426438339054585,0.02808057889342308,1.829272744235478,0.8648756279200376,1.1882835104042349,-0.32364508661331215,0.0038715915801660456,2.594382783838736e-06,,,,,,,,,,,,
4.8556712540562685,grasp,,,,,,,,,,,,,,,,,,,,,1.8292710781097412,0.8615738153457642,1.1753278970718384,-0.3177548348903656,0.004029629752039909,0.005542622413486242,0.02808057889342308,1.829273107797511,0.8505041672090413,1.152918686501797,-0.30272475979233315,0.0038717444561897556,2.5097820655593307e-06,,,,,,,,,,,,
4.875671254056269,grasp,,,,,,,,,,,,,,,,,,,,,1.8292711973190308,0.8566310405731201,1.1628499031066895,-0.31049150228500366,0.004030704963952303,0.005542655009776354,0.02808057889342308,1.829273107797511,0.8505041672090413,1.152918686501797,-0.30272475979233315,0.0038717444561897556,2.5097820655593307e-06,,,,,,,,,,,,
4.895671254056269,grasp,,,,,,,,,,,,,,,,,,,,,1.8292709589004517,0.847676157951355,1.1411813497543335,-0.2975424528121948,0.004029696341603994,0.00554265920072794,0.02808057889342308,1.8292733430862427,0.8374544680376055,1.1208418625307066,-0.28373885744596244,0.003871883015883816,2.4329230880940536e-06,,,,,,,,,,,,
4.915671254056269,grasp,,,,,,,,,,,,,,,,,,,,,1.8292707204818726,0.8431339859962463,1.1297352313995361,-0.29087358713150024,0.004030725918710232,0.005542697850614786,0.02808057889342308,1.8292733430862427,0.8374544680376055,1.1208418625307066,-0.28373885744596244,0.003871883015883816,2.4329230880940536e-06,,,,,,,,,,,,
4.935671254056269,grasp,,,,,,,,,,,,,,,,,,,,,1.829270362854004,0.8351744413375854,1.110499620437622,-0.27937087416648865,0.004029846750199795,0.005542708095163107,0.02808057889342308,1.8292736140758652,0.8260125124339885,1.0927540249786665,-0.26710399264532364,0.0038720046901530307,2.3654868218838526e-06,,,,,,,,,,,,
4.955671254056269,grasp,,,,,,,,,,,,,,,,,,,,,1.8292704820632935,0.8311352133750916,1.1003440618515015,-0.27344679832458496,0.0040307482704520226,0.005542755592614412,0.02808057889342308,1.8292736140758652,0.8260125124339885,1.0927540249786665,-0.26710399264532364,0.0038720046901530307,2.3654868218838526e-06,,,,,,,,,,,,
4.975671254056269,grasp,,,,,,,,,,,,,,,,,,,,,1.8292704820632935,0.8243287205696106,1.0839219093322754,-0.2636191248893738,0.004029896575957537,0.005542748142033815,0.02808057889342308,1.8292738932831434,0.8163917569786604,1.069180358339719,-0.2531321888833683,0.0038721071323858927,2.3087231350323827e-06,,,,,,,,,,,,
4.995671254056269,grasp,,,,,,,,,,,,,,,,,,,,,1.8292704820632935,0.8208726048469543,1.0752583742141724,-0.25855767726898193,0.004030624870210886,0.005542824510484934,0.02808057889342308,1.8292738932831434,0.8163917569786604,1.069180358339719,-0.2531321888833683,0.0038721071323858927,2.3087231350323827e-06,,,,,,,,,,,,
5.015671254056269,grasp,,,,,,,,,,,,,,,,,,,,,1.8292760848999023,0.8153208494186401,1.06192946434021,-0.25055527687072754,0.004014831501990557,0.005543121602386236,0.02808057889342308,1.8292741223506073,0.8087203660036573,1.0504295531766428,-0.24200808202129678,0.0038721889355456166,2.2633911692085516e-06,,,,,,,,,,,,
5.035671254056269,grasp,,,,,,,,,,,,,,,,,,,,,1.8294142484664917,0.8123754262924194,1.055968165397644,-0.2464282214641571,0.0035628799814730883,0.005551943555474281,0.02808057889342308,1.8292741223506073,0.8087203660036573,1.0504295531766428,-0.24200808202129678,0.0038721889355456166,2.2633911692085516e-06,,,,,,,,,,,,
5.055671254056269,grasp,,,,,,,,,,,,,,,,,,,,,1.8296269178390503,0.8079841136932373,1.0469539165496826,-0.24030175805091858,0.0028873577248305082,0.005545026622712612,0.02808057889342308,1.829274296760559,0.8030213633930254,1.036557477487237,-0.23376364412389933,0.0038722497623899566,2.229623615212368e-06,,,,,,,,,,,,
5.075671254056269,grasp,,,,,,,,,,,,,,,,,,,,,1.829761028289795,0.8057245016098022,1.0422357320785522,-0.2371489703655243,0.0024689706042408943,0.005539378616958857,0.02808057889342308,1.829274296760559,0.8030213633930254,1.036557477487237,-0.23376364412389933,0.0038722497623899566,2.229623615212368e-06,,,,,,,,,,,,
5.095671254056269,grasp,,,,,,,,,,,,,,,,,,,,,1.8299002647399902,0.8026360869407654,1.0360610485076904,-0.2328542321920395,0.002065404085442424,0.005556929390877485,0.02808057889342308,1.829274396829204,0.7991984612062566,1.0273261304246364,-0.22825698140991565,0.003872291027555643,2.206856041614489e-06,,,,,,,,,,,,
5.115671254056269,grasp,,,,,,,,,,,,,,,,,,,,,1.8300193548202515,0.8010731339454651,1.0326498746871948,-0.23064491152763367,0.001766942790709436,0.0055720130912959576,0.02808057889342308,1.829274396829204,0.7991984612062566,1.0273261304246364,-0.22825698140991565,0.003872291027555643,2.206856041614489e-06,,,,,,,,,,,,
5.135671254056269,grasp,,,,,,,,,,,,,,,,,,,,,1.8300678730010986,0.7992666959762573,1.0279780626296997,-0.2280072569847107,0.0016585104167461395,0.005577913019806147,0.02808057889342308,1.8292744159698486,0.797037820479483,1.0221516654720852,-0.22515825286103286,0.003872314368797336,2.1939202113857803e-06,,,,,,,,,,,,
5.155671254056269,grasp,,,,,,,,,,,,,,,,,,,,,1.8301100730895996,0.7983458042144775,1.0252792835235596,-0.22665025293827057,0.0015947152860462666,0.005581384524703026,0.02808057889342308,1.8292744159698486,0.797037820479483,1.0221516654720852,-0.22515825286103286,0.003872314368797336,2.1939202113857803e-06,,,,,,,,,,,,
5.175671254056269,grasp,,,,,,,,,,,,,,,,,,,,,1.830177664756775,0.7974390983581543,1.022940993309021,-0.22534838318824768,0.001397831947542727,0.005581667646765709,0.02808057889342308,1.8292744159698486,0.7961702885325788,1.02008034655588,-0.22391604400444795,0.003872323935252947,2.1887163298422097e-06,,,,,,,,,,,,
5.195671254056268,grasp,,,,,,,,,,,,,,,,,,,,,1.8302044868469238,0.7969971895217896,1.0215131044387817,-0.22467932105064392,0.0013320129364728928,0.005585557781159878,0.02808057889342308,1.8292744159698486,0.7961702885325788,1.02008034655588,-0.22391604400444795,0.003872323935252947,2.1887163298422097e-06,,,,,,,,,,,,
5.215671254056269,grasp,,,,,,,,,,,,,,,,,,,,,1.8302254676818848,0.7967025637626648,1.0206403732299805,-0.2242424488067627,0.0012791160261258483,0.005588053725659847,0.02808057889342308,1.8292744159698486,0.7960370779037476,1.019762396812439,-0.223725363612175,0.0038723251782357693,2.1879170617467025e-06,,,,,,,,,,,,
5.215671254056269,grasp,,,,,,,,,,,,,,,,,,,,,1.830336093902588,0.7965059876441956,1.0193082094192505,-0.22383436560630798,0.0010056463070213795,0.006113032810389996,0.02808057889342308,1.8292744159698486,0.7960370779037476,1.019762396812439,-0.2237253487110138,0.0038723251782357693,2.1879170617467025e-06,,,,,,,,,,,,
5.235671254056268,grasp,,,,,,,,,,,,,,,,,,,,,1.8303101062774658,0.7964717149734497,1.0192598104476929,-0.22380754351615906,0.0010786692146211863,0.0058581046760082245,0.02808057889342308,1.8292744159698486,0.7960370779037476,1.019762396812439,-0.2237253487110138,0.0038723251782357693,2.1879170617467025e-06,,,,,,,,,,,,
5.255671254056269,grasp,,,,,,,,,,,,,,,,,,,,,1.8302910327911377,0.7963682413101196,1.019225835800171,-0.22388552129268646,0.0011452691396698356,0.005725936498492956,0.02808057889342308,1.8292823263059153,0.7958551579720817,1.0197701700611561,-0.22391426931642766,0.003880141348733786,2.1870856382249516e-06,,,,,,,,,,,,
5.2756712540562685,grasp,,,,,,,,,,,,,,,,,,,,,1.8302830457687378,0.7963151931762695,1.0192036628723145,-0.22392567992210388,0.0011760490015149117,0.005657974164932966,0.02808057889342308,1.8292823263059153,0.7958551579720817,1.0197701700611561,-0.22391426931642766,0.003880141348733786,2.1870856382249516e-06,,,,,,,,,,,,
5.295671254056269,grasp,,,,,,,,,,,,,,,,,,,,,1.8302440643310547,0.7957171201705933,1.0190476179122925,-0.22456347942352295,0.00139042513910681,0.005617375485599041,0.02808057889342308,1.8293349975168263,0.7946294944540124,1.01982215373223,-0.2251868466192501,0.003932749589438071,2.1814887883015282e-06,,,,,,,,,,,,
5.3156712540562685,grasp,,,,,,,,,,,,,,,,,,,,,1.830202341079712,0.7954141497612,1.0189175605773926,-0.22489160299301147,0.0015622380888089538,0.00559484027326107,0.02808057889342308,1.8293349975168263,0.7946294944540124,1.01982215373223,-0.2251868466192501,0.003932749589438071,2.1814887883015282e-06,,,,,,,,,,,,
5.335671254056269,grasp,,,,,,,,,,,,,,,,,,,,,1.8301265239715576,0.7937555909156799,1.0186246633529663,-0.22666369378566742,0.0020512219052761793,0.00557302962988615,0.02808057889342308,1.8294709310968447,0.7914440525008642,1.019956378651379,-0.22849501800706254,0.004068495515123344,2.1670472956333976e-06,,,,,,,,,,,,
5.3556712540562685,grasp,,,,,,,,,,,,,,,,,,,,,1.8300981521606445,0.7928914427757263,1.0185176134109497,-0.2275754064321518,0.0022616691421717405,0.005543598905205727,0.02808057889342308,1.8294709310968447,0.7914440525008642,1.019956378651379,-0.22849501800706254,0.004068495515123344,2.1670472956333976e-06,,,,,,,,,,,,
5.375671254056269,grasp,,,,,,,,,,,,,,,,,,,,,1.8299556970596313,0.7896431088447571,1.0181105136871338,-0.23103049397468567,0.0031890941318124533,0.005505577195435762,0.02808057889342308,1.829718889479411,0.7855172610319618,1.0202011575254395,-0.2346540852390257,0.004316163421081723,2.140699472683163e-06,,,,,,,,,,,,
5.395671254056269,grasp,,,,,,,,,,,,,,,,,,,,,1.8298137187957764,0.7879723906517029,1.017748236656189,-0.23280999064445496,0.0038207159377634525,0.005478763487190008,0.02808057889342308,1.829718889479411,0.7855172610319618,1.0202011575254395,-0.2346540852390257,0.004316163421081723,2.140699472683163e-06,,,,,,,,,,,,
5.415671254056269,grasp,,,,,,,,,,,,,,,,,,,,,1.8299267292022705,0.7826290130615234,1.0177141427993774,-0.23842531442642212,0.004361199215054512,0.0054573724046349525,0.02808057889342308,1.8301018951097812,0.7761943114940207,1.0205793282706819,-0.2443474098334944,0.0046987683421412085,2.0999975065549936e-06,,,,,,,,,,,,
5.435671254056269,grasp,,,,,,,,,,,,,,,,,,,,,1.8300127983093262,0.7798362374305725,1.0177888870239258,-0.24131669104099274,0.0045474497601389885,0.0054391599260270596,0.02808057889342308,1.8301018951097812,0.7761943114940207,1.0205793282706819,-0.2443474098334944,0.0046987683421412085,2.0999975065549936e-06,,,,,,,,,,,,
5.455671254056269,grasp,,,,,,,,,,,,,,,,,,,,,1.8303136825561523,0.7719947695732117,1.0180624723434448,-0.24948881566524506,0.004923786036670208,0.005445410497486591,0.02808057889342308,1.830641191882148,0.7629392049928243,1.0211118250028288,-0.2581309139360254,0.005237649588051005,2.042672641671609e-06,,,,,,,,,,,,
5.475671254056269,grasp,,,,,,,,,,,,,,,,,,,,,1.8304719924926758,0.7679176926612854,1.01825749874115,-0.2536983788013458,0.005114941857755184,0.005448654759675264,0.02808057889342308,1.830641191882148,0.7629392049928243,1.0211118250028288,-0.2581309139360254,0.005237649588051005,2.042672641671609e-06,,,,,,,,,,,,
5.495671254056269,grasp,,,,,,,,,,,,,,,,,,,,,1.8308947086334229,0.7573179602622986,1.0186394453048706,-0.26474514603614807,0.005559601821005344,0.005450162570923567,0.02808057889342308,1.8313538823071043,0.745330801133295,1.0218156000386742,-0.27644217151382705,0.005949899598176224,1.966907527046216e-06,,,,,,,,,,,,
5.515671254056269,grasp,,,,,,,,,,,,,,,,,,,,,1.8311164379119873,0.7518075704574585,1.0189118385314941,-0.27043554186820984,0.005786639638245106,0.005451137665659189,0.02808057889342308,1.8313538823071043,0.745330801133295,1.0218156000386742,-0.27644217151382705,0.005949899598176224,1.966907527046216e-06,,,,,,,,,,,,
5.535671254056269,grasp,,,,,,,,,,,,,,,,,,,,,1.8316603899002075,0.7382183074951172,1.0194097757339478,-0.28459835052490234,0.00634007016196847,0.005451452452689409,0.02808057889342308,1.8322519092468175,0.7230563050758871,1.0227023989806296,-0.2996068653945617,0.006847473096442915,1.871430729499829e-06,,,,,,,,,,,,
5.555671254056269,grasp,,,,,,,,,,,,,,,,,,,,,1.8319451808929443,0.7311543822288513,1.0197553634643555,-0.2918940782546997,0.006623381748795509,0.005451799836009741,0.02808057889342308,1.8322519092468175,0.7230563050758871,1.0227023989806296,-0.2996068653945617,0.006847473096442915,1.871430729499829e-06,,,,,,,,,,,,
5.575671254056269,grasp,,,,,,,,,,,,,,,,,,,,,1.8326159715652466,0.714411735534668,1.0203748941421509,-0.30934345722198486,0.007299537770450115,0.005451752804219723,0.02808057889342308,1.8333431856563307,0.6959044947472574,1.0237801405648934,-0.32784471437623824,0.0079387793286676,1.7553473041338456e-06,,,,,,,,,,,,
5.595671254056269,grasp,,,,,,,,,,,,,,,,,,,,,1.8329659700393677,0.7057090401649475,1.0207929611206055,-0.31833234429359436,0.007646592333912849,0.005451961420476437,0.02808057889342308,1.8333431856563307,0.6959044947472574,1.0237801405648934,-0.32784471437623824,0.0079387793286676,1.7553473041338456e-06,,,,,,,,,,,,
5.615671254056269,grasp,,,,,,,,,,,,,,,,,,,,,1.8337678909301758,0.6857141852378845,1.0215398073196411,-0.3391721844673157,0.008451207540929317,0.005451804492622614,0.02808057889342308,1.8346327668920743,0.6637598556187122,1.0250538727750946,-0.36127635292428184,0.009228663910976417,1.6181391837272137e-06,,,,,,,,,,,,
5.635671254056269,grasp,,,,,,,,,,,,,,,,,,,,,1.8341832160949707,0.6753204464912415,1.022029161453247,-0.3499077558517456,0.008865357376635075,0.005451981443911791,0.02808057889342308,1.8346327668920743,0.6637598556187122,1.0250538727750946,-0.36127635292428184,0.009228663910976417,1.6181391837272137e-06,,,,,,,,,,,,
5.655671254056269,grasp,,,,,,,,,,,,,,,,,,,,,1.8351178169250488,0.6520340442657471,1.022909164428711,-0.37417882680892944,0.00980061199516058,0.005451828707009554,0.02808057889342308,1.836122364954588,0.6265957158109738,1.026525215561485,-0.39992935626660564,0.01071877831063569,1.4596310862478138e-06,,,,,,,,,,,,
5.675671254056269,grasp,,,,,,,,,,,,,,,,,,,,,1.8355998992919922,0.6399282813072205,1.0234668254852295,-0.3866822421550751,0.010283340699970722,0.005451953504234552,0.02808057889342308,1.836122364954588,0.6265957158109738,1.026525215561485,-0.39992935626660564,0.01071877831063569,1.4596310862478138e-06,,,,,,,,,,,,
5.695671254056268,grasp,,,,,,,,,,,,,,,,,,,,,1.8366671800613403,0.613366961479187,1.0244845151901245,-0.4143667221069336,0.011348922736942768,0.005451778881251812,0.02808057889342308,1.8378107498756393,0.5844680841399187,1.028193614723866,-0.44374482845267543,0.012408190697607773,1.2799244748335595e-06,,,,,,,,,,,,
5.715671254056269,grasp,,,,,,,,,,,,,,,,,,,,,1.8372159004211426,0.5995563864707947,1.0251057147979736,-0.4286288022994995,0.01190082635730505,0.00545189343392849,0.02808057889342308,1.8378107498756393,0.5844680841399187,1.028193614723866,-0.44374482845267543,0.012408190697607773,1.2799244748335595e-06,,,,,,,,,,,,
5.735671254056269,grasp,,,,,,,,,,,,,,,,,,,,,1.8384144306182861,0.5697896480560303,1.0262665748596191,-0.45965462923049927,0.013095407746732235,0.005451737437397242,0.02808057889342308,1.8396961484478591,0.5375090029992814,1.0300567031409817,-0.4925834486573552,0.014294821262348387,1.0792413135087577e-06,,,,,,,,,,,,
5.755671254056269,grasp,,,,,,,,,,,,,,,,,,,,,1.8390295505523682,0.5543084740638733,1.0269461870193481,-0.47563815116882324,0.01371645275503397,0.005451772827655077,0.02808057889342308,1.8396961484478591,0.5375090029992814,1.0300567031409817,-0.4925834486573552,0.014294821262348387,1.0792413135087577e-06,,,,,,,,,,,,
5.7756712540562685,grasp,,,,,,,,,,,,,,,,,,,,,1.8401857614517212,0.5215520858764648,1.0281566381454468,-0.5096815824508667,0.015032694675028324,0.005451711360365152,0.02808057889342308,1.8414199917917906,0.4861281734868491,1.0319110973332055,-0.5458175384707512,0.016368105428134605,8.581978545343482e-07,,,,,,,,,,,,
5.795671254056269,grasp,,,,,,,,,,,,,,,,,,,,,1.840777039527893,0.5045114159584045,1.028838038444519,-0.5272202491760254,0.015722941607236862,0.005451608449220657,0.02808057889342308,1.8414199917917906,0.4861281734868491,1.0319110973332055,-0.5458175384707512,0.016368105428134605,8.581978545343482e-07,,,,,,,,,,,,
5.8156712540562685,grasp,,,,,,,,,,,,,,,,,,,,,1.8188817501068115,0.48197418451309204,1.0169810056686401,-0.5377969741821289,0.01598653942346573,0.005458146799355745,0.02808057889342308,1.7954621534101856,0.4576504051705831,1.006498220155887,-0.5489979538949088,0.01663676402143583,7.637236865964146e-07,,,,,,,,,,,,
5.835671254056269,grasp,,,,,,,,,,,,,,,,,,,,,1.8074783086776733,0.4703909456729889,1.010600209236145,-0.5432496070861816,0.01652527041733265,0.005438011605292559,0.02808057889342308,1.7954621534101856,0.4576504051705831,1.006498220155887,-0.5489979538949088,0.01663676402143583,7.637236865964146e-07,,,,,,,,,,,,
5.8556712540562685,grasp,,,,,,,,,,,,,,,,,,,,,1.7670695781707764,0.4557078778743744,0.9882419109344482,-0.5354567170143127,0.01606932282447815,0.005436527542769909,0.02808057889342308,1.7239798189867883,0.4397474933118018,0.9665200412482468,-0.5271363077059342,0.01597421189368307,7.332897606188892e-07,,,,,,,,,,,,
5.875671254056269,grasp,,,,,,,,,,,,,,,,,,,,,1.7460901737213135,0.4482484459877014,0.9763676524162292,-0.5314466953277588,0.016412684693932533,0.005424126051366329,0.02808057889342308,1.7239798189867883,0.4397474933118018,0.9665200412482468,-0.5271363077059342,0.01597421189368307,7.332897606188892e-07,,,,,,,,,,,,
5.895671254056269,grasp,,,,,,,,,,,,,,,,,,,,,1.6986585855484009,0.43511688709259033,0.9500007033348083,-0.5181318521499634,0.0157186109572649,0.005434948019683361,0.02808057889342308,1.6481349910082739,0.42074227140901826,0.9241102663327065,-0.5039428621335258,0.015271309700186647,7.010025368858675e-07,,,,,,,,,,,,
5.915671254056269,grasp,,,,,,,,,,,,,,,,,,,,,1.6757292747497559,0.4279578924179077,0.9393269419670105,-0.5103034973144531,0.008846277371048927,0.005647623911499977,0.02808057889342308,1.6481349910082739,0.42074227140901826,0.9241102663327065,-0.5039428621335258,0.015271309700186647,7.010025368858675e-07,,,,,,,,,,,,
5.935671254056269,grasp,,,,,,,,,,,,,,,,,,,,,1.6254504919052124,0.41264936327934265,0.9125938415527344,-0.4728834331035614,-0.044467296451330185,0.0057655805721879005,0.02808057889342308,1.5684327541251526,0.40075932207111337,0.8795461334744529,-0.4795706678719793,0.014532716261979982,6.67075590029539e-07,,,,,,,,,,,,
5.955671254056269,grasp,,,,,,,,,,,,,,,,,,,,,1.5992770195007324,0.4005555808544159,0.8989049792289734,-0.46379417181015015,-0.07349620759487152,0.0057887546718120575,0.02808057889342308,1.5684327541251526,0.40075932207111337,0.8795461334744529,-0.4795706678719793,0.014532716261979982,6.67075590029539e-07,,,,,,,,,,,,
5.975671254056269,grasp,,,,,,,,,,,,,,,,,,,,,1.5461697578430176,0.38415271043777466,0.8692971467971802,-0.4217413365840912,-0.12655377388000488,0.005892615299671888,0.02808057889342308,1.4854232433920274,0.37993562076539417,0.8331322748830783,-0.45418798372164015,0.013763520372616807,6.317426812749349e-07,,,,,,,,,,,,
5.995671254056269,grasp,,,,,,,,,,,,,,,,,,,,,1.5186108350753784,0.3752974569797516,0.8541028499603271,-0.4032385051250458,-0.15781652927398682,0.005900774151086807,0.02808057889342308,1.4854232433920274,0.37993562076539417,0.8331322748830783,-0.45418798372164015,0.013763520372616807,6.317426812749349e-07,,,,,,,,,,,,
6.015671254056269,grasp,,,,,,,,,,,,,,,,,,,,,1.4629374742507935,0.35718753933906555,0.8231120109558105,-0.3632511496543884,-0.2209683656692505,0.005924541968852282,0.02808057889342308,1.3996955163562699,0.35841735836143707,0.7851952878212258,-0.4279748938920431,0.012969156036247185,5.952535340335224e-07,,,,,,,,,,,,
6.035671254056269,grasp,,,,,,,,,,,,,,,,,,,,,1.433271050453186,0.34942957758903503,0.8070558905601501,-0.3402695655822754,-0.26715123653411865,0.005782102234661579,0.02808057889342308,1.3996955163562699,0.35841735836143707,0.7851952878212258,-0.4279748938920431,0.012969156036247185,5.952535340335224e-07,,,,,,,,,,,,
6.055671254056269,grasp,,,,,,,,,,,,,,,,,,,,,1.3757297992706299,0.3361873924732208,0.7756117582321167,-0.29132288694381714,-0.3367402255535126,0.005800388287752867,0.02808057889342308,1.311869835309589,0.33635854505492363,0.7360796971563013,-0.40112111712303794,0.012155367643654654,5.57871998123649e-07,,,,,,,,,,,,
6.075671254056269,grasp,,,,,,,,,,,,,,,,,,,,,1.3453501462936401,0.3294915556907654,0.7592185735702515,-0.26216253638267517,-0.3822941780090332,0.005669977515935898,0.02808057889342308,1.311869835309589,0.33635854505492363,0.7360796971563013,-0.40112111712303794,0.012155367643654654,5.57871998123649e-07,,,,,,,,,,,,
6.095671254056269,grasp,,,,,,,,,,,,,,,,,,,,,1.28677499294281,0.31589072942733765,0.727500855922699,-0.21406133472919464,-0.45434898138046265,0.005668919067829847,0.02808057889342308,1.2225902458819111,0.313918910669145,0.6861437394200464,-0.3738237513979862,0.011328129124036952,5.198724972573187e-07,,,,,,,,,,,,
6.115671254056269,grasp,,,,,,,,,,,,,,,,,,,,,1.2561112642288208,0.31224289536476135,0.7102359533309937,-0.17679646611213684,-0.49872323870658875,0.005564323626458645,0.02808057889342308,1.2225902458819111,0.313918910669145,0.6861437394200464,-0.3738237513979862,0.011328129124036952,5.198724972573187e-07,,,,,,,,,,,,
6.135671254056269,grasp,,,,,,,,,,,,,,,,,,,,,1.1970142126083374,0.3013836443424225,0.6775078773498535,-0.12001612037420273,-0.5705739259719849,0.005573162343353033,0.02808057889342308,1.132517281382708,0.291261399050829,0.635755106057918,-0.346285016730356,0.0104935712196553,4.815366888505262e-07,,,,,,,,,,,,
6.155671254056269,grasp,,,,,,,,,,,,,,,,,,,,,1.1662629842758179,0.2960927188396454,0.6591116189956665,-0.08374205976724625,-0.6127136945724487,0.0055353157222270966,0.02808057889342308,1.132517281382708,0.291261399050829,0.635755106057918,-0.346285016730356,0.0104935712196553,4.815366888505262e-07,,,,,,,,,,,,
6.175671254056269,grasp,,,,,,,,,,,,,,,,,,,,,1.1068812608718872,0.28223326802253723,0.6254187822341919,-0.03433418273925781,-0.677439272403717,0.0055089988745749,0.02808057889342308,1.0423197718872612,0.26855218806409836,0.5852874940151586,-0.31870937187729176,0.009657882639243762,4.4314885354282436e-07,,,,,,,,,,,,
6.195671254056268,grasp,,,,,,,,,,,,,,,,,,,,,1.0760579109191895,0.27517977356910706,0.6077393293380737,-0.0007146357093006372,-0.7130495309829712,0.00539780780673027,0.02808057889342308,1.0423197718872612,0.26855218806409836,0.5852874940151586,-0.31870937187729176,0.009657882639243762,4.4314885354282436e-07,,,,,,,,,,,,
6.215671254056269,grasp,,,,,,,,,,,,,,,,,,,,,1.0167676210403442,0.26050683856010437,0.5743690729141235,0.03868460655212402,-0.7738815546035767,0.005411840975284576,0.02808057889342308,0.9526680736462037,0.24595740350299958,0.5351156390580797,-0.29130147722620986,0.008827267145567473,4.049939744824022e-07,,,,,,,,,,,,
6.235671254056269,grasp,,,,,,,,,,,,,,,,,,,,,0.9861279129981995,0.2530076503753662,0.556828498840332,0.05635249987244606,-0.8044474124908447,0.005386791657656431,0.02808057889342308,0.9526680736462037,0.24595740350299958,0.5351156390580797,-0.29130147722620986,0.008827267145567473,4.049939744824022e-07,,,,,,,,,,,,
6.255671254056269,grasp,,,,,,,,,,,,,,,,,,,,,0.9274545311927795,0.23832355439662933,0.5238050818443298,0.0636971965432167,-0.8499413132667542,0.005302604753524065,0.02808057889342308,0.864226466418011,0.22364180140670017,0.4856110296266321,-0.26426401782423625,0.008007877741092368,3.6735492051971207e-07,,,,,,,,,,,,
6.2756712540562685,grasp,,,,,,,,,,,,,,,,,,,,,0.8971436023712158,0.23081234097480774,0.5065385103225708,0.10007727146148682,-0.8785086870193481,0.005242617800831795,0.02808057889342308,0.864226466418011,0.22364180140670017,0.4856110296266321,-0.26426401782423625,0.008007877741092368,3.6735492051971207e-07,,,,,,,,,,,,
6.295671254056269,grasp,,,,,,,,,,,,,,,,,,,,,0.8395951986312866,0.2161509245634079,0.4746516942977905,0.15545368194580078,-0.9334750771522522,0.005166398826986551,0.02808057889342308,0.7776465661584243,0.20176373521220453,0.43713724617600763,-0.23779596176491336,0.007205751927523903,3.3050898404436746e-07,,,,,,,,,,,,
6.315671254056269,grasp,,,,,,,,,,,,,,,,,,,,,0.809876024723053,0.20866653323173523,0.45774659514427185,0.18538834154605865,-0.9606218934059143,0.005092665087431669,0.02808057889342308,0.7776465661584243,0.20176373521220453,0.43713724617600763,-0.23779596176491336,0.007205751927523903,3.3050898404436746e-07,,,,,,,,,,,,
6.335671254056269,grasp,,,,,,,,,,,,,,,,,,,,,0.753821074962616,0.1943962574005127,0.4262983798980713,0.20421862602233887,-1.0069814920425415,0.005041108001023531,0.02808057889342308,0.6935570846330689,0.18048236191971373,0.39004712183806245,-0.21208931989947902,0.006426709231919313,2.947234083141733e-07,,,,,,,,,,,,
6.3556712540562685,grasp,,,,,,,,,,,,,,,,,,,,,0.7248565554618835,0.1872941553592682,0.4092941880226135,0.14271436631679535,-1.021920919418335,0.004861651919782162,0.02808057889342308,0.6935570846330689,0.18048236191971373,0.39004712183806245,-0.21208931989947902,0.006426709231919313,2.947234083141733e-07,,,,,,,,,,,,
6.375671254056269,grasp,,,,,,,,,,,,,,,,,,,,,0.6706087589263916,0.1740170270204544,0.377444326877594,0.04869048297405243,-1.0198558568954468,0.004535605665296316,0.02808057889342308,0.6125591510758812,0.1599472874462375,0.34467698382507006,-0.18732755518598082,0.005676307043816694,2.602535372783656e-07,,,,,,,,,,,,
6.395671254056269,grasp,,,,,,,,,,,,,,,,,,,,,0.6425048112869263,0.1675313115119934,0.3597519099712372,-0.05076824873685837,-0.9851785898208618,0.0030115938279777765,0.02808057889342308,0.6125591510758812,0.1599472874462375,0.34467698382507006,-0.18732755518598082,0.005676307043816694,2.602535372783656e-07,,,,,,,,,,,,
6.415671254056269,grasp,,,,,,,,,,,,,,,,,,,,,0.5906095504760742,0.15460701286792755,0.3297203481197357,-0.10576514899730682,-0.9287303686141968,0.0015786131843924522,0.02808057889342308,0.5352191860097117,0.1402951453911949,0.301342428387592,-0.16368350483980607,0.004959784883613491,2.2734005683419573e-07,,,,,,,,,,,,
6.435671254056269,grasp,,,,,,,,,,,,,,,,,,,,,0.5637193918228149,0.1480669230222702,0.31405651569366455,-0.1338144838809967,-0.8332157135009766,0.0007932336302474141,0.02808057889342308,0.5352191860097117,0.1402951453911949,0.301342428387592,-0.16368350483980607,0.004959784883613491,2.2734005683419573e-07,,,,,,,,,,,,
6.455671254056269,grasp,,,,,,,,,,,,,,,,,,,,,0.5144574642181396,0.13550281524658203,0.28681522607803345,-0.13748663663864136,-0.7420184016227722,0.0004003449284937233,0.02808057889342308,0.462057153639754,0.12166210488185998,0.26033572795433124,-0.14131616640812844,0.004281961317724148,1.9620424422881572e-07,,,,,,,,,,,,
6.475671254056269,grasp,,,,,,,,,,,,,,,,,,,,,0.48899170756340027,0.1291157752275467,0.2726188898086548,-0.13927748799324036,-0.6422593593597412,0.00019678323587868363,0.02808057889342308,0.462057153639754,0.12166210488185998,0.26033572795433124,-0.14131616640812844,0.004281961317724148,1.9620424422881572e-07,,,,,,,,,,,,
6.495671254056269,grasp,,,,,,,,,,,,,,,,,,,,,0.44274821877479553,0.11723626405000687,0.24707691371440887,-0.13015316426753998,-0.5504297018051147,0.00010415031283628196,0.02808057889342308,0.3935457277676728,0.10416015219667157,0.22191886202803587,-0.12036992308373227,0.003647212716845527,1.6704705726433063e-07,,,,,,,,,,,,
6.515671254056269,grasp,,,,,,,,,,,,,,,,,,,,,0.41883185505867004,0.11121619492769241,0.23361586034297943,-0.12536710500717163,-0.4507588744163513,4.760526280733757e-05,0.02808057889342308,0.3935457277676728,0.10416015219667157,0.22191886202803587,-0.12036992308373227,0.003647212716845527,1.6704705726433063e-07,,,,,,,,,,,,
6.535671254056269,grasp,,,,,,,,,,,,,,,,,,,,,0.3758378028869629,0.10014142096042633,0.2097562551498413,-0.11356892436742783,-0.35541221499443054,2.843629044946283e-05,0.02808057889342308,0.33009499732998626,0.08789954738217663,0.1863233137091676,-0.10097023477348085,0.0030593303845310223,1.4004266141632937e-07,,,,,,,,,,,,
6.555671254056269,grasp,,,,,,,,,,,,,,,,,,,,,0.3535992503166199,0.09452466666698456,0.19718320667743683,-0.10744035989046097,-0.2559543251991272,9.835015589487739e-06,0.02808057889342308,0.33009499732998626,0.08789954738217663,0.1863233137091676,-0.10097023477348085,0.0030593303845310223,1.4004266141632937e-07,,,,,,,,,,,,
6.575671254056269,grasp,,,,,,,,,,,,,,,,,,,,,0.3140876293182373,0.08430995792150497,0.1751946210861206,-0.095721036195755,-0.15623077750205994,8.758456715440843e-06,0.02808057889342308,0.2720535672254041,0.07296091425456645,0.15374122245339478,-0.08322357806411709,0.0025215338780226215,1.1533899602075623e-07,,,,,,,,,,,,
6.595671254056269,grasp,,,,,,,,,,,,,,,,,,,,,0.29355379939079285,0.07912842929363251,0.16360388696193695,-0.08964261412620544,-0.07895214110612869,-1.003456964099314e-05,0.02808057889342308,0.2720535672254041,0.07296091425456645,0.15374122245339478,-0.08322357806411709,0.0025215338780226215,1.1533899602075623e-07,,,,,,,,,,,,
6.615671254056269,grasp,,,,,,,,,,,,,,,,,,,,,0.2576976716518402,0.06982316821813583,0.14362172782421112,-0.07877477258443832,-0.039548855274915695,-1.1151840226375498e-05,0.02808057889342308,0.21969137553203608,0.05942296323729234,0.12432626670795045,-0.06721276343769331,0.0020363364808610187,9.305146424819982e-08,,,,,,,,,,,,
6.635671254056269,grasp,,,,,,,,,,,,,,,,,,,,,0.23919597268104553,0.06509065628051758,0.1330956369638443,-0.07317721098661423,-0.019179692491889,-1.2919495020469185e-05,0.02808057889342308,0.21969137553203608,0.05942296323729234,0.12432626670795045,-0.06721276343769331,0.0020363364808610187,9.305146424819982e-08,,,,,,,,,,,,
6.655671254056269,grasp,,,,,,,,,,,,,,,,,,,,,0.207200288772583,0.05672783404588699,0.11521609127521515,-0.0634041279554367,-0.009090559557080269,-6.892050350870704e-06,0.02808057889342308,0.17320377223596256,0.047324556529752745,0.0981838687654464,-0.052997537191039945,0.0016055508077657092,7.32633125299366e-08,,,,,,,,,,,,
6.675671254056269,grasp,,,,,,,,,,,,,,,,,,,,,0.190670445561409,0.052474796772003174,0.10579599440097809,-0.05836987495422363,-0.003772578202188015,-8.608583812019788e-06,0.02808057889342308,0.17320377223596256,0.047324556529752745,0.0981838687654464,-0.052997537191039945,0.0016055508077657092,7.32633125299366e-08,,,,,,,,,,,,
6.695671254056268,grasp,,,,,,,,,,,,,,,,,,,,,0.16256888210773468,0.045083023607730865,0.09007821977138519,-0.04976899176836014,-0.0013618678785860538,-3.734022357093636e-06,0.02808057889342308,0.1326897448507527,0.036704273330810944,0.07537555629077097,-0.040608285821586446,0.001230096497842986,5.6016808135830246e-08,,,,,,,,,,,,
6.715671254056269,grasp,,,,,,,,,,,,,,,,,,,,,0.1480463147163391,0.041323281824588776,0.08179739117622375,-0.04533905163407326,-2.409772605460603e-06,-5.87506065130583e-06,0.02808057889342308,0.1326897448507527,0.036704273330810944,0.07537555629077097,-0.040608285821586446,0.001230096497842986,5.6016808135830246e-08,,,,,,,,,,,,
6.735671254056269,grasp,,,,,,,,,,,,,,,,,,,,,0.12386784702539444,0.034913670271635056,0.0682615116238594,-0.03793518617749214,0.0004222425341140479,-2.2343913315125974e-06,0.02808057889342308,0.0981545984332311,0.02757166962278407,0.05590742159006157,-0.030046703634025028,0.0009100234459224989,4.1314258375811325e-08,,,,,,,,,,,,
6.755671254056269,grasp,,,,,,,,,,,,,,,,,,,,,0.11137175559997559,0.03165283799171448,0.06113120913505554,-0.03412189707159996,0.000744003162253648,-4.410449946590234e-06,0.02808057889342308,0.0981545984332311,0.02757166962278407,0.05590742159006157,-0.030046703634025028,0.0009100234459224989,4.1314258375811325e-08,,,,,,,,,,,,
6.7756712540562685,grasp,,,,,,,,,,,,,,,,,,,,,0.09108326584100723,0.026215670630335808,0.049754735082387924,-0.027908122166991234,0.0006813089130446315,-1.6950975805229973e-06,0.02808057889342308,0.06950555240878262,0.019900771324670767,0.03972229513280877,-0.02128441155776634,0.0006444729515493486,2.911622564962964e-08,,,,,,,,,,,,
6.795671254056269,grasp,,,,,,,,,,,,,,,,,,,,,0.0805979073047638,0.02344876155257225,0.04376361891627312,-0.02470778115093708,0.0007346358615905046,-3.6259432363294763e-06,0.02808057889342308,0.06950555240878262,0.019900771324670767,0.03972229513280877,-0.02128441155776634,0.0006444729515493486,2.911622564962964e-08,,,,,,,,,,,,
6.815671254056269,grasp,,,,,,,,,,,,,,,,,,,,,0.06409385055303574,0.018954863771796227,0.0344821996986866,-0.01965230330824852,0.0005769921117462218,-1.3797013025396154e-06,0.02808057889342308,0.046540265318667444,0.013636794586510317,0.026699504182725584,-0.014259516907770279,0.0004315722102260606,1.9336659073240484e-08,,,,,,,,,,,,
6.835671254056269,grasp,,,,,,,,,,,,,,,,,,,,,0.05556483194231987,0.016667015850543976,0.029596541076898575,-0.01704852096736431,0.000564548943657428,-2.9740081117779482e-06,0.02808057889342308,0.046540265318667444,0.013636794586510317,0.026699504182725584,-0.014259516907770279,0.0004315722102260606,1.9336659073240484e-08,,,,,,,,,,,,
6.8556712540562685,grasp,,,,,,,,,,,,,,,,,,,,,0.04265343025326729,0.013088364154100418,0.022309571504592896,-0.0130928885191679,0.0004141833633184433,-1.2151922419434413e-06,0.02808057889342308,0.02892019249560284,0.008738141909521458,0.016666093038288494,-0.008868897301006734,0.0002681986987847297,1.1832122357209481e-08,,,,,,,,,,,,
6.875671254056269,grasp,,,,,,,,,,,,,,,,,,,,,0.03598170354962349,0.01126537099480629,0.018476316705346107,-0.011055557057261467,0.0003888129140250385,-2.3963070816535037e-06,0.02808057889342308,0.02892019249560284,0.008738141909521458,0.016666093038288494,-0.008868897301006734,0.0002681986987847297,1.1832122357209481e-08,,,,,,,,,,,,
6.895671254056269,grasp,,,,,,,,,,,,,,,,,,,,,0.026384301483631134,0.008563948795199394,0.013042628765106201,-0.008114748634397984,0.0002699163742363453,-1.0708019999583485e-06,0.02808057889342308,0.016174888182323446,0.0051420328393123865,0.009384610442697047,-0.004969199217288037,0.00015000945687483063,6.403117008750321e-09,,,,,,,,,,,,
6.915671254056269,grasp,,,,,,,,,,,,,,,,,,,,,0.021425718441605568,0.007186573930084705,0.010187040083110332,-0.006600080989301205,0.0002455223584547639,-1.8607474885357078e-06,0.02808057889342308,0.016174888182323446,0.0051420328393123865,0.009384610442697047,-0.004969199217288037,0.00015000945687483063,6.403117008750321e-09,,,,,,,,,,,,
6.935671254056269,grasp,,,,,,,,,,,,,,,,,,,,,0.014780175872147083,0.0052942014299333096,0.006416074000298977,-0.004563446622341871,0.00016084463277366012,-9.186544502881588e-07,0.02808057889342308,0.007709219074890762,0.002729242646979866,0.004537146131866198,-0.002378743013217805,7.149929683815879e-05,2.7967641692245318e-09,,,,,,,,,,,,
6.955671254056269,grasp,,,,,,,,,,,,,,,,,,,,,0.0113474540412426,0.0043279859237372875,0.004437140189111233,-0.0035144470166414976,0.00014080620894674212,-1.3712145801036968e-06,0.02808057889342308,0.007709219074890762,0.002729242646979866,0.004537146131866198,-0.002378743013217805,7.149929683815879e-05,2.7967641692245318e-09,,,,,,,,,,,,
6.975671254056269,grasp,,,,,,,,,,,,,,,,,,,,,0.007204923313111067,0.0031414900440722704,0.0020848915446549654,-0.0022447037044912577,8.721944323042408e-05,-8.491700782542466e-07,0.02808057889342308,0.0027948999572217402,0.0013256007320353483,0.0017218255541674322,-0.0008749578552836255,2.5923316493463523e-05,7.032383690028706e-10,,,,,,,,,,,,
6.995671254056269,grasp,,,,,,,,,,,,,,,,,,,,,0.005065941251814365,0.0025346442125737667,0.0008532229694537818,-0.0015906725311651826,7.203168206615373e-05,-9.676557510829298e-07,0.02808057889342308,0.0027948999572217402,0.0013256007320353483,0.0017218255541674322,-0.0008749578552836255,2.5923316493463523e-05,7.032383690028706e-10,,,,,,,,,,,,
7.015671254056269,grasp,,,,,,,,,,,,,,,,,,,,,0.0028887137304991484,0.0018959187436848879,0.000127796723973006,-0.0009227582486346364,4.264578819856979e-05,-6.408445756278525e-07,0.02808057889342308,0.0005675508746186853,0.0006893028868123114,0.0004457666709914176,-0.00019338649964661521,5.266583969830031e-06,-2.4562555438560075e-10,,,,,,,,,,,,
7.035671254056269,grasp,,,,,,,,,,,,,,,,,,,,,0.00176527991425246,0.0015655169263482094,0.00013009412214159966,-0.000578652776312083,3.191869109286927e-05,-5.783260235148191e-07,0.02808057889342308,0.0005675508746186853,0.0006893028868123114,0.0004457666709914176,-0.00019338649964661521,5.266583969830031e-06,-2.4562555438560075e-10,,,,,,,,,,,,
7.055671254056269,grasp,,,,,,,,,,,,,,,,,,,,,0.0009184781811200082,0.0013192205224186182,0.00013017254241276532,-0.0003187972179148346,1.9224204152124003e-05,-4.0353194208364584e-07,0.02808057889342308,1.0631792478056678e-05,0.0005302050703173892,0.00012670508712849868,-2.2968626961509203e-05,1.0164212536413161e-07,-4.828763431024712e-10,,,,,,,,,,,,
7.071342508112537,grasp,,,,,,,,,,,,,,,,,,,,,0.0004769990046042949,0.0011906971922144294,0.0001297959970543161,-0.00018333295884076506,1.2555715329654049e-05,-2.776830569928279e-07,0.02808057889342308,-8.668261131106192e-08,0.0005271430709399283,0.00012056442210450768,-1.968876131286379e-05,2.237557250595046e-09,-4.87442475272104e-10,,,,,,,,,,,,
0.0,grasp,,,,,,,,,,,,,,,,,,,,,,,,,,,3.8855837658502423e-08,,,,,,,0.043,,,,,,,,,,,
0.02,grasp,,,,,,,,,,,,,,,,,,,,,,,,,,,4.856667146668769e-06,,,,,,,0.043,,,,,,,,,,,
0.04,grasp,,,,,,,,,,,,,,,,,,,,,,,,,,,4.075902688782662e-05,,,,,,,0.043,,,,,,,,,,,
0.06,grasp,,,,,,,,,,,,,,,,,,,,,,,,,,,0.00014516340161208063,,,,,,,0.043,,,,,,,,,,,
0.08,grasp,,,,,,,,,,,,,,,,,,,,,,,,,,,0.0003563179634511471,,,,,,,0.043,,,,,,,,,,,
0.1,grasp,,,,,,,,,,,,,,,,,,,,,,,,,,,0.0007082634547259659,,,,,,,0.043,,,,,,,,,,,
0.12,grasp,,,,,,,,,,,,,,,,,,,,,,,,,,,0.001228436070960015,,,,,,,0.043,,,,,,,,,,,
0.14,grasp,,,,,,,,,,,,,,,,,,,,,,,,,,,0.0019369506044313312,,,,,,,0.043,,,,,,,,,,,
0.16,grasp,,,,,,,,,,,,,,,,,,,,,,,,,,,0.002846437622793019,,,,,,,0.043,,,,,,,,,,,
0.18,grasp,,,,,,,,,,,,,,,,,,,,,,,,,,,0.003962451359257102,,,,,,,0.043,,,,,,,,,,,
0.2,grasp,,,,,,,,,,,,,,,,,,,,,,,,,,,0.0052838430274277925,,,,,,,0.043,,,,,,,,,,,
0.22,grasp,,,,,,,,,,,,,,,,,,,,,,,,,,,0.006803404772654176,,,,,,,0.043,,,,,,,,,,,
0.24,grasp,,,,,,,,,,,,,,,,,,,,,,,,,,,0.008508495055139065,,,,,,,0.043,,,,,,,,,,,
0.26,grasp,,,,,,,,,,,,,,,,,,,,,,,,,,,0.010381693486124277,,,,,,,0.043,,,,,,,,,,,
0.28,grasp,,,,,,,,,,,,,,,,,,,,,,,,,,,0.012401464860886335,,,,,,,0.043,,,,,,,,,,,
0.3,grasp,,,,,,,,,,,,,,,,,,,,,,,,,,,0.014542856253683567,,,,,,,0.043,,,,,,,,,,,
0.32,grasp,,,,,,,,,,,,,,,,,,,,,,,,,,,0.016778131015598774,,,,,,,0.043,,,,,,,,,,,
0.34,grasp,,,,,,,,,,,,,,,,,,,,,,,,,,,0.019077499397099018,,,,,,,0.043,,,,,,,,,,,
0.36,grasp,,,,,,,,,,,,,,,,,,,,,,,,,,,0.021409736946225166,,,,,,,0.043,,,,,,,,,,,
0.38,grasp,,,,,,,,,,,,,,,,,,,,,,,,,,,0.023742946796119213,,,,,,,0.043,,,,,,,,,,,
0.4,grasp,,,,,,,,,,,,,,,,,,,,,,,,,,,0.026045171543955803,,,,,,,0.043,,,,,,,,,,,
0.42,grasp,,,,,,,,,,,,,,,,,,,,,,,,,,,0.028285084292292595,,,,,,,0.043,,,,,,,,,,,
0.44,grasp,,,,,,,,,,,,,,,,,,,,,,,,,,,0.030432719737291336,,,,,,,0.043,,,,,,,,,,,
0.46,grasp,,,,,,,,,,,,,,,,,,,,,,,,,,,0.03246011212468147,,,,,,,0.043,,,,,,,,,,,
0.48,grasp,,,,,,,,,,,,,,,,,,,,,,,,,,,0.03434199094772339,,,,,,,0.043,,,,,,,,,,,
0.5,grasp,,,,,,,,,,,,,,,,,,,,,,,,,,,0.0360563974827528,,,,,,,0.043,,,,,,,,,,,
0.52,grasp,,,,,,,,,,,,,,,,,,,,,,,,,,,0.037585511803627014,,,,,,,0.043,,,,,,,,,,,
0.54,grasp,,,,,,,,,,,,,,,,,,,,,,,,,,,0.0389162078499794,,,,,,,0.043,,,,,,,,,,,
0.56,grasp,,,,,,,,,,,,,,,,,,,,,,,,,,,0.04004077799618244,,,,,,,0.043,,,,,,,,,,,
0.58,grasp,,,,,,,,,,,,,,,,,,,,,,,,,,,0.04095758497714996,,,,,,,0.043,,,,,,,,,,,
0.6,grasp,,,,,,,,,,,,,,,,,,,,,,,,,,,0.04167182743549347,,,,,,,0.043,,,,,,,,,,,
0.62,grasp,,,,,,,,,,,,,,,,,,,,,,,,,,,0.042196109890937805,,,,,,,0.043,,,,,,,,,,,
0.64,grasp,,,,,,,,,,,,,,,,,,,,,,,,,,,0.0425511971116066,,,,,,,0.043,,,,,,,,,,,
0.66,grasp,,,,,,,,,,,,,,,,,,,,,,,,,,,0.04276668466627598,,,,,,,0.043,,,,,,,,,,,
0.68,grasp,,,,,,,,,,,,,,,,,,,,,,,,,,,0.042881689965724945,,,,,,,0.043,,,,,,,,,,,
0.68,grasp,,,,,,,,,,,,,,,,,,,,,-1.6435299698969175e-07,0.0010455925948917866,0.00012923307076562196,-3.906256824848242e-05,7.986722394548451e-09,-8.581240162897075e-10,0.042881689965724945,-8.668261131106192e-08,0.0005271430709399283,0.00012056442210450768,-1.968876131286379e-05,2.237557250595046e-09,-4.87442475272104e-10,,,,,,,,,,,,
0.7000000000000001,grasp,,,,,,,,,,,,,,,,,,,,,-1.6574929873058863e-07,0.0010503509547561407,0.00012924121983814985,-3.9242906495928764e-05,7.94416266103326e-09,-9.13929876222852e-10,0.042881689965724945,-8.668261131106192e-08,0.0005271430709399283,0.00012056442210450768,-1.968876131286379e-05,2.237557250595046e-09,-4.87442475272104e-10,,,,,,,,,,,,
0.7200000000000001,grasp,,,,,,,,,,,,,,,,,,,,,0.00010147002467419952,0.0010823813499882817,0.00012907710333820432,-7.109833677532151e-05,1.332005808762915e-06,-8.92337581603897e-09,0.042881689965724945,0.00021408922926511825,0.0005883277547408968,0.00024326681404429056,-8.522683553767563e-05,1.9885335407510055e-06,-3.962023021293411e-10,,,,,,,,,,,,
0.74,grasp,,,,,,,,,,,,,,,,,,,,,0.00015494925901293755,0.0010990580776706338,0.00012906425399705768,-8.75216064741835e-05,1.3423450582195073e-06,2.1265074146015195e-09,0.042881689965724945,0.00021408922926511825,0.0005883277547408968,0.00024326681404429056,-8.522683553767563e-05,1.9885335407510055e-06,-3.962023021293411e-10,,,,,,,,,,,,
0.76,grasp,,,,,,,,,,,,,,,,,,,,,0.0008770765853114426,0.0013064644299447536,0.00012745267304126173,-0.0003099523310083896,1.0505129466764629e-05,-5.13182847328153e-08,0.042881689965724945,0.0016568995713921973,0.00100050250974175,0.0010698597246429217,-0.0005267284330606299,1.5369349016720718e-05,2.184434542125798e-10,,,,,,,,,,,,
0.78,grasp,,,,,,,,,,,,,,,,,,,,,0.0012511201202869415,0.0014147984329611063,0.00012742067337967455,-0.0004246453754603863,1.067490393324988e-05,2.3327077158796783e-08,0.042881689965724945,0.0016568995713921973,0.00100050250974175,0.0010698597246429217,-0.0005267284330606299,1.5369349016720718e-05,2.184434542125798e-10,,,,,,,,,,,,
0.8,grasp,,,,,,,,,,,,,,,,,,,,,0.003258670913055539,0.0020083324052393436,0.0005179362487979233,-0.0010406699730083346,3.529989771777764e-05,-1.0811442052727216e-07,0.042881689965724945,0.005407100564132285,0.002071837441303078,0.003218366012979486,-0.001674294237553337,5.0149212927755794e-05,1.8160512684274774e-09,,,,,,,,,,,,
0.8200000000000001,grasp,,,,,,,,,,,,,,,,,,,,,0.004298170562833548,0.0023024887777864933,0.0007967570563778281,-0.0013575804186984897,3.6414206988411024e-05,8.334168200008207e-08,0.042881689965724945,0.005407100564132285,0.002071837441303078,0.003218366012979486,-0.001674294237553337,5.0149212927755794e-05,1.8160512684274774e-09,,,,,,,,,,,,
0.8400000000000001,grasp,,,,,,,,,,,,,,,,,,,,,0.008211348205804825,0.003420279361307621,0.00285665737465024,-0.002556542167440057,8.363861707039177e-05,-1.5581491652483237e-07,0.042881689965724945,0.012388025129601335,0.004062270942060401,0.007216028445323602,-0.0038104323934614174,0.00011489016302707992,4.789917313052018e-09,,,,,,,,,,,,
0.8600000000000001,grasp,,,,,,,,,,,,,,,,,,,,,0.010236995294690132,0.003986409865319729,0.00395832909271121,-0.0031740202102810144,8.692638220964e-05,1.9274563101134845e-07,0.042881689965724945,0.012388025129601335,0.004062270942060401,0.007216028445323602,-0.0038104323934614174,0.00011489016302707992,4.789917313052018e-09,,,,,,,,,,,,
0.8800000000000001,grasp,,,,,,,,,,,,,,,,,,,,,0.016597930341959,0.005797560326755047,0.00753078144043684,-0.005122767761349678,0.0001631381455808878,-1.847844401936527e-07,0.042881689965724945,0.023379026635097337,0.00717560713985436,0.013500800415121555,-0.007173466910780808,0.00021681483221171235,9.471812050128546e-09,,,,,,,,,,,,
0.9,grasp,,,,,,,,,,,,,,,,,,,,,0.019889870658516884,0.006715077906847,0.009430212900042534,-0.006126439664512873,0.0001698846317594871,3.52083986854268e-07,0.042881689965724945,0.023379026635097337,0.00717560713985436,0.013500800415121555,-0.007173466910780808,0.00021681483221171235,9.471812050128546e-09,,,,,,,,,,,,
0.92,grasp,,,,,,,,,,,,,,,,,,,,,0.029155336320400238,0.009326452389359474,0.014671491459012032,-0.008964764885604382,0.0002805281546898186,-1.9169912945926626e-07,0.042881689965724945,0.039026407750617866,0.011552690303903662,0.022423096008559948,-0.01196079656853239,0.0003619049890034319,1.613650633462202e-08,,,,,,,,,,,,
0.9400000000000001,grasp,,,,,,,,,,,,,,,,,,,,,0.033949609845876694,0.010650251060724258,0.01745358668267727,-0.01042662002146244,0.0002919255057349801,5.583272582043719e-07,0.042881689965724945,0.039026407750617866,0.011552690303903662,0.022423096008559948,-0.01196079656853239,0.0003619049890034319,1.613650633462202e-08,,,,,,,,,,,,
0.9600000000000001,grasp,,,,,,,,,,,,,,,,,,,,,0.04649271070957184,0.014128661714494228,0.024535046890378,-0.014268500730395317,0.0004414734139572829,-1.7560813603267889e-07,0.042881689965724945,0.05985031670467652,0.01727393789395005,0.03425022055876676,-0.018331009999614224,0.0005549654994729729,2.5004712686162725e-08,,,,,,,,,,,,
0.98,grasp,,,,,,,,,,,,,,,,,,,,,0.05298209190368652,0.01589246466755867,0.02829054184257984,-0.016247261315584183,0.00045855631469748914,8.069202976912493e-07,0.042881689965724945,0.05985031670467652,0.01727393789395005,0.03425022055876676,-0.018331009999614224,0.0005549654994729729,2.5004712686162725e-08,,,,,,,,,,,,
1.0,grasp,,,,,,,,,,,,,,,,,,,,,0.06909047812223434,0.020279794931411743,0.03735298663377762,-0.021180497482419014,0.0006504455814138055,-1.3581789914951514e-07,0.042881689965724945,0.08624031219270581,0.024389018690900332,0.049179460145270505,-0.026402790143256846,0.0007995911606091094,3.624156216431664e-08,,,,,,,,,,,,
1.02,grasp,,,,,,,,,,,,,,,,,,,,,0.07742352783679962,0.022504793480038643,0.04215583950281143,-0.02372136153280735,0.0006741059478372335,1.0924906064246898e-06,0.042881689965724945,0.08624031219270581,0.024389018690900332,0.049179460145270505,-0.026402790143256846,0.0007995911606091094,3.624156216431664e-08,,,,,,,,,,,,
1.04,grasp,,,,,,,,,,,,,,,,,,,,,0.09729640185832977,0.027837667614221573,0.05330488458275795,-0.029806796461343765,0.0009106966899707913,-7.219883713105446e-08,0.042881689965724945,0.11845004162722726,0.03295034101787031,0.0673521944588688,-0.03625358161924556,0.0010981263021426868,4.995475810875665e-08,,,,,,,,,,,,
1.06,grasp,,,,,,,,,,,,,,,,,,,,,0.107575923204422,0.030542554333806038,0.059210147708654404,-0.03294111788272858,0.0009416696848347783,1.4091563116380712e-06,0.042881689965724945,0.11845004162722726,0.03295034101787031,0.0673521944588688,-0.03625358161924556,0.0010981263021426868,4.995475810875665e-08,,,,,,,,,,,,
1.08,grasp,,,,,,,,,,,,,,,,,,,,,0.13133198022842407,0.03684671223163605,0.07251324504613876,-0.040215060114860535,0.001224340288899839,1.3220596173368904e-08,0.042881689965724945,0.15661541905715998,0.04299088437143896,0.0888497917488522,-0.04792491991494308,0.0014518269756098436,6.62019989270638e-08,,,,,,,,,,,,
1.1,grasp,,,,,,,,,,,,,,,,,,,,,0.1436191350221634,0.04004473239183426,0.07955560833215714,-0.043961524963378906,0.0012632126454263926,1.7501947695564013e-06,0.042881689965724945,0.15661541905715998,0.04299088437143896,0.0888497917488522,-0.04792491991494308,0.0014518269756098436,6.62019989270638e-08,,,,,,,,,,,,
1.12,grasp,,,,,,,,,,,,,,,,,,,,,0.17130686342716217,0.04732481390237808,0.09503909945487976,-0.052438732236623764,0.0015924880281090736,1.1904129593176549e-07,0.042881689965724945,0.20077145297683335,0.05450625423814956,0.11368904005692891,-0.06142739107947334,0.0018610137721232496,8.499801309902923e-08,,,,,,,,,,,,
1.1400000000000001,grasp,,,,,,,,,,,,,,,,,,,,,0.1856265515089035,0.05101854354143143,0.10323135554790497,-0.05680498480796814,0.001639701658859849,2.1086812012072187e-06,0.042881689965724945,0.20077145297683335,0.05450625423814956,0.11368904005692891,-0.06142739107947334,0.0018610137721232496,8.499801309902923e-08,,,,,,,,,,,,
1.1600000000000001,grasp,,,,,,,,,,,,,,,,,,,,,0.2172255516052246,0.0592709444463253,0.12088454514741898,-0.06647922098636627,0.0020152402576059103,2.433325505535322e-07,0.042881689965724945,0.25084932082719746,0.06748668273972111,0.14183232075237087,-0.07674001776899017,0.002325054238608138,1.0631370836531353e-07,,,,,,,,,,,,
1.1800000000000002,grasp,,,,,,,,,,,,,,,,,,,,,0.23356693983078003,0.0634588822722435,0.13021959364414215,-0.0714619904756546,0.002071106806397438,2.47840148404066e-06,0.042881689965724945,0.25084932082719746,0.06748668273972111,0.14183232075237087,-0.07674001776899017,0.002325054238608138,1.0631370836531353e-07,,,,,,,,,,,,
1.2000000000000002,grasp,,,,,,,,,,,,,,,,,,,,,0.2689965069293976,0.07265964150428772,0.1499965339899063,-0.08230841904878616,0.002491844817996025,3.833843891243305e-07,0.042881689965724945,0.3066932400181175,0.08188507771042648,0.17318943925069163,-0.09381505564135542,0.002842499720955079,1.3008255363704647e-07,,,,,,,,,,,,
1.2200000000000002,grasp,,,,,,,,,,,,,,,,,,,,,0.2873176038265228,0.07732994109392166,0.16044877469539642,-0.0878949835896492,0.0025565442629158497,2.8520453270175494e-06,0.042881689965724945,0.3066932400181175,0.08188507771042648,0.17318943925069163,-0.09381505564135542,0.002842499720955079,1.3008255363704647e-07,,,,,,,,,,,,
1.2400000000000002,grasp,,,,,,,,,,,,,,,,,,,,,0.32643958926200867,0.08744069188833237,0.18227240443229675,-0.09987124055624008,0.0030206770170480013,5.364523190110049e-07,0.042881689965724945,0.3680623399423676,0.0976357624078678,0.20762482331472995,-0.11257861144907,0.0034111075889169482,1.5620155671648464e-07,,,,,,,,,,,,
1.26,grasp,,,,,,,,,,,,,,,,,,,,,0.34666869044303894,0.0925740897655487,0.19379962980747223,-0.10603968054056168,0.003094280371442437,3.223470002922113e-06,0.042881689965724945,0.3680623399423676,0.0976357624078678,0.20762482331472995,-0.11257861144907,0.0034111075889169482,1.5620155671648464e-07,,,,,,,,,,,,
1.28,grasp,,,,,,,,,,,,,,,,,,,,,0.3892914056777954,0.1035483255982399,0.2175649255514145,-0.11908705532550812,0.003599361749365926,6.999390507189673e-07,0.042881689965724945,0.43463605685577117,0.11466424829319163,0.24496196937029904,-0.13293270171283256,0.004027910787177855,1.8453443788616672e-07,,,,,,,,,,,,
1.3,grasp,,,,,,,,,,,,,,,,,,,,,0.41132938861846924,0.10912149399518967,0.23011013865470886,-0.12580710649490356,0.0036818208172917366,3.585940021366696e-06,0.042881689965724945,0.43463605685577117,0.11466424829319163,0.24496196937029904,-0.13293270171283256,0.004027910787177855,1.8453443788616672e-07,,,,,,,,,,,,
1.32,grasp,,,,,,,,,,,,,,,,,,,,,0.4572155773639679,0.12089604139328003,0.25568482279777527,-0.1398528665304184,0.004224866162985563,8.705717959855974e-07,0.042881689965724945,0.5060292266770924,0.13286639234700706,0.2849833766386621,-0.15475952484508107,0.004689349937822577,2.1491762511984276e-07,,,,,,,,,,,,
1.34,grasp,,,,,,,,,,,,,,,,,,,,,0.4809392988681793,0.12687720358371735,0.26917675137519836,-0.14708712697029114,0.004316035658121109,3.932786512450548e-06,0.042881689965724945,0.5060292266770924,0.13286639234700706,0.2849833766386621,-0.15475952484508107,0.004689349937822577,2.1491762511984276e-07,,,,,,,,,,,,
1.36,grasp,,,,,,,,,,,,,,,,,,,,,0.5298076272010803,0.13938288390636444,0.2964056432247162,-0.1620451807975769,0.004893538076430559,1.0433656143504777e-06,0.042881689965724945,0.5817916553816437,0.1521342508416179,0.3274391055099071,-0.17792150945354326,0.005391260204935491,2.4715989657482175e-07,,,,,,,,,,,,
1.3800000000000001,grasp,,,,,,,,,,,,,,,,,,,,,0.5550718307495117,0.14573688805103302,0.310761421918869,-0.16974936425685883,0.004993143025785685,4.2566980482661165e-06,0.042881689965724945,0.5817916553816437,0.1521342508416179,0.3274391055099071,-0.17792150945354326,0.005391260204935491,2.4715989657482175e-07,,,,,,,,,,,,
1.4,grasp,,,,,,,,,,,,,,,,,,,,,0.6066051721572876,0.1588928997516632,0.33946797251701355,-0.18552261590957642,0.005601145792752504,1.218184593199112e-06,0.042881689965724945,0.6614213294161242,0.1723399297080897,0.37204810138022243,-0.20226519006510463,0.006128989849374733,2.8104757921493906e-07,,,,,,,,,,,,
1.42,grasp,,,,,,,,,,,,,,,,,,,,,0.6332454085350037,0.16557903587818146,0.3545936048030853,-0.19364650547504425,0.005708813667297363,4.554467977868626e-06,0.042881689965724945,0.6614213294161242,0.1723399297080897,0.37204810138022243,-0.20226519006510463,0.006128989849374733,2.8104757921493906e-07,,,,,,,,,,,,
1.44,grasp,,,,,,,,,,,,,,,,,,,,,0.6870932579040527,0.17929717898368835,0.38458332419395447,-0.2101278454065323,0.006342997774481773,1.3893791219743434e-06,0.042881689965724945,0.7443693542727449,0.19334605135548788,0.41850330764412885,-0.22762293296781966,0.00689745614236992,3.1634731817725785e-07,,,,,,,,,,,,
1.46,grasp,,,,,,,,,,,,,,,,,,,,,0.7149282693862915,0.18627046048641205,0.40037551522254944,-0.21861638128757477,0.0064582484774291515,4.820555659534875e-06,0.042881689965724945,0.7443693542727449,0.19334605135548788,0.41850330764412885,-0.22762293296781966,0.00689745614236992,3.1634731817725785e-07,,,,,,,,,,,,
1.48,grasp,,,,,,,,,,,,,,,,,,,,,0.770713210105896,0.20045717060565948,0.43143850564956665,-0.23569034039974213,0.007114011328667402,1.554237542222836e-06,0.042881689965724945,0.830047041396841,0.21500867880872704,0.4664761600565783,-0.2538151145764236,0.007691218315186836,3.528090514218388e-07,,,,,,,,,,,,
1.5,grasp,,,,,,,,,,,,,,,,,,,,,0.7995477914810181,0.207670196890831,0.4477863907814026,-0.2444840371608734,0.007236236706376076,5.051212610851508e-06,0.042881689965724945,0.830047041396841,0.21500867880872704,0.4664761600565783,-0.2538151145764236,0.007691218315186836,3.528090514218388e-07,,,,,,,,,,,,
1.52,grasp,,,,,,,,,,,,,,,,,,,,,0.8568694591522217,0.22222481667995453,0.4796998202800751,-0.26202836632728577,0.007908725179731846,1.7091923609768855e-06,0.042881689965724945,0.9178357486414213,0.23717179182752332,0.5156196674803564,-0.28065284429495374,0.008504552301798179,3.901699010709339e-07,,,,,,,,,,,,
1.54,grasp,,,,,,,,,,,,,,,,,,,,,0.8864967226982117,0.22962628304958344,0.49648600816726685,-0.2710641324520111,0.008037266321480274,5.238053745415527e-06,0.042881689965724945,0.9178357486414213,0.23717179182752332,0.5156196674803564,-0.28065284429495374,0.008504552301798179,3.901699010709339e-07,,,,,,,,,,,,
1.56,grasp,,,,,,,,,,,,,,,,,,,,,0.9449373483657837,0.2444448620080948,0.5290171504020691,-0.28895097970962524,0.008721450343728065,1.8490156890038634e-06,0.042881689965724945,1.007091874254829,0.2596766591694934,0.5655740261003289,-0.30793957719613446,0.009331497067276776,4.2815610683651253e-07,,,,,,,,,,,,
1.58,grasp,,,,,,,,,,,,,,,,,,,,,0.9751410484313965,0.25198179483413696,0.546119213104248,-0.2981632351875305,0.008855508640408516,5.3800176829099655e-06,0.042881689965724945,1.007091874254829,0.2596766591694934,0.5655740261003289,-0.30793957719613446,0.009331497067276776,4.2815610683651253e-07,,,,,,,,,,,,
1.6,grasp,,,,,,,,,,,,,,,,,,,,,1.0342707633972168,0.2669578194618225,0.5790287256240845,-0.3162612318992615,0.009546236135065556,1.975382929231273e-06,0.042881689965724945,1.0971551900621173,0.2823608118382445,0.6159703724089406,-0.3354738257260414,0.01016593640457094,4.6648661326780756e-07,,,,,,,,,,,,
1.62,grasp,,,,,,,,,,,,,,,,,,,,,1.0648282766342163,0.2745758891105652,0.5963214039802551,-0.3255820572376251,0.009684933349490166,5.476875685417326e-06,0.042881689965724945,1.0971551900621173,0.2823608118382445,0.6159703724089406,-0.3354738257260414,0.01016593640457094,4.6648661326780756e-07,,,,,,,,,,,,
1.6400000000000001,grasp,,,,,,,,,,,,,,,,,,,,,1.124207854270935,0.2896000146865845,0.6293651461601257,-0.34375694394111633,0.010376999154686928,2.0824852526857285e-06,0.042881689965724945,1.1873569531015247,0.30505835415353205,0.6664345693454753,-0.36305141296290405,0.01100167669042562,5.048767378034058e-07,,,,,,,,,,,,
1.6600000000000001,grasp,,,,,,,,,,,,,,,,,,,,,1.1548928022384644,0.2972433865070343,0.6467206478118896,-0.35311755537986755,0.010519346222281456,5.5269570111704525e-06,0.042881689965724945,1.1873569531015247,0.30505835415353205,0.6664345693454753,-0.36305141296290405,0.01100167669042562,5.048767378034058e-07,,,,,,,,,,,,
1.6800000000000002,grasp,,,,,,,,,,,,,,,,,,,,,1.2140814065933228,0.31220611929893494,0.6796532273292542,-0.37123459577560425,0.011207619681954384,2.1705252493120497e-06,0.042881689965724945,1.2770267053210114,0.32760302265552793,0.7165921509379782,-0.39046763374473503,0.011832518436162412,5.430418365254826e-07,,,,,,,,,,,,
1.7000000000000002,grasp,,,,,,,,,,,,,,,,,,,,,1.244666337966919,0.3198191225528717,0.6969429850578308,-0.3805653154850006,0.01135255116969347,5.53052086615935e-06,0.042881689965724945,1.2770267053210114,0.32760302265552793,0.7165921509379782,-0.39046763374473503,0.011832518436162412,5.430418365254826e-07,,,,,,,,,,,,
1.7200000000000002,grasp,,,,,,,,,,,,,,,,,,,,,1.303226113319397,0.33461111783981323,0.7295210361480713,-0.39849036931991577,0.012031935155391693,2.2397227894543903e-06,0.042881689965724945,1.3654998676329608,0.34983031075057286,0.7660724724122748,-0.4175190469604234,0.01265229888244764,5.806986531492629e-07,,,,,,,,,,,,
1.7400000000000002,grasp,,,,,,,,,,,,,,,,,,,,,1.3334836959838867,0.3421378433704376,0.7466176152229309,-0.407722145318985,0.012178311124444008,5.4913498388486914e-06,0.042881689965724945,1.3654998676329608,0.34983031075057286,0.7660724724122748,-0.4175190469604234,0.01265229888244764,5.806986531492629e-07,,,,,,,,,,,,
1.7600000000000002,grasp,,,,,,,,,,,,,,,,,,,,,1.3909814357757568,0.35665163397789,0.7786014080047607,-0.4253225326538086,0.01284380815923214,2.291195642101229e-06,0.042881689965724945,1.4521249897369255,0.37157910134820316,0.8145131692052459,-0.4440062324741615,0.013454972839770244,6.175695535589541e-07,,,,,,,,,,,,
1.7800000000000002,grasp,,,,,,,,,,,,,,,,,,,,,1.420689344406128,0.3640373945236206,0.7953799366950989,-0.43438705801963806,0.01299049612134695,5.406713626143755e-06,0.042881689965724945,1.4521249897369255,0.37157910134820316,0.8145131692052459,-0.4440062324741615,0.013454972839770244,6.175695535589541e-07,,,,,,,,,,,,
1.8000000000000003,grasp,,,,,,,,,,,,,,,,,,,,,1.4767051935195923,0.3781684637069702,0.8265368342399597,-0.4515342116355896,0.013637375086545944,2.3195550511445617e-06,0.042881689965724945,1.5362716297561145,0.39269281024896646,0.861563819559916,-0.4697363447065518,0.014234696424244204,6.533860796426827e-07,,,,,,,,,,,,
1.8200000000000003,grasp,,,,,,,,,,,,,,,,,,,,,1.5056453943252563,0.38535985350608826,0.8428761959075928,-0.4603653848171234,0.013783115893602371,5.280020104692085e-06,0.042881689965724945,1.5362716297561145,0.39269281024896646,0.861563819559916,-0.4697363447065518,0.014234696424244204,6.533860796426827e-07,,,,,,,,,,,,
1.8399999999999999,grasp,,,,,,,,,,,,,,,,,,,,,1.5597763061523438,0.3990076780319214,0.872983455657959,-0.47693607211112976,0.014406850561499596,2.3266813968803035e-06,0.042881689965724945,1.617337580068126,0.41302202710426966,0.9068903531808105,-0.4945252101904296,0.014985905629264974,6.878926794407532e-07,,,,,,,,,,,,
1.8599999999999999,grasp,,,,,,,,,,,,,,,,,,,,,1.5877418518066406,0.4059534966945648,0.8887669444084167,-0.48547014594078064,0.01455041952431202,5.1147617341484874e-06,0.042881689965724945,1.617337580068126,0.41302202710426966,0.9068903531808105,-0.4945252101904296,0.014985905629264974,6.878926794407532e-07,,,,,,,,,,,,
1.88,grasp,,,,,,,,,,,,,,,,,,,,,1.6396063566207886,0.4190228581428528,0.9176139831542969,-0.5013473033905029,0.015146794728934765,2.3155075723479968e-06,0.042881689965724945,1.6947566038351531,0.4324260332821763,0.9501789160989579,-0.5181996724121053,0.015703376164590284,7.208490873484667e-07,,,,,,,,,,,,
1.9,grasp,,,,,,,,,,,,,,,,,,,,,1.666399598121643,0.4256744086742401,0.9327322840690613,-0.5095244646072388,0.015286926180124283,4.916212674288545e-06,0.042881689965724945,1.6947566038351531,0.4324260332821763,0.9501789160989579,-0.5181996724121053,0.015703376164590284,7.208490873484667e-07,,,,,,,,,,,,
1.92,grasp,,,,,,,,,,,,,,,,,,,,,1.715643286705017,0.43807679414749146,0.9601243734359741,-0.5245997905731201,0.015852047130465508,2.2873473426443525e-06,0.042881689965724945,1.7680054231073197,0.45077476646473835,0.9911407452220125,-0.5406001716125934,0.01638225249354056,7.520328456127102e-07,,,,,,,,,,,,
1.94,grasp,,,,,,,,,,,,,,,,,,,,,1.7410809993743896,0.4443889856338501,0.9744752645492554,-0.5323638319969177,0.015987545251846313,4.688665740104625e-06,0.042881689965724945,1.7680054231073197,0.45077476646473835,0.9911407452220125,-0.5406001716125934,0.01638225249354056,7.520328456127102e-07,,,,,,,,,,,,
1.96,grasp,,,,,,,,,,,,,,,,,,,,,1.786385416984558,0.45660656690597534,0.9996694922447205,-0.5454086065292358,0.016473187133669853,2.2910635379957967e-06,0.042881689965724945,1.8345575119893693,0.4691198770472533,1.0283416353989725,-0.5592508640306281,0.016930259454606036,7.878125396467339e-07,,,,,,,,,,,,
1.98,grasp,,,,,,,,,,,,,,,,,,,,,1.8097867965698242,0.46283629536628723,1.012861728668213,-0.5521267652511597,0.016584424301981926,4.392509708850412e-06,0.042881689965724945,1.8345575119893693,0.4691198770472533,1.0283416353989725,-0.5592508640306281,0.016930259454606036,7.878125396467339e-07,,,,,,,,,,,,
2.0,grasp,,,,,,,,,,,,,,,,,,,,,1.8246852159500122,0.48961639404296875,1.0207734107971191,-0.5331882238388062,0.015819579362869263,3.6864473713649204e-06,0.042881689965724945,1.8404887645463157,0.5178352142424757,1.0308399696270165,-0.5130438928998616,0.015087820453771493,9.948870189451862e-07,,,,,,,,,,,,
2.02,grasp,,,,,,,,,,,,,,,,,,,,,1.8323609828948975,0.5035777688026428,1.0247961282730103,-0.5234317183494568,0.015427161939442158,3.2440905215480598e-06,0.042881689965724945,1.8404887645463157,0.5178352142424757,1.0308399696270165,-0.5130438928998616,0.015087820453771493,9.948870189451862e-07,,,,,,,,,,,,
2.04,grasp,,,,,,,,,,,,,,,,,,,,,1.8353533744812012,0.5343226790428162,1.0259203910827637,-0.4938000440597534,0.014292594976723194,2.658565790625289e-06,0.042881689965724945,1.8385260328686572,0.5666357589094251,1.0289003885218944,-0.4622912361276777,0.01312390044072085,1.203793720376815e-06,,,,,,,,,,,,
2.06,grasp,,,,,,,,,,,,,,,,,,,,,1.8368923664093018,0.5503177046775818,1.0264230966567993,-0.47853463888168335,0.013714615255594254,2.213984316767892e-06,0.042881689965724945,1.8385260328686572,0.5666357589094251,1.0289003885218944,-0.4622912361276777,0.01312390044072085,1.203793720376815e-06,,,,,,,,,,,,
2.08,grasp,,,,,,,,,,,,,,,,,,,,,1.8368324041366577,0.5797955989837646,1.0258654356002808,-0.4484633207321167,0.012566732242703438,1.9307217371533625e-06,0.042881689965724945,1.8367602907973142,0.6106762089683745,1.0271554602095865,-0.4164867452840076,0.011357029016614652,1.391738268924894e-06,,,,,,,,,,,,
2.1,grasp,,,,,,,,,,,,,,,,,,,,,1.8370164632797241,0.5950706601142883,1.0254946947097778,-0.4329720735549927,0.011499647982418537,5.974840678391047e-05,0.042881689965724945,1.8367602907973142,0.6106762089683745,1.0271554602095865,-0.4164867452840076,0.011357029016614652,1.391738268924894e-06,,,,,,,,,,,,
2.12,grasp,,,,,,,,,,,,,,,,,,,,,1.8364253044128418,0.6218013167381287,1.024538516998291,-0.40526676177978516,0.009989568963646889,0.00010761263547465205,0.042881689965724945,1.8351925489447933,0.6497961857238621,1.0256067550002115,-0.3757993538233388,0.009788620427462296,1.5585748647790968e-06,,,,,,,,,,,,
2.14,grasp,,,,,,,,,,,,,,,,,,,,,1.8358958959579468,0.6357144117355347,1.0239973068237305,-0.39099231362342834,0.009732683189213276,7.45298239053227e-05,0.042881689965724945,1.8351925489447933,0.6497961857238621,1.0256067550002115,-0.3757993538233388,0.009788620427462296,1.5585748647790968e-06,,,,,,,,,,,,
2.16,grasp,,,,,,,,,,,,,,,,,,,,,1.8350589275360107,0.6593164801597595,1.0231400728225708,-0.36643749475479126,0.008725585415959358,8.06036769063212e-05,0.042881689965724945,1.833824593910386,0.683909131295051,1.0242556846118376,-0.3403202118061299,0.008420307086108829,1.7041263304329545e-06,,,,,,,,,,,,
2.18,grasp,,,,,,,,,,,,,,,,,,,,,1.8344676494598389,0.6715789437294006,1.0226367712020874,-0.353786438703537,0.008581139147281647,4.152963447268121e-05,0.042881689965724945,1.833824593910386,0.683909131295051,1.0242556846118376,-0.3403202118061299,0.008420307086108829,1.7041263304329545e-06,,,,,,,,,,,,
2.2,grasp,,,,,,,,,,,,,,,,,,,,,1.8338819742202759,0.6918723583221436,1.0221967697143555,-0.33259347081184387,0.007316969335079193,9.263824176741764e-05,0.042881689965724945,1.8326560743216498,0.7130085496473453,1.023101477320807,-0.31005636846368134,0.007251592927279363,1.8284439750424866e-06,,,,,,,,,,,,
2.22,grasp,,,,,,,,,,,,,,,,,,,,,1.8339734077453613,0.7023265957832336,1.0222095251083374,-0.3216747045516968,0.005732603371143341,0.00022047359379939735,0.042881689965724945,1.8326560743216498,0.7130085496473453,1.023101477320807,-0.31005636846368134,0.007251592927279363,1.8284439750424866e-06,,,,,,,,,,,,
2.24,grasp,,,,,,,,,,,,,,,,,,,,,1.8335310220718384,0.7194019556045532,1.0218358039855957,-0.3038642108440399,0.004426661878824234,0.00029155201627872884,0.042881689965724945,1.8316830627175038,0.7371744108430076,1.0221407052865594,-0.2849244406557393,0.006278898430258595,1.931911139031604e-06,,,,,,,,,,,,
2.2600000000000002,grasp,,,,,,,,,,,,,,,,,,,,,1.833200454711914,0.7282614707946777,1.0215848684310913,-0.29468879103660583,0.003996915649622679,0.000300775864161551,0.042881689965724945,1.8316830627175038,0.7371744108430076,1.0221407052865594,-0.2849244406557393,0.006278898430258595,1.931911139031604e-06,,,,,,,,,,,,
2.2800000000000002,grasp,,,,,,,,,,,,,,,,,,,,,1.8326226472854614,0.7421864867210388,1.0211031436920166,-0.28017833828926086,0.0034730390179902315,0.00029664483736269176,0.042881689965724945,1.830899002497679,0.7565796114936273,1.021366377553392,-0.2647442336123391,0.005495280122669094,2.0152670431299137e-06,,,,,,,,,,,,
2.3000000000000003,grasp,,,,,,,,,,,,,,,,,,,,,1.832202672958374,0.7494388818740845,1.0205854177474976,-0.272704541683197,0.0034516791347414255,0.0002677982847671956,0.042881689965724945,1.830899002497679,0.7565796114936273,1.021366377553392,-0.2647442336123391,0.005495280122669094,2.0152670431299137e-06,,,,,,,,,,,,
2.3200000000000003,grasp,,,,,,,,,,,,,,,,,,,,,1.831627607345581,0.7603813409805298,1.0198713541030884,-0.2613358795642853,0.0033177745062857866,0.0002321015199413523,0.042881689965724945,1.83029338587978,0.7714964816213998,1.0207684222710824,-0.24923244240586676,0.004890108969750212,2.0796430126191287e-06,,,,,,,,,,,,
2.3400000000000003,grasp,,,,,,,,,,,,,,,,,,,,,1.831470251083374,0.7660091519355774,1.0195386409759521,-0.2554798722267151,0.0029498327057808638,0.00024329313600901514,0.042881689965724945,1.83029338587978,0.7714964816213998,1.0207684222710824,-0.24923244240586676,0.004890108969750212,2.0796430126191287e-06,,,,,,,,,,,,
2.36,grasp,,,,,,,,,,,,,,,,,,,,,1.8313777446746826,0.7741033434867859,1.0196701288223267,-0.24701008200645447,0.0018128069350495934,0.00033821375109255314,0.042881689965724945,1.8298516738911503,0.7823027483050387,1.0203322308681781,-0.237995855036185,0.004448809067233383,2.1265883494470272e-06,,,,,,,,,,,,
2.38,grasp,,,,,,,,,,,,,,,,,,,,,1.831324815750122,0.7782719731330872,1.0196936130523682,-0.24264855682849884,0.0013445160584524274,0.00037101030466146767,0.042881689965724945,1.8298516738911503,0.7823027483050387,1.0203322308681781,-0.237995855036185,0.004448809067233383,2.1265883494470272e-06,,,,,,,,,,,,
2.4,grasp,,,,,,,,,,,,,,,,,,,,,1.8309944868087769,0.7839202284812927,1.0192492008209229,-0.23678287863731384,0.0014181546866893768,0.00033168046502396464,0.042881689965724945,1.829553478753393,0.7894889995260418,1.0200378773989545,-0.23052610937779627,0.004150937871219282,2.1582766862287735e-06,,,,,,,,,,,,
2.42,grasp,,,,,,,,,,,,,,,,,,,,,1.8308026790618896,0.7868428826332092,1.0192234516143799,-0.23375724256038666,0.0013993174070492387,0.00032608816400170326,0.042881689965724945,1.829553478753393,0.7894889995260418,1.0200378773989545,-0.23052610937779627,0.004150937871219282,2.1582766862287735e-06,,,,,,,,,,,,
2.44,grasp,,,,,,,,,,,,,,,,,,,,,1.8308299779891968,0.7903167605400085,1.0192309617996216,-0.2300986498594284,0.0008398898644372821,0.00037113294820301235,0.042881689965724945,1.8293764242466897,0.7936628104408611,1.0198630617246252,-0.22619063416477114,0.003974117491287903,2.177087791241362e-06,,,,,,,,,,,,
2.46,grasp,,,,,,,,,,,,,,,,,,,,,1.8305871486663818,0.7921749949455261,1.0187889337539673,-0.2282162308692932,0.0011932633351534605,0.0003191022260580212,0.042881689965724945,1.8293764242466897,0.7936628104408611,1.0198630617246252,-0.22619063416477114,0.003974117491287903,2.177087791241362e-06,,,,,,,,,,,,
2.48,grasp,,,,,,,,,,,,,,,,,,,,,1.8305176496505737,0.7940183877944946,1.0186251401901245,-0.22629378736019135,0.0010911038843914866,0.00032377734896726906,0.042881689965724945,1.8292952423073066,0.7955548893665918,1.0197829153497604,-0.22422602186061277,0.003893041468098429,2.1857132285382926e-06,,,,,,,,,,,,
2.5,grasp,,,,,,,,,,,,,,,,,,,,,1.8302184343338013,0.7950443029403687,1.0182439088821411,-0.22530332207679749,0.0016679635737091303,0.00025475665461272,0.042881689965724945,1.8292952423073066,0.7955548893665918,1.0197829153497604,-0.22422602186061277,0.003893041468098429,2.1857132285382926e-06,,,,,,,,,,,,
2.52,grasp,,,,,,,,,,,,,,,,,,,,,1.8302249908447266,0.7957473397254944,1.0183581113815308,-0.22455334663391113,0.0015584974316880107,0.0002648970403242856,0.042881689965724945,1.8292748138748667,0.7960279742501004,1.0197627870519437,-0.2237348036872169,0.0038727163636530417,2.1878754532832733e-06,,,,,,,,,,,,
2.5356712540562687,grasp,,,,,,,,,,,,,,,,,,,,,1.8302242755889893,0.7961201667785645,1.0184521675109863,-0.22416189312934875,0.001507718930952251,0.0002692506241146475,0.042881689965724945,1.8292744159698486,0.7960370779037476,1.019762396812439,-0.2237253487110138,0.0038723251782357693,2.1879170617467025e-06,,,,,,,,,,,,
2.5356712540562687,grasp,,,,,,,,,,,,,,,,,,,,,,,,,,,0.043505819514393806,,,,,,,0.0,,,,,,,,,,,
2.5556712540562687,grasp,,,,,,,,,,,,,,,,,,,,,,,,,,,0.04350435361266136,,,,,,,0.0,,,,,,,,,,,
2.5756712540562687,grasp,,,,,,,,,,,,,,,,,,,,,,,,,,,0.04348728992044926,,,,,,,0.0,,,,,,,,,,,
2.5956712540562688,grasp,,,,,,,,,,,,,,,,,,,,,,,,,,,0.04343624971807003,,,,,,,0.0,,,,,,,,,,,
2.6156712540562688,grasp,,,,,,,,,,,,,,,,,,,,,,,,,,,0.04333258233964443,,,,,,,0.0,,,,,,,,,,,
2.635671254056269,grasp,,,,,,,,,,,,,,,,,,,,,,,,,,,0.04315950348973274,,,,,,,0.0,,,,,,,,,,,
2.655671254056269,grasp,,,,,,,,,,,,,,,,,,,,,,,,,,,0.0429031066596508,,,,,,,0.0,,,,,,,,,,,
2.675671254056269,grasp,,,,,,,,,,,,,,,,,,,,,,,,,,,0.04255286976695061,,,,,,,0.0,,,,,,,,,,,
2.695671254056269,grasp,,,,,,,,,,,,,,,,,,,,,,,,,,,0.04197199456393719,,,,,,,0.0,,,,,,,,,,,
2.715671254056269,grasp,,,,,,,,,,,,,,,,,,,,,,,,,,,0.041146157309412956,,,,,,,0.0,,,,,,,,,,,
2.735671254056269,grasp,,,,,,,,,,,,,,,,,,,,,,,,,,,0.03965255245566368,,,,,,,0.0,,,,,,,,,,,
2.755671254056269,grasp,,,,,,,,,,,,,,,,,,,,,,,,,,,0.03790337219834328,,,,,,,0.0,,,,,,,,,,,
2.7756712540562685,grasp,,,,,,,,,,,,,,,,,,,,,,,,,,,0.036230387166142464,,,,,,,0.0,,,,,,,,,,,
2.795671254056269,grasp,,,,,,,,,,,,,,,,,,,,,,,,,,,0.03432425297796726,,,,,,,0.0,,,,,,,,,,,
2.8156712540562685,grasp,,,,,,,,,,,,,,,,,,,,,,,,,,,0.03245698008686304,,,,,,,0.0,,,,,,,,,,,
2.8356712540562685,grasp,,,,,,,,,,,,,,,,,,,,,,,,,,,0.030400965362787247,,,,,,,0.0,,,,,,,,,,,
2.8556712540562685,grasp,,,,,,,,,,,,,,,,,,,,,,,,,,,0.02842608094215393,,,,,,,0.0,,,,,,,,,,,
2.8756712540562686,grasp,,,,,,,,,,,,,,,,,,,,,,,,,,,0.028364972211420536,,,,,,,0.0,,,,,,,,,,,
2.8956712540562686,grasp,,,,,,,,,,,,,,,,,,,,,,,,,,,0.028333998285233974,,,,,,,0.0,,,,,,,,,,,
2.9156712540562686,grasp,,,,,,,,,,,,,,,,,,,,,,,,,,,0.02830319758504629,,,,,,,0.0,,,,,,,,,,,
2.9356712540562686,grasp,,,,,,,,,,,,,,,,,,,,,,,,,,,0.028273260220885277,,,,,,,0.0,,,,,,,,,,,
2.9556712540562686,grasp,,,,,,,,,,,,,,,,,,,,,,,,,,,0.028244449757039547,,,,,,,0.0,,,,,,,,,,,
2.9756712540562686,grasp,,,,,,,,,,,,,,,,,,,,,,,,,,,0.028217258863151073,,,,,,,0.0,,,,,,,,,,,
2.9956712540562687,grasp,,,,,,,,,,,,,,,,,,,,,,,,,,,0.02819209173321724,,,,,,,0.0,,,,,,,,,,,
3.0156712540562687,grasp,,,,,,,,,,,,,,,,,,,,,,,,,,,0.0281692361459136,,,,,,,0.0,,,,,,,,,,,
3.0356712540562687,grasp,,,,,,,,,,,,,,,,,,,,,,,,,,,0.028148877434432507,,,,,,,0.0,,,,,,,,,,,
3.0556712540562687,grasp,,,,,,,,,,,,,,,,,,,,,,,,,,,0.02813115995377302,,,,,,,0.0,,,,,,,,,,,
3.0756712540562687,grasp,,,,,,,,,,,,,,,,,,,,,,,,,,,0.02811623178422451,,,,,,,0.0,,,,,,,,,,,
3.0956712540562688,grasp,,,,,,,,,,,,,,,,,,,,,,,,,,,0.02810423169285059,,,,,,,0.0,,,,,,,,,,,
3.1156712540562688,grasp,,,,,,,,,,,,,,,,,,,,,,,,,,,0.028094971552491188,,,,,,,0.0,,,,,,,,,,,
3.135671254056269,grasp,,,,,,,,,,,,,,,,,,,,,,,,,,,0.028088269755244255,,,,,,,0.0,,,,,,,,,,,
3.155671254056269,grasp,,,,,,,,,,,,,,,,,,,,,,,,,,,0.028084038756787777,,,,,,,0.0,,,,,,,,,,,
3.175671254056269,grasp,,,,,,,,,,,,,,,,,,,,,,,,,,,0.028081635013222694,,,,,,,0.0,,,,,,,,,,,
3.195671254056269,grasp,,,,,,,,,,,,,,,,,,,,,,,,,,,0.028080694377422333,,,,,,,0.0,,,,,,,,,,,
3.215671254056269,grasp,,,,,,,,,,,,,,,,,,,,,,,,,,,0.02808057889342308,,,,,,,0.0,,,,,,,,,,,
3.215671254056269,grasp,,,,,,,,,,,,,,,,,,,,,1.8296093940734863,0.7965978980064392,1.0181994438171387,-0.22376258671283722,0.003128274343907833,0.006096515338867903,0.02808057889342308,1.8292744159698486,0.7960370779037476,1.019762396812439,-0.223725363612175,0.0038723251782357693,2.1879170617467025e-06,,,,,,,,,,,,
3.235671254056269,grasp,,,,,,,,,,,,,,,,,,,,,1.8296034336090088,0.796586275100708,1.0181889533996582,-0.2237614393234253,0.003136746119707823,0.0058417185209691525,0.02808057889342308,1.8292744159698486,0.7960370779037476,1.019762396812439,-0.223725363612175,0.0038723251782357693,2.1879170617467025e-06,,,,,,,,,,,,
3.255671254056269,grasp,,,,,,,,,,,,,,,,,,,,,1.829600214958191,0.796649158000946,1.0182859897613525,-0.2238539755344391,0.0031399372965097427,0.0057105207815766335,0.02808057889342308,1.8292744159698486,0.7961702885325788,1.02008034655588,-0.22391604400444795,0.003872323935252947,2.1887163298422097e-06,,,,,,,,,,,,
3.275671254056269,grasp,,,,,,,,,,,,,,,,,,,,,1.8295987844467163,0.79668128490448,1.0183327198028564,-0.2239016890525818,0.003141468157991767,0.0056429049000144005,0.02808057889342308,1.8292744159698486,0.7961702885325788,1.02008034655588,-0.22391604400444795,0.003872323935252947,2.1887163298422097e-06,,,,,,,,,,,,
3.295671254056269,grasp,,,,,,,,,,,,,,,,,,,,,1.8295977115631104,0.7971398234367371,1.0190376043319702,-0.22453199326992035,0.0031332068610936403,0.0056086755357682705,0.02808057889342308,1.8292744159698486,0.797037820479483,1.0221516654720852,-0.22515825286103286,0.003872314368797336,2.1939202113857803e-06,,,,,,,,,,,,
3.315671254056269,grasp,,,,,,,,,,,,,,,,,,,,,1.8295979499816895,0.7973722815513611,1.0193721055984497,-0.22485768795013428,0.003121685003861785,0.0055908868089318275,0.02808057889342308,1.8292744159698486,0.797037820479483,1.0221516654720852,-0.22515825286103286,0.003872314368797336,2.1939202113857803e-06,,,,,,,,,,,,
3.335671254056269,grasp,,,,,,,,,,,,,,,,,,,,,1.8295818567276,0.7986138463020325,1.0217232704162598,-0.2265303134918213,0.0031453289557248354,0.005579267628490925,0.02808057889342308,1.829274396829204,0.7991984612062566,1.0273261304246364,-0.22825698140991565,0.003872291027555643,2.206856041614489e-06,,,,,,,,,,,,
3.355671254056269,grasp,,,,,,,,,,,,,,,,,,,,,1.8294955492019653,0.7992172241210938,1.0231146812438965,-0.22738942503929138,0.003348677884787321,0.005567960441112518,0.02808057889342308,1.829274396829204,0.7991984612062566,1.0273261304246364,-0.22825698140991565,0.003872291027555643,2.206856041614489e-06,,,,,,,,,,,,
3.375671254056269,grasp,,,,,,,,,,,,,,,,,,,,,1.8294086456298828,0.8014053106307983,1.02817964553833,-0.23050238192081451,0.003576482180505991,0.005557633936405182,0.02808057889342308,1.829274296760559,0.8030213633930254,1.036557477487237,-0.23376364412389933,0.0038722497623899566,2.229623615212368e-06,,,,,,,,,,,,
3.395671254056269,grasp,,,,,,,,,,,,,,,,,,,,,1.829417109489441,0.8024966716766357,1.0309500694274902,-0.2321038842201233,0.0035366020165383816,0.005558560136705637,0.02808057889342308,1.829274296760559,0.8030213633930254,1.036557477487237,-0.23376364412389933,0.0038722497623899566,2.229623615212368e-06,,,,,,,,,,,,
3.415671254056269,grasp,,,,,,,,,,,,,,,,,,,,,1.8293513059616089,0.8058657646179199,1.0389111042022705,-0.23692776262760162,0.003726223250851035,0.005552220158278942,0.02808057889342308,1.8292741223506073,0.8087203660036573,1.0504295531766428,-0.24200808202129678,0.0038721889355456166,2.2633911692085516e-06,,,,,,,,,,,,
3.435671254056269,grasp,,,,,,,,,,,,,,,,,,,,,1.8293509483337402,0.8075608015060425,1.0431803464889526,-0.23941132426261902,0.0037223640829324722,0.005552401766180992,0.02808057889342308,1.8292741223506073,0.8087203660036573,1.0504295531766428,-0.24200808202129678,0.0038721889355456166,2.2633911692085516e-06,,,,,,,,,,,,
3.455671254056269,grasp,,,,,,,,,,,,,,,,,,,,,1.8293254375457764,0.8121944665908813,1.054302453994751,-0.2460852563381195,0.0038022720254957676,0.005549117922782898,0.02808057889342308,1.8292738932831434,0.8163917569786604,1.069180358339719,-0.2531321888833683,0.0038721071323858927,2.3087231350323827e-06,,,,,,,,,,,,
3.4756712540562686,grasp,,,,,,,,,,,,,,,,,,,,,1.8293476104736328,0.8145319819450378,1.060247540473938,-0.24952144920825958,0.0037591401487588882,0.005551227368414402,0.02808057889342308,1.8292738932831434,0.8163917569786604,1.069180358339719,-0.2531321888833683,0.0038721071323858927,2.3087231350323827e-06,,,,,,,,,,,,
3.495671254056269,grasp,,,,,,,,,,,,,,,,,,,,,1.829298496246338,0.8204575181007385,1.0745632648468018,-0.25806736946105957,0.0038993251509964466,0.005545623134821653,0.02808057889342308,1.8292736140758652,0.8260125124339885,1.0927540249786665,-0.26710399264532364,0.0038720046901530307,2.3654868218838526e-06,,,,,,,,,,,,
3.5156712540562687,grasp,,,,,,,,,,,,,,,,,,,,,1.8292908668518066,0.8234480023384094,1.0821888446807861,-0.26246750354766846,0.003927926532924175,0.0055448999628424644,0.02808057889342308,1.8292736140758652,0.8260125124339885,1.0927540249786665,-0.26710399264532364,0.0038720046901530307,2.3654868218838526e-06,,,,,,,,,,,,
3.5356712540562687,grasp,,,,,,,,,,,,,,,,,,,,,1.8292871713638306,0.8305968046188354,1.099493145942688,-0.2728014588356018,0.00394358579069376,0.005544354673475027,0.02808057889342308,1.8292733430862427,0.8374544680376055,1.1208418625307066,-0.28373885744596244,0.003871883015883816,2.4329230880940536e-06,,,,,,,,,,,,
3.5556712540562687,grasp,,,,,,,,,,,,,,,,,,,,,1.8292852640151978,0.8342145085334778,1.1086719036102295,-0.2781227231025696,0.003949359990656376,0.005544356536120176,0.02808057889342308,1.8292733430862427,0.8374544680376055,1.1208418625307066,-0.28373885744596244,0.003871883015883816,2.4329230880940536e-06,,,,,,,,,,,,
3.5756712540562687,grasp,,,,,,,,,,,,,,,,,,,,,1.829284429550171,0.8424758911132812,1.128672480583191,-0.29007139801979065,0.003954201936721802,0.0055440389551222324,0.02808057889342308,1.829273107797511,0.8505041672090413,1.152918686501797,-0.30272475979233315,0.0038717444561897556,2.5097820655593307e-06,,,,,,,,,,,,
3.5956712540562688,grasp,,,,,,,,,,,,,,,,,,,,,1.8292839527130127,0.8466578722000122,1.139275312423706,-0.2962244153022766,0.003954441752284765,0.0055441902950406075,0.02808057889342308,1.829273107797511,0.8505041672090413,1.152918686501797,-0.30272475979233315,0.0038717444561897556,2.5097820655593307e-06,,,,,,,,,,,,
3.6156712540562688,grasp,,,,,,,,,,,,,,,,,,,,,1.829283356666565,0.8558602333068848,1.161570429801941,-0.3095396161079407,0.003956816159188747,0.005543951876461506,0.02808057889342308,1.829272744235478,0.8648756279200376,1.1882835104042349,-0.32364508661331215,0.0038715915801660456,2.594382783838736e-06,,,,,,,,,,,,
3.635671254056269,grasp,,,,,,,,,,,,,,,,,,,,,1.8292813301086426,0.860518753528595,1.173386812210083,-0.3163963854312897,0.003959728870540857,0.005546363070607185,0.02808057889342308,1.829272744235478,0.8648756279200376,1.1882835104042349,-0.32364508661331215,0.0038715915801660456,2.594382783838736e-06,,,,,,,,,,,,
3.655671254056269,grasp,,,,,,,,,,,,,,,,,,,,,1.8292746543884277,0.870452344417572,1.1974657773971558,-0.33077263832092285,0.0039960043504834175,0.005544622428715229,0.02808057889342308,1.8292726531288992,0.880231496145668,1.2260945469911995,-0.3460052912349461,0.003871428580351227,2.6847526796555816e-06,,,,,,,,,,,,
3.675671254056269,grasp,,,,,,,,,,,,,,,,,,,,,1.8292720317840576,0.8754820823669434,1.2102136611938477,-0.33817583322525024,0.004011225886642933,0.005543724168092012,0.02808057889342308,1.8292726531288992,0.880231496145668,1.2260945469911995,-0.3460052912349461,0.003871428580351227,2.6847526796555816e-06,,,,,,,,,,,,
3.695671254056269,grasp,,,,,,,,,,,,,,,,,,,,,1.829270839691162,0.8859061002731323,1.2354899644851685,-0.35326364636421204,0.004020584747195244,0.005543340928852558,0.02808057889342308,1.829272596863437,0.8961936313346333,1.265412670074677,-0.36925251002095105,0.003871258999860845,2.778675405573011e-06,,,,,,,,,,,,
3.715671254056269,grasp,,,,,,,,,,,,,,,,,,,,,1.8292704820632935,0.8911847472190857,1.2488629817962646,-0.3610334098339081,0.004023352637887001,0.005543078295886517,0.02808057889342308,1.829272596863437,0.8961936313346333,1.265412670074677,-0.36925251002095105,0.003871258999860845,2.778675405573011e-06,,,,,,,,,,,,
3.735671254056269,grasp,,,,,,,,,,,,,,,,,,,,,1.829270601272583,0.9018404483795166,1.2747002840042114,-0.37645548582077026,0.004026533104479313,0.005542988423258066,0.02808057889342308,1.8292725968253467,0.9123606065564132,1.3052394960413884,-0.39279951749506226,0.0038710870172608868,2.873798800069109e-06,,,,,,,,,,,,
3.755671254056269,grasp,,,,,,,,,,,,,,,,,,,,,1.829270839691162,0.9072368144989014,1.2883621454238892,-0.38439735770225525,0.004026222042739391,0.005542915314435959,0.02808057889342308,1.8292725968253467,0.9123606065564132,1.3052394960413884,-0.39279951749506226,0.0038710870172608868,2.873798800069109e-06,,,,,,,,,,,,
3.775671254056269,grasp,,,,,,,,,,,,,,,,,,,,,1.8292710781097412,0.9178552031517029,1.3141028881072998,-0.39976316690444946,0.004027912858873606,0.005542890168726444,0.02808057889342308,1.8292725808577792,0.9283233964553019,1.344556873809856,-0.4160475472418997,0.0038709170913609997,2.96772649182252e-06,,,,,,,,,,,,
3.795671254056269,grasp,,,,,,,,,,,,,,,,,,,,,1.8292711973190308,0.9232332110404968,1.3277058601379395,-0.40767642855644226,0.004026916343718767,0.005542823113501072,0.02808057889342308,1.8292725808577792,0.9283233964553019,1.344556873809856,-0.4160475472418997,0.0038709170913609997,2.96772649182252e-06,,,,,,,,,,,,
3.815671254056269,grasp,,,,,,,,,,,,,,,,,,,,,1.8292717933654785,0.9335479140281677,1.3526952266693115,-0.4225974380970001,0.004028151277452707,0.0055428966879844666,0.02808057889342308,1.8292726666164238,0.9436803514130349,1.3823666721278516,-0.43840909932263483,0.0038707532237221747,3.05810414853073e-06,,,,,,,,,,,,
3.835671254056269,grasp,,,,,,,,,,,,,,,,,,,,,1.8292714357376099,0.9387722611427307,1.3658939599990845,-0.43028151988983154,0.0040270499885082245,0.005542881786823273,0.02808057889342308,1.8292726666164238,0.9436803514130349,1.3823666721278516,-0.43840909932263483,0.0038707532237221747,3.05810414853073e-06,,,,,,,,,,,,
3.855671254056269,grasp,,,,,,,,,,,,,,,,,,,,,1.8292725086212158,0.948526918888092,1.3895072937011719,-0.4443865418434143,0.004028115421533585,0.005542921368032694,0.02808057889342308,1.8292727485907265,0.9580533647080015,1.4177297888062719,-0.459331245261519,0.0038705999525874943,3.1427135946220334e-06,,,,,,,,,,,,
3.875671254056269,grasp,,,,,,,,,,,,,,,,,,,,,1.8292722702026367,0.9534681439399719,1.4019720554351807,-0.4516504108905792,0.004027173854410648,0.005542958155274391,0.02808057889342308,1.8292727485907265,0.9580533647080015,1.4177297888062719,-0.459331245261519,0.0038705999525874943,3.1427135946220334e-06,,,,,,,,,,,,
3.895671254056269,grasp,,,,,,,,,,,,,,,,,,,,,1.829272985458374,0.9624302983283997,1.4236406087875366,-0.4646010994911194,0.004028210416436195,0.00554301030933857,0.02808057889342308,1.8292728662490845,0.9711048061303176,1.4498045847029704,-0.4783193761836712,0.003870460848203893,3.2195806418637365e-06,,,,,,,,,,,,
3.915671254056269,grasp,,,,,,,,,,,,,,,,,,,,,1.8292725086212158,0.9669706225395203,1.4350711107254028,-0.47127068042755127,0.004027328919619322,0.005543079227209091,0.02808057889342308,1.8292728662490845,0.9711048061303176,1.4498045847029704,-0.4783193761836712,0.003870460848203893,3.2195806418637365e-06,,,,,,,,,,,,
3.9356712540562686,grasp,,,,,,,,,,,,,,,,,,,,,1.8292731046676636,0.9749390482902527,1.4543064832687378,-0.4827749729156494,0.004028219264000654,0.005543132312595844,0.02808057889342308,1.829272985458374,0.982548620412468,1.477890257597127,-0.4949566170190758,0.0038703387854785976,3.2870225339819555e-06,,,,,,,,,,,,
3.955671254056269,grasp,,,,,,,,,,,,,,,,,,,,,1.8292728662490845,0.9789767265319824,1.464445948600769,-0.4886995553970337,0.004027445800602436,0.005543164908885956,0.02808057889342308,1.829272985458374,0.982548620412468,1.477890257597127,-0.4949566170190758,0.0038703387854785976,3.2870225339819555e-06,,,,,,,,,,,,
3.9756712540562686,grasp,,,,,,,,,,,,,,,,,,,,,1.829272985458374,0.9857923984527588,1.480866551399231,-0.49852874875068665,0.004028218798339367,0.005543223582208157,0.02808057889342308,1.829273081736773,0.9921712487166484,1.5014618017317687,-0.5089307117670449,0.0038702359652424754,3.3437889974587567e-06,,,,,,,,,,,,
3.995671254056269,grasp,,,,,,,,,,,,,,,,,,,,,1.8292725086212158,0.9892472624778748,1.4895156621932983,-0.5035908222198486,0.004027698654681444,0.005543248727917671,0.02808057889342308,1.829273081736773,0.9921712487166484,1.5014618017317687,-0.5089307117670449,0.0038702359652424754,3.3437889974587567e-06,,,,,,,,,,,,
4.015671254056269,grasp,,,,,,,,,,,,,,,,,,,,,1.8292726278305054,0.994805634021759,1.5028725862503052,-0.511594295501709,0.004028234630823135,0.005543283652514219,0.02808057889342308,1.8292731366678916,0.9998442937591278,1.5202107232363022,-0.5200568524829308,0.003870153775576037,3.3891218437626664e-06,,,,,,,,,,,,
4.035671254056269,grasp,,,,,,,,,,,,,,,,,,,,,1.8292723894119263,0.9976248741149902,1.5099009275436401,-0.5157163739204407,0.004027810413390398,0.005543292500078678,0.02808057889342308,1.8292731366678916,0.9998442937591278,1.5202107232363022,-0.5200568524829308,0.003870153775576037,3.3891218437626664e-06,,,,,,,,,,,,
4.055671254056269,grasp,,,,,,,,,,,,,,,,,,,,,1.829272747039795,1.0018866062164307,1.520100712776184,-0.5218392014503479,0.004028291907161474,0.005543351173400879,0.02808057889342308,1.8292732238769531,1.0055447085432145,1.5340812625422904,-0.5283028988516765,0.0038700926304483596,3.422888671475309e-06,,,,,,,,,,,,
4.075671254056269,grasp,,,,,,,,,,,,,,,,,,,,,1.8292725086212158,1.0040496587753296,1.525461196899414,-0.5249925851821899,0.004028051160275936,0.005543398670852184,0.02808057889342308,1.8292732238769531,1.0055447085432145,1.5340812625422904,-0.5283028988516765,0.0038700926304483596,3.422888671475309e-06,,,,,,,,,,,,
4.095671254056269,grasp,,,,,,,,,,,,,,,,,,,,,1.8292723894119263,1.0070503950119019,1.5325943231582642,-0.5292878746986389,0.004028320778161287,0.005543428473174572,0.02808057889342308,1.8292733239473349,1.0093685825060577,1.543311488865188,-0.5338107652008648,0.0038700514737373677,3.4456555196498047e-06,,,,,,,,,,,,
4.115671254056269,grasp,,,,,,,,,,,,,,,,,,,,,1.8292723894119263,1.0085757970809937,1.5363348722457886,-0.5315005779266357,0.004028226714581251,0.005543439649045467,0.02808057889342308,1.8292733239473349,1.0093685825060577,1.543311488865188,-0.5338107652008648,0.0038700514737373677,3.4456555196498047e-06,,,,,,,,,,,,
4.135671254056269,grasp,,,,,,,,,,,,,,,,,,,,,1.8292725086212158,1.0104295015335083,1.5407065153121948,-0.5341433882713318,0.00402848469093442,0.00554347038269043,0.02808057889342308,1.8292732341661746,1.0115298482517974,1.5484853071040434,-0.5369101376425486,0.0038700279568241224,3.4585903436771736e-06,,,,,,,,,,,,
4.155671254056269,grasp,,,,,,,,,,,,,,,,,,,,,1.8292723894119263,1.011374592781067,1.5429905652999878,-0.535504937171936,0.004028441850095987,0.005543462000787258,0.02808057889342308,1.8292732341661746,1.0115298482517974,1.5484853071040434,-0.5369101376425486,0.0038700279568241224,3.4585903436771736e-06,,,,,,,,,,,,
4.175671254056269,grasp,,,,,,,,,,,,,,,,,,,,,1.8292720317840576,1.0122921466827393,1.545138955116272,-0.5368091464042664,0.004028561990708113,0.00554347550496459,0.02808057889342308,1.8292733385445854,1.0123976345200139,1.550556316203705,-0.5381526853569174,0.003870018593812875,3.46379434371825e-06,,,,,,,,,,,,
4.195671254056268,grasp,,,,,,,,,,,,,,,,,,,,,1.8292721509933472,1.0127654075622559,1.5462555885314941,-0.5374807715415955,0.00402855733409524,0.0055434745736420155,0.02808057889342308,1.8292733385445854,1.0123976345200139,1.550556316203705,-0.5381526853569174,0.003870018593812875,3.46379434371825e-06,,,,,,,,,,,,
4.215671254056269,grasp,,,,,,,,,,,,,,,,,,,,,1.8292722702026367,1.0130813121795654,1.5469725131988525,-0.5379195213317871,0.004028683062642813,0.005543475970625877,0.02808057889342308,1.8292732238769531,1.0125306844711304,1.5508739948272705,-0.5383431911468506,0.0038700171280652285,3.4645925097720465e-06,,,,,,,,,,,,
4.215671254056269,grasp,,,,,,,,,,,,,,,,,,,,,1.8292720317840576,1.0135115385055542,1.5474324226379395,-0.5383896231651306,0.00404762290418148,0.006067837588489056,0.02808057889342308,1.8292732238769531,1.0125306844711304,1.5508739948272705,-0.5383431911468506,0.0038700171280652285,3.4645925097720465e-06,,,,,,,,,,,,
4.235671254056268,grasp,,,,,,,,,,,,,,,,,,,,,1.8292722702026367,1.0134694576263428,1.5475776195526123,-0.5383877158164978,0.004038996063172817,0.005813604686409235,0.02808057889342308,1.8292732238769531,1.0125306844711304,1.5508739948272705,-0.5383431911468506,0.0038700171280652285,3.4645925097720465e-06,,,,,,,,,,,,
4.255671254056269,grasp,,,,,,,,,,,,,,,,,,,,,1.8292720317840576,1.0133846998214722,1.5474965572357178,-0.5382943749427795,0.004034261219203472,0.005682645831257105,0.02808057889342308,1.8292733385445854,1.0123976345200139,1.550556316203705,-0.5381526853569174,0.003870018593812875,3.46379434371825e-06,,,,,,,,,,,,
4.2756712540562685,grasp,,,,,,,,,,,,,,,,,,,,,1.8292722702026367,1.0133421421051025,1.5474498271942139,-0.5382462739944458,0.004031709861010313,0.00561516173183918,0.02808057889342308,1.8292733385445854,1.0123976345200139,1.550556316203705,-0.5381526853569174,0.003870018593812875,3.46379434371825e-06,,,,,,,,,,,,
4.295671254056269,grasp,,,,,,,,,,,,,,,,,,,,,1.8292720317840576,1.0128978490829468,1.5464330911636353,-0.5376190543174744,0.00403033010661602,0.005580388009548187,0.02808057889342308,1.8292732341661746,1.0115298482517974,1.5484853071040434,-0.5369101376425486,0.0038700279568241224,3.4585903436771736e-06,,,,,,,,,,,,
4.3156712540562685,grasp,,,,,,,,,,,,,,,,,,,,,1.829271912574768,1.0126748085021973,1.5458887815475464,-0.5372960567474365,0.0040296283550560474,0.005562480539083481,0.02808057889342308,1.8292732341661746,1.0115298482517974,1.5484853071040434,-0.5369101376425486,0.0038700279568241224,3.4585903436771736e-06,,,,,,,,,,,,
4.335671254056269,grasp,,,,,,,,,,,,,,,,,,,,,1.8292722702026367,1.011504054069519,1.5431336164474487,-0.5356267690658569,0.004029152449220419,0.005553283262997866,0.02808057889342308,1.8292733239473349,1.0093685825060577,1.543311488865188,-0.5338107652008648,0.0038700514737373677,3.4456555196498047e-06,,,,,,,,,,,,
4.3556712540562685,grasp,,,,,,,,,,,,,,,,,,,,,1.8292722702026367,1.0109144449234009,1.5416656732559204,-0.534767210483551,0.004029128234833479,0.0055485074408352375,0.02808057889342308,1.8292733239473349,1.0093685825060577,1.543311488865188,-0.5338107652008648,0.0038700514737373677,3.4456555196498047e-06,,,,,,,,,,,,
4.375671254056269,grasp,,,,,,,,,,,,,,,,,,,,,1.8292721509933472,1.00873863697052,1.5365002155303955,-0.5316538214683533,0.004028847441077232,0.005546011496335268,0.02808057889342308,1.8292732238769531,1.0055447085432145,1.5340812625422904,-0.5283028988516765,0.0038700926304483596,3.422888671475309e-06,,,,,,,,,,,,
4.395671254056269,grasp,,,,,,,,,,,,,,,,,,,,,1.829271912574768,1.0076419115066528,1.5337542295455933,-0.5300504565238953,0.004029059316962957,0.005544760730117559,0.02808057889342308,1.8292732238769531,1.0055447085432145,1.5340812625422904,-0.5283028988516765,0.0038700926304483596,3.422888671475309e-06,,,,,,,,,,,,
4.415671254056269,grasp,,,,,,,,,,,,,,,,,,,,,1.8292722702026367,1.0042815208435059,1.525718331336975,-0.5252259969711304,0.004028774797916412,0.005544079001992941,0.02808057889342308,1.8292731366678916,0.9998442937591278,1.5202107232363022,-0.5200568524829308,0.003870153775576037,3.3891218437626664e-06,,,,,,,,,,,,
4.435671254056269,grasp,,,,,,,,,,,,,,,,,,,,,1.8292722702026367,1.0025887489318848,1.5214519500732422,-0.522741436958313,0.004029157571494579,0.005543713923543692,0.02808057889342308,1.8292731366678916,0.9998442937591278,1.5202107232363022,-0.5200568524829308,0.003870153775576037,3.3891218437626664e-06,,,,,,,,,,,,
4.455671254056269,grasp,,,,,,,,,,,,,,,,,,,,,1.8292722702026367,0.9979498982429504,1.5103108882904053,-0.5160661339759827,0.004028745461255312,0.005543522071093321,0.02808057889342308,1.829273081736773,0.9921712487166484,1.5014618017317687,-0.5089307117670449,0.0038702359652424754,3.3437889974587567e-06,,,,,,,,,,,,
4.475671254056269,grasp,,,,,,,,,,,,,,,,,,,,,1.8292726278305054,0.995611846446991,1.5044023990631104,-0.5126285552978516,0.004029356874525547,0.005543398670852184,0.02808057889342308,1.829273081736773,0.9921712487166484,1.5014618017317687,-0.5089307117670449,0.0038702359652424754,3.3437889974587567e-06,,,,,,,,,,,,
4.495671254056269,grasp,,,,,,,,,,,,,,,,,,,,,1.8292722702026367,0.9896818399429321,1.4901210069656372,-0.5040813088417053,0.0040288046002388,0.00554333021864295,0.02808057889342308,1.829272985458374,0.982548620412468,1.477890257597127,-0.4949566170190758,0.0038703387854785976,3.2870225339819555e-06,,,,,,,,,,,,
4.515671254056269,grasp,,,,,,,,,,,,,,,,,,,,,1.829272747039795,0.9866904616355896,1.482552170753479,-0.49967965483665466,0.004029519390314817,0.0055432696826756,0.02808057889342308,1.829272985458374,0.982548620412468,1.477890257597127,-0.4949566170190758,0.0038703387854785976,3.2870225339819555e-06,,,,,,,,,,,,
4.535671254056269,grasp,,,,,,,,,,,,,,,,,,,,,1.8292725086212158,0.9795286059379578,1.4652695655822754,-0.4893442690372467,0.004028744529932737,0.005543181672692299,0.02808057889342308,1.8292728662490845,0.9711048061303176,1.4498045847029704,-0.4783193761836712,0.003870460848203893,3.2195806418637365e-06,,,,,,,,,,,,
4.555671254056269,grasp,,,,,,,,,,,,,,,,,,,,,1.8292728662490845,0.9759138226509094,1.4561148881912231,-0.48402178287506104,0.004029629286378622,0.005543127655982971,0.02808057889342308,1.8292728662490845,0.9711048061303176,1.4498045847029704,-0.4783193761836712,0.003870460848203893,3.2195806418637365e-06,,,,,,,,,,,,
4.575671254056269,grasp,,,,,,,,,,,,,,,,,,,,,1.8292723894119263,0.9676403403282166,1.4361213445663452,-0.4720717966556549,0.004028831608593464,0.005543068516999483,0.02808057889342308,1.8292727485907265,0.9580533647080015,1.4177297888062719,-0.459331245261519,0.0038705999525874943,3.1427135946220334e-06,,,,,,,,,,,,
4.595671254056269,grasp,,,,,,,,,,,,,,,,,,,,,1.829272747039795,0.9634618163108826,1.425534725189209,-0.46591779589653015,0.004029884468764067,0.00554301543161273,0.02808057889342308,1.8292727485907265,0.9580533647080015,1.4177297888062719,-0.459331245261519,0.0038705999525874943,3.1427135946220334e-06,,,,,,,,,,,,
4.615671254056269,grasp,,,,,,,,,,,,,,,,,,,,,1.829272747039795,0.9542483687400818,1.403242588043213,-0.4526013731956482,0.004028901923447847,0.005542960483580828,0.02808057889342308,1.8292726666164238,0.9436803514130349,1.3823666721278516,-0.43840909932263483,0.0038707532237221747,3.05810414853073e-06,,,,,,,,,,,,
4.635671254056269,grasp,,,,,,,,,,,,,,,,,,,,,1.8292726278305054,0.9495919942855835,1.3914424180984497,-0.4457438588142395,0.004030039068311453,0.005542892962694168,0.02808057889342308,1.8292726666164238,0.9436803514130349,1.3823666721278516,-0.43840909932263483,0.0038707532237221747,3.05810414853073e-06,,,,,,,,,,,,
4.655671254056269,grasp,,,,,,,,,,,,,,,,,,,,,1.8292726278305054,0.939649760723114,1.367366075515747,-0.43136686086654663,0.004028982482850552,0.005542812403291464,0.02808057889342308,1.8292725808577792,0.9283233964553019,1.344556873809856,-0.4160475472418997,0.0038709170913609997,2.96772649182252e-06,,,,,,,,,,,,
4.675671254056269,grasp,,,,,,,,,,,,,,,,,,,,,1.8292725086212158,0.934622049331665,1.3546258211135864,-0.4239630401134491,0.004030146636068821,0.005542777944356203,0.02808057889342308,1.8292725808577792,0.9283233964553019,1.344556873809856,-0.4160475472418997,0.0038709170913609997,2.96772649182252e-06,,,,,,,,,,,,
4.695671254056268,grasp,,,,,,,,,,,,,,,,,,,,,1.829272747039795,0.9241911768913269,1.3293533325195312,-0.4088747501373291,0.004029097501188517,0.005542716942727566,0.02808057889342308,1.8292725968253467,0.9123606065564132,1.3052394960413884,-0.39279951749506226,0.0038710870172608868,2.873798800069109e-06,,,,,,,,,,,,
4.715671254056269,grasp,,,,,,,,,,,,,,,,,,,,,1.8292725086212158,0.9189137816429138,1.3159834146499634,-0.4011046886444092,0.004030268639326096,0.005542703438550234,0.02808057889342308,1.8292725968253467,0.9123606065564132,1.3052394960413884,-0.39279951749506226,0.0038710870172608868,2.873798800069109e-06,,,,,,,,,,,,
4.735671254056269,grasp,,,,,,,,,,,,,,,,,,,,,1.8292725086212158,0.9082545638084412,1.2901489734649658,-0.38568270206451416,0.004029186442494392,0.005542621482163668,0.02808057889342308,1.829272596863437,0.8961936313346333,1.265412670074677,-0.36925251002095105,0.003871258999860845,2.778675405573011e-06,,,,,,,,,,,,
4.755671254056269,grasp,,,,,,,,,,,,,,,,,,,,,1.8292726278305054,0.9028583765029907,1.2764852046966553,-0.37774068117141724,0.004030488897114992,0.005542626604437828,0.02808057889342308,1.829272596863437,0.8961936313346333,1.265412670074677,-0.36925251002095105,0.003871258999860845,2.778675405573011e-06,,,,,,,,,,,,
4.7756712540562685,grasp,,,,,,,,,,,,,,,,,,,,,1.8292722702026367,0.8922390341758728,1.2507479190826416,-0.3623753786087036,0.004029278643429279,0.0055425954051315784,0.02808057889342308,1.8292726531288992,0.880231496145668,1.2260945469911995,-0.3460052912349461,0.003871428580351227,2.6847526796555816e-06,,,,,,,,,,,,
4.795671254056269,grasp,,,,,,,,,,,,,,,,,,,,,1.829271912574768,0.886860728263855,1.2371381521224976,-0.35446256399154663,0.004030538257211447,0.005542615428566933,0.02808057889342308,1.8292726531288992,0.880231496145668,1.2260945469911995,-0.3460052912349461,0.003871428580351227,2.6847526796555816e-06,,,,,,,,,,,,
4.8156712540562685,grasp,,,,,,,,,,,,,,,,,,,,,1.829271674156189,0.876548707485199,1.2121503353118896,-0.3395422101020813,0.004029338713735342,0.0055425879545509815,0.02808057889342308,1.829272744235478,0.8648756279200376,1.1882835104042349,-0.32364508661331215,0.0038715915801660456,2.594382783838736e-06,,,,,,,,,,,,
4.835671254056269,grasp,,,,,,,,,,,,,,,,,,,,,1.829271674156189,0.8713233470916748,1.1989411115646362,-0.3318586051464081,0.0040306951850652695,0.0055426438339054585,0.02808057889342308,1.829272744235478,0.8648756279200376,1.1882835104042349,-0.32364508661331215,0.0038715915801660456,2.594382783838736e-06,,,,,,,,,,,,
4.8556712540562685,grasp,,,,,,,,,,,,,,,,,,,,,1.8292710781097412,0.8615738153457642,1.1753278970718384,-0.3177548348903656,0.004029629752039909,0.005542622413486242,0.02808057889342308,1.829273107797511,0.8505041672090413,1.152918686501797,-0.30272475979233315,0.0038717444561897556,2.5097820655593307e-06,,,,,,,,,,,,
4.875671254056269,grasp,,,,,,,,,,,,,,,,,,,,,1.8292711973190308,0.8566310405731201,1.1628499031066895,-0.31049150228500366,0.004030704963952303,0.005542655009776354,0.02808057889342308,1.829273107797511,0.8505041672090413,1.152918686501797,-0.30272475979233315,0.0038717444561897556,2.5097820655593307e-06,,,,,,,,,,,,
4.895671254056269,grasp,,,,,,,,,,,,,,,,,,,,,1.8292709589004517,0.847676157951355,1.1411813497543335,-0.2975424528121948,0.004029696341603994,0.00554265920072794,0.02808057889342308,1.8292733430862427,0.8374544680376055,1.1208418625307066,-0.28373885744596244,0.003871883015883816,2.4329230880940536e-06,,,,,,,,,,,,
4.915671254056269,grasp,,,,,,,,,,,,,,,,,,,,,1.8292707204818726,0.8431339859962463,1.1297352313995361,-0.29087358713150024,0.004030725918710232,0.005542697850614786,0.02808057889342308,1.8292733430862427,0.8374544680376055,1.1208418625307066,-0.28373885744596244,0.003871883015883816,2.4329230880940536e-06,,,,,,,,,,,,
4.935671254056269,grasp,,,,,,,,,,,,,,,,,,,,,1.829270362854004,0.8351744413375854,1.110499620437622,-0.27937087416648865,0.004029846750199795,0.005542708095163107,0.02808057889342308,1.8292736140758652,0.8260125124339885,1.0927540249786665,-0.26710399264532364,0.0038720046901530307,2.3654868218838526e-06,,,,,,,,,,,,
4.955671254056269,grasp,,,,,,,,,,,,,,,,,,,,,1.8292704820632935,0.8311352133750916,1.1003440618515015,-0.27344679832458496,0.0040307482704520226,0.005542755592614412,0.02808057889342308,1.8292736140758652,0.8260125124339885,1.0927540249786665,-0.26710399264532364,0.0038720046901530307,2.3654868218838526e-06,,,,,,,,,,,,
4.975671254056269,grasp,,,,,,,,,,,,,,,,,,,,,1.8292704820632935,0.8243287205696106,1.0839219093322754,-0.2636191248893738,0.004029896575957537,0.005542748142033815,0.02808057889342308,1.8292738932831434,0.8163917569786604,1.069180358339719,-0.2531321888833683,0.0038721071323858927,2.3087231350323827e-06,,,,,,,,,,,,
4.995671254056269,grasp,,,,,,,,,,,,,,,,,,,,,1.8292704820632935,0.8208726048469543,1.0752583742141724,-0.25855767726898193,0.004030624870210886,0.005542824510484934,0.02808057889342308,1.8292738932831434,0.8163917569786604,1.069180358339719,-0.2531321888833683,0.0038721071323858927,2.3087231350323827e-06,,,,,,,,,,,,
5.015671254056269,grasp,,,,,,,,,,,,,,,,,,,,,1.8292760848999023,0.8153208494186401,1.06192946434021,-0.25055527687072754,0.004014831501990557,0.005543121602386236,0.02808057889342308,1.8292741223506073,0.8087203660036573,1.0504295531766428,-0.24200808202129678,0.0038721889355456166,2.2633911692085516e-06,,,,,,,,,,,,
5.035671254056269,grasp,,,,,,,,,,,,,,,,,,,,,1.8294142484664917,0.8123754262924194,1.055968165397644,-0.2464282214641571,0.0035628799814730883,0.005551943555474281,0.02808057889342308,1.8292741223506073,0.8087203660036573,1.0504295531766428,-0.24200808202129678,0.0038721889355456166,2.2633911692085516e-06,,,,,,,,,,,,
5.055671254056269,grasp,,,,,,,,,,,,,,,,,,,,,1.8296269178390503,0.8079841136932373,1.0469539165496826,-0.24030175805091858,0.0028873577248305082,0.005545026622712612,0.02808057889342308,1.829274296760559,0.8030213633930254,1.036557477487237,-0.23376364412389933,0.0038722497623899566,2.229623615212368e-06,,,,,,,,,,,,
5.075671254056269,grasp,,,,,,,,,,,,,,,,,,,,,1.829761028289795,0.8057245016098022,1.0422357320785522,-0.2371489703655243,0.0024689706042408943,0.005539378616958857,0.02808057889342308,1.829274296760559,0.8030213633930254,1.036557477487237,-0.23376364412389933,0.0038722497623899566,2.229623615212368e-06,,,,,,,,,,,,
5.095671254056269,grasp,,,,,,,,,,,,,,,,,,,,,1.8299002647399902,0.8026360869407654,1.0360610485076904,-0.2328542321920395,0.002065404085442424,0.005556929390877485,0.02808057889342308,1.829274396829204,0.7991984612062566,1.0273261304246364,-0.22825698140991565,0.003872291027555643,2.206856041614489e-06,,,,,,,,,,,,
5.115671254056269,grasp,,,,,,,,,,,,,,,,,,,,,1.8300193548202515,0.8010731339454651,1.0326498746871948,-0.23064491152763367,0.001766942790709436,0.0055720130912959576,0.02808057889342308,1.829274396829204,0.7991984612062566,1.0273261304246364,-0.22825698140991565,0.003872291027555643,2.206856041614489e-06,,,,,,,,,,,,
5.135671254056269,grasp,,,,,,,,,,,,,,,,,,,,,1.8300678730010986,0.7992666959762573,1.0279780626296997,-0.2280072569847107,0.0016585104167461395,0.005577913019806147,0.02808057889342308,1.8292744159698486,0.797037820479483,1.0221516654720852,-0.22515825286103286,0.003872314368797336,2.1939202113857803e-06,,,,,,,,,,,,
5.155671254056269,grasp,,,,,,,,,,,,,,,,,,,,,1.8301100730895996,0.7983458042144775,1.0252792835235596,-0.22665025293827057,0.0015947152860462666,0.005581384524703026,0.02808057889342308,1.8292744159698486,0.797037820479483,1.0221516654720852,-0.22515825286103286,0.003872314368797336,2.1939202113857803e-06,,,,,,,,,,,,
5.175671254056269,grasp,,,,,,,,,,,,,,,,,,,,,1.830177664756775,0.7974390983581543,1.022940993309021,-0.22534838318824768,0.001397831947542727,0.005581667646765709,0.02808057889342308,1.8292744159698486,0.7961702885325788,1.02008034655588,-0.22391604400444795,0.003872323935252947,2.1887163298422097e-06,,,,,,,,,,,,
5.195671254056268,grasp,,,,,,,,,,,,,,,,,,,,,1.8302044868469238,0.7969971895217896,1.0215131044387817,-0.22467932105064392,0.0013320129364728928,0.005585557781159878,0.02808057889342308,1.8292744159698486,0.7961702885325788,1.02008034655588,-0.22391604400444795,0.003872323935252947,2.1887163298422097e-06,,,,,,,,,,,,
5.215671254056269,grasp,,,,,,,,,,,,,,,,,,,,,1.8302254676818848,0.7967025637626648,1.0206403732299805,-0.2242424488067627,0.0012791160261258483,0.005588053725659847,0.02808057889342308,1.8292744159698486,0.7960370779037476,1.019762396812439,-0.223725363612175,0.0038723251782357693,2.1879170617467025e-06,,,,,,,,,,,,
5.215671254056269,grasp,,,,,,,,,,,,,,,,,,,,,1.830336093902588,0.7965059876441956,1.0193082094192505,-0.22383436560630798,0.0010056463070213795,0.006113032810389996,0.02808057889342308,1.8292744159698486,0.7960370779037476,1.019762396812439,-0.2237253487110138,0.0038723251782357693,2.1879170617467025e-06,,,,,,,,,,,,
5.235671254056268,grasp,,,,,,,,,,,,,,,,,,,,,1.8303101062774658,0.7964717149734497,1.0192598104476929,-0.22380754351615906,0.0010786692146211863,0.0058581046760082245,0.02808057889342308,1.8292744159698486,0.7960370779037476,1.019762396812439,-0.2237253487110138,0.0038723251782357693,2.1879170617467025e-06,,,,,,,,,,,,
5.255671254056269,grasp,,,,,,,,,,,,,,,,,,,,,1.8302910327911377,0.7963682413101196,1.019225835800171,-0.22388552129268646,0.0011452691396698356,0.005725936498492956,0.02808057889342308,1.8292823263059153,0.7958551579720817,1.0197701700611561,-0.22391426931642766,0.003880141348733786,2.1870856382249516e-06,,,,,,,,,,,,
5.2756712540562685,grasp,,,,,,,,,,,,,,,,,,,,,1.8302830457687378,0.7963151931762695,1.0192036628723145,-0.22392567992210388,0.0011760490015149117,0.005657974164932966,0.02808057889342308,1.8292823263059153,0.7958551579720817,1.0197701700611561,-0.22391426931642766,0.003880141348733786,2.1870856382249516e-06,,,,,,,,,,,,
5.295671254056269,grasp,,,,,,,,,,,,,,,,,,,,,1.8302440643310547,0.7957171201705933,1.0190476179122925,-0.22456347942352295,0.00139042513910681,0.005617375485599041,0.02808057889342308,1.8293349975168263,0.7946294944540124,1.01982215373223,-0.2251868466192501,0.003932749589438071,2.1814887883015282e-06,,,,,,,,,,,,
5.3156712540562685,grasp,,,,,,,,,,,,,,,,,,,,,1.830202341079712,0.7954141497612,1.0189175605773926,-0.22489160299301147,0.0015622380888089538,0.00559484027326107,0.02808057889342308,1.8293349975168263,0.7946294944540124,1.01982215373223,-0.2251868466192501,0.003932749589438071,2.1814887883015282e-06,,,,,,,,,,,,
5.335671254056269,grasp,,,,,,,,,,,,,,,,,,,,,1.8301265239715576,0.7937555909156799,1.0186246633529663,-0.22666369378566742,0.0020512219052761793,0.00557302962988615,0.02808057889342308,1.8294709310968447,0.7914440525008642,1.019956378651379,-0.22849501800706254,0.004068495515123344,2.1670472956333976e-06,,,,,,,,,,,,
5.3556712540562685,grasp,,,,,,,,,,,,,,,,,,,,,1.8300981521606445,0.7928914427757263,1.0185176134109497,-0.2275754064321518,0.0022616691421717405,0.005543598905205727,0.02808057889342308,1.8294709310968447,0.7914440525008642,1.019956378651379,-0.22849501800706254,0.004068495515123344,2.1670472956333976e-06,,,,,,,,,,,,
5.375671254056269,grasp,,,,,,,,,,,,,,,,,,,,,1.8299556970596313,0.7896431088447571,1.0181105136871338,-0.23103049397468567,0.0031890941318124533,0.005505577195435762,0.02808057889342308,1.829718889479411,0.7855172610319618,1.0202011575254395,-0.2346540852390257,0.004316163421081723,2.140699472683163e-06,,,,,,,,,,,,
5.395671254056269,grasp,,,,,,,,,,,,,,,,,,,,,1.8298137187957764,0.7879723906517029,1.017748236656189,-0.23280999064445496,0.0038207159377634525,0.005478763487190008,0.02808057889342308,1.829718889479411,0.7855172610319618,1.0202011575254395,-0.2346540852390257,0.004316163421081723,2.140699472683163e-06,,,,,,,,,,,,
5.415671254056269,grasp,,,,,,,,,,,,,,,,,,,,,1.8299267292022705,0.7826290130615234,1.0177141427993774,-0.23842531442642212,0.004361199215054512,0.0054573724046349525,0.02808057889342308,1.8301018951097812,0.7761943114940207,1.0205793282706819,-0.2443474098334944,0.0046987683421412085,2.0999975065549936e-06,,,,,,,,,,,,
5.435671254056269,grasp,,,,,,,,,,,,,,,,,,,,,1.8300127983093262,0.7798362374305725,1.0177888870239258,-0.24131669104099274,0.0045474497601389885,0.0054391599260270596,0.02808057889342308,1.8301018951097812,0.7761943114940207,1.0205793282706819,-0.2443474098334944,0.0046987683421412085,2.0999975065549936e-06,,,,,,,,,,,,
5.455671254056269,grasp,,,,,,,,,,,,,,,,,,,,,1.8303136825561523,0.7719947695732117,1.0180624723434448,-0.24948881566524506,0.004923786036670208,0.005445410497486591,0.02808057889342308,1.830641191882148,0.7629392049928243,1.0211118250028288,-0.2581309139360254,0.005237649588051005,2.042672641671609e-06,,,,,,,,,,,,
5.475671254056269,grasp,,,,,,,,,,,,,,,,,,,,,1.8304719924926758,0.7679176926612854,1.01825749874115,-0.2536983788013458,0.005114941857755184,0.005448654759675264,0.02808057889342308,1.830641191882148,0.7629392049928243,1.0211118250028288,-0.2581309139360254,0.005237649588051005,2.042672641671609e-06,,,,,,,,,,,,
5.495671254056269,grasp,,,,,,,,,,,,,,,,,,,,,1.8308947086334229,0.7573179602622986,1.0186394453048706,-0.26474514603614807,0.005559601821005344,0.005450162570923567,0.02808057889342308,1.8313538823071043,0.745330801133295,1.0218156000386742,-0.27644217151382705,0.005949899598176224,1.966907527046216e-06,,,,,,,,,,,,
5.515671254056269,grasp,,,,,,,,,,,,,,,,,,,,,1.8311164379119873,0.7518075704574585,1.0189118385314941,-0.27043554186820984,0.005786639638245106,0.005451137665659189,0.02808057889342308,1.8313538823071043,0.745330801133295,1.0218156000386742,-0.27644217151382705,0.005949899598176224,1.966907527046216e-06,,,,,,,,,,,,
5.535671254056269,grasp,,,,,,,,,,,,,,,,,,,,,1.8316603899002075,0.7382183074951172,1.0194097757339478,-0.28459835052490234,0.00634007016196847,0.005451452452689409,0.02808057889342308,1.8322519092468175,0.7230563050758871,1.0227023989806296,-0.2996068653945617,0.006847473096442915,1.871430729499829e-06,,,,,,,,,,,,
5.555671254056269,grasp,,,,,,,,,,,,,,,,,,,,,1.8319451808929443,0.7311543822288513,1.0197553634643555,-0.2918940782546997,0.006623381748795509,0.005451799836009741,0.02808057889342308,1.8322519092468175,0.7230563050758871,1.0227023989806296,-0.2996068653945617,0.006847473096442915,1.871430729499829e-06,,,,,,,,,,,,
5.575671254056269,grasp,,,,,,,,,,,,,,,,,,,,,1.8326159715652466,0.714411735534668,1.0203748941421509,-0.30934345722198486,0.007299537770450115,0.005451752804219723,0.02808057889342308,1.8333431856563307,0.6959044947472574,1.0237801405648934,-0.32784471437623824,0.0079387793286676,1.7553473041338456e-06,,,,,,,,,,,,
5.595671254056269,grasp,,,,,,,,,,,,,,,,,,,,,1.8329659700393677,0.7057090401649475,1.0207929611206055,-0.31833234429359436,0.007646592333912849,0.005451961420476437,0.02808057889342308,1.8333431856563307,0.6959044947472574,1.0237801405648934,-0.32784471437623824,0.0079387793286676,1.7553473041338456e-06,,,,,,,,,,,,
5.615671254056269,grasp,,,,,,,,,,,,,,,,,,,,,1.8337678909301758,0.6857141852378845,1.0215398073196411,-0.3391721844673157,0.008451207540929317,0.005451804492622614,0.02808057889342308,1.8346327668920743,0.6637598556187122,1.0250538727750946,-0.36127635292428184,0.009228663910976417,1.6181391837272137e-06,,,,,,,,,,,,
5.635671254056269,grasp,,,,,,,,,,,,,,,,,,,,,1.8341832160949707,0.6753204464912415,1.022029161453247,-0.3499077558517456,0.008865357376635075,0.005451981443911791,0.02808057889342308,1.8346327668920743,0.6637598556187122,1.0250538727750946,-0.36127635292428184,0.009228663910976417,1.6181391837272137e-06,,,,,,,,,,,,
5.655671254056269,grasp,,,,,,,,,,,,,,,,,,,,,1.8351178169250488,0.6520340442657471,1.022909164428711,-0.37417882680892944,0.00980061199516058,0.005451828707009554,0.02808057889342308,1.836122364954588,0.6265957158109738,1.026525215561485,-0.39992935626660564,0.01071877831063569,1.4596310862478138e-06,,,,,,,,,,,,
5.675671254056269,grasp,,,,,,,,,,,,,,,,,,,,,1.8355998992919922,0.6399282813072205,1.0234668254852295,-0.3866822421550751,0.010283340699970722,0.005451953504234552,0.02808057889342308,1.836122364954588,0.6265957158109738,1.026525215561485,-0.39992935626660564,0.01071877831063569,1.4596310862478138e-06,,,,,,,,,,,,
5.695671254056268,grasp,,,,,,,,,,,,,,,,,,,,,1.8366671800613403,0.613366961479187,1.0244845151901245,-0.4143667221069336,0.011348922736942768,0.005451778881251812,0.02808057889342308,1.8378107498756393,0.5844680841399187,1.028193614723866,-0.44374482845267543,0.012408190697607773,1.2799244748335595e-06,,,,,,,,,,,,
5.715671254056269,grasp,,,,,,,,,,,,,,,,,,,,,1.8372159004211426,0.5995563864707947,1.0251057147979736,-0.4286288022994995,0.01190082635730505,0.00545189343392849,0.02808057889342308,1.8378107498756393,0.5844680841399187,1.028193614723866,-0.44374482845267543,0.012408190697607773,1.2799244748335595e-06,,,,,,,,,,,,
5.735671254056269,grasp,,,,,,,,,,,,,,,,,,,,,1.8384144306182861,0.5697896480560303,1.0262665748596191,-0.45965462923049927,0.013095407746732235,0.005451737437397242,0.02808057889342308,1.8396961484478591,0.5375090029992814,1.0300567031409817,-0.4925834486573552,0.014294821262348387,1.0792413135087577e-06,,,,,,,,,,,,
5.755671254056269,grasp,,,,,,,,,,,,,,,,,,,,,1.8390295505523682,0.5543084740638733,1.0269461870193481,-0.47563815116882324,0.01371645275503397,0.005451772827655077,0.02808057889342308,1.8396961484478591,0.5375090029992814,1.0300567031409817,-0.4925834486573552,0.014294821262348387,1.0792413135087577e-06,,,,,,,,,,,,
5.7756712540562685,grasp,,,,,,,,,,,,,,,,,,,,,1.8401857614517212,0.5215520858764648,1.0281566381454468,-0.5096815824508667,0.015032694675028324,0.005451711360365152,0.02808057889342308,1.8414199917917906,0.4861281734868491,1.0319110973332055,-0.5458175384707512,0.016368105428134605,8.581978545343482e-07,,,,,,,,,,,,
5.795671254056269,grasp,,,,,,,,,,,,,,,,,,,,,1.840777039527893,0.5045114159584045,1.028838038444519,-0.5272202491760254,0.015722941607236862,0.005451608449220657,0.02808057889342308,1.8414199917917906,0.4861281734868491,1.0319110973332055,-0.5458175384707512,0.016368105428134605,8.581978545343482e-07,,,,,,,,,,,,
5.8156712540562685,grasp,,,,,,,,,,,,,,,,,,,,,1.8188817501068115,0.48197418451309204,1.0169810056686401,-0.5377969741821289,0.01598653942346573,0.005458146799355745,0.02808057889342308,1.7954621534101856,0.4576504051705831,1.006498220155887,-0.5489979538949088,0.01663676402143583,7.637236865964146e-07,,,,,,,,,,,,
5.835671254056269,grasp,,,,,,,,,,,,,,,,,,,,,1.8074783086776733,0.4703909456729889,1.010600209236145,-0.5432496070861816,0.01652527041733265,0.005438011605292559,0.02808057889342308,1.7954621534101856,0.4576504051705831,1.006498220155887,-0.5489979538949088,0.01663676402143583,7.637236865964146e-07,,,,,,,,,,,,
5.8556712540562685,grasp,,,,,,,,,,,,,,,,,,,,,1.7670695781707764,0.4557078778743744,0.9882419109344482,-0.5354567170143127,0.01606932282447815,0.005436527542769909,0.02808057889342308,1.7239798189867883,0.4397474933118018,0.9665200412482468,-0.5271363077059342,0.01597421189368307,7.332897606188892e-07,,,,,,,,,,,,
5.875671254056269,grasp,,,,,,,,,,,,,,,,,,,,,1.7460901737213135,0.4482484459877014,0.9763676524162292,-0.5314466953277588,0.016412684693932533,0.005424126051366329,0.02808057889342308,1.7239798189867883,0.4397474933118018,0.9665200412482468,-0.5271363077059342,0.01597421189368307,7.332897606188892e-07,,,,,,,,,,,,
5.895671254056269,grasp,,,,,,,,,,,,,,,,,,,,,1.6986585855484009,0.43511688709259033,0.9500007033348083,-0.5181318521499634,0.0157186109572649,0.005434948019683361,0.02808057889342308,1.6481349910082739,0.42074227140901826,0.9241102663327065,-0.5039428621335258,0.015271309700186647,7.010025368858675e-07,,,,,,,,,,,,
5.915671254056269,grasp,,,,,,,,,,,,,,,,,,,,,1.6757292747497559,0.4279578924179077,0.9393269419670105,-0.5103034973144531,0.008846277371048927,0.005647623911499977,0.02808057889342308,1.6481349910082739,0.42074227140901826,0.9241102663327065,-0.5039428621335258,0.015271309700186647,7.010025368858675e-07,,,,,,,,,,,,
5.935671254056269,grasp,,,,,,,,,,,,,,,,,,,,,1.6254504919052124,0.41264936327934265,0.9125938415527344,-0.4728834331035614,-0.044467296451330185,0.0057655805721879005,0.02808057889342308,1.5684327541251526,0.40075932207111337,0.8795461334744529,-0.4795706678719793,0.014532716261979982,6.67075590029539e-07,,,,,,,,,,,,
5.955671254056269,grasp,,,,,,,,,,,,,,,,,,,,,1.5992770195007324,0.4005555808544159,0.8989049792289734,-0.46379417181015015,-0.07349620759487152,0.0057887546718120575,0.02808057889342308,1.5684327541251526,0.40075932207111337,0.8795461334744529,-0.4795706678719793,0.014532716261979982,6.67075590029539e-07,,,,,,,,,,,,
5.975671254056269,grasp,,,,,,,,,,,,,,,,,,,,,1.5461697578430176,0.38415271043777466,0.8692971467971802,-0.4217413365840912,-0.12655377388000488,0.005892615299671888,0.02808057889342308,1.4854232433920274,0.37993562076539417,0.8331322748830783,-0.45418798372164015,0.013763520372616807,6.317426812749349e-07,,,,,,,,,,,,
5.995671254056269,grasp,,,,,,,,,,,,,,,,,,,,,1.5186108350753784,0.3752974569797516,0.8541028499603271,-0.4032385051250458,-0.15781652927398682,0.005900774151086807,0.02808057889342308,1.4854232433920274,0.37993562076539417,0.8331322748830783,-0.45418798372164015,0.013763520372616807,6.317426812749349e-07,,,,,,,,,,,,
6.015671254056269,grasp,,,,,,,,,,,,,,,,,,,,,1.4629374742507935,0.35718753933906555,0.8231120109558105,-0.3632511496543884,-0.2209683656692505,0.005924541968852282,0.02808057889342308,1.3996955163562699,0.35841735836143707,0.7851952878212258,-0.4279748938920431,0.012969156036247185,5.952535340335224e-07,,,,,,,,,,,,
6.035671254056269,grasp,,,,,,,,,,,,,,,,,,,,,1.433271050453186,0.34942957758903503,0.8070558905601501,-0.3402695655822754,-0.26715123653411865,0.005782102234661579,0.02808057889342308,1.3996955163562699,0.35841735836143707,0.7851952878212258,-0.4279748938920431,0.012969156036247185,5.952535340335224e-07,,,,,,,,,,,,
6.055671254056269,grasp,,,,,,,,,,,,,,,,,,,,,1.3757297992706299,0.3361873924732208,0.7756117582321167,-0.29132288694381714,-0.3367402255535126,0.005800388287752867,0.02808057889342308,1.311869835309589,0.33635854505492363,0.7360796971563013,-0.40112111712303794,0.012155367643654654,5.57871998123649e-07,,,,,,,,,,,,
6.075671254056269,grasp,,,,,,,,,,,,,,,,,,,,,1.3453501462936401,0.3294915556907654,0.7592185735702515,-0.26216253638267517,-0.3822941780090332,0.005669977515935898,0.02808057889342308,1.311869835309589,0.33635854505492363,0.7360796971563013,-0.40112111712303794,0.012155367643654654,5.57871998123649e-07,,,,,,,,,,,,
6.095671254056269,grasp,,,,,,,,,,,,,,,,,,,,,1.28677499294281,0.31589072942733765,0.727500855922699,-0.21406133472919464,-0.45434898138046265,0.005668919067829847,0.02808057889342308,1.2225902458819111,0.313918910669145,0.6861437394200464,-0.3738237513979862,0.011328129124036952,5.198724972573187e-07,,,,,,,,,,,,
6.115671254056269,grasp,,,,,,,,,,,,,,,,,,,,,1.2561112642288208,0.31224289536476135,0.7102359533309937,-0.17679646611213684,-0.49872323870658875,0.005564323626458645,0.02808057889342308,1.2225902458819111,0.313918910669145,0.6861437394200464,-0.3738237513979862,0.011328129124036952,5.198724972573187e-07,,,,,,,,,,,,
6.135671254056269,grasp,,,,,,,,,,,,,,,,,,,,,1.1970142126083374,0.3013836443424225,0.6775078773498535,-0.12001612037420273,-0.5705739259719849,0.005573162343353033,0.02808057889342308,1.132517281382708,0.291261399050829,0.635755106057918,-0.346285016730356,0.0104935712196553,4.815366888505262e-07,,,,,,,,,,,,
6.155671254056269,grasp,,,,,,,,,,,,,,,,,,,,,1.1662629842758179,0.2960927188396454,0.6591116189956665,-0.08374205976724625,-0.6127136945724487,0.0055353157222270966,0.02808057889342308,1.132517281382708,0.291261399050829,0.635755106057918,-0.346285016730356,0.0104935712196553,4.815366888505262e-07,,,,,,,,,,,,
6.175671254056269,grasp,,,,,,,,,,,,,,,,,,,,,1.1068812608718872,0.28223326802253723,0.6254187822341919,-0.03433418273925781,-0.677439272403717,0.0055089988745749,0.02808057889342308,1.0423197718872612,0.26855218806409836,0.5852874940151586,-0.31870937187729176,0.009657882639243762,4.4314885354282436e-07,,,,,,,,,,,,
6.195671254056268,grasp,,,,,,,,,,,,,,,,,,,,,1.0760579109191895,0.27517977356910706,0.6077393293380737,-0.0007146357093006372,-0.7130495309829712,0.00539780780673027,0.02808057889342308,1.0423197718872612,0.26855218806409836,0.5852874940151586,-0.31870937187729176,0.009657882639243762,4.4314885354282436e-07,,,,,,,,,,,,
6.215671254056269,grasp,,,,,,,,,,,,,,,,,,,,,1.0167676210403442,0.26050683856010437,0.5743690729141235,0.03868460655212402,-0.7738815546035767,0.005411840975284576,0.02808057889342308,0.9526680736462037,0.24595740350299958,0.5351156390580797,-0.29130147722620986,0.008827267145567473,4.049939744824022e-07,,,,,,,,,,,,
6.235671254056269,grasp,,,,,,,,,,,,,,,,,,,,,0.9861279129981995,0.2530076503753662,0.556828498840332,0.05635249987244606,-0.8044474124908447,0.005386791657656431,0.02808057889342308,0.9526680736462037,0.24595740350299958,0.5351156390580797,-0.29130147722620986,0.008827267145567473,4.049939744824022e-07,,,,,,,,,,,,
6.255671254056269,grasp,,,,,,,,,,,,,,,,,,,,,0.9274545311927795,0.23832355439662933,0.5238050818443298,0.0636971965432167,-0.8499413132667542,0.005302604753524065,0.02808057889342308,0.864226466418011,0.22364180140670017,0.4856110296266321,-0.26426401782423625,0.008007877741092368,3.6735492051971207e-07,,,,,,,,,,,,
6.2756712540562685,grasp,,,,,,,,,,,,,,,,,,,,,0.8971436023712158,0.23081234097480774,0.5065385103225708,0.10007727146148682,-0.8785086870193481,0.005242617800831795,0.02808057889342308,0.864226466418011,0.22364180140670017,0.4856110296266321,-0.26426401782423625,0.008007877741092368,3.6735492051971207e-07,,,,,,,,,,,,
6.295671254056269,grasp,,,,,,,,,,,,,,,,,,,,,0.8395951986312866,0.2161509245634079,0.4746516942977905,0.15545368194580078,-0.9334750771522522,0.005166398826986551,0.02808057889342308,0.7776465661584243,0.20176373521220453,0.43713724617600763,-0.23779596176491336,0.007205751927523903,3.3050898404436746e-07,,,,,,,,,,,,
6.315671254056269,grasp,,,,,,,,,,,,,,,,,,,,,0.809876024723053,0.20866653323173523,0.45774659514427185,0.18538834154605865,-0.9606218934059143,0.005092665087431669,0.02808057889342308,0.7776465661584243,0.20176373521220453,0.43713724617600763,-0.23779596176491336,0.007205751927523903,3.3050898404436746e-07,,,,,,,,,,,,
6.335671254056269,grasp,,,,,,,,,,,,,,,,,,,,,0.753821074962616,0.1943962574005127,0.4262983798980713,0.20421862602233887,-1.0069814920425415,0.005041108001023531,0.02808057889342308,0.6935570846330689,0.18048236191971373,0.39004712183806245,-0.21208931989947902,0.006426709231919313,2.947234083141733e-07,,,,,,,,,,,,
6.3556712540562685,grasp,,,,,,,,,,,,,,,,,,,,,0.7248565554618835,0.1872941553592682,0.4092941880226135,0.14271436631679535,-1.021920919418335,0.004861651919782162,0.02808057889342308,0.6935570846330689,0.18048236191971373,0.39004712183806245,-0.21208931989947902,0.006426709231919313,2.947234083141733e-07,,,,,,,,,,,,
6.375671254056269,grasp,,,,,,,,,,,,,,,,,,,,,0.6706087589263916,0.1740170270204544,0.377444326877594,0.04869048297405243,-1.0198558568954468,0.004535605665296316,0.02808057889342308,0.6125591510758812,0.1599472874462375,0.34467698382507006,-0.18732755518598082,0.005676307043816694,2.602535372783656e-07,,,,,,,,,,,,
6.395671254056269,grasp,,,,,,,,,,,,,,,,,,,,,0.6425048112869263,0.1675313115119934,0.3597519099712372,-0.05076824873685837,-0.9851785898208618,0.0030115938279777765,0.02808057889342308,0.6125591510758812,0.1599472874462375,0.34467698382507006,-0.18732755518598082,0.005676307043816694,2.602535372783656e-07,,,,,,,,,,,,
6.415671254056269,grasp,,,,,,,,,,,,,,,,,,,,,0.5906095504760742,0.15460701286792755,0.3297203481197357,-0.10576514899730682,-0.9287303686141968,0.0015786131843924522,0.02808057889342308,0.5352191860097117,0.1402951453911949,0.301342428387592,-0.16368350483980607,0.004959784883613491,2.2734005683419573e-07,,,,,,,,,,,,
6.435671254056269,grasp,,,,,,,,,,,,,,,,,,,,,0.5637193918228149,0.1480669230222702,0.31405651569366455,-0.1338144838809967,-0.8332157135009766,0.0007932336302474141,0.02808057889342308,0.5352191860097117,0.1402951453911949,0.301342428387592,-0.16368350483980607,0.004959784883613491,2.2734005683419573e-07,,,,,,,,,,,,
6.455671254056269,grasp,,,,,,,,,,,,,,,,,,,,,0.5144574642181396,0.13550281524658203,0.28681522607803345,-0.13748663663864136,-0.7420184016227722,0.0004003449284937233,0.02808057889342308,0.462057153639754,0.12166210488185998,0.26033572795433124,-0.14131616640812844,0.004281961317724148,1.9620424422881572e-07,,,,,,,,,,,,
6.475671254056269,grasp,,,,,,,,,,,,,,,,,,,,,0.48899170756340027,0.1291157752275467,0.2726188898086548,-0.13927748799324036,-0.6422593593597412,0.00019678323587868363,0.02808057889342308,0.462057153639754,0.12166210488185998,0.26033572795433124,-0.14131616640812844,0.004281961317724148,1.9620424422881572e-07,,,,,,,,,,,,
6.495671254056269,grasp,,,,,,,,,,,,,,,,,,,,,0.44274821877479553,0.11723626405000687,0.24707691371440887,-0.13015316426753998,-0.5504297018051147,0.00010415031283628196,0.02808057889342308,0.3935457277676728,0.10416015219667157,0.22191886202803587,-0.12036992308373227,0.003647212716845527,1.6704705726433063e-07,,,,,,,,,,,,
6.515671254056269,grasp,,,,,,,,,,,,,,,,,,,,,0.41883185505867004,0.11121619492769241,0.23361586034297943,-0.12536710500717163,-0.4507588744163513,4.760526280733757e-05,0.02808057889342308,0.3935457277676728,0.10416015219667157,0.22191886202803587,-0.12036992308373227,0.003647212716845527,1.6704705726433063e-07,,,,,,,,,,,,
6.535671254056269,grasp,,,,,,,,,,,,,,,,,,,,,0.3758378028869629,0.10014142096042633,0.2097562551498413,-0.11356892436742783,-0.35541221499443054,2.843629044946283e-05,0.02808057889342308,0.33009499732998626,0.08789954738217663,0.1863233137091676,-0.10097023477348085,0.0030593303845310223,1.4004266141632937e-07,,,,,,,,,,,,
6.555671254056269,grasp,,,,,,,,,,,,,,,,,,,,,0.3535992503166199,0.09452466666698456,0.19718320667743683,-0.10744035989046097,-0.2559543251991272,9.835015589487739e-06,0.02808057889342308,0.33009499732998626,0.08789954738217663,0.1863233137091676,-0.10097023477348085,0.0030593303845310223,1.4004266141632937e-07,,,,,,,,,,,,
6.575671254056269,grasp,,,,,,,,,,,,,,,,,,,,,0.3140876293182373,0.08430995792150497,0.1751946210861206,-0.095721036195755,-0.15623077750205994,8.758456715440843e-06,0.02808057889342308,0.2720535672254041,0.07296091425456645,0.15374122245339478,-0.08322357806411709,0.0025215338780226215,1.1533899602075623e-07,,,,,,,,,,,,
6.595671254056269,grasp,,,,,,,,,,,,,,,,,,,,,0.29355379939079285,0.07912842929363251,0.16360388696193695,-0.08964261412620544,-0.07895214110612869,-1.003456964099314e-05,0.02808057889342308,0.2720535672254041,0.07296091425456645,0.15374122245339478,-0.08322357806411709,0.0025215338780226215,1.1533899602075623e-07,,,,,,,,,,,,
6.615671254056269,grasp,,,,,,,,,,,,,,,,,,,,,0.2576976716518402,0.06982316821813583,0.14362172782421112,-0.07877477258443832,-0.039548855274915695,-1.1151840226375498e-05,0.02808057889342308,0.21969137553203608,0.05942296323729234,0.12432626670795045,-0.06721276343769331,0.0020363364808610187,9.305146424819982e-08,,,,,,,,,,,,
6.635671254056269,grasp,,,,,,,,,,,,,,,,,,,,,0.23919597268104553,0.06509065628051758,0.1330956369638443,-0.07317721098661423,-0.019179692491889,-1.2919495020469185e-05,0.02808057889342308,0.21969137553203608,0.05942296323729234,0.12432626670795045,-0.06721276343769331,0.0020363364808610187,9.305146424819982e-08,,,,,,,,,,,,
6.655671254056269,grasp,,,,,,,,,,,,,,,,,,,,,0.207200288772583,0.05672783404588699,0.11521609127521515,-0.0634041279554367,-0.009090559557080269,-6.892050350870704e-06,0.02808057889342308,0.17320377223596256,0.047324556529752745,0.0981838687654464,-0.052997537191039945,0.0016055508077657092,7.32633125299366e-08,,,,,,,,,,,,
6.675671254056269,grasp,,,,,,,,,,,,,,,,,,,,,0.190670445561409,0.052474796772003174,0.10579599440097809,-0.05836987495422363,-0.003772578202188015,-8.608583812019788e-06,0.02808057889342308,0.17320377223596256,0.047324556529752745,0.0981838687654464,-0.052997537191039945,0.0016055508077657092,7.32633125299366e-08,,,,,,,,,,,,
6.695671254056268,grasp,,,,,,,,,,,,,,,,,,,,,0.16256888210773468,0.045083023607730865,0.09007821977138519,-0.04976899176836014,-0.0013618678785860538,-3.734022357093636e-06,0.02808057889342308,0.1326897448507527,0.036704273330810944,0.07537555629077097,-0.040608285821586446,0.001230096497842986,5.6016808135830246e-08,,,,,,,,,,,,
6.715671254056269,grasp,,,,,,,,,,,,,,,,,,,,,0.1480463147163391,0.041323281824588776,0.08179739117622375,-0.04533905163407326,-2.409772605460603e-06,-5.87506065130583e-06,0.02808057889342308,0.1326897448507527,0.036704273330810944,0.07537555629077097,-0.040608285821586446,0.001230096497842986,5.6016808135830246e-08,,,,,,,,,,,,
6.735671254056269,grasp,,,,,,,,,,,,,,,,,,,,,0.12386784702539444,0.034913670271635056,0.0682615116238594,-0.03793518617749214,0.0004222425341140479,-2.2343913315125974e-06,0.02808057889342308,0.0981545984332311,0.02757166962278407,0.05590742159006157,-0.030046703634025028,0.0009100234459224989,4.1314258375811325e-08,,,,,,,,,,,,
6.755671254056269,grasp,,,,,,,,,,,,,,,,,,,,,0.11137175559997559,0.03165283799171448,0.06113120913505554,-0.03412189707159996,0.000744003162253648,-4.410449946590234e-06,0.02808057889342308,0.0981545984332311,0.02757166962278407,0.05590742159006157,-0.030046703634025028,0.0009100234459224989,4.1314258375811325e-08,,,,,,,,,,,,
6.7756712540562685,grasp,,,,,,,,,,,,,,,,,,,,,0.09108326584100723,0.026215670630335808,0.049754735082387924,-0.027908122166991234,0.0006813089130446315,-1.6950975805229973e-06,0.02808057889342308,0.06950555240878262,0.019900771324670767,0.03972229513280877,-0.02128441155776634,0.0006444729515493486,2.911622564962964e-08,,,,,,,,,,,,
6.795671254056269,grasp,,,,,,,,,,,,,,,,,,,,,0.0805979073047638,0.02344876155257225,0.04376361891627312,-0.02470778115093708,0.0007346358615905046,-3.6259432363294763e-06,0.02808057889342308,0.06950555240878262,0.019900771324670767,0.03972229513280877,-0.02128441155776634,0.0006444729515493486,2.911622564962964e-08,,,,,,,,,,,,
6.815671254056269,grasp,,,,,,,,,,,,,,,,,,,,,0.06409385055303574,0.018954863771796227,0.0344821996986866,-0.01965230330824852,0.0005769921117462218,-1.3797013025396154e-06,0.02808057889342308,0.046540265318667444,0.013636794586510317,0.026699504182725584,-0.014259516907770279,0.0004315722102260606,1.9336659073240484e-08,,,,,,,,,,,,
6.835671254056269,grasp,,,,,,,,,,,,,,,,,,,,,0.05556483194231987,0.016667015850543976,0.029596541076898575,-0.01704852096736431,0.000564548943657428,-2.9740081117779482e-06,0.02808057889342308,0.046540265318667444,0.013636794586510317,0.026699504182725584,-0.014259516907770279,0.0004315722102260606,1.9336659073240484e-08,,,,,,,,,,,,
6.8556712540562685,grasp,,,,,,,,,,,,,,,,,,,,,0.04265343025326729,0.013088364154100418,0.022309571504592896,-0.0130928885191679,0.0004141833633184433,-1.2151922419434413e-06,0.02808057889342308,0.02892019249560284,0.008738141909521458,0.016666093038288494,-0.008868897301006734,0.0002681986987847297,1.1832122357209481e-08,,,,,,,,,,,,
6.875671254056269,grasp,,,,,,,,,,,,,,,,,,,,,0.03598170354962349,0.01126537099480629,0.018476316705346107,-0.011055557057261467,0.0003888129140250385,-2.3963070816535037e-06,0.02808057889342308,0.02892019249560284,0.008738141909521458,0.016666093038288494,-0.008868897301006734,0.0002681986987847297,1.1832122357209481e-08,,,,,,,,,,,,
6.895671254056269,grasp,,,,,,,,,,,,,,,,,,,,,0.026384301483631134,0.008563948795199394,0.013042628765106201,-0.008114748634397984,0.0002699163742363453,-1.0708019999583485e-06,0.02808057889342308,0.016174888182323446,0.0051420328393123865,0.009384610442697047,-0.004969199217288037,0.00015000945687483063,6.403117008750321e-09,,,,,,,,,,,,
6.915671254056269,grasp,,,,,,,,,,,,,,,,,,,,,0.021425718441605568,0.007186573930084705,0.010187040083110332,-0.006600080989301205,0.0002455223584547639,-1.8607474885357078e-06,0.02808057889342308,0.016174888182323446,0.0051420328393123865,0.009384610442697047,-0.004969199217288037,0.00015000945687483063,6.403117008750321e-09,,,,,,,,,,,,
6.935671254056269,grasp,,,,,,,,,,,,,,,,,,,,,0.014780175872147083,0.0052942014299333096,0.006416074000298977,-0.004563446622341871,0.00016084463277366012,-9.186544502881588e-07,0.02808057889342308,0.007709219074890762,0.002729242646979866,0.004537146131866198,-0.002378743013217805,7.149929683815879e-05,2.7967641692245318e-09,,,,,,,,,,,,
6.955671254056269,grasp,,,,,,,,,,,,,,,,,,,,,0.0113474540412426,0.0043279859237372875,0.004437140189111233,-0.0035144470166414976,0.00014080620894674212,-1.3712145801036968e-06,0.02808057889342308,0.007709219074890762,0.002729242646979866,0.004537146131866198,-0.002378743013217805,7.149929683815879e-05,2.7967641692245318e-09,,,,,,,,,,,,
6.975671254056269,grasp,,,,,,,,,,,,,,,,,,,,,0.007204923313111067,0.0031414900440722704,0.0020848915446549654,-0.0022447037044912577,8.721944323042408e-05,-8.491700782542466e-07,0.02808057889342308,0.0027948999572217402,0.0013256007320353483,0.0017218255541674322,-0.0008749578552836255,2.5923316493463523e-05,7.032383690028706e-10,,,,,,,,,,,,
6.995671254056269,grasp,,,,,,,,,,,,,,,,,,,,,0.005065941251814365,0.0025346442125737667,0.0008532229694537818,-0.0015906725311651826,7.203168206615373e-05,-9.676557510829298e-07,0.02808057889342308,0.0027948999572217402,0.0013256007320353483,0.0017218255541674322,-0.0008749578552836255,2.5923316493463523e-05,7.032383690028706e-10,,,,,,,,,,,,
7.015671254056269,grasp,,,,,,,,,,,,,,,,,,,,,0.0028887137304991484,0.0018959187436848879,0.000127796723973006,-0.0009227582486346364,4.264578819856979e-05,-6.408445756278525e-07,0.02808057889342308,0.0005675508746186853,0.0006893028868123114,0.0004457666709914176,-0.00019338649964661521,5.266583969830031e-06,-2.4562555438560075e-10,,,,,,,,,,,,
7.035671254056269,grasp,,,,,,,,,,,,,,,,,,,,,0.00176527991425246,0.0015655169263482094,0.00013009412214159966,-0.000578652776312083,3.191869109286927e-05,-5.783260235148191e-07,0.02808057889342308,0.0005675508746186853,0.0006893028868123114,0.0004457666709914176,-0.00019338649964661521,5.266583969830031e-06,-2.4562555438560075e-10,,,,,,,,,,,,
7.055671254056269,grasp,,,,,,,,,,,,,,,,,,,,,0.0009184781811200082,0.0013192205224186182,0.00013017254241276532,-0.0003187972179148346,1.9224204152124003e-05,-4.0353194208364584e-07,0.02808057889342308,1.0631792478056678e-05,0.0005302050703173892,0.00012670508712849868,-2.2968626961509203e-05,1.0164212536413161e-07,-4.828763431024712e-10,,,,,,,,,,,,
7.071342508112537,grasp,,,,,,,,,,,,,,,,,,,,,0.0004769990046042949,0.0011906971922144294,0.0001297959970543161,-0.00018333295884076506,1.2555715329654049e-05,-2.776830569928279e-07,0.02808057889342308,-8.668261131106192e-08,0.0005271430709399283,0.00012056442210450768,-1.968876131286379e-05,2.237557250595046e-09,-4.87442475272104e-10,,,,,,,,,,,,
0.0,grasp,,,,,,,,,,,,,,,,,,,,,,,,,,,3.8855837658502423e-08,,,,,,,0.043,,,,,,,,,,,
0.02,grasp,,,,,,,,,,,,,,,,,,,,,,,,,,,4.856667146668769e-06,,,,,,,0.043,,,,,,,,,,,
0.04,grasp,,,,,,,,,,,,,,,,,,,,,,,,,,,4.075902688782662e-05,,,,,,,0.043,,,,,,,,,,,
0.06,grasp,,,,,,,,,,,,,,,,,,,,,,,,,,,0.00014516340161208063,,,,,,,0.043,,,,,,,,,,,
0.08,grasp,,,,,,,,,,,,,,,,,,,,,,,,,,,0.0003563179634511471,,,,,,,0.043,,,,,,,,,,,
0.1,grasp,,,,,,,,,,,,,,,,,,,,,,,,,,,0.0007082634547259659,,,,,,,0.043,,,,,,,,,,,
0.12,grasp,,,,,,,,,,,,,,,,,,,,,,,,,,,0.001228436070960015,,,,,,,0.043,,,,,,,,,,,
0.14,grasp,,,,,,,,,,,,,,,,,,,,,,,,,,,0.0019369506044313312,,,,,,,0.043,,,,,,,,,,,
0.16,grasp,,,,,,,,,,,,,,,,,,,,,,,,,,,0.002846437622793019,,,,,,,0.043,,,,,,,,,,,
0.18,grasp,,,,,,,,,,,,,,,,,,,,,,,,,,,0.003962451359257102,,,,,,,0.043,,,,,,,,,,,
0.2,grasp,,,,,,,,,,,,,,,,,,,,,,,,,,,0.0052838430274277925,,,,,,,0.043,,,,,,,,,,,
0.22,grasp,,,,,,,,,,,,,,,,,,,,,,,,,,,0.006803404772654176,,,,,,,0.043,,,,,,,,,,,
0.24,grasp,,,,,,,,,,,,,,,,,,,,,,,,,,,0.008508495055139065,,,,,,,0.043,,,,,,,,,,,
0.26,grasp,,,,,,,,,,,,,,,,,,,,,,,,,,,0.010381693486124277,,,,,,,0.043,,,,,,,,,,,
0.28,grasp,,,,,,,,,,,,,,,,,,,,,,,,,,,0.012401464860886335,,,,,,,0.043,,,,,,,,,,,
0.3,grasp,,,,,,,,,,,,,,,,,,,,,,,,,,,0.014542856253683567,,,,,,,0.043,,,,,,,,,,,
0.32,grasp,,,,,,,,,,,,,,,,,,,,,,,,,,,0.016778131015598774,,,,,,,0.043,,,,,,,,,,,
0.34,grasp,,,,,,,,,,,,,,,,,,,,,,,,,,,0.019077499397099018,,,,,,,0.043,,,,,,,,,,,
0.36,grasp,,,,,,,,,,,,,,,,,,,,,,,,,,,0.021409736946225166,,,,,,,0.043,,,,,,,,,,,
0.38,grasp,,,,,,,,,,,,,,,,,,,,,,,,,,,0.023742946796119213,,,,,,,0.043,,,,,,,,,,,
0.4,grasp,,,,,,,,,,,,,,,,,,,,,,,,,,,0.026045171543955803,,,,,,,0.043,,,,,,,,,,,
0.42,grasp,,,,,,,,,,,,,,,,,,,,,,,,,,,0.028285084292292595,,,,,,,0.043,,,,,,,,,,,
0.44,grasp,,,,,,,,,,,,,,,,,,,,,,,,,,,0.030432719737291336,,,,,,,0.043,,,,,,,,,,,
0.46,grasp,,,,,,,,,,,,,,,,,,,,,,,,,,,0.03246011212468147,,,,,,,0.043,,,,,,,,,,,
0.48,grasp,,,,,,,,,,,,,,,,,,,,,,,,,,,0.03434199094772339,,,,,,,0.043,,,,,,,,,,,
0.5,grasp,,,,,,,,,,,,,,,,,,,,,,,,,,,0.0360563974827528,,,,,,,0.043,,,,,,,,,,,
0.52,grasp,,,,,,,,,,,,,,,,,,,,,,,,,,,0.037585511803627014,,,,,,,0.043,,,,,,,,,,,
0.54,grasp,,,,,,,,,,,,,,,,,,,,,,,,,,,0.0389162078499794,,,,,,,0.043,,,,,,,,,,,
0.56,grasp,,,,,,,,,,,,,,,,,,,,,,,,,,,0.04004077799618244,,,,,,,0.043,,,,,,,,,,,
0.58,grasp,,,,,,,,,,,,,,,,,,,,,,,,,,,0.04095758497714996,,,,,,,0.043,,,,,,,,,,,
0.6,grasp,,,,,,,,,,,,,,,,,,,,,,,,,,,0.04167182743549347,,,,,,,0.043,,,,,,,,,,,
0.62,grasp,,,,,,,,,,,,,,,,,,,,,,,,,,,0.042196109890937805,,,,,,,0.043,,,,,,,,,,,
0.64,grasp,,,,,,,,,,,,,,,,,,,,,,,,,,,0.0425511971116066,,,,,,,0.043,,,,,,,,,,,
0.66,grasp,,,,,,,,,,,,,,,,,,,,,,,,,,,0.04276668466627598,,,,,,,0.043,,,,,,,,,,,
0.68,grasp,,,,,,,,,,,,,,,,,,,,,,,,,,,0.042881689965724945,,,,,,,0.043,,,,,,,,,,,
0.68,grasp,,,,,,,,,,,,,,,,,,,,,-1.6435299698969175e-07,0.0010455925948917866,0.00012923307076562196,-3.906256824848242e-05,7.986722394548451e-09,-8.581240162897075e-10,0.042881689965724945,-8.668261131106192e-08,0.0005271430709399283,0.00012056442210450768,-1.968876131286379e-05,2.237557250595046e-09,-4.87442475272104e-10,,,,,,,,,,,,
0.7000000000000001,grasp,,,,,,,,,,,,,,,,,,,,,-1.6574929873058863e-07,0.0010503509547561407,0.00012924121983814985,-3.9242906495928764e-05,7.94416266103326e-09,-9.13929876222852e-10,0.042881689965724945,-8.668261131106192e-08,0.0005271430709399283,0.00012056442210450768,-1.968876131286379e-05,2.237557250595046e-09,-4.87442475272104e-10,,,,,,,,,,,,
0.7200000000000001,grasp,,,,,,,,,,,,,,,,,,,,,0.00010147002467419952,0.0010823813499882817,0.00012907710333820432,-7.109833677532151e-05,1.332005808762915e-06,-8.92337581603897e-09,0.042881689965724945,0.00021408922926511825,0.0005883277547408968,0.00024326681404429056,-8.522683553767563e-05,1.9885335407510055e-06,-3.962023021293411e-10,,,,,,,,,,,,
0.74,grasp,,,,,,,,,,,,,,,,,,,,,0.00015494925901293755,0.0010990580776706338,0.00012906425399705768,-8.75216064741835e-05,1.3423450582195073e-06,2.1265074146015195e-09,0.042881689965724945,0.00021408922926511825,0.0005883277547408968,0.00024326681404429056,-8.522683553767563e-05,1.9885335407510055e-06,-3.962023021293411e-10,,,,,,,,,,,,
0.76,grasp,,,,,,,,,,,,,,,,,,,,,0.0008770765853114426,0.0013064644299447536,0.00012745267304126173,-0.0003099523310083896,1.0505129466764629e-05,-5.13182847328153e-08,0.042881689965724945,0.0016568995713921973,0.00100050250974175,0.0010698597246429217,-0.0005267284330606299,1.5369349016720718e-05,2.184434542125798e-10,,,,,,,,,,,,
0.78,grasp,,,,,,,,,,,,,,,,,,,,,0.0012511201202869415,0.0014147984329611063,0.00012742067337967455,-0.0004246453754603863,1.067490393324988e-05,2.3327077158796783e-08,0.042881689965724945,0.0016568995713921973,0.00100050250974175,0.0010698597246429217,-0.0005267284330606299,1.5369349016720718e-05,2.184434542125798e-10,,,,,,,,,,,,
0.8,grasp,,,,,,,,,,,,,,,,,,,,,0.003258670913055539,0.0020083324052393436,0.0005179362487979233,-0.0010406699730083346,3.529989771777764e-05,-1.0811442052727216e-07,0.042881689965724945,0.005407100564132285,0.002071837441303078,0.003218366012979486,-0.001674294237553337,5.0149212927755794e-05,1.8160512684274774e-09,,,,,,,,,,,,
0.8200000000000001,grasp,,,,,,,,,,,,,,,,,,,,,0.004298170562833548,0.0023024887777864933,0.0007967570563778281,-0.0013575804186984897,3.6414206988411024e-05,8.334168200008207e-08,0.042881689965724945,0.005407100564132285,0.002071837441303078,0.003218366012979486,-0.001674294237553337,5.0149212927755794e-05,1.8160512684274774e-09,,,,,,,,,,,,
0.8400000000000001,grasp,,,,,,,,,,,,,,,,,,,,,0.008211348205804825,0.003420279361307621,0.00285665737465024,-0.002556542167440057,8.363861707039177e-05,-1.5581491652483237e-07,0.042881689965724945,0.012388025129601335,0.004062270942060401,0.007216028445323602,-0.0038104323934614174,0.00011489016302707992,4.789917313052018e-09,,,,,,,,,,,,
0.8600000000000001,grasp,,,,,,,,,,,,,,,,,,,,,0.010236995294690132,0.003986409865319729,0.00395832909271121,-0.0031740202102810144,8.692638220964e-05,1.9274563101134845e-07,0.042881689965724945,0.012388025129601335,0.004062270942060401,0.007216028445323602,-0.0038104323934614174,0.00011489016302707992,4.789917313052018e-09,,,,,,,,,,,,
0.8800000000000001,grasp,,,,,,,,,,,,,,,,,,,,,0.016597930341959,0.005797560326755047,0.00753078144043684,-0.005122767761349678,0.0001631381455808878,-1.847844401936527e-07,0.042881689965724945,0.023379026635097337,0.00717560713985436,0.013500800415121555,-0.007173466910780808,0.00021681483221171235,9.471812050128546e-09,,,,,,,,,,,,
0.9,grasp,,,,,,,,,,,,,,,,,,,,,0.019889870658516884,0.006715077906847,0.009430212900042534,-0.006126439664512873,0.0001698846317594871,3.52083986854268e-07,0.042881689965724945,0.023379026635097337,0.00717560713985436,0.013500800415121555,-0.007173466910780808,0.00021681483221171235,9.471812050128546e-09,,,,,,,,,,,,
0.92,grasp,,,,,,,,,,,,,,,,,,,,,0.029155336320400238,0.009326452389359474,0.014671491459012032,-0.008964764885604382,0.0002805281546898186,-1.9169912945926626e-07,0.042881689965724945,0.039026407750617866,0.011552690303903662,0.022423096008559948,-0.01196079656853239,0.0003619049890034319,1.613650633462202e-08,,,,,,,,,,,,
0.9400000000000001,grasp,,,,,,,,,,,,,,,,,,,,,0.033949609845876694,0.010650251060724258,0.01745358668267727,-0.01042662002146244,0.0002919255057349801,5.583272582043719e-07,0.042881689965724945,0.039026407750617866,0.011552690303903662,0.022423096008559948,-0.01196079656853239,0.0003619049890034319,1.613650633462202e-08,,,,,,,,,,,,
0.9600000000000001,grasp,,,,,,,,,,,,,,,,,,,,,0.04649271070957184,0.014128661714494228,0.024535046890378,-0.014268500730395317,0.0004414734139572829,-1.7560813603267889e-07,0.042881689965724945,0.05985031670467652,0.01727393789395005,0.03425022055876676,-0.018331009999614224,0.0005549654994729729,2.5004712686162725e-08,,,,,,,,,,,,
0.98,grasp,,,,,,,,,,,,,,,,,,,,,0.05298209190368652,0.01589246466755867,0.02829054184257984,-0.016247261315584183,0.00045855631469748914,8.069202976912493e-07,0.042881689965724945,0.05985031670467652,0.01727393789395005,0.03425022055876676,-0.018331009999614224,0.0005549654994729729,2.5004712686162725e-08,,,,,,,,,,,,
1.0,grasp,,,,,,,,,,,,,,,,,,,,,0.06909047812223434,0.020279794931411743,0.03735298663377762,-0.021180497482419014,0.0006504455814138055,-1.3581789914951514e-07,0.042881689965724945,0.08624031219270581,0.024389018690900332,0.049179460145270505,-0.026402790143256846,0.0007995911606091094,3.624156216431664e-08,,,,,,,,,,,,
1.02,grasp,,,,,,,,,,,,,,,,,,,,,0.07742352783679962,0.022504793480038643,0.04215583950281143,-0.02372136153280735,0.0006741059478372335,1.0924906064246898e-06,0.042881689965724945,0.08624031219270581,0.024389018690900332,0.049179460145270505,-0.026402790143256846,0.0007995911606091094,3.624156216431664e-08,,,,,,,,,,,,
1.04,grasp,,,,,,,,,,,,,,,,,,,,,0.09729640185832977,0.027837667614221573,0.05330488458275795,-0.029806796461343765,0.0009106966899707913,-7.219883713105446e-08,0.042881689965724945,0.11845004162722726,0.03295034101787031,0.0673521944588688,-0.03625358161924556,0.0010981263021426868,4.995475810875665e-08,,,,,,,,,,,,
1.06,grasp,,,,,,,,,,,,,,,,,,,,,0.107575923204422,0.030542554333806038,0.059210147708654404,-0.03294111788272858,0.0009416696848347783,1.4091563116380712e-06,0.042881689965724945,0.11845004162722726,0.03295034101787031,0.0673521944588688,-0.03625358161924556,0.0010981263021426868,4.995475810875665e-08,,,,,,,,,,,,
1.08,grasp,,,,,,,,,,,,,,,,,,,,,0.13133198022842407,0.03684671223163605,0.07251324504613876,-0.040215060114860535,0.001224340288899839,1.3220596173368904e-08,0.042881689965724945,0.15661541905715998,0.04299088437143896,0.0888497917488522,-0.04792491991494308,0.0014518269756098436,6.62019989270638e-08,,,,,,,,,,,,
1.1,grasp,,,,,,,,,,,,,,,,,,,,,0.1436191350221634,0.04004473239183426,0.07955560833215714,-0.043961524963378906,0.0012632126454263926,1.7501947695564013e-06,0.042881689965724945,0.15661541905715998,0.04299088437143896,0.0888497917488522,-0.04792491991494308,0.0014518269756098436,6.62019989270638e-08,,,,,,,,,,,,
1.12,grasp,,,,,,,,,,,,,,,,,,,,,0.17130686342716217,0.04732481390237808,0.09503909945487976,-0.052438732236623764,0.0015924880281090736,1.1904129593176549e-07,0.042881689965724945,0.20077145297683335,0.05450625423814956,0.11368904005692891,-0.06142739107947334,0.0018610137721232496,8.499801309902923e-08,,,,,,,,,,,,
1.1400000000000001,grasp,,,,,,,,,,,,,,,,,,,,,0.1856265515089035,0.05101854354143143,0.10323135554790497,-0.05680498480796814,0.001639701658859849,2.1086812012072187e-06,0.042881689965724945,0.20077145297683335,0.05450625423814956,0.11368904005692891,-0.06142739107947334,0.0018610137721232496,8.499801309902923e-08,,,,,,,,,,,,
1.1600000000000001,grasp,,,,,,,,,,,,,,,,,,,,,0.2172255516052246,0.0592709444463253,0.12088454514741898,-0.06647922098636627,0.0020152402576059103,2.433325505535322e-07,0.042881689965724945,0.25084932082719746,0.06748668273972111,0.14183232075237087,-0.07674001776899017,0.002325054238608138,1.0631370836531353e-07,,,,,,,,,,,,
1.1800000000000002,grasp,,,,,,,,,,,,,,,,,,,,,0.23356693983078003,0.0634588822722435,0.13021959364414215,-0.0714619904756546,0.002071106806397438,2.47840148404066e-06,0.042881689965724945,0.25084932082719746,0.06748668273972111,0.14183232075237087,-0.07674001776899017,0.002325054238608138,1.0631370836531353e-07,,,,,,,,,,,,
1.2000000000000002,grasp,,,,,,,,,,,,,,,,,,,,,0.2689965069293976,0.07265964150428772,0.1499965339899063,-0.08230841904878616,0.002491844817996025,3.833843891243305e-07,0.042881689965724945,0.3066932400181175,0.08188507771042648,0.17318943925069163,-0.09381505564135542,0.002842499720955079,1.3008255363704647e-07,,,,,,,,,,,,
1.2200000000000002,grasp,,,,,,,,,,,,,,,,,,,,,0.2873176038265228,0.07732994109392166,0.16044877469539642,-0.0878949835896492,0.0025565442629158497,2.8520453270175494e-06,0.042881689965724945,0.3066932400181175,0.08188507771042648,0.17318943925069163,-0.09381505564135542,0.002842499720955079,1.3008255363704647e-07,,,,,,,,,,,,
1.2400000000000002,grasp,,,,,,,,,,,,,,,,,,,,,0.32643958926200867,0.08744069188833237,0.18227240443229675,-0.09987124055624008,0.0030206770170480013,5.364523190110049e-07,0.042881689965724945,0.3680623399423676,0.0976357624078678,0.20762482331472995,-0.11257861144907,0.0034111075889169482,1.5620155671648464e-07,,,,,,,,,,,,
1.26,grasp,,,,,,,,,,,,,,,,,,,,,0.34666869044303894,0.0925740897655487,0.19379962980747223,-0.10603968054056168,0.003094280371442437,3.223470002922113e-06,0.042881689965724945,0.3680623399423676,0.0976357624078678,0.20762482331472995,-0.11257861144907,0.0034111075889169482,1.5620155671648464e-07,,,,,,,,,,,,
1.28,grasp,,,,,,,,,,,,,,,,,,,,,0.3892914056777954,0.1035483255982399,0.2175649255514145,-0.11908705532550812,0.003599361749365926,6.999390507189673e-07,0.042881689965724945,0.43463605685577117,0.11466424829319163,0.24496196937029904,-0.13293270171283256,0.004027910787177855,1.8453443788616672e-07,,,,,,,,,,,,
1.3,grasp,,,,,,,,,,,,,,,,,,,,,0.41132938861846924,0.10912149399518967,0.23011013865470886,-0.12580710649490356,0.0036818208172917366,3.585940021366696e-06,0.042881689965724945,0.43463605685577117,0.11466424829319163,0.24496196937029904,-0.13293270171283256,0.004027910787177855,1.8453443788616672e-07,,,,,,,,,,,,
1.32,grasp,,,,,,,,,,,,,,,,,,,,,0.4572155773639679,0.12089604139328003,0.25568482279777527,-0.1398528665304184,0.004224866162985563,8.705717959855974e-07,0.042881689965724945,0.5060292266770924,0.13286639234700706,0.2849833766386621,-0.15475952484508107,0.004689349937822577,2.1491762511984276e-07,,,,,,,,,,,,
1.34,grasp,,,,,,,,,,,,,,,,,,,,,0.4809392988681793,0.12687720358371735,0.26917675137519836,-0.14708712697029114,0.004316035658121109,3.932786512450548e-06,0.042881689965724945,0.5060292266770924,0.13286639234700706,0.2849833766386621,-0.15475952484508107,0.004689349937822577,2.1491762511984276e-07,,,,,,,,,,,,
1.36,grasp,,,,,,,,,,,,,,,,,,,,,0.5298076272010803,0.13938288390636444,0.2964056432247162,-0.1620451807975769,0.004893538076430559,1.0433656143504777e-06,0.042881689965724945,0.5817916553816437,0.1521342508416179,0.3274391055099071,-0.17792150945354326,0.005391260204935491,2.4715989657482175e-07,,,,,,,,,,,,
1.3800000000000001,grasp,,,,,,,,,,,,,,,,,,,,,0.5550718307495117,0.14573688805103302,0.310761421918869,-0.16974936425685883,0.004993143025785685,4.2566980482661165e-06,0.042881689965724945,0.5817916553816437,0.1521342508416179,0.3274391055099071,-0.17792150945354326,0.005391260204935491,2.4715989657482175e-07,,,,,,,,,,,,
1.4,grasp,,,,,,,,,,,,,,,,,,,,,0.6066051721572876,0.1588928997516632,0.33946797251701355,-0.18552261590957642,0.005601145792752504,1.218184593199112e-06,0.042881689965724945,0.6614213294161242,0.1723399297080897,0.37204810138022243,-0.20226519006510463,0.006128989849374733,2.8104757921493906e-07,,,,,,,,,,,,
1.42,grasp,,,,,,,,,,,,,,,,,,,,,0.6332454085350037,0.16557903587818146,0.3545936048030853,-0.19364650547504425,0.005708813667297363,4.554467977868626e-06,0.042881689965724945,0.6614213294161242,0.1723399297080897,0.37204810138022243,-0.20226519006510463,0.006128989849374733,2.8104757921493906e-07,,,,,,,,,,,,
1.44,grasp,,,,,,,,,,,,,,,,,,,,,0.6870932579040527,0.17929717898368835,0.38458332419395447,-0.2101278454065323,0.006342997774481773,1.3893791219743434e-06,0.042881689965724945,0.7443693542727449,0.19334605135548788,0.41850330764412885,-0.22762293296781966,0.00689745614236992,3.1634731817725785e-07,,,,,,,,,,,,
1.46,grasp,,,,,,,,,,,,,,,,,,,,,0.7149282693862915,0.18627046048641205,0.40037551522254944,-0.21861638128757477,0.0064582484774291515,4.820555659534875e-06,0.042881689965724945,0.7443693542727449,0.19334605135548788,0.41850330764412885,-0.22762293296781966,0.00689745614236992,3.1634731817725785e-07,,,,,,,,,,,,
1.48,grasp,,,,,,,,,,,,,,,,,,,,,0.770713210105896,0.20045717060565948,0.43143850564956665,-0.23569034039974213,0.007114011328667402,1.554237542222836e-06,0.042881689965724945,0.830047041396841,0.21500867880872704,0.4664761600565783,-0.2538151145764236,0.007691218315186836,3.528090514218388e-07,,,,,,,,,,,,
1.5,grasp,,,,,,,,,,,,,,,,,,,,,0.7995477914810181,0.207670196890831,0.4477863907814026,-0.2444840371608734,0.007236236706376076,5.051212610851508e-06,0.042881689965724945,0.830047041396841,0.21500867880872704,0.4664761600565783,-0.2538151145764236,0.007691218315186836,3.528090514218388e-07,,,,,,,,,,,,
1.52,grasp,,,,,,,,,,,,,,,,,,,,,0.8568694591522217,0.22222481667995453,0.4796998202800751,-0.26202836632728577,0.007908725179731846,1.7091923609768855e-06,0.042881689965724945,0.9178357486414213,0.23717179182752332,0.5156196674803564,-0.28065284429495374,0.008504552301798179,3.901699010709339e-07,,,,,,,,,,,,
1.54,grasp,,,,,,,,,,,,,,,,,,,,,0.8864967226982117,0.22962628304958344,0.49648600816726685,-0.2710641324520111,0.008037266321480274,5.238053745415527e-06,0.042881689965724945,0.9178357486414213,0.23717179182752332,0.5156196674803564,-0.28065284429495374,0.008504552301798179,3.901699010709339e-07,,,,,,,,,,,,
1.56,grasp,,,,,,,,,,,,,,,,,,,,,0.9449373483657837,0.2444448620080948,0.5290171504020691,-0.28895097970962524,0.008721450343728065,1.8490156890038634e-06,0.042881689965724945,1.007091874254829,0.2596766591694934,0.5655740261003289,-0.30793957719613446,0.009331497067276776,4.2815610683651253e-07,,,,,,,,,,,,
1.58,grasp,,,,,,,,,,,,,,,,,,,,,0.9751410484313965,0.25198179483413696,0.546119213104248,-0.2981632351875305,0.008855508640408516,5.3800176829099655e-06,0.042881689965724945,1.007091874254829,0.2596766591694934,0.5655740261003289,-0.30793957719613446,0.009331497067276776,4.2815610683651253e-07,,,,,,,,,,,,
1.6,grasp,,,,,,,,,,,,,,,,,,,,,1.0342707633972168,0.2669578194618225,0.5790287256240845,-0.3162612318992615,0.009546236135065556,1.975382929231273e-06,0.042881689965724945,1.0971551900621173,0.2823608118382445,0.6159703724089406,-0.3354738257260414,0.01016593640457094,4.6648661326780756e-07,,,,,,,,,,,,
1.62,grasp,,,,,,,,,,,,,,,,,,,,,1.0648282766342163,0.2745758891105652,0.5963214039802551,-0.3255820572376251,0.009684933349490166,5.476875685417326e-06,0.042881689965724945,1.0971551900621173,0.2823608118382445,0.6159703724089406,-0.3354738257260414,0.01016593640457094,4.6648661326780756e-07,,,,,,,,,,,,
1.6400000000000001,grasp,,,,,,,,,,,,,,,,,,,,,1.124207854270935,0.2896000146865845,0.6293651461601257,-0.34375694394111633,0.010376999154686928,2.0824852526857285e-06,0.042881689965724945,1.1873569531015247,0.30505835415353205,0.6664345693454753,-0.36305141296290405,0.01100167669042562,5.048767378034058e-07,,,,,,,,,,,,
1.6600000000000001,grasp,,,,,,,,,,,,,,,,,,,,,1.1548928022384644,0.2972433865070343,0.6467206478118896,-0.35311755537986755,0.010519346222281456,5.5269570111704525e-06,0.042881689965724945,1.1873569531015247,0.30505835415353205,0.6664345693454753,-0.36305141296290405,0.01100167669042562,5.048767378034058e-07,,,,,,,,,,,,
1.6800000000000002,grasp,,,,,,,,,,,,,,,,,,,,,1.2140814065933228,0.31220611929893494,0.6796532273292542,-0.37123459577560425,0.011207619681954384,2.1705252493120497e-06,0.042881689965724945,1.2770267053210114,0.32760302265552793,0.7165921509379782,-0.39046763374473503,0.011832518436162412,5.430418365254826e-07,,,,,,,,,,,,
1.7000000000000002,grasp,,,,,,,,,,,,,,,,,,,,,1.244666337966919,0.3198191225528717,0.6969429850578308,-0.3805653154850006,0.01135255116969347,5.53052086615935e-06,0.042881689965724945,1.2770267053210114,0.32760302265552793,0.7165921509379782,-0.39046763374473503,0.011832518436162412,5.430418365254826e-07,,,,,,,,,,,,
1.7200000000000002,grasp,,,,,,,,,,,,,,,,,,,,,1.303226113319397,0.33461111783981323,0.7295210361480713,-0.39849036931991577,0.012031935155391693,2.2397227894543903e-06,0.042881689965724945,1.3654998676329608,0.34983031075057286,0.7660724724122748,-0.4175190469604234,0.01265229888244764,5.806986531492629e-07,,,,,,,,,,,,
1.7400000000000002,grasp,,,,,,,,,,,,,,,,,,,,,1.3334836959838867,0.3421378433704376,0.7466176152229309,-0.407722145318985,0.012178311124444008,5.4913498388486914e-06,0.042881689965724945,1.3654998676329608,0.34983031075057286,0.7660724724122748,-0.4175190469604234,0.01265229888244764,5.806986531492629e-07,,,,,,,,,,,,
1.7600000000000002,grasp,,,,,,,,,,,,,,,,,,,,,1.3909814357757568,0.35665163397789,0.7786014080047607,-0.4253225326538086,0.01284380815923214,2.291195642101229e-06,0.042881689965724945,1.4521249897369255,0.37157910134820316,0.8145131692052459,-0.4440062324741615,0.013454972839770244,6.175695535589541e-07,,,,,,,,,,,,
1.7800000000000002,grasp,,,,,,,,,,,,,,,,,,,,,1.420689344406128,0.3640373945236206,0.7953799366950989,-0.43438705801963806,0.01299049612134695,5.406713626143755e-06,0.042881689965724945,1.4521249897369255,0.37157910134820316,0.8145131692052459,-0.4440062324741615,0.013454972839770244,6.175695535589541e-07,,,,,,,,,,,,
1.8000000000000003,grasp,,,,,,,,,,,,,,,,,,,,,1.4767051935195923,0.3781684637069702,0.8265368342399597,-0.4515342116355896,0.013637375086545944,2.3195550511445617e-06,0.042881689965724945,1.5362716297561145,0.39269281024896646,0.861563819559916,-0.4697363447065518,0.014234696424244204,6.533860796426827e-07,,,,,,,,,,,,
1.8200000000000003,grasp,,,,,,,,,,,,,,,,,,,,,1.5056453943252563,0.38535985350608826,0.8428761959075928,-0.4603653848171234,0.013783115893602371,5.280020104692085e-06,0.042881689965724945,1.5362716297561145,0.39269281024896646,0.861563819559916,-0.4697363447065518,0.014234696424244204,6.533860796426827e-07,,,,,,,,,,,,
1.8399999999999999,grasp,,,,,,,,,,,,,,,,,,,,,1.5597763061523438,0.3990076780319214,0.872983455657959,-0.47693607211112976,0.014406850561499596,2.3266813968803035e-06,0.042881689965724945,1.617337580068126,0.41302202710426966,0.9068903531808105,-0.4945252101904296,0.014985905629264974,6.878926794407532e-07,,,,,,,,,,,,
1.8599999999999999,grasp,,,,,,,,,,,,,,,,,,,,,1.5877418518066406,0.4059534966945648,0.8887669444084167,-0.48547014594078064,0.01455041952431202,5.1147617341484874e-06,0.042881689965724945,1.617337580068126,0.41302202710426966,0.9068903531808105,-0.4945252101904296,0.014985905629264974,6.878926794407532e-07,,,,,,,,,,,,
1.88,grasp,,,,,,,,,,,,,,,,,,,,,1.6396063566207886,0.4190228581428528,0.9176139831542969,-0.5013473033905029,0.015146794728934765,2.3155075723479968e-06,0.042881689965724945,1.6947566038351531,0.4324260332821763,0.9501789160989579,-0.5181996724121053,0.015703376164590284,7.208490873484667e-07,,,,,,,,,,,,
1.9,grasp,,,,,,,,,,,,,,,,,,,,,1.666399598121643,0.4256744086742401,0.9327322840690613,-0.5095244646072388,0.015286926180124283,4.916212674288545e-06,0.042881689965724945,1.6947566038351531,0.4324260332821763,0.9501789160989579,-0.5181996724121053,0.015703376164590284,7.208490873484667e-07,,,,,,,,,,,,
1.92,grasp,,,,,,,,,,,,,,,,,,,,,1.715643286705017,0.43807679414749146,0.9601243734359741,-0.5245997905731201,0.015852047130465508,2.2873473426443525e-06,0.042881689965724945,1.7680054231073197,0.45077476646473835,0.9911407452220125,-0.5406001716125934,0.01638225249354056,7.520328456127102e-07,,,,,,,,,,,,
1.94,grasp,,,,,,,,,,,,,,,,,,,,,1.7410809993743896,0.4443889856338501,0.9744752645492554,-0.5323638319969177,0.015987545251846313,4.688665740104625e-06,0.042881689965724945,1.7680054231073197,0.45077476646473835,0.9911407452220125,-0.5406001716125934,0.01638225249354056,7.520328456127102e-07,,,,,,,,,,,,
1.96,grasp,,,,,,,,,,,,,,,,,,,,,1.786385416984558,0.45660656690597534,0.9996694922447205,-0.5454086065292358,0.016473187133669853,2.2910635379957967e-06,0.042881689965724945,1.8345575119893693,0.4691198770472533,1.0283416353989725,-0.5592508640306281,0.016930259454606036,7.878125396467339e-07,,,,,,,,,,,,
1.98,grasp,,,,,,,,,,,,,,,,,,,,,1.8097867965698242,0.46283629536628723,1.012861728668213,-0.5521267652511597,0.016584424301981926,4.392509708850412e-06,0.042881689965724945,1.8345575119893693,0.4691198770472533,1.0283416353989725,-0.5592508640306281,0.016930259454606036,7.878125396467339e-07,,,,,,,,,,,,
2.0,grasp,,,,,,,,,,,,,,,,,,,,,1.8246852159500122,0.48961639404296875,1.0207734107971191,-0.5331882238388062,0.015819579362869263,3.6864473713649204e-06,0.042881689965724945,1.8404887645463157,0.5178352142424757,1.0308399696270165,-0.5130438928998616,0.015087820453771493,9.948870189451862e-07,,,,,,,,,,,,
2.02,grasp,,,,,,,,,,,,,,,,,,,,,1.8323609828948975,0.5035777688026428,1.0247961282730103,-0.5234317183494568,0.015427161939442158,3.2440905215480598e-06,0.042881689965724945,1.8404887645463157,0.5178352142424757,1.0308399696270165,-0.5130438928998616,0.015087820453771493,9.948870189451862e-07,,,,,,,,,,,,
2.04,grasp,,,,,,,,,,,,,,,,,,,,,1.8353533744812012,0.5343226790428162,1.0259203910827637,-0.4938000440597534,0.014292594976723194,2.658565790625289e-06,0.042881689965724945,1.8385260328686572,0.5666357589094251,1.0289003885218944,-0.4622912361276777,0.01312390044072085,1.203793720376815e-06,,,,,,,,,,,,
2.06,grasp,,,,,,,,,,,,,,,,,,,,,1.8368923664093018,0.5503177046775818,1.0264230966567993,-0.47853463888168335,0.013714615255594254,2.213984316767892e-06,0.042881689965724945,1.8385260328686572,0.5666357589094251,1.0289003885218944,-0.4622912361276777,0.01312390044072085,1.203793720376815e-06,,,,,,,,,,,,
2.08,grasp,,,,,,,,,,,,,,,,,,,,,1.8368324041366577,0.5797955989837646,1.0258654356002808,-0.4484633207321167,0.012566732242703438,1.9307217371533625e-06,0.042881689965724945,1.8367602907973142,0.6106762089683745,1.0271554602095865,-0.4164867452840076,0.011357029016614652,1.391738268924894e-06,,,,,,,,,,,,
2.1,grasp,,,,,,,,,,,,,,,,,,,,,1.8370164632797241,0.5950706601142883,1.0254946947097778,-0.4329720735549927,0.011499647982418537,5.974840678391047e-05,0.042881689965724945,1.8367602907973142,0.6106762089683745,1.0271554602095865,-0.4164867452840076,0.011357029016614652,1.391738268924894e-06,,,,,,,,,,,,
2.12,grasp,,,,,,,,,,,,,,,,,,,,,1.8364253044128418,0.6218013167381287,1.024538516998291,-0.40526676177978516,0.009989568963646889,0.00010761263547465205,0.042881689965724945,1.8351925489447933,0.6497961857238621,1.0256067550002115,-0.3757993538233388,0.009788620427462296,1.5585748647790968e-06,,,,,,,,,,,,
2.14,grasp,,,,,,,,,,,,,,,,,,,,,1.8358958959579468,0.6357144117355347,1.0239973068237305,-0.39099231362342834,0.009732683189213276,7.45298239053227e-05,0.042881689965724945,1.8351925489447933,0.6497961857238621,1.0256067550002115,-0.3757993538233388,0.009788620427462296,1.5585748647790968e-06,,,,,,,,,,,,
2.16,grasp,,,,,,,,,,,,,,,,,,,,,1.8350589275360107,0.6593164801597595,1.0231400728225708,-0.36643749475479126,0.008725585415959358,8.06036769063212e-05,0.042881689965724945,1.833824593910386,0.683909131295051,1.0242556846118376,-0.3403202118061299,0.008420307086108829,1.7041263304329545e-06,,,,,,,,,,,,
2.18,grasp,,,,,,,,,,,,,,,,,,,,,1.8344676494598389,0.6715789437294006,1.0226367712020874,-0.353786438703537,0.008581139147281647,4.152963447268121e-05,0.042881689965724945,1.833824593910386,0.683909131295051,1.0242556846118376,-0.3403202118061299,0.008420307086108829,1.7041263304329545e-06,,,,,,,,,,,,
2.2,grasp,,,,,,,,,,,,,,,,,,,,,1.8338819742202759,0.6918723583221436,1.0221967697143555,-0.33259347081184387,0.007316969335079193,9.263824176741764e-05,0.042881689965724945,1.8326560743216498,0.7130085496473453,1.023101477320807,-0.31005636846368134,0.007251592927279363,1.8284439750424866e-06,,,,,,,,,,,,
2.22,grasp,,,,,,,,,,,,,,,,,,,,,1.8339734077453613,0.7023265957832336,1.0222095251083374,-0.3216747045516968,0.005732603371143341,0.00022047359379939735,0.042881689965724945,1.8326560743216498,0.7130085496473453,1.023101477320807,-0.31005636846368134,0.007251592927279363,1.8284439750424866e-06,,,,,,,,,,,,
2.24,grasp,,,,,,,,,,,,,,,,,,,,,1.8335310220718384,0.7194019556045532,1.0218358039855957,-0.3038642108440399,0.004426661878824234,0.00029155201627872884,0.042881689965724945,1.8316830627175038,0.7371744108430076,1.0221407052865594,-0.2849244406557393,0.006278898430258595,1.931911139031604e-06,,,,,,,,,,,,
2.2600000000000002,grasp,,,,,,,,,,,,,,,,,,,,,1.833200454711914,0.7282614707946777,1.0215848684310913,-0.29468879103660583,0.003996915649622679,0.000300775864161551,0.042881689965724945,1.8316830627175038,0.7371744108430076,1.0221407052865594,-0.2849244406557393,0.006278898430258595,1.931911139031604e-06,,,,,,,,,,,,
2.2800000000000002,grasp,,,,,,,,,,,,,,,,,,,,,1.8326226472854614,0.7421864867210388,1.0211031436920166,-0.28017833828926086,0.0034730390179902315,0.00029664483736269176,0.042881689965724945,1.830899002497679,0.7565796114936273,1.021366377553392,-0.2647442336123391,0.005495280122669094,2.0152670431299137e-06,,,,,,,,,,,,
2.3000000000000003,grasp,,,,,,,,,,,,,,,,,,,,,1.832202672958374,0.7494388818740845,1.0205854177474976,-0.272704541683197,0.0034516791347414255,0.0002677982847671956,0.042881689965724945,1.830899002497679,0.7565796114936273,1.021366377553392,-0.2647442336123391,0.005495280122669094,2.0152670431299137e-06,,,,,,,,,,,,
2.3200000000000003,grasp,,,,,,,,,,,,,,,,,,,,,1.831627607345581,0.7603813409805298,1.0198713541030884,-0.2613358795642853,0.0033177745062857866,0.0002321015199413523,0.042881689965724945,1.83029338587978,0.7714964816213998,1.0207684222710824,-0.24923244240586676,0.004890108969750212,2.0796430126191287e-06,,,,,,,,,,,,
2.3400000000000003,grasp,,,,,,,,,,,,,,,,,,,,,1.831470251083374,0.7660091519355774,1.0195386409759521,-0.2554798722267151,0.0029498327057808638,0.00024329313600901514,0.042881689965724945,1.83029338587978,0.7714964816213998,1.0207684222710824,-0.24923244240586676,0.004890108969750212,2.0796430126191287e-06,,,,,,,,,,,,
2.36,grasp,,,,,,,,,,,,,,,,,,,,,1.8313777446746826,0.7741033434867859,1.0196701288223267,-0.24701008200645447,0.0018128069350495934,0.00033821375109255314,0.042881689965724945,1.8298516738911503,0.7823027483050387,1.0203322308681781,-0.237995855036185,0.004448809067233383,2.1265883494470272e-06,,,,,,,,,,,,
2.38,grasp,,,,,,,,,,,,,,,,,,,,,1.831324815750122,0.7782719731330872,1.0196936130523682,-0.24264855682849884,0.0013445160584524274,0.00037101030466146767,0.042881689965724945,1.8298516738911503,0.7823027483050387,1.0203322308681781,-0.237995855036185,0.004448809067233383,2.1265883494470272e-06,,,,,,,,,,,,
2.4,grasp,,,,,,,,,,,,,,,,,,,,,1.8309944868087769,0.7839202284812927,1.0192492008209229,-0.23678287863731384,0.0014181546866893768,0.00033168046502396464,0.042881689965724945,1.829553478753393,0.7894889995260418,1.0200378773989545,-0.23052610937779627,0.004150937871219282,2.1582766862287735e-06,,,,,,,,,,,,
2.42,grasp,,,,,,,,,,,,,,,,,,,,,1.8308026790618896,0.7868428826332092,1.0192234516143799,-0.23375724256038666,0.0013993174070492387,0.00032608816400170326,0.042881689965724945,1.829553478753393,0.7894889995260418,1.0200378773989545,-0.23052610937779627,0.004150937871219282,2.1582766862287735e-06,,,,,,,,,,,,
2.44,grasp,,,,,,,,,,,,,,,,,,,,,1.8308299779891968,0.7903167605400085,1.0192309617996216,-0.2300986498594284,0.0008398898644372821,0.00037113294820301235,0.042881689965724945,1.8293764242466897,0.7936628104408611,1.0198630617246252,-0.22619063416477114,0.003974117491287903,2.177087791241362e-06,,,,,,,,,,,,
2.46,grasp,,,,,,,,,,,,,,,,,,,,,1.8305871486663818,0.7921749949455261,1.0187889337539673,-0.2282162308692932,0.0011932633351534605,0.0003191022260580212,0.042881689965724945,1.8293764242466897,0.7936628104408611,1.0198630617246252,-0.22619063416477114,0.003974117491287903,2.177087791241362e-06,,,,,,,,,,,,
2.48,grasp,,,,,,,,,,,,,,,,,,,,,1.8305176496505737,0.7940183877944946,1.0186251401901245,-0.22629378736019135,0.0010911038843914866,0.00032377734896726906,0.042881689965724945,1.8292952423073066,0.7955548893665918,1.0197829153497604,-0.22422602186061277,0.003893041468098429,2.1857132285382926e-06,,,,,,,,,,,,
2.5,grasp,,,,,,,,,,,,,,,,,,,,,1.8302184343338013,0.7950443029403687,1.0182439088821411,-0.22530332207679749,0.0016679635737091303,0.00025475665461272,0.042881689965724945,1.8292952423073066,0.7955548893665918,1.0197829153497604,-0.22422602186061277,0.003893041468098429,2.1857132285382926e-06,,,,,,,,,,,,
2.52,grasp,,,,,,,,,,,,,,,,,,,,,1.8302249908447266,0.7957473397254944,1.0183581113815308,-0.22455334663391113,0.0015584974316880107,0.0002648970403242856,0.042881689965724945,1.8292748138748667,0.7960279742501004,1.0197627870519437,-0.2237348036872169,0.0038727163636530417,2.1878754532832733e-06,,,,,,,,,,,,
2.5356712540562687,grasp,,,,,,,,,,,,,,,,,,,,,1.8302242755889893,0.7961201667785645,1.0184521675109863,-0.22416189312934875,0.001507718930952251,0.0002692506241146475,0.042881689965724945,1.8292744159698486,0.7960370779037476,1.019762396812439,-0.2237253487110138,0.0038723251782357693,2.1879170617467025e-06,,,,,,,,,,,,
2.5356712540562687,grasp,,,,,,,,,,,,,,,,,,,,,,,,,,,0.043505819514393806,,,,,,,0.0,,,,,,,,,,,
2.5556712540562687,grasp,,,,,,,,,,,,,,,,,,,,,,,,,,,0.04350435361266136,,,,,,,0.0,,,,,,,,,,,
2.5756712540562687,grasp,,,,,,,,,,,,,,,,,,,,,,,,,,,0.04348728992044926,,,,,,,0.0,,,,,,,,,,,
2.5956712540562688,grasp,,,,,,,,,,,,,,,,,,,,,,,,,,,0.04343624971807003,,,,,,,0.0,,,,,,,,,,,
2.6156712540562688,grasp,,,,,,,,,,,,,,,,,,,,,,,,,,,0.04333258233964443,,,,,,,0.0,,,,,,,,,,,
2.635671254056269,grasp,,,,,,,,,,,,,,,,,,,,,,,,,,,0.04315950348973274,,,,,,,0.0,,,,,,,,,,,
2.655671254056269,grasp,,,,,,,,,,,,,,,,,,,,,,,,,,,0.0429031066596508,,,,,,,0.0,,,,,,,,,,,
2.675671254056269,grasp,,,,,,,,,,,,,,,,,,,,,,,,,,,0.04255286976695061,,,,,,,0.0,,,,,,,,,,,
2.695671254056269,grasp,,,,,,,,,,,,,,,,,,,,,,,,,,,0.04197199456393719,,,,,,,0.0,,,,,,,,,,,
2.715671254056269,grasp,,,,,,,,,,,,,,,,,,,,,,,,,,,0.041146157309412956,,,,,,,0.0,,,,,,,,,,,
2.735671254056269,grasp,,,,,,,,,,,,,,,,,,,,,,,,,,,0.03965255245566368,,,,,,,0.0,,,,,,,,,,,
2.755671254056269,grasp,,,,,,,,,,,,,,,,,,,,,,,,,,,0.03790337219834328,,,,,,,0.0,,,,,,,,,,,
2.7756712540562685,grasp,,,,,,,,,,,,,,,,,,,,,,,,,,,0.036230387166142464,,,,,,,0.0,,,,,,,,,,,
2.795671254056269,grasp,,,,,,,,,,,,,,,,,,,,,,,,,,,0.03432425297796726,,,,,,,0.0,,,,,,,,,,,
2.8156712540562685,grasp,,,,,,,,,,,,,,,,,,,,,,,,,,,0.03245698008686304,,,,,,,0.0,,,,,,,,,,,
2.8356712540562685,grasp,,,,,,,,,,,,,,,,,,,,,,,,,,,0.030400965362787247,,,,,,,0.0,,,,,,,,,,,
2.8556712540562685,grasp,,,,,,,,,,,,,,,,,,,,,,,,,,,0.02842608094215393,,,,,,,0.0,,,,,,,,,,,
2.8756712540562686,grasp,,,,,,,,,,,,,,,,,,,,,,,,,,,0.028364972211420536,,,,,,,0.0,,,,,,,,,,,
2.8956712540562686,grasp,,,,,,,,,,,,,,,,,,,,,,,,,,,0.028333998285233974,,,,,,,0.0,,,,,,,,,,,
2.9156712540562686,grasp,,,,,,,,,,,,,,,,,,,,,,,,,,,0.02830319758504629,,,,,,,0.0,,,,,,,,,,,
2.9356712540562686,grasp,,,,,,,,,,,,,,,,,,,,,,,,,,,0.028273260220885277,,,,,,,0.0,,,,,,,,,,,
2.9556712540562686,grasp,,,,,,,,,,,,,,,,,,,,,,,,,,,0.028244449757039547,,,,,,,0.0,,,,,,,,,,,
2.9756712540562686,grasp,,,,,,,,,,,,,,,,,,,,,,,,,,,0.028217258863151073,,,,,,,0.0,,,,,,,,,,,
2.9956712540562687,grasp,,,,,,,,,,,,,,,,,,,,,,,,,,,0.02819209173321724,,,,,,,0.0,,,,,,,,,,,
3.0156712540562687,grasp,,,,,,,,,,,,,,,,,,,,,,,,,,,0.0281692361459136,,,,,,,0.0,,,,,,,,,,,
3.0356712540562687,grasp,,,,,,,,,,,,,,,,,,,,,,,,,,,0.028148877434432507,,,,,,,0.0,,,,,,,,,,,
3.0556712540562687,grasp,,,,,,,,,,,,,,,,,,,,,,,,,,,0.02813115995377302,,,,,,,0.0,,,,,,,,,,,
3.0756712540562687,grasp,,,,,,,,,,,,,,,,,,,,,,,,,,,0.02811623178422451,,,,,,,0.0,,,,,,,,,,,
3.0956712540562688,grasp,,,,,,,,,,,,,,,,,,,,,,,,,,,0.02810423169285059,,,,,,,0.0,,,,,,,,,,,
3.1156712540562688,grasp,,,,,,,,,,,,,,,,,,,,,,,,,,,0.028094971552491188,,,,,,,0.0,,,,,,,,,,,
3.135671254056269,grasp,,,,,,,,,,,,,,,,,,,,,,,,,,,0.028088269755244255,,,,,,,0.0,,,,,,,,,,,
3.155671254056269,grasp,,,,,,,,,,,,,,,,,,,,,,,,,,,0.028084038756787777,,,,,,,0.0,,,,,,,,,,,
3.175671254056269,grasp,,,,,,,,,,,,,,,,,,,,,,,,,,,0.028081635013222694,,,,,,,0.0,,,,,,,,,,,
3.195671254056269,grasp,,,,,,,,,,,,,,,,,,,,,,,,,,,0.028080694377422333,,,,,,,0.0,,,,,,,,,,,
3.215671254056269,grasp,,,,,,,,,,,,,,,,,,,,,,,,,,,0.02808057889342308,,,,,,,0.0,,,,,,,,,,,
3.215671254056269,grasp,,,,,,,,,,,,,,,,,,,,,1.8296093940734863,0.7965978980064392,1.0181994438171387,-0.22376258671283722,0.003128274343907833,0.006096515338867903,0.02808057889342308,1.8292744159698486,0.7960370779037476,1.019762396812439,-0.223725363612175,0.0038723251782357693,2.1879170617467025e-06,,,,,,,,,,,,
3.235671254056269,grasp,,,,,,,,,,,,,,,,,,,,,1.8296034336090088,0.796586275100708,1.0181889533996582,-0.2237614393234253,0.003136746119707823,0.0058417185209691525,0.02808057889342308,1.8292744159698486,0.7960370779037476,1.019762396812439,-0.223725363612175,0.0038723251782357693,2.1879170617467025e-06,,,,,,,,,,,,
3.255671254056269,grasp,,,,,,,,,,,,,,,,,,,,,1.829600214958191,0.796649158000946,1.0182859897613525,-0.2238539755344391,0.0031399372965097427,0.0057105207815766335,0.02808057889342308,1.8292744159698486,0.7961702885325788,1.02008034655588,-0.22391604400444795,0.003872323935252947,2.1887163298422097e-06,,,,,,,,,,,,
3.275671254056269,grasp,,,,,,,,,,,,,,,,,,,,,1.8295987844467163,0.79668128490448,1.0183327198028564,-0.2239016890525818,0.003141468157991767,0.0056429049000144005,0.02808057889342308,1.8292744159698486,0.7961702885325788,1.02008034655588,-0.22391604400444795,0.003872323935252947,2.1887163298422097e-06,,,,,,,,,,,,
3.295671254056269,grasp,,,,,,,,,,,,,,,,,,,,,1.8295977115631104,0.7971398234367371,1.0190376043319702,-0.22453199326992035,0.0031332068610936403,0.0056086755357682705,0.02808057889342308,1.8292744159698486,0.797037820479483,1.0221516654720852,-0.22515825286103286,0.003872314368797336,2.1939202113857803e-06,,,,,,,,,,,,
3.315671254056269,grasp,,,,,,,,,,,,,,,,,,,,,1.8295979499816895,0.7973722815513611,1.0193721055984497,-0.22485768795013428,0.003121685003861785,0.0055908868089318275,0.02808057889342308,1.8292744159698486,0.797037820479483,1.0221516654720852,-0.22515825286103286,0.003872314368797336,2.1939202113857803e-06,,,,,,,,,,,,
3.335671254056269,grasp,,,,,,,,,,,,,,,,,,,,,1.8295818567276,0.7986138463020325,1.0217232704162598,-0.2265303134918213,0.0031453289557248354,0.005579267628490925,0.02808057889342308,1.829274396829204,0.7991984612062566,1.0273261304246364,-0.22825698140991565,0.003872291027555643,2.206856041614489e-06,,,,,,,,,,,,
3.355671254056269,grasp,,,,,,,,,,,,,,,,,,,,,1.8294955492019653,0.7992172241210938,1.0231146812438965,-0.22738942503929138,0.003348677884787321,0.005567960441112518,0.02808057889342308,1.829274396829204,0.7991984612062566,1.0273261304246364,-0.22825698140991565,0.003872291027555643,2.206856041614489e-06,,,,,,,,,,,,
3.375671254056269,grasp,,,,,,,,,,,,,,,,,,,,,1.8294086456298828,0.8014053106307983,1.02817964553833,-0.23050238192081451,0.003576482180505991,0.005557633936405182,0.02808057889342308,1.829274296760559,0.8030213633930254,1.036557477487237,-0.23376364412389933,0.0038722497623899566,2.229623615212368e-06,,,,,,,,,,,,
3.395671254056269,grasp,,,,,,,,,,,,,,,,,,,,,1.829417109489441,0.8024966716766357,1.0309500694274902,-0.2321038842201233,0.0035366020165383816,0.005558560136705637,0.02808057889342308,1.829274296760559,0.8030213633930254,1.036557477487237,-0.23376364412389933,0.0038722497623899566,2.229623615212368e-06,,,,,,,,,,,,
3.415671254056269,grasp,,,,,,,,,,,,,,,,,,,,,1.8293513059616089,0.8058657646179199,1.0389111042022705,-0.23692776262760162,0.003726223250851035,0.005552220158278942,0.02808057889342308,1.8292741223506073,0.8087203660036573,1.0504295531766428,-0.24200808202129678,0.0038721889355456166,2.2633911692085516e-06,,,,,,,,,,,,
3.435671254056269,grasp,,,,,,,,,,,,,,,,,,,,,1.8293509483337402,0.8075608015060425,1.0431803464889526,-0.23941132426261902,0.0037223640829324722,0.005552401766180992,0.02808057889342308,1.8292741223506073,0.8087203660036573,1.0504295531766428,-0.24200808202129678,0.0038721889355456166,2.2633911692085516e-06,,,,,,,,,,,,
3.455671254056269,grasp,,,,,,,,,,,,,,,,,,,,,1.8293254375457764,0.8121944665908813,1.054302453994751,-0.2460852563381195,0.0038022720254957676,0.005549117922782898,0.02808057889342308,1.8292738932831434,0.8163917569786604,1.069180358339719,-0.2531321888833683,0.0038721071323858927,2.3087231350323827e-06,,,,,,,,,,,,
3.4756712540562686,grasp,,,,,,,,,,,,,,,,,,,,,1.8293476104736328,0.8145319819450378,1.060247540473938,-0.24952144920825958,0.0037591401487588882,0.005551227368414402,0.02808057889342308,1.8292738932831434,0.8163917569786604,1.069180358339719,-0.2531321888833683,0.0038721071323858927,2.3087231350323827e-06,,,,,,,,,,,,
3.495671254056269,grasp,,,,,,,,,,,,,,,,,,,,,1.829298496246338,0.8204575181007385,1.0745632648468018,-0.25806736946105957,0.0038993251509964466,0.005545623134821653,0.02808057889342308,1.8292736140758652,0.8260125124339885,1.0927540249786665,-0.26710399264532364,0.0038720046901530307,2.3654868218838526e-06,,,,,,,,,,,,
3.5156712540562687,grasp,,,,,,,,,,,,,,,,,,,,,1.8292908668518066,0.8234480023384094,1.0821888446807861,-0.26246750354766846,0.003927926532924175,0.0055448999628424644,0.02808057889342308,1.8292736140758652,0.8260125124339885,1.0927540249786665,-0.26710399264532364,0.0038720046901530307,2.3654868218838526e-06,,,,,,,,,,,,
3.5356712540562687,grasp,,,,,,,,,,,,,,,,,,,,,1.8292871713638306,0.8305968046188354,1.099493145942688,-0.2728014588356018,0.00394358579069376,0.005544354673475027,0.02808057889342308,1.8292733430862427,0.8374544680376055,1.1208418625307066,-0.28373885744596244,0.003871883015883816,2.4329230880940536e-06,,,,,,,,,,,,
3.5556712540562687,grasp,,,,,,,,,,,,,,,,,,,,,1.8292852640151978,0.8342145085334778,1.1086719036102295,-0.2781227231025696,0.003949359990656376,0.005544356536120176,0.02808057889342308,1.8292733430862427,0.8374544680376055,1.1208418625307066,-0.28373885744596244,0.003871883015883816,2.4329230880940536e-06,,,,,,,,,,,,
3.5756712540562687,grasp,,,,,,,,,,,,,,,,,,,,,1.829284429550171,0.8424758911132812,1.128672480583191,-0.29007139801979065,0.003954201936721802,0.0055440389551222324,0.02808057889342308,1.829273107797511,0.8505041672090413,1.152918686501797,-0.30272475979233315,0.0038717444561897556,2.5097820655593307e-06,,,,,,,,,,,,
3.5956712540562688,grasp,,,,,,,,,,,,,,,,,,,,,1.8292839527130127,0.8466578722000122,1.139275312423706,-0.2962244153022766,0.003954441752284765,0.0055441902950406075,0.02808057889342308,1.829273107797511,0.8505041672090413,1.152918686501797,-0.30272475979233315,0.0038717444561897556,2.5097820655593307e-06,,,,,,,,,,,,
3.6156712540562688,grasp,,,,,,,,,,,,,,,,,,,,,1.829283356666565,0.8558602333068848,1.161570429801941,-0.3095396161079407,0.003956816159188747,0.005543951876461506,0.02808057889342308,1.829272744235478,0.8648756279200376,1.1882835104042349,-0.32364508661331215,0.0038715915801660456,2.594382783838736e-06,,,,,,,,,,,,
3.635671254056269,grasp,,,,,,,,,,,,,,,,,,,,,1.8292813301086426,0.860518753528595,1.173386812210083,-0.3163963854312897,0.003959728870540857,0.005546363070607185,0.02808057889342308,1.829272744235478,0.8648756279200376,1.1882835104042349,-0.32364508661331215,0.0038715915801660456,2.594382783838736e-06,,,,,,,,,,,,
3.655671254056269,grasp,,,,,,,,,,,,,,,,,,,,,1.8292746543884277,0.870452344417572,1.1974657773971558,-0.33077263832092285,0.0039960043504834175,0.005544622428715229,0.02808057889342308,1.8292726531288992,0.880231496145668,1.2260945469911995,-0.3460052912349461,0.003871428580351227,2.6847526796555816e-06,,,,,,,,,,,,
3.675671254056269,grasp,,,,,,,,,,,,,,,,,,,,,1.8292720317840576,0.8754820823669434,1.2102136611938477,-0.33817583322525024,0.004011225886642933,0.005543724168092012,0.02808057889342308,1.8292726531288992,0.880231496145668,1.2260945469911995,-0.3460052912349461,0.003871428580351227,2.6847526796555816e-06,,,,,,,,,,,,
3.695671254056269,grasp,,,,,,,,,,,,,,,,,,,,,1.829270839691162,0.8859061002731323,1.2354899644851685,-0.35326364636421204,0.004020584747195244,0.005543340928852558,0.02808057889342308,1.829272596863437,0.8961936313346333,1.265412670074677,-0.36925251002095105,0.003871258999860845,2.778675405573011e-06,,,,,,,,,,,,
3.715671254056269,grasp,,,,,,,,,,,,,,,,,,,,,1.8292704820632935,0.8911847472190857,1.2488629817962646,-0.3610334098339081,0.004023352637887001,0.005543078295886517,0.02808057889342308,1.829272596863437,0.8961936313346333,1.265412670074677,-0.36925251002095105,0.003871258999860845,2.778675405573011e-06,,,,,,,,,,,,
3.735671254056269,grasp,,,,,,,,,,,,,,,,,,,,,1.829270601272583,0.9018404483795166,1.2747002840042114,-0.37645548582077026,0.004026533104479313,0.005542988423258066,0.02808057889342308,1.8292725968253467,0.9123606065564132,1.3052394960413884,-0.39279951749506226,0.0038710870172608868,2.873798800069109e-06,,,,,,,,,,,,
3.755671254056269,grasp,,,,,,,,,,,,,,,,,,,,,1.829270839691162,0.9072368144989014,1.2883621454238892,-0.38439735770225525,0.004026222042739391,0.005542915314435959,0.02808057889342308,1.8292725968253467,0.9123606065564132,1.3052394960413884,-0.39279951749506226,0.0038710870172608868,2.873798800069109e-06,,,,,,,,,,,,
3.775671254056269,grasp,,,,,,,,,,,,,,,,,,,,,1.8292710781097412,0.9178552031517029,1.3141028881072998,-0.39976316690444946,0.004027912858873606,0.005542890168726444,0.02808057889342308,1.8292725808577792,0.9283233964553019,1.344556873809856,-0.4160475472418997,0.0038709170913609997,2.96772649182252e-06,,,,,,,,,,,,
3.795671254056269,grasp,,,,,,,,,,,,,,,,,,,,,1.8292711973190308,0.9232332110404968,1.3277058601379395,-0.40767642855644226,0.004026916343718767,0.005542823113501072,0.02808057889342308,1.8292725808577792,0.9283233964553019,1.344556873809856,-0.4160475472418997,0.0038709170913609997,2.96772649182252e-06,,,,,,,,,,,,
3.815671254056269,grasp,,,,,,,,,,,,,,,,,,,,,1.8292717933654785,0.9335479140281677,1.3526952266693115,-0.4225974380970001,0.004028151277452707,0.0055428966879844666,0.02808057889342308,1.8292726666164238,0.9436803514130349,1.3823666721278516,-0.43840909932263483,0.0038707532237221747,3.05810414853073e-06,,,,,,,,,,,,
3.835671254056269,grasp,,,,,,,,,,,,,,,,,,,,,1.8292714357376099,0.9387722611427307,1.3658939599990845,-0.43028151988983154,0.0040270499885082245,0.005542881786823273,0.02808057889342308,1.8292726666164238,0.9436803514130349,1.3823666721278516,-0.43840909932263483,0.0038707532237221747,3.05810414853073e-06,,,,,,,,,,,,
3.855671254056269,grasp,,,,,,,,,,,,,,,,,,,,,1.8292725086212158,0.948526918888092,1.3895072937011719,-0.4443865418434143,0.004028115421533585,0.005542921368032694,0.02808057889342308,1.8292727485907265,0.9580533647080015,1.4177297888062719,-0.459331245261519,0.0038705999525874943,3.1427135946220334e-06,,,,,,,,,,,,
3.875671254056269,grasp,,,,,,,,,,,,,,,,,,,,,1.8292722702026367,0.9534681439399719,1.4019720554351807,-0.4516504108905792,0.004027173854410648,0.005542958155274391,0.02808057889342308,1.8292727485907265,0.9580533647080015,1.4177297888062719,-0.459331245261519,0.0038705999525874943,3.1427135946220334e-06,,,,,,,,,,,,
3.895671254056269,grasp,,,,,,,,,,,,,,,,,,,,,1.829272985458374,0.9624302983283997,1.4236406087875366,-0.4646010994911194,0.004028210416436195,0.00554301030933857,0.02808057889342308,1.8292728662490845,0.9711048061303176,1.4498045847029704,-0.4783193761836712,0.003870460848203893,3.2195806418637365e-06,,,,,,,,,,,,
3.915671254056269,grasp,,,,,,,,,,,,,,,,,,,,,1.8292725086212158,0.9669706225395203,1.4350711107254028,-0.47127068042755127,0.004027328919619322,0.005543079227209091,0.02808057889342308,1.8292728662490845,0.9711048061303176,1.4498045847029704,-0.4783193761836712,0.003870460848203893,3.2195806418637365e-06,,,,,,,,,,,,
3.9356712540562686,grasp,,,,,,,,,,,,,,,,,,,,,1.8292731046676636,0.9749390482902527,1.4543064832687378,-0.4827749729156494,0.004028219264000654,0.005543132312595844,0.02808057889342308,1.829272985458374,0.982548620412468,1.477890257597127,-0.4949566170190758,0.0038703387854785976,3.2870225339819555e-06,,,,,,,,,,,,
3.955671254056269,grasp,,,,,,,,,,,,,,,,,,,,,1.8292728662490845,0.9789767265319824,1.464445948600769,-0.4886995553970337,0.004027445800602436,0.005543164908885956,0.02808057889342308,1.829272985458374,0.982548620412468,1.477890257597127,-0.4949566170190758,0.0038703387854785976,3.2870225339819555e-06,,,,,,,,,,,,
3.9756712540562686,grasp,,,,,,,,,,,,,,,,,,,,,1.829272985458374,0.9857923984527588,1.480866551399231,-0.49852874875068665,0.004028218798339367,0.005543223582208157,0.02808057889342308,1.829273081736773,0.9921712487166484,1.5014618017317687,-0.5089307117670449,0.0038702359652424754,3.3437889974587567e-06,,,,,,,,,,,,
3.995671254056269,grasp,,,,,,,,,,,,,,,,,,,,,1.8292725086212158,0.9892472624778748,1.4895156621932983,-0.5035908222198486,0.004027698654681444,0.005543248727917671,0.02808057889342308,1.829273081736773,0.9921712487166484,1.5014618017317687,-0.5089307117670449,0.0038702359652424754,3.3437889974587567e-06,,,,,,,,,,,,
4.015671254056269,grasp,,,,,,,,,,,,,,,,,,,,,1.8292726278305054,0.994805634021759,1.5028725862503052,-0.511594295501709,0.004028234630823135,0.005543283652514219,0.02808057889342308,1.8292731366678916,0.9998442937591278,1.5202107232363022,-0.5200568524829308,0.003870153775576037,3.3891218437626664e-06,,,,,,,,,,,,
4.035671254056269,grasp,,,,,,,,,,,,,,,,,,,,,1.8292723894119263,0.9976248741149902,1.5099009275436401,-0.5157163739204407,0.004027810413390398,0.005543292500078678,0.02808057889342308,1.8292731366678916,0.9998442937591278,1.5202107232363022,-0.5200568524829308,0.003870153775576037,3.3891218437626664e-06,,,,,,,,,,,,
4.055671254056269,grasp,,,,,,,,,,,,,,,,,,,,,1.829272747039795,1.0018866062164307,1.520100712776184,-0.5218392014503479,0.004028291907161474,0.005543351173400879,0.02808057889342308,1.8292732238769531,1.0055447085432145,1.5340812625422904,-0.5283028988516765,0.0038700926304483596,3.422888671475309e-06,,,,,,,,,,,,
4.075671254056269,grasp,,,,,,,,,,,,,,,,,,,,,1.8292725086212158,1.0040496587753296,1.525461196899414,-0.5249925851821899,0.004028051160275936,0.005543398670852184,0.02808057889342308,1.8292732238769531,1.0055447085432145,1.5340812625422904,-0.5283028988516765,0.0038700926304483596,3.422888671475309e-06,,,,,,,,,,,,
4.095671254056269,grasp,,,,,,,,,,,,,,,,,,,,,1.8292723894119263,1.0070503950119019,1.5325943231582642,-0.5292878746986389,0.004028320778161287,0.005543428473174572,0.02808057889342308,1.8292733239473349,1.0093685825060577,1.543311488865188,-0.5338107652008648,0.0038700514737373677,3.4456555196498047e-06,,,,,,,,,,,,
4.115671254056269,grasp,,,,,,,,,,,,,,,,,,,,,1.8292723894119263,1.0085757970809937,1.5363348722457886,-0.5315005779266357,0.004028226714581251,0.005543439649045467,0.02808057889342308,1.8292733239473349,1.0093685825060577,1.543311488865188,-0.5338107652008648,0.0038700514737373677,3.4456555196498047e-06,,,,,,,,,,,,
4.135671254056269,grasp,,,,,,,,,,,,,,,,,,,,,1.8292725086212158,1.0104295015335083,1.5407065153121948,-0.5341433882713318,0.00402848469093442,0.00554347038269043,0.02808057889342308,1.8292732341661746,1.0115298482517974,1.5484853071040434,-0.5369101376425486,0.0038700279568241224,3.4585903436771736e-06,,,,,,,,,,,,
4.155671254056269,grasp,,,,,,,,,,,,,,,,,,,,,1.8292723894119263,1.011374592781067,1.5429905652999878,-0.535504937171936,0.004028441850095987,0.005543462000787258,0.02808057889342308,1.8292732341661746,1.0115298482517974,1.5484853071040434,-0.5369101376425486,0.0038700279568241224,3.4585903436771736e-06,,,,,,,,,,,,
4.175671254056269,grasp,,,,,,,,,,,,,,,,,,,,,1.8292720317840576,1.0122921466827393,1.545138955116272,-0.5368091464042664,0.004028561990708113,0.00554347550496459,0.02808057889342308,1.8292733385445854,1.0123976345200139,1.550556316203705,-0.5381526853569174,0.003870018593812875,3.46379434371825e-06,,,,,,,,,,,,
4.195671254056268,grasp,,,,,,,,,,,,,,,,,,,,,1.8292721509933472,1.0127654075622559,1.5462555885314941,-0.5374807715415955,0.00402855733409524,0.0055434745736420155,0.02808057889342308,1.8292733385445854,1.0123976345200139,1.550556316203705,-0.5381526853569174,0.003870018593812875,3.46379434371825e-06,,,,,,,,,,,,
4.215671254056269,grasp,,,,,,,,,,,,,,,,,,,,,1.8292722702026367,1.0130813121795654,1.5469725131988525,-0.5379195213317871,0.004028683062642813,0.005543475970625877,0.02808057889342308,1.8292732238769531,1.0125306844711304,1.5508739948272705,-0.5383431911468506,0.0038700171280652285,3.4645925097720465e-06,,,,,,,,,,,,
4.215671254056269,grasp,,,,,,,,,,,,,,,,,,,,,1.8292720317840576,1.0135115385055542,1.5474324226379395,-0.5383896231651306,0.00404762290418148,0.006067837588489056,0.02808057889342308,1.8292732238769531,1.0125306844711304,1.5508739948272705,-0.5383431911468506,0.0038700171280652285,3.4645925097720465e-06,,,,,,,,,,,,
4.235671254056268,grasp,,,,,,,,,,,,,,,,,,,,,1.8292722702026367,1.0134694576263428,1.5475776195526123,-0.5383877158164978,0.004038996063172817,0.005813604686409235,0.02808057889342308,1.8292732238769531,1.0125306844711304,1.5508739948272705,-0.5383431911468506,0.0038700171280652285,3.4645925097720465e-06,,,,,,,,,,,,
4.255671254056269,grasp,,,,,,,,,,,,,,,,,,,,,1.8292720317840576,1.0133846998214722,1.5474965572357178,-0.5382943749427795,0.004034261219203472,0.005682645831257105,0.02808057889342308,1.8292733385445854,1.0123976345200139,1.550556316203705,-0.5381526853569174,0.003870018593812875,3.46379434371825e-06,,,,,,,,,,,,
4.2756712540562685,grasp,,,,,,,,,,,,,,,,,,,,,1.8292722702026367,1.0133421421051025,1.5474498271942139,-0.5382462739944458,0.004031709861010313,0.00561516173183918,0.02808057889342308,1.8292733385445854,1.0123976345200139,1.550556316203705,-0.5381526853569174,0.003870018593812875,3.46379434371825e-06,,,,,,,,,,,,
4.295671254056269,grasp,,,,,,,,,,,,,,,,,,,,,1.8292720317840576,1.0128978490829468,1.5464330911636353,-0.5376190543174744,0.00403033010661602,0.005580388009548187,0.02808057889342308,1.8292732341661746,1.0115298482517974,1.5484853071040434,-0.5369101376425486,0.0038700279568241224,3.4585903436771736e-06,,,,,,,,,,,,
4.3156712540562685,grasp,,,,,,,,,,,,,,,,,,,,,1.829271912574768,1.0126748085021973,1.5458887815475464,-0.5372960567474365,0.0040296283550560474,0.005562480539083481,0.02808057889342308,1.8292732341661746,1.0115298482517974,1.5484853071040434,-0.5369101376425486,0.0038700279568241224,3.4585903436771736e-06,,,,,,,,,,,,
4.335671254056269,grasp,,,,,,,,,,,,,,,,,,,,,1.8292722702026367,1.011504054069519,1.5431336164474487,-0.5356267690658569,0.004029152449220419,0.005553283262997866,0.02808057889342308,1.8292733239473349,1.0093685825060577,1.543311488865188,-0.5338107652008648,0.0038700514737373677,3.4456555196498047e-06,,,,,,,,,,,,
4.3556712540562685,grasp,,,,,,,,,,,,,,,,,,,,,1.8292722702026367,1.0109144449234009,1.5416656732559204,-0.534767210483551,0.004029128234833479,0.0055485074408352375,0.02808057889342308,1.8292733239473349,1.0093685825060577,1.543311488865188,-0.5338107652008648,0.0038700514737373677,3.4456555196498047e-06,,,,,,,,,,,,
4.375671254056269,grasp,,,,,,,,,,,,,,,,,,,,,1.8292721509933472,1.00873863697052,1.5365002155303955,-0.5316538214683533,0.004028847441077232,0.005546011496335268,0.02808057889342308,1.8292732238769531,1.0055447085432145,1.5340812625422904,-0.5283028988516765,0.0038700926304483596,3.422888671475309e-06,,,,,,,,,,,,
4.395671254056269,grasp,,,,,,,,,,,,,,,,,,,,,1.829271912574768,1.0076419115066528,1.5337542295455933,-0.5300504565238953,0.004029059316962957,0.005544760730117559,0.02808057889342308,1.8292732238769531,1.0055447085432145,1.5340812625422904,-0.5283028988516765,0.0038700926304483596,3.422888671475309e-06,,,,,,,,,,,,
4.415671254056269,grasp,,,,,,,,,,,,,,,,,,,,,1.8292722702026367,1.0042815208435059,1.525718331336975,-0.5252259969711304,0.004028774797916412,0.005544079001992941,0.02808057889342308,1.8292731366678916,0.9998442937591278,1.5202107232363022,-0.5200568524829308,0.003870153775576037,3.3891218437626664e-06,,,,,,,,,,,,
4.435671254056269,grasp,,,,,,,,,,,,,,,,,,,,,1.8292722702026367,1.0025887489318848,1.5214519500732422,-0.522741436958313,0.004029157571494579,0.005543713923543692,0.02808057889342308,1.8292731366678916,0.9998442937591278,1.5202107232363022,-0.5200568524829308,0.003870153775576037,3.3891218437626664e-06,,,,,,,,,,,,
4.455671254056269,grasp,,,,,,,,,,,,,,,,,,,,,1.8292722702026367,0.9979498982429504,1.5103108882904053,-0.5160661339759827,0.004028745461255312,0.005543522071093321,0.02808057889342308,1.829273081736773,0.9921712487166484,1.5014618017317687,-0.5089307117670449,0.0038702359652424754,3.3437889974587567e-06,,,,,,,,,,,,
4.475671254056269,grasp,,,,,,,,,,,,,,,,,,,,,1.8292726278305054,0.995611846446991,1.5044023990631104,-0.5126285552978516,0.004029356874525547,0.005543398670852184,0.02808057889342308,1.829273081736773,0.9921712487166484,1.5014618017317687,-0.5089307117670449,0.0038702359652424754,3.3437889974587567e-06,,,,,,,,,,,,
4.495671254056269,grasp,,,,,,,,,,,,,,,,,,,,,1.8292722702026367,0.9896818399429321,1.4901210069656372,-0.5040813088417053,0.0040288046002388,0.00554333021864295,0.02808057889342308,1.829272985458374,0.982548620412468,1.477890257597127,-0.4949566170190758,0.0038703387854785976,3.2870225339819555e-06,,,,,,,,,,,,
4.515671254056269,grasp,,,,,,,,,,,,,,,,,,,,,1.829272747039795,0.9866904616355896,1.482552170753479,-0.49967965483665466,0.004029519390314817,0.0055432696826756,0.02808057889342308,1.829272985458374,0.982548620412468,1.477890257597127,-0.4949566170190758,0.0038703387854785976,3.2870225339819555e-06,,,,,,,,,,,,
4.535671254056269,grasp,,,,,,,,,,,,,,,,,,,,,1.8292725086212158,0.9795286059379578,1.4652695655822754,-0.4893442690372467,0.004028744529932737,0.005543181672692299,0.02808057889342308,1.8292728662490845,0.9711048061303176,1.4498045847029704,-0.4783193761836712,0.003870460848203893,3.2195806418637365e-06,,,,,,,,,,,,
4.555671254056269,grasp,,,,,,,,,,,,,,,,,,,,,1.8292728662490845,0.9759138226509094,1.4561148881912231,-0.48402178287506104,0.004029629286378622,0.005543127655982971,0.02808057889342308,1.8292728662490845,0.9711048061303176,1.4498045847029704,-0.4783193761836712,0.003870460848203893,3.2195806418637365e-06,,,,,,,,,,,,
4.575671254056269,grasp,,,,,,,,,,,,,,,,,,,,,1.8292723894119263,0.9676403403282166,1.4361213445663452,-0.4720717966556549,0.004028831608593464,0.005543068516999483,0.02808057889342308,1.8292727485907265,0.9580533647080015,1.4177297888062719,-0.459331245261519,0.0038705999525874943,3.1427135946220334e-06,,,,,,,,,,,,
4.595671254056269,grasp,,,,,,,,,,,,,,,,,,,,,1.829272747039795,0.9634618163108826,1.425534725189209,-0.46591779589653015,0.004029884468764067,0.00554301543161273,0.02808057889342308,1.8292727485907265,0.9580533647080015,1.4177297888062719,-0.459331245261519,0.0038705999525874943,3.1427135946220334e-06,,,,,,,,,,,,
4.615671254056269,grasp,,,,,,,,,,,,,,,,,,,,,1.829272747039795,0.9542483687400818,1.403242588043213,-0.4526013731956482,0.004028901923447847,0.005542960483580828,0.02808057889342308,1.8292726666164238,0.9436803514130349,1.3823666721278516,-0.43840909932263483,0.0038707532237221747,3.05810414853073e-06,,,,,,,,,,,,
4.635671254056269,grasp,,,,,,,,,,,,,,,,,,,,,1.8292726278305054,0.9495919942855835,1.3914424180984497,-0.4457438588142395,0.004030039068311453,0.005542892962694168,0.02808057889342308,1.8292726666164238,0.9436803514130349,1.3823666721278516,-0.43840909932263483,0.0038707532237221747,3.05810414853073e-06,,,,,,,,,,,,
4.655671254056269,grasp,,,,,,,,,,,,,,,,,,,,,1.8292726278305054,0.939649760723114,1.367366075515747,-0.43136686086654663,0.004028982482850552,0.005542812403291464,0.02808057889342308,1.8292725808577792,0.9283233964553019,1.344556873809856,-0.4160475472418997,0.0038709170913609997,2.96772649182252e-06,,,,,,,,,,,,
4.675671254056269,grasp,,,,,,,,,,,,,,,,,,,,,1.8292725086212158,0.934622049331665,1.3546258211135864,-0.4239630401134491,0.004030146636068821,0.005542777944356203,0.02808057889342308,1.8292725808577792,0.9283233964553019,1.344556873809856,-0.4160475472418997,0.0038709170913609997,2.96772649182252e-06,,,,,,,,,,,,
4.695671254056268,grasp,,,,,,,,,,,,,,,,,,,,,1.829272747039795,0.9241911768913269,1.3293533325195312,-0.4088747501373291,0.004029097501188517,0.005542716942727566,0.02808057889342308,1.8292725968253467,0.9123606065564132,1.3052394960413884,-0.39279951749506226,0.0038710870172608868,2.873798800069109e-06,,,,,,,,,,,,
4.715671254056269,grasp,,,,,,,,,,,,,,,,,,,,,1.8292725086212158,0.9189137816429138,1.3159834146499634,-0.4011046886444092,0.004030268639326096,0.005542703438550234,0.02808057889342308,1.8292725968253467,0.9123606065564132,1.3052394960413884,-0.39279951749506226,0.0038710870172608868,2.873798800069109e-06,,,,,,,,,,,,
4.735671254056269,grasp,,,,,,,,,,,,,,,,,,,,,1.8292725086212158,0.9082545638084412,1.2901489734649658,-0.38568270206451416,0.004029186442494392,0.005542621482163668,0.02808057889342308,1.829272596863437,0.8961936313346333,1.265412670074677,-0.36925251002095105,0.003871258999860845,2.778675405573011e-06,,,,,,,,,,,,
4.755671254056269,grasp,,,,,,,,,,,,,,,,,,,,,1.8292726278305054,0.9028583765029907,1.2764852046966553,-0.37774068117141724,0.004030488897114992,0.005542626604437828,0.02808057889342308,1.829272596863437,0.8961936313346333,1.265412670074677,-0.36925251002095105,0.003871258999860845,2.778675405573011e-06,,,,,,,,,,,,
4.7756712540562685,grasp,,,,,,,,,,,,,,,,,,,,,1.8292722702026367,0.8922390341758728,1.2507479190826416,-0.3623753786087036,0.004029278643429279,0.0055425954051315784,0.02808057889342308,1.8292726531288992,0.880231496145668,1.2260945469911995,-0.3460052912349461,0.003871428580351227,2.6847526796555816e-06,,,,,,,,,,,,
4.795671254056269,grasp,,,,,,,,,,,,,,,,,,,,,1.829271912574768,0.886860728263855,1.2371381521224976,-0.35446256399154663,0.004030538257211447,0.005542615428566933,0.02808057889342308,1.8292726531288992,0.880231496145668,1.2260945469911995,-0.3460052912349461,0.003871428580351227,2.6847526796555816e-06,,,,,,,,,,,,
4.8156712540562685,grasp,,,,,,,,,,,,,,,,,,,,,1.829271674156189,0.876548707485199,1.2121503353118896,-0.3395422101020813,0.004029338713735342,0.0055425879545509815,0.02808057889342308,1.829272744235478,0.8648756279200376,1.1882835104042349,-0.32364508661331215,0.0038715915801660456,2.594382783838736e-06,,,,,,,,,,,,
4.835671254056269,grasp,,,,,,,,,,,,,,,,,,,,,1.829271674156189,0.8713233470916748,1.1989411115646362,-0.3318586051464081,0.0040306951850652695,0.0055426438339054585,0.02808057889342308,1.829272744235478,0.8648756279200376,1.1882835104042349,-0.32364508661331215,0.0038715915801660456,2.594382783838736e-06,,,,,,,,,,,,
4.8556712540562685,grasp,,,,,,,,,,,,,,,,,,,,,1.8292710781097412,0.8615738153457642,1.1753278970718384,-0.3177548348903656,0.004029629752039909,0.005542622413486242,0.02808057889342308,1.829273107797511,0.8505041672090413,1.152918686501797,-0.30272475979233315,0.0038717444561897556,2.5097820655593307e-06,,,,,,,,,,,,
4.875671254056269,grasp,,,,,,,,,,,,,,,,,,,,,1.8292711973190308,0.8566310405731201,1.1628499031066895,-0.31049150228500366,0.004030704963952303,0.005542655009776354,0.02808057889342308,1.829273107797511,0.8505041672090413,1.152918686501797,-0.30272475979233315,0.0038717444561897556,2.5097820655593307e-06,,,,,,,,,,,,
4.895671254056269,grasp,,,,,,,,,,,,,,,,,,,,,1.8292709589004517,0.847676157951355,1.1411813497543335,-0.2975424528121948,0.004029696341603994,0.00554265920072794,0.02808057889342308,1.8292733430862427,0.8374544680376055,1.1208418625307066,-0.28373885744596244,0.003871883015883816,2.4329230880940536e-06,,,,,,,,,,,,
4.915671254056269,grasp,,,,,,,,,,,,,,,,,,,,,1.8292707204818726,0.8431339859962463,1.1297352313995361,-0.29087358713150024,0.004030725918710232,0.005542697850614786,0.02808057889342308,1.8292733430862427,0.8374544680376055,1.1208418625307066,-0.28373885744596244,0.003871883015883816,2.4329230880940536e-06,,,,,,,,,,,,
4.935671254056269,grasp,,,,,,,,,,,,,,,,,,,,,1.829270362854004,0.8351744413375854,1.110499620437622,-0.27937087416648865,0.004029846750199795,0.005542708095163107,0.02808057889342308,1.8292736140758652,0.8260125124339885,1.0927540249786665,-0.26710399264532364,0.0038720046901530307,2.3654868218838526e-06,,,,,,,,,,,,
4.955671254056269,grasp,,,,,,,,,,,,,,,,,,,,,1.8292704820632935,0.8311352133750916,1.1003440618515015,-0.27344679832458496,0.0040307482704520226,0.005542755592614412,0.02808057889342308,1.8292736140758652,0.8260125124339885,1.0927540249786665,-0.26710399264532364,0.0038720046901530307,2.3654868218838526e-06,,,,,,,,,,,,
4.975671254056269,grasp,,,,,,,,,,,,,,,,,,,,,1.8292704820632935,0.8243287205696106,1.0839219093322754,-0.2636191248893738,0.004029896575957537,0.005542748142033815,0.02808057889342308,1.8292738932831434,0.8163917569786604,1.069180358339719,-0.2531321888833683,0.0038721071323858927,2.3087231350323827e-06,,,,,,,,,,,,
4.995671254056269,grasp,,,,,,,,,,,,,,,,,,,,,1.8292704820632935,0.8208726048469543,1.0752583742141724,-0.25855767726898193,0.004030624870210886,0.005542824510484934,0.02808057889342308,1.8292738932831434,0.8163917569786604,1.069180358339719,-0.2531321888833683,0.0038721071323858927,2.3087231350323827e-06,,,,,,,,,,,,
5.015671254056269,grasp,,,,,,,,,,,,,,,,,,,,,1.8292760848999023,0.8153208494186401,1.06192946434021,-0.25055527687072754,0.004014831501990557,0.005543121602386236,0.02808057889342308,1.8292741223506073,0.8087203660036573,1.0504295531766428,-0.24200808202129678,0.0038721889355456166,2.2633911692085516e-06,,,,,,,,,,,,
5.035671254056269,grasp,,,,,,,,,,,,,,,,,,,,,1.8294142484664917,0.8123754262924194,1.055968165397644,-0.2464282214641571,0.0035628799814730883,0.005551943555474281,0.02808057889342308,1.8292741223506073,0.8087203660036573,1.0504295531766428,-0.24200808202129678,0.0038721889355456166,2.2633911692085516e-06,,,,,,,,,,,,
5.055671254056269,grasp,,,,,,,,,,,,,,,,,,,,,1.8296269178390503,0.8079841136932373,1.0469539165496826,-0.24030175805091858,0.0028873577248305082,0.005545026622712612,0.02808057889342308,1.829274296760559,0.8030213633930254,1.036557477487237,-0.23376364412389933,0.0038722497623899566,2.229623615212368e-06,,,,,,,,,,,,
5.075671254056269,grasp,,,,,,,,,,,,,,,,,,,,,1.829761028289795,0.8057245016098022,1.0422357320785522,-0.2371489703655243,0.0024689706042408943,0.005539378616958857,0.02808057889342308,1.829274296760559,0.8030213633930254,1.036557477487237,-0.23376364412389933,0.0038722497623899566,2.229623615212368e-06,,,,,,,,,,,,
5.095671254056269,grasp,,,,,,,,,,,,,,,,,,,,,1.8299002647399902,0.8026360869407654,1.0360610485076904,-0.2328542321920395,0.002065404085442424,0.005556929390877485,0.02808057889342308,1.829274396829204,0.7991984612062566,1.0273261304246364,-0.22825698140991565,0.003872291027555643,2.206856041614489e-06,,,,,,,,,,,,
5.115671254056269,grasp,,,,,,,,,,,,,,,,,,,,,1.8300193548202515,0.8010731339454651,1.0326498746871948,-0.23064491152763367,0.001766942790709436,0.0055720130912959576,0.02808057889342308,1.829274396829204,0.7991984612062566,1.0273261304246364,-0.22825698140991565,0.003872291027555643,2.206856041614489e-06,,,,,,,,,,,,
5.135671254056269,grasp,,,,,,,,,,,,,,,,,,,,,1.8300678730010986,0.7992666959762573,1.0279780626296997,-0.2280072569847107,0.0016585104167461395,0.005577913019806147,0.02808057889342308,1.8292744159698486,0.797037820479483,1.0221516654720852,-0.22515825286103286,0.003872314368797336,2.1939202113857803e-06,,,,,,,,,,,,
5.155671254056269,grasp,,,,,,,,,,,,,,,,,,,,,1.8301100730895996,0.7983458042144775,1.0252792835235596,-0.22665025293827057,0.0015947152860462666,0.005581384524703026,0.02808057889342308,1.8292744159698486,0.797037820479483,1.0221516654720852,-0.22515825286103286,0.003872314368797336,2.1939202113857803e-06,,,,,,,,,,,,
5.175671254056269,grasp,,,,,,,,,,,,,,,,,,,,,1.830177664756775,0.7974390983581543,1.022940993309021,-0.22534838318824768,0.001397831947542727,0.005581667646765709,0.02808057889342308,1.8292744159698486,0.7961702885325788,1.02008034655588,-0.22391604400444795,0.003872323935252947,2.1887163298422097e-06,,,,,,,,,,,,
5.195671254056268,grasp,,,,,,,,,,,,,,,,,,,,,1.8302044868469238,0.7969971895217896,1.0215131044387817,-0.22467932105064392,0.0013320129364728928,0.005585557781159878,0.02808057889342308,1.8292744159698486,0.7961702885325788,1.02008034655588,-0.22391604400444795,0.003872323935252947,2.1887163298422097e-06,,,,,,,,,,,,
5.215671254056269,grasp,,,,,,,,,,,,,,,,,,,,,1.8302254676818848,0.7967025637626648,1.0206403732299805,-0.2242424488067627,0.0012791160261258483,0.005588053725659847,0.02808057889342308,1.8292744159698486,0.7960370779037476,1.019762396812439,-0.223725363612175,0.0038723251782357693,2.1879170617467025e-06,,,,,,,,,,,,
5.215671254056269,grasp,,,,,,,,,,,,,,,,,,,,,1.830336093902588,0.7965059876441956,1.0193082094192505,-0.22383436560630798,0.0010056463070213795,0.006113032810389996,0.02808057889342308,1.8292744159698486,0.7960370779037476,1.019762396812439,-0.2237253487110138,0.0038723251782357693,2.1879170617467025e-06,,,,,,,,,,,,
5.235671254056268,grasp,,,,,,,,,,,,,,,,,,,,,1.8303101062774658,0.7964717149734497,1.0192598104476929,-0.22380754351615906,0.0010786692146211863,0.0058581046760082245,0.02808057889342308,1.8292744159698486,0.7960370779037476,1.019762396812439,-0.2237253487110138,0.0038723251782357693,2.1879170617467025e-06,,,,,,,,,,,,
5.255671254056269,grasp,,,,,,,,,,,,,,,,,,,,,1.8302910327911377,0.7963682413101196,1.019225835800171,-0.22388552129268646,0.0011452691396698356,0.005725936498492956,0.02808057889342308,1.8292823263059153,0.7958551579720817,1.0197701700611561,-0.22391426931642766,0.003880141348733786,2.1870856382249516e-06,,,,,,,,,,,,
5.2756712540562685,grasp,,,,,,,,,,,,,,,,,,,,,1.8302830457687378,0.7963151931762695,1.0192036628723145,-0.22392567992210388,0.0011760490015149117,0.005657974164932966,0.02808057889342308,1.8292823263059153,0.7958551579720817,1.0197701700611561,-0.22391426931642766,0.003880141348733786,2.1870856382249516e-06,,,,,,,,,,,,
5.295671254056269,grasp,,,,,,,,,,,,,,,,,,,,,1.8302440643310547,0.7957171201705933,1.0190476179122925,-0.22456347942352295,0.00139042513910681,0.005617375485599041,0.02808057889342308,1.8293349975168263,0.7946294944540124,1.01982215373223,-0.2251868466192501,0.003932749589438071,2.1814887883015282e-06,,,,,,,,,,,,
5.3156712540562685,grasp,,,,,,,,,,,,,,,,,,,,,1.830202341079712,0.7954141497612,1.0189175605773926,-0.22489160299301147,0.0015622380888089538,0.00559484027326107,0.02808057889342308,1.8293349975168263,0.7946294944540124,1.01982215373223,-0.2251868466192501,0.003932749589438071,2.1814887883015282e-06,,,,,,,,,,,,
5.335671254056269,grasp,,,,,,,,,,,,,,,,,,,,,1.8301265239715576,0.7937555909156799,1.0186246633529663,-0.22666369378566742,0.0020512219052761793,0.00557302962988615,0.02808057889342308,1.8294709310968447,0.7914440525008642,1.019956378651379,-0.22849501800706254,0.004068495515123344,2.1670472956333976e-06,,,,,,,,,,,,
5.3556712540562685,grasp,,,,,,,,,,,,,,,,,,,,,1.8300981521606445,0.7928914427757263,1.0185176134109497,-0.2275754064321518,0.0022616691421717405,0.005543598905205727,0.02808057889342308,1.8294709310968447,0.7914440525008642,1.019956378651379,-0.22849501800706254,0.004068495515123344,2.1670472956333976e-06,,,,,,,,,,,,
5.375671254056269,grasp,,,,,,,,,,,,,,,,,,,,,1.8299556970596313,0.7896431088447571,1.0181105136871338,-0.23103049397468567,0.0031890941318124533,0.005505577195435762,0.02808057889342308,1.829718889479411,0.7855172610319618,1.0202011575254395,-0.2346540852390257,0.004316163421081723,2.140699472683163e-06,,,,,,,,,,,,
5.395671254056269,grasp,,,,,,,,,,,,,,,,,,,,,1.8298137187957764,0.7879723906517029,1.017748236656189,-0.23280999064445496,0.0038207159377634525,0.005478763487190008,0.02808057889342308,1.829718889479411,0.7855172610319618,1.0202011575254395,-0.2346540852390257,0.004316163421081723,2.140699472683163e-06,,,,,,,,,,,,
5.415671254056269,grasp,,,,,,,,,,,,,,,,,,,,,1.8299267292022705,0.7826290130615234,1.0177141427993774,-0.23842531442642212,0.004361199215054512,0.0054573724046349525,0.02808057889342308,1.8301018951097812,0.7761943114940207,1.0205793282706819,-0.2443474098334944,0.0046987683421412085,2.0999975065549936e-06,,,,,,,,,,,,
5.435671254056269,grasp,,,,,,,,,,,,,,,,,,,,,1.8300127983093262,0.7798362374305725,1.0177888870239258,-0.24131669104099274,0.0045474497601389885,0.0054391599260270596,0.02808057889342308,1.8301018951097812,0.7761943114940207,1.0205793282706819,-0.2443474098334944,0.0046987683421412085,2.0999975065549936e-06,,,,,,,,,,,,
5.455671254056269,grasp,,,,,,,,,,,,,,,,,,,,,1.8303136825561523,0.7719947695732117,1.0180624723434448,-0.24948881566524506,0.004923786036670208,0.005445410497486591,0.02808057889342308,1.830641191882148,0.7629392049928243,1.0211118250028288,-0.2581309139360254,0.005237649588051005,2.042672641671609e-06,,,,,,,,,,,,
5.475671254056269,grasp,,,,,,,,,,,,,,,,,,,,,1.8304719924926758,0.7679176926612854,1.01825749874115,-0.2536983788013458,0.005114941857755184,0.005448654759675264,0.02808057889342308,1.830641191882148,0.7629392049928243,1.0211118250028288,-0.2581309139360254,0.005237649588051005,2.042672641671609e-06,,,,,,,,,,,,
5.495671254056269,grasp,,,,,,,,,,,,,,,,,,,,,1.8308947086334229,0.7573179602622986,1.0186394453048706,-0.26474514603614807,0.005559601821005344,0.005450162570923567,0.02808057889342308,1.8313538823071043,0.745330801133295,1.0218156000386742,-0.27644217151382705,0.005949899598176224,1.966907527046216e-06,,,,,,,,,,,,
5.515671254056269,grasp,,,,,,,,,,,,,,,,,,,,,1.8311164379119873,0.7518075704574585,1.0189118385314941,-0.27043554186820984,0.005786639638245106,0.005451137665659189,0.02808057889342308,1.8313538823071043,0.745330801133295,1.0218156000386742,-0.27644217151382705,0.005949899598176224,1.966907527046216e-06,,,,,,,,,,,,
5.535671254056269,grasp,,,,,,,,,,,,,,,,,,,,,1.8316603899002075,0.7382183074951172,1.0194097757339478,-0.28459835052490234,0.00634007016196847,0.005451452452689409,0.02808057889342308,1.8322519092468175,0.7230563050758871,1.0227023989806296,-0.2996068653945617,0.006847473096442915,1.871430729499829e-06,,,,,,,,,,,,
5.555671254056269,grasp,,,,,,,,,,,,,,,,,,,,,1.8319451808929443,0.7311543822288513,1.0197553634643555,-0.2918940782546997,0.006623381748795509,0.005451799836009741,0.02808057889342308,1.8322519092468175,0.7230563050758871,1.0227023989806296,-0.2996068653945617,0.006847473096442915,1.871430729499829e-06,,,,,,,,,,,,
5.575671254056269,grasp,,,,,,,,,,,,,,,,,,,,,1.8326159715652466,0.714411735534668,1.0203748941421509,-0.30934345722198486,0.007299537770450115,0.005451752804219723,0.02808057889342308,1.8333431856563307,0.6959044947472574,1.0237801405648934,-0.32784471437623824,0.0079387793286676,1.7553473041338456e-06,,,,,,,,,,,,
5.595671254056269,grasp,,,,,,,,,,,,,,,,,,,,,1.8329659700393677,0.7057090401649475,1.0207929611206055,-0.31833234429359436,0.007646592333912849,0.005451961420476437,0.02808057889342308,1.8333431856563307,0.6959044947472574,1.0237801405648934,-0.32784471437623824,0.0079387793286676,1.7553473041338456e-06,,,,,,,,,,,,
5.615671254056269,grasp,,,,,,,,,,,,,,,,,,,,,1.8337678909301758,0.6857141852378845,1.0215398073196411,-0.3391721844673157,0.008451207540929317,0.005451804492622614,0.02808057889342308,1.8346327668920743,0.6637598556187122,1.0250538727750946,-0.36127635292428184,0.009228663910976417,1.6181391837272137e-06,,,,,,,,,,,,
5.635671254056269,grasp,,,,,,,,,,,,,,,,,,,,,1.8341832160949707,0.6753204464912415,1.022029161453247,-0.3499077558517456,0.008865357376635075,0.005451981443911791,0.02808057889342308,1.8346327668920743,0.6637598556187122,1.0250538727750946,-0.36127635292428184,0.009228663910976417,1.6181391837272137e-06,,,,,,,,,,,,
5.655671254056269,grasp,,,,,,,,,,,,,,,,,,,,,1.8351178169250488,0.6520340442657471,1.022909164428711,-0.37417882680892944,0.00980061199516058,0.005451828707009554,0.02808057889342308,1.836122364954588,0.6265957158109738,1.026525215561485,-0.39992935626660564,0.01071877831063569,1.4596310862478138e-06,,,,,,,,,,,,
5.675671254056269,grasp,,,,,,,,,,,,,,,,,,,,,1.8355998992919922,0.6399282813072205,1.0234668254852295,-0.3866822421550751,0.010283340699970722,0.005451953504234552,0.02808057889342308,1.836122364954588,0.6265957158109738,1.026525215561485,-0.39992935626660564,0.01071877831063569,1.4596310862478138e-06,,,,,,,,,,,,
5.695671254056268,grasp,,,,,,,,,,,,,,,,,,,,,1.8366671800613403,0.613366961479187,1.0244845151901245,-0.4143667221069336,0.011348922736942768,0.005451778881251812,0.02808057889342308,1.8378107498756393,0.5844680841399187,1.028193614723866,-0.44374482845267543,0.012408190697607773,1.2799244748335595e-06,,,,,,,,,,,,
5.715671254056269,grasp,,,,,,,,,,,,,,,,,,,,,1.8372159004211426,0.5995563864707947,1.0251057147979736,-0.4286288022994995,0.01190082635730505,0.00545189343392849,0.02808057889342308,1.8378107498756393,0.5844680841399187,1.028193614723866,-0.44374482845267543,0.012408190697607773,1.2799244748335595e-06,,,,,,,,,,,,
5.735671254056269,grasp,,,,,,,,,,,,,,,,,,,,,1.8384144306182861,0.5697896480560303,1.0262665748596191,-0.45965462923049927,0.013095407746732235,0.005451737437397242,0.02808057889342308,1.8396961484478591,0.5375090029992814,1.0300567031409817,-0.4925834486573552,0.014294821262348387,1.0792413135087577e-06,,,,,,,,,,,,
5.755671254056269,grasp,,,,,,,,,,,,,,,,,,,,,1.8390295505523682,0.5543084740638733,1.0269461870193481,-0.47563815116882324,0.01371645275503397,0.005451772827655077,0.02808057889342308,1.8396961484478591,0.5375090029992814,1.0300567031409817,-0.4925834486573552,0.014294821262348387,1.0792413135087577e-06,,,,,,,,,,,,
5.7756712540562685,grasp,,,,,,,,,,,,,,,,,,,,,1.8401857614517212,0.5215520858764648,1.0281566381454468,-0.5096815824508667,0.015032694675028324,0.005451711360365152,0.02808057889342308,1.8414199917917906,0.4861281734868491,1.0319110973332055,-0.5458175384707512,0.016368105428134605,8.581978545343482e-07,,,,,,,,,,,,
5.795671254056269,grasp,,,,,,,,,,,,,,,,,,,,,1.840777039527893,0.5045114159584045,1.028838038444519,-0.5272202491760254,0.015722941607236862,0.005451608449220657,0.02808057889342308,1.8414199917917906,0.4861281734868491,1.0319110973332055,-0.5458175384707512,0.016368105428134605,8.581978545343482e-07,,,,,,,,,,,,
5.8156712540562685,grasp,,,,,,,,,,,,,,,,,,,,,1.8188817501068115,0.48197418451309204,1.0169810056686401,-0.5377969741821289,0.01598653942346573,0.005458146799355745,0.02808057889342308,1.7954621534101856,0.4576504051705831,1.006498220155887,-0.5489979538949088,0.01663676402143583,7.637236865964146e-07,,,,,,,,,,,,
5.835671254056269,grasp,,,,,,,,,,,,,,,,,,,,,1.8074783086776733,0.4703909456729889,1.010600209236145,-0.5432496070861816,0.01652527041733265,0.005438011605292559,0.02808057889342308,1.7954621534101856,0.4576504051705831,1.006498220155887,-0.5489979538949088,0.01663676402143583,7.637236865964146e-07,,,,,,,,,,,,
5.8556712540562685,grasp,,,,,,,,,,,,,,,,,,,,,1.7670695781707764,0.4557078778743744,0.9882419109344482,-0.5354567170143127,0.01606932282447815,0.005436527542769909,0.02808057889342308,1.7239798189867883,0.4397474933118018,0.9665200412482468,-0.5271363077059342,0.01597421189368307,7.332897606188892e-07,,,,,,,,,,,,
5.875671254056269,grasp,,,,,,,,,,,,,,,,,,,,,1.7460901737213135,0.4482484459877014,0.9763676524162292,-0.5314466953277588,0.016412684693932533,0.005424126051366329,0.02808057889342308,1.7239798189867883,0.4397474933118018,0.9665200412482468,-0.5271363077059342,0.01597421189368307,7.332897606188892e-07,,,,,,,,,,,,
5.895671254056269,grasp,,,,,,,,,,,,,,,,,,,,,1.6986585855484009,0.43511688709259033,0.9500007033348083,-0.5181318521499634,0.0157186109572649,0.005434948019683361,0.02808057889342308,1.6481349910082739,0.42074227140901826,0.9241102663327065,-0.5039428621335258,0.015271309700186647,7.010025368858675e-07,,,,,,,,,,,,
5.915671254056269,grasp,,,,,,,,,,,,,,,,,,,,,1.6757292747497559,0.4279578924179077,0.9393269419670105,-0.5103034973144531,0.008846277371048927,0.005647623911499977,0.02808057889342308,1.6481349910082739,0.42074227140901826,0.9241102663327065,-0.5039428621335258,0.015271309700186647,7.010025368858675e-07,,,,,,,,,,,,
5.935671254056269,grasp,,,,,,,,,,,,,,,,,,,,,1.6254504919052124,0.41264936327934265,0.9125938415527344,-0.4728834331035614,-0.044467296451330185,0.0057655805721879005,0.02808057889342308,1.5684327541251526,0.40075932207111337,0.8795461334744529,-0.4795706678719793,0.014532716261979982,6.67075590029539e-07,,,,,,,,,,,,
5.955671254056269,grasp,,,,,,,,,,,,,,,,,,,,,1.5992770195007324,0.4005555808544159,0.8989049792289734,-0.46379417181015015,-0.07349620759487152,0.0057887546718120575,0.02808057889342308,1.5684327541251526,0.40075932207111337,0.8795461334744529,-0.4795706678719793,0.014532716261979982,6.67075590029539e-07,,,,,,,,,,,,
5.975671254056269,grasp,,,,,,,,,,,,,,,,,,,,,1.5461697578430176,0.38415271043777466,0.8692971467971802,-0.4217413365840912,-0.12655377388000488,0.005892615299671888,0.02808057889342308,1.4854232433920274,0.37993562076539417,0.8331322748830783,-0.45418798372164015,0.013763520372616807,6.317426812749349e-07,,,,,,,,,,,,
5.995671254056269,grasp,,,,,,,,,,,,,,,,,,,,,1.5186108350753784,0.3752974569797516,0.8541028499603271,-0.4032385051250458,-0.15781652927398682,0.005900774151086807,0.02808057889342308,1.4854232433920274,0.37993562076539417,0.8331322748830783,-0.45418798372164015,0.013763520372616807,6.317426812749349e-07,,,,,,,,,,,,
6.015671254056269,grasp,,,,,,,,,,,,,,,,,,,,,1.4629374742507935,0.35718753933906555,0.8231120109558105,-0.3632511496543884,-0.2209683656692505,0.005924541968852282,0.02808057889342308,1.3996955163562699,0.35841735836143707,0.7851952878212258,-0.4279748938920431,0.012969156036247185,5.952535340335224e-07,,,,,,,,,,,,
6.035671254056269,grasp,,,,,,,,,,,,,,,,,,,,,1.433271050453186,0.34942957758903503,0.8070558905601501,-0.3402695655822754,-0.26715123653411865,0.005782102234661579,0.02808057889342308,1.3996955163562699,0.35841735836143707,0.7851952878212258,-0.4279748938920431,0.012969156036247185,5.952535340335224e-07,,,,,,,,,,,,
6.055671254056269,grasp,,,,,,,,,,,,,,,,,,,,,1.3757297992706299,0.3361873924732208,0.7756117582321167,-0.29132288694381714,-0.3367402255535126,0.005800388287752867,0.02808057889342308,1.311869835309589,0.33635854505492363,0.7360796971563013,-0.40112111712303794,0.012155367643654654,5.57871998123649e-07,,,,,,,,,,,,
6.075671254056269,grasp,,,,,,,,,,,,,,,,,,,,,1.3453501462936401,0.3294915556907654,0.7592185735702515,-0.26216253638267517,-0.3822941780090332,0.005669977515935898,0.02808057889342308,1.311869835309589,0.33635854505492363,0.7360796971563013,-0.40112111712303794,0.012155367643654654,5.57871998123649e-07,,,,,,,,,,,,
6.095671254056269,grasp,,,,,,,,,,,,,,,,,,,,,1.28677499294281,0.31589072942733765,0.727500855922699,-0.21406133472919464,-0.45434898138046265,0.005668919067829847,0.02808057889342308,1.2225902458819111,0.313918910669145,0.6861437394200464,-0.3738237513979862,0.011328129124036952,5.198724972573187e-07,,,,,,,,,,,,
6.115671254056269,grasp,,,,,,,,,,,,,,,,,,,,,1.2561112642288208,0.31224289536476135,0.7102359533309937,-0.17679646611213684,-0.49872323870658875,0.005564323626458645,0.02808057889342308,1.2225902458819111,0.313918910669145,0.6861437394200464,-0.3738237513979862,0.011328129124036952,5.198724972573187e-07,,,,,,,,,,,,
6.135671254056269,grasp,,,,,,,,,,,,,,,,,,,,,1.1970142126083374,0.3013836443424225,0.6775078773498535,-0.12001612037420273,-0.5705739259719849,0.005573162343353033,0.02808057889342308,1.132517281382708,0.291261399050829,0.635755106057918,-0.346285016730356,0.0104935712196553,4.815366888505262e-07,,,,,,,,,,,,
6.155671254056269,grasp,,,,,,,,,,,,,,,,,,,,,1.1662629842758179,0.2960927188396454,0.6591116189956665,-0.08374205976724625,-0.6127136945724487,0.0055353157222270966,0.02808057889342308,1.132517281382708,0.291261399050829,0.635755106057918,-0.346285016730356,0.0104935712196553,4.815366888505262e-07,,,,,,,,,,,,
6.175671254056269,grasp,,,,,,,,,,,,,,,,,,,,,1.1068812608718872,0.28223326802253723,0.6254187822341919,-0.03433418273925781,-0.677439272403717,0.0055089988745749,0.02808057889342308,1.0423197718872612,0.26855218806409836,0.5852874940151586,-0.31870937187729176,0.009657882639243762,4.4314885354282436e-07,,,,,,,,,,,,
6.195671254056268,grasp,,,,,,,,,,,,,,,,,,,,,1.0760579109191895,0.27517977356910706,0.6077393293380737,-0.0007146357093006372,-0.7130495309829712,0.00539780780673027,0.02808057889342308,1.0423197718872612,0.26855218806409836,0.5852874940151586,-0.31870937187729176,0.009657882639243762,4.4314885354282436e-07,,,,,,,,,,,,
6.215671254056269,grasp,,,,,,,,,,,,,,,,,,,,,1.0167676210403442,0.26050683856010437,0.5743690729141235,0.03868460655212402,-0.7738815546035767,0.005411840975284576,0.02808057889342308,0.9526680736462037,0.24595740350299958,0.5351156390580797,-0.29130147722620986,0.008827267145567473,4.049939744824022e-07,,,,,,,,,,,,
6.235671254056269,grasp,,,,,,,,,,,,,,,,,,,,,0.9861279129981995,0.2530076503753662,0.556828498840332,0.05635249987244606,-0.8044474124908447,0.005386791657656431,0.02808057889342308,0.9526680736462037,0.24595740350299958,0.5351156390580797,-0.29130147722620986,0.008827267145567473,4.049939744824022e-07,,,,,,,,,,,,
6.255671254056269,grasp,,,,,,,,,,,,,,,,,,,,,0.9274545311927795,0.23832355439662933,0.5238050818443298,0.0636971965432167,-0.8499413132667542,0.005302604753524065,0.02808057889342308,0.864226466418011,0.22364180140670017,0.4856110296266321,-0.26426401782423625,0.008007877741092368,3.6735492051971207e-07,,,,,,,,,,,,
6.2756712540562685,grasp,,,,,,,,,,,,,,,,,,,,,0.8971436023712158,0.23081234097480774,0.5065385103225708,0.10007727146148682,-0.8785086870193481,0.005242617800831795,0.02808057889342308,0.864226466418011,0.22364180140670017,0.4856110296266321,-0.26426401782423625,0.008007877741092368,3.6735492051971207e-07,,,,,,,,,,,,
6.295671254056269,grasp,,,,,,,,,,,,,,,,,,,,,0.8395951986312866,0.2161509245634079,0.4746516942977905,0.15545368194580078,-0.9334750771522522,0.005166398826986551,0.02808057889342308,0.7776465661584243,0.20176373521220453,0.43713724617600763,-0.23779596176491336,0.007205751927523903,3.3050898404436746e-07,,,,,,,,,,,,
6.315671254056269,grasp,,,,,,,,,,,,,,,,,,,,,0.809876024723053,0.20866653323173523,0.45774659514427185,0.18538834154605865,-0.9606218934059143,0.005092665087431669,0.02808057889342308,0.7776465661584243,0.20176373521220453,0.43713724617600763,-0.23779596176491336,0.007205751927523903,3.3050898404436746e-07,,,,,,,,,,,,
6.335671254056269,grasp,,,,,,,,,,,,,,,,,,,,,0.753821074962616,0.1943962574005127,0.4262983798980713,0.20421862602233887,-1.0069814920425415,0.005041108001023531,0.02808057889342308,0.6935570846330689,0.18048236191971373,0.39004712183806245,-0.21208931989947902,0.006426709231919313,2.947234083141733e-07,,,,,,,,,,,,
6.3556712540562685,grasp,,,,,,,,,,,,,,,,,,,,,0.7248565554618835,0.1872941553592682,0.4092941880226135,0.14271436631679535,-1.021920919418335,0.004861651919782162,0.02808057889342308,0.6935570846330689,0.18048236191971373,0.39004712183806245,-0.21208931989947902,0.006426709231919313,2.947234083141733e-07,,,,,,,,,,,,
6.375671254056269,grasp,,,,,,,,,,,,,,,,,,,,,0.6706087589263916,0.1740170270204544,0.377444326877594,0.04869048297405243,-1.0198558568954468,0.004535605665296316,0.02808057889342308,0.6125591510758812,0.1599472874462375,0.34467698382507006,-0.18732755518598082,0.005676307043816694,2.602535372783656e-07,,,,,,,,,,,,
6.395671254056269,grasp,,,,,,,,,,,,,,,,,,,,,0.6425048112869263,0.1675313115119934,0.3597519099712372,-0.05076824873685837,-0.9851785898208618,0.0030115938279777765,0.02808057889342308,0.6125591510758812,0.1599472874462375,0.34467698382507006,-0.18732755518598082,0.005676307043816694,2.602535372783656e-07,,,,,,,,,,,,
6.415671254056269,grasp,,,,,,,,,,,,,,,,,,,,,0.5906095504760742,0.15460701286792755,0.3297203481197357,-0.10576514899730682,-0.9287303686141968,0.0015786131843924522,0.02808057889342308,0.5352191860097117,0.1402951453911949,0.301342428387592,-0.16368350483980607,0.004959784883613491,2.2734005683419573e-07,,,,,,,,,,,,
6.435671254056269,grasp,,,,,,,,,,,,,,,,,,,,,0.5637193918228149,0.1480669230222702,0.31405651569366455,-0.1338144838809967,-0.8332157135009766,0.0007932336302474141,0.02808057889342308,0.5352191860097117,0.1402951453911949,0.301342428387592,-0.16368350483980607,0.004959784883613491,2.2734005683419573e-07,,,,,,,,,,,,
6.455671254056269,grasp,,,,,,,,,,,,,,,,,,,,,0.5144574642181396,0.13550281524658203,0.28681522607803345,-0.13748663663864136,-0.7420184016227722,0.0004003449284937233,0.02808057889342308,0.462057153639754,0.12166210488185998,0.26033572795433124,-0.14131616640812844,0.004281961317724148,1.9620424422881572e-07,,,,,,,,,,,,
6.475671254056269,grasp,,,,,,,,,,,,,,,,,,,,,0.48899170756340027,0.1291157752275467,0.2726188898086548,-0.13927748799324036,-0.6422593593597412,0.00019678323587868363,0.02808057889342308,0.462057153639754,0.12166210488185998,0.26033572795433124,-0.14131616640812844,0.004281961317724148,1.9620424422881572e-07,,,,,,,,,,,,
6.495671254056269,grasp,,,,,,,,,,,,,,,,,,,,,0.44274821877479553,0.11723626405000687,0.24707691371440887,-0.13015316426753998,-0.5504297018051147,0.00010415031283628196,0.02808057889342308,0.3935457277676728,0.10416015219667157,0.22191886202803587,-0.12036992308373227,0.003647212716845527,1.6704705726433063e-07,,,,,,,,,,,,
6.515671254056269,grasp,,,,,,,,,,,,,,,,,,,,,0.41883185505867004,0.11121619492769241,0.23361586034297943,-0.12536710500717163,-0.4507588744163513,4.760526280733757e-05,0.02808057889342308,0.3935457277676728,0.10416015219667157,0.22191886202803587,-0.12036992308373227,0.003647212716845527,1.6704705726433063e-07,,,,,,,,,,,,
6.535671254056269,grasp,,,,,,,,,,,,,,,,,,,,,0.3758378028869629,0.10014142096042633,0.2097562551498413,-0.11356892436742783,-0.35541221499443054,2.843629044946283e-05,0.02808057889342308,0.33009499732998626,0.08789954738217663,0.1863233137091676,-0.10097023477348085,0.0030593303845310223,1.4004266141632937e-07,,,,,,,,,,,,
6.555671254056269,grasp,,,,,,,,,,,,,,,,,,,,,0.3535992503166199,0.09452466666698456,0.19718320667743683,-0.10744035989046097,-0.2559543251991272,9.835015589487739e-06,0.02808057889342308,0.33009499732998626,0.08789954738217663,0.1863233137091676,-0.10097023477348085,0.0030593303845310223,1.4004266141632937e-07,,,,,,,,,,,,
6.575671254056269,grasp,,,,,,,,,,,,,,,,,,,,,0.3140876293182373,0.08430995792150497,0.1751946210861206,-0.095721036195755,-0.15623077750205994,8.758456715440843e-06,0.02808057889342308,0.2720535672254041,0.07296091425456645,0.15374122245339478,-0.08322357806411709,0.0025215338780226215,1.1533899602075623e-07,,,,,,,,,,,,
6.595671254056269,grasp,,,,,,,,,,,,,,,,,,,,,0.29355379939079285,0.07912842929363251,0.16360388696193695,-0.08964261412620544,-0.07895214110612869,-1.003456964099314e-05,0.02808057889342308,0.2720535672254041,0.07296091425456645,0.15374122245339478,-0.08322357806411709,0.0025215338780226215,1.1533899602075623e-07,,,,,,,,,,,,
6.615671254056269,grasp,,,,,,,,,,,,,,,,,,,,,0.2576976716518402,0.06982316821813583,0.14362172782421112,-0.07877477258443832,-0.039548855274915695,-1.1151840226375498e-05,0.02808057889342308,0.21969137553203608,0.05942296323729234,0.12432626670795045,-0.06721276343769331,0.0020363364808610187,9.305146424819982e-08,,,,,,,,,,,,
6.635671254056269,grasp,,,,,,,,,,,,,,,,,,,,,0.23919597268104553,0.06509065628051758,0.1330956369638443,-0.07317721098661423,-0.019179692491889,-1.2919495020469185e-05,0.02808057889342308,0.21969137553203608,0.05942296323729234,0.12432626670795045,-0.06721276343769331,0.0020363364808610187,9.305146424819982e-08,,,,,,,,,,,,
6.655671254056269,grasp,,,,,,,,,,,,,,,,,,,,,0.207200288772583,0.05672783404588699,0.11521609127521515,-0.0634041279554367,-0.009090559557080269,-6.892050350870704e-06,0.02808057889342308,0.17320377223596256,0.047324556529752745,0.0981838687654464,-0.052997537191039945,0.0016055508077657092,7.32633125299366e-08,,,,,,,,,,,,
6.675671254056269,grasp,,,,,,,,,,,,,,,,,,,,,0.190670445561409,0.052474796772003174,0.10579599440097809,-0.05836987495422363,-0.003772578202188015,-8.608583812019788e-06,0.02808057889342308,0.17320377223596256,0.047324556529752745,0.0981838687654464,-0.052997537191039945,0.0016055508077657092,7.32633125299366e-08,,,,,,,,,,,,
6.695671254056268,grasp,,,,,,,,,,,,,,,,,,,,,0.16256888210773468,0.045083023607730865,0.09007821977138519,-0.04976899176836014,-0.0013618678785860538,-3.734022357093636e-06,0.02808057889342308,0.1326897448507527,0.036704273330810944,0.07537555629077097,-0.040608285821586446,0.001230096497842986,5.6016808135830246e-08,,,,,,,,,,,,
6.715671254056269,grasp,,,,,,,,,,,,,,,,,,,,,0.1480463147163391,0.041323281824588776,0.08179739117622375,-0.04533905163407326,-2.409772605460603e-06,-5.87506065130583e-06,0.02808057889342308,0.1326897448507527,0.036704273330810944,0.07537555629077097,-0.040608285821586446,0.001230096497842986,5.6016808135830246e-08,,,,,,,,,,,,
6.735671254056269,grasp,,,,,,,,,,,,,,,,,,,,,0.12386784702539444,0.034913670271635056,0.0682615116238594,-0.03793518617749214,0.0004222425341140479,-2.2343913315125974e-06,0.02808057889342308,0.0981545984332311,0.02757166962278407,0.05590742159006157,-0.030046703634025028,0.0009100234459224989,4.1314258375811325e-08,,,,,,,,,,,,
6.755671254056269,grasp,,,,,,,,,,,,,,,,,,,,,0.11137175559997559,0.03165283799171448,0.06113120913505554,-0.03412189707159996,0.000744003162253648,-4.410449946590234e-06,0.02808057889342308,0.0981545984332311,0.02757166962278407,0.05590742159006157,-0.030046703634025028,0.0009100234459224989,4.1314258375811325e-08,,,,,,,,,,,,
6.7756712540562685,grasp,,,,,,,,,,,,,,,,,,,,,0.09108326584100723,0.026215670630335808,0.049754735082387924,-0.027908122166991234,0.0006813089130446315,-1.6950975805229973e-06,0.02808057889342308,0.06950555240878262,0.019900771324670767,0.03972229513280877,-0.02128441155776634,0.0006444729515493486,2.911622564962964e-08,,,,,,,,,,,,
6.795671254056269,grasp,,,,,,,,,,,,,,,,,,,,,0.0805979073047638,0.02344876155257225,0.04376361891627312,-0.02470778115093708,0.0007346358615905046,-3.6259432363294763e-06,0.02808057889342308,0.06950555240878262,0.019900771324670767,0.03972229513280877,-0.02128441155776634,0.0006444729515493486,2.911622564962964e-08,,,,,,,,,,,,
6.815671254056269,grasp,,,,,,,,,,,,,,,,,,,,,0.06409385055303574,0.018954863771796227,0.0344821996986866,-0.01965230330824852,0.0005769921117462218,-1.3797013025396154e-06,0.02808057889342308,0.046540265318667444,0.013636794586510317,0.026699504182725584,-0.014259516907770279,0.0004315722102260606,1.9336659073240484e-08,,,,,,,,,,,,
6.835671254056269,grasp,,,,,,,,,,,,,,,,,,,,,0.05556483194231987,0.016667015850543976,0.029596541076898575,-0.01704852096736431,0.000564548943657428,-2.9740081117779482e-06,0.02808057889342308,0.046540265318667444,0.013636794586510317,0.026699504182725584,-0.014259516907770279,0.0004315722102260606,1.9336659073240484e-08,,,,,,,,,,,,
6.8556712540562685,grasp,,,,,,,,,,,,,,,,,,,,,0.04265343025326729,0.013088364154100418,0.022309571504592896,-0.0130928885191679,0.0004141833633184433,-1.2151922419434413e-06,0.02808057889342308,0.02892019249560284,0.008738141909521458,0.016666093038288494,-0.008868897301006734,0.0002681986987847297,1.1832122357209481e-08,,,,,,,,,,,,
6.875671254056269,grasp,,,,,,,,,,,,,,,,,,,,,0.03598170354962349,0.01126537099480629,0.018476316705346107,-0.011055557057261467,0.0003888129140250385,-2.3963070816535037e-06,0.02808057889342308,0.02892019249560284,0.008738141909521458,0.016666093038288494,-0.008868897301006734,0.0002681986987847297,1.1832122357209481e-08,,,,,,,,,,,,
6.895671254056269,grasp,,,,,,,,,,,,,,,,,,,,,0.026384301483631134,0.008563948795199394,0.013042628765106201,-0.008114748634397984,0.0002699163742363453,-1.0708019999583485e-06,0.02808057889342308,0.016174888182323446,0.0051420328393123865,0.009384610442697047,-0.004969199217288037,0.00015000945687483063,6.403117008750321e-09,,,,,,,,,,,,
6.915671254056269,grasp,,,,,,,,,,,,,,,,,,,,,0.021425718441605568,0.007186573930084705,0.010187040083110332,-0.006600080989301205,0.0002455223584547639,-1.8607474885357078e-06,0.02808057889342308,0.016174888182323446,0.0051420328393123865,0.009384610442697047,-0.004969199217288037,0.00015000945687483063,6.403117008750321e-09,,,,,,,,,,,,
6.935671254056269,grasp,,,,,,,,,,,,,,,,,,,,,0.014780175872147083,0.0052942014299333096,0.006416074000298977,-0.004563446622341871,0.00016084463277366012,-9.186544502881588e-07,0.02808057889342308,0.007709219074890762,0.002729242646979866,0.004537146131866198,-0.002378743013217805,7.149929683815879e-05,2.7967641692245318e-09,,,,,,,,,,,,
6.955671254056269,grasp,,,,,,,,,,,,,,,,,,,,,0.0113474540412426,0.0043279859237372875,0.004437140189111233,-0.0035144470166414976,0.00014080620894674212,-1.3712145801036968e-06,0.02808057889342308,0.007709219074890762,0.002729242646979866,0.004537146131866198,-0.002378743013217805,7.149929683815879e-05,2.7967641692245318e-09,,,,,,,,,,,,
6.975671254056269,grasp,,,,,,,,,,,,,,,,,,,,,0.007204923313111067,0.0031414900440722704,0.0020848915446549654,-0.0022447037044912577,8.721944323042408e-05,-8.491700782542466e-07,0.02808057889342308,0.0027948999572217402,0.0013256007320353483,0.0017218255541674322,-0.0008749578552836255,2.5923316493463523e-05,7.032383690028706e-10,,,,,,,,,,,,
6.995671254056269,grasp,,,,,,,,,,,,,,,,,,,,,0.005065941251814365,0.0025346442125737667,0.0008532229694537818,-0.0015906725311651826,7.203168206615373e-05,-9.676557510829298e-07,0.02808057889342308,0.0027948999572217402,0.0013256007320353483,0.0017218255541674322,-0.0008749578552836255,2.5923316493463523e-05,7.032383690028706e-10,,,,,,,,,,,,
7.015671254056269,grasp,,,,,,,,,,,,,,,,,,,,,0.0028887137304991484,0.0018959187436848879,0.000127796723973006,-0.0009227582486346364,4.264578819856979e-05,-6.408445756278525e-07,0.02808057889342308,0.0005675508746186853,0.0006893028868123114,0.0004457666709914176,-0.00019338649964661521,5.266583969830031e-06,-2.4562555438560075e-10,,,,,,,,,,,,
7.035671254056269,grasp,,,,,,,,,,,,,,,,,,,,,0.00176527991425246,0.0015655169263482094,0.00013009412214159966,-0.000578652776312083,3.191869109286927e-05,-5.783260235148191e-07,0.02808057889342308,0.0005675508746186853,0.0006893028868123114,0.0004457666709914176,-0.00019338649964661521,5.266583969830031e-06,-2.4562555438560075e-10,,,,,,,,,,,,
7.055671254056269,grasp,,,,,,,,,,,,,,,,,,,,,0.0009184781811200082,0.0013192205224186182,0.00013017254241276532,-0.0003187972179148346,1.9224204152124003e-05,-4.0353194208364584e-07,0.02808057889342308,1.0631792478056678e-05,0.0005302050703173892,0.00012670508712849868,-2.2968626961509203e-05,1.0164212536413161e-07,-4.828763431024712e-10,,,,,,,,,,,,
7.071342508112537,grasp,,,,,,,,,,,,,,,,,,,,,0.0004769990046042949,0.0011906971922144294,0.0001297959970543161,-0.00018333295884076506,1.2555715329654049e-05,-2.776830569928279e-07,0.02808057889342308,-8.668261131106192e-08,0.0005271430709399283,0.00012056442210450768,-1.968876131286379e-05,2.237557250595046e-09,-4.87442475272104e-10,,,,,,,,,,,,
0.0,grasp,,,,,,,,,,,,,,,,,,,,,,,,,,,3.4549149319218486e-08,,,,,,,0.043,,,,,,,,,,,
0.02,grasp,,,,,,,,,,,,,,,,,,,,,,,,,,,4.85406894767948e-06,,,,,,,0.043,,,,,,,,,,,
0.04,grasp,,,,,,,,,,,,,,,,,,,,,,,,,,,4.07575789722614e-05,,,,,,,0.043,,,,,,,,,,,
0.06,grasp,,,,,,,,,,,,,,,,,,,,,,,,,,,0.00014516274677589536,,,,,,,0.043,,,,,,,,,,,
0.08,grasp,,,,,,,,,,,,,,,,,,,,,,,,,,,0.0003563169448170811,,,,,,,0.043,,,,,,,,,,,
0.1,grasp,,,,,,,,,,,,,,,,,,,,,,,,,,,0.0007082616502884775,,,,,,,0.043,,,,,,,,,,,
0.12,grasp,,,,,,,,,,,,,,,,,,,,,,,,,,,0.0012284344411455095,,,,,,,0.043,,,,,,,,,,,
0.14,grasp,,,,,,,,,,,,,,,,,,,,,,,,,,,0.0019369490910321474,,,,,,,0.043,,,,,,,,,,,
0.16,grasp,,,,,,,,,,,,,,,,,,,,,,,,,,,0.0028464358765631914,,,,,,,0.043,,,,,,,,,,,
0.18,grasp,,,,,,,,,,,,,,,,,,,,,,,,,,,0.003962450660765171,,,,,,,0.043,,,,,,,,,,,
0.2,grasp,,,,,,,,,,,,,,,,,,,,,,,,,,,0.005283842794597149,,,,,,,0.043,,,,,,,,,,,
0.22,grasp,,,,,,,,,,,,,,,,,,,,,,,,,,,0.006803404772654176,,,,,,,0.043,,,,,,,,,,,
0.24,grasp,,,,,,,,,,,,,,,,,,,,,,,,,,,0.008508493192493916,,,,,,,0.043,,,,,,,,,,,
0.26,grasp,,,,,,,,,,,,,,,,,,,,,,,,,,,0.010381691623479128,,,,,,,0.043,,,,,,,,,,,
0.28,grasp,,,,,,,,,,,,,,,,,,,,,,,,,,,0.012401464860886335,,,,,,,0.043,,,,,,,,,,,
0.3,grasp,,,,,,,,,,,,,,,,,,,,,,,,,,,0.014542854856699705,,,,,,,0.043,,,,,,,,,,,
0.32,grasp,,,,,,,,,,,,,,,,,,,,,,,,,,,0.016778131015598774,,,,,,,0.043,,,,,,,,,,,
0.34,grasp,,,,,,,,,,,,,,,,,,,,,,,,,,,0.019077499397099018,,,,,,,0.043,,,,,,,,,,,
0.36,grasp,,,,,,,,,,,,,,,,,,,,,,,,,,,0.021409736946225166,,,,,,,0.043,,,,,,,,,,,
0.38,grasp,,,,,,,,,,,,,,,,,,,,,,,,,,,0.023742946796119213,,,,,,,0.043,,,,,,,,,,,
0.4,grasp,,,,,,,,,,,,,,,,,,,,,,,,,,,0.02604517061263323,,,,,,,0.043,,,,,,,,,,,
0.42,grasp,,,,,,,,,,,,,,,,,,,,,,,,,,,0.02828508336097002,,,,,,,0.043,,,,,,,,,,,
0.44,grasp,,,,,,,,,,,,,,,,,,,,,,,,,,,0.03043272066861391,,,,,,,0.043,,,,,,,,,,,
0.46,grasp,,,,,,,,,,,,,,,,,,,,,,,,,,,0.03246011212468147,,,,,,,0.043,,,,,,,,,,,
0.48,grasp,,,,,,,,,,,,,,,,,,,,,,,,,,,0.03434199094772339,,,,,,,0.043,,,,,,,,,,,
0.5,grasp,,,,,,,,,,,,,,,,,,,,,,,,,,,0.0360563974827528,,,,,,,0.043,,,,,,,,,,,
0.52,grasp,,,,,,,,,,,,,,,,,,,,,,,,,,,0.037585511803627014,,,,,,,0.043,,,,,,,,,,,
0.54,grasp,,,,,,,,,,,,,,,,,,,,,,,,,,,0.0389162078499794,,,,,,,0.043,,,,,,,,,,,
0.56,grasp,,,,,,,,,,,,,,,,,,,,,,,,,,,0.04004077799618244,,,,,,,0.043,,,,,,,,,,,
0.58,grasp,,,,,,,,,,,,,,,,,,,,,,,,,,,0.04095758497714996,,,,,,,0.043,,,,,,,,,,,
0.6,grasp,,,,,,,,,,,,,,,,,,,,,,,,,,,0.04167182743549347,,,,,,,0.043,,,,,,,,,,,
0.62,grasp,,,,,,,,,,,,,,,,,,,,,,,,,,,0.042196109890937805,,,,,,,0.043,,,,,,,,,,,
0.64,grasp,,,,,,,,,,,,,,,,,,,,,,,,,,,0.0425511971116066,,,,,,,0.043,,,,,,,,,,,
0.66,grasp,,,,,,,,,,,,,,,,,,,,,,,,,,,0.04276668466627598,,,,,,,0.043,,,,,,,,,,,
0.68,grasp,,,,,,,,,,,,,,,,,,,,,,,,,,,0.042881689965724945,,,,,,,0.043,,,,,,,,,,,
0.68,grasp,,,,,,,,,,,,,,,,,,,,,-1.6439102523690963e-07,0.001045617857016623,0.00012923382746521384,-3.906420897692442e-05,8.117009286934262e-09,-7.647812938493814e-10,0.042881689965724945,-8.672280671362387e-08,0.0005271726986393332,0.00012056528794346377,-1.9688395695993677e-05,2.353526706855291e-09,-3.162538564360773e-10,,,,,,,,,,,,
0.7000000000000001,grasp,,,,,,,,,,,,,,,,,,,,,-1.6579167549934937e-07,0.0010503781959414482,0.00012924251495860517,-3.924385964637622e-05,7.980703209398143e-09,-7.769825893788607e-10,0.042881689965724945,-8.672280671362387e-08,0.0005271726986393332,0.00012056528794346377,-1.9688395695993677e-05,2.353526706855291e-09,-3.162538564360773e-10,,,,,,,,,,,,
0.7200000000000001,grasp,,,,,,,,,,,,,,,,,,,,,0.00010221367119811475,0.00107968645170331,0.00012909322686027735,-6.994761497480795e-05,1.42386829793395e-06,-8.66818439249073e-09,0.042881689965724945,0.00021565359452073863,0.0005827210280695683,0.0002346000277683615,-8.285456734893068e-05,2.1756993917770725e-06,-2.421284087624978e-10,,,,,,,,,,,,
0.74,grasp,,,,,,,,,,,,,,,,,,,,,0.00015608358080498874,0.0010949474526569247,0.00012908296776004136,-8.577542757848278e-05,1.4797924450249411e-06,2.363315987352621e-09,0.042881689965724945,0.00021565359452073863,0.0005827210280695683,0.0002346000277683615,-8.285456734893068e-05,2.1756993917770725e-06,-2.421284087624978e-10,,,,,,,,,,,,
0.76,grasp,,,,,,,,,,,,,,,,,,,,,0.0008827433921396732,0.0012831443455070257,0.00012759609671775252,-0.000299931678455323,1.1282227205811068e-05,-5.163140315289638e-08,0.042881689965724945,0.0016673951633426876,0.0009565121390457952,0.0010019529004843715,-0.0005079070330779915,1.6800394281974906e-05,2.56670272270467e-10,,,,,,,,,,,,
0.78,grasp,,,,,,,,,,,,,,,,,,,,,0.0012591334525495768,0.0013814237900078297,0.00012755146599374712,-0.00041035909089259803,1.1756126696127467e-05,2.3507649160592337e-08,0.042881689965724945,0.0016673951633426876,0.0009565121390457952,0.0010019529004843715,-0.0005079070330779915,1.6800394281974906e-05,2.56670272270467e-10,,,,,,,,,,,,
0.8,grasp,,,,,,,,,,,,,,,,,,,,,0.003279264783486724,0.0019216483924537897,0.00040086256922222674,-0.0010035114828497171,3.815185118583031e-05,-1.0897366564677213e-07,0.042881689965724945,0.005441100082794334,0.001928146833307465,0.002996630629974295,-0.0016128022861439234,5.481630938486389e-05,1.5532640520012567e-09,,,,,,,,,,,,
0.8200000000000001,grasp,,,,,,,,,,,,,,,,,,,,,0.004325287416577339,0.0021892471704632044,0.0006265236297622323,-0.001308658393099904,4.0108767279889435e-05,8.371928572614706e-08,0.042881689965724945,0.005441100082794334,0.001928146833307465,0.002996630629974295,-0.0016128022861439234,5.481630938486389e-05,1.5532640520012567e-09,,,,,,,,,,,,
0.8400000000000001,grasp,,,,,,,,,,,,,,,,,,,,,0.008263605646789074,0.003202022984623909,0.002523789880797267,-0.002463198034092784,9.078557923203334e-05,-1.5716875623184023e-07,0.042881689965724945,0.01246704037196538,0.003732898572258943,0.006708426808034371,-0.003669883433827321,0.0001255937422222325,3.967242102094477e-09,,,,,,,,,,,,
0.8600000000000001,grasp,,,,,,,,,,,,,,,,,,,,,0.010302267037332058,0.0037152881268411875,0.003538945922628045,-0.0030578121077269316,9.572564886184409e-05,1.9345483792676532e-07,0.042881689965724945,0.01246704037196538,0.003732898572258943,0.006708426808034371,-0.003669883433827321,0.0001255937422222325,3.967242102094477e-09,,,,,,,,,,,,
0.8800000000000001,grasp,,,,,,,,,,,,,,,,,,,,,0.016705477610230446,0.005355208646506071,0.006852038204669952,-0.004934784956276417,0.00017756082525011152,-1.8719205741035694e-07,0.042881689965724945,0.023531563202161987,0.006552063558532294,0.012543400918684756,-0.0069092374713061785,0.00023704852326915447,7.76858647771055e-09,,,,,,,,,,,,
0.9,grasp,,,,,,,,,,,,,,,,,,,,,0.020019302144646645,0.006185655482113361,0.008613478392362595,-0.005901523400098085,0.00018700312648434192,3.5297210843054927e-07,0.042881689965724945,0.023531563202161987,0.006552063558532294,0.012543400918684756,-0.0069092374713061785,0.00023704852326915447,7.76858647771055e-09,,,,,,,,,,,,
0.92,grasp,,,,,,,,,,,,,,,,,,,,,0.02934887632727623,0.008545225486159325,0.013477745465934277,-0.008636069484055042,0.000305873341858387,-1.9541897700037225e-07,0.042881689965724945,0.03928815168595901,0.010504887399587394,0.020824778339787797,-0.011521858264629689,0.00039575043021642,1.3181370428252519e-08,,,,,,,,,,,,
0.9400000000000001,grasp,,,,,,,,,,,,,,,,,,,,,0.03417632728815079,0.0097409188747406,0.01605946756899357,-0.010044524446129799,0.0003212024748791009,5.594442882284056e-07,0.042881689965724945,0.03928815168595901,0.010504887399587394,0.020824778339787797,-0.011521858264629689,0.00039575043021642,1.3181370428252519e-08,,,,,,,,,,,,
0.9600000000000001,grasp,,,,,,,,,,,,,,,,,,,,,0.046810247004032135,0.0128724230453372,0.02262967638671398,-0.013747146353125572,0.00048193641123361886,-1.808168690331513e-07,0.042881689965724945,0.06026446244130749,0.015650230768923308,0.031796894675462185,-0.017661703760666326,0.0006069941894830063,2.038617822076433e-08,,,,,,,,,,,,
0.98,grasp,,,,,,,,,,,,,,,,,,,,,0.05334664136171341,0.01445961557328701,0.02611374855041504,-0.01565423607826233,0.000504360010381788,8.080688189693319e-07,0.042881689965724945,0.06026446244130749,0.015650230768923308,0.031796894675462185,-0.017661703760666326,0.0006069941894830063,2.038617822076433e-08,,,,,,,,,,,,
1.0,grasp,,,,,,,,,,,,,,,,,,,,,0.06957727670669556,0.018392011523246765,0.034518107771873474,-0.0204103235155344,0.0007106880657374859,-1.4306249340734212e-07,0.042881689965724945,0.0868571614112551,0.022019093829863286,0.045639964670183844,-0.025444416645760096,0.0008747582071591794,2.9518681306040027e-08,,,,,,,,,,,,
1.02,grasp,,,,,,,,,,,,,,,,,,,,,0.0779736116528511,0.0203852578997612,0.038971904665231705,-0.022860029712319374,0.0007412214763462543,1.0942544577119406e-06,0.042881689965724945,0.0868571614112551,0.022019093829863286,0.045639964670183844,-0.025444416645760096,0.0008747582071591794,2.9518681306040027e-08,,,,,,,,,,,,
1.04,grasp,,,,,,,,,,,,,,,,,,,,,0.09800413995981216,0.025146422907710075,0.04930834472179413,-0.028728969395160675,0.0009957097936421633,-8.152997565957776e-08,0.042881689965724945,0.11932546926329761,0.029652911012316627,0.062486473926705303,-0.03494570745787503,0.00120165129663764,4.06678118657859e-08,,,,,,,,,,,,
1.06,grasp,,,,,,,,,,,,,,,,,,,,,0.1083652526140213,0.027559885755181313,0.05478302389383316,-0.03175187110900879,0.0010351869277656078,1.4112982853475842e-06,0.042881689965724945,0.11932546926329761,0.029652911012316627,0.062486473926705303,-0.03494570745787503,0.00120165129663764,4.06678118657859e-08,,,,,,,,,,,,
1.08,grasp,,,,,,,,,,,,,,,,,,,,,0.13231748342514038,0.0331713892519474,0.06711552292108536,-0.038769274950027466,0.0013393629342317581,2.040302149453055e-09,0.042881689965724945,0.15780948780502563,0.038580875344808224,0.0824148449281394,-0.046206548726157516,0.0015890876095118623,5.3881740591146156e-08,,,,,,,,,,,,
1.1,grasp,,,,,,,,,,,,,,,,,,,,,0.1447061151266098,0.036016158759593964,0.07364413142204285,-0.04238373041152954,0.0013884244253858924,1.7529198430565884e-06,0.042881689965724945,0.15780948780502563,0.038580875344808224,0.0824148449281394,-0.046206548726157516,0.0015890876095118623,5.3881740591146156e-08,,,,,,,,,,,,
1.12,grasp,,,,,,,,,,,,,,,,,,,,,0.17263181507587433,0.04247887805104256,0.08799777925014496,-0.05056477710604668,0.00174288812559098,1.0552695073329232e-07,0.042881689965724945,0.20234951861073072,0.048793030340634196,0.105441327734171,-0.05923872392500891,0.002037468581074451,6.917406218113251e-08,,,,,,,,,,,,
1.1400000000000001,grasp,,,,,,,,,,,,,,,,,,,,,0.18707463145256042,0.0457555390894413,0.09559252113103867,-0.0547785721719265,0.0018020091811195016,2.1122248199390015e-06,0.042881689965724945,0.20234951861073072,0.048793030340634196,0.105441327734171,-0.05923872392500891,0.002037468581074451,6.917406218113251e-08,,,,,,,,,,,,
1.1600000000000001,grasp,,,,,,,,,,,,,,,,,,,,,0.21895655989646912,0.05306520313024521,0.11195813119411469,-0.06411827355623245,0.002206449629738927,2.2738339566785726e-07,0.042881689965724945,0.2528813086672138,0.060280315192954737,0.13153211021916214,-0.0740236549525722,0.00254614565978644,8.65225921080285e-08,,,,,,,,,,,,
1.1800000000000002,grasp,,,,,,,,,,,,,,,,,,,,,0.23544429242610931,0.056771885603666306,0.12061290442943573,-0.06892890483140945,0.0022759437561035156,2.4823359581205295e-06,0.042881689965724945,0.2528813086672138,0.060280315192954737,0.13153211021916214,-0.0740236549525722,0.00254614565978644,8.65225921080285e-08,,,,,,,,,,,,
1.2000000000000002,grasp,,,,,,,,,,,,,,,,,,,,,0.2712029814720154,0.06491027772426605,0.13894963264465332,-0.07940397411584854,0.002729223808273673,3.650574456059985e-07,0.042881689965724945,0.30924987123545117,0.07300785942847685,0.16060679015889345,-0.09051598551214408,0.0031135610647155805,1.0587429138195181e-07,,,,,,,,,,,,
1.2200000000000002,grasp,,,,,,,,,,,,,,,,,,,,,0.28969424962997437,0.06903804838657379,0.14864157140254974,-0.0847993865609169,0.0028092521242797375,2.8567849312821636e-06,0.042881689965724945,0.30924987123545117,0.07300785942847685,0.16060679015889345,-0.09051598551214408,0.0031135610647155805,1.0587429138195181e-07,,,,,,,,,,,,
1.2400000000000002,grasp,,,,,,,,,,,,,,,,,,,,,0.3291940987110138,0.07796885818243027,0.16887891292572021,-0.09637001156806946,0.0033095162361860275,5.148679633748543e-07,0.042881689965724945,0.3712186937868843,0.08691095191501318,0.1925408373844634,-0.10864632753782678,0.003737340538832056,1.2714843931324755e-07,,,,,,,,,,,,
1.26,grasp,,,,,,,,,,,,,,,,,,,,,0.3496187627315521,0.0824994295835495,0.1795695722103119,-0.10232964903116226,0.003400103421881795,3.2284569897456095e-06,0.042881689965724945,0.3712186937868843,0.08691095191501318,0.1925408373844634,-0.10864632753782678,0.003737340538832056,1.2714843931324755e-07,,,,,,,,,,,,
1.28,grasp,,,,,,,,,,,,,,,,,,,,,0.3926684856414795,0.09218472987413406,0.20161263644695282,-0.114939846098423,0.003944738768041134,6.75994556331716e-07,0.042881689965724945,0.43846728552220976,0.10193187957117845,0.22717472260502508,-0.128320952131631,0.004414262234735221,1.5023506289089137e-07,,,,,,,,,,,,
1.3,grasp,,,,,,,,,,,,,,,,,,,,,0.4149273633956909,0.09709922224283218,0.21325036883354187,-0.12143485993146896,0.004045783542096615,3.5910327369492734e-06,0.042881689965724945,0.43846728552220976,0.10193187957117845,0.22717472260502508,-0.128320952131631,0.004414262234735221,1.5023506289089137e-07,,,,,,,,,,,,
1.32,grasp,,,,,,,,,,,,,,,,,,,,,0.46129128336906433,0.10748211294412613,0.23697766661643982,-0.13501553237438202,0.004631626419723034,8.427380748798896e-07,0.042881689965724945,0.5106129776322177,0.1179742783716926,0.2643082608428331,-0.14942801024746183,0.00514046735957314,1.7500204157291174e-07,,,,,,,,,,,,
1.34,grasp,,,,,,,,,,,,,,,,,,,,,0.4852619469165802,0.11275170743465424,0.249497190117836,-0.1420103758573532,0.004742888733744621,3.937074325222056e-06,0.042881689965724945,0.5106129776322177,0.1179742783716926,0.2643082608428331,-0.14942801024746183,0.00514046735957314,1.7500204157291174e-07,,,,,,,,,,,,
1.36,grasp,,,,,,,,,,,,,,,,,,,,,0.5346588492393494,0.12377408146858215,0.27476710081100464,-0.15647919476032257,0.005366172641515732,1.0138477364307619e-06,0.042881689965724945,0.5872047437606532,0.1349500443245548,0.30371364889244834,-0.1718355568879376,0.005911410741434951,2.0129461115229268e-07,,,,,,,,,,,,
1.3800000000000001,grasp,,,,,,,,,,,,,,,,,,,,,0.5601961612701416,0.12936952710151672,0.28809240460395813,-0.16393142938613892,0.005487291608005762,4.260830792190973e-06,0.042881689965724945,0.5872047437606532,0.1349500443245548,0.30371364889244834,-0.1718355568879376,0.005911410741434951,2.0129461115229268e-07,,,,,,,,,,,,
1.4,grasp,,,,,,,,,,,,,,,,,,,,,0.6123090386390686,0.14095954596996307,0.3147430717945099,-0.17919538915157318,0.006143779959529638,1.1876252301590284e-06,0.042881689965724945,0.6677415616725021,0.1527433273479554,0.34513270044058914,-0.19539679107798513,0.006722038387750451,2.289414181548571e-07,,,,,,,,,,,,
1.42,grasp,,,,,,,,,,,,,,,,,,,,,0.6392487287521362,0.1468445360660553,0.32878801226615906,-0.18705710768699646,0.006274265702813864,4.558502496365691e-06,0.042881689965724945,0.6677415616725021,0.1527433273479554,0.34513270044058914,-0.19539679107798513,0.006722038387750451,2.289414181548571e-07,,,,,,,,,,,,
1.44,grasp,,,,,,,,,,,,,,,,,,,,,0.6937264800071716,0.15892761945724487,0.3566414415836334,-0.20301330089569092,0.0069593521766364574,1.3547639809985412e-06,0.042881689965724945,0.7516722654490956,0.17123993343669092,0.38828458664722837,-0.21995033798398464,0.007566813606540873,2.5775308899890603e-07,,,,,,,,,,,,
1.46,grasp,,,,,,,,,,,,,,,,,,,,,0.7218868732452393,0.16506417095661163,0.37131163477897644,-0.2112315148115158,0.0070985909551382065,4.825034920941107e-06,0.042881689965724945,0.7516722654490956,0.17123993343669092,0.38828458664722837,-0.21995033798398464,0.007566813606540873,2.5775308899890603e-07,,,,,,,,,,,,
1.48,grasp,,,,,,,,,,,,,,,,,,,,,0.7783516049385071,0.17755833268165588,0.4001750648021698,-0.22776897251605988,0.007807331159710884,1.5177880641203956e-06,0.042881689965724945,0.8384076235782857,0.19031252026808318,0.4328670775951756,-0.2453237119620677,0.008439821028908535,2.8752646719345187e-07,,,,,,,,,,,,
1.5,grasp,,,,,,,,,,,,,,,,,,,,,0.8075366020202637,0.18390491604804993,0.4153684973716736,-0.23628650605678558,0.007954630069434643,5.0495350478740875e-06,0.042881689965724945,0.8384076235782857,0.19031252026808318,0.4328670775951756,-0.2453237119620677,0.008439821028908535,2.8752646719345187e-07,,,,,,,,,,,,
1.52,grasp,,,,,,,,,,,,,,,,,,,,,0.8655865788459778,0.19672222435474396,0.445036917924881,-0.2532879412174225,0.008681770414113998,1.6676997347531142e-06,0.042881689965724945,0.9273268225052316,0.20982488069704652,0.4785611156287267,-0.27133555227562234,0.009334776635472775,3.180486755581423e-07,,,,,,,,,,,,
1.54,grasp,,,,,,,,,,,,,,,,,,,,,0.8955889940261841,0.20323415100574493,0.4606454074382782,-0.26204419136047363,0.008836307562887669,5.233051979303127e-06,0.042881689965724945,0.9273268225052316,0.20982488069704652,0.4785611156287267,-0.27133555227562234,0.009334776635472775,3.180486755581423e-07,,,,,,,,,,,,
1.56,grasp,,,,,,,,,,,,,,,,,,,,,0.9548050165176392,0.21628554165363312,0.49090513586997986,-0.2793867290019989,0.00957641750574112,1.805783767849789e-06,0.042881689965724945,1.0177828028155893,0.22964189154421485,0.5250358014460549,-0.29779686019228163,0.010245143886440464,3.4909832023176554e-07,,,,,,,,,,,,
1.58,grasp,,,,,,,,,,,,,,,,,,,,,0.9854078888893127,0.22291743755340576,0.5068162083625793,-0.2883186638355255,0.009737229906022549,5.371245151764015e-06,0.042881689965724945,1.0177828028155893,0.22964189154421485,0.5250358014460549,-0.29779686019228163,0.010245143886440464,3.4909832023176554e-07,,,,,,,,,,,,
1.6,grasp,,,,,,,,,,,,,,,,,,,,,1.045357346534729,0.23610998690128326,0.5374462604522705,-0.305875688791275,0.010484793223440647,1.9280198557680706e-06,0.042881689965724945,1.1091126383526497,0.24962135910545993,0.5719504430809852,-0.3245137386284807,0.011164319242751285,3.8044783345427644e-07,,,,,,,,,,,,
1.62,grasp,,,,,,,,,,,,,,,,,,,,,1.0763368606567383,0.24281451106071472,0.5535438656806946,-0.3149181604385376,0.010650858283042908,5.462746230477933e-06,0.042881689965724945,1.1091126383526497,0.24962135910545993,0.5719504430809852,-0.3245137386284807,0.011164319242751285,3.8044783345427644e-07,,,,,,,,,,,,
1.6400000000000001,grasp,,,,,,,,,,,,,,,,,,,,,1.1365785598754883,0.2560533583164215,0.5843186974525452,-0.3325606882572174,0.011400329880416393,2.030682708209497e-06,0.042881689965724945,1.200643792652587,0.2696189169413751,0.6189593633298538,-0.35128957788212467,0.012085564710094844,4.118662116229068e-07,,,,,,,,,,,,
1.6600000000000001,grasp,,,,,,,,,,,,,,,,,,,,,1.1677076816558838,0.2627822458744049,0.6004849672317505,-0.3416469991207123,0.011570503003895283,5.504487489815801e-06,0.042881689965724945,1.200643792652587,0.2696189169413751,0.6189593633298538,-0.35128957788212467,0.012085564710094844,4.118662116229068e-07,,,,,,,,,,,,
1.6800000000000002,grasp,,,,,,,,,,,,,,,,,,,,,1.2277990579605103,0.2759716212749481,0.6311781406402588,-0.35924556851387024,0.01231625210493803,2.1134221697138855e-06,0.042881689965724945,1.2917015279633959,0.2894895776956798,0.6657157258754027,-0.37792754336606227,0.01300200851617301,4.4312233088266635e-07,,,,,,,,,,,,
1.7000000000000002,grasp,,,,,,,,,,,,,,,,,,,,,1.2588471174240112,0.28267598152160645,0.6472945809364319,-0.36830922961235046,0.012489269487559795,5.502767180587398e-06,0.042881689965724945,1.2917015279633959,0.2894895776956798,0.6657157258754027,-0.37792754336606227,0.01300200851617301,4.4312233088266635e-07,,,,,,,,,,,,
1.7200000000000002,grasp,,,,,,,,,,,,,,,,,,,,,1.318345308303833,0.29572153091430664,0.677679717540741,-0.3857344090938568,0.013225850649178028,2.1777166239189683e-06,0.042881689965724945,1.3816157470678097,0.3090913432436041,0.7118761614383946,-0.40423205396776035,0.013906959355373238,4.739870064814186e-07,,,,,,,,,,,,
1.7400000000000002,grasp,,,,,,,,,,,,,,,,,,,,,1.3490853309631348,0.3023530840873718,0.6936277151107788,-0.39470866322517395,0.013400431722402573,5.452203367894981e-06,0.042881689965724945,1.3816157470678097,0.3090913432436041,0.7118761614383946,-0.40423205396776035,0.013906959355373238,4.739870064814186e-07,,,,,,,,,,,,
1.7600000000000002,grasp,,,,,,,,,,,,,,,,,,,,,1.4075546264648438,0.31516125798225403,0.7234827280044556,-0.41183313727378845,0.014122492633759975,2.2237611574382754e-06,0.042881689965724945,1.4697294044731057,0.3282835661889935,0.7571040943215618,-0.43001110280074617,0.014793894195992204,5.042355157560083e-07,,,,,,,,,,,,
1.7800000000000002,grasp,,,,,,,,,,,,,,,,,,,,,1.4377604722976685,0.3216724693775177,0.7391464710235596,-0.4206525385379791,0.014297313056886196,5.357953341444954e-06,0.042881689965724945,1.4697294044731057,0.3282835661889935,0.7571040943215618,-0.43001110280074617,0.014793894195992204,5.042355157560083e-07,,,,,,,,,,,,
1.8000000000000003,grasp,,,,,,,,,,,,,,,,,,,,,1.4947768449783325,0.3341517448425293,0.7682551145553589,-0.4373520016670227,0.014999723993241787,2.245677478640573e-06,0.042881689965724945,1.5554054717456782,0.34692968385415357,0.8010741241767455,-0.45507840820693135,0.01565632695450955,5.336484069365059e-07,,,,,,,,,,,,
1.8200000000000003,grasp,,,,,,,,,,,,,,,,,,,,,1.5242304801940918,0.3404962122440338,0.7835220694541931,-0.445952445268631,0.01517331600189209,5.220867933530826e-06,0.042881689965724945,1.5554054717456782,0.34692968385415357,0.8010741241767455,-0.45507840820693135,0.01565632695450955,5.336484069365059e-07,,,,,,,,,,,,
1.8399999999999999,grasp,,,,,,,,,,,,,,,,,,,,,1.5793859958648682,0.3525591492652893,0.811677098274231,-0.46210777759552,0.01585116609930992,2.246212943646242e-06,0.042881689965724945,1.6380346460269268,0.36489950848000613,0.843474990385085,-0.479255830431947,0.016488124465136523,5.620174628064383e-07,,,,,,,,,,,,
1.8599999999999999,grasp,,,,,,,,,,,,,,,,,,,,,1.6078760623931885,0.358691930770874,0.8264385461807251,-0.4704280197620392,0.016022104769945145,5.044879344495712e-06,0.042881689965724945,1.6380346460269268,0.36489950848000613,0.843474990385085,-0.479255830431947,0.016488124465136523,5.620174628064383e-07,,,,,,,,,,,,
1.88,grasp,,,,,,,,,,,,,,,,,,,,,1.660784125328064,0.37025541067123413,0.8534442782402039,-0.48592609167099,0.016670841723680496,2.2269314285949804e-06,0.042881689965724945,1.717042675185634,0.3820703922250172,0.8840137952812563,-0.5023757356016634,0.01728358721541143,5.891471870126795e-07,,,,,,,,,,,,
1.9,grasp,,,,,,,,,,,,,,,,,,,,,1.688111662864685,0.37613463401794434,0.8675985336303711,-0.4939078688621521,0.01683768257498741,4.834864739677869e-06,0.042881689965724945,1.717042675185634,0.3820703922250172,0.8840137952812563,-0.5023757356016634,0.01728358721541143,5.891471870126795e-07,,,,,,,,,,,,
1.92,grasp,,,,,,,,,,,,,,,,,,,,,1.738411784172058,0.38712143898010254,0.893272876739502,-0.5086437463760376,0.01745309866964817,2.1903972537984373e-06,0.042881689965724945,1.7918964265483717,0.39832851479992,0.9224226812931595,-0.5242832655645471,0.018037332489799926,6.148543467959055e-07,,,,,,,,,,,,
1.94,grasp,,,,,,,,,,,,,,,,,,,,,1.7643907070159912,0.3927074074745178,0.9067252278327942,-0.5162330269813538,0.01761442795395851,4.596513008436887e-06,0.042881689965724945,1.7918964265483717,0.39832851479992,0.9224226812931595,-0.5242832655645471,0.018037332489799926,6.148543467959055e-07,,,,,,,,,,,,
1.96,grasp,,,,,,,,,,,,,,,,,,,,,1.804526925086975,0.4071868360042572,0.9270462393760681,-0.5220996141433716,0.01785835064947605,2.482840045558987e-06,0.042881689965724945,1.8471958069260652,0.42216088135218216,0.9504457449525359,-0.5283147414076429,0.018086615087009327,6.821097195613385e-07,,,,,,,,,,,,
1.98,grasp,,,,,,,,,,,,,,,,,,,,,1.8252512216567993,0.4146272838115692,0.9376654028892517,-0.5251201391220093,0.017873387783765793,4.028333933092654e-06,0.042881689965724945,1.8471958069260652,0.42216088135218216,0.9504457449525359,-0.5283147414076429,0.018086615087009327,6.821097195613385e-07,,,,,,,,,,,,
2.0,grasp,,,,,,,,,,,,,,,,,,,,,1.835124135017395,0.44390395283699036,0.9419107437133789,-0.5000206828117371,0.01685071364045143,3.5140192267135717e-06,0.042881689965724945,1.8455859934587464,0.47476601415236064,0.9480511602833306,-0.4733292230314094,0.01585292344021964,8.922927620985022e-07,,,,,,,,,,,,
2.02,grasp,,,,,,,,,,,,,,,,,,,,,1.840203881263733,0.45915013551712036,0.9440222978591919,-0.48709022998809814,0.016340553760528564,2.83928238786757e-06,0.042881689965724945,1.8455859934587464,0.47476601415236064,0.9480511602833306,-0.4733292230314094,0.01585292344021964,8.922927620985022e-07,,,,,,,,,,,,
2.04,grasp,,,,,,,,,,,,,,,,,,,,,1.8418192863464355,0.4904575049877167,0.9439035654067993,-0.45566171407699585,0.01509777456521988,2.269505330332322e-06,0.042881689965724945,1.8435355408321008,0.523341760061043,0.9455626176436918,-0.42224298408501676,0.013802397037259977,1.0844948495903684e-06,,,,,,,,,,,,
2.06,grasp,,,,,,,,,,,,,,,,,,,,,1.8426501750946045,0.5067147016525269,0.9437735676765442,-0.439470499753952,0.014461573213338852,1.8846318425858044e-06,0.042881689965724945,1.8435355408321008,0.523341760061043,0.9455626176436918,-0.42224298408501676,0.013802397037259977,1.0844948495903684e-06,,,,,,,,,,,,
2.08,grasp,,,,,,,,,,,,,,,,,,,,,1.8421909809112549,0.5362957715988159,0.9426474571228027,-0.4087240695953369,0.01324171107262373,1.6605605424047098e-06,0.042881689965724945,1.8416856998924622,0.5672834258528926,0.9433168105009408,-0.3760299345239022,0.01195191481444835,1.2579466712911304e-06,,,,,,,,,,,,
2.1,grasp,,,,,,,,,,,,,,,,,,,,,1.8419526815414429,0.5516412258148193,0.9419931173324585,-0.39288437366485596,0.012614014558494091,1.5304151474992977e-06,0.042881689965724945,1.8416856998924622,0.5672834258528926,0.9433168105009408,-0.3760299345239022,0.01195191481444835,1.2579466712911304e-06,,,,,,,,,,,,
2.12,grasp,,,,,,,,,,,,,,,,,,,,,1.8410334587097168,0.5784356594085693,0.9407339096069336,-0.3647669553756714,0.011493765749037266,1.4992891692600097e-06,0.042881689965724945,1.8400386645793076,0.6064247980249717,0.9413173431648614,-0.33486609276233575,0.010304482404984263,1.4123667621878295e-06,,,,,,,,,,,,
2.14,grasp,,,,,,,,,,,,,,,,,,,,,1.8405605554580688,0.5923284888267517,0.9400066137313843,-0.3502817153930664,0.010916820727288723,1.4794655953664915e-06,0.042881689965724945,1.8400386645793076,0.6064247980249717,0.9413173431648614,-0.33486609276233575,0.010304482404984263,1.4123667621878295e-06,,,,,,,,,,,,
2.16,grasp,,,,,,,,,,,,,,,,,,,,,1.8396185636520386,0.6160123944282532,0.9388406872749329,-0.32535848021507263,0.009920901618897915,1.5235012824632577e-06,0.042881689965724945,1.838596777571881,0.6406706921022068,0.9395668256488884,-0.2988521145965458,0.00886223684170434,1.547553054019413e-06,,,,,,,,,,,,
2.18,grasp,,,,,,,,,,,,,,,,,,,,,1.8391329050064087,0.6282886266708374,0.9381610155105591,-0.3125190734863281,0.00940808467566967,1.5379997648778954e-06,0.042881689965724945,1.838596777571881,0.6406706921022068,0.9395668256488884,-0.2988521145965458,0.00886223684170434,1.547553054019413e-06,,,,,,,,,,,,
2.2,grasp,,,,,,,,,,,,,,,,,,,,,1.8382834196090698,0.648769199848175,0.9371450543403625,-0.29094985127449036,0.008544025011360645,1.6060314464994008e-06,0.042881689965724945,1.837359917219213,0.6700031429721607,0.9380653996466839,-0.2680072063248615,0.0076250318107371415,1.663520692764371e-06,,,,,,,,,,,,
2.22,grasp,,,,,,,,,,,,,,,,,,,,,1.837844967842102,0.659381628036499,0.936546266078949,-0.27983811497688293,0.00809924304485321,1.6280465615636786e-06,0.042881689965724945,1.837359917219213,0.6700031429721607,0.9380653996466839,-0.2680072063248615,0.0076250318107371415,1.663520692764371e-06,,,,,,,,,,,,
2.24,grasp,,,,,,,,,,,,,,,,,,,,,1.8371185064315796,0.6766659021377563,0.9356900453567505,-0.2616316080093384,0.007367944810539484,1.6975807284325128e-06,0.042881689965724945,1.8363250706499752,0.6944870529358793,0.9368093503615956,-0.24226239549844347,0.006589867264509127,1.7605509641691592e-06,,,,,,,,,,,,
2.2600000000000002,grasp,,,,,,,,,,,,,,,,,,,,,1.8367422819137573,0.6856197714805603,0.9351812601089478,-0.2522522807121277,0.006991572678089142,1.7183073168780538e-06,0.042881689965724945,1.8363250706499752,0.6944870529358793,0.9368093503615956,-0.24226239549844347,0.006589867264509127,1.7605509641691592e-06,,,,,,,,,,,,
2.2800000000000002,grasp,,,,,,,,,,,,,,,,,,,,,1.836143970489502,0.6997833251953125,0.9344817996025085,-0.2373318374156952,0.006390323396772146,1.7814530792747973e-06,0.042881689965724945,1.8354860086811287,0.7142767986790435,0.9357910183082438,-0.22145463835942764,0.005750508624414251,1.8392271783182212e-06,,,,,,,,,,,,
2.3000000000000003,grasp,,,,,,,,,,,,,,,,,,,,,1.8358319997787476,0.7071190476417542,0.9340634346008301,-0.22964535653591156,0.00608097156509757,1.79805351763207e-06,0.042881689965724945,1.8354860086811287,0.7142767986790435,0.9357910183082438,-0.22145463835942764,0.005750508624414251,1.8392271783182212e-06,,,,,,,,,,,,
2.3200000000000003,grasp,,,,,,,,,,,,,,,,,,,,,1.8353569507598877,0.7183043956756592,0.933512270450592,-0.21786311268806458,0.005604031030088663,1.8512897668188089e-06,0.042881689965724945,1.8348320680541144,0.7296225260860999,0.9349975873220445,-0.20532074659731442,0.0050964887919009725,1.9005308911044872e-06,,,,,,,,,,,,
2.3400000000000003,grasp,,,,,,,,,,,,,,,,,,,,,1.8351083993911743,0.7240954041481018,0.9331817626953125,-0.21179324388504028,0.005358714610338211,1.8643006569618592e-06,0.042881689965724945,1.8348320680541144,0.7296225260860999,0.9349975873220445,-0.20532074659731442,0.0050964887919009725,1.9005308911044872e-06,,,,,,,,,,,,
2.36,grasp,,,,,,,,,,,,,,,,,,,,,1.8347482681274414,0.7325090169906616,0.9327678084373474,-0.20293028652668,0.004998005460947752,1.9065337255597115e-06,0.042881689965724945,1.8343498672184257,0.7408757255505912,0.9344124429487919,-0.19349030252699145,0.004614149462285413,1.9457426685061526e-06,,,,,,,,,,,,
2.38,grasp,,,,,,,,,,,,,,,,,,,,,1.8345600366592407,0.7368646264076233,0.9325195550918579,-0.1983642727136612,0.0048125069588422775,1.9167166556144366e-06,0.042881689965724945,1.8343498672184257,0.7408757255505912,0.9344124429487919,-0.19349030252699145,0.004614149462285413,1.9457426685061526e-06,,,,,,,,,,,,
2.4,grasp,,,,,,,,,,,,,,,,,,,,,1.8343037366867065,0.7427852749824524,0.9322266578674316,-0.1921290159225464,0.0045559220016002655,1.947744522112771e-06,0.042881689965724945,1.8340186604579853,0.7484971384578591,0.9340104331379341,-0.18548154969947503,0.004282870614699954,1.9767945908460003e-06,,,,,,,,,,,,
2.42,grasp,,,,,,,,,,,,,,,,,,,,,1.8341691493988037,0.7458488345146179,0.9320522546768188,-0.18891674280166626,0.004423973616212606,1.9552210233086953e-06,0.042881689965724945,1.8340186604579853,0.7484971384578591,0.9340104331379341,-0.18548154969947503,0.004282870614699954,1.9767945908460003e-06,,,,,,,,,,,,
2.44,grasp,,,,,,,,,,,,,,,,,,,,,1.8340028524398804,0.7496273517608643,0.9318633079528809,-0.18493925034999847,0.004257731605321169,1.9761316707445076e-06,0.042881689965724945,1.8338165782406175,0.7530596378562318,0.9337653199994688,-0.1806910586439103,0.00408083010938151,1.9957322592101163e-06,,,,,,,,,,,,
2.46,grasp,,,,,,,,,,,,,,,,,,,,,1.833914875984192,0.7515813112258911,0.9317523837089539,-0.18288999795913696,0.00417222548276186,1.9819499357254244e-06,0.042881689965724945,1.8338165782406175,0.7530596378562318,0.9337653199994688,-0.1806910586439103,0.00408083010938151,1.9957322592101163e-06,,,,,,,,,,,,
2.48,grasp,,,,,,,,,,,,,,,,,,,,,1.8338226079940796,0.753645658493042,0.9316489100456238,-0.1807175576686859,0.0040802666917443275,1.993793603105587e-06,0.042881689965724945,1.8337181615521307,0.7552544692804617,0.9336459423335409,-0.17838783141208317,0.0039824323871082866,2.004955119847627e-06,,,,,,,,,,,,
2.5,grasp,,,,,,,,,,,,,,,,,,,,,1.8337746858596802,0.7547121047973633,0.9315900802612305,-0.1795981526374817,0.0040329317562282085,1.99771943698579e-06,0.042881689965724945,1.8337181615521307,0.7552544692804617,0.9336459423335409,-0.17838783141208317,0.0039824323871082866,2.004955119847627e-06,,,,,,,,,,,,
2.52,grasp,,,,,,,,,,,,,,,,,,,,,1.8337359428405762,0.755571722984314,0.9315478205680847,-0.17869287729263306,0.003994358703494072,2.0036027308378834e-06,0.042881689965724945,1.8336891507900228,0.7559002168577511,0.9336106807534768,-0.17771031083482444,0.00395339262091899,2.007677054699511e-06,,,,,,,,,,,,
2.54,grasp,,,,,,,,,,,,,,,,,,,,,1.8337161540985107,0.7560199499130249,0.931525707244873,-0.17822620272636414,0.003974477760493755,2.006404429266695e-06,0.042881689965724945,1.8336891507900228,0.7559002168577511,0.9336106807534768,-0.17771031083482444,0.00395339262091899,2.007677054699511e-06,,,,,,,,,,,,
2.542992611823515,grasp,,,,,,,,,,,,,,,,,,,,,1.8337041139602661,0.7562729120254517,0.9315150380134583,-0.1779673546552658,0.003963414113968611,2.0087254597456194e-06,0.042881689965724945,1.8336875438690186,0.7559361457824707,0.9336087107658386,-0.1776726245880127,0.00395177723839879,2.007828470595996e-06,,,,,,,,,,,,
2.542992611823515,grasp,,,,,,,,,,,,,,,,,,,,,,,,,,,0.04299999587237835,,,,,,,0.0,,,,,,,,,,,
2.562992611823515,grasp,,,,,,,,,,,,,,,,,,,,,,,,,,,0.04299606382846832,,,,,,,0.0,,,,,,,,,,,
2.582992611823515,grasp,,,,,,,,,,,,,,,,,,,,,,,,,,,0.042960675433278084,,,,,,,0.0,,,,,,,,,,,
2.602992611823515,grasp,,,,,,,,,,,,,,,,,,,,,,,,,,,0.04285657964646816,,,,,,,0.0,,,,,,,,,,,
2.622992611823515,grasp,,,,,,,,,,,,,,,,,,,,,,,,,,,0.04264555312693119,,,,,,,0.0,,,,,,,,,,,
2.642992611823515,grasp,,,,,,,,,,,,,,,,,,,,,,,,,,,0.04229367524385452,,,,,,,0.0,,,,,,,,,,,
2.662992611823515,grasp,,,,,,,,,,,,,,,,,,,,,,,,,,,0.04177354276180267,,,,,,,0.0,,,,,,,,,,,
2.682992611823515,grasp,,,,,,,,,,,,,,,,,,,,,,,,,,,0.04106505960226059,,,,,,,0.0,,,,,,,,,,,
2.702992611823515,grasp,,,,,,,,,,,,,,,,,,,,,,,,,,,0.04015556909143925,,,,,,,0.0,,,,,,,,,,,
2.722992611823515,grasp,,,,,,,,,,,,,,,,,,,,,,,,,,,0.039039550349116325,,,,,,,0.0,,,,,,,,,,,
2.742992611823515,grasp,,,,,,,,,,,,,,,,,,,,,,,,,,,0.037718186154961586,,,,,,,0.0,,,,,,,,,,,
2.762992611823515,grasp,,,,,,,,,,,,,,,,,,,,,,,,,,,0.03619865141808987,,,,,,,0.0,,,,,,,,,,,
2.7829926118235147,grasp,,,,,,,,,,,,,,,,,,,,,,,,,,,0.03449355252087116,,,,,,,0.0,,,,,,,,,,,
2.802992611823515,grasp,,,,,,,,,,,,,,,,,,,,,,,,,,,0.03262036480009556,,,,,,,0.0,,,,,,,,,,,
2.8229926118235147,grasp,,,,,,,,,,,,,,,,,,,,,,,,,,,0.03180132433772087,,,,,,,0.0,,,,,,,,,,,
2.8429926118235147,grasp,,,,,,,,,,,,,,,,,,,,,,,,,,,0.0317644402384758,,,,,,,0.0,,,,,,,,,,,
2.8629926118235147,grasp,,,,,,,,,,,,,,,,,,,,,,,,,,,0.03173261135816574,,,,,,,0.0,,,,,,,,,,,
2.8829926118235147,grasp,,,,,,,,,,,,,,,,,,,,,,,,,,,0.03170025069266558,,,,,,,0.0,,,,,,,,,,,
2.9029926118235148,grasp,,,,,,,,,,,,,,,,,,,,,,,,,,,0.0316677987575531,,,,,,,0.0,,,,,,,,,,,
2.9229926118235148,grasp,,,,,,,,,,,,,,,,,,,,,,,,,,,0.031635792925953865,,,,,,,0.0,,,,,,,,,,,
2.942992611823515,grasp,,,,,,,,,,,,,,,,,,,,,,,,,,,0.031604389660060406,,,,,,,0.0,,,,,,,,,,,
2.962992611823515,grasp,,,,,,,,,,,,,,,,,,,,,,,,,,,0.031574356369674206,,,,,,,0.0,,,,,,,,,,,
2.982992611823515,grasp,,,,,,,,,,,,,,,,,,,,,,,,,,,0.031546964310109615,,,,,,,0.0,,,,,,,,,,,
3.002992611823515,grasp,,,,,,,,,,,,,,,,,,,,,,,,,,,0.031521305441856384,,,,,,,0.0,,,,,,,,,,,
3.022992611823515,grasp,,,,,,,,,,,,,,,,,,,,,,,,,,,0.03149800654500723,,,,,,,0.0,,,,,,,,,,,
3.042992611823515,grasp,,,,,,,,,,,,,,,,,,,,,,,,,,,0.031477270647883415,,,,,,,0.0,,,,,,,,,,,
3.062992611823515,grasp,,,,,,,,,,,,,,,,,,,,,,,,,,,0.03145921882241964,,,,,,,0.0,,,,,,,,,,,
3.082992611823515,grasp,,,,,,,,,,,,,,,,,,,,,,,,,,,0.03144412860274315,,,,,,,0.0,,,,,,,,,,,
3.102992611823515,grasp,,,,,,,,,,,,,,,,,,,,,,,,,,,0.031431873328983784,,,,,,,0.0,,,,,,,,,,,
3.122992611823515,grasp,,,,,,,,,,,,,,,,,,,,,,,,,,,0.031422486528754234,,,,,,,0.0,,,,,,,,,,,
3.142992611823515,grasp,,,,,,,,,,,,,,,,,,,,,,,,,,,0.03141566086560488,,,,,,,0.0,,,,,,,,,,,
3.162992611823515,grasp,,,,,,,,,,,,,,,,,,,,,,,,,,,0.031411293894052505,,,,,,,0.0,,,,,,,,,,,
3.182992611823515,grasp,,,,,,,,,,,,,,,,,,,,,,,,,,,0.03140887338668108,,,,,,,0.0,,,,,,,,,,,
3.202992611823515,grasp,,,,,,,,,,,,,,,,,,,,,,,,,,,0.031407917849719524,,,,,,,0.0,,,,,,,,,,,
3.222992611823515,grasp,,,,,,,,,,,,,,,,,,,,,,,,,,,0.03140783216804266,,,,,,,0.0,,,,,,,,,,,
3.222992611823515,grasp,,,,,,,,,,,,,,,,,,,,,1.8331364393234253,0.7565545439720154,0.9320741891860962,-0.17770731449127197,0.005572465248405933,0.00636706966906786,0.03140783216804266,1.8336875438690186,0.7559362053871155,0.9336087107658386,-0.1776726394891739,0.00395177723839879,2.007828470595996e-06,,,,,,,,,,,,
3.242992611823515,grasp,,,,,,,,,,,,,,,,,,,,,1.8331542015075684,0.7565392255783081,0.9320573806762695,-0.17770594358444214,0.0055159046314656734,0.0060998364351689816,0.03140783216804266,1.8336875438690186,0.7559362053871155,0.9336087107658386,-0.1776726394891739,0.00395177723839879,2.007828470595996e-06,,,,,,,,,,,,
3.262992611823515,grasp,,,,,,,,,,,,,,,,,,,,,1.8331624269485474,0.7565969228744507,0.9321458339691162,-0.17779527604579926,0.005488335154950619,0.005962156690657139,0.03140783216804266,1.8336875438690186,0.756060877745463,0.9339129761551863,-0.17785790104887403,0.003951777310362144,2.008524934821499e-06,,,,,,,,,,,,
3.282992611823515,grasp,,,,,,,,,,,,,,,,,,,,,1.8331674337387085,0.7566272020339966,0.9321886897087097,-0.1778411865234375,0.0054734814912080765,0.005891220178455114,0.03140783216804266,1.8336875438690186,0.756060877745463,0.9339129761551863,-0.17785790104887403,0.003951777310362144,2.008524934821499e-06,,,,,,,,,,,,
3.302992611823515,grasp,,,,,,,,,,,,,,,,,,,,,1.8331730365753174,0.7570635676383972,0.9328779578208923,-0.17845211923122406,0.00545186223462224,0.0058551933616399765,0.03140783216804266,1.8336875334342133,0.7568736493201959,0.9358957137819278,-0.1790649307003972,0.003951779386370643,2.0130605489584164e-06,,,,,,,,,,,,
3.322992611823515,grasp,,,,,,,,,,,,,,,,,,,,,1.8331825733184814,0.7572887539863586,0.9332262277603149,-0.17876699566841125,0.005426655523478985,0.00583692779764533,0.03140783216804266,1.8336875334342133,0.7568736493201959,0.9358957137819278,-0.1790649307003972,0.003951779386370643,2.0130605489584164e-06,,,,,,,,,,,,
3.342992611823515,grasp,,,,,,,,,,,,,,,,,,,,,1.8333477973937988,0.7584140300750732,0.9354482293128967,-0.18039031326770782,0.004984385799616575,0.0058412738144397736,0.03140783216804266,1.8336873858451574,0.7588973910522299,0.9408489248395095,-0.18207611800083645,0.003951783270389471,2.0243324406351576e-06,,,,,,,,,,,,
3.362992611823515,grasp,,,,,,,,,,,,,,,,,,,,,1.8335785865783691,0.7589820027351379,0.9366698265075684,-0.18122804164886475,0.004390254151076078,0.005853381473571062,0.03140783216804266,1.8336873858451574,0.7588973910522299,0.9408489248395095,-0.18207611800083645,0.003951783270389471,2.0243324406351576e-06,,,,,,,,,,,,
3.382992611823515,grasp,,,,,,,,,,,,,,,,,,,,,1.8336424827575684,0.7610010504722595,0.941607654094696,-0.1842549741268158,0.004204800818115473,0.005856625270098448,0.03140783216804266,1.8336871418329201,0.7624766644822073,0.9496854970173365,-0.18742788268253202,0.003951790724122761,2.044162408293359e-06,,,,,,,,,,,,
3.402992611823515,grasp,,,,,,,,,,,,,,,,,,,,,1.833673119544983,0.7620216012001038,0.9442557692527771,-0.18581388890743256,0.004112549126148224,0.005858652293682098,0.03140783216804266,1.8336871418329201,0.7624766644822073,0.9496854970173365,-0.18742788268253202,0.003951790724122761,2.044162408293359e-06,,,,,,,,,,,,
3.422992611823515,grasp,,,,,,,,,,,,,,,,,,,,,1.8336892127990723,0.7651561498641968,0.9519714713096619,-0.19050312042236328,0.004064999055117369,0.005859421566128731,0.03140783216804266,1.8336868041560725,0.767810702291627,0.9629641309388358,-0.1954413934102185,0.003951801560340271,2.0735599449688557e-06,,,,,,,,,,,,
3.4429926118235152,grasp,,,,,,,,,,,,,,,,,,,,,1.833696722984314,0.7667406797409058,0.956061601638794,-0.19291795790195465,0.004042698536068201,0.0058596134185791016,0.03140783216804266,1.8336868041560725,0.767810702291627,0.9629641309388358,-0.1954413934102185,0.003951801560340271,2.0735599449688557e-06,,,,,,,,,,,,
3.4629926118235153,grasp,,,,,,,,,,,,,,,,,,,,,1.8337006568908691,0.7710723280906677,0.9667373299598694,-0.1994057446718216,0.004030956886708736,0.005859781987965107,0.03140783216804266,1.8336864010614002,0.7749894516097189,0.9809127228607726,-0.20625449809762642,0.0039518157451045866,2.113016353384406e-06,,,,,,,,,,,,
3.482992611823515,grasp,,,,,,,,,,,,,,,,,,,,,1.8337020874023438,0.7732628583908081,0.972396969795227,-0.20274661481380463,0.004026069305837154,0.0058598024770617485,0.03140783216804266,1.8336864010614002,0.7749894516097189,0.9809127228607726,-0.20625449809762642,0.0039518157451045866,2.113016353384406e-06,,,,,,,,,,,,
3.5029926118235153,grasp,,,,,,,,,,,,,,,,,,,,,1.833703875541687,0.7788003087043762,0.9860823750495911,-0.2110539823770523,0.0040223486721515656,0.005859879311174154,0.03140783216804266,1.8336859393229834,0.7839914558043798,1.0034777536969024,-0.21983608986501885,0.003951833233631372,2.1624162776909272e-06,,,,,,,,,,,,
3.522992611823515,grasp,,,,,,,,,,,,,,,,,,,,,1.8337033987045288,0.7816026210784912,0.9933295845985413,-0.21533191204071045,0.004021792206913233,0.005859818775206804,0.03140783216804266,1.8336859393229834,0.7839914558043798,1.0034777536969024,-0.21983608986501885,0.003951833233631372,2.1624162776909272e-06,,,,,,,,,,,,
3.542992611823515,grasp,,,,,,,,,,,,,,,,,,,,,1.8337041139602661,0.7882915735244751,1.0098899602890015,-0.22537755966186523,0.004020034335553646,0.0058598569594323635,0.03140783216804266,1.8336853585868782,0.7946967925322103,1.0303636781930539,-0.23600677261526584,0.003951853426537515,2.221098637958782e-06,,,,,,,,,,,,
3.562992611823515,grasp,,,,,,,,,,,,,,,,,,,,,1.8337030410766602,0.7916772365570068,1.0186524391174316,-0.23055081069469452,0.004020698368549347,0.005859772674739361,0.03140783216804266,1.8336853585868782,0.7946967925322103,1.0303636781930539,-0.23600677261526584,0.003951853426537515,2.221098637958782e-06,,,,,,,,,,,,
3.582992611823515,grasp,,,,,,,,,,,,,,,,,,,,,1.833703637123108,0.7994053959846497,1.0378108024597168,-0.24216625094413757,0.004019366577267647,0.005859821569174528,0.03140783216804266,1.8336849251184477,0.8069059696825418,1.0610677102943877,-0.2544632484633096,0.003951876273713954,2.2879758182285e-06,,,,,,,,,,,,
3.602992611823515,grasp,,,,,,,,,,,,,,,,,,,,,1.8337019681930542,0.8033183813095093,1.0479422807693481,-0.2481478601694107,0.004020498599857092,0.005859664175659418,0.03140783216804266,1.8336849251184477,0.8069059696825418,1.0610677102943877,-0.2544632484633096,0.003951876273713954,2.2879758182285e-06,,,,,,,,,,,,
3.622992611823515,grasp,,,,,,,,,,,,,,,,,,,,,1.8337026834487915,0.8119257688522339,1.0693027973175049,-0.2610916197299957,0.0040191058069467545,0.005859756842255592,0.03140783216804266,1.8336845216160693,0.8203514828956849,1.094919062791053,-0.2748001744641867,0.003951900621725557,2.3615844037788263e-06,,,,,,,,,,,,
3.642992611823515,grasp,,,,,,,,,,,,,,,,,,,,,1.8337016105651855,0.8162845373153687,1.0805916786193848,-0.2677574157714844,0.004020399414002895,0.0058596315793693066,0.03140783216804266,1.8336845216160693,0.8203514828956849,1.094919062791053,-0.2748001744641867,0.003951900621725557,2.3615844037788263e-06,,,,,,,,,,,,
3.662992611823515,grasp,,,,,,,,,,,,,,,,,,,,,1.8337019681930542,0.8255752921104431,1.1036618947982788,-0.2817324697971344,0.004019028972834349,0.0058597382158041,0.03140783216804266,1.8336842310448458,0.8347177594520291,1.131112054564121,-0.296536680656246,0.003951926547909964,2.440209514587237e-06,,,,,,,,,,,,
3.682992611823515,grasp,,,,,,,,,,,,,,,,,,,,,1.8337011337280273,0.8302809596061707,1.1158469915390015,-0.2889293432235718,0.004020414315164089,0.005859650671482086,0.03140783216804266,1.8336842310448458,0.8347177594520291,1.131112054564121,-0.296536680656246,0.003951926547909964,2.440209514587237e-06,,,,,,,,,,,,
3.702992611823515,grasp,,,,,,,,,,,,,,,,,,,,,1.8337018489837646,0.8400306105613708,1.1400631666183472,-0.303596168756485,0.0040190559811890125,0.005859721917659044,0.03140783216804266,1.8336840712640117,0.8496511087334717,1.1687477240031308,-0.31913534066540317,0.003951952993382138,2.5219245411088653e-06,,,,,,,,,,,,
3.722992611823515,grasp,,,,,,,,,,,,,,,,,,,,,1.8337006568908691,0.8449693322181702,1.1528472900390625,-0.31114938855171204,0.004020510241389275,0.005859582219272852,0.03140783216804266,1.8336840712640117,0.8496511087334717,1.1687477240031308,-0.31913534066540317,0.003951952993382138,2.5219245411088653e-06,,,,,,,,,,,,
3.742992611823515,grasp,,,,,,,,,,,,,,,,,,,,,1.8337018489837646,0.8549354076385498,1.1776000261306763,-0.3261410892009735,0.004019023850560188,0.005859668832272291,0.03140783216804266,1.8336841749436477,0.8647759680804348,1.2068704313363374,-0.3420253146407815,0.003951979722124951,2.604682869659316e-06,,,,,,,,,,,,
3.762992611823515,grasp,,,,,,,,,,,,,,,,,,,,,1.8337006568908691,0.8599840998649597,1.1906609535217285,-0.33386167883872986,0.0040205251425504684,0.005859539844095707,0.03140783216804266,1.8336841749436477,0.8647759680804348,1.2068704313363374,-0.3420253146407815,0.003951979722124951,2.604682869659316e-06,,,,,,,,,,,,
3.782992611823515,grasp,,,,,,,,,,,,,,,,,,,,,1.8337022066116333,0.8699156045913696,1.2153208255767822,-0.3487984836101532,0.004019078332930803,0.005859631113708019,0.03140783216804266,1.8336844694669063,0.8797099584520486,1.2445054999352254,-0.36462455160590784,0.003952004551276418,2.6864037831643973e-06,,,,,,,,,,,,
3.802992611823515,grasp,,,,,,,,,,,,,,,,,,,,,1.8337010145187378,0.8749469518661499,1.2283260822296143,-0.35649093985557556,0.004020627122372389,0.005859483033418655,0.03140783216804266,1.8336844694669063,0.8797099584520486,1.2445054999352254,-0.36462455160590784,0.003952004551276418,2.6864037831643973e-06,,,,,,,,,,,,
3.822992611823515,grasp,,,,,,,,,,,,,,,,,,,,,1.833702802658081,0.884594202041626,1.2522659301757812,-0.37099528312683105,0.0040193237364292145,0.005859591998159885,0.03140783216804266,1.8336849178389503,0.8940773477635355,1.280697613130027,-0.38636178516057706,0.003952028410917717,2.7650398944847683e-06,,,,,,,,,,,,
3.842992611823515,grasp,,,,,,,,,,,,,,,,,,,,,1.8337013721466064,0.8894819617271423,1.2648848295211792,-0.3784651458263397,0.004020727705210447,0.005859488621354103,0.03140783216804266,1.8336849178389503,0.8940773477635355,1.280697613130027,-0.38636178516057706,0.003952028410917717,2.7650398944847683e-06,,,,,,,,,,,,
3.862992611823515,grasp,,,,,,,,,,,,,,,,,,,,,1.8337031602859497,0.8986055254936218,1.2875066995620728,-0.39217609167099,0.004019689280539751,0.005859569646418095,0.03140783216804266,1.8336854032432899,0.9075244823390431,1.3145478819755778,-0.40669944282910275,0.003952050707098932,2.838659951412334e-06,,,,,,,,,,,,
3.882992611823515,grasp,,,,,,,,,,,,,,,,,,,,,1.8337020874023438,0.9032280445098877,1.2994251251220703,-0.39923733472824097,0.004020927473902702,0.005859482567757368,0.03140783216804266,1.8336854032432899,0.9075244823390431,1.3145478819755778,-0.40669944282910275,0.003952050707098932,2.838659951412334e-06,,,,,,,,,,,,
3.902992611823515,grasp,,,,,,,,,,,,,,,,,,,,,1.833703875541687,0.9116109013557434,1.3201825618743896,-0.41182586550712585,0.004019948188215494,0.005859570577740669,0.03140783216804266,1.8336861140280736,0.9197355095276222,1.345250828180506,-0.425156501169572,0.00395206938332733,2.905550180735007e-06,,,,,,,,,,,,
3.922992611823515,grasp,,,,,,,,,,,,,,,,,,,,,1.833702802658081,0.915859043598175,1.3311123847961426,-0.4183090329170227,0.004021045286208391,0.005859482567757368,0.03140783216804266,1.8336861140280736,0.9197355095276222,1.345250828180506,-0.425156501169572,0.00395206938332733,2.905550180735007e-06,,,,,,,,,,,,
3.942992611823515,grasp,,,,,,,,,,,,,,,,,,,,,1.8337042331695557,0.9233121275901794,1.3495385646820068,-0.42949140071868896,0.004020215477794409,0.0058595603331923485,0.03140783216804266,1.8336868059903086,0.9304428924080604,1.3721355593163977,-0.4413278131887783,0.003952085818896656,2.9642395780773004e-06,,,,,,,,,,,,
3.9629926118235153,grasp,,,,,,,,,,,,,,,,,,,,,1.8337033987045288,0.9270893931388855,1.359235167503357,-0.435250461101532,0.004021127242594957,0.005859543569386005,0.03140783216804266,1.8336868059903086,0.9304428924080604,1.3721355593163977,-0.4413278131887783,0.003952085818896656,2.9642395780773004e-06,,,,,,,,,,,,
3.982992611823515,grasp,,,,,,,,,,,,,,,,,,,,,1.8337047100067139,0.9334650635719299,1.3749650716781616,-0.4448041617870331,0.004020594991743565,0.005859633442014456,0.03140783216804266,1.8336873547508028,0.9394469282829083,1.3946993599932314,-0.4549101018090611,0.003952099700164297,3.0136411867233385e-06,,,,,,,,,,,,
4.002992611823515,grasp,,,,,,,,,,,,,,,,,,,,,1.8337042331695557,0.9366973638534546,1.3832368850708008,-0.4497245252132416,0.004021369852125645,0.0058596208691596985,0.03140783216804266,1.8336873547508028,0.9394469282829083,1.3946993599932314,-0.4549101018090611,0.003952099700164297,3.0136411867233385e-06,,,,,,,,,,,,
4.022992611823515,grasp,,,,,,,,,,,,,,,,,,,,,1.8337050676345825,0.9418971538543701,1.3960316181182861,-0.45750364661216736,0.004020890220999718,0.005859701428562403,0.03140783216804266,1.833687757853058,0.9466274119604384,1.4126467952566695,-0.46572397473806787,0.003952110051238775,3.0530955448699363e-06,,,,,,,,,,,,
4.042992611823515,grasp,,,,,,,,,,,,,,,,,,,,,1.8337050676345825,0.944534957408905,1.402753472328186,-0.4615101218223572,0.004021448083221912,0.00585969490930438,0.03140783216804266,1.833687757853058,0.9466274119604384,1.4126467952566695,-0.46572397473806787,0.003952110051238775,3.0530955448699363e-06,,,,,,,,,,,,
4.062992611823515,grasp,,,,,,,,,,,,,,,,,,,,,1.8337061405181885,0.9485222101211548,1.4125241041183472,-0.4674607217311859,0.004021196160465479,0.0058597601018846035,0.03140783216804266,1.833688245133142,0.9519628445997981,1.4259244495229086,-0.4737381799126261,0.003952117765058197,3.082487787823275e-06,,,,,,,,,,,,
4.082992611823515,grasp,,,,,,,,,,,,,,,,,,,,,1.833706259727478,0.9505466222763062,1.4176509380340576,-0.4705255627632141,0.00402161804959178,0.005859748926013708,0.03140783216804266,1.833688245133142,0.9519628445997981,1.4259244495229086,-0.4737381799126261,0.003952117765058197,3.082487787823275e-06,,,,,,,,,,,,
4.102992611823515,grasp,,,,,,,,,,,,,,,,,,,,,1.8337068557739258,0.9533547163009644,1.424484372138977,-0.4747001826763153,0.004021425731480122,0.005859812255948782,0.03140783216804266,1.8336883783340454,0.9555430629428893,1.4347602557059953,-0.47909057719033254,0.0039521222286160625,3.1023123778585177e-06,,,,,,,,,,,,
4.122992611823515,grasp,,,,,,,,,,,,,,,,,,,,,1.8337072134017944,0.9547828435897827,1.4280627965927124,-0.47685036063194275,0.004021666012704372,0.005859811790287495,0.03140783216804266,1.8336883783340454,0.9555430629428893,1.4347602557059953,-0.47909057719033254,0.0039521222286160625,3.1023123778585177e-06,,,,,,,,,,,,
4.142992611823515,grasp,,,,,,,,,,,,,,,,,,,,,1.833707571029663,0.9565185308456421,1.4322503805160522,-0.47941872477531433,0.0040216585621237755,0.005859850440174341,0.03140783216804266,1.8336885958948268,0.9575673314785013,1.4397130156439601,-0.4821021523805733,0.003952124883690978,3.1135810007782063e-06,,,,,,,,,,,,
4.162992611823515,grasp,,,,,,,,,,,,,,,,,,,,,1.8337074518203735,0.9574031829833984,1.4344369173049927,-0.48074156045913696,0.004021807108074427,0.005859843920916319,0.03140783216804266,1.8336885958948268,0.9575673314785013,1.4397130156439601,-0.4821021523805733,0.003952124883690978,3.1135810007782063e-06,,,,,,,,,,,,
4.182992611823515,grasp,,,,,,,,,,,,,,,,,,,,,1.833707571029663,0.9582628011703491,1.4364947080612183,-0.48200854659080505,0.0040218099020421505,0.005859859753400087,0.03140783216804266,1.8336886167526245,0.9583802450342549,1.4416955748517817,-0.48330937948160113,0.003952125982811188,3.1181149956997125e-06,,,,,,,,,,,,
4.202992611823515,grasp,,,,,,,,,,,,,,,,,,,,,1.8337078094482422,0.9587085247039795,1.437563419342041,-0.48266127705574036,0.004021873697638512,0.005859861616045237,0.03140783216804266,1.8336886167526245,0.9583802450342549,1.4416955748517817,-0.48330937948160113,0.003952125982811188,3.1181149956997125e-06,,,,,,,,,,,,
4.222992611823515,grasp,,,,,,,,,,,,,,,,,,,,,1.8337080478668213,0.9590049386024475,1.4382492303848267,-0.48308753967285156,0.00402197428047657,0.005859861616045237,0.03140783216804266,1.833688735961914,0.9585049152374268,1.4419996738433838,-0.4834946095943451,0.003952126018702984,3.1188110369839706e-06,,,,,,,,,,,,
4.222992611823515,grasp,,,,,,,,,,,,,,,,,,,,,1.8337092399597168,0.9594041705131531,1.438686728477478,-0.4835447669029236,0.004032874945551157,0.006414271425455809,0.03140783216804266,1.833688735961914,0.9585049152374268,1.4419996738433838,-0.4834946095943451,0.003952126018702984,3.1188110369839706e-06,,,,,,,,,,,,
4.242992611823515,grasp,,,,,,,,,,,,,,,,,,,,,1.833708643913269,0.9593661427497864,1.4388264417648315,-0.48354262113571167,0.004028250928968191,0.0061454446986317635,0.03140783216804266,1.833688735961914,0.9585049152374268,1.4419996738433838,-0.4834946095943451,0.003952126018702984,3.1188110369839706e-06,,,,,,,,,,,,
4.262992611823515,grasp,,,,,,,,,,,,,,,,,,,,,1.8337081670761108,0.9592868089675903,1.4387496709823608,-0.4834517240524292,0.004025544039905071,0.006006970535963774,0.03140783216804266,1.8336886167526245,0.9583802450342549,1.4416955748517817,-0.48330937948160113,0.003952125982811188,3.1181149956997125e-06,,,,,,,,,,,,
4.282992611823515,grasp,,,,,,,,,,,,,,,,,,,,,1.8337081670761108,0.9592474699020386,1.4387048482894897,-0.4834050238132477,0.0040239980444312096,0.005935669876635075,0.03140783216804266,1.8336886167526245,0.9583802450342549,1.4416955748517817,-0.48330937948160113,0.003952125982811188,3.1181149956997125e-06,,,,,,,,,,,,
4.302992611823515,grasp,,,,,,,,,,,,,,,,,,,,,1.8337081670761108,0.9588311314582825,1.437731146812439,-0.4827956259250641,0.004023189190775156,0.00589890219271183,0.03140783216804266,1.8336885958948268,0.9575673314785013,1.4397130156439601,-0.4821021523805733,0.003952124883690978,3.1135810007782063e-06,,,,,,,,,,,,
4.322992611823515,grasp,,,,,,,,,,,,,,,,,,,,,1.8337081670761108,0.9586217999458313,1.4372107982635498,-0.48248177766799927,0.004022680222988129,0.0058799805119633675,0.03140783216804266,1.8336885958948268,0.9575673314785013,1.4397130156439601,-0.4821021523805733,0.003952124883690978,3.1135810007782063e-06,,,,,,,,,,,,
4.342992611823515,grasp,,,,,,,,,,,,,,,,,,,,,1.8337079286575317,0.9575258493423462,1.4345719814300537,-0.4808599352836609,0.0040225014090538025,0.0058702826499938965,0.03140783216804266,1.8336883783340454,0.9555430629428893,1.4347602557059953,-0.47909057719033254,0.0039521222286160625,3.1023123778585177e-06,,,,,,,,,,,,
4.362992611823515,grasp,,,,,,,,,,,,,,,,,,,,,1.8337082862854004,0.956972599029541,1.4331684112548828,-0.48002469539642334,0.004022159148007631,0.005865226965397596,0.03140783216804266,1.8336883783340454,0.9555430629428893,1.4347602557059953,-0.47909057719033254,0.0039521222286160625,3.1023123778585177e-06,,,,,,,,,,,,
4.382992611823515,grasp,,,,,,,,,,,,,,,,,,,,,1.8337079286575317,0.9549371004104614,1.428218960762024,-0.47699910402297974,0.004022376146167517,0.005862620193511248,0.03140783216804266,1.833688245133142,0.9519628445997981,1.4259244495229086,-0.4737381799126261,0.003952117765058197,3.082487787823275e-06,,,,,,,,,,,,
4.402992611823515,grasp,,,,,,,,,,,,,,,,,,,,,1.8337079286575317,0.9539099931716919,1.4255938529968262,-0.47544094920158386,0.004022104199975729,0.005861278623342514,0.03140783216804266,1.833688245133142,0.9519628445997981,1.4259244495229086,-0.4737381799126261,0.003952117765058197,3.082487787823275e-06,,,,,,,,,,,,
4.422992611823515,grasp,,,,,,,,,,,,,,,,,,,,,1.8337068557739258,0.9507665634155273,1.4178950786590576,-0.47075212001800537,0.004022433888167143,0.0058605666272342205,0.03140783216804266,1.833687757853058,0.9466274119604384,1.4126467952566695,-0.46572397473806787,0.003952110051238775,3.0530955448699363e-06,,,,,,,,,,,,
4.442992611823515,grasp,,,,,,,,,,,,,,,,,,,,,1.8337072134017944,0.9491819739341736,1.4138158559799194,-0.4683375060558319,0.004022048786282539,0.005860236939042807,0.03140783216804266,1.833687757853058,0.9466274119604384,1.4126467952566695,-0.46572397473806787,0.003952110051238775,3.0530955448699363e-06,,,,,,,,,,,,
4.462992611823515,grasp,,,,,,,,,,,,,,,,,,,,,1.833706021308899,0.944842517375946,1.4031428098678589,-0.46184977889060974,0.00402262294664979,0.0058600096963346004,0.03140783216804266,1.8336873547508028,0.9394469282829083,1.3946993599932314,-0.4549101018090611,0.003952099700164297,3.0136411867233385e-06,,,,,,,,,,,,
4.482992611823515,grasp,,,,,,,,,,,,,,,,,,,,,1.8337064981460571,0.9426540732383728,1.3974934816360474,-0.45850870013237,0.004022096283733845,0.005859897937625647,0.03140783216804266,1.8336873547508028,0.9394469282829083,1.3946993599932314,-0.4549101018090611,0.003952099700164297,3.0136411867233385e-06,,,,,,,,,,,,
4.502992611823515,grasp,,,,,,,,,,,,,,,,,,,,,1.833705186843872,0.9371073246002197,1.3838121891021729,-0.4502013027667999,0.004022727254778147,0.00585978152230382,0.03140783216804266,1.8336868059903086,0.9304428924080604,1.3721355593163977,-0.4413278131887783,0.003952085818896656,2.9642395780773004e-06,,,,,,,,,,,,
4.522992611823515,grasp,,,,,,,,,,,,,,,,,,,,,1.833705186843872,0.9343080520629883,1.3765746355056763,-0.4459229111671448,0.004022057168185711,0.005859781987965107,0.03140783216804266,1.8336868059903086,0.9304428924080604,1.3721355593163977,-0.4413278131887783,0.003952085818896656,2.9642395780773004e-06,,,,,,,,,,,,
4.542992611823515,grasp,,,,,,,,,,,,,,,,,,,,,1.8337035179138184,0.9276093244552612,1.360018014907837,-0.4358769655227661,0.0040228283032774925,0.005859727039933205,0.03140783216804266,1.8336861140280736,0.9197355095276222,1.345250828180506,-0.425156501169572,0.00395206938332733,2.905550180735007e-06,,,,,,,,,,,,
4.562992611823515,grasp,,,,,,,,,,,,,,,,,,,,,1.8337039947509766,0.9242266416549683,1.3512645959854126,-0.43070346117019653,0.004022024571895599,0.005859729368239641,0.03140783216804266,1.8336861140280736,0.9197355095276222,1.345250828180506,-0.425156501169572,0.00395206938332733,2.905550180735007e-06,,,,,,,,,,,,
4.582992611823515,grasp,,,,,,,,,,,,,,,,,,,,,1.8337023258209229,0.9164888262748718,1.3321102857589722,-0.4190879762172699,0.0040229628793895245,0.005859680939465761,0.03140783216804266,1.8336854032432899,0.9075244823390431,1.3145478819755778,-0.40669944282910275,0.003952050707098932,2.838659951412334e-06,,,,,,,,,,,,
4.602992611823515,grasp,,,,,,,,,,,,,,,,,,,,,1.8337031602859497,0.9125787019729614,1.3219882249832153,-0.41310614347457886,0.0040220352821052074,0.0058596874587237835,0.03140783216804266,1.8336854032432899,0.9075244823390431,1.3145478819755778,-0.40669944282910275,0.003952050707098932,2.838659951412334e-06,,,,,,,,,,,,
4.622992611823515,grasp,,,,,,,,,,,,,,,,,,,,,1.8337018489837646,0.9039618372917175,1.300632357597351,-0.40016213059425354,0.004023013170808554,0.005859597586095333,0.03140783216804266,1.8336849178389503,0.8940773477635355,1.280697613130027,-0.38636178516057706,0.003952028410917717,2.7650398944847683e-06,,,,,,,,,,,,
4.642992611823515,grasp,,,,,,,,,,,,,,,,,,,,,1.833702564239502,0.8996051549911499,1.289350152015686,-0.3934960961341858,0.004022019915282726,0.00585962412878871,0.03140783216804266,1.8336849178389503,0.8940773477635355,1.280697613130027,-0.38636178516057706,0.003952028410917717,2.7650398944847683e-06,,,,,,,,,,,,
4.662992611823515,grasp,,,,,,,,,,,,,,,,,,,,,1.8337010145187378,0.8903065919876099,1.2662851810455322,-0.37952083349227905,0.004023107700049877,0.0058595710434019566,0.03140783216804266,1.8336844694669063,0.8797099584520486,1.2445054999352254,-0.36462455160590784,0.003952004551276418,2.6864037831643973e-06,,,,,,,,,,,,
4.682992611823515,grasp,,,,,,,,,,,,,,,,,,,,,1.8337020874023438,0.8856022953987122,1.2541040182113647,-0.3723236322402954,0.00402202270925045,0.005859605502337217,0.03140783216804266,1.8336844694669063,0.8797099584520486,1.2445054999352254,-0.36462455160590784,0.003952004551276418,2.6864037831643973e-06,,,,,,,,,,,,
4.702992611823515,grasp,,,,,,,,,,,,,,,,,,,,,1.83370041847229,0.8758470416069031,1.229892373085022,-0.35765668749809265,0.004023187793791294,0.00585956871509552,0.03140783216804266,1.8336841749436477,0.8647759680804348,1.2068704313363374,-0.3420253146407815,0.003951979722124951,2.604682869659316e-06,,,,,,,,,,,,
4.722992611823515,grasp,,,,,,,,,,,,,,,,,,,,,1.8337008953094482,0.8709093332290649,1.2171099185943604,-0.3501032888889313,0.004021966829895973,0.005859606433659792,0.03140783216804266,1.8336841749436477,0.8647759680804348,1.2068704313363374,-0.3420253146407815,0.003951979722124951,2.604682869659316e-06,,,,,,,,,,,,
4.7429926118235155,grasp,,,,,,,,,,,,,,,,,,,,,1.8336999416351318,0.8609402775764465,1.1923606395721436,-0.3351117670536041,0.00402316777035594,0.005859591066837311,0.03140783216804266,1.8336840712640117,0.8496511087334717,1.1687477240031308,-0.31913534066540317,0.003951952993382138,2.5219245411088653e-06,,,,,,,,,,,,
4.762992611823515,grasp,,,,,,,,,,,,,,,,,,,,,1.8337005376815796,0.8558915853500366,1.1792973279953003,-0.32739123702049255,0.004021844360977411,0.0058596376329660416,0.03140783216804266,1.8336840712640117,0.8496511087334717,1.1687477240031308,-0.31913534066540317,0.003951952993382138,2.5219245411088653e-06,,,,,,,,,,,,
4.782992611823515,grasp,,,,,,,,,,,,,,,,,,,,,1.833700180053711,0.8459601402282715,1.154639720916748,-0.31245481967926025,0.004023056942969561,0.005859609227627516,0.03140783216804266,1.8336842310448458,0.8347177594520291,1.131112054564121,-0.296536680656246,0.003951926547909964,2.440209514587237e-06,,,,,,,,,,,,
4.802992611823515,grasp,,,,,,,,,,,,,,,,,,,,,1.833701252937317,0.8409279584884644,1.141628623008728,-0.304762601852417,0.004021765664219856,0.00585967767983675,0.03140783216804266,1.8336842310448458,0.8347177594520291,1.131112054564121,-0.296536680656246,0.003951926547909964,2.440209514587237e-06,,,,,,,,,,,,
4.822992611823515,grasp,,,,,,,,,,,,,,,,,,,,,1.8337007761001587,0.8312833309173584,1.117689847946167,-0.29025891423225403,0.004022905603051186,0.00585963623598218,0.03140783216804266,1.8336845216160693,0.8203514828956849,1.094919062791053,-0.2748001744641867,0.003951900621725557,2.3615844037788263e-06,,,,,,,,,,,,
4.842992611823515,grasp,,,,,,,,,,,,,,,,,,,,,1.8337018489837646,0.8263943791389465,1.1050615310668945,-0.2827894985675812,0.004021735861897469,0.005859733559191227,0.03140783216804266,1.8336845216160693,0.8203514828956849,1.094919062791053,-0.2748001744641867,0.003951900621725557,2.3615844037788263e-06,,,,,,,,,,,,
4.862992611823515,grasp,,,,,,,,,,,,,,,,,,,,,1.8337010145187378,0.8172758221626282,1.08243989944458,-0.26907914876937866,0.0040227980352938175,0.005859705153852701,0.03140783216804266,1.8336849251184477,0.8069059696825418,1.0610677102943877,-0.2544632484633096,0.003951876273713954,2.2879758182285e-06,,,,,,,,,,,,
4.882992611823515,grasp,,,,,,,,,,,,,,,,,,,,,1.8337022066116333,0.8126513957977295,1.0705114603042603,-0.26201820373535156,0.004021649714559317,0.005859766621142626,0.03140783216804266,1.8336849251184477,0.8069059696825418,1.0610677102943877,-0.2544632484633096,0.003951876273713954,2.2879758182285e-06,,,,,,,,,,,,
4.902992611823515,grasp,,,,,,,,,,,,,,,,,,,,,1.8337016105651855,0.804275393486023,1.0497525930404663,-0.24943013489246368,0.004022622015327215,0.005859705153852701,0.03140783216804266,1.8336853585868782,0.7946967925322103,1.0303636781930539,-0.23600677261526584,0.003951853426537515,2.221098637958782e-06,,,,,,,,,,,,
4.922992611823515,grasp,,,,,,,,,,,,,,,,,,,,,1.8337024450302124,0.8000255227088928,1.0388103723526,-0.2429472804069519,0.004021523054689169,0.00585981085896492,0.03140783216804266,1.8336853585868782,0.7946967925322103,1.0303636781930539,-0.23600677261526584,0.003951853426537515,2.221098637958782e-06,,,,,,,,,,,,
4.942992611823515,grasp,,,,,,,,,,,,,,,,,,,,,1.8337023258209229,0.7925806045532227,1.0203821659088135,-0.23176556825637817,0.0040224394761025906,0.005859780125319958,0.03140783216804266,1.8336859393229834,0.7839914558043798,1.0034777536969024,-0.21983608986501885,0.003951833233631372,2.1624162776909272e-06,,,,,,,,,,,,
4.962992611823515,grasp,,,,,,,,,,,,,,,,,,,,,1.8337035179138184,0.7888014316558838,1.0106732845306396,-0.22600670158863068,0.004021445754915476,0.005859853699803352,0.03140783216804266,1.8336859393229834,0.7839914558043798,1.0034777536969024,-0.21983608986501885,0.003951833233631372,2.1624162776909272e-06,,,,,,,,,,,,
4.982992611823515,grasp,,,,,,,,,,,,,,,,,,,,,1.8337031602859497,0.782434344291687,0.9949409365653992,-0.21645356714725494,0.00402216799557209,0.005859825760126114,0.03140783216804266,1.8336864010614002,0.7749894516097189,0.9809127228607726,-0.20625449809762642,0.0039518157451045866,2.113016353384406e-06,,,,,,,,,,,,
5.002992611823515,grasp,,,,,,,,,,,,,,,,,,,,,1.8337039947509766,0.7792003154754639,0.9866577386856079,-0.21153339743614197,0.004021286033093929,0.005859885830432177,0.03140783216804266,1.8336864010614002,0.7749894516097189,0.9809127228607726,-0.20625449809762642,0.0039518157451045866,2.113016353384406e-06,,,,,,,,,,,,
5.022992611823515,grasp,,,,,,,,,,,,,,,,,,,,,1.833703637123108,0.7740084528923035,0.9738604426383972,-0.20375481247901917,0.004021842498332262,0.005859863478690386,0.03140783216804266,1.8336868041560725,0.767810702291627,0.9629641309388358,-0.1954413934102185,0.003951801560340271,2.0735599449688557e-06,,,,,,,,,,,,
5.042992611823515,grasp,,,,,,,,,,,,,,,,,,,,,1.8337045907974243,0.7713697552680969,0.9671281576156616,-0.1997484415769577,0.004021175671368837,0.005859918426722288,0.03140783216804266,1.8336868041560725,0.767810702291627,0.9629641309388358,-0.1954413934102185,0.003951801560340271,2.0735599449688557e-06,,,,,,,,,,,,
5.062992611823515,grasp,,,,,,,,,,,,,,,,,,,,,1.8337044715881348,0.7673893570899963,0.9573549032211304,-0.19379822909832,0.004021591041237116,0.005859879311174154,0.03140783216804266,1.8336871418329201,0.7624766644822073,0.9496854970173365,-0.18742788268253202,0.003951790724122761,2.044162408293359e-06,,,,,,,,,,,,
5.082992611823515,grasp,,,,,,,,,,,,,,,,,,,,,1.833704948425293,0.7653645277023315,0.95222008228302,-0.19073347747325897,0.004021125379949808,0.005859933327883482,0.03140783216804266,1.8336871418329201,0.7624766644822073,0.9496854970173365,-0.18742788268253202,0.003951790724122761,2.044162408293359e-06,,,,,,,,,,,,
5.102992611823515,grasp,,,,,,,,,,,,,,,,,,,,,1.8337050676345825,0.7625613808631897,0.9453849196434021,-0.18655918538570404,0.004021347966045141,0.005859910976141691,0.03140783216804266,1.8336873858451574,0.7588973910522299,0.9408489248395095,-0.18207611800083645,0.003951783270389471,2.0243324406351576e-06,,,,,,,,,,,,
5.122992611823515,grasp,,,,,,,,,,,,,,,,,,,,,1.8337054252624512,0.7611331343650818,0.9418007731437683,-0.18440894782543182,0.004021040629595518,0.00585991470143199,0.03140783216804266,1.8336873858451574,0.7588973910522299,0.9408489248395095,-0.18207611800083645,0.003951783270389471,2.0243324406351576e-06,,,,,,,,,,,,
5.142992611823515,grasp,,,,,,,,,,,,,,,,,,,,,1.833705186843872,0.7594012022018433,0.9376119375228882,-0.18184083700180054,0.004021083004772663,0.0058599249459803104,0.03140783216804266,1.8336875334342133,0.7568736493201959,0.9358957137819278,-0.1790649307003972,0.003951779386370643,2.0130605489584164e-06,,,,,,,,,,,,
5.162992611823515,grasp,,,,,,,,,,,,,,,,,,,,,1.8337064981460571,0.7585135698318481,0.9354349970817566,-0.18051739037036896,0.00401711231097579,0.005860053934156895,0.03140783216804266,1.8336875334342133,0.7568736493201959,0.9358957137819278,-0.1790649307003972,0.003951779386370643,2.0130605489584164e-06,,,,,,,,,,,,
5.182992611823515,grasp,,,,,,,,,,,,,,,,,,,,,1.833701252937317,0.7575682997703552,0.9339133501052856,-0.1792435646057129,0.004050241783261299,0.005859909579157829,0.03140783216804266,1.8336875438690186,0.756060877745463,0.9339129761551863,-0.17785790104887403,0.003951777310362144,2.008524934821499e-06,,,,,,,,,,,,
5.202992611823515,grasp,,,,,,,,,,,,,,,,,,,,,1.8337035179138184,0.7570815682411194,0.9332292675971985,-0.1785881221294403,0.00403853552415967,0.005860110279172659,0.03140783216804266,1.8336875438690186,0.756060877745463,0.9339129761551863,-0.17785790104887403,0.003951777310362144,2.008524934821499e-06,,,,,,,,,,,,
5.222992611823515,grasp,,,,,,,,,,,,,,,,,,,,,1.8337031602859497,0.756767213344574,0.9327837824821472,-0.17816162109375,0.004025946371257305,0.005860173609107733,0.03140783216804266,1.8336875438690186,0.7559362053871155,0.9336087107658386,-0.1776726394891739,0.00395177723839879,2.007828470595996e-06,,,,,,,,,,,,
5.222992611823515,grasp,,,,,,,,,,,,,,,,,,,,,1.833681583404541,0.7564919590950012,0.9324488043785095,-0.1777609884738922,0.004080663900822401,0.006412931717932224,0.03140783216804266,1.8336875438690186,0.7559361457824707,0.9336087107658386,-0.1776726245880127,0.00395177723839879,2.007828470595996e-06,,,,,,,,,,,,
5.242992611823515,grasp,,,,,,,,,,,,,,,,,,,,,1.8336851596832275,0.7564622163772583,0.9324049949645996,-0.17773489654064178,0.004060451406985521,0.0061445035971701145,0.03140783216804266,1.8336875438690186,0.7559361457824707,0.9336087107658386,-0.1776726245880127,0.00395177723839879,2.007828470595996e-06,,,,,,,,,,,,
5.262992611823515,grasp,,,,,,,,,,,,,,,,,,,,,1.8336881399154663,0.7563629746437073,0.9323707222938538,-0.1778119057416916,0.004058332182466984,0.00600617378950119,0.03140783216804266,1.8336954950503628,0.7557585192780326,0.9336184422331234,-0.17785894912664255,0.003959763685756867,2.0070798746056737e-06,,,,,,,,,,,,
5.282992611823515,grasp,,,,,,,,,,,,,,,,,,,,,1.8336889743804932,0.7563118934631348,0.9323532581329346,-0.17785152792930603,0.004057832062244415,0.005934895481914282,0.03140783216804266,1.8336954950503628,0.7557585192780326,0.9336184422331234,-0.17785894912664255,0.003959763685756867,2.0070798746056737e-06,,,,,,,,,,,,
5.302992611823515,grasp,,,,,,,,,,,,,,,,,,,,,1.8337066173553467,0.7557263374328613,0.9322499632835388,-0.17848137021064758,0.004098290111869574,0.005898210220038891,0.03140783216804266,1.8337492746058772,0.7545621889204096,0.9336836892518796,-0.1791142335163297,0.00401354695187289,2.0020387297810277e-06,,,,,,,,,,,,
5.322992611823515,grasp,,,,,,,,,,,,,,,,,,,,,1.833714246749878,0.7554293274879456,0.9321891665458679,-0.17880578339099884,0.004112231079488993,0.005879379343241453,0.03140783216804266,1.8337492746058772,0.7545621889204096,0.9336836892518796,-0.1791142335163297,0.00401354695187289,2.0020387297810277e-06,,,,,,,,,,,,
5.342992611823515,grasp,,,,,,,,,,,,,,,,,,,,,1.833764672279358,0.7538291811943054,0.9318970441818237,-0.18055686354637146,0.004208313766866922,0.005870187655091286,0.03140783216804266,1.8338883431326118,0.7514527082187609,0.9338523622752383,-0.18237765343526377,0.004152574915000725,1.989007562125096e-06,,,,,,,,,,,,
5.362992611823515,grasp,,,,,,,,,,,,,,,,,,,,,1.8337945938110352,0.7530079483985901,0.9317632913589478,-0.18145892024040222,0.004257922060787678,0.005864794831722975,0.03140783216804266,1.8338883431326118,0.7514527082187609,0.9338523622752383,-0.18237765343526377,0.004152574915000725,1.989007562125096e-06,,,,,,,,,,,,
5.382992611823515,grasp,,,,,,,,,,,,,,,,,,,,,1.8339507579803467,0.7497901320457458,0.9319790005683899,-0.18486827611923218,0.00433884933590889,0.0058625489473342896,0.03140783216804266,1.8341424626348153,0.7456667726444753,0.934160664429049,-0.18845496651766477,0.004406681045759847,1.965189456526687e-06,,,,,,,,,,,,
5.402992611823515,grasp,,,,,,,,,,,,,,,,,,,,,1.8340331315994263,0.7480978965759277,0.93184894323349,-0.1866273134946823,0.004413765389472246,0.005861580837517977,0.03140783216804266,1.8341424626348153,0.7456667726444753,0.934160664429049,-0.18845496651766477,0.004406681045759847,1.965189456526687e-06,,,,,,,,,,,,
5.422992611823515,grasp,,,,,,,,,,,,,,,,,,,,,1.8342654705047607,0.7428790330886841,0.9318716526031494,-0.19217291474342346,0.004659278318285942,0.005858900491148233,0.03140783216804266,1.8345349588279702,0.7365645343258045,0.934637047411969,-0.1980225479153179,0.004799285976193339,1.928388953665234e-06,,,,,,,,,,,,
5.442992611823515,grasp,,,,,,,,,,,,,,,,,,,,,1.8343968391418457,0.7401408553123474,0.9318696856498718,-0.1950305551290512,0.0047591011971235275,0.005859500728547573,0.03140783216804266,1.8345349588279702,0.7365645343258045,0.934637047411969,-0.1980225479153179,0.004799285976193339,1.928388953665234e-06,,,,,,,,,,,,
5.462992611823515,grasp,,,,,,,,,,,,,,,,,,,,,1.8347365856170654,0.7324814200401306,0.9321088790893555,-0.2031009942293167,0.005071460269391537,0.005858735181391239,0.03140783216804266,1.8350882084753626,0.7236208520706986,0.9353083930043021,-0.21163053128528636,0.0053526937015520555,1.8765158408087776e-06,,,,,,,,,,,,
5.482992611823515,grasp,,,,,,,,,,,,,,,,,,,,,1.834914207458496,0.7284980416297913,0.9323387145996094,-0.20725800096988678,0.005238042678683996,0.005859553348273039,0.03140783216804266,1.8350882084753626,0.7236208520706986,0.9353083930043021,-0.21163053128528636,0.0053526937015520555,1.8765158408087776e-06,,,,,,,,,,,,
5.502992611823515,grasp,,,,,,,,,,,,,,,,,,,,,1.835354208946228,0.718135416507721,0.9328835606575012,-0.2181660681962967,0.0056820944882929325,0.005860188510268927,0.03140783216804266,1.8358193901371522,0.7064224467513912,0.9361955922063245,-0.22971289124568292,0.006084009904363662,1.8079669320968726e-06,,,,,,,,,,,,
5.522992611823515,grasp,,,,,,,,,,,,,,,,,,,,,1.8355858325958252,0.7127530574798584,0.9332414865493774,-0.22378508746623993,0.005906838458031416,0.005860060453414917,0.03140783216804266,1.8358193901371522,0.7064224467513912,0.9361955922063245,-0.22971289124568292,0.006084009904363662,1.8079669320968726e-06,,,,,,,,,,,,
5.542992611823515,grasp,,,,,,,,,,,,,,,,,,,,,1.8361459970474243,0.699471116065979,0.9338900446891785,-0.23777352273464203,0.006473230663686991,0.0058599901385605335,0.03140783216804266,1.836740695761306,0.6846616307304256,0.937313812407357,-0.252593642644302,0.007005629632524576,1.7215798020666142e-06,,,,,,,,,,,,
5.562992611823515,grasp,,,,,,,,,,,,,,,,,,,,,1.8364392518997192,0.692575991153717,0.9343087673187256,-0.24497944116592407,0.006761959753930569,0.005859898868948221,0.03140783216804266,1.836740695761306,0.6846616307304256,0.937313812407357,-0.252593642644302,0.007005629632524576,1.7215798020666142e-06,,,,,,,,,,,,
5.582992611823515,grasp,,,,,,,,,,,,,,,,,,,,,1.8371282815933228,0.6762112975120544,0.9351054430007935,-0.2622184753417969,0.0074566444382071495,0.005860004108399153,0.03140783216804266,1.8378608730355708,0.6581297090335716,0.9386734976148359,-0.28049262449055135,0.00812613882648975,1.616550012433181e-06,,,,,,,,,,,,
5.602992611823515,grasp,,,,,,,,,,,,,,,,,,,,,1.8374876976013184,0.6677157878875732,0.9356129765510559,-0.2710988521575928,0.007811049930751324,0.005859916564077139,0.03140783216804266,1.8378608730355708,0.6581297090335716,0.9386734976148359,-0.28049262449055135,0.00812613882648975,1.616550012433181e-06,,,,,,,,,,,,
5.622992611823515,grasp,,,,,,,,,,,,,,,,,,,,,1.8383102416992188,0.648167610168457,0.9365667700767517,-0.2916926443576813,0.008638639934360981,0.005860005971044302,0.03140783216804266,1.839184653064545,0.6267111210825729,0.9402805933524843,-0.3135321484274136,0.009450332715797797,1.4924290604909778e-06,,,,,,,,,,,,
5.642992611823515,grasp,,,,,,,,,,,,,,,,,,,,,1.838736653327942,0.6380192041397095,0.9371623992919922,-0.30230146646499634,0.009061346761882305,0.005859834142029285,0.03140783216804266,1.839184653064545,0.6267111210825729,0.9402805933524843,-0.3135321484274136,0.009450332715797797,1.4924290604909778e-06,,,,,,,,,,,,
5.662992611823515,grasp,,,,,,,,,,,,,,,,,,,,,1.839694619178772,0.6152471899986267,0.9382812976837158,-0.32629290223121643,0.010023774579167366,0.005860001780092716,0.03140783216804266,1.840713939996374,0.5903769774897375,0.9421371724165606,-0.3517429529458123,0.010979943959192275,1.3490532583673417e-06,,,,,,,,,,,,
5.682992611823515,grasp,,,,,,,,,,,,,,,,,,,,,1.8401906490325928,0.6034242510795593,0.938964307308197,-0.338652104139328,0.010516339913010597,0.005859795026481152,0.03140783216804266,1.840713939996374,0.5903769774897375,0.9421371724165606,-0.3517429529458123,0.010979943959192275,1.3490532583673417e-06,,,,,,,,,,,,
5.702992611823515,grasp,,,,,,,,,,,,,,,,,,,,,1.841284155845642,0.5774428844451904,0.9402527213096619,-0.3660258948802948,0.011613394133746624,0.005859980825334787,0.03140783216804266,1.842447617602493,0.5491787643075149,0.9442418203363498,-0.3950703960937004,0.01271407344360108,1.1865067378707077e-06,,,,,,,,,,,,
5.722992611823515,grasp,,,,,,,,,,,,,,,,,,,,,1.8418484926223755,0.563951313495636,0.9410194158554077,-0.3801276981830597,0.012176048941910267,0.005859712604433298,0.03140783216804266,1.842447617602493,0.5491787643075149,0.9442418203363498,-0.3950703960937004,0.01271407344360108,1.1865067378707077e-06,,,,,,,,,,,,
5.7429926118235155,grasp,,,,,,,,,,,,,,,,,,,,,1.8430763483047485,0.5348257422447205,0.9424804449081421,-0.4108150601387024,0.013405936770141125,0.005859981756657362,0.03140783216804266,1.8443829508395817,0.5032426075493095,0.9465911685528444,-0.44338104937611184,0.014649906382769978,1.0050551916658796e-06,,,,,,,,,,,,
5.762992611823515,grasp,,,,,,,,,,,,,,,,,,,,,1.843709111213684,0.5196986198425293,0.9433261156082153,-0.4266240894794464,0.014038565568625927,0.005859611090272665,0.03140783216804266,1.8443829508395817,0.5032426075493095,0.9465911685528444,-0.44338104937611184,0.014649906382769978,1.0050551916658796e-06,,,,,,,,,,,,
5.782992611823515,grasp,,,,,,,,,,,,,,,,,,,,,1.845144271850586,0.487498015165329,0.9450026750564575,-0.4605887830257416,0.015403533354401588,0.005859932862222195,0.03140783216804266,1.8466710954565073,0.4526755268860015,0.9492647031808017,-0.49663774471788164,0.016792111936172884,8.044499529682496e-07,,,,,,,,,,,,
5.802992611823515,grasp,,,,,,,,,,,,,,,,,,,,,1.845882773399353,0.47076907753944397,0.9459431767463684,-0.47808656096458435,0.01610654965043068,0.005859517492353916,0.03140783216804266,1.8466710954565073,0.4526755268860015,0.9492647031808017,-0.49663774471788164,0.016792111936172884,8.044499529682496e-07,,,,,,,,,,,,
5.822992611823515,grasp,,,,,,,,,,,,,,,,,,,,,1.840597152709961,0.4396345317363739,0.9441436529159546,-0.5074266195297241,0.017255058512091637,0.005861587822437286,0.03140783216804266,1.8349175933757302,0.4060322424826619,0.9445521430611684,-0.5385619292209168,0.018540716871533656,6.229789851394311e-07,,,,,,,,,,,,
5.842992611823515,grasp,,,,,,,,,,,,,,,,,,,,,1.8378371000289917,0.4234922230243683,0.9431992769241333,-0.5225428938865662,0.017963584512472153,0.005858380347490311,0.03140783216804266,1.8349175933757302,0.4060322424826619,0.9445521430611684,-0.5385619292209168,0.018540716871533656,6.229789851394311e-07,,,,,,,,,,,,
5.862992611823515,grasp,,,,,,,,,,,,,,,,,,,,,1.8004862070083618,0.4081340730190277,0.9243691563606262,-0.5189674496650696,0.01756996475160122,0.005866049788892269,0.03140783216804266,1.7606103561007378,0.39153426405059566,0.9063683730804355,-0.5151260527717563,0.01772227256319855,6.041088579719773e-07,,,,,,,,,,,,
5.882992611823515,grasp,,,,,,,,,,,,,,,,,,,,,1.7810828685760498,0.40034300088882446,0.9143511652946472,-0.5171304941177368,0.0179543886333704,0.005850707180798054,0.03140783216804266,1.7606103561007378,0.39153426405059566,0.9063683730804355,-0.5151260527717563,0.01772227256319855,6.041088579719773e-07,,,,,,,,,,,,
5.902992611823515,grasp,,,,,,,,,,,,,,,,,,,,,1.734040379524231,0.3881893455982208,0.8903762698173523,-0.5053003430366516,0.017284968867897987,0.005857114214450121,0.03140783216804266,1.68392805746129,0.3748749780361706,0.8670229989978901,-0.49268521058030845,0.016950171353099647,5.777758304735301e-07,,,,,,,,,,,,
5.922992611823515,grasp,,,,,,,,,,,,,,,,,,,,,1.709657907485962,0.38201892375946045,0.8777299523353577,-0.4992099404335022,0.01749381050467491,0.005842959973961115,0.03140783216804266,1.68392805746129,0.3748749780361706,0.8670229989978901,-0.49268521058030845,0.016950171353099647,5.777758304735301e-07,,,,,,,,,,,,
5.942992611823515,grasp,,,,,,,,,,,,,,,,,,,,,1.6581560373306274,0.37026551365852356,0.8514468669891357,-0.48463141918182373,0.016663499176502228,0.005852323956787586,0.03140783216804266,1.603312799000012,0.3573498438850245,0.825658236188098,-0.46909592539990386,0.01613858136937896,5.50095975321328e-07,,,,,,,,,,,,
5.962992611823515,grasp,,,,,,,,,,,,,,,,,,,,,1.6314704418182373,0.36429980397224426,0.8376017212867737,-0.4771256148815155,0.01681271567940712,0.005838535726070404,0.03140783216804266,1.603312799000012,0.3573498438850245,0.825658236188098,-0.46909592539990386,0.01613858136937896,5.50095975321328e-07,,,,,,,,,,,,
5.982992611823515,grasp,,,,,,,,,,,,,,,,,,,,,1.577152967453003,0.35228368639945984,0.809877872467041,-0.4613386392593384,0.015898006036877632,0.005849387962371111,0.03140783216804266,1.5193158406549077,0.3390770900783461,0.7825532113760936,-0.444519052456234,0.015293042185396101,5.212585758419087e-07,,,,,,,,,,,,
6.002992611823515,grasp,,,,,,,,,,,,,,,,,,,,,1.5490086078643799,0.3461840748786926,0.7952756285667419,-0.45321032404899597,0.016032196581363678,0.005835933145135641,0.03140783216804266,1.5193158406549077,0.3390770900783461,0.7825532113760936,-0.444519052456234,0.015293042185396101,5.212585758419087e-07,,,,,,,,,,,,
6.022992611823515,grasp,,,,,,,,,,,,,,,,,,,,,1.4925941228866577,0.33379387855529785,0.7664784789085388,-0.43670734763145447,0.01506614126265049,0.005847649183124304,0.03140783216804266,1.432527161985139,0.3201824374039969,0.7380094845075549,-0.41912682311814314,0.014419413214984146,4.914641758185836e-07,,,,,,,,,,,,
6.042992611823515,grasp,,,,,,,,,,,,,,,,,,,,,1.463362216949463,0.3275042474269867,0.751309335231781,-0.42821013927459717,0.01520038116723299,0.005834128707647324,0.03140783216804266,1.432527161985139,0.3201824374039969,0.7380094845075549,-0.41912682311814314,0.014419413214984146,4.914641758185836e-07,,,,,,,,,,,,
6.062992611823515,grasp,,,,,,,,,,,,,,,,,,,,,1.4053435325622559,0.3147766590118408,0.7216899394989014,-0.4112100601196289,0.014197790063917637,0.005846461746841669,0.03140783216804266,1.343568840902042,0.3007991275748421,0.692344524681079,-0.39310121583045493,0.013524020032200766,4.609264682329798e-07,,,,,,,,,,,,
6.082992611823515,grasp,,,,,,,,,,,,,,,,,,,,,1.3752782344818115,0.30831560492515564,0.7060843110084534,-0.40245693922042847,0.014336563646793365,0.0058327061124145985,0.03140783216804266,1.343568840902042,0.3007991275748421,0.692344524681079,-0.39310121583045493,0.013524020032200766,4.609264682329798e-07,,,,,,,,,,,,
6.102992611823515,grasp,,,,,,,,,,,,,,,,,,,,,1.3160983324050903,0.2953280210494995,0.6758674383163452,-0.3851093351840973,0.0133071169257164,0.005845564417541027,0.03140783216804266,1.253087206174235,0.2810656706483636,0.6458891671017074,-0.36663124530803376,0.01261338442715794,4.298677018727968e-07,,,,,,,,,,,,
6.122992611823515,grasp,,,,,,,,,,,,,,,,,,,,,1.285428762435913,0.2887347340583801,0.6599432826042175,-0.3761771321296692,0.013450760394334793,0.0058316634967923164,0.03140783216804266,1.253087206174235,0.2810656706483636,0.6458891671017074,-0.36663124530803376,0.01261338442715794,4.298677018727968e-07,,,,,,,,,,,,
6.142992611823515,grasp,,,,,,,,,,,,,,,,,,,,,1.2255258560180664,0.27557650208473206,0.6293531656265259,-0.3586161136627197,0.012402809225022793,0.005844907835125923,0.03140783216804266,1.1617458369612388,0.26112368135699904,0.5989831666800873,-0.3399106275065296,0.011694063139641223,3.9851435118315726e-07,,,,,,,,,,,,
6.162992611823515,grasp,,,,,,,,,,,,,,,,,,,,,1.1944791078567505,0.26889678835868835,0.6132278442382812,-0.34957370162010193,0.012550734914839268,0.005830836482346058,0.03140783216804266,1.1617458369612388,0.26112368135699904,0.5989831666800873,-0.3399106275065296,0.011694063139641223,3.9851435118315726e-07,,,,,,,,,,,,
6.182992611823515,grasp,,,,,,,,,,,,,,,,,,,,,1.13429594039917,0.255661278963089,0.5824891924858093,-0.33192962408065796,0.011492027901113033,0.005844456609338522,0.03140783216804266,1.0702178166315022,0.2411159716717289,0.5519719054572345,-0.31313576780261115,0.01077286082594859,3.6709696996516383e-07,,,,,,,,,,,,
6.202992611823515,grasp,,,,,,,,,,,,,,,,,,,,,1.1031019687652588,0.24894265830516815,0.5662807822227478,-0.3228442370891571,0.011643069796264172,0.005830357316881418,0.03140783216804266,1.0702178166315022,0.2411159716717289,0.5519719054572345,-0.31313576780261115,0.01077286082594859,3.6709696996516383e-07,,,,,,,,,,,,
6.222992611823515,grasp,,,,,,,,,,,,,,,,,,,,,1.0430821180343628,0.23572535812854767,0.5356208086013794,-0.30524754524230957,0.010581628419458866,0.005844143219292164,0.03140783216804266,0.9791777153134372,0.22118803597890416,0.5052022638624979,-0.28650362160052184,0.00985661780227904,3.3584685949782675e-07,,,,,,,,,,,,
6.2429926118235155,grasp,,,,,,,,,,,,,,,,,,,,,1.0119704008102417,0.22901669144630432,0.519448459148407,-0.2961862087249756,0.01073459628969431,0.005830132868140936,0.03140783216804266,0.9791777153134372,0.22118803597890416,0.5052022638624979,-0.28650362160052184,0.00985661780227904,3.3584685949782675e-07,,,,,,,,,,,,
6.262992611823515,grasp,,,,,,,,,,,,,,,,,,,,,0.9525549411773682,0.21591272950172424,0.48909321427345276,-0.2787661850452423,0.009678581729531288,0.005844104569405317,0.03140783216804266,0.8892948808550232,0.2014833987005556,0.4590183252405288,-0.26020995773152084,0.008951999964856476,3.049939447007682e-07,,,,,,,,,,,,
6.282992611823515,grasp,,,,,,,,,,,,,,,,,,,,,0.9217544198036194,0.20926257967948914,0.47307583689689636,-0.2697957456111908,0.009831718169152737,0.005830199923366308,0.03140783216804266,0.8892948808550232,0.2014833987005556,0.4590183252405288,-0.26020995773152084,0.008951999964856476,3.049939447007682e-07,,,,,,,,,,,,
6.302992611823515,grasp,,,,,,,,,,,,,,,,,,,,,0.8633790016174316,0.19636523723602295,0.443247526884079,-0.2526799440383911,0.008789055049419403,0.005844260100275278,0.03140783216804266,0.8012263651495914,0.1821417062265502,0.41375705770980126,-0.23444685840397356,0.008065584972667312,2.7476352365760194e-07,,,,,,,,,,,,
6.322992611823516,grasp,,,,,,,,,,,,,,,,,,,,,0.8331154584884644,0.1898210495710373,0.4275020658969879,-0.24386607110500336,0.008940794505178928,0.005830567795783281,0.03140783216804266,0.8012263651495914,0.1821417062265502,0.41375705770980126,-0.23444685840397356,0.008065584972667312,2.7476352365760194e-07,,,,,,,,,,,,
6.342992611823515,grasp,,,,,,,,,,,,,,,,,,,,,0.7762033939361572,0.17722047865390778,0.3984164297580719,-0.22717870771884918,0.007918976247310638,0.005844485014677048,0.03140783216804266,0.7156092861633644,0.16329759865366955,0.36974468724449694,-0.209400358061198,0.007203834495753975,2.453735036537817e-07,,,,,,,,,,,,
6.362992611823515,grasp,,,,,,,,,,,,,,,,,,,,,0.7466968297958374,0.170828178524971,0.38305675983428955,-0.2185850590467453,0.008067508228123188,0.005831149406731129,0.03140783216804266,0.7156092861633644,0.16329759865366955,0.36974468724449694,-0.209400358061198,0.007203834495753975,2.453735036537817e-07,,,,,,,,,,,,
6.382992611823515,grasp,,,,,,,,,,,,,,,,,,,,,0.6916548609733582,0.15861377120018005,0.35492178797721863,-0.20244503021240234,0.0070742834359407425,0.005844972096383572,0.03140783216804266,0.6330514907080418,0.14508550302056203,0.32729377149380345,-0.18524819198307235,0.006372875143379581,2.1703292117962314e-07,,,,,,,,,,,,
6.402992611823515,grasp,,,,,,,,,,,,,,,,,,,,,0.6631158590316772,0.15241888165473938,0.34005770087242126,-0.19413313269615173,0.007218317594379187,0.0058320676907896996,0.03140783216804266,0.6330514907080418,0.14508550302056203,0.32729377149380345,-0.18524819198307235,0.006372875143379581,2.1703292117962314e-07,,,,,,,,,,,,
6.422992611823515,grasp,,,,,,,,,,,,,,,,,,,,,0.6103290319442749,0.14067283272743225,0.31306952238082886,-0.17865367233753204,0.006261539179831743,0.00584562961012125,0.03140783216804266,0.5541274009837079,0.12762543084554157,0.2866977540076283,-0.1621585542910829,0.0055784692741865476,1.8993980671509118e-07,,,,,,,,,,,,
6.442992611823515,grasp,,,,,,,,,,,,,,,,,,,,,0.5829580426216125,0.13471703231334686,0.29880520701408386,-0.17068170011043549,0.006399865262210369,0.005833169911056757,0.03140783216804266,0.5541274009837079,0.12762543084554157,0.2866977540076283,-0.1621585542910829,0.0055784692741865476,1.8993980671509118e-07,,,,,,,,,,,,
6.462992611823515,grasp,,,,,,,,,,,,,,,,,,,,,0.5327852964401245,0.12351734191179276,0.27314651012420654,-0.15596823394298553,0.005486790090799332,0.005846496671438217,0.03140783216804266,0.4793676606041522,0.1110331853658532,0.24822826272126364,-0.1402868535992748,0.004825959308241552,1.6427591411527156e-07,,,,,,,,,,,,
6.482992611823515,grasp,,,,,,,,,,,,,,,,,,,,,0.5067689418792725,0.11784012615680695,0.2595791220664978,-0.1483905017375946,0.005617686081677675,0.005834557116031647,0.03140783216804266,0.4793676606041522,0.1110331853658532,0.24822826272126364,-0.1402868535992748,0.004825959308241552,1.6427591411527156e-07,,,,,,,,,,,,
6.502992611823515,grasp,,,,,,,,,,,,,,,,,,,,,0.45953798294067383,0.10725924372673035,0.23541706800460815,-0.1345391869544983,0.004754485562443733,0.005847134627401829,0.03140783216804266,0.4092524181215602,0.0954148288718895,0.21213134400635889,-0.11977373052298154,0.0041201872945028205,1.402055686888062e-07,,,,,,,,,,,,
6.522992611823515,grasp,,,,,,,,,,,,,,,,,,,,,0.43504610657691956,0.10189706832170486,0.22263558208942413,-0.12740525603294373,0.004876605700701475,0.005836120806634426,0.03140783216804266,0.4092524181215602,0.0954148288718895,0.21213134400635889,-0.11977373052298154,0.0041201872945028205,1.402055686888062e-07,,,,,,,,,,,,
6.542992611823515,grasp,,,,,,,,,,,,,,,,,,,,,0.39104825258255005,0.09199726581573486,0.20011763274669647,-0.11450164765119553,0.00406958581879735,0.005847883876413107,0.03140783216804266,0.34420560567824326,0.08085856426559665,0.1786229125540626,-0.100743114785112,0.0034654265744004896,1.1787472538593928e-07,,,,,,,,,,,,
6.562992611823515,grasp,,,,,,,,,,,,,,,,,,,,,0.36823251843452454,0.08698125928640366,0.1882021576166153,-0.10785564035177231,0.004181315656751394,0.005837887059897184,0.03140783216804266,0.34420560567824326,0.08085856426559665,0.1786229125540626,-0.100743114785112,0.0034654265744004896,1.1787472538593928e-07,,,,,,,,,,,,
6.582992611823515,grasp,,,,,,,,,,,,,,,,,,,,,0.32771748304367065,0.07782002538442612,0.16745498776435852,-0.0959729254245758,0.003435794496908784,0.005849200300872326,0.03140783216804266,0.284583228659601,0.0674481814714358,0.14788715875442057,-0.08329905910793008,0.002865264049632058,9.74061220271302e-08,,,,,,,,,,,,
6.602992611823515,grasp,,,,,,,,,,,,,,,,,,,,,0.306707501411438,0.07317916303873062,0.1564731001853943,-0.08985254913568497,0.003536591539159417,0.005839622113853693,0.03140783216804266,0.284583228659601,0.0674481814714358,0.14788715875442057,-0.08329905910793008,0.002865264049632058,9.74061220271302e-08,,,,,,,,,,,,
6.622992611823515,grasp,,,,,,,,,,,,,,,,,,,,,0.26987913250923157,0.06480160355567932,0.1376013159751892,-0.07905060052871704,0.0028565754182636738,0.0058500696904957294,0.03140783216804266,0.2306707916721919,0.05524542177411904,0.12006921796537467,-0.06752520339686012,0.002322567327311279,7.889744199132386e-08,,,,,,,,,,,,
6.642992611823515,grasp,,,,,,,,,,,,,,,,,,,,,0.2507811188697815,0.06055830419063568,0.12760965526103973,-0.07348678261041641,0.002945653162896633,0.005841452162712812,0.03140783216804266,0.2306707916721919,0.05524542177411904,0.12006921796537467,-0.06752520339686012,0.002322567327311279,7.889744199132386e-08,,,,,,,,,,,,
6.662992611823515,grasp,,,,,,,,,,,,,,,,,,,,,0.21779373288154602,0.052995990961790085,0.11069051921367645,-0.06381089985370636,0.0023344329092651606,0.005850881338119507,0.03140783216804266,0.18267493211776362,0.044290287386324824,0.09527260524009103,-0.053482081879123025,0.001839407890306298,6.241909383388431e-08,,,,,,,,,,,,
6.682992611823515,grasp,,,,,,,,,,,,,,,,,,,,,0.2006877064704895,0.04916581138968468,0.10173119604587555,-0.058827001601457596,0.0024110956583172083,0.005843371152877808,0.03140783216804266,0.18267493211776362,0.044290287386324824,0.09527260524009103,-0.053482081879123025,0.001839407890306298,6.241909383388431e-08,,,,,,,,,,,,
6.702992611823515,grasp,,,,,,,,,,,,,,,,,,,,,0.17163583636283875,0.04244881868362427,0.08681263029575348,-0.050304993987083435,0.0018714049365371466,0.005851773079484701,0.03140783216804266,0.1407071174361817,0.0346254757193251,0.07356242230741546,-0.04120229215177406,0.0014169124564479727,4.800953790960504e-08,,,,,,,,,,,,
6.722992611823515,grasp,,,,,,,,,,,,,,,,,,,,,0.1565711349248886,0.039046578109264374,0.07891273498535156,-0.04591536149382591,0.0019350091461092234,0.005845287814736366,0.03140783216804266,0.1407071174361817,0.0346254757193251,0.07356242230741546,-0.04120229215177406,0.0014169124564479727,4.800953790960504e-08,,,,,,,,,,,,
6.7429926118235155,grasp,,,,,,,,,,,,,,,,,,,,,0.13149015605449677,0.03318425267934799,0.06601713597774506,-0.038557566702365875,0.0014671457465738058,0.005852609872817993,0.03140783216804266,0.1047891996955568,0.026255570003998013,0.05495148515061437,-0.030692062845302535,0.0010553035138812655,3.5676435719831294e-08,,,,,,,,,,,,
6.762992611823515,grasp,,,,,,,,,,,,,,,,,,,,,0.11848531663417816,0.030214397236704826,0.059189323335886,-0.03476758673787117,0.0015180251793935895,0.005847103428095579,0.03140783216804266,0.1047891996955568,0.026255570003998013,0.05495148515061437,-0.030692062845302535,0.0010553035138812655,3.5676435719831294e-08,,,,,,,,,,,,
6.782992611823515,grasp,,,,,,,,,,,,,,,,,,,,,0.0973464772105217,0.025202510878443718,0.048298437148332596,-0.028565557673573494,0.0011222503380849957,0.005853321403264999,0.03140783216804266,0.07484235476518165,0.019165211752330314,0.039395326724131687,-0.021928285346251977,0.0007537859914021124,2.539274406599981e-08,,,,,,,,,,,,
6.802992611823515,grasp,,,,,,,,,,,,,,,,,,,,,0.08638670295476913,0.02266259677708149,0.042533811181783676,-0.025370877236127853,0.0011605708859860897,0.005848844535648823,0.03140783216804266,0.07484235476518165,0.019165211752330314,0.039395326724131687,-0.021928285346251977,0.0007537859914021124,2.539274406599981e-08,,,,,,,,,,,,
6.822992611823516,grasp,,,,,,,,,,,,,,,,,,,,,0.06909094750881195,0.018482573330402374,0.03359370678663254,-0.02029566280543804,0.0008353895973414183,0.005854030605405569,0.03140783216804266,0.05067793621900152,0.013318670175817449,0.02679137616530238,-0.01485582973698861,0.0005104576120164399,1.709364376601431e-08,,,,,,,,,,,,
6.842992611823515,grasp,,,,,,,,,,,,,,,,,,,,,0.060124848037958145,0.016363102942705154,0.028864040970802307,-0.017681388184428215,0.0008618493448011577,0.005850533954799175,0.03140783216804266,0.05067793621900152,0.013318670175817449,0.02679137616530238,-0.01485582973698861,0.0005104576120164399,1.709364376601431e-08,,,,,,,,,,,,
6.862992611823515,grasp,,,,,,,,,,,,,,,,,,,,,0.04649190604686737,0.012994431890547276,0.021787388250231743,-0.013680282048881054,0.0006040500593371689,0.005854604300111532,0.03140783216804266,0.03197768322747593,0.008683989808398023,0.01698844393911982,-0.009381864671995532,0.0003221222384907159,1.0670162231629328e-08,,,,,,,,,,,,
6.882992611823515,grasp,,,,,,,,,,,,,,,,,,,,,0.03942590951919556,0.011284899897873402,0.018047159537672997,-0.011619246564805508,0.0006193578592501581,0.005852056201547384,0.03140783216804266,0.03197768322747593,0.008683989808398023,0.01698844393911982,-0.009381864671995532,0.0003221222384907159,1.0670162231629328e-08,,,,,,,,,,,,
6.902992611823515,grasp,,,,,,,,,,,,,,,,,,,,,0.02918844297528267,0.008704053238034248,0.012711239978671074,-0.008614134974777699,0.000424267869675532,0.005855130963027477,0.03140783216804266,0.018288031382952742,0.005223548257793329,0.00978157336374011,-0.005374143375183928,0.0001842315894737064,5.967180128159889e-09,,,,,,,,,,,,
6.922992611823515,grasp,,,,,,,,,,,,,,,,,,,,,0.023883715271949768,0.0073930853977799416,0.009893715381622314,-0.007066148798912764,0.0004303696914575994,0.0058533851988613605,0.03140783216804266,0.018288031382952742,0.005223548257793329,0.00978157336374011,-0.005374143375183928,0.0001842315894737064,5.967180128159889e-09,,,,,,,,,,,,
6.942992611823515,grasp,,,,,,,,,,,,,,,,,,,,,0.016690460965037346,0.005551421549171209,0.006133533548563719,-0.004954230505973101,0.00029131004703231156,0.005855644587427378,0.03140783216804266,0.009029414674478672,0.0028510417956683883,0.0048928605802115565,-0.0026634105306641304,9.096434570222046e-05,2.7861508631784763e-09,,,,,,,,,,,,
6.962992611823515,grasp,,,,,,,,,,,,,,,,,,,,,0.01296459510922432,0.004613919649273157,0.0041519650258123875,-0.0038663093000650406,0.0002898474922403693,0.0058545758947730064,0.03140783216804266,0.009029414674478672,0.0028510417956683883,0.0048928605802115565,-0.0026634105306641304,9.096434570222046e-05,2.7861508631784763e-09,,,,,,,,,,,,
6.982992611823515,grasp,,,,,,,,,,,,,,,,,,,,,0.008378361351788044,0.003430096199735999,0.001751580974087119,-0.0025195188354700804,0.00019909435650333762,0.005856060888618231,0.03140783216804266,0.003490847291161676,0.0014260179652913472,0.0019657857223320863,-0.0010417919027127399,3.5169666382709615e-05,8.831837687432958e-10,,,,,,,,,,,,
7.002992611823515,grasp,,,,,,,,,,,,,,,,,,,,,0.006004311144351959,0.0028261379338800907,0.0004891780554316938,-0.001825733226723969,0.00019207688455935568,0.005855603609234095,0.03140783216804266,0.003490847291161676,0.0014260179652913472,0.0019657857223320863,-0.0010417919027127399,3.5169666382709615e-05,8.831837687432958e-10,,,,,,,,,,,,
7.022992611823515,grasp,,,,,,,,,,,,,,,,,,,,,0.0034997626207768917,0.002152859466150403,0.00015031702059786767,-0.0010895095765590668,0.0001424486981704831,0.005856751464307308,0.03140783216804266,0.0008273126101419217,0.0007402095982631936,0.0005579070937675434,-0.0002619409693091744,8.337489269037704e-06,-3.197067985136761e-11,,,,,,,,,,,,
7.042992611823515,grasp,,,,,,,,,,,,,,,,,,,,,0.002205132506787777,0.0018074692925438285,0.00013994362961966544,-0.00071025948273018,0.00013213437341619283,0.005856573116034269,0.03140783216804266,0.0008273126101419217,0.0007402095982631936,0.0005579070937675434,-0.0002619409693091744,8.337489269037704e-06,-3.197067985136761e-11,,,,,,,,,,,,
7.062992611823515,grasp,,,,,,,,,,,,,,,,,,,,,0.0011628556530922651,0.0015344886342063546,0.0001333051041001454,-0.00040380898281000555,0.00010797889262903482,0.005856946110725403,0.03140783216804266,4.37418403557086e-05,0.0005384575781576056,0.0001437319307625733,-3.252087221512399e-05,4.438779879484785e-07,-3.0119495628886544e-10,,,,,,,,,,,,
7.082992611823515,grasp,,,,,,,,,,,,,,,,,,,,,0.0006252430030144751,0.0013937639305368066,0.00012973416596651077,-0.00024594934075139463,9.814659279072657e-05,0.005857108160853386,0.03140783216804266,4.37418403557086e-05,0.0005384575781576056,0.0001437319307625733,-3.252087221512399e-05,4.438779879484785e-07,-3.0119495628886544e-10,,,,,,,,,,,,
7.08598522364703,grasp,,,,,,,,,,,,,,,,,,,,,0.00032835316960699856,0.0013159409863874316,0.0001304871984757483,-0.00015843549044802785,8.813620661385357e-05,0.0058573270216584206,0.03140783216804266,-8.672280671362387e-08,0.0005271726986393332,0.00012056528794346377,-1.9688395695993677e-05,2.353526706855291e-09,-3.162538564360773e-10,,,,,,,,,,,,
0.0,grasp,,,,,,,,,,,,,,,,,,,,,,,,,,,3.4549149319218486e-08,,,,,,,0.043,,,,,,,,,,,
0.02,grasp,,,,,,,,,,,,,,,,,,,,,,,,,,,4.85406894767948e-06,,,,,,,0.043,,,,,,,,,,,
0.04,grasp,,,,,,,,,,,,,,,,,,,,,,,,,,,4.07575789722614e-05,,,,,,,0.043,,,,,,,,,,,
0.06,grasp,,,,,,,,,,,,,,,,,,,,,,,,,,,0.00014516274677589536,,,,,,,0.043,,,,,,,,,,,
0.08,grasp,,,,,,,,,,,,,,,,,,,,,,,,,,,0.0003563169448170811,,,,,,,0.043,,,,,,,,,,,
0.1,grasp,,,,,,,,,,,,,,,,,,,,,,,,,,,0.0007082616502884775,,,,,,,0.043,,,,,,,,,,,
0.12,grasp,,,,,,,,,,,,,,,,,,,,,,,,,,,0.0012284344411455095,,,,,,,0.043,,,,,,,,,,,
0.14,grasp,,,,,,,,,,,,,,,,,,,,,,,,,,,0.0019369490910321474,,,,,,,0.043,,,,,,,,,,,
0.16,grasp,,,,,,,,,,,,,,,,,,,,,,,,,,,0.0028464358765631914,,,,,,,0.043,,,,,,,,,,,
0.18,grasp,,,,,,,,,,,,,,,,,,,,,,,,,,,0.003962450660765171,,,,,,,0.043,,,,,,,,,,,
0.2,grasp,,,,,,,,,,,,,,,,,,,,,,,,,,,0.005283842794597149,,,,,,,0.043,,,,,,,,,,,
0.22,grasp,,,,,,,,,,,,,,,,,,,,,,,,,,,0.006803404772654176,,,,,,,0.043,,,,,,,,,,,
0.24,grasp,,,,,,,,,,,,,,,,,,,,,,,,,,,0.008508493192493916,,,,,,,0.043,,,,,,,,,,,
0.26,grasp,,,,,,,,,,,,,,,,,,,,,,,,,,,0.010381691623479128,,,,,,,0.043,,,,,,,,,,,
0.28,grasp,,,,,,,,,,,,,,,,,,,,,,,,,,,0.012401464860886335,,,,,,,0.043,,,,,,,,,,,
0.3,grasp,,,,,,,,,,,,,,,,,,,,,,,,,,,0.014542854856699705,,,,,,,0.043,,,,,,,,,,,
0.32,grasp,,,,,,,,,,,,,,,,,,,,,,,,,,,0.016778131015598774,,,,,,,0.043,,,,,,,,,,,
0.34,grasp,,,,,,,,,,,,,,,,,,,,,,,,,,,0.019077499397099018,,,,,,,0.043,,,,,,,,,,,
0.36,grasp,,,,,,,,,,,,,,,,,,,,,,,,,,,0.021409736946225166,,,,,,,0.043,,,,,,,,,,,
0.38,grasp,,,,,,,,,,,,,,,,,,,,,,,,,,,0.023742946796119213,,,,,,,0.043,,,,,,,,,,,
0.4,grasp,,,,,,,,,,,,,,,,,,,,,,,,,,,0.02604517061263323,,,,,,,0.043,,,,,,,,,,,
0.42,grasp,,,,,,,,,,,,,,,,,,,,,,,,,,,0.02828508336097002,,,,,,,0.043,,,,,,,,,,,
0.44,grasp,,,,,,,,,,,,,,,,,,,,,,,,,,,0.03043272066861391,,,,,,,0.043,,,,,,,,,,,
0.46,grasp,,,,,,,,,,,,,,,,,,,,,,,,,,,0.03246011212468147,,,,,,,0.043,,,,,,,,,,,
0.48,grasp,,,,,,,,,,,,,,,,,,,,,,,,,,,0.03434199094772339,,,,,,,0.043,,,,,,,,,,,
0.5,grasp,,,,,,,,,,,,,,,,,,,,,,,,,,,0.0360563974827528,,,,,,,0.043,,,,,,,,,,,
0.52,grasp,,,,,,,,,,,,,,,,,,,,,,,,,,,0.037585511803627014,,,,,,,0.043,,,,,,,,,,,
0.54,grasp,,,,,,,,,,,,,,,,,,,,,,,,,,,0.0389162078499794,,,,,,,0.043,,,,,,,,,,,
0.56,grasp,,,,,,,,,,,,,,,,,,,,,,,,,,,0.04004077799618244,,,,,,,0.043,,,,,,,,,,,
0.58,grasp,,,,,,,,,,,,,,,,,,,,,,,,,,,0.04095758497714996,,,,,,,0.043,,,,,,,,,,,
0.6,grasp,,,,,,,,,,,,,,,,,,,,,,,,,,,0.04167182743549347,,,,,,,0.043,,,,,,,,,,,
0.62,grasp,,,,,,,,,,,,,,,,,,,,,,,,,,,0.042196109890937805,,,,,,,0.043,,,,,,,,,,,
0.64,grasp,,,,,,,,,,,,,,,,,,,,,,,,,,,0.0425511971116066,,,,,,,0.043,,,,,,,,,,,
0.66,grasp,,,,,,,,,,,,,,,,,,,,,,,,,,,0.04276668466627598,,,,,,,0.043,,,,,,,,,,,
0.68,grasp,,,,,,,,,,,,,,,,,,,,,,,,,,,0.042881689965724945,,,,,,,0.043,,,,,,,,,,,
0.68,grasp,,,,,,,,,,,,,,,,,,,,,-1.6439102523690963e-07,0.001045617857016623,0.00012923382746521384,-3.906420897692442e-05,8.117009286934262e-09,-7.647812938493814e-10,0.042881689965724945,-8.672280671362387e-08,0.0005271726986393332,0.00012056528794346377,-1.9688395695993677e-05,2.353526706855291e-09,-3.162538564360773e-10,,,,,,,,,,,,
0.7000000000000001,grasp,,,,,,,,,,,,,,,,,,,,,-1.6579167549934937e-07,0.0010503781959414482,0.00012924251495860517,-3.924385964637622e-05,7.980703209398143e-09,-7.769825893788607e-10,0.042881689965724945,-8.672280671362387e-08,0.0005271726986393332,0.00012056528794346377,-1.9688395695993677e-05,2.353526706855291e-09,-3.162538564360773e-10,,,,,,,,,,,,
0.7200000000000001,grasp,,,,,,,,,,,,,,,,,,,,,0.00010221367119811475,0.00107968645170331,0.00012909322686027735,-6.994761497480795e-05,1.42386829793395e-06,-8.66818439249073e-09,0.042881689965724945,0.00021565359452073863,0.0005827210280695683,0.0002346000277683615,-8.285456734893068e-05,2.1756993917770725e-06,-2.421284087624978e-10,,,,,,,,,,,,
0.74,grasp,,,,,,,,,,,,,,,,,,,,,0.00015608358080498874,0.0010949474526569247,0.00012908296776004136,-8.577542757848278e-05,1.4797924450249411e-06,2.363315987352621e-09,0.042881689965724945,0.00021565359452073863,0.0005827210280695683,0.0002346000277683615,-8.285456734893068e-05,2.1756993917770725e-06,-2.421284087624978e-10,,,,,,,,,,,,
0.76,grasp,,,,,,,,,,,,,,,,,,,,,0.0008827433921396732,0.0012831443455070257,0.00012759609671775252,-0.000299931678455323,1.1282227205811068e-05,-5.163140315289638e-08,0.042881689965724945,0.0016673951633426876,0.0009565121390457952,0.0010019529004843715,-0.0005079070330779915,1.6800394281974906e-05,2.56670272270467e-10,,,,,,,,,,,,
0.78,grasp,,,,,,,,,,,,,,,,,,,,,0.0012591334525495768,0.0013814237900078297,0.00012755146599374712,-0.00041035909089259803,1.1756126696127467e-05,2.3507649160592337e-08,0.042881689965724945,0.0016673951633426876,0.0009565121390457952,0.0010019529004843715,-0.0005079070330779915,1.6800394281974906e-05,2.56670272270467e-10,,,,,,,,,,,,
0.8,grasp,,,,,,,,,,,,,,,,,,,,,0.003279264783486724,0.0019216483924537897,0.00040086256922222674,-0.0010035114828497171,3.815185118583031e-05,-1.0897366564677213e-07,0.042881689965724945,0.005441100082794334,0.001928146833307465,0.002996630629974295,-0.0016128022861439234,5.481630938486389e-05,1.5532640520012567e-09,,,,,,,,,,,,
0.8200000000000001,grasp,,,,,,,,,,,,,,,,,,,,,0.004325287416577339,0.0021892471704632044,0.0006265236297622323,-0.001308658393099904,4.0108767279889435e-05,8.371928572614706e-08,0.042881689965724945,0.005441100082794334,0.001928146833307465,0.002996630629974295,-0.0016128022861439234,5.481630938486389e-05,1.5532640520012567e-09,,,,,,,,,,,,
0.8400000000000001,grasp,,,,,,,,,,,,,,,,,,,,,0.008263605646789074,0.003202022984623909,0.002523789880797267,-0.002463198034092784,9.078557923203334e-05,-1.5716875623184023e-07,0.042881689965724945,0.01246704037196538,0.003732898572258943,0.006708426808034371,-0.003669883433827321,0.0001255937422222325,3.967242102094477e-09,,,,,,,,,,,,
0.8600000000000001,grasp,,,,,,,,,,,,,,,,,,,,,0.010302267037332058,0.0037152881268411875,0.003538945922628045,-0.0030578121077269316,9.572564886184409e-05,1.9345483792676532e-07,0.042881689965724945,0.01246704037196538,0.003732898572258943,0.006708426808034371,-0.003669883433827321,0.0001255937422222325,3.967242102094477e-09,,,,,,,,,,,,
0.8800000000000001,grasp,,,,,,,,,,,,,,,,,,,,,0.016705477610230446,0.005355208646506071,0.006852038204669952,-0.004934784956276417,0.00017756082525011152,-1.8719205741035694e-07,0.042881689965724945,0.023531563202161987,0.006552063558532294,0.012543400918684756,-0.0069092374713061785,0.00023704852326915447,7.76858647771055e-09,,,,,,,,,,,,
0.9,grasp,,,,,,,,,,,,,,,,,,,,,0.020019302144646645,0.006185655482113361,0.008613478392362595,-0.005901523400098085,0.00018700312648434192,3.5297210843054927e-07,0.042881689965724945,0.023531563202161987,0.006552063558532294,0.012543400918684756,-0.0069092374713061785,0.00023704852326915447,7.76858647771055e-09,,,,,,,,,,,,
0.92,grasp,,,,,,,,,,,,,,,,,,,,,0.02934887632727623,0.008545225486159325,0.013477745465934277,-0.008636069484055042,0.000305873341858387,-1.9541897700037225e-07,0.042881689965724945,0.03928815168595901,0.010504887399587394,0.020824778339787797,-0.011521858264629689,0.00039575043021642,1.3181370428252519e-08,,,,,,,,,,,,
0.9400000000000001,grasp,,,,,,,,,,,,,,,,,,,,,0.03417632728815079,0.0097409188747406,0.01605946756899357,-0.010044524446129799,0.0003212024748791009,5.594442882284056e-07,0.042881689965724945,0.03928815168595901,0.010504887399587394,0.020824778339787797,-0.011521858264629689,0.00039575043021642,1.3181370428252519e-08,,,,,,,,,,,,
0.9600000000000001,grasp,,,,,,,,,,,,,,,,,,,,,0.046810247004032135,0.0128724230453372,0.02262967638671398,-0.013747146353125572,0.00048193641123361886,-1.808168690331513e-07,0.042881689965724945,0.06026446244130749,0.015650230768923308,0.031796894675462185,-0.017661703760666326,0.0006069941894830063,2.038617822076433e-08,,,,,,,,,,,,
0.98,grasp,,,,,,,,,,,,,,,,,,,,,0.05334664136171341,0.01445961557328701,0.02611374855041504,-0.01565423607826233,0.000504360010381788,8.080688189693319e-07,0.042881689965724945,0.06026446244130749,0.015650230768923308,0.031796894675462185,-0.017661703760666326,0.0006069941894830063,2.038617822076433e-08,,,,,,,,,,,,
1.0,grasp,,,,,,,,,,,,,,,,,,,,,0.06957727670669556,0.018392011523246765,0.034518107771873474,-0.0204103235155344,0.0007106880657374859,-1.4306249340734212e-07,0.042881689965724945,0.0868571614112551,0.022019093829863286,0.045639964670183844,-0.025444416645760096,0.0008747582071591794,2.9518681306040027e-08,,,,,,,,,,,,
1.02,grasp,,,,,,,,,,,,,,,,,,,,,0.0779736116528511,0.0203852578997612,0.038971904665231705,-0.022860029712319374,0.0007412214763462543,1.0942544577119406e-06,0.042881689965724945,0.0868571614112551,0.022019093829863286,0.045639964670183844,-0.025444416645760096,0.0008747582071591794,2.9518681306040027e-08,,,,,,,,,,,,
1.04,grasp,,,,,,,,,,,,,,,,,,,,,0.09800413995981216,0.025146422907710075,0.04930834472179413,-0.028728969395160675,0.0009957097936421633,-8.152997565957776e-08,0.042881689965724945,0.11932546926329761,0.029652911012316627,0.062486473926705303,-0.03494570745787503,0.00120165129663764,4.06678118657859e-08,,,,,,,,,,,,
1.06,grasp,,,,,,,,,,,,,,,,,,,,,0.1083652526140213,0.027559885755181313,0.05478302389383316,-0.03175187110900879,0.0010351869277656078,1.4112982853475842e-06,0.042881689965724945,0.11932546926329761,0.029652911012316627,0.062486473926705303,-0.03494570745787503,0.00120165129663764,4.06678118657859e-08,,,,,,,,,,,,
1.08,grasp,,,,,,,,,,,,,,,,,,,,,0.13231748342514038,0.0331713892519474,0.06711552292108536,-0.038769274950027466,0.0013393629342317581,2.040302149453055e-09,0.042881689965724945,0.15780948780502563,0.038580875344808224,0.0824148449281394,-0.046206548726157516,0.0015890876095118623,5.3881740591146156e-08,,,,,,,,,,,,
1.1,grasp,,,,,,,,,,,,,,,,,,,,,0.1447061151266098,0.036016158759593964,0.07364413142204285,-0.04238373041152954,0.0013884244253858924,1.7529198430565884e-06,0.042881689965724945,0.15780948780502563,0.038580875344808224,0.0824148449281394,-0.046206548726157516,0.0015890876095118623,5.3881740591146156e-08,,,,,,,,,,,,
1.12,grasp,,,,,,,,,,,,,,,,,,,,,0.17263181507587433,0.04247887805104256,0.08799777925014496,-0.05056477710604668,0.00174288812559098,1.0552695073329232e-07,0.042881689965724945,0.20234951861073072,0.048793030340634196,0.105441327734171,-0.05923872392500891,0.002037468581074451,6.917406218113251e-08,,,,,,,,,,,,
1.1400000000000001,grasp,,,,,,,,,,,,,,,,,,,,,0.18707463145256042,0.0457555390894413,0.09559252113103867,-0.0547785721719265,0.0018020091811195016,2.1122248199390015e-06,0.042881689965724945,0.20234951861073072,0.048793030340634196,0.105441327734171,-0.05923872392500891,0.002037468581074451,6.917406218113251e-08,,,,,,,,,,,,
1.1600000000000001,grasp,,,,,,,,,,,,,,,,,,,,,0.21895655989646912,0.05306520313024521,0.11195813119411469,-0.06411827355623245,0.002206449629738927,2.2738339566785726e-07,0.042881689965724945,0.2528813086672138,0.060280315192954737,0.13153211021916214,-0.0740236549525722,0.00254614565978644,8.65225921080285e-08,,,,,,,,,,,,
1.1800000000000002,grasp,,,,,,,,,,,,,,,,,,,,,0.23544429242610931,0.056771885603666306,0.12061290442943573,-0.06892890483140945,0.0022759437561035156,2.4823359581205295e-06,0.042881689965724945,0.2528813086672138,0.060280315192954737,0.13153211021916214,-0.0740236549525722,0.00254614565978644,8.65225921080285e-08,,,,,,,,,,,,
1.2000000000000002,grasp,,,,,,,,,,,,,,,,,,,,,0.2712029814720154,0.06491027772426605,0.13894963264465332,-0.07940397411584854,0.002729223808273673,3.650574456059985e-07,0.042881689965724945,0.30924987123545117,0.07300785942847685,0.16060679015889345,-0.09051598551214408,0.0031135610647155805,1.0587429138195181e-07,,,,,,,,,,,,
1.2200000000000002,grasp,,,,,,,,,,,,,,,,,,,,,0.28969424962997437,0.06903804838657379,0.14864157140254974,-0.0847993865609169,0.0028092521242797375,2.8567849312821636e-06,0.042881689965724945,0.30924987123545117,0.07300785942847685,0.16060679015889345,-0.09051598551214408,0.0031135610647155805,1.0587429138195181e-07,,,,,,,,,,,,
1.2400000000000002,grasp,,,,,,,,,,,,,,,,,,,,,0.3291940987110138,0.07796885818243027,0.16887891292572021,-0.09637001156806946,0.0033095162361860275,5.148679633748543e-07,0.042881689965724945,0.3712186937868843,0.08691095191501318,0.1925408373844634,-0.10864632753782678,0.003737340538832056,1.2714843931324755e-07,,,,,,,,,,,,
1.26,grasp,,,,,,,,,,,,,,,,,,,,,0.3496187627315521,0.0824994295835495,0.1795695722103119,-0.10232964903116226,0.003400103421881795,3.2284569897456095e-06,0.042881689965724945,0.3712186937868843,0.08691095191501318,0.1925408373844634,-0.10864632753782678,0.003737340538832056,1.2714843931324755e-07,,,,,,,,,,,,
1.28,grasp,,,,,,,,,,,,,,,,,,,,,0.3926684856414795,0.09218472987413406,0.20161263644695282,-0.114939846098423,0.003944738768041134,6.75994556331716e-07,0.042881689965724945,0.43846728552220976,0.10193187957117845,0.22717472260502508,-0.128320952131631,0.004414262234735221,1.5023506289089137e-07,,,,,,,,,,,,
1.3,grasp,,,,,,,,,,,,,,,,,,,,,0.4149273633956909,0.09709922224283218,0.21325036883354187,-0.12143485993146896,0.004045783542096615,3.5910327369492734e-06,0.042881689965724945,0.43846728552220976,0.10193187957117845,0.22717472260502508,-0.128320952131631,0.004414262234735221,1.5023506289089137e-07,,,,,,,,,,,,
1.32,grasp,,,,,,,,,,,,,,,,,,,,,0.46129128336906433,0.10748211294412613,0.23697766661643982,-0.13501553237438202,0.004631626419723034,8.427380748798896e-07,0.042881689965724945,0.5106129776322177,0.1179742783716926,0.2643082608428331,-0.14942801024746183,0.00514046735957314,1.7500204157291174e-07,,,,,,,,,,,,
1.34,grasp,,,,,,,,,,,,,,,,,,,,,0.4852619469165802,0.11275170743465424,0.249497190117836,-0.1420103758573532,0.004742888733744621,3.937074325222056e-06,0.042881689965724945,0.5106129776322177,0.1179742783716926,0.2643082608428331,-0.14942801024746183,0.00514046735957314,1.7500204157291174e-07,,,,,,,,,,,,
1.36,grasp,,,,,,,,,,,,,,,,,,,,,0.5346588492393494,0.12377408146858215,0.27476710081100464,-0.15647919476032257,0.005366172641515732,1.0138477364307619e-06,0.042881689965724945,0.5872047437606532,0.1349500443245548,0.30371364889244834,-0.1718355568879376,0.005911410741434951,2.0129461115229268e-07,,,,,,,,,,,,
1.3800000000000001,grasp,,,,,,,,,,,,,,,,,,,,,0.5601961612701416,0.12936952710151672,0.28809240460395813,-0.16393142938613892,0.005487291608005762,4.260830792190973e-06,0.042881689965724945,0.5872047437606532,0.1349500443245548,0.30371364889244834,-0.1718355568879376,0.005911410741434951,2.0129461115229268e-07,,,,,,,,,,,,
1.4,grasp,,,,,,,,,,,,,,,,,,,,,0.6123090386390686,0.14095954596996307,0.3147430717945099,-0.17919538915157318,0.006143779959529638,1.1876252301590284e-06,0.042881689965724945,0.6677415616725021,0.1527433273479554,0.34513270044058914,-0.19539679107798513,0.006722038387750451,2.289414181548571e-07,,,,,,,,,,,,
1.42,grasp,,,,,,,,,,,,,,,,,,,,,0.6392487287521362,0.1468445360660553,0.32878801226615906,-0.18705710768699646,0.006274265702813864,4.558502496365691e-06,0.042881689965724945,0.6677415616725021,0.1527433273479554,0.34513270044058914,-0.19539679107798513,0.006722038387750451,2.289414181548571e-07,,,,,,,,,,,,
1.44,grasp,,,,,,,,,,,,,,,,,,,,,0.6937264800071716,0.15892761945724487,0.3566414415836334,-0.20301330089569092,0.0069593521766364574,1.3547639809985412e-06,0.042881689965724945,0.7516722654490956,0.17123993343669092,0.38828458664722837,-0.21995033798398464,0.007566813606540873,2.5775308899890603e-07,,,,,,,,,,,,
1.46,grasp,,,,,,,,,,,,,,,,,,,,,0.7218868732452393,0.16506417095661163,0.37131163477897644,-0.2112315148115158,0.0070985909551382065,4.825034920941107e-06,0.042881689965724945,0.7516722654490956,0.17123993343669092,0.38828458664722837,-0.21995033798398464,0.007566813606540873,2.5775308899890603e-07,,,,,,,,,,,,
1.48,grasp,,,,,,,,,,,,,,,,,,,,,0.7783516049385071,0.17755833268165588,0.4001750648021698,-0.22776897251605988,0.007807331159710884,1.5177880641203956e-06,0.042881689965724945,0.8384076235782857,0.19031252026808318,0.4328670775951756,-0.2453237119620677,0.008439821028908535,2.8752646719345187e-07,,,,,,,,,,,,
1.5,grasp,,,,,,,,,,,,,,,,,,,,,0.8075366020202637,0.18390491604804993,0.4153684973716736,-0.23628650605678558,0.007954630069434643,5.0495350478740875e-06,0.042881689965724945,0.8384076235782857,0.19031252026808318,0.4328670775951756,-0.2453237119620677,0.008439821028908535,2.8752646719345187e-07,,,,,,,,,,,,
1.52,grasp,,,,,,,,,,,,,,,,,,,,,0.8655865788459778,0.19672222435474396,0.445036917924881,-0.2532879412174225,0.008681770414113998,1.6676997347531142e-06,0.042881689965724945,0.9273268225052316,0.20982488069704652,0.4785611156287267,-0.27133555227562234,0.009334776635472775,3.180486755581423e-07,,,,,,,,,,,,
1.54,grasp,,,,,,,,,,,,,,,,,,,,,0.8955889940261841,0.20323415100574493,0.4606454074382782,-0.26204419136047363,0.008836307562887669,5.233051979303127e-06,0.042881689965724945,0.9273268225052316,0.20982488069704652,0.4785611156287267,-0.27133555227562234,0.009334776635472775,3.180486755581423e-07,,,,,,,,,,,,
1.56,grasp,,,,,,,,,,,,,,,,,,,,,0.9548050165176392,0.21628554165363312,0.49090513586997986,-0.2793867290019989,0.00957641750574112,1.805783767849789e-06,0.042881689965724945,1.0177828028155893,0.22964189154421485,0.5250358014460549,-0.29779686019228163,0.010245143886440464,3.4909832023176554e-07,,,,,,,,,,,,
1.58,grasp,,,,,,,,,,,,,,,,,,,,,0.9854078888893127,0.22291743755340576,0.5068162083625793,-0.2883186638355255,0.009737229906022549,5.371245151764015e-06,0.042881689965724945,1.0177828028155893,0.22964189154421485,0.5250358014460549,-0.29779686019228163,0.010245143886440464,3.4909832023176554e-07,,,,,,,,,,,,
1.6,grasp,,,,,,,,,,,,,,,,,,,,,1.045357346534729,0.23610998690128326,0.5374462604522705,-0.305875688791275,0.010484793223440647,1.9280198557680706e-06,0.042881689965724945,1.1091126383526497,0.24962135910545993,0.5719504430809852,-0.3245137386284807,0.011164319242751285,3.8044783345427644e-07,,,,,,,,,,,,
1.62,grasp,,,,,,,,,,,,,,,,,,,,,1.0763368606567383,0.24281451106071472,0.5535438656806946,-0.3149181604385376,0.010650858283042908,5.462746230477933e-06,0.042881689965724945,1.1091126383526497,0.24962135910545993,0.5719504430809852,-0.3245137386284807,0.011164319242751285,3.8044783345427644e-07,,,,,,,,,,,,
1.6400000000000001,grasp,,,,,,,,,,,,,,,,,,,,,1.1365785598754883,0.2560533583164215,0.5843186974525452,-0.3325606882572174,0.011400329880416393,2.030682708209497e-06,0.042881689965724945,1.200643792652587,0.2696189169413751,0.6189593633298538,-0.35128957788212467,0.012085564710094844,4.118662116229068e-07,,,,,,,,,,,,
1.6600000000000001,grasp,,,,,,,,,,,,,,,,,,,,,1.1677076816558838,0.2627822458744049,0.6004849672317505,-0.3416469991207123,0.011570503003895283,5.504487489815801e-06,0.042881689965724945,1.200643792652587,0.2696189169413751,0.6189593633298538,-0.35128957788212467,0.012085564710094844,4.118662116229068e-07,,,,,,,,,,,,
1.6800000000000002,grasp,,,,,,,,,,,,,,,,,,,,,1.2277990579605103,0.2759716212749481,0.6311781406402588,-0.35924556851387024,0.01231625210493803,2.1134221697138855e-06,0.042881689965724945,1.2917015279633959,0.2894895776956798,0.6657157258754027,-0.37792754336606227,0.01300200851617301,4.4312233088266635e-07,,,,,,,,,,,,
1.7000000000000002,grasp,,,,,,,,,,,,,,,,,,,,,1.2588471174240112,0.28267598152160645,0.6472945809364319,-0.36830922961235046,0.012489269487559795,5.502767180587398e-06,0.042881689965724945,1.2917015279633959,0.2894895776956798,0.6657157258754027,-0.37792754336606227,0.01300200851617301,4.4312233088266635e-07,,,,,,,,,,,,
1.7200000000000002,grasp,,,,,,,,,,,,,,,,,,,,,1.318345308303833,0.29572153091430664,0.677679717540741,-0.3857344090938568,0.013225850649178028,2.1777166239189683e-06,0.042881689965724945,1.3816157470678097,0.3090913432436041,0.7118761614383946,-0.40423205396776035,0.013906959355373238,4.739870064814186e-07,,,,,,,,,,,,
1.7400000000000002,grasp,,,,,,,,,,,,,,,,,,,,,1.3490853309631348,0.3023530840873718,0.6936277151107788,-0.39470866322517395,0.013400431722402573,5.452203367894981e-06,0.042881689965724945,1.3816157470678097,0.3090913432436041,0.7118761614383946,-0.40423205396776035,0.013906959355373238,4.739870064814186e-07,,,,,,,,,,,,
1.7600000000000002,grasp,,,,,,,,,,,,,,,,,,,,,1.4075546264648438,0.31516125798225403,0.7234827280044556,-0.41183313727378845,0.014122492633759975,2.2237611574382754e-06,0.042881689965724945,1.4697294044731057,0.3282835661889935,0.7571040943215618,-0.43001110280074617,0.014793894195992204,5.042355157560083e-07,,,,,,,,,,,,
1.7800000000000002,grasp,,,,,,,,,,,,,,,,,,,,,1.4377604722976685,0.3216724693775177,0.7391464710235596,-0.4206525385379791,0.014297313056886196,5.357953341444954e-06,0.042881689965724945,1.4697294044731057,0.3282835661889935,0.7571040943215618,-0.43001110280074617,0.014793894195992204,5.042355157560083e-07,,,,,,,,,,,,
1.8000000000000003,grasp,,,,,,,,,,,,,,,,,,,,,1.4947768449783325,0.3341517448425293,0.7682551145553589,-0.4373520016670227,0.014999723993241787,2.245677478640573e-06,0.042881689965724945,1.5554054717456782,0.34692968385415357,0.8010741241767455,-0.45507840820693135,0.01565632695450955,5.336484069365059e-07,,,,,,,,,,,,
1.8200000000000003,grasp,,,,,,,,,,,,,,,,,,,,,1.5242304801940918,0.3404962122440338,0.7835220694541931,-0.445952445268631,0.01517331600189209,5.220867933530826e-06,0.042881689965724945,1.5554054717456782,0.34692968385415357,0.8010741241767455,-0.45507840820693135,0.01565632695450955,5.336484069365059e-07,,,,,,,,,,,,
1.8399999999999999,grasp,,,,,,,,,,,,,,,,,,,,,1.5793859958648682,0.3525591492652893,0.811677098274231,-0.46210777759552,0.01585116609930992,2.246212943646242e-06,0.042881689965724945,1.6380346460269268,0.36489950848000613,0.843474990385085,-0.479255830431947,0.016488124465136523,5.620174628064383e-07,,,,,,,,,,,,
1.8599999999999999,grasp,,,,,,,,,,,,,,,,,,,,,1.6078760623931885,0.358691930770874,0.8264385461807251,-0.4704280197620392,0.016022104769945145,5.044879344495712e-06,0.042881689965724945,1.6380346460269268,0.36489950848000613,0.843474990385085,-0.479255830431947,0.016488124465136523,5.620174628064383e-07,,,,,,,,,,,,
1.88,grasp,,,,,,,,,,,,,,,,,,,,,1.660784125328064,0.37025541067123413,0.8534442782402039,-0.48592609167099,0.016670841723680496,2.2269314285949804e-06,0.042881689965724945,1.717042675185634,0.3820703922250172,0.8840137952812563,-0.5023757356016634,0.01728358721541143,5.891471870126795e-07,,,,,,,,,,,,
1.9,grasp,,,,,,,,,,,,,,,,,,,,,1.688111662864685,0.37613463401794434,0.8675985336303711,-0.4939078688621521,0.01683768257498741,4.834864739677869e-06,0.042881689965724945,1.717042675185634,0.3820703922250172,0.8840137952812563,-0.5023757356016634,0.01728358721541143,5.891471870126795e-07,,,,,,,,,,,,
1.92,grasp,,,,,,,,,,,,,,,,,,,,,1.738411784172058,0.38712143898010254,0.893272876739502,-0.5086437463760376,0.01745309866964817,2.1903972537984373e-06,0.042881689965724945,1.7918964265483717,0.39832851479992,0.9224226812931595,-0.5242832655645471,0.018037332489799926,6.148543467959055e-07,,,,,,,,,,,,
1.94,grasp,,,,,,,,,,,,,,,,,,,,,1.7643907070159912,0.3927074074745178,0.9067252278327942,-0.5162330269813538,0.01761442795395851,4.596513008436887e-06,0.042881689965724945,1.7918964265483717,0.39832851479992,0.9224226812931595,-0.5242832655645471,0.018037332489799926,6.148543467959055e-07,,,,,,,,,,,,
1.96,grasp,,,,,,,,,,,,,,,,,,,,,1.804526925086975,0.4071868360042572,0.9270462393760681,-0.5220996141433716,0.01785835064947605,2.482840045558987e-06,0.042881689965724945,1.8471958069260652,0.42216088135218216,0.9504457449525359,-0.5283147414076429,0.018086615087009327,6.821097195613385e-07,,,,,,,,,,,,
1.98,grasp,,,,,,,,,,,,,,,,,,,,,1.8252512216567993,0.4146272838115692,0.9376654028892517,-0.5251201391220093,0.017873387783765793,4.028333933092654e-06,0.042881689965724945,1.8471958069260652,0.42216088135218216,0.9504457449525359,-0.5283147414076429,0.018086615087009327,6.821097195613385e-07,,,,,,,,,,,,
2.0,grasp,,,,,,,,,,,,,,,,,,,,,1.835124135017395,0.44390395283699036,0.9419107437133789,-0.5000206828117371,0.01685071364045143,3.5140192267135717e-06,0.042881689965724945,1.8455859934587464,0.47476601415236064,0.9480511602833306,-0.4733292230314094,0.01585292344021964,8.922927620985022e-07,,,,,,,,,,,,
2.02,grasp,,,,,,,,,,,,,,,,,,,,,1.840203881263733,0.45915013551712036,0.9440222978591919,-0.48709022998809814,0.016340553760528564,2.83928238786757e-06,0.042881689965724945,1.8455859934587464,0.47476601415236064,0.9480511602833306,-0.4733292230314094,0.01585292344021964,8.922927620985022e-07,,,,,,,,,,,,
2.04,grasp,,,,,,,,,,,,,,,,,,,,,1.8418192863464355,0.4904575049877167,0.9439035654067993,-0.45566171407699585,0.01509777456521988,2.269505330332322e-06,0.042881689965724945,1.8435355408321008,0.523341760061043,0.9455626176436918,-0.42224298408501676,0.013802397037259977,1.0844948495903684e-06,,,,,,,,,,,,
2.06,grasp,,,,,,,,,,,,,,,,,,,,,1.8426501750946045,0.5067147016525269,0.9437735676765442,-0.439470499753952,0.014461573213338852,1.8846318425858044e-06,0.042881689965724945,1.8435355408321008,0.523341760061043,0.9455626176436918,-0.42224298408501676,0.013802397037259977,1.0844948495903684e-06,,,,,,,,,,,,
2.08,grasp,,,,,,,,,,,,,,,,,,,,,1.8421909809112549,0.5362957715988159,0.9426474571228027,-0.4087240695953369,0.01324171107262373,1.6605605424047098e-06,0.042881689965724945,1.8416856998924622,0.5672834258528926,0.9433168105009408,-0.3760299345239022,0.01195191481444835,1.2579466712911304e-06,,,,,,,,,,,,
2.1,grasp,,,,,,,,,,,,,,,,,,,,,1.8419526815414429,0.5516412258148193,0.9419931173324585,-0.39288437366485596,0.012614014558494091,1.5304151474992977e-06,0.042881689965724945,1.8416856998924622,0.5672834258528926,0.9433168105009408,-0.3760299345239022,0.01195191481444835,1.2579466712911304e-06,,,,,,,,,,,,
2.12,grasp,,,,,,,,,,,,,,,,,,,,,1.8410334587097168,0.5784356594085693,0.9407339096069336,-0.3647669553756714,0.011493765749037266,1.4992891692600097e-06,0.042881689965724945,1.8400386645793076,0.6064247980249717,0.9413173431648614,-0.33486609276233575,0.010304482404984263,1.4123667621878295e-06,,,,,,,,,,,,
2.14,grasp,,,,,,,,,,,,,,,,,,,,,1.8405605554580688,0.5923284888267517,0.9400066137313843,-0.3502817153930664,0.010916820727288723,1.4794655953664915e-06,0.042881689965724945,1.8400386645793076,0.6064247980249717,0.9413173431648614,-0.33486609276233575,0.010304482404984263,1.4123667621878295e-06,,,,,,,,,,,,
2.16,grasp,,,,,,,,,,,,,,,,,,,,,1.8396185636520386,0.6160123944282532,0.9388406872749329,-0.32535848021507263,0.009920901618897915,1.5235012824632577e-06,0.042881689965724945,1.838596777571881,0.6406706921022068,0.9395668256488884,-0.2988521145965458,0.00886223684170434,1.547553054019413e-06,,,,,,,,,,,,
2.18,grasp,,,,,,,,,,,,,,,,,,,,,1.8391329050064087,0.6282886266708374,0.9381610155105591,-0.3125190734863281,0.00940808467566967,1.5379997648778954e-06,0.042881689965724945,1.838596777571881,0.6406706921022068,0.9395668256488884,-0.2988521145965458,0.00886223684170434,1.547553054019413e-06,,,,,,,,,,,,
2.2,grasp,,,,,,,,,,,,,,,,,,,,,1.8382834196090698,0.648769199848175,0.9371450543403625,-0.29094985127449036,0.008544025011360645,1.6060314464994008e-06,0.042881689965724945,1.837359917219213,0.6700031429721607,0.9380653996466839,-0.2680072063248615,0.0076250318107371415,1.663520692764371e-06,,,,,,,,,,,,
2.22,grasp,,,,,,,,,,,,,,,,,,,,,1.837844967842102,0.659381628036499,0.936546266078949,-0.27983811497688293,0.00809924304485321,1.6280465615636786e-06,0.042881689965724945,1.837359917219213,0.6700031429721607,0.9380653996466839,-0.2680072063248615,0.0076250318107371415,1.663520692764371e-06,,,,,,,,,,,,
2.24,grasp,,,,,,,,,,,,,,,,,,,,,1.8371185064315796,0.6766659021377563,0.9356900453567505,-0.2616316080093384,0.007367944810539484,1.6975807284325128e-06,0.042881689965724945,1.8363250706499752,0.6944870529358793,0.9368093503615956,-0.24226239549844347,0.006589867264509127,1.7605509641691592e-06,,,,,,,,,,,,
2.2600000000000002,grasp,,,,,,,,,,,,,,,,,,,,,1.8367422819137573,0.6856197714805603,0.9351812601089478,-0.2522522807121277,0.006991572678089142,1.7183073168780538e-06,0.042881689965724945,1.8363250706499752,0.6944870529358793,0.9368093503615956,-0.24226239549844347,0.006589867264509127,1.7605509641691592e-06,,,,,,,,,,,,
2.2800000000000002,grasp,,,,,,,,,,,,,,,,,,,,,1.836143970489502,0.6997833251953125,0.9344817996025085,-0.2373318374156952,0.006390323396772146,1.7814530792747973e-06,0.042881689965724945,1.8354860086811287,0.7142767986790435,0.9357910183082438,-0.22145463835942764,0.005750508624414251,1.8392271783182212e-06,,,,,,,,,,,,
2.3000000000000003,grasp,,,,,,,,,,,,,,,,,,,,,1.8358319997787476,0.7071190476417542,0.9340634346008301,-0.22964535653591156,0.00608097156509757,1.79805351763207e-06,0.042881689965724945,1.8354860086811287,0.7142767986790435,0.9357910183082438,-0.22145463835942764,0.005750508624414251,1.8392271783182212e-06,,,,,,,,,,,,
2.3200000000000003,grasp,,,,,,,,,,,,,,,,,,,,,1.8353569507598877,0.7183043956756592,0.933512270450592,-0.21786311268806458,0.005604031030088663,1.8512897668188089e-06,0.042881689965724945,1.8348320680541144,0.7296225260860999,0.9349975873220445,-0.20532074659731442,0.0050964887919009725,1.9005308911044872e-06,,,,,,,,,,,,
2.3400000000000003,grasp,,,,,,,,,,,,,,,,,,,,,1.8351083993911743,0.7240954041481018,0.9331817626953125,-0.21179324388504028,0.005358714610338211,1.8643006569618592e-06,0.042881689965724945,1.8348320680541144,0.7296225260860999,0.9349975873220445,-0.20532074659731442,0.0050964887919009725,1.9005308911044872e-06,,,,,,,,,,,,
2.36,grasp,,,,,,,,,,,,,,,,,,,,,1.8347482681274414,0.7325090169906616,0.9327678084373474,-0.20293028652668,0.004998005460947752,1.9065337255597115e-06,0.042881689965724945,1.8343498672184257,0.7408757255505912,0.9344124429487919,-0.19349030252699145,0.004614149462285413,1.9457426685061526e-06,,,,,,,,,,,,
2.38,grasp,,,,,,,,,,,,,,,,,,,,,1.8345600366592407,0.7368646264076233,0.9325195550918579,-0.1983642727136612,0.0048125069588422775,1.9167166556144366e-06,0.042881689965724945,1.8343498672184257,0.7408757255505912,0.9344124429487919,-0.19349030252699145,0.004614149462285413,1.9457426685061526e-06,,,,,,,,,,,,
2.4,grasp,,,,,,,,,,,,,,,,,,,,,1.8343037366867065,0.7427852749824524,0.9322266578674316,-0.1921290159225464,0.0045559220016002655,1.947744522112771e-06,0.042881689965724945,1.8340186604579853,0.7484971384578591,0.9340104331379341,-0.18548154969947503,0.004282870614699954,1.9767945908460003e-06,,,,,,,,,,,,
2.42,grasp,,,,,,,,,,,,,,,,,,,,,1.8341691493988037,0.7458488345146179,0.9320522546768188,-0.18891674280166626,0.004423973616212606,1.9552210233086953e-06,0.042881689965724945,1.8340186604579853,0.7484971384578591,0.9340104331379341,-0.18548154969947503,0.004282870614699954,1.9767945908460003e-06,,,,,,,,,,,,
2.44,grasp,,,,,,,,,,,,,,,,,,,,,1.8340028524398804,0.7496273517608643,0.9318633079528809,-0.18493925034999847,0.004257731605321169,1.9761316707445076e-06,0.042881689965724945,1.8338165782406175,0.7530596378562318,0.9337653199994688,-0.1806910586439103,0.00408083010938151,1.9957322592101163e-06,,,,,,,,,,,,
2.46,grasp,,,,,,,,,,,,,,,,,,,,,1.833914875984192,0.7515813112258911,0.9317523837089539,-0.18288999795913696,0.00417222548276186,1.9819499357254244e-06,0.042881689965724945,1.8338165782406175,0.7530596378562318,0.9337653199994688,-0.1806910586439103,0.00408083010938151,1.9957322592101163e-06,,,,,,,,,,,,
2.48,grasp,,,,,,,,,,,,,,,,,,,,,1.8338226079940796,0.753645658493042,0.9316489100456238,-0.1807175576686859,0.0040802666917443275,1.993793603105587e-06,0.042881689965724945,1.8337181615521307,0.7552544692804617,0.9336459423335409,-0.17838783141208317,0.0039824323871082866,2.004955119847627e-06,,,,,,,,,,,,
2.5,grasp,,,,,,,,,,,,,,,,,,,,,1.8337746858596802,0.7547121047973633,0.9315900802612305,-0.1795981526374817,0.0040329317562282085,1.99771943698579e-06,0.042881689965724945,1.8337181615521307,0.7552544692804617,0.9336459423335409,-0.17838783141208317,0.0039824323871082866,2.004955119847627e-06,,,,,,,,,,,,
2.52,grasp,,,,,,,,,,,,,,,,,,,,,1.8337359428405762,0.755571722984314,0.9315478205680847,-0.17869287729263306,0.003994358703494072,2.0036027308378834e-06,0.042881689965724945,1.8336891507900228,0.7559002168577511,0.9336106807534768,-0.17771031083482444,0.00395339262091899,2.007677054699511e-06,,,,,,,,,,,,
2.54,grasp,,,,,,,,,,,,,,,,,,,,,1.8337161540985107,0.7560199499130249,0.931525707244873,-0.17822620272636414,0.003974477760493755,2.006404429266695e-06,0.042881689965724945,1.8336891507900228,0.7559002168577511,0.9336106807534768,-0.17771031083482444,0.00395339262091899,2.007677054699511e-06,,,,,,,,,,,,
2.542992611823515,grasp,,,,,,,,,,,,,,,,,,,,,1.8337041139602661,0.7562729120254517,0.9315150380134583,-0.1779673546552658,0.003963414113968611,2.0087254597456194e-06,0.042881689965724945,1.8336875438690186,0.7559361457824707,0.9336087107658386,-0.1776726245880127,0.00395177723839879,2.007828470595996e-06,,,,,,,,,,,,
2.542992611823515,grasp,,,,,,,,,,,,,,,,,,,,,,,,,,,0.04299999587237835,,,,,,,0.0,,,,,,,,,,,
2.562992611823515,grasp,,,,,,,,,,,,,,,,,,,,,,,,,,,0.04299606382846832,,,,,,,0.0,,,,,,,,,,,
2.582992611823515,grasp,,,,,,,,,,,,,,,,,,,,,,,,,,,0.042960675433278084,,,,,,,0.0,,,,,,,,,,,
2.602992611823515,grasp,,,,,,,,,,,,,,,,,,,,,,,,,,,0.04285657964646816,,,,,,,0.0,,,,,,,,,,,
2.622992611823515,grasp,,,,,,,,,,,,,,,,,,,,,,,,,,,0.04264555312693119,,,,,,,0.0,,,,,,,,,,,
2.642992611823515,grasp,,,,,,,,,,,,,,,,,,,,,,,,,,,0.04229367524385452,,,,,,,0.0,,,,,,,,,,,
2.662992611823515,grasp,,,,,,,,,,,,,,,,,,,,,,,,,,,0.04177354276180267,,,,,,,0.0,,,,,,,,,,,
2.682992611823515,grasp,,,,,,,,,,,,,,,,,,,,,,,,,,,0.04106505960226059,,,,,,,0.0,,,,,,,,,,,
2.702992611823515,grasp,,,,,,,,,,,,,,,,,,,,,,,,,,,0.04015556909143925,,,,,,,0.0,,,,,,,,,,,
2.722992611823515,grasp,,,,,,,,,,,,,,,,,,,,,,,,,,,0.039039550349116325,,,,,,,0.0,,,,,,,,,,,
2.742992611823515,grasp,,,,,,,,,,,,,,,,,,,,,,,,,,,0.037718186154961586,,,,,,,0.0,,,,,,,,,,,
2.762992611823515,grasp,,,,,,,,,,,,,,,,,,,,,,,,,,,0.03619865141808987,,,,,,,0.0,,,,,,,,,,,
2.7829926118235147,grasp,,,,,,,,,,,,,,,,,,,,,,,,,,,0.03449355252087116,,,,,,,0.0,,,,,,,,,,,
2.802992611823515,grasp,,,,,,,,,,,,,,,,,,,,,,,,,,,0.03262036480009556,,,,,,,0.0,,,,,,,,,,,
2.8229926118235147,grasp,,,,,,,,,,,,,,,,,,,,,,,,,,,0.03180132433772087,,,,,,,0.0,,,,,,,,,,,
2.8429926118235147,grasp,,,,,,,,,,,,,,,,,,,,,,,,,,,0.0317644402384758,,,,,,,0.0,,,,,,,,,,,
2.8629926118235147,grasp,,,,,,,,,,,,,,,,,,,,,,,,,,,0.03173261135816574,,,,,,,0.0,,,,,,,,,,,
2.8829926118235147,grasp,,,,,,,,,,,,,,,,,,,,,,,,,,,0.03170025069266558,,,,,,,0.0,,,,,,,,,,,
2.9029926118235148,grasp,,,,,,,,,,,,,,,,,,,,,,,,,,,0.0316677987575531,,,,,,,0.0,,,,,,,,,,,
2.9229926118235148,grasp,,,,,,,,,,,,,,,,,,,,,,,,,,,0.031635792925953865,,,,,,,0.0,,,,,,,,,,,
2.942992611823515,grasp,,,,,,,,,,,,,,,,,,,,,,,,,,,0.031604389660060406,,,,,,,0.0,,,,,,,,,,,
2.962992611823515,grasp,,,,,,,,,,,,,,,,,,,,,,,,,,,0.031574356369674206,,,,,,,0.0,,,,,,,,,,,
2.982992611823515,grasp,,,,,,,,,,,,,,,,,,,,,,,,,,,0.031546964310109615,,,,,,,0.0,,,,,,,,,,,
3.002992611823515,grasp,,,,,,,,,,,,,,,,,,,,,,,,,,,0.031521305441856384,,,,,,,0.0,,,,,,,,,,,
3.022992611823515,grasp,,,,,,,,,,,,,,,,,,,,,,,,,,,0.03149800654500723,,,,,,,0.0,,,,,,,,,,,
3.042992611823515,grasp,,,,,,,,,,,,,,,,,,,,,,,,,,,0.031477270647883415,,,,,,,0.0,,,,,,,,,,,
3.062992611823515,grasp,,,,,,,,,,,,,,,,,,,,,,,,,,,0.03145921882241964,,,,,,,0.0,,,,,,,,,,,
3.082992611823515,grasp,,,,,,,,,,,,,,,,,,,,,,,,,,,0.03144412860274315,,,,,,,0.0,,,,,,,,,,,
3.102992611823515,grasp,,,,,,,,,,,,,,,,,,,,,,,,,,,0.031431873328983784,,,,,,,0.0,,,,,,,,,,,
3.122992611823515,grasp,,,,,,,,,,,,,,,,,,,,,,,,,,,0.031422486528754234,,,,,,,0.0,,,,,,,,,,,
3.142992611823515,grasp,,,,,,,,,,,,,,,,,,,,,,,,,,,0.03141566086560488,,,,,,,0.0,,,,,,,,,,,
3.162992611823515,grasp,,,,,,,,,,,,,,,,,,,,,,,,,,,0.031411293894052505,,,,,,,0.0,,,,,,,,,,,
3.182992611823515,grasp,,,,,,,,,,,,,,,,,,,,,,,,,,,0.03140887338668108,,,,,,,0.0,,,,,,,,,,,
3.202992611823515,grasp,,,,,,,,,,,,,,,,,,,,,,,,,,,0.031407917849719524,,,,,,,0.0,,,,,,,,,,,
3.222992611823515,grasp,,,,,,,,,,,,,,,,,,,,,,,,,,,0.03140783216804266,,,,,,,0.0,,,,,,,,,,,
3.222992611823515,grasp,,,,,,,,,,,,,,,,,,,,,1.8331364393234253,0.7565545439720154,0.9320741891860962,-0.17770731449127197,0.005572465248405933,0.00636706966906786,0.03140783216804266,1.8336875438690186,0.7559362053871155,0.9336087107658386,-0.1776726394891739,0.00395177723839879,2.007828470595996e-06,,,,,,,,,,,,
3.242992611823515,grasp,,,,,,,,,,,,,,,,,,,,,1.8331542015075684,0.7565392255783081,0.9320573806762695,-0.17770594358444214,0.0055159046314656734,0.0060998364351689816,0.03140783216804266,1.8336875438690186,0.7559362053871155,0.9336087107658386,-0.1776726394891739,0.00395177723839879,2.007828470595996e-06,,,,,,,,,,,,
3.262992611823515,grasp,,,,,,,,,,,,,,,,,,,,,1.8331624269485474,0.7565969228744507,0.9321458339691162,-0.17779527604579926,0.005488335154950619,0.005962156690657139,0.03140783216804266,1.8336875438690186,0.756060877745463,0.9339129761551863,-0.17785790104887403,0.003951777310362144,2.008524934821499e-06,,,,,,,,,,,,
3.282992611823515,grasp,,,,,,,,,,,,,,,,,,,,,1.8331674337387085,0.7566272020339966,0.9321886897087097,-0.1778411865234375,0.0054734814912080765,0.005891220178455114,0.03140783216804266,1.8336875438690186,0.756060877745463,0.9339129761551863,-0.17785790104887403,0.003951777310362144,2.008524934821499e-06,,,,,,,,,,,,
3.302992611823515,grasp,,,,,,,,,,,,,,,,,,,,,1.8331730365753174,0.7570635676383972,0.9328779578208923,-0.17845211923122406,0.00545186223462224,0.0058551933616399765,0.03140783216804266,1.8336875334342133,0.7568736493201959,0.9358957137819278,-0.1790649307003972,0.003951779386370643,2.0130605489584164e-06,,,,,,,,,,,,
3.322992611823515,grasp,,,,,,,,,,,,,,,,,,,,,1.8331825733184814,0.7572887539863586,0.9332262277603149,-0.17876699566841125,0.005426655523478985,0.00583692779764533,0.03140783216804266,1.8336875334342133,0.7568736493201959,0.9358957137819278,-0.1790649307003972,0.003951779386370643,2.0130605489584164e-06,,,,,,,,,,,,
3.342992611823515,grasp,,,,,,,,,,,,,,,,,,,,,1.8333477973937988,0.7584140300750732,0.9354482293128967,-0.18039031326770782,0.004984385799616575,0.0058412738144397736,0.03140783216804266,1.8336873858451574,0.7588973910522299,0.9408489248395095,-0.18207611800083645,0.003951783270389471,2.0243324406351576e-06,,,,,,,,,,,,
3.362992611823515,grasp,,,,,,,,,,,,,,,,,,,,,1.8335785865783691,0.7589820027351379,0.9366698265075684,-0.18122804164886475,0.004390254151076078,0.005853381473571062,0.03140783216804266,1.8336873858451574,0.7588973910522299,0.9408489248395095,-0.18207611800083645,0.003951783270389471,2.0243324406351576e-06,,,,,,,,,,,,
3.382992611823515,grasp,,,,,,,,,,,,,,,,,,,,,1.8336424827575684,0.7610010504722595,0.941607654094696,-0.1842549741268158,0.004204800818115473,0.005856625270098448,0.03140783216804266,1.8336871418329201,0.7624766644822073,0.9496854970173365,-0.18742788268253202,0.003951790724122761,2.044162408293359e-06,,,,,,,,,,,,
3.402992611823515,grasp,,,,,,,,,,,,,,,,,,,,,1.833673119544983,0.7620216012001038,0.9442557692527771,-0.18581388890743256,0.004112549126148224,0.005858652293682098,0.03140783216804266,1.8336871418329201,0.7624766644822073,0.9496854970173365,-0.18742788268253202,0.003951790724122761,2.044162408293359e-06,,,,,,,,,,,,
3.422992611823515,grasp,,,,,,,,,,,,,,,,,,,,,1.8336892127990723,0.7651561498641968,0.9519714713096619,-0.19050312042236328,0.004064999055117369,0.005859421566128731,0.03140783216804266,1.8336868041560725,0.767810702291627,0.9629641309388358,-0.1954413934102185,0.003951801560340271,2.0735599449688557e-06,,,,,,,,,,,,
3.4429926118235152,grasp,,,,,,,,,,,,,,,,,,,,,1.833696722984314,0.7667406797409058,0.956061601638794,-0.19291795790195465,0.004042698536068201,0.0058596134185791016,0.03140783216804266,1.8336868041560725,0.767810702291627,0.9629641309388358,-0.1954413934102185,0.003951801560340271,2.0735599449688557e-06,,,,,,,,,,,,
3.4629926118235153,grasp,,,,,,,,,,,,,,,,,,,,,1.8337006568908691,0.7710723280906677,0.9667373299598694,-0.1994057446718216,0.004030956886708736,0.005859781987965107,0.03140783216804266,1.8336864010614002,0.7749894516097189,0.9809127228607726,-0.20625449809762642,0.0039518157451045866,2.113016353384406e-06,,,,,,,,,,,,
3.482992611823515,grasp,,,,,,,,,,,,,,,,,,,,,1.8337020874023438,0.7732628583908081,0.972396969795227,-0.20274661481380463,0.004026069305837154,0.0058598024770617485,0.03140783216804266,1.8336864010614002,0.7749894516097189,0.9809127228607726,-0.20625449809762642,0.0039518157451045866,2.113016353384406e-06,,,,,,,,,,,,
3.5029926118235153,grasp,,,,,,,,,,,,,,,,,,,,,1.833703875541687,0.7788003087043762,0.9860823750495911,-0.2110539823770523,0.0040223486721515656,0.005859879311174154,0.03140783216804266,1.8336859393229834,0.7839914558043798,1.0034777536969024,-0.21983608986501885,0.003951833233631372,2.1624162776909272e-06,,,,,,,,,,,,
3.522992611823515,grasp,,,,,,,,,,,,,,,,,,,,,1.8337033987045288,0.7816026210784912,0.9933295845985413,-0.21533191204071045,0.004021792206913233,0.005859818775206804,0.03140783216804266,1.8336859393229834,0.7839914558043798,1.0034777536969024,-0.21983608986501885,0.003951833233631372,2.1624162776909272e-06,,,,,,,,,,,,
3.542992611823515,grasp,,,,,,,,,,,,,,,,,,,,,1.8337041139602661,0.7882915735244751,1.0098899602890015,-0.22537755966186523,0.004020034335553646,0.0058598569594323635,0.03140783216804266,1.8336853585868782,0.7946967925322103,1.0303636781930539,-0.23600677261526584,0.003951853426537515,2.221098637958782e-06,,,,,,,,,,,,
3.562992611823515,grasp,,,,,,,,,,,,,,,,,,,,,1.8337030410766602,0.7916772365570068,1.0186524391174316,-0.23055081069469452,0.004020698368549347,0.005859772674739361,0.03140783216804266,1.8336853585868782,0.7946967925322103,1.0303636781930539,-0.23600677261526584,0.003951853426537515,2.221098637958782e-06,,,,,,,,,,,,
3.582992611823515,grasp,,,,,,,,,,,,,,,,,,,,,1.833703637123108,0.7994053959846497,1.0378108024597168,-0.24216625094413757,0.004019366577267647,0.005859821569174528,0.03140783216804266,1.8336849251184477,0.8069059696825418,1.0610677102943877,-0.2544632484633096,0.003951876273713954,2.2879758182285e-06,,,,,,,,,,,,
3.602992611823515,grasp,,,,,,,,,,,,,,,,,,,,,1.8337019681930542,0.8033183813095093,1.0479422807693481,-0.2481478601694107,0.004020498599857092,0.005859664175659418,0.03140783216804266,1.8336849251184477,0.8069059696825418,1.0610677102943877,-0.2544632484633096,0.003951876273713954,2.2879758182285e-06,,,,,,,,,,,,
3.622992611823515,grasp,,,,,,,,,,,,,,,,,,,,,1.8337026834487915,0.8119257688522339,1.0693027973175049,-0.2610916197299957,0.0040191058069467545,0.005859756842255592,0.03140783216804266,1.8336845216160693,0.8203514828956849,1.094919062791053,-0.2748001744641867,0.003951900621725557,2.3615844037788263e-06,,,,,,,,,,,,
3.642992611823515,grasp,,,,,,,,,,,,,,,,,,,,,1.8337016105651855,0.8162845373153687,1.0805916786193848,-0.2677574157714844,0.004020399414002895,0.0058596315793693066,0.03140783216804266,1.8336845216160693,0.8203514828956849,1.094919062791053,-0.2748001744641867,0.003951900621725557,2.3615844037788263e-06,,,,,,,,,,,,
3.662992611823515,grasp,,,,,,,,,,,,,,,,,,,,,1.8337019681930542,0.8255752921104431,1.1036618947982788,-0.2817324697971344,0.004019028972834349,0.0058597382158041,0.03140783216804266,1.8336842310448458,0.8347177594520291,1.131112054564121,-0.296536680656246,0.003951926547909964,2.440209514587237e-06,,,,,,,,,,,,
3.682992611823515,grasp,,,,,,,,,,,,,,,,,,,,,1.8337011337280273,0.8302809596061707,1.1158469915390015,-0.2889293432235718,0.004020414315164089,0.005859650671482086,0.03140783216804266,1.8336842310448458,0.8347177594520291,1.131112054564121,-0.296536680656246,0.003951926547909964,2.440209514587237e-06,,,,,,,,,,,,
3.702992611823515,grasp,,,,,,,,,,,,,,,,,,,,,1.8337018489837646,0.8400306105613708,1.1400631666183472,-0.303596168756485,0.0040190559811890125,0.005859721917659044,0.03140783216804266,1.8336840712640117,0.8496511087334717,1.1687477240031308,-0.31913534066540317,0.003951952993382138,2.5219245411088653e-06,,,,,,,,,,,,
3.722992611823515,grasp,,,,,,,,,,,,,,,,,,,,,1.8337006568908691,0.8449693322181702,1.1528472900390625,-0.31114938855171204,0.004020510241389275,0.005859582219272852,0.03140783216804266,1.8336840712640117,0.8496511087334717,1.1687477240031308,-0.31913534066540317,0.003951952993382138,2.5219245411088653e-06,,,,,,,,,,,,
3.742992611823515,grasp,,,,,,,,,,,,,,,,,,,,,1.8337018489837646,0.8549354076385498,1.1776000261306763,-0.3261410892009735,0.004019023850560188,0.005859668832272291,0.03140783216804266,1.8336841749436477,0.8647759680804348,1.2068704313363374,-0.3420253146407815,0.003951979722124951,2.604682869659316e-06,,,,,,,,,,,,
3.762992611823515,grasp,,,,,,,,,,,,,,,,,,,,,1.8337006568908691,0.8599840998649597,1.1906609535217285,-0.33386167883872986,0.0040205251425504684,0.005859539844095707,0.03140783216804266,1.8336841749436477,0.8647759680804348,1.2068704313363374,-0.3420253146407815,0.003951979722124951,2.604682869659316e-06,,,,,,,,,,,,
3.782992611823515,grasp,,,,,,,,,,,,,,,,,,,,,1.8337022066116333,0.8699156045913696,1.2153208255767822,-0.3487984836101532,0.004019078332930803,0.005859631113708019,0.03140783216804266,1.8336844694669063,0.8797099584520486,1.2445054999352254,-0.36462455160590784,0.003952004551276418,2.6864037831643973e-06,,,,,,,,,,,,
3.802992611823515,grasp,,,,,,,,,,,,,,,,,,,,,1.8337010145187378,0.8749469518661499,1.2283260822296143,-0.35649093985557556,0.004020627122372389,0.005859483033418655,0.03140783216804266,1.8336844694669063,0.8797099584520486,1.2445054999352254,-0.36462455160590784,0.003952004551276418,2.6864037831643973e-06,,,,,,,,,,,,
3.822992611823515,grasp,,,,,,,,,,,,,,,,,,,,,1.833702802658081,0.884594202041626,1.2522659301757812,-0.37099528312683105,0.0040193237364292145,0.005859591998159885,0.03140783216804266,1.8336849178389503,0.8940773477635355,1.280697613130027,-0.38636178516057706,0.003952028410917717,2.7650398944847683e-06,,,,,,,,,,,,
3.842992611823515,grasp,,,,,,,,,,,,,,,,,,,,,1.8337013721466064,0.8894819617271423,1.2648848295211792,-0.3784651458263397,0.004020727705210447,0.005859488621354103,0.03140783216804266,1.8336849178389503,0.8940773477635355,1.280697613130027,-0.38636178516057706,0.003952028410917717,2.7650398944847683e-06,,,,,,,,,,,,
3.862992611823515,grasp,,,,,,,,,,,,,,,,,,,,,1.8337031602859497,0.8986055254936218,1.2875066995620728,-0.39217609167099,0.004019689280539751,0.005859569646418095,0.03140783216804266,1.8336854032432899,0.9075244823390431,1.3145478819755778,-0.40669944282910275,0.003952050707098932,2.838659951412334e-06,,,,,,,,,,,,
3.882992611823515,grasp,,,,,,,,,,,,,,,,,,,,,1.8337020874023438,0.9032280445098877,1.2994251251220703,-0.39923733472824097,0.004020927473902702,0.005859482567757368,0.03140783216804266,1.8336854032432899,0.9075244823390431,1.3145478819755778,-0.40669944282910275,0.003952050707098932,2.838659951412334e-06,,,,,,,,,,,,
3.902992611823515,grasp,,,,,,,,,,,,,,,,,,,,,1.833703875541687,0.9116109013557434,1.3201825618743896,-0.41182586550712585,0.004019948188215494,0.005859570577740669,0.03140783216804266,1.8336861140280736,0.9197355095276222,1.345250828180506,-0.425156501169572,0.00395206938332733,2.905550180735007e-06,,,,,,,,,,,,
3.922992611823515,grasp,,,,,,,,,,,,,,,,,,,,,1.833702802658081,0.915859043598175,1.3311123847961426,-0.4183090329170227,0.004021045286208391,0.005859482567757368,0.03140783216804266,1.8336861140280736,0.9197355095276222,1.345250828180506,-0.425156501169572,0.00395206938332733,2.905550180735007e-06,,,,,,,,,,,,
3.942992611823515,grasp,,,,,,,,,,,,,,,,,,,,,1.8337042331695557,0.9233121275901794,1.3495385646820068,-0.42949140071868896,0.004020215477794409,0.0058595603331923485,0.03140783216804266,1.8336868059903086,0.9304428924080604,1.3721355593163977,-0.4413278131887783,0.003952085818896656,2.9642395780773004e-06,,,,,,,,,,,,
3.9629926118235153,grasp,,,,,,,,,,,,,,,,,,,,,1.8337033987045288,0.9270893931388855,1.359235167503357,-0.435250461101532,0.004021127242594957,0.005859543569386005,0.03140783216804266,1.8336868059903086,0.9304428924080604,1.3721355593163977,-0.4413278131887783,0.003952085818896656,2.9642395780773004e-06,,,,,,,,,,,,
3.982992611823515,grasp,,,,,,,,,,,,,,,,,,,,,1.8337047100067139,0.9334650635719299,1.3749650716781616,-0.4448041617870331,0.004020594991743565,0.005859633442014456,0.03140783216804266,1.8336873547508028,0.9394469282829083,1.3946993599932314,-0.4549101018090611,0.003952099700164297,3.0136411867233385e-06,,,,,,,,,,,,
4.002992611823515,grasp,,,,,,,,,,,,,,,,,,,,,1.8337042331695557,0.9366973638534546,1.3832368850708008,-0.4497245252132416,0.004021369852125645,0.0058596208691596985,0.03140783216804266,1.8336873547508028,0.9394469282829083,1.3946993599932314,-0.4549101018090611,0.003952099700164297,3.0136411867233385e-06,,,,,,,,,,,,
4.022992611823515,grasp,,,,,,,,,,,,,,,,,,,,,1.8337050676345825,0.9418971538543701,1.3960316181182861,-0.45750364661216736,0.004020890220999718,0.005859701428562403,0.03140783216804266,1.833687757853058,0.9466274119604384,1.4126467952566695,-0.46572397473806787,0.003952110051238775,3.0530955448699363e-06,,,,,,,,,,,,
4.042992611823515,grasp,,,,,,,,,,,,,,,,,,,,,1.8337050676345825,0.944534957408905,1.402753472328186,-0.4615101218223572,0.004021448083221912,0.00585969490930438,0.03140783216804266,1.833687757853058,0.9466274119604384,1.4126467952566695,-0.46572397473806787,0.003952110051238775,3.0530955448699363e-06,,,,,,,,,,,,
4.062992611823515,grasp,,,,,,,,,,,,,,,,,,,,,1.8337061405181885,0.9485222101211548,1.4125241041183472,-0.4674607217311859,0.004021196160465479,0.0058597601018846035,0.03140783216804266,1.833688245133142,0.9519628445997981,1.4259244495229086,-0.4737381799126261,0.003952117765058197,3.082487787823275e-06,,,,,,,,,,,,
4.082992611823515,grasp,,,,,,,,,,,,,,,,,,,,,1.833706259727478,0.9505466222763062,1.4176509380340576,-0.4705255627632141,0.00402161804959178,0.005859748926013708,0.03140783216804266,1.833688245133142,0.9519628445997981,1.4259244495229086,-0.4737381799126261,0.003952117765058197,3.082487787823275e-06,,,,,,,,,,,,
4.102992611823515,grasp,,,,,,,,,,,,,,,,,,,,,1.8337068557739258,0.9533547163009644,1.424484372138977,-0.4747001826763153,0.004021425731480122,0.005859812255948782,0.03140783216804266,1.8336883783340454,0.9555430629428893,1.4347602557059953,-0.47909057719033254,0.0039521222286160625,3.1023123778585177e-06,,,,,,,,,,,,
4.122992611823515,grasp,,,,,,,,,,,,,,,,,,,,,1.8337072134017944,0.9547828435897827,1.4280627965927124,-0.47685036063194275,0.004021666012704372,0.005859811790287495,0.03140783216804266,1.8336883783340454,0.9555430629428893,1.4347602557059953,-0.47909057719033254,0.0039521222286160625,3.1023123778585177e-06,,,,,,,,,,,,
4.142992611823515,grasp,,,,,,,,,,,,,,,,,,,,,1.833707571029663,0.9565185308456421,1.4322503805160522,-0.47941872477531433,0.0040216585621237755,0.005859850440174341,0.03140783216804266,1.8336885958948268,0.9575673314785013,1.4397130156439601,-0.4821021523805733,0.003952124883690978,3.1135810007782063e-06,,,,,,,,,,,,
4.162992611823515,grasp,,,,,,,,,,,,,,,,,,,,,1.8337074518203735,0.9574031829833984,1.4344369173049927,-0.48074156045913696,0.004021807108074427,0.005859843920916319,0.03140783216804266,1.8336885958948268,0.9575673314785013,1.4397130156439601,-0.4821021523805733,0.003952124883690978,3.1135810007782063e-06,,,,,,,,,,,,
4.182992611823515,grasp,,,,,,,,,,,,,,,,,,,,,1.833707571029663,0.9582628011703491,1.4364947080612183,-0.48200854659080505,0.0040218099020421505,0.005859859753400087,0.03140783216804266,1.8336886167526245,0.9583802450342549,1.4416955748517817,-0.48330937948160113,0.003952125982811188,3.1181149956997125e-06,,,,,,,,,,,,
4.202992611823515,grasp,,,,,,,,,,,,,,,,,,,,,1.8337078094482422,0.9587085247039795,1.437563419342041,-0.48266127705574036,0.004021873697638512,0.005859861616045237,0.03140783216804266,1.8336886167526245,0.9583802450342549,1.4416955748517817,-0.48330937948160113,0.003952125982811188,3.1181149956997125e-06,,,,,,,,,,,,
4.222992611823515,grasp,,,,,,,,,,,,,,,,,,,,,1.8337080478668213,0.9590049386024475,1.4382492303848267,-0.48308753967285156,0.00402197428047657,0.005859861616045237,0.03140783216804266,1.833688735961914,0.9585049152374268,1.4419996738433838,-0.4834946095943451,0.003952126018702984,3.1188110369839706e-06,,,,,,,,,,,,
4.222992611823515,grasp,,,,,,,,,,,,,,,,,,,,,1.8337092399597168,0.9594041705131531,1.438686728477478,-0.4835447669029236,0.004032874945551157,0.006414271425455809,0.03140783216804266,1.833688735961914,0.9585049152374268,1.4419996738433838,-0.4834946095943451,0.003952126018702984,3.1188110369839706e-06,,,,,,,,,,,,
4.242992611823515,grasp,,,,,,,,,,,,,,,,,,,,,1.833708643913269,0.9593661427497864,1.4388264417648315,-0.48354262113571167,0.004028250928968191,0.0061454446986317635,0.03140783216804266,1.833688735961914,0.9585049152374268,1.4419996738433838,-0.4834946095943451,0.003952126018702984,3.1188110369839706e-06,,,,,,,,,,,,
4.262992611823515,grasp,,,,,,,,,,,,,,,,,,,,,1.8337081670761108,0.9592868089675903,1.4387496709823608,-0.4834517240524292,0.004025544039905071,0.006006970535963774,0.03140783216804266,1.8336886167526245,0.9583802450342549,1.4416955748517817,-0.48330937948160113,0.003952125982811188,3.1181149956997125e-06,,,,,,,,,,,,
4.282992611823515,grasp,,,,,,,,,,,,,,,,,,,,,1.8337081670761108,0.9592474699020386,1.4387048482894897,-0.4834050238132477,0.0040239980444312096,0.005935669876635075,0.03140783216804266,1.8336886167526245,0.9583802450342549,1.4416955748517817,-0.48330937948160113,0.003952125982811188,3.1181149956997125e-06,,,,,,,,,,,,
4.302992611823515,grasp,,,,,,,,,,,,,,,,,,,,,1.8337081670761108,0.9588311314582825,1.437731146812439,-0.4827956259250641,0.004023189190775156,0.00589890219271183,0.03140783216804266,1.8336885958948268,0.9575673314785013,1.4397130156439601,-0.4821021523805733,0.003952124883690978,3.1135810007782063e-06,,,,,,,,,,,,
4.322992611823515,grasp,,,,,,,,,,,,,,,,,,,,,1.8337081670761108,0.9586217999458313,1.4372107982635498,-0.48248177766799927,0.004022680222988129,0.0058799805119633675,0.03140783216804266,1.8336885958948268,0.9575673314785013,1.4397130156439601,-0.4821021523805733,0.003952124883690978,3.1135810007782063e-06,,,,,,,,,,,,
4.342992611823515,grasp,,,,,,,,,,,,,,,,,,,,,1.8337079286575317,0.9575258493423462,1.4345719814300537,-0.4808599352836609,0.0040225014090538025,0.0058702826499938965,0.03140783216804266,1.8336883783340454,0.9555430629428893,1.4347602557059953,-0.47909057719033254,0.0039521222286160625,3.1023123778585177e-06,,,,,,,,,,,,
4.362992611823515,grasp,,,,,,,,,,,,,,,,,,,,,1.8337082862854004,0.956972599029541,1.4331684112548828,-0.48002469539642334,0.004022159148007631,0.005865226965397596,0.03140783216804266,1.8336883783340454,0.9555430629428893,1.4347602557059953,-0.47909057719033254,0.0039521222286160625,3.1023123778585177e-06,,,,,,,,,,,,
4.382992611823515,grasp,,,,,,,,,,,,,,,,,,,,,1.8337079286575317,0.9549371004104614,1.428218960762024,-0.47699910402297974,0.004022376146167517,0.005862620193511248,0.03140783216804266,1.833688245133142,0.9519628445997981,1.4259244495229086,-0.4737381799126261,0.003952117765058197,3.082487787823275e-06,,,,,,,,,,,,
4.402992611823515,grasp,,,,,,,,,,,,,,,,,,,,,1.8337079286575317,0.9539099931716919,1.4255938529968262,-0.47544094920158386,0.004022104199975729,0.005861278623342514,0.03140783216804266,1.833688245133142,0.9519628445997981,1.4259244495229086,-0.4737381799126261,0.003952117765058197,3.082487787823275e-06,,,,,,,,,,,,
4.422992611823515,grasp,,,,,,,,,,,,,,,,,,,,,1.8337068557739258,0.9507665634155273,1.4178950786590576,-0.47075212001800537,0.004022433888167143,0.0058605666272342205,0.03140783216804266,1.833687757853058,0.9466274119604384,1.4126467952566695,-0.46572397473806787,0.003952110051238775,3.0530955448699363e-06,,,,,,,,,,,,
4.442992611823515,grasp,,,,,,,,,,,,,,,,,,,,,1.8337072134017944,0.9491819739341736,1.4138158559799194,-0.4683375060558319,0.004022048786282539,0.005860236939042807,0.03140783216804266,1.833687757853058,0.9466274119604384,1.4126467952566695,-0.46572397473806787,0.003952110051238775,3.0530955448699363e-06,,,,,,,,,,,,
4.462992611823515,grasp,,,,,,,,,,,,,,,,,,,,,1.833706021308899,0.944842517375946,1.4031428098678589,-0.46184977889060974,0.00402262294664979,0.0058600096963346004,0.03140783216804266,1.8336873547508028,0.9394469282829083,1.3946993599932314,-0.4549101018090611,0.003952099700164297,3.0136411867233385e-06,,,,,,,,,,,,
4.482992611823515,grasp,,,,,,,,,,,,,,,,,,,,,1.8337064981460571,0.9426540732383728,1.3974934816360474,-0.45850870013237,0.004022096283733845,0.005859897937625647,0.03140783216804266,1.8336873547508028,0.9394469282829083,1.3946993599932314,-0.4549101018090611,0.003952099700164297,3.0136411867233385e-06,,,,,,,,,,,,
4.502992611823515,grasp,,,,,,,,,,,,,,,,,,,,,1.833705186843872,0.9371073246002197,1.3838121891021729,-0.4502013027667999,0.004022727254778147,0.00585978152230382,0.03140783216804266,1.8336868059903086,0.9304428924080604,1.3721355593163977,-0.4413278131887783,0.003952085818896656,2.9642395780773004e-06,,,,,,,,,,,,
4.522992611823515,grasp,,,,,,,,,,,,,,,,,,,,,1.833705186843872,0.9343080520629883,1.3765746355056763,-0.4459229111671448,0.004022057168185711,0.005859781987965107,0.03140783216804266,1.8336868059903086,0.9304428924080604,1.3721355593163977,-0.4413278131887783,0.003952085818896656,2.9642395780773004e-06,,,,,,,,,,,,
4.542992611823515,grasp,,,,,,,,,,,,,,,,,,,,,1.8337035179138184,0.9276093244552612,1.360018014907837,-0.4358769655227661,0.0040228283032774925,0.005859727039933205,0.03140783216804266,1.8336861140280736,0.9197355095276222,1.345250828180506,-0.425156501169572,0.00395206938332733,2.905550180735007e-06,,,,,,,,,,,,
4.562992611823515,grasp,,,,,,,,,,,,,,,,,,,,,1.8337039947509766,0.9242266416549683,1.3512645959854126,-0.43070346117019653,0.004022024571895599,0.005859729368239641,0.03140783216804266,1.8336861140280736,0.9197355095276222,1.345250828180506,-0.425156501169572,0.00395206938332733,2.905550180735007e-06,,,,,,,,,,,,
4.582992611823515,grasp,,,,,,,,,,,,,,,,,,,,,1.8337023258209229,0.9164888262748718,1.3321102857589722,-0.4190879762172699,0.0040229628793895245,0.005859680939465761,0.03140783216804266,1.8336854032432899,0.9075244823390431,1.3145478819755778,-0.40669944282910275,0.003952050707098932,2.838659951412334e-06,,,,,,,,,,,,
4.602992611823515,grasp,,,,,,,,,,,,,,,,,,,,,1.8337031602859497,0.9125787019729614,1.3219882249832153,-0.41310614347457886,0.0040220352821052074,0.0058596874587237835,0.03140783216804266,1.8336854032432899,0.9075244823390431,1.3145478819755778,-0.40669944282910275,0.003952050707098932,2.838659951412334e-06,,,,,,,,,,,,
4.622992611823515,grasp,,,,,,,,,,,,,,,,,,,,,1.8337018489837646,0.9039618372917175,1.300632357597351,-0.40016213059425354,0.004023013170808554,0.005859597586095333,0.03140783216804266,1.8336849178389503,0.8940773477635355,1.280697613130027,-0.38636178516057706,0.003952028410917717,2.7650398944847683e-06,,,,,,,,,,,,
4.642992611823515,grasp,,,,,,,,,,,,,,,,,,,,,1.833702564239502,0.8996051549911499,1.289350152015686,-0.3934960961341858,0.004022019915282726,0.00585962412878871,0.03140783216804266,1.8336849178389503,0.8940773477635355,1.280697613130027,-0.38636178516057706,0.003952028410917717,2.7650398944847683e-06,,,,,,,,,,,,
4.662992611823515,grasp,,,,,,,,,,,,,,,,,,,,,1.8337010145187378,0.8903065919876099,1.2662851810455322,-0.37952083349227905,0.004023107700049877,0.0058595710434019566,0.03140783216804266,1.8336844694669063,0.8797099584520486,1.2445054999352254,-0.36462455160590784,0.003952004551276418,2.6864037831643973e-06,,,,,,,,,,,,
4.682992611823515,grasp,,,,,,,,,,,,,,,,,,,,,1.8337020874023438,0.8856022953987122,1.2541040182113647,-0.3723236322402954,0.00402202270925045,0.005859605502337217,0.03140783216804266,1.8336844694669063,0.8797099584520486,1.2445054999352254,-0.36462455160590784,0.003952004551276418,2.6864037831643973e-06,,,,,,,,,,,,
4.702992611823515,grasp,,,,,,,,,,,,,,,,,,,,,1.83370041847229,0.8758470416069031,1.229892373085022,-0.35765668749809265,0.004023187793791294,0.00585956871509552,0.03140783216804266,1.8336841749436477,0.8647759680804348,1.2068704313363374,-0.3420253146407815,0.003951979722124951,2.604682869659316e-06,,,,,,,,,,,,
4.722992611823515,grasp,,,,,,,,,,,,,,,,,,,,,1.8337008953094482,0.8709093332290649,1.2171099185943604,-0.3501032888889313,0.004021966829895973,0.005859606433659792,0.03140783216804266,1.8336841749436477,0.8647759680804348,1.2068704313363374,-0.3420253146407815,0.003951979722124951,2.604682869659316e-06,,,,,,,,,,,,
4.7429926118235155,grasp,,,,,,,,,,,,,,,,,,,,,1.8336999416351318,0.8609402775764465,1.1923606395721436,-0.3351117670536041,0.00402316777035594,0.005859591066837311,0.03140783216804266,1.8336840712640117,0.8496511087334717,1.1687477240031308,-0.31913534066540317,0.003951952993382138,2.5219245411088653e-06,,,,,,,,,,,,
4.762992611823515,grasp,,,,,,,,,,,,,,,,,,,,,1.8337005376815796,0.8558915853500366,1.1792973279953003,-0.32739123702049255,0.004021844360977411,0.0058596376329660416,0.03140783216804266,1.8336840712640117,0.8496511087334717,1.1687477240031308,-0.31913534066540317,0.003951952993382138,2.5219245411088653e-06,,,,,,,,,,,,
4.782992611823515,grasp,,,,,,,,,,,,,,,,,,,,,1.833700180053711,0.8459601402282715,1.154639720916748,-0.31245481967926025,0.004023056942969561,0.005859609227627516,0.03140783216804266,1.8336842310448458,0.8347177594520291,1.131112054564121,-0.296536680656246,0.003951926547909964,2.440209514587237e-06,,,,,,,,,,,,
4.802992611823515,grasp,,,,,,,,,,,,,,,,,,,,,1.833701252937317,0.8409279584884644,1.141628623008728,-0.304762601852417,0.004021765664219856,0.00585967767983675,0.03140783216804266,1.8336842310448458,0.8347177594520291,1.131112054564121,-0.296536680656246,0.003951926547909964,2.440209514587237e-06,,,,,,,,,,,,
4.822992611823515,grasp,,,,,,,,,,,,,,,,,,,,,1.8337007761001587,0.8312833309173584,1.117689847946167,-0.29025891423225403,0.004022905603051186,0.00585963623598218,0.03140783216804266,1.8336845216160693,0.8203514828956849,1.094919062791053,-0.2748001744641867,0.003951900621725557,2.3615844037788263e-06,,,,,,,,,,,,
4.842992611823515,grasp,,,,,,,,,,,,,,,,,,,,,1.8337018489837646,0.8263943791389465,1.1050615310668945,-0.2827894985675812,0.004021735861897469,0.005859733559191227,0.03140783216804266,1.8336845216160693,0.8203514828956849,1.094919062791053,-0.2748001744641867,0.003951900621725557,2.3615844037788263e-06,,,,,,,,,,,,
4.862992611823515,grasp,,,,,,,,,,,,,,,,,,,,,1.8337010145187378,0.8172758221626282,1.08243989944458,-0.26907914876937866,0.0040227980352938175,0.005859705153852701,0.03140783216804266,1.8336849251184477,0.8069059696825418,1.0610677102943877,-0.2544632484633096,0.003951876273713954,2.2879758182285e-06,,,,,,,,,,,,
4.882992611823515,grasp,,,,,,,,,,,,,,,,,,,,,1.8337022066116333,0.8126513957977295,1.0705114603042603,-0.26201820373535156,0.004021649714559317,0.005859766621142626,0.03140783216804266,1.8336849251184477,0.8069059696825418,1.0610677102943877,-0.2544632484633096,0.003951876273713954,2.2879758182285e-06,,,,,,,,,,,,
4.902992611823515,grasp,,,,,,,,,,,,,,,,,,,,,1.8337016105651855,0.804275393486023,1.0497525930404663,-0.24943013489246368,0.004022622015327215,0.005859705153852701,0.03140783216804266,1.8336853585868782,0.7946967925322103,1.0303636781930539,-0.23600677261526584,0.003951853426537515,2.221098637958782e-06,,,,,,,,,,,,
4.922992611823515,grasp,,,,,,,,,,,,,,,,,,,,,1.8337024450302124,0.8000255227088928,1.0388103723526,-0.2429472804069519,0.004021523054689169,0.00585981085896492,0.03140783216804266,1.8336853585868782,0.7946967925322103,1.0303636781930539,-0.23600677261526584,0.003951853426537515,2.221098637958782e-06,,,,,,,,,,,,
4.942992611823515,grasp,,,,,,,,,,,,,,,,,,,,,1.8337023258209229,0.7925806045532227,1.0203821659088135,-0.23176556825637817,0.0040224394761025906,0.005859780125319958,0.03140783216804266,1.8336859393229834,0.7839914558043798,1.0034777536969024,-0.21983608986501885,0.003951833233631372,2.1624162776909272e-06,,,,,,,,,,,,
4.962992611823515,grasp,,,,,,,,,,,,,,,,,,,,,1.8337035179138184,0.7888014316558838,1.0106732845306396,-0.22600670158863068,0.004021445754915476,0.005859853699803352,0.03140783216804266,1.8336859393229834,0.7839914558043798,1.0034777536969024,-0.21983608986501885,0.003951833233631372,2.1624162776909272e-06,,,,,,,,,,,,
4.982992611823515,grasp,,,,,,,,,,,,,,,,,,,,,1.8337031602859497,0.782434344291687,0.9949409365653992,-0.21645356714725494,0.00402216799557209,0.005859825760126114,0.03140783216804266,1.8336864010614002,0.7749894516097189,0.9809127228607726,-0.20625449809762642,0.0039518157451045866,2.113016353384406e-06,,,,,,,,,,,,
5.002992611823515,grasp,,,,,,,,,,,,,,,,,,,,,1.8337039947509766,0.7792003154754639,0.9866577386856079,-0.21153339743614197,0.004021286033093929,0.005859885830432177,0.03140783216804266,1.8336864010614002,0.7749894516097189,0.9809127228607726,-0.20625449809762642,0.0039518157451045866,2.113016353384406e-06,,,,,,,,,,,,
5.022992611823515,grasp,,,,,,,,,,,,,,,,,,,,,1.833703637123108,0.7740084528923035,0.9738604426383972,-0.20375481247901917,0.004021842498332262,0.005859863478690386,0.03140783216804266,1.8336868041560725,0.767810702291627,0.9629641309388358,-0.1954413934102185,0.003951801560340271,2.0735599449688557e-06,,,,,,,,,,,,
5.042992611823515,grasp,,,,,,,,,,,,,,,,,,,,,1.8337045907974243,0.7713697552680969,0.9671281576156616,-0.1997484415769577,0.004021175671368837,0.005859918426722288,0.03140783216804266,1.8336868041560725,0.767810702291627,0.9629641309388358,-0.1954413934102185,0.003951801560340271,2.0735599449688557e-06,,,,,,,,,,,,
5.062992611823515,grasp,,,,,,,,,,,,,,,,,,,,,1.8337044715881348,0.7673893570899963,0.9573549032211304,-0.19379822909832,0.004021591041237116,0.005859879311174154,0.03140783216804266,1.8336871418329201,0.7624766644822073,0.9496854970173365,-0.18742788268253202,0.003951790724122761,2.044162408293359e-06,,,,,,,,,,,,
5.082992611823515,grasp,,,,,,,,,,,,,,,,,,,,,1.833704948425293,0.7653645277023315,0.95222008228302,-0.19073347747325897,0.004021125379949808,0.005859933327883482,0.03140783216804266,1.8336871418329201,0.7624766644822073,0.9496854970173365,-0.18742788268253202,0.003951790724122761,2.044162408293359e-06,,,,,,,,,,,,
5.102992611823515,grasp,,,,,,,,,,,,,,,,,,,,,1.8337050676345825,0.7625613808631897,0.9453849196434021,-0.18655918538570404,0.004021347966045141,0.005859910976141691,0.03140783216804266,1.8336873858451574,0.7588973910522299,0.9408489248395095,-0.18207611800083645,0.003951783270389471,2.0243324406351576e-06,,,,,,,,,,,,
5.122992611823515,grasp,,,,,,,,,,,,,,,,,,,,,1.8337054252624512,0.7611331343650818,0.9418007731437683,-0.18440894782543182,0.004021040629595518,0.00585991470143199,0.03140783216804266,1.8336873858451574,0.7588973910522299,0.9408489248395095,-0.18207611800083645,0.003951783270389471,2.0243324406351576e-06,,,,,,,,,,,,
5.142992611823515,grasp,,,,,,,,,,,,,,,,,,,,,1.833705186843872,0.7594012022018433,0.9376119375228882,-0.18184083700180054,0.004021083004772663,0.0058599249459803104,0.03140783216804266,1.8336875334342133,0.7568736493201959,0.9358957137819278,-0.1790649307003972,0.003951779386370643,2.0130605489584164e-06,,,,,,,,,,,,
5.162992611823515,grasp,,,,,,,,,,,,,,,,,,,,,1.8337064981460571,0.7585135698318481,0.9354349970817566,-0.18051739037036896,0.00401711231097579,0.005860053934156895,0.03140783216804266,1.8336875334342133,0.7568736493201959,0.9358957137819278,-0.1790649307003972,0.003951779386370643,2.0130605489584164e-06,,,,,,,,,,,,
5.182992611823515,grasp,,,,,,,,,,,,,,,,,,,,,1.833701252937317,0.7575682997703552,0.9339133501052856,-0.1792435646057129,0.004050241783261299,0.005859909579157829,0.03140783216804266,1.8336875438690186,0.756060877745463,0.9339129761551863,-0.17785790104887403,0.003951777310362144,2.008524934821499e-06,,,,,,,,,,,,
5.202992611823515,grasp,,,,,,,,,,,,,,,,,,,,,1.8337035179138184,0.7570815682411194,0.9332292675971985,-0.1785881221294403,0.00403853552415967,0.005860110279172659,0.03140783216804266,1.8336875438690186,0.756060877745463,0.9339129761551863,-0.17785790104887403,0.003951777310362144,2.008524934821499e-06,,,,,,,,,,,,
5.222992611823515,grasp,,,,,,,,,,,,,,,,,,,,,1.8337031602859497,0.756767213344574,0.9327837824821472,-0.17816162109375,0.004025946371257305,0.005860173609107733,0.03140783216804266,1.8336875438690186,0.7559362053871155,0.9336087107658386,-0.1776726394891739,0.00395177723839879,2.007828470595996e-06,,,,,,,,,,,,
5.222992611823515,grasp,,,,,,,,,,,,,,,,,,,,,1.833681583404541,0.7564919590950012,0.9324488043785095,-0.1777609884738922,0.004080663900822401,0.006412931717932224,0.03140783216804266,1.8336875438690186,0.7559361457824707,0.9336087107658386,-0.1776726245880127,0.00395177723839879,2.007828470595996e-06,,,,,,,,,,,,
5.242992611823515,grasp,,,,,,,,,,,,,,,,,,,,,1.8336851596832275,0.7564622163772583,0.9324049949645996,-0.17773489654064178,0.004060451406985521,0.0061445035971701145,0.03140783216804266,1.8336875438690186,0.7559361457824707,0.9336087107658386,-0.1776726245880127,0.00395177723839879,2.007828470595996e-06,,,,,,,,,,,,
5.262992611823515,grasp,,,,,,,,,,,,,,,,,,,,,1.8336881399154663,0.7563629746437073,0.9323707222938538,-0.1778119057416916,0.004058332182466984,0.00600617378950119,0.03140783216804266,1.8336954950503628,0.7557585192780326,0.9336184422331234,-0.17785894912664255,0.003959763685756867,2.0070798746056737e-06,,,,,,,,,,,,
5.282992611823515,grasp,,,,,,,,,,,,,,,,,,,,,1.8336889743804932,0.7563118934631348,0.9323532581329346,-0.17785152792930603,0.004057832062244415,0.005934895481914282,0.03140783216804266,1.8336954950503628,0.7557585192780326,0.9336184422331234,-0.17785894912664255,0.003959763685756867,2.0070798746056737e-06,,,,,,,,,,,,
5.302992611823515,grasp,,,,,,,,,,,,,,,,,,,,,1.8337066173553467,0.7557263374328613,0.9322499632835388,-0.17848137021064758,0.004098290111869574,0.005898210220038891,0.03140783216804266,1.8337492746058772,0.7545621889204096,0.9336836892518796,-0.1791142335163297,0.00401354695187289,2.0020387297810277e-06,,,,,,,,,,,,
5.322992611823515,grasp,,,,,,,,,,,,,,,,,,,,,1.833714246749878,0.7554293274879456,0.9321891665458679,-0.17880578339099884,0.004112231079488993,0.005879379343241453,0.03140783216804266,1.8337492746058772,0.7545621889204096,0.9336836892518796,-0.1791142335163297,0.00401354695187289,2.0020387297810277e-06,,,,,,,,,,,,
5.342992611823515,grasp,,,,,,,,,,,,,,,,,,,,,1.833764672279358,0.7538291811943054,0.9318970441818237,-0.18055686354637146,0.004208313766866922,0.005870187655091286,0.03140783216804266,1.8338883431326118,0.7514527082187609,0.9338523622752383,-0.18237765343526377,0.004152574915000725,1.989007562125096e-06,,,,,,,,,,,,
5.362992611823515,grasp,,,,,,,,,,,,,,,,,,,,,1.8337945938110352,0.7530079483985901,0.9317632913589478,-0.18145892024040222,0.004257922060787678,0.005864794831722975,0.03140783216804266,1.8338883431326118,0.7514527082187609,0.9338523622752383,-0.18237765343526377,0.004152574915000725,1.989007562125096e-06,,,,,,,,,,,,
5.382992611823515,grasp,,,,,,,,,,,,,,,,,,,,,1.8339507579803467,0.7497901320457458,0.9319790005683899,-0.18486827611923218,0.00433884933590889,0.0058625489473342896,0.03140783216804266,1.8341424626348153,0.7456667726444753,0.934160664429049,-0.18845496651766477,0.004406681045759847,1.965189456526687e-06,,,,,,,,,,,,
5.402992611823515,grasp,,,,,,,,,,,,,,,,,,,,,1.8340331315994263,0.7480978965759277,0.93184894323349,-0.1866273134946823,0.004413765389472246,0.005861580837517977,0.03140783216804266,1.8341424626348153,0.7456667726444753,0.934160664429049,-0.18845496651766477,0.004406681045759847,1.965189456526687e-06,,,,,,,,,,,,
5.422992611823515,grasp,,,,,,,,,,,,,,,,,,,,,1.8342654705047607,0.7428790330886841,0.9318716526031494,-0.19217291474342346,0.004659278318285942,0.005858900491148233,0.03140783216804266,1.8345349588279702,0.7365645343258045,0.934637047411969,-0.1980225479153179,0.004799285976193339,1.928388953665234e-06,,,,,,,,,,,,
5.442992611823515,grasp,,,,,,,,,,,,,,,,,,,,,1.8343968391418457,0.7401408553123474,0.9318696856498718,-0.1950305551290512,0.0047591011971235275,0.005859500728547573,0.03140783216804266,1.8345349588279702,0.7365645343258045,0.934637047411969,-0.1980225479153179,0.004799285976193339,1.928388953665234e-06,,,,,,,,,,,,
5.462992611823515,grasp,,,,,,,,,,,,,,,,,,,,,1.8347365856170654,0.7324814200401306,0.9321088790893555,-0.2031009942293167,0.005071460269391537,0.005858735181391239,0.03140783216804266,1.8350882084753626,0.7236208520706986,0.9353083930043021,-0.21163053128528636,0.0053526937015520555,1.8765158408087776e-06,,,,,,,,,,,,
5.482992611823515,grasp,,,,,,,,,,,,,,,,,,,,,1.834914207458496,0.7284980416297913,0.9323387145996094,-0.20725800096988678,0.005238042678683996,0.005859553348273039,0.03140783216804266,1.8350882084753626,0.7236208520706986,0.9353083930043021,-0.21163053128528636,0.0053526937015520555,1.8765158408087776e-06,,,,,,,,,,,,
5.502992611823515,grasp,,,,,,,,,,,,,,,,,,,,,1.835354208946228,0.718135416507721,0.9328835606575012,-0.2181660681962967,0.0056820944882929325,0.005860188510268927,0.03140783216804266,1.8358193901371522,0.7064224467513912,0.9361955922063245,-0.22971289124568292,0.006084009904363662,1.8079669320968726e-06,,,,,,,,,,,,
5.522992611823515,grasp,,,,,,,,,,,,,,,,,,,,,1.8355858325958252,0.7127530574798584,0.9332414865493774,-0.22378508746623993,0.005906838458031416,0.005860060453414917,0.03140783216804266,1.8358193901371522,0.7064224467513912,0.9361955922063245,-0.22971289124568292,0.006084009904363662,1.8079669320968726e-06,,,,,,,,,,,,
5.542992611823515,grasp,,,,,,,,,,,,,,,,,,,,,1.8361459970474243,0.699471116065979,0.9338900446891785,-0.23777352273464203,0.006473230663686991,0.0058599901385605335,0.03140783216804266,1.836740695761306,0.6846616307304256,0.937313812407357,-0.252593642644302,0.007005629632524576,1.7215798020666142e-06,,,,,,,,,,,,
5.562992611823515,grasp,,,,,,,,,,,,,,,,,,,,,1.8364392518997192,0.692575991153717,0.9343087673187256,-0.24497944116592407,0.006761959753930569,0.005859898868948221,0.03140783216804266,1.836740695761306,0.6846616307304256,0.937313812407357,-0.252593642644302,0.007005629632524576,1.7215798020666142e-06,,,,,,,,,,,,
5.582992611823515,grasp,,,,,,,,,,,,,,,,,,,,,1.8371282815933228,0.6762112975120544,0.9351054430007935,-0.2622184753417969,0.0074566444382071495,0.005860004108399153,0.03140783216804266,1.8378608730355708,0.6581297090335716,0.9386734976148359,-0.28049262449055135,0.00812613882648975,1.616550012433181e-06,,,,,,,,,,,,
5.602992611823515,grasp,,,,,,,,,,,,,,,,,,,,,1.8374876976013184,0.6677157878875732,0.9356129765510559,-0.2710988521575928,0.007811049930751324,0.005859916564077139,0.03140783216804266,1.8378608730355708,0.6581297090335716,0.9386734976148359,-0.28049262449055135,0.00812613882648975,1.616550012433181e-06,,,,,,,,,,,,
5.622992611823515,grasp,,,,,,,,,,,,,,,,,,,,,1.8383102416992188,0.648167610168457,0.9365667700767517,-0.2916926443576813,0.008638639934360981,0.005860005971044302,0.03140783216804266,1.839184653064545,0.6267111210825729,0.9402805933524843,-0.3135321484274136,0.009450332715797797,1.4924290604909778e-06,,,,,,,,,,,,
5.642992611823515,grasp,,,,,,,,,,,,,,,,,,,,,1.838736653327942,0.6380192041397095,0.9371623992919922,-0.30230146646499634,0.009061346761882305,0.005859834142029285,0.03140783216804266,1.839184653064545,0.6267111210825729,0.9402805933524843,-0.3135321484274136,0.009450332715797797,1.4924290604909778e-06,,,,,,,,,,,,
5.662992611823515,grasp,,,,,,,,,,,,,,,,,,,,,1.839694619178772,0.6152471899986267,0.9382812976837158,-0.32629290223121643,0.010023774579167366,0.005860001780092716,0.03140783216804266,1.840713939996374,0.5903769774897375,0.9421371724165606,-0.3517429529458123,0.010979943959192275,1.3490532583673417e-06,,,,,,,,,,,,
5.682992611823515,grasp,,,,,,,,,,,,,,,,,,,,,1.8401906490325928,0.6034242510795593,0.938964307308197,-0.338652104139328,0.010516339913010597,0.005859795026481152,0.03140783216804266,1.840713939996374,0.5903769774897375,0.9421371724165606,-0.3517429529458123,0.010979943959192275,1.3490532583673417e-06,,,,,,,,,,,,
5.702992611823515,grasp,,,,,,,,,,,,,,,,,,,,,1.841284155845642,0.5774428844451904,0.9402527213096619,-0.3660258948802948,0.011613394133746624,0.005859980825334787,0.03140783216804266,1.842447617602493,0.5491787643075149,0.9442418203363498,-0.3950703960937004,0.01271407344360108,1.1865067378707077e-06,,,,,,,,,,,,
5.722992611823515,grasp,,,,,,,,,,,,,,,,,,,,,1.8418484926223755,0.563951313495636,0.9410194158554077,-0.3801276981830597,0.012176048941910267,0.005859712604433298,0.03140783216804266,1.842447617602493,0.5491787643075149,0.9442418203363498,-0.3950703960937004,0.01271407344360108,1.1865067378707077e-06,,,,,,,,,,,,
5.7429926118235155,grasp,,,,,,,,,,,,,,,,,,,,,1.8430763483047485,0.5348257422447205,0.9424804449081421,-0.4108150601387024,0.013405936770141125,0.005859981756657362,0.03140783216804266,1.8443829508395817,0.5032426075493095,0.9465911685528444,-0.44338104937611184,0.014649906382769978,1.0050551916658796e-06,,,,,,,,,,,,
5.762992611823515,grasp,,,,,,,,,,,,,,,,,,,,,1.843709111213684,0.5196986198425293,0.9433261156082153,-0.4266240894794464,0.014038565568625927,0.005859611090272665,0.03140783216804266,1.8443829508395817,0.5032426075493095,0.9465911685528444,-0.44338104937611184,0.014649906382769978,1.0050551916658796e-06,,,,,,,,,,,,
5.782992611823515,grasp,,,,,,,,,,,,,,,,,,,,,1.845144271850586,0.487498015165329,0.9450026750564575,-0.4605887830257416,0.015403533354401588,0.005859932862222195,0.03140783216804266,1.8466710954565073,0.4526755268860015,0.9492647031808017,-0.49663774471788164,0.016792111936172884,8.044499529682496e-07,,,,,,,,,,,,
5.802992611823515,grasp,,,,,,,,,,,,,,,,,,,,,1.845882773399353,0.47076907753944397,0.9459431767463684,-0.47808656096458435,0.01610654965043068,0.005859517492353916,0.03140783216804266,1.8466710954565073,0.4526755268860015,0.9492647031808017,-0.49663774471788164,0.016792111936172884,8.044499529682496e-07,,,,,,,,,,,,
5.822992611823515,grasp,,,,,,,,,,,,,,,,,,,,,1.840597152709961,0.4396345317363739,0.9441436529159546,-0.5074266195297241,0.017255058512091637,0.005861587822437286,0.03140783216804266,1.8349175933757302,0.4060322424826619,0.9445521430611684,-0.5385619292209168,0.018540716871533656,6.229789851394311e-07,,,,,,,,,,,,
5.842992611823515,grasp,,,,,,,,,,,,,,,,,,,,,1.8378371000289917,0.4234922230243683,0.9431992769241333,-0.5225428938865662,0.017963584512472153,0.005858380347490311,0.03140783216804266,1.8349175933757302,0.4060322424826619,0.9445521430611684,-0.5385619292209168,0.018540716871533656,6.229789851394311e-07,,,,,,,,,,,,
5.862992611823515,grasp,,,,,,,,,,,,,,,,,,,,,1.8004862070083618,0.4081340730190277,0.9243691563606262,-0.5189674496650696,0.01756996475160122,0.005866049788892269,0.03140783216804266,1.7606103561007378,0.39153426405059566,0.9063683730804355,-0.5151260527717563,0.01772227256319855,6.041088579719773e-07,,,,,,,,,,,,
5.882992611823515,grasp,,,,,,,,,,,,,,,,,,,,,1.7810828685760498,0.40034300088882446,0.9143511652946472,-0.5171304941177368,0.0179543886333704,0.005850707180798054,0.03140783216804266,1.7606103561007378,0.39153426405059566,0.9063683730804355,-0.5151260527717563,0.01772227256319855,6.041088579719773e-07,,,,,,,,,,,,
5.902992611823515,grasp,,,,,,,,,,,,,,,,,,,,,1.734040379524231,0.3881893455982208,0.8903762698173523,-0.5053003430366516,0.017284968867897987,0.005857114214450121,0.03140783216804266,1.68392805746129,0.3748749780361706,0.8670229989978901,-0.49268521058030845,0.016950171353099647,5.777758304735301e-07,,,,,,,,,,,,
5.922992611823515,grasp,,,,,,,,,,,,,,,,,,,,,1.709657907485962,0.38201892375946045,0.8777299523353577,-0.4992099404335022,0.01749381050467491,0.005842959973961115,0.03140783216804266,1.68392805746129,0.3748749780361706,0.8670229989978901,-0.49268521058030845,0.016950171353099647,5.777758304735301e-07,,,,,,,,,,,,
5.942992611823515,grasp,,,,,,,,,,,,,,,,,,,,,1.6581560373306274,0.37026551365852356,0.8514468669891357,-0.48463141918182373,0.016663499176502228,0.005852323956787586,0.03140783216804266,1.603312799000012,0.3573498438850245,0.825658236188098,-0.46909592539990386,0.01613858136937896,5.50095975321328e-07,,,,,,,,,,,,
5.962992611823515,grasp,,,,,,,,,,,,,,,,,,,,,1.6314704418182373,0.36429980397224426,0.8376017212867737,-0.4771256148815155,0.01681271567940712,0.005838535726070404,0.03140783216804266,1.603312799000012,0.3573498438850245,0.825658236188098,-0.46909592539990386,0.01613858136937896,5.50095975321328e-07,,,,,,,,,,,,
5.982992611823515,grasp,,,,,,,,,,,,,,,,,,,,,1.577152967453003,0.35228368639945984,0.809877872467041,-0.4613386392593384,0.015898006036877632,0.005849387962371111,0.03140783216804266,1.5193158406549077,0.3390770900783461,0.7825532113760936,-0.444519052456234,0.015293042185396101,5.212585758419087e-07,,,,,,,,,,,,
6.002992611823515,grasp,,,,,,,,,,,,,,,,,,,,,1.5490086078643799,0.3461840748786926,0.7952756285667419,-0.45321032404899597,0.016032196581363678,0.005835933145135641,0.03140783216804266,1.5193158406549077,0.3390770900783461,0.7825532113760936,-0.444519052456234,0.015293042185396101,5.212585758419087e-07,,,,,,,,,,,,
6.022992611823515,grasp,,,,,,,,,,,,,,,,,,,,,1.4925941228866577,0.33379387855529785,0.7664784789085388,-0.43670734763145447,0.01506614126265049,0.005847649183124304,0.03140783216804266,1.432527161985139,0.3201824374039969,0.7380094845075549,-0.41912682311814314,0.014419413214984146,4.914641758185836e-07,,,,,,,,,,,,
6.042992611823515,grasp,,,,,,,,,,,,,,,,,,,,,1.463362216949463,0.3275042474269867,0.751309335231781,-0.42821013927459717,0.01520038116723299,0.005834128707647324,0.03140783216804266,1.432527161985139,0.3201824374039969,0.7380094845075549,-0.41912682311814314,0.014419413214984146,4.914641758185836e-07,,,,,,,,,,,,
6.062992611823515,grasp,,,,,,,,,,,,,,,,,,,,,1.4053435325622559,0.3147766590118408,0.7216899394989014,-0.4112100601196289,0.014197790063917637,0.005846461746841669,0.03140783216804266,1.343568840902042,0.3007991275748421,0.692344524681079,-0.39310121583045493,0.013524020032200766,4.609264682329798e-07,,,,,,,,,,,,
6.082992611823515,grasp,,,,,,,,,,,,,,,,,,,,,1.3752782344818115,0.30831560492515564,0.7060843110084534,-0.40245693922042847,0.014336563646793365,0.0058327061124145985,0.03140783216804266,1.343568840902042,0.3007991275748421,0.692344524681079,-0.39310121583045493,0.013524020032200766,4.609264682329798e-07,,,,,,,,,,,,
6.102992611823515,grasp,,,,,,,,,,,,,,,,,,,,,1.3160983324050903,0.2953280210494995,0.6758674383163452,-0.3851093351840973,0.0133071169257164,0.005845564417541027,0.03140783216804266,1.253087206174235,0.2810656706483636,0.6458891671017074,-0.36663124530803376,0.01261338442715794,4.298677018727968e-07,,,,,,,,,,,,
6.122992611823515,grasp,,,,,,,,,,,,,,,,,,,,,1.285428762435913,0.2887347340583801,0.6599432826042175,-0.3761771321296692,0.013450760394334793,0.0058316634967923164,0.03140783216804266,1.253087206174235,0.2810656706483636,0.6458891671017074,-0.36663124530803376,0.01261338442715794,4.298677018727968e-07,,,,,,,,,,,,
6.142992611823515,grasp,,,,,,,,,,,,,,,,,,,,,1.2255258560180664,0.27557650208473206,0.6293531656265259,-0.3586161136627197,0.012402809225022793,0.005844907835125923,0.03140783216804266,1.1617458369612388,0.26112368135699904,0.5989831666800873,-0.3399106275065296,0.011694063139641223,3.9851435118315726e-07,,,,,,,,,,,,
6.162992611823515,grasp,,,,,,,,,,,,,,,,,,,,,1.1944791078567505,0.26889678835868835,0.6132278442382812,-0.34957370162010193,0.012550734914839268,0.005830836482346058,0.03140783216804266,1.1617458369612388,0.26112368135699904,0.5989831666800873,-0.3399106275065296,0.011694063139641223,3.9851435118315726e-07,,,,,,,,,,,,
6.182992611823515,grasp,,,,,,,,,,,,,,,,,,,,,1.13429594039917,0.255661278963089,0.5824891924858093,-0.33192962408065796,0.011492027901113033,0.005844456609338522,0.03140783216804266,1.0702178166315022,0.2411159716717289,0.5519719054572345,-0.31313576780261115,0.01077286082594859,3.6709696996516383e-07,,,,,,,,,,,,
6.202992611823515,grasp,,,,,,,,,,,,,,,,,,,,,1.1031019687652588,0.24894265830516815,0.5662807822227478,-0.3228442370891571,0.011643069796264172,0.005830357316881418,0.03140783216804266,1.0702178166315022,0.2411159716717289,0.5519719054572345,-0.31313576780261115,0.01077286082594859,3.6709696996516383e-07,,,,,,,,,,,,
6.222992611823515,grasp,,,,,,,,,,,,,,,,,,,,,1.0430821180343628,0.23572535812854767,0.5356208086013794,-0.30524754524230957,0.010581628419458866,0.005844143219292164,0.03140783216804266,0.9791777153134372,0.22118803597890416,0.5052022638624979,-0.28650362160052184,0.00985661780227904,3.3584685949782675e-07,,,,,,,,,,,,
6.2429926118235155,grasp,,,,,,,,,,,,,,,,,,,,,1.0119704008102417,0.22901669144630432,0.519448459148407,-0.2961862087249756,0.01073459628969431,0.005830132868140936,0.03140783216804266,0.9791777153134372,0.22118803597890416,0.5052022638624979,-0.28650362160052184,0.00985661780227904,3.3584685949782675e-07,,,,,,,,,,,,
6.262992611823515,grasp,,,,,,,,,,,,,,,,,,,,,0.9525549411773682,0.21591272950172424,0.48909321427345276,-0.2787661850452423,0.009678581729531288,0.005844104569405317,0.03140783216804266,0.8892948808550232,0.2014833987005556,0.4590183252405288,-0.26020995773152084,0.008951999964856476,3.049939447007682e-07,,,,,,,,,,,,
6.282992611823515,grasp,,,,,,,,,,,,,,,,,,,,,0.9217544198036194,0.20926257967948914,0.47307583689689636,-0.2697957456111908,0.009831718169152737,0.005830199923366308,0.03140783216804266,0.8892948808550232,0.2014833987005556,0.4590183252405288,-0.26020995773152084,0.008951999964856476,3.049939447007682e-07,,,,,,,,,,,,
6.302992611823515,grasp,,,,,,,,,,,,,,,,,,,,,0.8633790016174316,0.19636523723602295,0.443247526884079,-0.2526799440383911,0.008789055049419403,0.005844260100275278,0.03140783216804266,0.8012263651495914,0.1821417062265502,0.41375705770980126,-0.23444685840397356,0.008065584972667312,2.7476352365760194e-07,,,,,,,,,,,,
6.322992611823516,grasp,,,,,,,,,,,,,,,,,,,,,0.8331154584884644,0.1898210495710373,0.4275020658969879,-0.24386607110500336,0.008940794505178928,0.005830567795783281,0.03140783216804266,0.8012263651495914,0.1821417062265502,0.41375705770980126,-0.23444685840397356,0.008065584972667312,2.7476352365760194e-07,,,,,,,,,,,,
6.342992611823515,grasp,,,,,,,,,,,,,,,,,,,,,0.7762033939361572,0.17722047865390778,0.3984164297580719,-0.22717870771884918,0.007918976247310638,0.005844485014677048,0.03140783216804266,0.7156092861633644,0.16329759865366955,0.36974468724449694,-0.209400358061198,0.007203834495753975,2.453735036537817e-07,,,,,,,,,,,,
6.362992611823515,grasp,,,,,,,,,,,,,,,,,,,,,0.7466968297958374,0.170828178524971,0.38305675983428955,-0.2185850590467453,0.008067508228123188,0.005831149406731129,0.03140783216804266,0.7156092861633644,0.16329759865366955,0.36974468724449694,-0.209400358061198,0.007203834495753975,2.453735036537817e-07,,,,,,,,,,,,
6.382992611823515,grasp,,,,,,,,,,,,,,,,,,,,,0.6916548609733582,0.15861377120018005,0.35492178797721863,-0.20244503021240234,0.0070742834359407425,0.005844972096383572,0.03140783216804266,0.6330514907080418,0.14508550302056203,0.32729377149380345,-0.18524819198307235,0.006372875143379581,2.1703292117962314e-07,,,,,,,,,,,,
6.402992611823515,grasp,,,,,,,,,,,,,,,,,,,,,0.6631158590316772,0.15241888165473938,0.34005770087242126,-0.19413313269615173,0.007218317594379187,0.0058320676907896996,0.03140783216804266,0.6330514907080418,0.14508550302056203,0.32729377149380345,-0.18524819198307235,0.006372875143379581,2.1703292117962314e-07,,,,,,,,,,,,
6.422992611823515,grasp,,,,,,,,,,,,,,,,,,,,,0.6103290319442749,0.14067283272743225,0.31306952238082886,-0.17865367233753204,0.006261539179831743,0.00584562961012125,0.03140783216804266,0.5541274009837079,0.12762543084554157,0.2866977540076283,-0.1621585542910829,0.0055784692741865476,1.8993980671509118e-07,,,,,,,,,,,,
6.442992611823515,grasp,,,,,,,,,,,,,,,,,,,,,0.5829580426216125,0.13471703231334686,0.29880520701408386,-0.17068170011043549,0.006399865262210369,0.005833169911056757,0.03140783216804266,0.5541274009837079,0.12762543084554157,0.2866977540076283,-0.1621585542910829,0.0055784692741865476,1.8993980671509118e-07,,,,,,,,,,,,
6.462992611823515,grasp,,,,,,,,,,,,,,,,,,,,,0.5327852964401245,0.12351734191179276,0.27314651012420654,-0.15596823394298553,0.005486790090799332,0.005846496671438217,0.03140783216804266,0.4793676606041522,0.1110331853658532,0.24822826272126364,-0.1402868535992748,0.004825959308241552,1.6427591411527156e-07,,,,,,,,,,,,
6.482992611823515,grasp,,,,,,,,,,,,,,,,,,,,,0.5067689418792725,0.11784012615680695,0.2595791220664978,-0.1483905017375946,0.005617686081677675,0.005834557116031647,0.03140783216804266,0.4793676606041522,0.1110331853658532,0.24822826272126364,-0.1402868535992748,0.004825959308241552,1.6427591411527156e-07,,,,,,,,,,,,
6.502992611823515,grasp,,,,,,,,,,,,,,,,,,,,,0.45953798294067383,0.10725924372673035,0.23541706800460815,-0.1345391869544983,0.004754485562443733,0.005847134627401829,0.03140783216804266,0.4092524181215602,0.0954148288718895,0.21213134400635889,-0.11977373052298154,0.0041201872945028205,1.402055686888062e-07,,,,,,,,,,,,
6.522992611823515,grasp,,,,,,,,,,,,,,,,,,,,,0.43504610657691956,0.10189706832170486,0.22263558208942413,-0.12740525603294373,0.004876605700701475,0.005836120806634426,0.03140783216804266,0.4092524181215602,0.0954148288718895,0.21213134400635889,-0.11977373052298154,0.0041201872945028205,1.402055686888062e-07,,,,,,,,,,,,
6.542992611823515,grasp,,,,,,,,,,,,,,,,,,,,,0.39104825258255005,0.09199726581573486,0.20011763274669647,-0.11450164765119553,0.00406958581879735,0.005847883876413107,0.03140783216804266,0.34420560567824326,0.08085856426559665,0.1786229125540626,-0.100743114785112,0.0034654265744004896,1.1787472538593928e-07,,,,,,,,,,,,
6.562992611823515,grasp,,,,,,,,,,,,,,,,,,,,,0.36823251843452454,0.08698125928640366,0.1882021576166153,-0.10785564035177231,0.004181315656751394,0.005837887059897184,0.03140783216804266,0.34420560567824326,0.08085856426559665,0.1786229125540626,-0.100743114785112,0.0034654265744004896,1.1787472538593928e-07,,,,,,,,,,,,
6.582992611823515,grasp,,,,,,,,,,,,,,,,,,,,,0.32771748304367065,0.07782002538442612,0.16745498776435852,-0.0959729254245758,0.003435794496908784,0.005849200300872326,0.03140783216804266,0.284583228659601,0.0674481814714358,0.14788715875442057,-0.08329905910793008,0.002865264049632058,9.74061220271302e-08,,,,,,,,,,,,
6.602992611823515,grasp,,,,,,,,,,,,,,,,,,,,,0.306707501411438,0.07317916303873062,0.1564731001853943,-0.08985254913568497,0.003536591539159417,0.005839622113853693,0.03140783216804266,0.284583228659601,0.0674481814714358,0.14788715875442057,-0.08329905910793008,0.002865264049632058,9.74061220271302e-08,,,,,,,,,,,,
6.622992611823515,grasp,,,,,,,,,,,,,,,,,,,,,0.26987913250923157,0.06480160355567932,0.1376013159751892,-0.07905060052871704,0.0028565754182636738,0.0058500696904957294,0.03140783216804266,0.2306707916721919,0.05524542177411904,0.12006921796537467,-0.06752520339686012,0.002322567327311279,7.889744199132386e-08,,,,,,,,,,,,
6.642992611823515,grasp,,,,,,,,,,,,,,,,,,,,,0.2507811188697815,0.06055830419063568,0.12760965526103973,-0.07348678261041641,0.002945653162896633,0.005841452162712812,0.03140783216804266,0.2306707916721919,0.05524542177411904,0.12006921796537467,-0.06752520339686012,0.002322567327311279,7.889744199132386e-08,,,,,,,,,,,,
6.662992611823515,grasp,,,,,,,,,,,,,,,,,,,,,0.21779373288154602,0.052995990961790085,0.11069051921367645,-0.06381089985370636,0.0023344329092651606,0.005850881338119507,0.03140783216804266,0.18267493211776362,0.044290287386324824,0.09527260524009103,-0.053482081879123025,0.001839407890306298,6.241909383388431e-08,,,,,,,,,,,,
6.682992611823515,grasp,,,,,,,,,,,,,,,,,,,,,0.2006877064704895,0.04916581138968468,0.10173119604587555,-0.058827001601457596,0.0024110956583172083,0.005843371152877808,0.03140783216804266,0.18267493211776362,0.044290287386324824,0.09527260524009103,-0.053482081879123025,0.001839407890306298,6.241909383388431e-08,,,,,,,,,,,,
6.702992611823515,grasp,,,,,,,,,,,,,,,,,,,,,0.17163583636283875,0.04244881868362427,0.08681263029575348,-0.050304993987083435,0.0018714049365371466,0.005851773079484701,0.03140783216804266,0.1407071174361817,0.0346254757193251,0.07356242230741546,-0.04120229215177406,0.0014169124564479727,4.800953790960504e-08,,,,,,,,,,,,
6.722992611823515,grasp,,,,,,,,,,,,,,,,,,,,,0.1565711349248886,0.039046578109264374,0.07891273498535156,-0.04591536149382591,0.0019350091461092234,0.005845287814736366,0.03140783216804266,0.1407071174361817,0.0346254757193251,0.07356242230741546,-0.04120229215177406,0.0014169124564479727,4.800953790960504e-08,,,,,,,,,,,,
6.7429926118235155,grasp,,,,,,,,,,,,,,,,,,,,,0.13149015605449677,0.03318425267934799,0.06601713597774506,-0.038557566702365875,0.0014671457465738058,0.005852609872817993,0.03140783216804266,0.1047891996955568,0.026255570003998013,0.05495148515061437,-0.030692062845302535,0.0010553035138812655,3.5676435719831294e-08,,,,,,,,,,,,
6.762992611823515,grasp,,,,,,,,,,,,,,,,,,,,,0.11848531663417816,0.030214397236704826,0.059189323335886,-0.03476758673787117,0.0015180251793935895,0.005847103428095579,0.03140783216804266,0.1047891996955568,0.026255570003998013,0.05495148515061437,-0.030692062845302535,0.0010553035138812655,3.5676435719831294e-08,,,,,,,,,,,,
6.782992611823515,grasp,,,,,,,,,,,,,,,,,,,,,0.0973464772105217,0.025202510878443718,0.048298437148332596,-0.028565557673573494,0.0011222503380849957,0.005853321403264999,0.03140783216804266,0.07484235476518165,0.019165211752330314,0.039395326724131687,-0.021928285346251977,0.0007537859914021124,2.539274406599981e-08,,,,,,,,,,,,
6.802992611823515,grasp,,,,,,,,,,,,,,,,,,,,,0.08638670295476913,0.02266259677708149,0.042533811181783676,-0.025370877236127853,0.0011605708859860897,0.005848844535648823,0.03140783216804266,0.07484235476518165,0.019165211752330314,0.039395326724131687,-0.021928285346251977,0.0007537859914021124,2.539274406599981e-08,,,,,,,,,,,,
6.822992611823516,grasp,,,,,,,,,,,,,,,,,,,,,0.06909094750881195,0.018482573330402374,0.03359370678663254,-0.02029566280543804,0.0008353895973414183,0.005854030605405569,0.03140783216804266,0.05067793621900152,0.013318670175817449,0.02679137616530238,-0.01485582973698861,0.0005104576120164399,1.709364376601431e-08,,,,,,,,,,,,
6.842992611823515,grasp,,,,,,,,,,,,,,,,,,,,,0.060124848037958145,0.016363102942705154,0.028864040970802307,-0.017681388184428215,0.0008618493448011577,0.005850533954799175,0.03140783216804266,0.05067793621900152,0.013318670175817449,0.02679137616530238,-0.01485582973698861,0.0005104576120164399,1.709364376601431e-08,,,,,,,,,,,,
6.862992611823515,grasp,,,,,,,,,,,,,,,,,,,,,0.04649190604686737,0.012994431890547276,0.021787388250231743,-0.013680282048881054,0.0006040500593371689,0.005854604300111532,0.03140783216804266,0.03197768322747593,0.008683989808398023,0.01698844393911982,-0.009381864671995532,0.0003221222384907159,1.0670162231629328e-08,,,,,,,,,,,,
6.882992611823515,grasp,,,,,,,,,,,,,,,,,,,,,0.03942590951919556,0.011284899897873402,0.018047159537672997,-0.011619246564805508,0.0006193578592501581,0.005852056201547384,0.03140783216804266,0.03197768322747593,0.008683989808398023,0.01698844393911982,-0.009381864671995532,0.0003221222384907159,1.0670162231629328e-08,,,,,,,,,,,,
6.902992611823515,grasp,,,,,,,,,,,,,,,,,,,,,0.02918844297528267,0.008704053238034248,0.012711239978671074,-0.008614134974777699,0.000424267869675532,0.005855130963027477,0.03140783216804266,0.018288031382952742,0.005223548257793329,0.00978157336374011,-0.005374143375183928,0.0001842315894737064,5.967180128159889e-09,,,,,,,,,,,,
6.922992611823515,grasp,,,,,,,,,,,,,,,,,,,,,0.023883715271949768,0.0073930853977799416,0.009893715381622314,-0.007066148798912764,0.0004303696914575994,0.0058533851988613605,0.03140783216804266,0.018288031382952742,0.005223548257793329,0.00978157336374011,-0.005374143375183928,0.0001842315894737064,5.967180128159889e-09,,,,,,,,,,,,
6.942992611823515,grasp,,,,,,,,,,,,,,,,,,,,,0.016690460965037346,0.005551421549171209,0.006133533548563719,-0.004954230505973101,0.00029131004703231156,0.005855644587427378,0.03140783216804266,0.009029414674478672,0.0028510417956683883,0.0048928605802115565,-0.0026634105306641304,9.096434570222046e-05,2.7861508631784763e-09,,,,,,,,,,,,
6.962992611823515,grasp,,,,,,,,,,,,,,,,,,,,,0.01296459510922432,0.004613919649273157,0.0041519650258123875,-0.0038663093000650406,0.0002898474922403693,0.0058545758947730064,0.03140783216804266,0.009029414674478672,0.0028510417956683883,0.0048928605802115565,-0.0026634105306641304,9.096434570222046e-05,2.7861508631784763e-09,,,,,,,,,,,,
6.982992611823515,grasp,,,,,,,,,,,,,,,,,,,,,0.008378361351788044,0.003430096199735999,0.001751580974087119,-0.0025195188354700804,0.00019909435650333762,0.005856060888618231,0.03140783216804266,0.003490847291161676,0.0014260179652913472,0.0019657857223320863,-0.0010417919027127399,3.5169666382709615e-05,8.831837687432958e-10,,,,,,,,,,,,
7.002992611823515,grasp,,,,,,,,,,,,,,,,,,,,,0.006004311144351959,0.0028261379338800907,0.0004891780554316938,-0.001825733226723969,0.00019207688455935568,0.005855603609234095,0.03140783216804266,0.003490847291161676,0.0014260179652913472,0.0019657857223320863,-0.0010417919027127399,3.5169666382709615e-05,8.831837687432958e-10,,,,,,,,,,,,
7.022992611823515,grasp,,,,,,,,,,,,,,,,,,,,,0.0034997626207768917,0.002152859466150403,0.00015031702059786767,-0.0010895095765590668,0.0001424486981704831,0.005856751464307308,0.03140783216804266,0.0008273126101419217,0.0007402095982631936,0.0005579070937675434,-0.0002619409693091744,8.337489269037704e-06,-3.197067985136761e-11,,,,,,,,,,,,
7.042992611823515,grasp,,,,,,,,,,,,,,,,,,,,,0.002205132506787777,0.0018074692925438285,0.00013994362961966544,-0.00071025948273018,0.00013213437341619283,0.005856573116034269,0.03140783216804266,0.0008273126101419217,0.0007402095982631936,0.0005579070937675434,-0.0002619409693091744,8.337489269037704e-06,-3.197067985136761e-11,,,,,,,,,,,,
7.062992611823515,grasp,,,,,,,,,,,,,,,,,,,,,0.0011628556530922651,0.0015344886342063546,0.0001333051041001454,-0.00040380898281000555,0.00010797889262903482,0.005856946110725403,0.03140783216804266,4.37418403557086e-05,0.0005384575781576056,0.0001437319307625733,-3.252087221512399e-05,4.438779879484785e-07,-3.0119495628886544e-10,,,,,,,,,,,,
7.082992611823515,grasp,,,,,,,,,,,,,,,,,,,,,0.0006252430030144751,0.0013937639305368066,0.00012973416596651077,-0.00024594934075139463,9.814659279072657e-05,0.005857108160853386,0.03140783216804266,4.37418403557086e-05,0.0005384575781576056,0.0001437319307625733,-3.252087221512399e-05,4.438779879484785e-07,-3.0119495628886544e-10,,,,,,,,,,,,
7.08598522364703,grasp,,,,,,,,,,,,,,,,,,,,,0.00032835316960699856,0.0013159409863874316,0.0001304871984757483,-0.00015843549044802785,8.813620661385357e-05,0.0058573270216584206,0.03140783216804266,-8.672280671362387e-08,0.0005271726986393332,0.00012056528794346377,-1.9688395695993677e-05,2.353526706855291e-09,-3.162538564360773e-10,,,,,,,,,,,,
