timestamp,phase,base_pos_x,base_pos_y,base_pos_z,base_yaw,base_quat_w,base_quat_x,base_quat_y,base_quat_z,base_lin_vel_x_body,base_lin_vel_y_body,base_ang_vel_z_body,cmd_vx,cmd_vy,cmd_wz,ee_pos_x,ee_pos_y,ee_pos_z,ee_roll,ee_pitch,ee_yaw,arm_joint1,arm_joint2,arm_joint3,arm_joint4,arm_joint5,arm_joint6,gripper,arm_action_joint1,arm_action_joint2,arm_action_joint3,arm_action_joint4,arm_action_joint5,arm_action_joint6,gripper_action,object_pos_x,object_pos_y,object_pos_z,object_quat_w,object_quat_x,object_quat_y,object_quat_z,front_image,wrist_image,success,failure_reason
0.0,grasp,,,,,,,,,,,,,,,,,,,,,,,,,,,5.5459735904150875e-05,,,,,,,0.043,,,,,,,,,,,
0.02,grasp,,,,,,,,,,,,,,,,,,,,,,,,,,,6.988320546952309e-05,,,,,,,0.043,,,,,,,,,,,
0.04,grasp,,,,,,,,,,,,,,,,,,,,,,,,,,,0.0001650789490668103,,,,,,,0.043,,,,,,,,,,,
0.06,grasp,,,,,,,,,,,,,,,,,,,,,,,,,,,0.00039325468242168427,,,,,,,0.043,,,,,,,,,,,
0.08,grasp,,,,,,,,,,,,,,,,,,,,,,,,,,,0.0007779526640661061,,,,,,,0.043,,,,,,,,,,,
0.1,grasp,,,,,,,,,,,,,,,,,,,,,,,,,,,0.0013502836809493601,,,,,,,0.043,,,,,,,,,,,
0.12,grasp,,,,,,,,,,,,,,,,,,,,,,,,,,,0.0021280363434925675,,,,,,,0.043,,,,,,,,,,,
0.14,grasp,,,,,,,,,,,,,,,,,,,,,,,,,,,0.003117384505458176,,,,,,,0.043,,,,,,,,,,,
0.16,grasp,,,,,,,,,,,,,,,,,,,,,,,,,,,0.004322108579799533,,,,,,,0.043,,,,,,,,,,,
0.18,grasp,,,,,,,,,,,,,,,,,,,,,,,,,,,0.005737733794376254,,,,,,,0.043,,,,,,,,,,,
0.2,grasp,,,,,,,,,,,,,,,,,,,,,,,,,,,0.0073526406195014715,,,,,,,0.043,,,,,,,,,,,
0.22,grasp,,,,,,,,,,,,,,,,,,,,,,,,,,,0.00915214279666543,,,,,,,0.043,,,,,,,,,,,
0.24,grasp,,,,,,,,,,,,,,,,,,,,,,,,,,,0.01111588953062892,,,,,,,0.043,,,,,,,,,,,
0.26,grasp,,,,,,,,,,,,,,,,,,,,,,,,,,,0.013219639658927917,,,,,,,0.043,,,,,,,,,,,
0.28,grasp,,,,,,,,,,,,,,,,,,,,,,,,,,,0.015436504501849413,,,,,,,0.043,,,,,,,,,,,
0.3,grasp,,,,,,,,,,,,,,,,,,,,,,,,,,,0.017737100832164288,,,,,,,0.043,,,,,,,,,,,
0.32,grasp,,,,,,,,,,,,,,,,,,,,,,,,,,,0.020089952275156975,,,,,,,0.043,,,,,,,,,,,
0.34,grasp,,,,,,,,,,,,,,,,,,,,,,,,,,,0.02246268093585968,,,,,,,0.043,,,,,,,,,,,
0.36,grasp,,,,,,,,,,,,,,,,,,,,,,,,,,,0.024822400882840157,,,,,,,0.043,,,,,,,,,,,
0.38,grasp,,,,,,,,,,,,,,,,,,,,,,,,,,,0.027136637829244137,,,,,,,0.043,,,,,,,,,,,
0.4,grasp,,,,,,,,,,,,,,,,,,,,,,,,,,,0.02937385719269514,,,,,,,0.043,,,,,,,,,,,
0.42,grasp,,,,,,,,,,,,,,,,,,,,,,,,,,,0.03150403872132301,,,,,,,0.043,,,,,,,,,,,
0.44,grasp,,,,,,,,,,,,,,,,,,,,,,,,,,,0.03349952585995197,,,,,,,0.043,,,,,,,,,,,
0.46,grasp,,,,,,,,,,,,,,,,,,,,,,,,,,,0.03533563017845154,,,,,,,0.043,,,,,,,,,,,
0.48,grasp,,,,,,,,,,,,,,,,,,,,,,,,,,,0.03699140064418316,,,,,,,0.043,,,,,,,,,,,
0.5,grasp,,,,,,,,,,,,,,,,,,,,,,,,,,,0.03845012187957764,,,,,,,0.043,,,,,,,,,,,
0.52,grasp,,,,,,,,,,,,,,,,,,,,,,,,,,,0.03970021568238735,,,,,,,0.043,,,,,,,,,,,
0.54,grasp,,,,,,,,,,,,,,,,,,,,,,,,,,,0.04073583334684372,,,,,,,0.043,,,,,,,,,,,
0.56,grasp,,,,,,,,,,,,,,,,,,,,,,,,,,,0.04155736789107323,,,,,,,0.043,,,,,,,,,,,
0.58,grasp,,,,,,,,,,,,,,,,,,,,,,,,,,,0.04217250272631645,,,,,,,0.043,,,,,,,,,,,
0.6,grasp,,,,,,,,,,,,,,,,,,,,,,,,,,,0.042596468701958656,,,,,,,0.043,,,,,,,,,,,
0.62,grasp,,,,,,,,,,,,,,,,,,,,,,,,,,,0.0428530965000391,,,,,,,0.043,,,,,,,,,,,
0.64,grasp,,,,,,,,,,,,,,,,,,,,,,,,,,,0.04297523573040962,,,,,,,0.043,,,,,,,,,,,
0.66,grasp,,,,,,,,,,,,,,,,,,,,,,,,,,,0.043005507439374924,,,,,,,0.043,,,,,,,,,,,
0.68,grasp,,,,,,,,,,,,,,,,,,,,,,,,,,,0.04299848899245262,,,,,,,0.043,,,,,,,,,,,
0.68,grasp,,,,,,,,,,,,,,,,,,,,,-0.0019751773215830326,0.003441927954554558,0.01227214653044939,0.015883462503552437,-0.011307753622531891,0.0011351719731464982,0.04299848899245262,-0.00197511725127697,0.0029062870889902115,0.014364965260028839,0.015903223305940628,-0.011308975517749786,0.0011352046858519316,,,,,,,,,,,,
0.7000000000000001,grasp,,,,,,,,,,,,,,,,,,,,,-0.0019751801155507565,0.0034464653581380844,0.012254689820110798,0.015883300453424454,-0.011307856999337673,0.0011351759312674403,0.04299848899245262,-0.00197511725127697,0.0029062870889902115,0.014364965260028839,0.015903223305940628,-0.011308975517749786,0.0011352046858519316,,,,,,,,,,,,
0.7200000000000001,grasp,,,,,,,,,,,,,,,,,,,,,-0.0018836146919056773,0.0034848253708332777,0.012304622679948807,0.015857361257076263,-0.011306032538414001,0.0011351009598001838,0.04299848899245262,-0.0017819881957458045,0.002980623598859294,0.014487297158292873,0.015849870447955213,-0.011307157625583908,0.0011350909923678355,,,,,,,,,,,,
0.74,grasp,,,,,,,,,,,,,,,,,,,,,-0.0018353386549279094,0.0035042890813201666,0.012331725098192692,0.015844004228711128,-0.011306443251669407,0.0011350935092195868,0.04299848899245262,-0.0017819881957458045,0.002980623598859294,0.014487297158292873,0.015849870447955213,-0.011307157625583908,0.0011350909923678355,,,,,,,,,,,,
0.76,grasp,,,,,,,,,,,,,,,,,,,,,-0.0011844401014968753,0.00375686539337039,0.012741455808281898,0.015662720426917076,-0.011293213814496994,0.0011345435632392764,0.04299848899245262,-0.00047960078579765194,0.0034819194665535566,0.015312257594047161,0.015490076550900844,-0.0112948984725929,0.0011343241568404277,,,,,,,,,,,,
0.78,grasp,,,,,,,,,,,,,,,,,,,,,-0.0008466908475384116,0.003886053804308176,0.012960456311702728,0.01556931808590889,-0.011296757496893406,0.0011344989761710167,0.04299848899245262,-0.00047960078579765194,0.0034819194665535566,0.015312257594047161,0.015490076550900844,-0.0112948984725929,0.0011343241568404277,,,,,,,,,,,,
0.8,grasp,,,,,,,,,,,,,,,,,,,,,0.0009669515420682728,0.004582672845572233,0.01410209946334362,0.015067083761096,-0.011261857114732265,0.0011330292327329516,0.04299848899245262,0.002911421459715752,0.004787142692598184,0.01746020552103152,0.014553282139049804,-0.011262978532608943,0.0011323275899311638,,,,,,,,,,,,
0.8200000000000001,grasp,,,,,,,,,,,,,,,,,,,,,0.0019077276811003685,0.004939049948006868,0.01471160352230072,0.014808367006480694,-0.011270694434642792,0.001132871606387198,0.04299848899245262,0.002911421459715752,0.004787142692598184,0.01746020552103152,0.014553282139049804,-0.011262978532608943,0.0011323275899311638,,,,,,,,,,,,
0.8400000000000001,grasp,,,,,,,,,,,,,,,,,,,,,0.005449324380606413,0.0063054123893380165,0.016940690577030182,0.013828151859343052,-0.01120514515787363,0.0011300600599497557,0.04299848899245262,0.009234736960189687,0.007219579932314507,0.021465271575650282,0.012806443735306938,-0.01120345720075268,0.001128604600945928,,,,,,,,,,,,
0.8600000000000001,grasp,,,,,,,,,,,,,,,,,,,,,0.007285824045538902,0.00699957087635994,0.018127135932445526,0.013323265127837658,-0.011220685206353664,0.0011297232704237103,0.04299848899245262,0.009234736960189687,0.007219579932314507,0.021465271575650282,0.012806443735306938,-0.01120345720075268,0.001128604600945928,,,,,,,,,,,,
0.8800000000000001,grasp,,,,,,,,,,,,,,,,,,,,,0.013051377609372139,0.009224551729857922,0.021756131201982498,0.011727720499038696,-0.01111647766083479,0.0011252022814005613,0.04299848899245262,0.019205389795065576,0.011048476370215604,0.027779301416437727,0.010052119695418348,-0.011109607848099352,0.0011227343319696803,,,,,,,,,,,,
0.9,grasp,,,,,,,,,,,,,,,,,,,,,0.016039978712797165,0.010355533100664616,0.02368411421775818,0.01090589165687561,-0.011139705777168274,0.0011246021604165435,0.04299848899245262,0.019205389795065576,0.011048476370215604,0.027779301416437727,0.010052119695418348,-0.011109607848099352,0.0011227343319696803,,,,,,,,,,,,
0.92,grasp,,,,,,,,,,,,,,,,,,,,,0.024449333548545837,0.013590047135949135,0.028975268825888634,0.008578983135521412,-0.010990126989781857,0.0011180773144587874,0.04299848899245262,0.03341856304064992,0.016483964258257423,0.0367758812477544,0.006126186527183006,-0.010975839410026247,0.0011143671304077744,,,,,,,,,,,,
0.9400000000000001,grasp,,,,,,,,,,,,,,,,,,,,,0.028807243332266808,0.015234969556331635,0.03178320825099945,0.007380437571555376,-0.011021789163351059,0.0011171390069648623,0.04299848899245262,0.03341856304064992,0.016483964258257423,0.0367758812477544,0.006126186527183006,-0.010975839410026247,0.0011143671304077744,,,,,,,,,,,,
0.9600000000000001,grasp,,,,,,,,,,,,,,,,,,,,,0.04020504653453827,0.01959296129643917,0.0389501117169857,0.004227105062454939,-0.010821311734616756,0.0011083654826506972,0.04299848899245262,0.0523561296515117,0.023678157446986106,0.04875421375877413,0.0008960520354824278,-0.0107976353926303,0.0011032208038756564,,,,,,,,,,,,
0.98,grasp,,,,,,,,,,,,,,,,,,,,,0.04611056298017502,0.021809875965118408,0.042750388383865356,0.0026028647553175688,-0.010861915536224842,0.0011070275213569403,0.04299848899245262,0.0523561296515117,0.023678157446986106,0.04875421375877413,0.0008960520354824278,-0.0107976353926303,0.0011032208038756564,,,,,,,,,,,,
1.0,grasp,,,,,,,,,,,,,,,,,,,,,0.0607682541012764,0.027372457087039948,0.05195975303649902,-0.0014516145456582308,-0.010606318712234497,0.0010958185885101557,0.04299848899245262,0.07638989404577871,0.032735561147866146,0.0639429117301324,-0.005740374025933302,-0.010571520001303243,0.001089077993570389,,,,,,,,,,,,
1.02,grasp,,,,,,,,,,,,,,,,,,,,,0.06836174428462982,0.030202731490135193,0.056839894503355026,-0.003540049772709608,-0.01065614353865385,0.0010940240463241935,0.04299848899245262,0.07638989404577871,0.032735561147866146,0.0639429117301324,-0.005740374025933302,-0.010571520001303243,0.001089077993570389,,,,,,,,,,,,
1.04,grasp,,,,,,,,,,,,,,,,,,,,,0.08647607266902924,0.037034738808870316,0.06821389496326447,-0.008549896068871021,-0.010342485271394253,0.0010802566539496183,0.04299848899245262,0.10577737924660122,0.04374526288327374,0.08250359484518915,-0.01385402008889741,-0.010295074258355347,0.0010717871975963354,,,,,,,,,,,,
1.06,grasp,,,,,,,,,,,,,,,,,,,,,0.09585919231176376,0.04051158204674721,0.07423756271600723,-0.011130468919873238,-0.010401609353721142,0.0010779515141621232,0.04299848899245262,0.10577737924660122,0.04374526288327374,0.08250359484518915,-0.01385402008889741,-0.010295074258355347,0.0010717871975963354,,,,,,,,,,,,
1.08,grasp,,,,,,,,,,,,,,,,,,,,,0.11755705624818802,0.04866040498018265,0.0878562480211258,-0.01713073067367077,-0.010028058663010597,0.0010615482460707426,0.04299848899245262,0.14067296705206764,0.056769362254216825,0.10453496151384682,-0.023487504306042583,-0.009966844389774973,0.0010512575143972567,,,,,,,,,,,,
1.1,grasp,,,,,,,,,,,,,,,,,,,,,0.12879537045955658,0.052808236330747604,0.09506478905677795,-0.02022150345146656,-0.010096297599375248,0.001058692461811006,0.04299848899245262,0.14067296705206764,0.056769362254216825,0.10453496151384682,-0.023487504306042583,-0.009966844389774973,0.0010512575143972567,,,,,,,,,,,,
1.12,grasp,,,,,,,,,,,,,,,,,,,,,0.15414027869701385,0.06229889392852783,0.11096883565187454,-0.027229728177189827,-0.009662169963121414,0.001039627124555409,0.04299848899245262,0.18113818804850282,0.07183359057208917,0.13007667673243015,-0.034657807171630806,-0.009586250534281419,0.0010274525991811406,,,,,,,,,,,,
1.1400000000000001,grasp,,,,,,,,,,,,,,,,,,,,,0.16726651787757874,0.06713075935840607,0.1193825975060463,-0.030839737504720688,-0.009739267639815807,0.0010361879831179976,0.04299848899245262,0.18113818804850282,0.07183359057208917,0.13007667673243015,-0.034657807171630806,-0.009586250534281419,0.0010274525991811406,,,,,,,,,,,,
1.1600000000000001,grasp,,,,,,,,,,,,,,,,,,,,,0.19626368582248688,0.07796438038349152,0.13757561147212982,-0.038857318460941315,-0.009244771674275398,0.0010144776897504926,0.04299848899245262,0.2271489326455394,0.08892676366225002,0.15911315351490296,-0.047358233110683365,-0.009153524069019654,0.0010003870698768733,,,,,,,,,,,,
1.1800000000000002,grasp,,,,,,,,,,,,,,,,,,,,,0.21128040552139282,0.08348116278648376,0.14719520509243011,-0.042987313121557236,-0.009330281987786293,0.001010432606562972,0.04299848899245262,0.2271489326455394,0.08892676366225002,0.15911315351490296,-0.047358233110683365,-0.009153524069019654,0.0010003870698768733,,,,,,,,,,,,
1.2000000000000002,grasp,,,,,,,,,,,,,,,,,,,,,0.24388080835342407,0.09563647955656052,0.16764628887176514,-0.052000608295202255,-0.008776566945016384,0.0009861302096396685,0.04299848899245262,0.2786009199347835,0.10800468345254129,0.19157768837646827,-0.061559904273123786,-0.008669653698483635,0.0009701227877236565,,,,,,,,,,,,
1.2200000000000002,grasp,,,,,,,,,,,,,,,,,,,,,0.2607623338699341,0.1018277108669281,0.17845414578914642,-0.05664357915520668,-0.008870013058185577,0.0009814670775085688,0.04299848899245262,0.2786009199347835,0.10800468345254129,0.19157768837646827,-0.061559904273123786,-0.008669653698483635,0.0009701227877236565,,,,,,,,,,,,
1.2400000000000002,grasp,,,,,,,,,,,,,,,,,,,,,0.2968653738498688,0.1152658686041832,0.201100692152977,-0.06662483513355255,-0.00825902633368969,0.0009546650690026581,0.04299848899245262,0.33531359668441174,0.1289991815018977,0.22735620766901093,-0.07721298377208369,-0.008136340172448131,0.0009367658641403227,,,,,,,,,,,,
1.26,grasp,,,,,,,,,,,,,,,,,,,,,0.31555989384651184,0.12211208045482635,0.21306224167346954,-0.0717664510011673,-0.008359742350876331,0.0009493815596215427,0.04299848899245262,0.33531359668441174,0.1289991815018977,0.22735620766901093,-0.07721298377208369,-0.008136340172448131,0.0009367658641403227,,,,,,,,,,,,
1.28,grasp,,,,,,,,,,,,,,,,,,,,,0.3550177812576294,0.1367795318365097,0.23781190812587738,-0.0826747789978981,-0.007694204803556204,0.0009202019427902997,0.04299848899245262,0.39703598354435804,0.1518214660572949,0.2662911219352525,-0.09424829796811206,-0.007555939340065921,0.0009004635591898966,,,,,,,,,,,,
1.3,grasp,,,,,,,,,,,,,,,,,,,,,0.3754485845565796,0.14425382018089294,0.2508769929409027,-0.08829397708177567,-0.007801464293152094,0.0009143024799413979,0.04299848899245262,0.39703598354435804,0.1518214660572949,0.2662911219352525,-0.09424829796811206,-0.007555939340065921,0.0009004635591898966,,,,,,,,,,,,
1.32,grasp,,,,,,,,,,,,,,,,,,,,,0.41807064414024353,0.16007904708385468,0.2776110768318176,-0.10007685422897339,-0.007084727752953768,0.0008828929276205599,0.04299848899245262,0.46345629282409073,0.1763539465636764,0.30818553251307507,-0.11257990826471495,-0.006931373912092619,0.0008613985476517408,,,,,,,,,,,,
1.34,grasp,,,,,,,,,,,,,,,,,,,,,0.4401389956474304,0.1681453436613083,0.2917155921459198,-0.10614657402038574,-0.007197887171059847,0.0008763952646404505,0.04299848899245262,0.46345629282409073,0.1763539465636764,0.30818553251307507,-0.11257990826471495,-0.006931373912092619,0.0008613985476517408,,,,,,,,,,,,
1.36,grasp,,,,,,,,,,,,,,,,,,,,,0.485696017742157,0.18504390120506287,0.32029053568840027,-0.11874072253704071,-0.006433865986764431,0.0008429320296272635,0.04299848899245262,0.5342050209810782,0.2024618638636583,0.35280686683831824,-0.13210607556393106,-0.006266099954117479,0.0008197874882790491,,,,,,,,,,,,
1.3800000000000001,grasp,,,,,,,,,,,,,,,,,,,,,0.5092836022377014,0.19365926086902618,0.33535778522491455,-0.12522836029529572,-0.006552247330546379,0.0008358665509149432,0.04299848899245262,0.5342050209810782,0.2024618638636583,0.35280686683831824,-0.13210607556393106,-0.006266099954117479,0.0008197874882790491,,,,,,,,,,,,
1.4,grasp,,,,,,,,,,,,,,,,,,,,,0.5575114488601685,0.21153385937213898,0.3656085133552551,-0.1385609656572342,-0.0057452707551419735,0.0008005427662283182,0.04299848899245262,0.6088625743761688,0.22999158124392372,0.39989078459294436,-0.15271106393998607,-0.005564063903045754,0.0007758769451865588,,,,,,,,,,,,
1.42,grasp,,,,,,,,,,,,,,,,,,,,,0.5824815034866333,0.22064906358718872,0.3815503418445587,-0.14542895555496216,-0.005868175532668829,0.0007929386920295656,0.04299848899245262,0.6088625743761688,0.22999158124392372,0.39989078459294436,-0.15271106393998607,-0.005564063903045754,0.0007758769451865588,,,,,,,,,,,,
1.44,grasp,,,,,,,,,,,,,,,,,,,,,0.6330854296684265,0.23939073085784912,0.4132925868034363,-0.15941858291625977,-0.005023098550736904,0.0007559783989563584,0.04299848899245262,0.6869656230263181,0.2587722808548104,0.4491451108671308,-0.1742669227118057,-0.004829639131969665,0.0007299400604529831,,,,,,,,,,,,
1.46,grasp,,,,,,,,,,,,,,,,,,,,,0.6592863202095032,0.2489505261182785,0.4300110638141632,-0.1666249781847,-0.005150139797478914,0.0007481486536562443,0.04299848899245262,0.6869656230263181,0.2587722808548104,0.4491451108671308,-0.1742669227118057,-0.004829639131969665,0.0007299400604529831,,,,,,,,,,,,
1.48,grasp,,,,,,,,,,,,,,,,,,,,,0.7119446992874146,0.2684417963027954,0.4630434811115265,-0.18118274211883545,-0.004323778674006462,0.0007153710466809571,0.04299848899245262,0.7680121393930406,0.28862142139782637,0.5002536875700575,-0.19663519598107415,-0.004067541941560832,0.0006822720279336535,,,,,,,,,,,,
1.5,grasp,,,,,,,,,,,,,,,,,,,,,0.7392119765281677,0.27838629484176636,0.48043227195739746,-0.18868200480937958,-0.0044546774588525295,0.0007032586145214736,0.04299848899245262,0.7680121393930406,0.28862142139782637,0.5002536875700575,-0.19663519598107415,-0.004067541941560832,0.0006822720279336535,,,,,,,,,,,,
1.52,grasp,,,,,,,,,,,,,,,,,,,,,0.7935799360275269,0.29850059747695923,0.5145395398139954,-0.20371320843696594,-0.0035744919441640377,0.0006679784855805337,0.04299848899245262,0.8514689452128243,0.3193431383263562,0.5528802372057884,-0.21966894586495886,-0.003282764774948977,0.0006331857198232389,,,,,,,,,,,,
1.54,grasp,,,,,,,,,,,,,,,,,,,,,0.821733832359314,0.3087650537490845,0.5324851870536804,-0.21145637333393097,-0.0036937615368515253,0.0006560392794199288,0.04299848899245262,0.8514689452128243,0.3193431383263562,0.5528802372057884,-0.21966894586495886,-0.003282764774948977,0.0006331857198232389,,,,,,,,,,,,
1.56,grasp,,,,,,,,,,,,,,,,,,,,,0.877454936504364,0.3293694853782654,0.5674404501914978,-0.22686131298542023,-0.0027929572388529778,0.0006193377776071429,0.04299848899245262,0.9367769493226699,0.3507333318154993,0.6066723540306341,-0.24321392019385477,-0.0024805581142957295,0.0005830094531137889,,,,,,,,,,,,
1.58,grasp,,,,,,,,,,,,,,,,,,,,,0.9063053131103516,0.33988672494888306,0.585823118686676,-0.23479677736759186,-0.0029016449116170406,0.0006065768538974226,0.04299848899245262,0.9367769493226699,0.3507333318154993,0.6066723540306341,-0.24321392019385477,-0.0024805581142957295,0.0005830094531137889,,,,,,,,,,,,
1.6,grasp,,,,,,,,,,,,,,,,,,,,,0.9630023241043091,0.3608434200286865,0.6213904619216919,-0.25047141313552856,-0.0019897103775292635,0.0005695528234355152,0.04299848899245262,1.023357690942622,0.3825807384942078,0.6612655006744794,-0.26711034013249535,-0.001666369381805267,0.0005320836686582813,,,,,,,,,,,,
1.62,grasp,,,,,,,,,,,,,,,,,,,,,0.9923557639122009,0.3715425431728363,0.6400864124298096,-0.2585456371307373,-0.0020934625063091516,0.0005561914877034724,0.04299848899245262,1.023357690942622,0.3825807384942078,0.6612655006744794,-0.26711034013249535,-0.001666369381805267,0.0005320836686582813,,,,,,,,,,,,
1.6400000000000001,grasp,,,,,,,,,,,,,,,,,,,,,1.0496407747268677,0.39270922541618347,0.6760239005088806,-0.2743832468986511,-0.0011751772835850716,0.0005188254872336984,0.04299848899245262,1.1106197967069171,0.4146679919374349,0.7162869479761897,-0.291195139358439,-0.0008457700911343691,0.0004807567158235351,,,,,,,,,,,,
1.6600000000000001,grasp,,,,,,,,,,,,,,,,,,,,,1.079298734664917,0.4035177528858185,0.6949063539505005,-0.28254130482673645,-0.0012767617590725422,0.0005052272463217378,0.04299848899245262,1.1106197967069171,0.4146679919374349,0.7162869479761897,-0.291195139358439,-0.0008457700911343691,0.0004807567158235351,,,,,,,,,,,,
1.6800000000000002,grasp,,,,,,,,,,,,,,,,,,,,,1.1367783546447754,0.42475080490112305,0.7309672832489014,-0.298433393239975,-0.00035658260458149016,0.00046768461470492184,0.04299848899245262,1.1979641443771143,0.4467773430837215,0.7713595623469439,-0.3153030306632168,-2.4401038179770583e-05,0.000429381452553284,,,,,,,,,,,,
1.7000000000000002,grasp,,,,,,,,,,,,,,,,,,,,,1.1665394306182861,0.43559530377388,0.7499071359634399,-0.3066196143627167,-0.0004577039508149028,0.0004540119261946529,0.04299848899245262,1.1979641443771143,0.4467773430837215,0.7713595623469439,-0.3153030306632168,-2.4401038179770583e-05,0.000429381452553284,,,,,,,,,,,,
1.7200000000000002,grasp,,,,,,,,,,,,,,,,,,,,,1.2238174676895142,0.45674943923950195,0.785844624042511,-0.32245710492134094,0.00046033546095713973,0.00041647517355158925,0.04299848899245262,1.2847914740094177,0.4786886493542596,0.8261057352233895,-0.3392686798775589,0.0007921266813978802,0.0003783089284497539,,,,,,,,,,,,
1.7400000000000002,grasp,,,,,,,,,,,,,,,,,,,,,1.2534791231155396,0.4675557613372803,0.8047124147415161,-0.3306151032447815,0.00035819594631902874,0.0004029071715194732,0.04299848899245262,1.2847914740094177,0.4786886493542596,0.8261057352233895,-0.3392686798775589,0.0007921266813978802,0.0003783089284497539,,,,,,,,,,,,
1.7600000000000002,grasp,,,,,,,,,,,,,,,,,,,,,1.3101614713668823,0.48848697543144226,0.8402805924415588,-0.346289724111557,0.0012704819673672318,0.0003654796164482832,0.04299848899245262,1.3705077605342018,0.5101845092948543,0.8801511007014498,-0.3629279569695444,0.0015982474875130429,0.00032788715179964204,,,,,,,,,,,,
1.7800000000000002,grasp,,,,,,,,,,,,,,,,,,,,,1.3395224809646606,0.49918127059936523,0.8589470386505127,-0.3543638586997986,0.0011649541556835175,0.00035227221087552607,0.04299848899245262,1.3705077605342018,0.5101845092948543,0.8801511007014498,-0.3629279569695444,0.0015982474875130429,0.00032788715179964204,,,,,,,,,,,,
1.8000000000000003,grasp,,,,,,,,,,,,,,,,,,,,,1.3952217102050781,0.5197471976280212,0.8939034342765808,-0.3697687089443207,0.0020675561390817165,0.00031512233545072377,0.04299848899245262,1.4545302628135306,0.5410520623242453,0.9331286495777765,-0.3861202748800967,0.0023884482804673595,0.00027846072671398853,,,,,,,,,,,,
1.8200000000000003,grasp,,,,,,,,,,,,,,,,,,,,,1.4240829944610596,0.5302572846412659,0.9122429490089417,-0.37770405411720276,0.0019572442397475243,0.0003024520119652152,0.04299848899245262,1.4545302628135306,0.5410520623242453,0.9331286495777765,-0.3861202748800967,0.0023884482804673595,0.00027846072671398853,,,,,,,,,,,,
1.8399999999999999,grasp,,,,,,,,,,,,,,,,,,,,,1.478422999382019,0.5503204464912415,0.9463514685630798,-0.3927353620529175,0.0028453522827476263,0.0002658269659150392,0.04299848899245262,1.5362941472730622,0.5710844143173341,0.9846826568945922,-0.408689765230938,0.003157397824212839,0.00023036304881131459,,,,,,,,,,,,
1.8599999999999999,grasp,,,,,,,,,,,,,,,,,,,,,1.506590723991394,0.5605754852294922,0.9642403721809387,-0.4004782736301422,0.0027306017000228167,0.0002537427644710988,0.04299848899245262,1.5362941472730622,0.5710844143173341,0.9846826568945922,-0.408689765230938,0.003157397824212839,0.00023036304881131459,,,,,,,,,,,,
1.88,grasp,,,,,,,,,,,,,,,,,,,,,1.559213638305664,0.5800023078918457,0.9972748160362244,-0.41503608226776123,0.003621459938585758,0.00021535021369345486,0.04299848899245262,1.615258288435852,0.6000837756817042,1.034472604774818,-0.4304871684341648,0.003900048391930103,0.00018391054470951235,,,,,,,,,,,,
1.9,grasp,,,,,,,,,,,,,,,,,,,,,1.5864956378936768,0.5899340510368347,1.0145946741104126,-0.42253509163856506,0.0035086190328001976,0.00020568916806951165,0.04299848899245262,1.615258288435852,0.6000837756817042,1.034472604774818,-0.4304871684341648,0.003900048391930103,0.00018391054470951235,,,,,,,,,,,,
1.92,grasp,,,,,,,,,,,,,,,,,,,,,1.6370586156845093,0.6085992455482483,1.0463396310806274,-0.4365246295928955,0.004381687380373478,0.00016629854508209974,0.04299848899245262,1.6909116005643536,0.627863838373255,1.082176892533961,-0.45137130384103435,0.0046115975441458415,0.00013940381227705496,,,,,,,,,,,,
1.94,grasp,,,,,,,,,,,,,,,,,,,,,1.6632766723632812,0.6181429028511047,1.0629785060882568,-0.44373080134391785,0.004265811759978533,0.000158782655489631,0.04299848899245262,1.6909116005643536,0.627863838373255,1.082176892533961,-0.45137130384103435,0.0046115975441458415,0.00013940381227705496,,,,,,,,,,,,
1.96,grasp,,,,,,,,,,,,,,,,,,,,,1.7114596366882324,0.6359285712242126,1.0932327508926392,-0.45706313848495483,0.005082259885966778,0.000122615514555946,0.04299848899245262,1.7627793868718495,0.6542513453467712,1.1274966320749418,-0.4712113519601923,0.005287557184005234,9.712334898253238e-05,,,,,,,,,,,,
1.98,grasp,,,,,,,,,,,,,,,,,,,,,1.7364484071731567,0.6450245976448059,1.109084963798523,-0.4639309048652649,0.004963855259120464,0.00011455446656327695,0.04299848899245262,1.7627793868718495,0.6542513453467712,1.1274966320749418,-0.4712113519601923,0.005287557184005234,9.712334898253238e-05,,,,,,,,,,,,
2.0,grasp,,,,,,,,,,,,,,,,,,,,,1.7819554805755615,0.6618232131004333,1.1376644372940063,-0.47652482986450195,0.005732173565775156,8.141547732520849e-05,0.04299848899245262,1.8304288681264502,0.6790893562551586,1.170160161106951,-0.4898882110851005,0.005923874252415419,5.732308591936904e-05,,,,,,,,,,,,
2.02,grasp,,,,,,,,,,,,,,,,,,,,,1.8055623769760132,0.6704161763191223,1.1526349782943726,-0.4830121397972107,0.005617871414870024,7.387075311271474e-05,0.04299848899245262,1.8304288681264502,0.6790893562551586,1.170160161106951,-0.4898882110851005,0.005923874252415419,5.732308591936904e-05,,,,,,,,,,,,
2.04,grasp,,,,,,,,,,,,,,,,,,,,,1.848436713218689,0.6859506368637085,1.179512619972229,-0.49512386322021484,0.006347209680825472,4.22356570197735e-05,0.04299848899245262,1.8941100457946731,0.7018625226648098,1.2102156212000375,-0.507974449349959,0.006530818534931353,1.985214300443819e-05,,,,,,,,,,,,
2.06,grasp,,,,,,,,,,,,,,,,,,,,,1.8706834316253662,0.6938947439193726,1.1935900449752808,-0.5013627409934998,0.0062393001280725,3.553933129296638e-05,0.04299848899245262,1.8941100457946731,0.7018625226648098,1.2102156212000375,-0.507974449349959,0.006530818534931353,1.985214300443819e-05,,,,,,,,,,,,
2.08,grasp,,,,,,,,,,,,,,,,,,,,,1.8971563577651978,0.716072678565979,1.2125507593154907,-0.49847087264060974,0.006475117057561874,1.6993941244436428e-05,0.04299848899245262,1.9253052553213834,0.7391716026331483,1.2347043371314448,-0.49537726022451967,0.006495401056403381,1.4440291082788744e-06,,,,,,,,,,,,
2.1,grasp,,,,,,,,,,,,,,,,,,,,,1.9108667373657227,0.7275719046592712,1.222385287284851,-0.49698060750961304,0.006373659707605839,1.1833126336568967e-05,0.04299848899245262,1.9253052553213834,0.7391716026331483,1.2347043371314448,-0.49537726022451967,0.006495401056403381,1.4440291082788744e-06,,,,,,,,,,,,
2.12,grasp,,,,,,,,,,,,,,,,,,,,,1.9171714782714844,0.7584895491600037,1.2315555810928345,-0.47523361444473267,0.006061931140720844,8.371775948035065e-06,0.04299848899245262,1.9238123385577948,0.790972602070854,1.2432214732754974,-0.45210404123148423,0.0058339273386234704,2.2298404492447585e-06,,,,,,,,,,,,
2.14,grasp,,,,,,,,,,,,,,,,,,,,,1.9204012155532837,0.7746320962905884,1.2361750602722168,-0.4640304446220398,0.005932819098234177,5.857441919943085e-06,0.04299848899245262,1.9238123385577948,0.790972602070854,1.2432214732754974,-0.45210404123148423,0.0058339273386234704,2.2298404492447585e-06,,,,,,,,,,,,
2.16,grasp,,,,,,,,,,,,,,,,,,,,,1.9217780828475952,0.805154025554657,1.2424441576004028,-0.4398130476474762,0.0055963448248803616,4.406068910611793e-06,0.04299848899245262,1.923237426917691,0.837051648288027,1.2511729957637416,-0.4140576375636101,0.005259483941362318,2.4868668596213885e-06,,,,,,,,,,,,
2.18,grasp,,,,,,,,,,,,,,,,,,,,,1.9224854707717896,0.8210355639457703,1.2455825805664062,-0.42733708024024963,0.00542678264901042,3.6372327940625837e-06,0.04299848899245262,1.923237426917691,0.837051648288027,1.2511729957637416,-0.4140576375636101,0.005259483941362318,2.4868668596213885e-06,,,,,,,,,,,,
2.2,grasp,,,,,,,,,,,,,,,,,,,,,1.9226065874099731,0.8488351106643677,1.2506625652313232,-0.40460771322250366,0.005097282584756613,3.251756197641953e-06,0.04299848899245262,1.9227305951230091,0.8777807538449911,1.2581913140637477,-0.3804335310203021,0.004752471617294723,2.713712863058175e-06,,,,,,,,,,,,
2.22,grasp,,,,,,,,,,,,,,,,,,,,,1.9226696491241455,0.8632896542549133,1.253185510635376,-0.3928983509540558,0.004928357433527708,3.034636847587535e-06,0.04299848899245262,1.9227305951230091,0.8777807538449911,1.2581913140637477,-0.3804335310203021,0.004752471617294723,2.713712863058175e-06,,,,,,,,,,,,
2.24,grasp,,,,,,,,,,,,,,,,,,,,,1.9224913120269775,0.8877503871917725,1.2575114965438843,-0.37272489070892334,0.004629167262464762,2.9949187592137605e-06,0.04299848899245262,1.9222911057244316,0.9131098677925933,1.2642807721562364,-0.3512667181811377,0.004312574882284329,2.9105230663254656e-06,,,,,,,,,,,,
2.2600000000000002,grasp,,,,,,,,,,,,,,,,,,,,,1.9223991632461548,0.9004644751548767,1.259647011756897,-0.3623325526714325,0.004475221037864685,2.9675657060579397e-06,0.04299848899245262,1.9222911057244316,0.9131098677925933,1.2642807721562364,-0.3512667181811377,0.004312574882284329,2.9105230663254656e-06,,,,,,,,,,,,
2.2800000000000002,grasp,,,,,,,,,,,,,,,,,,,,,1.9221720695495605,0.9214434027671814,1.263332486152649,-0.344982773065567,0.004215091932564974,3.0290766517282464e-06,0.04299848899245262,1.9219180065922155,0.9430745343778831,1.26945315720342,-0.32652507180458945,0.003938963235896653,3.0776735775439476e-06,,,,,,,,,,,,
2.3000000000000003,grasp,,,,,,,,,,,,,,,,,,,,,1.922053575515747,0.9323446750640869,1.265142798423767,-0.3360450863838196,0.004081237595528364,3.055519528061268e-06,0.04299848899245262,1.9219180065922155,0.9430745343778831,1.26945315720342,-0.32652507180458945,0.003938963235896653,3.0776735775439476e-06,,,,,,,,,,,,
2.3200000000000003,grasp,,,,,,,,,,,,,,,,,,,,,1.9218443632125854,0.9498667120933533,1.2682255506515503,-0.3215392827987671,0.003862452693283558,3.1370980195788434e-06,0.04299848899245262,1.921609571612061,0.9678009157688197,1.2737321244414956,-0.3061039356345236,0.003629910721269551,3.2159377717009213e-06,,,,,,,,,,,,
2.3400000000000003,grasp,,,,,,,,,,,,,,,,,,,,,1.9217348098754883,0.9589691162109375,1.2697350978851318,-0.3140667974948883,0.0037498760502785444,3.173429377056891e-06,0.04299848899245262,1.921609571612061,0.9678009157688197,1.2737321244414956,-0.3061039356345236,0.003629910721269551,3.2159377717009213e-06,,,,,,,,,,,,
2.36,grasp,,,,,,,,,,,,,,,,,,,,,1.9215600490570068,0.9731484055519104,1.2722413539886475,-0.3023225963115692,0.003571893787011504,3.2509603897779016e-06,0.04299848899245262,1.9213629161886132,0.987511864055594,1.2771557184063147,-0.28982158167149297,0.003382672854094701,3.3265460363555747e-06,,,,,,,,,,,,
2.38,grasp,,,,,,,,,,,,,,,,,,,,,1.9214681386947632,0.9805124998092651,1.2734661102294922,-0.2962724566459656,0.003480353392660618,3.2854968594620004e-06,0.04299848899245262,1.9213629161886132,0.987511864055594,1.2771557184063147,-0.28982158167149297,0.003382672854094701,3.3265460363555747e-06,,,,,,,,,,,,
2.4,grasp,,,,,,,,,,,,,,,,,,,,,1.9213300943374634,0.9915362000465393,1.2754268646240234,-0.28713878989219666,0.003341235453262925,3.3484018331364496e-06,0.04299848899245262,1.9211742308006936,1.0025307959890095,1.2797779349580347,-0.2774117970349748,0.0031933296843727737,3.4112523784727686e-06,,,,,,,,,,,,
2.42,grasp,,,,,,,,,,,,,,,,,,,,,1.921258568763733,0.9972591400146484,1.2763844728469849,-0.28243350982666016,0.003269701264798641,3.376952008693479e-06,0.04299848899245262,1.9211742308006936,1.0025307959890095,1.2797779349580347,-0.2774117970349748,0.0031933296843727737,3.4112523784727686e-06,,,,,,,,,,,,
2.44,grasp,,,,,,,,,,,,,,,,,,,,,1.9211549758911133,1.0053848028182983,1.2778418064117432,-0.2756982147693634,0.003166429465636611,3.4246593259013025e-06,0.04299848899245262,1.9210378132705082,1.0132882807246173,1.2816711719826026,-0.26851996758299057,0.0030566395923468863,3.4724036692987198e-06,,,,,,,,,,,,
2.46,grasp,,,,,,,,,,,,,,,,,,,,,1.9211010932922363,1.0096015930175781,1.2785545587539673,-0.2722283899784088,0.003113335696980357,3.445064294282929e-06,0.04299848899245262,1.9210378132705082,1.0132882807246173,1.2816711719826026,-0.26851996758299057,0.0030566395923468863,3.4724036692987198e-06,,,,,,,,,,,,
2.48,grasp,,,,,,,,,,,,,,,,,,,,,1.921030044555664,1.015159010887146,1.2795644998550415,-0.26761654019355774,0.0030418294481933117,3.480084615148371e-06,0.04299848899245262,1.9209473706981766,1.020325061315141,1.2829287379659542,-0.262694843529555,0.002965839213083279,3.513025785216659e-06,,,,,,,,,,,,
2.5,grasp,,,,,,,,,,,,,,,,,,,,,1.9209928512573242,1.0180408954620361,1.2800604104995728,-0.2652406692504883,0.003005077363923192,3.4952329315274255e-06,0.04299848899245262,1.9209473706981766,1.020325061315141,1.2829287379659542,-0.262694843529555,0.002965839213083279,3.513025785216659e-06,,,,,,,,,,,,
2.52,grasp,,,,,,,,,,,,,,,,,,,,,1.9209476709365845,1.021438717842102,1.2806907892227173,-0.26241424679756165,0.002960499841719866,3.516450533425086e-06,0.04299848899245262,1.9208948793251908,1.0243047170996862,1.2836582609322071,-0.2593900039588383,0.002913167849683544,3.536590244745325e-06,,,,,,,,,,,,
2.54,grasp,,,,,,,,,,,,,,,,,,,,,1.9209233522415161,1.0231990814208984,1.2810029983520508,-0.2609582245349884,0.002937598619610071,3.5266950817458564e-06,0.04299848899245262,1.9208948793251908,1.0243047170996862,1.2836582609322071,-0.2593900039588383,0.002913167849683544,3.536590244745325e-06,,,,,,,,,,,,
2.56,grasp,,,,,,,,,,,,,,,,,,,,,1.9208999872207642,1.0249298810958862,1.2813295125961304,-0.2595149576663971,0.00291455932892859,3.5370887871977175e-06,0.04299848899245262,1.9208719972679924,1.0260226383848807,1.2839770663173113,-0.25796109914614457,0.002890153037503583,3.5468869334433525e-06,,,,,,,,,,,,
2.58,grasp,,,,,,,,,,,,,,,,,,,,,1.9208890199661255,1.0258255004882812,1.2814934253692627,-0.2587716579437256,0.0029027066193521023,3.5427476632321486e-06,0.04299848899245262,1.9208719972679924,1.0260226383848807,1.2839770663173113,-0.25796109914614457,0.002890153037503583,3.5468869334433525e-06,,,,,,,,,,,,
2.6,grasp,,,,,,,,,,,,,,,,,,,,,1.9208803176879883,1.026466965675354,1.281616449356079,-0.25823774933815,0.0028941265773028135,3.5472774015943287e-06,0.04299848899245262,1.9208670100427827,1.0263966860693945,1.2840465220658817,-0.25764985959841535,0.0028851298687074633,3.5491341902746117e-06,,,,,,,,,,,,
2.6106927309371533,grasp,,,,,,,,,,,,,,,,,,,,,1.9208747148513794,1.0268065929412842,1.2816801071166992,-0.2579614520072937,0.0028897009324282408,3.5484208638081327e-06,0.04299848899245262,1.9208669662475586,1.0263999700546265,1.2840471267700195,-0.2576471269130707,0.0028850857634097338,3.5491539165377617e-06,,,,,,,,,,,,
2.6106927309371533,grasp,,,,,,,,,,,,,,,,,,,,,,,,,,,0.04300001263618469,,,,,,,0.0,,,,,,,,,,,
2.6306927309371533,grasp,,,,,,,,,,,,,,,,,,,,,,,,,,,0.042985595762729645,,,,,,,0.0,,,,,,,,,,,
2.6506927309371533,grasp,,,,,,,,,,,,,,,,,,,,,,,,,,,0.042890554293990135,,,,,,,0.0,,,,,,,,,,,
2.6706927309371533,grasp,,,,,,,,,,,,,,,,,,,,,,,,,,,0.0426620077341795,,,,,,,0.0,,,,,,,,,,,
2.6906927309371533,grasp,,,,,,,,,,,,,,,,,,,,,,,,,,,0.04227666184306145,,,,,,,0.0,,,,,,,,,,,
2.7106927309371533,grasp,,,,,,,,,,,,,,,,,,,,,,,,,,,0.04170374386012554,,,,,,,0.0,,,,,,,,,,,
2.7306927309371534,grasp,,,,,,,,,,,,,,,,,,,,,,,,,,,0.04092496819794178,,,,,,,0.0,,,,,,,,,,,
2.7506927309371534,grasp,,,,,,,,,,,,,,,,,,,,,,,,,,,0.03993907570838928,,,,,,,0.0,,,,,,,,,,,
2.7706927309371534,grasp,,,,,,,,,,,,,,,,,,,,,,,,,,,0.03907366283237934,,,,,,,0.0,,,,,,,,,,,
2.7906927309371534,grasp,,,,,,,,,,,,,,,,,,,,,,,,,,,0.03812534548342228,,,,,,,0.0,,,,,,,,,,,
2.8106927309371534,grasp,,,,,,,,,,,,,,,,,,,,,,,,,,,0.038069114089012146,,,,,,,0.0,,,,,,,,,,,
2.8306927309371535,grasp,,,,,,,,,,,,,,,,,,,,,,,,,,,0.03803090378642082,,,,,,,0.0,,,,,,,,,,,
2.850692730937153,grasp,,,,,,,,,,,,,,,,,,,,,,,,,,,0.03797796368598938,,,,,,,0.0,,,,,,,,,,,
2.8706927309371535,grasp,,,,,,,,,,,,,,,,,,,,,,,,,,,0.03792246989905834,,,,,,,0.0,,,,,,,,,,,
2.890692730937153,grasp,,,,,,,,,,,,,,,,,,,,,,,,,,,0.03788423910737038,,,,,,,0.0,,,,,,,,,,,
2.910692730937153,grasp,,,,,,,,,,,,,,,,,,,,,,,,,,,0.037853898480534554,,,,,,,0.0,,,,,,,,,,,
2.930692730937153,grasp,,,,,,,,,,,,,,,,,,,,,,,,,,,0.037822213023900986,,,,,,,0.0,,,,,,,,,,,
2.950692730937153,grasp,,,,,,,,,,,,,,,,,,,,,,,,,,,0.03778988495469093,,,,,,,0.0,,,,,,,,,,,
2.970692730937153,grasp,,,,,,,,,,,,,,,,,,,,,,,,,,,0.03775747865438461,,,,,,,0.0,,,,,,,,,,,
2.990692730937153,grasp,,,,,,,,,,,,,,,,,,,,,,,,,,,0.03772553987801075,,,,,,,0.0,,,,,,,,,,,
3.010692730937153,grasp,,,,,,,,,,,,,,,,,,,,,,,,,,,0.03769410587847233,,,,,,,0.0,,,,,,,,,,,
3.030692730937153,grasp,,,,,,,,,,,,,,,,,,,,,,,,,,,0.03766467422246933,,,,,,,0.0,,,,,,,,,,,
3.050692730937153,grasp,,,,,,,,,,,,,,,,,,,,,,,,,,,0.03763661906123161,,,,,,,0.0,,,,,,,,,,,
3.0706927309371532,grasp,,,,,,,,,,,,,,,,,,,,,,,,,,,0.03761053457856178,,,,,,,0.0,,,,,,,,,,,
3.0906927309371532,grasp,,,,,,,,,,,,,,,,,,,,,,,,,,,0.0375868733972311,,,,,,,0.0,,,,,,,,,,,
3.1106927309371533,grasp,,,,,,,,,,,,,,,,,,,,,,,,,,,0.03756585344672203,,,,,,,0.0,,,,,,,,,,,
3.1306927309371533,grasp,,,,,,,,,,,,,,,,,,,,,,,,,,,0.037547484040260315,,,,,,,0.0,,,,,,,,,,,
3.1506927309371533,grasp,,,,,,,,,,,,,,,,,,,,,,,,,,,0.037532201036810875,,,,,,,0.0,,,,,,,,,,,
3.1706927309371533,grasp,,,,,,,,,,,,,,,,,,,,,,,,,,,0.037519702687859535,,,,,,,0.0,,,,,,,,,,,
3.1906927309371533,grasp,,,,,,,,,,,,,,,,,,,,,,,,,,,0.03751016594469547,,,,,,,0.0,,,,,,,,,,,
3.2106927309371533,grasp,,,,,,,,,,,,,,,,,,,,,,,,,,,0.037503283470869064,,,,,,,0.0,,,,,,,,,,,
3.2306927309371534,grasp,,,,,,,,,,,,,,,,,,,,,,,,,,,0.037498850375413895,,,,,,,0.0,,,,,,,,,,,
3.2506927309371534,grasp,,,,,,,,,,,,,,,,,,,,,,,,,,,0.03749636746942997,,,,,,,0.0,,,,,,,,,,,
3.2706927309371534,grasp,,,,,,,,,,,,,,,,,,,,,,,,,,,0.03749541752040386,,,,,,,0.0,,,,,,,,,,,
3.2906927309371534,grasp,,,,,,,,,,,,,,,,,,,,,,,,,,,0.037495262920856476,,,,,,,0.0,,,,,,,,,,,
3.2906927309371534,grasp,,,,,,,,,,,,,,,,,,,,,1.9209641218185425,1.0270717144012451,1.2825409173965454,-0.25766322016716003,0.0025089785922318697,0.007249963469803333,0.037495262920856476,1.9208669662475586,1.0263999700546265,1.2840471267700195,-0.2576471269130707,0.0028850857634097338,3.5491539165377617e-06,,,,,,,,,,,,
3.3106927309371534,grasp,,,,,,,,,,,,,,,,,,,,,1.9209668636322021,1.02705717086792,1.2825289964675903,-0.25766345858573914,0.0024953787215054035,0.006946857552975416,0.037495262920856476,1.9208669662475586,1.0263999700546265,1.2840471267700195,-0.2576471269130707,0.0028850857634097338,3.5491539165377617e-06,,,,,,,,,,,,
3.3306927309371535,grasp,,,,,,,,,,,,,,,,,,,,,1.9209696054458618,1.027007818222046,1.28251051902771,-0.2577025294303894,0.002485361648723483,0.006790746469050646,0.037495262920856476,1.9208682506064572,1.0263036430219843,1.2840293057716743,-0.25772727900761516,0.0028863792156696294,3.548575322701018e-06,,,,,,,,,,,,
3.3506927309371535,grasp,,,,,,,,,,,,,,,,,,,,,1.9209715127944946,1.0269861221313477,1.2825038433074951,-0.2577226758003235,0.002479217015206814,0.006710332818329334,0.037495262920856476,1.9208682506064572,1.0263036430219843,1.2840293057716743,-0.25772727900761516,0.0028863792156696294,3.548575322701018e-06,,,,,,,,,,,,
3.3706927309371535,grasp,,,,,,,,,,,,,,,,,,,,,1.9209755659103394,1.0266786813735962,1.2824128866195679,-0.25799810886383057,0.0024840543046593666,0.0066687497310340405,0.037495262920856476,1.9208769933762524,1.025647786325859,1.283907348812474,-0.25827297542769706,0.0028951838322332116,3.5446361090283844e-06,,,,,,,,,,,,
3.3906927309371535,grasp,,,,,,,,,,,,,,,,,,,,,1.9209682941436768,1.0265227556228638,1.282363772392273,-0.25813964009284973,0.0025020651519298553,0.006646986585110426,0.037495262920856476,1.9208769933762524,1.025647786325859,1.283907348812474,-0.25827297542769706,0.0028951838322332116,3.5446361090283844e-06,,,,,,,,,,,,
3.4106927309371535,grasp,,,,,,,,,,,,,,,,,,,,,1.920957326889038,1.025636076927185,1.2820823192596436,-0.2589077651500702,0.0025665834546089172,0.006634911987930536,0.037495262920856476,1.9208999160232556,1.0239247920516423,1.2835882275032047,-0.2597057350764055,0.002918225225549967,3.53432767342329e-06,,,,,,,,,,,,
3.4306927309371535,grasp,,,,,,,,,,,,,,,,,,,,,1.9209349155426025,1.0251777172088623,1.2819398641586304,-0.2593030035495758,0.002633574651554227,0.006628022994846106,0.037495262920856476,1.9208999160232556,1.0239247920516423,1.2835882275032047,-0.2597057350764055,0.002918225225549967,3.53432767342329e-06,,,,,,,,,,,,
3.4506927309371536,grasp,,,,,,,,,,,,,,,,,,,,,1.9209438562393188,1.0233981609344482,1.281503438949585,-0.26081323623657227,0.0027043672744184732,0.006624183151870966,0.037495262920856476,1.9209426530659752,1.0206798379107984,1.2829942239365404,-0.26239997160771783,0.0029611121612723116,3.5151406491820117e-06,,,,,,,,,,,,
3.4706927309371536,grasp,,,,,,,,,,,,,,,,,,,,,1.9209548234939575,1.0224552154541016,1.281256914138794,-0.2615916430950165,0.002731958171352744,0.00662155169993639,0.037495262920856476,1.9209426530659752,1.0206798379107984,1.2829942239365404,-0.26239997160771783,0.0029611121612723116,3.5151406491820117e-06,,,,,,,,,,,,
3.4906927309371536,grasp,,,,,,,,,,,,,,,,,,,,,1.9209803342819214,1.0194982290267944,1.280523657798767,-0.2640707790851593,0.002852364908903837,0.006619398482143879,0.037495262920856476,1.9210094627205025,1.0155080964946837,1.282065229122461,-0.2666837820853157,0.0030281873206010747,3.4851324965661073e-06,,,,,,,,,,,,
3.5106927309371536,grasp,,,,,,,,,,,,,,,,,,,,,1.9209915399551392,1.0179423093795776,1.2800941467285156,-0.26534828543663025,0.0028890979010611773,0.006617742590606213,0.037495262920856476,1.9210094627205025,1.0155080964946837,1.282065229122461,-0.2666837820853157,0.0030281873206010747,3.4851324965661073e-06,,,,,,,,,,,,
3.5306927309371536,grasp,,,,,,,,,,,,,,,,,,,,,1.9210354089736938,1.0135655403137207,1.2790148258209229,-0.26899540424346924,0.003093850100412965,0.0066146813333034515,0.037495262920856476,1.9211043018584217,1.008057616481481,1.2807482295346564,-0.2728441335714581,0.003123273735661563,3.4425933658178254e-06,,,,,,,,,,,,
3.550692730937153,grasp,,,,,,,,,,,,,,,,,,,,,1.9210059642791748,1.0112804174423218,1.2783949375152588,-0.27087312936782837,0.0032812312711030245,0.006609952077269554,0.037495262920856476,1.9211043018584217,1.008057616481481,1.2807482295346564,-0.2728441335714581,0.003123273735661563,3.4425933658178254e-06,,,,,,,,,,,,
3.5706927309371537,grasp,,,,,,,,,,,,,,,,,,,,,1.9211535453796387,1.0052720308303833,1.2771925926208496,-0.27586042881011963,0.003309649648144841,0.006607553921639919,0.037495262920856476,1.9212309122746505,0.9980303370209174,1.2789905105470247,-0.28113074274406286,0.0032501858739915944,3.385816677007032e-06,,,,,,,,,,,,
3.5906927309371532,grasp,,,,,,,,,,,,,,,,,,,,,1.9212687015533447,1.0021567344665527,1.2765672206878662,-0.27843037247657776,0.0030782832764089108,0.006597024388611317,0.037495262920856476,1.9212309122746505,0.9980303370209174,1.2789905105470247,-0.28113074274406286,0.0032501858739915944,3.385816677007032e-06,,,,,,,,,,,,
3.6106927309371533,grasp,,,,,,,,,,,,,,,,,,,,,1.921349287033081,0.9943491220474243,1.2753982543945312,-0.2849011719226837,0.003104702103883028,0.00657734414562583,0.037495262920856476,1.9213922175158473,0.9851742699681448,1.2767489550835958,-0.2917527526451989,0.0034120460538321113,3.313405240945068e-06,,,,,,,,,,,,
3.6306927309371533,grasp,,,,,,,,,,,,,,,,,,,,,1.9213838577270508,0.9902228713035583,1.2748570442199707,-0.28823402523994446,0.0031681321561336517,0.006560541223734617,0.037495262920856476,1.9213922175158473,0.9851742699681448,1.2767489550835958,-0.2917527526451989,0.0034120460538321113,3.313405240945068e-06,,,,,,,,,,,,
3.6506927309371533,grasp,,,,,,,,,,,,,,,,,,,,,1.9214671850204468,0.9805340766906738,1.2730634212493896,-0.2963166832923889,0.003410697914659977,0.006545308977365494,0.037495262920856476,1.9215910766606912,0.9692819795340099,1.2739886985835729,-0.3048806479500034,0.003611382590156748,3.224226780629051e-06,,,,,,,,,,,,
3.6706927309371533,grasp,,,,,,,,,,,,,,,,,,,,,1.9215428829193115,0.9754383563995361,1.2721569538116455,-0.3004813492298126,0.0034726085141301155,0.006535549648106098,0.037495262920856476,1.9215910766606912,0.9692819795340099,1.2739886985835729,-0.3048806479500034,0.003611382590156748,3.224226780629051e-06,,,,,,,,,,,,
3.6906927309371533,grasp,,,,,,,,,,,,,,,,,,,,,1.9216641187667847,0.9636202454566956,1.2701642513275146,-0.3102707266807556,0.0037195649929344654,0.006523791700601578,0.037495262920856476,1.9218292913734991,0.9501896919359504,1.2706831253759057,-0.3206492573461067,0.0038501219905379054,3.1174197975927483e-06,,,,,,,,,,,,
3.7106927309371533,grasp,,,,,,,,,,,,,,,,,,,,,1.921743392944336,0.957449734210968,1.269202470779419,-0.31531408429145813,0.003856769297271967,0.006513603962957859,0.037495262920856476,1.9218292913734991,0.9501896919359504,1.2706831253759057,-0.3206492573461067,0.0038501219905379054,3.1174197975927483e-06,,,,,,,,,,,,
3.7306927309371534,grasp,,,,,,,,,,,,,,,,,,,,,1.9219386577606201,0.9434835314750671,1.2667371034622192,-0.32688620686531067,0.003984114155173302,0.0065026478841900826,0.037495262920856476,1.9221085694195708,0.9277749801739364,1.266811026005499,-0.33915840701606065,0.004129806063815634,2.9922926945102655e-06,,,,,,,,,,,,
3.7506927309371534,grasp,,,,,,,,,,,,,,,,,,,,,1.9220225811004639,0.9362013936042786,1.265488624572754,-0.3328486680984497,0.004091927316039801,0.00649885693565011,0.037495262920856476,1.9221085694195708,0.9277749801739364,1.266811026005499,-0.33915840701606065,0.004129806063815634,2.9922926945102655e-06,,,,,,,,,,,,
3.7706927309371534,grasp,,,,,,,,,,,,,,,,,,,,,1.9222259521484375,0.9200122952461243,1.2625209093093872,-0.346255898475647,0.004281776491552591,0.006497542839497328,0.037495262920856476,1.9224298725489786,0.9019555422595098,1.2623575883312452,-0.3604757351005168,0.004451501548347089,2.8483675313870167e-06,,,,,,,,,,,,
3.7906927309371534,grasp,,,,,,,,,,,,,,,,,,,,,1.9223519563674927,0.9115800857543945,1.2610596418380737,-0.3531636893749237,0.004291106015443802,0.006496179383248091,0.037495262920856476,1.9224298725489786,0.9019555422595098,1.2623575883312452,-0.3604757351005168,0.004451501548347089,2.8483675313870167e-06,,,,,,,,,,,,
3.8106927309371534,grasp,,,,,,,,,,,,,,,,,,,,,1.9225597381591797,0.8931300640106201,1.2577067613601685,-0.3684372901916504,0.004555101506412029,0.006494441535323858,0.037495262920856476,1.9227939619065315,0.8726873586112649,1.2573136796134838,-0.38463837342896484,0.004815872386865096,2.6853467823092386e-06,,,,,,,,,,,,
3.8306927309371535,grasp,,,,,,,,,,,,,,,,,,,,,1.9226782321929932,0.8835203051567078,1.2562100887298584,-0.3763039708137512,0.004656301811337471,0.0064942557364702225,0.037495262920856476,1.9227939619065315,0.8726873586112649,1.2573136796134838,-0.38463837342896484,0.004815872386865096,2.6853467823092386e-06,,,,,,,,,,,,
3.8506927309371535,grasp,,,,,,,,,,,,,,,,,,,,,1.922928810119629,0.8627999424934387,1.2526071071624756,-0.39345547556877136,0.004925419110804796,0.00648694671690464,0.037495262920856476,1.9232011593733578,0.8399627013985004,1.2516746787307598,-0.41165436830952773,0.005223242082954002,2.503082586491234e-06,,,,,,,,,,,,
3.8706927309371535,grasp,,,,,,,,,,,,,,,,,,,,,1.9230504035949707,0.8520050644874573,1.2508479356765747,-0.4022907614707947,0.005083814729005098,0.006465994752943516,0.037495262920856476,1.9232011593733578,0.8399627013985004,1.2516746787307598,-0.41165436830952773,0.005223242082954002,2.503082586491234e-06,,,,,,,,,,,,
3.8906927309371535,grasp,,,,,,,,,,,,,,,,,,,,,1.923355221748352,0.8290238976478577,1.2468106746673584,-0.42131564021110535,0.005315846297889948,0.0064458600245416164,0.037495262920856476,1.9236519061797197,0.8038085757918623,1.2454387358934373,-0.4415044902799029,0.005673742700247513,2.301513622396677e-06,,,,,,,,,,,,
3.9106927309371535,grasp,,,,,,,,,,,,,,,,,,,,,1.9234931468963623,0.8170556426048279,1.2448357343673706,-0.4311159551143646,0.00546819344162941,0.006425068713724613,0.037495262920856476,1.9236519061797197,0.8038085757918623,1.2454387358934373,-0.4415044902799029,0.005673742700247513,2.301513622396677e-06,,,,,,,,,,,,
3.9306927309371535,grasp,,,,,,,,,,,,,,,,,,,,,1.9238135814666748,0.7918456792831421,1.2404125928878784,-0.4519900381565094,0.005766441114246845,0.00640438636764884,0.037495262920856476,1.9241466935658473,0.7642863556918454,1.2386004091296823,-0.47414452061250795,0.006167784814547766,2.080458441696886e-06,,,,,,,,,,,,
3.9506927309371536,grasp,,,,,,,,,,,,,,,,,,,,,1.923975944519043,0.7787142992019653,1.2382313013076782,-0.4627431035041809,0.005921363364905119,0.006381067913025618,0.037495262920856476,1.9241466935658473,0.7642863556918454,1.2386004091296823,-0.47414452061250795,0.006167784814547766,2.080458441696886e-06,,,,,,,,,,,,
3.9706927309371536,grasp,,,,,,,,,,,,,,,,,,,,,1.9240000247955322,0.751526951789856,1.2332450151443481,-0.4850767254829407,0.006241455674171448,0.006361549254506826,0.037495262920856476,1.924007429045589,0.7219016820680164,1.2308020240338624,-0.5087816546258087,0.006694267832875691,2.2383480381055422e-06,,,,,,,,,,,,
3.9906927309371536,grasp,,,,,,,,,,,,,,,,,,,,,1.9240003824234009,0.7373690009117126,1.2307648658752441,-0.49658167362213135,0.006435981951653957,0.0063374219462275505,0.037495262920856476,1.924007429045589,0.7219016820680164,1.2308020240338624,-0.5087816546258087,0.006694267832875691,2.2383480381055422e-06,,,,,,,,,,,,
4.010692730937153,grasp,,,,,,,,,,,,,,,,,,,,,1.905559778213501,0.7191441059112549,1.2169795036315918,-0.5007103085517883,0.005607315339148045,0.006348585709929466,0.037495262920856476,1.8853873791274154,0.6992696792380906,1.204826656671852,-0.5050639207707293,0.006440908206310214,2.498461039388811e-05,,,,,,,,,,,,
4.030692730937154,grasp,,,,,,,,,,,,,,,,,,,,,1.895508885383606,0.709793210029602,1.2096693515777588,-0.5028309226036072,0.0066950516775250435,0.0063024177215993404,0.037495262920856476,1.8853873791274154,0.6992696792380906,1.204826656671852,-0.5050639207707293,0.006440908206310214,2.498461039388811e-05,,,,,,,,,,,,
4.050692730937153,grasp,,,,,,,,,,,,,,,,,,,,,1.8664747476577759,0.6959477066993713,1.1906499862670898,-0.4971616864204407,0.00515498174354434,0.006340672727674246,0.037495262920856476,1.8348224050582986,0.6807025258398304,1.1729312576347248,-0.4911013025655713,0.00596520407744776,5.473805440584379e-05,,,,,,,,,,,,
4.070692730937154,grasp,,,,,,,,,,,,,,,,,,,,,1.8507471084594727,0.6888809204101562,1.180589199066162,-0.4942333400249481,0.00652512488886714,0.006291260477155447,0.037495262920856476,1.8348224050582986,0.6807025258398304,1.1729312576347248,-0.4911013025655713,0.00596520407744776,5.473805440584379e-05,,,,,,,,,,,,
4.090692730937153,grasp,,,,,,,,,,,,,,,,,,,,,1.817473292350769,0.6756638884544373,1.1592893600463867,-0.4855670630931854,0.004756110720336437,0.006334836129099131,0.037495262920856476,1.7812942849135325,0.6610491949695866,1.1391726743081088,-0.47632283003261866,0.00546170499210672,8.623067807673684e-05,,,,,,,,,,,,
4.110692730937154,grasp,,,,,,,,,,,,,,,,,,,,,1.7995338439941406,0.6689121127128601,1.148051142692566,-0.48109573125839233,0.0061378199607133865,0.006292695179581642,0.037495262920856476,1.7812942849135325,0.6610491949695866,1.1391726743081088,-0.47632283003261866,0.00546170499210672,8.623067807673684e-05,,,,,,,,,,,,
4.130692730937153,grasp,,,,,,,,,,,,,,,,,,,,,1.7637978792190552,0.6553524136543274,1.1253265142440796,-0.4712633192539215,0.004253120627254248,0.0063368347473442554,0.037495262920856476,1.7249964452501587,0.6403789251140328,1.103670357196486,-0.46078071300290774,0.004932183218002126,0.00011935152247951705,,,,,,,,,,,,
4.150692730937154,grasp,,,,,,,,,,,,,,,,,,,,,1.7444336414337158,0.6483790278434753,1.1139495372772217,-0.46618711948394775,0.006111536640673876,0.006028521340340376,0.037495262920856476,1.7249964452501587,0.6403789251140328,1.103670357196486,-0.46078071300290774,0.004932183218002126,0.00011935152247951705,,,,,,,,,,,,
4.170692730937153,grasp,,,,,,,,,,,,,,,,,,,,,1.7066526412963867,0.6342536807060242,1.090300440788269,-0.45569542050361633,0.004492949694395065,0.0030967199709266424,0.037495262920856476,1.6661419927813381,0.6187687011003246,1.0665578012982397,-0.44453355069067496,0.00437862710090913,0.00015397587225894036,,,,,,,,,,,,
4.190692730937154,grasp,,,,,,,,,,,,,,,,,,,,,1.6867595911026,0.6270664930343628,1.0776417255401611,-0.4502958357334137,0.005053023342043161,0.0018499087309464812,0.037495262920856476,1.6661419927813381,0.6187687011003246,1.0665578012982397,-0.44453355069067496,0.00437862710090913,0.00015397587225894036,,,,,,,,,,,,
4.210692730937153,grasp,,,,,,,,,,,,,,,,,,,,,1.6472444534301758,0.612411618232727,1.0526551008224487,-0.4393237233161926,0.0038586710579693317,0.0009789216564968228,0.037495262920856476,1.6049622826409982,0.5963028645677994,1.0279804563612316,-0.42764500201307143,0.00380321238972514,0.00018996756442996065,,,,,,,,,,,,
4.230692730937154,grasp,,,,,,,,,,,,,,,,,,,,,1.6266601085662842,0.6049185395240784,1.0395480394363403,-0.4336736500263214,0.003972439095377922,0.0005994956591166556,0.037495262920856476,1.6049622826409982,0.5963028645677994,1.0279804563612316,-0.42764500201307143,0.00380321238972514,0.00018996756442996065,,,,,,,,,,,,
4.250692730937153,grasp,,,,,,,,,,,,,,,,,,,,,1.585493803024292,0.5897334814071655,1.013702630996704,-0.42229482531547546,0.0034242793917655945,0.0004357420257292688,0.037495262920856476,1.5417051105359352,0.5730715552606384,0.9880944867324767,-0.4101834312483064,0.0032082873207168894,0.00022717992177020846,,,,,,,,,,,,
4.270692730937153,grasp,,,,,,,,,,,,,,,,,,,,,1.5642000436782837,0.5819703936576843,1.000143051147461,-0.4164349436759949,0.0034610035363584757,0.0003214908647350967,0.037495262920856476,1.5417051105359352,0.5730715552606384,0.9880944867324767,-0.4101834312483064,0.0032082873207168894,0.00022717992177020846,,,,,,,,,,,,
4.290692730937153,grasp,,,,,,,,,,,,,,,,,,,,,1.5217856168746948,0.5663191676139832,0.9735193252563477,-0.404705286026001,0.002807865384966135,0.0002963923034258187,0.037495262920856476,1.4766328048115653,0.5491710428058395,0.9470647279132531,-0.3922212376933598,0.0025963119457467964,0.0002654589209429999,,,,,,,,,,,,
4.310692730937154,grasp,,,,,,,,,,,,,,,,,,,,,1.4998193979263306,0.5583187341690063,0.9595497250556946,-0.3986648619174957,0.002879825886338949,0.00027812927146442235,0.037495262920856476,1.4766328048115653,0.5491710428058395,0.9470647279132531,-0.3922212376933598,0.0025963119457467964,0.0002654589209429999,,,,,,,,,,,,
4.3306927309371535,grasp,,,,,,,,,,,,,,,,,,,,,1.4563241004943848,0.5422669649124146,0.9322519302368164,-0.3866361975669861,0.0021927247289568186,0.0002921874984167516,0.037495262920856476,1.4100203019449584,0.5247010667132158,0.9050643548922074,-0.37383431382686105,0.0019698500003158853,0.0003046437968950597,,,,,,,,,,,,
4.350692730937153,grasp,,,,,,,,,,,,,,,,,,,,,1.4338016510009766,0.5340625643730164,0.9179270267486572,-0.3804417848587036,0.0022559850476682186,0.00029425372486002743,0.037495262920856476,1.4100203019449584,0.5247010667132158,0.9050643548922074,-0.37383431382686105,0.0019698500003158853,0.0003046437968950597,,,,,,,,,,,,
4.3706927309371535,grasp,,,,,,,,,,,,,,,,,,,,,1.3894076347351074,0.5176782011985779,0.890069842338562,-0.3681659996509552,0.001562634133733809,0.0003206574183423072,0.037495262920856476,1.3421527651522345,0.4997663847853607,0.8622728582668348,-0.35510142392373417,0.001331579093791039,0.000344566921205786,,,,,,,,,,,,
4.390692730937154,grasp,,,,,,,,,,,,,,,,,,,,,1.3664246797561646,0.5093045234680176,0.8754491806030273,-0.3618442416191101,0.0016230812761932611,0.00032805773662403226,0.037495262920856476,1.3421527651522345,0.4997663847853607,0.8622728582668348,-0.35510142392373417,0.001331579093791039,0.000344566921205786,,,,,,,,,,,,
4.4106927309371535,grasp,,,,,,,,,,,,,,,,,,,,,1.3213257789611816,0.49265816807746887,0.8471526503562927,-0.34937429428100586,0.0009208200499415398,0.0003576754534151405,0.037495262920856476,1.2733238692885995,0.4744745342391186,0.8188752394712902,-0.3361034241484179,0.0006842815624053429,0.00038505448574308005,,,,,,,,,,,,
4.430692730937153,grasp,,,,,,,,,,,,,,,,,,,,,1.2979816198349,0.4841518998146057,0.8322991132736206,-0.3429526090621948,0.000980535289272666,0.00036676181480288506,0.037495262920856476,1.2733238692885995,0.4744745342391186,0.8188752394712902,-0.3361034241484179,0.0006842815624053429,0.00038505448574308005,,,,,,,,,,,,
4.450692730937154,grasp,,,,,,,,,,,,,,,,,,,,,1.252374529838562,0.46731483936309814,0.8036854863166809,-0.3303428292274475,0.00027225722442381084,0.00039740779902786016,0.037495262920856476,1.2038338853814934,0.4489347608008927,0.7750605482874335,-0.31692315869295257,3.0797223694334266e-05,0.0004259288918594453,,,,,,,,,,,,
4.470692730937153,grasp,,,,,,,,,,,,,,,,,,,,,1.2287704944610596,0.45871222019195557,0.7886630296707153,-0.323849081993103,0.00033040836569853127,0.00040701116085983813,0.037495262920856476,1.2038338853814934,0.4489347608008927,0.7750605482874335,-0.31692315869295257,3.0797223694334266e-05,0.0004259288918594453,,,,,,,,,,,,
4.490692730937154,grasp,,,,,,,,,,,,,,,,,,,,,1.1828542947769165,0.4417583644390106,0.7598574757575989,-0.31115442514419556,-0.00038099702214822173,0.00043813421507366,0.037495262920856476,1.1339870687851483,0.4232590216125154,0.7310206067592112,-0.2976446919015967,-0.0006260286297458999,0.000467012265782219,,,,,,,,,,,,
4.510692730937153,grasp,,,,,,,,,,,,,,,,,,,,,1.159092903137207,0.4330970048904419,0.7447319030761719,-0.3046170175075531,-0.00032439042115584016,0.00044787072692997754,0.037495262920856476,1.1339870687851483,0.4232590216125154,0.7310206067592112,-0.2976446919015967,-0.0006260286297458999,0.000467012265782219,,,,,,,,,,,,
4.530692730937154,grasp,,,,,,,,,,,,,,,,,,,,,1.1130691766738892,0.41610029339790344,0.715860903263092,-0.29189345240592957,-0.0010358745930716395,0.00047913831076584756,0.037495262920856476,1.0640901788384503,0.3975598449194804,0.6869487149210771,-0.27835266464470854,-0.0012833270487772122,0.0005081251186429939,,,,,,,,,,,,
4.550692730937153,grasp,,,,,,,,,,,,,,,,,,,,,1.0892550945281982,0.4074179232120514,0.7006982564926147,-0.2853409945964813,-0.0009809155017137527,0.0004889144329354167,0.037495262920856476,1.0640901788384503,0.3975598449194804,0.6869487149210771,-0.27835266464470854,-0.0012833270487772122,0.0005081251186429939,,,,,,,,,,,,
4.570692730937154,grasp,,,,,,,,,,,,,,,,,,,,,1.0433263778686523,0.3904525339603424,0.6718888878822327,-0.27264419198036194,-0.001689296797849238,0.0005200924933888018,0.037495262920856476,0.9944506588573684,0.3719487667271347,0.6430384345239533,-0.2591319371833981,-0.001938206157729655,0.0005490865094532738,,,,,,,,,,,,
4.590692730937153,grasp,,,,,,,,,,,,,,,,,,,,,1.0195635557174683,0.3817872703075409,0.6567555665969849,-0.2661055624485016,-0.001635809545405209,0.0005298946052789688,0.037495262920856476,0.9944506588573684,0.3719487667271347,0.6430384345239533,-0.2591319371833981,-0.001938206157729655,0.0005490865094532738,,,,,,,,,,,,
4.610692730937154,grasp,,,,,,,,,,,,,,,,,,,,,0.9739320278167725,0.36492741107940674,0.6281337141990662,-0.25349149107933044,-0.002338789403438568,0.0005609110230579972,0.037495262920856476,0.9253739278718023,0.34653805901187285,0.5994821041438294,-0.2400666796379815,-0.002587789148504576,0.0005897165138671871,,,,,,,,,,,,
4.630692730937153,grasp,,,,,,,,,,,,,,,,,,,,,0.9503251910209656,0.3563169240951538,0.613095760345459,-0.2469952553510666,-0.002287140116095543,0.0005706060910597444,0.037495262920856476,0.9253739278718023,0.34653805901187285,0.5994821041438294,-0.2400666796379815,-0.002587789148504576,0.0005897165138671871,,,,,,,,,,,,
4.650692730937154,grasp,,,,,,,,,,,,,,,,,,,,,0.9051899313926697,0.3396359980106354,0.584786593914032,-0.23451869189739227,-0.002981427125632763,0.0006013309466652572,0.037495262920856476,0.8571616657658855,0.3214382877413493,0.5564699200691637,-0.22124012518265818,-0.0032292331645481323,0.0006298374286982249,,,,,,,,,,,,
4.670692730937153,grasp,,,,,,,,,,,,,,,,,,,,,0.8818417191505432,0.3311178386211395,0.5699099898338318,-0.22809337079524994,-0.0029317380394786596,0.0006109517416916788,0.037495262920856476,0.8571616657658855,0.3214382877413493,0.5564699200691637,-0.22124012518265818,-0.0032292331645481323,0.0006298374286982249,,,,,,,,,,,,
4.690692730937154,grasp,,,,,,,,,,,,,,,,,,,,,0.8373993039131165,0.3146878182888031,0.542036771774292,-0.21580873429775238,-0.0036143821198493242,0.0006411952781490982,0.037495262920856476,0.7901099364670898,0.29675755194281594,0.5141884118527258,-0.20273405450503035,-0.003859750362171861,0.0006692750239043362,,,,,,,,,,,,
4.710692730937153,grasp,,,,,,,,,,,,,,,,,,,,,0.8144110441207886,0.3062989413738251,0.5273856520652771,-0.20948222279548645,-0.0035663398448377848,0.000650654430501163,0.037495262920856476,0.7901099364670898,0.29675755194281594,0.5141884118527258,-0.20273405450503035,-0.003859750362171861,0.0006692750239043362,,,,,,,,,,,,
4.730692730937154,grasp,,,,,,,,,,,,,,,,,,,,,0.7708539366722107,0.29019007086753845,0.5000690221786499,-0.19744262099266052,-0.00423447834327817,0.0006802460411563516,0.037495262920856476,0.7245071310013063,0.27260062847929556,0.4728193369339888,-0.18462810149390646,-0.004476629243419702,0.0007078598063954758,,,,,,,,,,,,
4.750692730937153,grasp,,,,,,,,,,,,,,,,,,,,,0.7483248114585876,0.2819659411907196,0.48570704460144043,-0.19124211370944977,-0.004188188351690769,0.0006895446567796171,0.037495262920856476,0.7245071310013063,0.27260062847929556,0.4728193369339888,-0.18462810149390646,-0.004476629243419702,0.0007078598063954758,,,,,,,,,,,,
4.770692730937153,grasp,,,,,,,,,,,,,,,,,,,,,0.705838143825531,0.26624658703804016,0.4590626060962677,-0.17949871718883514,-0.004839922301471233,0.0007185137365013361,0.037495262920856476,0.6606315090775151,0.24907001143256863,0.432538170372909,-0.16699891075919585,-0.005077264538512552,0.0007454286266915378,,,,,,,,,,,,
4.790692730937153,grasp,,,,,,,,,,,,,,,,,,,,,0.6838636994361877,0.2582222521305084,0.4450508952140808,-0.1734507530927658,-0.004795488435775042,0.0007275335374288261,0.037495262920856476,0.6606315090775151,0.24907001143256863,0.432538170372909,-0.16699891075919585,-0.005077264538512552,0.0007454286266915378,,,,,,,,,,,,
4.810692730937154,grasp,,,,,,,,,,,,,,,,,,,,,0.6426263451576233,0.24295809864997864,0.419190913438797,-0.162052720785141,-0.005427421536296606,0.000755630899220705,0.037495262920856476,0.5987496163409717,0.22626335494536207,0.3935130158000229,-0.14991995608131242,-0.005659160095557057,0.0007818249825126408,,,,,,,,,,,,
4.8306927309371535,grasp,,,,,,,,,,,,,,,,,,,,,0.6212990880012512,0.23516710102558136,0.4055882394313812,-0.15618260204792023,-0.005385199561715126,0.0007644459255971014,0.037495262920856476,0.5987496163409717,0.22626335494536207,0.3935130158000229,-0.14991995608131242,-0.005659160095557057,0.0007818249825126408,,,,,,,,,,,,
4.850692730937153,grasp,,,,,,,,,,,,,,,,,,,,,0.5814805626869202,0.22042061388492584,0.3806191086769104,-0.1451769322156906,-0.005995224229991436,0.0007916195318102837,0.037495262920856476,0.5391142239653361,0.2042732525453223,0.35590307552221145,-0.13346098129087644,-0.006219936960134437,0.0008169001295369862,,,,,,,,,,,,
4.8706927309371535,grasp,,,,,,,,,,,,,,,,,,,,,0.56088787317276,0.21289463341236115,0.3674817681312561,-0.13950887322425842,-0.005954659078270197,0.0008000496891327202,0.037495262920856476,0.5391142239653361,0.2042732525453223,0.35590307552221145,-0.13346098129087644,-0.006219936960134437,0.0008169001295369862,,,,,,,,,,,,
4.890692730937154,grasp,,,,,,,,,,,,,,,,,,,,,0.5226483345031738,0.19872426986694336,0.343503475189209,-0.1289396733045578,-0.006540138740092516,0.0008261417970061302,0.037495262920856476,0.4819623661800106,0.18318573485219947,0.31985770620636933,-0.11768746068184183,-0.006757356403074218,0.0008505141841789453,,,,,,,,,,,,
4.9106927309371535,grasp,,,,,,,,,,,,,,,,,,,,,0.5028727054595947,0.19149309396743774,0.33088424801826477,-0.12349628657102585,-0.0065016839653253555,0.0008342984365299344,0.037495262920856476,0.4819623661800106,0.18318573485219947,0.31985770620636933,-0.11768746068184183,-0.006757356403074218,0.0008505141841789453,,,,,,,,,,,,
4.930692730937153,grasp,,,,,,,,,,,,,,,,,,,,,0.4663606286048889,0.1779533177614212,0.30798953771591187,-0.11340460926294327,-0.007060783449560404,0.0008592456579208374,0.037495262920856476,0.4275130313304447,0.16308102592752557,0.28551481848752236,-0.1026597961841389,-0.007269356944913395,0.0008825385521036714,,,,,,,,,,,,
4.950692730937154,grasp,,,,,,,,,,,,,,,,,,,,,0.4474790096282959,0.1710447072982788,0.295937716960907,-0.10820703208446503,-0.00702474731951952,0.0008670389652252197,0.037495262920856476,0.4275130313304447,0.16308102592752557,0.28551481848752236,-0.1026597961841389,-0.007269356944913395,0.0008825385521036714,,,,,,,,,,,,
4.970692730937153,grasp,,,,,,,,,,,,,,,,,,,,,0.41283002495765686,0.15818609297275543,0.2742118835449219,-0.09863032400608063,-0.007554867770522833,0.0008907002629712224,0.037495262920856476,0.37596495743120323,0.14403297414295893,0.2529997757992961,-0.08843276240117204,-0.00775407658932229,0.0009128564591896052,,,,,,,,,,,,
4.990692730937154,grasp,,,,,,,,,,,,,,,,,,,,,0.39491215348243713,0.15162554383277893,0.26277244091033936,-0.09369797259569168,-0.007520528510212898,0.0008980564307421446,0.037495262920856476,0.37596495743120323,0.14403297414295893,0.2529997757992961,-0.08843276240117204,-0.00775407658932229,0.0009128564591896052,,,,,,,,,,,,
5.010692730937153,grasp,,,,,,,,,,,,,,,,,,,,,0.36224812269210815,0.1394929438829422,0.24229145050048828,-0.08466976135969162,-0.008020627312362194,0.0009204213274642825,0.037495262920856476,0.3274952068106787,0.1261066602963577,0.22242406643972007,-0.07505508714088714,-0.008209861151959144,0.0009413643705386923,,,,,,,,,,,,
5.030692730937154,grasp,,,,,,,,,,,,,,,,,,,,,0.3453570306301117,0.13330350816249847,0.2315051257610321,-0.08001982420682907,-0.007989547215402126,0.0009274421609006822,0.037495262920856476,0.3274952068106787,0.1261066602963577,0.22242406643972007,-0.07505508714088714,-0.008209861151959144,0.0009413643705386923,,,,,,,,,,,,
5.050692730937153,grasp,,,,,,,,,,,,,,,,,,,,,0.31478455662727356,0.12193621695041656,0.212335467338562,-0.07156952470541,-0.008457009680569172,0.0009483619360253215,0.037495262920856476,0.2822568796534553,0.10935810719269341,0.1938841376561305,-0.06256897341053147,-0.008635273899935257,0.0009679724561852517,,,,,,,,,,,,
5.070692730937154,grasp,,,,,,,,,,,,,,,,,,,,,0.29897522926330566,0.11613766103982925,0.2022377997636795,-0.06721720099449158,-0.00842767208814621,0.0009548463276587427,0.037495262920856476,0.2822568796534553,0.10935810719269341,0.1938841376561305,-0.06256897341053147,-0.008635273899935257,0.0009679724561852517,,,,,,,,,,,,
5.090692730937153,grasp,,,,,,,,,,,,,,,,,,,,,0.270583838224411,0.10556890815496445,0.18443553149700165,-0.05936959385871887,-0.00886189192533493,0.0009743152186274529,0.037495262920856476,0.24037697612642778,0.09383407948509748,0.16746001167055768,-0.05100945798943717,-0.00902912126320054,0.0009926061415328911,,,,,,,,,,,,
5.110692730937154,grasp,,,,,,,,,,,,,,,,,,,,,0.25590258836746216,0.10017803311347961,0.17505668103694916,-0.05532762408256531,-0.008835268206894398,0.00098038325086236,0.037495262920856476,0.24037697612642778,0.09383407948509748,0.16746001167055768,-0.05100945798943717,-0.00902912126320054,0.0009926061415328911,,,,,,,,,,,,
5.130692730937153,grasp,,,,,,,,,,,,,,,,,,,,,0.22976425290107727,0.09043443202972412,0.1586664915084839,-0.048102445900440216,-0.009235091507434845,0.000998358242213726,0.037495262920856476,0.2019544129599431,0.07957115053288073,0.14321406057483074,-0.04040382919785393,-0.009390473055660138,0.0010152073415558808,,,,,,,,,,,,
5.150692730937154,grasp,,,,,,,,,,,,,,,,,,,,,0.2162482738494873,0.08546467125415802,0.15003038942813873,-0.04438105970621109,-0.009211251512169838,0.0010039123008027673,0.037495262920856476,0.2019544129599431,0.07957115053288073,0.14321406057483074,-0.04040382919785393,-0.009390473055660138,0.0010152073415558808,,,,,,,,,,,,
5.170692730937153,grasp,,,,,,,,,,,,,,,,,,,,,0.1924150586128235,0.07656636089086533,0.13508480787277222,-0.03779274970293045,-0.00957536417990923,0.0010203280253335834,0.037495262920856476,0.1670576533621291,0.06659600907049289,0.12118968272232168,-0.030771003010531973,-0.009718681149889247,0.0010357357544797784,,,,,,,,,,,,
5.190692730937154,grasp,,,,,,,,,,,,,,,,,,,,,0.1800912320613861,0.07202783226966858,0.1272093504667282,-0.034399379044771194,-0.009554365649819374,0.0010254000080749393,0.037495262920856476,0.1670576533621291,0.06659600907049289,0.12118968272232168,-0.030771003010531973,-0.009718681149889247,0.0010357357544797784,,,,,,,,,,,,
5.210692730937153,grasp,,,,,,,,,,,,,,,,,,,,,0.15859457850456238,0.0639876127243042,0.11372808367013931,-0.02845662273466587,-0.009882506914436817,0.001040252624079585,0.037495262920856476,0.1357228871650191,0.05492405079155059,0.10141007042313474,-0.022120999456894632,-0.010013403927776174,0.0010541696440848744,,,,,,,,,,,,
5.230692730937154,grasp,,,,,,,,,,,,,,,,,,,,,0.14747925102710724,0.05988676846027374,0.10662393271923065,-0.025395764037966728,-0.00986399594694376,0.0010448037646710873,0.037495262920856476,0.1357228871650191,0.05492405079155059,0.10141007042313474,-0.022120999456894632,-0.010013403927776174,0.0010541696440848744,,,,,,,,,,,,
5.250692730937153,grasp,,,,,,,,,,,,,,,,,,,,,0.12832850217819214,0.0527091845870018,0.094612717628479,-0.02010122686624527,-0.01015596091747284,0.0010580274974927306,0.037495262920856476,0.10795246377093531,0.04455739809922719,0.08387688484484168,-0.01445449392196782,-0.010274615138956977,0.0010705075439985028,,,,,,,,,,,,
5.270692730937153,grasp,,,,,,,,,,,,,,,,,,,,,0.11842651665210724,0.04904821515083313,0.08828341960906982,-0.017374228686094284,-0.01014065369963646,0.0010621377732604742,0.037495262920856476,0.10795246377093531,0.04455739809922719,0.08387688484484168,-0.01445449392196782,-0.010274615138956977,0.0010705075439985028,,,,,,,,,,,,
5.290692730937153,grasp,,,,,,,,,,,,,,,,,,,,,0.10160844773054123,0.04272731766104698,0.07773345708847046,-0.01272423192858696,-0.010396499186754227,0.0010737893171608448,0.037495262920856476,0.0837138876596765,0.03548130368241554,0.0685689505122747,-0.00776250326206369,-0.010502622576503274,0.0010847686813611967,,,,,,,,,,,,
5.310692730937154,grasp,,,,,,,,,,,,,,,,,,,,,0.09291286021471024,0.03950310871005058,0.07217469066381454,-0.010329214856028557,-0.010383876040577888,0.0010773877147585154,0.037495262920856476,0.0837138876596765,0.03548130368241554,0.0685689505122747,-0.00776250326206369,-0.010502622576503274,0.0010847686813611967,,,,,,,,,,,,
5.3306927309371535,grasp,,,,,,,,,,,,,,,,,,,,,0.0783897191286087,0.03402365744113922,0.06306160241365433,-0.006313329096883535,-0.01060436014086008,0.0010874755680561066,0.037495262920856476,0.06293634299042271,0.02766753818698423,0.055440995864916555,-0.0020254898088146968,-0.010698092987394266,0.0010969947374284117,,,,,,,,,,,,
5.350692730937153,grasp,,,,,,,,,,,,,,,,,,,,,0.07088098675012589,0.03122835047543049,0.05826076865196228,-0.004244908224791288,-0.010594230145215988,0.0010905490489676595,0.037495262920856476,0.06293634299042271,0.02766753818698423,0.055440995864916555,-0.0020254898088146968,-0.010698092987394266,0.0010969947374284117,,,,,,,,,,,,
5.3706927309371535,grasp,,,,,,,,,,,,,,,,,,,,,0.05858801677823067,0.026568008586764336,0.05054398998618126,-0.0008453023619949818,-0.01078039314597845,0.0010991395683959126,0.037495262920856476,0.045506951030250556,0.021078456247914823,0.0444223933733555,0.0027876070927257877,-0.010862085347798865,0.0011072520186779845,,,,,,,,,,,,
5.390692730937154,grasp,,,,,,,,,,,,,,,,,,,,,0.052232660353183746,0.024190183728933334,0.04647981747984886,0.0009056989219971001,-0.010772989131510258,0.00110176345333457,0.037495262920856476,0.045506951030250556,0.021078456247914823,0.0444223933733555,0.0027876070927257877,-0.010862085347798865,0.0011072520186779845,,,,,,,,,,,,
5.4106927309371535,grasp,,,,,,,,,,,,,,,,,,,,,0.04207712784409523,0.020318660885095596,0.04010165482759476,0.003714595688506961,-0.010925342328846455,0.0011087587336078286,0.037495262920856476,0.031269521612050995,0.015663909062341736,0.03541591622211288,0.0067197618695759125,-0.010996064228009307,0.0011156321785234767,,,,,,,,,,,,
5.430692730937153,grasp,,,,,,,,,,,,,,,,,,,,,0.03682713955640793,0.018342843279242516,0.036743734031915665,0.005161358509212732,-0.010920652188360691,0.0011109436163678765,0.037495262920856476,0.031269521612050995,0.015663909062341736,0.03541591622211288,0.0067197618695759125,-0.010996064228009307,0.0011156321785234767,,,,,,,,,,,,
5.450692730937154,grasp,,,,,,,,,,,,,,,,,,,,,0.028686681762337685,0.015221582725644112,0.0316285602748394,0.007413244806230068,-0.011043218895792961,0.0011167679913342,0.037495262920856476,0.0200223152484541,0.011361151203279712,0.028296441737504435,0.009826466108442074,-0.011101919130728782,0.0011222534024665754,,,,,,,,,,,,
5.470692730937154,grasp,,,,,,,,,,,,,,,,,,,,,0.024478761479258537,0.013628079555928707,0.028936967253684998,0.00857311487197876,-0.01104020420461893,0.0011184638133272529,0.037495262920856476,0.0200223152484541,0.011361151203279712,0.028296441737504435,0.009826466108442074,-0.011101919130728782,0.0011222534024665754,,,,,,,,,,,,
5.490692730937154,grasp,,,,,,,,,,,,,,,,,,,,,0.018199846148490906,0.011210944503545761,0.0249903816729784,0.010310252197086811,-0.011134032160043716,0.0011229487136006355,0.037495262920856476,0.011515208973626009,0.008096280529447879,0.02290957977200148,0.012176463860522931,-0.01118199153106747,0.0011272619258580478,,,,,,,,,,,,
5.510692730937153,grasp,,,,,,,,,,,,,,,,,,,,,0.014954572543501854,0.009976082481443882,0.02291513979434967,0.011204997077584267,-0.011133038438856602,0.0011243365006521344,0.037495262920856476,0.011515208973626009,0.008096280529447879,0.02290957977200148,0.012176463860522931,-0.01118199153106747,0.0011272619258580478,,,,,,,,,,,,
5.530692730937154,grasp,,,,,,,,,,,,,,,,,,,,,0.010353854857385159,0.008200469426810741,0.02002316527068615,0.012477956712245941,-0.011201267130672932,0.001127648283727467,0.037495262920856476,0.005453889290180939,0.0057658086090889545,0.019070670686506676,0.01385090629887944,-0.01123904583108224,0.0011308306545249763,,,,,,,,,,,,
5.550692730937154,grasp,,,,,,,,,,,,,,,,,,,,,0.007976503111422062,0.007292521186172962,0.018503837287425995,0.013133632950484753,-0.011202189140021801,0.0011287099914625287,0.037495262920856476,0.005453889290180939,0.0057658086090889545,0.019070670686506676,0.01385090629887944,-0.01123904583108224,0.0011308306545249763,,,,,,,,,,,,
5.570692730937154,grasp,,,,,,,,,,,,,,,,,,,,,0.0048393504694104195,0.006079570390284061,0.016532186418771744,0.014001712203025818,-0.011247992515563965,0.0011309819528833032,0.037495262920856476,0.0014956552744893443,0.0042422060839529905,0.016563428015984618,0.014944397689862632,-0.01127630537892475,0.0011331611532663245,,,,,,,,,,,,
5.590692730937153,grasp,,,,,,,,,,,,,,,,,,,,,0.003218849655240774,0.005458749830722809,0.01549772173166275,0.014448842965066433,-0.011248295195400715,0.001131381606683135,0.037495262920856476,0.0014956552744893443,0.0042422060839529905,0.016563428015984618,0.014944397689862632,-0.01127630537892475,0.0011331611532663245,,,,,,,,,,,,
5.610692730937153,grasp,,,,,,,,,,,,,,,,,,,,,0.001297438284382224,0.0047149877063930035,0.014290671795606613,0.014980562962591648,-0.011276419274508953,0.0011329343542456627,0.037495262920856476,-0.0007537488886565624,0.0033763984102842003,0.01513860620655383,0.015565811990821517,-0.011297478986639213,0.001134485575237733,,,,,,,,,,,,
5.630692730937153,grasp,,,,,,,,,,,,,,,,,,,,,0.00030535279074683785,0.004333858378231525,0.013659053482115269,0.015254459343850613,-0.011278515681624413,0.0011332965223118663,0.037495262920856476,-0.0007537488886565624,0.0033763984102842003,0.01513860620655383,0.015565811990821517,-0.011297478986639213,0.001134485575237733,,,,,,,,,,,,
5.650692730937154,grasp,,,,,,,,,,,,,,,,,,,,,-0.0006826905300840735,0.003950805868953466,0.01303911954164505,0.015527966432273388,-0.01129271648824215,0.0011341603239998221,0.037495262920856476,-0.001741824683593794,0.0029960827793226855,0.014512737530765495,0.015838775113065796,-0.011306779572932227,0.0011350673499705202,,,,,,,,,,,,
5.670692730937153,grasp,,,,,,,,,,,,,,,,,,,,,-0.0011924599530175328,0.003754040692001581,0.012716260738670826,0.01566885970532894,-0.011295689269900322,0.0011345038656145334,0.037495262920856476,-0.001741824683593794,0.0029960827793226855,0.014512737530765495,0.015838775113065796,-0.011306779572932227,0.0011350673499705202,,,,,,,,,,,,
5.690692730937153,grasp,,,,,,,,,,,,,,,,,,,,,-0.0015659785130992532,0.0036086065229028463,0.012482821941375732,0.015772322192788124,-0.011300892569124699,0.0011348336702212691,0.037495262920856476,-0.001972210606837187,0.002907405873552671,0.014366806388100777,0.015902420331080018,-0.011308948157981613,0.001135202974736972,,,,,,,,,,,,
5.704058644026518,grasp,,,,,,,,,,,,,,,,,,,,,-0.0017609463538974524,0.003532982198521495,0.012361651286482811,0.015826024115085602,-0.011303391307592392,0.001135016791522503,0.037495262920856476,-0.00197511725127697,0.0029062870889902115,0.014364965260028839,0.015903223305940628,-0.011308975517749786,0.0011352046858519316,,,,,,,,,,,,
0.0,grasp,,,,,,,,,,,,,,,,,,,,,,,,,,,0.0002047259040409699,,,,,,,0.043,,,,,,,,,,,
0.02,grasp,,,,,,,,,,,,,,,,,,,,,,,,,,,0.0002193067193729803,,,,,,,0.043,,,,,,,,,,,
0.04,grasp,,,,,,,,,,,,,,,,,,,,,,,,,,,0.00031393957033287734,,,,,,,0.043,,,,,,,,,,,
0.06,grasp,,,,,,,,,,,,,,,,,,,,,,,,,,,0.0005414031911641359,,,,,,,0.043,,,,,,,,,,,
0.08,grasp,,,,,,,,,,,,,,,,,,,,,,,,,,,0.0009248387941624969,,,,,,,0.043,,,,,,,,,,,
0.1,grasp,,,,,,,,,,,,,,,,,,,,,,,,,,,0.001494985946919769,,,,,,,0.043,,,,,,,,,,,
0.12,grasp,,,,,,,,,,,,,,,,,,,,,,,,,,,0.0022702798014506698,,,,,,,0.043,,,,,,,,,,,
0.14,grasp,,,,,,,,,,,,,,,,,,,,,,,,,,,0.003256013267673552,,,,,,,0.043,,,,,,,,,,,
0.16,grasp,,,,,,,,,,,,,,,,,,,,,,,,,,,0.004456598777323961,,,,,,,0.043,,,,,,,,,,,
0.18,grasp,,,,,,,,,,,,,,,,,,,,,,,,,,,0.005867305677384138,,,,,,,0.043,,,,,,,,,,,
0.2,grasp,,,,,,,,,,,,,,,,,,,,,,,,,,,0.007476710015907884,,,,,,,0.043,,,,,,,,,,,
0.22,grasp,,,,,,,,,,,,,,,,,,,,,,,,,,,0.009269781410694122,,,,,,,0.043,,,,,,,,,,,
0.24,grasp,,,,,,,,,,,,,,,,,,,,,,,,,,,0.011226799339056015,,,,,,,0.043,,,,,,,,,,,
0.26,grasp,,,,,,,,,,,,,,,,,,,,,,,,,,,0.013323212042450905,,,,,,,0.043,,,,,,,,,,,
0.28,grasp,,,,,,,,,,,,,,,,,,,,,,,,,,,0.015532311052083969,,,,,,,0.043,,,,,,,,,,,
0.3,grasp,,,,,,,,,,,,,,,,,,,,,,,,,,,0.017825054936110973,,,,,,,0.043,,,,,,,,,,,
0.32,grasp,,,,,,,,,,,,,,,,,,,,,,,,,,,0.02016953844577074,,,,,,,0.043,,,,,,,,,,,
0.34,grasp,,,,,,,,,,,,,,,,,,,,,,,,,,,0.022534089162945747,,,,,,,0.043,,,,,,,,,,,
0.36,grasp,,,,,,,,,,,,,,,,,,,,,,,,,,,0.02488573268055916,,,,,,,0.043,,,,,,,,,,,
0.38,grasp,,,,,,,,,,,,,,,,,,,,,,,,,,,0.027191839180886745,,,,,,,0.043,,,,,,,,,,,
0.4,grasp,,,,,,,,,,,,,,,,,,,,,,,,,,,0.02942123543471098,,,,,,,0.043,,,,,,,,,,,
0.42,grasp,,,,,,,,,,,,,,,,,,,,,,,,,,,0.031544169411063194,,,,,,,0.043,,,,,,,,,,,
0.44,grasp,,,,,,,,,,,,,,,,,,,,,,,,,,,0.03353259526193142,,,,,,,0.043,,,,,,,,,,,
0.46,grasp,,,,,,,,,,,,,,,,,,,,,,,,,,,0.03536226972937584,,,,,,,0.043,,,,,,,,,,,
0.48,grasp,,,,,,,,,,,,,,,,,,,,,,,,,,,0.037012385204434395,,,,,,,0.043,,,,,,,,,,,
0.5,grasp,,,,,,,,,,,,,,,,,,,,,,,,,,,0.03846591152250767,,,,,,,0.043,,,,,,,,,,,
0.52,grasp,,,,,,,,,,,,,,,,,,,,,,,,,,,0.03971179388463497,,,,,,,0.043,,,,,,,,,,,
0.54,grasp,,,,,,,,,,,,,,,,,,,,,,,,,,,0.040743762627243996,,,,,,,0.043,,,,,,,,,,,
0.56,grasp,,,,,,,,,,,,,,,,,,,,,,,,,,,0.0415623988956213,,,,,,,0.043,,,,,,,,,,,
0.58,grasp,,,,,,,,,,,,,,,,,,,,,,,,,,,0.04217549040913582,,,,,,,0.043,,,,,,,,,,,
0.6,grasp,,,,,,,,,,,,,,,,,,,,,,,,,,,0.042597947642207146,,,,,,,0.043,,,,,,,,,,,
0.62,grasp,,,,,,,,,,,,,,,,,,,,,,,,,,,0.04285366088151932,,,,,,,0.043,,,,,,,,,,,
0.64,grasp,,,,,,,,,,,,,,,,,,,,,,,,,,,0.04297538474202156,,,,,,,0.043,,,,,,,,,,,
0.66,grasp,,,,,,,,,,,,,,,,,,,,,,,,,,,0.043005429208278656,,,,,,,0.043,,,,,,,,,,,
0.68,grasp,,,,,,,,,,,,,,,,,,,,,,,,,,,0.04299842566251755,,,,,,,0.043,,,,,,,,,,,
0.68,grasp,,,,,,,,,,,,,,,,,,,,,-0.0014043956762179732,0.001078731962479651,0.02177293971180916,0.007683635223656893,-0.003473263466730714,0.0036988358478993177,0.04299842566251755,-0.0014041943941265345,0.0005450372700579464,0.023856481537222862,0.00770340533927083,-0.003478212980553508,0.0036989229265600443,,,,,,,,,,,,
0.7000000000000001,grasp,,,,,,,,,,,,,,,,,,,,,-0.0014043989358469844,0.0010832631960511208,0.021755551919341087,0.007683468516916037,-0.00347323901951313,0.0036988218780606985,0.04299842566251755,-0.0014041943941265345,0.0005450372700579464,0.023856481537222862,0.00770340533927083,-0.003478212980553508,0.0036989229265600443,,,,,,,,,,,,
0.7200000000000001,grasp,,,,,,,,,,,,,,,,,,,,,-0.0013116216287016869,0.0011233714176341891,0.02180505357682705,0.007659083232283592,-0.003471695352345705,0.0036986074410378933,0.04299842566251755,-0.0012086066923770627,0.0006230045570135878,0.023977829899306673,0.007653280432577753,-0.0034772319284821834,0.003698545924931045,,,,,,,,,,,,
0.74,grasp,,,,,,,,,,,,,,,,,,,,,-0.0012627063551917672,0.0011437451466917992,0.02183191105723381,0.007646532729268074,-0.0034724087454378605,0.003698531538248062,0.04299842566251755,-0.0012086066923770627,0.0006230045570135878,0.023977829899306673,0.007653280432577753,-0.0034772319284821834,0.003698545924931045,,,,,,,,,,,,
0.76,grasp,,,,,,,,,,,,,,,,,,,,,-0.0006040921434760094,0.0014082054840400815,0.022237980738282204,0.007476350758224726,-0.0034618221689015627,0.0036970889195799828,0.04299842566251755,0.00010901731820369208,0.0011482499512617535,0.02479532992950251,0.007315600542715404,-0.003470623496233707,0.0036960053659615124,,,,,,,,,,,,
0.78,grasp,,,,,,,,,,,,,,,,,,,,,-0.0002623152395244688,0.0015436994144693017,0.022454945370554924,0.007388710509985685,-0.0034668962471187115,0.003696577390655875,0.04299842566251755,0.00010901731820369208,0.0011482499512617535,0.02479532992950251,0.007315600542715404,-0.003470623496233707,0.0036960053659615124,,,,,,,,,,,,
0.8,grasp,,,,,,,,,,,,,,,,,,,,,0.0015721706440672278,0.002273440593853593,0.023586027324199677,0.006917402148246765,-0.00343963410705328,0.003692624159157276,0.04299842566251755,0.003538807881195601,0.002515472189844153,0.02692329105762521,0.006436615634320882,-0.003453421343727523,0.003689392208760823,,,,,,,,,,,,
0.8200000000000001,grasp,,,,,,,,,,,,,,,,,,,,,0.0025236839428544044,0.002646917011588812,0.024189693853259087,0.006674695294350386,-0.0034527515526860952,0.0036912057548761368,0.04299842566251755,0.003538807881195601,0.002515472189844153,0.02692329105762521,0.006436615634320882,-0.003453421343727523,0.003689392208760823,,,,,,,,,,,,
0.8400000000000001,grasp,,,,,,,,,,,,,,,,,,,,,0.006105157546699047,0.0040778061375021935,0.02639789879322052,0.005755056161433458,-0.003402206813916564,0.003683550516143441,0.04299842566251755,0.009932996512825927,0.005062645632638216,0.030890386315429293,0.004797934809626081,-0.0034213514676464385,0.0036770635312235044,,,,,,,,,,,,
0.8600000000000001,grasp,,,,,,,,,,,,,,,,,,,,,0.007962250150740147,0.004805296193808317,0.027572810649871826,0.005281525664031506,-0.003426069626584649,0.0036807318683713675,0.04299842566251755,0.009932996512825927,0.005062645632638216,0.030890386315429293,0.004797934809626081,-0.0034213514676464385,0.0036770635312235044,,,,,,,,,,,,
0.8800000000000001,grasp,,,,,,,,,,,,,,,,,,,,,0.01379147544503212,0.007133870851248503,0.031167447566986084,0.0037848774809390306,-0.0033463607542216778,0.003668347606435418,0.04299842566251755,0.02001323246126809,0.009070048738993888,0.03714401217429443,0.0022146912730897986,-0.0033707964982614743,0.00365762859585145,,,,,,,,,,,,
0.9,grasp,,,,,,,,,,,,,,,,,,,,,0.016812976449728012,0.00831857044249773,0.03307662904262543,0.003014226444065571,-0.0033831153996288776,0.003663709620013833,0.04299842566251755,0.02001323246126809,0.009070048738993888,0.03714401217429443,0.0022146912730897986,-0.0033707964982614743,0.00365762859585145,,,,,,,,,,,,
0.92,grasp,,,,,,,,,,,,,,,,,,,,,0.025313345715403557,0.01170096080750227,0.038317952305078506,0.000832013669423759,-0.0032693177927285433,0.0036457134410738945,0.04299842566251755,0.03437940150385859,0.01475422814820934,0.0460553124084085,-0.001466618506649492,-0.003298752980248248,0.0036299328617581702,,,,,,,,,,,,
0.9400000000000001,grasp,,,,,,,,,,,,,,,,,,,,,0.02971827983856201,0.013422517105937004,0.041098710149526596,-0.00029167067259550095,-0.003320668824017048,0.003638893598690629,0.04299842566251755,0.03437940150385859,0.01475422814820934,0.0460553124084085,-0.001466618506649492,-0.003298752980248248,0.0036299328617581702,,,,,,,,,,,,
0.9600000000000001,grasp,,,,,,,,,,,,,,,,,,,,,0.04123677685856819,0.017974967136979103,0.04819966107606888,-0.0032483020331710577,-0.003168767085298896,0.0036145809572190046,0.04299842566251755,0.05351625559122845,0.022269071587640743,0.057923227293623175,-0.00636981732138894,-0.0032027984671357816,0.0035930452843372807,,,,,,,,,,,,
0.98,grasp,,,,,,,,,,,,,,,,,,,,,0.04720466211438179,0.020292628556489944,0.05196409672498703,-0.004770781844854355,-0.0032359780743718147,0.003605268895626068,0.04299842566251755,0.05351625559122845,0.022269071587640743,0.057923227293623175,-0.00636981732138894,-0.0032027984671357816,0.0035930452843372807,,,,,,,,,,,,
1.0,grasp,,,,,,,,,,,,,,,,,,,,,0.06201379746198654,0.026096658781170845,0.06109149381518364,-0.008571506477892399,-0.0030428986065089703,0.003574090776965022,0.04299842566251755,0.07779652490166349,0.03171865500388667,0.07297700373594383,-0.012589985949372436,-0.003081073256757538,0.0035462515849779682,,,,,,,,,,,,
1.02,grasp,,,,,,,,,,,,,,,,,,,,,0.06968552619218826,0.029052013531327248,0.0659271851181984,-0.010528679005801678,-0.0031269039027392864,0.0035620410926640034,0.04299842566251755,0.07779652490166349,0.03171865500388667,0.07297700373594383,-0.012589985949372436,-0.003081073256757538,0.0035462515849779682,,,,,,,,,,,,
1.04,grasp,,,,,,,,,,,,,,,,,,,,,0.08798201382160187,0.036173488944768906,0.07720202207565308,-0.015223917551338673,-0.0028905333019793034,0.00352360843680799,0.04299842566251755,0.10747718828190726,0.04319393592324419,0.09137572478580905,-0.020192969082985433,-0.002932285752983943,0.003489054678589514,,,,,,,,,,,,
1.06,grasp,,,,,,,,,,,,,,,,,,,,,0.0974593311548233,0.039800263941287994,0.08317191898822784,-0.017641747370362282,-0.0029918465297669172,0.0035086346324533224,0.04299842566251755,0.10747718828190726,0.04319393592324419,0.09137572478580905,-0.020192969082985433,-0.002932285752983943,0.003489054678589514,,,,,,,,,,,,
1.08,grasp,,,,,,,,,,,,,,,,,,,,,0.11936929821968079,0.04828749597072601,0.0966721698641777,-0.023263920098543167,-0.0027109594084322453,0.003462702501565218,0.04299842566251755,0.1427108618008179,0.05675845975431931,0.11321444310562348,-0.029218031077611523,-0.002755663470797328,0.003421156901858616,,,,,,,,,,,,
1.1,grasp,,,,,,,,,,,,,,,,,,,,,0.13071727752685547,0.0526106171309948,0.10381656140089035,-0.026159126311540604,-0.0028297065291553736,0.0034446781501173973,0.04299842566251755,0.1427108618008179,0.05675845975431931,0.11321444310562348,-0.029218031077611523,-0.002755663470797328,0.003421156901858616,,,,,,,,,,,,
1.12,grasp,,,,,,,,,,,,,,,,,,,,,0.15630263090133667,0.062488291412591934,0.11958082020282745,-0.03272414952516556,-0.002503843978047371,0.0033911284990608692,0.04299842566251755,0.1835562797093079,0.07243669590648406,0.13852979381379693,-0.03968029357925372,-0.0025509100637700756,0.00334244488486042,,,,,,,,,,,,
1.1400000000000001,grasp,,,,,,,,,,,,,,,,,,,,,0.16955308616161346,0.0675206407904625,0.1279190182685852,-0.03610493987798691,-0.0026398985646665096,0.003369982587173581,0.04299842566251755,0.1835562797093079,0.07243669590648406,0.13852979381379693,-0.03968029357925372,-0.0025509100637700756,0.00334244488486042,,,,,,,,,,,,
1.1600000000000001,grasp,,,,,,,,,,,,,,,,,,,,,0.1988164782524109,0.07878875732421875,0.14594921469688416,-0.043613459914922714,-0.0022693355567753315,0.0033088386990129948,0.04299842566251755,0.2299849907581785,0.09021534105561164,0.16730391524422283,-0.051572332680680066,-0.002318175697072474,0.0032529772885803174,,,,,,,,,,,,
1.1800000000000002,grasp,,,,,,,,,,,,,,,,,,,,,0.2139708697795868,0.08453066647052765,0.15548093616962433,-0.04748019948601723,-0.0024222987703979015,0.003284537699073553,0.04299842566251755,0.2299849907581785,0.09021534105561164,0.16730391524422283,-0.051572332680680066,-0.002318175697072474,0.0032529772885803174,,,,,,,,,,,,
1.2000000000000002,grasp,,,,,,,,,,,,,,,,,,,,,0.24686001241207123,0.09716562926769257,0.17574505507946014,-0.055918674916028976,-0.0020079754758626223,0.0032159301917999983,0.04299842566251755,0.2818874274052862,0.11004593232879607,0.19946852581068372,-0.06486593315493325,-0.002058017349711471,0.0031529697761057017,,,,,,,,,,,,
1.2200000000000002,grasp,,,,,,,,,,,,,,,,,,,,,0.2638910114765167,0.10360535979270935,0.18645212054252625,-0.06026438623666763,-0.002177207265049219,0.0031885055359452963,0.04299842566251755,0.2818874274052862,0.11004593232879607,0.19946852581068372,-0.06486593315493325,-0.002058017349711471,0.0031529697761057017,,,,,,,,,,,,
1.2400000000000002,grasp,,,,,,,,,,,,,,,,,,,,,0.30030158162117004,0.11756566911935806,0.20888613164424896,-0.06960605084896088,-0.0017206055345013738,0.0031126616522669792,0.04299842566251755,0.3390765753624088,0.1318561412353113,0.23490777504456292,-0.07951329223741237,-0.0017713659906374386,0.0030427791183921743,,,,,,,,,,,,
1.26,grasp,,,,,,,,,,,,,,,,,,,,,0.31915515661239624,0.12468242645263672,0.22073344886302948,-0.07441695779561996,-0.001905337325297296,0.003082175739109516,0.04299842566251755,0.3390765753624088,0.1318561412353113,0.23490777504456292,-0.07951329223741237,-0.0017713659906374386,0.0030427791183921743,,,,,,,,,,,,
1.28,grasp,,,,,,,,,,,,,,,,,,,,,0.3589341342449188,0.13991138339042664,0.24524402618408203,-0.08462280035018921,-0.00140848895534873,0.00299942959100008,0.04299842566251755,0.4012943917337272,0.1555521205400501,0.2734620945918876,-0.09544849998412004,-0.0014595059952143882,0.0029228965329957174,,,,,,,,,,,,
1.3,grasp,,,,,,,,,,,,,,,,,,,,,0.37953126430511475,0.14767664670944214,0.2581807076931,-0.08987884968519211,-0.0016076432075351477,0.0029660025611519814,0.04299842566251755,0.4012943917337272,0.1555521205400501,0.2734620945918876,-0.09544849998412004,-0.0014595059952143882,0.0029228965329957174,,,,,,,,,,,,
1.32,grasp,,,,,,,,,,,,,,,,,,,,,0.4224837124347687,0.16409863531589508,0.28464794158935547,-0.10089872032403946,-0.001073118532076478,0.00287675391882658,0.04299842566251755,0.4682214075291558,0.1810095731921525,0.3149335488129359,-0.1125896905233373,-0.0011240417526003463,0.0027939392515947924,,,,,,,,,,,,
1.34,grasp,,,,,,,,,,,,,,,,,,,,,0.4447234869003296,0.17247413098812103,0.29860973358154297,-0.10657412558794022,-0.0012857328401878476,0.0028405494522303343,0.04299842566251755,0.4682214075291558,0.1810095731921525,0.3149335488129359,-0.1125896905233373,-0.0011240417526003463,0.0027939392515947924,,,,,,,,,,,,
1.36,grasp,,,,,,,,,,,,,,,,,,,,,0.49061471223831177,0.18999996781349182,0.3268895149230957,-0.11834785342216492,-0.0007162985857576132,0.002745292382314801,0.04299842566251755,0.5394802009350286,0.2080863219821931,0.359088323393009,-0.13084004524117165,-0.0007668756028689898,0.0026566404529154313,,,,,,,,,,,,
1.3800000000000001,grasp,,,,,,,,,,,,,,,,,,,,,0.5143758654594421,0.19894050061702728,0.34179913997650146,-0.12441154569387436,-0.0009411962819285691,0.0027064853347837925,0.04299842566251755,0.5394802009350286,0.2080863219821931,0.359088323393009,-0.13084004524117165,-0.0007668756028689898,0.0026566404529154313,,,,,,,,,,,,
1.4,grasp,,,,,,,,,,,,,,,,,,,,,0.5629363656044006,0.21746811270713806,0.371725469827652,-0.13687004148960114,-0.00034013151889666915,0.0026057984214276075,0.04299842566251755,0.6146426406679883,0.23662122951630848,0.4056610584749054,-0.1500899358526463,-0.0003901505215087949,0.0025118231628977437,,,,,,,,,,,,
1.42,grasp,,,,,,,,,,,,,,,,,,,,,0.5880798101425171,0.2269219309091568,0.3874945342540741,-0.14328640699386597,-0.0005760976346209645,0.002564617432653904,0.04299842566251755,0.6146426406679883,0.23662122951630848,0.4056610584749054,-0.1500899358526463,-0.0003901505215087949,0.0025118231628977437,,,,,,,,,,,,
1.44,grasp,,,,,,,,,,,,,,,,,,,,,0.639009416103363,0.24633654952049255,0.41888266801834106,-0.15635263919830322,4.373294359538704e-05,0.0024601835757493973,0.04299842566251755,0.6932368344173606,0.26643440145816766,0.4543590632904981,-0.17021857766285745,3.778592078420634e-06,0.0023603904805334034,,,,,,,,,,,,
1.46,grasp,,,,,,,,,,,,,,,,,,,,,0.665380597114563,0.25624534487724304,0.4354131519794464,-0.16308212280273438,-0.00020554516231641173,0.0024167781230062246,0.04299842566251755,0.6932368344173606,0.26643440145816766,0.4543590632904981,-0.17021857766285745,3.778592078420634e-06,0.0023603904805334034,,,,,,,,,,,,
1.48,grasp,,,,,,,,,,,,,,,,,,,,,0.7183506488800049,0.2764238715171814,0.4680619537830353,-0.17667216062545776,0.00040260437526740134,0.0023123114369809628,0.04299842566251755,0.7747516107803917,0.29733477260337987,0.5048662191425564,-0.19109512852546656,0.0004123470382339423,0.0022033291065186255,,,,,,,,,,,,
1.5,grasp,,,,,,,,,,,,,,,,,,,,,0.7457815408706665,0.2867249548435211,0.48524725437164307,-0.18367162346839905,0.000150404914165847,0.002263619564473629,0.04299842566251755,0.7747516107803917,0.29733477260337987,0.5048662191425564,-0.19109512852546656,0.0004123470382339423,0.0022033291065186255,,,,,,,,,,,,
1.52,grasp,,,,,,,,,,,,,,,,,,,,,0.8004422187805176,0.3075345754623413,0.5189417004585266,-0.19769607484340668,0.0007998970686458051,0.002154605695977807,0.04299842566251755,0.85864470345585,0.32911645034077536,0.556847394765036,-0.21258075215164063,0.0008328268997655077,0.002041689607631031,,,,,,,,,,,,
1.54,grasp,,,,,,,,,,,,,,,,,,,,,0.8287503123283386,0.31816020607948303,0.536668598651886,-0.20491939783096313,0.0005524936132133007,0.0021049613133072853,0.04299842566251755,0.85864470345585,0.32911645034077536,0.556847394765036,-0.21258075215164063,0.0008328268997655077,0.002041689607631031,,,,,,,,,,,,
1.56,grasp,,,,,,,,,,,,,,,,,,,,,0.8847417235374451,0.3394617438316345,0.5711826086044312,-0.21928401291370392,0.001212367438711226,0.0019933481235057116,0.04299842566251755,0.9443482406118779,0.3615660782738515,0.6099507094586982,-0.23453008616142554,0.0012623791738979552,0.0018765631780602208,,,,,,,,,,,,
1.58,grasp,,,,,,,,,,,,,,,,,,,,,0.9137311577796936,0.35034090280532837,0.5893320441246033,-0.22668246924877167,0.0009782458655536175,0.0019413941772654653,0.04299842566251755,0.9443482406118779,0.3615660782738515,0.6099507094586982,-0.23453008616142554,0.0012623791738979552,0.0018765631780602208,,,,,,,,,,,,
1.6,grasp,,,,,,,,,,,,,,,,,,,,,0.9706668257713318,0.37199074029922485,0.6244295835494995,-0.24128946661949158,0.0016448335954919457,0.0018281146185472608,0.04299842566251755,1.0312751915506237,0.394463504596289,0.6638122254811715,-0.25679301433666235,0.00169807597231874,0.0017090740012471034,,,,,,,,,,,,
1.62,grasp,,,,,,,,,,,,,,,,,,,,,1.0001451969146729,0.383049875497818,0.6428775191307068,-0.24881280958652496,0.0014094705693423748,0.0017752301646396518,0.04299842566251755,1.0312751915506237,0.394463504596289,0.6638122254811715,-0.25679301433666235,0.00169807597231874,0.0017090740012471034,,,,,,,,,,,,
1.6400000000000001,grasp,,,,,,,,,,,,,,,,,,,,,1.057631015777588,0.40489912033081055,0.6783176064491272,-0.2635616362094879,0.0020824959501624107,0.0016605844721198082,0.04299842566251755,1.1188262910729645,0.42758143566804246,0.718060677615877,-0.2792159725175731,0.002136908433265558,0.0015403784479716476,,,,,,,,,,,,
1.6600000000000001,grasp,,,,,,,,,,,,,,,,,,,,,1.0873972177505493,0.41606250405311584,0.696937620639801,-0.2711580991744995,0.001844137441366911,0.001607361831702292,0.04299842566251755,1.1188262910729645,0.42758143566804246,0.718060677615877,-0.2792159725175731,0.002136908433265558,0.0015403784479716476,,,,,,,,,,,,
1.6800000000000002,grasp,,,,,,,,,,,,,,,,,,,,,1.1450358629226685,0.43796128034591675,0.7324750423431396,-0.28594687581062317,0.002520298585295677,0.001492248266004026,0.04299842566251755,1.20639494412053,0.46069310049157225,0.7723205022900239,-0.30164342066139305,0.0025758230731299913,0.001371651194947551,,,,,,,,,,,,
1.7000000000000002,grasp,,,,,,,,,,,,,,,,,,,,,1.1748853921890259,0.44915246963500977,0.7511388063430786,-0.29356396198272705,0.0022804776672273874,0.0014389170100912452,0.04299842566251755,1.20639494412053,0.46069310049157225,0.7723205022900239,-0.30164342066139305,0.0025758230731299913,0.001371651194947551,,,,,,,,,,,,
1.7200000000000002,grasp,,,,,,,,,,,,,,,,,,,,,1.2322767972946167,0.4709501266479492,0.7865273356437683,-0.3082902431488037,0.002955435309559107,0.0013242335990071297,0.04299842566251755,1.2933748104097065,0.49357000910933535,0.8262161286772984,-0.32392043200359844,0.003011790331234562,0.0012040565688896385,,,,,,,,,,,,
1.7400000000000002,grasp,,,,,,,,,,,,,,,,,,,,,1.262002944946289,0.48209184408187866,0.8051058053970337,-0.3158752918243408,0.0027151296380907297,0.0012711117742583156,0.04299842566251755,1.2933748104097065,0.49357000910933535,0.8262161286772984,-0.32392043200359844,0.003011790331234562,0.0012040565688896385,,,,,,,,,,,,
1.7600000000000002,grasp,,,,,,,,,,,,,,,,,,,,,1.3187497854232788,0.503638744354248,0.840101420879364,-0.33043769001960754,0.0033848341554403305,0.001157685648649931,0.04299842566251755,1.3791653198963683,0.5259868617590051,0.8793759537882572,-0.3458935635039192,0.0034418120246737676,0.0010387476306225917,,,,,,,,,,,,
1.7800000000000002,grasp,,,,,,,,,,,,,,,,,,,,,1.3481485843658447,0.5146547555923462,0.8584669828414917,-0.3379383385181427,0.0031456409487873316,0.0011050711618736386,0.04299842566251755,1.3791653198963683,0.5259868617590051,0.8793759537882572,-0.3458935635039192,0.0034418120246737676,0.0010387476306225917,,,,,,,,,,,,
1.8000000000000003,grasp,,,,,,,,,,,,,,,,,,,,,1.4038594961166382,0.535804033279419,0.8928290605545044,-0.35223662853240967,0.0038069295696914196,0.0009936060523614287,0.04299842566251755,1.463178420417395,0.5577233385113107,0.9314361213812871,-0.36741199881118164,0.0038629345958409353,0.0008768598976813369,,,,,,,,,,,,
1.8200000000000003,grasp,,,,,,,,,,,,,,,,,,,,,1.4327294826507568,0.5466185212135315,0.9108558893203735,-0.35960152745246887,0.0035677102860063314,0.0009419939597137272,0.04299842566251755,1.463178420417395,0.5577233385113107,0.9314361213812871,-0.36741199881118164,0.0038629345958409353,0.0008768598976813369,,,,,,,,,,,,
1.8399999999999999,grasp,,,,,,,,,,,,,,,,,,,,,1.487022876739502,0.5672274827957153,0.9443507790565491,-0.373538613319397,0.0042209625244140625,0.0008328281110152602,0.04299842566251755,1.544845284348355,0.5885654657667785,0.9820440491387317,-0.38833008098155586,0.004272306287397966,0.0007194898275946734,,,,,,,,,,,,
1.8599999999999999,grasp,,,,,,,,,,,,,,,,,,,,,1.5151726007461548,0.5777680277824402,0.9619167447090149,-0.3807176351547241,0.003976807463914156,0.0007830483955331147,0.04299842566251755,1.544845284348355,0.5885654657667785,0.9820440491387317,-0.38833008098155586,0.004272306287397966,0.0007194898275946734,,,,,,,,,,,,
1.88,grasp,,,,,,,,,,,,,,,,,,,,,1.5676846504211426,0.5976988077163696,0.9943200349807739,-0.3942003846168518,0.004617956466972828,0.0006771054468117654,0.04299842566251755,1.6236224925588267,0.6183088688958654,1.0308619714590996,-0.40850906640271456,0.004667211924341985,0.0005676809235050321,,,,,,,,,,,,
1.9,grasp,,,,,,,,,,,,,,,,,,,,,1.594923973083496,0.6078948974609375,1.0113074779510498,-0.4011455774307251,0.004374309442937374,0.0006290936726145446,0.04299842566251755,1.6236224925588267,0.6183088688958654,1.0308619714590996,-0.40850906640271456,0.004667211924341985,0.0005676809235050321,,,,,,,,,,,,
1.92,grasp,,,,,,,,,,,,,,,,,,,,,1.6453152894973755,0.627018392086029,1.0424070358276367,-0.4140859544277191,0.005043272394686937,0.0005220724851824343,0.04299842566251755,1.6989965623138443,0.646761622859086,1.077573817786259,-0.4278178692724077,0.005045082838566771,0.0004224208407891879,,,,,,,,,,,,
1.94,grasp,,,,,,,,,,,,,,,,,,,,,1.6714582443237305,0.636803388595581,1.0587059259414673,-0.4207516312599182,0.004805458709597588,0.0004799580492544919,0.04299842566251755,1.6989965623138443,0.646761622859086,1.077573817786259,-0.4278178692724077,0.005045082838566771,0.0004224208407891879,,,,,,,,,,,,
1.96,grasp,,,,,,,,,,,,,,,,,,,,,1.7194085121154785,0.6549981236457825,1.088304042816162,-0.4330672323703766,0.005430161952972412,0.0003781828854698688,0.04299842566251755,1.770491580107528,0.6737462195087547,1.1218871570029285,-0.44613492181695763,0.005403541774182031,0.0002846236361220905,,,,,,,,,,,,
1.98,grasp,,,,,,,,,,,,,,,,,,,,,1.7442913055419922,0.6643098592758179,1.103811502456665,-0.4394112825393677,0.0051915268413722515,0.00033781875390559435,0.04299842566251755,1.770491580107528,0.6737462195087547,1.1218871570029285,-0.44613492181695763,0.005403541774182031,0.0002846236361220905,,,,,,,,,,,,
2.0,grasp,,,,,,,,,,,,,,,,,,,,,1.789505958557129,0.6814661026000977,1.1317273378372192,-0.45102691650390625,0.005773782730102539,0.00024335661146324128,0.04299842566251755,1.837677008652354,0.6991014371526502,1.163534731539542,-0.4633504913131593,0.005740456033071931,0.00015511064294080078,,,,,,,,,,,,
2.02,grasp,,,,,,,,,,,,,,,,,,,,,1.812974214553833,0.6902482509613037,1.1463485956192017,-0.4570102095603943,0.005542833358049393,0.00020481656247284263,0.04299842566251755,1.837677008652354,0.6991014371526502,1.163534731539542,-0.4633504913131593,0.005740456033071931,0.00015511064294080078,,,,,,,,,,,,
2.04,grasp,,,,,,,,,,,,,,,,,,,,,1.8559937477111816,0.7057945132255554,1.1727467775344849,-0.4686816334724426,0.0061077238060534,0.00011513099889270961,0.04299842566251755,1.9018323953131668,0.7217029257134127,1.2029617120657172,-0.4810646500385138,0.006079705484433698,3.141982072220969e-05,,,,,,,,,,,,
2.06,grasp,,,,,,,,,,,,,,,,,,,,,1.8783305883407593,0.7137460112571716,1.1865746974945068,-0.4746939241886139,0.005886964965611696,7.882713543949649e-05,0.04299842566251755,1.9018323953131668,0.7217029257134127,1.2029617120657172,-0.4810646500385138,0.006079705484433698,3.141982072220969e-05,,,,,,,,,,,,
2.08,grasp,,,,,,,,,,,,,,,,,,,,,1.8970832824707031,0.7404696345329285,1.2024749517440796,-0.46401768922805786,0.005823435727506876,4.1356939618708566e-05,0.04299842566251755,1.916968938061215,0.7684515276693911,1.2213103499345623,-0.4526519294091,0.005716701472021982,1.612077917596876e-06,,,,,,,,,,,,
2.1,grasp,,,,,,,,,,,,,,,,,,,,,1.906768798828125,0.7543734908103943,1.2106488943099976,-0.458517462015152,0.005698186345398426,2.373265851929318e-05,0.04299842566251755,1.916968938061215,0.7684515276693911,1.2213103499345623,-0.4526519294091,0.005716701472021982,1.612077917596876e-06,,,,,,,,,,,,
2.12,grasp,,,,,,,,,,,,,,,,,,,,,1.9113523960113525,0.7862220406532288,1.2199409008026123,-0.43600061535835266,0.005410729441791773,1.4082801499171183e-05,0.04299842566251755,1.916183807808313,0.8195958215306052,1.2318036600213396,-0.41205249939977967,0.005174908161679855,2.3768611082912857e-06,,,,,,,,,,,,
2.14,grasp,,,,,,,,,,,,,,,,,,,,,1.9137018918991089,0.8028020262718201,1.2246339321136475,-0.4244007170200348,0.005280707962810993,8.821072697173804e-06,0.04299842566251755,1.916183807808313,0.8195958215306052,1.2318036600213396,-0.41205249939977967,0.005174908161679855,2.3768611082912857e-06,,,,,,,,,,,,
2.16,grasp,,,,,,,,,,,,,,,,,,,,,1.9146720170974731,0.8333632349967957,1.2316745519638062,-0.40091168880462646,0.0049888198263943195,5.988653356325813e-06,0.04299842566251755,1.9157035385734849,0.8652718092998882,1.2412538325607048,-0.3759301924768016,0.004695052552988827,2.6385016381412385e-06,,,,,,,,,,,,
2.18,grasp,,,,,,,,,,,,,,,,,,,,,1.915171504020691,0.8492486476898193,1.23521089553833,-0.38881105184555054,0.00484161451458931,4.482043550524395e-06,0.04299842566251755,1.9157035385734849,0.8652718092998882,1.2412538325607048,-0.3759301924768016,0.004695052552988827,2.6385016381412385e-06,,,,,,,,,,,,
2.2,grasp,,,,,,,,,,,,,,,,,,,,,1.9152268171310425,0.8768200278282166,1.2411283254623413,-0.36715373396873474,0.004563827067613602,3.750805944946478e-06,0.04299842566251755,1.915281308159685,0.9055023641581165,1.2495695626887422,-0.3441186447323111,0.004272847223089654,2.8687094098277997e-06,,,,,,,,,,,,
2.22,grasp,,,,,,,,,,,,,,,,,,,,,1.915256381034851,0.8911439776420593,1.2440844774246216,-0.3559967577457428,0.004421416670084,3.3566261663509067e-06,0.04299842566251755,1.915281308159685,0.9055023641581165,1.2495695626887422,-0.3441186447323111,0.004272847223089654,2.8687094098277997e-06,,,,,,,,,,,,
2.24,grasp,,,,,,,,,,,,,,,,,,,,,1.9150968790054321,0.9152661561965942,1.2491670846939087,-0.3369266390800476,0.004171973560005426,3.2335155992768705e-06,0.04299842566251755,1.9149167477037548,0.9402500466404657,1.2567564908621036,-0.31664059219867585,0.003907998028552021,3.067645731312954e-06,,,,,,,,,,,,
2.2600000000000002,grasp,,,,,,,,,,,,,,,,,,,,,1.9150141477584839,0.9277949333190918,1.2516940832138062,-0.32710251212120056,0.004043655004352331,3.163749624945922e-06,0.04299842566251755,1.9149167477037548,0.9402500466404657,1.2567564908621036,-0.31664059219867585,0.003907998028552021,3.067645731312954e-06,,,,,,,,,,,,
2.2800000000000002,grasp,,,,,,,,,,,,,,,,,,,,,1.9147902727127075,0.9483355283737183,1.2559839487075806,-0.31079962849617004,0.0041326675564050674,-3.5045133699895814e-05,0.04299842566251755,1.9146090510438765,0.9695664201518636,1.2628312291827797,-0.29345226090175025,0.0035996503590863863,3.2357752277653574e-06,,,,,,,,,,,,
2.3000000000000003,grasp,,,,,,,,,,,,,,,,,,,,,1.914671540260315,0.958986222743988,1.2583065032958984,-0.3023994266986847,0.0042830947786569595,-4.236558379488997e-05,0.04299842566251755,1.9146090510438765,0.9695664201518636,1.2628312291827797,-0.29345226090175025,0.0035996503590863863,3.2357752277653574e-06,,,,,,,,,,,,
2.3200000000000003,grasp,,,,,,,,,,,,,,,,,,,,,1.9144645929336548,0.9760805368423462,1.261767029762268,-0.2888549268245697,0.004302358720451593,-6.093976480769925e-05,0.04299842566251755,1.9143564213789124,0.9935980291303883,1.2678246783191278,-0.2744387868646544,0.003346205046710432,3.3739690051309533e-06,,,,,,,,,,,,
2.3400000000000003,grasp,,,,,,,,,,,,,,,,,,,,,1.9144139289855957,0.9849319458007812,1.2637652158737183,-0.2818751335144043,0.004093347117304802,-5.6752407544991e-05,0.04299842566251755,1.9143564213789124,0.9935980291303883,1.2678246783191278,-0.2744387868646544,0.003346205046710432,3.3739690051309533e-06,,,,,,,,,,,,
2.36,grasp,,,,,,,,,,,,,,,,,,,,,1.91420316696167,0.9986250996589661,1.2667449712753296,-0.2709916830062866,0.00423816591501236,-8.147752669174224e-05,0.04299842566251755,1.914156037279195,1.0125907850663538,1.2717865249966802,-0.25940792182793226,0.0031451274459446225,3.483609169061812e-06,,,,,,,,,,,,
2.38,grasp,,,,,,,,,,,,,,,,,,,,,1.9140887260437012,1.0056520700454712,1.2686622142791748,-0.26538318395614624,0.00448806444182992,-0.00013644975842908025,0.04299842566251755,1.914156037279195,1.0125907850663538,1.2717865249966802,-0.25940792182793226,0.0031451274459446225,3.483609169061812e-06,,,,,,,,,,,,
2.4,grasp,,,,,,,,,,,,,,,,,,,,,1.913912296295166,1.016223430633545,1.27083158493042,-0.2570042014122009,0.004567143507301807,-0.00013828201917931437,0.04299842566251755,1.9140044181977058,1.026894823742715,1.2747865140328913,-0.24808348316874793,0.0029928792659892367,3.5666245106744255e-06,,,,,,,,,,,,
2.42,grasp,,,,,,,,,,,,,,,,,,,,,1.9138574600219727,1.0217249393463135,1.2718820571899414,-0.2526877522468567,0.0043547311797738075,-0.00013809117081109434,0.04299842566251755,1.9140044181977058,1.026894823742715,1.2747865140328913,-0.24808348316874793,0.0029928792659892367,3.5666245106744255e-06,,,,,,,,,,,,
2.44,grasp,,,,,,,,,,,,,,,,,,,,,1.9138342142105103,1.0294362306594849,1.2733125686645508,-0.24659542739391327,0.0040566264651715755,-0.00010313086386304349,0.04299842566251755,1.9138963911414055,1.0369706100403941,1.2769188350696248,-0.2401012421541168,0.0028846630353582645,3.6256305308504394e-06,,,,,,,,,,,,
2.46,grasp,,,,,,,,,,,,,,,,,,,,,1.9138692617416382,1.0334596633911133,1.2739815711975098,-0.24345695972442627,0.003549031214788556,-5.716739906347357e-05,0.04299842566251755,1.9138963911414055,1.0369706100403941,1.2769188350696248,-0.2401012421541168,0.0028846630353582645,3.6256305308504394e-06,,,,,,,,,,,,
2.48,grasp,,,,,,,,,,,,,,,,,,,,,1.9138524532318115,1.0386383533477783,1.2749598026275635,-0.23936781287193298,0.0031859371811151505,-2.7905312890652567e-05,0.04299842566251755,1.9138262963232544,1.0433931271354135,1.2783031290780515,-0.23500149015810606,0.0028144141818341015,3.6639344980166224e-06,,,,,,,,,,,,
2.5,grasp,,,,,,,,,,,,,,,,,,,,,1.9138422012329102,1.0413212776184082,1.2754456996917725,-0.23726123571395874,0.0030043860897421837,-1.0435688636789564e-05,0.04299842566251755,1.9138262963232544,1.0433931271354135,1.2783031290780515,-0.23500149015810606,0.0028144141818341015,3.6639344980166224e-06,,,,,,,,,,,,
2.52,grasp,,,,,,,,,,,,,,,,,,,,,1.9138163328170776,1.0443742275238037,1.2760869264602661,-0.2348334640264511,0.0028936462476849556,-5.03715773447766e-06,0.04299842566251755,1.9137875042460537,1.0468685791897514,1.2790692936162436,-0.2322329151519261,0.0027755345332465507,3.685133859766246e-06,,,,,,,,,,,,
2.54,grasp,,,,,,,,,,,,,,,,,,,,,1.9138050079345703,1.0459548234939575,1.276408076286316,-0.2335827648639679,0.00283629703335464,-6.51004484097939e-07,0.04299842566251755,1.9137875042460537,1.0468685791897514,1.2790692936162436,-0.2322329151519261,0.0027755345332465507,3.685133859766246e-06,,,,,,,,,,,,
2.56,grasp,,,,,,,,,,,,,,,,,,,,,1.9137904644012451,1.0474241971969604,1.2767300605773926,-0.23241017758846283,0.002799371024593711,1.920239583341754e-06,0.04299842566251755,1.9137719988463973,1.0482342688143844,1.2793731222390847,-0.23114351047453205,0.0027601123831878607,3.6935428954919696e-06,,,,,,,,,,,,
2.58,grasp,,,,,,,,,,,,,,,,,,,,,1.9137835502624512,1.0481839179992676,1.2768936157226562,-0.23180601000785828,0.002780421869829297,2.3950726699695224e-06,0.04299842566251755,1.9137719988463973,1.0482342688143844,1.2793731222390847,-0.23114351047453205,0.0027601123831878607,3.6935428954919696e-06,,,,,,,,,,,,
2.6,grasp,,,,,,,,,,,,,,,,,,,,,1.9137775897979736,1.0486844778060913,1.2770057916641235,-0.23140990734100342,0.0027694685850292444,3.116550942650065e-06,0.04299842566251755,1.913769620490359,1.0484534343179304,1.2794220260522602,-0.23096859830085714,0.002757633306647013,3.6948945972429813e-06,,,,,,,,,,,,
2.6019341559801252,grasp,,,,,,,,,,,,,,,,,,,,,1.9137756824493408,1.048947811126709,1.2770627737045288,-0.23120519518852234,0.0027637723833322525,3.4297790989512578e-06,0.04299842566251755,1.9137696027755737,1.0484551191329956,1.279422402381897,-0.23096725344657898,0.0027576142456382513,3.6949049899703823e-06,,,,,,,,,,,,
2.6019341559801252,grasp,,,,,,,,,,,,,,,,,,,,,,,,,,,0.04299969971179962,,,,,,,0.0,,,,,,,,,,,
2.6219341559801252,grasp,,,,,,,,,,,,,,,,,,,,,,,,,,,0.042985398322343826,,,,,,,0.0,,,,,,,,,,,
2.6419341559801253,grasp,,,,,,,,,,,,,,,,,,,,,,,,,,,0.04289030656218529,,,,,,,0.0,,,,,,,,,,,
2.6619341559801253,grasp,,,,,,,,,,,,,,,,,,,,,,,,,,,0.04266174137592316,,,,,,,0.0,,,,,,,,,,,
2.6819341559801253,grasp,,,,,,,,,,,,,,,,,,,,,,,,,,,0.04227645695209503,,,,,,,0.0,,,,,,,,,,,
2.7019341559801253,grasp,,,,,,,,,,,,,,,,,,,,,,,,,,,0.04170355945825577,,,,,,,0.0,,,,,,,,,,,
2.7219341559801253,grasp,,,,,,,,,,,,,,,,,,,,,,,,,,,0.04092470742762089,,,,,,,0.0,,,,,,,,,,,
2.7419341559801254,grasp,,,,,,,,,,,,,,,,,,,,,,,,,,,0.03993408381938934,,,,,,,0.0,,,,,,,,,,,
2.7619341559801254,grasp,,,,,,,,,,,,,,,,,,,,,,,,,,,0.03872780129313469,,,,,,,0.0,,,,,,,,,,,
2.7819341559801254,grasp,,,,,,,,,,,,,,,,,,,,,,,,,,,0.03754771128296852,,,,,,,0.0,,,,,,,,,,,
2.8019341559801254,grasp,,,,,,,,,,,,,,,,,,,,,,,,,,,0.03748835064470768,,,,,,,0.0,,,,,,,,,,,
2.8219341559801254,grasp,,,,,,,,,,,,,,,,,,,,,,,,,,,0.0374660175293684,,,,,,,0.0,,,,,,,,,,,
2.841934155980125,grasp,,,,,,,,,,,,,,,,,,,,,,,,,,,0.03743981756269932,,,,,,,0.0,,,,,,,,,,,
2.8619341559801255,grasp,,,,,,,,,,,,,,,,,,,,,,,,,,,0.037380851805210114,,,,,,,0.0,,,,,,,,,,,
2.881934155980125,grasp,,,,,,,,,,,,,,,,,,,,,,,,,,,0.037351103499531746,,,,,,,0.0,,,,,,,,,,,
2.901934155980125,grasp,,,,,,,,,,,,,,,,,,,,,,,,,,,0.037319958209991455,,,,,,,0.0,,,,,,,,,,,
2.921934155980125,grasp,,,,,,,,,,,,,,,,,,,,,,,,,,,0.03723450005054474,,,,,,,0.0,,,,,,,,,,,
2.941934155980125,grasp,,,,,,,,,,,,,,,,,,,,,,,,,,,0.03714105114340782,,,,,,,0.0,,,,,,,,,,,
2.961934155980125,grasp,,,,,,,,,,,,,,,,,,,,,,,,,,,0.03696776181459427,,,,,,,0.0,,,,,,,,,,,
2.981934155980125,grasp,,,,,,,,,,,,,,,,,,,,,,,,,,,0.03693747706711292,,,,,,,0.0,,,,,,,,,,,
3.001934155980125,grasp,,,,,,,,,,,,,,,,,,,,,,,,,,,0.03681750036776066,,,,,,,0.0,,,,,,,,,,,
3.021934155980125,grasp,,,,,,,,,,,,,,,,,,,,,,,,,,,0.03660757467150688,,,,,,,0.0,,,,,,,,,,,
3.041934155980125,grasp,,,,,,,,,,,,,,,,,,,,,,,,,,,0.03602146543562412,,,,,,,0.0,,,,,,,,,,,
3.061934155980125,grasp,,,,,,,,,,,,,,,,,,,,,,,,,,,0.03570017218589783,,,,,,,0.0,,,,,,,,,,,
3.081934155980125,grasp,,,,,,,,,,,,,,,,,,,,,,,,,,,0.035498226061463356,,,,,,,0.0,,,,,,,,,,,
3.1019341559801252,grasp,,,,,,,,,,,,,,,,,,,,,,,,,,,0.035090235993266106,,,,,,,0.0,,,,,,,,,,,
3.1219341559801252,grasp,,,,,,,,,,,,,,,,,,,,,,,,,,,0.03479652851819992,,,,,,,0.0,,,,,,,,,,,
3.1419341559801253,grasp,,,,,,,,,,,,,,,,,,,,,,,,,,,0.03466893918812275,,,,,,,0.0,,,,,,,,,,,
3.1619341559801253,grasp,,,,,,,,,,,,,,,,,,,,,,,,,,,0.03435125760734081,,,,,,,0.0,,,,,,,,,,,
3.1819341559801253,grasp,,,,,,,,,,,,,,,,,,,,,,,,,,,0.03405690938234329,,,,,,,0.0,,,,,,,,,,,
3.2019341559801253,grasp,,,,,,,,,,,,,,,,,,,,,,,,,,,0.03388870321214199,,,,,,,0.0,,,,,,,,,,,
3.2219341559801253,grasp,,,,,,,,,,,,,,,,,,,,,,,,,,,0.033743616193532944,,,,,,,0.0,,,,,,,,,,,
3.2419341559801254,grasp,,,,,,,,,,,,,,,,,,,,,,,,,,,0.03358979523181915,,,,,,,0.0,,,,,,,,,,,
3.2619341559801254,grasp,,,,,,,,,,,,,,,,,,,,,,,,,,,0.033455345779657364,,,,,,,0.0,,,,,,,,,,,
3.2819341559801254,grasp,,,,,,,,,,,,,,,,,,,,,,,,,,,0.03329780884087086,,,,,,,0.0,,,,,,,,,,,
3.2819341559801254,grasp,,,,,,,,,,,,,,,,,,,,,1.9135481119155884,1.0479930639266968,1.2849454879760742,-0.23091641068458557,0.0028410686645656824,0.006861647125333548,0.03329780884087086,1.9137696027755737,1.0484551191329956,1.279422402381897,-0.23096725344657898,0.0027576142456382513,3.6949049899703823e-06,,,,,,,,,,,,
3.3019341559801254,grasp,,,,,,,,,,,,,,,,,,,,,1.9135692119598389,1.0479761362075806,1.2849252223968506,-0.23091694712638855,0.0028315489180386066,0.006571329198777676,0.03329780884087086,1.9137696027755737,1.0484551191329956,1.279422402381897,-0.23096725344657898,0.0027576142456382513,3.6949049899703823e-06,,,,,,,,,,,,
3.3219341559801254,grasp,,,,,,,,,,,,,,,,,,,,,1.913581132888794,1.047922134399414,1.2848914861679077,-0.23095539212226868,0.002828988479450345,0.006421716883778572,0.03329780884087086,1.9137706443419344,1.0483569093581357,1.2794004719974477,-0.23104564273675898,0.0027587252701426336,3.694299217884427e-06,,,,,,,,,,,,
3.3419341559801254,grasp,,,,,,,,,,,,,,,,,,,,,1.913586974143982,1.0478956699371338,1.284873604774475,-0.2309751659631729,0.002829478122293949,0.006344550289213657,0.03329780884087086,1.9137706443419344,1.0483569093581357,1.2794004719974477,-0.23104564273675898,0.0027587252701426336,3.694299217884427e-06,,,,,,,,,,,,
3.3619341559801255,grasp,,,,,,,,,,,,,,,,,,,,,1.9135921001434326,1.0475767850875854,1.2847055196762085,-0.23124448955059052,0.0028475988656282425,0.006304497364908457,0.03329780884087086,1.9137782241064354,1.047688717453423,1.2792516151552016,-0.23157877046646566,0.0027662806649486307,3.6901795833390165e-06,,,,,,,,,,,,
3.3819341559801255,grasp,,,,,,,,,,,,,,,,,,,,,1.9135922193527222,1.0474164485931396,1.2846134901046753,-0.23138317465782166,0.0028695068322122097,0.006283519323915243,0.03329780884087086,1.9137782241064354,1.047688717453423,1.2792516151552016,-0.23157877046646566,0.0027662806649486307,3.6901795833390165e-06,,,,,,,,,,,,
3.4019341559801255,grasp,,,,,,,,,,,,,,,,,,,,,1.9135974645614624,1.0465335845947266,1.2841485738754272,-0.23213495314121246,0.0029304344207048416,0.006271760910749435,0.03329780884087086,1.913797978630847,1.045933711213944,1.278862052241963,-0.23297824575961004,0.0027860511849023806,3.679399636248282e-06,,,,,,,,,,,,
3.4219341559801255,grasp,,,,,,,,,,,,,,,,,,,,,1.9135925769805908,1.046091079711914,1.283895492553711,-0.23252198100090027,0.0029956037178635597,0.006264820694923401,0.03329780884087086,1.913797978630847,1.045933711213944,1.278862052241963,-0.23297824575961004,0.0027860511849023806,3.679399636248282e-06,,,,,,,,,,,,
3.4419341559801255,grasp,,,,,,,,,,,,,,,,,,,,,1.9135991334915161,1.0443594455718994,1.2829809188842773,-0.234000563621521,0.003126695053651929,0.006259233690798283,0.03329780884087086,1.9138347442111268,1.042628666118323,1.2781367556951468,-0.23560933140509968,0.0028228568324202385,3.659331023733261e-06,,,,,,,,,,,,
3.4619341559801255,grasp,,,,,,,,,,,,,,,,,,,,,1.9135487079620361,1.0433810949325562,1.2825952768325806,-0.2347601354122162,0.0032574681099504232,0.006242374889552593,0.03329780884087086,1.9138347442111268,1.042628666118323,1.2781367556951468,-0.23560933140509968,0.0028228568324202385,3.659331023733261e-06,,,,,,,,,,,,
3.4819341559801256,grasp,,,,,,,,,,,,,,,,,,,,,1.9135327339172363,1.0405114889144897,1.280967116355896,-0.2371865212917328,0.003480241633951664,0.0062356009148061275,0.03329780884087086,1.9138921776295073,1.0373609724198434,1.2770020866351135,-0.23979171354748285,0.0028804381071571026,3.62793421369021e-06,,,,,,,,,,,,
3.5019341559801256,grasp,,,,,,,,,,,,,,,,,,,,,1.9135087728500366,1.0390520095825195,1.2801835536956787,-0.23843519389629364,0.0036948237102478743,0.006226712372153997,0.03329780884087086,1.9138921776295073,1.0373609724198434,1.2770020866351135,-0.23979171354748285,0.0028804381071571026,3.62793421369021e-06,,,,,,,,,,,,
3.5219341559801256,grasp,,,,,,,,,,,,,,,,,,,,,1.9134753942489624,1.0347321033477783,1.2781026363372803,-0.24200043082237244,0.003983023576438427,0.00620395690202713,0.03329780884087086,1.9139736848342705,1.0297721803510351,1.2753932906785264,-0.24580473490374433,0.0029620845668319753,3.583415683189173e-06,,,,,,,,,,,,
3.541934155980125,grasp,,,,,,,,,,,,,,,,,,,,,1.9134657382965088,1.032518744468689,1.276729702949524,-0.2438390851020813,0.004159215372055769,0.0061814673244953156,0.03329780884087086,1.9139736848342705,1.0297721803510351,1.2753932906785264,-0.24580473490374433,0.0029620845668319753,3.583415683189173e-06,,,,,,,,,,,,
3.5619341559801256,grasp,,,,,,,,,,,,,,,,,,,,,1.91354501247406,1.0265753269195557,1.274643063545227,-0.24871079623699188,0.004339547362178564,0.006161542143672705,0.03329780884087086,1.9140822739220607,1.0195595810287865,1.2732456609460368,-0.2538913501386643,0.0030710793031804287,3.523984840441241e-06,,,,,,,,,,,,
3.581934155980125,grasp,,,,,,,,,,,,,,,,,,,,,1.9135600328445435,1.0234375,1.2740200757980347,-0.25121453404426575,0.004548459779471159,0.006145188119262457,0.03329780884087086,1.9140822739220607,1.0195595810287865,1.2732456609460368,-0.2538913501386643,0.0030710793031804287,3.523984840441241e-06,,,,,,,,,,,,
3.6019341559801252,grasp,,,,,,,,,,,,,,,,,,,,,1.9135549068450928,1.0155528783798218,1.2720942497253418,-0.2575298845767975,0.004941272549331188,0.006113366223871708,0.03329780884087086,1.9142207434325647,1.0064673093728336,1.2705071221577295,-0.26425460461969974,0.0032100604576844323,3.448203554646574e-06,,,,,,,,,,,,
3.6219341559801252,grasp,,,,,,,,,,,,,,,,,,,,,1.9134728908538818,1.0114233493804932,1.2712823152542114,-0.2607792019844055,0.0052728792652487755,0.0060830749571323395,0.03329780884087086,1.9142207434325647,1.0064673093728336,1.2705071221577295,-0.26425460461969974,0.0032100604576844323,3.448203554646574e-06,,,,,,,,,,,,
3.6419341559801253,grasp,,,,,,,,,,,,,,,,,,,,,1.9137009382247925,1.0015679597854614,1.2685941457748413,-0.26867273449897766,0.005281070712953806,0.006077632308006287,0.03329780884087086,1.914391303100058,0.9902855268058184,1.2671348940910785,-0.27705995849712445,0.003381213727733329,3.3548801092615697e-06,,,,,,,,,,,,
3.6619341559801253,grasp,,,,,,,,,,,,,,,,,,,,,1.913966178894043,0.9964470267295837,1.2671427726745605,-0.27274301648139954,0.004830128513276577,0.006087576504796743,0.03329780884087086,1.914391303100058,0.9902855268058184,1.2671348940910785,-0.27705995849712445,0.003381213727733329,3.3548801092615697e-06,,,,,,,,,,,,
3.6819341559801253,grasp,,,,,,,,,,,,,,,,,,,,,1.914251685142517,0.9844316244125366,1.2642065286636353,-0.28229963779449463,0.004588257055729628,0.006090853828936815,0.03329780884087086,1.9145955776529444,0.9708487124582482,1.2630972807432321,-0.2924378562080693,0.003586145987522613,3.243138605498748e-06,,,,,,,,,,,,
3.7019341559801253,grasp,,,,,,,,,,,,,,,,,,,,,1.9144095182418823,0.9781973361968994,1.262450933456421,-0.2872248888015747,0.004316716454923153,0.006093146279454231,0.03329780884087086,1.9145955776529444,0.9708487124582482,1.2630972807432321,-0.2924378562080693,0.003586145987522613,3.243138605498748e-06,,,,,,,,,,,,
3.7219341559801253,grasp,,,,,,,,,,,,,,,,,,,,,1.9146249294281006,0.9639783501625061,1.2588212490081787,-0.29851701855659485,0.004260458517819643,0.0060922810807824135,0.03329780884087086,1.9148350849343676,0.948033917123635,1.2583682577139894,-0.31048434895471705,0.003826184652741692,3.112255219140658e-06,,,,,,,,,,,,
3.7419341559801254,grasp,,,,,,,,,,,,,,,,,,,,,1.9147651195526123,0.9566222429275513,1.2569516897201538,-0.3043341338634491,0.004073752090334892,0.006098594516515732,0.03329780884087086,1.9148350849343676,0.948033917123635,1.2583682577139894,-0.31048434895471705,0.003826184652741692,3.112255219140658e-06,,,,,,,,,,,,
3.7619341559801254,grasp,,,,,,,,,,,,,,,,,,,,,1.9149830341339111,0.9401443600654602,1.253570556640625,-0.3174038529396057,0.0039602601900696754,0.006095636636018753,0.03329780884087086,1.915110737540966,0.9217587785145288,1.2529308778485568,-0.3312637574954422,0.004102202997797121,2.9617542020754065e-06,,,,,,,,,,,,
3.7819341559801254,grasp,,,,,,,,,,,,,,,,,,,,,1.9150214195251465,0.931559681892395,1.2519266605377197,-0.32413551211357117,0.004088904242962599,0.006087357643991709,0.03329780884087086,1.915110737540966,0.9217587785145288,1.2529308778485568,-0.3312637574954422,0.004102202997797121,2.9617542020754065e-06,,,,,,,,,,,,
3.8019341559801254,grasp,,,,,,,,,,,,,,,,,,,,,1.9152237176895142,0.9127798080444336,1.2479931116104126,-0.33902063965797424,0.0042418260127305984,0.00608640443533659,0.03329780884087086,1.915423226721717,0.8919804521861832,1.246774502162949,-0.35481085235073667,0.004414753816132024,2.791334428522879e-06,,,,,,,,,,,,
3.8219341559801254,grasp,,,,,,,,,,,,,,,,,,,,,1.915315866470337,0.9030072689056396,1.2460639476776123,-0.3466883897781372,0.004350253380835056,0.006085132248699665,0.03329780884087086,1.915423226721717,0.8919804521861832,1.246774502162949,-0.35481085235073667,0.004414753816132024,2.791334428522879e-06,,,,,,,,,,,,
3.8419341559801254,grasp,,,,,,,,,,,,,,,,,,,,,1.9155362844467163,0.8819241523742676,1.2416527271270752,-0.3634001314640045,0.004567624069750309,0.006084590684622526,0.03329780884087086,1.915772633043163,0.8586933963289952,1.239893831975017,-0.3811320711474118,0.004764105432663415,2.600850450586441e-06,,,,,,,,,,,,
3.8619341559801255,grasp,,,,,,,,,,,,,,,,,,,,,1.915649652481079,0.8709543943405151,1.2394720315933228,-0.3720092177391052,0.004678699187934399,0.006084334570914507,0.03329780884087086,1.915772633043163,0.8586933963289952,1.239893831975017,-0.3811320711474118,0.004764105432663415,2.600850450586441e-06,,,,,,,,,,,,
3.8819341559801255,grasp,,,,,,,,,,,,,,,,,,,,,1.9158941507339478,0.8475773930549622,1.2345868349075317,-0.39054134488105774,0.004925487097352743,0.006084016058593988,0.03329780884087086,1.9161592503536908,0.8219281418869646,1.232286794624635,-0.41020766141891074,0.005150374719624314,2.390237956794344e-06,,,,,,,,,,,,
3.9019341559801255,grasp,,,,,,,,,,,,,,,,,,,,,1.916021704673767,0.8354146480560303,1.232154369354248,-0.40008825063705444,0.005051004700362682,0.006083919201046228,0.03329780884087086,1.9161592503536908,0.8219281418869646,1.232286794624635,-0.41020766141891074,0.005150374719624314,2.390237956794344e-06,,,,,,,,,,,,
3.9219341559801255,grasp,,,,,,,,,,,,,,,,,,,,,1.9162920713424683,0.8097777962684631,1.2267974615097046,-0.42041724920272827,0.005320415832102299,0.006083733402192593,0.03329780884087086,1.916583277174082,0.7817503307166358,1.2239488291145304,-0.44199322233775207,0.005573801726151575,2.1593662120487436e-06,,,,,,,,,,,,
3.9419341559801255,grasp,,,,,,,,,,,,,,,,,,,,,1.9164314270019531,0.7964398264884949,1.2241085767745972,-0.4308900535106659,0.005461232736706734,0.006083628162741661,0.03329780884087086,1.916583277174082,0.7817503307166358,1.2239488291145304,-0.44199322233775207,0.005573801726151575,2.1593662120487436e-06,,,,,,,,,,,,
3.9619341559801255,grasp,,,,,,,,,,,,,,,,,,,,,1.9162224531173706,0.7689118385314941,1.2180471420288086,-0.45244669914245605,0.0057231769897043705,0.006085124332457781,0.03329780884087086,1.9159721511197347,0.7389079380545519,1.2143808511428664,-0.47532717826706167,0.006020885315316253,3.9656480054160695e-06,,,,,,,,,,,,
3.9819341559801256,grasp,,,,,,,,,,,,,,,,,,,,,1.9160929918289185,0.7545948028564453,1.214967966079712,-0.46355175971984863,0.005908592604100704,0.00608462980017066,0.03329780884087086,1.9159721511197347,0.7389079380545519,1.2143808511428664,-0.47532717826706167,0.006020885315316253,3.9656480054160695e-06,,,,,,,,,,,,
4.001934155980125,grasp,,,,,,,,,,,,,,,,,,,,,1.898278832435608,0.7354757189750671,1.2011830806732178,-0.4685744047164917,0.005145029630511999,0.006140807643532753,0.03329780884087086,1.8787508897916951,0.7146023838023849,1.1890018515921779,-0.47387795067878835,0.005946484412388572,7.591239435730685e-05,,,,,,,,,,,,
4.021934155980126,grasp,,,,,,,,,,,,,,,,,,,,,1.8885244131088257,0.7256529927253723,1.193863868713379,-0.4711555242538452,0.006295406259596348,0.006128487177193165,0.03329780884087086,1.8787508897916951,0.7146023838023849,1.1890018515921779,-0.47387795067878835,0.005946484412388572,7.591239435730685e-05,,,,,,,,,,,,
4.041934155980125,grasp,,,,,,,,,,,,,,,,,,,,,1.8594954013824463,0.7112448215484619,1.1749933958053589,-0.4661599099636078,0.004815989639610052,0.0062212226912379265,0.03329780884087086,1.8277815555884775,0.6953670566221524,1.1574001338163153,-0.46081463795660177,0.005690827729917909,0.0001741880895445839,,,,,,,,,,,,
4.061934155980126,grasp,,,,,,,,,,,,,,,,,,,,,1.8436999320983887,0.7038831114768982,1.164993405342102,-0.4635782837867737,0.006348282564431429,0.006207834463566542,0.03329780884087086,1.8277815555884775,0.6953670566221524,1.1574001338163153,-0.46081463795660177,0.005690827729917909,0.0001741880895445839,,,,,,,,,,,,
4.081934155980125,grasp,,,,,,,,,,,,,,,,,,,,,1.8102666139602661,0.6901752352714539,1.143898606300354,-0.45555514097213745,0.004636467434465885,0.006314248777925968,0.03329780884087086,1.7738426836428287,0.6750109571078906,1.1239643398075276,-0.44699353610403725,0.0054203447456153036,0.00027816434796316876,,,,,,,,,,,,
4.101934155980126,grasp,,,,,,,,,,,,,,,,,,,,,1.7921644449234009,0.6831676959991455,1.1327509880065918,-0.4514145851135254,0.006200855132192373,0.006303987931460142,0.03329780884087086,1.7738426836428287,0.6750109571078906,1.1239643398075276,-0.44699353610403725,0.0054203447456153036,0.00027816434796316876,,,,,,,,,,,,
4.121934155980125,grasp,,,,,,,,,,,,,,,,,,,,,1.7562206983566284,0.6691257357597351,1.1102557182312012,-0.44224420189857483,0.004393436014652252,0.0064175305888056755,0.03329780884087086,1.7171322590618865,0.6536069859378021,1.0888139450487304,-0.432464026170505,0.005136006597230887,0.0003874682389878109,,,,,,,,,,,,
4.141934155980126,grasp,,,,,,,,,,,,,,,,,,,,,1.7368203401565552,0.6619471907615662,1.098373532295227,-0.43751290440559387,0.005981130991131067,0.006408907473087311,0.03329780884087086,1.7171322590618865,0.6536069859378021,1.0888139450487304,-0.432464026170505,0.005136006597230887,0.0003874682389878109,,,,,,,,,,,,
4.161934155980125,grasp,,,,,,,,,,,,,,,,,,,,,1.6989760398864746,0.6473432183265686,1.0747509002685547,-0.42772141098976135,0.004097049590200186,0.006527911871671677,0.03329780884087086,1.6578670961359752,0.6312362835519492,1.0520839157919426,-0.41728140100286804,0.004838886160758113,0.0005016863458230171,,,,,,,,,,,,
4.181934155980126,grasp,,,,,,,,,,,,,,,,,,,,,1.6785920858383179,0.6398786902427673,1.062273383140564,-0.4226704239845276,0.005728552117943764,0.006519854534417391,0.03329780884087086,1.6578670961359752,0.6312362835519492,1.0520839157919426,-0.41728140100286804,0.004838886160758113,0.0005016863458230171,,,,,,,,,,,,
4.201934155980125,grasp,,,,,,,,,,,,,,,,,,,,,1.6391221284866333,0.6246975064277649,1.0376638174057007,-0.41242656111717224,0.00377602968364954,0.006643707863986492,0.03329780884087086,1.5962831531199524,0.6079873642636804,1.0139198197452266,-0.4015058785994508,0.004530159168034267,0.000620366484791468,,,,,,,,,,,,
4.221934155980126,grasp,,,,,,,,,,,,,,,,,,,,,1.617896556854248,0.6169393658638,1.0246636867523193,-0.4071425497531891,0.005455585662275553,0.006635833065956831,0.03329780884087086,1.5962831531199524,0.6079873642636804,1.0139198197452266,-0.4015058785994508,0.004530159168034267,0.000620366484791468,,,,,,,,,,,,
4.241934155980125,grasp,,,,,,,,,,,,,,,,,,,,,1.576993465423584,0.6012232899665833,0.9991782903671265,-0.39652279019355774,0.003441940061748028,0.006763917859643698,0.03329780884087086,1.5326338083970166,0.5839540383479525,0.9744767136311157,-0.38520221993730075,0.004211093335531622,0.0007430212196447299,,,,,,,,,,,,
4.261934155980125,grasp,,,,,,,,,,,,,,,,,,,,,1.5550299882888794,0.5931928157806396,0.9857136607170105,-0.3910449147224426,0.005166282877326012,0.00675615482032299,0.03329780884087086,1.5326338083970166,0.5839540383479525,0.9744767136311157,-0.38520221993730075,0.004211093335531622,0.0007430212196447299,,,,,,,,,,,,
4.281934155980125,grasp,,,,,,,,,,,,,,,,,,,,,1.5128734111785889,0.5770019292831421,0.9594610929489136,-0.3801022469997406,0.00310070370323956,0.006887921132147312,0.03329780884087086,1.4671860195523694,0.5592370543749738,0.9339195396124602,-0.3684384790698193,0.003883023093697165,0.0008691374900884524,,,,,,,,,,,,
4.301934155980126,grasp,,,,,,,,,,,,,,,,,,,,,1.4902684688568115,0.5687304735183716,0.9455893039703369,-0.37445807456970215,0.004863397683948278,0.006880227942019701,0.03329780884087086,1.4671860195523694,0.5592370543749738,0.9339195396124602,-0.3684384790698193,0.003883023093697165,0.0008691374900884524,,,,,,,,,,,,
4.321934155980125,grasp,,,,,,,,,,,,,,,,,,,,,1.4470380544662476,0.5521314144134521,0.9186818599700928,-0.36324116587638855,0.0027550864033401012,0.0070151686668396,0.03329780884087086,1.4002189302360986,0.5339409708118867,0.8924219580897915,-0.35128601136437837,0.003547344141784403,0.0009981789830461592,,,,,,,,,,,,
4.341934155980125,grasp,,,,,,,,,,,,,,,,,,,,,1.4238885641098022,0.5436531901359558,0.9044622778892517,-0.357455849647522,0.004548248369246721,0.007007600739598274,0.03329780884087086,1.4002189302360986,0.5339409708118867,0.8924219580897915,-0.35128601136437837,0.003547344141784403,0.0009981789830461592,,,,,,,,,,,,
4.3619341559801255,grasp,,,,,,,,,,,,,,,,,,,,,1.3797738552093506,0.5267154574394226,0.8770204186439514,-0.34601354598999023,0.0024016338866204023,0.0071357861161231995,0.03329780884087086,1.332022220788074,0.5081744288454382,0.8501637428546344,-0.3338189469224597,0.003205507500035726,0.0011295878427276832,,,,,,,,,,,,
4.381934155980126,grasp,,,,,,,,,,,,,,,,,,,,,1.3561731576919556,0.5180665254592896,0.8625167608261108,-0.3401120603084564,0.004230524878948927,0.007122918497771025,0.03329780884087086,1.332022220788074,0.5081744288454382,0.8501637428546344,-0.3338189469224597,0.003205507500035726,0.0011295878427276832,,,,,,,,,,,,
4.4019341559801255,grasp,,,,,,,,,,,,,,,,,,,,,1.311369776725769,0.5008659362792969,0.8346463441848755,-0.3284946382045746,0.0020431450102478266,0.007255326956510544,0.03329780884087086,1.262894012655003,0.4820500685222356,0.807329097378786,-0.31611370171505637,0.0028590104115382375,0.0012627882443844013,,,,,,,,,,,,
4.421934155980125,grasp,,,,,,,,,,,,,,,,,,,,,1.2874233722686768,0.49208375811576843,0.8199191093444824,-0.3225027918815613,0.003898029448464513,0.007241778075695038,0.03329780884087086,1.262894012655003,0.4820500685222356,0.807329097378786,-0.31611370171505637,0.0028590104115382375,0.0012627882443844013,,,,,,,,,,,,
4.4419341559801255,grasp,,,,,,,,,,,,,,,,,,,,,1.2421239614486694,0.47469472885131836,0.7917523384094238,-0.3107614815235138,0.0016891382401809096,0.007381190080195665,0.03329780884087086,1.1931388648505705,0.45568157428348344,0.7641066297731901,-0.2982483521919086,0.0025093804972585072,0.001397193006719447,,,,,,,,,,,,
4.461934155980125,grasp,,,,,,,,,,,,,,,,,,,,,1.2179416418075562,0.4658176302909851,0.7768592834472656,-0.3047056794166565,0.00355017208494246,0.007372158579528332,0.03329780884087086,1.1931388648505705,0.45568157428348344,0.7641066297731901,-0.2982483521919086,0.0025093804972585072,0.001397193006719447,,,,,,,,,,,,
4.481934155980126,grasp,,,,,,,,,,,,,,,,,,,,,1.1723426580429077,0.44831472635269165,0.7485255599021912,-0.29289156198501587,0.0013517603510990739,0.007513593416661024,0.03329780884087086,1.1230655326467338,0.42918470031940503,0.7206874135651045,-0.2803016983855995,0.0021581567405797733,0.0015322101820354546,,,,,,,,,,,,
4.501934155980125,grasp,,,,,,,,,,,,,,,,,,,,,1.1480308771133423,0.4393816888332367,0.7335397601127625,-0.2867986261844635,0.003199694911018014,0.007505996618419886,0.03329780884087086,1.1230655326467338,0.42918470031940503,0.7206874135651045,-0.2803016983855995,0.0021581567405797733,0.0015322101820354546,,,,,,,,,,,,
4.521934155980126,grasp,,,,,,,,,,,,,,,,,,,,,1.102338194847107,0.42184293270111084,0.7051593661308289,-0.2749645411968231,0.00100996857509017,0.0076478044502437115,0.03329780884087086,1.0529846479443605,0.40267676301532096,0.6772637958312535,-0.2623530836777482,0.0018068906198944535,0.0016672436423633352,,,,,,,,,,,,
4.541934155980125,grasp,,,,,,,,,,,,,,,,,,,,,1.0780010223388672,0.41289353370666504,0.6901450753211975,-0.2688612937927246,0.002847325522452593,0.007640765979886055,0.03329780884087086,1.0529846479443605,0.40267676301532096,0.6772637958312535,-0.2623530836777482,0.0018068906198944535,0.0016672436423633352,,,,,,,,,,,,
4.561934155980126,grasp,,,,,,,,,,,,,,,,,,,,,1.0324193239212036,0.39539581537246704,0.6618437767028809,-0.2570593059062958,0.0006704665720462799,0.007782253436744213,0.03329780884087086,0.9832070844178183,0.3762741036948352,0.6340283403336948,-0.24448221272496876,0.001457146196132885,0.0018016915978398538,,,,,,,,,,,,
4.581934155980125,grasp,,,,,,,,,,,,,,,,,,,,,1.0081619024276733,0.38646942377090454,0.646867573261261,-0.25097283720970154,0.0024928594939410686,0.007775474339723587,0.03329780884087086,0.9832070844178183,0.3762741036948352,0.6340283403336948,-0.24448221272496876,0.001457146196132885,0.0018016915978398538,,,,,,,,,,,,
4.601934155980126,grasp,,,,,,,,,,,,,,,,,,,,,0.962894856929779,0.36908984184265137,0.6187710165977478,-0.23925542831420898,0.0003366496239323169,0.00791583675891161,0.03329780884087086,0.9140415334800094,0.3500930853880887,0.5911721703096574,-0.22676828536457624,0.0011104787274367237,0.0019349560480462795,,,,,,,,,,,,
4.621934155980125,grasp,,,,,,,,,,,,,,,,,,,,,0.9388232231140137,0.3602258563041687,0.6038990616798401,-0.2332124412059784,0.002137325704097748,0.00790935754776001,0.03329780884087086,0.9140415334800094,0.3500930853880887,0.5911721703096574,-0.22676828536457624,0.0011104787274367237,0.0019349560480462795,,,,,,,,,,,,
4.641934155980126,grasp,,,,,,,,,,,,,,,,,,,,,0.8940723538398743,0.34304091334342957,0.5761311054229736,-0.22163142263889313,1.0465490049682558e-05,0.008048087358474731,0.03329780884087086,0.8457925577634509,0.3242486041075056,0.5488840174006575,-0.2092892269197772,0.0007684113212642279,0.0020664519507338423,,,,,,,,,,,,
4.661934155980125,grasp,,,,,,,,,,,,,,,,,,,,,0.8702914714813232,0.3342783451080322,0.5614283084869385,-0.2156587541103363,0.0017824640963226557,0.008041822351515293,0.03329780884087086,0.8457925577634509,0.3242486041075056,0.5488840174006575,-0.2092892269197772,0.0007684113212642279,0.0020664519507338423,,,,,,,,,,,,
4.681934155980126,grasp,,,,,,,,,,,,,,,,,,,,,0.8262543082237244,0.3173627555370331,0.5341107845306396,-0.2042647749185562,-0.0003067653742618859,0.008178278803825378,0.03329780884087086,0.778758505344111,0.29885326663786627,0.5073489216292307,-0.19212132250299616,0.000432430356944283,0.00219560866307693,,,,,,,,,,,,
4.701934155980125,grasp,,,,,,,,,,,,,,,,,,,,,0.8028665781021118,0.30873972177505493,0.5196422338485718,-0.19838844239711761,0.0014299412723630667,0.008172286674380302,0.03329780884087086,0.778758505344111,0.29885326663786627,0.5073489216292307,-0.19212132250299616,0.000432430356944283,0.00219560866307693,,,,,,,,,,,,
4.721934155980126,grasp,,,,,,,,,,,,,,,,,,,,,0.7597358226776123,0.2921663522720337,0.4928939640522003,-0.18723095953464508,-0.0006135555449873209,0.008305921219289303,0.03329780884087086,0.7132298349345766,0.2740154981218412,0.4667468845888523,-0.17533894396146213,0.00010398781106781086,0.0023218682314959417,,,,,,,,,,,,
4.741934155980125,grasp,,,,,,,,,,,,,,,,,,,,,0.7368409633636475,0.2837199568748474,0.47872215509414673,-0.18147651851177216,0.001081177149899304,0.00830021221190691,0.03329780884087086,0.7132298349345766,0.2740154981218412,0.4667468845888523,-0.17533894396146213,0.00010398781106781086,0.0023218682314959417,,,,,,,,,,,,
4.761934155980125,grasp,,,,,,,,,,,,,,,,,,,,,0.694803774356842,0.2675594985485077,0.4526577293872833,-0.1706034243106842,-0.0009084185003302991,0.008430417627096176,0.03329780884087086,0.6494865412858791,0.24984132354146818,0.4272509390163068,-0.15901376709705115,-0.00021550702646413916,0.0024446878018581537,,,,,,,,,,,,
4.781934155980125,grasp,,,,,,,,,,,,,,,,,,,,,0.6724989414215088,0.2593260109424591,0.43884360790252686,-0.16499558091163635,0.000737653870601207,0.008424963802099228,0.03329780884087086,0.6494865412858791,0.24984132354146818,0.4272509390163068,-0.15901376709705115,-0.00021550702646413916,0.0024446878018581537,,,,,,,,,,,,
4.801934155980126,grasp,,,,,,,,,,,,,,,,,,,,,0.6317338943481445,0.24364659190177917,0.41357293725013733,-0.1544528752565384,-0.0011904354905709624,0.008551249280571938,0.03329780884087086,0.5877964150231219,0.2264316251088058,0.38902648614510454,-0.14321435514314146,-0.0005247076196234064,0.0025635484092333414,,,,,,,,,,,,
4.821934155980125,grasp,,,,,,,,,,,,,,,,,,,,,0.6101120710372925,0.23566021025180817,0.400174617767334,-0.14901533722877502,0.0004012308781966567,0.008546002209186554,0.03329780884087086,0.5877964150231219,0.2264316251088058,0.38902648614510454,-0.14321435514314146,-0.0005247076196234064,0.0025635484092333414,,,,,,,,,,,,
4.841934155980125,grasp,,,,,,,,,,,,,,,,,,,,,0.5707888603210449,0.2205265611410141,0.37580209970474243,-0.13884644210338593,-0.0014583023730665445,0.008667883463203907,0.03329780884087086,0.5284123822664129,0.20388253886584376,0.35223032166346613,-0.1280054437187952,-0.0008223494211074908,0.002677965169124789,,,,,,,,,,,,
4.8619341559801255,grasp,,,,,,,,,,,,,,,,,,,,,0.5499385595321655,0.21282029151916504,0.3628755211830139,-0.13360154628753662,7.296803232748061e-05,0.008662876673042774,0.03329780884087086,0.5284123822664129,0.20388253886584376,0.35223032166346613,-0.1280054437187952,-0.0008223494211074908,0.002677965169124789,,,,,,,,,,,,
4.881934155980126,grasp,,,,,,,,,,,,,,,,,,,,,0.5122170448303223,0.19829285144805908,0.339499294757843,-0.12384751439094543,-0.0017110868357121944,0.008779826574027538,0.03329780884087086,0.4715711132007603,0.18228303715463787,0.31700918043842025,-0.1134476044016921,-0.0011072518561919286,0.0027874849569510364,,,,,,,,,,,,
4.9019341559801255,grasp,,,,,,,,,,,,,,,,,,,,,0.49222055077552795,0.19089744985103607,0.32709670066833496,-0.11881648749113083,-0.00024566007778048515,0.008775104768574238,0.03329780884087086,0.4715711132007603,0.18228303715463787,0.31700918043842025,-0.1134476044016921,-0.0011072518561919286,0.0027874849569510364,,,,,,,,,,,,
4.921934155980125,grasp,,,,,,,,,,,,,,,,,,,,,0.456248015165329,0.17703227698802948,0.30480775237083435,-0.10951520502567291,-0.0019478501053526998,0.00888670515269041,0.03329780884087086,0.41749067613765656,0.1617152749109256,0.28349822736124974,-0.09959667132842362,-0.0013783234891045861,0.0028916888399936553,,,,,,,,,,,,
4.9419341559801255,grasp,,,,,,,,,,,,,,,,,,,,,0.43718254566192627,0.16997602581977844,0.2929779887199402,-0.10471758991479874,-0.000553153280634433,0.008882284164428711,0.03329780884087086,0.41749067613765656,0.1617152749109256,0.28349822736124974,-0.09959667132842362,-0.0013783234891045861,0.0028916888399936553,,,,,,,,,,,,
4.961934155980125,grasp,,,,,,,,,,,,,,,,,,,,,0.4030936360359192,0.1568247377872467,0.27185869216918945,-0.09590359777212143,-0.002167562721297145,0.008988096378743649,0.03329780884087086,0.3663682170357008,0.1422546644493158,0.25181964708772736,-0.08650322608988706,-0.0016345703165933612,0.002990193531111244,,,,,,,,,,,,
4.981934155980126,grasp,,,,,,,,,,,,,,,,,,,,,0.3850290775299072,0.1501336544752121,0.26064619421958923,-0.09135723859071732,-0.000847932999022305,0.008983856067061424,0.03329780884087086,0.3663682170357008,0.1422546644493158,0.25181964708772736,-0.08650322608988706,-0.0016345703165933612,0.002990193531111244,,,,,,,,,,,,
5.001934155980125,grasp,,,,,,,,,,,,,,,,,,,,,0.352943480014801,0.1377423107624054,0.24077023565769196,-0.08306143432855606,-0.0023697316646575928,0.00908356811851263,0.03329780884087086,0.3183783504519672,0.12396752465548602,0.22208158263984656,-0.07421206270610436,-0.0018751125603634958,0.003082660147974091,,,,,,,,,,,,
5.021934155980126,grasp,,,,,,,,,,,,,,,,,,,,,0.3359425365924835,0.13143952190876007,0.23021471500396729,-0.07878227531909943,-0.0011305324733257294,0.009079650975763798,0.03329780884087086,0.3183783504519672,0.12396752465548602,0.22208158263984656,-0.07421206270610436,-0.0018751125603634958,0.003082660147974091,,,,,,,,,,,,
5.041934155980125,grasp,,,,,,,,,,,,,,,,,,,,,0.3059645891189575,0.11984749138355255,0.21164610981941223,-0.07103140652179718,-0.0025530753191560507,0.009172897785902023,0.03329780884087086,0.2736713533968022,0.10690936861705162,0.1943770266142845,-0.06276160049649462,-0.002099199342799245,0.0031688003995989844,,,,,,,,,,,,
5.061934155980126,grasp,,,,,,,,,,,,,,,,,,,,,0.29008209705352783,0.11395275592803955,0.20178182423114777,-0.0670333206653595,-0.0013986550038680434,0.00916930753737688,0.03329780884087086,0.2736713533968022,0.10690936861705162,0.1943770266142845,-0.06276160049649462,-0.002099199342799245,0.0031688003995989844,,,,,,,,,,,,
5.081934155980125,grasp,,,,,,,,,,,,,,,,,,,,,0.26229870319366455,0.1031934916973114,0.1845744252204895,-0.059849757701158524,-0.0027191988192498684,0.009255784563720226,0.03329780884087086,0.23237009923794608,0.091127627655669,0.1687820398567874,-0.0521832331580624,-0.0023062201181613556,0.003248381381391351,,,,,,,,,,,,
5.101934155980126,grasp,,,,,,,,,,,,,,,,,,,,,0.24757973849773407,0.09772346913814545,0.17543090879917145,-0.05614425241947174,-0.001652172184549272,0.00925248023122549,0.03329780884087086,0.23237009923794608,0.091127627655669,0.1687820398567874,-0.0521832331580624,-0.0023062201181613556,0.003248381381391351,,,,,,,,,,,,
5.121934155980125,grasp,,,,,,,,,,,,,,,,,,,,,0.22205930948257446,0.08782362937927246,0.15962624549865723,-0.049545496702194214,-0.002866795752197504,0.009331967681646347,0.03329780884087086,0.19456862447991624,0.07665841249534566,0.1453548735405162,-0.04250099055460523,-0.0024957070340248483,0.003321223629701399,,,,,,,,,,,,
5.141934155980126,grasp,,,,,,,,,,,,,,,,,,,,,0.20853982865810394,0.08279136568307877,0.1512269526720047,-0.04614167660474777,-0.0018889870261773467,0.009329000487923622,0.03329780884087086,0.19456862447991624,0.07665841249534566,0.1453548735405162,-0.04250099055460523,-0.0024957070340248483,0.003321223629701399,,,,,,,,,,,,
5.161934155980125,grasp,,,,,,,,,,,,,,,,,,,,,0.18533052504062653,0.07377083599567413,0.13685394823551178,-0.04014020040631294,-0.0029953690245747566,0.009401373565196991,0.03329780884087086,0.1603295217383513,0.06352756067917802,0.12413444342216882,-0.033730963838308495,-0.0026673426888274435,0.0033872042386366426,,,,,,,,,,,,
5.181934155980126,grasp,,,,,,,,,,,,,,,,,,,,,0.17303596436977386,0.06918623298406601,0.12921454012393951,-0.03704452142119408,-0.0021094689145684242,0.009398740716278553,0.03329780884087086,0.1603295217383513,0.06352756067917802,0.12413444342216882,-0.033730963838308495,-0.0026673426888274435,0.0033872042386366426,,,,,,,,,,,,
5.201934155980125,grasp,,,,,,,,,,,,,,,,,,,,,0.1521647721529007,0.06105685979127884,0.11629031598567963,-0.03164731711149216,-0.003105699550360441,0.009463861584663391,0.03329780884087086,0.1296821924933162,0.05174881628218202,0.10513916312611388,-0.02588078055148321,-0.0028209750610682697,0.0034462642773679373,,,,,,,,,,,,
5.221934155980126,grasp,,,,,,,,,,,,,,,,,,,,,0.14110919833183289,0.056925658136606216,0.10942043364048004,-0.02886340580880642,-0.0023126774467527866,0.009461560286581516,0.03329780884087086,0.1296821924933162,0.05174881628218202,0.10513916312611388,-0.02588078055148321,-0.0028209750610682697,0.0034462642773679373,,,,,,,,,,,,
5.241934155980125,grasp,,,,,,,,,,,,,,,,,,,,,0.12258059531450272,0.04969066008925438,0.09794734418392181,-0.024071646854281425,-0.0031984252855181694,0.009519417770206928,0.03329780884087086,0.1026211810186485,0.04132183102669556,0.08836575536797552,-0.018949095933123102,-0.0029566282576233794,0.0034984124877672613,,,,,,,,,,,,
5.261934155980125,grasp,,,,,,,,,,,,,,,,,,,,,0.11276639252901077,0.04601414501667023,0.09184891730546951,-0.021600116044282913,-0.002498432295396924,0.009517470374703407,0.03329780884087086,0.1026211810186485,0.04132183102669556,0.08836575536797552,-0.018949095933123102,-0.0029566282576233794,0.0034984124877672613,,,,,,,,,,,,
5.281934155980125,grasp,,,,,,,,,,,,,,,,,,,,,0.09656195342540741,0.03966411203145981,0.08181513845920563,-0.017409062013030052,-0.0032736544962972403,0.009568109177052975,0.03329780884087086,0.07910590235148422,0.032225369401897144,0.07378869211281913,-0.012925398974007012,-0.0030745093808451306,0.003543728303709627,,,,,,,,,,,,
5.301934155980126,grasp,,,,,,,,,,,,,,,,,,,,,0.08797957748174667,0.03643728792667389,0.07648223638534546,-0.015247462317347527,-0.0026664617471396923,0.009566523134708405,0.03329780884087086,0.07910590235148422,0.032225369401897144,0.07378869211281913,-0.012925398974007012,-0.0030745093808451306,0.003543728303709627,,,,,,,,,,,,
5.321934155980125,grasp,,,,,,,,,,,,,,,,,,,,,0.07405541837215424,0.030953794717788696,0.06786013394594193,-0.011645765975117683,-0.0033325613476336002,0.009610089473426342,0.03329780884087086,0.05905568016865109,0.02442635875892705,0.06135773402406738,-0.00778893072202739,-0.003175027239241657,0.00358236944475808,,,,,,,,,,,,
5.341934155980125,grasp,,,,,,,,,,,,,,,,,,,,,0.06668177247047424,0.0281669944524765,0.06327877193689346,-0.009788240306079388,-0.0028168996796011925,0.009608852677047253,0.03329780884087086,0.05905568016865109,0.02442635875892705,0.06135773402406738,-0.00778893072202739,-0.003175027239241657,0.00358236944475808,,,,,,,,,,,,
5.3619341559801255,grasp,,,,,,,,,,,,,,,,,,,,,0.05496649444103241,0.02352559007704258,0.05602376163005829,-0.006757515948265791,-0.0033764855470508337,0.009645427577197552,0.03329780884087086,0.042346068800311686,0.017884419568597716,0.05099600282502538,-0.0035078369197700274,-0.003258806737732739,0.0036145763958648253,,,,,,,,,,,,
5.381934155980126,grasp,,,,,,,,,,,,,,,,,,,,,0.048763636499643326,0.021166253834962845,0.05217042565345764,-0.005194521509110928,-0.002948174951598048,0.009644569829106331,0.03329780884087086,0.042346068800311686,0.017884419568597716,0.05099600282502538,-0.0035078369197700274,-0.003258806737732739,0.0036145763958648253,,,,,,,,,,,,
5.4019341559801255,grasp,,,,,,,,,,,,,,,,,,,,,0.039156474173069,0.01733718439936638,0.04622047021985054,-0.002708777552470565,-0.0034079556353390217,0.009674630127847195,0.03329780884087086,0.028806482522787173,0.012551826933002365,0.04259856448576379,-3.859328647167975e-05,-0.0033266994791101906,0.0036406763401841203,,,,,,,,,,,,
5.421934155980125,grasp,,,,,,,,,,,,,,,,,,,,,0.03407083451747894,0.015390319749712944,0.0430617555975914,-0.0014268978266045451,-0.0030622996855527163,0.009674045257270336,0.03329780884087086,0.028806482522787173,0.012551826933002365,0.04259856448576379,-3.859328647167975e-05,-0.0033266994791101906,0.0036406763401841203,,,,,,,,,,,,
5.4419341559801255,grasp,,,,,,,,,,,,,,,,,,,,,0.02644135244190693,0.012332720682024956,0.038336608558893204,0.0005474188947118819,-0.0034261979162693024,0.00969790667295456,0.03329780884087086,0.01822164945200149,0.008360844916266446,0.0360326818865866,0.0026737853220291175,-0.003379781009604494,0.0036610825189726513,,,,,,,,,,,,
5.461934155980126,grasp,,,,,,,,,,,,,,,,,,,,,0.02240409143269062,0.010777510702610016,0.035830046981573105,0.0015654899179935455,-0.0031586186960339546,0.009697635658085346,0.03329780884087086,0.01822164945200149,0.008360844916266446,0.0360326818865866,0.0026737853220291175,-0.003379781009604494,0.0036610825189726513,,,,,,,,,,,,
5.481934155980126,grasp,,,,,,,,,,,,,,,,,,,,,0.016592368483543396,0.0084364740177989,0.03223051875829697,0.003069655504077673,-0.00343607016839087,0.009715810418128967,0.03329780884087086,0.010330206476620953,0.0052207515712339135,0.031136818392356127,0.004696140515615882,-0.003419359311206042,0.003676297682424526,,,,,,,,,,,,
5.501934155980125,grasp,,,,,,,,,,,,,,,,,,,,,0.013518096879124641,0.007244948297739029,0.03032306395471096,0.0038452474400401115,-0.003238145262002945,0.009715740568935871,0.03329780884087086,0.010330206476620953,0.0052207515712339135,0.031136818392356127,0.004696140515615882,-0.003419359311206042,0.003676297682424526,,,,,,,,,,,,
5.521934155980126,grasp,,,,,,,,,,,,,,,,,,,,,0.009331809356808662,0.00555458152666688,0.02773064188659191,0.00492890877649188,-0.0034378264099359512,0.009728806093335152,0.03329780884087086,0.004819908389586323,0.003026166034351698,0.027718130245897834,0.006108295812365689,-0.0034469959053370787,0.003686922068706107,,,,,,,,,,,,
5.541934155980126,grasp,,,,,,,,,,,,,,,,,,,,,0.007118558045476675,0.004693073686212301,0.02635870687663555,0.0054876296781003475,-0.003301794407889247,0.00972894299775362,0.03329780884087086,0.004819908389586323,0.003026166034351698,0.027718130245897834,0.006108295812365689,-0.0034469959053370787,0.003686922068706107,,,,,,,,,,,,
5.561934155980126,grasp,,,,,,,,,,,,,,,,,,,,,0.004334105644375086,0.0035670027136802673,0.024634821340441704,0.00620853528380394,-0.0034334107767790556,0.00973760336637497,0.03329780884087086,0.0013317390098920487,0.0016356643566398156,0.025553949542320726,0.007002242064505591,-0.003464491039756228,0.0036936477406630808,,,,,,,,,,,,
5.581934155980125,grasp,,,,,,,,,,,,,,,,,,,,,0.002863384783267975,0.0029918006621301174,0.02372463420033455,0.006580191198736429,-0.0033503728918731213,0.009737894870340824,0.03329780884087086,0.0013317390098920487,0.0016356643566398156,0.025553949542320726,0.007002242064505591,-0.003464491039756228,0.0036936477406630808,,,,,,,,,,,,
5.601934155980125,grasp,,,,,,,,,,,,,,,,,,,,,0.0012235576286911964,0.00232749548740685,0.022710025310516357,0.007004898507148027,-0.0034278975799679756,0.009742997586727142,0.03329780884087086,-0.0005468644690018857,0.0008867953357530515,0.02438839760466989,0.007483689590177425,-0.0034739129877068655,0.0036972700305397993,,,,,,,,,,,,
5.621934155980125,grasp,,,,,,,,,,,,,,,,,,,,,0.0003588640538509935,0.001987588359043002,0.02217637188732624,0.007223800756037235,-0.0033858120441436768,0.00974336639046669,0.03329780884087086,-0.0005468644690018857,0.0008867953357530515,0.02438839760466989,0.007483689590177425,-0.0034739129877068655,0.0036972700305397993,,,,,,,,,,,,
5.641934155980126,grasp,,,,,,,,,,,,,,,,,,,,,-0.0004293161618988961,0.0016674988437443972,0.02168959006667137,0.007428052835166454,-0.0034223664551973343,0.009745817631483078,0.03329780884087086,-0.001283449028252031,0.000593170095245693,0.023931395496503596,0.00767246091090685,-0.0034776073300741245,0.003698690187758729,,,,,,,,,,,,
5.661934155980125,grasp,,,,,,,,,,,,,,,,,,,,,-0.0008434104965999722,0.0015032177325338125,0.021435540169477463,0.007533269934356213,-0.003409078111872077,0.009746208786964417,0.03329780884087086,-0.001283449028252031,0.000593170095245693,0.023931395496503596,0.00767246091090685,-0.0034776073300741245,0.003698690187758729,,,,,,,,,,,,
5.681934155980125,grasp,,,,,,,,,,,,,,,,,,,,,-0.0011101519921794534,0.001394363702274859,0.021272148936986923,0.007602375000715256,-0.0034206262789666653,0.00974701065570116,0.03329780884087086,-0.0014031560652981749,0.0005454511799378132,0.023857125746860136,0.0077031392380200155,-0.003478207772370853,0.003698920925158803,,,,,,,,,,,,
5.684351850955282,grasp,,,,,,,,,,,,,,,,,,,,,-0.0012512002140283585,0.0013378093717619777,0.02118808589875698,0.007638063747435808,-0.003422367852181196,0.009747293777763844,0.03329780884087086,-0.0014041943941265345,0.0005450372700579464,0.023856481537222862,0.00770340533927083,-0.003478212980553508,0.0036989229265600443,,,,,,,,,,,,
0.0,grasp,,,,,,,,,,,,,,,,,,,,,,,,,,,5.044058373471216e-05,,,,,,,0.043,,,,,,,,,,,
0.02,grasp,,,,,,,,,,,,,,,,,,,,,,,,,,,6.739347736584023e-05,,,,,,,0.043,,,,,,,,,,,
0.04,grasp,,,,,,,,,,,,,,,,,,,,,,,,,,,0.00015965354396030307,,,,,,,0.043,,,,,,,,,,,
0.06,grasp,,,,,,,,,,,,,,,,,,,,,,,,,,,0.00038934410258661956,,,,,,,0.043,,,,,,,,,,,
0.08,grasp,,,,,,,,,,,,,,,,,,,,,,,,,,,0.0007743064488749951,,,,,,,0.043,,,,,,,,,,,
0.1,grasp,,,,,,,,,,,,,,,,,,,,,,,,,,,0.0013458271860145032,,,,,,,0.043,,,,,,,,,,,
0.12,grasp,,,,,,,,,,,,,,,,,,,,,,,,,,,0.0021241229260340333,,,,,,,0.043,,,,,,,,,,,
0.14,grasp,,,,,,,,,,,,,,,,,,,,,,,,,,,0.003113670856691897,,,,,,,0.043,,,,,,,,,,,
0.16,grasp,,,,,,,,,,,,,,,,,,,,,,,,,,,0.004318311810493469,,,,,,,0.043,,,,,,,,,,,
0.18,grasp,,,,,,,,,,,,,,,,,,,,,,,,,,,0.005734046921133995,,,,,,,0.043,,,,,,,,,,,
0.2,grasp,,,,,,,,,,,,,,,,,,,,,,,,,,,0.007349317194893956,,,,,,,0.043,,,,,,,,,,,
0.22,grasp,,,,,,,,,,,,,,,,,,,,,,,,,,,0.009148764424026012,,,,,,,0.043,,,,,,,,,,,
0.24,grasp,,,,,,,,,,,,,,,,,,,,,,,,,,,0.011112803127616644,,,,,,,0.043,,,,,,,,,,,
0.26,grasp,,,,,,,,,,,,,,,,,,,,,,,,,,,0.01321670413017273,,,,,,,0.043,,,,,,,,,,,
0.28,grasp,,,,,,,,,,,,,,,,,,,,,,,,,,,0.015433916356414557,,,,,,,0.043,,,,,,,,,,,
0.3,grasp,,,,,,,,,,,,,,,,,,,,,,,,,,,0.017734662629663944,,,,,,,0.043,,,,,,,,,,,
0.32,grasp,,,,,,,,,,,,,,,,,,,,,,,,,,,0.02008777018636465,,,,,,,0.043,,,,,,,,,,,
0.34,grasp,,,,,,,,,,,,,,,,,,,,,,,,,,,0.022460668347775936,,,,,,,0.043,,,,,,,,,,,
0.36,grasp,,,,,,,,,,,,,,,,,,,,,,,,,,,0.024820592254400253,,,,,,,0.043,,,,,,,,,,,
0.38,grasp,,,,,,,,,,,,,,,,,,,,,,,,,,,0.02713531069457531,,,,,,,0.043,,,,,,,,,,,
0.4,grasp,,,,,,,,,,,,,,,,,,,,,,,,,,,0.029372640885412693,,,,,,,0.043,,,,,,,,,,,
0.42,grasp,,,,,,,,,,,,,,,,,,,,,,,,,,,0.03150295652449131,,,,,,,0.043,,,,,,,,,,,
0.44,grasp,,,,,,,,,,,,,,,,,,,,,,,,,,,0.03349865414202213,,,,,,,0.043,,,,,,,,,,,
0.46,grasp,,,,,,,,,,,,,,,,,,,,,,,,,,,0.03533497825264931,,,,,,,0.043,,,,,,,,,,,
0.48,grasp,,,,,,,,,,,,,,,,,,,,,,,,,,,0.03699081763625145,,,,,,,0.043,,,,,,,,,,,
0.5,grasp,,,,,,,,,,,,,,,,,,,,,,,,,,,0.03844974376261234,,,,,,,0.043,,,,,,,,,,,
0.52,grasp,,,,,,,,,,,,,,,,,,,,,,,,,,,0.03969998471438885,,,,,,,0.043,,,,,,,,,,,
0.54,grasp,,,,,,,,,,,,,,,,,,,,,,,,,,,0.0407356359064579,,,,,,,0.043,,,,,,,,,,,
0.56,grasp,,,,,,,,,,,,,,,,,,,,,,,,,,,0.04155730456113815,,,,,,,0.043,,,,,,,,,,,
0.58,grasp,,,,,,,,,,,,,,,,,,,,,,,,,,,0.04217255674302578,,,,,,,0.043,,,,,,,,,,,
0.6,grasp,,,,,,,,,,,,,,,,,,,,,,,,,,,0.042596496641635895,,,,,,,0.043,,,,,,,,,,,
0.62,grasp,,,,,,,,,,,,,,,,,,,,,,,,,,,0.042853182181715965,,,,,,,0.043,,,,,,,,,,,
0.64,grasp,,,,,,,,,,,,,,,,,,,,,,,,,,,0.04297529719769955,,,,,,,0.043,,,,,,,,,,,
0.66,grasp,,,,,,,,,,,,,,,,,,,,,,,,,,,0.043005628511309624,,,,,,,0.043,,,,,,,,,,,
0.68,grasp,,,,,,,,,,,,,,,,,,,,,,,,,,,0.04299841448664665,,,,,,,0.043,,,,,,,,,,,
0.68,grasp,,,,,,,,,,,,,,,,,,,,,-0.005632673390209675,0.0010836399160325527,0.0137129882350564,0.007776824291795492,-0.002805632771924138,0.009454824961721897,0.04299841448664665,-0.005632111337035894,0.000547750445548445,0.015802357345819473,0.007796711288392544,-0.0028188733849674463,0.009455095045268536,,,,,,,,,,,,
0.7000000000000001,grasp,,,,,,,,,,,,,,,,,,,,,-0.0056326864287257195,0.0010881854686886072,0.013695559464395046,0.007776654791086912,-0.0028055182192474604,0.00945480540394783,0.04299841448664665,-0.005632111337035894,0.000547750445548445,0.015802357345819473,0.007796711288392544,-0.0028188733849674463,0.009455095045268536,,,,,,,,,,,,
0.7200000000000001,grasp,,,,,,,,,,,,,,,,,,,,,-0.00551348552107811,0.0011345460079610348,0.013776334002614021,0.007725502364337444,-0.0028019114397466183,0.009454072453081608,0.04299841448664665,-0.005381014721158697,0.0006384593270144063,0.01598892828138189,0.007691369521026724,-0.0028143388434511292,0.009453671719345918,,,,,,,,,,,,
0.74,grasp,,,,,,,,,,,,,,,,,,,,,-0.0054505979642271996,0.0011579773854464293,0.013819948770105839,0.0076991599053144455,-0.002802002476528287,0.009453739039599895,0.04299841448664665,-0.005381014721158697,0.0006384593270144063,0.01598892828138189,0.007691369521026724,-0.0028143388434511292,0.009453671719345918,,,,,,,,,,,,
0.76,grasp,,,,,,,,,,,,,,,,,,,,,-0.0046072532422840595,0.001464284141547978,0.01444290205836296,0.00734304916113615,-0.0027773876208812,0.009448711760342121,0.04299841448664665,-0.003696865267450502,0.0012468587958153338,0.017240289005648172,0.0069848242596894945,-0.0027839242775940503,0.009444117286836157,,,,,,,,,,,,
0.78,grasp,,,,,,,,,,,,,,,,,,,,,-0.004169602878391743,0.0016206445870921016,0.014775983989238739,0.007159668020904064,-0.0027782428078353405,0.009446428157389164,0.04299841448664665,-0.003696865267450502,0.0012468587958153338,0.017240289005648172,0.0069848242596894945,-0.0027839242775940503,0.009444117286836157,,,,,,,,,,,,
0.8,grasp,,,,,,,,,,,,,,,,,,,,,-0.0018369251629337668,0.002463370328769088,0.016497984528541565,0.006178651936352253,-0.002713093301281333,0.009432650171220303,0.04299841448664665,0.0006610574810713644,0.002821127056182757,0.020478315687926792,0.005156562033929874,-0.0027052236349545708,0.009419395246049123,,,,,,,,,,,,
0.8200000000000001,grasp,,,,,,,,,,,,,,,,,,,,,-0.000626936205662787,0.0028916378505527973,0.017416782677173615,0.005673567298799753,-0.002714098198339343,0.009426327422261238,0.04299841448664665,0.0006610574810713644,0.002821127056182757,0.020478315687926792,0.005156562033929874,-0.0027052236349545708,0.009419395246049123,,,,,,,,,,,,
0.8400000000000001,grasp,,,,,,,,,,,,,,,,,,,,,0.00389938335865736,0.004531361628323793,0.020759016275405884,0.0037709102034568787,-0.002591113792732358,0.00939969252794981,0.04299841448664665,0.00873431911407145,0.005732111278061038,0.026476368896026586,0.0017696918510412096,-0.002559430023190787,0.009373598591740704,,,,,,,,,,,,
0.8600000000000001,grasp,,,,,,,,,,,,,,,,,,,,,0.006246265489608049,0.005361315794289112,0.022537050768733025,0.0027912650257349014,-0.002590838586911559,0.009387380443513393,0.04299841448664665,0.00873431911407145,0.005732111278061038,0.026476368896026586,0.0017696918510412096,-0.002559430023190787,0.009373598591740704,,,,,,,,,,,,
0.8800000000000001,grasp,,,,,,,,,,,,,,,,,,,,,0.01356799528002739,0.008001314476132393,0.027942614629864693,-0.00028591707814484835,-0.002395207993686199,0.0093443738296628,0.04299841448664665,0.021380002541957547,0.01026088767200476,0.035868382690031876,-0.003534962252341526,-0.002331082455229142,0.009301869375639628,,,,,,,,,,,,
0.9,grasp,,,,,,,,,,,,,,,,,,,,,0.01736290007829666,0.009338757023215294,0.030813734978437424,-0.0018703341484069824,-0.002392089692875743,0.009324396960437298,0.04299841448664665,0.021380002541957547,0.01026088767200476,0.035868382690031876,-0.003534962252341526,-0.002331082455229142,0.009301869375639628,,,,,,,,,,,,
0.92,grasp,,,,,,,,,,,,,,,,,,,,,0.02797052264213562,0.013126536272466183,0.03864188864827156,-0.00632777065038681,-0.0021118219010531902,0.009262196719646454,0.04299841448664665,0.03928126232204092,0.016601789033994233,0.04915664660190406,-0.011043280439699552,-0.0020078746887002286,0.009200343121773404,,,,,,,,,,,,
0.9400000000000001,grasp,,,,,,,,,,,,,,,,,,,,,0.0334671214222908,0.015046326443552971,0.042795225977897644,-0.008622923865914345,-0.0021043738815933466,0.00923316553235054,0.04299841448664665,0.03928126232204092,0.016601789033994233,0.04915664660190406,-0.011043280439699552,-0.0020078746887002286,0.009200343121773404,,,,,,,,,,,,
0.9600000000000001,grasp,,,,,,,,,,,,,,,,,,,,,0.04774231091141701,0.020075252279639244,0.053323425352573395,-0.014620392583310604,-0.0017303357599303126,0.009149563498795033,0.04299841448664665,0.06295763212293697,0.02486592682825113,0.06671956363890864,-0.020972166442542822,-0.0015804709576522015,0.009066086332617258,,,,,,,,,,,,
0.98,grasp,,,,,,,,,,,,,,,,,,,,,0.055137936025857925,0.022624749690294266,0.058904703706502914,-0.017708562314510345,-0.0017172086518257856,0.009110414423048496,0.04299841448664665,0.06295763212293697,0.02486592682825113,0.06671956363890864,-0.020972166442542822,-0.0015804709576522015,0.009066086332617258,,,,,,,,,,,,
1.0,grasp,,,,,,,,,,,,,,,,,,,,,0.07335186004638672,0.028964348137378693,0.0723310261964798,-0.025359589606523514,-0.0012430779170244932,0.009003867395222187,0.04299841448664665,0.0927599388613375,0.03514516933227931,0.08881510422877019,-0.03346832080316442,-0.0010425586978438568,0.008897116285141856,,,,,,,,,,,,
1.02,grasp,,,,,,,,,,,,,,,,,,,,,0.08278655260801315,0.03217902034521103,0.07944351434707642,-0.029299257323145866,-0.001223009661771357,0.008953816257417202,0.04299841448664665,0.0927599388613375,0.03514516933227931,0.08881510422877019,-0.03346832080316442,-0.0010425586978438568,0.008897116285141856,,,,,,,,,,,,
1.04,grasp,,,,,,,,,,,,,,,,,,,,,0.10510487854480743,0.03988412022590637,0.09589087218046188,-0.03867335245013237,-0.0006452802335843444,0.008823385462164879,0.04299841448664665,0.1288816930501537,0.0475144329332928,0.11558860920683396,-0.048612985050254735,-0.00039064320173307424,0.008692335671640766,,,,,,,,,,,,
1.06,grasp,,,,,,,,,,,,,,,,,,,,,0.11666405946016312,0.043792225420475006,0.1045977845788002,-0.04350034520030022,-0.0006171159911900759,0.008761938661336899,0.04299841448664665,0.1288816930501537,0.0475144329332928,0.11558860920683396,-0.048612985050254735,-0.00039064320173307424,0.008692335671640766,,,,,,,,,,,,
1.08,grasp,,,,,,,,,,,,,,,,,,,,,0.14315944910049438,0.05288459733128548,0.12412026524543762,-0.05462789535522461,6.532610859721899e-05,0.008607244119048119,0.04299841448664665,0.17138166334333121,0.061988704394683264,0.14708368123347643,-0.06643070187374213,0.0003763304216570802,0.008451413669790596,,,,,,,,,,,,
1.1,grasp,,,,,,,,,,,,,,,,,,,,,0.15688027441501617,0.057497646659612656,0.1344480812549591,-0.06035785749554634,0.00010266293247696012,0.008534165099263191,0.04299841448664665,0.17138166334333121,0.061988704394683264,0.14708368123347643,-0.06643070187374213,0.0003763304216570802,0.008451413669790596,,,,,,,,,,,,
1.12,grasp,,,,,,,,,,,,,,,,,,,,,0.1875392198562622,0.06796745955944061,0.15703615546226501,-0.07323304563760757,0.0008886319701559842,0.008355311118066311,0.04299841448664665,0.22019200942662145,0.07853620016589738,0.18324908817331143,-0.08689288136133028,0.0012571316630884978,0.008174735833354208,,,,,,,,,,,,
1.1400000000000001,grasp,,,,,,,,,,,,,,,,,,,,,0.20341429114341736,0.07328097522258759,0.16897745430469513,-0.07986294478178024,0.0009360386175103486,0.00827060081064701,0.04299841448664665,0.22019200942662145,0.07853620016589738,0.18324908817331143,-0.08689288136133028,0.0012571316630884978,0.008174735833354208,,,,,,,,,,,,
1.1600000000000001,grasp,,,,,,,,,,,,,,,,,,,,,0.23814243078231812,0.0850958302617073,0.194562166929245,-0.0944460779428482,0.0018222668441012502,0.008068179711699486,0.04299841448664665,0.2751251279176769,0.09709586403028245,0.2239458683890742,-0.1099209050449507,0.0022483774038818075,0.007863365634208436,,,,,,,,,,,,
1.1800000000000002,grasp,,,,,,,,,,,,,,,,,,,,,0.2561226189136505,0.0910937711596489,0.2080780565738678,-0.10195557773113251,0.001880704308860004,0.007972054183483124,0.04299841448664665,0.2751251279176769,0.09709586403028245,0.2239458683890742,-0.1099209050449507,0.0022483774038818075,0.007863365634208436,,,,,,,,,,,,
1.2000000000000002,grasp,,,,,,,,,,,,,,,,,,,,,0.29475337266921997,0.10419493913650513,0.23653726279735565,-0.11817652732133865,0.0028619570657610893,0.007747072726488113,0.04299841448664665,0.3358878700175906,0.11756499314696428,0.26895672166268164,-0.1353918438216481,0.003344776517341656,0.007518964144595453,,,,,,,,,,,,
1.2200000000000002,grasp,,,,,,,,,,,,,,,,,,,,,0.3147517442703247,0.11084800958633423,0.2515605688095093,-0.1265294998884201,0.002932060044258833,0.0076399692334234715,0.04299841448664665,0.3358878700175906,0.11756499314696428,0.26895672166268164,-0.1353918438216481,0.003344776517341656,0.007518964144595453,,,,,,,,,,,,
1.2400000000000002,grasp,,,,,,,,,,,,,,,,,,,,,0.3570517897605896,0.12515752017498016,0.28272315859794617,-0.14429031312465668,0.0040015229023993015,0.007393801584839821,0.04299841448664665,0.40208918123848086,0.13981559130988647,0.31799240766261855,-0.16314189707892826,0.0045392777141744604,0.007143747091564683,,,,,,,,,,,,
1.26,grasp,,,,,,,,,,,,,,,,,,,,,0.37894704937934875,0.13242655992507935,0.29916125535964966,-0.15343624353408813,0.004083947744220495,0.007276338990777731,0.04299841448664665,0.40208918123848086,0.13981559130988647,0.31799240766261855,-0.16314189707892826,0.0045392777141744604,0.007143747091564683,,,,,,,,,,,,
1.28,grasp,,,,,,,,,,,,,,,,,,,,,0.42462387681007385,0.14784733951091766,0.3328108489513397,-0.17268826067447662,0.005233258940279484,0.007010724861174822,0.04299841448664665,0.4732526173344688,0.16369012239734948,0.37070012001013164,-0.19297135944254765,0.0058232854347411035,0.006740413289593008,,,,,,,,,,,,
1.3,grasp,,,,,,,,,,,,,,,,,,,,,0.4482645094394684,0.15568280220031738,0.35054901242256165,-0.18252791464328766,0.005328469444066286,0.006883672904223204,0.04299841448664665,0.4732526173344688,0.16369012239734948,0.37070012001013164,-0.19297135944254765,0.0058232854347411035,0.006740413289593008,,,,,,,,,,,,
1.32,grasp,,,,,,,,,,,,,,,,,,,,,0.49697399139404297,0.17209915816783905,0.386428564786911,-0.20334038138389587,0.006547986529767513,0.006600639317184687,0.04299841448664665,0.5488272106837361,0.1890022160507961,0.42667189303274916,-0.22464941348992937,0.0071868683105134595,0.006312083678607584,,,,,,,,,,,,
1.34,grasp,,,,,,,,,,,,,,,,,,,,,0.5221813321113586,0.18044130504131317,0.4053352177143097,-0.21367712318897247,0.006656307261437178,0.00646493723616004,0.04299841448664665,0.5488272106837361,0.1890022160507961,0.42667189303274916,-0.22464941348992937,0.0071868683105134595,0.006312083678607584,,,,,,,,,,,,
1.36,grasp,,,,,,,,,,,,,,,,,,,,,0.5735333561897278,0.1977238953113556,0.44315797090530396,-0.2358613759279251,0.007935416884720325,0.0061667608097195625,0.04299841448664665,0.6281960086213068,0.21555021098283877,0.4854511304904444,-0.25791756020760165,0.008618904527093548,0.0058622516245384415,,,,,,,,,,,,
1.3800000000000001,grasp,,,,,,,,,,,,,,,,,,,,,0.6001052856445312,0.20650714635849,0.4630812704563141,-0.24656009674072266,0.008056947030127048,0.006023495923727751,0.04299841448664665,0.6281960086213068,0.21555021098283877,0.4854511304904444,-0.25791756020760165,0.008618904527093548,0.0058622516245384415,,,,,,,,,,,,
1.4,grasp,,,,,,,,,,,,,,,,,,,,,0.6536723375320435,0.22451360523700714,0.5025332570075989,-0.26987239718437195,0.009384186938405037,0.005712632555514574,0.04299841448664665,0.7106882630188234,0.24311238558670956,0.5465414925483554,-0.29249481901282315,0.010107297846644518,0.005394717106855977,,,,,,,,,,,,
1.42,grasp,,,,,,,,,,,,,,,,,,,,,0.6813873052597046,0.23366570472717285,0.5233058929443359,-0.28084543347358704,0.009518480859696865,0.00556324003264308,0.04299841448664665,0.7106882630188234,0.24311238558670956,0.5465414925483554,-0.29249481901282315,0.010107297846644518,0.005394717106855977,,,,,,,,,,,,
1.44,grasp,,,,,,,,,,,,,,,,,,,,,0.7367091774940491,0.2522430717945099,0.5640497803688049,-0.30500397086143494,0.010858112014830112,0.00524480314925313,0.04299841448664665,0.7955897976489928,0.2714524149472379,0.609414184042594,-0.32808191189705505,0.011639170613414898,0.004913525000468935,,,,,,,,,,,,
1.46,grasp,,,,,,,,,,,,,,,,,,,,,0.7653300762176514,0.26168665289878845,0.5854925513267517,-0.3161974847316742,0.01100187934935093,0.00508883036673069,0.04299841448664665,0.7955897976489928,0.2714524149472379,0.609414184042594,-0.32808191189705505,0.011639170613414898,0.004913525000468935,,,,,,,,,,,,
1.48,grasp,,,,,,,,,,,,,,,,,,,,,0.8219228982925415,0.28067344427108765,0.6271743178367615,-0.3409080505371094,0.012386410497128963,0.004761628340929747,0.04299841448664665,0.8821531618083495,0.3003228645322791,0.673516244354283,-0.3643657636258761,0.013201054777157273,0.004422907529284164,,,,,,,,,,,,
1.5,grasp,,,,,,,,,,,,,,,,,,,,,0.8511983156204224,0.2903267443180084,0.6490980386734009,-0.35228562355041504,0.012548577971756458,0.00460260221734643,0.04299841448664665,0.8821531618083495,0.3003228645322791,0.673516244354283,-0.3643657636258761,0.013201054777157273,0.004422907529284164,,,,,,,,,,,,
1.52,grasp,,,,,,,,,,,,,,,,,,,,,0.9085617065429688,0.30955666303634644,0.6913491487503052,-0.3772391974925995,0.013935287483036518,0.004271703772246838,0.04299841448664665,0.969608423726559,0.3294697572245519,0.7382776639717619,-0.4010236972422836,0.014779055492145454,0.003927228956347851,,,,,,,,,,,,
1.54,grasp,,,,,,,,,,,,,,,,,,,,,0.9382327198982239,0.31933534145355225,0.7135586142539978,-0.38877514004707336,0.014108950272202492,0.004109482746571302,0.04299841448664665,0.969608423726559,0.3294697572245519,0.7382776639717619,-0.4010236972422836,0.014779055492145454,0.003927228956347851,,,,,,,,,,,,
1.56,grasp,,,,,,,,,,,,,,,,,,,,,0.995854914188385,0.3386387825012207,0.7560040950775146,-0.4136723577976227,0.015523996204137802,0.0037743241991847754,0.04299841448664665,1.0571735204455348,0.35863551043787567,0.803119663989212,-0.4377279298236788,0.01635905161088487,0.0034309239458984986,,,,,,,,,,,,
1.58,grasp,,,,,,,,,,,,,,,,,,,,,1.0256552696228027,0.3484565317630768,0.7783002853393555,-0.4253399074077606,0.015711311250925064,0.0036130493972450495,0.04299841448664665,1.0571735204455348,0.35863551043787567,0.803119663989212,-0.4377279298236788,0.01635905161088487,0.0034309239458984986,,,,,,,,,,,,
1.6,grasp,,,,,,,,,,,,,,,,,,,,,1.083021879196167,0.3676624596118927,0.8205615878105164,-0.44990894198417664,0.017096776515245438,0.0032802552450448275,0.04299841448664665,1.1440648844893642,0.38756159950346414,0.8674626098892934,-0.47415026737113425,0.017926939079710314,0.0029384250524443632,,,,,,,,,,,,
1.62,grasp,,,,,,,,,,,,,,,,,,,,,1.1126866340637207,0.37743234634399414,0.8427444100379944,-0.461666464805603,0.017286840826272964,0.0031190013978630304,0.04299841448664665,1.1440648844893642,0.38756159950346414,0.8674626098892934,-0.47415026737113425,0.017926939079710314,0.0029384250524443632,,,,,,,,,,,,
1.6400000000000001,grasp,,,,,,,,,,,,,,,,,,,,,1.169285535812378,0.3963710367679596,0.8844450116157532,-0.48567062616348267,0.01864275150001049,0.0027916105464100838,0.04299841448664665,1.2295082510455675,0.4159925277837413,0.9307334403609783,-0.5099661932220875,0.01946874184468279,0.002454122124750336,,,,,,,,,,,,
1.6600000000000001,grasp,,,,,,,,,,,,,,,,,,,,,1.1985504627227783,0.40600666403770447,0.9063169956207275,-0.49745461344718933,0.01883809082210064,0.0026320761535316706,0.04299841448664665,1.2295082510455675,0.4159925277837413,0.9307334403609783,-0.5099661932220875,0.01946874184468279,0.002454122124750336,,,,,,,,,,,,
1.6800000000000002,grasp,,,,,,,,,,,,,,,,,,,,,1.253880262374878,0.4245120584964752,0.9470872282981873,-0.5207027196884155,0.020154524594545364,0.0023123444989323616,0.04299841448664665,1.3127489713445593,0.4436793311745804,0.9923737523944441,-0.5448593418427421,0.02097081206312515,0.001982300687154242,,,,,,,,,,,,
1.7000000000000002,grasp,,,,,,,,,,,,,,,,,,,,,1.2824857234954834,0.4339287281036377,0.9684559106826782,-0.5324193835258484,0.020353952422738075,0.0021563249174505472,0.04299841448664665,1.3127489713445593,0.4436793311745804,0.9923737523944441,-0.5448593418427421,0.02097081206312515,0.001982300687154242,,,,,,,,,,,,
1.7200000000000002,grasp,,,,,,,,,,,,,,,,,,,,,1.3360618352890015,0.45184096693992615,1.0079374313354492,-0.5547921061515808,0.021621091291308403,0.0018467254703864455,0.04299841448664665,1.393062494156292,0.4703831082251686,1.0518475122637125,-0.5785262090265302,0.022420100531419577,0.0015270605161393901,,,,,,,,,,,,
1.7400000000000002,grasp,,,,,,,,,,,,,,,,,,,,,1.3637579679489136,0.46095654368400574,1.02861750125885,-0.5663043260574341,0.021822365000844002,0.0016955758910626173,0.04299841448664665,1.393062494156292,0.4703831082251686,1.0518475122637125,-0.5785262090265302,0.022420100531419577,0.0015270605161393901,,,,,,,,,,,,
1.7600000000000002,grasp,,,,,,,,,,,,,,,,,,,,,1.415121078491211,0.47812357544898987,1.0664687156677246,-0.5878288745880127,0.02303018979728222,0.001398865133523941,0.04299841448664665,1.4697648893824804,0.49587841398233223,1.1086490506732818,-0.6106803745203726,0.023804281786137922,0.0010922733348256843,,,,,,,,,,,,
1.7800000000000002,grasp,,,,,,,,,,,,,,,,,,,,,1.441670298576355,0.48685988783836365,1.0862878561019897,-0.5989132523536682,0.023230822756886482,0.0012538087321445346,0.04299841448664665,1.4697648893824804,0.49587841398233223,1.1086490506732818,-0.6106803745203726,0.023804281786137922,0.0010922733348256843,,,,,,,,,,,,
1.8000000000000003,grasp,,,,,,,,,,,,,,,,,,,,,1.490391492843628,0.5031399726867676,1.1221935749053955,-0.6193555593490601,0.024370165541768074,0.0009724472765810788,0.04299841448664665,1.5422233353670427,0.5199567085027635,1.162310812200523,-0.641057199098043,0.025111937935888597,0.0006815244094105439,,,,,,,,,,,,
1.8200000000000003,grasp,,,,,,,,,,,,,,,,,,,,,1.5155733823776245,0.5114248394966125,1.1409868001937866,-0.6298831105232239,0.024567611515522003,0.0008347532129846513,0.04299841448664665,1.5422233353670427,0.5199567085027635,1.162310812200523,-0.641057199098043,0.025111937935888597,0.0006815244094105439,,,,,,,,,,,,
1.8399999999999999,grasp,,,,,,,,,,,,,,,,,,,,,1.5612666606903076,0.526685893535614,1.174665093421936,-0.6490674614906311,0.02563084103167057,0.000570907664950937,0.04299841448664665,1.6098760955956037,0.5424251369419185,1.2124202273838451,-0.6694321288053476,0.026333763453788777,0.00029797954005327616,,,,,,,,,,,,
1.8599999999999999,grasp,,,,,,,,,,,,,,,,,,,,,1.584881067276001,0.5344522595405579,1.192286491394043,-0.6589469313621521,0.025822661817073822,0.000441687268903479,0.04299841448664665,1.6098760955956037,0.5424251369419185,1.2124202273838451,-0.6694321288053476,0.026333763453788777,0.00029797954005327616,,,,,,,,,,,,
1.88,grasp,,,,,,,,,,,,,,,,,,,,,1.6231638193130493,0.5506877303123474,1.220334529876709,-0.6713956594467163,0.02642149105668068,0.00021907969494350255,0.04299841448664665,1.663884701757958,0.567518905042314,1.2520673308817427,-0.6846036477484586,0.026726675050435196,-1.1645175045592522e-05,,,,,,,,,,,,
1.9,grasp,,,,,,,,,,,,,,,,,,,,,1.642945647239685,0.5590147376060486,1.234984278678894,-0.6778061389923096,0.026448775082826614,0.00010976951307384297,0.04299841448664665,1.663884701757958,0.567518905042314,1.2520673308817427,-0.6846036477484586,0.026726675050435196,-1.1645175045592522e-05,,,,,,,,,,,,
1.92,grasp,,,,,,,,,,,,,,,,,,,,,1.649869680404663,0.587706983089447,1.2387449741363525,-0.6520677804946899,0.02437073178589344,5.841991151100956e-05,0.04299841448664665,1.6571975145520672,0.6197431578236798,1.244349009112572,-0.6246993906638952,0.022251606603176727,1.3997549831620808e-06,,,,,,,,,,,,
1.94,grasp,,,,,,,,,,,,,,,,,,,,,1.6534292697906494,0.6036020517349243,1.2405290603637695,-0.6388092041015625,0.023323124274611473,3.1281972042052075e-05,0.04299841448664665,1.6571975145520672,0.6197431578236798,1.244349009112572,-0.6246993906638952,0.022251606603176727,1.3997549831620808e-06,,,,,,,,,,,,
1.96,grasp,,,,,,,,,,,,,,,,,,,,,1.6534411907196045,0.6336255669593811,1.2389922142028809,-0.6074162721633911,0.02097799815237522,1.691209399723448e-05,0.04299841448664665,1.6534418172218224,0.6652372125055633,1.2392282606666492,-0.5740364222017476,0.018493413325166602,1.6136543362348702e-06,,,,,,,,,,,,
1.98,grasp,,,,,,,,,,,,,,,,,,,,,1.653449535369873,0.6493526101112366,1.2381004095077515,-0.5912438035011292,0.01976381242275238,9.763724847289268e-06,0.04299841448664665,1.6534418172218224,0.6652372125055633,1.2392282606666492,-0.5740364222017476,0.018493413325166602,1.6136543362348702e-06,,,,,,,,,,,,
2.0,grasp,,,,,,,,,,,,,,,,,,,,,1.651863932609558,0.6765964031219482,1.23552668094635,-0.5613915920257568,0.01755371503531933,5.922190666751703e-06,0.04299841448664665,1.6501558576448971,0.7050931688574614,1.234750877439411,-0.5296483945526319,0.015206199209969563,1.8007493036694802e-06,,,,,,,,,,,,
2.02,grasp,,,,,,,,,,,,,,,,,,,,,1.651048183441162,0.6908170580863953,1.234100341796875,-0.5460126399993896,0.01641220971941948,3.996598024968989e-06,0.04299841448664665,1.6501558576448971,0.7050931688574614,1.234750877439411,-0.5296483945526319,0.015206199209969563,1.8007493036694802e-06,,,,,,,,,,,,
2.04,grasp,,,,,,,,,,,,,,,,,,,,,1.6492613554000854,0.7145322561264038,1.2315784692764282,-0.5196630358695984,0.014461901038885117,3.042011485376861e-06,0.04299841448664665,1.6473405927759626,0.7392197722482181,1.2309167448780463,-0.4916415270012151,0.012391124717735798,1.960976231800567e-06,,,,,,,,,,,,
2.06,grasp,,,,,,,,,,,,,,,,,,,,,1.6483415365219116,0.7269003391265869,1.2301803827285767,-0.5060886144638062,0.013457504101097584,2.532550752221141e-06,0.04299841448664665,1.6473405927759626,0.7392197722482181,1.2309167448780463,-0.4916415270012151,0.012391124717735798,1.960976231800567e-06,,,,,,,,,,,,
2.08,grasp,,,,,,,,,,,,,,,,,,,,,1.646728277206421,0.7469199299812317,1.2279856204986572,-0.48375195264816284,0.011801422573626041,2.3495588266086997e-06,0.04299841448664665,1.644991570990579,0.7676377253311997,1.22771884379761,-0.45999503937590214,0.010043699934075029,2.094588041249381e-06,,,,,,,,,,,,
2.1,grasp,,,,,,,,,,,,,,,,,,,,,1.645855188369751,0.7573232054710388,1.226810097694397,-0.4722443222999573,0.010870372876524925,-3.467624537734082e-06,0.04299841448664665,1.644991570990579,0.7676377253311997,1.22771884379761,-0.45999503937590214,0.010043699934075029,2.094588041249381e-06,,,,,,,,,,,,
2.12,grasp,,,,,,,,,,,,,,,,,,,,,1.644775390625,0.7736232876777649,1.2253129482269287,-0.45398062467575073,0.008583001792430878,-7.729430217295885e-05,0.04299841448664665,1.6430970440040578,0.7904887786251318,1.225140402278646,-0.4345506212986168,0.008151327313432684,2.2022984583262913e-06,,,,,,,,,,,,
2.14,grasp,,,,,,,,,,,,,,,,,,,,,1.6443636417388916,0.7821255326271057,1.2246071100234985,-0.44457459449768066,0.0070834681391716,-0.00012851650535594672,0.04299841448664665,1.6430970440040578,0.7904887786251318,1.225140402278646,-0.4345506212986168,0.008151327313432684,2.2022984583262913e-06,,,,,,,,,,,,
2.16,grasp,,,,,,,,,,,,,,,,,,,,,1.6433932781219482,0.7947383522987366,1.2243045568466187,-0.4302598237991333,0.004856284707784653,-0.00022146580158732831,0.04299841448664665,1.6416345969268389,0.8080459309182045,1.2231505279468424,-0.4150031244325255,0.006691309832021508,2.2853968795065524e-06,,,,,,,,,,,,
2.18,grasp,,,,,,,,,,,,,,,,,,,,,1.6428570747375488,0.801304817199707,1.2242013216018677,-0.4228866696357727,0.0039581251330673695,-0.0002306716050952673,0.04299841448664665,1.6416345969268389,0.8080459309182045,1.2231505279468424,-0.4150031244325255,0.006691309832021508,2.2853968795065524e-06,,,,,,,,,,,,
2.2,grasp,,,,,,,,,,,,,,,,,,,,,1.6421008110046387,0.8108403086662292,1.2232239246368408,-0.4122404158115387,0.003198163351044059,-0.00023892441822681576,0.04299841448664665,1.6405715682633397,0.8207236721633195,1.2217042186393645,-0.4008904514566252,0.00563043418553251,2.3457765769884716e-06,,,,,,,,,,,,
2.22,grasp,,,,,,,,,,,,,,,,,,,,,1.6417571306228638,0.8158137202262878,1.2226649522781372,-0.4067569971084595,0.0027865837328135967,-0.00023598883126396686,0.04299841448664665,1.6405715682633397,0.8207236721633195,1.2217042186393645,-0.4008904514566252,0.00563043418553251,2.3457765769884716e-06,,,,,,,,,,,,
2.24,grasp,,,,,,,,,,,,,,,,,,,,,1.6412172317504883,0.8223907351493835,1.221924066543579,-0.39941829442977905,0.002259359462186694,-0.00023512347252108157,0.04299841448664665,1.6398615996013073,0.829088181022173,1.2207383379125525,-0.3915843015724005,0.00492209935227338,2.386091620175056e-06,,,,,,,,,,,,
2.2600000000000002,grasp,,,,,,,,,,,,,,,,,,,,,1.6409491300582886,0.8258248567581177,1.2215040922164917,-0.39563804864883423,0.001993555808439851,-0.0002350338763790205,0.04299841448664665,1.6398615996013073,0.829088181022173,1.2207383379125525,-0.3915843015724005,0.00492209935227338,2.386091620175056e-06,,,,,,,,,,,,
2.2800000000000002,grasp,,,,,,,,,,,,,,,,,,,,,1.640628695487976,0.8298784494400024,1.2211235761642456,-0.3911187946796417,0.001581275719217956,-0.00023863755632191896,0.04299841448664665,1.6394468815485692,0.8338660624067339,1.2201742021066195,-0.38627810195555895,0.004508509628091272,2.4096319933925406e-06,,,,,,,,,,,,
2.3000000000000003,grasp,,,,,,,,,,,,,,,,,,,,,1.6404789686203003,0.8319934606552124,1.2207577228546143,-0.38878899812698364,0.0014277852606028318,-0.0002363387611694634,0.04299841448664665,1.6394468815485692,0.8338660624067339,1.2201742021066195,-0.38627810195555895,0.004508509628091272,2.4096319933925406e-06,,,,,,,,,,,,
2.3200000000000003,grasp,,,,,,,,,,,,,,,,,,,,,1.6403132677078247,0.8340920805931091,1.220517873764038,-0.3864709138870239,0.0012562671909108758,-0.00023509834136348218,0.04299841448664665,1.6392626711703189,0.8359482187075453,1.2199236442293881,-0.3839697824068468,0.004324819024632371,2.420087574536029e-06,,,,,,,,,,,,
2.3400000000000003,grasp,,,,,,,,,,,,,,,,,,,,,1.6402333974838257,0.8351758718490601,1.2204009294509888,-0.38527679443359375,0.0011633929098024964,-0.00023430035798810422,0.04299841448664665,1.6392626711703189,0.8359482187075453,1.2199236442293881,-0.3839697824068468,0.004324819024632371,2.420087574536029e-06,,,,,,,,,,,,
2.36,grasp,,,,,,,,,,,,,,,,,,,,,1.6401723623275757,0.8359466195106506,1.220350980758667,-0.38441506028175354,0.0011068220483139157,-0.0002335817989660427,0.04299841448664665,1.6392220381940057,0.836406528507121,1.2198683296630535,-0.38346184573067843,0.004284271009587527,2.4223955480867983e-06,,,,,,,,,,,,
2.3708528306521477,grasp,,,,,,,,,,,,,,,,,,,,,1.640141248703003,0.8363507390022278,1.2202345132827759,-0.3839680254459381,0.0010591339087113738,-0.000233966697123833,0.04299841448664665,1.6392216682434082,0.8364107608795166,1.2198678255081177,-0.38345715403556824,0.0042838966473937035,2.422416855552001e-06,,,,,,,,,,,,
2.3708528306521477,grasp,,,,,,,,,,,,,,,,,,,,,,,,,,,0.04086319915950298,,,,,,,0.0,,,,,,,,,,,
2.3908528306521477,grasp,,,,,,,,,,,,,,,,,,,,,,,,,,,0.040806952863931656,,,,,,,0.0,,,,,,,,,,,
2.4108528306521477,grasp,,,,,,,,,,,,,,,,,,,,,,,,,,,0.04072377271950245,,,,,,,0.0,,,,,,,,,,,
2.4308528306521477,grasp,,,,,,,,,,,,,,,,,,,,,,,,,,,0.04059234447777271,,,,,,,0.0,,,,,,,,,,,
2.4508528306521478,grasp,,,,,,,,,,,,,,,,,,,,,,,,,,,0.04039629548788071,,,,,,,0.0,,,,,,,,,,,
2.470852830652148,grasp,,,,,,,,,,,,,,,,,,,,,,,,,,,0.03999783843755722,,,,,,,0.0,,,,,,,,,,,
2.490852830652148,grasp,,,,,,,,,,,,,,,,,,,,,,,,,,,0.039154911413788795,,,,,,,0.0,,,,,,,,,,,
2.510852830652148,grasp,,,,,,,,,,,,,,,,,,,,,,,,,,,0.038192177191376686,,,,,,,0.0,,,,,,,,,,,
2.530852830652148,grasp,,,,,,,,,,,,,,,,,,,,,,,,,,,0.037275029346346855,,,,,,,0.0,,,,,,,,,,,
2.550852830652148,grasp,,,,,,,,,,,,,,,,,,,,,,,,,,,0.03656838648021221,,,,,,,0.0,,,,,,,,,,,
2.570852830652148,grasp,,,,,,,,,,,,,,,,,,,,,,,,,,,0.036536987870931625,,,,,,,0.0,,,,,,,,,,,
2.590852830652148,grasp,,,,,,,,,,,,,,,,,,,,,,,,,,,0.03651412948966026,,,,,,,0.0,,,,,,,,,,,
2.6108528306521475,grasp,,,,,,,,,,,,,,,,,,,,,,,,,,,0.03649287112057209,,,,,,,0.0,,,,,,,,,,,
2.630852830652148,grasp,,,,,,,,,,,,,,,,,,,,,,,,,,,0.036468930542469025,,,,,,,0.0,,,,,,,,,,,
2.6508528306521475,grasp,,,,,,,,,,,,,,,,,,,,,,,,,,,0.036441849544644356,,,,,,,0.0,,,,,,,,,,,
2.6708528306521475,grasp,,,,,,,,,,,,,,,,,,,,,,,,,,,0.0364129152148962,,,,,,,0.0,,,,,,,,,,,
2.6908528306521475,grasp,,,,,,,,,,,,,,,,,,,,,,,,,,,0.036382948979735374,,,,,,,0.0,,,,,,,,,,,
2.7108528306521475,grasp,,,,,,,,,,,,,,,,,,,,,,,,,,,0.03635256737470627,,,,,,,0.0,,,,,,,,,,,
2.7308528306521476,grasp,,,,,,,,,,,,,,,,,,,,,,,,,,,0.036322249099612236,,,,,,,0.0,,,,,,,,,,,
2.7508528306521476,grasp,,,,,,,,,,,,,,,,,,,,,,,,,,,0.03629219904541969,,,,,,,0.0,,,,,,,,,,,
2.7708528306521476,grasp,,,,,,,,,,,,,,,,,,,,,,,,,,,0.036263054236769676,,,,,,,0.0,,,,,,,,,,,
2.7908528306521476,grasp,,,,,,,,,,,,,,,,,,,,,,,,,,,0.03623465076088905,,,,,,,0.0,,,,,,,,,,,
2.8108528306521476,grasp,,,,,,,,,,,,,,,,,,,,,,,,,,,0.036206455901265144,,,,,,,0.0,,,,,,,,,,,
2.8308528306521477,grasp,,,,,,,,,,,,,,,,,,,,,,,,,,,0.03610816225409508,,,,,,,0.0,,,,,,,,,,,
2.8508528306521477,grasp,,,,,,,,,,,,,,,,,,,,,,,,,,,0.03600538894534111,,,,,,,0.0,,,,,,,,,,,
2.8708528306521477,grasp,,,,,,,,,,,,,,,,,,,,,,,,,,,0.0359862856566906,,,,,,,0.0,,,,,,,,,,,
2.8908528306521477,grasp,,,,,,,,,,,,,,,,,,,,,,,,,,,0.03589140623807907,,,,,,,0.0,,,,,,,,,,,
2.9108528306521477,grasp,,,,,,,,,,,,,,,,,,,,,,,,,,,0.035876503214240074,,,,,,,0.0,,,,,,,,,,,
2.9308528306521477,grasp,,,,,,,,,,,,,,,,,,,,,,,,,,,0.035865169018507004,,,,,,,0.0,,,,,,,,,,,
2.9508528306521478,grasp,,,,,,,,,,,,,,,,,,,,,,,,,,,0.03585641086101532,,,,,,,0.0,,,,,,,,,,,
2.970852830652148,grasp,,,,,,,,,,,,,,,,,,,,,,,,,,,0.035850126296281815,,,,,,,0.0,,,,,,,,,,,
2.990852830652148,grasp,,,,,,,,,,,,,,,,,,,,,,,,,,,0.03584617003798485,,,,,,,0.0,,,,,,,,,,,
3.010852830652148,grasp,,,,,,,,,,,,,,,,,,,,,,,,,,,0.03584393300116062,,,,,,,0.0,,,,,,,,,,,
3.030852830652148,grasp,,,,,,,,,,,,,,,,,,,,,,,,,,,0.03584299795329571,,,,,,,0.0,,,,,,,,,,,
3.050852830652148,grasp,,,,,,,,,,,,,,,,,,,,,,,,,,,0.03584288991987705,,,,,,,0.0,,,,,,,,,,,
3.050852830652148,grasp,,,,,,,,,,,,,,,,,,,,,1.6396578550338745,0.8369330167770386,1.2184967994689941,-0.3834763467311859,0.0030522083397954702,0.007156540174037218,0.03584288991987705,1.6392216682434082,0.8364107608795166,1.2198678255081177,-0.38345715403556824,0.0042838966473937035,2.422416855552001e-06,,,,,,,,,,,,
3.070852830652148,grasp,,,,,,,,,,,,,,,,,,,,,1.6396607160568237,0.8369179964065552,1.218492031097412,-0.3834766447544098,0.0030528942588716745,0.006857782136648893,0.03584288991987705,1.6392216682434082,0.8364107608795166,1.2198678255081177,-0.38345715403556824,0.0042838966473937035,2.422416855552001e-06,,,,,,,,,,,,
3.090852830652148,grasp,,,,,,,,,,,,,,,,,,,,,1.6396684646606445,0.8368563055992126,1.2184851169586182,-0.3835400640964508,0.0030532481614500284,0.006703902967274189,0.03584288991987705,1.6392320243375533,0.8362933781806752,1.219881927375886,-0.3835872609320299,0.0042942777068990245,2.4218259803142425e-06,,,,,,,,,,,,
3.110852830652148,grasp,,,,,,,,,,,,,,,,,,,,,1.6396737098693848,0.8368256688117981,1.218481183052063,-0.3835727572441101,0.0030515380203723907,0.006624693516641855,0.03584288991987705,1.6392320243375533,0.8362933781806752,1.219881927375886,-0.3835872609320299,0.0042942777068990245,2.4218259803142425e-06,,,,,,,,,,,,
3.130852830652148,grasp,,,,,,,,,,,,,,,,,,,,,1.6397111415863037,0.836441695690155,1.2184474468231201,-0.3840174078941345,0.0030821021646261215,0.00658368831500411,0.03584288991987705,1.6393025383085427,0.8354987317701096,1.2199778989947823,-0.38446798531767784,0.00436454547760729,2.41782635523306e-06,,,,,,,,,,,,
3.150852830652148,grasp,,,,,,,,,,,,,,,,,,,,,1.6397528648376465,0.8362183570861816,1.2186545133590698,-0.3842442035675049,0.0030462988652288914,0.006559112574905157,0.03584288991987705,1.6393025383085427,0.8354987317701096,1.2199778989947823,-0.38446798531767784,0.00436454547760729,2.41782635523306e-06,,,,,,,,,,,,
3.170852830652148,grasp,,,,,,,,,,,,,,,,,,,,,1.6398489475250244,0.835110604763031,1.2186248302459717,-0.38548049330711365,0.0031589942518621683,0.006540277507156134,0.03584288991987705,1.6394858445828573,0.8334222843352583,1.2202271934437994,-0.386770432393145,0.004547371006496229,2.407420057357739e-06,,,,,,,,,,,,
3.190852830652148,grasp,,,,,,,,,,,,,,,,,,,,,1.6399319171905518,0.8345687389373779,1.2188736200332642,-0.3861146867275238,0.003217663848772645,0.006529111880809069,0.03584288991987705,1.6394858445828573,0.8334222843352583,1.2202271934437994,-0.386770432393145,0.004547371006496229,2.407420057357739e-06,,,,,,,,,,,,
3.210852830652148,grasp,,,,,,,,,,,,,,,,,,,,,1.6401326656341553,0.8324499130249023,1.2190614938735962,-0.3885347843170166,0.003436645492911339,0.006512158550322056,0.03584288991987705,1.6398238389290656,0.8295372252979283,1.2206869834998804,-0.3910842333607977,0.0048844274967812405,2.3882356528731906e-06,,,,,,,,,,,,
3.230852830652148,grasp,,,,,,,,,,,,,,,,,,,,,1.6403312683105469,0.8313252925872803,1.219477891921997,-0.38977888226509094,0.0033411236945539713,0.006501201074570417,0.03584288991987705,1.6398238389290656,0.8295372252979283,1.2206869834998804,-0.3910842333607977,0.0048844274967812405,2.3882356528731906e-06,,,,,,,,,,,,
3.250852830652148,grasp,,,,,,,,,,,,,,,,,,,,,1.6406769752502441,0.8278288245201111,1.2197035551071167,-0.3937375247478485,0.003475495148450136,0.006482471711933613,0.03584288991987705,1.6403465091542713,0.823391339323067,1.2213979891235154,-0.39792127893630697,0.0054058424473403316,2.3585592317475707e-06,,,,,,,,,,,,
3.270852830652148,grasp,,,,,,,,,,,,,,,,,,,,,1.6408809423446655,0.8259245753288269,1.2200359106063843,-0.39577433466911316,0.003454860532656312,0.006464268080890179,0.03584288991987705,1.6403465091542713,0.823391339323067,1.2213979891235154,-0.39792127893630697,0.0054058424473403316,2.3585592317475707e-06,,,,,,,,,,,,
3.290852830652148,grasp,,,,,,,,,,,,,,,,,,,,,1.6412826776504517,0.8208333253860474,1.2202187776565552,-0.4015752673149109,0.0038232794031500816,0.00644797133281827,0.03584288991987705,1.6410859666590203,0.8145977826013903,1.2224041368874836,-0.4077095634935002,0.006143811537243095,2.316557708225874e-06,,,,,,,,,,,,
3.3108528306521476,grasp,,,,,,,,,,,,,,,,,,,,,1.6414457559585571,0.81806480884552,1.2206250429153442,-0.4045582413673401,0.0042114765383303165,0.006417021155357361,0.03584288991987705,1.6410859666590203,0.8145977826013903,1.2224041368874836,-0.4077095634935002,0.006143811537243095,2.316557708225874e-06,,,,,,,,,,,,
3.330852830652148,grasp,,,,,,,,,,,,,,,,,,,,,1.6419092416763306,0.8110817670822144,1.2208776473999023,-0.4124497175216675,0.005104196723550558,0.006384415086358786,0.03584288991987705,1.6420693234560513,0.8028363514807707,1.2237419822463218,-0.4208029518676015,0.007125230397022842,2.2607000664691057e-06,,,,,,,,,,,,
3.3508528306521477,grasp,,,,,,,,,,,,,,,,,,,,,1.6420530080795288,0.8073434829711914,1.2210590839385986,-0.4165121614933014,0.005772569216787815,0.006351006217300892,0.03584288991987705,1.6420693234560513,0.8028363514807707,1.2237419822463218,-0.4208029518676015,0.007125230397022842,2.2607000664691057e-06,,,,,,,,,,,,
3.3708528306521477,grasp,,,,,,,,,,,,,,,,,,,,,1.642561912536621,0.7983071208000183,1.2217007875442505,-0.42669469118118286,0.007233199197798967,0.006324533838778734,0.03584288991987705,1.6433160339403572,0.7878519220610102,1.2254384021369598,-0.43748665033833545,0.008370006624823513,2.189851869670226e-06,,,,,,,,,,,,
3.3908528306521477,grasp,,,,,,,,,,,,,,,,,,,,,1.6429239511489868,0.7935453057289124,1.222076416015625,-0.4319397211074829,0.007812062278389931,0.006316369399428368,0.03584288991987705,1.6433160339403572,0.7878519220610102,1.2254384021369598,-0.43748665033833545,0.008370006624823513,2.189851869670226e-06,,,,,,,,,,,,
3.4108528306521477,grasp,,,,,,,,,,,,,,,,,,,,,1.6438807249069214,0.7822244167327881,1.2233285903930664,-0.4445774257183075,0.008691650815308094,0.006316834129393101,0.03584288991987705,1.6448416303784388,0.7694491971299147,1.227514728154393,-0.4579778920183106,0.009893893846275637,2.1031148306718124e-06,,,,,,,,,,,,
3.4308528306521477,grasp,,,,,,,,,,,,,,,,,,,,,1.6443232297897339,0.7763055562973022,1.2240582704544067,-0.45108625292778015,0.009300722740590572,0.006313035264611244,0.03584288991987705,1.6448416303784388,0.7694491971299147,1.227514728154393,-0.4579778920183106,0.009893893846275637,2.1031148306718124e-06,,,,,,,,,,,,
3.4508528306521478,grasp,,,,,,,,,,,,,,,,,,,,,1.645460605621338,0.7626979351043701,1.2255713939666748,-0.4662955701351166,0.010411093942821026,0.006312912795692682,0.03584288991987705,1.6466574894952584,0.7474907734762274,1.2299866217149178,-0.4824305722423956,0.011708352195125338,1.999838587665021e-06,,,,,,,,,,,,
3.470852830652148,grasp,,,,,,,,,,,,,,,,,,,,,1.6460341215133667,0.7555767297744751,1.2264312505722046,-0.47413045167922974,0.011015077121555805,0.006312342826277018,0.03584288991987705,1.6466574894952584,0.7474907734762274,1.2299866217149178,-0.4824305722423956,0.011708352195125338,1.999838587665021e-06,,,,,,,,,,,,
3.490852830652148,grasp,,,,,,,,,,,,,,,,,,,,,1.6473565101623535,0.7396044135093689,1.2281975746154785,-0.4919882118701935,0.012345469556748867,0.006311742588877678,0.03584288991987705,1.6487704067814255,0.7218931165060158,1.2328638741819424,-0.5109380024597635,0.013820672579491437,1.8796095234247691e-06,,,,,,,,,,,,
3.510852830652148,grasp,,,,,,,,,,,,,,,,,,,,,1.6480392217636108,0.7312442660331726,1.2291982173919678,-0.5011875033378601,0.01302354410290718,0.006312025245279074,0.03584288991987705,1.6487704067814255,0.7218931165060158,1.2328638741819424,-0.5109380024597635,0.013820672579491437,1.8796095234247691e-06,,,,,,,,,,,,
3.530852830652148,grasp,,,,,,,,,,,,,,,,,,,,,1.649559497833252,0.7128718495368958,1.2312331199645996,-0.5217314958572388,0.014552515000104904,0.006311347708106041,0.03584288991987705,1.6511839606172387,0.6926234098308607,1.23615149651451,-0.5435361541251008,0.01623454255534852,1.7422196604052038e-06,,,,,,,,,,,,
3.550852830652148,grasp,,,,,,,,,,,,,,,,,,,,,1.6503430604934692,0.7032529711723328,1.2323744297027588,-0.5323147773742676,0.01533265970647335,0.00631173187866807,0.03584288991987705,1.6511839606172387,0.6926234098308607,1.23615149651451,-0.5435361541251008,0.01623454255534852,1.7422196604052038e-06,,,,,,,,,,,,
3.570852830652148,grasp,,,,,,,,,,,,,,,,,,,,,1.652064323425293,0.6824789643287659,1.2346832752227783,-0.5555465221405029,0.01705380529165268,0.006311166565865278,0.03584288991987705,1.6538987759069832,0.6596965131417342,1.2398510786287555,-0.5802070534691054,0.018950624621792825,1.5876319359894242e-06,,,,,,,,,,,,
3.590852830652148,grasp,,,,,,,,,,,,,,,,,,,,,1.652948021888733,0.6715989112854004,1.2359662055969238,-0.5675145387649536,0.017943639308214188,0.006311447825282812,0.03584288991987705,1.6538987759069832,0.6596965131417342,1.2398510786287555,-0.5802070534691054,0.018950624621792825,1.5876319359894242e-06,,,,,,,,,,,,
3.610852830652148,grasp,,,,,,,,,,,,,,,,,,,,,1.6548705101013184,0.6484516263008118,1.2385514974594116,-0.5934002995491028,0.019854096695780754,0.006311031989753246,0.03584288991987705,1.656914258426063,0.6231716125261304,1.243962637501361,-0.620881666819837,0.021968116983652867,1.4158901525485804e-06,,,,,,,,,,,,
3.630852830652148,grasp,,,,,,,,,,,,,,,,,,,,,1.6558529138565063,0.6363239884376526,1.239972710609436,-0.6067357659339905,0.02085687406361103,0.006311128847301006,0.03584288991987705,1.656914258426063,0.6231716125261304,1.243962637501361,-0.620881666819837,0.021968116983652867,1.4158901525485804e-06,,,,,,,,,,,,
3.650852830652148,grasp,,,,,,,,,,,,,,,,,,,,,1.6580196619033813,0.61083984375,1.2428724765777588,-0.6352619528770447,0.02296125330030918,0.006310758646577597,0.03584288991987705,1.660317852839835,0.5831072371659397,1.2485589770245555,-0.6655488864470831,0.02529976208777438,7.99367130144789e-07,,,,,,,,,,,,
3.670852830652148,grasp,,,,,,,,,,,,,,,,,,,,,1.6591229438781738,0.5974822640419006,1.2444484233856201,-0.6499577760696411,0.024081416428089142,0.006310498341917992,0.03584288991987705,1.660317852839835,0.5831072371659397,1.2485589770245555,-0.6655488864470831,0.02529976208777438,7.99367130144789e-07,,,,,,,,,,,,
3.690852830652148,grasp,,,,,,,,,,,,,,,,,,,,,1.6500046253204346,0.5758010149002075,1.2386471033096313,-0.665641188621521,0.02506350912153721,0.006380487699061632,0.03584288991987705,1.6401245410956033,0.5523175833721472,1.2348388791270835,-0.6822822009776994,0.02689306754116251,0.00012652192777344237,,,,,,,,,,,,
3.710852830652148,grasp,,,,,,,,,,,,,,,,,,,,,1.6451375484466553,0.5645505785942078,1.2355457544326782,-0.6737225651741028,0.02625763975083828,0.006398688070476055,0.03584288991987705,1.6401245410956033,0.5523175833721472,1.2348388791270835,-0.6822822009776994,0.02689306754116251,0.00012652192777344237,,,,,,,,,,,,
3.730852830652148,grasp,,,,,,,,,,,,,,,,,,,,,1.6177189350128174,0.5504721999168396,1.2154920101165771,-0.6672419905662537,0.02524399571120739,0.006581059657037258,0.03584288991987705,1.5881981751685568,0.5352318389327411,1.1963620908252721,-0.6603329253527319,0.02594171129647716,0.00042088521935363987,,,,,,,,,,,,
3.750852830652148,grasp,,,,,,,,,,,,,,,,,,,,,1.6032317876815796,0.5433266162872314,1.2048594951629639,-0.663908839225769,0.026308545842766762,0.0066231111995875835,0.03584288991987705,1.5881981751685568,0.5352318389327411,1.1963620908252721,-0.6603329253527319,0.02594171129647716,0.00042088521935363987,,,,,,,,,,,,
3.7708528306521476,grasp,,,,,,,,,,,,,,,,,,,,,1.5694642066955566,0.530734658241272,1.1799160242080688,-0.6509979963302612,0.024683663621544838,0.0068352785892784595,0.03584288991987705,1.5331594507497326,0.5169450117606817,1.1555979767109354,-0.6372572068897447,0.024948356863977814,0.00073290677705469,,,,,,,,,,,,
3.790852830652148,grasp,,,,,,,,,,,,,,,,,,,,,1.55166494846344,0.5243145823478699,1.1666762828826904,-0.6443544030189514,0.025640174746513367,0.006898222025483847,0.03584288991987705,1.5331594507497326,0.5169450117606817,1.1555979767109354,-0.6372572068897447,0.024948356863977814,0.00073290677705469,,,,,,,,,,,,
3.8108528306521476,grasp,,,,,,,,,,,,,,,,,,,,,1.5147544145584106,0.5115990042686462,1.139407753944397,-0.6291192770004272,0.023756707087159157,0.007128206547349691,0.03584288991987705,1.4750819828281085,0.4976454000457808,1.1125866990465443,-0.6129094093808902,0.02390023717552441,0.001062132698561514,,,,,,,,,,,,
3.830852830652148,grasp,,,,,,,,,,,,,,,,,,,,,1.4953025579452515,0.5051195025444031,1.1250107288360596,-0.6212785243988037,0.024749863892793655,0.0071929688565433025,0.03584288991987705,1.4750819828281085,0.4976454000457808,1.1125866990465443,-0.6129094093808902,0.02390023717552441,0.001062132698561514,,,,,,,,,,,,
3.8508528306521477,grasp,,,,,,,,,,,,,,,,,,,,,1.4562432765960693,0.49190038442611694,1.0960707664489746,-0.6048698425292969,0.022707104682922363,0.007445939816534519,0.03584288991987705,1.4142596910625973,0.47742959364914844,1.067544766160582,-0.5874121116929336,0.022802621803124607,0.0014069060286132115,,,,,,,,,,,,
3.870852830652148,grasp,,,,,,,,,,,,,,,,,,,,,1.435660481452942,0.4851756989955902,1.0808247327804565,-0.59642493724823,0.02370808646082878,0.007519983220845461,0.03584288991987705,1.4142596910625973,0.47742959364914844,1.067544766160582,-0.5874121116929336,0.022802621803124607,0.0014069060286132115,,,,,,,,,,,,
3.8908528306521477,grasp,,,,,,,,,,,,,,,,,,,,,1.3948590755462646,0.4714401066303253,1.0506538152694702,-0.5792106986045837,0.021573949605226517,0.007782174274325371,0.03584288991987705,1.351011845546553,0.4564027770409426,1.0207079668847046,-0.5608987181811375,0.02166127045601009,0.0017654183137442861,,,,,,,,,,,,
3.9108528306521477,grasp,,,,,,,,,,,,,,,,,,,,,1.3733609914779663,0.4644434452056885,1.0346802473068237,-0.5703521370887756,0.022607242688536644,0.007857337594032288,0.03584288991987705,1.351011845546553,0.4564027770409426,1.0207079668847046,-0.5608987181811375,0.02166127045601009,0.0017654183137442861,,,,,,,,,,,,
3.9308528306521477,grasp,,,,,,,,,,,,,,,,,,,,,1.3310953378677368,0.4502270221710205,1.0034210681915283,-0.5525014400482178,0.020425572991371155,0.008127959445118904,0.03584288991987705,1.2856797849848576,0.434676957919295,0.9723287016601984,-0.5335122894357658,0.02048234852630537,0.0021357339171175784,,,,,,,,,,,,
3.9508528306521478,grasp,,,,,,,,,,,,,,,,,,,,,1.3088295459747314,0.4429841637611389,0.9869185090065002,-0.5433144569396973,0.021477539092302322,0.008212131448090076,0.03584288991987705,1.2856797849848576,0.434676957919295,0.9723287016601984,-0.5335122894357658,0.02048234852630537,0.0021357339171175784,,,,,,,,,,,,
3.970852830652148,grasp,,,,,,,,,,,,,,,,,,,,,1.2653495073318481,0.42835724353790283,0.9547314047813416,-0.5249448418617249,0.01918741874396801,0.008498755283653736,0.03584288991987705,1.21862338067856,0.41237137735283624,0.9226731835378192,-0.5054034795222475,0.01927232666741077,0.002515818946944774,,,,,,,,,,,,
3.990852830652148,grasp,,,,,,,,,,,,,,,,,,,,,1.2424381971359253,0.4209097623825073,0.9377409815788269,-0.5154902338981628,0.020302698016166687,0.008580876514315605,0.03584288991987705,1.21862338067856,0.41237137735283624,0.9226731835378192,-0.5054034795222475,0.01927232666741077,0.002515818946944774,,,,,,,,,,,,
4.010852830652148,grasp,,,,,,,,,,,,,,,,,,,,,1.197988748550415,0.4059506952762604,0.9048624634742737,-0.4967082142829895,0.017943186685442924,0.008874421939253807,0.03584288991987705,1.1502179578452736,0.38960959056856515,0.8720189491332392,-0.4767294713638181,0.018037967776583414,0.002903549184278023,,,,,,,,,,,,
4.030852830652147,grasp,,,,,,,,,,,,,,,,,,,,,1.1745604276657104,0.3983359634876251,0.8874953389167786,-0.487041711807251,0.019106613472104073,0.008959554135799408,0.03584288991987705,1.1502179578452736,0.38960959056856515,0.8720189491332392,-0.4767294713638181,0.018037967776583414,0.002903549184278023,,,,,,,,,,,,
4.050852830652148,grasp,,,,,,,,,,,,,,,,,,,,,1.129396915435791,0.38312828540802,0.8540720343589783,-0.4679552912712097,0.01668178290128708,0.009259289130568504,0.03584288991987705,1.0808505033285885,0.36651895916713684,0.8206524397210885,-0.44765258004177577,0.01678627910928533,0.0032967245832579814,,,,,,,,,,,,
4.070852830652148,grasp,,,,,,,,,,,,,,,,,,,,,1.1055841445922852,0.37538790702819824,0.8364235162734985,-0.45813167095184326,0.017884934321045876,0.009348494000732899,0.03584288991987705,1.0808505033285885,0.36651895916713684,0.8206524397210885,-0.44765258004177577,0.01678627910928533,0.0032967245832579814,,,,,,,,,,,,
4.090852830652148,grasp,,,,,,,,,,,,,,,,,,,,,1.0599615573883057,0.360017865896225,0.8026553988456726,-0.4388495683670044,0.015412773936986923,0.009652554988861084,0.03584288991987705,1.0109161951740466,0.34323071145082756,0.7688661480438647,-0.4183384059595012,0.01552439475832158,0.0036931043154896184,,,,,,,,,,,,
4.1108528306521475,grasp,,,,,,,,,,,,,,,,,,,,,1.0358998775482178,0.3521960973739624,0.7848231196403503,-0.4289248585700989,0.01664547435939312,0.009742558002471924,0.03584288991987705,1.0109161951740466,0.34323071145082756,0.7688661480438647,-0.4183384059595012,0.01552439475832158,0.0036931043154896184,,,,,,,,,,,,
4.130852830652148,grasp,,,,,,,,,,,,,,,,,,,,,0.990078866481781,0.3367498517036438,0.7509061694145203,-0.40955716371536255,0.014141744002699852,0.01004870980978012,0.03584288991987705,0.9408156122040463,0.3198755330887236,0.716956391118433,-0.38895480761488616,0.014259530553023316,0.004090421136207945,,,,,,,,,,,,
4.150852830652148,grasp,,,,,,,,,,,,,,,,,,,,,0.9659069776535034,0.3288905918598175,0.7329906821250916,-0.39958810806274414,0.015396570786833763,0.010138817131519318,0.03584288991987705,0.9408156122040463,0.3198755330887236,0.716956391118433,-0.38895480761488616,0.014259530553023316,0.004090421136207945,,,,,,,,,,,,
4.170852830652148,grasp,,,,,,,,,,,,,,,,,,,,,0.920150101184845,0.31345629692077637,0.6991197466850281,-0.38024571537971497,0.012875426560640335,0.010445157065987587,0.03584288991987705,0.8709501327125432,0.29658769955755937,0.665220238408649,-0.35966990079878863,0.01299891420047521,0.004486403577464165,,,,,,,,,,,,
4.1908528306521475,grasp,,,,,,,,,,,,,,,,,,,,,0.8960055708885193,0.3056046962738037,0.6812225580215454,-0.3702894151210785,0.01414533331990242,0.010534749366343021,0.03584288991987705,0.8709501327125432,0.29658769955755937,0.665220238408649,-0.35966990079878863,0.01299891420047521,0.004486403577464165,,,,,,,,,,,,
4.210852830652148,grasp,,,,,,,,,,,,,,,,,,,,,0.8505747318267822,0.29026907682418823,0.6475918889045715,-0.3510831594467163,0.011621404439210892,0.010839510709047318,0.03584288991987705,0.8017198859358611,0.2734971119148318,0.6139536766242577,-0.3306513948410453,0.011749776971190206,0.004878781350750324,,,,,,,,,,,,
4.230852830652148,grasp,,,,,,,,,,,,,,,,,,,,,0.8265963196754456,0.2824695110321045,0.6298152208328247,-0.3411964476108551,0.012898705899715424,0.010928046889603138,0.03584288991987705,0.8017198859358611,0.2734971119148318,0.6139536766242577,-0.3306513948410453,0.011749776971190206,0.004878781350750324,,,,,,,,,,,,
4.250852830652148,grasp,,,,,,,,,,,,,,,,,,,,,0.7817504405975342,0.26731953024864197,0.5966161489486694,-0.32223567366600037,0.01038709282875061,0.011229445226490498,0.03584288991987705,0.7335185718557828,0.25073588207245995,0.563448371224079,-0.30206431610948375,0.010519222155669385,0.0052653233786558035,,,,,,,,,,,,
4.270852830652148,grasp,,,,,,,,,,,,,,,,,,,,,0.7580741047859192,0.2596166729927063,0.579060971736908,-0.3124748170375824,0.011663501150906086,0.011316454038023949,0.03584288991987705,0.7335185718557828,0.25073588207245995,0.563448371224079,-0.30206431610948375,0.010519222155669385,0.0052653233786558035,,,,,,,,,,,,
4.290852830652148,grasp,,,,,,,,,,,,,,,,,,,,,0.7140668630599976,0.24473652243614197,0.5464814305305481,-0.29386699199676514,0.009179798886179924,0.011612785048782825,0.03584288991987705,0.6667319742550254,0.22842951110036758,0.5139895382253796,-0.27407021024665235,0.00931420173197475,0.005643844573810642,,,,,,,,,,,,
4.310852830652148,grasp,,,,,,,,,,,,,,,,,,,,,0.6908270716667175,0.2371734231710434,0.5292475819587708,-0.2842874825000763,0.010446636937558651,0.011697803623974323,0.03584288991987705,0.6667319742550254,0.22842951110036758,0.5139895382253796,-0.27407021024665235,0.00931420173197475,0.005643844573810642,,,,,,,,,,,,
4.330852830652148,grasp,,,,,,,,,,,,,,,,,,,,,0.647905707359314,0.2226458638906479,0.49747011065483093,-0.26613685488700867,0.00800605770200491,0.011987312696874142,0.03584288991987705,0.6017327427422405,0.2067022100103254,0.4658530978774398,-0.24682526151335138,0.008141432682244237,0.006012235405606104,,,,,,,,,,,,
4.350852830652148,grasp,,,,,,,,,,,,,,,,,,,,,0.6252329349517822,0.21526466310024261,0.4806535542011261,-0.25679218769073486,0.009254838339984417,0.012069948017597198,0.03584288991987705,0.6017327427422405,0.2067022100103254,0.4658530978774398,-0.24682526151335138,0.008141432682244237,0.006012235405606104,,,,,,,,,,,,
4.370852830652148,grasp,,,,,,,,,,,,,,,,,,,,,0.5836336612701416,0.20116905868053436,0.44985419511795044,-0.23919886350631714,0.006872409489005804,0.012351086363196373,0.03584288991987705,0.5388778361619488,0.18567218771930782,0.41930340511912784,-0.2204790293501118,0.0070073536086133524,0.00636847296916563,,,,,,,,,,,,
4.390852830652148,grasp,,,,,,,,,,,,,,,,,,,,,0.5616536736488342,0.1940104216337204,0.4335479140281677,-0.23014068603515625,0.008094524964690208,0.012430816888809204,0.03584288991987705,0.5388778361619488,0.18567218771930782,0.41930340511912784,-0.2204790293501118,0.0070073536086133524,0.00636847296916563,,,,,,,,,,,,
4.410852830652148,grasp,,,,,,,,,,,,,,,,,,,,,0.521601676940918,0.18042154610157013,0.40389302372932434,-0.21320006251335144,0.0057853092439472675,0.012701972387731075,0.03584288991987705,0.47850547816711503,0.16544952595088852,0.37459048761114305,-0.19517316494025913,0.005918062261234963,0.00671064199536113,,,,,,,,,,,,
4.430852830652148,grasp,,,,,,,,,,,,,,,,,,,,,0.5004340410232544,0.1735232025384903,0.38818591833114624,-0.20447732508182526,0.00697198836132884,0.01277848333120346,0.03584288991987705,0.47850547816711503,0.16544952595088852,0.37459048761114305,-0.19517316494025913,0.005918062261234963,0.00671064199536113,,,,,,,,,,,,
4.450852830652148,grasp,,,,,,,,,,,,,,,,,,,,,0.4621398150920868,0.16051292419433594,0.35983172059059143,-0.18827854096889496,0.004749990068376064,0.013038191944360733,0.03584288991987705,0.4209300005478603,0.1461410583421863,0.33194736017084897,-0.17103943616057515,0.0048792269702435135,0.007036961909303565,,,,,,,,,,,,
4.470852830652148,grasp,,,,,,,,,,,,,,,,,,,,,0.44189587235450745,0.15391141176223755,0.34480658173561096,-0.17993731796741486,0.005893351510167122,0.013111062347888947,0.03584288991987705,0.4209300005478603,0.1461410583421863,0.33194736017084897,-0.17103943616057515,0.0048792269702435135,0.007036961909303565,,,,,,,,,,,,
4.490852830652148,grasp,,,,,,,,,,,,,,,,,,,,,0.40555381774902344,0.14154411852359772,0.3178977072238922,-0.16456279158592224,0.0037719488609582186,0.013357927091419697,0.03584288991987705,0.3664407588451338,0.12784027882845453,0.29158790880457186,-0.14819899025312958,0.003896060524279628,0.0073457948692200094,,,,,,,,,,,,
4.510852830652148,grasp,,,,,,,,,,,,,,,,,,,,,0.3863377273082733,0.13527096807956696,0.30363729596138,-0.15664540231227875,0.0048627606593072414,0.013424038887023926,0.03584288991987705,0.3664407588451338,0.12784027882845453,0.29158790880457186,-0.14819899025312958,0.003896060524279628,0.0073457948692200094,,,,,,,,,,,,
4.530852830652147,grasp,,,,,,,,,,,,,,,,,,,,,0.3521227538585663,0.12360762804746628,0.27829593420028687,-0.1421697586774826,0.002863176167011261,0.013656314462423325,0.03584288991987705,0.31529673584549617,0.11063353413486021,0.25370393369617,-0.12676037756581085,0.0029732345231111034,0.007635672698695701,,,,,,,,,,,,
4.550852830652148,grasp,,,,,,,,,,,,,,,,,,,,,0.33402788639068604,0.11769352108240128,0.2648635506629944,-0.13471464812755585,0.0038951567839831114,0.013720792718231678,0.03584288991987705,0.31529673584549617,0.11063353413486021,0.25370393369617,-0.12676037756581085,0.0029732345231111034,0.007635672698695701,,,,,,,,,,,,
4.570852830652148,grasp,,,,,,,,,,,,,,,,,,,,,0.3020963668823242,0.10678572207689285,0.2412138432264328,-0.12120325863361359,0.002012687735259533,0.013938321731984615,0.03584288991987705,0.2677234075094407,0.09459788335156377,0.21846258425960127,-0.10681813749040847,0.0021148182490774983,0.007905319347416607,,,,,,,,,,,,
4.590852830652148,grasp,,,,,,,,,,,,,,,,,,,,,0.2852051556110382,0.10125734657049179,0.22867229580879211,-0.11424434930086136,0.0029784373473376036,0.013998559676110744,0.03584288991987705,0.2677234075094407,0.09459788335156377,0.21846258425960127,-0.10681813749040847,0.0021148182490774983,0.007905319347416607,,,,,,,,,,,,
4.6108528306521475,grasp,,,,,,,,,,,,,,,,,,,,,0.25568753480911255,0.09115032851696014,0.20681193470954895,-0.10175292938947678,0.0012292758328840137,0.014200023375451565,0.03584288991987705,0.22391007568305102,0.07979698030978001,0.18600396359905536,-0.08845156567457872,0.0013242257162029431,0.008153659960368936,,,,,,,,,,,,
4.630852830652148,grasp,,,,,,,,,,,,,,,,,,,,,0.24007005989551544,0.08603058755397797,0.19521169364452362,-0.09531911462545395,0.002127616200596094,0.014255551621317863,0.03584288991987705,0.22391007568305102,0.07979698030978001,0.18600396359905536,-0.08845156567457872,0.0013242257162029431,0.008153659960368936,,,,,,,,,,,,
4.650852830652148,grasp,,,,,,,,,,,,,,,,,,,,,0.21307387948036194,0.0767585039138794,0.1752183586359024,-0.08389311283826828,0.0005184348556213081,0.01444011926651001,0.03584288991987705,0.18400735151003447,0.0662755335828361,0.15643906736720722,-0.0717237149383188,0.0006041703350038628,0.008379844835617172,,,,,,,,,,,,
4.670852830652148,grasp,,,,,,,,,,,,,,,,,,,,,0.19878777861595154,0.07206328958272934,0.1646062582731247,-0.0780077651143074,0.0013391290558502078,0.014490910805761814,0.03584288991987705,0.18400735151003447,0.0662755335828361,0.15643906736720722,-0.0717237149383188,0.0006041703350038628,0.008379844835617172,,,,,,,,,,,,
4.6908528306521475,grasp,,,,,,,,,,,,,,,,,,,,,0.17438995838165283,0.06365569680929184,0.14653627574443817,-0.0676804855465889,-0.00011660876771202311,0.014657855033874512,0.03584288991987705,0.14811976010518213,0.05407468248735016,0.1298458298999787,-0.05667848496412596,-4.3458681596476e-05,0.008583277848254365,,,,,,,,,,,,
4.710852830652148,grasp,,,,,,,,,,,,,,,,,,,,,0.1614782065153122,0.05939960479736328,0.13694269955158234,-0.06236084923148155,0.0006209280691109598,0.014703823253512383,0.03584288991987705,0.14811976010518213,0.05407468248735016,0.1298458298999787,-0.05667848496412596,-4.3458681596476e-05,0.008583277848254365,,,,,,,,,,,,
4.730852830652148,grasp,,,,,,,,,,,,,,,,,,,,,0.13972696661949158,0.051874980330467224,0.12083334475755692,-0.053152915090322495,-0.0006787400343455374,0.014852751977741718,0.03584288991987705,0.11630564950403069,0.04321653780542171,0.10626786629564249,-0.043340383391073115,-0.0006176063342602945,0.008763629506476179,,,,,,,,,,,,
4.750852830652148,grasp,,,,,,,,,,,,,,,,,,,,,0.12821559607982635,0.04806673899292946,0.11227947473526001,-0.04840972647070885,-2.5892657504300587e-05,0.014893856830894947,0.03584288991987705,0.11630564950403069,0.04321653780542171,0.10626786629564249,-0.043340383391073115,-0.0006176063342602945,0.008763629506476179,,,,,,,,,,,,
4.770852830652148,grasp,,,,,,,,,,,,,,,,,,,,,0.10912764817476273,0.04143289849162102,0.09814178943634033,-0.04032829776406288,-0.0011681605828925967,0.015024624764919281,0.03584288991987705,0.08857314688009531,0.03370612405552052,0.08571143205359213,-0.031712861793686035,-0.0011181243671266738,0.008920853146250156,,,,,,,,,,,,
4.790852830652148,grasp,,,,,,,,,,,,,,,,,,,,,0.09902562946081161,0.038075774908065796,0.09063515812158585,-0.0361652597784996,-0.0005999358254484832,0.015060817822813988,0.03584288991987705,0.08857314688009531,0.03370612405552052,0.08571143205359213,-0.031712861793686035,-0.0011181243671266738,0.008920853146250156,,,,,,,,,,,,
4.810852830652148,grasp,,,,,,,,,,,,,,,,,,,,,0.0825837254524231,0.03232722356915474,0.0784558579325676,-0.029203087091445923,-0.0015863715671002865,0.015173547901213169,0.03584288991987705,0.06487750077661833,0.025527531980952017,0.06814289107386139,-0.021777162394664252,-0.001545818910887421,0.009055201373044138,,,,,,,,,,,,
4.830852830652148,grasp,,,,,,,,,,,,,,,,,,,,,0.07388203591108322,0.02941792830824852,0.07199036329984665,-0.025616534054279327,-0.001100962865166366,0.015204806812107563,0.03584288991987705,0.06487750077661833,0.025527531980952017,0.06814289107386139,-0.021777162394664252,-0.001545818910887421,0.009055201373044138,,,,,,,,,,,,
4.850852830652148,grasp,,,,,,,,,,,,,,,,,,,,,0.060033168643713,0.024536291137337685,0.061728134751319885,-0.019751090556383133,-0.0019346316112205386,0.015299862250685692,0.03584288991987705,0.04511693309599144,0.018645240078622907,0.0534861389752636,-0.013490608285450487,-0.0019025257018745864,0.009167250743735514,,,,,,,,,,,,
4.870852830652148,grasp,,,,,,,,,,,,,,,,,,,,,0.0527031347155571,0.022065170109272003,0.0562824085354805,-0.01672942191362381,-0.0015280259540304542,0.015326249413192272,0.03584288991987705,0.04511693309599144,0.018645240078622907,0.0534861389752636,-0.013490608285450487,-0.0019025257018745864,0.009167250743735514,,,,,,,,,,,,
4.890852830652148,grasp,,,,,,,,,,,,,,,,,,,,,0.04135378450155258,0.018022257834672928,0.04786893352866173,-0.011921193450689316,-0.00221621198579669,0.015404327772557735,0.03584288991987705,0.02912678802864794,0.013011884556058543,0.04161959524913966,-0.0067842891413236635,-0.0021912098832588107,0.009257932408385397,,,,,,,,,,,,
4.910852830652148,grasp,,,,,,,,,,,,,,,,,,,,,0.03534639626741409,0.015975093469023705,0.04340609908103943,-0.009444170631468296,-0.0018883320735767484,0.015426085330545902,0.03584288991987705,0.02912678802864794,0.013011884556058543,0.04161959524913966,-0.0067842891413236635,-0.0021912098832588107,0.009257932408385397,,,,,,,,,,,,
4.930852830652148,grasp,,,,,,,,,,,,,,,,,,,,,0.026357419788837433,0.012739569880068302,0.036740224808454514,-0.005635336972773075,-0.0024310287553817034,0.015487858094274998,0.03584288991987705,0.0166731604972606,0.008577860515838314,0.03237285333119956,-0.0015605563174758204,-0.00241607398449105,0.009328567222362822,,,,,,,,,,,,
4.950852830652148,grasp,,,,,,,,,,,,,,,,,,,,,0.02160102128982544,0.011100378818809986,0.033207010477781296,-0.0036731858272105455,-0.0021795553620904684,0.015505356714129448,0.03584288991987705,0.0166731604972606,0.008577860515838314,0.03237285333119956,-0.0015605563174758204,-0.00241607398449105,0.009328567222362822,,,,,,,,,,,,
4.970852830652148,grasp,,,,,,,,,,,,,,,,,,,,,0.014791848137974739,0.00862878281623125,0.02815633825957775,-0.0007872520945966244,-0.0025944318622350693,0.015552232973277569,0.03584288991987705,0.007454241739338257,0.0052713358133432515,0.025525411111426467,0.0023066952665514373,-0.002582546245505497,0.009380859858743294,,,,,,,,,,,,
4.990852830652148,grasp,,,,,,,,,,,,,,,,,,,,,0.01118960976600647,0.007375521585345268,0.025482231751084328,0.0006994432769715786,-0.002409204374998808,0.015565580688416958,0.03584288991987705,0.007454241739338257,0.0052713358133432515,0.025525411111426467,0.0023066952665514373,-0.002582546245505497,0.009380859858743294,,,,,,,,,,,,
5.010852830652148,grasp,,,,,,,,,,,,,,,,,,,,,0.006334351375699043,0.00560186430811882,0.02188050001859665,0.002757625188678503,-0.0027031423524022102,0.01559899840503931,0.03584288991987705,0.0011013415416996845,0.0029800790930123895,0.020805446012662633,0.004971852713891223,-0.0026972725093665525,0.009416897602141216,,,,,,,,,,,,
5.030852830652147,grasp,,,,,,,,,,,,,,,,,,,,,0.0037677912041544914,0.00470097316429019,0.019976502284407616,0.0038178423419594765,-0.002580993575975299,0.015608790330588818,0.03584288991987705,0.0011013415416996845,0.0029800790930123895,0.020805446012662633,0.004971852713891223,-0.0026972725093665525,0.009416897602141216,,,,,,,,,,,,
5.050852830652148,grasp,,,,,,,,,,,,,,,,,,,,,0.0005944644217379391,0.0035377652384340763,0.017623204737901688,0.005163273308426142,-0.0027719740755856037,0.01563061773777008,0.03584288991987705,-0.002827275931213436,0.0015609981889541592,0.017886412619152837,0.006620008738013132,-0.0027682201670197826,0.009439184165646533,,,,,,,,,,,,
5.070852830652148,grasp,,,,,,,,,,,,,,,,,,,,,-0.0010810367530211806,0.0029454301111400127,0.01638198271393776,0.005856277421116829,-0.0027011516503989697,0.01563723385334015,0.03584288991987705,-0.002827275931213436,0.0015609981889541592,0.017886412619152837,0.006620008738013132,-0.0027682201670197826,0.009439184165646533,,,,,,,,,,,,
5.090852830652148,grasp,,,,,,,,,,,,,,,,,,,,,-0.002892240649089217,0.002279798500239849,0.015039837919175625,0.006624413188546896,-0.0028093198779970407,0.015649661421775818,0.03584288991987705,-0.0048477637915547815,0.0008310963792386716,0.01638514567229934,0.007467656645020138,-0.0028047087068475062,0.009450646532304506,,,,,,,,,,,,
5.1108528306521475,grasp,,,,,,,,,,,,,,,,,,,,,-0.0038465887773782015,0.001940062502399087,0.014335035346448421,0.007020021788775921,-0.002777900779619813,0.01565368101000786,0.03584288991987705,-0.0048477637915547815,0.0008310963792386716,0.01638514567229934,0.007467656645020138,-0.0028047087068475062,0.009450646532304506,,,,,,,,,,,,
5.130852830652148,grasp,,,,,,,,,,,,,,,,,,,,,-0.004666861146688461,0.001637604902498424,0.013728617690503597,0.007368086837232113,-0.0028259458485990763,0.015659304335713387,0.03584288991987705,-0.005556418066317126,0.0005750947148226251,0.015858599323770275,0.0077649559282028805,-0.0028175064488209643,0.009454666033801715,,,,,,,,,,,,
5.150852830652148,grasp,,,,,,,,,,,,,,,,,,,,,-0.005097161512821913,0.0014824292156845331,0.013413037173449993,0.007547308225184679,-0.00282042077742517,0.015661362558603287,0.03584288991987705,-0.005556418066317126,0.0005750947148226251,0.015858599323770275,0.0077649559282028805,-0.0028175064488209643,0.009454666033801715,,,,,,,,,,,,
5.164418867803179,grasp,,,,,,,,,,,,,,,,,,,,,-0.005351661704480648,0.0013880408369004726,0.013227040879428387,0.007655110210180283,-0.0028331950306892395,0.015663061290979385,0.03584288991987705,-0.005632111337035894,0.000547750445548445,0.015802357345819473,0.007796711288392544,-0.0028188733849674463,0.009455095045268536,,,,,,,,,,,,
0.0,grasp,,,,,,,,,,,,,,,,,,,,,,,,,,,3.415494938963093e-05,,,,,,,0.043,,,,,,,,,,,
0.02,grasp,,,,,,,,,,,,,,,,,,,,,,,,,,,4.883621659246273e-05,,,,,,,0.043,,,,,,,,,,,
0.04,grasp,,,,,,,,,,,,,,,,,,,,,,,,,,,0.00014396023470908403,,,,,,,0.043,,,,,,,,,,,
0.06,grasp,,,,,,,,,,,,,,,,,,,,,,,,,,,0.0003720263484865427,,,,,,,0.043,,,,,,,,,,,
0.08,grasp,,,,,,,,,,,,,,,,,,,,,,,,,,,0.0007572568720206618,,,,,,,0.043,,,,,,,,,,,
0.1,grasp,,,,,,,,,,,,,,,,,,,,,,,,,,,0.0013296451652422547,,,,,,,0.043,,,,,,,,,,,
0.12,grasp,,,,,,,,,,,,,,,,,,,,,,,,,,,0.002107790787704289,,,,,,,0.043,,,,,,,,,,,
0.14,grasp,,,,,,,,,,,,,,,,,,,,,,,,,,,0.00309777504298836,,,,,,,0.043,,,,,,,,,,,
0.16,grasp,,,,,,,,,,,,,,,,,,,,,,,,,,,0.004303004126995802,,,,,,,0.043,,,,,,,,,,,
0.18,grasp,,,,,,,,,,,,,,,,,,,,,,,,,,,0.0057192661333829165,,,,,,,0.043,,,,,,,,,,,
0.2,grasp,,,,,,,,,,,,,,,,,,,,,,,,,,,0.007335083791986108,,,,,,,0.043,,,,,,,,,,,
0.22,grasp,,,,,,,,,,,,,,,,,,,,,,,,,,,0.009135403204709291,,,,,,,0.043,,,,,,,,,,,
0.24,grasp,,,,,,,,,,,,,,,,,,,,,,,,,,,0.01110016368329525,,,,,,,0.043,,,,,,,,,,,
0.26,grasp,,,,,,,,,,,,,,,,,,,,,,,,,,,0.013204953167587519,,,,,,,0.043,,,,,,,,,,,
0.28,grasp,,,,,,,,,,,,,,,,,,,,,,,,,,,0.015422975178807974,,,,,,,0.043,,,,,,,,,,,
0.3,grasp,,,,,,,,,,,,,,,,,,,,,,,,,,,0.017724688164889812,,,,,,,0.043,,,,,,,,,,,
0.32,grasp,,,,,,,,,,,,,,,,,,,,,,,,,,,0.02007862739264965,,,,,,,0.043,,,,,,,,,,,
0.34,grasp,,,,,,,,,,,,,,,,,,,,,,,,,,,0.022452542558312416,,,,,,,0.043,,,,,,,,,,,
0.36,grasp,,,,,,,,,,,,,,,,,,,,,,,,,,,0.024813457392156124,,,,,,,0.043,,,,,,,,,,,
0.38,grasp,,,,,,,,,,,,,,,,,,,,,,,,,,,0.027128891088068485,,,,,,,0.043,,,,,,,,,,,
0.4,grasp,,,,,,,,,,,,,,,,,,,,,,,,,,,0.029367263428866863,,,,,,,0.043,,,,,,,,,,,
0.42,grasp,,,,,,,,,,,,,,,,,,,,,,,,,,,0.03149836137890816,,,,,,,0.043,,,,,,,,,,,
0.44,grasp,,,,,,,,,,,,,,,,,,,,,,,,,,,0.033494964241981506,,,,,,,0.043,,,,,,,,,,,
0.46,grasp,,,,,,,,,,,,,,,,,,,,,,,,,,,0.03533189371228218,,,,,,,0.043,,,,,,,,,,,
0.48,grasp,,,,,,,,,,,,,,,,,,,,,,,,,,,0.03698841109871864,,,,,,,0.043,,,,,,,,,,,
0.5,grasp,,,,,,,,,,,,,,,,,,,,,,,,,,,0.03844803385436535,,,,,,,0.043,,,,,,,,,,,
0.52,grasp,,,,,,,,,,,,,,,,,,,,,,,,,,,0.039698606356978416,,,,,,,0.043,,,,,,,,,,,
0.54,grasp,,,,,,,,,,,,,,,,,,,,,,,,,,,0.04073469527065754,,,,,,,0.043,,,,,,,,,,,
0.56,grasp,,,,,,,,,,,,,,,,,,,,,,,,,,,0.04155685380101204,,,,,,,0.043,,,,,,,,,,,
0.58,grasp,,,,,,,,,,,,,,,,,,,,,,,,,,,0.042172133922576904,,,,,,,0.043,,,,,,,,,,,
0.6,grasp,,,,,,,,,,,,,,,,,,,,,,,,,,,0.04259633831679821,,,,,,,0.043,,,,,,,,,,,
0.62,grasp,,,,,,,,,,,,,,,,,,,,,,,,,,,0.042853107675909996,,,,,,,0.043,,,,,,,,,,,
0.64,grasp,,,,,,,,,,,,,,,,,,,,,,,,,,,0.04297528602182865,,,,,,,0.043,,,,,,,,,,,
0.66,grasp,,,,,,,,,,,,,,,,,,,,,,,,,,,0.04300561919808388,,,,,,,0.043,,,,,,,,,,,
0.68,grasp,,,,,,,,,,,,,,,,,,,,,,,,,,,0.04299834556877613,,,,,,,0.043,,,,,,,,,,,
0.68,grasp,,,,,,,,,,,,,,,,,,,,,-0.0031190533190965652,0.0010822747135534883,0.01628882624208927,0.007278922479599714,-0.0011985445162281394,0.00893575232475996,0.04299834556877613,-0.0031185178086161613,0.0005470248870551586,0.01837627962231636,0.007298785261809826,-0.0012106926878914237,0.008935960941016674,,,,,,,,,,,,
0.7000000000000001,grasp,,,,,,,,,,,,,,,,,,,,,-0.0031190586742013693,0.0010868150275200605,0.016271421685814857,0.007278750650584698,-0.0011982532450929284,0.008935714140534401,0.04299834556877613,-0.0031185178086161613,0.0005470248870551586,0.01837627962231636,0.007298785261809826,-0.0012106926878914237,0.008935960941016674,,,,,,,,,,,,
0.7200000000000001,grasp,,,,,,,,,,,,,,,,,,,,,-0.00302446773275733,0.001127223134972155,0.016322990879416466,0.00725284218788147,-0.0011966264573857188,0.008935210295021534,0.04299834556877613,-0.0029192294740102236,0.0006255866994157464,0.018501962935213723,0.007245527526822447,-0.0012098749624038644,0.00893502316261546,,,,,,,,,,,,
0.74,grasp,,,,,,,,,,,,,,,,,,,,,-0.0029745742212980986,0.0011477357475087047,0.01635095849633217,0.007239506579935551,-0.0011973351938650012,0.0089349877089262,0.04299834556877613,-0.0029192294740102236,0.0006255866994157464,0.018501962935213723,0.007245527526822447,-0.0012098749624038644,0.00893502316261546,,,,,,,,,,,,
0.76,grasp,,,,,,,,,,,,,,,,,,,,,-0.0023035050835460424,0.0014141788706183434,0.016771528869867325,0.0070587038062512875,-0.0011870842427015305,0.008931629359722137,0.04299834556877613,-0.0015769256763506767,0.0011547383621092451,0.019348500936571415,0.006886812805008852,-0.0012043671162975179,0.00892870567069473,,,,,,,,,,,,
0.78,grasp,,,,,,,,,,,,,,,,,,,,,-0.0019552274607121944,0.0015506342751905322,0.016996275633573532,0.006965627893805504,-0.0011926330626010895,0.008930143900215626,0.04299834556877613,-0.0015769256763506767,0.0011547383621092451,0.019348500936571415,0.006886812805008852,-0.0012043671162975179,0.00892870567069473,,,,,,,,,,,,
0.8,grasp,,,,,,,,,,,,,,,,,,,,,-8.704487117938697e-05,0.002285673748701811,0.018167035654187202,0.0064650774002075195,-0.0011664043413475156,0.008920915424823761,0.04299834556877613,0.0019156927730086583,0.0025315711661247097,0.02155115648262208,0.005953451786079325,-0.001190035951393825,0.008912268210430974,,,,,,,,,,,,
0.8200000000000001,grasp,,,,,,,,,,,,,,,,,,,,,0.0008819408831186593,0.002661638194695115,0.018791960552334785,0.00620740232989192,-0.001180784311145544,0.00891678873449564,0.04299834556877613,0.0019156927730086583,0.0025315711661247097,0.02155115648262208,0.005953451786079325,-0.001190035951393825,0.008912268210430974,,,,,,,,,,,,
0.8400000000000001,grasp,,,,,,,,,,,,,,,,,,,,,0.004527677781879902,0.0041021681390702724,0.021076709032058716,0.00523112528026104,-0.0011324228253215551,0.008898847736418247,0.04299834556877613,0.008424201319746593,0.0050953625602021616,0.025655622050734638,0.004214153118904925,-0.0011633301220377737,0.008881637277323813,,,,,,,,,,,,
0.8600000000000001,grasp,,,,,,,,,,,,,,,,,,,,,0.006418147124350071,0.004834217485040426,0.022292545065283775,0.004728580825030804,-0.0011586890323087573,0.008890760131180286,0.04299834556877613,0.008424201319746593,0.0050953625602021616,0.025655622050734638,0.004214153118904925,-0.0011633301220377737,0.008881637277323813,,,,,,,,,,,,
0.8800000000000001,grasp,,,,,,,,,,,,,,,,,,,,,0.012349497526884079,0.0071768793277442455,0.026009945198893547,0.003140450455248356,-0.0010826365323737264,0.008861650712788105,0.04299834556877613,0.0186802895419685,0.009126004657693434,0.03212250254978314,0.001473485691075826,-0.0011212488001383358,0.008833371050862382,,,,,,,,,,,,
0.9,grasp,,,,,,,,,,,,,,,,,,,,,0.01542401872575283,0.008368211798369884,0.02798466384410858,0.002322913147509098,-0.0011232465039938688,0.008848429657518864,0.04299834556877613,0.0186802895419685,0.009126004657693434,0.03212250254978314,0.001473485691075826,-0.0011212488001383358,0.008833371050862382,,,,,,,,,,,,
0.92,grasp,,,,,,,,,,,,,,,,,,,,,0.02406970225274563,0.011768439784646034,0.03340195119380951,8.305214578285813e-06,-0.0010148885194212198,0.008806067518889904,0.04299834556877613,0.0332908274688153,0.014838528084467291,0.041332141419243705,-0.0024304350496180223,-0.0010613061226667124,0.008764619793016733,,,,,,,,,,,,
0.9400000000000001,grasp,,,,,,,,,,,,,,,,,,,,,0.02855006791651249,0.01349832583218813,0.03627653419971466,-0.001183233456686139,-0.0010717455297708511,0.008786745369434357,0.04299834556877613,0.0332908274688153,0.014838528084467291,0.041332141419243705,-0.0024304350496180223,-0.0010613061226667124,0.008764619793016733,,,,,,,,,,,,
0.9600000000000001,grasp,,,,,,,,,,,,,,,,,,,,,0.04026046767830849,0.018071115016937256,0.043611012399196625,-0.004317830316722393,-0.0009273503674194217,0.008729447610676289,0.04299834556877613,0.05274464265454314,0.022384619533423,0.0535887963084703,-0.007627743027906018,-0.000981503577283494,0.008673089281903716,,,,,,,,,,,,
0.98,grasp,,,,,,,,,,,,,,,,,,,,,0.04632794111967087,0.020398160442709923,0.04749981313943863,-0.005931534338742495,-0.0010019358014687896,0.008703201077878475,0.04299834556877613,0.05274464265454314,0.022384619533423,0.0535887963084703,-0.007627743027906018,-0.000981503577283494,0.008673089281903716,,,,,,,,,,,,
1.0,grasp,,,,,,,,,,,,,,,,,,,,,0.061376746743917465,0.026224343106150627,0.056920427829027176,-0.009959044866263866,-0.0008186766062863171,0.00862965639680624,0.04299834556877613,0.07741504028129052,0.03186761634346844,0.06912364448971385,-0.014217653895324036,-0.0008803173699362162,0.00855703560633927,,,,,,,,,,,,
1.02,grasp,,,,,,,,,,,,,,,,,,,,,0.06917284429073334,0.02918977104127407,0.061912111937999725,-0.012032470665872097,-0.0009120221366174519,0.008595854043960571,0.04299834556877613,0.07741504028129052,0.03186761634346844,0.06912364448971385,-0.014217653895324036,-0.0008803173699362162,0.00855703560633927,,,,,,,,,,,,
1.04,grasp,,,,,,,,,,,,,,,,,,,,,0.08775585144758224,0.03633423522114754,0.07354062050580978,-0.017005130648612976,-0.0006879949942231178,0.008505133911967278,0.04299834556877613,0.10755640708662605,0.04337684720793946,0.0880963034032873,-0.022267976029367226,-0.0007567067062364157,0.008415264326719423,,,,,,,,,,,,
1.06,grasp,,,,,,,,,,,,,,,,,,,,,0.09738174080848694,0.039971284568309784,0.07969861477613449,-0.019565191119909286,-0.0008007163414731622,0.008463313803076744,0.04299834556877613,0.10755640708662605,0.04337684720793946,0.0880963034032873,-0.022267976029367226,-0.0007567067062364157,0.008415264326719423,,,,,,,,,,,,
1.08,grasp,,,,,,,,,,,,,,,,,,,,,0.11962234973907471,0.048480719327926636,0.09361264854669571,-0.025515949353575706,-0.0005348400445654988,0.00835483893752098,0.04299834556877613,0.14331630025156683,0.05697299997526318,0.1106004292737305,-0.03181810992786696,-0.0006100670254320359,0.008247083073309066,,,,,,,,,,,,
1.1,grasp,,,,,,,,,,,,,,,,,,,,,0.1311417818069458,0.052813466638326645,0.10097688436508179,-0.028579631820321083,-0.0006670786533504725,0.008304694667458534,0.04299834556877613,0.14331630025156683,0.05697299997526318,0.1106004292737305,-0.03181810992786696,-0.0006100670254320359,0.008247083073309066,,,,,,,,,,,,
1.12,grasp,,,,,,,,,,,,,,,,,,,,,0.15709754824638367,0.06271081417798996,0.11721303313970566,-0.03552388772368431,-0.0003590476990211755,0.008178207091987133,0.04299834556877613,0.18474604240272166,0.07267787746681942,0.13666872941471783,-0.04288176448623075,-0.0004401880008913874,0.008052251859272185,,,,,,,,,,,,
1.1400000000000001,grasp,,,,,,,,,,,,,,,,,,,,,0.17054012417793274,0.06775127351284027,0.1258016973733902,-0.03909915313124657,-0.0005106303724460304,0.008119582198560238,0.04299834556877613,0.18474604240272166,0.07267787746681942,0.13666872941471783,-0.04288176448623075,-0.0004401880008913874,0.008052251859272185,,,,,,,,,,,,
1.1600000000000001,grasp,,,,,,,,,,,,,,,,,,,,,0.20020829141139984,0.07903414219617844,0.14435844123363495,-0.047036100178956985,-0.0001608423626748845,0.007975113578140736,0.04299834556877613,0.23180809161829957,0.09047431747264523,0.16627720693335138,-0.05544887560971189,-0.0002472237441378238,0.007830946454120241,,,,,,,,,,,,
1.1800000000000002,grasp,,,,,,,,,,,,,,,,,,,,,0.2155725359916687,0.0847814753651619,0.15416927635669708,-0.05112253874540329,-0.0003313202178105712,0.007907995022833347,0.04299834556877613,0.23180809161829957,0.09047431747264523,0.16627720693335138,-0.05544887560971189,-0.0002472237441378238,0.007830946454120241,,,,,,,,,,,,
1.2000000000000002,grasp,,,,,,,,,,,,,,,,,,,,,0.24889437854290009,0.09742278605699539,0.17500989139080048,-0.06003639101982117,5.9264748415444046e-05,0.007745853625237942,0.04299834556877613,0.28438272325905817,0.11030778262337333,0.1993495750048497,-0.06948735769674037,-3.166635943877168e-05,0.007583731734945142,,,,,,,,,,,,
1.2200000000000002,grasp,,,,,,,,,,,,,,,,,,,,,0.26614949107170105,0.10386347770690918,0.18602228164672852,-0.06462593376636505,-0.0001293589302804321,0.007670354098081589,0.04299834556877613,0.28438272325905817,0.11030778262337333,0.1993495750048497,-0.06948735769674037,-3.166635943877168e-05,0.007583731734945142,,,,,,,,,,,,
1.2400000000000002,grasp,,,,,,,,,,,,,,,,,,,,,0.30301210284233093,0.11782152205705643,0.20907659828662872,-0.07448650151491165,0.00030044553568586707,0.007491111755371094,0.04299834556877613,0.34226879073145206,0.13210769978605608,0.23575980493140122,-0.08494360123102691,0.00020566125665006721,0.007311551263887672,,,,,,,,,,,,
1.26,grasp,,,,,,,,,,,,,,,,,,,,,0.3220999240875244,0.12493469566106796,0.22125200927257538,-0.07956358790397644,9.459121793042868e-05,0.0074074603617191315,0.04299834556877613,0.34226879073145206,0.13210769978605608,0.23575980493140122,-0.08494360123102691,0.00020566125665006721,0.007311551263887672,,,,,,,,,,,,
1.28,grasp,,,,,,,,,,,,,,,,,,,,,0.36234211921691895,0.14014920592308044,0.24641986191272736,-0.09032783657312393,0.0005615678383037448,0.007211902644485235,0.04299834556877613,0.4051955019180953,0.15577301734415655,0.2753376410957641,-0.10174536239317891,0.00046364937687478654,0.007015679988890056,,,,,,,,,,,,
1.3,grasp,,,,,,,,,,,,,,,,,,,,,0.38317903876304626,0.14790453016757965,0.25970402359962463,-0.09587036818265915,0.0003397401887923479,0.0071204649284482,0.04299834556877613,0.4051955019180953,0.15577301734415655,0.2753376410957641,-0.10174536239317891,0.00046364937687478654,0.007015679988890056,,,,,,,,,,,,
1.32,grasp,,,,,,,,,,,,,,,,,,,,,0.4265962243080139,0.16429707407951355,0.2868577837944031,-0.10748361796140671,0.000841355009470135,0.006909591611474752,0.04299834556877613,0.4728287622157925,0.18117525245825825,0.31787274578722186,-0.1198034143750246,0.0007409267956814777,0.0066976894781684265,,,,,,,,,,,,
1.34,grasp,,,,,,,,,,,,,,,,,,,,,0.4490766227245331,0.17265480756759644,0.3011818528175354,-0.11346340924501419,0.0006047666538506746,0.0068108136765658855,0.04299834556877613,0.4728287622157925,0.18117525245825825,0.31787274578722186,-0.1198034143750246,0.0007409267956814777,0.0066976894781684265,,,,,,,,,,,,
1.36,grasp,,,,,,,,,,,,,,,,,,,,,0.49542394280433655,0.19013477861881256,0.3301689624786377,-0.12586013972759247,0.001138172228820622,0.006585827562958002,0.04299834556877613,0.5447746841741409,0.20817122768148136,0.3631178014777315,-0.13901267812295007,0.0010358788431756212,0.006359430749723909,,,,,,,,,,,,
1.3800000000000001,grasp,,,,,,,,,,,,,,,,,,,,,0.5194211006164551,0.1990491896867752,0.3454512357711792,-0.13224349915981293,0.0008882373222149909,0.006480257026851177,0.04299834556877613,0.5447746841741409,0.20817122768148136,0.3631178014777315,-0.13901267812295007,0.0010358788431756212,0.006359430749723909,,,,,,,,,,,,
1.4,grasp,,,,,,,,,,,,,,,,,,,,,0.5684188008308411,0.2175101637840271,0.37609678506851196,-0.14534908533096313,0.001450325595214963,0.006242512725293636,0.04299834556877613,0.6205903108377275,0.23659143581718986,0.4107940324053007,-0.15925493299538432,0.0013466920047826261,0.006002983400057906,,,,,,,,,,,,
1.42,grasp,,,,,,,,,,,,,,,,,,,,,0.5937882661819458,0.2269270271062851,0.3922446072101593,-0.15209753811359406,0.0011884730774909258,0.00613081781193614,0.04299834556877613,0.6205903108377275,0.23659143581718986,0.4107940324053007,-0.15925493299538432,0.0013466920047826261,0.006002983400057906,,,,,,,,,,,,
1.44,grasp,,,,,,,,,,,,,,,,,,,,,0.6451249122619629,0.2462538480758667,0.42435434460639954,-0.16582854092121124,0.0017526810988783836,0.005884435959160328,0.04299834556877613,0.6997856884776099,0.26625766119896965,0.46059388037411725,-0.18039949061871827,0.001671361769179095,0.005630646600637602,,,,,,,,,,,,
1.46,grasp,,,,,,,,,,,,,,,,,,,,,0.6717068552970886,0.25611501932144165,0.4412643313407898,-0.17289933562278748,0.0014776772586628795,0.005766003392636776,0.04299834556877613,0.6997856884776099,0.26625766119896965,0.46059388037411725,-0.18039949061871827,0.001671361769179095,0.005630646600637602,,,,,,,,,,,,
1.48,grasp,,,,,,,,,,,,,,,,,,,,,0.725043535232544,0.27618059515953064,0.47462740540504456,-0.18716557323932648,0.0020473403856158257,0.005512328818440437,0.04299834556877613,0.7818348101202849,0.2969708596030212,0.5121864840429949,-0.20230582744790723,0.0020077294728793513,0.005244898527302519,,,,,,,,,,,,
1.5,grasp,,,,,,,,,,,,,,,,,,,,,0.7526637315750122,0.2864210903644562,0.4921882450580597,-0.1945122629404068,0.0017720127943903208,0.005387043580412865,0.04299834556877613,0.7818348101202849,0.2969708596030212,0.5121864840429949,-0.20230582744790723,0.0020077294728793513,0.005244898527302519,,,,,,,,,,,,
1.52,grasp,,,,,,,,,,,,,,,,,,,,,0.8076413869857788,0.30709195137023926,0.5265798568725586,-0.20921768248081207,0.0023735996801406145,0.005124545190483332,0.04299834556877613,0.8661784535988267,0.32852597281967394,0.5652206837139898,-0.2248245890847604,0.0023534992646957508,0.004848372408589081,,,,,,,,,,,,
1.54,grasp,,,,,,,,,,,,,,,,,,,,,0.8361112475395203,0.3176436722278595,0.5446727871894836,-0.21679069101810455,0.0021033515222370625,0.00499567249789834,0.04299834556877613,0.8661784535988267,0.32852597281967394,0.5652206837139898,-0.2248245890847604,0.0023534992646957508,0.004848372408589081,,,,,,,,,,,,
1.56,grasp,,,,,,,,,,,,,,,,,,,,,0.8923574686050415,0.3387781083583832,0.5798563957214355,-0.23183412849903107,0.002713212976232171,0.004727272316813469,0.04299834556877613,0.9522335899614469,0.36070452380865536,0.6193301244664206,-0.24780021703871857,0.0027062842526021356,0.004443805087813239,,,,,,,,,,,,
1.58,grasp,,,,,,,,,,,,,,,,,,,,,0.921477198600769,0.34956860542297363,0.5983570218086243,-0.23958125710487366,0.002452884567901492,0.004594543483108282,0.04299834556877613,0.9522335899614469,0.36070452380865536,0.6193301244664206,-0.24780021703871857,0.0027062842526021356,0.004443805087813239,,,,,,,,,,,,
1.6,grasp,,,,,,,,,,,,,,,,,,,,,0.9785960912704468,0.37102097272872925,0.6340877413749695,-0.2548581063747406,0.0030674226582050323,0.0043221632950007915,0.04299834556877613,1.0393980080693848,0.3932841218011287,0.6741364940754916,-0.27107217583123144,0.0030636217685920003,0.004034019963632264,,,,,,,,,,,,
1.62,grasp,,,,,,,,,,,,,,,,,,,,,1.0081673860549927,0.38197624683380127,0.6528676152229309,-0.2627255618572235,0.002806350588798523,0.004187295213341713,0.04299834556877613,1.0393980080693848,0.3932841218011287,0.6741364940754916,-0.27107217583123144,0.0030636217685920003,0.004034019963632264,,,,,,,,,,,,
1.6400000000000001,grasp,,,,,,,,,,,,,,,,,,,,,1.0657556056976318,0.40359705686569214,0.6888945698738098,-0.2781285345554352,0.0034252137411385775,0.003912453539669514,0.04299834556877613,1.127057954217417,0.4260369673866708,0.7292543236359741,-0.2944766256322862,0.0034229949626482445,0.0036219015005963776,,,,,,,,,,,,
1.6600000000000001,grasp,,,,,,,,,,,,,,,,,,,,,1.095572829246521,0.41464048624038696,0.7078222632408142,-0.28606095910072327,0.0031618145294487476,0.003776602679863572,0.04299834556877613,1.127057954217417,0.4260369673866708,0.7292543236359741,-0.2944766256322862,0.0034229949626482445,0.0036219015005963776,,,,,,,,,,,,
1.6800000000000002,grasp,,,,,,,,,,,,,,,,,,,,,1.1532233953475952,0.436277836561203,0.7438915967941284,-0.3014814257621765,0.003782344050705433,0.0035012937150895596,0.04299834556877613,1.2145948380982583,0.45873209216633226,0.784294894643008,-0.31784845795618355,0.0037818660324832635,0.003210358605629313,,,,,,,,,,,,
1.7000000000000002,grasp,,,,,,,,,,,,,,,,,,,,,1.1830772161483765,0.4473319351673126,0.7628337144851685,-0.3094233274459839,0.003518325975164771,0.0033653199207037687,0.04299834556877613,1.2145948380982583,0.45873209216633226,0.784294894643008,-0.31784845795618355,0.0037818660324832635,0.003210358605629313,,,,,,,,,,,,
1.7200000000000002,grasp,,,,,,,,,,,,,,,,,,,,,1.240384578704834,0.4688343405723572,0.7986909747123718,-0.32475271821022034,0.004136302974075079,0.00309159723110497,0.04299834556877613,1.3013907204078077,0.4911412887252725,0.8388700791781354,-0.3410228930434147,0.00413770504617183,0.002802291075293311,,,,,,,,,,,,
1.7400000000000002,grasp,,,,,,,,,,,,,,,,,,,,,1.270064353942871,0.47982174158096313,0.8175146579742432,-0.33264774084091187,0.0038733279798179865,0.0029563677962869406,0.04299834556877613,1.3013907204078077,0.4911412887252725,0.8388700791781354,-0.3410228930434147,0.00413770504617183,0.002802291075293311,,,,,,,,,,,,
1.7600000000000002,grasp,,,,,,,,,,,,,,,,,,,,,1.3266226053237915,0.5010389089584351,0.8529075384140015,-0.3477783501148224,0.004485464189201593,0.0026861289516091347,0.04299834556877613,1.3868361001057958,0.5230379511114764,0.8925966512200896,-0.3638372739614905,0.004488014512464492,0.0024005621459964707,,,,,,,,,,,,
1.7800000000000002,grasp,,,,,,,,,,,,,,,,,,,,,1.3559205532073975,0.5118826627731323,0.8714807033538818,-0.3555711507797241,0.004223336931318045,0.002552654594182968,0.04299834556877613,1.3868361001057958,0.5230379511114764,0.8925966512200896,-0.3638372739614905,0.004488014512464492,0.0024005621459964707,,,,,,,,,,,,
1.8000000000000003,grasp,,,,,,,,,,,,,,,,,,,,,1.4113322496414185,0.5326671600341797,0.9061621427536011,-0.3703974187374115,0.004829994402825832,0.0022873852867633104,0.04299834556877613,1.4703356674843575,0.5542005289222847,0.9451010132743534,-0.38613304464777987,0.004830358535899409,0.002007962998730677,,,,,,,,,,,,
1.8200000000000003,grasp,,,,,,,,,,,,,,,,,,,,,1.4400482177734375,0.5432918667793274,0.9243559241294861,-0.3780336380004883,0.004564177244901657,0.002157066250219941,0.04299834556877613,1.4703356674843575,0.5542005289222847,0.9451010132743534,-0.38613304464777987,0.004830358535899409,0.002007962998730677,,,,,,,,,,,,
1.8399999999999999,grasp,,,,,,,,,,,,,,,,,,,,,1.4939289093017578,0.5635008811950684,0.9580866694450378,-0.3924531936645508,0.005163291003555059,0.0018985769711434841,0.04299834556877613,1.5513151261698506,0.5844163736015269,0.996022346337781,-0.4077568925533296,0.0051623843884861294,0.0016271910287957928,,,,,,,,,,,,
1.8599999999999999,grasp,,,,,,,,,,,,,,,,,,,,,1.5218645334243774,0.5738336443901062,0.9757755398750305,-0.3998803198337555,0.004895982798188925,0.0017721946351230145,0.04299834556877613,1.5513151261698506,0.5844163736015269,0.996022346337781,-0.4077568925533296,0.0051623843884861294,0.0016271910287957928,,,,,,,,,,,,
1.88,grasp,,,,,,,,,,,,,,,,,,,,,1.5738533735275269,0.5933308601379395,1.008326530456543,-0.41379550099372864,0.00550493411719799,0.001519921119324863,0.04299834556877613,1.6292277562019486,0.6134829650721316,1.0450173106779785,-0.4285628705700149,0.005481850626238565,0.0012608172710283285,,,,,,,,,,,,
1.9,grasp,,,,,,,,,,,,,,,,,,,,,1.6008131504058838,0.6033015847206116,1.0253911018371582,-0.4209628701210022,0.005245177540928125,0.00139989098533988,0.04299834556877613,1.6292277562019486,0.6134829650721316,1.0450173106779785,-0.4285628705700149,0.005481850626238565,0.0012608172710283285,,,,,,,,,,,,
1.92,grasp,,,,,,,,,,,,,,,,,,,,,1.6505658626556396,0.6219589710235596,1.0565463304519653,-0.4342811405658722,0.005847414024174213,0.0011557681718841195,0.04299834556877613,1.7035609930158235,0.6412103846108842,1.091764159887489,-0.44841409842651103,0.005786652991910107,0.0009112559850268577,,,,,,,,,,,,
1.94,grasp,,,,,,,,,,,,,,,,,,,,,1.67637038230896,0.6315018534660339,1.0728745460510254,-0.44114115834236145,0.0055911242961883545,0.0010427874512970448,0.04299834556877613,1.7035609930158235,0.6412103846108842,1.091764159887489,-0.44841409842651103,0.005786652991910107,0.0009112559850268577,,,,,,,,,,,,
1.96,grasp,,,,,,,,,,,,,,,,,,,,,1.7235674858093262,0.6491996049880981,1.102433681488037,-0.4537769854068756,0.006146430503576994,0.0008125824388116598,0.04299834556877613,1.773842907245167,0.6674239890471291,1.135966747290205,-0.4671848074720387,0.006074862121666822,0.0005807210123692814,,,,,,,,,,,,
1.98,grasp,,,,,,,,,,,,,,,,,,,,,1.7480522394180298,0.6582537293434143,1.1179208755493164,-0.4602856934070587,0.0058947717770934105,0.0007044872036203742,0.04299834556877613,1.773842907245167,0.6674239890471291,1.135966747290205,-0.4671848074720387,0.006074862121666822,0.0005807210123692814,,,,,,,,,,,,
2.0,grasp,,,,,,,,,,,,,,,,,,,,,1.7924028635025024,0.6748849749565125,1.1457031965255737,-0.4721619784832001,0.006413966417312622,0.0004891147254966199,0.04299834556877613,1.8396477671675477,0.6919675260265055,1.177359692529758,-0.48476247210471146,0.006344752669836442,0.0002711910142166698,,,,,,,,,,,,
2.02,grasp,,,,,,,,,,,,,,,,,,,,,1.815415620803833,0.6833950877189636,1.1602550745010376,-0.4782794713973999,0.006174772512167692,0.0003876157570630312,0.04299834556877613,1.8396477671675477,0.6919675260265055,1.177359692529758,-0.48476247210471146,0.006344752669836442,0.0002711910142166698,,,,,,,,,,,,
2.04,grasp,,,,,,,,,,,,,,,,,,,,,1.8530012369155884,0.701012909412384,1.1845170259475708,-0.4854767322540283,0.006557905115187168,0.00020476871577557176,0.04299834556877613,1.893028753474375,0.7191697404700833,1.2124057069818814,-0.49310506444448565,0.006474446201639853,1.9649138038835236e-05,,,,,,,,,,,,
2.06,grasp,,,,,,,,,,,,,,,,,,,,,1.8725013732910156,0.7100696563720703,1.19719660282135,-0.4891839921474457,0.006344943773001432,0.00011873942275997251,0.04299834556877613,1.893028753474375,0.7191697404700833,1.2124057069818814,-0.49310506444448565,0.006474446201639853,1.9649138038835236e-05,,,,,,,,,,,,
2.08,grasp,,,,,,,,,,,,,,,,,,,,,1.8840292692184448,0.7398571372032166,1.2093636989593506,-0.47158151865005493,0.006080872844904661,6.338806269923225e-05,0.04299834556877613,1.8962079991896632,0.7711397542567993,1.2241768243921929,-0.4528561789357358,0.005888607614959433,2.14427707185419e-06,,,,,,,,,,,,
2.1,grasp,,,,,,,,,,,,,,,,,,,,,1.8899562358856201,0.755390465259552,1.215550184249878,-0.4625133275985718,0.005949872080236673,3.457612183410674e-05,0.04299834556877613,1.8962079991896632,0.7711397542567993,1.2241768243921929,-0.4528561789357358,0.005888607614959433,2.14427707185419e-06,,,,,,,,,,,,
2.12,grasp,,,,,,,,,,,,,,,,,,,,,1.8927171230316162,0.7870351672172546,1.2231078147888184,-0.4384671151638031,0.005622629541903734,1.937399065354839e-05,0.04299834556877613,1.8956340236267406,0.8201615186870369,1.2331631946561432,-0.4128936121963114,0.0053132883710928416,2.410628991265959e-06,,,,,,,,,,,,
2.14,grasp,,,,,,,,,,,,,,,,,,,,,1.8941339254379272,0.8035021424293518,1.2269103527069092,-0.42607930302619934,0.0054620360024273396,1.1411463674448896e-05,0.04299834556877613,1.8956340236267406,0.8201615186870369,1.2331631946561432,-0.4128936121963114,0.0053132883710928416,2.410628991265959e-06,,,,,,,,,,,,
2.16,grasp,,,,,,,,,,,,,,,,,,,,,1.8946139812469482,0.8330042362213135,1.232785701751709,-0.4024633765220642,0.005137525033205748,7.278101747942856e-06,0.04299834556877613,1.8951242717331098,0.8637773683173977,1.2411366964117923,-0.37734700799868326,0.004802803194445295,2.6469677508187598e-06,,,,,,,,,,,,
2.18,grasp,,,,,,,,,,,,,,,,,,,,,1.8948628902435303,0.8483399152755737,1.2357206344604492,-0.3902973532676697,0.004972182679921389,5.107162451167824e-06,0.04299834556877613,1.8951242717331098,0.8637773683173977,1.2411366964117923,-0.37734700799868326,0.004802803194445295,2.6469677508187598e-06,,,,,,,,,,,,
2.2,grasp,,,,,,,,,,,,,,,,,,,,,1.894777774810791,0.8746039271354675,1.2406786680221558,-0.36896878480911255,0.004672616720199585,4.048235041409498e-06,0.04299834556877613,1.8946786471754185,0.9018935242548743,1.2481027396784121,-0.34628306641010353,0.00435683094588029,2.853439669027343e-06,,,,,,,,,,,,
2.22,grasp,,,,,,,,,,,,,,,,,,,,,1.8947330713272095,0.8882505893707275,1.243139386177063,-0.3579811751842499,0.004518701694905758,3.491120423859684e-06,0.04299834556877613,1.8946786471754185,0.9018935242548743,1.2481027396784121,-0.34628306641010353,0.00435683094588029,2.853439669027343e-06,,,,,,,,,,,,
2.24,grasp,,,,,,,,,,,,,,,,,,,,,1.8945266008377075,0.9109911322593689,1.2473763227462769,-0.3394331932067871,0.00425476161763072,3.279916882092948e-06,0.04299834556877613,1.894296679907106,0.9345049566529362,1.2540689588221572,-0.3197022570206271,0.003974890975916698,3.0302672008551844e-06,,,,,,,,,,,,
2.2600000000000002,grasp,,,,,,,,,,,,,,,,,,,,,1.8944199085235596,0.9228039383888245,1.2494690418243408,-0.3298783004283905,0.00411892868578434,3.1653289624955505e-06,0.04299834556877613,1.894296679907106,0.9345049566529362,1.2540689588221572,-0.3197022570206271,0.003974890975916698,3.0302672008551844e-06,,,,,,,,,,,,
2.2800000000000002,grasp,,,,,,,,,,,,,,,,,,,,,1.8942111730575562,0.9419881701469421,1.2530419826507568,-0.31420662999153137,0.003894329071044922,3.176716518282774e-06,0.04299834556877613,1.8939772538987376,0.9616989449710934,1.2590550324287852,-0.29753211241965294,0.0036557111235081914,3.178039383924031e-06,,,,,,,,,,,,
2.3000000000000003,grasp,,,,,,,,,,,,,,,,,,,,,1.8941022157669067,0.9519510269165039,1.2547999620437622,-0.30613330006599426,0.0037787386681884527,3.1773479349794798e-06,0.04299834556877613,1.8939772538987376,0.9616989449710934,1.2590550324287852,-0.29753211241965294,0.0036557111235081914,3.178039383924031e-06,,,,,,,,,,,,
2.3200000000000003,grasp,,,,,,,,,,,,,,,,,,,,,1.8939216136932373,0.9676617980003357,1.2577359676361084,-0.2932907044887543,0.0035937633365392685,3.239037596358685e-06,0.04299834556877613,1.8937182778200814,0.9836617708701396,1.263094699052456,-0.27962259602583733,0.0033971214694786646,3.2977612998359075e-06,,,,,,,,,,,,
2.3400000000000003,grasp,,,,,,,,,,,,,,,,,,,,,1.8938268423080444,0.9758191108703613,1.2591770887374878,-0.28667476773262024,0.0034985989332199097,3.2656600978953065e-06,0.04299834556877613,1.8937182778200814,0.9836617708701396,1.263094699052456,-0.27962259602583733,0.0033971214694786646,3.2977612998359075e-06,,,,,,,,,,,,
2.36,grasp,,,,,,,,,,,,,,,,,,,,,1.8936810493469238,0.9882181882858276,1.2615073919296265,-0.2765350043773651,0.0033518432173877954,3.328767888888251e-06,0.04299834556877613,1.8935163458562059,1.0006830705872027,1.2662396382385541,-0.26573901935780647,0.0031958233629384557,3.3909591669745314e-06,,,,,,,,,,,,
2.38,grasp,,,,,,,,,,,,,,,,,,,,,1.8936046361923218,0.9946538209915161,1.2626498937606812,-0.2713114619255066,0.0032763658091425896,3.3569815514056245e-06,0.04299834556877613,1.8935163458562059,1.0006830705872027,1.2662396382385541,-0.26573901935780647,0.0031958233629384557,3.3909591669745314e-06,,,,,,,,,,,,
2.4,grasp,,,,,,,,,,,,,,,,,,,,,1.8934931755065918,1.0039780139923096,1.2644147872924805,-0.263683557510376,0.0031653279438614845,3.408490101719508e-06,0.04299834556877613,1.8933671848132212,1.0131622000240088,1.2685604202059009,-0.25555675781633735,0.003047277292067734,3.4597339272638787e-06,,,,,,,,,,,,
2.42,grasp,,,,,,,,,,,,,,,,,,,,,1.8934351205825806,1.0088156461715698,1.2652806043624878,-0.259753942489624,0.0031082278583198786,3.4315303309995215e-06,0.04299834556877613,1.8933671848132212,1.0131622000240088,1.2685604202059009,-0.25555675781633735,0.003047277292067734,3.4597339272638787e-06,,,,,,,,,,,,
2.44,grasp,,,,,,,,,,,,,,,,,,,,,1.8933557271957397,1.0153753757476807,1.2665354013442993,-0.2543829679489136,0.0030293625313788652,3.4695315207500244e-06,0.04299834556877613,1.8932650261926987,1.0216130168132498,1.2701500336053548,-0.2486546426458824,0.002945534063853809,3.506840408663409e-06,,,,,,,,,,,,
2.46,grasp,,,,,,,,,,,,,,,,,,,,,1.893314003944397,1.0187771320343018,1.2671527862548828,-0.2516159117221832,0.002988803666085005,3.4871645766543224e-06,0.04299834556877613,1.8932650261926987,1.0216130168132498,1.2701500336053548,-0.2486546426458824,0.002945534063853809,3.506840408663409e-06,,,,,,,,,,,,
2.48,grasp,,,,,,,,,,,,,,,,,,,,,1.893262505531311,1.0229625701904297,1.267968773841858,-0.24818141758441925,0.002937550423666835,3.5118948744639056e-06,0.04299834556877613,1.893202294538321,1.0266709624283106,1.2711253780350267,-0.24451072642722296,0.0028831105308612043,3.535742197021626e-06,,,,,,,,,,,,
2.5,grasp,,,,,,,,,,,,,,,,,,,,,1.8932359218597412,1.0251309871673584,1.2683733701705933,-0.24641194939613342,0.0029111853800714016,3.5232380923844175e-06,0.04299834556877613,1.893202294538321,1.0266709624283106,1.2711253780350267,-0.24451072642722296,0.0028831105308612043,3.535742197021626e-06,,,,,,,,,,,,
2.52,grasp,,,,,,,,,,,,,,,,,,,,,1.8932075500488281,1.027420997619629,1.26882803440094,-0.24452857673168182,0.0028826966881752014,3.5373011542105814e-06,0.04299834556877613,1.893171501962915,1.029111878679413,1.2716039754365995,-0.2425064020969013,0.002852482910415071,3.549922737897105e-06,,,,,,,,,,,,
2.54,grasp,,,,,,,,,,,,,,,,,,,,,1.8931918144226074,1.0286056995391846,1.2690553665161133,-0.24355816841125488,0.0028680290561169386,3.544041646819096e-06,0.04299834556877613,1.893171501962915,1.029111878679413,1.2716039754365995,-0.2425064020969013,0.002852482910415071,3.549922737897105e-06,,,,,,,,,,,,
2.56,grasp,,,,,,,,,,,,,,,,,,,,,1.893178939819336,1.0295639038085938,1.2692484855651855,-0.24276818335056305,0.0028560024220496416,3.5500070225680247e-06,0.04299834556877613,1.8931623044675563,1.0298397497276242,1.2717474033948495,-0.2419082888979773,0.0028433052359566344,3.55417212661083e-06,,,,,,,,,,,,
2.58,grasp,,,,,,,,,,,,,,,,,,,,,1.8931723833084106,1.0300649404525757,1.2693480253219604,-0.2423611581325531,0.0028497970197349787,3.5532871152099688e-06,0.04299834556877613,1.8931623044675563,1.0298397497276242,1.2717474033948495,-0.2419082888979773,0.0028433052359566344,3.55417212661083e-06,,,,,,,,,,,,
2.583751614969224,grasp,,,,,,,,,,,,,,,,,,,,,1.8931677341461182,1.0303469896316528,1.2694048881530762,-0.24213430285453796,0.0028463329654186964,3.5550233405956533e-06,0.04299834556877613,1.8931617736816406,1.029882788658142,1.2717559337615967,-0.24187292158603668,0.0028427625074982643,3.554423528839834e-06,,,,,,,,,,,,
2.583751614969224,grasp,,,,,,,,,,,,,,,,,,,,,,,,,,,0.04299998842179775,,,,,,,0.0,,,,,,,,,,,
2.603751614969224,grasp,,,,,,,,,,,,,,,,,,,,,,,,,,,0.04298567771911621,,,,,,,0.0,,,,,,,,,,,
2.623751614969224,grasp,,,,,,,,,,,,,,,,,,,,,,,,,,,0.04289057478308678,,,,,,,0.0,,,,,,,,,,,
2.643751614969224,grasp,,,,,,,,,,,,,,,,,,,,,,,,,,,0.04266202077269554,,,,,,,0.0,,,,,,,,,,,
2.663751614969224,grasp,,,,,,,,,,,,,,,,,,,,,,,,,,,0.042276784777641296,,,,,,,0.0,,,,,,,,,,,
2.683751614969224,grasp,,,,,,,,,,,,,,,,,,,,,,,,,,,0.04170379415154457,,,,,,,0.0,,,,,,,,,,,
2.703751614969224,grasp,,,,,,,,,,,,,,,,,,,,,,,,,,,0.04092499427497387,,,,,,,0.0,,,,,,,,,,,
2.723751614969224,grasp,,,,,,,,,,,,,,,,,,,,,,,,,,,0.03993438556790352,,,,,,,0.0,,,,,,,,,,,
2.743751614969224,grasp,,,,,,,,,,,,,,,,,,,,,,,,,,,0.03872803971171379,,,,,,,0.0,,,,,,,,,,,
2.763751614969224,grasp,,,,,,,,,,,,,,,,,,,,,,,,,,,0.03751720115542412,,,,,,,0.0,,,,,,,,,,,
2.783751614969224,grasp,,,,,,,,,,,,,,,,,,,,,,,,,,,0.03735380247235298,,,,,,,0.0,,,,,,,,,,,
2.803751614969224,grasp,,,,,,,,,,,,,,,,,,,,,,,,,,,0.037304775789380074,,,,,,,0.0,,,,,,,,,,,
2.8237516149692237,grasp,,,,,,,,,,,,,,,,,,,,,,,,,,,0.03723918832838535,,,,,,,0.0,,,,,,,,,,,
2.843751614969224,grasp,,,,,,,,,,,,,,,,,,,,,,,,,,,0.03715800307691097,,,,,,,0.0,,,,,,,,,,,
2.8637516149692237,grasp,,,,,,,,,,,,,,,,,,,,,,,,,,,0.037041863426566124,,,,,,,0.0,,,,,,,,,,,
2.8837516149692237,grasp,,,,,,,,,,,,,,,,,,,,,,,,,,,0.03688456118106842,,,,,,,0.0,,,,,,,,,,,
2.9037516149692237,grasp,,,,,,,,,,,,,,,,,,,,,,,,,,,0.03682408668100834,,,,,,,0.0,,,,,,,,,,,
2.9237516149692238,grasp,,,,,,,,,,,,,,,,,,,,,,,,,,,0.03667585179209709,,,,,,,0.0,,,,,,,,,,,
2.9437516149692238,grasp,,,,,,,,,,,,,,,,,,,,,,,,,,,0.036533571779727936,,,,,,,0.0,,,,,,,,,,,
2.963751614969224,grasp,,,,,,,,,,,,,,,,,,,,,,,,,,,0.03636188060045242,,,,,,,0.0,,,,,,,,,,,
2.983751614969224,grasp,,,,,,,,,,,,,,,,,,,,,,,,,,,0.03611973859369755,,,,,,,0.0,,,,,,,,,,,
3.003751614969224,grasp,,,,,,,,,,,,,,,,,,,,,,,,,,,0.035868141800165176,,,,,,,0.0,,,,,,,,,,,
3.023751614969224,grasp,,,,,,,,,,,,,,,,,,,,,,,,,,,0.035691460594534874,,,,,,,0.0,,,,,,,,,,,
3.043751614969224,grasp,,,,,,,,,,,,,,,,,,,,,,,,,,,0.03550068102777004,,,,,,,0.0,,,,,,,,,,,
3.063751614969224,grasp,,,,,,,,,,,,,,,,,,,,,,,,,,,0.03532892279326916,,,,,,,0.0,,,,,,,,,,,
3.083751614969224,grasp,,,,,,,,,,,,,,,,,,,,,,,,,,,0.03506840392947197,,,,,,,0.0,,,,,,,,,,,
3.103751614969224,grasp,,,,,,,,,,,,,,,,,,,,,,,,,,,0.034817885607481,,,,,,,0.0,,,,,,,,,,,
3.123751614969224,grasp,,,,,,,,,,,,,,,,,,,,,,,,,,,0.034613143652677536,,,,,,,0.0,,,,,,,,,,,
3.143751614969224,grasp,,,,,,,,,,,,,,,,,,,,,,,,,,,0.0344270933419466,,,,,,,0.0,,,,,,,,,,,
3.163751614969224,grasp,,,,,,,,,,,,,,,,,,,,,,,,,,,0.03432874754071236,,,,,,,0.0,,,,,,,,,,,
3.183751614969224,grasp,,,,,,,,,,,,,,,,,,,,,,,,,,,0.03418091498315334,,,,,,,0.0,,,,,,,,,,,
3.203751614969224,grasp,,,,,,,,,,,,,,,,,,,,,,,,,,,0.0340172927826643,,,,,,,0.0,,,,,,,,,,,
3.223751614969224,grasp,,,,,,,,,,,,,,,,,,,,,,,,,,,0.03387242555618286,,,,,,,0.0,,,,,,,,,,,
3.243751614969224,grasp,,,,,,,,,,,,,,,,,,,,,,,,,,,0.033784983679652214,,,,,,,0.0,,,,,,,,,,,
3.263751614969224,grasp,,,,,,,,,,,,,,,,,,,,,,,,,,,0.03379136510193348,,,,,,,0.0,,,,,,,,,,,
3.263751614969224,grasp,,,,,,,,,,,,,,,,,,,,,1.8928691148757935,1.0295017957687378,1.2768843173980713,-0.24182337522506714,0.002905590459704399,0.006888536270707846,0.03379136510193348,1.8931617736816406,1.029882788658142,1.2717559337615967,-0.24187292158603668,0.0028427625074982643,3.554423528839834e-06,,,,,,,,,,,,
3.283751614969224,grasp,,,,,,,,,,,,,,,,,,,,,1.8929040431976318,1.0294852256774902,1.2768652439117432,-0.24182407557964325,0.0029093341436237097,0.006595255807042122,0.03379136510193348,1.8931617736816406,1.029882788658142,1.2717559337615967,-0.24187292158603668,0.0028427625074982643,3.554423528839834e-06,,,,,,,,,,,,
3.303751614969224,grasp,,,,,,,,,,,,,,,,,,,,,1.8929229974746704,1.0294309854507446,1.2768350839614868,-0.24186426401138306,0.0029137383680790663,0.0064441002905368805,0.03379136510193348,1.8931630012883567,1.029783271371403,1.271736210383529,-0.24195470008009404,0.0028440174388748786,3.553842223032567e-06,,,,,,,,,,,,
3.323751614969224,grasp,,,,,,,,,,,,,,,,,,,,,1.8929332494735718,1.0294045209884644,1.2768197059631348,-0.24188485741615295,0.002917461097240448,0.006366152316331863,0.03379136510193348,1.8931630012883567,1.029783271371403,1.271736210383529,-0.24195470008009404,0.0028440174388748786,3.553842223032567e-06,,,,,,,,,,,,
3.343751614969224,grasp,,,,,,,,,,,,,,,,,,,,,1.892943263053894,1.029081106185913,1.2766727209091187,-0.2421664297580719,0.0029322272166609764,0.006325749680399895,0.03379136510193348,1.8931715912394484,1.0291049925214002,1.2716025996109446,-0.24251207678626804,0.002852571380801633,3.5498817855118218e-06,,,,,,,,,,,,
3.363751614969224,grasp,,,,,,,,,,,,,,,,,,,,,1.8929482698440552,1.0289218425750732,1.276595950126648,-0.24231131374835968,0.0029471046291291714,0.0063046617433428764,0.03379136510193348,1.8931715912394484,1.0291049925214002,1.2716025996109446,-0.24251207678626804,0.002852571380801633,3.5498817855118218e-06,,,,,,,,,,,,
3.383751614969224,grasp,,,,,,,,,,,,,,,,,,,,,1.8929636478424072,1.0280301570892334,1.2761940956115723,-0.24309685826301575,0.002989712171256542,0.006292968988418579,0.03379136510193348,1.8931940876313584,1.027323871320295,1.2712529722235995,-0.24397485710471878,0.002874946234690168,3.5395222740873565e-06,,,,,,,,,,,,
3.403751614969224,grasp,,,,,,,,,,,,,,,,,,,,,1.8929716348648071,1.0275908708572388,1.2759853601455688,-0.24350140988826752,0.0030312086455523968,0.006286355201154947,0.03379136510193348,1.8931940876313584,1.027323871320295,1.2712529722235995,-0.24397485710471878,0.002874946234690168,3.5395222740873565e-06,,,,,,,,,,,,
3.423751614969224,grasp,,,,,,,,,,,,,,,,,,,,,1.8929799795150757,1.0258512496948242,1.2752563953399658,-0.24504515528678894,0.003145872615277767,0.006279165856540203,0.03379136510193348,1.8932359206839688,1.0239708742355067,1.2706026411676576,-0.2467240412847808,0.002916565200231653,3.520252826120538e-06,,,,,,,,,,,,
3.443751614969224,grasp,,,,,,,,,,,,,,,,,,,,,1.8929082155227661,1.0249309539794922,1.274876594543457,-0.24583831429481506,0.003240252612158656,0.006269084755331278,0.03379136510193348,1.8932359206839688,1.0239708742355067,1.2706026411676576,-0.2467240412847808,0.002916565200231653,3.520252826120538e-06,,,,,,,,,,,,
3.4637516149692242,grasp,,,,,,,,,,,,,,,,,,,,,1.8929095268249512,1.0219477415084839,1.2734965085983276,-0.24837131798267365,0.0033082147128880024,0.006255936808884144,0.03379136510193348,1.8933012513009444,1.0186293610213668,1.269586095791202,-0.25109275073948406,0.0029816280463995253,3.490129029599536e-06,,,,,,,,,,,,
3.4837516149692243,grasp,,,,,,,,,,,,,,,,,,,,,1.8929245471954346,1.0203860998153687,1.2727680206298828,-0.24967679381370544,0.0033865836448967457,0.006245247088372707,0.03379136510193348,1.8933012513009444,1.0186293610213668,1.269586095791202,-0.25109275073948406,0.0029816280463995253,3.490129029599536e-06,,,,,,,,,,,,
3.5037516149692243,grasp,,,,,,,,,,,,,,,,,,,,,1.8929692506790161,1.0160589218139648,1.2707587480545044,-0.25340142846107483,0.003536858828738332,0.006233265157788992,0.03379136510193348,1.8933938873294076,1.010938270640801,1.268145286469232,-0.25737166460761135,0.0030738490357338152,3.4474314847828915e-06,,,,,,,,,,,,
3.523751614969224,grasp,,,,,,,,,,,,,,,,,,,,,1.8930433988571167,1.0137758255004883,1.2697467803955078,-0.25532111525535583,0.0036273838486522436,0.0062174866907298565,0.03379136510193348,1.8933938873294076,1.010938270640801,1.268145286469232,-0.25737166460761135,0.0030738490357338152,3.4474314847828915e-06,,,,,,,,,,,,
3.5437516149692243,grasp,,,,,,,,,,,,,,,,,,,,,1.893118977546692,1.0077012777328491,1.268265962600708,-0.2604018747806549,0.0038732525426894426,0.006197004579007626,0.03379136510193348,1.8935173985114169,1.00059270171586,1.2662232104089193,-0.2658126661398018,0.0031968748202600566,3.390472357940742e-06,,,,,,,,,,,,
3.563751614969224,grasp,,,,,,,,,,,,,,,,,,,,,1.8930786848068237,1.0045377016067505,1.2677526473999023,-0.26301437616348267,0.004170603584498167,0.006176074035465717,0.03379136510193348,1.8935173985114169,1.00059270171586,1.2662232104089193,-0.2658126661398018,0.0031968748202600566,3.390472357940742e-06,,,,,,,,,,,,
3.583751614969224,grasp,,,,,,,,,,,,,,,,,,,,,1.8931033611297607,0.9965313076972961,1.2660757303237915,-0.2696036994457245,0.004571874160319567,0.006143530830740929,0.03379136510193348,1.893674787405699,0.9873362512310603,1.2637723545443216,-0.27662582191655344,0.003353744905745566,3.317843875023162e-06,,,,,,,,,,,,
3.603751614969224,grasp,,,,,,,,,,,,,,,,,,,,,1.8930848836898804,0.9923452734947205,1.2652188539505005,-0.2729969024658203,0.0048336004838347435,0.00611529778689146,0.03379136510193348,1.893674787405699,0.9873362512310603,1.2637723545443216,-0.27662582191655344,0.003353744905745566,3.317843875023162e-06,,,,,,,,,,,,
3.623751614969224,grasp,,,,,,,,,,,,,,,,,,,,,1.89314866065979,0.9823596477508545,1.2627841234207153,-0.28122538328170776,0.005193944554775953,0.0060838875360786915,0.03379136510193348,1.8938681861784685,0.9709589221708559,1.2607563513809783,-0.28998153544055577,0.003546801605786639,3.2284622500454553e-06,,,,,,,,,,,,
3.643751614969224,grasp,,,,,,,,,,,,,,,,,,,,,1.893187165260315,0.9771242737770081,1.2616621255874634,-0.2854626774787903,0.005344622768461704,0.006059050094336271,0.03379136510193348,1.8938681861784685,0.9709589221708559,1.2607563513809783,-0.28998153544055577,0.003546801605786639,3.2284622500454553e-06,,,,,,,,,,,,
3.663751614969224,grasp,,,,,,,,,,,,,,,,,,,,,1.893405556678772,0.9650136828422546,1.258848786354065,-0.29542601108551025,0.0054268366657197475,0.006040830630809069,0.03379136510193348,1.8940996747962828,0.9512966790420607,1.2571459760371957,-0.30601342862013525,0.0037779159653556276,3.1214613858203392e-06,,,,,,,,,,,,
3.683751614969224,grasp,,,,,,,,,,,,,,,,,,,,,1.8936717510223389,0.9587036967277527,1.25740647315979,-0.30056238174438477,0.005032234825193882,0.006044321693480015,0.03379136510193348,1.8940996747962828,0.9512966790420607,1.2571459760371957,-0.30601342862013525,0.0037779159653556276,3.1214613858203392e-06,,,,,,,,,,,,
3.703751614969224,grasp,,,,,,,,,,,,,,,,,,,,,1.8940322399139404,0.9443318843841553,1.2542482614517212,-0.31233128905296326,0.004604327958077192,0.006055849138647318,0.03379136510193348,1.8943702275806578,0.9282280734863955,1.2529198404715516,-0.32481873437726577,0.004048450043135955,2.9962114273092334e-06,,,,,,,,,,,,
3.723751614969224,grasp,,,,,,,,,,,,,,,,,,,,,1.8942052125930786,0.9368573427200317,1.2525862455368042,-0.31839504837989807,0.004429428838193417,0.006058917846530676,0.03379136510193348,1.8943702275806578,0.9282280734863955,1.2529198404715516,-0.32481873437726577,0.004048450043135955,2.9962114273092334e-06,,,,,,,,,,,,
3.743751614969224,grasp,,,,,,,,,,,,,,,,,,,,,1.894464135169983,0.9202000498771667,1.2491499185562134,-0.332013875246048,0.004369957838207483,0.0060641267336905,0.03379136510193348,1.8946812604478913,0.9016740375081074,1.2480626013740055,-0.34646197449348715,0.004359401805943782,2.852249414698182e-06,,,,,,,,,,,,
3.763751614969224,grasp,,,,,,,,,,,,,,,,,,,,,1.894575834274292,0.91153883934021,1.2472466230392456,-0.33903148770332336,0.004367214161902666,0.006066367495805025,0.03379136510193348,1.8946812604478913,0.9016740375081074,1.2480626013740055,-0.34646197449348715,0.004359401805943782,2.852249414698182e-06,,,,,,,,,,,,
3.783751614969224,grasp,,,,,,,,,,,,,,,,,,,,,1.8947912454605103,0.8925776481628418,1.2435487508773804,-0.35453173518180847,0.004575831349939108,0.006066190078854561,0.03379136510193348,1.8950328583959692,0.8715950268772497,1.242565223764854,-0.3709759002047329,0.0047113446660328,2.689310332227576e-06,,,,,,,,,,,,
3.803751614969224,grasp,,,,,,,,,,,,,,,,,,,,,1.894938349723816,0.8827075958251953,1.2416481971740723,-0.3625175952911377,0.004568248521536589,0.006069488823413849,0.03379136510193348,1.8950328583959692,0.8715950268772497,1.242565223764854,-0.3709759002047329,0.0047113446660328,2.689310332227576e-06,,,,,,,,,,,,
3.823751614969224,grasp,,,,,,,,,,,,,,,,,,,,,1.8951823711395264,0.8614328503608704,1.2377033233642578,-0.3799094259738922,0.004781598690897226,0.006069990806281567,0.03379136510193348,1.8954257040476532,0.8379894345291325,1.2364235000003398,-0.39836354182645545,0.00510455536040665,2.5072657113177703e-06,,,,,,,,,,,,
3.843751614969224,grasp,,,,,,,,,,,,,,,,,,,,,1.895301103591919,0.8503517508506775,1.2357252836227417,-0.3888689875602722,0.00490755308419466,0.00607044342905283,0.03379136510193348,1.8954257040476532,0.8379894345291325,1.2364235000003398,-0.39836354182645545,0.00510455536040665,2.5072657113177703e-06,,,,,,,,,,,,
3.863751614969224,grasp,,,,,,,,,,,,,,,,,,,,,1.8955730199813843,0.8267549872398376,1.2313735485076904,-0.4081442356109619,0.005179494619369507,0.006070815492421389,0.03379136510193348,1.8958593680533717,0.8008921054105207,1.2296354089273875,-0.4286001733344427,0.0055391408530869116,2.306066885066018e-06,,,,,,,,,,,,
3.883751614969224,grasp,,,,,,,,,,,,,,,,,,,,,1.8957126140594482,0.8144763112068176,1.2292126417160034,-0.41807401180267334,0.00531989149749279,0.006070898845791817,0.03379136510193348,1.8958593680533717,0.8008921054105207,1.2296354089273875,-0.4286001733344427,0.0055391408530869116,2.306066885066018e-06,,,,,,,,,,,,
3.903751614969224,grasp,,,,,,,,,,,,,,,,,,,,,1.8960154056549072,0.7886183857917786,1.2244422435760498,-0.43920591473579407,0.0056213089264929295,0.006070917937904596,0.03379136510193348,1.8963344973854395,0.7603736020066902,1.2221950848483043,-0.46163536394202964,0.006015478675885215,2.0855413703826405e-06,,,,,,,,,,,,
3.923751614969224,grasp,,,,,,,,,,,,,,,,,,,,,1.896170735359192,0.7751623392105103,1.2220444679260254,-0.45009249448776245,0.005780375562608242,0.0060707987286150455,0.03379136510193348,1.8963344973854395,0.7603736020066902,1.2221950848483043,-0.46163536394202964,0.006015478675885215,2.0855413703826405e-06,,,,,,,,,,,,
3.943751614969224,grasp,,,,,,,,,,,,,,,,,,,,,1.896483302116394,0.7471206188201904,1.2168076038360596,-0.47301846742630005,0.006108744069933891,0.006070879753679037,0.03379136510193348,1.896810507619324,0.7165856283797595,1.2139992114732665,-0.49735440307627654,0.0065381902910773655,2.0574315706643186e-06,,,,,,,,,,,,
3.9637516149692242,grasp,,,,,,,,,,,,,,,,,,,,,1.8966410160064697,0.7325290441513062,1.214146614074707,-0.48482954502105713,0.006287693977355957,0.006070705130696297,0.03379136510193348,1.896810507619324,0.7165856283797595,1.2139992114732665,-0.49735440307627654,0.0065381902910773655,2.0574315706643186e-06,,,,,,,,,,,,
3.983751614969224,grasp,,,,,,,,,,,,,,,,,,,,,1.8752552270889282,0.7153095006942749,1.1988739967346191,-0.48639413714408875,0.005373398307710886,0.006197909824550152,0.03379136510193348,1.8518494182030547,0.6965187967249268,1.1850363046731096,-0.48802232391194433,0.006394804521498641,0.00021378741032275936,,,,,,,,,,,,
4.003751614969224,grasp,,,,,,,,,,,,,,,,,,,,,1.8635830879211426,0.7065034508705139,1.1907260417938232,-0.4871932566165924,0.00669707078486681,0.006215076893568039,0.03379136510193348,1.8518494182030547,0.6965187967249268,1.1850363046731096,-0.48802232391194433,0.006394804521498641,0.00021378741032275936,,,,,,,,,,,,
4.023751614969224,grasp,,,,,,,,,,,,,,,,,,,,,1.8333227634429932,0.6926153898239136,1.171057105064392,-0.48093801736831665,0.005197013728320599,0.006397179793566465,0.03379136510193348,1.800312535641975,0.6772963031944361,1.152615629239913,-0.474254834028079,0.006183416651422631,0.0004562233140853187,,,,,,,,,,,,
4.043751614969224,grasp,,,,,,,,,,,,,,,,,,,,,1.816908597946167,0.6855224967002869,1.160636067390442,-0.47770828008651733,0.006734457332640886,0.006428704131394625,0.03379136510193348,1.800312535641975,0.6772963031944361,1.152615629239913,-0.474254834028079,0.006183416651422631,0.0004562233140853187,,,,,,,,,,,,
4.063751614969224,grasp,,,,,,,,,,,,,,,,,,,,,1.7828587293624878,0.6719616651535034,1.1389315128326416,-0.46899333596229553,0.005059722810983658,0.006632635835558176,0.03379136510193348,1.7458105847072958,0.6569687863654371,1.11833583680259,-0.45969779738799393,0.005959905101472459,0.000712560941070296,,,,,,,,,,,,
4.083751614969224,grasp,,,,,,,,,,,,,,,,,,,,,1.7644726037979126,0.665033221244812,1.1274566650390625,-0.46449747681617737,0.006612553261220455,0.006672633346170187,0.03379136510193348,1.7458105847072958,0.6569687863654371,1.11833583680259,-0.45969779738799393,0.005959905101472459,0.000712560941070296,,,,,,,,,,,,
4.103751614969224,grasp,,,,,,,,,,,,,,,,,,,,,1.7280815839767456,0.6510498523712158,1.104391098022461,-0.4547728896141052,0.004852252546697855,0.006889629177749157,0.03379136510193348,1.6885494437272124,0.6356111136176885,1.0823233734658275,-0.44440504716291457,0.005725097078759232,0.0009818513732454642,,,,,,,,,,,,
4.123751614969224,grasp,,,,,,,,,,,,,,,,,,,,,1.7084851264953613,0.6439058780670166,1.0921989679336548,-0.44975748658180237,0.0064352648332715034,0.006934302393347025,0.03379136510193348,1.6885494437272124,0.6356111136176885,1.0823233734658275,-0.44440504716291457,0.005725097078759232,0.0009818513732454642,,,,,,,,,,,,
4.143751614969224,grasp,,,,,,,,,,,,,,,,,,,,,1.670249342918396,0.6293482780456543,1.068008303642273,-0.43943721055984497,0.004601271357387304,0.007161877583712339,0.03379136510193348,1.6287545064146276,0.6133065622697448,1.0447196361287159,-0.42843646456841694,0.005479909857644356,0.0012630432108578598,,,,,,,,,,,,
4.163751614969224,grasp,,,,,,,,,,,,,,,,,,,,,1.649696707725525,0.6219114661216736,1.0552217960357666,-0.43411511182785034,0.006232663989067078,0.007209591567516327,0.03379136510193348,1.6287545064146276,0.6133065622697448,1.0447196361287159,-0.42843646456841694,0.005479909857644356,0.0012630432108578598,,,,,,,,,,,,
4.183751614969224,grasp,,,,,,,,,,,,,,,,,,,,,1.6098648309707642,0.6067836284637451,1.0300443172454834,-0.42334046959877014,0.004329838324338198,0.0074463277123868465,0.03379136510193348,1.5666699607130283,0.5901451117000037,1.0056779706842764,-0.41185719869474946,0.005225342957177494,0.001554988701975989,,,,,,,,,,,,
4.2037516149692244,grasp,,,,,,,,,,,,,,,,,,,,,1.5884850025177002,0.5990568399429321,1.0167348384857178,-0.41778457164764404,0.0060127354227006435,0.007496379315853119,0.03379136510193348,1.5666699607130283,0.5901451117000037,1.0056779706842764,-0.41185719869474946,0.005225342957177494,0.001554988701975989,,,,,,,,,,,,
4.223751614969224,grasp,,,,,,,,,,,,,,,,,,,,,1.5472463369369507,0.5834077596664429,0.9906842708587646,-0.40662693977355957,0.004049628973007202,0.0077412743121385574,0.03379136510193348,1.5025565685593512,0.5662239030308706,0.9653618075141297,-0.3947367924551666,0.004962465478943044,0.001856461274534129,,,,,,,,,,,,
4.243751614969224,grasp,,,,,,,,,,,,,,,,,,,,,1.5251410007476807,0.5754159092903137,0.9769107699394226,-0.4008738696575165,0.005779020953923464,0.0077933864668011665,0.03379136510193348,1.5025565685593512,0.5662239030308706,0.9653618075141297,-0.3947367924551666,0.004962465478943044,0.001856461274534129,,,,,,,,,,,,
4.263751614969224,grasp,,,,,,,,,,,,,,,,,,,,,1.4826771020889282,0.5593079924583435,0.9500999450683594,-0.38938769698143005,0.0037649234291166067,0.008045319467782974,0.03379136510193348,1.4366896081816922,0.5416443109070035,0.9239443007018966,-0.3771488916612391,0.004692410179663268,0.002166162392208388,,,,,,,,,,,,
4.2837516149692245,grasp,,,,,,,,,,,,,,,,,,,,,1.4599438905715942,0.5510833263397217,0.9359220266342163,-0.383465975522995,0.005533562041819096,0.008099252358078957,0.03379136510193348,1.4366896081816922,0.5416443109070035,0.9239443007018966,-0.3771488916612391,0.004692410179663268,0.002166162392208388,,,,,,,,,,,,
4.303751614969224,grasp,,,,,,,,,,,,,,,,,,,,,1.4164410829544067,0.5345849394798279,0.9084675312042236,-0.37170296907424927,0.0034776409156620502,0.008357129991054535,0.03379136510193348,1.3693567048441382,0.5165134888858788,0.8816058406534412,-0.35917012970537865,0.00441635182622475,0.0024827441806383166,,,,,,,,,,,,
4.323751614969224,grasp,,,,,,,,,,,,,,,,,,,,,1.393178939819336,0.5261625647544861,0.8939469456672668,-0.3656388819217682,0.005277886055409908,0.0084126191213727,0.03379136510193348,1.3693567048441382,0.5165134888858788,0.8816058406534412,-0.35917012970537865,0.00441635182622475,0.0024827441806383166,,,,,,,,,,,,
4.343751614969224,grasp,,,,,,,,,,,,,,,,,,,,,1.3488287925720215,0.5093453526496887,0.865970253944397,-0.35365134477615356,0.0031891814433038235,0.008675280958414078,0.03379136510193348,1.3008556766284964,0.49094161699625904,0.8385336574827064,-0.3408800371675803,0.004135511429458408,0.0028048066934224167,,,,,,,,,,,,
4.363751614969225,grasp,,,,,,,,,,,,,,,,,,,,,1.3251408338546753,0.5007620453834534,0.8511702418327332,-0.347471684217453,0.005013204645365477,0.008732091635465622,0.03379136510193348,1.3008556766284964,0.49094161699625904,0.8385336574827064,-0.3408800371675803,0.004135511429458408,0.0028048066934224167,,,,,,,,,,,,
4.383751614969224,grasp,,,,,,,,,,,,,,,,,,,,,1.2801417112350464,0.48370084166526794,0.8227956891059875,-0.33531299233436584,0.002900821389630437,0.008998421020805836,0.03379136510193348,1.2314925199784557,0.4650422936309655,0.7949197052867569,-0.32236008264297095,0.003851141280480708,0.0031309155324501852,,,,,,,,,,,,
4.403751614969224,grasp,,,,,,,,,,,,,,,,,,,,,1.2561328411102295,0.4749945104122162,0.8077822923660278,-0.32904550433158875,0.004740978125482798,0.009056268259882927,0.03379136510193348,1.2314925199784557,0.4650422936309655,0.7949197052867569,-0.32236008264297095,0.003851141280480708,0.0031309155324501852,,,,,,,,,,,,
4.423751614969224,grasp,,,,,,,,,,,,,,,,,,,,,1.2106871604919434,0.4577653110027313,0.779137372970581,-0.31676995754241943,0.00261372490786016,0.009325054474174976,0.03379136510193348,1.1615787383746257,0.4389318455481175,0.7509599305652094,-0.30369342542650735,0.003564518015419559,0.0034596073511062807,,,,,,,,,,,,
4.443751614969224,grasp,,,,,,,,,,,,,,,,,,,,,1.1864628791809082,0.44897499680519104,0.7639771103858948,-0.3104427456855774,0.004462313372641802,0.009383682161569595,0.03379136510193348,1.1615787383746257,0.4389318455481175,0.7509599305652094,-0.30369342542650735,0.003564518015419559,0.0034596073511062807,,,,,,,,,,,,
4.463751614969224,grasp,,,,,,,,,,,,,,,,,,,,,1.1407761573791504,0.4316544830799103,0.7351908087730408,-0.298105925321579,0.002329439390450716,0.009653697721660137,0.03379136510193348,1.0914301492469216,0.41272643619598437,0.706852658641154,-0.2849642890207503,0.003276933814669403,0.003789399910505095,,,,,,,,,,,,
4.483751614969224,grasp,,,,,,,,,,,,,,,,,,,,,1.1164450645446777,0.42281946539878845,0.719951868057251,-0.2917472720146179,0.004178580828011036,0.009712792001664639,0.03379136510193348,1.0914301492469216,0.41272643619598437,0.706852658641154,-0.2849642890207503,0.003276933814669403,0.003789399910505095,,,,,,,,,,,,
4.503751614969224,grasp,,,,,,,,,,,,,,,,,,,,,1.0707248449325562,0.4054856598377228,0.6911540627479553,-0.2794046103954315,0.00204906496219337,0.009982901625335217,0.03379136510193348,1.0213636927810286,0.38654442003912143,0.6627970992378452,-0.26625719952343957,0.0029896883656745097,0.004118804694660536,,,,,,,,,,,,
4.523751614969224,grasp,,,,,,,,,,,,,,,,,,,,,1.0463967323303223,0.3966458737850189,0.6759049296379089,-0.2730433940887451,0.0038911933079361916,0.010042195208370686,0.03379136510193348,1.0213636927810286,0.38654442003912143,0.6627970992378452,-0.26625719952343957,0.0029896883656745097,0.004118804694660536,,,,,,,,,,,,
4.543751614969224,grasp,,,,,,,,,,,,,,,,,,,,,1.000850796699524,0.3793766498565674,0.6472257375717163,-0.26075080037117004,0.0017739062895998359,0.010311144404113293,0.03379136510193348,0.9516958542914864,0.3605037975629266,0.6189920189743189,-0.24765664030671622,0.0027040795841881235,0.004446333225585993,,,,,,,,,,,,
4.563751614969224,grasp,,,,,,,,,,,,,,,,,,,,,0.9766328930854797,0.37057188153266907,0.632034957408905,-0.25441545248031616,0.0036014262586832047,0.010370384901762009,0.03379136510193348,0.9516958542914864,0.3605037975629266,0.6189920189743189,-0.24765664030671622,0.0027040795841881235,0.004446333225585993,,,,,,,,,,,,
4.583751614969224,grasp,,,,,,,,,,,,,,,,,,,,,0.9314688444137573,0.3534444272518158,0.6036041378974915,-0.24222823977470398,0.0015050796791911125,0.010636980645358562,0.03379136510193348,0.8827407734938842,0.33472013209794577,0.5756347215391077,-0.22924651165433893,0.0024213966449803145,0.004770508920967987,,,,,,,,,,,,
4.603751614969224,grasp,,,,,,,,,,,,,,,,,,,,,0.9074690937995911,0.34471404552459717,0.5885401964187622,-0.2359476089477539,0.0033106449991464615,0.010695860721170902,0.03379136510193348,0.8827407734938842,0.33472013209794577,0.5756347215391077,-0.22924651165433893,0.0024213966449803145,0.004770508920967987,,,,,,,,,,,,
4.623751614969224,grasp,,,,,,,,,,,,,,,,,,,,,0.8628898859024048,0.3278045058250427,0.560485303401947,-0.22392043471336365,0.001243668724782765,0.010958979837596416,0.03379136510193348,0.8148073756248169,0.309308583220421,0.5329193285826472,-0.21110913701360223,0.002142902181055826,0.005089882886845688,,,,,,,,,,,,
4.643751614969224,grasp,,,,,,,,,,,,,,,,,,,,,0.8392146229743958,0.3191874623298645,0.5456153750419617,-0.21772253513336182,0.003020206233486533,0.01101719867438078,0.03379136510193348,0.8148073756248169,0.309308583220421,0.5329193285826472,-0.21110913701360223,0.002142902181055826,0.005089882886845688,,,,,,,,,,,,
4.663751614969224,grasp,,,,,,,,,,,,,,,,,,,,,0.7954209446907043,0.30257102847099304,0.5180609226226807,-0.20590902864933014,0.0009910553926602006,0.01127566210925579,0.03379136510193348,0.7481975753661565,0.2843817545148861,0.4910355203792474,-0.1933250270823591,0.001869831157522694,0.005403040626546079,,,,,,,,,,,,
4.683751614969224,grasp,,,,,,,,,,,,,,,,,,,,,0.772174060344696,0.29410573840141296,0.5034512281417847,-0.19982144236564636,0.0027311916928738356,0.011332960799336433,0.03379136510193348,0.7481975753661565,0.2843817545148861,0.4910355203792474,-0.1933250270823591,0.001869831157522694,0.005403040626546079,,,,,,,,,,,,
4.7037516149692244,grasp,,,,,,,,,,,,,,,,,,,,,0.7293607592582703,0.2778550088405609,0.4765189290046692,-0.18827371299266815,0.0007482667570002377,0.011585658416152,0.03379136510193348,0.6832042150055304,0.26004849825588083,0.45016724509036504,-0.17597237498782364,0.0016033841833214505,0.005708604003592182,,,,,,,,,,,,
4.723751614969224,grasp,,,,,,,,,,,,,,,,,,,,,0.7066439390182495,0.26957857608795166,0.4622344374656677,-0.18232321739196777,0.002445192774757743,0.011641750112175941,0.03379136510193348,0.6832042150055304,0.26004849825588083,0.45016724509036504,-0.17597237498782364,0.0016033841833214505,0.005708604003592182,,,,,,,,,,,,
4.743751614969224,grasp,,,,,,,,,,,,,,,,,,,,,0.6649983525276184,0.2537630498409271,0.43604156374931335,-0.17109163105487823,0.0005162893794476986,0.011887600645422935,0.03379136510193348,0.6201093451624933,0.23641152195563722,0.4104916120019967,-0.15912651857976437,0.00134472021688676,0.006005244658179013,,,,,,,,,,,,
4.763751614969224,grasp,,,,,,,,,,,,,,,,,,,,,0.6429092884063721,0.24571053683757782,0.42214417457580566,-0.16530416905879974,0.0021633829455822706,0.01194220781326294,0.03379136510193348,0.6201093451624933,0.23641152195563722,0.4104916120019967,-0.15912651857976437,0.00134472021688676,0.006005244658179013,,,,,,,,,,,,
4.7837516149692245,grasp,,,,,,,,,,,,,,,,,,,,,0.6026113629341125,0.2303980439901352,0.3968025743961334,-0.1544368416070938,0.0002960269048344344,0.012180126272141933,0.03379136510193348,0.5591804589544664,0.21357233584063595,0.37217686904783853,-0.1428589249785875,0.0010949365279774657,0.006291702078599564,,,,,,,,,,,,
4.803751614969224,grasp,,,,,,,,,,,,,,,,,,,,,0.5812427997589111,0.22260406613349915,0.38335198163986206,-0.1488371044397354,0.0018867446342483163,0.012233029119670391,0.03379136510193348,0.5591804589544664,0.21357233584063595,0.37217686904783853,-0.1428589249785875,0.0010949365279774657,0.006291702078599564,,,,,,,,,,,,
4.823751614969224,grasp,,,,,,,,,,,,,,,,,,,,,0.5424609780311584,0.20785827934741974,0.3589673340320587,-0.13837940990924835,8.876906213117763e-05,0.012462080456316471,0.03379136510193348,0.5006699687518397,0.19162484967034052,0.33538166269530506,-0.12723693056649046,0.0008550662541675967,0.006566791213742544,,,,,,,,,,,,
4.843751614969224,grasp,,,,,,,,,,,,,,,,,,,,,0.5219017267227173,0.20035511255264282,0.34602001309394836,-0.1329907923936844,0.0016168956644833088,0.012512988410890102,0.03379136510193348,0.5006699687518397,0.19162484967034052,0.33538166269530506,-0.12723693056649046,0.0008550662541675967,0.006566791213742544,,,,,,,,,,,,
4.863751614969225,grasp,,,,,,,,,,,,,,,,,,,,,0.48479509353637695,0.1862354576587677,0.322691410779953,-0.1229851096868515,-0.00010504573583602905,0.012732241302728653,0.03379136510193348,0.4448125221105622,0.1706564359785178,0.30025343889870315,-0.11232312649019106,0.0006260688896882513,0.006829411865321928,,,,,,,,,,,,
4.883751614969224,grasp,,,,,,,,,,,,,,,,,,,,,0.4651273190975189,0.1790531873703003,0.3103007376194,-0.11782936751842499,0.0013546532718464732,0.012780972756445408,0.03379136510193348,0.4448125221105622,0.1706564359785178,0.30025343889870315,-0.11232312649019106,0.0006260688896882513,0.006829411865321928,,,,,,,,,,,,
4.903751614969224,grasp,,,,,,,,,,,,,,,,,,,,,0.429841011762619,0.16561445593833923,0.2881186902523041,-0.10831467807292938,-0.00028460653265938163,0.01298956573009491,0.03379136510193348,0.39182276779400627,0.15074723925972533,0.2669271423172876,-0.09817481492316675,0.0004088242420811925,0.007078555420400609,,,,,,,,,,,,
4.923751614969224,grasp,,,,,,,,,,,,,,,,,,,,,0.41114094853401184,0.15878081321716309,0.27633264660835266,-0.10341206192970276,0.0011011901078745723,0.013035939075052738,0.03379136510193348,0.39182276779400627,0.15074723925972533,0.2669271423172876,-0.09817481492316675,0.0004088242420811925,0.007078555420400609,,,,,,,,,,,,
4.943751614969224,grasp,,,,,,,,,,,,,,,,,,,,,0.3778068721294403,0.14607208967208862,0.255378782749176,-0.09442376345396042,-0.0004491292347665876,0.013233112171292305,0.03379136510193348,0.3418937745154057,0.13196756562528125,0.23552401959950872,-0.08484348000763672,0.00020412390658049138,0.007313314226862384,,,,,,,,,,,,
4.963751614969224,grasp,,,,,,,,,,,,,,,,,,,,,0.3601432740688324,0.13961145281791687,0.24424228072166443,-0.08979237079620361,0.0008576310356147587,0.013276955112814903,0.03379136510193348,0.3418937745154057,0.13196756562528125,0.23552401959950872,-0.08484348000763672,0.00020412390658049138,0.007313314226862384,,,,,,,,,,,,
4.983751614969224,grasp,,,,,,,,,,,,,,,,,,,,,0.32887718081474304,0.12767672538757324,0.2245907187461853,-0.0813615620136261,-0.0005988089833408594,0.013461965136229992,0.03379136510193348,0.2951934445641079,0.11438192783971665,0.2061497500927886,-0.07237398014136608,1.2657101316829913e-05,0.0075328988727821075,,,,,,,,,,,,
5.003751614969224,grasp,,,,,,,,,,,,,,,,,,,,,0.31231099367141724,0.12161154299974442,0.21414199471473694,-0.07701750099658966,0.0006248057470656931,0.013503089547157288,0.03379136510193348,0.2951934445641079,0.11438192783971665,0.2061497500927886,-0.07237398014136608,1.2657101316829913e-05,0.0075328988727821075,,,,,,,,,,,,
5.023751614969224,grasp,,,,,,,,,,,,,,,,,,,,,0.28321215510368347,0.1104888916015625,0.19585302472114563,-0.06917086988687515,-0.0007324578473344445,0.01367536187171936,0.03379136510193348,0.25186378989120506,0.09804337453404387,0.1788936397923567,-0.06080419353512819,-0.00016499425161639806,0.007736640503284984,,,,,,,,,,,,
5.043751614969224,grasp,,,,,,,,,,,,,,,,,,,,,0.2677951455116272,0.10483776032924652,0.18612679839134216,-0.06512780487537384,0.00040345723391510546,0.013713694177567959,0.03379136510193348,0.25186378989120506,0.09804337453404387,0.1788936397923567,-0.06080419353512819,-0.00016499425161639806,0.007736640503284984,,,,,,,,,,,,
5.063751614969224,grasp,,,,,,,,,,,,,,,,,,,,,0.24094446003437042,0.09455765038728714,0.16925227642059326,-0.057886987924575806,-0.0008511040941812098,0.01387277152389288,0.03379136510193348,0.21201829841883638,0.08299439837788106,0.15382703212151227,-0.0501644028789593,-0.00032836528300282734,0.00792400529110311,,,,,,,,,,,,
5.083751614969224,grasp,,,,,,,,,,,,,,,,,,,,,0.22671908140182495,0.0893360897898674,0.1602749228477478,-0.054156191647052765,0.00019500957569107413,0.013908163644373417,0.03379136510193348,0.21201829841883638,0.08299439837788106,0.15382703212151227,-0.0501644028789593,-0.00032836528300282734,0.00792400529110311,,,,,,,,,,,,
5.103751614969224,grasp,,,,,,,,,,,,,,,,,,,,,0.20217782258987427,0.07992259413003922,0.14485213160514832,-0.047537680715322495,-0.0009540828177705407,0.01405362132936716,0.03379136510193348,0.17573948831717717,0.06926701288883413,0.1310019276582627,-0.04047664530185226,-0.0004771178578178643,0.008094605899963114,,,,,,,,,,,,
5.123751614969224,grasp,,,,,,,,,,,,,,,,,,,,,0.18917636573314667,0.07514195144176483,0.13664643466472626,-0.04412758722901344,-8.127899491228163e-07,0.014086030423641205,0.03379136510193348,0.17573948831717717,0.06926701288883413,0.1310019276582627,-0.04047664530185226,-0.0004771178578178643,0.008094605899963114,,,,,,,,,,,,
5.143751614969224,grasp,,,,,,,,,,,,,,,,,,,,,0.16698448359966278,0.06661193072795868,0.12269896268844604,-0.038142163306474686,-0.0010412383126094937,0.014217667281627655,0.03379136510193348,0.14307672598100937,0.05688197365635954,0.1104496672811605,-0.03175412937785375,-0.0006110494289145221,0.00824820979342491,,,,,,,,,,,,
5.163751614969224,grasp,,,,,,,,,,,,,,,,,,,,,0.15522801876068115,0.06228048354387283,0.11527812480926514,-0.035058360546827316,-0.00018278835341334343,0.014247068203985691,0.03379136510193348,0.14307672598100937,0.05688197365635954,0.1104496672811605,-0.03175412937785375,-0.0006110494289145221,0.00824820979342491,,,,,,,,,,,,
5.183751614969224,grasp,,,,,,,,,,,,,,,,,,,,,0.13540291786193848,0.0546417236328125,0.10281796008348465,-0.029710762202739716,-0.001113845850341022,0.014364727772772312,0.03379136510193348,0.1140445530175179,0.04584658603370154,0.09217961234153314,-0.02400076213148625,-0.0007301002226761663,0.008384749012126564,,,,,,,,,,,,
5.2037516149692244,grasp,,,,,,,,,,,,,,,,,,,,,0.12490073591470718,0.050763215869665146,0.09618828445672989,-0.026955682784318924,-0.0003506212087813765,0.014391064643859863,0.03379136510193348,0.1140445530175179,0.04584658603370154,0.09217961234153314,-0.02400076213148625,-0.0007301002226761663,0.008384749012126564,,,,,,,,,,,,
5.223751614969224,grasp,,,,,,,,,,,,,,,,,,,,,0.10743662714958191,0.044013701379299164,0.08521130681037903,-0.022244367748498917,-0.0011718246387317777,0.014494767412543297,0.03379136510193348,0.08862115057414137,0.03615204340027412,0.0761778851913631,-0.017210717125907302,-0.000834359631432407,0.008504325775599425,,,,,,,,,,,,
5.243751614969224,grasp,,,,,,,,,,,,,,,,,,,,,0.09818556159734726,0.04058704152703285,0.07937031984329224,-0.01981721632182598,-0.0005034911446273327,0.014518040232360363,0.03379136510193348,0.08862115057414137,0.03615204340027412,0.0761778851913631,-0.017210717125907302,-0.000834359631432407,0.008504325775599425,,,,,,,,,,,,
5.263751614969224,grasp,,,,,,,,,,,,,,,,,,,,,0.0830526277422905,0.03471408784389496,0.0698576495051384,-0.01573397032916546,-0.001216547330841422,0.014607943594455719,0.03379136510193348,0.06674586708382628,0.027773581892752048,0.062405983600289025,-0.01136781370786876,-0.0009240758857701193,0.008607223470759881,,,,,,,,,,,,
5.2837516149692245,grasp,,,,,,,,,,,,,,,,,,,,,0.07503590732812881,0.031732313334941864,0.06479666382074356,-0.013630432076752186,-0.000641918508335948,0.014628231525421143,0.03379136510193348,0.06674586708382628,0.027773581892752048,0.062405983600289025,-0.01136781370786876,-0.0009240758857701193,0.008607223470759881,,,,,,,,,,,,
5.303751614969224,grasp,,,,,,,,,,,,,,,,,,,,,0.06217510998249054,0.026715418323874474,0.056709371507167816,-0.010159711353480816,-0.001247732201591134,0.014704682864248753,0.03379136510193348,0.04831558724392586,0.020674374865299584,0.05079908266256987,-0.006444565776282971,-0.0009996708616163304,0.008693926174052348,,,,,,,,,,,,
5.323751614969224,grasp,,,,,,,,,,,,,,,,,,,,,0.05536278337240219,0.024167487397789955,0.05240962654352188,-0.008371801115572453,-0.000766016251873225,0.014722076244652271,0.03379136510193348,0.04831558724392586,0.020674374865299584,0.05079908266256987,-0.006444565776282971,-0.0009996708616163304,0.008693926174052348,,,,,,,,,,,,
5.343751614969224,grasp,,,,,,,,,,,,,,,,,,,,,0.044688619673252106,0.019972536712884903,0.045695409178733826,-0.005490670911967754,-0.0012683667009696364,0.014785503037273884,0.03379136510193348,0.03318510171681333,0.014796617175253005,0.04126544161805,-0.0024021782607855113,-0.0010617399855304584,0.008765117399081899,,,,,,,,,,,,
5.363751614969225,grasp,,,,,,,,,,,,,,,,,,,,,0.03903559595346451,0.017841702327132225,0.042126670479774475,-0.004006580449640751,-0.0008738198084756732,0.014800120145082474,0.03379136510193348,0.03318510171681333,0.014796617175253005,0.04126544161805,-0.0024021782607855113,-0.0010617399855304584,0.008765117399081899,,,,,,,,,,,,
5.383751614969224,grasp,,,,,,,,,,,,,,,,,,,,,0.030429763719439507,0.014437396079301834,0.036712273955345154,-0.0016832762630656362,-0.0012797790113836527,0.014851332642138004,0.03379136510193348,0.02115431936698669,0.010094477990789084,0.03368210212528198,0.0008124133472191244,-0.0011110983882053572,0.00882172908435348,,,,,,,,,,,,
5.403751614969224,grasp,,,,,,,,,,,,,,,,,,,,,0.025873156264424324,0.012707700952887535,0.03383593633770943,-0.0004865900846198201,-0.000967338855843991,0.014863254502415657,0.03379136510193348,0.02115431936698669,0.010094477990789084,0.03368210212528198,0.0008124133472191244,-0.0011110983882053572,0.00882172908435348,,,,,,,,,,,,
5.423751614969224,grasp,,,,,,,,,,,,,,,,,,,,,0.019186317920684814,0.010050203651189804,0.02962791547179222,0.001318917260505259,-0.0012819984694942832,0.014903009869158268,0.03379136510193348,0.011978243278927454,0.006494457847494002,0.027896822442366385,0.0032644010378511433,-0.0011487472661603096,0.00886491091551318,,,,,,,,,,,,
5.443751614969225,grasp,,,,,,,,,,,,,,,,,,,,,0.015647100284695625,0.008699190802872181,0.027394717559218407,0.0022488574031740427,-0.00104585662484169,0.014912455342710018,0.03379136510193348,0.011978243278927454,0.006494457847494002,0.027896822442366385,0.0032644010378511433,-0.0011487472661603096,0.00886491091551318,,,,,,,,,,,,
5.463751614969224,grasp,,,,,,,,,,,,,,,,,,,,,0.010700035840272903,0.006725524086505175,0.02428135648369789,0.0035848377738147974,-0.0012785488506779075,0.014941838569939137,0.03379136510193348,0.005365927074348208,0.0038914035667371705,0.02372705290810621,0.005031420789819052,-0.0011758787613320753,0.008896030414477719,,,,,,,,,,,,
5.483751614969224,grasp,,,,,,,,,,,,,,,,,,,,,0.00808299332857132,0.005721311550587416,0.022630546241998672,0.004272908437997103,-0.0011104440782219172,0.01494902465492487,0.03379136510193348,0.005365927074348208,0.0038914035667371705,0.02372705290810621,0.005031420789819052,-0.0011758787613320753,0.008896030414477719,,,,,,,,,,,,
5.503751614969224,grasp,,,,,,,,,,,,,,,,,,,,,0.004663391038775444,0.004353812895715237,0.02047952450811863,0.005196566693484783,-0.0012714739423245192,0.014969355426728725,0.03379136510193348,0.0009742982513814826,0.0021604603156212755,0.020957456337829035,0.006205028428256189,-0.0011938987468408384,0.00891669868322302,,,,,,,,,,,,
5.523751614969225,grasp,,,,,,,,,,,,,,,,,,,,,0.002855723025277257,0.0036567540373653173,0.019340842962265015,0.005672241095453501,-0.0011617278214544058,0.014974485151469707,0.03379136510193348,0.0009742982513814826,0.0021604603156212755,0.020957456337829035,0.006205028428256189,-0.0011938987468408384,0.00891669868322302,,,,,,,,,,,,
5.543751614969224,grasp,,,,,,,,,,,,,,,,,,,,,0.0007175413775257766,0.002800620859488845,0.017995845526456833,0.006249910686165094,-0.0012615922605618834,0.014987173490226269,0.03379136510193348,-0.0015916555187548075,0.0011489316879940226,0.0193392114114834,0.006890749181109315,-0.0012044275568594597,0.008928774994520347,,,,,,,,,,,,
5.563751614969224,grasp,,,,,,,,,,,,,,,,,,,,,-0.00041115120984613895,0.0023632270749658346,0.01728648506104946,0.00654737139120698,-0.0012004246236756444,0.014990554191172123,0.03379136510193348,-0.0015916555187548075,0.0011489316879940226,0.0193392114114834,0.006890749181109315,-0.0012044275568594597,0.008928774994520347,,,,,,,,,,,,
5.5837516149692235,grasp,,,,,,,,,,,,,,,,,,,,,-0.001549423555843532,0.0019065305823460221,0.016571292653679848,0.00685501005500555,-0.001252823043614626,0.014997310005128384,0.03379136510193348,-0.002782326939426087,0.0006795552834482917,0.018588301972243596,0.007208941809543165,-0.001209313218017614,0.008934378915489257,,,,,,,,,,,,
5.603751614969224,grasp,,,,,,,,,,,,,,,,,,,,,-0.002148701110854745,0.0016726988833397627,0.016196295619010925,0.0070133935660123825,-0.0012274852488189936,0.014999327249825,0.03379136510193348,-0.002782326939426087,0.0006795552834482917,0.018588301972243596,0.007208941809543165,-0.001209313218017614,0.008934378915489257,,,,,,,,,,,,
5.623751614969224,grasp,,,,,,,,,,,,,,,,,,,,,-0.0026059395167976618,0.001488615875132382,0.01591002196073532,0.007137050852179527,-0.0012475784169510007,0.0150019945576787,0.03379136510193348,-0.00310631957822968,0.0005518335734166097,0.018383972566388334,0.007295525411287972,-0.0012106426357803343,0.008935903540747846,,,,,,,,,,,,
5.643441133680754,grasp,,,,,,,,,,,,,,,,,,,,,-0.002851536963135004,0.0013914426090195775,0.015758205205202103,0.007202268112450838,-0.0012447069166228175,0.015003025531768799,0.03379136510193348,-0.0031185178086161613,0.0005470248870551586,0.01837627962231636,0.007298785261809826,-0.0012106926878914237,0.008935960941016674,,,,,,,,,,,,
0.0,grasp,,,,,,,,,,,,,,,,,,,,,,,,,,,3.415494938963093e-05,,,,,,,0.043,,,,,,,,,,,
0.02,grasp,,,,,,,,,,,,,,,,,,,,,,,,,,,4.883621659246273e-05,,,,,,,0.043,,,,,,,,,,,
0.04,grasp,,,,,,,,,,,,,,,,,,,,,,,,,,,0.00014396023470908403,,,,,,,0.043,,,,,,,,,,,
0.06,grasp,,,,,,,,,,,,,,,,,,,,,,,,,,,0.0003720263484865427,,,,,,,0.043,,,,,,,,,,,
0.08,grasp,,,,,,,,,,,,,,,,,,,,,,,,,,,0.0007572568720206618,,,,,,,0.043,,,,,,,,,,,
0.1,grasp,,,,,,,,,,,,,,,,,,,,,,,,,,,0.0013296451652422547,,,,,,,0.043,,,,,,,,,,,
0.12,grasp,,,,,,,,,,,,,,,,,,,,,,,,,,,0.002107790787704289,,,,,,,0.043,,,,,,,,,,,
0.14,grasp,,,,,,,,,,,,,,,,,,,,,,,,,,,0.00309777504298836,,,,,,,0.043,,,,,,,,,,,
0.16,grasp,,,,,,,,,,,,,,,,,,,,,,,,,,,0.004303004126995802,,,,,,,0.043,,,,,,,,,,,
0.18,grasp,,,,,,,,,,,,,,,,,,,,,,,,,,,0.0057192661333829165,,,,,,,0.043,,,,,,,,,,,
0.2,grasp,,,,,,,,,,,,,,,,,,,,,,,,,,,0.007335083791986108,,,,,,,0.043,,,,,,,,,,,
0.22,grasp,,,,,,,,,,,,,,,,,,,,,,,,,,,0.009135403204709291,,,,,,,0.043,,,,,,,,,,,
0.24,grasp,,,,,,,,,,,,,,,,,,,,,,,,,,,0.01110016368329525,,,,,,,0.043,,,,,,,,,,,
0.26,grasp,,,,,,,,,,,,,,,,,,,,,,,,,,,0.013204953167587519,,,,,,,0.043,,,,,,,,,,,
0.28,grasp,,,,,,,,,,,,,,,,,,,,,,,,,,,0.015422975178807974,,,,,,,0.043,,,,,,,,,,,
0.3,grasp,,,,,,,,,,,,,,,,,,,,,,,,,,,0.017724688164889812,,,,,,,0.043,,,,,,,,,,,
0.32,grasp,,,,,,,,,,,,,,,,,,,,,,,,,,,0.02007862739264965,,,,,,,0.043,,,,,,,,,,,
0.34,grasp,,,,,,,,,,,,,,,,,,,,,,,,,,,0.022452542558312416,,,,,,,0.043,,,,,,,,,,,
0.36,grasp,,,,,,,,,,,,,,,,,,,,,,,,,,,0.024813457392156124,,,,,,,0.043,,,,,,,,,,,
0.38,grasp,,,,,,,,,,,,,,,,,,,,,,,,,,,0.027128891088068485,,,,,,,0.043,,,,,,,,,,,
0.4,grasp,,,,,,,,,,,,,,,,,,,,,,,,,,,0.029367263428866863,,,,,,,0.043,,,,,,,,,,,
0.42,grasp,,,,,,,,,,,,,,,,,,,,,,,,,,,0.03149836137890816,,,,,,,0.043,,,,,,,,,,,
0.44,grasp,,,,,,,,,,,,,,,,,,,,,,,,,,,0.033494964241981506,,,,,,,0.043,,,,,,,,,,,
0.46,grasp,,,,,,,,,,,,,,,,,,,,,,,,,,,0.03533189371228218,,,,,,,0.043,,,,,,,,,,,
0.48,grasp,,,,,,,,,,,,,,,,,,,,,,,,,,,0.03698841109871864,,,,,,,0.043,,,,,,,,,,,
0.5,grasp,,,,,,,,,,,,,,,,,,,,,,,,,,,0.03844803385436535,,,,,,,0.043,,,,,,,,,,,
0.52,grasp,,,,,,,,,,,,,,,,,,,,,,,,,,,0.039698606356978416,,,,,,,0.043,,,,,,,,,,,
0.54,grasp,,,,,,,,,,,,,,,,,,,,,,,,,,,0.04073469527065754,,,,,,,0.043,,,,,,,,,,,
0.56,grasp,,,,,,,,,,,,,,,,,,,,,,,,,,,0.04155685380101204,,,,,,,0.043,,,,,,,,,,,
0.58,grasp,,,,,,,,,,,,,,,,,,,,,,,,,,,0.042172133922576904,,,,,,,0.043,,,,,,,,,,,
0.6,grasp,,,,,,,,,,,,,,,,,,,,,,,,,,,0.04259633831679821,,,,,,,0.043,,,,,,,,,,,
0.62,grasp,,,,,,,,,,,,,,,,,,,,,,,,,,,0.042853107675909996,,,,,,,0.043,,,,,,,,,,,
0.64,grasp,,,,,,,,,,,,,,,,,,,,,,,,,,,0.04297528602182865,,,,,,,0.043,,,,,,,,,,,
0.66,grasp,,,,,,,,,,,,,,,,,,,,,,,,,,,0.04300561919808388,,,,,,,0.043,,,,,,,,,,,
0.68,grasp,,,,,,,,,,,,,,,,,,,,,,,,,,,0.04299834556877613,,,,,,,0.043,,,,,,,,,,,
0.68,grasp,,,,,,,,,,,,,,,,,,,,,-0.0031190533190965652,0.0010822747135534883,0.01628882624208927,0.007278922479599714,-0.0011985445162281394,0.00893575232475996,0.04299834556877613,-0.0031185178086161613,0.0005470248870551586,0.01837627962231636,0.007298785261809826,-0.0012106926878914237,0.008935960941016674,,,,,,,,,,,,
0.7000000000000001,grasp,,,,,,,,,,,,,,,,,,,,,-0.0031190586742013693,0.0010868150275200605,0.016271421685814857,0.007278750650584698,-0.0011982532450929284,0.008935714140534401,0.04299834556877613,-0.0031185178086161613,0.0005470248870551586,0.01837627962231636,0.007298785261809826,-0.0012106926878914237,0.008935960941016674,,,,,,,,,,,,
0.7200000000000001,grasp,,,,,,,,,,,,,,,,,,,,,-0.00302446773275733,0.001127223134972155,0.016322990879416466,0.00725284218788147,-0.0011966264573857188,0.008935210295021534,0.04299834556877613,-0.0029192294740102236,0.0006255866994157464,0.018501962935213723,0.007245527526822447,-0.0012098749624038644,0.00893502316261546,,,,,,,,,,,,
0.74,grasp,,,,,,,,,,,,,,,,,,,,,-0.0029745742212980986,0.0011477357475087047,0.01635095849633217,0.007239506579935551,-0.0011973351938650012,0.0089349877089262,0.04299834556877613,-0.0029192294740102236,0.0006255866994157464,0.018501962935213723,0.007245527526822447,-0.0012098749624038644,0.00893502316261546,,,,,,,,,,,,
0.76,grasp,,,,,,,,,,,,,,,,,,,,,-0.0023035050835460424,0.0014141788706183434,0.016771528869867325,0.0070587038062512875,-0.0011870842427015305,0.008931629359722137,0.04299834556877613,-0.0015769256763506767,0.0011547383621092451,0.019348500936571415,0.006886812805008852,-0.0012043671162975179,0.00892870567069473,,,,,,,,,,,,
0.78,grasp,,,,,,,,,,,,,,,,,,,,,-0.0019552274607121944,0.0015506342751905322,0.016996275633573532,0.006965627893805504,-0.0011926330626010895,0.008930143900215626,0.04299834556877613,-0.0015769256763506767,0.0011547383621092451,0.019348500936571415,0.006886812805008852,-0.0012043671162975179,0.00892870567069473,,,,,,,,,,,,
0.8,grasp,,,,,,,,,,,,,,,,,,,,,-8.704487117938697e-05,0.002285673748701811,0.018167035654187202,0.0064650774002075195,-0.0011664043413475156,0.008920915424823761,0.04299834556877613,0.0019156927730086583,0.0025315711661247097,0.02155115648262208,0.005953451786079325,-0.001190035951393825,0.008912268210430974,,,,,,,,,,,,
0.8200000000000001,grasp,,,,,,,,,,,,,,,,,,,,,0.0008819408831186593,0.002661638194695115,0.018791960552334785,0.00620740232989192,-0.001180784311145544,0.00891678873449564,0.04299834556877613,0.0019156927730086583,0.0025315711661247097,0.02155115648262208,0.005953451786079325,-0.001190035951393825,0.008912268210430974,,,,,,,,,,,,
0.8400000000000001,grasp,,,,,,,,,,,,,,,,,,,,,0.004527677781879902,0.0041021681390702724,0.021076709032058716,0.00523112528026104,-0.0011324228253215551,0.008898847736418247,0.04299834556877613,0.008424201319746593,0.0050953625602021616,0.025655622050734638,0.004214153118904925,-0.0011633301220377737,0.008881637277323813,,,,,,,,,,,,
0.8600000000000001,grasp,,,,,,,,,,,,,,,,,,,,,0.006418147124350071,0.004834217485040426,0.022292545065283775,0.004728580825030804,-0.0011586890323087573,0.008890760131180286,0.04299834556877613,0.008424201319746593,0.0050953625602021616,0.025655622050734638,0.004214153118904925,-0.0011633301220377737,0.008881637277323813,,,,,,,,,,,,
0.8800000000000001,grasp,,,,,,,,,,,,,,,,,,,,,0.012349497526884079,0.0071768793277442455,0.026009945198893547,0.003140450455248356,-0.0010826365323737264,0.008861650712788105,0.04299834556877613,0.0186802895419685,0.009126004657693434,0.03212250254978314,0.001473485691075826,-0.0011212488001383358,0.008833371050862382,,,,,,,,,,,,
0.9,grasp,,,,,,,,,,,,,,,,,,,,,0.01542401872575283,0.008368211798369884,0.02798466384410858,0.002322913147509098,-0.0011232465039938688,0.008848429657518864,0.04299834556877613,0.0186802895419685,0.009126004657693434,0.03212250254978314,0.001473485691075826,-0.0011212488001383358,0.008833371050862382,,,,,,,,,,,,
0.92,grasp,,,,,,,,,,,,,,,,,,,,,0.02406970225274563,0.011768439784646034,0.03340195119380951,8.305214578285813e-06,-0.0010148885194212198,0.008806067518889904,0.04299834556877613,0.0332908274688153,0.014838528084467291,0.041332141419243705,-0.0024304350496180223,-0.0010613061226667124,0.008764619793016733,,,,,,,,,,,,
0.9400000000000001,grasp,,,,,,,,,,,,,,,,,,,,,0.02855006791651249,0.01349832583218813,0.03627653419971466,-0.001183233456686139,-0.0010717455297708511,0.008786745369434357,0.04299834556877613,0.0332908274688153,0.014838528084467291,0.041332141419243705,-0.0024304350496180223,-0.0010613061226667124,0.008764619793016733,,,,,,,,,,,,
0.9600000000000001,grasp,,,,,,,,,,,,,,,,,,,,,0.04026046767830849,0.018071115016937256,0.043611012399196625,-0.004317830316722393,-0.0009273503674194217,0.008729447610676289,0.04299834556877613,0.05274464265454314,0.022384619533423,0.0535887963084703,-0.007627743027906018,-0.000981503577283494,0.008673089281903716,,,,,,,,,,,,
0.98,grasp,,,,,,,,,,,,,,,,,,,,,0.04632794111967087,0.020398160442709923,0.04749981313943863,-0.005931534338742495,-0.0010019358014687896,0.008703201077878475,0.04299834556877613,0.05274464265454314,0.022384619533423,0.0535887963084703,-0.007627743027906018,-0.000981503577283494,0.008673089281903716,,,,,,,,,,,,
1.0,grasp,,,,,,,,,,,,,,,,,,,,,0.061376746743917465,0.026224343106150627,0.056920427829027176,-0.009959044866263866,-0.0008186766062863171,0.00862965639680624,0.04299834556877613,0.07741504028129052,0.03186761634346844,0.06912364448971385,-0.014217653895324036,-0.0008803173699362162,0.00855703560633927,,,,,,,,,,,,
1.02,grasp,,,,,,,,,,,,,,,,,,,,,0.06917284429073334,0.02918977104127407,0.061912111937999725,-0.012032470665872097,-0.0009120221366174519,0.008595854043960571,0.04299834556877613,0.07741504028129052,0.03186761634346844,0.06912364448971385,-0.014217653895324036,-0.0008803173699362162,0.00855703560633927,,,,,,,,,,,,
1.04,grasp,,,,,,,,,,,,,,,,,,,,,0.08775585144758224,0.03633423522114754,0.07354062050580978,-0.017005130648612976,-0.0006879949942231178,0.008505133911967278,0.04299834556877613,0.10755640708662605,0.04337684720793946,0.0880963034032873,-0.022267976029367226,-0.0007567067062364157,0.008415264326719423,,,,,,,,,,,,
1.06,grasp,,,,,,,,,,,,,,,,,,,,,0.09738174080848694,0.039971284568309784,0.07969861477613449,-0.019565191119909286,-0.0008007163414731622,0.008463313803076744,0.04299834556877613,0.10755640708662605,0.04337684720793946,0.0880963034032873,-0.022267976029367226,-0.0007567067062364157,0.008415264326719423,,,,,,,,,,,,
1.08,grasp,,,,,,,,,,,,,,,,,,,,,0.11962234973907471,0.048480719327926636,0.09361264854669571,-0.025515949353575706,-0.0005348400445654988,0.00835483893752098,0.04299834556877613,0.14331630025156683,0.05697299997526318,0.1106004292737305,-0.03181810992786696,-0.0006100670254320359,0.008247083073309066,,,,,,,,,,,,
1.1,grasp,,,,,,,,,,,,,,,,,,,,,0.1311417818069458,0.052813466638326645,0.10097688436508179,-0.028579631820321083,-0.0006670786533504725,0.008304694667458534,0.04299834556877613,0.14331630025156683,0.05697299997526318,0.1106004292737305,-0.03181810992786696,-0.0006100670254320359,0.008247083073309066,,,,,,,,,,,,
1.12,grasp,,,,,,,,,,,,,,,,,,,,,0.15709754824638367,0.06271081417798996,0.11721303313970566,-0.03552388772368431,-0.0003590476990211755,0.008178207091987133,0.04299834556877613,0.18474604240272166,0.07267787746681942,0.13666872941471783,-0.04288176448623075,-0.0004401880008913874,0.008052251859272185,,,,,,,,,,,,
1.1400000000000001,grasp,,,,,,,,,,,,,,,,,,,,,0.17054012417793274,0.06775127351284027,0.1258016973733902,-0.03909915313124657,-0.0005106303724460304,0.008119582198560238,0.04299834556877613,0.18474604240272166,0.07267787746681942,0.13666872941471783,-0.04288176448623075,-0.0004401880008913874,0.008052251859272185,,,,,,,,,,,,
1.1600000000000001,grasp,,,,,,,,,,,,,,,,,,,,,0.20020829141139984,0.07903414219617844,0.14435844123363495,-0.047036100178956985,-0.0001608423626748845,0.007975113578140736,0.04299834556877613,0.23180809161829957,0.09047431747264523,0.16627720693335138,-0.05544887560971189,-0.0002472237441378238,0.007830946454120241,,,,,,,,,,,,
1.1800000000000002,grasp,,,,,,,,,,,,,,,,,,,,,0.2155725359916687,0.0847814753651619,0.15416927635669708,-0.05112253874540329,-0.0003313202178105712,0.007907995022833347,0.04299834556877613,0.23180809161829957,0.09047431747264523,0.16627720693335138,-0.05544887560971189,-0.0002472237441378238,0.007830946454120241,,,,,,,,,,,,
1.2000000000000002,grasp,,,,,,,,,,,,,,,,,,,,,0.24889437854290009,0.09742278605699539,0.17500989139080048,-0.06003639101982117,5.9264748415444046e-05,0.007745853625237942,0.04299834556877613,0.28438272325905817,0.11030778262337333,0.1993495750048497,-0.06948735769674037,-3.166635943877168e-05,0.007583731734945142,,,,,,,,,,,,
1.2200000000000002,grasp,,,,,,,,,,,,,,,,,,,,,0.26614949107170105,0.10386347770690918,0.18602228164672852,-0.06462593376636505,-0.0001293589302804321,0.007670354098081589,0.04299834556877613,0.28438272325905817,0.11030778262337333,0.1993495750048497,-0.06948735769674037,-3.166635943877168e-05,0.007583731734945142,,,,,,,,,,,,
1.2400000000000002,grasp,,,,,,,,,,,,,,,,,,,,,0.30301210284233093,0.11782152205705643,0.20907659828662872,-0.07448650151491165,0.00030044553568586707,0.007491111755371094,0.04299834556877613,0.34226879073145206,0.13210769978605608,0.23575980493140122,-0.08494360123102691,0.00020566125665006721,0.007311551263887672,,,,,,,,,,,,
1.26,grasp,,,,,,,,,,,,,,,,,,,,,0.3220999240875244,0.12493469566106796,0.22125200927257538,-0.07956358790397644,9.459121793042868e-05,0.0074074603617191315,0.04299834556877613,0.34226879073145206,0.13210769978605608,0.23575980493140122,-0.08494360123102691,0.00020566125665006721,0.007311551263887672,,,,,,,,,,,,
1.28,grasp,,,,,,,,,,,,,,,,,,,,,0.36234211921691895,0.14014920592308044,0.24641986191272736,-0.09032783657312393,0.0005615678383037448,0.007211902644485235,0.04299834556877613,0.4051955019180953,0.15577301734415655,0.2753376410957641,-0.10174536239317891,0.00046364937687478654,0.007015679988890056,,,,,,,,,,,,
1.3,grasp,,,,,,,,,,,,,,,,,,,,,0.38317903876304626,0.14790453016757965,0.25970402359962463,-0.09587036818265915,0.0003397401887923479,0.0071204649284482,0.04299834556877613,0.4051955019180953,0.15577301734415655,0.2753376410957641,-0.10174536239317891,0.00046364937687478654,0.007015679988890056,,,,,,,,,,,,
1.32,grasp,,,,,,,,,,,,,,,,,,,,,0.4265962243080139,0.16429707407951355,0.2868577837944031,-0.10748361796140671,0.000841355009470135,0.006909591611474752,0.04299834556877613,0.4728287622157925,0.18117525245825825,0.31787274578722186,-0.1198034143750246,0.0007409267956814777,0.0066976894781684265,,,,,,,,,,,,
1.34,grasp,,,,,,,,,,,,,,,,,,,,,0.4490766227245331,0.17265480756759644,0.3011818528175354,-0.11346340924501419,0.0006047666538506746,0.0068108136765658855,0.04299834556877613,0.4728287622157925,0.18117525245825825,0.31787274578722186,-0.1198034143750246,0.0007409267956814777,0.0066976894781684265,,,,,,,,,,,,
1.36,grasp,,,,,,,,,,,,,,,,,,,,,0.49542394280433655,0.19013477861881256,0.3301689624786377,-0.12586013972759247,0.001138172228820622,0.006585827562958002,0.04299834556877613,0.5447746841741409,0.20817122768148136,0.3631178014777315,-0.13901267812295007,0.0010358788431756212,0.006359430749723909,,,,,,,,,,,,
1.3800000000000001,grasp,,,,,,,,,,,,,,,,,,,,,0.5194211006164551,0.1990491896867752,0.3454512357711792,-0.13224349915981293,0.0008882373222149909,0.006480257026851177,0.04299834556877613,0.5447746841741409,0.20817122768148136,0.3631178014777315,-0.13901267812295007,0.0010358788431756212,0.006359430749723909,,,,,,,,,,,,
1.4,grasp,,,,,,,,,,,,,,,,,,,,,0.5684188008308411,0.2175101637840271,0.37609678506851196,-0.14534908533096313,0.001450325595214963,0.006242512725293636,0.04299834556877613,0.6205903108377275,0.23659143581718986,0.4107940324053007,-0.15925493299538432,0.0013466920047826261,0.006002983400057906,,,,,,,,,,,,
1.42,grasp,,,,,,,,,,,,,,,,,,,,,0.5937882661819458,0.2269270271062851,0.3922446072101593,-0.15209753811359406,0.0011884730774909258,0.00613081781193614,0.04299834556877613,0.6205903108377275,0.23659143581718986,0.4107940324053007,-0.15925493299538432,0.0013466920047826261,0.006002983400057906,,,,,,,,,,,,
1.44,grasp,,,,,,,,,,,,,,,,,,,,,0.6451249122619629,0.2462538480758667,0.42435434460639954,-0.16582854092121124,0.0017526810988783836,0.005884435959160328,0.04299834556877613,0.6997856884776099,0.26625766119896965,0.46059388037411725,-0.18039949061871827,0.001671361769179095,0.005630646600637602,,,,,,,,,,,,
1.46,grasp,,,,,,,,,,,,,,,,,,,,,0.6717068552970886,0.25611501932144165,0.4412643313407898,-0.17289933562278748,0.0014776772586628795,0.005766003392636776,0.04299834556877613,0.6997856884776099,0.26625766119896965,0.46059388037411725,-0.18039949061871827,0.001671361769179095,0.005630646600637602,,,,,,,,,,,,
1.48,grasp,,,,,,,,,,,,,,,,,,,,,0.725043535232544,0.27618059515953064,0.47462740540504456,-0.18716557323932648,0.0020473403856158257,0.005512328818440437,0.04299834556877613,0.7818348101202849,0.2969708596030212,0.5121864840429949,-0.20230582744790723,0.0020077294728793513,0.005244898527302519,,,,,,,,,,,,
1.5,grasp,,,,,,,,,,,,,,,,,,,,,0.7526637315750122,0.2864210903644562,0.4921882450580597,-0.1945122629404068,0.0017720127943903208,0.005387043580412865,0.04299834556877613,0.7818348101202849,0.2969708596030212,0.5121864840429949,-0.20230582744790723,0.0020077294728793513,0.005244898527302519,,,,,,,,,,,,
1.52,grasp,,,,,,,,,,,,,,,,,,,,,0.8076413869857788,0.30709195137023926,0.5265798568725586,-0.20921768248081207,0.0023735996801406145,0.005124545190483332,0.04299834556877613,0.8661784535988267,0.32852597281967394,0.5652206837139898,-0.2248245890847604,0.0023534992646957508,0.004848372408589081,,,,,,,,,,,,
1.54,grasp,,,,,,,,,,,,,,,,,,,,,0.8361112475395203,0.3176436722278595,0.5446727871894836,-0.21679069101810455,0.0021033515222370625,0.00499567249789834,0.04299834556877613,0.8661784535988267,0.32852597281967394,0.5652206837139898,-0.2248245890847604,0.0023534992646957508,0.004848372408589081,,,,,,,,,,,,
1.56,grasp,,,,,,,,,,,,,,,,,,,,,0.8923574686050415,0.3387781083583832,0.5798563957214355,-0.23183412849903107,0.002713212976232171,0.004727272316813469,0.04299834556877613,0.9522335899614469,0.36070452380865536,0.6193301244664206,-0.24780021703871857,0.0027062842526021356,0.004443805087813239,,,,,,,,,,,,
1.58,grasp,,,,,,,,,,,,,,,,,,,,,0.921477198600769,0.34956860542297363,0.5983570218086243,-0.23958125710487366,0.002452884567901492,0.004594543483108282,0.04299834556877613,0.9522335899614469,0.36070452380865536,0.6193301244664206,-0.24780021703871857,0.0027062842526021356,0.004443805087813239,,,,,,,,,,,,
1.6,grasp,,,,,,,,,,,,,,,,,,,,,0.9785960912704468,0.37102097272872925,0.6340877413749695,-0.2548581063747406,0.0030674226582050323,0.0043221632950007915,0.04299834556877613,1.0393980080693848,0.3932841218011287,0.6741364940754916,-0.27107217583123144,0.0030636217685920003,0.004034019963632264,,,,,,,,,,,,
1.62,grasp,,,,,,,,,,,,,,,,,,,,,1.0081673860549927,0.38197624683380127,0.6528676152229309,-0.2627255618572235,0.002806350588798523,0.004187295213341713,0.04299834556877613,1.0393980080693848,0.3932841218011287,0.6741364940754916,-0.27107217583123144,0.0030636217685920003,0.004034019963632264,,,,,,,,,,,,
1.6400000000000001,grasp,,,,,,,,,,,,,,,,,,,,,1.0657556056976318,0.40359705686569214,0.6888945698738098,-0.2781285345554352,0.0034252137411385775,0.003912453539669514,0.04299834556877613,1.127057954217417,0.4260369673866708,0.7292543236359741,-0.2944766256322862,0.0034229949626482445,0.0036219015005963776,,,,,,,,,,,,
1.6600000000000001,grasp,,,,,,,,,,,,,,,,,,,,,1.095572829246521,0.41464048624038696,0.7078222632408142,-0.28606095910072327,0.0031618145294487476,0.003776602679863572,0.04299834556877613,1.127057954217417,0.4260369673866708,0.7292543236359741,-0.2944766256322862,0.0034229949626482445,0.0036219015005963776,,,,,,,,,,,,
1.6800000000000002,grasp,,,,,,,,,,,,,,,,,,,,,1.1532233953475952,0.436277836561203,0.7438915967941284,-0.3014814257621765,0.003782344050705433,0.0035012937150895596,0.04299834556877613,1.2145948380982583,0.45873209216633226,0.784294894643008,-0.31784845795618355,0.0037818660324832635,0.003210358605629313,,,,,,,,,,,,
1.7000000000000002,grasp,,,,,,,,,,,,,,,,,,,,,1.1830772161483765,0.4473319351673126,0.7628337144851685,-0.3094233274459839,0.003518325975164771,0.0033653199207037687,0.04299834556877613,1.2145948380982583,0.45873209216633226,0.784294894643008,-0.31784845795618355,0.0037818660324832635,0.003210358605629313,,,,,,,,,,,,
1.7200000000000002,grasp,,,,,,,,,,,,,,,,,,,,,1.240384578704834,0.4688343405723572,0.7986909747123718,-0.32475271821022034,0.004136302974075079,0.00309159723110497,0.04299834556877613,1.3013907204078077,0.4911412887252725,0.8388700791781354,-0.3410228930434147,0.00413770504617183,0.002802291075293311,,,,,,,,,,,,
1.7400000000000002,grasp,,,,,,,,,,,,,,,,,,,,,1.270064353942871,0.47982174158096313,0.8175146579742432,-0.33264774084091187,0.0038733279798179865,0.0029563677962869406,0.04299834556877613,1.3013907204078077,0.4911412887252725,0.8388700791781354,-0.3410228930434147,0.00413770504617183,0.002802291075293311,,,,,,,,,,,,
1.7600000000000002,grasp,,,,,,,,,,,,,,,,,,,,,1.3266226053237915,0.5010389089584351,0.8529075384140015,-0.3477783501148224,0.004485464189201593,0.0026861289516091347,0.04299834556877613,1.3868361001057958,0.5230379511114764,0.8925966512200896,-0.3638372739614905,0.004488014512464492,0.0024005621459964707,,,,,,,,,,,,
1.7800000000000002,grasp,,,,,,,,,,,,,,,,,,,,,1.3559205532073975,0.5118826627731323,0.8714807033538818,-0.3555711507797241,0.004223336931318045,0.002552654594182968,0.04299834556877613,1.3868361001057958,0.5230379511114764,0.8925966512200896,-0.3638372739614905,0.004488014512464492,0.0024005621459964707,,,,,,,,,,,,
1.8000000000000003,grasp,,,,,,,,,,,,,,,,,,,,,1.4113322496414185,0.5326671600341797,0.9061621427536011,-0.3703974187374115,0.004829994402825832,0.0022873852867633104,0.04299834556877613,1.4703356674843575,0.5542005289222847,0.9451010132743534,-0.38613304464777987,0.004830358535899409,0.002007962998730677,,,,,,,,,,,,
1.8200000000000003,grasp,,,,,,,,,,,,,,,,,,,,,1.4400482177734375,0.5432918667793274,0.9243559241294861,-0.3780336380004883,0.004564177244901657,0.002157066250219941,0.04299834556877613,1.4703356674843575,0.5542005289222847,0.9451010132743534,-0.38613304464777987,0.004830358535899409,0.002007962998730677,,,,,,,,,,,,
1.8399999999999999,grasp,,,,,,,,,,,,,,,,,,,,,1.4939289093017578,0.5635008811950684,0.9580866694450378,-0.3924531936645508,0.005163291003555059,0.0018985769711434841,0.04299834556877613,1.5513151261698506,0.5844163736015269,0.996022346337781,-0.4077568925533296,0.0051623843884861294,0.0016271910287957928,,,,,,,,,,,,
1.8599999999999999,grasp,,,,,,,,,,,,,,,,,,,,,1.5218645334243774,0.5738336443901062,0.9757755398750305,-0.3998803198337555,0.004895982798188925,0.0017721946351230145,0.04299834556877613,1.5513151261698506,0.5844163736015269,0.996022346337781,-0.4077568925533296,0.0051623843884861294,0.0016271910287957928,,,,,,,,,,,,
1.88,grasp,,,,,,,,,,,,,,,,,,,,,1.5738533735275269,0.5933308601379395,1.008326530456543,-0.41379550099372864,0.00550493411719799,0.001519921119324863,0.04299834556877613,1.6292277562019486,0.6134829650721316,1.0450173106779785,-0.4285628705700149,0.005481850626238565,0.0012608172710283285,,,,,,,,,,,,
1.9,grasp,,,,,,,,,,,,,,,,,,,,,1.6008131504058838,0.6033015847206116,1.0253911018371582,-0.4209628701210022,0.005245177540928125,0.00139989098533988,0.04299834556877613,1.6292277562019486,0.6134829650721316,1.0450173106779785,-0.4285628705700149,0.005481850626238565,0.0012608172710283285,,,,,,,,,,,,
1.92,grasp,,,,,,,,,,,,,,,,,,,,,1.6505658626556396,0.6219589710235596,1.0565463304519653,-0.4342811405658722,0.005847414024174213,0.0011557681718841195,0.04299834556877613,1.7035609930158235,0.6412103846108842,1.091764159887489,-0.44841409842651103,0.005786652991910107,0.0009112559850268577,,,,,,,,,,,,
1.94,grasp,,,,,,,,,,,,,,,,,,,,,1.67637038230896,0.6315018534660339,1.0728745460510254,-0.44114115834236145,0.0055911242961883545,0.0010427874512970448,0.04299834556877613,1.7035609930158235,0.6412103846108842,1.091764159887489,-0.44841409842651103,0.005786652991910107,0.0009112559850268577,,,,,,,,,,,,
1.96,grasp,,,,,,,,,,,,,,,,,,,,,1.7235674858093262,0.6491996049880981,1.102433681488037,-0.4537769854068756,0.006146430503576994,0.0008125824388116598,0.04299834556877613,1.773842907245167,0.6674239890471291,1.135966747290205,-0.4671848074720387,0.006074862121666822,0.0005807210123692814,,,,,,,,,,,,
1.98,grasp,,,,,,,,,,,,,,,,,,,,,1.7480522394180298,0.6582537293434143,1.1179208755493164,-0.4602856934070587,0.0058947717770934105,0.0007044872036203742,0.04299834556877613,1.773842907245167,0.6674239890471291,1.135966747290205,-0.4671848074720387,0.006074862121666822,0.0005807210123692814,,,,,,,,,,,,
2.0,grasp,,,,,,,,,,,,,,,,,,,,,1.7924028635025024,0.6748849749565125,1.1457031965255737,-0.4721619784832001,0.006413966417312622,0.0004891147254966199,0.04299834556877613,1.8396477671675477,0.6919675260265055,1.177359692529758,-0.48476247210471146,0.006344752669836442,0.0002711910142166698,,,,,,,,,,,,
2.02,grasp,,,,,,,,,,,,,,,,,,,,,1.815415620803833,0.6833950877189636,1.1602550745010376,-0.4782794713973999,0.006174772512167692,0.0003876157570630312,0.04299834556877613,1.8396477671675477,0.6919675260265055,1.177359692529758,-0.48476247210471146,0.006344752669836442,0.0002711910142166698,,,,,,,,,,,,
2.04,grasp,,,,,,,,,,,,,,,,,,,,,1.8530012369155884,0.701012909412384,1.1845170259475708,-0.4854767322540283,0.006557905115187168,0.00020476871577557176,0.04299834556877613,1.893028753474375,0.7191697404700833,1.2124057069818814,-0.49310506444448565,0.006474446201639853,1.9649138038835236e-05,,,,,,,,,,,,
2.06,grasp,,,,,,,,,,,,,,,,,,,,,1.8725013732910156,0.7100696563720703,1.19719660282135,-0.4891839921474457,0.006344943773001432,0.00011873942275997251,0.04299834556877613,1.893028753474375,0.7191697404700833,1.2124057069818814,-0.49310506444448565,0.006474446201639853,1.9649138038835236e-05,,,,,,,,,,,,
2.08,grasp,,,,,,,,,,,,,,,,,,,,,1.8840292692184448,0.7398571372032166,1.2093636989593506,-0.47158151865005493,0.006080872844904661,6.338806269923225e-05,0.04299834556877613,1.8962079991896632,0.7711397542567993,1.2241768243921929,-0.4528561789357358,0.005888607614959433,2.14427707185419e-06,,,,,,,,,,,,
2.1,grasp,,,,,,,,,,,,,,,,,,,,,1.8899562358856201,0.755390465259552,1.215550184249878,-0.4625133275985718,0.005949872080236673,3.457612183410674e-05,0.04299834556877613,1.8962079991896632,0.7711397542567993,1.2241768243921929,-0.4528561789357358,0.005888607614959433,2.14427707185419e-06,,,,,,,,,,,,
2.12,grasp,,,,,,,,,,,,,,,,,,,,,1.8927171230316162,0.7870351672172546,1.2231078147888184,-0.4384671151638031,0.005622629541903734,1.937399065354839e-05,0.04299834556877613,1.8956340236267406,0.8201615186870369,1.2331631946561432,-0.4128936121963114,0.0053132883710928416,2.410628991265959e-06,,,,,,,,,,,,
2.14,grasp,,,,,,,,,,,,,,,,,,,,,1.8941339254379272,0.8035021424293518,1.2269103527069092,-0.42607930302619934,0.0054620360024273396,1.1411463674448896e-05,0.04299834556877613,1.8956340236267406,0.8201615186870369,1.2331631946561432,-0.4128936121963114,0.0053132883710928416,2.410628991265959e-06,,,,,,,,,,,,
2.16,grasp,,,,,,,,,,,,,,,,,,,,,1.8946139812469482,0.8330042362213135,1.232785701751709,-0.4024633765220642,0.005137525033205748,7.278101747942856e-06,0.04299834556877613,1.8951242717331098,0.8637773683173977,1.2411366964117923,-0.37734700799868326,0.004802803194445295,2.6469677508187598e-06,,,,,,,,,,,,
2.18,grasp,,,,,,,,,,,,,,,,,,,,,1.8948628902435303,0.8483399152755737,1.2357206344604492,-0.3902973532676697,0.004972182679921389,5.107162451167824e-06,0.04299834556877613,1.8951242717331098,0.8637773683173977,1.2411366964117923,-0.37734700799868326,0.004802803194445295,2.6469677508187598e-06,,,,,,,,,,,,
2.2,grasp,,,,,,,,,,,,,,,,,,,,,1.894777774810791,0.8746039271354675,1.2406786680221558,-0.36896878480911255,0.004672616720199585,4.048235041409498e-06,0.04299834556877613,1.8946786471754185,0.9018935242548743,1.2481027396784121,-0.34628306641010353,0.00435683094588029,2.853439669027343e-06,,,,,,,,,,,,
2.22,grasp,,,,,,,,,,,,,,,,,,,,,1.8947330713272095,0.8882505893707275,1.243139386177063,-0.3579811751842499,0.004518701694905758,3.491120423859684e-06,0.04299834556877613,1.8946786471754185,0.9018935242548743,1.2481027396784121,-0.34628306641010353,0.00435683094588029,2.853439669027343e-06,,,,,,,,,,,,
2.24,grasp,,,,,,,,,,,,,,,,,,,,,1.8945266008377075,0.9109911322593689,1.2473763227462769,-0.3394331932067871,0.00425476161763072,3.279916882092948e-06,0.04299834556877613,1.894296679907106,0.9345049566529362,1.2540689588221572,-0.3197022570206271,0.003974890975916698,3.0302672008551844e-06,,,,,,,,,,,,
2.2600000000000002,grasp,,,,,,,,,,,,,,,,,,,,,1.8944199085235596,0.9228039383888245,1.2494690418243408,-0.3298783004283905,0.00411892868578434,3.1653289624955505e-06,0.04299834556877613,1.894296679907106,0.9345049566529362,1.2540689588221572,-0.3197022570206271,0.003974890975916698,3.0302672008551844e-06,,,,,,,,,,,,
2.2800000000000002,grasp,,,,,,,,,,,,,,,,,,,,,1.8942111730575562,0.9419881701469421,1.2530419826507568,-0.31420662999153137,0.003894329071044922,3.176716518282774e-06,0.04299834556877613,1.8939772538987376,0.9616989449710934,1.2590550324287852,-0.29753211241965294,0.0036557111235081914,3.178039383924031e-06,,,,,,,,,,,,
2.3000000000000003,grasp,,,,,,,,,,,,,,,,,,,,,1.8941022157669067,0.9519510269165039,1.2547999620437622,-0.30613330006599426,0.0037787386681884527,3.1773479349794798e-06,0.04299834556877613,1.8939772538987376,0.9616989449710934,1.2590550324287852,-0.29753211241965294,0.0036557111235081914,3.178039383924031e-06,,,,,,,,,,,,
2.3200000000000003,grasp,,,,,,,,,,,,,,,,,,,,,1.8939216136932373,0.9676617980003357,1.2577359676361084,-0.2932907044887543,0.0035937633365392685,3.239037596358685e-06,0.04299834556877613,1.8937182778200814,0.9836617708701396,1.263094699052456,-0.27962259602583733,0.0033971214694786646,3.2977612998359075e-06,,,,,,,,,,,,
2.3400000000000003,grasp,,,,,,,,,,,,,,,,,,,,,1.8938268423080444,0.9758191108703613,1.2591770887374878,-0.28667476773262024,0.0034985989332199097,3.2656600978953065e-06,0.04299834556877613,1.8937182778200814,0.9836617708701396,1.263094699052456,-0.27962259602583733,0.0033971214694786646,3.2977612998359075e-06,,,,,,,,,,,,
2.36,grasp,,,,,,,,,,,,,,,,,,,,,1.8936810493469238,0.9882181882858276,1.2615073919296265,-0.2765350043773651,0.0033518432173877954,3.328767888888251e-06,0.04299834556877613,1.8935163458562059,1.0006830705872027,1.2662396382385541,-0.26573901935780647,0.0031958233629384557,3.3909591669745314e-06,,,,,,,,,,,,
2.38,grasp,,,,,,,,,,,,,,,,,,,,,1.8936046361923218,0.9946538209915161,1.2626498937606812,-0.2713114619255066,0.0032763658091425896,3.3569815514056245e-06,0.04299834556877613,1.8935163458562059,1.0006830705872027,1.2662396382385541,-0.26573901935780647,0.0031958233629384557,3.3909591669745314e-06,,,,,,,,,,,,
2.4,grasp,,,,,,,,,,,,,,,,,,,,,1.8934931755065918,1.0039780139923096,1.2644147872924805,-0.263683557510376,0.0031653279438614845,3.408490101719508e-06,0.04299834556877613,1.8933671848132212,1.0131622000240088,1.2685604202059009,-0.25555675781633735,0.003047277292067734,3.4597339272638787e-06,,,,,,,,,,,,
2.42,grasp,,,,,,,,,,,,,,,,,,,,,1.8934351205825806,1.0088156461715698,1.2652806043624878,-0.259753942489624,0.0031082278583198786,3.4315303309995215e-06,0.04299834556877613,1.8933671848132212,1.0131622000240088,1.2685604202059009,-0.25555675781633735,0.003047277292067734,3.4597339272638787e-06,,,,,,,,,,,,
2.44,grasp,,,,,,,,,,,,,,,,,,,,,1.8933557271957397,1.0153753757476807,1.2665354013442993,-0.2543829679489136,0.0030293625313788652,3.4695315207500244e-06,0.04299834556877613,1.8932650261926987,1.0216130168132498,1.2701500336053548,-0.2486546426458824,0.002945534063853809,3.506840408663409e-06,,,,,,,,,,,,
2.46,grasp,,,,,,,,,,,,,,,,,,,,,1.893314003944397,1.0187771320343018,1.2671527862548828,-0.2516159117221832,0.002988803666085005,3.4871645766543224e-06,0.04299834556877613,1.8932650261926987,1.0216130168132498,1.2701500336053548,-0.2486546426458824,0.002945534063853809,3.506840408663409e-06,,,,,,,,,,,,
2.48,grasp,,,,,,,,,,,,,,,,,,,,,1.893262505531311,1.0229625701904297,1.267968773841858,-0.24818141758441925,0.002937550423666835,3.5118948744639056e-06,0.04299834556877613,1.893202294538321,1.0266709624283106,1.2711253780350267,-0.24451072642722296,0.0028831105308612043,3.535742197021626e-06,,,,,,,,,,,,
2.5,grasp,,,,,,,,,,,,,,,,,,,,,1.8932359218597412,1.0251309871673584,1.2683733701705933,-0.24641194939613342,0.0029111853800714016,3.5232380923844175e-06,0.04299834556877613,1.893202294538321,1.0266709624283106,1.2711253780350267,-0.24451072642722296,0.0028831105308612043,3.535742197021626e-06,,,,,,,,,,,,
2.52,grasp,,,,,,,,,,,,,,,,,,,,,1.8932075500488281,1.027420997619629,1.26882803440094,-0.24452857673168182,0.0028826966881752014,3.5373011542105814e-06,0.04299834556877613,1.893171501962915,1.029111878679413,1.2716039754365995,-0.2425064020969013,0.002852482910415071,3.549922737897105e-06,,,,,,,,,,,,
2.54,grasp,,,,,,,,,,,,,,,,,,,,,1.8931918144226074,1.0286056995391846,1.2690553665161133,-0.24355816841125488,0.0028680290561169386,3.544041646819096e-06,0.04299834556877613,1.893171501962915,1.029111878679413,1.2716039754365995,-0.2425064020969013,0.002852482910415071,3.549922737897105e-06,,,,,,,,,,,,
2.56,grasp,,,,,,,,,,,,,,,,,,,,,1.893178939819336,1.0295639038085938,1.2692484855651855,-0.24276818335056305,0.0028560024220496416,3.5500070225680247e-06,0.04299834556877613,1.8931623044675563,1.0298397497276242,1.2717474033948495,-0.2419082888979773,0.0028433052359566344,3.55417212661083e-06,,,,,,,,,,,,
2.58,grasp,,,,,,,,,,,,,,,,,,,,,1.8931723833084106,1.0300649404525757,1.2693480253219604,-0.2423611581325531,0.0028497970197349787,3.5532871152099688e-06,0.04299834556877613,1.8931623044675563,1.0298397497276242,1.2717474033948495,-0.2419082888979773,0.0028433052359566344,3.55417212661083e-06,,,,,,,,,,,,
2.583751614969224,grasp,,,,,,,,,,,,,,,,,,,,,1.8931677341461182,1.0303469896316528,1.2694048881530762,-0.24213430285453796,0.0028463329654186964,3.5550233405956533e-06,0.04299834556877613,1.8931617736816406,1.029882788658142,1.2717559337615967,-0.24187292158603668,0.0028427625074982643,3.554423528839834e-06,,,,,,,,,,,,
2.583751614969224,grasp,,,,,,,,,,,,,,,,,,,,,,,,,,,0.04299998842179775,,,,,,,0.0,,,,,,,,,,,
2.603751614969224,grasp,,,,,,,,,,,,,,,,,,,,,,,,,,,0.04298567771911621,,,,,,,0.0,,,,,,,,,,,
2.623751614969224,grasp,,,,,,,,,,,,,,,,,,,,,,,,,,,0.04289057478308678,,,,,,,0.0,,,,,,,,,,,
2.643751614969224,grasp,,,,,,,,,,,,,,,,,,,,,,,,,,,0.04266202077269554,,,,,,,0.0,,,,,,,,,,,
2.663751614969224,grasp,,,,,,,,,,,,,,,,,,,,,,,,,,,0.042276784777641296,,,,,,,0.0,,,,,,,,,,,
2.683751614969224,grasp,,,,,,,,,,,,,,,,,,,,,,,,,,,0.04170379415154457,,,,,,,0.0,,,,,,,,,,,
2.703751614969224,grasp,,,,,,,,,,,,,,,,,,,,,,,,,,,0.04092499427497387,,,,,,,0.0,,,,,,,,,,,
2.723751614969224,grasp,,,,,,,,,,,,,,,,,,,,,,,,,,,0.03993438556790352,,,,,,,0.0,,,,,,,,,,,
2.743751614969224,grasp,,,,,,,,,,,,,,,,,,,,,,,,,,,0.03872803971171379,,,,,,,0.0,,,,,,,,,,,
2.763751614969224,grasp,,,,,,,,,,,,,,,,,,,,,,,,,,,0.03751720115542412,,,,,,,0.0,,,,,,,,,,,
2.783751614969224,grasp,,,,,,,,,,,,,,,,,,,,,,,,,,,0.03735380247235298,,,,,,,0.0,,,,,,,,,,,
2.803751614969224,grasp,,,,,,,,,,,,,,,,,,,,,,,,,,,0.037304775789380074,,,,,,,0.0,,,,,,,,,,,
2.8237516149692237,grasp,,,,,,,,,,,,,,,,,,,,,,,,,,,0.03723918832838535,,,,,,,0.0,,,,,,,,,,,
2.843751614969224,grasp,,,,,,,,,,,,,,,,,,,,,,,,,,,0.03715800307691097,,,,,,,0.0,,,,,,,,,,,
2.8637516149692237,grasp,,,,,,,,,,,,,,,,,,,,,,,,,,,0.037041863426566124,,,,,,,0.0,,,,,,,,,,,
2.8837516149692237,grasp,,,,,,,,,,,,,,,,,,,,,,,,,,,0.03688456118106842,,,,,,,0.0,,,,,,,,,,,
2.9037516149692237,grasp,,,,,,,,,,,,,,,,,,,,,,,,,,,0.03682408668100834,,,,,,,0.0,,,,,,,,,,,
2.9237516149692238,grasp,,,,,,,,,,,,,,,,,,,,,,,,,,,0.03667585179209709,,,,,,,0.0,,,,,,,,,,,
2.9437516149692238,grasp,,,,,,,,,,,,,,,,,,,,,,,,,,,0.036533571779727936,,,,,,,0.0,,,,,,,,,,,
2.963751614969224,grasp,,,,,,,,,,,,,,,,,,,,,,,,,,,0.03636188060045242,,,,,,,0.0,,,,,,,,,,,
2.983751614969224,grasp,,,,,,,,,,,,,,,,,,,,,,,,,,,0.03611973859369755,,,,,,,0.0,,,,,,,,,,,
3.003751614969224,grasp,,,,,,,,,,,,,,,,,,,,,,,,,,,0.035868141800165176,,,,,,,0.0,,,,,,,,,,,
3.023751614969224,grasp,,,,,,,,,,,,,,,,,,,,,,,,,,,0.035691460594534874,,,,,,,0.0,,,,,,,,,,,
3.043751614969224,grasp,,,,,,,,,,,,,,,,,,,,,,,,,,,0.03550068102777004,,,,,,,0.0,,,,,,,,,,,
3.063751614969224,grasp,,,,,,,,,,,,,,,,,,,,,,,,,,,0.03532892279326916,,,,,,,0.0,,,,,,,,,,,
3.083751614969224,grasp,,,,,,,,,,,,,,,,,,,,,,,,,,,0.03506840392947197,,,,,,,0.0,,,,,,,,,,,
3.103751614969224,grasp,,,,,,,,,,,,,,,,,,,,,,,,,,,0.034817885607481,,,,,,,0.0,,,,,,,,,,,
3.123751614969224,grasp,,,,,,,,,,,,,,,,,,,,,,,,,,,0.034613143652677536,,,,,,,0.0,,,,,,,,,,,
3.143751614969224,grasp,,,,,,,,,,,,,,,,,,,,,,,,,,,0.0344270933419466,,,,,,,0.0,,,,,,,,,,,
3.163751614969224,grasp,,,,,,,,,,,,,,,,,,,,,,,,,,,0.03432874754071236,,,,,,,0.0,,,,,,,,,,,
3.183751614969224,grasp,,,,,,,,,,,,,,,,,,,,,,,,,,,0.03418091498315334,,,,,,,0.0,,,,,,,,,,,
3.203751614969224,grasp,,,,,,,,,,,,,,,,,,,,,,,,,,,0.0340172927826643,,,,,,,0.0,,,,,,,,,,,
3.223751614969224,grasp,,,,,,,,,,,,,,,,,,,,,,,,,,,0.03387242555618286,,,,,,,0.0,,,,,,,,,,,
3.243751614969224,grasp,,,,,,,,,,,,,,,,,,,,,,,,,,,0.033784983679652214,,,,,,,0.0,,,,,,,,,,,
3.263751614969224,grasp,,,,,,,,,,,,,,,,,,,,,,,,,,,0.03379136510193348,,,,,,,0.0,,,,,,,,,,,
3.263751614969224,grasp,,,,,,,,,,,,,,,,,,,,,1.8928691148757935,1.0295017957687378,1.2768843173980713,-0.24182337522506714,0.002905590459704399,0.006888536270707846,0.03379136510193348,1.8931617736816406,1.029882788658142,1.2717559337615967,-0.24187292158603668,0.0028427625074982643,3.554423528839834e-06,,,,,,,,,,,,
3.283751614969224,grasp,,,,,,,,,,,,,,,,,,,,,1.8929040431976318,1.0294852256774902,1.2768652439117432,-0.24182407557964325,0.0029093341436237097,0.006595255807042122,0.03379136510193348,1.8931617736816406,1.029882788658142,1.2717559337615967,-0.24187292158603668,0.0028427625074982643,3.554423528839834e-06,,,,,,,,,,,,
3.303751614969224,grasp,,,,,,,,,,,,,,,,,,,,,1.8929229974746704,1.0294309854507446,1.2768350839614868,-0.24186426401138306,0.0029137383680790663,0.0064441002905368805,0.03379136510193348,1.8931630012883567,1.029783271371403,1.271736210383529,-0.24195470008009404,0.0028440174388748786,3.553842223032567e-06,,,,,,,,,,,,
3.323751614969224,grasp,,,,,,,,,,,,,,,,,,,,,1.8929332494735718,1.0294045209884644,1.2768197059631348,-0.24188485741615295,0.002917461097240448,0.006366152316331863,0.03379136510193348,1.8931630012883567,1.029783271371403,1.271736210383529,-0.24195470008009404,0.0028440174388748786,3.553842223032567e-06,,,,,,,,,,,,
3.343751614969224,grasp,,,,,,,,,,,,,,,,,,,,,1.892943263053894,1.029081106185913,1.2766727209091187,-0.2421664297580719,0.0029322272166609764,0.006325749680399895,0.03379136510193348,1.8931715912394484,1.0291049925214002,1.2716025996109446,-0.24251207678626804,0.002852571380801633,3.5498817855118218e-06,,,,,,,,,,,,
3.363751614969224,grasp,,,,,,,,,,,,,,,,,,,,,1.8929482698440552,1.0289218425750732,1.276595950126648,-0.24231131374835968,0.0029471046291291714,0.0063046617433428764,0.03379136510193348,1.8931715912394484,1.0291049925214002,1.2716025996109446,-0.24251207678626804,0.002852571380801633,3.5498817855118218e-06,,,,,,,,,,,,
3.383751614969224,grasp,,,,,,,,,,,,,,,,,,,,,1.8929636478424072,1.0280301570892334,1.2761940956115723,-0.24309685826301575,0.002989712171256542,0.006292968988418579,0.03379136510193348,1.8931940876313584,1.027323871320295,1.2712529722235995,-0.24397485710471878,0.002874946234690168,3.5395222740873565e-06,,,,,,,,,,,,
3.403751614969224,grasp,,,,,,,,,,,,,,,,,,,,,1.8929716348648071,1.0275908708572388,1.2759853601455688,-0.24350140988826752,0.0030312086455523968,0.006286355201154947,0.03379136510193348,1.8931940876313584,1.027323871320295,1.2712529722235995,-0.24397485710471878,0.002874946234690168,3.5395222740873565e-06,,,,,,,,,,,,
3.423751614969224,grasp,,,,,,,,,,,,,,,,,,,,,1.8929799795150757,1.0258512496948242,1.2752563953399658,-0.24504515528678894,0.003145872615277767,0.006279165856540203,0.03379136510193348,1.8932359206839688,1.0239708742355067,1.2706026411676576,-0.2467240412847808,0.002916565200231653,3.520252826120538e-06,,,,,,,,,,,,
3.443751614969224,grasp,,,,,,,,,,,,,,,,,,,,,1.8929082155227661,1.0249309539794922,1.274876594543457,-0.24583831429481506,0.003240252612158656,0.006269084755331278,0.03379136510193348,1.8932359206839688,1.0239708742355067,1.2706026411676576,-0.2467240412847808,0.002916565200231653,3.520252826120538e-06,,,,,,,,,,,,
3.4637516149692242,grasp,,,,,,,,,,,,,,,,,,,,,1.8929095268249512,1.0219477415084839,1.2734965085983276,-0.24837131798267365,0.0033082147128880024,0.006255936808884144,0.03379136510193348,1.8933012513009444,1.0186293610213668,1.269586095791202,-0.25109275073948406,0.0029816280463995253,3.490129029599536e-06,,,,,,,,,,,,
3.4837516149692243,grasp,,,,,,,,,,,,,,,,,,,,,1.8929245471954346,1.0203860998153687,1.2727680206298828,-0.24967679381370544,0.0033865836448967457,0.006245247088372707,0.03379136510193348,1.8933012513009444,1.0186293610213668,1.269586095791202,-0.25109275073948406,0.0029816280463995253,3.490129029599536e-06,,,,,,,,,,,,
3.5037516149692243,grasp,,,,,,,,,,,,,,,,,,,,,1.8929692506790161,1.0160589218139648,1.2707587480545044,-0.25340142846107483,0.003536858828738332,0.006233265157788992,0.03379136510193348,1.8933938873294076,1.010938270640801,1.268145286469232,-0.25737166460761135,0.0030738490357338152,3.4474314847828915e-06,,,,,,,,,,,,
3.523751614969224,grasp,,,,,,,,,,,,,,,,,,,,,1.8930433988571167,1.0137758255004883,1.2697467803955078,-0.25532111525535583,0.0036273838486522436,0.0062174866907298565,0.03379136510193348,1.8933938873294076,1.010938270640801,1.268145286469232,-0.25737166460761135,0.0030738490357338152,3.4474314847828915e-06,,,,,,,,,,,,
3.5437516149692243,grasp,,,,,,,,,,,,,,,,,,,,,1.893118977546692,1.0077012777328491,1.268265962600708,-0.2604018747806549,0.0038732525426894426,0.006197004579007626,0.03379136510193348,1.8935173985114169,1.00059270171586,1.2662232104089193,-0.2658126661398018,0.0031968748202600566,3.390472357940742e-06,,,,,,,,,,,,
3.563751614969224,grasp,,,,,,,,,,,,,,,,,,,,,1.8930786848068237,1.0045377016067505,1.2677526473999023,-0.26301437616348267,0.004170603584498167,0.006176074035465717,0.03379136510193348,1.8935173985114169,1.00059270171586,1.2662232104089193,-0.2658126661398018,0.0031968748202600566,3.390472357940742e-06,,,,,,,,,,,,
3.583751614969224,grasp,,,,,,,,,,,,,,,,,,,,,1.8931033611297607,0.9965313076972961,1.2660757303237915,-0.2696036994457245,0.004571874160319567,0.006143530830740929,0.03379136510193348,1.893674787405699,0.9873362512310603,1.2637723545443216,-0.27662582191655344,0.003353744905745566,3.317843875023162e-06,,,,,,,,,,,,
3.603751614969224,grasp,,,,,,,,,,,,,,,,,,,,,1.8930848836898804,0.9923452734947205,1.2652188539505005,-0.2729969024658203,0.0048336004838347435,0.00611529778689146,0.03379136510193348,1.893674787405699,0.9873362512310603,1.2637723545443216,-0.27662582191655344,0.003353744905745566,3.317843875023162e-06,,,,,,,,,,,,
3.623751614969224,grasp,,,,,,,,,,,,,,,,,,,,,1.89314866065979,0.9823596477508545,1.2627841234207153,-0.28122538328170776,0.005193944554775953,0.0060838875360786915,0.03379136510193348,1.8938681861784685,0.9709589221708559,1.2607563513809783,-0.28998153544055577,0.003546801605786639,3.2284622500454553e-06,,,,,,,,,,,,
3.643751614969224,grasp,,,,,,,,,,,,,,,,,,,,,1.893187165260315,0.9771242737770081,1.2616621255874634,-0.2854626774787903,0.005344622768461704,0.006059050094336271,0.03379136510193348,1.8938681861784685,0.9709589221708559,1.2607563513809783,-0.28998153544055577,0.003546801605786639,3.2284622500454553e-06,,,,,,,,,,,,
3.663751614969224,grasp,,,,,,,,,,,,,,,,,,,,,1.893405556678772,0.9650136828422546,1.258848786354065,-0.29542601108551025,0.0054268366657197475,0.006040830630809069,0.03379136510193348,1.8940996747962828,0.9512966790420607,1.2571459760371957,-0.30601342862013525,0.0037779159653556276,3.1214613858203392e-06,,,,,,,,,,,,
3.683751614969224,grasp,,,,,,,,,,,,,,,,,,,,,1.8936717510223389,0.9587036967277527,1.25740647315979,-0.30056238174438477,0.005032234825193882,0.006044321693480015,0.03379136510193348,1.8940996747962828,0.9512966790420607,1.2571459760371957,-0.30601342862013525,0.0037779159653556276,3.1214613858203392e-06,,,,,,,,,,,,
3.703751614969224,grasp,,,,,,,,,,,,,,,,,,,,,1.8940322399139404,0.9443318843841553,1.2542482614517212,-0.31233128905296326,0.004604327958077192,0.006055849138647318,0.03379136510193348,1.8943702275806578,0.9282280734863955,1.2529198404715516,-0.32481873437726577,0.004048450043135955,2.9962114273092334e-06,,,,,,,,,,,,
3.723751614969224,grasp,,,,,,,,,,,,,,,,,,,,,1.8942052125930786,0.9368573427200317,1.2525862455368042,-0.31839504837989807,0.004429428838193417,0.006058917846530676,0.03379136510193348,1.8943702275806578,0.9282280734863955,1.2529198404715516,-0.32481873437726577,0.004048450043135955,2.9962114273092334e-06,,,,,,,,,,,,
3.743751614969224,grasp,,,,,,,,,,,,,,,,,,,,,1.894464135169983,0.9202000498771667,1.2491499185562134,-0.332013875246048,0.004369957838207483,0.0060641267336905,0.03379136510193348,1.8946812604478913,0.9016740375081074,1.2480626013740055,-0.34646197449348715,0.004359401805943782,2.852249414698182e-06,,,,,,,,,,,,
3.763751614969224,grasp,,,,,,,,,,,,,,,,,,,,,1.894575834274292,0.91153883934021,1.2472466230392456,-0.33903148770332336,0.004367214161902666,0.006066367495805025,0.03379136510193348,1.8946812604478913,0.9016740375081074,1.2480626013740055,-0.34646197449348715,0.004359401805943782,2.852249414698182e-06,,,,,,,,,,,,
3.783751614969224,grasp,,,,,,,,,,,,,,,,,,,,,1.8947912454605103,0.8925776481628418,1.2435487508773804,-0.35453173518180847,0.004575831349939108,0.006066190078854561,0.03379136510193348,1.8950328583959692,0.8715950268772497,1.242565223764854,-0.3709759002047329,0.0047113446660328,2.689310332227576e-06,,,,,,,,,,,,
3.803751614969224,grasp,,,,,,,,,,,,,,,,,,,,,1.894938349723816,0.8827075958251953,1.2416481971740723,-0.3625175952911377,0.004568248521536589,0.006069488823413849,0.03379136510193348,1.8950328583959692,0.8715950268772497,1.242565223764854,-0.3709759002047329,0.0047113446660328,2.689310332227576e-06,,,,,,,,,,,,
3.823751614969224,grasp,,,,,,,,,,,,,,,,,,,,,1.8951823711395264,0.8614328503608704,1.2377033233642578,-0.3799094259738922,0.004781598690897226,0.006069990806281567,0.03379136510193348,1.8954257040476532,0.8379894345291325,1.2364235000003398,-0.39836354182645545,0.00510455536040665,2.5072657113177703e-06,,,,,,,,,,,,
3.843751614969224,grasp,,,,,,,,,,,,,,,,,,,,,1.895301103591919,0.8503517508506775,1.2357252836227417,-0.3888689875602722,0.00490755308419466,0.00607044342905283,0.03379136510193348,1.8954257040476532,0.8379894345291325,1.2364235000003398,-0.39836354182645545,0.00510455536040665,2.5072657113177703e-06,,,,,,,,,,,,
3.863751614969224,grasp,,,,,,,,,,,,,,,,,,,,,1.8955730199813843,0.8267549872398376,1.2313735485076904,-0.4081442356109619,0.005179494619369507,0.006070815492421389,0.03379136510193348,1.8958593680533717,0.8008921054105207,1.2296354089273875,-0.4286001733344427,0.0055391408530869116,2.306066885066018e-06,,,,,,,,,,,,
3.883751614969224,grasp,,,,,,,,,,,,,,,,,,,,,1.8957126140594482,0.8144763112068176,1.2292126417160034,-0.41807401180267334,0.00531989149749279,0.006070898845791817,0.03379136510193348,1.8958593680533717,0.8008921054105207,1.2296354089273875,-0.4286001733344427,0.0055391408530869116,2.306066885066018e-06,,,,,,,,,,,,
3.903751614969224,grasp,,,,,,,,,,,,,,,,,,,,,1.8960154056549072,0.7886183857917786,1.2244422435760498,-0.43920591473579407,0.0056213089264929295,0.006070917937904596,0.03379136510193348,1.8963344973854395,0.7603736020066902,1.2221950848483043,-0.46163536394202964,0.006015478675885215,2.0855413703826405e-06,,,,,,,,,,,,
3.923751614969224,grasp,,,,,,,,,,,,,,,,,,,,,1.896170735359192,0.7751623392105103,1.2220444679260254,-0.45009249448776245,0.005780375562608242,0.0060707987286150455,0.03379136510193348,1.8963344973854395,0.7603736020066902,1.2221950848483043,-0.46163536394202964,0.006015478675885215,2.0855413703826405e-06,,,,,,,,,,,,
3.943751614969224,grasp,,,,,,,,,,,,,,,,,,,,,1.896483302116394,0.7471206188201904,1.2168076038360596,-0.47301846742630005,0.006108744069933891,0.006070879753679037,0.03379136510193348,1.896810507619324,0.7165856283797595,1.2139992114732665,-0.49735440307627654,0.0065381902910773655,2.0574315706643186e-06,,,,,,,,,,,,
3.9637516149692242,grasp,,,,,,,,,,,,,,,,,,,,,1.8966410160064697,0.7325290441513062,1.214146614074707,-0.48482954502105713,0.006287693977355957,0.006070705130696297,0.03379136510193348,1.896810507619324,0.7165856283797595,1.2139992114732665,-0.49735440307627654,0.0065381902910773655,2.0574315706643186e-06,,,,,,,,,,,,
3.983751614969224,grasp,,,,,,,,,,,,,,,,,,,,,1.8752552270889282,0.7153095006942749,1.1988739967346191,-0.48639413714408875,0.005373398307710886,0.006197909824550152,0.03379136510193348,1.8518494182030547,0.6965187967249268,1.1850363046731096,-0.48802232391194433,0.006394804521498641,0.00021378741032275936,,,,,,,,,,,,
4.003751614969224,grasp,,,,,,,,,,,,,,,,,,,,,1.8635830879211426,0.7065034508705139,1.1907260417938232,-0.4871932566165924,0.00669707078486681,0.006215076893568039,0.03379136510193348,1.8518494182030547,0.6965187967249268,1.1850363046731096,-0.48802232391194433,0.006394804521498641,0.00021378741032275936,,,,,,,,,,,,
4.023751614969224,grasp,,,,,,,,,,,,,,,,,,,,,1.8333227634429932,0.6926153898239136,1.171057105064392,-0.48093801736831665,0.005197013728320599,0.006397179793566465,0.03379136510193348,1.800312535641975,0.6772963031944361,1.152615629239913,-0.474254834028079,0.006183416651422631,0.0004562233140853187,,,,,,,,,,,,
4.043751614969224,grasp,,,,,,,,,,,,,,,,,,,,,1.816908597946167,0.6855224967002869,1.160636067390442,-0.47770828008651733,0.006734457332640886,0.006428704131394625,0.03379136510193348,1.800312535641975,0.6772963031944361,1.152615629239913,-0.474254834028079,0.006183416651422631,0.0004562233140853187,,,,,,,,,,,,
4.063751614969224,grasp,,,,,,,,,,,,,,,,,,,,,1.7828587293624878,0.6719616651535034,1.1389315128326416,-0.46899333596229553,0.005059722810983658,0.006632635835558176,0.03379136510193348,1.7458105847072958,0.6569687863654371,1.11833583680259,-0.45969779738799393,0.005959905101472459,0.000712560941070296,,,,,,,,,,,,
4.083751614969224,grasp,,,,,,,,,,,,,,,,,,,,,1.7644726037979126,0.665033221244812,1.1274566650390625,-0.46449747681617737,0.006612553261220455,0.006672633346170187,0.03379136510193348,1.7458105847072958,0.6569687863654371,1.11833583680259,-0.45969779738799393,0.005959905101472459,0.000712560941070296,,,,,,,,,,,,
4.103751614969224,grasp,,,,,,,,,,,,,,,,,,,,,1.7280815839767456,0.6510498523712158,1.104391098022461,-0.4547728896141052,0.004852252546697855,0.006889629177749157,0.03379136510193348,1.6885494437272124,0.6356111136176885,1.0823233734658275,-0.44440504716291457,0.005725097078759232,0.0009818513732454642,,,,,,,,,,,,
4.123751614969224,grasp,,,,,,,,,,,,,,,,,,,,,1.7084851264953613,0.6439058780670166,1.0921989679336548,-0.44975748658180237,0.0064352648332715034,0.006934302393347025,0.03379136510193348,1.6885494437272124,0.6356111136176885,1.0823233734658275,-0.44440504716291457,0.005725097078759232,0.0009818513732454642,,,,,,,,,,,,
4.143751614969224,grasp,,,,,,,,,,,,,,,,,,,,,1.670249342918396,0.6293482780456543,1.068008303642273,-0.43943721055984497,0.004601271357387304,0.007161877583712339,0.03379136510193348,1.6287545064146276,0.6133065622697448,1.0447196361287159,-0.42843646456841694,0.005479909857644356,0.0012630432108578598,,,,,,,,,,,,
4.163751614969224,grasp,,,,,,,,,,,,,,,,,,,,,1.649696707725525,0.6219114661216736,1.0552217960357666,-0.43411511182785034,0.006232663989067078,0.007209591567516327,0.03379136510193348,1.6287545064146276,0.6133065622697448,1.0447196361287159,-0.42843646456841694,0.005479909857644356,0.0012630432108578598,,,,,,,,,,,,
4.183751614969224,grasp,,,,,,,,,,,,,,,,,,,,,1.6098648309707642,0.6067836284637451,1.0300443172454834,-0.42334046959877014,0.004329838324338198,0.0074463277123868465,0.03379136510193348,1.5666699607130283,0.5901451117000037,1.0056779706842764,-0.41185719869474946,0.005225342957177494,0.001554988701975989,,,,,,,,,,,,
4.2037516149692244,grasp,,,,,,,,,,,,,,,,,,,,,1.5884850025177002,0.5990568399429321,1.0167348384857178,-0.41778457164764404,0.0060127354227006435,0.007496379315853119,0.03379136510193348,1.5666699607130283,0.5901451117000037,1.0056779706842764,-0.41185719869474946,0.005225342957177494,0.001554988701975989,,,,,,,,,,,,
4.223751614969224,grasp,,,,,,,,,,,,,,,,,,,,,1.5472463369369507,0.5834077596664429,0.9906842708587646,-0.40662693977355957,0.004049628973007202,0.0077412743121385574,0.03379136510193348,1.5025565685593512,0.5662239030308706,0.9653618075141297,-0.3947367924551666,0.004962465478943044,0.001856461274534129,,,,,,,,,,,,
4.243751614969224,grasp,,,,,,,,,,,,,,,,,,,,,1.5251410007476807,0.5754159092903137,0.9769107699394226,-0.4008738696575165,0.005779020953923464,0.0077933864668011665,0.03379136510193348,1.5025565685593512,0.5662239030308706,0.9653618075141297,-0.3947367924551666,0.004962465478943044,0.001856461274534129,,,,,,,,,,,,
4.263751614969224,grasp,,,,,,,,,,,,,,,,,,,,,1.4826771020889282,0.5593079924583435,0.9500999450683594,-0.38938769698143005,0.0037649234291166067,0.008045319467782974,0.03379136510193348,1.4366896081816922,0.5416443109070035,0.9239443007018966,-0.3771488916612391,0.004692410179663268,0.002166162392208388,,,,,,,,,,,,
4.2837516149692245,grasp,,,,,,,,,,,,,,,,,,,,,1.4599438905715942,0.5510833263397217,0.9359220266342163,-0.383465975522995,0.005533562041819096,0.008099252358078957,0.03379136510193348,1.4366896081816922,0.5416443109070035,0.9239443007018966,-0.3771488916612391,0.004692410179663268,0.002166162392208388,,,,,,,,,,,,
4.303751614969224,grasp,,,,,,,,,,,,,,,,,,,,,1.4164410829544067,0.5345849394798279,0.9084675312042236,-0.37170296907424927,0.0034776409156620502,0.008357129991054535,0.03379136510193348,1.3693567048441382,0.5165134888858788,0.8816058406534412,-0.35917012970537865,0.00441635182622475,0.0024827441806383166,,,,,,,,,,,,
4.323751614969224,grasp,,,,,,,,,,,,,,,,,,,,,1.393178939819336,0.5261625647544861,0.8939469456672668,-0.3656388819217682,0.005277886055409908,0.0084126191213727,0.03379136510193348,1.3693567048441382,0.5165134888858788,0.8816058406534412,-0.35917012970537865,0.00441635182622475,0.0024827441806383166,,,,,,,,,,,,
4.343751614969224,grasp,,,,,,,,,,,,,,,,,,,,,1.3488287925720215,0.5093453526496887,0.865970253944397,-0.35365134477615356,0.0031891814433038235,0.008675280958414078,0.03379136510193348,1.3008556766284964,0.49094161699625904,0.8385336574827064,-0.3408800371675803,0.004135511429458408,0.0028048066934224167,,,,,,,,,,,,
4.363751614969225,grasp,,,,,,,,,,,,,,,,,,,,,1.3251408338546753,0.5007620453834534,0.8511702418327332,-0.347471684217453,0.005013204645365477,0.008732091635465622,0.03379136510193348,1.3008556766284964,0.49094161699625904,0.8385336574827064,-0.3408800371675803,0.004135511429458408,0.0028048066934224167,,,,,,,,,,,,
4.383751614969224,grasp,,,,,,,,,,,,,,,,,,,,,1.2801417112350464,0.48370084166526794,0.8227956891059875,-0.33531299233436584,0.002900821389630437,0.008998421020805836,0.03379136510193348,1.2314925199784557,0.4650422936309655,0.7949197052867569,-0.32236008264297095,0.003851141280480708,0.0031309155324501852,,,,,,,,,,,,
4.403751614969224,grasp,,,,,,,,,,,,,,,,,,,,,1.2561328411102295,0.4749945104122162,0.8077822923660278,-0.32904550433158875,0.004740978125482798,0.009056268259882927,0.03379136510193348,1.2314925199784557,0.4650422936309655,0.7949197052867569,-0.32236008264297095,0.003851141280480708,0.0031309155324501852,,,,,,,,,,,,
4.423751614969224,grasp,,,,,,,,,,,,,,,,,,,,,1.2106871604919434,0.4577653110027313,0.779137372970581,-0.31676995754241943,0.00261372490786016,0.009325054474174976,0.03379136510193348,1.1615787383746257,0.4389318455481175,0.7509599305652094,-0.30369342542650735,0.003564518015419559,0.0034596073511062807,,,,,,,,,,,,
4.443751614969224,grasp,,,,,,,,,,,,,,,,,,,,,1.1864628791809082,0.44897499680519104,0.7639771103858948,-0.3104427456855774,0.004462313372641802,0.009383682161569595,0.03379136510193348,1.1615787383746257,0.4389318455481175,0.7509599305652094,-0.30369342542650735,0.003564518015419559,0.0034596073511062807,,,,,,,,,,,,
4.463751614969224,grasp,,,,,,,,,,,,,,,,,,,,,1.1407761573791504,0.4316544830799103,0.7351908087730408,-0.298105925321579,0.002329439390450716,0.009653697721660137,0.03379136510193348,1.0914301492469216,0.41272643619598437,0.706852658641154,-0.2849642890207503,0.003276933814669403,0.003789399910505095,,,,,,,,,,,,
4.483751614969224,grasp,,,,,,,,,,,,,,,,,,,,,1.1164450645446777,0.42281946539878845,0.719951868057251,-0.2917472720146179,0.004178580828011036,0.009712792001664639,0.03379136510193348,1.0914301492469216,0.41272643619598437,0.706852658641154,-0.2849642890207503,0.003276933814669403,0.003789399910505095,,,,,,,,,,,,
4.503751614969224,grasp,,,,,,,,,,,,,,,,,,,,,1.0707248449325562,0.4054856598377228,0.6911540627479553,-0.2794046103954315,0.00204906496219337,0.009982901625335217,0.03379136510193348,1.0213636927810286,0.38654442003912143,0.6627970992378452,-0.26625719952343957,0.0029896883656745097,0.004118804694660536,,,,,,,,,,,,
4.523751614969224,grasp,,,,,,,,,,,,,,,,,,,,,1.0463967323303223,0.3966458737850189,0.6759049296379089,-0.2730433940887451,0.0038911933079361916,0.010042195208370686,0.03379136510193348,1.0213636927810286,0.38654442003912143,0.6627970992378452,-0.26625719952343957,0.0029896883656745097,0.004118804694660536,,,,,,,,,,,,
4.543751614969224,grasp,,,,,,,,,,,,,,,,,,,,,1.000850796699524,0.3793766498565674,0.6472257375717163,-0.26075080037117004,0.0017739062895998359,0.010311144404113293,0.03379136510193348,0.9516958542914864,0.3605037975629266,0.6189920189743189,-0.24765664030671622,0.0027040795841881235,0.004446333225585993,,,,,,,,,,,,
4.563751614969224,grasp,,,,,,,,,,,,,,,,,,,,,0.9766328930854797,0.37057188153266907,0.632034957408905,-0.25441545248031616,0.0036014262586832047,0.010370384901762009,0.03379136510193348,0.9516958542914864,0.3605037975629266,0.6189920189743189,-0.24765664030671622,0.0027040795841881235,0.004446333225585993,,,,,,,,,,,,
4.583751614969224,grasp,,,,,,,,,,,,,,,,,,,,,0.9314688444137573,0.3534444272518158,0.6036041378974915,-0.24222823977470398,0.0015050796791911125,0.010636980645358562,0.03379136510193348,0.8827407734938842,0.33472013209794577,0.5756347215391077,-0.22924651165433893,0.0024213966449803145,0.004770508920967987,,,,,,,,,,,,
4.603751614969224,grasp,,,,,,,,,,,,,,,,,,,,,0.9074690937995911,0.34471404552459717,0.5885401964187622,-0.2359476089477539,0.0033106449991464615,0.010695860721170902,0.03379136510193348,0.8827407734938842,0.33472013209794577,0.5756347215391077,-0.22924651165433893,0.0024213966449803145,0.004770508920967987,,,,,,,,,,,,
4.623751614969224,grasp,,,,,,,,,,,,,,,,,,,,,0.8628898859024048,0.3278045058250427,0.560485303401947,-0.22392043471336365,0.001243668724782765,0.010958979837596416,0.03379136510193348,0.8148073756248169,0.309308583220421,0.5329193285826472,-0.21110913701360223,0.002142902181055826,0.005089882886845688,,,,,,,,,,,,
4.643751614969224,grasp,,,,,,,,,,,,,,,,,,,,,0.8392146229743958,0.3191874623298645,0.5456153750419617,-0.21772253513336182,0.003020206233486533,0.01101719867438078,0.03379136510193348,0.8148073756248169,0.309308583220421,0.5329193285826472,-0.21110913701360223,0.002142902181055826,0.005089882886845688,,,,,,,,,,,,
4.663751614969224,grasp,,,,,,,,,,,,,,,,,,,,,0.7954209446907043,0.30257102847099304,0.5180609226226807,-0.20590902864933014,0.0009910553926602006,0.01127566210925579,0.03379136510193348,0.7481975753661565,0.2843817545148861,0.4910355203792474,-0.1933250270823591,0.001869831157522694,0.005403040626546079,,,,,,,,,,,,
4.683751614969224,grasp,,,,,,,,,,,,,,,,,,,,,0.772174060344696,0.29410573840141296,0.5034512281417847,-0.19982144236564636,0.0027311916928738356,0.011332960799336433,0.03379136510193348,0.7481975753661565,0.2843817545148861,0.4910355203792474,-0.1933250270823591,0.001869831157522694,0.005403040626546079,,,,,,,,,,,,
4.7037516149692244,grasp,,,,,,,,,,,,,,,,,,,,,0.7293607592582703,0.2778550088405609,0.4765189290046692,-0.18827371299266815,0.0007482667570002377,0.011585658416152,0.03379136510193348,0.6832042150055304,0.26004849825588083,0.45016724509036504,-0.17597237498782364,0.0016033841833214505,0.005708604003592182,,,,,,,,,,,,
4.723751614969224,grasp,,,,,,,,,,,,,,,,,,,,,0.7066439390182495,0.26957857608795166,0.4622344374656677,-0.18232321739196777,0.002445192774757743,0.011641750112175941,0.03379136510193348,0.6832042150055304,0.26004849825588083,0.45016724509036504,-0.17597237498782364,0.0016033841833214505,0.005708604003592182,,,,,,,,,,,,
4.743751614969224,grasp,,,,,,,,,,,,,,,,,,,,,0.6649983525276184,0.2537630498409271,0.43604156374931335,-0.17109163105487823,0.0005162893794476986,0.011887600645422935,0.03379136510193348,0.6201093451624933,0.23641152195563722,0.4104916120019967,-0.15912651857976437,0.00134472021688676,0.006005244658179013,,,,,,,,,,,,
4.763751614969224,grasp,,,,,,,,,,,,,,,,,,,,,0.6429092884063721,0.24571053683757782,0.42214417457580566,-0.16530416905879974,0.0021633829455822706,0.01194220781326294,0.03379136510193348,0.6201093451624933,0.23641152195563722,0.4104916120019967,-0.15912651857976437,0.00134472021688676,0.006005244658179013,,,,,,,,,,,,
4.7837516149692245,grasp,,,,,,,,,,,,,,,,,,,,,0.6026113629341125,0.2303980439901352,0.3968025743961334,-0.1544368416070938,0.0002960269048344344,0.012180126272141933,0.03379136510193348,0.5591804589544664,0.21357233584063595,0.37217686904783853,-0.1428589249785875,0.0010949365279774657,0.006291702078599564,,,,,,,,,,,,
4.803751614969224,grasp,,,,,,,,,,,,,,,,,,,,,0.5812427997589111,0.22260406613349915,0.38335198163986206,-0.1488371044397354,0.0018867446342483163,0.012233029119670391,0.03379136510193348,0.5591804589544664,0.21357233584063595,0.37217686904783853,-0.1428589249785875,0.0010949365279774657,0.006291702078599564,,,,,,,,,,,,
4.823751614969224,grasp,,,,,,,,,,,,,,,,,,,,,0.5424609780311584,0.20785827934741974,0.3589673340320587,-0.13837940990924835,8.876906213117763e-05,0.012462080456316471,0.03379136510193348,0.5006699687518397,0.19162484967034052,0.33538166269530506,-0.12723693056649046,0.0008550662541675967,0.006566791213742544,,,,,,,,,,,,
4.843751614969224,grasp,,,,,,,,,,,,,,,,,,,,,0.5219017267227173,0.20035511255264282,0.34602001309394836,-0.1329907923936844,0.0016168956644833088,0.012512988410890102,0.03379136510193348,0.5006699687518397,0.19162484967034052,0.33538166269530506,-0.12723693056649046,0.0008550662541675967,0.006566791213742544,,,,,,,,,,,,
4.863751614969225,grasp,,,,,,,,,,,,,,,,,,,,,0.48479509353637695,0.1862354576587677,0.322691410779953,-0.1229851096868515,-0.00010504573583602905,0.012732241302728653,0.03379136510193348,0.4448125221105622,0.1706564359785178,0.30025343889870315,-0.11232312649019106,0.0006260688896882513,0.006829411865321928,,,,,,,,,,,,
4.883751614969224,grasp,,,,,,,,,,,,,,,,,,,,,0.4651273190975189,0.1790531873703003,0.3103007376194,-0.11782936751842499,0.0013546532718464732,0.012780972756445408,0.03379136510193348,0.4448125221105622,0.1706564359785178,0.30025343889870315,-0.11232312649019106,0.0006260688896882513,0.006829411865321928,,,,,,,,,,,,
4.903751614969224,grasp,,,,,,,,,,,,,,,,,,,,,0.429841011762619,0.16561445593833923,0.2881186902523041,-0.10831467807292938,-0.00028460653265938163,0.01298956573009491,0.03379136510193348,0.39182276779400627,0.15074723925972533,0.2669271423172876,-0.09817481492316675,0.0004088242420811925,0.007078555420400609,,,,,,,,,,,,
4.923751614969224,grasp,,,,,,,,,,,,,,,,,,,,,0.41114094853401184,0.15878081321716309,0.27633264660835266,-0.10341206192970276,0.0011011901078745723,0.013035939075052738,0.03379136510193348,0.39182276779400627,0.15074723925972533,0.2669271423172876,-0.09817481492316675,0.0004088242420811925,0.007078555420400609,,,,,,,,,,,,
4.943751614969224,grasp,,,,,,,,,,,,,,,,,,,,,0.3778068721294403,0.14607208967208862,0.255378782749176,-0.09442376345396042,-0.0004491292347665876,0.013233112171292305,0.03379136510193348,0.3418937745154057,0.13196756562528125,0.23552401959950872,-0.08484348000763672,0.00020412390658049138,0.007313314226862384,,,,,,,,,,,,
4.963751614969224,grasp,,,,,,,,,,,,,,,,,,,,,0.3601432740688324,0.13961145281791687,0.24424228072166443,-0.08979237079620361,0.0008576310356147587,0.013276955112814903,0.03379136510193348,0.3418937745154057,0.13196756562528125,0.23552401959950872,-0.08484348000763672,0.00020412390658049138,0.007313314226862384,,,,,,,,,,,,
4.983751614969224,grasp,,,,,,,,,,,,,,,,,,,,,0.32887718081474304,0.12767672538757324,0.2245907187461853,-0.0813615620136261,-0.0005988089833408594,0.013461965136229992,0.03379136510193348,0.2951934445641079,0.11438192783971665,0.2061497500927886,-0.07237398014136608,1.2657101316829913e-05,0.0075328988727821075,,,,,,,,,,,,
5.003751614969224,grasp,,,,,,,,,,,,,,,,,,,,,0.31231099367141724,0.12161154299974442,0.21414199471473694,-0.07701750099658966,0.0006248057470656931,0.013503089547157288,0.03379136510193348,0.2951934445641079,0.11438192783971665,0.2061497500927886,-0.07237398014136608,1.2657101316829913e-05,0.0075328988727821075,,,,,,,,,,,,
5.023751614969224,grasp,,,,,,,,,,,,,,,,,,,,,0.28321215510368347,0.1104888916015625,0.19585302472114563,-0.06917086988687515,-0.0007324578473344445,0.01367536187171936,0.03379136510193348,0.25186378989120506,0.09804337453404387,0.1788936397923567,-0.06080419353512819,-0.00016499425161639806,0.007736640503284984,,,,,,,,,,,,
5.043751614969224,grasp,,,,,,,,,,,,,,,,,,,,,0.2677951455116272,0.10483776032924652,0.18612679839134216,-0.06512780487537384,0.00040345723391510546,0.013713694177567959,0.03379136510193348,0.25186378989120506,0.09804337453404387,0.1788936397923567,-0.06080419353512819,-0.00016499425161639806,0.007736640503284984,,,,,,,,,,,,
5.063751614969224,grasp,,,,,,,,,,,,,,,,,,,,,0.24094446003437042,0.09455765038728714,0.16925227642059326,-0.057886987924575806,-0.0008511040941812098,0.01387277152389288,0.03379136510193348,0.21201829841883638,0.08299439837788106,0.15382703212151227,-0.0501644028789593,-0.00032836528300282734,0.00792400529110311,,,,,,,,,,,,
5.083751614969224,grasp,,,,,,,,,,,,,,,,,,,,,0.22671908140182495,0.0893360897898674,0.1602749228477478,-0.054156191647052765,0.00019500957569107413,0.013908163644373417,0.03379136510193348,0.21201829841883638,0.08299439837788106,0.15382703212151227,-0.0501644028789593,-0.00032836528300282734,0.00792400529110311,,,,,,,,,,,,
5.103751614969224,grasp,,,,,,,,,,,,,,,,,,,,,0.20217782258987427,0.07992259413003922,0.14485213160514832,-0.047537680715322495,-0.0009540828177705407,0.01405362132936716,0.03379136510193348,0.17573948831717717,0.06926701288883413,0.1310019276582627,-0.04047664530185226,-0.0004771178578178643,0.008094605899963114,,,,,,,,,,,,
5.123751614969224,grasp,,,,,,,,,,,,,,,,,,,,,0.18917636573314667,0.07514195144176483,0.13664643466472626,-0.04412758722901344,-8.127899491228163e-07,0.014086030423641205,0.03379136510193348,0.17573948831717717,0.06926701288883413,0.1310019276582627,-0.04047664530185226,-0.0004771178578178643,0.008094605899963114,,,,,,,,,,,,
5.143751614969224,grasp,,,,,,,,,,,,,,,,,,,,,0.16698448359966278,0.06661193072795868,0.12269896268844604,-0.038142163306474686,-0.0010412383126094937,0.014217667281627655,0.03379136510193348,0.14307672598100937,0.05688197365635954,0.1104496672811605,-0.03175412937785375,-0.0006110494289145221,0.00824820979342491,,,,,,,,,,,,
5.163751614969224,grasp,,,,,,,,,,,,,,,,,,,,,0.15522801876068115,0.06228048354387283,0.11527812480926514,-0.035058360546827316,-0.00018278835341334343,0.014247068203985691,0.03379136510193348,0.14307672598100937,0.05688197365635954,0.1104496672811605,-0.03175412937785375,-0.0006110494289145221,0.00824820979342491,,,,,,,,,,,,
5.183751614969224,grasp,,,,,,,,,,,,,,,,,,,,,0.13540291786193848,0.0546417236328125,0.10281796008348465,-0.029710762202739716,-0.001113845850341022,0.014364727772772312,0.03379136510193348,0.1140445530175179,0.04584658603370154,0.09217961234153314,-0.02400076213148625,-0.0007301002226761663,0.008384749012126564,,,,,,,,,,,,
5.2037516149692244,grasp,,,,,,,,,,,,,,,,,,,,,0.12490073591470718,0.050763215869665146,0.09618828445672989,-0.026955682784318924,-0.0003506212087813765,0.014391064643859863,0.03379136510193348,0.1140445530175179,0.04584658603370154,0.09217961234153314,-0.02400076213148625,-0.0007301002226761663,0.008384749012126564,,,,,,,,,,,,
5.223751614969224,grasp,,,,,,,,,,,,,,,,,,,,,0.10743662714958191,0.044013701379299164,0.08521130681037903,-0.022244367748498917,-0.0011718246387317777,0.014494767412543297,0.03379136510193348,0.08862115057414137,0.03615204340027412,0.0761778851913631,-0.017210717125907302,-0.000834359631432407,0.008504325775599425,,,,,,,,,,,,
5.243751614969224,grasp,,,,,,,,,,,,,,,,,,,,,0.09818556159734726,0.04058704152703285,0.07937031984329224,-0.01981721632182598,-0.0005034911446273327,0.014518040232360363,0.03379136510193348,0.08862115057414137,0.03615204340027412,0.0761778851913631,-0.017210717125907302,-0.000834359631432407,0.008504325775599425,,,,,,,,,,,,
5.263751614969224,grasp,,,,,,,,,,,,,,,,,,,,,0.0830526277422905,0.03471408784389496,0.0698576495051384,-0.01573397032916546,-0.001216547330841422,0.014607943594455719,0.03379136510193348,0.06674586708382628,0.027773581892752048,0.062405983600289025,-0.01136781370786876,-0.0009240758857701193,0.008607223470759881,,,,,,,,,,,,
5.2837516149692245,grasp,,,,,,,,,,,,,,,,,,,,,0.07503590732812881,0.031732313334941864,0.06479666382074356,-0.013630432076752186,-0.000641918508335948,0.014628231525421143,0.03379136510193348,0.06674586708382628,0.027773581892752048,0.062405983600289025,-0.01136781370786876,-0.0009240758857701193,0.008607223470759881,,,,,,,,,,,,
5.303751614969224,grasp,,,,,,,,,,,,,,,,,,,,,0.06217510998249054,0.026715418323874474,0.056709371507167816,-0.010159711353480816,-0.001247732201591134,0.014704682864248753,0.03379136510193348,0.04831558724392586,0.020674374865299584,0.05079908266256987,-0.006444565776282971,-0.0009996708616163304,0.008693926174052348,,,,,,,,,,,,
5.323751614969224,grasp,,,,,,,,,,,,,,,,,,,,,0.05536278337240219,0.024167487397789955,0.05240962654352188,-0.008371801115572453,-0.000766016251873225,0.014722076244652271,0.03379136510193348,0.04831558724392586,0.020674374865299584,0.05079908266256987,-0.006444565776282971,-0.0009996708616163304,0.008693926174052348,,,,,,,,,,,,
5.343751614969224,grasp,,,,,,,,,,,,,,,,,,,,,0.044688619673252106,0.019972536712884903,0.045695409178733826,-0.005490670911967754,-0.0012683667009696364,0.014785503037273884,0.03379136510193348,0.03318510171681333,0.014796617175253005,0.04126544161805,-0.0024021782607855113,-0.0010617399855304584,0.008765117399081899,,,,,,,,,,,,
5.363751614969225,grasp,,,,,,,,,,,,,,,,,,,,,0.03903559595346451,0.017841702327132225,0.042126670479774475,-0.004006580449640751,-0.0008738198084756732,0.014800120145082474,0.03379136510193348,0.03318510171681333,0.014796617175253005,0.04126544161805,-0.0024021782607855113,-0.0010617399855304584,0.008765117399081899,,,,,,,,,,,,
5.383751614969224,grasp,,,,,,,,,,,,,,,,,,,,,0.030429763719439507,0.014437396079301834,0.036712273955345154,-0.0016832762630656362,-0.0012797790113836527,0.014851332642138004,0.03379136510193348,0.02115431936698669,0.010094477990789084,0.03368210212528198,0.0008124133472191244,-0.0011110983882053572,0.00882172908435348,,,,,,,,,,,,
5.403751614969224,grasp,,,,,,,,,,,,,,,,,,,,,0.025873156264424324,0.012707700952887535,0.03383593633770943,-0.0004865900846198201,-0.000967338855843991,0.014863254502415657,0.03379136510193348,0.02115431936698669,0.010094477990789084,0.03368210212528198,0.0008124133472191244,-0.0011110983882053572,0.00882172908435348,,,,,,,,,,,,
5.423751614969224,grasp,,,,,,,,,,,,,,,,,,,,,0.019186317920684814,0.010050203651189804,0.02962791547179222,0.001318917260505259,-0.0012819984694942832,0.014903009869158268,0.03379136510193348,0.011978243278927454,0.006494457847494002,0.027896822442366385,0.0032644010378511433,-0.0011487472661603096,0.00886491091551318,,,,,,,,,,,,
5.443751614969225,grasp,,,,,,,,,,,,,,,,,,,,,0.015647100284695625,0.008699190802872181,0.027394717559218407,0.0022488574031740427,-0.00104585662484169,0.014912455342710018,0.03379136510193348,0.011978243278927454,0.006494457847494002,0.027896822442366385,0.0032644010378511433,-0.0011487472661603096,0.00886491091551318,,,,,,,,,,,,
5.463751614969224,grasp,,,,,,,,,,,,,,,,,,,,,0.010700035840272903,0.006725524086505175,0.02428135648369789,0.0035848377738147974,-0.0012785488506779075,0.014941838569939137,0.03379136510193348,0.005365927074348208,0.0038914035667371705,0.02372705290810621,0.005031420789819052,-0.0011758787613320753,0.008896030414477719,,,,,,,,,,,,
5.483751614969224,grasp,,,,,,,,,,,,,,,,,,,,,0.00808299332857132,0.005721311550587416,0.022630546241998672,0.004272908437997103,-0.0011104440782219172,0.01494902465492487,0.03379136510193348,0.005365927074348208,0.0038914035667371705,0.02372705290810621,0.005031420789819052,-0.0011758787613320753,0.008896030414477719,,,,,,,,,,,,
5.503751614969224,grasp,,,,,,,,,,,,,,,,,,,,,0.004663391038775444,0.004353812895715237,0.02047952450811863,0.005196566693484783,-0.0012714739423245192,0.014969355426728725,0.03379136510193348,0.0009742982513814826,0.0021604603156212755,0.020957456337829035,0.006205028428256189,-0.0011938987468408384,0.00891669868322302,,,,,,,,,,,,
5.523751614969225,grasp,,,,,,,,,,,,,,,,,,,,,0.002855723025277257,0.0036567540373653173,0.019340842962265015,0.005672241095453501,-0.0011617278214544058,0.014974485151469707,0.03379136510193348,0.0009742982513814826,0.0021604603156212755,0.020957456337829035,0.006205028428256189,-0.0011938987468408384,0.00891669868322302,,,,,,,,,,,,
5.543751614969224,grasp,,,,,,,,,,,,,,,,,,,,,0.0007175413775257766,0.002800620859488845,0.017995845526456833,0.006249910686165094,-0.0012615922605618834,0.014987173490226269,0.03379136510193348,-0.0015916555187548075,0.0011489316879940226,0.0193392114114834,0.006890749181109315,-0.0012044275568594597,0.008928774994520347,,,,,,,,,,,,
5.563751614969224,grasp,,,,,,,,,,,,,,,,,,,,,-0.00041115120984613895,0.0023632270749658346,0.01728648506104946,0.00654737139120698,-0.0012004246236756444,0.014990554191172123,0.03379136510193348,-0.0015916555187548075,0.0011489316879940226,0.0193392114114834,0.006890749181109315,-0.0012044275568594597,0.008928774994520347,,,,,,,,,,,,
5.5837516149692235,grasp,,,,,,,,,,,,,,,,,,,,,-0.001549423555843532,0.0019065305823460221,0.016571292653679848,0.00685501005500555,-0.001252823043614626,0.014997310005128384,0.03379136510193348,-0.002782326939426087,0.0006795552834482917,0.018588301972243596,0.007208941809543165,-0.001209313218017614,0.008934378915489257,,,,,,,,,,,,
5.603751614969224,grasp,,,,,,,,,,,,,,,,,,,,,-0.002148701110854745,0.0016726988833397627,0.016196295619010925,0.0070133935660123825,-0.0012274852488189936,0.014999327249825,0.03379136510193348,-0.002782326939426087,0.0006795552834482917,0.018588301972243596,0.007208941809543165,-0.001209313218017614,0.008934378915489257,,,,,,,,,,,,
5.623751614969224,grasp,,,,,,,,,,,,,,,,,,,,,-0.0026059395167976618,0.001488615875132382,0.01591002196073532,0.007137050852179527,-0.0012475784169510007,0.0150019945576787,0.03379136510193348,-0.00310631957822968,0.0005518335734166097,0.018383972566388334,0.007295525411287972,-0.0012106426357803343,0.008935903540747846,,,,,,,,,,,,
5.643441133680754,grasp,,,,,,,,,,,,,,,,,,,,,-0.002851536963135004,0.0013914426090195775,0.015758205205202103,0.007202268112450838,-0.0012447069166228175,0.015003025531768799,0.03379136510193348,-0.0031185178086161613,0.0005470248870551586,0.01837627962231636,0.007298785261809826,-0.0012106926878914237,0.008935960941016674,,,,,,,,,,,,
0.0,grasp,,,,,,,,,,,,,,,,,,,,,,,,,,,0.0001674533705227077,,,,,,,0.043,,,,,,,,,,,
0.02,grasp,,,,,,,,,,,,,,,,,,,,,,,,,,,0.00018201868078904226,,,,,,,0.043,,,,,,,,,,,
0.04,grasp,,,,,,,,,,,,,,,,,,,,,,,,,,,0.0002766713223536499,,,,,,,0.043,,,,,,,,,,,
0.06,grasp,,,,,,,,,,,,,,,,,,,,,,,,,,,0.0005038510716985911,,,,,,,0.043,,,,,,,,,,,
0.08,grasp,,,,,,,,,,,,,,,,,,,,,,,,,,,0.0008880187815520912,,,,,,,0.043,,,,,,,,,,,
0.1,grasp,,,,,,,,,,,,,,,,,,,,,,,,,,,0.0014585972530767322,,,,,,,0.043,,,,,,,,,,,
0.12,grasp,,,,,,,,,,,,,,,,,,,,,,,,,,,0.0022343461168929935,,,,,,,0.043,,,,,,,,,,,
0.14,grasp,,,,,,,,,,,,,,,,,,,,,,,,,,,0.0032212099758908153,,,,,,,0.043,,,,,,,,,,,
0.16,grasp,,,,,,,,,,,,,,,,,,,,,,,,,,,0.004422842990607023,,,,,,,0.043,,,,,,,,,,,
0.18,grasp,,,,,,,,,,,,,,,,,,,,,,,,,,,0.005834617419168353,,,,,,,0.043,,,,,,,,,,,
0.2,grasp,,,,,,,,,,,,,,,,,,,,,,,,,,,0.007445486960932612,,,,,,,0.043,,,,,,,,,,,
0.22,grasp,,,,,,,,,,,,,,,,,,,,,,,,,,,0.009240267798304558,,,,,,,0.043,,,,,,,,,,,
0.24,grasp,,,,,,,,,,,,,,,,,,,,,,,,,,,0.011198656167834997,,,,,,,0.043,,,,,,,,,,,
0.26,grasp,,,,,,,,,,,,,,,,,,,,,,,,,,,0.013297156430780888,,,,,,,0.043,,,,,,,,,,,
0.28,grasp,,,,,,,,,,,,,,,,,,,,,,,,,,,0.015508315525949001,,,,,,,0.043,,,,,,,,,,,
0.3,grasp,,,,,,,,,,,,,,,,,,,,,,,,,,,0.01780275907367468,,,,,,,0.043,,,,,,,,,,,
0.32,grasp,,,,,,,,,,,,,,,,,,,,,,,,,,,0.020149536430835724,,,,,,,0.043,,,,,,,,,,,
0.34,grasp,,,,,,,,,,,,,,,,,,,,,,,,,,,0.022515936754643917,,,,,,,0.043,,,,,,,,,,,
0.36,grasp,,,,,,,,,,,,,,,,,,,,,,,,,,,0.02486975770443678,,,,,,,0.043,,,,,,,,,,,
0.38,grasp,,,,,,,,,,,,,,,,,,,,,,,,,,,0.027177817188203335,,,,,,,0.043,,,,,,,,,,,
0.4,grasp,,,,,,,,,,,,,,,,,,,,,,,,,,,0.029409299604594707,,,,,,,0.043,,,,,,,,,,,
0.42,grasp,,,,,,,,,,,,,,,,,,,,,,,,,,,0.03153391182422638,,,,,,,0.043,,,,,,,,,,,
0.44,grasp,,,,,,,,,,,,,,,,,,,,,,,,,,,0.033524226397275925,,,,,,,0.043,,,,,,,,,,,
0.46,grasp,,,,,,,,,,,,,,,,,,,,,,,,,,,0.035355474799871445,,,,,,,0.043,,,,,,,,,,,
0.48,grasp,,,,,,,,,,,,,,,,,,,,,,,,,,,0.03700696676969528,,,,,,,0.043,,,,,,,,,,,
0.5,grasp,,,,,,,,,,,,,,,,,,,,,,,,,,,0.038461850956082344,,,,,,,0.043,,,,,,,,,,,
0.52,grasp,,,,,,,,,,,,,,,,,,,,,,,,,,,0.0397086925804615,,,,,,,0.043,,,,,,,,,,,
0.54,grasp,,,,,,,,,,,,,,,,,,,,,,,,,,,0.04074165225028992,,,,,,,0.043,,,,,,,,,,,
0.56,grasp,,,,,,,,,,,,,,,,,,,,,,,,,,,0.04156108200550079,,,,,,,0.043,,,,,,,,,,,
0.58,grasp,,,,,,,,,,,,,,,,,,,,,,,,,,,0.04217451997101307,,,,,,,0.043,,,,,,,,,,,
0.6,grasp,,,,,,,,,,,,,,,,,,,,,,,,,,,0.04259744845330715,,,,,,,0.043,,,,,,,,,,,
0.62,grasp,,,,,,,,,,,,,,,,,,,,,,,,,,,0.042853446677327156,,,,,,,0.043,,,,,,,,,,,
0.64,grasp,,,,,,,,,,,,,,,,,,,,,,,,,,,0.04297517240047455,,,,,,,0.043,,,,,,,,,,,
0.66,grasp,,,,,,,,,,,,,,,,,,,,,,,,,,,0.043005503714084625,,,,,,,0.043,,,,,,,,,,,
0.68,grasp,,,,,,,,,,,,,,,,,,,,,,,,,,,0.04299837723374367,,,,,,,0.043,,,,,,,,,,,
0.68,grasp,,,,,,,,,,,,,,,,,,,,,-0.01166814099997282,0.0069487313739955425,0.02053799107670784,-0.0014463579282164574,-0.003459473606199026,0.02610439620912075,0.04299837723374367,-0.01166680920869112,0.00641282182186842,0.022623328492045403,-0.0014259385643526912,-0.0034954433795064688,0.026105135679244995,,,,,,,,,,,,
0.7000000000000001,grasp,,,,,,,,,,,,,,,,,,,,,-0.011668144725263119,0.006953282747417688,0.020520592108368874,-0.0014465381391346455,-0.003458670573309064,0.026104334741830826,0.04299837723374367,-0.01166680920869112,0.00641282182186842,0.022623328492045403,-0.0014259385643526912,-0.0034954433795064688,0.026105135679244995,,,,,,,,,,,,
0.7200000000000001,grasp,,,,,,,,,,,,,,,,,,,,,-0.011578829027712345,0.006988872773945332,0.020566994324326515,-0.0014708404196426272,-0.0034567052498459816,0.026103055104613304,0.04299837723374367,-0.011478714064369022,0.00648142918905844,0.02273824732270698,-0.0014758581674821285,-0.0034944145817179012,0.026102622310412354,,,,,,,,,,,,
0.74,grasp,,,,,,,,,,,,,,,,,,,,,-0.011531672440469265,0.007006919011473656,0.020592207089066505,-0.0014833374880254269,-0.0034572018776088953,0.02610243298113346,0.04299837723374367,-0.011478714064369022,0.00648142918905844,0.02273824732270698,-0.0014758581674821285,-0.0034944145817179012,0.026102622310412354,,,,,,,,,,,,
0.76,grasp,,,,,,,,,,,,,,,,,,,,,-0.010896996594965458,0.007240545470267534,0.020977405831217766,-0.0016532735899090767,-0.003446500515565276,0.02609371393918991,0.04299837723374367,-0.010208588607254286,0.00694470490306932,0.02351424287290249,-0.001812944208750969,-0.003487468172796548,0.026085641510847288,,,,,,,,,,,,
0.78,grasp,,,,,,,,,,,,,,,,,,,,,-0.010567578487098217,0.0073598530143499374,0.021183405071496964,-0.0017406910192221403,-0.00345136527903378,0.02608945034444332,0.04299837723374367,-0.010208588607254286,0.00694470490306932,0.02351424287290249,-0.001812944208750969,-0.003487468172796548,0.026085641510847288,,,,,,,,,,,,
0.8,grasp,,,,,,,,,,,,,,,,,,,,,-0.008797796443104744,0.008003771305084229,0.022258032113313675,-0.0022117397747933865,-0.0034238246735185385,0.026065340265631676,0.04299837723374367,-0.006899307048945098,0.00815175837629159,0.02553607972433986,-0.002691214081849723,-0.003469369383523386,0.026041398612721364,,,,,,,,,,,,
0.8200000000000001,grasp,,,,,,,,,,,,,,,,,,,,,-0.007879810407757759,0.008333422243595123,0.022831987589597702,-0.0024540498852729797,-0.0034364613238722086,0.026053519919514656,0.04299837723374367,-0.006899307048945098,0.00815175837629159,0.02553607972433986,-0.002691214081849723,-0.003469369383523386,0.026041398612721364,,,,,,,,,,,,
0.8400000000000001,grasp,,,,,,,,,,,,,,,,,,,,,-0.004421715158969164,0.009597471915185452,0.024931278079748154,-0.003373944666236639,-0.003385336836799979,0.026006491854786873,0.04299837723374367,-0.0007244359249213935,0.0104030409529098,0.02930859066294998,-0.0043299796860462765,-0.003435598700246781,0.02595884823533632,,,,,,,,,,,,
0.8600000000000001,grasp,,,,,,,,,,,,,,,,,,,,,-0.002628534799441695,0.010239595547318459,0.026049064472317696,-0.003847131971269846,-0.003408359829336405,0.02598336711525917,0.04299837723374367,-0.0007244359249213935,0.0104030409529098,0.02930859066294998,-0.0043299796860462765,-0.003435598700246781,0.02595884823533632,,,,,,,,,,,,
0.8800000000000001,grasp,,,,,,,,,,,,,,,,,,,,,0.003004431491717696,0.01230069063603878,0.02946932055056095,-0.005345371086150408,-0.003327667713165283,0.025906836614012718,0.04299837723374367,0.009018086633818683,0.013950779161105275,0.03526037665403316,-0.006915486915639504,-0.0033823182934533775,0.025828607869107748,,,,,,,,,,,,
0.9,grasp,,,,,,,,,,,,,,,,,,,,,0.005924515891820192,0.013347946107387543,0.03128682076931,-0.006116099189966917,-0.0033631259575486183,0.02586911804974079,0.04299837723374367,0.009018086633818683,0.013950779161105275,0.03526037665403316,-0.006915486915639504,-0.0033823182934533775,0.025828607869107748,,,,,,,,,,,,
0.92,grasp,,,,,,,,,,,,,,,,,,,,,0.014144853688776493,0.016348659992218018,0.03627758473157883,-0.008302249014377594,-0.0032477874774485826,0.025757504627108574,0.04299837723374367,0.022913709844624507,0.01899457406940274,0.04374792201200469,-0.010602828003786032,-0.0033063319991228704,0.025642862032857684,,,,,,,,,,,,
0.9400000000000001,grasp,,,,,,,,,,,,,,,,,,,,,0.018405070528388023,0.017874104902148247,0.03892667219042778,-0.009426891803741455,-0.00329725188203156,0.025702394545078278,0.04299837723374367,0.022913709844624507,0.01899457406940274,0.04374792201200469,-0.010602828003786032,-0.0033063319991228704,0.025642862032857684,,,,,,,,,,,,
0.9600000000000001,grasp,,,,,,,,,,,,,,,,,,,,,0.029552487656474113,0.021923156455159187,0.04569292068481445,-0.012390952557325363,-0.003143173875287175,0.025551138445734978,0.04299837723374367,0.04143791710673621,0.025680635308600902,0.05505937324906362,-0.015517640316699206,-0.0032050507861298,0.025395289895216017,,,,,,,,,,,,
0.98,grasp,,,,,,,,,,,,,,,,,,,,,0.03532857447862625,0.023982206359505653,0.04928145185112953,-0.013915863819420338,-0.0032079159282147884,0.025476371869444847,0.04299837723374367,0.04143791710673621,0.025680635308600902,0.05505937324906362,-0.015517640316699206,-0.0032050507861298,0.025395289895216017,,,,,,,,,,,,
1.0,grasp,,,,,,,,,,,,,,,,,,,,,0.049670904874801636,0.029161643236875534,0.057984497398138046,-0.01772872358560562,-0.0030119200237095356,0.025281868875026703,0.04299837723374367,0.06495777384239035,0.03411825211801324,0.06941688024616317,-0.021756836219422402,-0.0030764778076279617,0.025081007596562076,,,,,,,,,,,,
1.02,grasp,,,,,,,,,,,,,,,,,,,,,0.05710139870643616,0.03179612755775452,0.0625971183180809,-0.019690383225679398,-0.003092806553468108,0.025185605511069298,0.04299837723374367,0.06495777384239035,0.03411825211801324,0.06941688024616317,-0.021756836219422402,-0.0030764778076279617,0.025081007596562076,,,,,,,,,,,,
1.04,grasp,,,,,,,,,,,,,,,,,,,,,0.07483665645122528,0.03816777467727661,0.07335633784532547,-0.024404430761933327,-0.002852637553587556,0.024945195764303207,0.04299837723374367,0.09373549124204932,0.04438980740316891,0.08697949165876907,-0.029389697468852855,-0.002919184732450338,0.024696526346322,,,,,,,,,,,,
1.06,grasp,,,,,,,,,,,,,,,,,,,,,0.08402391523122787,0.04140934348106384,0.07905540615320206,-0.02682984434068203,-0.002950185677036643,0.024826107546687126,0.04299837723374367,0.09373549124204932,0.04438980740316891,0.08697949165876907,-0.029389697468852855,-0.002919184732450338,0.024696526346322,,,,,,,,,,,,
1.08,grasp,,,,,,,,,,,,,,,,,,,,,0.10528313368558884,0.04901941493153572,0.09195058047771454,-0.03247983753681183,-0.0026644922327250242,0.024538056924939156,0.04299837723374367,0.12793320394750485,0.05655660164314214,0.10784645794128368,-0.03845924065680008,-0.0027322840104635196,0.024239679194704204,,,,,,,,,,,,
1.1,grasp,,,,,,,,,,,,,,,,,,,,,0.11629476398229599,0.05289187654852867,0.09877725690603256,-0.03538692370057106,-0.0027788039296865463,0.024395223706960678,0.04299837723374367,0.12793320394750485,0.05655660164314214,0.10784645794128368,-0.03845924065680008,-0.0027322840104635196,0.024239679194704204,,,,,,,,,,,,
1.12,grasp,,,,,,,,,,,,,,,,,,,,,0.1411474347114563,0.06176697462797165,0.11385086923837662,-0.04199130833148956,-0.002447092905640602,0.024058600887656212,0.04299837723374367,0.16762253263882276,0.07064828500905533,0.13206181603760997,-0.04898449591449191,-0.0025153833025939472,0.023709509419761216,,,,,,,,,,,,
1.1400000000000001,grasp,,,,,,,,,,,,,,,,,,,,,0.1540192812681198,0.06628415733575821,0.12182649970054626,-0.045389577746391296,-0.0025780354626476765,0.02389153651893139,0.04299837723374367,0.16762253263882276,0.07064828500905533,0.13206181603760997,-0.04898449591449191,-0.0025153833025939472,0.023709509419761216,,,,,,,,,,,,
1.1600000000000001,grasp,,,,,,,,,,,,,,,,,,,,,0.18247844278812408,0.07642848789691925,0.1390867531299591,-0.05295170098543167,-0.0022004919592291117,0.023506199941039085,0.04299837723374367,0.21279210145330152,0.08665909635152097,0.1596184329163985,-0.06096237537775931,-0.002268547003771834,0.02310617645348409,,,,,,,,,,,,
1.1800000000000002,grasp,,,,,,,,,,,,,,,,,,,,,0.19721703231334686,0.08159282058477402,0.14821456372737885,-0.05684296041727066,-0.0023476548958569765,0.023314785212278366,0.04299837723374367,0.21279210145330152,0.08665909635152097,0.1596184329163985,-0.06096237537775931,-0.002268547003771834,0.02310617645348409,,,,,,,,,,,,
1.2000000000000002,grasp,,,,,,,,,,,,,,,,,,,,,0.2292425036430359,0.09299077838659286,0.16763728857040405,-0.06535211950540543,-0.0019251730991527438,0.0228812824934721,0.04299837723374367,0.26335195699633496,0.10455474287237067,0.1904612070760148,-0.07436893269273498,-0.0019922694180795394,0.022430884294413287,,,,,,,,,,,,
1.2200000000000002,grasp,,,,,,,,,,,,,,,,,,,,,0.2458270788192749,0.09879466891288757,0.1779031604528427,-0.06973088532686234,-0.002087901346385479,0.02266577258706093,0.04299837723374367,0.26335195699633496,0.10455474287237067,0.1904612070760148,-0.07436893269273498,-0.0019922694180795394,0.022430884294413287,,,,,,,,,,,,
1.2400000000000002,grasp,,,,,,,,,,,,,,,,,,,,,0.2813296318054199,0.11141180247068405,0.1994347721338272,-0.07916329056024551,-0.0016219511162489653,0.02218536101281643,0.04299837723374367,0.3191396540514334,0.1242732461027411,0.22449089293390054,-0.08916101316081676,-0.0016874415945895692,0.021685814413917242,,,,,,,,,,,,
1.26,grasp,,,,,,,,,,,,,,,,,,,,,0.2997138500213623,0.11783809214830399,0.21080908179283142,-0.08401735872030258,-0.0017994133522734046,0.021946348249912262,0.04299837723374367,0.3191396540514334,0.1242732461027411,0.22449089293390054,-0.08916101316081676,-0.0016874415945895692,0.021685814413917242,,,,,,,,,,,,
1.28,grasp,,,,,,,,,,,,,,,,,,,,,0.338557630777359,0.13162755966186523,0.23436763882637024,-0.09433688223361969,-0.0012920718872919679,0.021420849487185478,0.04299837723374367,0.3799232438853404,0.14573703425854406,0.26156676322069217,-0.10527727939869938,-0.0013553291941061838,0.020874050762524642,,,,,,,,,,,,
1.3,grasp,,,,,,,,,,,,,,,,,,,,,0.3586708605289459,0.13865260779857635,0.24680578708648682,-0.09964773803949356,-0.001483175321482122,0.021159226074814796,0.04299837723374367,0.3799232438853404,0.14573703425854406,0.26156676322069217,-0.10527727939869938,-0.0013553291941061838,0.020874050762524642,,,,,,,,,,,,
1.32,grasp,,,,,,,,,,,,,,,,,,,,,0.40067824721336365,0.15355190634727478,0.27228447794914246,-0.11080733686685562,-0.0009370327461510897,0.020591069012880325,0.04299837723374367,0.4454106129328705,0.1688433506953747,0.301510912084147,-0.12264042687233999,-0.0009975240943277367,0.019999488844066732,,,,,,,,,,,,
1.34,grasp,,,,,,,,,,,,,,,,,,,,,0.42242884635925293,0.16114428639411926,0.28572866320610046,-0.11655078083276749,-0.0011406769044697285,0.020308014005422592,0.04299837723374367,0.4454106129328705,0.1688433506953747,0.301510912084147,-0.12264042687233999,-0.0009975240943277367,0.019999488844066732,,,,,,,,,,,,
1.36,grasp,,,,,,,,,,,,,,,,,,,,,0.46738478541374207,0.17707638442516327,0.3129971921443939,-0.12849338352680206,-0.0005586492479778826,0.019700102508068085,0.04299837723374367,0.5152548522518806,0.19346784937861214,0.3441117279242107,-0.1411586725366624,-0.000615913163894071,0.019066750493567996,,,,,,,,,,,,
1.3800000000000001,grasp,,,,,,,,,,,,,,,,,,,,,0.4906613528728485,0.18519696593284607,0.32737797498703003,-0.13464011251926422,-0.0007736249826848507,0.019397053867578506,0.04299837723374367,0.5152548522518806,0.19346784937861214,0.3441117279242107,-0.1411586725366624,-0.000615913163894071,0.019066750493567996,,,,,,,,,,,,
1.4,grasp,,,,,,,,,,,,,,,,,,,,,0.538316011428833,0.20207467675209045,0.3562851548194885,-0.14729949831962585,-0.00015901260485406965,0.01875275932252407,0.04299837723374367,0.5890581011628119,0.2194736907098304,0.3891269202680682,-0.16072673053414166,-0.0002126651315256577,0.018081134270378486,,,,,,,,,,,,
1.42,grasp,,,,,,,,,,,,,,,,,,,,,0.5629894137382507,0.2106793224811554,0.3715217113494873,-0.15381552278995514,-0.0003839460259769112,0.018431372940540314,0.04299837723374367,0.5890581011628119,0.2194736907098304,0.3891269202680682,-0.16072673053414166,-0.0002126651315256577,0.018081134270378486,,,,,,,,,,,,
1.44,grasp,,,,,,,,,,,,,,,,,,,,,0.6130635142326355,0.22840306162834167,0.4018988311290741,-0.16711771488189697,0.0002596175472717732,0.017754461616277695,0.04299837723374367,0.6663800849633644,0.2467034395780737,0.43628822629769537,-0.18122808763843926,0.00020981280916597075,0.01704850260046737,,,,,,,,,,,,
1.46,grasp,,,,,,,,,,,,,,,,,,,,,0.6389894485473633,0.23744124174118042,0.41790130734443665,-0.17396485805511475,2.577844134066254e-05,0.01741683855652809,0.04299837723374367,0.6663800849633644,0.2467034395780737,0.43628822629769537,-0.18122808763843926,0.00020981280916597075,0.01704850260046737,,,,,,,,,,,,
1.48,grasp,,,,,,,,,,,,,,,,,,,,,0.6911761164665222,0.2559037208557129,0.44956260919570923,-0.18782779574394226,0.0006460162112489343,0.016716763377189636,0.04299837723374367,0.7467415317965111,0.27499133729698194,0.48530344933195235,-0.20253564910405922,0.0006488995486903018,0.01597525764084451,,,,,,,,,,,,
1.5,grasp,,,,,,,,,,,,,,,,,,,,,0.718198299407959,0.26532095670700073,0.46623313426971436,-0.19496427476406097,0.00040379457641392946,0.016361182555556297,0.04299837723374367,0.7467415317965111,0.27499133729698194,0.48530344933195235,-0.20253564910405922,0.0006488995486903018,0.01597525764084451,,,,,,,,,,,,
1.52,grasp,,,,,,,,,,,,,,,,,,,,,0.7721677422523499,0.2844058871269226,0.4989791512489319,-0.20930178463459015,0.0010688394540920854,0.015635881572961807,0.04299837723374367,0.829632351525109,0.30415617221663466,0.5358611194502713,-0.2245141660669728,0.0011018101108544224,0.014868212069140529,,,,,,,,,,,,
1.54,grasp,,,,,,,,,,,,,,,,,,,,,0.800114095211029,0.2941427528858185,0.5162122845649719,-0.21668286621570587,0.0008342487271875143,0.015268566086888313,0.04299837723374367,0.829632351525109,0.30415617221663466,0.5358611194502713,-0.2245141660669728,0.0011018101108544224,0.014868212069140529,,,,,,,,,,,,
1.56,grasp,,,,,,,,,,,,,,,,,,,,,0.8555237650871277,0.3137284815311432,0.5498324632644653,-0.23140236735343933,0.0015125246718525887,0.014523751102387905,0.04299837723374367,0.9145151824590166,0.3340115590132849,0.5876333899059515,-0.24702107737862122,0.001565611934404003,0.013734543976060054,,,,,,,,,,,,
1.58,grasp,,,,,,,,,,,,,,,,,,,,,0.8842125535011292,0.32372304797172546,0.5675170421600342,-0.2389805018901825,0.001284575555473566,0.014145922847092152,0.04299837723374367,0.9145151824590166,0.3340115590132849,0.5876333899059515,-0.24702107737862122,0.001565611934404003,0.013734543976060054,,,,,,,,,,,,
1.6,grasp,,,,,,,,,,,,,,,,,,,,,0.9406998157501221,0.3436817526817322,0.6017922163009644,-0.25398609042167664,0.0019736220128834248,0.013386737555265427,0.04299837723374367,1.0008329978085246,0.3643607720969405,0.6402805171491026,-0.26990889455713396,0.00203727420271139,0.012581647318028482,,,,,,,,,,,,
1.62,grasp,,,,,,,,,,,,,,,,,,,,,0.9699440002441406,0.3538685142993927,0.6198131442070007,-0.2617117166519165,0.0017500235699117184,0.01300124917179346,0.04299837723374367,1.0008329978085246,0.3643607720969405,0.6402805171491026,-0.26990889455713396,0.00203727420271139,0.012581647318028482,,,,,,,,,,,,
1.6400000000000001,grasp,,,,,,,,,,,,,,,,,,,,,1.027134656906128,0.374069482088089,0.6545161008834839,-0.2769041657447815,0.0024433762300759554,0.012232615612447262,0.04299837723374367,1.0880135188023239,0.39500483775916473,0.693453740677298,-0.2930257293293659,0.0025136632419707843,0.011417181928956056,,,,,,,,,,,,
1.6600000000000001,grasp,,,,,,,,,,,,,,,,,,,,,1.0567424297332764,0.38438183069229126,0.6727540493011475,-0.28472626209259033,0.002222269307821989,0.011842147447168827,0.04299837723374367,1.0880135188023239,0.39500483775916473,0.693453740677298,-0.2930257293293659,0.0025136632419707843,0.011417181928956056,,,,,,,,,,,,
1.6800000000000002,grasp,,,,,,,,,,,,,,,,,,,,,1.114255428314209,0.404691219329834,0.7076544165611267,-0.3000045120716095,0.002917045960202813,0.011069141328334808,0.04299837723374367,1.1754762255173408,0.4257398463933967,0.7467993630452276,-0.3162175533442295,0.002991591374696778,0.010248959438991472,,,,,,,,,,,,
1.7000000000000002,grasp,,,,,,,,,,,,,,,,,,,,,1.1440309286117554,0.41506099700927734,0.725989043712616,-0.30787113308906555,0.002697004470974207,0.010676415637135506,0.04299837723374367,1.1754762255173408,0.4257398463933967,0.7467993630452276,-0.3162175533442295,0.002991591374696778,0.010248959438991472,,,,,,,,,,,,
1.7200000000000002,grasp,,,,,,,,,,,,,,,,,,,,,1.2014811038970947,0.43534401059150696,0.7608548998832703,-0.32313328981399536,0.003390960395336151,0.009904084727168083,0.04299837723374367,1.262637671441447,0.4563618457579968,0.7999616218064823,-0.33932957741822384,0.0034678675497264062,0.009084778156301265,,,,,,,,,,,,
1.7400000000000002,grasp,,,,,,,,,,,,,,,,,,,,,1.2312289476394653,0.4457021951675415,0.7791639566421509,-0.3309920132160187,0.0031706022564321756,0.009511850774288177,0.04299837723374367,1.262637671441447,0.4563618457579968,0.7999616218064823,-0.33932957741822384,0.0034678675497264062,0.009084778156301265,,,,,,,,,,,,
1.7600000000000002,grasp,,,,,,,,,,,,,,,,,,,,,1.2882330417633057,0.46582478284835815,0.813761830329895,-0.34613630175590515,0.003861520905047655,0.008745206519961357,0.04299837723374367,1.348917668658692,0.486668552318606,0.8525858574307538,-0.3622078918108577,0.003939333964231895,0.007932346755946446,,,,,,,,,,,,
1.7800000000000002,grasp,,,,,,,,,,,,,,,,,,,,,1.317754864692688,0.4761030375957489,0.8319239616394043,-0.3539346754550934,0.003639962524175644,0.008356177248060703,0.04299837723374367,1.348917668658692,0.486668552318606,0.8525858574307538,-0.3622078918108577,0.003939333964231895,0.007932346755946446,,,,,,,,,,,,
1.8000000000000003,grasp,,,,,,,,,,,,,,,,,,,,,1.373931884765625,0.4959319233894348,0.8660248517990112,-0.3688608407974243,0.004325373563915491,0.007600229233503342,0.04299837723374367,1.433744342420648,0.5164595691669979,0.904324417773971,-0.38470105760555817,0.004402868766910017,0.0067992950657418,,,,,,,,,,,,
1.8200000000000003,grasp,,,,,,,,,,,,,,,,,,,,,1.40303373336792,0.506061851978302,0.8839201331138611,-0.376547247171402,0.0041016992181539536,0.007217065896838903,0.04299837723374367,1.433744342420648,0.5164595691669979,0.904324417773971,-0.38470105760555817,0.004402868766910017,0.0067992950657418,,,,,,,,,,,,
1.8399999999999999,grasp,,,,,,,,,,,,,,,,,,,,,1.4580131769180298,0.5254671573638916,0.917300283908844,-0.3911571204662323,0.004779762588441372,0.006476675160229206,0.04299837723374367,1.5165603516946415,0.5455400426003401,0.9548387966625809,-0.40666140282826707,0.004855419511758416,0.005693103270139854,,,,,,,,,,,,
1.8599999999999999,grasp,,,,,,,,,,,,,,,,,,,,,1.4865047931671143,0.5353825092315674,0.9348114728927612,-0.3986809253692627,0.004553692881017923,0.006102032493799925,0.04299837723374367,1.5165603516946415,0.5455400426003401,0.9548387966625809,-0.40666140282826707,0.004855419511758416,0.005693103270139854,,,,,,,,,,,,
1.88,grasp,,,,,,,,,,,,,,,,,,,,,1.5399326086044312,0.55423903465271,0.9672532081604004,-0.4128795862197876,0.0052315606735646725,0.005380798596888781,0.04299837723374367,1.596829597427091,0.57372296564737,1.0038014590120476,-0.4279469891818604,0.005294052368926492,0.004620942431186451,,,,,,,,,,,,
1.9,grasp,,,,,,,,,,,,,,,,,,,,,1.5676244497299194,0.5638756155967712,0.984266459941864,-0.42019185423851013,0.005011650733649731,0.005017764400690794,0.04299837723374367,1.596829597427091,0.57372296564737,1.0038014590120476,-0.4279469891818604,0.005294052368926492,0.004620942431186451,,,,,,,,,,,,
1.92,grasp,,,,,,,,,,,,,,,,,,,,,1.6191596984863281,0.5820631384849548,1.0155619382858276,-0.4338887631893158,0.005697809159755707,0.004318144638091326,0.04299837723374367,1.6740425751368704,0.6008302104393615,1.0509009591735412,-0.4484228035360105,0.0057159897992039585,0.0035896004117186397,,,,,,,,,,,,
1.94,grasp,,,,,,,,,,,,,,,,,,,,,1.6458736658096313,0.591359555721283,1.0319699048995972,-0.4409427046775818,0.005480835679918528,0.003970830235630274,0.04299837723374367,1.6740425751368704,0.6008302104393615,1.0509009591735412,-0.4484228035360105,0.0057159897992039585,0.0035896004117186397,,,,,,,,,,,,
1.96,grasp,,,,,,,,,,,,,,,,,,,,,1.695194959640503,0.6087647080421448,1.061923861503601,-0.4540520906448364,0.006116739474236965,0.003302524797618389,0.04299837723374367,1.747721547099739,0.6266939063719728,1.0958471098198863,-0.46796205368386934,0.006118649062392494,0.0026053885745399826,,,,,,,,,,,,
1.98,grasp,,,,,,,,,,,,,,,,,,,,,1.7207655906677246,0.6176630258560181,1.0776234865188599,-0.4608038067817688,0.00590007146820426,0.00296908151358366,0.04299837723374367,1.747721547099739,0.6266939063719728,1.0958471098198863,-0.46796205368386934,0.006118649062392494,0.0026053885745399826,,,,,,,,,,,,
2.0,grasp,,,,,,,,,,,,,,,,,,,,,1.7675737142562866,0.6341807842254639,1.106055498123169,-0.47324687242507935,0.006499632261693478,0.0023359337355941534,0.04299837723374367,1.817426751011522,0.6511605741859413,1.1383723359112752,-0.4864486894876947,0.00649963299440066,0.0016741643395103848,,,,,,,,,,,,
2.02,grasp,,,,,,,,,,,,,,,,,,,,,1.7918462753295898,0.6426268219947815,1.1209535598754883,-0.4796556234359741,0.006291688419878483,0.0020193441305309534,0.04299837723374367,1.817426751011522,0.6511605741859413,1.1383723359112752,-0.4864486894876947,0.00649963299440066,0.0016741643395103848,,,,,,,,,,,,
2.04,grasp,,,,,,,,,,,,,,,,,,,,,1.8358707427978516,0.6581633687019348,1.1476998329162598,-0.4913609027862549,0.006854946259409189,0.0014235272537916899,0.04299837723374367,1.8827611699278852,0.6740936381768203,1.1782365709696043,-0.5037793408051089,0.006856774097157856,0.0008012316942674583,,,,,,,,,,,,
2.06,grasp,,,,,,,,,,,,,,,,,,,,,1.858703851699829,0.6661091446876526,1.1617103815078735,-0.4973900020122528,0.0066587659530341625,0.0011260643368586898,0.04299837723374367,1.8827611699278852,0.6740936381768203,1.1782365709696043,-0.5037793408051089,0.006856774097157856,0.0008012316942674583,,,,,,,,,,,,
2.08,grasp,,,,,,,,,,,,,,,,,,,,,1.8992942571640015,0.6808218955993652,1.1864445209503174,-0.5078624486923218,0.007171763572841883,0.0005762787768617272,0.04299837723374367,1.9425282063282714,0.6958736547311243,1.214849236533076,-0.518970794836011,0.007172667085819658,2.215598822588787e-06,,,,,,,,,,,,
2.1,grasp,,,,,,,,,,,,,,,,,,,,,1.9203498363494873,0.6883523464202881,1.1993945837020874,-0.5132564902305603,0.00698943343013525,0.00030186251387931406,0.04299837723374367,1.9425282063282714,0.6958736547311243,1.214849236533076,-0.518970794836011,0.007172667085819658,2.215598822588787e-06,,,,,,,,,,,,
2.12,grasp,,,,,,,,,,,,,,,,,,,,,1.9308116436004639,0.7176937460899353,1.2100350856781006,-0.49443021416664124,0.006659608334302902,0.0001583913981448859,0.04299837723374367,1.9418433553912755,0.74862175881755,1.2231746151887612,-0.47440416469314345,0.0064504320819472084,2.021063345613006e-06,,,,,,,,,,,,
2.14,grasp,,,,,,,,,,,,,,,,,,,,,1.9361770153045654,0.7330546975135803,1.2154145240783691,-0.4847314953804016,0.006529324222356081,8.325360249727964e-05,0.04299837723374367,1.9418433553912755,0.74862175881755,1.2231746151887612,-0.47440416469314345,0.0064504320819472084,2.021063345613006e-06,,,,,,,,,,,,
2.16,grasp,,,,,,,,,,,,,,,,,,,,,1.9386188983917236,0.7640340328216553,1.221786379814148,-0.4601520895957947,0.006163541693240404,4.42822820332367e-05,0.04299837723374367,1.9412011890435705,0.7964649862727938,1.2305702090897104,-0.43401206184953517,0.005806980007585578,2.2802392257341998e-06,,,,,,,,,,,,
2.18,grasp,,,,,,,,,,,,,,,,,,,,,1.9398727416992188,0.7801609039306641,1.2249823808670044,-0.44748952984809875,0.005981058347970247,2.4194745492422953e-05,0.04299837723374367,1.9412011890435705,0.7964649862727938,1.2305702090897104,-0.43401206184953517,0.005806980007585578,2.2802392257341998e-06,,,,,,,,,,,,
2.2,grasp,,,,,,,,,,,,,,,,,,,,,1.9402397871017456,0.8090540170669556,1.2298702001571655,-0.4234802722930908,0.005614823661744595,1.3775721527053975e-05,0.04299837723374367,1.9406289686951033,0.8391939161016443,1.23715656575142,-0.3979459713787432,0.005233942269559207,2.511045971808165e-06,,,,,,,,,,,,
2.22,grasp,,,,,,,,,,,,,,,,,,,,,1.940430760383606,0.8240792155265808,1.2322993278503418,-0.4111115038394928,0.005427415017038584,8.384645298065152e-06,0.04299837723374367,1.9406289686951033,0.8391939161016443,1.23715656575142,-0.3979459713787432,0.005233942269559207,2.511045971808165e-06,,,,,,,,,,,,
2.24,grasp,,,,,,,,,,,,,,,,,,,,,1.9402875900268555,0.8498939871788025,1.2364202737808228,-0.3893834054470062,0.0050888340920209885,5.663775027642259e-06,0.04299837723374367,1.940126571625519,0.8767197722134772,1.2429383739500286,-0.366273050427863,0.004730987735315141,2.71363760820699e-06,,,,,,,,,,,,
2.2600000000000002,grasp,,,,,,,,,,,,,,,,,,,,,1.94021475315094,0.8633124232292175,1.2384517192840576,-0.37818992137908936,0.004914599936455488,4.2546316763036884e-06,0.04299837723374367,1.940126571625519,0.8767197722134772,1.2429383739500286,-0.366273050427863,0.004730987735315141,2.71363760820699e-06,,,,,,,,,,,,
2.2800000000000002,grasp,,,,,,,,,,,,,,,,,,,,,1.9399679899215698,0.8857868909835815,1.2419885396957397,-0.35919952392578125,0.0046152682043612,3.603397090046201e-06,0.04299837723374367,1.9396933605472326,0.9090316469105626,1.2479210089495643,-0.3389984355608054,0.004297616920471057,2.8881905805523572e-06,,,,,,,,,,,,
2.3000000000000003,grasp,,,,,,,,,,,,,,,,,,,,,1.9398399591445923,0.8974653482437134,1.243721604347229,-0.3494165241718292,0.004461151547729969,3.262855898356065e-06,0.04299837723374367,1.9396933605472326,0.9090316469105626,1.2479210089495643,-0.3389984355608054,0.004297616920471057,2.8881905805523572e-06,,,,,,,,,,,,
2.3200000000000003,grasp,,,,,,,,,,,,,,,,,,,,,1.9395983219146729,0.9165663123130798,1.2467252016067505,-0.33325546979904175,0.004204909782856703,3.157514356644242e-06,0.04299837723374367,1.9393280238742379,0.9362011491487456,1.2521186144980494,-0.31606082488047094,0.003932603882891489,3.035218858487712e-06,,,,,,,,,,,,
2.3400000000000003,grasp,,,,,,,,,,,,,,,,,,,,,1.9394723176956177,0.9264889359474182,1.248189926147461,-0.3249299228191376,0.004073017742484808,3.0984529075794853e-06,0.04299837723374367,1.9393280238742379,0.9362011491487456,1.2521186144980494,-0.31606082488047094,0.003932603882891489,3.035218858487712e-06,,,,,,,,,,,,
2.36,grasp,,,,,,,,,,,,,,,,,,,,,1.9392633438110352,0.9422845840454102,1.2506827116012573,-0.31155794858932495,0.003860092256218195,3.1295103326556273e-06,0.04299837723374367,1.9390287347240087,0.9583872289354525,1.2555561508732136,-0.29732714859561493,0.00363371154277976,3.1556061300095633e-06,,,,,,,,,,,,
2.38,grasp,,,,,,,,,,,,,,,,,,,,,1.939153790473938,0.9504880905151367,1.2518945932388306,-0.3046693205833435,0.0037505386862903833,3.140610715490766e-06,0.04299837723374367,1.9390287347240087,0.9583872289354525,1.2555561508732136,-0.29732714859561493,0.00363371154277976,3.1556061300095633e-06,,,,,,,,,,,,
2.4,grasp,,,,,,,,,,,,,,,,,,,,,1.93898344039917,0.9631181359291077,1.2538986206054688,-0.29397380352020264,0.0035794784780591726,3.196587158527109e-06,0.04299837723374367,1.9387921044724106,0.9758408369873529,1.258271727656394,-0.28258711247531154,0.00339761643482746,3.2507022691391943e-06,,,,,,,,,,,,
2.42,grasp,,,,,,,,,,,,,,,,,,,,,1.9388948678970337,0.9696758389472961,1.2548714876174927,-0.28846389055252075,0.003491514129564166,3.2206471587414853e-06,0.04299837723374367,1.9387921044724106,0.9758408369873529,1.258271727656394,-0.28258711247531154,0.00339761643482746,3.2507022691391943e-06,,,,,,,,,,,,
2.44,grasp,,,,,,,,,,,,,,,,,,,,,1.9387630224227905,0.9793458580970764,1.256415843963623,-0.2802729606628418,0.0033598430454730988,3.271770083301817e-06,0.04299837723374367,1.9386138219785964,0.9889098476648929,1.260316597933735,-0.27154759535279316,0.0032198551273066086,3.3222993026424247e-06,,,,,,,,,,,,
2.46,grasp,,,,,,,,,,,,,,,,,,,,,1.938693642616272,0.9843646883964539,1.2571665048599243,-0.2760532796382904,0.0032921445090323687,3.294994030511589e-06,0.04299837723374367,1.9386138219785964,0.9889098476648929,1.260316597933735,-0.27154759535279316,0.0032198551273066086,3.3222993026424247e-06,,,,,,,,,,,,
2.48,grasp,,,,,,,,,,,,,,,,,,,,,1.938597559928894,0.9913462996482849,1.2582932710647583,-0.27013638615608215,0.0031962557695806026,3.333743961775326e-06,0.04299837723374367,1.938487842103931,0.9980437817295342,1.2617607303176677,-0.2638278831764384,0.00309432146599805,3.3728597930386815e-06,,,,,,,,,,,,
2.5,grasp,,,,,,,,,,,,,,,,,,,,,1.938546895980835,0.9949677586555481,1.2588419914245605,-0.2670883238315582,0.0031469494570046663,3.351694431330543e-06,0.04299837723374367,1.938487842103931,0.9980437817295342,1.2617607303176677,-0.2638278831764384,0.00309432146599805,3.3728597930386815e-06,,,,,,,,,,,,
2.52,grasp,,,,,,,,,,,,,,,,,,,,,1.9384827613830566,0.9996023178100586,1.2596020698547363,-0.26315462589263916,0.00308231171220541,3.378966994205257e-06,0.04299837723374367,1.9384068459595738,1.0037989055661802,1.2626889693115861,-0.25895358055152307,0.00301363772918077,3.4053561840210152e-06,,,,,,,,,,,,
2.54,grasp,,,,,,,,,,,,,,,,,,,,,1.9384485483169556,1.002004861831665,1.2599749565124512,-0.26112809777259827,0.003049064427614212,3.391539394215215e-06,0.04299837723374367,1.9384068459595738,1.0037989055661802,1.2626889693115861,-0.25895358055152307,0.00301363772918077,3.4053561840210152e-06,,,,,,,,,,,,
2.56,grasp,,,,,,,,,,,,,,,,,,,,,1.9384104013442993,1.0047101974487305,1.2604278326034546,-0.25882673263549805,0.0030106669291853905,3.408023758311174e-06,0.04299837723374367,1.9383628909141446,1.0068526576697496,1.2631921106119561,-0.256360477121961,0.0029698989682117416,3.4229721749409343e-06,,,,,,,,,,,,
2.58,grasp,,,,,,,,,,,,,,,,,,,,,1.9383902549743652,1.006110668182373,1.2606515884399414,-0.2576409876346588,0.0029909000732004642,3.4158003927586833e-06,0.04299837723374367,1.9383628909141446,1.0068526576697496,1.2631921106119561,-0.256360477121961,0.0029698989682117416,3.4229721749409343e-06,,,,,,,,,,,,
2.6,grasp,,,,,,,,,,,,,,,,,,,,,1.9383715391159058,1.007382869720459,1.260867953300476,-0.25655677914619446,0.0029726375360041857,3.4235808925586753e-06,0.04299837723374367,1.9383462369163866,1.0080016653045096,1.2633831065899113,-0.2553838314429643,0.00295330927496505,3.429654089215239e-06,,,,,,,,,,,,
2.62,grasp,,,,,,,,,,,,,,,,,,,,,1.9383612871170044,1.008042573928833,1.2609773874282837,-0.25599804520606995,0.002963235368952155,3.4274582958460087e-06,0.04299837723374367,1.9383462369163866,1.0080016653045096,1.2633831065899113,-0.2553838314429643,0.00295330927496505,3.429654089215239e-06,,,,,,,,,,,,
2.6384740763530137,grasp,,,,,,,,,,,,,,,,,,,,,1.9383546113967896,1.0084625482559204,1.2610492706298828,-0.25564494729042053,0.0029572551138699055,3.430597871556529e-06,0.04299837723374367,1.93834388256073,1.0081595182418823,1.2634092569351196,-0.25524964928627014,0.0029510280583053827,3.4305726330785546e-06,,,,,,,,,,,,
2.6384740763530137,grasp,,,,,,,,,,,,,,,,,,,,,,,,,,,0.04299995116889477,,,,,,,0.0,,,,,,,,,,,
2.6584740763530137,grasp,,,,,,,,,,,,,,,,,,,,,,,,,,,0.04298570193350315,,,,,,,0.0,,,,,,,,,,,
2.6784740763530137,grasp,,,,,,,,,,,,,,,,,,,,,,,,,,,0.04289054311811924,,,,,,,0.0,,,,,,,,,,,
2.6984740763530137,grasp,,,,,,,,,,,,,,,,,,,,,,,,,,,0.04266201891005039,,,,,,,0.0,,,,,,,,,,,
2.7184740763530137,grasp,,,,,,,,,,,,,,,,,,,,,,,,,,,0.04227674938738346,,,,,,,0.0,,,,,,,,,,,
2.7384740763530138,grasp,,,,,,,,,,,,,,,,,,,,,,,,,,,0.04170387051999569,,,,,,,0.0,,,,,,,,,,,
2.758474076353014,grasp,,,,,,,,,,,,,,,,,,,,,,,,,,,0.040925001725554466,,,,,,,0.0,,,,,,,,,,,
2.778474076353014,grasp,,,,,,,,,,,,,,,,,,,,,,,,,,,0.03993437439203262,,,,,,,0.0,,,,,,,,,,,
2.798474076353014,grasp,,,,,,,,,,,,,,,,,,,,,,,,,,,0.03872957266867161,,,,,,,0.0,,,,,,,,,,,
2.818474076353014,grasp,,,,,,,,,,,,,,,,,,,,,,,,,,,0.038024187088012695,,,,,,,0.0,,,,,,,,,,,
2.838474076353014,grasp,,,,,,,,,,,,,,,,,,,,,,,,,,,0.038009919226169586,,,,,,,0.0,,,,,,,,,,,
2.858474076353014,grasp,,,,,,,,,,,,,,,,,,,,,,,,,,,0.037987152114510536,,,,,,,0.0,,,,,,,,,,,
2.8784740763530134,grasp,,,,,,,,,,,,,,,,,,,,,,,,,,,0.03796070255339146,,,,,,,0.0,,,,,,,,,,,
2.898474076353014,grasp,,,,,,,,,,,,,,,,,,,,,,,,,,,0.03793259151279926,,,,,,,0.0,,,,,,,,,,,
2.9184740763530135,grasp,,,,,,,,,,,,,,,,,,,,,,,,,,,0.03790300153195858,,,,,,,0.0,,,,,,,,,,,
2.9384740763530135,grasp,,,,,,,,,,,,,,,,,,,,,,,,,,,0.0378729272633791,,,,,,,0.0,,,,,,,,,,,
2.9584740763530135,grasp,,,,,,,,,,,,,,,,,,,,,,,,,,,0.0378404725342989,,,,,,,0.0,,,,,,,,,,,
2.9784740763530135,grasp,,,,,,,,,,,,,,,,,,,,,,,,,,,0.037808554247021675,,,,,,,0.0,,,,,,,,,,,
2.9984740763530136,grasp,,,,,,,,,,,,,,,,,,,,,,,,,,,0.037776682525873184,,,,,,,0.0,,,,,,,,,,,
3.0184740763530136,grasp,,,,,,,,,,,,,,,,,,,,,,,,,,,0.03774542175233364,,,,,,,0.0,,,,,,,,,,,
3.0384740763530136,grasp,,,,,,,,,,,,,,,,,,,,,,,,,,,0.037714989855885506,,,,,,,0.0,,,,,,,,,,,
3.0584740763530136,grasp,,,,,,,,,,,,,,,,,,,,,,,,,,,0.03768589720129967,,,,,,,0.0,,,,,,,,,,,
3.0784740763530136,grasp,,,,,,,,,,,,,,,,,,,,,,,,,,,0.03765850141644478,,,,,,,0.0,,,,,,,,,,,
3.0984740763530136,grasp,,,,,,,,,,,,,,,,,,,,,,,,,,,0.03763134777545929,,,,,,,0.0,,,,,,,,,,,
3.1184740763530137,grasp,,,,,,,,,,,,,,,,,,,,,,,,,,,0.037611253559589386,,,,,,,0.0,,,,,,,,,,,
3.1384740763530137,grasp,,,,,,,,,,,,,,,,,,,,,,,,,,,0.03759105131030083,,,,,,,0.0,,,,,,,,,,,
3.1584740763530137,grasp,,,,,,,,,,,,,,,,,,,,,,,,,,,0.03757347725331783,,,,,,,0.0,,,,,,,,,,,
3.1784740763530137,grasp,,,,,,,,,,,,,,,,,,,,,,,,,,,0.03755860961973667,,,,,,,0.0,,,,,,,,,,,
3.1984740763530137,grasp,,,,,,,,,,,,,,,,,,,,,,,,,,,0.03754703141748905,,,,,,,0.0,,,,,,,,,,,
3.2184740763530137,grasp,,,,,,,,,,,,,,,,,,,,,,,,,,,0.03753766603767872,,,,,,,0.0,,,,,,,,,,,
3.2384740763530138,grasp,,,,,,,,,,,,,,,,,,,,,,,,,,,0.03753100521862507,,,,,,,0.0,,,,,,,,,,,
3.258474076353014,grasp,,,,,,,,,,,,,,,,,,,,,,,,,,,0.037526680156588554,,,,,,,0.0,,,,,,,,,,,
3.278474076353014,grasp,,,,,,,,,,,,,,,,,,,,,,,,,,,0.03752428665757179,,,,,,,0.0,,,,,,,,,,,
3.298474076353014,grasp,,,,,,,,,,,,,,,,,,,,,,,,,,,0.03752337954938412,,,,,,,0.0,,,,,,,,,,,
3.318474076353014,grasp,,,,,,,,,,,,,,,,,,,,,,,,,,,0.03752324730157852,,,,,,,0.0,,,,,,,,,,,
3.318474076353014,grasp,,,,,,,,,,,,,,,,,,,,,1.938181757926941,1.008844017982483,1.2614635229110718,-0.25526362657546997,0.003378264605998993,0.007230509538203478,0.03752324730157852,1.93834388256073,1.0081595182418823,1.2634092569351196,-0.25524964928627014,0.0029510280583053827,3.4305726330785546e-06,,,,,,,,,,,,
3.338474076353014,grasp,,,,,,,,,,,,,,,,,,,,,1.9381928443908691,1.0088311433792114,1.2614378929138184,-0.2552639842033386,0.0033525382168591022,0.006927721202373505,0.03752324730157852,1.93834388256073,1.0081595182418823,1.2634092569351196,-0.25524964928627014,0.0029510280583053827,3.4305726330785546e-06,,,,,,,,,,,,
3.358474076353014,grasp,,,,,,,,,,,,,,,,,,,,,1.9381998777389526,1.0087840557098389,1.2613939046859741,-0.255302369594574,0.003339864546433091,0.0067717391066253185,0.03752324730157852,1.9383452608464684,1.0080674547439188,1.2633940144956601,-0.2553279071121965,0.002952358542072873,3.4300369292998274e-06,,,,,,,,,,,,
3.378474076353014,grasp,,,,,,,,,,,,,,,,,,,,,1.9382046461105347,1.0087604522705078,1.2613614797592163,-0.25532227754592896,0.003333787666633725,0.006691374350339174,0.03752324730157852,1.9383452608464684,1.0080674547439188,1.2633940144956601,-0.2553279071121965,0.002952358542072873,3.4300369292998274e-06,,,,,,,,,,,,
3.398474076353014,grasp,,,,,,,,,,,,,,,,,,,,,1.9382179975509644,1.0084638595581055,1.2612025737762451,-0.2555912137031555,0.0033429432660341263,0.006650143302977085,0.03752324730157852,1.9383543572358182,1.0074418003193126,1.2632899575684633,-0.2558597554045805,0.0029613989139470314,3.426395754374086e-06,,,,,,,,,,,,
3.418474076353014,grasp,,,,,,,,,,,,,,,,,,,,,1.9382317066192627,1.0083152055740356,1.2612426280975342,-0.2557288110256195,0.003350241342559457,0.006628816016018391,0.03752324730157852,1.9383543572358182,1.0074418003193126,1.2632899575684633,-0.2558597554045805,0.0029613989139470314,3.426395754374086e-06,,,,,,,,,,,,
3.438474076353014,grasp,,,,,,,,,,,,,,,,,,,,,1.938245177268982,1.0074392557144165,1.2610688209533691,-0.25647780299186707,0.0033649192191660404,0.006617884151637554,0.03752324730157852,1.9383781408241239,1.0057975328800708,1.2630175679962532,-0.25725689080249003,0.0029850728179723427,3.4168608709353137e-06,,,,,,,,,,,,
3.458474076353014,grasp,,,,,,,,,,,,,,,,,,,,,1.9382493495941162,1.0069868564605713,1.2609760761260986,-0.25686368346214294,0.00337491394020617,0.00661220820620656,0.03752324730157852,1.9383781408241239,1.0057975328800708,1.2630175679962532,-0.25725689080249003,0.0029850728179723427,3.4168608709353137e-06,,,,,,,,,,,,
3.478474076353014,grasp,,,,,,,,,,,,,,,,,,,,,1.9382721185684204,1.0052666664123535,1.260656714439392,-0.2583371698856354,0.0034061474725604057,0.0066092354245483875,0.03752324730157852,1.9384224691736582,1.002699618499413,1.2625100559005409,-0.2598856126873175,0.0030291882519643547,3.399093007876146e-06,,,,,,,,,,,,
3.498474076353014,grasp,,,,,,,,,,,,,,,,,,,,,1.9382840394973755,1.0043816566467285,1.260443091392517,-0.2590966522693634,0.003425158094614744,0.006607400253415108,0.03752324730157852,1.9384224691736582,1.002699618499413,1.2625100559005409,-0.2598856126873175,0.0030291882519643547,3.399093007876146e-06,,,,,,,,,,,,
3.518474076353014,grasp,,,,,,,,,,,,,,,,,,,,,1.9383203983306885,1.0015544891357422,1.2598512172698975,-0.2615162134170532,0.003484499640762806,0.006606271490454674,0.03752324730157852,1.9384917804939232,0.9977602424649427,1.2617155664071014,-0.26406769289353504,0.0030982474306769764,3.371278561546717e-06,,,,,,,,,,,,
3.538474076353014,grasp,,,,,,,,,,,,,,,,,,,,,1.938319206237793,1.0000656843185425,1.2596646547317505,-0.26276153326034546,0.003569661872461438,0.006598318461328745,0.03752324730157852,1.9384917804939232,0.9977602424649427,1.2617155664071014,-0.26406769289353504,0.0030982474306769764,3.371278561546717e-06,,,,,,,,,,,,
3.558474076353014,grasp,,,,,,,,,,,,,,,,,,,,,1.938424825668335,0.995903730392456,1.2587546110153198,-0.2663232088088989,0.003590088337659836,0.00659868773072958,0.03752324730157852,1.9385900166100392,0.990640895321439,1.2605893969566495,-0.27008502849871424,0.0031961418564747275,3.331850192796007e-06,,,,,,,,,,,,
3.5784740763530136,grasp,,,,,,,,,,,,,,,,,,,,,1.9385409355163574,0.9937613606452942,1.2582036256790161,-0.2681606411933899,0.003430197713896632,0.006597418338060379,0.03752324730157852,1.9385900166100392,0.990640895321439,1.2605893969566495,-0.27008502849871424,0.0031961418564747275,3.331850192796007e-06,,,,,,,,,,,,
3.598474076353014,grasp,,,,,,,,,,,,,,,,,,,,,1.938642978668213,0.9880271553993225,1.2571474313735962,-0.27303382754325867,0.003396102227270603,0.006592948455363512,0.03752324730157852,1.938721260769061,0.9810540061605362,1.2590856344720545,-0.2781837557995486,0.0033268579615136516,3.279202087300877e-06,,,,,,,,,,,,
3.6184740763530137,grasp,,,,,,,,,,,,,,,,,,,,,1.9386863708496094,0.9850209355354309,1.2567018270492554,-0.2755435109138489,0.0034151412546634674,0.006593035534024239,0.03752324730157852,1.938721260769061,0.9810540061605362,1.2590856344720545,-0.2781837557995486,0.0033268579615136516,3.279202087300877e-06,,,,,,,,,,,,
3.6384740763530137,grasp,,,,,,,,,,,,,,,,,,,,,1.9387879371643066,0.9775573015213013,1.2554645538330078,-0.2818729281425476,0.0035089103039354086,0.006592746824026108,0.03752324730157852,1.9388883011983624,0.9687555412666308,1.2571675789343546,-0.28857126615964385,0.0034936076131384664,3.212038486863037e-06,,,,,,,,,,,,
3.6584740763530137,grasp,,,,,,,,,,,,,,,,,,,,,1.9388483762741089,0.973625898361206,1.2549437284469604,-0.28513315320014954,0.0035476493649184704,0.006587396841496229,0.03752324730157852,1.9388883011983624,0.9687555412666308,1.2571675789343546,-0.28857126615964385,0.0034936076131384664,3.212038486863037e-06,,,,,,,,,,,,
3.6784740763530137,grasp,,,,,,,,,,,,,,,,,,,,,1.9389581680297852,0.9643322229385376,1.2532957792282104,-0.29304221272468567,0.0037069786339998245,0.006583046168088913,0.03752324730157852,1.9390941912942874,0.9535434187896795,1.2548044838313275,-0.30141742230389656,0.0036990704337647212,3.129280626637466e-06,,,,,,,,,,,,
3.6984740763530137,grasp,,,,,,,,,,,,,,,,,,,,,1.9390379190444946,0.95946204662323,1.2525856494903564,-0.297116219997406,0.0037096370942890644,0.0065841577015817165,0.03752324730157852,1.9390941912942874,0.9535434187896795,1.2548044838313275,-0.30141742230389656,0.0036990704337647212,3.129280626637466e-06,,,,,,,,,,,,
3.7184740763530137,grasp,,,,,,,,,,,,,,,,,,,,,1.9391781091690063,0.9481380581855774,1.2508535385131836,-0.3067004382610321,0.003872472094371915,0.006583573762327433,0.03752324730157852,1.9393407363708466,0.9352570398780969,1.2519725650496587,-0.31685795291267255,0.0039453033202136115,3.030103661319912e-06,,,,,,,,,,,,
3.7384740763530138,grasp,,,,,,,,,,,,,,,,,,,,,1.9392598867416382,0.9422339200973511,1.2500735521316528,-0.31163734197616577,0.003931923303753138,0.006583844311535358,0.03752324730157852,1.9393407363708466,0.9352570398780969,1.2519725650496587,-0.31685795291267255,0.0039453033202136115,3.030103661319912e-06,,,,,,,,,,,,
3.758474076353014,grasp,,,,,,,,,,,,,,,,,,,,,1.9394334554672241,0.9288418889045715,1.2479474544525146,-0.32297447323799133,0.004122791346162558,0.006583577021956444,0.03752324730157852,1.9396296592965863,0.9137745677418039,1.2486530679326562,-0.3349945936655855,0.004233956950700353,2.9138335162536186e-06,,,,,,,,,,,,
3.778474076353014,grasp,,,,,,,,,,,,,,,,,,,,,1.939527988433838,0.921866238117218,1.2469408512115479,-0.32881465554237366,0.0042100222781300545,0.0065836659632623196,0.03752324730157852,1.9396296592965863,0.9137745677418039,1.2486530679326562,-0.3349945936655855,0.004233956950700353,2.9138335162536186e-06,,,,,,,,,,,,
3.798474076353014,grasp,,,,,,,,,,,,,,,,,,,,,1.939733862876892,0.9063394069671631,1.2445281744003296,-0.3419577181339264,0.004422707483172417,0.006583374924957752,0.03752324730157852,1.9399618804326901,0.8890118185896396,1.2448330788029314,-0.35589767783922904,0.004566185812718099,2.7800162123970526e-06,,,,,,,,,,,,
3.818474076353014,grasp,,,,,,,,,,,,,,,,,,,,,1.9398448467254639,0.89825040102005,1.243343710899353,-0.3487285077571869,0.004521326161921024,0.0065838065929710865,0.03752324730157852,1.9399618804326901,0.8890118185896396,1.2448330788029314,-0.35589767783922904,0.004566185812718099,2.7800162123970526e-06,,,,,,,,,,,,
3.838474076353014,grasp,,,,,,,,,,,,,,,,,,,,,1.940077781677246,0.8805504441261292,1.2405434846878052,-0.3637124001979828,0.004768542479723692,0.0065833465196192265,0.03752324730157852,1.9403381081675792,0.8609209065178665,1.2405039255327117,-0.379607969629733,0.00494275299131665,2.6283383388318688e-06,,,,,,,,,,,,
3.858474076353014,grasp,,,,,,,,,,,,,,,,,,,,,1.9402050971984863,0.8713289499282837,1.239231824874878,-0.37143105268478394,0.0048785582184791565,0.006583498325198889,0.03752324730157852,1.9403381081675792,0.8609209065178665,1.2405039255327117,-0.379607969629733,0.00494275299131665,2.6283383388318688e-06,,,,,,,,,,,,
3.878474076353014,grasp,,,,,,,,,,,,,,,,,,,,,1.9404680728912354,0.8514333367347717,1.2361104488372803,-0.3882702887058258,0.005156402941793203,0.006583129055798054,0.03752324730157852,1.9407589375304755,0.8294881981719999,1.2356610784534765,-0.40613796405016356,0.005364050094397336,2.4586409881762926e-06,,,,,,,,,,,,
3.898474076353014,grasp,,,,,,,,,,,,,,,,,,,,,1.940608263015747,0.8410699367523193,1.2345705032348633,-0.3969452381134033,0.005288425832986832,0.0065834070555865765,0.03752324730157852,1.9407589375304755,0.8294881981719999,1.2356610784534765,-0.40613796405016356,0.005364050094397336,2.4586409881762926e-06,,,,,,,,,,,,
3.918474076353014,grasp,,,,,,,,,,,,,,,,,,,,,1.9409013986587524,0.8189881443977356,1.2311421632766724,-0.4156373143196106,0.0055918823927640915,0.006582953967154026,0.03752324730157852,1.9412243746718905,0.7947330945996607,1.230303056657859,-0.4354739912780652,0.005830224404034689,2.270876817100166e-06,,,,,,,,,,,,
3.938474076353014,grasp,,,,,,,,,,,,,,,,,,,,,1.941058874130249,0.8074826598167419,1.2294566631317139,-0.42526665329933167,0.00573175773024559,0.006583375856280327,0.03752324730157852,1.9412243746718905,0.7947330945996607,1.230303056657859,-0.4354739912780652,0.005830224404034689,2.270876817100166e-06,,,,,,,,,,,,
3.958474076353014,grasp,,,,,,,,,,,,,,,,,,,,,1.9413797855377197,0.7832373380661011,1.2256447076797485,-0.4457925260066986,0.006071926094591618,0.0065828836522996426,0.03752324730157852,1.9417346162041993,0.7567066463667775,1.2244272397900902,-0.46757753254371953,0.006341447217373009,2.064960191996278e-06,,,,,,,,,,,,
3.978474076353014,grasp,,,,,,,,,,,,,,,,,,,,,1.9415524005889893,0.7706068158149719,1.2237845659255981,-0.4563665986061096,0.006228599231690168,0.0065830172970891,0.03752324730157852,1.9417346162041993,0.7567066463667775,1.2244272397900902,-0.46757753254371953,0.006341447217373009,2.064960191996278e-06,,,,,,,,,,,,
3.998474076353014,grasp,,,,,,,,,,,,,,,,,,,,,1.9420194625854492,0.7441770434379578,1.2197293043136597,-0.47881388664245605,0.006601884961128235,0.006580899469554424,0.03752324730157852,1.9425343244009992,0.7153493961525448,1.2181196725042058,-0.5026415463930471,0.006904256189817889,-1.3598050550074053e-06,,,,,,,,,,,,
4.018474076353014,grasp,,,,,,,,,,,,,,,,,,,,,1.942269206047058,0.730404794216156,1.2176685333251953,-0.49037861824035645,0.006772185675799847,0.00658074114471674,0.03752324730157852,1.9425343244009992,0.7153493961525448,1.2181196725042058,-0.5026415463930471,0.006904256189817889,-1.3598050550074053e-06,,,,,,,,,,,,
4.038474076353014,grasp,,,,,,,,,,,,,,,,,,,,,1.9304648637771606,0.7092429995536804,1.2076225280761719,-0.501426637172699,0.006466875784099102,0.006749134510755539,0.03752324730157852,1.9175711969358145,0.6861713294736933,1.1994567591603744,-0.5131359006007411,0.0070491560087719085,0.0003360200348774293,,,,,,,,,,,,
4.058474076353014,grasp,,,,,,,,,,,,,,,,,,,,,1.9240484237670898,0.6983055472373962,1.2023005485534668,-0.5071143507957458,0.007236476521939039,0.006809782702475786,0.03752324730157852,1.9175711969358145,0.6861713294736933,1.1994567591603744,-0.5131359006007411,0.0070491560087719085,0.0003360200348774293,,,,,,,,,,,,
4.078474076353014,grasp,,,,,,,,,,,,,,,,,,,,,1.8970335721969604,0.6842362880706787,1.185021162033081,-0.5035666227340698,0.006017964333295822,0.007203145883977413,0.03752324730157852,1.867618514478313,0.6687781643975699,1.1689963153379987,-0.4997621108328021,0.006773989587736567,0.0010035743488807098,,,,,,,,,,,,
4.098474076353014,grasp,,,,,,,,,,,,,,,,,,,,,1.8824307918548584,0.6770519018173218,1.1758413314819336,-0.5017324090003967,0.007359195034950972,0.007357597351074219,0.03752324730157852,1.867618514478313,0.6687781643975699,1.1689963153379987,-0.4997621108328021,0.006773989587736567,0.0010035743488807098,,,,,,,,,,,,
4.118474076353014,grasp,,,,,,,,,,,,,,,,,,,,,1.8500343561172485,0.6643313765525818,1.1556906700134277,-0.49400779604911804,0.0058282483369112015,0.007823566906154156,0.03752324730157852,1.8148461378060592,0.6502547767391977,1.136797918927532,-0.48576425602740136,0.006485527888792561,0.0017086409468495183,,,,,,,,,,,,
4.138474076353014,grasp,,,,,,,,,,,,,,,,,,,,,1.832601547241211,0.6578369736671448,1.1451534032821655,-0.490021675825119,0.007221967913210392,0.007997802458703518,0.03752324730157852,1.8148461378060592,0.6502547767391977,1.136797918927532,-0.48576425602740136,0.006485527888792561,0.0017086409468495183,,,,,,,,,,,,
4.158474076353014,grasp,,,,,,,,,,,,,,,,,,,,,1.7974244356155396,0.6449735164642334,1.1233596801757812,-0.48083093762397766,0.005584454629570246,0.008492358960211277,0.03752324730157852,1.7592847535585776,0.6307526386876329,1.1029012666353517,-0.47102863693442387,0.006181847951100988,0.002450913603221631,,,,,,,,,,,,
4.178474076353014,grasp,,,,,,,,,,,,,,,,,,,,,1.7785474061965942,0.6384105086326599,1.1120821237564087,-0.4760890305042267,0.007001165300607681,0.00868622213602066,0.03752324730157852,1.7592847535585776,0.6307526386876329,1.1029012666353517,-0.47102863693442387,0.006181847951100988,0.002450913603221631,,,,,,,,,,,,
4.198474076353014,grasp,,,,,,,,,,,,,,,,,,,,,1.7414029836654663,0.6250749826431274,1.0892781019210815,-0.4661749303340912,0.005216345191001892,0.009205914102494717,0.03752324730157852,1.7011362770069511,0.6103413093360849,1.0674283994670584,-0.4556077875762508,0.005864051666506342,0.0032276944514670206,,,,,,,,,,,,
4.218474076353014,grasp,,,,,,,,,,,,,,,,,,,,,1.7214769124984741,0.6182640790939331,1.0772204399108887,-0.4610636234283447,0.006726141087710857,0.009405504912137985,0.03752324730157852,1.7011362770069511,0.6103413093360849,1.0674283994670584,-0.4556077875762508,0.005864051666506342,0.0032276944514670206,,,,,,,,,,,,
4.238474076353014,grasp,,,,,,,,,,,,,,,,,,,,,1.6826642751693726,0.6043984293937683,1.0533816814422607,-0.4506540298461914,0.004893380682915449,0.009949997998774052,0.03752324730157852,1.6406203259121248,0.5890969154399169,1.0305134276221566,-0.4395596186547519,0.00553334880188586,0.004036029489935479,,,,,,,,,,,,
4.258474076353014,grasp,,,,,,,,,,,,,,,,,,,,,1.6618833541870117,0.5973082184791565,1.0408293008804321,-0.4452873170375824,0.006413116119801998,0.010151701048016548,0.03752324730157852,1.6406203259121248,0.5890969154399169,1.0305134276221566,-0.4395596186547519,0.00553334880188586,0.004036029489935479,,,,,,,,,,,,
4.278474076353014,grasp,,,,,,,,,,,,,,,,,,,,,1.6216357946395874,0.5829421281814575,1.016093134880066,-0.4344698190689087,0.004335577599704266,0.010539133101701736,0.03752324730157852,1.5779732078791773,0.5671027051740978,0.9922993021455991,-0.4229466239144658,0.0051910113556465345,0.004872806516487853,,,,,,,,,,,,
4.298474076353013,grasp,,,,,,,,,,,,,,,,,,,,,1.5999972820281982,0.5755879282951355,1.0031180381774902,-0.4288954436779022,0.006268931087106466,0.01067380141466856,0.03752324730157852,1.5779732078791773,0.5671027051740978,0.9922993021455991,-0.4229466239144658,0.0051910113556465345,0.004872806516487853,,,,,,,,,,,,
4.318474076353014,grasp,,,,,,,,,,,,,,,,,,,,,1.5584551095962524,0.5607566833496094,0.9776054620742798,-0.41773027181625366,0.004170384723693132,0.011208370327949524,0.03752324730157852,1.5134454192748725,0.5444463534507284,0.9529387565607735,-0.40583539834178706,0.004838397890167586,0.005734709736618453,,,,,,,,,,,,
4.338474076353014,grasp,,,,,,,,,,,,,,,,,,,,,1.5362130403518677,0.5531776547431946,0.9641637802124023,-0.41197681427001953,0.005851116497069597,0.011391732841730118,0.03752324730157852,1.5134454192748725,0.5444463534507284,0.9529387565607735,-0.40583539834178706,0.004838397890167586,0.005734709736618453,,,,,,,,,,,,
4.358474076353014,grasp,,,,,,,,,,,,,,,,,,,,,1.4935119152069092,0.5379469394683838,0.9380729794502258,-0.4005089998245239,0.003787342458963394,0.011972925625741482,0.03752324730157852,1.4472999810749296,0.5212198073070368,0.9125926645497953,-0.38829558546334897,0.004476943925955054,0.006618228863123725,,,,,,,,,,,,
4.3784740763530134,grasp,,,,,,,,,,,,,,,,,,,,,1.470692753791809,0.5301697850227356,0.9242701530456543,-0.39460107684135437,0.005454405676573515,0.01215685810893774,0.03752324730157852,1.4472999810749296,0.5212198073070368,0.9125926645497953,-0.38829558546334897,0.004476943925955054,0.006618228863123725,,,,,,,,,,,,
4.398474076353014,grasp,,,,,,,,,,,,,,,,,,,,,1.4270232915878296,0.5145998597145081,0.8975251317024231,-0.38288137316703796,0.003385511226952076,0.012763788923621178,0.03752324730157852,1.3798107327969757,0.49751874013829595,0.871428338051295,-0.37039963909031987,0.004108148075174659,0.007519701766267118,,,,,,,,,,,,
4.418474076353014,grasp,,,,,,,,,,,,,,,,,,,,,1.4037144184112549,0.5066484808921814,0.883410632610321,-0.37684378027915955,0.005133114755153656,0.012991165742278099,0.03752324730157852,1.3798107327969757,0.49751874013829595,0.871428338051295,-0.37039963909031987,0.004108148075174659,0.007519701766267118,,,,,,,,,,,,
4.438474076353014,grasp,,,,,,,,,,,,,,,,,,,,,1.3592932224273682,0.49080756306648254,0.8562276363372803,-0.36491987109184265,0.0029549282044172287,0.01362516451627016,0.03752324730157852,1.3112606144357228,0.47344179268465114,0.8296179542065759,-0.35222261488775064,0.0037335603060083644,0.008435331608733393,,,,,,,,,,,,
4.4584740763530135,grasp,,,,,,,,,,,,,,,,,,,,,1.3355811834335327,0.48271802067756653,0.8418275713920593,-0.3587785065174103,0.00478125037625432,0.013868085108697414,0.03752324730157852,1.3112606144357228,0.47344179268465114,0.8296179542065759,-0.35222261488775064,0.0037335603060083644,0.008435331608733393,,,,,,,,,,,,
4.478474076353014,grasp,,,,,,,,,,,,,,,,,,,,,1.2905744314193726,0.4666682481765747,0.8143230676651001,-0.34670066833496094,0.002594713354483247,0.014525879174470901,0.03752324730157852,1.2419396421066116,0.44909066322952845,0.7873373242963095,-0.33384120710761045,0.003354767075215119,0.009361234951108821,,,,,,,,,,,,
4.4984740763530136,grasp,,,,,,,,,,,,,,,,,,,,,1.2665796279907227,0.45847994089126587,0.7997649908065796,-0.3404810428619385,0.004404936917126179,0.014778446406126022,0.03752324730157852,1.2419396421066116,0.44909066322952845,0.7873373242963095,-0.33384120710761045,0.003354767075215119,0.009361234951108821,,,,,,,,,,,,
4.518474076353014,grasp,,,,,,,,,,,,,,,,,,,,,1.221182107925415,0.4422910809516907,0.7720022201538086,-0.32830116152763367,0.0022041285410523415,0.015444019809365273,0.03752324730157852,1.1721424360954247,0.4245685956173927,0.7447659844285204,-0.3153335549802198,0.0029733746372802654,0.01029348724427988,,,,,,,,,,,,
4.538474076353014,grasp,,,,,,,,,,,,,,,,,,,,,1.1969975233078003,0.43403270840644836,0.7573258876800537,-0.3220295011997223,0.004031051881611347,0.01569359190762043,0.03752324730157852,1.1721424360954247,0.4245685956173927,0.7447659844285204,-0.3153335549802198,0.0029733746372802654,0.01029348724427988,,,,,,,,,,,,
4.558474076353014,grasp,,,,,,,,,,,,,,,,,,,,,1.1514058113098145,0.41777440905570984,0.7294495105743408,-0.3097991347312927,0.001804291270673275,0.01635674759745598,0.03752324730157852,1.102166630570395,0.39997886066283006,0.7020860414853107,-0.29677859534421985,0.002591001851419654,0.011228138892666826,,,,,,,,,,,,
4.578474076353014,grasp,,,,,,,,,,,,,,,,,,,,,1.1271257400512695,0.4094811975955963,0.7146993279457092,-0.3035023808479309,0.0036788019351661205,0.016610318794846535,0.03752324730157852,1.102166630570395,0.39997886066283006,0.7020860414853107,-0.29677859534421985,0.002591001851419654,0.011228138892666826,,,,,,,,,,,,
4.598474076353014,grasp,,,,,,,,,,,,,,,,,,,,,1.0815327167510986,0.393221914768219,0.686851978302002,-0.2912735342979431,0.0014739936450496316,0.017274124547839165,0.03752324730157852,1.0323110339968873,0.375426273003668,0.6594796003600604,-0.27825559474394856,0.002209281805649484,0.012161200308942745,,,,,,,,,,,,
4.618474076353014,grasp,,,,,,,,,,,,,,,,,,,,,1.057271122932434,0.38492998480796814,0.6720812320709229,-0.2849786877632141,0.003325743367895484,0.017532411962747574,0.03752324730157852,1.0323110339968873,0.375426273003668,0.6594796003600604,-0.27825559474394856,0.002209281805649484,0.012161200308942745,,,,,,,,,,,,
4.638474076353014,grasp,,,,,,,,,,,,,,,,,,,,,1.0118705034255981,0.3687390387058258,0.6443744897842407,-0.27280348539352417,0.0011218707077205181,0.018195614218711853,0.03752324730157852,0.9628736256218304,0.3510154630583798,0.617128339692186,-0.259843658331848,0.001829852447970411,0.01308865589492808,,,,,,,,,,,,
4.658474076353014,grasp,,,,,,,,,,,,,,,,,,,,,0.9877272844314575,0.36048614978790283,0.6296607255935669,-0.26653730869293213,0.002950588008388877,0.0184548981487751,0.03752324730157852,0.9628736256218304,0.3510154630583798,0.617128339692186,-0.259843658331848,0.001829852447970411,0.01308865589492808,,,,,,,,,,,,
4.678474076353014,grasp,,,,,,,,,,,,,,,,,,,,,0.9427140355110168,0.3444298207759857,0.6021944880485535,-0.25446817278862,0.0007679110858589411,0.019116632640361786,0.03752324730157852,0.894150006466594,0.32684953637077435,0.5752121540437248,-0.24162116335323472,0.0014543348727262503,0.014006538725294714,,,,,,,,,,,,
4.698474076353014,grasp,,,,,,,,,,,,,,,,,,,,,0.9187915921211243,0.33624929189682007,0.5876111388206482,-0.2482568919658661,0.0025685676373541355,0.019374899566173553,0.03752324730157852,0.894150006466594,0.32684953637077435,0.5752121540437248,-0.24162116335323472,0.0014543348727262503,0.014006538725294714,,,,,,,,,,,,
4.718474076353014,grasp,,,,,,,,,,,,,,,,,,,,,0.8743575215339661,0.32039695978164673,0.5605024695396423,-0.23634472489356995,0.00041640319977886975,0.0200284942984581,0.03752324730157852,0.8264309078934048,0.3030301516177999,0.5339084777944837,-0.22366529603343618,0.0010843174005074226,0.01491096930416899,,,,,,,,,,,,
4.738474076353014,grasp,,,,,,,,,,,,,,,,,,,,,0.8507546186447144,0.3123229742050171,0.5461064577102661,-0.23021505773067474,0.002188976388424635,0.020283756777644157,0.03752324730157852,0.8264309078934048,0.3030301516177999,0.5339084777944837,-0.22366529603343618,0.0010843174005074226,0.01491096930416899,,,,,,,,,,,,
4.758474076353014,grasp,,,,,,,,,,,,,,,,,,,,,0.8070887327194214,0.2967410683631897,0.5194715261459351,-0.21851004660129547,7.295026443898678e-05,0.020926188677549362,0.03752324730157852,0.7600006295875635,0.27965691522563896,0.4933906053307745,-0.20605129662496832,0.0007213463287458647,0.01579817637077461,,,,,,,,,,,,
4.778474076353014,grasp,,,,,,,,,,,,,,,,,,,,,0.7839031219482422,0.28880736231803894,0.5053228735923767,-0.21248756349086761,0.0018125696806237102,0.021177036687731743,0.03752324730157852,0.7600006295875635,0.27965691522563896,0.4933906053307745,-0.20605129662496832,0.0007213463287458647,0.01579817637077461,,,,,,,,,,,,
4.798474076353013,grasp,,,,,,,,,,,,,,,,,,,,,0.7411888241767883,0.27356064319610596,0.4792732894420624,-0.20103861391544342,-0.00025948192342184484,0.021805593743920326,0.03752324730157852,0.6951348641050501,0.2568267699485582,0.4538267639070072,-0.18885229196720046,0.0003669258928645553,0.016664478507966034,,,,,,,,,,,,
4.818474076353014,grasp,,,,,,,,,,,,,,,,,,,,,0.718515932559967,0.2658002972602844,0.4654308557510376,-0.1951484978199005,0.001440711203031242,0.022051023319363594,0.03752324730157852,0.6951348641050501,0.2568267699485582,0.4538267639070072,-0.18885229196720046,0.0003669258928645553,0.016664478507966034,,,,,,,,,,,,
4.838474076353014,grasp,,,,,,,,,,,,,,,,,,,,,0.6769300103187561,0.25095123052597046,0.4400731921195984,-0.1840025633573532,-0.0005789633723907173,0.022663017734885216,0.03752324730157852,0.6320989680390513,0.23463281939027003,0.41537899175686416,-0.17213864415446511,2.2504615928732855e-05,0.01750632871554463,,,,,,,,,,,,
4.858474076353014,grasp,,,,,,,,,,,,,,,,,,,,,0.6548621654510498,0.24339602887630463,0.4265943169593811,-0.1782689243555069,0.0010749431094154716,0.02290191501379013,0.03752324730157852,0.6320989680390513,0.23463281939027003,0.41537899175686416,-0.17213864415446511,2.2504615928732855e-05,0.01750632871554463,,,,,,,,,,,,
4.8784740763530134,grasp,,,,,,,,,,,,,,,,,,,,,0.61457359790802,0.22900423407554626,0.4020315110683441,-0.1674712747335434,-0.000884135311935097,0.023494873195886612,0.03752324730157852,0.5711462009029913,0.21316331559165033,0.3782018506349528,-0.15597758560332334,-0.0003105330508401602,0.018320342301704155,,,,,,,,,,,,
4.898474076353014,grasp,,,,,,,,,,,,,,,,,,,,,0.5931991934776306,0.2216845154762268,0.3889704644680023,-0.1619172990322113,0.0007169863674789667,0.023726319894194603,0.03752324730157852,0.5711462009029913,0.21316331559165033,0.3782018506349528,-0.15597758560332334,-0.0003105330508401602,0.018320342301704155,,,,,,,,,,,,
4.918474076353014,grasp,,,,,,,,,,,,,,,,,,,,,0.5543677806854248,0.20780685544013977,0.36529964208602905,-0.15151044726371765,-0.0011740345507860184,0.024297960102558136,0.03752324730157852,0.512515525483036,0.19250263781538218,0.3424409169108311,-0.1404323726645939,-0.0006308803868603572,0.019103333234821357,,,,,,,,,,,,
4.938474076353014,grasp,,,,,,,,,,,,,,,,,,,,,0.5337705612182617,0.20075123012065887,0.35270869731903076,-0.14615796506404877,0.0003682899405248463,0.0245209913700819,0.03752324730157852,0.512515525483036,0.19250263781538218,0.3424409169108311,-0.1404323726645939,-0.0006308803868603572,0.019103333234821357,,,,,,,,,,,,
4.9584740763530135,grasp,,,,,,,,,,,,,,,,,,,,,0.49654650688171387,0.187440887093544,0.3300204277038574,-0.13618211448192596,-0.0014474201016128063,0.025069063529372215,0.03752324730157852,0.4564298882536616,0.17272914107318207,0.3082320342872948,-0.1255620326378779,-0.0009373179234310506,0.019852331633522083,,,,,,,,,,,,
4.978474076353014,grasp,,,,,,,,,,,,,,,,,,,,,0.4768047332763672,0.18067649006843567,0.31794771552085876,-0.13105173408985138,2.9560524126281962e-05,0.02528281882405281,0.03752324730157852,0.4564298882536616,0.17272914107318207,0.3082320342872948,-0.1255620326378779,-0.0009373179234310506,0.019852331633522083,,,,,,,,,,,,
4.9984740763530136,grasp,,,,,,,,,,,,,,,,,,,,,0.4413270056247711,0.16798262298107147,0.29632678627967834,-0.12154374271631241,-0.0017038790974766016,0.025805313140153885,0.03752324730157852,0.4030943268002398,0.15391453616746997,0.2757000930637408,-0.11142082028443903,-0.0012287282263844378,0.020564606963281187,,,,,,,,,,,,
5.018474076353014,grasp,,,,,,,,,,,,,,,,,,,,,0.42251312732696533,0.1615341305732727,0.28481730818748474,-0.11665444076061249,-0.00029678281862288713,0.02600909024477005,0.03752324730157852,0.4030943268002398,0.15391453616746997,0.2757000930637408,-0.11142082028443903,-0.0012287282263844378,0.020564606963281187,,,,,,,,,,,,
5.038474076353014,grasp,,,,,,,,,,,,,,,,,,,,,0.3889073431491852,0.14950169622898102,0.2643396258354187,-0.10764794051647186,-0.0019409455126151443,0.026504134759306908,0.03752324730157852,0.3526937229662558,0.13612425156308597,0.24495783307594743,-0.09805764889855544,-0.0015041055952829622,0.021237697099834942,,,,,,,,,,,,
5.058474076353014,grasp,,,,,,,,,,,,,,,,,,,,,0.371087908744812,0.14339148998260498,0.25343504548072815,-0.10301679372787476,-0.0006101772305555642,0.026697110384702682,0.03752324730157852,0.3526937229662558,0.13612425156308597,0.24495783307594743,-0.09805764889855544,-0.0015041055952829622,0.021237697099834942,,,,,,,,,,,,
5.078474076353014,grasp,,,,,,,,,,,,,,,,,,,,,0.33946606516838074,0.13206039369106293,0.23416797816753387,-0.09454155713319778,-0.0021607126109302044,0.027163028717041016,0.03752324730157852,0.3053912713992252,0.11941556675098935,0.21610469383394618,-0.08551567884174395,-0.0017625625659889337,0.021869427777503714,,,,,,,,,,,,
5.098474076353014,grasp,,,,,,,,,,,,,,,,,,,,,0.3226993680000305,0.12630851566791534,0.22390428185462952,-0.09018393605947495,-0.0009091824176721275,0.027344677597284317,0.03752324730157852,0.3053912713992252,0.11941556675098935,0.21610469383394618,-0.08551567884174395,-0.0017625625659889337,0.021869427777503714,,,,,,,,,,,,
5.118474076353014,grasp,,,,,,,,,,,,,,,,,,,,,0.29315829277038574,0.11571311205625534,0.20590731501579285,-0.0822659507393837,-0.0023598161060363054,0.027780089527368546,0.03752324730157852,0.2613264777553563,0.1038372899241709,0.1892255724179001,-0.07383183926084794,-0.002003337697097979,0.022457938203886717,,,,,,,,,,,,
5.138474076353014,grasp,,,,,,,,,,,,,,,,,,,,,0.27749571204185486,0.11033681780099869,0.1963167041540146,-0.07819510251283646,-0.0011929830070585012,0.02794979140162468,0.03752324730157852,0.2613264777553563,0.1038372899241709,0.1892255724179001,-0.07383183926084794,-0.002003337697097979,0.022457938203886717,,,,,,,,,,,,
5.158474076353014,grasp,,,,,,,,,,,,,,,,,,,,,0.25011593103408813,0.10050595551729202,0.17963771522045135,-0.07085581123828888,-0.0025405711494386196,0.02835339866578579,0.03752324730157852,0.22061318574399189,0.08942927145176847,0.16438965806012965,-0.06303628270859117,-0.0022258085906341203,0.023001712832810432,,,,,,,,,,,,
5.178474076353014,grasp,,,,,,,,,,,,,,,,,,,,,0.2355993688106537,0.09551925212144852,0.17074669897556305,-0.06708276271820068,-0.0014597219415009022,0.028510745614767075,0.03752324730157852,0.22061318574399189,0.08942927145176847,0.16438965806012965,-0.06303628270859117,-0.0022258085906341203,0.023001712832810432,,,,,,,,,,,,
5.198474076353014,grasp,,,,,,,,,,,,,,,,,,,,,0.21044372022151947,0.0864754393696785,0.1554238647222519,-0.060338955372571945,-0.0027013407088816166,0.028881700709462166,0.03752324730157852,0.18333746542979393,0.07622218103176887,0.14164935296706985,-0.053151810846794455,-0.002429504644298449,0.023499598697192255,,,,,,,,,,,,
5.218474076353014,grasp,,,,,,,,,,,,,,,,,,,,,0.19710661470890045,0.08188942819833755,0.14725327491760254,-0.05687228590250015,-0.0017110035987570882,0.029026294127106667,0.03752324730157852,0.18333746542979393,0.07622218103176887,0.14164935296706985,-0.053151810846794455,-0.002429504644298449,0.023499598697192255,,,,,,,,,,,,
5.238474076353014,grasp,,,,,,,,,,,,,,,,,,,,,0.1742183417081833,0.07364926487207413,0.1333126723766327,-0.05073576420545578,-0.0028416095301508904,0.029363898560404778,0.03752324730157852,0.14955557316652063,0.0642372230478179,0.12103907098673894,-0.044193391283089405,-0.002614116757416131,0.023950841822824535,,,,,,,,,,,,
5.258474076353014,grasp,,,,,,,,,,,,,,,,,,,,,0.16208380460739136,0.06947185844182968,0.1258775144815445,-0.04758146032691002,-0.0019439314492046833,0.02949552796781063,0.03752324730157852,0.14955557316652063,0.0642372230478179,0.12103907098673894,-0.044193391283089405,-0.002614116757416131,0.023950841822824535,,,,,,,,,,,,
5.278474076353014,grasp,,,,,,,,,,,,,,,,,,,,,0.14148639142513275,0.062044907361269,0.11333292722702026,-0.0420585460960865,-0.00296293618157506,0.02979942224919796,0.03752324730157852,0.11929229352028804,0.05348468613870193,0.10257409744177146,-0.03616764993653229,-0.0027795081289682506,0.02435511011192262,,,,,,,,,,,,
5.298474076353013,grasp,,,,,,,,,,,,,,,,,,,,,0.13056680560112,0.05828048288822174,0.1066417321562767,-0.039219848811626434,-0.002158610848709941,0.029917987063527107,0.03752324730157852,0.11929229352028804,0.05348468613870193,0.10257409744177146,-0.03616764993653229,-0.0027795081289682506,0.02435511011192262,,,,,,,,,,,,
5.318474076353014,grasp,,,,,,,,,,,,,,,,,,,,,0.11226259917020798,0.051668327301740646,0.0954938679933548,-0.034311190247535706,-0.003065423807129264,0.030188150703907013,0.03752324730157852,0.09253938831390228,0.043962122860450994,0.08624946224907783,-0.029072431802581934,-0.0029257227115231776,0.02471250764948293,,,,,,,,,,,,
5.338474076353014,grasp,,,,,,,,,,,,,,,,,,,,,0.10255905240774155,0.048317234963178635,0.08954787999391556,-0.031788378953933716,-0.0023543897550553083,0.030293647199869156,0.03752324730157852,0.09253938831390228,0.043962122860450994,0.08624946224907783,-0.029072431802581934,-0.0029257227115231776,0.02471250764948293,,,,,,,,,,,,
5.358474076353014,grasp,,,,,,,,,,,,,,,,,,,,,0.08652784675359726,0.04251223802566528,0.07978394627571106,-0.027488691732287407,-0.003149639116600156,0.030530298128724098,0.03752324730157852,0.06925399152240723,0.03565258458916349,0.07203887494346345,-0.022896363400354246,-0.003052995183667596,0.025023607463288626,,,,,,,,,,,,
5.3784740763530134,grasp,,,,,,,,,,,,,,,,,,,,,0.07802920788526535,0.039570193737745285,0.07457711547613144,-0.025278976187109947,-0.0025302900467067957,0.03062278777360916,0.03752324730157852,0.06925399152240723,0.03565258458916349,0.07203887494346345,-0.022896363400354246,-0.003052995183667596,0.025023607463288626,,,,,,,,,,,,
5.398474076353014,grasp,,,,,,,,,,,,,,,,,,,,,0.06422799080610275,0.03455480933189392,0.06616996228694916,-0.021576637402176857,-0.003217120189219713,0.030826576054096222,0.03752324730157852,0.049356707561691686,0.028523963919681396,0.059893551043063306,-0.017618337251684883,-0.003161761083162786,0.025289472952479797,,,,,,,,,,,,
5.418474076353014,grasp,,,,,,,,,,,,,,,,,,,,,0.056911591440439224,0.03201280161738396,0.0616878867149353,-0.019673993811011314,-0.00268835318274796,0.030906327068805695,0.03752324730157852,0.049356707561691686,0.028523963919681396,0.059893551043063306,-0.017618337251684883,-0.003161761083162786,0.025289472952479797,,,,,,,,,,,,
5.438474076353014,grasp,,,,,,,,,,,,,,,,,,,,,0.045270394533872604,0.027763204649090767,0.054595913738012314,-0.016550499945878983,-0.003266839310526848,0.03107828088104725,0.03752324730157852,0.03272711927076904,0.022537108118555887,0.049740336492740664,-0.01320651627085357,-0.0032526769051949346,0.025511707308831434,,,,,,,,,,,,
5.4584740763530135,grasp,,,,,,,,,,,,,,,,,,,,,0.03910036012530327,0.025608962401747704,0.05081641301512718,-0.01494537852704525,-0.00282819801941514,0.031145716086030006,0.03752324730157852,0.03272711927076904,0.022537108118555887,0.049740336492740664,-0.01320651627085357,-0.0032526769051949346,0.025511707308831434,,,,,,,,,,,,
5.478474076353014,grasp,,,,,,,,,,,,,,,,,,,,,0.02952159009873867,0.022097473964095116,0.04498034343123436,-0.012374821119010448,-0.0033033527433872223,0.031287193298339844,0.03752324730157852,0.0192010626503242,0.017647783340118066,0.041480281208773936,-0.00961765694119328,-0.003326633754947702,0.02569248882766998,,,,,,,,,,,,
5.498474076353014,grasp,,,,,,,,,,,,,,,,,,,,,0.02444581687450409,0.020316824316978455,0.04187231883406639,-0.011053904891014099,-0.002947545377537608,0.03134286403656006,0.03752324730157852,0.0192010626503242,0.017647783340118066,0.041480281208773936,-0.00961765694119328,-0.003326633754947702,0.02569248882766998,,,,,,,,,,,,
5.518474076353014,grasp,,,,,,,,,,,,,,,,,,,,,0.016805414110422134,0.017503755167126656,0.03721624240279198,-0.009003116749227047,-0.0033265892416238785,0.031455766409635544,0.03752324730157852,0.008573669217812397,0.01378915839054752,0.03498889686501929,-0.006797550102762321,-0.003384748656964303,0.025834548761630827,,,,,,,,,,,,
5.538474076353014,grasp,,,,,,,,,,,,,,,,,,,,,0.012757711112499237,0.016076460480690002,0.03473899886012077,-0.00794929638504982,-0.0030497536063194275,0.03150034695863724,0.03752324730157852,0.008573669217812397,0.01378915839054752,0.03498889686501929,-0.006797550102762321,-0.003384748656964303,0.025834548761630827,,,,,,,,,,,,
5.558474076353014,grasp,,,,,,,,,,,,,,,,,,,,,0.006902226246893406,0.013913263566792011,0.031170159578323364,-0.006377301644533873,-0.003339705988764763,0.031586866825819016,0.03752324730157852,0.0005938257033877821,0.010883401953939865,0.030113954608770074,-0.004679831343745558,-0.0034283891910485767,0.025941225121228748,,,,,,,,,,,,
5.5784740763530145,grasp,,,,,,,,,,,,,,,,,,,,,0.003801379119977355,0.012814722023904324,0.029273273423314095,-0.00556954788044095,-0.0031333197839558125,0.031621191650629044,0.03752324730157852,0.0005938257033877821,0.010883401953939865,0.030113954608770074,-0.004679831343745558,-0.0034283891910485767,0.025941225121228748,,,,,,,,,,,,
5.598474076353014,grasp,,,,,,,,,,,,,,,,,,,,,-0.000452320120530203,0.011240272782742977,0.026681378483772278,-0.004427375737577677,-0.003343811724334955,0.0316840261220932,0.03752324730157852,-0.005035023835203365,0.008831803090003983,0.02667508544075468,-0.0031859883449745765,-0.003459173349246567,0.02601647490519964,,,,,,,,,,,,
5.618474076353014,grasp,,,,,,,,,,,,,,,,,,,,,-0.002703621983528137,0.010439712554216385,0.025304922834038734,-0.0038404918741434813,-0.0032004404347389936,0.031709183007478714,0.03752324730157852,-0.005035023835203365,0.008831803090003983,0.02667508544075468,-0.0031859883449745765,-0.003459173349246567,0.02601647490519964,,,,,,,,,,,,
5.638474076353013,grasp,,,,,,,,,,,,,,,,,,,,,-0.005568874999880791,0.00937770213931799,0.023559287190437317,-0.0030709952116012573,-0.003341909032315016,0.031751517206430435,0.03752324730157852,-0.008655869997867008,0.007511055808285031,0.02446289112579275,-0.0022250293867309627,-0.0034789762632724775,0.02606488205000115,,,,,,,,,,,,
5.658474076353014,grasp,,,,,,,,,,,,,,,,,,,,,-0.007083889562636614,0.008836772292852402,0.022634293884038925,-0.0026755856815725565,-0.0032522736582905054,0.031768642365932465,0.03752324730157852,-0.008655869997867008,0.007511055808285031,0.02446289112579275,-0.0022250293867309627,-0.0034789762632724775,0.02606488205000115,,,,,,,,,,,,
5.678474076353014,grasp,,,,,,,,,,,,,,,,,,,,,-0.008806116878986359,0.008197548799216747,0.021585559472441673,-0.0022129593417048454,-0.003336639842018485,0.031794074922800064,0.03752324730157852,-0.01066204705045106,0.006779306855044289,0.023237198074121362,-0.0016925981970054738,-0.003489948148014895,0.02609170429865197,,,,,,,,,,,,
5.698474076353014,grasp,,,,,,,,,,,,,,,,,,,,,-0.009715111926198006,0.007871424779295921,0.021031975746154785,-0.001975215505808592,-0.003290509805083275,0.03180458024144173,0.03752324730157852,-0.01066204705045106,0.006779306855044289,0.023237198074121362,-0.0016925981970054738,-0.003489948148014895,0.02609170429865197,,,,,,,,,,,,
5.718474076353013,grasp,,,,,,,,,,,,,,,,,,,,,-0.010573229752480984,0.007552333176136017,0.020510392263531685,-0.001744657289236784,-0.0033311937004327774,0.031817201524972916,0.03752324730157852,-0.01149874508911126,0.006474122912462938,0.0227260091693909,-0.0014705420172235796,-0.0034945241339440687,0.026102890096943315,,,,,,,,,,,,
5.738474076353014,grasp,,,,,,,,,,,,,,,,,,,,,-0.01102454774081707,0.007388995494693518,0.020237036049365997,-0.0016261594137176871,-0.0033149458467960358,0.031822629272937775,0.03752324730157852,-0.01149874508911126,0.006474122912462938,0.0227260091693909,-0.0014705420172235796,-0.0034945241339440687,0.026102890096943315,,,,,,,,,,,,
5.758474076353014,grasp,,,,,,,,,,,,,,,,,,,,,-0.011332082562148571,0.0072741033509373665,0.020051203668117523,-0.0015434932429343462,-0.003328807884827256,0.031827159225940704,0.03752324730157852,-0.011665396657179148,0.006413337047504303,0.022624191506181876,-0.0014263134491536117,-0.0034954356534693818,0.026105116804434707,,,,,,,,,,,,
5.766566671794281,grasp,,,,,,,,,,,,,,,,,,,,,-0.011494739912450314,0.007214563433080912,0.01995503157377243,-0.0015008054906502366,-0.0033293503802269697,0.031829312443733215,0.03752324730157852,-0.01166680920869112,0.00641282182186842,0.022623328492045403,-0.0014259385643526912,-0.0034954433795064688,0.026105135679244995,,,,,,,,,,,,
