timestamp,phase,base_pos_x,base_pos_y,base_pos_z,base_yaw,base_quat_w,base_quat_x,base_quat_y,base_quat_z,base_lin_vel_x_body,base_lin_vel_y_body,base_ang_vel_z_body,cmd_vx,cmd_vy,cmd_wz,ee_pos_x,ee_pos_y,ee_pos_z,ee_roll,ee_pitch,ee_yaw,arm_joint1,arm_joint2,arm_joint3,arm_joint4,arm_joint5,arm_joint6,gripper,arm_action_joint1,arm_action_joint2,arm_action_joint3,arm_action_joint4,arm_action_joint5,arm_action_joint6,gripper_action,object_pos_x,object_pos_y,object_pos_z,object_quat_w,object_quat_x,object_quat_y,object_quat_z,front_image,wrist_image,success,failure_reason
0.0,grasp,,,,,,,,,,,,,,,,,,,,,,,,,,,2.5363688038737564e-08,,,,,,,0.043,,,,,,,,,,,
0.02,grasp,,,,,,,,,,,,,,,,,,,,,,,,,,,4.836865628021769e-06,,,,,,,0.043,,,,,,,,,,,
0.04,grasp,,,,,,,,,,,,,,,,,,,,,,,,,,,4.073345371580217e-05,,,,,,,0.043,,,,,,,,,,,
0.06,grasp,,,,,,,,,,,,,,,,,,,,,,,,,,,0.00014512734924210235,,,,,,,0.043,,,,,,,,,,,
0.08,grasp,,,,,,,,,,,,,,,,,,,,,,,,,,,0.00035629399644676596,,,,,,,0.043,,,,,,,,,,,
0.1,grasp,,,,,,,,,,,,,,,,,,,,,,,,,,,0.0007082444208208472,,,,,,,0.043,,,,,,,,,,,
0.12,grasp,,,,,,,,,,,,,,,,,,,,,,,,,,,0.0012284161639399827,,,,,,,0.043,,,,,,,,,,,
0.14,grasp,,,,,,,,,,,,,,,,,,,,,,,,,,,0.0019369293586350977,,,,,,,0.043,,,,,,,,,,,
0.16,grasp,,,,,,,,,,,,,,,,,,,,,,,,,,,0.0028464412316679955,,,,,,,0.043,,,,,,,,,,,
0.18,grasp,,,,,,,,,,,,,,,,,,,,,,,,,,,0.003962446935474873,,,,,,,0.043,,,,,,,,,,,
0.2,grasp,,,,,,,,,,,,,,,,,,,,,,,,,,,0.00528381229378283,,,,,,,0.043,,,,,,,,,,,
0.22,grasp,,,,,,,,,,,,,,,,,,,,,,,,,,,0.006803376600146294,,,,,,,0.043,,,,,,,,,,,
0.24,grasp,,,,,,,,,,,,,,,,,,,,,,,,,,,0.008508467115461826,,,,,,,0.043,,,,,,,,,,,
0.26,grasp,,,,,,,,,,,,,,,,,,,,,,,,,,,0.010381664149463177,,,,,,,0.043,,,,,,,,,,,
0.28,grasp,,,,,,,,,,,,,,,,,,,,,,,,,,,0.012401456478983164,,,,,,,0.043,,,,,,,,,,,
0.3,grasp,,,,,,,,,,,,,,,,,,,,,,,,,,,0.014542844146490097,,,,,,,0.043,,,,,,,,,,,
0.32,grasp,,,,,,,,,,,,,,,,,,,,,,,,,,,0.016778121702373028,,,,,,,0.043,,,,,,,,,,,
0.34,grasp,,,,,,,,,,,,,,,,,,,,,,,,,,,0.019077496603131294,,,,,,,0.043,,,,,,,,,,,
0.36,grasp,,,,,,,,,,,,,,,,,,,,,,,,,,,0.021409733220934868,,,,,,,0.043,,,,,,,,,,,
0.38,grasp,,,,,,,,,,,,,,,,,,,,,,,,,,,0.023742946796119213,,,,,,,0.043,,,,,,,,,,,
0.4,grasp,,,,,,,,,,,,,,,,,,,,,,,,,,,0.026045159436762333,,,,,,,0.043,,,,,,,,,,,
0.42,grasp,,,,,,,,,,,,,,,,,,,,,,,,,,,0.02828508522361517,,,,,,,0.043,,,,,,,,,,,
0.44,grasp,,,,,,,,,,,,,,,,,,,,,,,,,,,0.03043272625654936,,,,,,,0.043,,,,,,,,,,,
0.46,grasp,,,,,,,,,,,,,,,,,,,,,,,,,,,0.03246012330055237,,,,,,,0.043,,,,,,,,,,,
0.48,grasp,,,,,,,,,,,,,,,,,,,,,,,,,,,0.034341977909207344,,,,,,,0.043,,,,,,,,,,,
0.5,grasp,,,,,,,,,,,,,,,,,,,,,,,,,,,0.0360563937574625,,,,,,,0.043,,,,,,,,,,,
0.52,grasp,,,,,,,,,,,,,,,,,,,,,,,,,,,0.03758551739156246,,,,,,,0.043,,,,,,,,,,,
0.54,grasp,,,,,,,,,,,,,,,,,,,,,,,,,,,0.0389162115752697,,,,,,,0.043,,,,,,,,,,,
0.56,grasp,,,,,,,,,,,,,,,,,,,,,,,,,,,0.040040791034698486,,,,,,,0.043,,,,,,,,,,,
0.58,grasp,,,,,,,,,,,,,,,,,,,,,,,,,,,0.040957579389214516,,,,,,,0.043,,,,,,,,,,,
0.6,grasp,,,,,,,,,,,,,,,,,,,,,,,,,,,0.04167181812226772,,,,,,,0.043,,,,,,,,,,,
0.62,grasp,,,,,,,,,,,,,,,,,,,,,,,,,,,0.042196089401841164,,,,,,,0.043,,,,,,,,,,,
0.64,grasp,,,,,,,,,,,,,,,,,,,,,,,,,,,0.042551180347800255,,,,,,,0.043,,,,,,,,,,,
0.66,grasp,,,,,,,,,,,,,,,,,,,,,,,,,,,0.04276668466627598,,,,,,,0.043,,,,,,,,,,,
0.68,grasp,,,,,,,,,,,,,,,,,,,,,,,,,,,0.042881667613983154,,,,,,,0.043,,,,,,,,,,,
0.68,grasp,,,,,,,,,,,,,,,,,,,,,-1.6455847173801885e-07,0.0010456145973876119,0.00012923376925755292,-3.906483470927924e-05,7.996601603110776e-09,-8.8031176792569e-10,0.042881667613983154,-8.684154551019674e-08,0.0005271689733490348,0.00012056393461534753,-1.968784818018321e-05,3.109617896512873e-09,-5.67835722886656e-10,,,,,,,,,,,,
0.7000000000000001,grasp,,,,,,,,,,,,,,,,,,,,,-1.6597665819517715e-07,0.0010503764497116208,0.00012924245675094426,-3.924463453586213e-05,8.01779442838324e-09,-8.90839457756698e-10,0.042881667613983154,-8.684154551019674e-08,0.0005271689733490348,0.00012056393461534753,-1.968784818018321e-05,3.109617896512873e-09,-5.67835722886656e-10,,,,,,,,,,,,
0.7200000000000001,grasp,,,,,,,,,,,,,,,,,,,,,0.00012438243720680475,0.0010978159261867404,0.0001290313375648111,-6.681820377707481e-05,9.770440101419808e-07,-1.0835304209422247e-08,0.042881667613983154,0.00026230829646695564,0.0006202019614827478,0.0002673125029801948,-7.640030308834244e-05,1.0771801877942296e-06,-3.9485106645007163e-10,,,,,,,,,,,,
0.74,grasp,,,,,,,,,,,,,,,,,,,,,0.00018991800607182086,0.00112247618380934,0.00012901864829473197,-8.103611617116258e-05,6.461932571255602e-07,2.870974569191276e-09,0.042881667613983154,0.00026230829646695564,0.0006202019614827478,0.0002673125029801948,-7.640030308834244e-05,1.0771801877942296e-06,-3.9485106645007163e-10,,,,,,,,,,,,
0.76,grasp,,,,,,,,,,,,,,,,,,,,,0.0010728552006185055,0.0014361276989802718,0.00012704054825007915,-0.0002728919207584113,7.257515790115576e-06,-6.251420359149051e-08,0.042881667613983154,0.0020240788436647612,0.0012448426817793605,0.0012526102416637634,-0.00045717841474461374,8.288692370528045e-06,7.666002718349469e-10,,,,,,,,,,,,
0.78,grasp,,,,,,,,,,,,,,,,,,,,,0.001530217006802559,0.0016000994946807623,0.0001270804787054658,-0.0003718459338415414,5.07911545355455e-06,2.8895403403339515e-08,0.042881667613983154,0.0020240788436647612,0.0012448426817793605,0.0012526102416637634,-0.00045717841474461374,8.288692370528045e-06,7.666002718349469e-10,,,,,,,,,,,,
0.8,grasp,,,,,,,,,,,,,,,,,,,,,0.003972613252699375,0.0024859230034053326,0.00080687808804214,-0.0009012325899675488,2.238874185422901e-05,-1.3064790493899636e-07,0.042881667613983154,0.00658419643644572,0.0028616392019971807,0.0038029235722657536,-0.001442773866470233,2.695477097365329e-05,3.772868578518115e-09,,,,,,,,,,,,
0.8200000000000001,grasp,,,,,,,,,,,,,,,,,,,,,0.0052373092621564865,0.0029284092597663403,0.0012323010014370084,-0.001173493335954845,1.718333260214422e-05,1.0357555879636493e-07,0.042881667613983154,0.00658419643644572,0.0028616392019971807,0.0038029235722657536,-0.001442773866470233,2.695477097365329e-05,3.772868578518115e-09,,,,,,,,,,,,
0.8400000000000001,grasp,,,,,,,,,,,,,,,,,,,,,0.009977917186915874,0.004611073061823845,0.0037138760089874268,-0.0021993836853653193,4.983436156180687e-05,-1.859322935615637e-07,0.042881667613983154,0.01503553307985839,0.005852341460889834,0.008525987973993655,-0.0032693544892597845,6.154816066125614e-05,9.344310451449205e-09,,,,,,,,,,,,
0.8600000000000001,grasp,,,,,,,,,,,,,,,,,,,,,0.012431913986802101,0.0054654995910823345,0.0050395033322274685,-0.0027276715263724327,4.1109724406851456e-05,2.3884760480541445e-07,0.042881667613983154,0.01503553307985839,0.005852341460889834,0.008525987973993655,-0.0032693544892597845,6.154816066125614e-05,9.344310451449205e-09,,,,,,,,,,,,
0.8800000000000001,grasp,,,,,,,,,,,,,,,,,,,,,0.020105987787246704,0.008175681345164776,0.009252055548131466,-0.00438823364675045,9.328513988293707e-05,-2.164375700886012e-07,0.042881667613983154,0.028284827448039007,0.010507406305651692,0.015910121665195467,-0.006132686872454507,0.00011577644250811993,1.8078037111079808e-08,,,,,,,,,,,,
0.9,grasp,,,,,,,,,,,,,,,,,,,,,0.02407754585146904,0.009553673677146435,0.011491889134049416,-0.005243382416665554,8.088086906354874e-05,4.353973963588942e-07,0.042881667613983154,0.028284827448039007,0.010507406305651692,0.015910121665195467,-0.006132686872454507,0.00011577644250811993,1.8078037111079808e-08,,,,,,,,,,,,
0.92,grasp,,,,,,,,,,,,,,,,,,,,,0.03520796447992325,0.013444882817566395,0.017622772604227066,-0.007651574444025755,0.0001561385579407215,-2.1793657367652486e-07,0.042881667613983154,0.047063835678225405,0.01702896667653084,0.026329871277727915,-0.01019054242026264,0.00019262758773919914,3.0455249526277836e-08,,,,,,,,,,,,
0.9400000000000001,grasp,,,,,,,,,,,,,,,,,,,,,0.040967315435409546,0.015424342826008797,0.02087753266096115,-0.008891764096915722,0.0001400454348186031,6.89320870606025e-07,0.042881667613983154,0.047063835678225405,0.01702896667653084,0.026329871277727915,-0.01019054242026264,0.00019262758773919914,3.0455249526277836e-08,,,,,,,,,,,,
0.9600000000000001,grasp,,,,,,,,,,,,,,,,,,,,,0.055968593806028366,0.020591996610164642,0.029105378314852715,-0.012136938981711864,0.00024123769253492355,-1.890162053541644e-07,0.042881667613983154,0.07194202426963185,0.0255299655734304,0.040050793068215795,-0.015565398437826842,0.0002944210953788293,4.6849466307174647e-08,,,,,,,,,,,,
0.98,grasp,,,,,,,,,,,,,,,,,,,,,0.06372985243797302,0.023221485316753387,0.033469319343566895,-0.01380818709731102,0.0002215304266428575,9.944950534190866e-07,0.042881667613983154,0.07194202426963185,0.0255299655734304,0.040050793068215795,-0.015565398437826842,0.0002944210953788293,4.6849466307174647e-08,,,,,,,,,,,,
1.0,grasp,,,,,,,,,,,,,,,,,,,,,0.0828910619020462,0.029746202751994133,0.04393817484378815,-0.017952755093574524,0.00035063442192040384,-1.289627817868677e-07,0.042881667613983154,0.10328920119981803,0.036124270943161584,0.057273086901187244,-0.022337065741940523,0.00042266837720403934,6.750408617101737e-08,,,,,,,,,,,,
1.02,grasp,,,,,,,,,,,,,,,,,,,,,0.09280351549386978,0.03306695818901062,0.04948673024773598,-0.020087212324142456,0.00032752062543295324,1.3441050441542757e-06,0.042881667613983154,0.10328920119981803,0.036124270943161584,0.057273086901187244,-0.022337065741940523,0.00042266837720403934,6.750408617101737e-08,,,,,,,,,,,,
1.04,grasp,,,,,,,,,,,,,,,,,,,,,0.1163022592663765,0.04100478067994118,0.06229271739721298,-0.025169556960463524,0.0004857789317611605,-3.8547302239066994e-08,0.042881667613983154,0.1413137326600541,0.04888319260212435,0.0781165425695724,-0.030550562138267578,0.0005782222294097924,9.2556416243664e-08,,,,,,,,,,,,
1.06,grasp,,,,,,,,,,,,,,,,,,,,,0.12845751643180847,0.04504559934139252,0.06907572597265244,-0.02778700925409794,0.0004595384234562516,1.7288558638028917e-06,0.042881667613983154,0.1413137326600541,0.04888319260212435,0.0781165425695724,-0.030550562138267578,0.0005782222294097924,9.2556416243664e-08,,,,,,,,,,,,
1.08,grasp,,,,,,,,,,,,,,,,,,,,,0.15637584030628204,0.05441524088382721,0.0842605009675026,-0.03382490202784538,0.0006475303671322763,7.838079341127013e-08,0.042881667613983154,0.18608772736192566,0.06381479036732865,0.10261419287475326,-0.04022146859921027,0.0007613812712509644,1.220544814855305e-07,,,,,,,,,,,,
1.1,grasp,,,,,,,,,,,,,,,,,,,,,0.17081619799137115,0.059185940772295,0.09229877591133118,-0.03693445771932602,0.0006184641388244927,2.141080358342151e-06,0.042881667613983154,0.18608772736192566,0.06381479036732865,0.10261419287475326,-0.04022146859921027,0.0007613812712509644,1.220544814855305e-07,,,,,,,,,,,,
1.12,grasp,,,,,,,,,,,,,,,,,,,,,0.20314152538776398,0.069985032081604,0.10985632240772247,-0.04392522946000099,0.0008361113723367453,2.1983869658015465e-07,0.042881667613983154,0.23754028100674432,0.08090404979592215,0.1307296828792675,-0.0513346472157838,0.0009718625171710112,1.5595267404176e-07,,,,,,,,,,,,
1.1400000000000001,grasp,,,,,,,,,,,,,,,,,,,,,0.21986033022403717,0.07548479735851288,0.11914525926113129,-0.047525592148303986,0.0008045671274885535,2.5711201487865765e-06,0.042881667613983154,0.23754028100674432,0.08090404979592215,0.1307296828792675,-0.0513346472157838,0.0009718625171710112,1.5595267404176e-07,,,,,,,,,,,,
1.1600000000000001,grasp,,,,,,,,,,,,,,,,,,,,,0.25650009512901306,0.08767532557249069,0.13902157545089722,-0.055449265986680984,0.0010512531735002995,3.815962088538072e-07,0.042881667613983154,0.2954868758485922,0.10007436643210284,0.16235381292032425,-0.06385023030382793,0.0012089050952180677,1.9412854954943235e-07,,,,,,,,,,,,
1.1800000000000002,grasp,,,,,,,,,,,,,,,,,,,,,0.275449275970459,0.09388518333435059,0.1495313197374344,-0.059530109167099,0.0010175855131819844,3.011153694387758e-06,0.042881667613983154,0.2954868758485922,0.10007436643210284,0.16235381292032425,-0.06385023030382793,0.0012089050952180677,1.9412854954943235e-07,,,,,,,,,,,,
1.2000000000000002,grasp,,,,,,,,,,,,,,,,,,,,,0.3162294328212738,0.1074124351143837,0.17163461446762085,-0.06834907084703445,0.0012921103043481708,5.603492354566697e-07,0.042881667613983154,0.3596192564128875,0.1212340450668316,0.19732477949588242,-0.07770161730013689,0.0014712354955203684,2.3637721108380017e-07,,,,,,,,,,,,
1.2200000000000002,grasp,,,,,,,,,,,,,,,,,,,,,0.3373190462589264,0.11430484801530838,0.18331515789031982,-0.07289103418588638,0.0012566914083436131,3.4514825983933406e-06,0.042881667613983154,0.3596192564128875,0.1212340450668316,0.19732477949588242,-0.07770161730013689,0.0014712354955203684,2.3637721108380017e-07,,,,,,,,,,,,
1.2400000000000002,grasp,,,,,,,,,,,,,,,,,,,,,0.381998211145401,0.12908759713172913,0.20751488208770752,-0.08255305141210556,0.0015574612189084291,7.505065582336101e-07,0.042881667613983154,0.4295338944252696,0.14424618241156617,0.235421099870998,-0.09280167476520071,0.0017572138061869602,2.8243414623416615e-07,,,,,,,,,,,,
1.26,grasp,,,,,,,,,,,,,,,,,,,,,0.4051034152507782,0.1366216391324997,0.2202957570552826,-0.08752921223640442,0.001520654303021729,3.8842918002046645e-06,0.042881667613983154,0.4295338944252696,0.14424618241156617,0.235421099870998,-0.09280167476520071,0.0017572138061869602,2.8243414623416615e-07,,,,,,,,,,,,
1.28,grasp,,,,,,,,,,,,,,,,,,,,,0.4533770680427551,0.152559295296669,0.2464277148246765,-0.09796851873397827,0.001845636055804789,9.499731277173851e-07,0.042881667613983154,0.5047350460993191,0.1689482699114684,0.276373092214715,-0.10904334282164185,0.002064834965445627,3.319759863867424e-07,,,,,,,,,,,,
1.3,grasp,,,,,,,,,,,,,,,,,,,,,0.47834059596061707,0.1606840044260025,0.2602207064628601,-0.10334504395723343,0.0018078003777191043,4.302101842768025e-06,0.042881667613983154,0.5047350460993191,0.1689482699114684,0.276373092214715,-0.10904334282164185,0.002064834965445627,3.319759863867424e-07,,,,,,,,,,,,
1.32,grasp,,,,,,,,,,,,,,,,,,,,,0.5298492312431335,0.17765942215919495,0.28809142112731934,-0.1144837737083435,0.002154615009203553,1.1533345514180837e-06,0.042881667613983154,0.5846461419131467,0.19515455666733314,0.31986888283512255,-0.12630201380036415,0.0023917187031142796,3.846208216277234e-07,,,,,,,,,,,,
1.34,grasp,,,,,,,,,,,,,,,,,,,,,0.5564849376678467,0.1863153576850891,0.3027935326099396,-0.12022054195404053,0.0021160731557756662,4.696977612184128e-06,0.042881667613983154,0.5846461419131467,0.19515455666733314,0.31986888283512255,-0.12630201380036415,0.0023917187031142796,3.846208216277234e-07,,,,,,,,,,,,
1.36,grasp,,,,,,,,,,,,,,,,,,,,,0.6108201742172241,0.20419543981552124,0.3321834206581116,-0.13197048008441925,0.002482030540704727,1.353267748527287e-06,0.042881667613983154,0.6686229593052603,0.22265505461799207,0.3655589650021437,-0.14443833554518964,0.002735206842773218,4.3994100374457975e-07,,,,,,,,,,,,
1.3800000000000001,grasp,,,,,,,,,,,,,,,,,,,,,0.6389174461364746,0.21331501007080078,0.34767791628837585,-0.1380220651626587,0.0024430665653198957,5.0610665311978664e-06,0.042881667613983154,0.6686229593052603,0.22265505461799207,0.3655589650021437,-0.14443833554518964,0.002735206842773218,4.3994100374457975e-07,,,,,,,,,,,,
1.4,grasp,,,,,,,,,,,,,,,,,,,,,0.6956315636634827,0.23195330798625946,0.37834569811820984,-0.15028610825538635,0.0028252238407731056,1.5505512465097127e-06,0.042881667613983154,0.7559632944457182,0.25122189828353225,0.4130630438741464,-0.1633002806954925,0.003092429467360856,4.974722371921035e-07,,,,,,,,,,,,
1.42,grasp,,,,,,,,,,,,,,,,,,,,,0.7249590158462524,0.24146203696727753,0.39450475573539734,-0.15660245716571808,0.0027861036360263824,5.390142632677453e-06,0.042881667613983154,0.7559632944457182,0.25122189828353225,0.4130630438741464,-0.1633002806954925,0.003092429467360856,4.974722371921035e-07,,,,,,,,,,,,
1.44,grasp,,,,,,,,,,,,,,,,,,,,,0.7835696935653687,0.26070189476013184,0.4261910319328308,-0.1692764312028885,0.003181331790983677,1.737957745717722e-06,0.042881667613983154,0.845918460073271,0.28061252176579543,0.46197500164445676,-0.18272634824923362,0.0034603535510942143,5.567266031013156e-07,,,,,,,,,,,,
1.46,grasp,,,,,,,,,,,,,,,,,,,,,0.81387859582901,0.2705201804637909,0.4428776800632477,-0.17580395936965942,0.003142307745292783,5.676548425981309e-06,0.042881667613983154,0.845918460073271,0.28061252176579543,0.46197500164445676,-0.18272634824923362,0.0034603535510942143,5.567266031013156e-07,,,,,,,,,,,,
1.48,grasp,,,,,,,,,,,,,,,,,,,,,0.873878538608551,0.29019707441329956,0.47530829906463623,-0.18877843022346497,0.0035473357420414686,1.9136264199914876e-06,0.042881667613983154,0.9377038841218024,0.3105740088483191,0.5118692106310336,-0.20254775700554523,0.0038357923481895963,6.171939385127299e-07,,,,,,,,,,,,
1.5,grasp,,,,,,,,,,,,,,,,,,,,,0.9049067497253418,0.30024054646492004,0.4923781454563141,-0.19546078145503998,0.0035086253192275763,5.918369879509555e-06,0.042881667613983154,0.9377038841218024,0.3105740088483191,0.5118692106310336,-0.20254775700554523,0.0038357923481895963,6.171939385127299e-07,,,,,,,,,,,,
1.52,grasp,,,,,,,,,,,,,,,,,,,,,0.965768575668335,0.320183664560318,0.5252695679664612,-0.20862191915512085,0.003919997252523899,2.0785614651686046e-06,0.042881667613983154,1.0305103067613304,0.34084477258664353,0.5623077854437033,-0.2225895451364088,0.004215365543906984,6.783271660030915e-07,,,,,,,,,,,,
1.54,grasp,,,,,,,,,,,,,,,,,,,,,0.9972440004348755,0.330365389585495,0.5425732731819153,-0.21540039777755737,0.003881791839376092,6.111765742389252e-06,0.042881667613983154,1.0305103067613304,0.34084477258664353,0.5623077854437033,-0.2225895451364088,0.004215365543906984,6.783271660030915e-07,,,,,,,,,,,,
1.56,grasp,,,,,,,,,,,,,,,,,,,,,1.05842924118042,0.35040026903152466,0.5756357312202454,-0.2286319136619568,0.004296022932976484,2.2263175196712837e-06,0.042881667613983154,1.1235149580240331,0.37115923904440334,0.6128450182137584,-0.24267430004772825,0.00459572277205109,7.395853538655409e-07,,,,,,,,,,,,
1.58,grasp,,,,,,,,,,,,,,,,,,,,,1.090073585510254,0.3606310486793518,0.5930213928222656,-0.23544670641422272,0.004258512053638697,6.253844730963465e-06,0.042881667613983154,1.1235149580240331,0.37115923904440334,0.6128450182137584,-0.24267430004772825,0.00459572277205109,7.395853538655409e-07,,,,,,,,,,,,
1.6,grasp,,,,,,,,,,,,,,,,,,,,,1.1510401964187622,0.38058218359947205,0.6259620189666748,-0.2486317902803421,0.004672118928283453,2.3521149614680326e-06,0.042881667613983154,1.2158926317960503,0.40125179789180265,0.6630328777716915,-0.26262480379096287,0.004973597946181801,8.004441453400977e-07,,,,,,,,,,,,
1.62,grasp,,,,,,,,,,,,,,,,,,,,,1.1825733184814453,0.3907724916934967,0.6432759165763855,-0.2554226815700531,0.004635520279407501,6.33988111076178e-06,0.042881667613983154,1.2158926317960503,0.40125179789180265,0.6630328777716915,-0.26262480379096287,0.004973597946181801,8.004441453400977e-07,,,,,,,,,,,,
1.6400000000000001,grasp,,,,,,,,,,,,,,,,,,,,,1.2427817583084106,0.41046419739723206,0.6758031249046326,-0.2684449851512909,0.005044966470450163,2.4579592263762606e-06,0.042881667613983154,1.3068273186485917,0.4308571844666183,0.712428313748769,-0.28226493770710365,0.005345581821675955,8.60354819501583e-07,,,,,,,,,,,,
1.6600000000000001,grasp,,,,,,,,,,,,,,,,,,,,,1.2739250659942627,0.420524001121521,0.6928929686546326,-0.2751521170139313,0.005009479820728302,6.371776635205606e-06,0.042881667613983154,1.3068273186485917,0.4308571844666183,0.712428313748769,-0.28226493770710365,0.005345581821675955,8.60354819501583e-07,,,,,,,,,,,,
1.6800000000000002,grasp,,,,,,,,,,,,,,,,,,,,,1.332845687866211,0.43978506326675415,0.7247214913368225,-0.2878970503807068,0.005411208141595125,2.5449910481256666e-06,0.042881667613983154,1.3955216778362785,0.459718565572367,0.7605993254073387,-0.3014220734374327,0.005708369952720893,9.187837479851605e-07,,,,,,,,,,,,
1.7000000000000002,grasp,,,,,,,,,,,,,,,,,,,,,1.363325595855713,0.4496268630027771,0.7414374351501465,-0.2944612503051758,0.005377037450671196,6.35172091278946e-06,0.042881667613983154,1.3955216778362785,0.459718565572367,0.7605993254073387,-0.3014220734374327,0.005708369952720893,9.187837479851605e-07,,,,,,,,,,,,
1.7200000000000002,grasp,,,,,,,,,,,,,,,,,,,,,1.420446515083313,0.468292236328125,0.772291362285614,-0.3068179488182068,0.00576764577999711,2.6144984985876363e-06,0.042881667613983154,1.4812082369560629,0.4875903917583242,0.8071305485864866,-0.3199305762623957,0.0060588911651236164,9.752356504667932e-07,,,,,,,,,,,,
1.7400000000000002,grasp,,,,,,,,,,,,,,,,,,,,,1.449998140335083,0.47783148288726807,0.7884897589683533,-0.31318241357803345,0.0057350643910467625,6.278553428273881e-06,0.042881667613983154,1.4812082369560629,0.4875903917583242,0.8071305485864866,-0.3199305762623957,0.0060588911651236164,9.752356504667932e-07,,,,,,,,,,,,
1.7600000000000002,grasp,,,,,,,,,,,,,,,,,,,,,1.504832148551941,0.4957427680492401,0.818107008934021,-0.3250463604927063,0.006111297756433487,2.664959765752428e-06,0.042881667613983154,1.5631614239609681,0.5142364553449623,0.8516302733831593,-0.3376350761350032,0.0063942314892392535,1.029243739368352e-06,,,,,,,,,,,,
1.7800000000000002,grasp,,,,,,,,,,,,,,,,,,,,,1.5332034826278687,0.5048984885215759,0.8336506485939026,-0.331156849861145,0.006080620922148228,6.151853540359298e-06,0.042881667613983154,1.5631614239609681,0.5142364553449623,0.8516302733831593,-0.3376350761350032,0.0063942314892392535,1.029243739368352e-06,,,,,,,,,,,,
1.8000000000000003,grasp,,,,,,,,,,,,,,,,,,,,,1.5853044986724854,0.5219041705131531,0.8617905378341675,-0.34243980050086975,0.006439451593905687,2.6944921955873724e-06,0.042881667613983154,1.6407275432679542,0.5394324631508173,0.8937439368513781,-0.35441092478064057,0.006711830411305143,1.0802592570707325e-06,,,,,,,,,,,,
1.8200000000000003,grasp,,,,,,,,,,,,,,,,,,,,,1.612264633178711,0.530598521232605,0.8765538334846497,-0.34825122356414795,0.006410985253751278,5.976015472697327e-06,0.042881667613983154,1.6407275432679542,0.5394324631508173,0.8937439368513781,-0.35441092478064057,0.006711830411305143,1.0802592570707325e-06,,,,,,,,,,,,
1.8399999999999999,grasp,,,,,,,,,,,,,,,,,,,,,1.6522094011306763,0.5517604947090149,0.899454653263092,-0.35001635551452637,0.00659291772171855,3.3735695978975855e-06,0.042881667613983154,1.694678002165961,0.5737516692455774,0.9257587733613577,-0.3518732074530443,0.006747569786387358,1.2017901181920266e-06,,,,,,,,,,,,
1.8599999999999999,grasp,,,,,,,,,,,,,,,,,,,,,1.672869086265564,0.5626489520072937,0.9114186763763428,-0.3509250283241272,0.006544841919094324,5.335731657396536e-06,0.042881667613983154,1.694678002165961,0.5737516692455774,0.9257587733613577,-0.3518732074530443,0.006747569786387358,1.2017901181920266e-06,,,,,,,,,,,,
1.88,grasp,,,,,,,,,,,,,,,,,,,,,1.682937502861023,0.597919225692749,0.9218905568122864,-0.32606419920921326,0.006261002738028765,4.877523679169826e-06,0.042881667613983154,1.6935719811636816,0.6350190925823943,0.9347966874340071,-0.29962496311086717,0.006085264475164552,1.5064574836514877e-06,,,,,,,,,,,,
1.9,grasp,,,,,,,,,,,,,,,,,,,,,1.6881073713302612,0.6162104606628418,0.9272034168243408,-0.31325647234916687,0.006143886595964432,3.9553542592329904e-06,0.042881667613983154,1.6935719811636816,0.6350190925823943,0.9347966874340071,-0.29962496311086717,0.006085264475164552,1.5064574836514877e-06,,,,,,,,,,,,
1.92,grasp,,,,,,,,,,,,,,,,,,,,,1.6904722452163696,0.6524970531463623,0.9339814186096191,-0.2837960422039032,0.00581207824870944,3.2562220440013334e-06,0.042881667613983154,1.6929802211063951,0.6905747936508464,0.9431252231007431,-0.2524679731077094,0.005492437430288502,1.7801930583161683e-06,,,,,,,,,,,,
1.94,grasp,,,,,,,,,,,,,,,,,,,,,1.6916863918304443,0.6712840795516968,0.9374021887779236,-0.26861870288848877,0.005648003425449133,2.7406360914028483e-06,0.042881667613983154,1.6929802211063951,0.6905747936508464,0.9431252231007431,-0.2524679731077094,0.005492437430288502,1.7801930583161683e-06,,,,,,,,,,,,
1.96,grasp,,,,,,,,,,,,,,,,,,,,,1.6920541524887085,0.7050212621688843,0.9428125619888306,-0.24032092094421387,0.00531137315556407,2.4935175133578014e-06,0.042881667613983154,1.692450793637307,0.740346473776568,0.9505717026563171,-0.21022814040062146,0.004962448934414755,2.024905225658707e-06,,,,,,,,,,,,
1.98,grasp,,,,,,,,,,,,,,,,,,,,,1.6922454833984375,0.7224796414375305,0.9455227851867676,-0.22574272751808167,0.005139692686498165,2.324767592654098e-06,0.042881667613983154,1.692450793637307,0.740346473776568,0.9505717026563171,-0.21022814040062146,0.004962448934414755,2.024905225658707e-06,,,,,,,,,,,,
2.0,grasp,,,,,,,,,,,,,,,,,,,,,1.6921221017837524,0.7526233196258545,0.9501509666442871,-0.20022718608379364,0.004826935939490795,2.312118795089191e-06,0.042881667613983154,1.6919849172466217,0.7841052299510746,0.9571181655307015,-0.1730908146692829,0.004496603906756864,2.23999253275542e-06,,,,,,,,,,,,
2.02,grasp,,,,,,,,,,,,,,,,,,,,,1.6920584440231323,0.7682191133499146,0.9524543881416321,-0.18708238005638123,0.004666212946176529,2.293650823048665e-06,0.042881667613983154,1.6919849172466217,0.7841052299510746,0.9571181655307015,-0.1730908146692829,0.004496603906756864,2.23999253275542e-06,,,,,,,,,,,,
2.04,grasp,,,,,,,,,,,,,,,,,,,,,1.6918338537216187,0.7944391369819641,0.9564417004585266,-0.16482554376125336,0.004389456007629633,2.3668792437092634e-06,0.042881667613983154,1.6915837490684233,0.82173346664354,0.9627532276461004,-0.1411520128693294,0.004095643234883248,2.425116891044197e-06,,,,,,,,,,,,
2.06,grasp,,,,,,,,,,,,,,,,,,,,,1.6917164325714111,0.8080029487609863,0.9584155082702637,-0.1533595770597458,0.004246948752552271,2.3996035452000797e-06,0.042881667613983154,1.6915837490684233,0.82173346664354,0.9627532276461004,-0.1411520128693294,0.004095643234883248,2.425116891044197e-06,,,,,,,,,,,,
2.08,grasp,,,,,,,,,,,,,,,,,,,,,1.6914945840835571,0.8302134871482849,0.9617952704429626,-0.13448676466941833,0.004010566510260105,2.4919092993513914e-06,0.042881667613983154,1.6912473296754962,0.853233544918587,0.9674800182670917,-0.11440945256980646,0.0037593105857397914,2.5803994805754942e-06,,,,,,,,,,,,
2.1,grasp,,,,,,,,,,,,,,,,,,,,,1.6913788318634033,0.8417024612426758,0.9634624123573303,-0.12476418912410736,0.0038888752460479736,2.5348722374474164e-06,0.042881667613983154,1.6912473296754962,0.853233544918587,0.9674800182670917,-0.11440945256980646,0.0037593105857397914,2.5803994805754942e-06,,,,,,,,,,,,
2.12,grasp,,,,,,,,,,,,,,,,,,,,,1.6911875009536743,0.8599452972412109,0.9662501811981201,-0.10925588011741638,0.003693697974085808,2.621082103360095e-06,0.042881667613983154,1.690974201996612,0.8787373976804812,0.9713187161623732,-0.09275375415877676,0.003486170616475503,2.7065073878079484e-06,,,,,,,,,,,,
2.14,grasp,,,,,,,,,,,,,,,,,,,,,1.691087245941162,0.8693808913230896,0.9676215648651123,-0.1012665331363678,0.003593254601582885,2.6609143333189422e-06,0.042881667613983154,1.690974201996612,0.8787373976804812,0.9713187161623732,-0.09275375415877676,0.003486170616475503,2.7065073878079484e-06,,,,,,,,,,,,
2.16,grasp,,,,,,,,,,,,,,,,,,,,,1.6909337043762207,0.8837974667549133,0.9698375463485718,-0.08900702744722366,0.003438245039433241,2.733115934461239e-06,0.042881667613983154,1.6907614167716176,0.8985142336233632,0.9743085304864149,-0.07595728919370784,0.003273427963529318,2.804733305762264e-06,,,,,,,,,,,,
2.18,grasp,,,,,,,,,,,,,,,,,,,,,1.690853238105774,0.8912531137466431,0.9709266424179077,-0.0826912671327591,0.003358496120199561,2.765973022178514e-06,0.042881667613983154,1.6907614167716176,0.8985142336233632,0.9743085304864149,-0.07595728919370784,0.003273427963529318,2.804733305762264e-06,,,,,,,,,,,,
2.2,grasp,,,,,,,,,,,,,,,,,,,,,1.6907362937927246,0.9020829796791077,0.9726033210754395,-0.07347852736711502,0.0032413650769740343,2.821838734234916e-06,0.042881667613983154,1.6906047602631087,0.9129813707253687,0.9765088794005561,-0.06366656764501395,0.003116854854184796,2.8770274879115095e-06,,,,,,,,,,,,
2.22,grasp,,,,,,,,,,,,,,,,,,,,,1.6906746625900269,0.9076828360557556,0.9734281897544861,-0.06873232871294022,0.003181123873218894,2.847170208042371e-06,0.042881667613983154,1.6906047602631087,0.9129813707253687,0.9765088794005561,-0.06366656764501395,0.003116854854184796,2.8770274879115095e-06,,,,,,,,,,,,
2.24,grasp,,,,,,,,,,,,,,,,,,,,,1.6905920505523682,0.9152682423591614,0.9746142625808716,-0.062275610864162445,0.003098360262811184,2.8873196242784616e-06,0.042881667613983154,1.690498299894482,0.92271276345288,0.9780044109540877,-0.05539261287382397,0.0030104221346218094,2.9261719675644607e-06,,,,,,,,,,,,
2.2600000000000002,grasp,,,,,,,,,,,,,,,,,,,,,1.6905479431152344,0.9191890954971313,0.9751998782157898,-0.05894919112324715,0.0030558020807802677,2.9054317565169185e-06,0.042881667613983154,1.690498299894482,0.92271276345288,0.9780044109540877,-0.05539261287382397,0.0030104221346218094,2.9261719675644607e-06,,,,,,,,,,,,
2.2800000000000002,grasp,,,,,,,,,,,,,,,,,,,,,1.6904951333999634,0.9239794611930847,0.9759631156921387,-0.054864756762981415,0.003002624958753586,2.9317204734979896e-06,0.042881667613983154,1.690434117758824,0.9284493221488995,0.9789070337066503,-0.05050293578760574,0.0029461766864773893,2.955837823641858e-06,,,,,,,,,,,,
2.3000000000000003,grasp,,,,,,,,,,,,,,,,,,,,,1.6904678344726562,0.9264541268348694,0.9763423204421997,-0.05276040732860565,0.0029752703849226236,2.9436807835736545e-06,0.042881667613983154,1.690434117758824,0.9284493221488995,0.9789070337066503,-0.05050293578760574,0.0029461766864773893,2.955837823641858e-06,,,,,,,,,,,,
2.3200000000000003,grasp,,,,,,,,,,,,,,,,,,,,,1.690438985824585,0.9290181994438171,0.9767575263977051,-0.0505705364048481,0.0029464203398674726,2.957964170491323e-06,0.042881667613983154,1.6904038172105114,0.9311208363697315,0.9793330065513923,-0.04822242375377473,0.0029158539704060827,2.9698397085413743e-06,,,,,,,,,,,,
2.3400000000000003,grasp,,,,,,,,,,,,,,,,,,,,,1.6904237270355225,0.9303418397903442,0.9769663214683533,-0.04944218322634697,0.002931560855358839,2.964949089800939e-06,0.042881667613983154,1.6904038172105114,0.9311208363697315,0.9793330065513923,-0.04822242375377473,0.0029158539704060827,2.9698397085413743e-06,,,,,,,,,,,,
2.36,grasp,,,,,,,,,,,,,,,,,,,,,1.690411925315857,0.9313682913780212,0.9771351218223572,-0.048564184457063675,0.002919937251135707,2.9704533517360687e-06,0.042881667613983154,1.6903956160568956,0.9318372083373399,0.9794476131365698,-0.047610729218511026,0.002907698099328202,2.9736058656489287e-06,,,,,,,,,,,,
2.3784394465064627,grasp,,,,,,,,,,,,,,,,,,,,,1.6904045343399048,0.9319115877151489,0.9772241115570068,-0.04810241982340813,0.002913813106715679,2.9738196190010058e-06,0.042881667613983154,1.6903953552246094,0.9318594932556152,0.9794511795043945,-0.04759170860052109,0.002907444490119815,2.9737229851889424e-06,,,,,,,,,,,,
2.3784394465064627,grasp,,,,,,,,,,,,,,,,,,,,,,,,,,,0.04299999214708805,,,,,,,0.0,,,,,,,,,,,
2.3984394465064627,grasp,,,,,,,,,,,,,,,,,,,,,,,,,,,0.04299621842801571,,,,,,,0.0,,,,,,,,,,,
2.4184394465064627,grasp,,,,,,,,,,,,,,,,,,,,,,,,,,,0.04296090826392174,,,,,,,0.0,,,,,,,,,,,
2.4384394465064627,grasp,,,,,,,,,,,,,,,,,,,,,,,,,,,0.042856838554143906,,,,,,,0.0,,,,,,,,,,,
2.4584394465064627,grasp,,,,,,,,,,,,,,,,,,,,,,,,,,,0.04264582879841328,,,,,,,0.0,,,,,,,,,,,
2.4784394465064628,grasp,,,,,,,,,,,,,,,,,,,,,,,,,,,0.042293960228562355,,,,,,,0.0,,,,,,,,,,,
2.4984394465064628,grasp,,,,,,,,,,,,,,,,,,,,,,,,,,,0.04177381843328476,,,,,,,0.0,,,,,,,,,,,
2.518439446506463,grasp,,,,,,,,,,,,,,,,,,,,,,,,,,,0.041065337136387825,,,,,,,0.0,,,,,,,,,,,
2.538439446506463,grasp,,,,,,,,,,,,,,,,,,,,,,,,,,,0.040155842900276184,,,,,,,0.0,,,,,,,,,,,
2.558439446506463,grasp,,,,,,,,,,,,,,,,,,,,,,,,,,,0.0390398595482111,,,,,,,0.0,,,,,,,,,,,
2.578439446506463,grasp,,,,,,,,,,,,,,,,,,,,,,,,,,,0.03771846927702427,,,,,,,0.0,,,,,,,,,,,
2.598439446506463,grasp,,,,,,,,,,,,,,,,,,,,,,,,,,,0.036198923364281654,,,,,,,0.0,,,,,,,,,,,
2.6184394465064624,grasp,,,,,,,,,,,,,,,,,,,,,,,,,,,0.0344938263297081,,,,,,,0.0,,,,,,,,,,,
2.638439446506463,grasp,,,,,,,,,,,,,,,,,,,,,,,,,,,0.03265259228646755,,,,,,,0.0,,,,,,,,,,,
2.6584394465064625,grasp,,,,,,,,,,,,,,,,,,,,,,,,,,,0.03184111788868904,,,,,,,0.0,,,,,,,,,,,
2.6784394465064625,grasp,,,,,,,,,,,,,,,,,,,,,,,,,,,0.03180251270532608,,,,,,,0.0,,,,,,,,,,,
2.6984394465064625,grasp,,,,,,,,,,,,,,,,,,,,,,,,,,,0.03177018649876118,,,,,,,0.0,,,,,,,,,,,
2.7184394465064625,grasp,,,,,,,,,,,,,,,,,,,,,,,,,,,0.03173752501606941,,,,,,,0.0,,,,,,,,,,,
2.7384394465064625,grasp,,,,,,,,,,,,,,,,,,,,,,,,,,,0.03170490078628063,,,,,,,0.0,,,,,,,,,,,
2.7584394465064626,grasp,,,,,,,,,,,,,,,,,,,,,,,,,,,0.031672743149101734,,,,,,,0.0,,,,,,,,,,,
2.7784394465064626,grasp,,,,,,,,,,,,,,,,,,,,,,,,,,,0.03164140600711107,,,,,,,0.0,,,,,,,,,,,
2.7984394465064626,grasp,,,,,,,,,,,,,,,,,,,,,,,,,,,0.03161135967820883,,,,,,,0.0,,,,,,,,,,,
2.8184394465064626,grasp,,,,,,,,,,,,,,,,,,,,,,,,,,,0.03158308286219835,,,,,,,0.0,,,,,,,,,,,
2.8384394465064626,grasp,,,,,,,,,,,,,,,,,,,,,,,,,,,0.031556728295981884,,,,,,,0.0,,,,,,,,,,,
2.8584394465064626,grasp,,,,,,,,,,,,,,,,,,,,,,,,,,,0.031532845459878445,,,,,,,0.0,,,,,,,,,,,
2.8784394465064627,grasp,,,,,,,,,,,,,,,,,,,,,,,,,,,0.03151154704391956,,,,,,,0.0,,,,,,,,,,,
2.8984394465064627,grasp,,,,,,,,,,,,,,,,,,,,,,,,,,,0.0314931133762002,,,,,,,0.0,,,,,,,,,,,
2.9184394465064627,grasp,,,,,,,,,,,,,,,,,,,,,,,,,,,0.03147758170962334,,,,,,,0.0,,,,,,,,,,,
2.9384394465064627,grasp,,,,,,,,,,,,,,,,,,,,,,,,,,,0.03146498091518879,,,,,,,0.0,,,,,,,,,,,
2.9584394465064627,grasp,,,,,,,,,,,,,,,,,,,,,,,,,,,0.03145537991076708,,,,,,,0.0,,,,,,,,,,,
2.9784394465064628,grasp,,,,,,,,,,,,,,,,,,,,,,,,,,,0.03144843131303787,,,,,,,0.0,,,,,,,,,,,
2.9984394465064628,grasp,,,,,,,,,,,,,,,,,,,,,,,,,,,0.031443919986486435,,,,,,,0.0,,,,,,,,,,,
3.018439446506463,grasp,,,,,,,,,,,,,,,,,,,,,,,,,,,0.03144151344895363,,,,,,,0.0,,,,,,,,,,,
3.038439446506463,grasp,,,,,,,,,,,,,,,,,,,,,,,,,,,0.03144046384841204,,,,,,,0.0,,,,,,,,,,,
3.058439446506463,grasp,,,,,,,,,,,,,,,,,,,,,,,,,,,0.0314403735101223,,,,,,,0.0,,,,,,,,,,,
3.058439446506463,grasp,,,,,,,,,,,,,,,,,,,,,1.6899206638336182,0.9324577450752258,0.9779105186462402,-0.04762684181332588,0.004349508322775364,0.00637694401666522,0.0314403735101223,1.6903953552246094,0.9318594932556152,0.9794511795043945,-0.04759170860052109,0.002907444490119815,2.9737229851889424e-06,,,,,,,,,,,,
3.078439446506463,grasp,,,,,,,,,,,,,,,,,,,,,1.6899358034133911,0.9324458837509155,0.9778947234153748,-0.047625429928302765,0.0042988876812160015,0.0061093843542039394,0.0314403735101223,1.6903953552246094,0.9318594932556152,0.9794511795043945,-0.04759170860052109,0.002907444490119815,2.9737229851889424e-06,,,,,,,,,,,,
3.098439446506463,grasp,,,,,,,,,,,,,,,,,,,,,1.689942717552185,0.9323819279670715,0.9778643250465393,-0.04767623916268349,0.00427510030567646,0.005971555132418871,0.0314403735101223,1.6903968094369377,0.931734898104757,0.9794312409998619,-0.047698058587560314,0.002908862478867238,2.9730681492854937e-06,,,,,,,,,,,,
3.118439446506463,grasp,,,,,,,,,,,,,,,,,,,,,1.6899460554122925,0.9323492646217346,0.9778481125831604,-0.04770233482122421,0.004262242000550032,0.0059005520306527615,0.0314403735101223,1.6903968094369377,0.931734898104757,0.9794312409998619,-0.047698058587560314,0.002908862478867238,2.9730681492854937e-06,,,,,,,,,,,,
3.138439446506463,grasp,,,,,,,,,,,,,,,,,,,,,1.6899464130401611,0.9319412708282471,0.97768634557724,-0.04806522652506828,0.0042669628746807575,0.005864107981324196,0.0314403735101223,1.6904064227457594,0.9308918797684415,0.979296400476613,-0.048417931876346146,0.002918459508727502,2.9686365668078243e-06,,,,,,,,,,,,
3.158439446506463,grasp,,,,,,,,,,,,,,,,,,,,,1.6899487972259521,0.9317396879196167,0.977574348449707,-0.04825235530734062,0.004251033067703247,0.005845488980412483,0.0314403735101223,1.6904064227457594,0.9308918797684415,0.979296400476613,-0.048417931876346146,0.002918459508727502,2.9686365668078243e-06,,,,,,,,,,,,
3.178439446506463,grasp,,,,,,,,,,,,,,,,,,,,,1.6899473667144775,0.930584192276001,0.977302074432373,-0.049259867519140244,0.0042592971585690975,0.0058370414189994335,0.0314403735101223,1.690431405896741,0.9286879374641276,0.9789451653525134,-0.05029919404298773,0.002943462104268657,2.9570913168168344e-06,,,,,,,,,,,,
3.198439446506463,grasp,,,,,,,,,,,,,,,,,,,,,1.6899529695510864,0.9299894571304321,0.9771679043769836,-0.04977928847074509,0.004248840734362602,0.005832802504301071,0.0314403735101223,1.690431405896741,0.9286879374641276,0.9789451653525134,-0.05029919404298773,0.002943462104268657,2.9570913168168344e-06,,,,,,,,,,,,
3.218439446506463,grasp,,,,,,,,,,,,,,,,,,,,,1.6900168657302856,0.9277147650718689,0.9767374396324158,-0.051752980798482895,0.0041834344156086445,0.0058381324633955956,0.0314403735101223,1.690477692820234,0.924558595370275,0.9782942317265895,-0.053819648435665515,0.0029897943540174183,2.9356970016915644e-06,,,,,,,,,,,,
3.238439446506463,grasp,,,,,,,,,,,,,,,,,,,,,1.6901804208755493,0.9264726638793945,0.9766011238098145,-0.05277144908905029,0.003813594812527299,0.005840276833623648,0.0314403735101223,1.690477692820234,0.924558595370275,0.9782942317265895,-0.053819648435665515,0.0029897943540174183,2.9356970016915644e-06,,,,,,,,,,,,
3.258439446506463,grasp,,,,,,,,,,,,,,,,,,,,,1.690268874168396,0.9227546453475952,0.9756048321723938,-0.05599876865744591,0.003731865668669343,0.005845688749104738,0.0314403735101223,1.6905498701225286,0.9180135555534913,0.9772797868232305,-0.059389272668349834,0.003061994176410767,2.902358775949981e-06,,,,,,,,,,,,
3.278439446506463,grasp,,,,,,,,,,,,,,,,,,,,,1.690338373184204,0.9207983613014221,0.975168764591217,-0.057662393897771835,0.003651570063084364,0.005848376080393791,0.0314403735101223,1.6905498701225286,0.9180135555534913,0.9772797868232305,-0.059389272668349834,0.003061994176410767,2.902358775949981e-06,,,,,,,,,,,,
3.298439446506463,grasp,,,,,,,,,,,,,,,,,,,,,1.6904828548431396,0.9152923822402954,0.9741358160972595,-0.06238247826695442,0.0034548649564385414,0.005853013601154089,0.0314403735101223,1.690651952366338,0.9086383632615638,0.9758462370531589,-0.06735680440077663,0.0031640081488302964,2.855255237651519e-06,,,,,,,,,,,,
3.3184394465064626,grasp,,,,,,,,,,,,,,,,,,,,,1.6905450820922852,0.9124220609664917,0.9735652804374695,-0.0648147463798523,0.003417732659727335,0.005857585463672876,0.0314403735101223,1.690651952366338,0.9086383632615638,0.9758462370531589,-0.06735680440077663,0.0031640081488302964,2.855255237651519e-06,,,,,,,,,,,,
3.338439446506463,grasp,,,,,,,,,,,,,,,,,,,,,1.6906858682632446,0.904888927936554,0.9722984433174133,-0.07123608887195587,0.0033473253715783358,0.005860005505383015,0.0314403735101223,1.6907875076653713,0.8960929053155252,0.9739417476296724,-0.07801394598041146,0.0032995273749236876,2.7926826952614164e-06,,,,,,,,,,,,
3.3584394465064626,grasp,,,,,,,,,,,,,,,,,,,,,1.6907469034194946,0.9009736776351929,0.9717621207237244,-0.07454358041286469,0.0033361390233039856,0.005861933343112469,0.0314403735101223,1.6907875076653713,0.8960929053155252,0.9739417476296724,-0.07801394598041146,0.0032995273749236876,2.7926826952614164e-06,,,,,,,,,,,,
3.3784394465064627,grasp,,,,,,,,,,,,,,,,,,,,,1.6908540725708008,0.8912215232849121,0.9702987670898438,-0.08283142000436783,0.003427791642025113,0.005862902849912643,0.0314403735101223,1.6909594960203949,0.880103236507392,0.9715251440127837,-0.09159377011862681,0.0034714826598949314,2.713288969867603e-06,,,,,,,,,,,,
3.3984394465064627,grasp,,,,,,,,,,,,,,,,,,,,,1.6909105777740479,0.8861668109893799,0.9696056246757507,-0.08710067719221115,0.0034735570661723614,0.005862888414412737,0.0314403735101223,1.6909594960203949,0.880103236507392,0.9715251440127837,-0.09159377011862681,0.0034714826598949314,2.713288969867603e-06,,,,,,,,,,,,
3.4184394465064627,grasp,,,,,,,,,,,,,,,,,,,,,1.691039800643921,0.8740681409835815,0.9677498936653137,-0.09738773107528687,0.0036009433679282665,0.005863175727427006,0.0314403735101223,1.6911700404436978,0.8604589511980812,0.9685664682949421,-0.10827445716918328,0.003682007437456253,2.616089861803267e-06,,,,,,,,,,,,
3.4384394465064627,grasp,,,,,,,,,,,,,,,,,,,,,1.6911087036132812,0.8677986860275269,0.9668619632720947,-0.10268691182136536,0.0036652376875281334,0.005862973164767027,0.0314403735101223,1.6911700404436978,0.8604589511980812,0.9685664682949421,-0.10827445716918328,0.003682007437456253,2.616089861803267e-06,,,,,,,,,,,,
3.4584394465064627,grasp,,,,,,,,,,,,,,,,,,,,,1.6912630796432495,0.8532346487045288,0.9646285772323608,-0.11506935954093933,0.0038212519139051437,0.005863260477781296,0.0314403735101223,1.6914206900721618,0.8370108166304857,0.9650442156705757,-0.12818274846498645,0.003932629856611307,2.500379013879112e-06,,,,,,,,,,,,
3.4784394465064628,grasp,,,,,,,,,,,,,,,,,,,,,1.6913448572158813,0.8456889986991882,0.9635539054870605,-0.12144798785448074,0.0038999561220407486,0.005862932186573744,0.0314403735101223,1.6914206900721618,0.8370108166304857,0.9650442156705757,-0.12818274846498645,0.003932629856611307,2.500379013879112e-06,,,,,,,,,,,,
3.4984394465064628,grasp,,,,,,,,,,,,,,,,,,,,,1.6915258169174194,0.8285841941833496,0.9609377384185791,-0.13598862290382385,0.004083540756255388,0.0058632660657167435,0.0314403735101223,1.691712415939193,0.8096662293497643,0.9609451337147153,-0.15139530202459384,0.00422429639624294,2.3657178629628095e-06,,,,,,,,,,,,
3.518439446506463,grasp,,,,,,,,,,,,,,,,,,,,,1.6916215419769287,0.8197231292724609,0.9596723914146423,-0.14347900450229645,0.004176279995590448,0.005862893536686897,0.0314403735101223,1.691712415939193,0.8096662293497643,0.9609451337147153,-0.15139530202459384,0.00422429639624294,2.3657178629628095e-06,,,,,,,,,,,,
3.538439446506463,grasp,,,,,,,,,,,,,,,,,,,,,1.691829800605774,0.8000391721725464,0.9566717147827148,-0.16020949184894562,0.004387375432997942,0.005863259080797434,0.0314403735101223,1.6920458142409094,0.7783877348752622,0.9562625312183813,-0.17794338977619353,0.004557487452874223,2.2118821270919687e-06,,,,,,,,,,,,
3.558439446506463,grasp,,,,,,,,,,,,,,,,,,,,,1.6919397115707397,0.7898419499397278,0.9552112817764282,-0.1688280999660492,0.004494129214435816,0.005862785968929529,0.0314403735101223,1.6920458142409094,0.7783877348752622,0.9562625312183813,-0.17794338977619353,0.004557487452874223,2.2118821270919687e-06,,,,,,,,,,,,
3.578439446506463,grasp,,,,,,,,,,,,,,,,,,,,,1.6921747922897339,0.7675753235816956,0.9518275260925293,-0.1877513825893402,0.0047326101921498775,0.005863213911652565,0.0314403735101223,1.6924205479049428,0.7431893979798554,0.9509969261804682,-0.20781548743681394,0.0049321871877204574,2.0388777650021665e-06,,,,,,,,,,,,
3.598439446506463,grasp,,,,,,,,,,,,,,,,,,,,,1.6922986507415771,0.7560401558876038,0.9501694440841675,-0.19749972224235535,0.004853409249335527,0.005862754303961992,0.0314403735101223,1.6924205479049428,0.7431893979798554,0.9509969261804682,-0.20781548743681394,0.0049321871877204574,2.0388777650021665e-06,,,,,,,,,,,,
3.618439446506463,grasp,,,,,,,,,,,,,,,,,,,,,1.6925606727600098,0.7312201857566833,0.9464091658592224,-0.2185916006565094,0.005119213834404945,0.005863174796104431,0.0314403735101223,1.692835969893641,0.7041339235646158,0.9451545152136502,-0.24096034672952638,0.005347997555479842,1.8468862797258057e-06,,,,,,,,,,,,
3.638439446506463,grasp,,,,,,,,,,,,,,,,,,,,,1.69269859790802,0.7183635234832764,0.9445527791976929,-0.22945727407932281,0.005254015792161226,0.00586262671276927,0.0314403735101223,1.692835969893641,0.7041339235646158,0.9451545152136502,-0.24096034672952638,0.005347997555479842,1.8468862797258057e-06,,,,,,,,,,,,
3.658439446506463,grasp,,,,,,,,,,,,,,,,,,,,,1.692987084388733,0.6910502910614014,0.9404242634773254,-0.2526687681674957,0.005546639207750559,0.005863153375685215,0.0314403735101223,1.693291430191905,0.6613298331752867,0.9387447155466446,-0.2772899729055814,0.005804238652491585,1.6362204145085203e-06,,,,,,,,,,,,
3.678439446506463,grasp,,,,,,,,,,,,,,,,,,,,,1.693138599395752,0.676902174949646,0.93836909532547,-0.26462656259536743,0.005695352330803871,0.005862516816705465,0.0314403735101223,1.693291430191905,0.6613298331752867,0.9387447155466446,-0.2772899729055814,0.005804238652491585,1.6362204145085203e-06,,,,,,,,,,,,
3.698439446506463,grasp,,,,,,,,,,,,,,,,,,,,,1.6934535503387451,0.6471847891807556,0.9338813424110413,-0.2898852229118347,0.006014336831867695,0.00586308678612113,0.0314403735101223,1.6937867728337552,0.6149285692527671,0.9317746704758302,-0.3166819679059635,0.0063003608731302795,1.40713824011149e-06,,,,,,,,,,,,
3.718439446506463,grasp,,,,,,,,,,,,,,,,,,,,,1.6936182975769043,0.6317912936210632,0.9316267967224121,-0.30289769172668457,0.006176647264510393,0.005862399470061064,0.0314403735101223,1.6937867728337552,0.6149285692527671,0.9317746704758302,-0.3166819679059635,0.0063003608731302795,1.40713824011149e-06,,,,,,,,,,,,
3.738439446506463,grasp,,,,,,,,,,,,,,,,,,,,,1.6930755376815796,0.6003108620643616,0.9264124035835266,-0.329227477312088,0.006499862298369408,0.005863329395651817,0.0314403735101223,1.692464688934821,0.5662092926882212,0.923464865457594,-0.3571629365948375,0.006812990476312466,1.1657487517994158e-06,,,,,,,,,,,,
3.758439446506463,grasp,,,,,,,,,,,,,,,,,,,,,1.6927849054336548,0.584007978439331,0.9237545728683472,-0.34279221296310425,0.006684325635433197,0.005862109363079071,0.0314403735101223,1.692464688934821,0.5662092926882212,0.923464865457594,-0.3571629365948375,0.006812990476312466,1.1657487517994158e-06,,,,,,,,,,,,
3.7784394465064626,grasp,,,,,,,,,,,,,,,,,,,,,1.669865608215332,0.56336510181427,0.909288763999939,-0.34891560673713684,0.006466183811426163,0.005869576241821051,0.0314403735101223,1.6452795430182834,0.5409316914118808,0.8962189238064621,-0.3553781960304938,0.006730243557669653,1.0833589314028737e-06,,,,,,,,,,,,
3.798439446506463,grasp,,,,,,,,,,,,,,,,,,,,,1.6578643321990967,0.5527762174606323,0.9016066193580627,-0.35207146406173706,0.006845823954790831,0.005857628770172596,0.0314403735101223,1.6452795430182834,0.5409316914118808,0.8962189238064621,-0.3553781960304938,0.006730243557669653,1.0833589314028737e-06,,,,,,,,,,,,
3.8184394465064626,grasp,,,,,,,,,,,,,,,,,,,,,1.6220756769180298,0.5376017689704895,0.8816936612129211,-0.34726235270500183,0.006453109905123711,0.005865071900188923,0.0314403735101223,1.583851837644814,0.5209625333245111,0.8628644714977586,-0.3421052526222404,0.006478894702535222,1.0428791410913682e-06,,,,,,,,,,,,
3.838439446506463,grasp,,,,,,,,,,,,,,,,,,,,,1.603421926498413,0.5298515558242798,0.8711547255516052,-0.3447859287261963,0.006828910671174526,0.005850032437592745,0.0314403735101223,1.583851837644814,0.5209625333245111,0.8628644714977586,-0.3421052526222404,0.006478894702535222,1.0428791410913682e-06,,,,,,,,,,,,
3.8584394465064626,grasp,,,,,,,,,,,,,,,,,,,,,1.562807321548462,0.5156601071357727,0.8490504026412964,-0.3367680311203003,0.006357390899211168,0.005859207361936569,0.0314403735101223,1.5194945824582036,0.5000399923455469,0.827920046841266,-0.3282012894081028,0.006215544257010082,1.0004651862387573e-06,,,,,,,,,,,,
3.878439446506463,grasp,,,,,,,,,,,,,,,,,,,,,1.5416749715805054,0.5084119439125061,0.8373815417289734,-0.33263862133026123,0.006689302157610655,0.005845171399414539,0.0314403735101223,1.5194945824582036,0.5000399923455469,0.827920046841266,-0.3282012894081028,0.006215544257010082,1.0004651862387573e-06,,,,,,,,,,,,
3.8984394465064627,grasp,,,,,,,,,,,,,,,,,,,,,1.498533010482788,0.49406033754348755,0.8140236735343933,-0.3234981298446655,0.006159443408250809,0.0058557018637657166,0.0314403735101223,1.452543421844917,0.47826775013524525,0.7915649759181005,-0.3137386943326967,0.005941621283064545,9.563491542784687e-07,,,,,,,,,,,,
3.9184394465064627,grasp,,,,,,,,,,,,,,,,,,,,,1.4760987758636475,0.486731618642807,0.801700234413147,-0.3187906742095947,0.006474191322922707,0.005842695478349924,0.0314403735101223,1.452543421844917,0.47826775013524525,0.7915649759181005,-0.3137386943326967,0.005941621283064545,9.563491542784687e-07,,,,,,,,,,,,
3.9384394465064627,grasp,,,,,,,,,,,,,,,,,,,,,1.4312045574188232,0.47197845578193665,0.7774317264556885,-0.3091185986995697,0.005910603795200586,0.005854185204952955,0.0314403735101223,1.3833560558925995,0.45576046995378383,0.75399239562957,-0.2987943718310463,0.005658608077773098,9.107694499965907e-07,,,,,,,,,,,,
3.9584394465064627,grasp,,,,,,,,,,,,,,,,,,,,,1.4078669548034668,0.464445561170578,0.764628529548645,-0.30413728952407837,0.006221928633749485,0.005841253791004419,0.0314403735101223,1.3833560558925995,0.45576046995378383,0.75399239562957,-0.2987943718310463,0.005658608077773098,9.107694499965907e-07,,,,,,,,,,,,
3.9784394465064628,grasp,,,,,,,,,,,,,,,,,,,,,1.3616067171096802,0.4492875337600708,0.7396304607391357,-0.29412972927093506,0.005638043396174908,0.005853277165442705,0.0314403735101223,1.3123097755789068,0.43264127829506016,0.7154059545361955,-0.2834490898332315,0.005368006109310334,8.639664190053132e-07,,,,,,,,,,,,
3.9984394465064628,grasp,,,,,,,,,,,,,,,,,,,,,1.337565541267395,0.4415489435195923,0.7264410853385925,-0.2889757752418518,0.005950783845037222,0.005840286612510681,0.0314403735101223,1.3123097755789068,0.43264127829506016,0.7154059545361955,-0.2834490898332315,0.005368006109310334,8.639664190053132e-07,,,,,,,,,,,,
4.018439446506463,grasp,,,,,,,,,,,,,,,,,,,,,1.2902331352233887,0.4260466992855072,0.7008657455444336,-0.2787260413169861,0.005353220738470554,0.005853024311363697,0.0314403735101223,1.239798291439334,0.4090363537731682,0.676019135088084,-0.26778786602832505,0.005071392147633621,8.16194561366669e-07,,,,,,,,,,,,
4.038439446506462,grasp,,,,,,,,,,,,,,,,,,,,,1.2656406164169312,0.4181336462497711,0.6873699426651001,-0.2734472155570984,0.005667956545948982,0.005839559715241194,0.0314403735101223,1.239798291439334,0.4090363537731682,0.676019135088084,-0.26778786602832505,0.005071392147633621,8.16194561366669e-07,,,,,,,,,,,,
4.058439446506463,grasp,,,,,,,,,,,,,,,,,,,,,1.2175097465515137,0.4023666977882385,0.6613637208938599,-0.26302269101142883,0.005061023868620396,0.0058524771593511105,0.0314403735101223,1.1662284761763217,0.3850753536320826,0.6360518363701946,-0.25189885232533016,0.0047704352596880766,7.677236268193111e-07,,,,,,,,,,,,
4.078439446506463,grasp,,,,,,,,,,,,,,,,,,,,,1.192507028579712,0.3943198025226593,0.6476376056671143,-0.25765398144721985,0.005376629997044802,0.005839071236550808,0.0314403735101223,1.1662284761763217,0.3850753536320826,0.6360518363701946,-0.25189885232533016,0.0047704352596880766,7.677236268193111e-07,,,,,,,,,,,,
4.098439446506463,grasp,,,,,,,,,,,,,,,,,,,,,1.1438508033752441,0.3783751428127289,0.6213492751121521,-0.24711614847183228,0.00476428959518671,0.005852153059095144,0.0314403735101223,1.0920151945500043,0.3608938918754227,0.595729451090406,-0.2358717043425968,0.004466894569213872,7.18837047670507e-07,,,,,,,,,,,,
4.118439446506462,grasp,,,,,,,,,,,,,,,,,,,,,1.1185811758041382,0.3702385425567627,0.607466995716095,-0.2416890561580658,0.005079867783933878,0.0058386619202792645,0.0314403735101223,1.0920151945500043,0.3608938918754227,0.595729451090406,-0.2358717043425968,0.004466894569213872,7.18837047670507e-07,,,,,,,,,,,,
4.138439446506463,grasp,,,,,,,,,,,,,,,,,,,,,1.0696762800216675,0.3542058765888214,0.5810444355010986,-0.2310979664325714,0.004465372767299414,0.005851851776242256,0.0314403735101223,1.0175791059144892,0.33662850940160904,0.5552805423077131,-0.2197970290859601,0.004162482285512772,6.698100248638031e-07,,,,,,,,,,,,
4.158439446506463,grasp,,,,,,,,,,,,,,,,,,,,,1.044282078742981,0.34602540731430054,0.5670886635780334,-0.22564344108104706,0.004778782371431589,0.005838528275489807,0.0314403735101223,1.0175791059144892,0.33662850940160904,0.5552805423077131,-0.2197970290859601,0.004162482285512772,6.698100248638031e-07,,,,,,,,,,,,
4.178439446506463,grasp,,,,,,,,,,,,,,,,,,,,,0.9954062104225159,0.32999351620674133,0.5406797528266907,-0.2150593101978302,0.00416557164862752,0.005851757247000933,0.0314403735101223,0.9433437932745702,0.3124138382759111,0.5149344962485184,-0.2037657113548151,0.0038588602499690654,6.209092302060177e-07,,,,,,,,,,,,
4.1984394465064625,grasp,,,,,,,,,,,,,,,,,,,,,0.970031201839447,0.32181528210639954,0.5267287492752075,-0.20960840582847595,0.004475456662476063,0.005838603246957064,0.0314403735101223,0.9433437932745702,0.3124138382759111,0.5149344962485184,-0.2037657113548151,0.0038588602499690654,6.209092302060177e-07,,,,,,,,,,,,
4.218439446506463,grasp,,,,,,,,,,,,,,,,,,,,,0.9214620590209961,0.30587491393089294,0.5004838705062866,-0.19909119606018066,0.003866778686642647,0.005851801950484514,0.0314403735101223,0.8697298569534898,0.288387666687798,0.47491991653418086,-0.18786849442942588,0.0035577507106382173,5.724129492850553e-07,,,,,,,,,,,,
4.2384394465064625,grasp,,,,,,,,,,,,,,,,,,,,,0.8962500095367432,0.2977449595928192,0.4866163432598114,-0.19367466866970062,0.004171587992459536,0.00583879416808486,0.0314403735101223,0.8697298569534898,0.288387666687798,0.47491991653418086,-0.18786849442942588,0.0035577507106382173,5.724129492850553e-07,,,,,,,,,,,,
4.258439446506463,grasp,,,,,,,,,,,,,,,,,,,,,0.8482632040977478,0.28198471665382385,0.4606834948062897,-0.18328392505645752,0.003570695174857974,0.005851946771144867,0.0314403735101223,0.7971541977147233,0.2646827912004491,0.4354613906802787,-0.1721955847618061,0.0032609011086328493,5.246045061957233e-07,,,,,,,,,,,,
4.278439446506463,grasp,,,,,,,,,,,,,,,,,,,,,0.8233569264411926,0.2739483118057251,0.44697773456573486,-0.1779325008392334,0.0038691493682563305,0.005839168094098568,0.0314403735101223,0.7971541977147233,0.2646827912004491,0.4354613906802787,-0.1721955847618061,0.0032609011086328493,5.246045061957233e-07,,,,,,,,,,,,
4.298439446506463,grasp,,,,,,,,,,,,,,,,,,,,,0.7762223482131958,0.25845664739608765,0.42150020599365234,-0.16772659122943878,0.0032789583783596754,0.005852203816175461,0.0314403735101223,0.72602300033035,0.24143275081570179,0.39678021094838645,-0.15683449941911712,0.002969974871033586,4.77750950348107e-07,,,,,,,,,,,,
4.318439446506463,grasp,,,,,,,,,,,,,,,,,,,,,0.7517608404159546,0.25055909156799316,0.40803560614585876,-0.162470281124115,0.0035693554673343897,0.00583975575864315,0.0314403735101223,0.72602300033035,0.24143275081570179,0.39678021094838645,-0.15683449941911712,0.002969974871033586,4.77750950348107e-07,,,,,,,,,,,,
4.338439446506463,grasp,,,,,,,,,,,,,,,,,,,,,0.705741286277771,0.2354200780391693,0.3831574022769928,-0.15250587463378906,0.0029932030010968447,0.005852396599948406,0.0314403735101223,0.6567318168359073,0.21876269477687915,0.35909003393500616,-0.14187025701418032,0.0026865700626084728,4.321078560744625e-07,,,,,,,,,,,,
4.358439446506463,grasp,,,,,,,,,,,,,,,,,,,,,0.6818609237670898,0.22770434617996216,0.3700047731399536,-0.14737382531166077,0.0032746598590165377,0.005840264726430178,0.0314403735101223,0.6567318168359073,0.21876269477687915,0.35909003393500616,-0.14187025701418032,0.0026865700626084728,4.321078560744625e-07,,,,,,,,,,,,
4.378439446506463,grasp,,,,,,,,,,,,,,,,,,,,,0.6372087597846985,0.21300144493579865,0.34586289525032043,-0.137705460190773,0.002715420676395297,0.005852417554706335,0.0314403735101223,0.5896580266684247,0.19679760023489104,0.3225965779087183,-0.1273844457068402,0.0024122199801433087,3.879226087516243e-07,,,,,,,,,,,,
4.398439446506463,grasp,,,,,,,,,,,,,,,,,,,,,0.6140403151512146,0.20550960302352905,0.3330954313278198,-0.13272586464881897,0.0029862686060369015,0.005840988829731941,0.0314403735101223,0.5896580266684247,0.19679760023489104,0.3225965779087183,-0.1273844457068402,0.0024122199801433087,3.879226087516243e-07,,,,,,,,,,,,
4.418439446506463,grasp,,,,,,,,,,,,,,,,,,,,,0.5709973573684692,0.19132019579410553,0.3098185062408447,-0.12340588867664337,0.0024468291085213423,0.00585251534357667,0.0314403735101223,0.5251616747937398,0.17565106758871352,0.28749332290562557,-0.11345498117633346,0.002148393802218599,3.454330430967611e-07,,,,,,,,,,,,
4.438439446506463,grasp,,,,,,,,,,,,,,,,,,,,,0.5486653447151184,0.18409155309200287,0.2975054383277893,-0.11860565841197968,0.0027055253740400076,0.005841878708451986,0.0314403735101223,0.5251616747937398,0.17565106758871352,0.28749332290562557,-0.11345498117633346,0.002148393802218599,3.454330430967611e-07,,,,,,,,,,,,
4.458439446506463,grasp,,,,,,,,,,,,,,,,,,,,,0.5074576735496521,0.17049039900302887,0.275214284658432,-0.10968296974897385,0.0021886886097490788,0.00585328321903944,0.0314403735101223,0.463577085395985,0.1554343431946417,0.2539626487565799,-0.10015421678170656,0.0018964707355672086,3.048612408809963e-07,,,,,,,,,,,,
4.478439446506463,grasp,,,,,,,,,,,,,,,,,,,,,0.48607900738716125,0.16356304287910461,0.26341989636421204,-0.1050872877240181,0.002434229012578726,0.005842811893671751,0.0314403735101223,0.463577085395985,0.1554343431946417,0.2539626487565799,-0.10015421678170656,0.0018964707355672086,3.048612408809963e-07,,,,,,,,,,,,
4.498439446506463,grasp,,,,,,,,,,,,,,,,,,,,,0.44691532850265503,0.15061822533607483,0.2422284185886383,-0.0966072678565979,0.00194244971498847,0.005853869486600161,0.0314403735101223,0.40521299588468795,0.13624695691655497,0.22217164823574184,-0.08754890458706172,0.0016577302546710638,2.6641234231727306e-07,,,,,,,,,,,,
4.518439446506463,grasp,,,,,,,,,,,,,,,,,,,,,0.4265983998775482,0.14402660727500916,0.23101215064525604,-0.09223954379558563,0.0021740030497312546,0.005843798164278269,0.0314403735101223,0.40521299588468795,0.13624695691655497,0.22217164823574184,-0.08754890458706172,0.0016577302546710638,2.6641234231727306e-07,,,,,,,,,,,,
4.538439446506462,grasp,,,,,,,,,,,,,,,,,,,,,0.3896697759628296,0.1317993700504303,0.21102260053157806,-0.08424343168735504,0.0017095208168029785,0.005854289513081312,0.0314403735101223,0.35034809672537126,0.1181776760604486,0.19227054686613532,-0.0756992308385062,0.0014333129107263487,2.302697285853129e-07,,,,,,,,,,,,
4.558439446506463,grasp,,,,,,,,,,,,,,,,,,,,,0.3705131411552429,0.12557440996170044,0.20043985545635223,-0.0801248624920845,0.0019258959218859673,0.005844857543706894,0.0314403735101223,0.35034809672537126,0.1181776760604486,0.19227054686613532,-0.0756992308385062,0.0014333129107263487,2.302697285853129e-07,,,,,,,,,,,,
4.578439446506463,grasp,,,,,,,,,,,,,,,,,,,,,0.3359869718551636,0.11412118375301361,0.18174521625041962,-0.07264886796474457,0.0014906066935509443,0.005854729562997818,0.0314403735101223,0.299224215544568,0.10130982210445513,0.1643929522067339,-0.06465743534008546,0.0012241932706596982,1.9659072394410628e-07,,,,,,,,,,,,
4.598439446506463,grasp,,,,,,,,,,,,,,,,,,,,,0.31807741522789,0.10829153656959534,0.1718444973230362,-0.06879818439483643,0.001690609846264124,0.005846066866070032,0.0314403735101223,0.299224215544568,0.10130982210445513,0.1643929522067339,-0.06465743534008546,0.0012241932706596982,1.9659072394410628e-07,,,,,,,,,,,,
4.618439446506462,grasp,,,,,,,,,,,,,,,,,,,,,0.2860982120037079,0.0976608470082283,0.15451562404632568,-0.06187364086508751,0.0012868817429989576,0.00585514958947897,0.0314403735101223,0.25204819132057654,0.08570901959602617,0.13865009920185198,-0.054468154544244744,0.001031211156788812,1.6551080310511407e-07,,,,,,,,,,,,
4.638439446506463,grasp,,,,,,,,,,,,,,,,,,,,,0.2695104479789734,0.09225066006183624,0.14533734321594238,-0.058306947350502014,0.0014703180640935898,0.005847245454788208,0.0314403735101223,0.25204819132057654,0.08570901959602617,0.13865009920185198,-0.054468154544244744,0.001031211156788812,1.6551080310511407e-07,,,,,,,,,,,,
4.658439446506463,grasp,,,,,,,,,,,,,,,,,,,,,0.2401965856552124,0.08247914910316467,0.1294466108083725,-0.051959309726953506,0.0010991645976901054,0.005855649244040251,0.0314403735101223,0.20898495342884824,0.0714290572125289,0.11513097730783761,-0.04516704208690038,0.0008550483798644065,1.3713967640169665e-07,,,,,,,,,,,,
4.678439446506463,grasp,,,,,,,,,,,,,,,,,,,,,0.2249920815229416,0.07750697433948517,0.12102758884429932,-0.04868975281715393,0.0012646468821913004,0.005848557688295841,0.0314403735101223,0.20898495342884824,0.0714290572125289,0.11513097730783761,-0.04516704208690038,0.0008550483798644065,1.3713967640169665e-07,,,,,,,,,,,,
4.6984394465064625,grasp,,,,,,,,,,,,,,,,,,,,,0.1984328329563141,0.06862635165452957,0.1066124364733696,-0.042938508093357086,0.0009278071811422706,0.005856097675859928,0.0314403735101223,0.1701545803994048,0.058508726029759844,0.09390034776191465,-0.03678003870185359,0.0006962027705917196,1.1155739192135873e-07,,,,,,,,,,,,
4.718439446506463,grasp,,,,,,,,,,,,,,,,,,,,,0.18465766310691833,0.06410758942365646,0.0989760011434555,-0.03997613862156868,0.0010756312403827906,0.005849743261933327,0.0314403735101223,0.1701545803994048,0.058508726029759844,0.09390034776191465,-0.03678003870185359,0.0006962027705917196,1.1155739192135873e-07,,,,,,,,,,,,
4.7384394465064625,grasp,,,,,,,,,,,,,,,,,,,,,0.16091004014015198,0.056137263774871826,0.08607730269432068,-0.03483346104621887,0.000773163978010416,0.005856653209775686,0.0314403735101223,0.13562552288389992,0.04697635431647926,0.07499938840401761,-0.029321892628388167,0.0005549527132888649,8.880880580985813e-08,,,,,,,,,,,,
4.758439446506463,grasp,,,,,,,,,,,,,,,,,,,,,0.1485936939716339,0.05208225175738335,0.07924254238605499,-0.03218459710478783,0.0009027593769133091,0.005851038731634617,0.0314403735101223,0.13562552288389992,0.04697635431647926,0.07499938840401761,-0.029321892628388167,0.0005549527132888649,8.880880580985813e-08,,,,,,,,,,,,
4.778439446506463,grasp,,,,,,,,,,,,,,,,,,,,,0.127681165933609,0.04503346607089043,0.06786997616291046,-0.027655672281980515,0.0006357064703479409,0.005857114214450121,0.0314403735101223,0.10541542056058814,0.036840721311836716,0.05844007125450779,-0.022796360555084615,0.0004313668649741297,6.89050030446729e-08,,,,,,,,,,,,
4.798439446506463,grasp,,,,,,,,,,,,,,,,,,,,,0.11683589220046997,0.041447099298238754,0.06184481829404831,-0.02532292529940605,0.0007471223943866789,0.005852267146110535,0.0314403735101223,0.10541542056058814,0.036840721311836716,0.05844007125450779,-0.022796360555084615,0.0004313668649741297,6.89050030446729e-08,,,,,,,,,,,,
4.818439446506463,grasp,,,,,,,,,,,,,,,,,,,,,0.09874744713306427,0.03531641885638237,0.05199281498789787,-0.0214052964001894,0.0005152638186700642,0.005857566371560097,0.0314403735101223,0.07948839506641386,0.028089551935105813,0.04420174234497423,-0.01719563957462861,0.0003252959323543937,5.182196089115602e-08,,,,,,,,,,,,
4.838439446506463,grasp,,,,,,,,,,,,,,,,,,,,,0.08936741203069687,0.03219698742032051,0.04677398130297661,-0.019387414678931236,0.0006087411311455071,0.005853455048054457,0.0314403735101223,0.07948839506641386,0.028089551935105813,0.04420174234497423,-0.01719563957462861,0.0003252959323543937,5.182196089115602e-08,,,,,,,,,,,,
4.858439446506463,grasp,,,,,,,,,,,,,,,,,,,,,0.07405474781990051,0.026967501267790794,0.03841429576277733,-0.016070637851953506,0.0004117482458241284,0.005857909098267555,0.0314403735101223,0.057750951647126604,0.02068980188685605,0.032229281504564895,-0.012499521847821488,0.0002363569807891839,3.749803344172878e-08,,,,,,,,,,,,
4.878439446506463,grasp,,,,,,,,,,,,,,,,,,,,,0.06611505150794983,0.024305682629346848,0.033989015966653824,-0.014362210407853127,0.0004872360441368073,0.005854601506143808,0.0314403735101223,0.057750951647126604,0.02068980188685605,0.032229281504564895,-0.012499521847821488,0.0002363569807891839,3.749803344172878e-08,,,,,,,,,,,,
4.898439446506463,grasp,,,,,,,,,,,,,,,,,,,,,0.05348775535821915,0.01995113305747509,0.0270700603723526,-0.011626769788563251,0.00032424143864773214,0.0058582741767168045,0.0314403735101223,0.04004271359602042,0.014594955684520709,0.022436704177756867,-0.008673414564820759,0.00016389492371443948,2.582773064738068e-08,,,,,,,,,,,,
4.918439446506463,grasp,,,,,,,,,,,,,,,,,,,,,0.046941254287958145,0.017734238877892494,0.023408690467476845,-0.010217780247330666,0.0003833116206806153,0.00585564412176609,0.0314403735101223,0.04004271359602042,0.014594955684520709,0.022436704177756867,-0.008673414564820759,0.00016389492371443948,2.582773064738068e-08,,,,,,,,,,,,
4.938439446506463,grasp,,,,,,,,,,,,,,,,,,,,,0.036861810833215714,0.014219950884580612,0.017865080386400223,-0.008033904246985912,0.00025205491692759097,0.005858669988811016,0.0314403735101223,0.02612863638830937,0.009750387189003326,0.014708758142240026,-0.005666711672469854,0.0001069513988154558,1.6656721447440643e-08,,,,,,,,,,,,
4.958439446506463,grasp,,,,,,,,,,,,,,,,,,,,,0.03163696452975273,0.012430381961166859,0.014932814985513687,-0.006909037008881569,0.00029615426319651306,0.005856622010469437,0.0314403735101223,0.02612863638830937,0.009750387189003326,0.014708758142240026,-0.005666711672469854,0.0001069513988154558,1.6656721447440643e-08,,,,,,,,,,,,
4.978439446506463,grasp,,,,,,,,,,,,,,,,,,,,,0.023918846622109413,0.00971314124763012,0.01067489106208086,-0.005236508324742317,0.00019454433640930802,0.005858950316905975,0.0314403735101223,0.01569887803182522,0.006085938633053506,0.008896008988845258,-0.003412714959820741,6.426324645607765e-05,9.781588366126475e-09,,,,,,,,,,,,
4.998439446506463,grasp,,,,,,,,,,,,,,,,,,,,,0.019918981939554214,0.008328646421432495,0.008424555882811546,-0.00437501072883606,0.00022442269255407155,0.005857523530721664,0.0314403735101223,0.01569887803182522,0.006085938633053506,0.008896008988845258,-0.003412714959820741,6.426324645607765e-05,9.781588366126475e-09,,,,,,,,,,,,
5.018439446506463,grasp,,,,,,,,,,,,,,,,,,,,,0.014330015517771244,0.006346632726490498,0.0053322808817029,-0.003163701854646206,0.00015006527246441692,0.00585924182087183,0.0314403735101223,0.008375880202242465,0.0034960483482281515,0.004804443629385839,-0.001830011611941009,3.4288620505473596e-05,4.9540225952450124e-09,,,,,,,,,,,,
5.038439446506462,grasp,,,,,,,,,,,,,,,,,,,,,0.011434548534452915,0.005335376597940922,0.0037005776539444923,-0.0025397595018148422,0.00016788922948762774,0.005858364049345255,0.0314403735101223,0.008375880202242465,0.0034960483482281515,0.004804443629385839,-0.001830011611941009,3.4288620505473596e-05,4.9540225952450124e-09,,,,,,,,,,,,
5.058439446506463,grasp,,,,,,,,,,,,,,,,,,,,,0.007695103529840708,0.0040041073225438595,0.0016288639744743705,-0.001729194656945765,0.0001173174605355598,0.005859516095370054,0.0314403735101223,0.0037089095829134482,0.0018422120980501415,0.0021948829472167573,-0.0008213273183296701,1.518526646224414e-05,1.877329133149575e-09,,,,,,,,,,,,
5.078439446506463,grasp,,,,,,,,,,,,,,,,,,,,,0.005758851300925016,0.003323028329759836,0.0005397418281063437,-0.0013116714544594288,0.00012519881420303136,0.005859024822711945,0.0314403735101223,0.0037089095829134482,0.0018422120980501415,0.0021948829472167573,-0.0008213273183296701,1.518526646224414e-05,1.877329133149575e-09,,,,,,,,,,,,
5.098439446506463,grasp,,,,,,,,,,,,,,,,,,,,,0.003541170386597514,0.002508177887648344,0.0001483710075262934,-0.0008303974755108356,9.643636440159753e-05,0.005860289093106985,0.0314403735101223,0.001175017702634166,0.0009438056566160086,0.0007777595161171387,-0.0002736676283289,4.813203013795418e-06,2.0685473499580758e-10,,,,,,,,,,,,
5.118439446506462,grasp,,,,,,,,,,,,,,,,,,,,,0.0023942734114825726,0.002089710207656026,0.0001362461771350354,-0.0005824862746521831,9.673323074821383e-05,0.005859834142029285,0.0314403735101223,0.001175017702634166,0.0009438056566160086,0.0007777595161171387,-0.0002736676283289,4.813203013795418e-06,2.0685473499580758e-10,,,,,,,,,,,,
5.138439446506463,grasp,,,,,,,,,,,,,,,,,,,,,0.001320470473729074,0.0017048564041033387,0.000125339807709679,-0.0003496020217426121,8.025116403587162e-05,0.0058601112104952335,0.0314403735101223,0.00016962247454409103,0.0005873399207420668,0.0002154765142242063,-5.636776514360977e-05,6.977862872073363e-07,-4.559544310671141e-10,,,,,,,,,,,,
5.158439446506463,grasp,,,,,,,,,,,,,,,,,,,,,0.0007657762034796178,0.0015058066928759217,0.00012303816038183868,-0.00022959925991017371,7.71121121942997e-05,0.005860168021172285,0.0314403735101223,0.00016962247454409103,0.0005873399207420668,0.0002154765142242063,-5.636776514360977e-05,6.977862872073363e-07,-4.559544310671141e-10,,,,,,,,,,,,
5.178439446506463,grasp,,,,,,,,,,,,,,,,,,,,,0.0004002113710157573,0.0013745191972702742,0.0001251872890861705,-0.00015019283455330878,6.929316441528499e-05,0.005860351957380772,0.0314403735101223,1.5018625691503863e-06,0.0005277322531885176,0.00012145244213911166,-2.003122081719962e-05,9.612712226186428e-09,-5.66788365692061e-10,,,,,,,,,,,,
5.181488754639541,grasp,,,,,,,,,,,,,,,,,,,,,0.00021008036856073886,0.0013067631516605616,0.00012497813440859318,-0.00010913919686572626,6.462144665420055e-05,0.005860494449734688,0.0314403735101223,-8.684154551019674e-08,0.0005271689733490348,0.00012056393461534753,-1.968784818018321e-05,3.109617896512873e-09,-5.67835722886656e-10,,,,,,,,,,,,
0.0,grasp,,,,,,,,,,,,,,,,,,,,,,,,,,,1.5209173476193882e-08,,,,,,,0.043,,,,,,,,,,,
0.02,grasp,,,,,,,,,,,,,,,,,,,,,,,,,,,4.834350647797692e-06,,,,,,,0.043,,,,,,,,,,,
0.04,grasp,,,,,,,,,,,,,,,,,,,,,,,,,,,4.0752755012363195e-05,,,,,,,0.043,,,,,,,,,,,
0.06,grasp,,,,,,,,,,,,,,,,,,,,,,,,,,,0.0001451414282200858,,,,,,,0.043,,,,,,,,,,,
0.08,grasp,,,,,,,,,,,,,,,,,,,,,,,,,,,0.00035630306228995323,,,,,,,0.043,,,,,,,,,,,
0.1,grasp,,,,,,,,,,,,,,,,,,,,,,,,,,,0.0007082340307533741,,,,,,,0.043,,,,,,,,,,,
0.12,grasp,,,,,,,,,,,,,,,,,,,,,,,,,,,0.0012283940450288355,,,,,,,0.043,,,,,,,,,,,
0.14,grasp,,,,,,,,,,,,,,,,,,,,,,,,,,,0.001936908985953778,,,,,,,0.043,,,,,,,,,,,
0.16,grasp,,,,,,,,,,,,,,,,,,,,,,,,,,,0.002846426679752767,,,,,,,0.043,,,,,,,,,,,
0.18,grasp,,,,,,,,,,,,,,,,,,,,,,,,,,,0.003962433198466897,,,,,,,0.043,,,,,,,,,,,
0.2,grasp,,,,,,,,,,,,,,,,,,,,,,,,,,,0.005283823935315013,,,,,,,0.043,,,,,,,,,,,
0.22,grasp,,,,,,,,,,,,,,,,,,,,,,,,,,,0.0068033975549042225,,,,,,,0.043,,,,,,,,,,,
0.24,grasp,,,,,,,,,,,,,,,,,,,,,,,,,,,0.008508481550961733,,,,,,,0.043,,,,,,,,,,,
0.26,grasp,,,,,,,,,,,,,,,,,,,,,,,,,,,0.010381673462688923,,,,,,,0.043,,,,,,,,,,,
0.28,grasp,,,,,,,,,,,,,,,,,,,,,,,,,,,0.012401452753692865,,,,,,,0.043,,,,,,,,,,,
0.3,grasp,,,,,,,,,,,,,,,,,,,,,,,,,,,0.014542837627232075,,,,,,,0.043,,,,,,,,,,,
0.32,grasp,,,,,,,,,,,,,,,,,,,,,,,,,,,0.0167781263589859,,,,,,,0.043,,,,,,,,,,,
0.34,grasp,,,,,,,,,,,,,,,,,,,,,,,,,,,0.019077488221228123,,,,,,,0.043,,,,,,,,,,,
0.36,grasp,,,,,,,,,,,,,,,,,,,,,,,,,,,0.02140973787754774,,,,,,,0.043,,,,,,,,,,,
0.38,grasp,,,,,,,,,,,,,,,,,,,,,,,,,,,0.02374295052140951,,,,,,,0.043,,,,,,,,,,,
0.4,grasp,,,,,,,,,,,,,,,,,,,,,,,,,,,0.026045161299407482,,,,,,,0.043,,,,,,,,,,,
0.42,grasp,,,,,,,,,,,,,,,,,,,,,,,,,,,0.028285082429647446,,,,,,,0.043,,,,,,,,,,,
0.44,grasp,,,,,,,,,,,,,,,,,,,,,,,,,,,0.030432715080678463,,,,,,,0.043,,,,,,,,,,,
0.46,grasp,,,,,,,,,,,,,,,,,,,,,,,,,,,0.032460106536746025,,,,,,,0.043,,,,,,,,,,,
0.48,grasp,,,,,,,,,,,,,,,,,,,,,,,,,,,0.0343419648706913,,,,,,,0.043,,,,,,,,,,,
0.5,grasp,,,,,,,,,,,,,,,,,,,,,,,,,,,0.0360563974827528,,,,,,,0.043,,,,,,,,,,,
0.52,grasp,,,,,,,,,,,,,,,,,,,,,,,,,,,0.037585511803627014,,,,,,,0.043,,,,,,,,,,,
0.54,grasp,,,,,,,,,,,,,,,,,,,,,,,,,,,0.0389162078499794,,,,,,,0.043,,,,,,,,,,,
0.56,grasp,,,,,,,,,,,,,,,,,,,,,,,,,,,0.040040766820311546,,,,,,,0.043,,,,,,,,,,,
0.58,grasp,,,,,,,,,,,,,,,,,,,,,,,,,,,0.04095758497714996,,,,,,,0.043,,,,,,,,,,,
0.6,grasp,,,,,,,,,,,,,,,,,,,,,,,,,,,0.04167180880904198,,,,,,,0.043,,,,,,,,,,,
0.62,grasp,,,,,,,,,,,,,,,,,,,,,,,,,,,0.04219609126448631,,,,,,,0.043,,,,,,,,,,,
0.64,grasp,,,,,,,,,,,,,,,,,,,,,,,,,,,0.042551204562187195,,,,,,,0.043,,,,,,,,,,,
0.66,grasp,,,,,,,,,,,,,,,,,,,,,,,,,,,0.04276670329272747,,,,,,,0.043,,,,,,,,,,,
0.68,grasp,,,,,,,,,,,,,,,,,,,,,,,,,,,0.042881689965724945,,,,,,,0.043,,,,,,,,,,,
0.68,grasp,,,,,,,,,,,,,,,,,,,,,-1.645280462980736e-07,0.0010456173913553357,0.00012923312897328287,-3.9068192563718185e-05,8.115449645629269e-09,-8.526153116861224e-10,0.042881689965724945,-8.683033314582644e-08,0.0005271707777865231,0.00012056338891852647,-1.9690975022967905e-05,2.948982391615118e-09,-5.69327585075996e-10,,,,,,,,,,,,
0.7000000000000001,grasp,,,,,,,,,,,,,,,,,,,,,-1.6595599561242125e-07,0.0010503795929253101,0.0001292419619858265,-3.924833072233014e-05,7.993190109800707e-09,-8.577749066596141e-10,0.042881689965724945,-8.683033314582644e-08,0.0005271707777865231,0.00012056338891852647,-1.9690975022967905e-05,2.948982391615118e-09,-5.69327585075996e-10,,,,,,,,,,,,
0.7200000000000001,grasp,,,,,,,,,,,,,,,,,,,,,0.00011819913925137371,0.0010990409646183252,0.00012905347102787346,-5.9790978411911055e-05,8.116364824672928e-07,-1.0246820281167857e-08,0.042881689965724945,0.0002492959489591458,0.0006227102263524305,0.00025633277259822255,-6.190184154888928e-05,7.83438955194516e-07,-3.6516302678072396e-10,,,,,,,,,,,,
0.74,grasp,,,,,,,,,,,,,,,,,,,,,0.000180476185050793,0.0011243122862651944,0.00012904137838631868,-7.038657349767163e-05,4.390278149912774e-07,2.6941366915167464e-09,0.042881689965724945,0.0002492959489591458,0.0006227102263524305,0.00025633277259822255,-6.190184154888928e-05,7.83438955194516e-07,-3.6516302678072396e-10,,,,,,,,,,,,
0.76,grasp,,,,,,,,,,,,,,,,,,,,,0.0010187109000980854,0.001446209498681128,0.00012724209227599204,-0.00021306848793756217,5.90427544011618e-06,-5.918011680705604e-08,0.042881689965724945,0.0019222938366037035,0.0012636413115964073,0.0011671490250568023,-0.0003450756928347007,6.0193980075520076e-06,1.0044859954626233e-09,,,,,,,,,,,,
0.78,grasp,,,,,,,,,,,,,,,,,,,,,0.0014529143227264285,0.0016143453540280461,0.00012725610577035695,-0.00028667773585766554,3.4159081678808434e-06,2.77017075944741e-08,0.042881689965724945,0.0019222938366037035,0.0012636413115964073,0.0011671490250568023,-0.0003450756928347007,6.0193980075520076e-06,1.0044859954626233e-09,,,,,,,,,,,,
0.8,grasp,,,,,,,,,,,,,,,,,,,,,0.00377441942691803,0.002523282775655389,0.00067103625042364,-0.0006808979669585824,1.7636304619372822e-05,-1.2368603563572833e-07,0.042881689965724945,0.006257253891615064,0.0029243297618456033,0.003527161587056153,-0.0010788165343438988,1.9586459543934876e-05,4.553427607385537e-09,,,,,,,,,,,,
0.8200000000000001,grasp,,,,,,,,,,,,,,,,,,,,,0.004976517520844936,0.0029782806523144245,0.0010271478677168489,-0.0008835644694045186,1.1528047252795659e-05,9.897205188735825e-08,0.042881689965724945,0.006257253891615064,0.0029243297618456033,0.003527161587056153,-0.0010788165343438988,1.9586459543934876e-05,4.553427607385537e-09,,,,,,,,,,,,
0.8400000000000001,grasp,,,,,,,,,,,,,,,,,,,,,0.009487808682024479,0.004708773922175169,0.0033070805948227644,-0.0016480982303619385,3.826657120953314e-05,-1.7591723633358924e-07,0.042881689965724945,0.01430131140923163,0.006001337783127955,0.007903339842073767,-0.002440335420452304,4.4761332977173416e-05,1.1138804136848764e-08,,,,,,,,,,,,
0.8600000000000001,grasp,,,,,,,,,,,,,,,,,,,,,0.011823114939033985,0.005588618107140064,0.00452590174973011,-0.002041763858869672,2.7704250896931626e-05,2.2892803031027142e-07,0.042881689965724945,0.01430131140923163,0.006001337783127955,0.007903339842073767,-0.002440335420452304,4.4761332977173416e-05,1.1138804136848764e-08,,,,,,,,,,,,
0.8800000000000001,grasp,,,,,,,,,,,,,,,,,,,,,0.019134657457470894,0.00838315300643444,0.008428698405623436,-0.00328077538870275,7.039321644697338e-05,-2.043341282842448e-07,0.042881689965724945,0.026927665066751802,0.010805353657141128,0.014754933854570204,-0.00457728479376671,8.427431290813887e-05,2.147483957882637e-08,,,,,,,,,,,,
0.9,grasp,,,,,,,,,,,,,,,,,,,,,0.02291863039135933,0.009805859997868538,0.010504256933927536,-0.003918774425983429,5.4906660807318985e-05,4.1753730783966603e-07,0.042881689965724945,0.026927665066751802,0.010805353657141128,0.014754933854570204,-0.00457728479376671,8.427431290813887e-05,2.147483957882637e-08,,,,,,,,,,,,
0.92,grasp,,,,,,,,,,,,,,,,,,,,,0.03353635221719742,0.013833053410053253,0.016198081895709038,-0.005717877298593521,0.00011650794476736337,-2.0473324013892125e-07,0.042881689965724945,0.04484666913477776,0.017562683888596702,0.024437650353607863,-0.007609618702414882,0.00014034368408034607,3.614184180234232e-08,,,,,,,,,,,,
0.9400000000000001,grasp,,,,,,,,,,,,,,,,,,,,,0.039030443876981735,0.01588429883122444,0.01922122947871685,-0.006644305773079395,9.581775520928204e-05,6.62226398162602e-07,0.042881689965724945,0.04484666913477776,0.017562683888596702,0.024437650353607863,-0.007609618702414882,0.00014034368408034607,3.614184180234232e-08,,,,,,,,,,,,
0.9600000000000001,grasp,,,,,,,,,,,,,,,,,,,,,0.053356755524873734,0.021261828020215034,0.026877136901021004,-0.00907145906239748,0.0001787261280696839,-1.7599212753793836e-07,0.042881689965724945,0.06861210065960227,0.026424060033647716,0.03721170951340775,-0.011630689367886107,0.00021469595682558007,5.5591486852938806e-08,,,,,,,,,,,,
0.98,grasp,,,,,,,,,,,,,,,,,,,,,0.06076889485120773,0.024001680314540863,0.03093819133937359,-0.010321327485144138,0.0001526833511888981,9.567679626343306e-07,0.042881689965724945,0.06861210065960227,0.026424060033647716,0.03721170951340775,-0.011630689367886107,0.00021469595682558007,5.5591486852938806e-08,,,,,,,,,,,,
1.0,grasp,,,,,,,,,,,,,,,,,,,,,0.07909880578517914,0.030812647193670273,0.040691111236810684,-0.013426337391138077,0.00025865406496450305,-1.1745055417122785e-07,0.042881689965724945,0.0986126960725434,0.03749621771660651,0.05326255462074979,-0.016706016433388274,0.00030854292209276003,8.014069282370984e-08,,,,,,,,,,,,
1.02,grasp,,,,,,,,,,,,,,,,,,,,,0.08858134597539902,0.034283597022295,0.04586079716682434,-0.015025299042463303,0.00022725887538399547,1.2954342309967615e-06,0.042881689965724945,0.0986126960725434,0.03749621771660651,0.05326255462074979,-0.016706016433388274,0.00030854292209276003,8.014069282370984e-08,,,,,,,,,,,,
1.04,grasp,,,,,,,,,,,,,,,,,,,,,0.1111004427075386,0.0425921231508255,0.057807158678770065,-0.018839558586478233,0.00035741517785936594,-2.9526180611583186e-08,0.042881689965724945,0.13507003120884262,0.050865824923887006,0.0727157781591553,-0.022873083779694145,0.0004225776884620128,1.0997064168658611e-07,,,,,,,,,,,,
1.06,grasp,,,,,,,,,,,,,,,,,,,,,0.1227492019534111,0.04682712256908417,0.06413562595844269,-0.020803773775696754,0.00032080087112262845,1.6704308336557006e-06,0.042881689965724945,0.13507003120884262,0.050865824923887006,0.0727157781591553,-0.022873083779694145,0.0004225776884620128,1.0997064168658611e-07,,,,,,,,,,,,
1.08,grasp,,,,,,,,,,,,,,,,,,,,,0.1495484560728073,0.05666850134730339,0.07832615077495575,-0.025342706590890884,0.00047572891344316304,8.477446300503289e-08,0.042881689965724945,0.17807031399175763,0.06657059839103066,0.09562320153373689,-0.03014649279516619,0.0005570698745160081,1.4515186168077282e-07,,,,,,,,,,,,
1.1,grasp,,,,,,,,,,,,,,,,,,,,,0.16341033577919006,0.061685848981142044,0.08583910763263702,-0.027680126950144768,0.0004340956802479923,2.0732734355988214e-06,0.042881689965724945,0.17807031399175763,0.06657059839103066,0.09562320153373689,-0.03014649279516619,0.0005570698745160081,1.4515186168077282e-07,,,,,,,,,,,,
1.12,grasp,,,,,,,,,,,,,,,,,,,,,0.19449937343597412,0.07305793464183807,0.10227591544389725,-0.03294532001018524,0.0006139064789749682,2.22099657776198e-07,0.042881689965724945,0.22758372561872983,0.08458698483124207,0.12196064037337688,-0.038521090537399647,0.0007119233032206981,1.8565939093329917e-07,,,,,,,,,,,,
1.1400000000000001,grasp,,,,,,,,,,,,,,,,,,,,,0.21057938039302826,0.07885687798261642,0.1109733060002327,-0.03565678372979164,0.0005675037973560393,2.49663071372197e-06,0.042881689965724945,0.22758372561872983,0.08458698483124207,0.12196064037337688,-0.038521090537399647,0.0007119233032206981,1.8565939093329917e-07,,,,,,,,,,,,
1.1600000000000001,grasp,,,,,,,,,,,,,,,,,,,,,0.24588708579540253,0.09173242002725601,0.12961800396442413,-0.0416361503303051,0.0007718258420936763,3.7995690149728034e-07,0.042881689965724945,0.2834578432718195,0.10486021676412959,0.1516466594175078,-0.047971089843736554,0.0008866618896510286,2.3136883465468965e-07,,,,,,,,,,,,
1.1800000000000002,grasp,,,,,,,,,,,,,,,,,,,,,0.26414811611175537,0.09829943627119064,0.13947832584381104,-0.044715430587530136,0.0007209560135379434,2.9321256533876294e-06,0.042881689965724945,0.2834578432718195,0.10486021676412959,0.1516466594175078,-0.047971089843736554,0.0008866618896510286,2.3136883465468965e-07,,,,,,,,,,,,
1.2000000000000002,grasp,,,,,,,,,,,,,,,,,,,,,0.30353036522865295,0.11262470483779907,0.1602545976638794,-0.05138460174202919,0.000949025503359735,5.55178587546834e-07,0.042881689965724945,0.34543448620411754,0.12729490710730929,0.1845433430937633,-0.058452822097786676,0.0010804813928876906,2.8206970351108493e-07,,,,,,,,,,,,
1.2200000000000002,grasp,,,,,,,,,,,,,,,,,,,,,0.3238983452320099,0.11993273347616196,0.17123623192310333,-0.054819148033857346,0.0008940347470343113,3.3733911095623625e-06,0.042881689965724945,0.34543448620411754,0.12729490710730929,0.1845433430937633,-0.058452822097786676,0.0010804813928876906,2.8206970351108493e-07,,,,,,,,,,,,
1.2400000000000002,grasp,,,,,,,,,,,,,,,,,,,,,0.36714357137680054,0.13563266396522522,0.1940341591835022,-0.062142349779605865,0.0011447099968791008,7.430905952787725e-07,0.042881689965724945,0.4131559877475961,0.15176598068153246,0.22046354300526638,-0.06990583073427964,0.001292263218495964,3.374692267051064e-07,,,,,,,,,,,,
1.26,grasp,,,,,,,,,,,,,,,,,,,,,0.389508992433548,0.1436438262462616,0.20607775449752808,-0.06591377407312393,0.0010859508765861392,3.8104462873889133e-06,0.042881689965724945,0.4131559877475961,0.15176598068153246,0.22046354300526638,-0.06990583073427964,0.001292263218495964,3.374692267051064e-07,,,,,,,,,,,,
1.28,grasp,,,,,,,,,,,,,,,,,,,,,0.43634799122810364,0.16061903536319733,0.2307547926902771,-0.07384542375802994,0.0013577805366367102,9.386898227603524e-07,0.042881689965724945,0.4861818924413069,0.17811038284534264,0.25917105049907757,-0.08225564383217207,0.0015206228420487943,3.972048988920253e-07,,,,,,,,,,,,
1.3,grasp,,,,,,,,,,,,,,,,,,,,,0.4605717658996582,0.16928304731845856,0.24378372728824615,-0.07793017476797104,0.001295601949095726,4.23849360231543e-06,0.042881689965724945,0.4861818924413069,0.17811038284534264,0.25917105049907757,-0.08225564383217207,0.0015206228420487943,3.972048988920253e-07,,,,,,,,,,,,
1.32,grasp,,,,,,,,,,,,,,,,,,,,,0.5106796026229858,0.18741865456104279,0.27017056941986084,-0.0864153504371643,0.0015868514310568571,1.1400578614484402e-06,0.042881689965724945,0.5639900166746695,0.20614593391500768,0.30039257442975753,-0.09541398626450692,0.001763929166325318,4.6085035317921916e-07,,,,,,,,,,,,
1.34,grasp,,,,,,,,,,,,,,,,,,,,,0.5365939140319824,0.19667711853981018,0.2840943932533264,-0.09078524261713028,0.0015216129831969738,4.648673439078266e-06,0.042881689965724945,0.5639900166746695,0.20614593391500768,0.30039257442975753,-0.09541398626450692,0.001763929166325318,4.6085035317921916e-07,,,,,,,,,,,,
1.36,grasp,,,,,,,,,,,,,,,,,,,,,0.5896006226539612,0.2158399522304535,0.31199684739112854,-0.09976121783256531,0.0018303148681297898,1.3394809457167867e-06,0.042881689965724945,0.6459937236339752,0.23566196595072567,0.3438175156092879,-0.1092816511779118,0.002020354655184361,5.279282702295783e-07,,,,,,,,,,,,
1.3800000000000001,grasp,,,,,,,,,,,,,,,,,,,,,0.6170148253440857,0.22562538087368011,0.32671231031417847,-0.1043839380145073,0.001762353116646409,5.0367061703582294e-06,0.042881689965724945,0.6459937236339752,0.23566196595072567,0.3438175156092879,-0.1092816511779118,0.002020354655184361,5.279282702295783e-07,,,,,,,,,,,,
1.4,grasp,,,,,,,,,,,,,,,,,,,,,0.6725095510482788,0.24566800892353058,0.35591503977775574,-0.11378143727779388,0.0020863362587988377,1.540403673061519e-06,0.042881689965724945,0.7315491908436694,0.2664273121948068,0.3891052429691437,-0.12374995268309139,0.002287888598828883,5.979118526955206e-07,,,,,,,,,,,,
1.42,grasp,,,,,,,,,,,,,,,,,,,,,0.7012118101119995,0.2559051811695099,0.371307909488678,-0.11862129718065262,0.002015979029238224,5.396346750785597e-06,0.042881689965724945,0.7315491908436694,0.2664273121948068,0.3891052429691437,-0.12374995268309139,0.002287888598828883,5.979118526955206e-07,,,,,,,,,,,,
1.44,grasp,,,,,,,,,,,,,,,,,,,,,0.7587504386901855,0.2766689956188202,0.4015783965587616,-0.1283651888370514,0.0023528793826699257,1.7333235291516758e-06,0.042881689965724945,0.8199637150618422,0.29819684022215565,0.43589150266794735,-0.13870194117581716,0.0025643633606401953,6.702331409702594e-07,,,,,,,,,,,,
1.46,grasp,,,,,,,,,,,,,,,,,,,,,0.7885112166404724,0.2872771918773651,0.4175255000591278,-0.13338352739810944,0.002280459040775895,5.722778951167129e-06,0.042881689965724945,0.8199637150618422,0.29819684022215565,0.43589150266794735,-0.13870194117581716,0.0025643633606401953,6.702331409702594e-07,,,,,,,,,,,,
1.48,grasp,,,,,,,,,,,,,,,,,,,,,0.847622275352478,0.3085939586162567,0.4486169219017029,-0.14339400827884674,0.002627776935696602,1.9180877188773593e-06,0.042881689965724945,0.910508320133265,0.3307105737410991,0.4837915550396825,-0.154014169033235,0.0028474972113282076,7.442967637769266e-07,,,,,,,,,,,,
1.5,grasp,,,,,,,,,,,,,,,,,,,,,0.8781984448432922,0.31948721408843994,0.4649880826473236,-0.14854973554611206,0.0025536222383379936,6.011234290781431e-06,0.042881689965724945,0.910508320133265,0.3307105737410991,0.4837915550396825,-0.154014169033235,0.0028474972113282076,7.442967637769266e-07,,,,,,,,,,,,
1.52,grasp,,,,,,,,,,,,,,,,,,,,,0.9383906126022339,0.34118103981018066,0.4966427683830261,-0.15874367952346802,0.002908731112256646,2.0901443349430338e-06,0.042881689965724945,1.0024265381200106,0.36369873613257375,0.5324064195584094,-0.1695587526732066,0.003134927784947035,8.194851590453735e-07,,,,,,,,,,,,
1.54,grasp,,,,,,,,,,,,,,,,,,,,,0.9695284366607666,0.35226961970329285,0.5133022665977478,-0.1639939248561859,0.0028331968933343887,6.256285814743023e-06,0.042881689965724945,1.0024265381200106,0.36369873613257375,0.5324064195584094,-0.1695587526732066,0.003134927784947035,8.194851590453735e-07,,,,,,,,,,,,
1.56,grasp,,,,,,,,,,,,,,,,,,,,,1.0302958488464355,0.37415969371795654,0.5452554225921631,-0.1742859035730362,0.003193389158695936,2.251234718642081e-06,0.042881689965724945,1.0949442502411546,0.3968853491953482,0.5813282295312776,-0.18520503484857195,0.0034242420493885814,8.951661596947837e-07,,,,,,,,,,,,
1.58,grasp,,,,,,,,,,,,,,,,,,,,,1.0617350339889526,0.3853510022163391,0.5620638132095337,-0.17958660423755646,0.0031168481800705194,6.459075393649982e-06,0.042881689965724945,1.0949442502411546,0.3968853491953482,0.5813282295312776,-0.18520503484857195,0.0034242420493885814,8.951661596947837e-07,,,,,,,,,,,,
1.6,grasp,,,,,,,,,,,,,,,,,,,,,1.122564435005188,0.4072539806365967,0.5940470099449158,-0.18988972902297974,0.0034793182276189327,2.3980178411875386e-06,0.042881689965724945,1.1872797035692937,0.42999197252741295,0.6301453045216668,-0.20082079350865228,0.0037129913736307528,9.706996974436326e-07,,,,,,,,,,,,
1.62,grasp,,,,,,,,,,,,,,,,,,,,,1.1540392637252808,0.41845446825027466,0.610863447189331,-0.19519630074501038,0.0034021891187876463,6.6123579927079845e-06,0.042881689965724945,1.1872797035692937,0.42999197252741295,0.6301453045216668,-0.20082079350865228,0.0037129913736307528,9.706996974436326e-07,,,,,,,,,,,,
1.6400000000000001,grasp,,,,,,,,,,,,,,,,,,,,,1.2144173383712769,0.4401867687702179,0.6426076292991638,-0.20542366802692413,0.0037640428636223078,2.5284659841418033e-06,0.042881689965724945,1.2786536551097094,0.4627412100357155,0.6784469204873116,-0.21627413575616194,0.003998733089470945,1.0454477398885895e-06,,,,,,,,,,,,
1.6600000000000001,grasp,,,,,,,,,,,,,,,,,,,,,1.2456632852554321,0.45130252838134766,0.6592909693717957,-0.21069125831127167,0.0036868173629045486,6.717068117723102e-06,0.042881689965724945,1.2786536551097094,0.4627412100357155,0.6784469204873116,-0.21627413575616194,0.003998733089470945,1.0454477398885895e-06,,,,,,,,,,,,
1.6800000000000002,grasp,,,,,,,,,,,,,,,,,,,,,1.305082082748413,0.47268304228782654,0.690529465675354,-0.22075684368610382,0.004045187495648861,2.6446875835972605e-06,0.042881689965724945,1.3682990583602446,0.49486005858137655,0.7258290306374257,-0.23143545894978473,0.004279072651816659,1.1187833967055186e-06,,,,,,,,,,,,
1.7000000000000002,grasp,,,,,,,,,,,,,,,,,,,,,1.3358362913131714,0.48362115025520325,0.7069402933120728,-0.22594130039215088,0.003968397155404091,6.770945674361428e-06,0.042881689965724945,1.3682990583602446,0.49486005858137655,0.7258290306374257,-0.23143545894978473,0.004279072651816659,1.1187833967055186e-06,,,,,,,,,,,,
1.7200000000000002,grasp,,,,,,,,,,,,,,,,,,,,,1.3938004970550537,0.5044726729393005,0.7374140024185181,-0.23576144874095917,0.0043203760869801044,2.7445914838608587e-06,0.042881689965724945,1.4554710999843796,0.5260834829729804,0.7718992797060352,-0.2461790713533485,0.0045516867821493,1.1900988098072786e-06,,,,,,,,,,,,
1.7400000000000002,grasp,,,,,,,,,,,,,,,,,,,,,1.4238070249557495,0.5151424407958984,0.7534165382385254,-0.2408195436000824,0.004244642797857523,6.773298537154915e-06,0.042881689965724945,1.4554710999843796,0.5260834829729804,0.7718992797060352,-0.2461790713533485,0.0045516867821493,1.1900988098072786e-06,,,,,,,,,,,,
1.7600000000000002,grasp,,,,,,,,,,,,,,,,,,,,,1.47983980178833,0.5352948904037476,0.7828757166862488,-0.25031355023384094,0.004587319679558277,2.828713832059293e-06,0.042881689965724945,1.539457014086896,0.5561580104956498,0.816282534379056,-0.2603844736855154,0.004814344082781104,1.2588102033608083e-06,,,,,,,,,,,,
1.7800000000000002,grasp,,,,,,,,,,,,,,,,,,,,,1.508851408958435,0.5456092357635498,0.7983392477035522,-0.2552036643028259,0.004513332154601812,6.723178557876963e-06,0.042881689965724945,1.539457014086896,0.5561580104956498,0.816282534379056,-0.2603844736855154,0.004814344082781104,1.2588102033608083e-06,,,,,,,,,,,,
1.8000000000000003,grasp,,,,,,,,,,,,,,,,,,,,,1.562502145767212,0.56490159034729,0.8265475630760193,-0.26429522037506104,0.004843901377171278,2.8957033464394044e-06,0.042881689965724945,1.6195858708416122,0.5848454510693158,0.8586261700966833,-0.2739382872365756,0.005064947175104944,1.3243686291596018e-06,,,,,,,,,,,,
1.8200000000000003,grasp,,,,,,,,,,,,,,,,,,,,,1.5902857780456543,0.5747780203819275,0.8413489460945129,-0.2689781188964844,0.00477238092571497,6.6215902734256815e-06,0.042881689965724945,1.6195858708416122,0.5848454510693158,0.8586261700966833,-0.2739382872365756,0.005064947175104944,1.3243686291596018e-06,,,,,,,,,,,,
1.8399999999999999,grasp,,,,,,,,,,,,,,,,,,,,,1.6413252353668213,0.5929528474807739,0.8681443333625793,-0.2777663767337799,0.005090814083814621,2.9310172067198437e-06,0.042881689965724945,1.6956331241318179,0.6117023662498595,0.8987253948047446,-0.28708693237626,0.005305680943549269,1.384557801484917e-06,,,,,,,,,,,,
1.8599999999999999,grasp,,,,,,,,,,,,,,,,,,,,,1.6677623987197876,0.6022579073905945,0.8822000026702881,-0.28229308128356934,0.005022560246288776,6.479564035544172e-06,0.042881689965724945,1.6956331241318179,0.6117023662498595,0.8987253948047446,-0.28708693237626,0.005305680943549269,1.384557801484917e-06,,,,,,,,,,,,
1.88,grasp,,,,,,,,,,,,,,,,,,,,,1.70216965675354,0.6269513368606567,0.9032726883888245,-0.27865952253341675,0.0051348344422876835,4.142937996221008e-06,0.042881689965724945,1.7387372932771938,0.6526881649440441,0.9276607285558596,-0.27477695129319085,0.005247925526239612,1.5581507665188603e-06,,,,,,,,,,,,
1.9,grasp,,,,,,,,,,,,,,,,,,,,,1.719971776008606,0.6396801471710205,0.9142439365386963,-0.2767869532108307,0.005072864703834057,5.679073638020782e-06,0.042881689965724945,1.7387372932771938,0.6526881649440441,0.9276607285558596,-0.27477695129319085,0.005247925526239612,1.5581507665188603e-06,,,,,,,,,,,,
1.92,grasp,,,,,,,,,,,,,,,,,,,,,1.7283474206924438,0.6760023832321167,0.9265105724334717,-0.25268006324768066,0.004873323254287243,5.208763923292281e-06,0.042881689965724945,1.7371776110858408,0.7141605813273986,0.941415671091133,-0.22704112825750494,0.0047863051578619815,1.8848687461254361e-06,,,,,,,,,,,,
1.94,grasp,,,,,,,,,,,,,,,,,,,,,1.7326416969299316,0.6948128342628479,0.9327558875083923,-0.24026060104370117,0.004801663104444742,4.251267910149181e-06,0.042881689965724945,1.7371776110858408,0.7141605813273986,0.941415671091133,-0.22704112825750494,0.0047863051578619815,1.8848687461254361e-06,,,,,,,,,,,,
1.96,grasp,,,,,,,,,,,,,,,,,,,,,1.7346458435058594,0.7312705516815186,0.9421537518501282,-0.21325890719890594,0.004582051187753677,3.572723926481558e-06,0.042881689965724945,1.7367711926493985,0.7694936922715219,0.9541431238856785,-0.1845432716754492,0.004379515336700406,2.175751717352924e-06,,,,,,,,,,,,
1.98,grasp,,,,,,,,,,,,,,,,,,,,,1.735673427581787,0.7501291632652283,0.9469284415245056,-0.19934813678264618,0.004475539084523916,3.0771802812523674e-06,0.042881689965724945,1.7367711926493985,0.7694936922715219,0.9541431238856785,-0.1845432716754492,0.004379515336700406,2.175751717352924e-06,,,,,,,,,,,,
2.0,grasp,,,,,,,,,,,,,,,,,,,,,1.7360260486602783,0.783790111541748,0.9549440145492554,-0.17374777793884277,0.004248789045959711,2.8568699690367794e-06,0.042881689965724945,1.736407994925228,0.8190086271879733,0.9655143010615224,-0.14652137971952012,0.004016037040162747,2.435654622016665e-06,,,,,,,,,,,,
2.02,grasp,,,,,,,,,,,,,,,,,,,,,1.7362099885940552,0.8011976480484009,0.9589996337890625,-0.16055922210216522,0.004133687354624271,2.704023927435628e-06,0.042881689965724945,1.736407994925228,0.8190086271879733,0.9655143010615224,-0.14652137971952012,0.004016037040162747,2.435654622016665e-06,,,,,,,,,,,,
2.04,grasp,,,,,,,,,,,,,,,,,,,,,1.736153244972229,0.8311963677406311,0.9659926891326904,-0.13757175207138062,0.0039209057576954365,2.7099783892481355e-06,0.042881689965724945,1.7360887243096632,0.8625028124287967,0.9755028340442105,-0.11312190434913777,0.0036967573339882973,2.6639516414237003e-06,,,,,,,,,,,,
2.06,grasp,,,,,,,,,,,,,,,,,,,,,1.7361253499984741,0.8467085957527161,0.9695175290107727,-0.12572935223579407,0.003811700502410531,2.7016408239433076e-06,0.042881689965724945,1.7360887243096632,0.8625028124287967,0.9755028340442105,-0.11312190434913777,0.0036967573339882973,2.6639516414237003e-06,,,,,,,,,,,,
2.08,grasp,,,,,,,,,,,,,,,,,,,,,1.7359784841537476,0.8727723360061646,0.9755702018737793,-0.10570957511663437,0.003622637828812003,2.7865328320331173e-06,0.042881689965724945,1.7358140586929611,0.8998817460265588,0.9840962609160895,-0.08441323117176318,0.0034220918609433803,2.8603485688445875e-06,,,,,,,,,,,,
2.1,grasp,,,,,,,,,,,,,,,,,,,,,1.7359017133712769,0.886249303817749,0.9786114692687988,-0.09539605677127838,0.003525305539369583,2.826660875143716e-06,0.042881689965724945,1.7358140586929611,0.8998817460265588,0.9840962609160895,-0.08441323117176318,0.0034220918609433803,2.8603485688445875e-06,,,,,,,,,,,,
2.12,grasp,,,,,,,,,,,,,,,,,,,,,1.735751748085022,0.9083170294761658,0.9837442636489868,-0.0784296914935112,0.0033635853324085474,2.926694833149668e-06,0.042881689965724945,1.7355837535456526,0.9311668092813444,0.9913029525201642,-0.060378109704316466,0.003191773317541175,3.0250355134425876e-06,,,,,,,,,,,,
2.14,grasp,,,,,,,,,,,,,,,,,,,,,1.735672950744629,0.9197272062301636,0.9863172769546509,-0.06968919932842255,0.0032803385984152555,2.975142251671059e-06,0.042881689965724945,1.7355837535456526,0.9311668092813444,0.9913029525201642,-0.060378109704316466,0.003191773317541175,3.0250355134425876e-06,,,,,,,,,,,,
2.16,grasp,,,,,,,,,,,,,,,,,,,,,1.7355430126190186,0.9378533363342285,0.9905487895011902,-0.055745914578437805,0.003146722447127104,3.066690396735794e-06,0.042881689965724945,1.7353964804466255,0.956504244809582,0.9971566352669066,-0.0409068663046762,0.003004712761541598,3.1587905045964632e-06,,,,,,,,,,,,
2.18,grasp,,,,,,,,,,,,,,,,,,,,,1.7354743480682373,0.9472251534461975,0.9926670789718628,-0.04856282100081444,0.003077961038798094,3.110934358119266e-06,0.042881689965724945,1.7353964804466255,0.956504244809582,0.9971566352669066,-0.0409068663046762,0.003004712761541598,3.1587905045964632e-06,,,,,,,,,,,,
2.2,grasp,,,,,,,,,,,,,,,,,,,,,1.7353694438934326,0.9615597128868103,0.9960299134254456,-0.03753174841403961,0.0029717721045017242,3.1868935366219375e-06,0.042881689965724945,1.735250452698694,0.976172139363148,1.0017193652230962,-0.025787548480202937,0.002858916080841364,3.263041079254334e-06,,,,,,,,,,,,
2.22,grasp,,,,,,,,,,,,,,,,,,,,,1.735314130783081,0.9689710140228271,0.997712254524231,-0.031848907470703125,0.0029171393252909184,3.222808118152898e-06,0.042881689965724945,1.735250452698694,0.976172139363148,1.0017193652230962,-0.025787548480202937,0.002858916080841364,3.263041079254334e-06,,,,,,,,,,,,
2.24,grasp,,,,,,,,,,,,,,,,,,,,,1.7352339029312134,0.979756236076355,1.0002586841583252,-0.02354501187801361,0.0028367808554321527,3.2813570669532055e-06,0.042881689965724945,1.7351428975674295,0.9905897642475148,1.0050839415823172,-0.014698980820079494,0.002751409471943258,3.339913340592603e-06,,,,,,,,,,,,
2.2600000000000002,grasp,,,,,,,,,,,,,,,,,,,,,1.735190987586975,0.9853318929672241,1.0015332698822021,-0.019267063587903976,0.0027954517863690853,3.3092426292569144e-06,0.042881689965724945,1.7351428975674295,0.9905897642475148,1.0050839415823172,-0.014698980820079494,0.002751409471943258,3.339913340592603e-06,,,,,,,,,,,,
2.2800000000000002,grasp,,,,,,,,,,,,,,,,,,,,,1.7351347208023071,0.9929077625274658,1.0033395290374756,-0.01342841424047947,0.002738486509770155,3.3512658319523325e-06,0.042881689965724945,1.7350693889855124,1.0003245549053954,1.0073813707074926,-0.0072023172105402395,0.002678005841169766,3.392401603949873e-06,,,,,,,,,,,,
2.3000000000000003,grasp,,,,,,,,,,,,,,,,,,,,,1.735105037689209,0.9968231916427612,1.0042457580566406,-0.010420426726341248,0.002709187800064683,3.3713463380991016e-06,0.042881689965724945,1.7350693889855124,1.0003245549053954,1.0073813707074926,-0.0072023172105402395,0.002678005841169766,3.392401603949873e-06,,,,,,,,,,,,
2.3200000000000003,grasp,,,,,,,,,,,,,,,,,,,,,1.7350677251815796,1.0016322135925293,1.0054124593734741,-0.006705639883875847,0.0026724289637058973,3.3986029848165344e-06,0.042881689965724945,1.7350248347702992,1.0061052500017154,1.0087757252616099,-0.002736741598641929,0.0026334572056901677,3.4242569590565926e-06,,,,,,,,,,,,
2.3400000000000003,grasp,,,,,,,,,,,,,,,,,,,,,1.7350481748580933,1.004116415977478,1.006000280380249,-0.004791730549186468,0.002653527306392789,3.4113868423446547e-06,0.042881689965724945,1.7350248347702992,1.0061052500017154,1.0087757252616099,-0.002736741598641929,0.0026334572056901677,3.4242569590565926e-06,,,,,,,,,,,,
2.36,grasp,,,,,,,,,,,,,,,,,,,,,1.735028624534607,1.0067174434661865,1.0066407918930054,-0.0027787943836301565,0.0026333804707974195,3.4267241062480025e-06,0.042881689965724945,1.735003459225357,1.0088414878957628,1.0094445516310753,-0.0006187889191296178,0.0026120893045554912,3.4395367226504466e-06,,,,,,,,,,,,
2.38,grasp,,,,,,,,,,,,,,,,,,,,,1.7350174188613892,1.008060097694397,1.0069655179977417,-0.0017416012706235051,0.0026230178773403168,3.433916390349623e-06,0.042881689965724945,1.735003459225357,1.0088414878957628,1.0094445516310753,-0.0006187889191296178,0.0026120893045554912,3.4395367226504466e-06,,,,,,,,,,,,
2.4,grasp,,,,,,,,,,,,,,,,,,,,,1.7350093126296997,1.0091224908828735,1.0072300434112549,-0.0009181973873637617,0.0026147207245230675,3.4405675251036882e-06,0.042881689965724945,1.7349974264134493,1.0096110164052916,1.0096332363420344,-2.283022836029955e-05,0.0026060590593020997,3.4438488776829255e-06,,,,,,,,,,,,
2.42,grasp,,,,,,,,,,,,,,,,,,,,,1.7350034713745117,1.0096737146377563,1.007366418838501,-0.0004937974736094475,0.0026104699354618788,3.4435395264154067e-06,0.042881689965724945,1.7349974264134493,1.0096110164052916,1.0096332363420344,-2.283022836029955e-05,0.0026060590593020997,3.4438488776829255e-06,,,,,,,,,,,,
2.420652290390209,grasp,,,,,,,,,,,,,,,,,,,,,1.7350029945373535,1.00998055934906,1.0074429512023926,-0.0002622748143039644,0.0026081467512995005,3.4451131796231493e-06,0.042881689965724945,1.7349971532821655,1.009644865989685,1.0096415281295776,3.3906269436556613e-06,0.0026057937648147345,3.4440386116330046e-06,,,,,,,,,,,,
2.420652290390209,grasp,,,,,,,,,,,,,,,,,,,,,,,,,,,0.04300001449882984,,,,,,,0.0,,,,,,,,,,,
2.440652290390209,grasp,,,,,,,,,,,,,,,,,,,,,,,,,,,0.04299618862569332,,,,,,,0.0,,,,,,,,,,,
2.460652290390209,grasp,,,,,,,,,,,,,,,,,,,,,,,,,,,0.04296085797250271,,,,,,,0.0,,,,,,,,,,,
2.480652290390209,grasp,,,,,,,,,,,,,,,,,,,,,,,,,,,0.04285677894949913,,,,,,,0.0,,,,,,,,,,,
2.500652290390209,grasp,,,,,,,,,,,,,,,,,,,,,,,,,,,0.04264577478170395,,,,,,,0.0,,,,,,,,,,,
2.520652290390209,grasp,,,,,,,,,,,,,,,,,,,,,,,,,,,0.042293909937143326,,,,,,,0.0,,,,,,,,,,,
2.540652290390209,grasp,,,,,,,,,,,,,,,,,,,,,,,,,,,0.04177377186715603,,,,,,,0.0,,,,,,,,,,,
2.560652290390209,grasp,,,,,,,,,,,,,,,,,,,,,,,,,,,0.04106526076793671,,,,,,,0.0,,,,,,,,,,,
2.580652290390209,grasp,,,,,,,,,,,,,,,,,,,,,,,,,,,0.04015577211976051,,,,,,,0.0,,,,,,,,,,,
2.600652290390209,grasp,,,,,,,,,,,,,,,,,,,,,,,,,,,0.03903979994356632,,,,,,,0.0,,,,,,,,,,,
2.620652290390209,grasp,,,,,,,,,,,,,,,,,,,,,,,,,,,0.037718409672379494,,,,,,,0.0,,,,,,,,,,,
2.640652290390209,grasp,,,,,,,,,,,,,,,,,,,,,,,,,,,0.03619886562228203,,,,,,,0.0,,,,,,,,,,,
2.6606522903902086,grasp,,,,,,,,,,,,,,,,,,,,,,,,,,,0.03449379466474056,,,,,,,0.0,,,,,,,,,,,
2.680652290390209,grasp,,,,,,,,,,,,,,,,,,,,,,,,,,,0.03262058086693287,,,,,,,0.0,,,,,,,,,,,
2.7006522903902086,grasp,,,,,,,,,,,,,,,,,,,,,,,,,,,0.03174646198749542,,,,,,,0.0,,,,,,,,,,,
2.7206522903902086,grasp,,,,,,,,,,,,,,,,,,,,,,,,,,,0.0317098218947649,,,,,,,0.0,,,,,,,,,,,
2.7406522903902086,grasp,,,,,,,,,,,,,,,,,,,,,,,,,,,0.03167795017361641,,,,,,,0.0,,,,,,,,,,,
2.7606522903902087,grasp,,,,,,,,,,,,,,,,,,,,,,,,,,,0.03164564911276102,,,,,,,0.0,,,,,,,,,,,
2.7806522903902087,grasp,,,,,,,,,,,,,,,,,,,,,,,,,,,0.03161324840039015,,,,,,,0.0,,,,,,,,,,,
2.8006522903902087,grasp,,,,,,,,,,,,,,,,,,,,,,,,,,,0.031580409966409206,,,,,,,0.0,,,,,,,,,,,
2.8206522903902087,grasp,,,,,,,,,,,,,,,,,,,,,,,,,,,0.031550279818475246,,,,,,,0.0,,,,,,,,,,,
2.8406522903902087,grasp,,,,,,,,,,,,,,,,,,,,,,,,,,,0.031521172262728214,,,,,,,0.0,,,,,,,,,,,
2.8606522903902087,grasp,,,,,,,,,,,,,,,,,,,,,,,,,,,0.03149364423006773,,,,,,,0.0,,,,,,,,,,,
2.8806522903902088,grasp,,,,,,,,,,,,,,,,,,,,,,,,,,,0.03146802634000778,,,,,,,0.0,,,,,,,,,,,
2.9006522903902088,grasp,,,,,,,,,,,,,,,,,,,,,,,,,,,0.0314448568969965,,,,,,,0.0,,,,,,,,,,,
2.920652290390209,grasp,,,,,,,,,,,,,,,,,,,,,,,,,,,0.03142413962632418,,,,,,,0.0,,,,,,,,,,,
2.940652290390209,grasp,,,,,,,,,,,,,,,,,,,,,,,,,,,0.03140620421618223,,,,,,,0.0,,,,,,,,,,,
2.960652290390209,grasp,,,,,,,,,,,,,,,,,,,,,,,,,,,0.03139107953757048,,,,,,,0.0,,,,,,,,,,,
2.980652290390209,grasp,,,,,,,,,,,,,,,,,,,,,,,,,,,0.031378913670778275,,,,,,,0.0,,,,,,,,,,,
3.000652290390209,grasp,,,,,,,,,,,,,,,,,,,,,,,,,,,0.031369502656161785,,,,,,,0.0,,,,,,,,,,,
3.020652290390209,grasp,,,,,,,,,,,,,,,,,,,,,,,,,,,0.031362718902528286,,,,,,,0.0,,,,,,,,,,,
3.040652290390209,grasp,,,,,,,,,,,,,,,,,,,,,,,,,,,0.03135837707668543,,,,,,,0.0,,,,,,,,,,,
3.060652290390209,grasp,,,,,,,,,,,,,,,,,,,,,,,,,,,0.03135599009692669,,,,,,,0.0,,,,,,,,,,,
3.080652290390209,grasp,,,,,,,,,,,,,,,,,,,,,,,,,,,0.03135507367551327,,,,,,,0.0,,,,,,,,,,,
3.100652290390209,grasp,,,,,,,,,,,,,,,,,,,,,,,,,,,0.03135490417480469,,,,,,,0.0,,,,,,,,,,,
3.100652290390209,grasp,,,,,,,,,,,,,,,,,,,,,1.7344353199005127,1.0102771520614624,1.0080838203430176,-3.0351520763360895e-05,0.004323003347963095,0.006360864732414484,0.03135490417480469,1.7349971532821655,1.009644865989685,1.0096415281295776,3.3906269436556613e-06,0.0026057937648147345,3.4440386116330046e-06,,,,,,,,,,,,
3.120652290390209,grasp,,,,,,,,,,,,,,,,,,,,,1.7344526052474976,1.0102648735046387,1.0080678462982178,-2.8921818739036098e-05,0.004265140742063522,0.006093895528465509,0.03135490417480469,1.7349971532821655,1.009644865989685,1.0096415281295776,3.3906269436556613e-06,0.0026057937648147345,3.4440386116330046e-06,,,,,,,,,,,,
3.140652290390209,grasp,,,,,,,,,,,,,,,,,,,,,1.7344611883163452,1.0102028846740723,1.0080342292785645,-7.349018414970487e-05,0.004236061591655016,0.005956415086984634,0.03135490417480469,1.7349981290333851,1.0095240200195696,1.0096119264248569,-9.022061243365963e-05,0.0026067408913959516,3.44336124126738e-06,,,,,,,,,,,,
3.160652290390209,grasp,,,,,,,,,,,,,,,,,,,,,1.7344648838043213,1.0101709365844727,1.0080162286758423,-9.637792391004041e-05,0.004220325034111738,0.005885554011911154,0.03135490417480469,1.7349981290333851,1.0095240200195696,1.0096119264248569,-9.022061243365963e-05,0.0026067408913959516,3.44336124126738e-06,,,,,,,,,,,,
3.180652290390209,grasp,,,,,,,,,,,,,,,,,,,,,1.7344660758972168,1.009773850440979,1.0078343152999878,-0.00041603733552619815,0.004217596258968115,0.005849242676049471,0.03135490417480469,1.7350045200665531,1.0087051737155925,1.009411109949795,-0.0007243557457601172,0.0026131578084478513,3.4387726740939904e-06,,,,,,,,,,,,
3.200652290390209,grasp,,,,,,,,,,,,,,,,,,,,,1.734466552734375,1.0095723867416382,1.0077333450317383,-0.0005806052940897644,0.004205749370157719,0.005830663256347179,0.03135490417480469,1.7350045200665531,1.0087051737155925,1.009411109949795,-0.0007243557457601172,0.0026131578084478513,3.4387726740939904e-06,,,,,,,,,,,,
3.220652290390209,grasp,,,,,,,,,,,,,,,,,,,,,1.7345142364501953,1.00845205783844,1.007326602935791,-0.0014705435605719686,0.004131026100367308,0.0058235228061676025,0.03135490417480469,1.7350212679298653,1.0065620580866261,1.0088871300163385,-0.002383273006618741,0.0026298980751025725,3.4268020327917595e-06,,,,,,,,,,,,
3.240652290390209,grasp,,,,,,,,,,,,,,,,,,,,,1.7345364093780518,1.0078763961791992,1.0071293115615845,-0.0019284574082121253,0.004082901403307915,0.005820197518914938,0.03135490417480469,1.7350212679298653,1.0065620580866261,1.0088871300163385,-0.002383273006618741,0.0026298980751025725,3.4268020327917595e-06,,,,,,,,,,,,
3.260652290390209,grasp,,,,,,,,,,,,,,,,,,,,,1.734634518623352,1.00564706325531,1.0065693855285645,-0.003669663332402706,0.003888332284986973,0.005831582937389612,0.03135490417480469,1.735052373567028,1.0025415375136089,1.0079141042741537,-0.005490669479836312,0.002660985165056564,3.404572506873752e-06,,,,,,,,,,,,
3.280652290390209,grasp,,,,,,,,,,,,,,,,,,,,,1.7347007989883423,1.0044549703598022,1.006292462348938,-0.004570028278976679,0.003818246303126216,0.005824200809001923,0.03135490417480469,1.735052373567028,1.0025415375136089,1.0079141042741537,-0.005490669479836312,0.002660985165056564,3.404572506873752e-06,,,,,,,,,,,,
3.300652290390209,grasp,,,,,,,,,,,,,,,,,,,,,1.7347791194915771,1.0008199214935303,1.0051243305206299,-0.007419783156365156,0.0036584078334271908,0.005830205511301756,0.03135490417480469,1.7351009625100844,0.9961594746118075,1.006394515170495,-0.01041145316846883,0.002709535641281097,3.369855609146621e-06,,,,,,,,,,,,
3.320652290390209,grasp,,,,,,,,,,,,,,,,,,,,,1.7348363399505615,0.9989033937454224,1.0046000480651855,-0.008888809941709042,0.003552326699718833,0.005833436269313097,0.03135490417480469,1.7351009625100844,0.9961594746118075,1.006394515170495,-0.01041145316846883,0.002709535641281097,3.369855609146621e-06,,,,,,,,,,,,
3.340652290390209,grasp,,,,,,,,,,,,,,,,,,,,,1.7349634170532227,0.9935327172279358,1.0031579732894897,-0.013061563484370708,0.003302076132968068,0.005840345751494169,0.03135490417480469,1.735169746912483,0.9870037677906028,1.0042447143280304,-0.01745759963161593,0.002778224326665829,3.3207394353620586e-06,,,,,,,,,,,,
3.3606522903902087,grasp,,,,,,,,,,,,,,,,,,,,,1.735054612159729,0.9907031655311584,1.002483606338501,-0.015212103724479675,0.003112365026026964,0.005848061293363571,0.03135490417480469,1.735169746912483,0.9870037677906028,1.0042447143280304,-0.01745759963161593,0.002778224326665829,3.3207394353620586e-06,,,,,,,,,,,,
3.380652290390209,grasp,,,,,,,,,,,,,,,,,,,,,1.7351726293563843,0.9833614230155945,1.0005377531051636,-0.020896773785352707,0.0030039746779948473,0.00585128040984273,0.03135490417480469,1.7352611394580184,0.9747349977290015,1.001385092157497,-0.02689255573258666,0.0028695970861559975,3.2554036953889564e-06,,,,,,,,,,,,
3.4006522903902088,grasp,,,,,,,,,,,,,,,,,,,,,1.7352296113967896,0.9795511364936829,0.99957674741745,-0.023825520649552345,0.00295807677321136,0.005854900926351547,0.03135490417480469,1.7352611394580184,0.9747349977290015,1.001385092157497,-0.02689255573258666,0.0028695970861559975,3.2554036953889564e-06,,,,,,,,,,,,
3.420652290390209,grasp,,,,,,,,,,,,,,,,,,,,,1.735310673713684,0.9700019359588623,0.997355043888092,-0.031169680878520012,0.003003609599545598,0.0058553037233650684,0.03135490417480469,1.7353774080897784,0.9590770488166948,0.9977523596856662,-0.03892938173089034,0.0029856764046769495,3.172402243480705e-06,,,,,,,,,,,,
3.440652290390209,grasp,,,,,,,,,,,,,,,,,,,,,1.735352873802185,0.9650570154190063,0.9962554574012756,-0.034952934831380844,0.003028778824955225,0.005855424329638481,0.03135490417480469,1.7353774080897784,0.9590770488166948,0.9977523596856662,-0.03892938173089034,0.0029856764046769495,3.172402243480705e-06,,,,,,,,,,,,
3.460652290390209,grasp,,,,,,,,,,,,,,,,,,,,,1.7354422807693481,0.9531964063644409,0.99347323179245,-0.04407965764403343,0.003111388999968767,0.005855764262378216,0.03135490417480469,1.7355198959817866,0.9398143784702638,0.9932982132622412,-0.05373327180786688,0.003128010949028873,3.070627836790937e-06,,,,,,,,,,,,
3.480652290390209,grasp,,,,,,,,,,,,,,,,,,,,,1.7354897260665894,0.9470529556274414,0.9921072721481323,-0.04878101497888565,0.003153021913021803,0.005855705123394728,0.03135490417480469,1.7355198959817866,0.9398143784702638,0.9932982132622412,-0.05373327180786688,0.003128010949028873,3.070627836790937e-06,,,,,,,,,,,,
3.500652290390209,grasp,,,,,,,,,,,,,,,,,,,,,1.7355949878692627,0.9327560067176819,0.9887590408325195,-0.05978072062134743,0.003257756121456623,0.005855845287442207,0.03135490417480469,1.7356897423956532,0.9167895403831995,0.987988751017039,-0.07142463245757893,0.003297688507418167,2.949302244950651e-06,,,,,,,,,,,,
3.520652290390209,grasp,,,,,,,,,,,,,,,,,,,,,1.7356507778167725,0.9253515005111694,0.9871082305908203,-0.06544692069292068,0.0033107560593634844,0.005855677183717489,0.03135490417480469,1.7356897423956532,0.9167895403831995,0.987988751017039,-0.07142463245757893,0.003297688507418167,2.949302244950651e-06,,,,,,,,,,,,
3.540652290390209,grasp,,,,,,,,,,,,,,,,,,,,,1.7357736825942993,0.9085365533828735,0.9831807017326355,-0.07838090509176254,0.003434874350205064,0.005855798255652189,0.03135490417480469,1.7358874261792052,0.8899000654849369,0.9818001913772944,-0.09208023499597032,0.0034954761362200903,2.8078756048406136e-06,,,,,,,,,,,,
3.560652290390209,grasp,,,,,,,,,,,,,,,,,,,,,1.735838532447815,0.8998289108276367,0.981238603591919,-0.08504357188940048,0.003497766563668847,0.0058555821888148785,0.03135490417480469,1.7358874261792052,0.8899000654849369,0.9818001913772944,-0.09208023499597032,0.0034954761362200903,2.8078756048406136e-06,,,,,,,,,,,,
3.580652290390209,grasp,,,,,,,,,,,,,,,,,,,,,1.7359799146652222,0.8804498910903931,0.9767242074012756,-0.09994623064994812,0.0036407848820090294,0.005855732597410679,0.03135490417480469,1.736113719318064,0.8590965310336723,0.9747204712046929,-0.11573767430044657,0.0037217647683377027,2.646070447684938e-06,,,,,,,,,,,,
3.600652290390209,grasp,,,,,,,,,,,,,,,,,,,,,1.7360546588897705,0.8704159259796143,0.9744834899902344,-0.1076231598854065,0.0037133796140551567,0.005855489056557417,0.03135490417480469,1.736113719318064,0.8590965310336723,0.9747204712046929,-0.11573767430044657,0.0037217647683377027,2.646070447684938e-06,,,,,,,,,,,,
3.620652290390209,grasp,,,,,,,,,,,,,,,,,,,,,1.7362147569656372,0.8484607338905334,0.9693811535835266,-0.12450382113456726,0.0038752639666199684,0.005855693947523832,0.03135490417480469,1.7363685790905943,0.8243794253200468,0.9667474807268123,-0.1423972657725136,0.003976618150594898,2.463840600260443e-06,,,,,,,,,,,,
3.640652290390209,grasp,,,,,,,,,,,,,,,,,,,,,1.7362992763519287,0.8370945453643799,0.9668378233909607,-0.13319984078407288,0.003957668785005808,0.005855392664670944,0.03135490417480469,1.7363685790905943,0.8243794253200468,0.9667474807268123,-0.1423972657725136,0.003976618150594898,2.463840600260443e-06,,,,,,,,,,,,
3.660652290390209,grasp,,,,,,,,,,,,,,,,,,,,,1.7364776134490967,0.8125823736190796,0.9611531496047974,-0.15204420685768127,0.004138205200433731,0.005855613853782415,0.03135490417480469,1.7366515674594665,0.7857962266127773,0.9578879753552741,-0.17202441048380696,0.004259814278532675,2.2613442434373747e-06,,,,,,,,,,,,
3.680652290390209,grasp,,,,,,,,,,,,,,,,,,,,,1.7365721464157104,0.7998940944671631,0.9583058953285217,-0.16175183653831482,0.004230265971273184,0.005855319555848837,0.03135490417480469,1.7366515674594665,0.7857962266127773,0.9578879753552741,-0.17202441048380696,0.004259814278532675,2.2613442434373747e-06,,,,,,,,,,,,
3.700652290390209,grasp,,,,,,,,,,,,,,,,,,,,,1.7367687225341797,0.772874653339386,0.9520491361618042,-0.18252365291118622,0.004429226741194725,0.005855554714798927,0.03135490417480469,1.7369624164124386,0.7434391832529068,0.9481544795159207,-0.20455226876678398,0.004570929942764736,2.0388784058635857e-06,,,,,,,,,,,,
3.720652290390209,grasp,,,,,,,,,,,,,,,,,,,,,1.7368719577789307,0.7588905692100525,0.9488982558250427,-0.1932244747877121,0.00453090900555253,0.005855209659785032,0.03135490417480469,1.7369624164124386,0.7434391832529068,0.9481544795159207,-0.20455226876678398,0.004570929942764736,2.0388784058635857e-06,,,,,,,,,,,,
3.740652290390209,grasp,,,,,,,,,,,,,,,,,,,,,1.7370871305465698,0.7294429540634155,0.9420808553695679,-0.21586726605892181,0.0047479537315666676,0.0058554611168801785,0.03135490417480469,1.7373005904653174,0.6974435566752902,0.9375599194495975,-0.2398843546750426,0.0049095251734378375,1.7967555804705892e-06,,,,,,,,,,,,
3.760652290390209,grasp,,,,,,,,,,,,,,,,,,,,,1.7371997833251953,0.7142033576965332,0.9386282563209534,-0.22753220796585083,0.004859143868088722,0.005855079740285873,0.03135490417480469,1.7373005904653174,0.6974435566752902,0.9375599194495975,-0.2398843546750426,0.0049095251734378375,1.7967555804705892e-06,,,,,,,,,,,,
3.780652290390209,grasp,,,,,,,,,,,,,,,,,,,,,1.7373937368392944,0.6824579834938049,0.9312358498573303,-0.25193488597869873,0.005093548912554979,0.00585538474842906,0.03135490417480469,1.737583965791316,0.6480375689825129,0.9260598923978902,-0.2778221939626332,0.0052753674633461934,1.5349087370352088e-06,,,,,,,,,,,,
3.800652290390209,grasp,,,,,,,,,,,,,,,,,,,,,1.7374942302703857,0.6660309433937073,0.9274682402610779,-0.26450657844543457,0.005214836448431015,0.005854930728673935,0.03135490417480469,1.737583965791316,0.6480375689825129,0.9260598923978902,-0.2778221939626332,0.0052753674633461934,1.5349087370352088e-06,,,,,,,,,,,,
3.8206522903902087,grasp,,,,,,,,,,,,,,,,,,,,,1.7212265729904175,0.641554594039917,0.9144595265388489,-0.2760019600391388,0.005086679942905903,0.005861220415681601,0.03135490417480469,1.7037184340459572,0.6149638841734746,0.9030898838578085,-0.28817250969547026,0.005328131829744235,1.3932189461129154e-06,,,,,,,,,,,,
3.840652290390209,grasp,,,,,,,,,,,,,,,,,,,,,1.7126731872558594,0.6289561986923218,0.9076008796691895,-0.2819244861602783,0.005417747888714075,0.005851559340953827,0.03135490417480469,1.7037184340459572,0.6149638841734746,0.9030898838578085,-0.28817250969547026,0.005328131829744235,1.3932189461129154e-06,,,,,,,,,,,,
3.8606522903902087,grasp,,,,,,,,,,,,,,,,,,,,,1.6795203685760498,0.6120786666870117,0.8889586925506592,-0.2800796329975128,0.0050277914851903915,0.005860210862010717,0.03135490417480469,1.6440267616835682,0.5935949149716273,0.8715420021993323,-0.278072834297397,0.0051413927589493025,1.3443671975263733e-06,,,,,,,,,,,,
3.880652290390209,grasp,,,,,,,,,,,,,,,,,,,,,1.662176251411438,0.6034452319145203,0.879084587097168,-0.27912941575050354,0.005464353132992983,0.005844062194228172,0.03135490417480469,1.6440267616835682,0.5935949149716273,0.8715420021993323,-0.278072834297397,0.0051413927589493025,1.3443671975263733e-06,,,,,,,,,,,,
3.9006522903902088,grasp,,,,,,,,,,,,,,,,,,,,,1.623084545135498,0.5880714654922485,0.8581863045692444,-0.2735000252723694,0.005025492049753666,0.005853328388184309,0.03135490417480469,1.5813499656922378,0.5711569756969171,0.8384206630219283,-0.267470502141128,0.0049453616128217045,1.2930846578783968e-06,,,,,,,,,,,,
3.9206522903902092,grasp,,,,,,,,,,,,,,,,,,,,,1.6026967763900757,0.5802069902420044,0.8471537232398987,-0.2706003189086914,0.005418465938419104,0.005838162265717983,0.03135490417480469,1.5813499656922378,0.5711569756969171,0.8384206630219283,-0.267470502141128,0.0049453616128217045,1.2930846578783968e-06,,,,,,,,,,,,
3.940652290390209,grasp,,,,,,,,,,,,,,,,,,,,,1.5607482194900513,0.5647554397583008,0.8249914050102234,-0.26374632120132446,0.004916063044220209,0.005849047563970089,0.03135490417480469,1.5159943285053252,0.5477569438636779,0.8038836368996217,-0.2564159368124405,0.004740966851338866,1.2396146194193444e-06,,,,,,,,,,,,
3.960652290390209,grasp,,,,,,,,,,,,,,,,,,,,,1.538891077041626,0.5568526983261108,0.8132989406585693,-0.2602159082889557,0.005285248160362244,0.005835250020027161,0.03135490417480469,1.5159943285053252,0.5477569438636779,0.8038836368996217,-0.2564159368124405,0.004740966851338866,1.2396146194193444e-06,,,,,,,,,,,,
3.980652290390209,grasp,,,,,,,,,,,,,,,,,,,,,1.4950485229492188,0.5409672260284424,0.7902093529701233,-0.2528442144393921,0.004746211692690849,0.0058473385870456696,0.03135490417480469,1.448287946441761,0.5235110272266964,0.7681031878579895,-0.24496413081462273,0.004529222147407405,1.1842221109287553e-06,,,,,,,,,,,,
4.000652290390209,grasp,,,,,,,,,,,,,,,,,,,,,1.4722168445587158,0.5328435301780701,0.7780278921127319,-0.24904735386371613,0.005108776036649942,0.005833638831973076,0.03135490417480469,1.448287946441761,0.5235110272266964,0.7681031878579895,-0.24496413081462273,0.004529222147407405,1.1842221109287553e-06,,,,,,,,,,,,
4.020652290390209,grasp,,,,,,,,,,,,,,,,,,,,,1.42690110206604,0.516490638256073,0.754183828830719,-0.24137432873249054,0.004548700992017984,0.005846600979566574,0.03135490417480469,1.3785789552103438,0.49854266826919014,0.7312622010120836,-0.23317408409935228,0.004311220391970348,1.1271931465233888e-06,,,,,,,,,,,,
4.040652290390209,grasp,,,,,,,,,,,,,,,,,,,,,1.4033123254776,0.5081295371055603,0.7416026592254639,-0.23742234706878662,0.004910892341285944,0.00583258830010891,0.03135490417480469,1.3785789552103438,0.49854266826919014,0.7312622010120836,-0.23317408409935228,0.004311220391970348,1.1271931465233888e-06,,,,,,,,,,,,
4.060652290390209,grasp,,,,,,,,,,,,,,,,,,,,,1.3568108081817627,0.4913637340068817,0.7171419858932495,-0.22953523695468903,0.004337967839092016,0.005845923442393541,0.03135490417480469,1.3072322588848673,0.47298154036064277,0.6935526516908184,-0.22110746345385235,0.004088103730822955,1.068826645736683e-06,,,,,,,,,,,,
4.0806522903902085,grasp,,,,,,,,,,,,,,,,,,,,,1.3326143026351929,0.48279309272766113,0.7042332887649536,-0.2254730761051178,0.004700939171016216,0.005831874441355467,0.03135490417480469,1.3072322588848673,0.47298154036064277,0.6935526516908184,-0.22110746345385235,0.004088103730822955,1.068826645736683e-06,,,,,,,,,,,,
4.100652290390209,grasp,,,,,,,,,,,,,,,,,,,,,1.2851858139038086,0.46569499373435974,0.6792884469032288,-0.21742592751979828,0.0041198753751814365,0.00584539445117116,0.03135490417480469,1.2346260669295226,0.44696273169068707,0.6551740503826377,-0.20882807332811434,0.0038610511136718015,1.0094310075544105e-06,,,,,,,,,,,,
4.120652290390209,grasp,,,,,,,,,,,,,,,,,,,,,1.2605156898498535,0.45695585012435913,0.6661217212677002,-0.21328137814998627,0.004482781980186701,0.005831405986100435,0.03135490417480469,1.2346260669295226,0.44696273169068707,0.6551740503826377,-0.20882807332811434,0.0038610511136718015,1.0094310075544105e-06,,,,,,,,,,,,
4.140652290390209,grasp,,,,,,,,,,,,,,,,,,,,,1.2124171257019043,0.4396137595176697,0.6408264636993408,-0.20512044429779053,0.0038971651811152697,0.005844962317496538,0.03135490417480469,1.161149339828744,0.4206243610404992,0.6163311396779612,-0.1964016142586746,0.003631277322722373,9.493241465657288e-07,,,,,,,,,,,,
4.160652290390209,grasp,,,,,,,,,,,,,,,,,,,,,1.18740713596344,0.43075159192085266,0.6274712681770325,-0.20091727375984192,0.004258763510733843,0.005831057205796242,0.03135490417480469,1.161149339828744,0.4206243610404992,0.6163311396779612,-0.1964016142586746,0.003631277322722373,9.493241465657288e-07,,,,,,,,,,,,
4.180652290390209,grasp,,,,,,,,,,,,,,,,,,,,,1.138897180557251,0.413257360458374,0.6019607782363892,-0.19268721342086792,0.00367153761908412,0.0058446647599339485,0.03135490417480469,1.0871981279784577,0.39410719903700553,0.5772324587104605,-0.18389502713773462,0.0034000187306041088,8.888296427179147e-07,,,,,,,,,,,,
4.2006522903902095,grasp,,,,,,,,,,,,,,,,,,,,,1.1136813163757324,0.4043191373348236,0.588489830493927,-0.18844856321811676,0.004030006006360054,0.005830918438732624,0.03135490417480469,1.0871981279784577,0.39410719903700553,0.5772324587104605,-0.18389502713773462,0.0034000187306041088,8.888296427179147e-07,,,,,,,,,,,,
4.220652290390209,grasp,,,,,,,,,,,,,,,,,,,,,1.0650229454040527,0.38676679134368896,0.5629018545150757,-0.1801941692829132,0.0034443335607647896,0.005844511091709137,0.03135490417480469,1.013171827245541,0.3675542665482612,0.5380890467082039,-0.17137593914102092,0.0031685288878260487,8.282748346997706e-07,,,,,,,,,,,,
4.240652290390209,grasp,,,,,,,,,,,,,,,,,,,,,1.0397377014160156,0.37780067324638367,0.5493863821029663,-0.17594297230243683,0.003798196790739894,0.005830920767039061,0.03135490417480469,1.013171827245541,0.3675542665482612,0.5380890467082039,-0.17137593914102092,0.0031685288878260487,8.282748346997706e-07,,,,,,,,,,,,
4.260652290390209,grasp,,,,,,,,,,,,,,,,,,,,,0.9911947846412659,0.3602835237979889,0.523858904838562,-0.1677088588476181,0.0032168354373425245,0.005844461265951395,0.03135490417480469,0.9394716793858503,0.34110698292004404,0.49911120443157114,-0.15891222787962567,0.002938065737689904,7.679883612652971e-07,,,,,,,,,,,,
4.280652290390209,grasp,,,,,,,,,,,,,,,,,,,,,0.965975821018219,0.3513372540473938,0.5103720426559448,-0.16346809267997742,0.00356464134529233,0.005831112619489431,0.03135490417480469,0.9394716793858503,0.34110698292004404,0.49911120443157114,-0.15891222787962567,0.002938065737689904,7.679883612652971e-07,,,,,,,,,,,,
4.300652290390209,grasp,,,,,,,,,,,,,,,,,,,,,0.9178107976913452,0.3339501917362213,0.48504266142845154,-0.15529876947402954,0.00299031101167202,0.005844551138579845,0.03135490417480469,0.866494578217106,0.31490873432095884,0.46050931451736465,-0.14657091015473042,0.002709866168281114,7.082943517208927e-07,,,,,,,,,,,,
4.320652290390209,grasp,,,,,,,,,,,,,,,,,,,,,0.8927940130233765,0.3250722289085388,0.471656858921051,-0.15109145641326904,0.0033305485267192125,0.005831427872180939,0.03135490417480469,0.866494578217106,0.31490873432095884,0.46050931451736465,-0.14657091015473042,0.002709866168281114,7.082943517208927e-07,,,,,,,,,,,,
4.340652290390209,grasp,,,,,,,,,,,,,,,,,,,,,0.8452668786048889,0.30790749192237854,0.44666093587875366,-0.1430307924747467,0.002766113029792905,0.005844715517014265,0.03135490417480469,0.7946336462827951,0.2890973339668017,0.42248899058717604,-0.13441830143253983,0.0024851556274746826,6.495137112348577e-07,,,,,,,,,,,,
4.360652290390209,grasp,,,,,,,,,,,,,,,,,,,,,0.820586085319519,0.2991446852684021,0.43344786763191223,-0.13887925446033478,0.003097381442785263,0.0058318995870649815,0.03135490417480469,0.7946336462827951,0.2890973339668017,0.42248899058717604,-0.13441830143253983,0.0024851556274746826,6.495137112348577e-07,,,,,,,,,,,,
4.380652290390209,grasp,,,,,,,,,,,,,,,,,,,,,0.7739505767822266,0.28229373693466187,0.4089188277721405,-0.13097041845321655,0.002545306459069252,0.0058449916541576385,0.03135490417480469,0.7242704906463028,0.26381109866300084,0.38525308018158,-0.12251903916772035,0.0022651278391622683,5.919579995882208e-07,,,,,,,,,,,,
4.400652290390209,grasp,,,,,,,,,,,,,,,,,,,,,0.7497373819351196,0.27369311451911926,0.3959488868713379,-0.12689708173274994,0.002866444643586874,0.0058324458077549934,0.03135490417480469,0.7242704906463028,0.26381109866300084,0.38525308018158,-0.12251903916772035,0.0022651278391622683,5.919579995882208e-07,,,,,,,,,,,,
4.420652290390209,grasp,,,,,,,,,,,,,,,,,,,,,0.7042405009269714,0.25724372267723083,0.37201565504074097,-0.11918167769908905,0.002329302253201604,0.00584504334256053,0.03135490417480469,0.655776391988235,0.23918048543190612,0.3489962984781216,-0.11093599668641367,0.002050945354763663,5.359304518487352e-07,,,,,,,,,,,,
4.440652290390209,grasp,,,,,,,,,,,,,,,,,,,,,0.6806223392486572,0.2488498091697693,0.35935723781585693,-0.1152079850435257,0.0026390289422124624,0.005833047442138195,0.03135490417480469,0.655776391988235,0.23918048543190612,0.3489962984781216,-0.11093599668641367,0.002050945354763663,5.359304518487352e-07,,,,,,,,,,,,
4.460652290390209,grasp,,,,,,,,,,,,,,,,,,,,,0.6365015506744385,0.23288720846176147,0.33614423871040344,-0.1077263131737709,0.0021191176492720842,0.005845192354172468,0.03135490417480469,0.589505687109672,0.2153327894446161,0.3139061441448796,-0.09972895919161752,0.001843716314892249,4.817216558791879e-07,,,,,,,,,,,,
4.480652290390209,grasp,,,,,,,,,,,,,,,,,,,,,0.6136012077331543,0.2247435301542282,0.32386332750320435,-0.10387296229600906,0.002416240284219384,0.005833844188600779,0.03135490417480469,0.589505687109672,0.2153327894446161,0.3139061441448796,-0.09972895919161752,0.001843716314892249,4.817216558791879e-07,,,,,,,,,,,,
4.500652290390209,grasp,,,,,,,,,,,,,,,,,,,,,0.571081817150116,0.20934884250164032,0.301488995552063,-0.09666315466165543,0.0019159007351845503,0.00584533903747797,0.03135490417480469,0.525794107465666,0.19238813896334006,0.2801599401805547,-0.08895461022232647,0.0016444909986999146,4.296069834728229e-07,,,,,,,,,,,,
4.520652290390209,grasp,,,,,,,,,,,,,,,,,,,,,0.5490156412124634,0.20149639248847961,0.28964874148368835,-0.0929497629404068,0.0021991091780364513,0.0058347429148852825,0.03135490417480469,0.525794107465666,0.19238813896334006,0.2801599401805547,-0.08895461022232647,0.0016444909986999146,4.296069834728229e-07,,,,,,,,,,,,
4.540652290390209,grasp,,,,,,,,,,,,,,,,,,,,,0.5083106756210327,0.1867446005344391,0.2682226598262787,-0.08604767173528671,0.0017205671174451709,0.005845874082297087,0.03135490417480469,0.46495648183457655,0.17045653147945872,0.24792250328006904,-0.07866611688727851,0.00145424977029453,3.798426748679605e-07,,,,,,,,,,,,
4.560652290390209,grasp,,,,,,,,,,,,,,,,,,,,,0.48718804121017456,0.17922165989875793,0.25688156485557556,-0.08249272406101227,0.001988866599276662,0.005835697520524263,0.03135490417480469,0.46495648183457655,0.17045653147945872,0.24792250328006904,-0.07866611688727851,0.00145424977029453,3.798426748679605e-07,,,,,,,,,,,,
4.5806522903902085,grasp,,,,,,,,,,,,,,,,,,,,,0.4484924077987671,0.1651838719844818,0.23650701344013214,-0.07593142986297607,0.0015342518454417586,0.005846583750098944,0.03135490417480469,0.4072797849776244,0.1496432433714986,0.2173471120447863,-0.06891205657404917,0.001273886942503589,3.3266222099381594e-07,,,,,,,,,,,,
4.600652290390209,grasp,,,,,,,,,,,,,,,,,,,,,0.42841440439224243,0.15802650153636932,0.22571974992752075,-0.07255196571350098,0.001786733977496624,0.0058367145247757435,0.03135490417480469,0.4072797849776244,0.1496432433714986,0.2173471120447863,-0.06891205657404917,0.001273886942503589,3.3266222099381594e-07,,,,,,,,,,,,
4.620652290390209,grasp,,,,,,,,,,,,,,,,,,,,,0.39190611243247986,0.14476636052131653,0.20649032294750214,-0.06636160612106323,0.0013577283825725317,0.005847090855240822,0.03135490417480469,0.3530240118211106,0.13004045012349946,0.18857075096767736,-0.05973638076282863,0.0011042161068081802,2.8827843813678993e-07,,,,,,,,,,,,
4.640652290390209,grasp,,,,,,,,,,,,,,,,,,,,,0.3729645609855652,0.13800682127475739,0.19630677998065948,-0.06317316740751266,0.00159357488155365,0.005837674718350172,0.03135490417480469,0.3530240118211106,0.13004045012349946,0.18857075096767736,-0.05973638076282863,0.0011042161068081802,2.8827843813678993e-07,,,,,,,,,,,,
4.660652290390209,grasp,,,,,,,,,,,,,,,,,,,,,0.33880162239074707,0.12558001279830933,0.1783054620027542,-0.05738038942217827,0.001191922347061336,0.0058474852703511715,0.03135490417480469,0.3024177840486319,0.11172811195959101,0.16171321796556593,-0.0511777023584199,0.0009459555100652123,2.468793247238618e-07,,,,,,,,,,,,
4.680652290390209,grasp,,,,,,,,,,,,,,,,,,,,,0.32107803225517273,0.11924635618925095,0.16876979172229767,-0.05439671501517296,0.0014102013083174825,0.005838797893375158,0.03135490417480469,0.3024177840486319,0.11172811195959101,0.16171321796556593,-0.0511777023584199,0.0009459555100652123,2.468793247238618e-07,,,,,,,,,,,,
4.7006522903902095,grasp,,,,,,,,,,,,,,,,,,,,,0.289394736289978,0.10770295560359955,0.15206465125083923,-0.04902428761124611,0.0010372261749580503,0.005847944878041744,0.03135490417480469,0.2556525781078942,0.0947772871527321,0.13687721394375202,-0.043268423490272795,0.0007997054249516964,2.086220819680324e-07,,,,,,,,,,,,
4.720652290390209,grasp,,,,,,,,,,,,,,,,,,,,,0.27295875549316406,0.10182042419910431,0.14321421086788177,-0.0462571382522583,0.0012373774079605937,0.00583998765796423,0.03135490417480469,0.2556525781078942,0.0947772871527321,0.13687721394375202,-0.043268423490272795,0.0007997054249516964,2.086220819680324e-07,,,,,,,,,,,,
4.740652290390209,grasp,,,,,,,,,,,,,,,,,,,,,0.24386587738990784,0.09119991958141327,0.12786667048931122,-0.04132377356290817,0.0008944714209064841,0.005848359316587448,0.03135490417480469,0.21288252373116023,0.07924369539579215,0.11414433801323393,-0.036034605824437294,0.0006659461559627006,1.7363237826454903e-07,,,,,,,,,,,,
4.760652290390209,grasp,,,,,,,,,,,,,,,,,,,,,0.2287745326757431,0.0857883095741272,0.11973431706428528,-0.038782767951488495,0.0010759084252640605,0.005841229110956192,0.03135490417480469,0.21288252373116023,0.07924369539579215,0.11414433801323393,-0.036034605824437294,0.0006659461559627006,1.7363237826454903e-07,,,,,,,,,,,,
4.780652290390209,grasp,,,,,,,,,,,,,,,,,,,,,0.20235569775104523,0.07612214982509613,0.10578430444002151,-0.034302663058042526,0.000763861695304513,0.005848863162100315,0.03135490417480469,0.1742201584719904,0.06516807922220069,0.09357426127822609,-0.029495273284436626,0.0005450282532271334,1.4200194439528242e-07,,,,,,,,,,,,
4.800652290390209,grasp,,,,,,,,,,,,,,,,,,,,,0.18865227699279785,0.07119718939065933,0.09839212894439697,-0.03199514001607895,0.0009262003586627543,0.005842405371367931,0.03135490417480469,0.1742201584719904,0.06516807922220069,0.09357426127822609,-0.029495273284436626,0.0005450282532271334,1.4200194439528242e-07,,,,,,,,,,,,
4.820652290390209,grasp,,,,,,,,,,,,,,,,,,,,,0.1649627685546875,0.0625043585896492,0.08587171137332916,-0.02797764353454113,0.0006457354174926877,0.005849280394613743,0.03135490417480469,0.13973347109260256,0.05257413563659018,0.07520306791612154,-0.02366193147764242,0.0004371642377797506,1.1378627660223323e-07,,,,,,,,,,,,
4.840652290390209,grasp,,,,,,,,,,,,,,,,,,,,,0.15267570316791534,0.058075565844774246,0.07923673838376999,-0.02590840309858322,0.0007887702668085694,0.005843576975166798,0.03135490417480469,0.13973347109260256,0.05257413563659018,0.07520306791612154,-0.02366193147764242,0.0004371642377797506,1.1378627660223323e-07,,,,,,,,,,,,
4.860652290390209,grasp,,,,,,,,,,,,,,,,,,,,,0.13173824548721313,0.05036746338009834,0.06815771758556366,-0.022357406094670296,0.0005402378155849874,0.005849672481417656,0.03135490417480469,0.1094393789981099,0.04147359389124715,0.05904357179282776,-0.018537490652573933,0.00034240851782111015,8.899949496554476e-08,,,,,,,,,,,,
4.880652290390209,grasp,,,,,,,,,,,,,,,,,,,,,0.12087938189506531,0.04644036665558815,0.062287185341119766,-0.02052844502031803,0.0006638675695285201,0.005844738334417343,0.03135490417480469,0.1094393789981099,0.04147359389124715,0.05904357179282776,-0.018537490652573933,0.00034240851782111015,8.899949496554476e-08,,,,,,,,,,,,
4.900652290390209,grasp,,,,,,,,,,,,,,,,,,,,,0.10268478095531464,0.039714716374874115,0.05264510214328766,-0.017442425712943077,0.00044726862688548863,0.00585003150627017,0.03135490417480469,0.08330634055488659,0.03185569640575818,0.04507872284147905,-0.014116631750443642,0.00026066301141063563,6.761590805754247e-08,,,,,,,,,,,,
4.920652290390209,grasp,,,,,,,,,,,,,,,,,,,,,0.09324919432401657,0.03628797456622124,0.047536831349134445,-0.015852946788072586,0.0005519076948985457,0.0058457981795072556,0.03135490417480469,0.08330634055488659,0.03185569640575818,0.04507872284147905,-0.014116631750443642,0.00026066301141063563,6.761590805754247e-08,,,,,,,,,,,,
4.940652290390209,grasp,,,,,,,,,,,,,,,,,,,,,0.07775451987981796,0.03052806481719017,0.03930707648396492,-0.013224608264863491,0.0003667204291559756,0.005850318819284439,0.03135490417480469,0.061250588121721475,0.0236871734335513,0.03326017518882998,-0.010385183767237691,0.00019166567560101758,4.9567043683661124e-08,,,,,,,,,,,,
4.960652290390209,grasp,,,,,,,,,,,,,,,,,,,,,0.06971985101699829,0.027592848986387253,0.034948911517858505,-0.011870838701725006,0.00045288188266567886,0.005846892483532429,0.03135490417480469,0.061250588121721475,0.0236871734335513,0.03326017518882998,-0.010385183767237691,0.00019166567560101758,4.9567043683661124e-08,,,,,,,,,,,,
4.980652290390209,grasp,,,,,,,,,,,,,,,,,,,,,0.056843750178813934,0.022770628333091736,0.028087209910154343,-0.009686408564448357,0.0002982034638989717,0.005850689951330423,0.03135490417480469,0.04312746111839525,0.016918817375239623,0.023511664550800494,-0.007318714111751223,0.00013496468328447157,3.4734763058853974e-08,,,,,,,,,,,,
5.000652290390209,grasp,,,,,,,,,,,,,,,,,,,,,0.05016770958900452,0.020312903448939323,0.02445470541715622,-0.00856129638850689,0.0003666495904326439,0.005847912281751633,0.03135490417480469,0.04312746111839525,0.016918817375239623,0.023511664550800494,-0.007318714111751223,0.00013496468328447157,3.4734763058853974e-08,,,,,,,,,,,,
5.020652290390209,grasp,,,,,,,,,,,,,,,,,,,,,0.039785657078027725,0.016391191631555557,0.01890121027827263,-0.006799708120524883,0.00024118536384776235,0.0058510443195700645,0.03135490417480469,0.02872419074626077,0.01149014404899185,0.01573065565601451,-0.0048813458035216984,8.989650464979267e-05,2.2945524211618764e-08,,,,,,,,,,,,
5.040652290390209,grasp,,,,,,,,,,,,,,,,,,,,,0.034403543919324875,0.0143919438123703,0.01596282795071602,-0.005892391316592693,0.0002931416966021061,0.005848835688084364,0.03135490417480469,0.02872419074626077,0.01149014404899185,0.01573065565601451,-0.0048813458035216984,8.989650464979267e-05,2.2945524211618764e-08,,,,,,,,,,,,
5.060652290390209,grasp,,,,,,,,,,,,,,,,,,,,,0.026346946135163307,0.011322238482534885,0.01163722574710846,-0.004525152500718832,0.00019485445227473974,0.0058512380346655846,0.03135490417480469,0.017760660768299935,0.0073217038717860485,0.009783351795516811,-0.0030258391916458058,5.558748475756292e-05,1.3970768560202196e-08,,,,,,,,,,,,
5.0806522903902085,grasp,,,,,,,,,,,,,,,,,,,,,0.022171270102262497,0.009756652638316154,0.00935048796236515,-0.003820953657850623,0.0002316689642611891,0.005849706474691629,0.03135490417480469,0.017760660768299935,0.0073217038717860485,0.009783351795516811,-0.0030258391916458058,5.558748475756292e-05,1.3970768560202196e-08,,,,,,,,,,,,
5.100652290390209,grasp,,,,,,,,,,,,,,,,,,,,,0.016226064413785934,0.0074777123518288136,0.006149753928184509,-0.0028118800837546587,0.0001582123077241704,0.005851509515196085,0.03135490417480469,0.009886759226682855,0.00431321405809714,0.005502065239410806,-0.0016931416184827754,3.094550246465152e-05,7.52478568391086e-09,,,,,,,,,,,,
5.120652290390209,grasp,,,,,,,,,,,,,,,,,,,,,0.013145592994987965,0.006314383819699287,0.004459734540432692,-0.0022921599447727203,0.00018193422874901444,0.005850540474057198,0.03135490417480469,0.009886759226682855,0.00431321405809714,0.005502065239410806,-0.0016931416184827754,3.094550246465152e-05,7.52478568391086e-09,,,,,,,,,,,,
5.140652290390209,grasp,,,,,,,,,,,,,,,,,,,,,0.009055768139660358,0.00474146194756031,0.0022551529109477997,-0.001597900060005486,0.00013049639528617263,0.005851726979017258,0.03135490417480469,0.0046907267857240285,0.002324246395278552,0.00267434993807766,-0.0008136644185406989,1.4683726777237418e-05,3.270945563908812e-09,,,,,,,,,,,,
5.160652290390209,grasp,,,,,,,,,,,,,,,,,,,,,0.006937600206583738,0.003936966881155968,0.0010938351042568684,-0.0012403338914737105,0.0001431016280548647,0.00585114024579525,0.03135490417480469,0.0046907267857240285,0.002324246395278552,0.00267434993807766,-0.0008136644185406989,1.4683726777237418e-05,3.270945563908812e-09,,,,,,,,,,,,
5.180652290390209,grasp,,,,,,,,,,,,,,,,,,,,,0.004403398837894201,0.0029429541900753975,9.13376861717552e-05,-0.0008096674573607743,0.00011142942821606994,0.005852214060723782,0.03135490417480469,0.001694042378919681,0.0011761974161755065,0.001042883996699255,-0.00030644154626267617,5.305042469378144e-06,8.176212092021718e-10,,,,,,,,,,,,
5.2006522903902095,grasp,,,,,,,,,,,,,,,,,,,,,0.003091920167207718,0.0024262492079287767,0.0001316059788223356,-0.000587720365729183,0.00011628844367805868,0.0058517963625490665,0.03135490417480469,0.001694042378919681,0.0011761974161755065,0.001042883996699255,-0.00030644154626267617,5.305042469378144e-06,8.176212092021718e-10,,,,,,,,,,,,
5.220652290390209,grasp,,,,,,,,,,,,,,,,,,,,,0.0017670360393822193,0.001912358682602644,0.00012976180005352944,-0.00036270765122026205,9.803863213164732e-05,0.005852219648659229,0.03135490417480469,0.0003433445717195581,0.0006587405694768224,0.00030753487808702517,-7.78206368046195e-05,1.0777816689025279e-06,-2.8816735036702503e-10,,,,,,,,,,,,
5.240652290390209,grasp,,,,,,,,,,,,,,,,,,,,,0.0010822239564731717,0.0016465511871501803,0.0001293553941650316,-0.00024675019085407257,9.671135921962559e-05,0.005852222442626953,0.03135490417480469,0.0003433445717195581,0.0006587405694768224,0.00030753487808702517,-7.78206368046195e-05,1.0777816689025279e-06,-2.8816735036702503e-10,,,,,,,,,,,,
5.260652290390209,grasp,,,,,,,,,,,,,,,,,,,,,0.0005684825591742992,0.0014475870411843061,0.00013101856166031212,-0.00015942270692903548,8.77186976140365e-05,0.005852456670254469,0.03135490417480469,6.5151162288952246e-06,0.0005297000075421084,0.00012415763154699874,-2.080842943092457e-05,2.3611006902052092e-08,-5.639227070524012e-10,,,,,,,,,,,,
5.27646765337797,grasp,,,,,,,,,,,,,,,,,,,,,0.00030017198878340423,0.0013438442256301641,0.0001305326441070065,-0.00011390422150725499,8.362346852663904e-05,0.00585255166515708,0.03135490417480469,-8.683033314582644e-08,0.0005271707777865231,0.00012056338891852647,-1.9690975022967905e-05,2.948982391615118e-09,-5.69327585075996e-10,,,,,,,,,,,,
0.0,grasp,,,,,,,,,,,,,,,,,,,,,,,,,,,1.5209173476193882e-08,,,,,,,0.043,,,,,,,,,,,
0.02,grasp,,,,,,,,,,,,,,,,,,,,,,,,,,,4.834350647797692e-06,,,,,,,0.043,,,,,,,,,,,
0.04,grasp,,,,,,,,,,,,,,,,,,,,,,,,,,,4.0752755012363195e-05,,,,,,,0.043,,,,,,,,,,,
0.06,grasp,,,,,,,,,,,,,,,,,,,,,,,,,,,0.0001451414282200858,,,,,,,0.043,,,,,,,,,,,
0.08,grasp,,,,,,,,,,,,,,,,,,,,,,,,,,,0.00035630306228995323,,,,,,,0.043,,,,,,,,,,,
0.1,grasp,,,,,,,,,,,,,,,,,,,,,,,,,,,0.0007082340307533741,,,,,,,0.043,,,,,,,,,,,
0.12,grasp,,,,,,,,,,,,,,,,,,,,,,,,,,,0.0012283940450288355,,,,,,,0.043,,,,,,,,,,,
0.14,grasp,,,,,,,,,,,,,,,,,,,,,,,,,,,0.001936908985953778,,,,,,,0.043,,,,,,,,,,,
0.16,grasp,,,,,,,,,,,,,,,,,,,,,,,,,,,0.002846426679752767,,,,,,,0.043,,,,,,,,,,,
0.18,grasp,,,,,,,,,,,,,,,,,,,,,,,,,,,0.003962433198466897,,,,,,,0.043,,,,,,,,,,,
0.2,grasp,,,,,,,,,,,,,,,,,,,,,,,,,,,0.005283823935315013,,,,,,,0.043,,,,,,,,,,,
0.22,grasp,,,,,,,,,,,,,,,,,,,,,,,,,,,0.0068033975549042225,,,,,,,0.043,,,,,,,,,,,
0.24,grasp,,,,,,,,,,,,,,,,,,,,,,,,,,,0.008508481550961733,,,,,,,0.043,,,,,,,,,,,
0.26,grasp,,,,,,,,,,,,,,,,,,,,,,,,,,,0.010381673462688923,,,,,,,0.043,,,,,,,,,,,
0.28,grasp,,,,,,,,,,,,,,,,,,,,,,,,,,,0.012401452753692865,,,,,,,0.043,,,,,,,,,,,
0.3,grasp,,,,,,,,,,,,,,,,,,,,,,,,,,,0.014542837627232075,,,,,,,0.043,,,,,,,,,,,
0.32,grasp,,,,,,,,,,,,,,,,,,,,,,,,,,,0.0167781263589859,,,,,,,0.043,,,,,,,,,,,
0.34,grasp,,,,,,,,,,,,,,,,,,,,,,,,,,,0.019077488221228123,,,,,,,0.043,,,,,,,,,,,
0.36,grasp,,,,,,,,,,,,,,,,,,,,,,,,,,,0.02140973787754774,,,,,,,0.043,,,,,,,,,,,
0.38,grasp,,,,,,,,,,,,,,,,,,,,,,,,,,,0.02374295052140951,,,,,,,0.043,,,,,,,,,,,
0.4,grasp,,,,,,,,,,,,,,,,,,,,,,,,,,,0.026045161299407482,,,,,,,0.043,,,,,,,,,,,
0.42,grasp,,,,,,,,,,,,,,,,,,,,,,,,,,,0.028285082429647446,,,,,,,0.043,,,,,,,,,,,
0.44,grasp,,,,,,,,,,,,,,,,,,,,,,,,,,,0.030432715080678463,,,,,,,0.043,,,,,,,,,,,
0.46,grasp,,,,,,,,,,,,,,,,,,,,,,,,,,,0.032460106536746025,,,,,,,0.043,,,,,,,,,,,
0.48,grasp,,,,,,,,,,,,,,,,,,,,,,,,,,,0.0343419648706913,,,,,,,0.043,,,,,,,,,,,
0.5,grasp,,,,,,,,,,,,,,,,,,,,,,,,,,,0.0360563974827528,,,,,,,0.043,,,,,,,,,,,
0.52,grasp,,,,,,,,,,,,,,,,,,,,,,,,,,,0.037585511803627014,,,,,,,0.043,,,,,,,,,,,
0.54,grasp,,,,,,,,,,,,,,,,,,,,,,,,,,,0.0389162078499794,,,,,,,0.043,,,,,,,,,,,
0.56,grasp,,,,,,,,,,,,,,,,,,,,,,,,,,,0.040040766820311546,,,,,,,0.043,,,,,,,,,,,
0.58,grasp,,,,,,,,,,,,,,,,,,,,,,,,,,,0.04095758497714996,,,,,,,0.043,,,,,,,,,,,
0.6,grasp,,,,,,,,,,,,,,,,,,,,,,,,,,,0.04167180880904198,,,,,,,0.043,,,,,,,,,,,
0.62,grasp,,,,,,,,,,,,,,,,,,,,,,,,,,,0.04219609126448631,,,,,,,0.043,,,,,,,,,,,
0.64,grasp,,,,,,,,,,,,,,,,,,,,,,,,,,,0.042551204562187195,,,,,,,0.043,,,,,,,,,,,
0.66,grasp,,,,,,,,,,,,,,,,,,,,,,,,,,,0.04276670329272747,,,,,,,0.043,,,,,,,,,,,
0.68,grasp,,,,,,,,,,,,,,,,,,,,,,,,,,,0.042881689965724945,,,,,,,0.043,,,,,,,,,,,
0.68,grasp,,,,,,,,,,,,,,,,,,,,,-1.645280462980736e-07,0.0010456173913553357,0.00012923312897328287,-3.9068192563718185e-05,8.115449645629269e-09,-8.526153116861224e-10,0.042881689965724945,-8.683033314582644e-08,0.0005271707777865231,0.00012056338891852647,-1.9690975022967905e-05,2.948982391615118e-09,-5.69327585075996e-10,,,,,,,,,,,,
0.7000000000000001,grasp,,,,,,,,,,,,,,,,,,,,,-1.6595599561242125e-07,0.0010503795929253101,0.0001292419619858265,-3.924833072233014e-05,7.993190109800707e-09,-8.577749066596141e-10,0.042881689965724945,-8.683033314582644e-08,0.0005271707777865231,0.00012056338891852647,-1.9690975022967905e-05,2.948982391615118e-09,-5.69327585075996e-10,,,,,,,,,,,,
0.7200000000000001,grasp,,,,,,,,,,,,,,,,,,,,,0.00011819765495602041,0.001099033746868372,0.00012905422772746533,-5.9791691455757245e-05,8.117965535348048e-07,-1.0246427706306349e-08,0.042881689965724945,0.0002492928656074773,0.0006226957347448079,0.00025634510011953864,-6.189912722644174e-05,7.837612504799972e-07,-3.722759628694558e-10,,,,,,,,,,,,
0.74,grasp,,,,,,,,,,,,,,,,,,,,,0.0001804739295039326,0.0011243023909628391,0.0001290421059820801,-7.038634066702798e-05,4.3925876980210887e-07,2.695005774100423e-09,0.042881689965724945,0.0002492928656074773,0.0006226957347448079,0.00025634510011953864,-6.189912722644174e-05,7.837612504799972e-07,-3.722759628694558e-10,,,,,,,,,,,,
0.76,grasp,,,,,,,,,,,,,,,,,,,,,0.0010186986764892936,0.0014461507089436054,0.00012724031694233418,-0.00021305997506715357,5.9054673329228535e-06,-5.92106239594159e-08,0.042881689965724945,0.0019222707530676191,0.0012635301380857827,0.0011672445362672847,-0.0003450549676371039,6.021885195827997e-06,9.496562406846923e-10,,,,,,,,,,,,
0.78,grasp,,,,,,,,,,,,,,,,,,,,,0.0014528968604281545,0.0016142602544277906,0.00012725846318062395,-0.00028666292200796306,3.417729658394819e-06,2.7670537861013145e-08,0.042881689965724945,0.0019222707530676191,0.0012635301380857827,0.0011672445362672847,-0.0003450549676371039,6.021885195827997e-06,9.496562406846923e-10,,,,,,,,,,,,
0.8,grasp,,,,,,,,,,,,,,,,,,,,,0.003774374257773161,0.002523063914850354,0.0006711905589327216,-0.0006808608886785805,1.764191074471455e-05,-1.2384440140067454e-07,0.042881689965724945,0.006257179505741032,0.002923968229648857,0.003527473174043624,-0.0010787491357518585,1.959455666685292e-05,4.374957321400633e-09,,,,,,,,,,,,
0.8200000000000001,grasp,,,,,,,,,,,,,,,,,,,,,0.004976456053555012,0.0029779926408082247,0.0010273812804371119,-0.000883512373548001,1.153507582785096e-05,9.88387967026938e-08,0.042881689965724945,0.006257179505741032,0.002923968229648857,0.003527473174043624,-0.0010787491357518585,1.959455666685292e-05,4.374957321400633e-09,,,,,,,,,,,,
0.8400000000000001,grasp,,,,,,,,,,,,,,,,,,,,,0.0094876978546381,0.0047082314267754555,0.0033075413666665554,-0.0016479974146932364,3.8277310522971675e-05,-1.7601625756924477e-07,0.042881689965724945,0.01430114517847652,0.006000518633266107,0.00790404364180378,-0.002440182117379295,4.4779818640420975e-05,1.073089849098656e-08,,,,,,,,,,,,
0.8600000000000001,grasp,,,,,,,,,,,,,,,,,,,,,0.011822975240647793,0.0055879405699670315,0.004526482429355383,-0.002041641855612397,2.7716996555682272e-05,2.2834205992694478e-07,0.042881689965724945,0.01430114517847652,0.006000518633266107,0.00790404364180378,-0.002440182117379295,4.4779818640420975e-05,1.073089849098656e-08,,,,,,,,,,,,
0.8800000000000001,grasp,,,,,,,,,,,,,,,,,,,,,0.01913444511592388,0.008382078260183334,0.00842961110174656,-0.003280572360381484,7.041556091280654e-05,-2.0487617291564675e-07,0.042881689965724945,0.026927364622136938,0.010803855443907218,0.014756210128098779,-0.004576999488082751,8.43089598792651e-05,2.0706767435778543e-08,,,,,,,,,,,,
0.9,grasp,,,,,,,,,,,,,,,,,,,,,0.022918377071619034,0.009804578498005867,0.010505354963243008,-0.003918536007404327,5.493756907526404e-05,4.1697063579704263e-07,0.042881689965724945,0.026927364622136938,0.010803855443907218,0.014756210128098779,-0.004576999488082751,8.43089598792651e-05,2.0706767435778543e-08,,,,,,,,,,,,
0.92,grasp,,,,,,,,,,,,,,,,,,,,,0.033535998314619064,0.013831243850290775,0.01619960181415081,-0.005717524327337742,0.00011655120033537969,-2.0566700698054774e-07,0.042881689965724945,0.044846200672764,0.01756031387290461,0.02443963624913629,-0.007609152082303671,0.00014040092596957976,3.4862548228282567e-08,,,,,,,,,,,,
0.9400000000000001,grasp,,,,,,,,,,,,,,,,,,,,,0.0390300489962101,0.015882212668657303,0.019222987815737724,-0.006643896456807852,9.586704254616052e-05,6.609271281377005e-07,0.042881689965724945,0.044846200672764,0.01756031387290461,0.02443963624913629,-0.007609152082303671,0.00014040092596957976,3.4862548228282567e-08,,,,,,,,,,,,
0.9600000000000001,grasp,,,,,,,,,,,,,,,,,,,,,0.05335623025894165,0.0212591290473938,0.026879366487264633,-0.009070911444723606,0.00017879273218568414,-1.7744230262906058e-07,0.042881689965724945,0.06861145215814138,0.026420691005057166,0.03721444958999243,-0.011629996977932953,0.00021478269065816147,5.3634068459317364e-08,,,,,,,,,,,,
0.98,grasp,,,,,,,,,,,,,,,,,,,,,0.06076829880475998,0.023998651653528214,0.030940694734454155,-0.010320708155632019,0.00015275941404979676,9.551602033752715e-07,0.042881689965724945,0.06861145215814138,0.026420691005057166,0.03721444958999243,-0.011629996977932953,0.00021478269065816147,5.3634068459317364e-08,,,,,,,,,,,,
1.0,grasp,,,,,,,,,,,,,,,,,,,,,0.07909811288118362,0.030808953568339348,0.04069405794143677,-0.013425568118691444,0.0002587543858680874,-1.1956728940276662e-07,0.042881689965724945,0.09861188823452886,0.037491828170494707,0.05326594844235213,-0.01670508454260746,0.0003086669208499627,7.732735987884545e-08,,,,,,,,,,,,
1.02,grasp,,,,,,,,,,,,,,,,,,,,,0.08858061581850052,0.03427955508232117,0.04586397856473923,-0.015024447813630104,0.00022737294784747064,1.2931556057083071e-06,0.042881689965724945,0.09861188823452886,0.037491828170494707,0.05326594844235213,-0.01670508454260746,0.0003086669208499627,7.732735987884545e-08,,,,,,,,,,,,
1.04,grasp,,,,,,,,,,,,,,,,,,,,,0.11109959334135056,0.04258744791150093,0.05781063064932823,-0.01883856952190399,0.00035756066790781915,-3.273611781651198e-08,0.042881689965724945,0.1350691201848811,0.050860472263494584,0.07271959258345018,-0.022871946506304516,0.0004227479728442694,1.0611765625957984e-07,,,,,,,,,,,,
1.06,grasp,,,,,,,,,,,,,,,,,,,,,0.12274833023548126,0.04682210832834244,0.06413926184177399,-0.02080271765589714,0.00032095619826577604,1.6667061117914272e-06,0.042881689965724945,0.1350691201848811,0.050860472263494584,0.07271959258345018,-0.022871946506304516,0.0004227479728442694,1.0611765625957984e-07,,,,,,,,,,,,
1.08,grasp,,,,,,,,,,,,,,,,,,,,,0.1495475471019745,0.0566629059612751,0.07832992076873779,-0.025341538712382317,0.0004759195144288242,8.045454080729542e-08,0.042881689965724945,0.17806937088312,0.06656440583810018,0.09562712761010105,-0.030145210488470856,0.0005572964509327913,1.4007325950172326e-07,,,,,,,,,,,,
1.1,grasp,,,,,,,,,,,,,,,,,,,,,0.16340939700603485,0.06167994439601898,0.08584294468164444,-0.027678903192281723,0.0004343040054664016,2.068767571472563e-06,0.042881689965724945,0.17806937088312,0.06656440583810018,0.09562712761010105,-0.030145210488470856,0.0005572964509327913,1.4007325950172326e-07,,,,,,,,,,,,
1.12,grasp,,,,,,,,,,,,,,,,,,,,,0.1944984495639801,0.07305165380239487,0.1022796705365181,-0.03294404596090317,0.0006141569465398788,2.1658732407559e-07,0.042881689965724945,0.22758278838699117,0.08458025607044732,0.12196430292644425,-0.038519763457308336,0.0007122177857045672,1.7917033998432745e-07,,,,,,,,,,,,
1.1400000000000001,grasp,,,,,,,,,,,,,,,,,,,,,0.21057845652103424,0.07885034382343292,0.11097704619169235,-0.03565548360347748,0.000567773706279695,2.4903717985580442e-06,0.042881689965724945,0.22758278838699117,0.08458025607044732,0.12196430292644425,-0.038519763457308336,0.0007122177857045672,1.7917033998432745e-07,,,,,,,,,,,,
1.1600000000000001,grasp,,,,,,,,,,,,,,,,,,,,,0.2458861917257309,0.091725654900074,0.12962137162685394,-0.04163487255573273,0.0007721468573436141,3.7326867641240824e-07,0.042881689965724945,0.2834569608928463,0.10485324047415187,0.15164967761423098,-0.04796983582366118,0.0008870349042413051,2.2328849481150775e-07,,,,,,,,,,,,
1.1800000000000002,grasp,,,,,,,,,,,,,,,,,,,,,0.26414722204208374,0.09829254448413849,0.13948146998882294,-0.04471416026353836,0.0007213043281808496,2.9247396469145315e-06,0.042881689965724945,0.2834569608928463,0.10485324047415187,0.15164967761423098,-0.04796983582366118,0.0008870349042413051,2.2328849481150775e-07,,,,,,,,,,,,
1.2000000000000002,grasp,,,,,,,,,,,,,,,,,,,,,0.3035295307636261,0.11261776089668274,0.16025713086128235,-0.05138343945145607,0.0009494258556514978,5.459554586195736e-07,0.042881689965724945,0.3454337729393477,0.12728791519664692,0.18454525620848045,-0.05845178256354117,0.0010809397288981779,2.722237980165489e-07,,,,,,,,,,,,
1.2200000000000002,grasp,,,,,,,,,,,,,,,,,,,,,0.32389751076698303,0.11992575973272324,0.17123842239379883,-0.054818060249090195,0.0008944591972976923,3.3635581075941445e-06,0.042881689965724945,0.3454337729393477,0.12728791519664692,0.18454525620848045,-0.05845178256354117,0.0010809397288981779,2.722237980165489e-07,,,,,,,,,,,,
1.2400000000000002,grasp,,,,,,,,,,,,,,,,,,,,,0.3671429455280304,0.13562573492527008,0.1940355747938156,-0.06214147061109543,0.0011451944010332227,7.321431780837884e-07,0.042881689965724945,0.4131555365491171,0.15175909405452886,0.22046401643981853,-0.06990515583177344,0.0012928140504140332,3.2569405633996683e-07,,,,,,,,,,,,
1.26,grasp,,,,,,,,,,,,,,,,,,,,,0.389508455991745,0.14363692700862885,0.2060786783695221,-0.06591297686100006,0.0010864638024941087,3.800083277383237e-06,0.042881689965724945,0.4131555365491171,0.15175909405452886,0.22046401643981853,-0.06990515583177344,0.0012928140504140332,3.2569405633996683e-07,,,,,,,,,,,,
1.28,grasp,,,,,,,,,,,,,,,,,,,,,0.4363476037979126,0.16061219573020935,0.23075464367866516,-0.07384489476680756,0.0013583684340119362,9.268752592106466e-07,0.042881689965724945,0.4861818072227123,0.17810357337702862,0.2591698474339944,-0.0822554741246132,0.0015212815479151143,3.833518789929001e-07,,,,,,,,,,,,
1.3,grasp,,,,,,,,,,,,,,,,,,,,,0.46057140827178955,0.16927622258663177,0.24378295242786407,-0.07792984694242477,0.0012962238397449255,4.225709744787309e-06,0.042881689965724945,0.4861818072227123,0.17810357337702862,0.2591698474339944,-0.0822554741246132,0.0015212815479151143,3.833518789929001e-07,,,,,,,,,,,,
1.32,grasp,,,,,,,,,,,,,,,,,,,,,0.5106796026229858,0.1874118447303772,0.2701686918735504,-0.0864153802394867,0.001587561913765967,1.1252751619394985e-06,0.042881689965724945,0.5639902862226781,0.20613913510398513,0.3003897237216707,-0.09541443955925429,0.001764708051839789,4.447849307279395e-07,,,,,,,,,,,,
1.34,grasp,,,,,,,,,,,,,,,,,,,,,0.5365939736366272,0.1966703087091446,0.2840921878814697,-0.0907854437828064,0.0015223583905026317,4.6344357542693615e-06,0.042881689965724945,0.5639902862226781,0.20613913510398513,0.3003897237216707,-0.09541443955925429,0.001764708051839789,4.447849307279395e-07,,,,,,,,,,,,
1.36,grasp,,,,,,,,,,,,,,,,,,,,,0.5896009206771851,0.21583306789398193,0.311993807554245,-0.09976190328598022,0.001831144094467163,1.3250064512249082e-06,0.042881689965724945,0.6459943000820891,0.2356549956722749,0.3438132131145476,-0.10928283442394067,0.002021256661610028,5.095294947600342e-07,,,,,,,,,,,,
1.3800000000000001,grasp,,,,,,,,,,,,,,,,,,,,,0.6170153021812439,0.22561845183372498,0.32670870423316956,-0.10438482463359833,0.001763212843798101,5.020699518354377e-06,0.042881689965724945,0.6459943000820891,0.2356549956722749,0.3438132131145476,-0.10928283442394067,0.002021256661610028,5.095294947600342e-07,,,,,,,,,,,,
1.4,grasp,,,,,,,,,,,,,,,,,,,,,0.6725102663040161,0.24566076695919037,0.3559105098247528,-0.11378280073404312,0.0020872747991234064,1.5214858422041289e-06,0.042881689965724945,0.7315501375379053,0.2664198739558015,0.38909962438219214,-0.12375179684067689,0.0022889144900769824,5.770776163236528e-07,,,,,,,,,,,,
1.42,grasp,,,,,,,,,,,,,,,,,,,,,0.7012127041816711,0.2558978796005249,0.3713027536869049,-0.11862286180257797,0.0020169615745544434,5.377010893425904e-06,0.042881689965724945,0.7315501375379053,0.2664198739558015,0.38909962438219214,-0.12375179684067689,0.0022889144900769824,5.770776163236528e-07,,,,,,,,,,,,
1.44,grasp,,,,,,,,,,,,,,,,,,,,,0.7587515711784363,0.27666139602661133,0.4015726149082184,-0.12836718559265137,0.0023539455141872168,1.7117715742642758e-06,0.042881689965724945,0.8199650470025593,0.29818859455612423,0.4358848783385768,-0.13870425785562793,0.0025655178139641728,6.468830376703245e-07,,,,,,,,,,,,
1.46,grasp,,,,,,,,,,,,,,,,,,,,,0.7885124087333679,0.28726932406425476,0.4175192713737488,-0.13338564336299896,0.0022815705742686987,5.700302608602215e-06,0.042881689965724945,0.8199650470025593,0.29818859455612423,0.4358848783385768,-0.13870425785562793,0.0025655178139641728,6.468830376703245e-07,,,,,,,,,,,,
1.48,grasp,,,,,,,,,,,,,,,,,,,,,0.8476236462593079,0.30858540534973145,0.4486103057861328,-0.1433965116739273,0.0026289753150194883,1.892837190098362e-06,0.042881689965724945,0.9105098917213172,0.33070126924048476,0.4837844531075144,-0.15401690055357842,0.002848783897267814,7.183697983663295e-07,,,,,,,,,,,,
1.5,grasp,,,,,,,,,,,,,,,,,,,,,0.8781998753547668,0.31947824358940125,0.46498119831085205,-0.1485523134469986,0.0025548627600073814,5.985057669022353e-06,0.042881689965724945,0.9105098917213172,0.33070126924048476,0.4837844531075144,-0.15401690055357842,0.002848783897267814,7.183697983663295e-07,,,,,,,,,,,,
1.52,grasp,,,,,,,,,,,,,,,,,,,,,0.9383921027183533,0.34117135405540466,0.4966357946395874,-0.15874648094177246,0.002910062437877059,2.064156433334574e-06,0.042881689965724945,1.0024281782034843,0.36368826812057464,0.5323993656241819,-0.16956173727194318,0.0031363449273388803,7.909403465084994e-07,,,,,,,,,,,,
1.54,grasp,,,,,,,,,,,,,,,,,,,,,0.9695300459861755,0.35225948691368103,0.5132952928543091,-0.16399678587913513,0.0028345726896077394,6.228935035323957e-06,0.042881689965724945,1.0024281782034843,0.36368826812057464,0.5323993656241819,-0.16956173727194318,0.0031363449273388803,7.909403465084994e-07,,,,,,,,,,,,
1.56,grasp,,,,,,,,,,,,,,,,,,,,,1.0302973985671997,0.3741488754749298,0.5452487468719482,-0.1742887943983078,0.0031948359683156013,2.22123708226718e-06,0.042881689965724945,1.0949457379844834,0.39687395381519563,0.5813216645701451,-0.18520799228277288,0.00342578190468282,8.639841644428195e-07,,,,,,,,,,,,
1.58,grasp,,,,,,,,,,,,,,,,,,,,,1.0617365837097168,0.38533997535705566,0.5620571970939636,-0.17958955466747284,0.003118339693173766,6.427946573239751e-06,0.042881689965724945,1.0949457379844834,0.39687395381519563,0.5813216645701451,-0.18520799228277288,0.00342578190468282,8.639841644428195e-07,,,,,,,,,,,,
1.6,grasp,,,,,,,,,,,,,,,,,,,,,1.1225658655166626,0.4072425961494446,0.5940406918525696,-0.18989259004592896,0.0034808742348104715,2.3650814000575338e-06,0.042881689965724945,1.1872810078923866,0.429980044573184,0.630139195274774,-0.20082351044593477,0.003714650315975517,9.368843703651535e-07,,,,,,,,,,,,
1.62,grasp,,,,,,,,,,,,,,,,,,,,,1.1540406942367554,0.41844281554222107,0.6108571290969849,-0.19519910216331482,0.0034037937875837088,6.579251476068748e-06,0.042881689965724945,1.1872810078923866,0.429980044573184,0.630139195274774,-0.20082351044593477,0.003714650315975517,9.368843703651535e-07,,,,,,,,,,,,
1.6400000000000001,grasp,,,,,,,,,,,,,,,,,,,,,1.214418649673462,0.44017505645751953,0.6426014304161072,-0.20542627573013306,0.003765736473724246,2.4943649350461783e-06,0.042881689965724945,1.278654577522903,0.46272928142309105,0.6784414051040139,-0.2162766003017758,0.004000513447756893,1.0090260905434347e-06,,,,,,,,,,,,
1.6600000000000001,grasp,,,,,,,,,,,,,,,,,,,,,1.245664119720459,0.45129072666168213,0.6592850089073181,-0.21069380640983582,0.003688551252707839,6.68147595206392e-06,0.042881689965724945,1.278654577522903,0.46272928142309105,0.6784414051040139,-0.2162766003017758,0.004000513447756893,1.0090260905434347e-06,,,,,,,,,,,,
1.6800000000000002,grasp,,,,,,,,,,,,,,,,,,,,,1.3050826787948608,0.4726714491844177,0.690524160861969,-0.22075924277305603,0.0040470026433467865,2.6073639673995785e-06,0.042881689965724945,1.3682995001713933,0.49484863299348814,0.7258241073232443,-0.23143759943271808,0.004280972759217689,1.079804154499059e-06,,,,,,,,,,,,
1.7000000000000002,grasp,,,,,,,,,,,,,,,,,,,,,1.3358368873596191,0.4836095869541168,0.7069351077079773,-0.22594353556632996,0.003970254212617874,6.732644123985665e-06,0.042881689965724945,1.3682995001713933,0.49484863299348814,0.7258241073232443,-0.23143759943271808,0.004280972759217689,1.079804154499059e-06,,,,,,,,,,,,
1.7200000000000002,grasp,,,,,,,,,,,,,,,,,,,,,1.3938006162643433,0.5044617652893066,0.7374095320701599,-0.23576338589191437,0.004322302993386984,2.70500981969235e-06,0.042881689965724945,1.455470867011552,0.5260732072152408,0.7718950917616789,-0.24618065084646085,0.00455369926581318,1.1486309855206192e-06,,,,,,,,,,,,
1.7400000000000002,grasp,,,,,,,,,,,,,,,,,,,,,1.4238070249557495,0.5151318907737732,0.753412127494812,-0.24082131683826447,0.004246613476425409,6.732413112331415e-06,0.042881689965724945,1.455470867011552,0.5260732072152408,0.7718950917616789,-0.24618065084646085,0.00455369926581318,1.1486309855206192e-06,,,,,,,,,,,,
1.7600000000000002,grasp,,,,,,,,,,,,,,,,,,,,,1.4798394441604614,0.5352854132652283,0.7828714847564697,-0.2503149211406708,0.004589371383190155,2.7865833089890657e-06,0.042881689965724945,1.5394559454135457,0.5561495153231091,0.8162791302371326,-0.2603854083816672,0.004816467566670818,1.2149449625961266e-06,,,,,,,,,,,,
1.7800000000000002,grasp,,,,,,,,,,,,,,,,,,,,,1.5088508129119873,0.545600414276123,0.7983353734016418,-0.2552047669887543,0.004515420645475388,6.6801439970731735e-06,0.042881689965724945,1.5394559454135457,0.5561495153231091,0.8162791302371326,-0.2603854083816672,0.004816467566670818,1.2149449625961266e-06,,,,,,,,,,,,
1.8000000000000003,grasp,,,,,,,,,,,,,,,,,,,,,1.5625004768371582,0.5648939609527588,0.8265441060066223,-0.2642959654331207,0.0048460704274475574,2.8512313292594627e-06,0.042881689965724945,1.6195838977128452,0.5848392966205386,0.858623421605827,-0.2739386608887848,0.005067186160542277,1.2782178625975556e-06,,,,,,,,,,,,
1.8200000000000003,grasp,,,,,,,,,,,,,,,,,,,,,1.5902841091156006,0.5747709274291992,0.8413457274436951,-0.2689787745475769,0.004774588625878096,6.576204214070458e-06,0.042881689965724945,1.6195838977128452,0.5848392966205386,0.858623421605827,-0.2739386608887848,0.005067186160542277,1.2782178625975556e-06,,,,,,,,,,,,
1.8399999999999999,grasp,,,,,,,,,,,,,,,,,,,,,1.6413230895996094,0.5929473638534546,0.8681412935256958,-0.2777663469314575,0.005093081388622522,2.884273271774873e-06,0.042881689965724945,1.6956306100381322,0.6116987482472025,0.8987227010112273,-0.28708634454611737,0.005308021944867917,1.3362056780671761e-06,,,,,,,,,,,,
1.8599999999999999,grasp,,,,,,,,,,,,,,,,,,,,,1.6677601337432861,0.6022533178329468,0.8821972012519836,-0.28229278326034546,0.005024866666644812,6.431786914617987e-06,0.042881689965724945,1.6956306100381322,0.6116987482472025,0.8987227010112273,-0.28708634454611737,0.005308021944867917,1.3362056780671761e-06,,,,,,,,,,,,
1.88,grasp,,,,,,,,,,,,,,,,,,,,,1.7021703720092773,0.626946210861206,0.903270423412323,-0.27866053581237793,0.005137155763804913,4.095184522157069e-06,0.042881689965724945,1.738740164487884,0.652682338033123,0.9276590050423622,-0.2747794676953324,0.005250236967618652,1.5104409014321374e-06,,,,,,,,,,,,
1.9,grasp,,,,,,,,,,,,,,,,,,,,,1.7199733257293701,0.6396744847297668,0.914242148399353,-0.2767886221408844,0.005075172986835241,5.631418389384635e-06,0.042881689965724945,1.738740164487884,0.652682338033123,0.9276590050423622,-0.2747794676953324,0.005250236967618652,1.5104409014321374e-06,,,,,,,,,,,,
1.92,grasp,,,,,,,,,,,,,,,,,,,,,1.7283499240875244,0.6759971976280212,0.9265081882476807,-0.2526818513870239,0.00487544946372509,5.163032710697735e-06,0.042881689965724945,1.7371805880937174,0.7141559020965895,0.9414125439478103,-0.227043137798244,0.004788247175056321,1.8416356439924663e-06,,,,,,,,,,,,
1.94,grasp,,,,,,,,,,,,,,,,,,,,,1.7326443195343018,0.6948078870773315,0.9327530264854431,-0.2402624785900116,0.004803699441254139,4.2070400922966655e-06,0.042881689965724945,1.7371805880937174,0.7141559020965895,0.9414125439478103,-0.227043137798244,0.004788247175056321,1.8416356439924663e-06,,,,,,,,,,,,
1.96,grasp,,,,,,,,,,,,,,,,,,,,,1.7346489429473877,0.7312665581703186,0.9421506524085999,-0.2132616639137268,0.004583917558193207,3.5307091366121313e-06,0.042881689965724945,1.7367752778603562,0.7694909472653975,0.9541399346258768,-0.18454709853911583,0.004381194823845828,2.1364272629412713e-06,,,,,,,,,,,,
1.98,grasp,,,,,,,,,,,,,,,,,,,,,1.735676884651184,0.7501258254051208,0.9469253420829773,-0.1993514448404312,0.004477312788367271,3.0362550660356646e-06,0.042881689965724945,1.7367752778603562,0.7694909472653975,0.9541399346258768,-0.18454709853911583,0.004381194823845828,2.1364272629412713e-06,,,,,,,,,,,,
2.0,grasp,,,,,,,,,,,,,,,,,,,,,1.7360299825668335,0.7837879061698914,0.9549409747123718,-0.17375212907791138,0.004250415600836277,2.8187118914502207e-06,0.042881689965724945,1.7364123511495568,0.8190076246785378,0.9655113810855143,-0.1465267950638711,0.004017510393133709,2.39981093071862e-06,,,,,,,,,,,,
2.02,grasp,,,,,,,,,,,,,,,,,,,,,1.7362141609191895,0.8011958003044128,0.958996593952179,-0.16056407988071442,0.004135240335017443,2.6668840291677043e-06,0.042881689965724945,1.7364123511495568,0.8190076246785378,0.9655113810855143,-0.1465267950638711,0.004017510393133709,2.39981093071862e-06,,,,,,,,,,,,
2.04,grasp,,,,,,,,,,,,,,,,,,,,,1.7361574172973633,0.831195592880249,0.9659899473190308,-0.13757732510566711,0.003922326490283012,2.674886445674929e-06,0.042881689965724945,1.7360931117183935,0.8625030657450153,0.9755002842081559,-0.11312823353409722,0.0036980444762370265,2.631168339352398e-06,,,,,,,,,,,,
2.06,grasp,,,,,,,,,,,,,,,,,,,,,1.7361295223236084,0.846708357334137,0.9695148468017578,-0.125735342502594,0.0038130562752485275,2.667713488335721e-06,0.042881689965724945,1.7360931117183935,0.8625030657450153,0.9755002842081559,-0.11312823353409722,0.0036980444762370265,2.631168339352398e-06,,,,,,,,,,,,
2.08,grasp,,,,,,,,,,,,,,,,,,,,,1.7359821796417236,0.872772753238678,0.9755677580833435,-0.1057158038020134,0.003623875556513667,2.754438582996954e-06,0.042881689965724945,1.7358179106135385,0.8998826905163954,0.984094135447374,-0.08441970381917872,0.003423203500568473,2.830212119992876e-06,,,,,,,,,,,,
2.1,grasp,,,,,,,,,,,,,,,,,,,,,1.735905408859253,0.8862500190734863,0.9786091446876526,-0.09540240466594696,0.00352648226544261,2.7955070436291862e-06,0.042881689965724945,1.7358179106135385,0.8998826905163954,0.984094135447374,-0.08441970381917872,0.003423203500568473,2.830212119992876e-06,,,,,,,,,,,,
2.12,grasp,,,,,,,,,,,,,,,,,,,,,1.7357549667358398,0.9083179831504822,0.9837421774864197,-0.07843589037656784,0.00336464517749846,2.897151262004627e-06,0.042881689965724945,1.73558670999921,0.9311679817412964,0.9913011638635406,-0.060384063604240916,0.0031927156528359555,2.997133155240856e-06,,,,,,,,,,,,
2.14,grasp,,,,,,,,,,,,,,,,,,,,,1.7356761693954468,0.9197282791137695,0.9863152503967285,-0.06969530135393143,0.0032813427969813347,2.9462992188200587e-06,0.042881689965724945,1.73558670999921,0.9311679817412964,0.9913011638635406,-0.060384063604240916,0.0031927156528359555,2.997133155240856e-06,,,,,,,,,,,,
2.16,grasp,,,,,,,,,,,,,,,,,,,,,1.7355458736419678,0.9378543496131897,0.9905470609664917,-0.05575145035982132,0.003147619077935815,3.0391522614081623e-06,0.042881689965724945,1.7353988441086095,0.9565052659073993,0.9971552214308973,-0.04091180381997857,0.003005497243302589,3.132715324879974e-06,,,,,,,,,,,,
2.18,grasp,,,,,,,,,,,,,,,,,,,,,1.735477089881897,0.9472261667251587,0.9926655292510986,-0.04856805130839348,0.0030788045842200518,3.084079708060017e-06,0.042881689965724945,1.7353988441086095,0.9565052659073993,0.9971552214308973,-0.04091180381997857,0.003005497243302589,3.132715324879974e-06,,,,,,,,,,,,
2.2,grasp,,,,,,,,,,,,,,,,,,,,,1.7353719472885132,0.9615606069564819,0.9960286021232605,-0.037536222487688065,0.002972518326714635,3.160934511470259e-06,0.042881689965724945,1.7352522502336953,0.9761727660534357,1.0017183800771223,-0.02579118501160726,0.002859563598591659,3.2383976251022512e-06,,,,,,,,,,,,
2.22,grasp,,,,,,,,,,,,,,,,,,,,,1.7353163957595825,0.9689717292785645,0.9977111220359802,-0.031852975487709045,0.002917839912697673,3.1977710932551417e-06,0.042881689965724945,1.7352522502336953,0.9761727660534357,1.0017183800771223,-0.02579118501160726,0.002859563598591659,3.2383976251022512e-06,,,,,,,,,,,,
2.24,grasp,,,,,,,,,,,,,,,,,,,,,1.7352359294891357,0.9797567129135132,1.0002576112747192,-0.023548224940896034,0.0028374018147587776,3.257130401834729e-06,0.042881689965724945,1.7351440719939586,0.9905899477475664,1.0050833046951813,-0.014701276961106872,0.0027519481971825708,3.316331298871972e-06,,,,,,,,,,,,
2.2600000000000002,grasp,,,,,,,,,,,,,,,,,,,,,1.7351926565170288,0.9853322505950928,1.0015325546264648,-0.019269827753305435,0.00279603386297822,3.2854534310899908e-06,0.042881689965724945,1.7351440719939586,0.9905899477475664,1.0050833046951813,-0.014701276961106872,0.0027519481971825708,3.316331298871972e-06,,,,,,,,,,,,
2.2800000000000002,grasp,,,,,,,,,,,,,,,,,,,,,1.7351348400115967,0.9929078817367554,1.0033390522003174,-0.013430440798401833,0.002739010378718376,3.32789272761147e-06,0.042881689965724945,1.7350701111254283,1.0003244641405629,1.0073809940203244,-0.00720354906396877,0.00267846712219336,3.3695468349456512e-06,,,,,,,,,,,,
2.3000000000000003,grasp,,,,,,,,,,,,,,,,,,,,,1.7351053953170776,0.9968231320381165,1.004245400428772,-0.010422073304653168,0.002709686756134033,3.3478640943940263e-06,0.042881689965724945,1.7350701111254283,1.0003244641405629,1.0073809940203244,-0.00720354906396877,0.00267846712219336,3.3695468349456512e-06,,,,,,,,,,,,
2.3200000000000003,grasp,,,,,,,,,,,,,,,,,,,,,1.7350680828094482,1.0016320943832397,1.0054121017456055,-0.0067067439667880535,0.0026728843804448843,3.3757514756871387e-06,0.042881689965724945,1.7350253940292093,1.00610512271331,1.0087754072010704,-0.002737278825498731,0.0026338698432622583,3.401845367958304e-06,,,,,,,,,,,,
2.3400000000000003,grasp,,,,,,,,,,,,,,,,,,,,,1.735048532485962,1.0041162967681885,1.0059999227523804,-0.004792566876858473,0.002653961768373847,3.388852974239853e-06,0.042881689965724945,1.7350253940292093,1.00610512271331,1.0087754072010704,-0.002737278825498731,0.0026338698432622583,3.401845367958304e-06,,,,,,,,,,,,
2.36,grasp,,,,,,,,,,,,,,,,,,,,,1.7350289821624756,1.006717324256897,1.0066405534744263,-0.002779286354780197,0.0026337914168834686,3.4041961498587625e-06,0.042881689965724945,1.7350038775820087,1.0088414056396822,1.0094443384012897,-0.0006189220328559984,0.0026124774310464917,3.4173384359995434e-06,,,,,,,,,,,,
2.38,grasp,,,,,,,,,,,,,,,,,,,,,1.7350177764892578,1.0080599784851074,1.0069652795791626,-0.0017419214127585292,0.0026234169490635395,3.4116355891455896e-06,0.042881689965724945,1.7350038775820087,1.0088414056396822,1.0094443384012897,-0.0006189220328559984,0.0026124774310464917,3.4173384359995434e-06,,,,,,,,,,,,
2.4,grasp,,,,,,,,,,,,,,,,,,,,,1.7350096702575684,1.0091224908828735,1.0072298049926758,-0.0009183511137962341,0.0026151095516979694,3.4183099160145503e-06,0.042881689965724945,1.7349977842820703,1.009610995494914,1.0096331119207913,-2.279515939520884e-05,0.002606439514560125,3.4217112811225156e-06,,,,,,,,,,,,
2.42,grasp,,,,,,,,,,,,,,,,,,,,,1.7350038290023804,1.0096737146377563,1.0073662996292114,-0.0004938600468449295,0.0026108548045158386,3.421463588892948e-06,0.042881689965724945,1.7349977842820703,1.009610995494914,1.0096331119207913,-2.279515939520884e-05,0.002606439514560125,3.4217112811225156e-06,,,,,,,,,,,,
2.420656224296764,grasp,,,,,,,,,,,,,,,,,,,,,1.7350033521652222,1.00998055934906,1.007442831993103,-0.00026227926719002426,0.0026085302233695984,3.423055886742077e-06,0.042881689965724945,1.7349975109100342,1.009644865989685,1.009641408920288,3.4452336876711342e-06,0.0026061737444251776,3.421903784328606e-06,,,,,,,,,,,,
2.420656224296764,grasp,,,,,,,,,,,,,,,,,,,,,,,,,,,0.04300001263618469,,,,,,,0.0,,,,,,,,,,,
2.440656224296764,grasp,,,,,,,,,,,,,,,,,,,,,,,,,,,0.04299618676304817,,,,,,,0.0,,,,,,,,,,,
2.460656224296764,grasp,,,,,,,,,,,,,,,,,,,,,,,,,,,0.04296085610985756,,,,,,,0.0,,,,,,,,,,,
2.480656224296764,grasp,,,,,,,,,,,,,,,,,,,,,,,,,,,0.04285678081214428,,,,,,,0.0,,,,,,,,,,,
2.500656224296764,grasp,,,,,,,,,,,,,,,,,,,,,,,,,,,0.0426457691937685,,,,,,,0.0,,,,,,,,,,,
2.520656224296764,grasp,,,,,,,,,,,,,,,,,,,,,,,,,,,0.042293911799788475,,,,,,,0.0,,,,,,,,,,,
2.540656224296764,grasp,,,,,,,,,,,,,,,,,,,,,,,,,,,0.04177376627922058,,,,,,,0.0,,,,,,,,,,,
2.560656224296764,grasp,,,,,,,,,,,,,,,,,,,,,,,,,,,0.04106526076793671,,,,,,,0.0,,,,,,,,,,,
2.580656224296764,grasp,,,,,,,,,,,,,,,,,,,,,,,,,,,0.040155770257115364,,,,,,,0.0,,,,,,,,,,,
2.600656224296764,grasp,,,,,,,,,,,,,,,,,,,,,,,,,,,0.03903980366885662,,,,,,,0.0,,,,,,,,,,,
2.620656224296764,grasp,,,,,,,,,,,,,,,,,,,,,,,,,,,0.03771841153502464,,,,,,,0.0,,,,,,,,,,,
2.640656224296764,grasp,,,,,,,,,,,,,,,,,,,,,,,,,,,0.03619886748492718,,,,,,,0.0,,,,,,,,,,,
2.6606562242967637,grasp,,,,,,,,,,,,,,,,,,,,,,,,,,,0.034493790939450264,,,,,,,0.0,,,,,,,,,,,
2.680656224296764,grasp,,,,,,,,,,,,,,,,,,,,,,,,,,,0.03262058086693287,,,,,,,0.0,,,,,,,,,,,
2.7006562242967638,grasp,,,,,,,,,,,,,,,,,,,,,,,,,,,0.03174654766917229,,,,,,,0.0,,,,,,,,,,,
2.720656224296764,grasp,,,,,,,,,,,,,,,,,,,,,,,,,,,0.03170983865857124,,,,,,,0.0,,,,,,,,,,,
2.740656224296764,grasp,,,,,,,,,,,,,,,,,,,,,,,,,,,0.03167794272303581,,,,,,,0.0,,,,,,,,,,,
2.760656224296764,grasp,,,,,,,,,,,,,,,,,,,,,,,,,,,0.03164564073085785,,,,,,,0.0,,,,,,,,,,,
2.780656224296764,grasp,,,,,,,,,,,,,,,,,,,,,,,,,,,0.03161328472197056,,,,,,,0.0,,,,,,,,,,,
2.800656224296764,grasp,,,,,,,,,,,,,,,,,,,,,,,,,,,0.031580432318151,,,,,,,0.0,,,,,,,,,,,
2.820656224296764,grasp,,,,,,,,,,,,,,,,,,,,,,,,,,,0.03155032265931368,,,,,,,0.0,,,,,,,,,,,
2.840656224296764,grasp,,,,,,,,,,,,,,,,,,,,,,,,,,,0.031521196477115154,,,,,,,0.0,,,,,,,,,,,
2.860656224296764,grasp,,,,,,,,,,,,,,,,,,,,,,,,,,,0.03149366099387407,,,,,,,0.0,,,,,,,,,,,
2.880656224296764,grasp,,,,,,,,,,,,,,,,,,,,,,,,,,,0.03146810922771692,,,,,,,0.0,,,,,,,,,,,
2.900656224296764,grasp,,,,,,,,,,,,,,,,,,,,,,,,,,,0.031444898806512356,,,,,,,0.0,,,,,,,,,,,
2.920656224296764,grasp,,,,,,,,,,,,,,,,,,,,,,,,,,,0.03142420295625925,,,,,,,0.0,,,,,,,,,,,
2.940656224296764,grasp,,,,,,,,,,,,,,,,,,,,,,,,,,,0.0314062163233757,,,,,,,0.0,,,,,,,,,,,
2.960656224296764,grasp,,,,,,,,,,,,,,,,,,,,,,,,,,,0.031391133554279804,,,,,,,0.0,,,,,,,,,,,
2.980656224296764,grasp,,,,,,,,,,,,,,,,,,,,,,,,,,,0.03137894906103611,,,,,,,0.0,,,,,,,,,,,
3.000656224296764,grasp,,,,,,,,,,,,,,,,,,,,,,,,,,,0.03136956226080656,,,,,,,0.0,,,,,,,,,,,
3.020656224296764,grasp,,,,,,,,,,,,,,,,,,,,,,,,,,,0.03136278409510851,,,,,,,0.0,,,,,,,,,,,
3.040656224296764,grasp,,,,,,,,,,,,,,,,,,,,,,,,,,,0.03135837987065315,,,,,,,0.0,,,,,,,,,,,
3.060656224296764,grasp,,,,,,,,,,,,,,,,,,,,,,,,,,,0.03135604225099087,,,,,,,0.0,,,,,,,,,,,
3.080656224296764,grasp,,,,,,,,,,,,,,,,,,,,,,,,,,,0.031355101615190506,,,,,,,0.0,,,,,,,,,,,
3.100656224296764,grasp,,,,,,,,,,,,,,,,,,,,,,,,,,,0.031354961916804314,,,,,,,0.0,,,,,,,,,,,
3.100656224296764,grasp,,,,,,,,,,,,,,,,,,,,,1.7344356775283813,1.0102771520614624,1.0080831050872803,-3.0300448997877538e-05,0.0043231649324297905,0.006360878236591816,0.031354961916804314,1.7349975109100342,1.009644865989685,1.009641408920288,3.4452336876711342e-06,0.0026061737444251776,3.421903784328606e-06,,,,,,,,,,,,
3.120656224296764,grasp,,,,,,,,,,,,,,,,,,,,,1.7344528436660767,1.0102647542953491,1.00806725025177,-2.886873517127242e-05,0.004265414550900459,0.006093903444707394,0.031354961916804314,1.7349975109100342,1.009644865989685,1.009641408920288,3.4452336876711342e-06,0.0026061737444251776,3.421903784328606e-06,,,,,,,,,,,,
3.140656224296764,grasp,,,,,,,,,,,,,,,,,,,,,1.7344614267349243,1.0102025270462036,1.0080336332321167,-7.344481127802283e-05,0.0042364089749753475,0.005956382490694523,0.031354961916804314,1.7349984866521149,1.009524026311835,1.0096118087057613,-9.017288230998652e-05,0.0026071219335520738,3.4212169878677093e-06,,,,,,,,,,,,
3.160656224296764,grasp,,,,,,,,,,,,,,,,,,,,,1.734465479850769,1.010170817375183,1.008015751838684,-9.633129957364872e-05,0.004220780450850725,0.005885531660169363,0.031354961916804314,1.7349984866521149,1.009524026311835,1.0096118087057613,-9.017288230998652e-05,0.0026071219335520738,3.4212169878677093e-06,,,,,,,,,,,,
3.180656224296764,grasp,,,,,,,,,,,,,,,,,,,,,1.7344666719436646,1.009773850440979,1.0078338384628296,-0.0004160238604526967,0.004218052141368389,0.005849246401339769,0.031354961916804314,1.7350049507749234,1.0087052622686674,1.0094109213597862,-0.0007243803200536289,0.002613545881459188,3.416564656935189e-06,,,,,,,,,,,,
3.200656224296764,grasp,,,,,,,,,,,,,,,,,,,,,1.7344669103622437,1.0095727443695068,1.0077332258224487,-0.0005806057597510517,0.004205984529107809,0.005830642767250538,0.031354961916804314,1.7350049507749234,1.0087052622686674,1.0094109213597862,-0.0007243803200536289,0.002613545881459188,3.416564656935189e-06,,,,,,,,,,,,
3.2206562242967642,grasp,,,,,,,,,,,,,,,,,,,,,1.7345147132873535,1.00845205783844,1.007326602935791,-0.0014706351794302464,0.004131491761654615,0.005823500920087099,0.031354961916804314,1.735021807482671,1.0065623055487962,1.008886907468396,-0.002383463508847706,0.0026303038450118405,3.404427997767142e-06,,,,,,,,,,,,
3.2406562242967643,grasp,,,,,,,,,,,,,,,,,,,,,1.7345370054244995,1.0078765153884888,1.0071293115615845,-0.0019285943126305938,0.004083315376192331,0.005820174235850573,0.031354961916804314,1.735021807482671,1.0065623055487962,1.008886907468396,-0.002383463508847706,0.0026303038450118405,3.404427997767142e-06,,,,,,,,,,,,
3.2606562242967643,grasp,,,,,,,,,,,,,,,,,,,,,1.7346352338790894,1.0056469440460205,1.0065693855285645,-0.0036699643824249506,0.003889303421601653,0.005831528455018997,0.031354961916804314,1.73505302971104,1.0025420496734447,1.007913902212761,-0.005491157068173633,0.0026614231811808568,3.3818904480819227e-06,,,,,,,,,,,,
3.2806562242967643,grasp,,,,,,,,,,,,,,,,,,,,,1.7347016334533691,1.004454493522644,1.006292700767517,-0.004570417106151581,0.0038187194149941206,0.005824157502502203,0.031354961916804314,1.73505302971104,1.0025420496734447,1.007913902212761,-0.005491157068173633,0.0026614231811808568,3.3818904480819227e-06,,,,,,,,,,,,
3.3006562242967643,grasp,,,,,,,,,,,,,,,,,,,,,1.7347795963287354,1.000820517539978,1.0051240921020508,-0.007420456502586603,0.0036594753619283438,0.005830144509673119,0.031354961916804314,1.7351018934221063,0.9961604394403568,1.0063942510647004,-0.010412427182583398,0.0027100234075866547,3.3466933964581676e-06,,,,,,,,,,,,
3.3206562242967643,grasp,,,,,,,,,,,,,,,,,,,,,1.7348370552062988,0.9989041686058044,1.0046002864837646,-0.00888962484896183,0.0035536091309040785,0.005833374802023172,0.031354961916804314,1.7351018934221063,0.9961604394403568,1.0063942510647004,-0.010412427182583398,0.0027100234075866547,3.3466933964581676e-06,,,,,,,,,,,,
3.3406562242967643,grasp,,,,,,,,,,,,,,,,,,,,,1.73496413230896,0.9935339093208313,1.0031566619873047,-0.013062801212072372,0.0033037050161510706,0.00584031268954277,0.031354961916804314,1.7351710174961017,0.9870053743188948,1.0042442948924173,-0.017459245478853785,0.0027787807808432453,3.2968992290122674e-06,,,,,,,,,,,,
3.360656224296764,grasp,,,,,,,,,,,,,,,,,,,,,1.7350581884384155,0.9907026886940002,1.0024877786636353,-0.015213527716696262,0.0031069007236510515,0.005848062224686146,0.031354961916804314,1.7351710174961017,0.9870053743188948,1.0042442948924173,-0.017459245478853785,0.0027787807808432453,3.2968992290122674e-06,,,,,,,,,,,,
3.3806562242967644,grasp,,,,,,,,,,,,,,,,,,,,,1.7351735830307007,0.9833627939224243,1.0005269050598145,-0.02089875005185604,0.0030012885108590126,0.005851110443472862,0.031354961916804314,1.7352629834912803,0.9747373763128014,1.001384469834624,-0.026894992248995574,0.002870242329507338,3.2306643008179348e-06,,,,,,,,,,,,
3.400656224296764,grasp,,,,,,,,,,,,,,,,,,,,,1.7352290153503418,0.979550302028656,0.9995859265327454,-0.023827558383345604,0.0029640388675034046,0.005853986833244562,0.031354961916804314,1.7352629834912803,0.9747373763128014,1.001384469834624,-0.026894992248995574,0.002870242329507338,3.2306643008179348e-06,,,,,,,,,,,,
3.420656224296764,grasp,,,,,,,,,,,,,,,,,,,,,1.7353107929229736,0.9700053930282593,0.9973527193069458,-0.03117230348289013,0.0030086366459727287,0.005855233408510685,0.031354961916804314,1.7353796938889647,0.9590801789348885,0.9977514861226536,-0.03893253293991826,0.002986427787679551,3.146525123237255e-06,,,,,,,,,,,,
3.440656224296764,grasp,,,,,,,,,,,,,,,,,,,,,1.7353540658950806,0.9650593996047974,0.9962621927261353,-0.03495572879910469,0.003030777908861637,0.005855476949363947,0.031354961916804314,1.7353796938889647,0.9590801789348885,0.9977514861226536,-0.03893253293991826,0.002986427787679551,3.146525123237255e-06,,,,,,,,,,,,
3.460656224296764,grasp,,,,,,,,,,,,,,,,,,,,,1.7354440689086914,0.9531992673873901,0.9934765100479126,-0.044082898646593094,0.0031127813272178173,0.005855702329427004,0.031354961916804314,1.735522671770777,0.9398181536970174,0.9932971399691297,-0.05373697760036928,0.003128882966676032,3.0433606332884276e-06,,,,,,,,,,,,
3.480656224296764,grasp,,,,,,,,,,,,,,,,,,,,,1.7354918718338013,0.9470565915107727,0.9921064376831055,-0.04878448694944382,0.0031542794313281775,0.0058556511066854,0.031354961916804314,1.735522671770777,0.9398181536970174,0.9932971399691297,-0.05373697760036928,0.003128882966676032,3.0433606332884276e-06,,,,,,,,,,,,
3.500656224296764,grasp,,,,,,,,,,,,,,,,,,,,,1.7355974912643433,0.9327600598335266,0.9887579679489136,-0.0597844123840332,0.0032588455360382795,0.005855822470039129,0.031354961916804314,1.735693009150758,0.9167937167029482,0.9879874687149107,-0.07142853592266575,0.003298689322257753,2.9203866394112387e-06,,,,,,,,,,,,
3.520656224296764,grasp,,,,,,,,,,,,,,,,,,,,,1.7356537580490112,0.9253557920455933,0.9871072173118591,-0.0654507502913475,0.0033117085695266724,0.00585568230599165,0.031354961916804314,1.735693009150758,0.9167937167029482,0.9879874687149107,-0.07142853592266575,0.003298689322257753,2.9203866394112387e-06,,,,,,,,,,,,
3.540656224296764,grasp,,,,,,,,,,,,,,,,,,,,,1.7357769012451172,0.9085409045219421,0.98317950963974,-0.07838468998670578,0.0034359523560851812,0.005855783354490995,0.031354961916804314,1.7358914325298334,0.8899044028058278,0.9817988060014391,-0.09208401740083066,0.003496610593105487,2.7770496379855442e-06,,,,,,,,,,,,
3.560656224296764,grasp,,,,,,,,,,,,,,,,,,,,,1.735842227935791,0.8998335003852844,0.9812374711036682,-0.08504736423492432,0.003498844336718321,0.0058555640280246735,0.031354961916804314,1.7358914325298334,0.8899044028058278,0.9817988060014391,-0.09208401740083066,0.003496610593105487,2.7770496379855442e-06,,,,,,,,,,,,
3.580656224296764,grasp,,,,,,,,,,,,,,,,,,,,,1.7359837293624878,0.8804543614387512,0.9767229557037354,-0.09994973242282867,0.0036420035175979137,0.005855698604136705,0.031354961916804314,1.7361181278765518,0.8591007246416431,0.9747188074064227,-0.1157408558920803,0.0037230370919630385,2.613068528962558e-06,,,,,,,,,,,,
3.600656224296764,grasp,,,,,,,,,,,,,,,,,,,,,1.7360589504241943,0.8704202771186829,0.9744821190834045,-0.10762651264667511,0.003714625956490636,0.0058554597198963165,0.031354961916804314,1.7361181278765518,0.8591007246416431,0.9747188074064227,-0.1157408558920803,0.0037230370919630385,2.613068528962558e-06,,,,,,,,,,,,
3.620656224296764,grasp,,,,,,,,,,,,,,,,,,,,,1.736219048500061,0.8484647274017334,0.9693796634674072,-0.12450655549764633,0.0038766125217080116,0.005855667870491743,0.031354961916804314,1.736372953803469,0.824383100630696,0.9667456375808974,-0.1423993613305934,0.003978035940688717,2.4283983047409278e-06,,,,,,,,,,,,
3.640656224296764,grasp,,,,,,,,,,,,,,,,,,,,,1.736303687095642,0.8370983600616455,0.966836154460907,-0.13320225477218628,0.003958988003432751,0.005855377297848463,0.031354961916804314,1.736372953803469,0.824383100630696,0.9667456375808974,-0.1423993613305934,0.003978035940688717,2.4283983047409278e-06,,,,,,,,,,,,
3.660656224296764,grasp,,,,,,,,,,,,,,,,,,,,,1.7364822626113892,0.812585711479187,0.961151123046875,-0.15204565227031708,0.004139589611440897,0.005855592433363199,0.031354961916804314,1.7366558329798878,0.7857990588543919,0.9578859904048291,-0.17202498101011007,0.004261388250311513,2.2231933700132214e-06,,,,,,,,,,,,
3.680656224296764,grasp,,,,,,,,,,,,,,,,,,,,,1.7365761995315552,0.7998971343040466,0.9583036303520203,-0.16175293922424316,0.004231802187860012,0.005855284631252289,0.031354961916804314,1.7366558329798878,0.7857990588543919,0.9578859904048291,-0.17202498101011007,0.004261388250311513,2.2231933700132214e-06,,,,,,,,,,,,
3.700656224296764,grasp,,,,,,,,,,,,,,,,,,,,,1.7367725372314453,0.7728769779205322,0.9520469307899475,-0.18252360820770264,0.004430863074958324,0.005855513270944357,0.031354961916804314,1.73696594369081,0.74344091596863,0.9481525450325615,-0.20455101970722722,0.004572685836858773,1.9977456873810668e-06,,,,,,,,,,,,
3.7206562242967642,grasp,,,,,,,,,,,,,,,,,,,,,1.736876130104065,0.7588925361633301,0.9488962888717651,-0.19322384893894196,0.004532612860202789,0.005855137947946787,0.031354961916804314,1.73696594369081,0.74344091596863,0.9481525450325615,-0.20455101970722722,0.004572685836858773,1.9977456873810668e-06,,,,,,,,,,,,
3.7406562242967643,grasp,,,,,,,,,,,,,,,,,,,,,1.737090826034546,0.729444146156311,0.9420791268348694,-0.2158655822277069,0.004749895539134741,0.005855422001332045,0.031354961916804314,1.7373032443616585,0.6974442708908734,0.9375583778765918,-0.23988147597072124,0.004911516567221343,1.7523659381615589e-06,,,,,,,,,,,,
3.7606562242967643,grasp,,,,,,,,,,,,,,,,,,,,,1.7372032403945923,0.7142041325569153,0.938626766204834,-0.2275298535823822,0.004861131310462952,0.005855036433786154,0.031354961916804314,1.7373032443616585,0.6974442708908734,0.9375583778765918,-0.23988147597072124,0.004911516567221343,1.7523659381615589e-06,,,,,,,,,,,,
3.7806562242967643,grasp,,,,,,,,,,,,,,,,,,,,,1.7373963594436646,0.6824586391448975,0.9312348961830139,-0.251932293176651,0.005095609929412603,0.005855326075106859,0.031354961916804314,1.7375861489019961,0.6480383673493627,0.926059529929882,-0.2778194193750863,0.005277646647853848,1.4869664815268867e-06,,,,,,,,,,,,
3.8006562242967643,grasp,,,,,,,,,,,,,,,,,,,,,1.7374964952468872,0.6660317182540894,0.927467405796051,-0.26450392603874207,0.005217073019593954,0.0058548604138195515,0.031354961916804314,1.7375861489019961,0.6480383673493627,0.926059529929882,-0.2778194193750863,0.005277646647853848,1.4869664815268867e-06,,,,,,,,,,,,
3.820656224296764,grasp,,,,,,,,,,,,,,,,,,,,,1.7212295532226562,0.6415547728538513,0.9144595861434937,-0.2760007977485657,0.0050889053381979465,0.005861189682036638,0.031354961916804314,1.703723064085541,0.6149630989372378,0.9030909407611932,-0.2881730110130287,0.005330504069643031,1.3446694696026122e-06,,,,,,,,,,,,
3.8406562242967643,grasp,,,,,,,,,,,,,,,,,,,,,1.7126768827438354,0.6289558410644531,0.9076014161109924,-0.2819242477416992,0.005420103203505278,0.00585151556879282,0.031354961916804314,1.703723064085541,0.6149630989372378,0.9030909407611932,-0.2881730110130287,0.005330504069643031,1.3446694696026122e-06,,,,,,,,,,,,
3.860656224296764,grasp,,,,,,,,,,,,,,,,,,,,,1.6795250177383423,0.6120771169662476,0.8889596462249756,-0.28008022904396057,0.0050300778821110725,0.0058601428754627705,0.031354961916804314,1.6440320890080626,0.5935922382492743,0.8715433524020527,-0.2780742367222294,0.005143688761470453,1.2975244856867835e-06,,,,,,,,,,,,
3.8806562242967644,grasp,,,,,,,,,,,,,,,,,,,,,1.6621809005737305,0.6034430861473083,0.879085898399353,-0.27913039922714233,0.005466590169817209,0.005843977443873882,0.031354961916804314,1.6440320890080626,0.5935922382492743,0.8715433524020527,-0.2780742367222294,0.005143688761470453,1.2975244856867835e-06,,,,,,,,,,,,
3.900656224296764,grasp,,,,,,,,,,,,,,,,,,,,,1.6230899095535278,0.5880680680274963,0.8581871390342712,-0.2735014259815216,0.00502769136801362,0.005853275768458843,0.031354961916804314,1.5813562897758975,0.5711524729546287,0.8384217873321831,-0.26747251153035334,0.00494757039493152,1.2480309386202602e-06,,,,,,,,,,,,
3.9206562242967644,grasp,,,,,,,,,,,,,,,,,,,,,1.6027026176452637,0.5802030563354492,0.8471548557281494,-0.2706020176410675,0.005420667584985495,0.0058381143026053905,0.031354961916804314,1.5813562897758975,0.5711524729546287,0.8384217873321831,-0.26747251153035334,0.00494757039493152,1.2480309386202602e-06,,,,,,,,,,,,
3.940656224296764,grasp,,,,,,,,,,,,,,,,,,,,,1.5607548952102661,0.5647506713867188,0.8249924778938293,-0.2637483477592468,0.004918219987303019,0.005849006585776806,0.031354961916804314,1.516001681488943,0.5477508359065889,0.8038843600267956,-0.25641841114646585,0.004743083365755016,1.1964252283068592e-06,,,,,,,,,,,,
3.960656224296764,grasp,,,,,,,,,,,,,,,,,,,,,1.5388981103897095,0.5568472146987915,0.8133000135421753,-0.26021823287010193,0.005287391599267721,0.005835209507495165,0.031354961916804314,1.516001681488943,0.5477508359065889,0.8038843600267956,-0.25641841114646585,0.004743083365755016,1.1964252283068592e-06,,,,,,,,,,,,
3.980656224296764,grasp,,,,,,,,,,,,,,,,,,,,,1.495056390762329,0.5409608483314514,0.790209949016571,-0.25284692645072937,0.004748367238789797,0.0058473097160458565,0.031354961916804314,1.4482962245151254,0.5235036631292294,0.7681034098091355,-0.24496719922920934,0.00453125227411161,1.1429660842000928e-06,,,,,,,,,,,,
4.0006562242967645,grasp,,,,,,,,,,,,,,,,,,,,,1.4722250699996948,0.5328366160392761,0.7780280113220215,-0.24905022978782654,0.0051109022460877895,0.005833587609231472,0.031354961916804314,1.4482962245151254,0.5235036631292294,0.7681034098091355,-0.24496719922920934,0.00453125227411161,1.1429660842000928e-06,,,,,,,,,,,,
4.020656224296764,grasp,,,,,,,,,,,,,,,,,,,,,1.4269100427627563,0.5164832472801208,0.7541836500167847,-0.24137763679027557,0.004550658632069826,0.005846561398357153,0.031354961916804314,1.3785880099225698,0.49853445437200783,0.7312619341257954,-0.23317764166577432,0.004313161231652745,1.0879274615234615e-06,,,,,,,,,,,,
4.0406562242967645,grasp,,,,,,,,,,,,,,,,,,,,,1.4033215045928955,0.5081218481063843,0.7416024804115295,-0.23742572963237762,0.0049128751270473,0.005832528695464134,0.031354961916804314,1.3785880099225698,0.49853445437200783,0.7312619341257954,-0.23317764166577432,0.004313161231652745,1.0879274615234615e-06,,,,,,,,,,,,
4.060656224296764,grasp,,,,,,,,,,,,,,,,,,,,,1.356819987297058,0.4913557469844818,0.7171416282653809,-0.22953887283802032,0.004339815117418766,0.005845887586474419,0.031354961916804314,1.3072419012833472,0.47297288438680346,0.6935519982869743,-0.22111133476267186,0.004089950090628354,1.0315966926713779e-06,,,,,,,,,,,,
4.080656224296764,grasp,,,,,,,,,,,,,,,,,,,,,1.3326236009597778,0.4827847182750702,0.7042328715324402,-0.22547677159309387,0.004702819045633078,0.005831829272210598,0.031354961916804314,1.3072419012833472,0.47297288438680346,0.6935519982869743,-0.22111133476267186,0.004089950090628354,1.0315966926713779e-06,,,,,,,,,,,,
4.100656224296764,grasp,,,,,,,,,,,,,,,,,,,,,1.2851955890655518,0.46568652987480164,0.679287850856781,-0.21742980182170868,0.00412170123308897,0.005845330189913511,0.031354961916804314,1.2346361654488804,0.44695398083818233,0.6551730034941664,-0.20883218779816543,0.003862800938285548,9.74272350952624e-07,,,,,,,,,,,,
4.120656224296765,grasp,,,,,,,,,,,,,,,,,,,,,1.2605260610580444,0.4569472372531891,0.6661208868026733,-0.21328537166118622,0.00448464835062623,0.005831344518810511,0.031354961916804314,1.2346361654488804,0.44695398083818233,0.6551730034941664,-0.20883218779816543,0.003862800938285548,9.74272350952624e-07,,,,,,,,,,,,
4.140656224296764,grasp,,,,,,,,,,,,,,,,,,,,,1.2124274969100952,0.4396050274372101,0.6408249735832214,-0.20512455701828003,0.003898930735886097,0.005844923201948404,0.031354961916804314,1.1611597899346142,0.4206157661712371,0.6163296877389521,-0.19640593525842107,0.0036329305505111405,9.162611866777255e-07,,,,,,,,,,,,
4.160656224296764,grasp,,,,,,,,,,,,,,,,,,,,,1.18741774559021,0.4307428002357483,0.6274700164794922,-0.2009214609861374,0.004260383080691099,0.00583103159442544,0.031354961916804314,1.1611597899346142,0.4206157661712371,0.6163296877389521,-0.19640593525842107,0.0036329305505111405,9.162611866777255e-07,,,,,,,,,,,,
4.180656224296764,grasp,,,,,,,,,,,,,,,,,,,,,1.1389079093933105,0.4132489860057831,0.6019592881202698,-0.1926916390657425,0.0036731420550495386,0.005844623316079378,0.031354961916804314,1.0872087329857536,0.394099138981608,0.5772306647782676,-0.18389953461796607,0.003401576991062952,8.578756926229493e-07,,,,,,,,,,,,
4.200656224296765,grasp,,,,,,,,,,,,,,,,,,,,,1.1136921644210815,0.40431085228919983,0.5884881615638733,-0.18845303356647491,0.004031656309962273,0.005830875597894192,0.031354961916804314,1.0872087329857536,0.394099138981608,0.5772306647782676,-0.18389953461796607,0.003401576991062952,8.578756926229493e-07,,,,,,,,,,,,
4.220656224296764,grasp,,,,,,,,,,,,,,,,,,,,,1.0650341510772705,0.38675886392593384,0.5629001259803772,-0.18019866943359375,0.0034457927104085684,0.00584449665620923,0.031354961916804314,1.013182571587347,0.36754692813186296,0.538086796950012,-0.1713804799136814,0.0031699894342415032,7.994310714896186e-07,,,,,,,,,,,,
4.240656224296764,grasp,,,,,,,,,,,,,,,,,,,,,1.0397484302520752,0.3777928948402405,0.5493845343589783,-0.17594747245311737,0.0037997111212462187,0.005830902606248856,0.031354961916804314,1.013182571587347,0.36754692813186296,0.538086796950012,-0.1713804799136814,0.0031699894342415032,7.994310714896186e-07,,,,,,,,,,,,
4.260656224296764,grasp,,,,,,,,,,,,,,,,,,,,,0.9912054538726807,0.36027655005455017,0.5238568782806396,-0.16771332919597626,0.0032182782888412476,0.005844463128596544,0.031354961916804314,0.9394823039677463,0.3411005500079222,0.49910885854769155,-0.15891659355927007,0.002939422445654255,7.41243868942197e-07,,,,,,,,,,,,
4.280656224296764,grasp,,,,,,,,,,,,,,,,,,,,,0.965986430644989,0.3513304591178894,0.5103699564933777,-0.1634725034236908,0.0035660434514284134,0.005831081420183182,0.031354961916804314,0.9394823039677463,0.3411005500079222,0.49910885854769155,-0.15891659355927007,0.002939422445654255,7.41243868942197e-07,,,,,,,,,,,,
4.300656224296764,grasp,,,,,,,,,,,,,,,,,,,,,0.9178215265274048,0.3339439928531647,0.4850405156612396,-0.1553030014038086,0.002991642104461789,0.005844524130225182,0.031354961916804314,0.8665049918463411,0.3149031551087899,0.46050704937950226,-0.14657495247231614,0.002711116677519574,6.836272615990404e-07,,,,,,,,,,,,
4.320656224296764,grasp,,,,,,,,,,,,,,,,,,,,,0.8928045630455017,0.32506632804870605,0.4716548025608063,-0.15109553933143616,0.0033318535424768925,0.005831411574035883,0.031354961916804314,0.8665049918463411,0.3149031551087899,0.46050704937950226,-0.14657495247231614,0.002711116677519574,6.836272615990404e-07,,,,,,,,,,,,
4.340656224296764,grasp,,,,,,,,,,,,,,,,,,,,,0.8452771306037903,0.3079019784927368,0.44665899872779846,-0.1430346667766571,0.0027673060540109873,0.005844711326062679,0.031354961916804314,0.794643625222537,0.2890924867204396,0.4224872421603763,-0.13442197715833196,0.002486300512815723,6.26891264653679e-07,,,,,,,,,,,,
4.360656224296764,grasp,,,,,,,,,,,,,,,,,,,,,0.82059645652771,0.29913944005966187,0.43344610929489136,-0.1388830691576004,0.003098641522228718,0.005831846036016941,0.031354961916804314,0.794643625222537,0.2890924867204396,0.4224872421603763,-0.13442197715833196,0.002486300512815723,6.26891264653679e-07,,,,,,,,,,,,
4.380656224296764,grasp,,,,,,,,,,,,,,,,,,,,,0.7739605903625488,0.28228896856307983,0.4089174270629883,-0.13097389042377472,0.0025464599020779133,0.005844942759722471,0.031354961916804314,0.7242799460129249,0.26380679412421054,0.38525207831085734,-0.12252228205395403,0.00226616987856379,5.713376291241919e-07,,,,,,,,,,,,
4.400656224296764,grasp,,,,,,,,,,,,,,,,,,,,,0.7497471570968628,0.27368849515914917,0.39594781398773193,-0.12690044939517975,0.0028676160145550966,0.005832427181303501,0.031354961916804314,0.7242799460129249,0.26380679412421054,0.38525207831085734,-0.12252228205395403,0.00226616987856379,5.713376291241919e-07,,,,,,,,,,,,
4.420656224296764,grasp,,,,,,,,,,,,,,,,,,,,,0.7042499780654907,0.25723934173583984,0.372015118598938,-0.11918473988771439,0.002330331364646554,0.0058450535871088505,0.031354961916804314,0.6557852957483038,0.23917646021091937,0.3489962295635404,-0.11093866323135958,0.002051887402471063,5.172596865719947e-07,,,,,,,,,,,,
4.440656224296764,grasp,,,,,,,,,,,,,,,,,,,,,0.6806316375732422,0.2488456517457962,0.35935690999031067,-0.11521083861589432,0.0026400184724479914,0.0058330451138317585,0.031354961916804314,0.6557852957483038,0.23917646021091937,0.3489962295635404,-0.11093866323135958,0.002051887402471063,5.172596865719947e-07,,,,,,,,,,,,
4.4606562242967644,grasp,,,,,,,,,,,,,,,,,,,,,0.6365103721618652,0.23288321495056152,0.33614471554756165,-0.10772877931594849,0.002120028017088771,0.005845199804753065,0.031354961916804314,0.5895140533780817,0.21532885207244418,0.31390703655517393,-0.0997309908878196,0.001844559228756778,4.6493680211600463e-07,,,,,,,,,,,,
4.480656224296764,grasp,,,,,,,,,,,,,,,,,,,,,0.613609790802002,0.22473953664302826,0.3238641023635864,-0.10387520492076874,0.002417070558294654,0.005833836738020182,0.031354961916804314,0.5895140533780817,0.21532885207244418,0.31390703655517393,-0.0997309908878196,0.001844559228756778,4.6493680211600463e-07,,,,,,,,,,,,
4.5006562242967645,grasp,,,,,,,,,,,,,,,,,,,,,0.5710902810096741,0.20934483408927917,0.3014903664588928,-0.09666498750448227,0.0019166732672601938,0.005845300387591124,0.031354961916804314,0.5258018755284121,0.19238409424077052,0.28016193671489703,-0.08895603663557078,0.0016452348180787813,4.1463371007116724e-07,,,,,,,,,,,,
4.520656224296764,grasp,,,,,,,,,,,,,,,,,,,,,0.5490238070487976,0.20149241387844086,0.28965044021606445,-0.09295142441987991,0.002199860755354166,0.005834702868014574,0.031354961916804314,0.5258018755284121,0.19238409424077052,0.28016193671489703,-0.08895603663557078,0.0016452348180787813,4.1463371007116724e-07,,,,,,,,,,,,
4.5406562242967645,grasp,,,,,,,,,,,,,,,,,,,,,0.508318305015564,0.18674050271511078,0.2682250142097473,-0.08604896068572998,0.0017212571110576391,0.00584584241732955,0.031354961916804314,0.46496358143756267,0.17045234182194174,0.24792563859850242,-0.07866702612563728,0.0014548990716353827,3.665990848724852e-07,,,,,,,,,,,,
4.560656224296764,grasp,,,,,,,,,,,,,,,,,,,,,0.48719528317451477,0.17921751737594604,0.25688424706459045,-0.08249382674694061,0.00198954064399004,0.005835669115185738,0.031354961916804314,0.46496358143756267,0.17045234182194174,0.24792563859850242,-0.07866702612563728,0.0014548990716353827,3.665990848724852e-07,,,,,,,,,,,,
4.580656224296764,grasp,,,,,,,,,,,,,,,,,,,,,0.44849929213523865,0.16517965495586395,0.2365105003118515,-0.07593225687742233,0.0015347948065027595,0.005846526473760605,0.031354961916804314,0.40728619440614783,0.14963883070724524,0.2173513656460103,-0.0689125122550014,0.0012744512954027654,3.210598852999421e-07,,,,,,,,,,,,
4.600656224296764,grasp,,,,,,,,,,,,,,,,,,,,,0.42842110991477966,0.1580222249031067,0.22572354972362518,-0.0725526362657547,0.001787336659617722,0.005836679600179195,0.031354961916804314,0.40728619440614783,0.14963883070724524,0.2173513656460103,-0.0689125122550014,0.0012744512954027654,3.210598852999421e-07,,,,,,,,,,,,
4.620656224296765,grasp,,,,,,,,,,,,,,,,,,,,,0.39191240072250366,0.14476197957992554,0.2064947932958603,-0.06636201590299606,0.0013583129039034247,0.005847070831805468,0.031354961916804314,0.3530297758930739,0.1300357923718788,0.18857593623378238,-0.0597364621069915,0.001104704912334249,2.782213510045302e-07,,,,,,,,,,,,
4.640656224296764,grasp,,,,,,,,,,,,,,,,,,,,,0.3729706108570099,0.13800227642059326,0.1963115781545639,-0.06317342817783356,0.0015941370511427522,0.005837667267769575,0.031354961916804314,0.3530297758930739,0.1300357923718788,0.18857593623378238,-0.0597364621069915,0.001104704912334249,2.782213510045302e-07,,,,,,,,,,,,
4.660656224296764,grasp,,,,,,,,,,,,,,,,,,,,,0.3388071656227112,0.12557534873485565,0.178310826420784,-0.057380419224500656,0.0011923178099095821,0.005847487132996321,0.031354961916804314,0.30242293043478063,0.11172328511950798,0.16171910946723825,-0.05117751461552598,0.0009463736195761032,2.3826367275433112e-07,,,,,,,,,,,,
4.680656224296764,grasp,,,,,,,,,,,,,,,,,,,,,0.3210833668708801,0.1192416325211525,0.16877542436122894,-0.054396625608205795,0.0014106828020885587,0.00583880627527833,0.031354961916804314,0.30242293043478063,0.11172328511950798,0.16171910946723825,-0.05117751461552598,0.0009463736195761032,2.3826367275433112e-07,,,,,,,,,,,,
4.700656224296765,grasp,,,,,,,,,,,,,,,,,,,,,0.28939974308013916,0.10769819468259811,0.15207050740718842,-0.0490240678191185,0.0010376004502177238,0.005847949534654617,0.031354961916804314,0.255657167864736,0.09477239626564864,0.13688351581150995,-0.043268050659569283,0.0008000565330459926,2.013379836907768e-07,,,,,,,,,,,,
4.720656224296764,grasp,,,,,,,,,,,,,,,,,,,,,0.2729635536670685,0.1018156036734581,0.1432202309370041,-0.046256840229034424,0.0012378718238323927,0.0058400011621415615,0.031354961916804314,0.255657167864736,0.09477239626564864,0.13688351581150995,-0.043268050659569283,0.0008000565330459926,2.013379836907768e-07,,,,,,,,,,,,
4.740656224296764,grasp,,,,,,,,,,,,,,,,,,,,,0.2438703030347824,0.09119508415460587,0.12787291407585144,-0.04132339730858803,0.0008948986069299281,0.00584836071357131,0.031354961916804314,0.212886587500104,0.07923890879908295,0.11415077711343964,-0.03603412678395314,0.0006662358612064515,1.6756599745787874e-07,,,,,,,,,,,,
4.760656224296764,grasp,,,,,,,,,,,,,,,,,,,,,0.22877882421016693,0.08578342944383621,0.11974065750837326,-0.03878235071897507,0.001076212734915316,0.00584120349958539,0.031354961916804314,0.212886587500104,0.07923890879908295,0.11415077711343964,-0.03603412678395314,0.0006662358612064515,1.6756599745787874e-07,,,,,,,,,,,,
4.780656224296764,grasp,,,,,,,,,,,,,,,,,,,,,0.20235972106456757,0.07611750066280365,0.10579061508178711,-0.03430219739675522,0.0007640825351700187,0.0058488366194069386,0.031354961916804314,0.17422371314986043,0.06516357821170499,0.09358059285961243,-0.02949475824951376,0.0005452636962757355,1.3703658738672954e-07,,,,,,,,,,,,
4.800656224296764,grasp,,,,,,,,,,,,,,,,,,,,,0.1886560618877411,0.07119262963533401,0.09839850664138794,-0.031994640827178955,0.0009263608953915536,0.005842407699674368,0.031354961916804314,0.17422371314986043,0.06516357821170499,0.09358059285961243,-0.02949475824951376,0.0005452636962757355,1.3703658738672954e-07,,,,,,,,,,,,
4.820656224296764,grasp,,,,,,,,,,,,,,,,,,,,,0.1649661362171173,0.06250006705522537,0.08587788790464401,-0.027977151796221733,0.0006459783762693405,0.005849249195307493,0.031354961916804314,0.13973653074706036,0.05257012496968586,0.07520904894894952,-0.02366144373460361,0.0004373529308823526,1.0980346381438007e-07,,,,,,,,,,,,
4.840656224296764,grasp,,,,,,,,,,,,,,,,,,,,,0.1526789516210556,0.05807141959667206,0.07924281060695648,-0.025907913222908974,0.0007889249245636165,0.005843542981892824,0.031354961916804314,0.13973653074706036,0.05257012496968586,0.07520904894894952,-0.02366144373460361,0.0004373529308823526,1.0980346381438007e-07,,,,,,,,,,,,
4.860656224296764,grasp,,,,,,,,,,,,,,,,,,,,,0.1317412108182907,0.050363689661026,0.0681634172797203,-0.022356953471899033,0.0005403848481364548,0.005849679931998253,0.031354961916804314,0.10944199857642758,0.04147015902858268,0.059048982733650786,-0.018537074298352434,0.00034255695569736667,8.588009080374482e-08,,,,,,,,,,,,
4.880656224296764,grasp,,,,,,,,,,,,,,,,,,,,,0.12088213860988617,0.04643675312399864,0.06229274347424507,-0.020528018474578857,0.0006640158826485276,0.005844715517014265,0.031354961916804314,0.10944199857642758,0.04147015902858268,0.059048982733650786,-0.018537074298352434,0.00034255695569736667,8.588009080374482e-08,,,,,,,,,,,,
4.900656224296764,grasp,,,,,,,,,,,,,,,,,,,,,0.10268726944923401,0.03971150889992714,0.05265026539564133,-0.017442047595977783,0.000447424448793754,0.005850041750818491,0.031354961916804314,0.08330856602024601,0.031852897110828574,0.045083397819648034,-0.01411631605521791,0.0002607772020127438,6.52415699500687e-08,,,,,,,,,,,,
4.920656224296764,grasp,,,,,,,,,,,,,,,,,,,,,0.09325151145458221,0.03628498315811157,0.04754173383116722,-0.015852592885494232,0.0005520334234461188,0.005845821462571621,0.031354961916804314,0.08330856602024601,0.031852897110828574,0.045083397819648034,-0.01411631605521791,0.0002607772020127438,6.52415699500687e-08,,,,,,,,,,,,
4.940656224296764,grasp,,,,,,,,,,,,,,,,,,,,,0.0777566134929657,0.030525462701916695,0.03931146860122681,-0.013224317692220211,0.0003669081488624215,0.005850313697010279,0.031354961916804314,0.06125245762566641,0.023685016399753657,0.03326402273954948,-0.010384976609743768,0.00019175101409120627,4.782162876890202e-08,,,,,,,,,,,,
4.9606562242967644,grasp,,,,,,,,,,,,,,,,,,,,,0.06972187012434006,0.02759046107530594,0.0349530465900898,-0.011870590038597584,0.0004529854340944439,0.005846897605806589,0.031354961916804314,0.06125245762566641,0.023685016399753657,0.03326402273954948,-0.010384976609743768,0.00019175101409120627,4.782162876890202e-08,,,,,,,,,,,,
4.980656224296764,grasp,,,,,,,,,,,,,,,,,,,,,0.056845519691705704,0.02276865765452385,0.028090793639421463,-0.009686228819191456,0.0002983331505674869,0.005850669462233782,0.031354961916804314,0.043129000786831385,0.016917273401669316,0.02351466620103075,-0.007318601674770394,0.00013502602073911635,3.350609803388256e-08,,,,,,,,,,,,
5.0006562242967645,grasp,,,,,,,,,,,,,,,,,,,,,0.05016937479376793,0.0203111469745636,0.024458004161715508,-0.008561146445572376,0.0003666539560072124,0.005847910884767771,0.031354961916804314,0.043129000786831385,0.016917273401669316,0.02351466620103075,-0.007318601674770394,0.00013502602073911635,3.350609803388256e-08,,,,,,,,,,,,
5.020656224296764,grasp,,,,,,,,,,,,,,,,,,,,,0.03978709504008293,0.01638980023562908,0.01890396513044834,-0.006799609865993261,0.0002411740570096299,0.005851041525602341,0.031354961916804314,0.02872542332321212,0.011489136278112894,0.015732857006373994,-0.004881304349895475,8.99383187611107e-05,2.2127434659182102e-08,,,,,,,,,,,,
5.0406562242967645,grasp,,,,,,,,,,,,,,,,,,,,,0.03440489619970322,0.014390747994184494,0.015965308994054794,-0.0058923265896737576,0.00029312603874132037,0.005848858039826155,0.031354961916804314,0.02872542332321212,0.011489136278112894,0.015732857006373994,-0.004881304349895475,8.99383187611107e-05,2.2127434659182102e-08,,,,,,,,,,,,
5.060656224296764,grasp,,,,,,,,,,,,,,,,,,,,,0.02634810097515583,0.01132133137434721,0.011639264412224293,-0.004525121301412582,0.0001948594581335783,0.005851241294294596,0.031354961916804314,0.017761606864159337,0.007321130635698126,0.009784844201587274,-0.003025844007744441,5.561402429114739e-05,1.3465099597184058e-08,,,,,,,,,,,,
5.080656224296764,grasp,,,,,,,,,,,,,,,,,,,,,0.02217232435941696,0.009755919687449932,0.009352214634418488,-0.003820938989520073,0.0002317471953574568,0.005849697161465883,0.031354961916804314,0.017761606864159337,0.007321130635698126,0.009784844201587274,-0.003025844007744441,5.561402429114739e-05,1.3465099597184058e-08,,,,,,,,,,,,
5.100656224296764,grasp,,,,,,,,,,,,,,,,,,,,,0.016226915642619133,0.007477195467799902,0.006151129025965929,-0.0028118854388594627,0.00015833227371331304,0.005851517431437969,0.031354961916804314,0.009887437620659387,0.004312949039350762,0.005502987015009812,-0.0016931698614961646,3.0960777220780046e-05,7.24342182084291e-09,,,,,,,,,,,,
5.120656224296765,grasp,,,,,,,,,,,,,,,,,,,,,0.013146372511982918,0.006313992664217949,0.00446087634190917,-0.002292173681780696,0.00018204835942015052,0.005850525572896004,0.031354961916804314,0.009887437620659387,0.004312949039350762,0.005502987015009812,-0.0016931698614961646,3.0960777220780046e-05,7.24342182084291e-09,,,,,,,,,,,,
5.140656224296764,grasp,,,,,,,,,,,,,,,,,,,,,0.009056388400495052,0.004741216544061899,0.0022559843491762877,-0.0015979267191141844,0.00013056295574642718,0.005851723253726959,0.031354961916804314,0.0046911640941538066,0.0023241641821862475,0.0026748520330497267,-0.0008136973552296419,1.469134101425485e-05,3.1375450785173815e-09,,,,,,,,,,,,
5.160656224296764,grasp,,,,,,,,,,,,,,,,,,,,,0.0069381240755319595,0.003936806693673134,0.0010944841196760535,-0.0012403677683323622,0.0001432231074431911,0.005851131863892078,0.031354961916804314,0.0046911640941538066,0.0023241641821862475,0.0026748520330497267,-0.0008136973552296419,1.469134101425485e-05,3.1375450785173815e-09,,,,,,,,,,,,
5.180656224296764,grasp,,,,,,,,,,,,,,,,,,,,,0.004403781611472368,0.0029428789857774973,9.1249865363352e-05,-0.000809701974503696,0.00011150889622513205,0.0058522033505141735,0.031354961916804314,0.001694277296651043,0.0011761972178942859,0.001043107140115003,-0.0003064664861396002,5.308033580006082e-06,7.695032979822288e-10,,,,,,,,,,,,
5.200656224296765,grasp,,,,,,,,,,,,,,,,,,,,,0.0030922400765120983,0.0024262042716145515,0.00013163738185539842,-0.0005877491785213351,0.00011634479596978053,0.005851798690855503,0.031354961916804314,0.001694277296651043,0.0011761972178942859,0.001043107140115003,-0.0003064664861396002,5.308033580006082e-06,7.695032979822288e-10,,,,,,,,,,,,
5.220656224296764,grasp,,,,,,,,,,,,,,,,,,,,,0.0017672608373686671,0.0019123513484373689,0.00012970106035936624,-0.00036273556179367006,9.806215530261397e-05,0.005852225236594677,0.031354961916804314,0.0003434304035452267,0.0006587551318316745,0.00030760090589943484,-7.783214923869577e-05,1.0785075791180294e-06,-2.9789157130932367e-10,,,,,,,,,,,,
5.240656224296764,grasp,,,,,,,,,,,,,,,,,,,,,0.0010823727352544665,0.001646557473577559,0.00012929669173900038,-0.0002467651793267578,9.675546607468277e-05,0.005852194037288427,0.031354961916804314,0.0003434304035452267,0.0006587551318316745,0.00030760090589943484,-7.783214923869577e-05,1.0785075791180294e-06,-2.9789157130932367e-10,,,,,,,,,,,,
5.260656224296764,grasp,,,,,,,,,,,,,,,,,,,,,0.0005685642827302217,0.0014475872740149498,0.0001310301013290882,-0.00015942900790832937,8.772042929194868e-05,0.005852444097399712,0.031354961916804314,6.522516022379563e-06,0.0005297024896361491,0.00012416203135146023,-2.0809623815427764e-05,2.3642963468012084e-08,-5.641050972878315e-10,,,,,,,,,,,,
5.276476504667719,grasp,,,,,,,,,,,,,,,,,,,,,0.0003002272278536111,0.001343844924122095,0.00013052181748207659,-0.00011391026782803237,8.357669867109507e-05,0.005852557253092527,0.031354961916804314,-8.683033314582644e-08,0.0005271707777865231,0.00012056338891852647,-1.9690975022967905e-05,2.948982391615118e-09,-5.69327585075996e-10,,,,,,,,,,,,
0.0,grasp,,,,,,,,,,,,,,,,,,,,,,,,,,,1.5209173476193882e-08,,,,,,,0.043,,,,,,,,,,,
0.02,grasp,,,,,,,,,,,,,,,,,,,,,,,,,,,4.834350647797692e-06,,,,,,,0.043,,,,,,,,,,,
0.04,grasp,,,,,,,,,,,,,,,,,,,,,,,,,,,4.0752755012363195e-05,,,,,,,0.043,,,,,,,,,,,
0.06,grasp,,,,,,,,,,,,,,,,,,,,,,,,,,,0.0001451414282200858,,,,,,,0.043,,,,,,,,,,,
0.08,grasp,,,,,,,,,,,,,,,,,,,,,,,,,,,0.00035630306228995323,,,,,,,0.043,,,,,,,,,,,
0.1,grasp,,,,,,,,,,,,,,,,,,,,,,,,,,,0.0007082340307533741,,,,,,,0.043,,,,,,,,,,,
0.12,grasp,,,,,,,,,,,,,,,,,,,,,,,,,,,0.0012283940450288355,,,,,,,0.043,,,,,,,,,,,
0.14,grasp,,,,,,,,,,,,,,,,,,,,,,,,,,,0.001936908985953778,,,,,,,0.043,,,,,,,,,,,
0.16,grasp,,,,,,,,,,,,,,,,,,,,,,,,,,,0.002846426679752767,,,,,,,0.043,,,,,,,,,,,
0.18,grasp,,,,,,,,,,,,,,,,,,,,,,,,,,,0.003962433198466897,,,,,,,0.043,,,,,,,,,,,
0.2,grasp,,,,,,,,,,,,,,,,,,,,,,,,,,,0.005283823935315013,,,,,,,0.043,,,,,,,,,,,
0.22,grasp,,,,,,,,,,,,,,,,,,,,,,,,,,,0.0068033975549042225,,,,,,,0.043,,,,,,,,,,,
0.24,grasp,,,,,,,,,,,,,,,,,,,,,,,,,,,0.008508481550961733,,,,,,,0.043,,,,,,,,,,,
0.26,grasp,,,,,,,,,,,,,,,,,,,,,,,,,,,0.010381673462688923,,,,,,,0.043,,,,,,,,,,,
0.28,grasp,,,,,,,,,,,,,,,,,,,,,,,,,,,0.012401452753692865,,,,,,,0.043,,,,,,,,,,,
0.3,grasp,,,,,,,,,,,,,,,,,,,,,,,,,,,0.014542837627232075,,,,,,,0.043,,,,,,,,,,,
0.32,grasp,,,,,,,,,,,,,,,,,,,,,,,,,,,0.0167781263589859,,,,,,,0.043,,,,,,,,,,,
0.34,grasp,,,,,,,,,,,,,,,,,,,,,,,,,,,0.019077488221228123,,,,,,,0.043,,,,,,,,,,,
0.36,grasp,,,,,,,,,,,,,,,,,,,,,,,,,,,0.02140973787754774,,,,,,,0.043,,,,,,,,,,,
0.38,grasp,,,,,,,,,,,,,,,,,,,,,,,,,,,0.02374295052140951,,,,,,,0.043,,,,,,,,,,,
0.4,grasp,,,,,,,,,,,,,,,,,,,,,,,,,,,0.026045161299407482,,,,,,,0.043,,,,,,,,,,,
0.42,grasp,,,,,,,,,,,,,,,,,,,,,,,,,,,0.028285082429647446,,,,,,,0.043,,,,,,,,,,,
0.44,grasp,,,,,,,,,,,,,,,,,,,,,,,,,,,0.030432715080678463,,,,,,,0.043,,,,,,,,,,,
0.46,grasp,,,,,,,,,,,,,,,,,,,,,,,,,,,0.032460106536746025,,,,,,,0.043,,,,,,,,,,,
0.48,grasp,,,,,,,,,,,,,,,,,,,,,,,,,,,0.0343419648706913,,,,,,,0.043,,,,,,,,,,,
0.5,grasp,,,,,,,,,,,,,,,,,,,,,,,,,,,0.0360563974827528,,,,,,,0.043,,,,,,,,,,,
0.52,grasp,,,,,,,,,,,,,,,,,,,,,,,,,,,0.037585511803627014,,,,,,,0.043,,,,,,,,,,,
0.54,grasp,,,,,,,,,,,,,,,,,,,,,,,,,,,0.0389162078499794,,,,,,,0.043,,,,,,,,,,,
0.56,grasp,,,,,,,,,,,,,,,,,,,,,,,,,,,0.040040766820311546,,,,,,,0.043,,,,,,,,,,,
0.58,grasp,,,,,,,,,,,,,,,,,,,,,,,,,,,0.04095758497714996,,,,,,,0.043,,,,,,,,,,,
0.6,grasp,,,,,,,,,,,,,,,,,,,,,,,,,,,0.04167180880904198,,,,,,,0.043,,,,,,,,,,,
0.62,grasp,,,,,,,,,,,,,,,,,,,,,,,,,,,0.04219609126448631,,,,,,,0.043,,,,,,,,,,,
0.64,grasp,,,,,,,,,,,,,,,,,,,,,,,,,,,0.042551204562187195,,,,,,,0.043,,,,,,,,,,,
0.66,grasp,,,,,,,,,,,,,,,,,,,,,,,,,,,0.04276670329272747,,,,,,,0.043,,,,,,,,,,,
0.68,grasp,,,,,,,,,,,,,,,,,,,,,,,,,,,0.042881689965724945,,,,,,,0.043,,,,,,,,,,,
0.68,grasp,,,,,,,,,,,,,,,,,,,,,-1.645280462980736e-07,0.0010456173913553357,0.00012923312897328287,-3.9068192563718185e-05,8.115449645629269e-09,-8.526153116861224e-10,0.042881689965724945,-8.683033314582644e-08,0.0005271707777865231,0.00012056338891852647,-1.9690975022967905e-05,2.948982391615118e-09,-5.69327585075996e-10,,,,,,,,,,,,
0.7000000000000001,grasp,,,,,,,,,,,,,,,,,,,,,-1.6595599561242125e-07,0.0010503795929253101,0.0001292419619858265,-3.924833072233014e-05,7.993190109800707e-09,-8.577749066596141e-10,0.042881689965724945,-8.683033314582644e-08,0.0005271707777865231,0.00012056338891852647,-1.9690975022967905e-05,2.948982391615118e-09,-5.69327585075996e-10,,,,,,,,,,,,
0.7200000000000001,grasp,,,,,,,,,,,,,,,,,,,,,0.00011819196515716612,0.0010990425944328308,0.00012905443145427853,-5.978645276627503e-05,8.116214189612947e-07,-1.024290074980172e-08,0.042881689965724945,0.00024928086057624216,0.0006227135622855058,0.0002563590493523321,-6.189709300845205e-05,7.834947200800629e-07,-3.710444595933452e-10,,,,,,,,,,,,
0.74,grasp,,,,,,,,,,,,,,,,,,,,,0.00018046519835479558,0.0011243150802329183,0.00012904075265396386,-7.038172043394297e-05,4.390927870190353e-07,2.6937627684020526e-09,0.042881689965724945,0.00024928086057624216,0.0006227135622855058,0.0002563590493523321,-6.189709300845205e-05,7.834947200800629e-07,-3.710444595933452e-10,,,,,,,,,,,,
0.76,grasp,,,,,,,,,,,,,,,,,,,,,0.0010186490835621953,0.0014462240505963564,0.0001272414083359763,-0.00021304810070432723,5.904751560592558e-06,-5.919926948649845e-08,0.042881689965724945,0.0019221775126523706,0.001263667492581892,0.001167351584879091,-0.0003450391684303638,6.0198280611235054e-06,9.59148706214214e-10,,,,,,,,,,,,
0.78,grasp,,,,,,,,,,,,,,,,,,,,,0.0014528263127431273,0.0016143658431246877,0.00012725744454655796,-0.00028665096033364534,3.4163888358307304e-06,2.7668608737485556e-08,0.042881689965724945,0.0019221775126523706,0.001263667492581892,0.001167351584879091,-0.0003450391684303638,6.0198280611235054e-06,9.59148706214214e-10,,,,,,,,,,,,
0.8,grasp,,,,,,,,,,,,,,,,,,,,,0.0037741907872259617,0.0025233381893485785,0.0006713619804941118,-0.0006808358593843877,1.7637634300626814e-05,-1.2377952884889964e-07,0.042881689965724945,0.006256875332994757,0.0029244150165957223,0.0035278211431732094,-0.0010786975618001808,1.958785678259479e-05,4.4058543969412e-09,,,,,,,,,,,,
0.8200000000000001,grasp,,,,,,,,,,,,,,,,,,,,,0.004976215306669474,0.0029783507343381643,0.0010276397224515676,-0.0008834717446006835,1.1530001756909769e-05,9.887710916700598e-08,0.042881689965724945,0.006256875332994757,0.0029244150165957223,0.0035278211431732094,-0.0010786975618001808,1.958785678259479e-05,4.4058543969412e-09,,,,,,,,,,,,
0.8400000000000001,grasp,,,,,,,,,,,,,,,,,,,,,0.00948723778128624,0.004708908498287201,0.003308054991066456,-0.001647914294153452,3.826644388027489e-05,-1.7589826484254445e-07,0.042881689965724945,0.01430045140384222,0.0060015408327789435,0.007904833868178446,-0.002440061654612194,4.476428965219536e-05,1.080146280209663e-08,,,,,,,,,,,,
0.8600000000000001,grasp,,,,,,,,,,,,,,,,,,,,,0.01182240154594183,0.005588780622929335,0.004527132026851177,-0.002041537780314684,2.770518585748505e-05,2.2850294101317559e-07,0.042881689965724945,0.01430045140384222,0.0060015408327789435,0.007904833868178446,-0.002440061654612194,4.476428965219536e-05,1.080146280209663e-08,,,,,,,,,,,,
0.8800000000000001,grasp,,,,,,,,,,,,,,,,,,,,,0.019133523106575012,0.00838344357907772,0.00843065045773983,-0.003280406352132559,7.039366028038785e-05,-2.046707550107385e-07,0.042881689965724945,0.026926077449740897,0.010805785350378683,0.014757663605264119,-0.004576756559666759,8.427837503023309e-05,2.083931060027545e-08,,,,,,,,,,,,
0.9,grasp,,,,,,,,,,,,,,,,,,,,,0.022917278110980988,0.009806215763092041,0.01050659827888012,-0.003918328322470188,5.491198317031376e-05,4.1728091559889435e-07,0.042881689965724945,0.026926077449740897,0.010805785350378683,0.014757663605264119,-0.004576756559666759,8.427837503023309e-05,2.083931060027545e-08,,,,,,,,,,,,
0.92,grasp,,,,,,,,,,,,,,,,,,,,,0.033534418791532516,0.013833655044436455,0.016201375052332878,-0.005717196501791477,0.00011651296517811716,-2.0542515244414972e-07,0.042881689965724945,0.04484411230654847,0.01756354819600141,0.024441960253218306,-0.007608701663196164,0.00014034617763662526,3.5082388106264466e-08,,,,,,,,,,,,
0.9400000000000001,grasp,,,,,,,,,,,,,,,,,,,,,0.03902820497751236,0.015885019674897194,0.019225025549530983,-0.0066435146145522594,9.582193160895258e-05,6.611485900975822e-07,0.042881689965724945,0.04484411230654847,0.01756354819600141,0.024441960253218306,-0.007608701663196164,0.00014034617763662526,3.5082388106264466e-08,,,,,,,,,,,,
0.9600000000000001,grasp,,,,,,,,,,,,,,,,,,,,,0.05335378646850586,0.021263018250465393,0.02688204124569893,-0.00907034520059824,0.00017872593889478594,-1.7712284261506284e-07,0.042881689965724945,0.06860836452245198,0.026425715358907014,0.03721779428601886,-0.011629224792302193,0.0002146917758879891,5.396870047049572e-08,,,,,,,,,,,,
0.98,grasp,,,,,,,,,,,,,,,,,,,,,0.06076555326581001,0.024003097787499428,0.030943691730499268,-0.010320041328668594,0.00015268240531440824,9.554722737448174e-07,0.042881689965724945,0.06860836452245198,0.026425715358907014,0.03721779428601886,-0.011629224792302193,0.0002146917758879891,5.396870047049572e-08,,,,,,,,,,,,
1.0,grasp,,,,,,,,,,,,,,,,,,,,,0.07909463346004486,0.030814897269010544,0.04069766774773598,-0.01342466939240694,0.0002586483024060726,-1.1917995124122172e-07,0.042881689965724945,0.09860762397003757,0.0374993541252386,0.05327025639202711,-0.016703939013936176,0.0003085298028667482,7.780671224279317e-08,,,,,,,,,,,,
1.02,grasp,,,,,,,,,,,,,,,,,,,,,0.08857674151659012,0.0342862568795681,0.0458679236471653,-0.015023426152765751,0.0002272534038638696,1.2935279301018454e-06,0.042881689965724945,0.09860762397003757,0.0374993541252386,0.05327025639202711,-0.016703939013936176,0.0003085298028667482,7.780671224279317e-08,,,,,,,,,,,,
1.04,grasp,,,,,,,,,,,,,,,,,,,,,0.11109490692615509,0.04259625822305679,0.057815078645944595,-0.018837349489331245,0.00035740467137657106,-3.1911380204974193e-08,0.042881689965724945,0.13506349397223605,0.05087153313696109,0.07272455659269744,-0.02287050313492871,0.00042256086518300585,1.0677421838394134e-07,,,,,,,,,,,,
1.06,grasp,,,,,,,,,,,,,,,,,,,,,0.12274319678544998,0.04683200269937515,0.06414395570755005,-0.020801391452550888,0.00032078841468319297,1.6673204754624749e-06,0.042881689965724945,0.13506349397223605,0.05087153313696109,0.07272455659269744,-0.02287050313492871,0.00042256086518300585,1.0677421838394134e-07,,,,,,,,,,,,
1.08,grasp,,,,,,,,,,,,,,,,,,,,,0.149541437625885,0.056675590574741364,0.07833489775657654,-0.025340048596262932,0.0004757156129926443,8.171746657126278e-08,0.042881689965724945,0.1780621820568803,0.06658004403558201,0.09563245563013466,-0.030143553483076513,0.0005570551306140211,1.4093987230063232e-07,,,,,,,,,,,,
1.1,grasp,,,,,,,,,,,,,,,,,,,,,0.16340282559394836,0.061694078147411346,0.08584808558225632,-0.02767733857035637,0.0004340839514043182,2.0695395051006926e-06,0.042881689965724945,0.1780621820568803,0.06658004403558201,0.09563245563013466,-0.030143553483076513,0.0005570551306140211,1.4093987230063232e-07,,,,,,,,,,,,
1.12,grasp,,,,,,,,,,,,,,,,,,,,,0.1944907009601593,0.07306905090808868,0.10228503495454788,-0.03294229134917259,0.0006138891912996769,2.1783718295864674e-07,0.042881689965724945,0.2275738331309097,0.08460118130009234,0.12196998424889349,-0.03851781692130706,0.0007119076488053494,1.8027735766753843e-07,,,,,,,,,,,,
1.1400000000000001,grasp,,,,,,,,,,,,,,,,,,,,,0.21057012677192688,0.07886948436498642,0.1109825074672699,-0.035653628408908844,0.0005674869753420353,2.4917796963563887e-06,0.042881689965724945,0.2275738331309097,0.08460118130009234,0.12196998424889349,-0.03851781692130706,0.0007119076488053494,1.8027735766753843e-07,,,,,,,,,,,,
1.1600000000000001,grasp,,,,,,,,,,,,,,,,,,,,,0.24587656557559967,0.09174848347902298,0.12962722778320312,-0.0416327528655529,0.0007718037231825292,3.744740411093517e-07,0.042881689965724945,0.2834460313197385,0.10487993837002724,0.15165587434406383,-0.04796745933709126,0.0008866386662551968,2.2466485852988864e-07,,,,,,,,,,,,
1.1800000000000002,grasp,,,,,,,,,,,,,,,,,,,,,0.26413705945014954,0.0983172357082367,0.13948753476142883,-0.044711917638778687,0.0007209363975562155,2.926110028056428e-06,0.042881689965724945,0.2834460313197385,0.10487993837002724,0.15165587434406383,-0.04796745933709126,0.0008866386662551968,2.2466485852988864e-07,,,,,,,,,,,,
1.2000000000000002,grasp,,,,,,,,,,,,,,,,,,,,,0.303518146276474,0.11264649778604507,0.16026344895362854,-0.05138092860579491,0.0009490016382187605,5.477667173181544e-07,0.042881689965724945,0.34542082458610585,0.12732085224809264,0.1845517866306229,-0.05844895856325737,0.0010804512929700248,2.7389949256213706e-07,,,,,,,,,,,,
1.2200000000000002,grasp,,,,,,,,,,,,,,,,,,,,,0.3238852620124817,0.11995656788349152,0.1712447851896286,-0.0548153780400753,0.0008940110565163195,3.3651201647444395e-06,0.042881689965724945,0.34542082458610585,0.12732085224809264,0.1845517866306229,-0.05844895856325737,0.0010804512929700248,2.7389949256213706e-07,,,,,,,,,,,,
1.2400000000000002,grasp,,,,,,,,,,,,,,,,,,,,,0.36712944507598877,0.13566067814826965,0.19404208660125732,-0.06213850900530815,0.0011446867138147354,7.342770231844042e-07,0.042881689965724945,0.4131405618229246,0.1517985201192574,0.22047075724394444,-0.0699018888157974,0.0012922322492991882,3.2769848895863295e-07,,,,,,,,,,,,
1.26,grasp,,,,,,,,,,,,,,,,,,,,,0.3894941806793213,0.14367401599884033,0.20608526468276978,-0.06590987741947174,0.001085920026525855,3.8016926282580243e-06,0.042881689965724945,0.4131405618229246,0.1517985201192574,0.22047075724394444,-0.0699018888157974,0.0012922322492991882,3.2769848895863295e-07,,,,,,,,,,,,
1.28,grasp,,,,,,,,,,,,,,,,,,,,,0.4363318979740143,0.16065329313278198,0.23076176643371582,-0.0738414078950882,0.0013577595818787813,9.287393254453491e-07,0.042881689965724945,0.4861645934838192,0.17814897772880103,0.2591776281629603,-0.08225157899822697,0.0015205964248891284,3.8571091772716515e-07,,,,,,,,,,,,
1.3,grasp,,,,,,,,,,,,,,,,,,,,,0.46055513620376587,0.16931934654712677,0.24379050731658936,-0.0779261365532875,0.001295577734708786,4.228011675877497e-06,0.042881689965724945,0.4861645934838192,0.17814897772880103,0.2591776281629603,-0.08225157899822697,0.0015205964248891284,3.8571091772716515e-07,,,,,,,,,,,,
1.32,grasp,,,,,,,,,,,,,,,,,,,,,0.5106617212295532,0.18745853006839752,0.2701773941516876,-0.08641115576028824,0.0015868415357545018,1.1278038982709404e-06,0.042881689965724945,0.5639707030363054,0.2061895850944681,0.30039948831943375,-0.0954097389150526,0.0017639069671603566,4.475212002855016e-07,,,,,,,,,,,,
1.34,grasp,,,,,,,,,,,,,,,,,,,,,0.5365756750106812,0.19671884179115295,0.2841012179851532,-0.09078101813793182,0.0015215938910841942,4.636916401068447e-06,0.042881689965724945,0.5639707030363054,0.2061895850944681,0.30039948831943375,-0.0954097389150526,0.0017639069671603566,4.475212002855016e-07,,,,,,,,,,,,
1.36,grasp,,,,,,,,,,,,,,,,,,,,,0.5895807147026062,0.21588443219661713,0.312004417181015,-0.09975692629814148,0.0018302935641258955,1.3269325336295879e-06,0.042881689965724945,0.6459723434590147,0.23570937432168504,0.3438257319955642,-0.10927729272785412,0.002020331463521351,5.126632222801705e-07,,,,,,,,,,,,
1.3800000000000001,grasp,,,,,,,,,,,,,,,,,,,,,0.6169940829277039,0.22567127645015717,0.3267202079296112,-0.10437960177659988,0.0017623284365981817,5.022765890316805e-06,0.042881689965724945,0.6459723434590147,0.23570937432168504,0.3438257319955642,-0.10927729272785412,0.002020331463521351,5.126632222801705e-07,,,,,,,,,,,,
1.4,grasp,,,,,,,,,,,,,,,,,,,,,0.672487735748291,0.24571537971496582,0.35592418909072876,-0.11377692222595215,0.002086323220282793,1.524411004538706e-06,0.042881689965724945,0.7315261290387972,0.26647643291010453,0.3891155147252686,-0.12374522796915706,0.0022878663615484704,5.806278618043055e-07,,,,,,,,,,,,
1.42,grasp,,,,,,,,,,,,,,,,,,,,,0.7011894583702087,0.2559534013271332,0.3713175058364868,-0.11861669272184372,0.002015962963923812,5.380416041589342e-06,0.042881689965724945,0.7315261290387972,0.26647643291010453,0.3891155147252686,-0.12374522796915706,0.0022878663615484704,5.806278618043055e-07,,,,,,,,,,,,
1.44,grasp,,,,,,,,,,,,,,,,,,,,,0.7587271332740784,0.27671733498573303,0.40158960223197937,-0.12836016714572906,0.002352867042645812,1.71569035956054e-06,0.042881689965724945,0.8199395697966161,0.29824537023499936,0.4359044185727142,-0.13869639550271137,0.0025643497616979973,6.508658237769102e-07,,,,,,,,,,,,
1.46,grasp,,,,,,,,,,,,,,,,,,,,,0.7884874939918518,0.2873256206512451,0.41753751039505005,-0.1333782821893692,0.002280446467921138,5.70455813431181e-06,0.042881689965724945,0.8199395697966161,0.29824537023499936,0.4359044185727142,-0.13869639550271137,0.0025643497616979973,6.508658237769102e-07,,,,,,,,,,,,
1.48,grasp,,,,,,,,,,,,,,,,,,,,,0.8475978970527649,0.30864137411117554,0.44863101840019226,-0.1433883011341095,0.0026277718134224415,1.8975705415869015e-06,0.042881689965724945,0.9104834269508711,0.3307567171247218,0.48380769901232784,-0.15400783990855002,0.0028474801979483945,7.227926657899003e-07,,,,,,,,,,,,
1.5,grasp,,,,,,,,,,,,,,,,,,,,,0.8781739473342896,0.319534033536911,0.4650031328201294,-0.14854371547698975,0.002553603844717145,5.989696092001395e-06,0.042881689965724945,0.9104834269508711,0.3307567171247218,0.48380769901232784,-0.15400783990855002,0.0028474801979483945,7.227926657899003e-07,,,,,,,,,,,,
1.52,grasp,,,,,,,,,,,,,,,,,,,,,0.9383658170700073,0.3412257134914398,0.4966599941253662,-0.15873728692531586,0.002908731810748577,2.0683523871412035e-06,0.042881689965724945,1.002401286465805,0.3637412945826826,0.5324257852853157,-0.16955193890770578,0.0031349038854798484,7.958102851497824e-07,,,,,,,,,,,,
1.54,grasp,,,,,,,,,,,,,,,,,,,,,0.9695034623146057,0.35231325030326843,0.5133203864097595,-0.16398730874061584,0.0028331808280199766,6.233605290617561e-06,0.042881689965724945,1.002401286465805,0.3637412945826826,0.5324257852853157,-0.16955193890770578,0.0031349038854798484,7.958102851497824e-07,,,,,,,,,,,,
1.56,grasp,,,,,,,,,,,,,,,,,,,,,1.0302709341049194,0.37420085072517395,0.545275092124939,-0.17427895963191986,0.0031933854334056377,2.226469632660155e-06,0.042881689965724945,1.0949195031799108,0.396923741672158,0.5813495434081591,-0.18519789088660105,0.003424241469941627,8.693138142957776e-07,,,,,,,,,,,,
1.58,grasp,,,,,,,,,,,,,,,,,,,,,1.0617103576660156,0.3853909373283386,0.562084436416626,-0.17957955598831177,0.0031168374698609114,6.4335808929172345e-06,0.042881689965724945,1.0949195031799108,0.396923741672158,0.5813495434081591,-0.18519789088660105,0.003424241469941627,8.693138142957776e-07,,,,,,,,,,,,
1.6,grasp,,,,,,,,,,,,,,,,,,,,,1.1225401163101196,0.40729108452796936,0.5940679311752319,-0.18988268077373505,0.0034793117083609104,2.371575419601868e-06,0.042881689965724945,1.1872563832677232,0.43002618087143973,0.6301667199501301,-0.2008137260137136,0.00371301046434814,9.426715348955624e-07,,,,,,,,,,,,
1.62,grasp,,,,,,,,,,,,,,,,,,,,,1.1540155410766602,0.41849035024642944,0.6108844876289368,-0.19518925249576569,0.0034021877218037844,6.58561339150765e-06,0.042881689965724945,1.1872563832677232,0.43002618087143973,0.6301667199501301,-0.2008137260137136,0.00371301046434814,9.426715348955624e-07,,,,,,,,,,,,
1.6400000000000001,grasp,,,,,,,,,,,,,,,,,,,,,1.2143945693969727,0.4402201175689697,0.6426281332969666,-0.2054169923067093,0.0037640673108398914,2.5015306164277717e-06,0.042881689965724945,1.2786324113436984,0.46277163384393416,0.6784667420023046,-0.21626780751736346,0.003998754126756801,1.0152591373799992e-06,,,,,,,,,,,,
1.6600000000000001,grasp,,,,,,,,,,,,,,,,,,,,,1.2456417083740234,0.45133453607559204,0.6593111157417297,-0.21068482100963593,0.003686825977638364,6.688854227832053e-06,0.042881689965724945,1.2786324113436984,0.46277163384393416,0.6784667420023046,-0.21626780751736346,0.003998754126756801,1.0152591373799992e-06,,,,,,,,,,,,
1.6800000000000002,grasp,,,,,,,,,,,,,,,,,,,,,1.3050618171691895,0.4727127254009247,0.6905479431152344,-0.22075112164020538,0.004045228008180857,2.6144064122490818e-06,0.042881689965724945,1.368280395936674,0.4948873746107332,0.7258457034527223,-0.2314303653924597,0.004279142116428582,1.0864859416989733e-06,,,,,,,,,,,,
1.7000000000000002,grasp,,,,,,,,,,,,,,,,,,,,,1.3358169794082642,0.4836496412754059,0.7069581151008606,-0.2259359210729599,0.003968439064919949,6.740144272043835e-06,0.042881689965724945,1.368280395936674,0.4948873746107332,0.7258457034527223,-0.2314303653924597,0.004279142116428582,1.0864859416989733e-06,,,,,,,,,,,,
1.7200000000000002,grasp,,,,,,,,,,,,,,,,,,,,,1.3937830924987793,0.5044988393783569,0.737429141998291,-0.23575690388679504,0.0043204668909311295,2.7123462587042013e-06,0.042881689965724945,1.4554558065707999,0.5261075783622985,0.7719113225353771,-0.2461754815075726,0.004551816229746778,1.15575278399784e-06,,,,,,,,,,,,
1.7400000000000002,grasp,,,,,,,,,,,,,,,,,,,,,1.423790693283081,0.5151676535606384,0.7534300684928894,-0.24081549048423767,0.0042447359301149845,6.740488970535807e-06,0.042881689965724945,1.4554558065707999,0.5261075783622985,0.7719113225353771,-0.2461754815075726,0.004551816229746778,1.15575278399784e-06,,,,,,,,,,,,
1.7600000000000002,grasp,,,,,,,,,,,,,,,,,,,,,1.4798258543014526,0.535317599773407,0.7828858494758606,-0.250310480594635,0.0045874640345573425,2.7942755878029857e-06,0.042881689965724945,1.5394457029798578,0.5561782207766904,0.8162892559781627,-0.26038238923692236,0.004814516867130429,1.2224851951037187e-06,,,,,,,,,,,,
1.7800000000000002,grasp,,,,,,,,,,,,,,,,,,,,,1.5088385343551636,0.5456307530403137,0.7983475923538208,-0.255201131105423,0.004513473715633154,6.688213034067303e-06,0.042881689965724945,1.5394457029798578,0.5561782207766904,0.8162892559781627,-0.26038238923692236,0.004814516867130429,1.2224851951037187e-06,,,,,,,,,,,,
1.8000000000000003,grasp,,,,,,,,,,,,,,,,,,,,,1.5624916553497314,0.5649197697639465,0.8265527486801147,-0.264293372631073,0.004844088107347488,2.8593760816875147e-06,0.042881689965724945,1.6195786355398183,0.5848603862914237,0.8586284373386922,-0.2739374514223981,0.005065174957348598,1.2861579680659797e-06,,,,,,,,,,,,
1.8200000000000003,grasp,,,,,,,,,,,,,,,,,,,,,1.5902765989303589,0.5747944712638855,0.841352641582489,-0.2689768075942993,0.0047725774347782135,6.5845251810969785e-06,0.042881689965724945,1.6195786355398183,0.5848603862914237,0.8586284373386922,-0.2739374514223981,0.005065174957348598,1.2861579680659797e-06,,,,,,,,,,,,
1.8399999999999999,grasp,,,,,,,,,,,,,,,,,,,,,1.6413195133209229,0.5929643511772156,0.8681461215019226,-0.27776551246643066,0.0050910464487969875,2.8926576760568423e-06,0.042881689965724945,1.6956303116412241,0.6117090433811858,0.8987247774537732,-0.2870869143889086,0.005305959405517016,1.3445281018802745e-06,,,,,,,,,,,,
1.8599999999999999,grasp,,,,,,,,,,,,,,,,,,,,,1.6677581071853638,0.6022670269012451,0.8822007775306702,-0.28229257464408875,0.0050228051841259,6.440456218115287e-06,0.042881689965724945,1.6956303116412241,0.6117090433811858,0.8987247774537732,-0.2870869143889086,0.005305959405517016,1.3445281018802745e-06,,,,,,,,,,,,
1.88,grasp,,,,,,,,,,,,,,,,,,,,,1.7021678686141968,0.6269550919532776,0.9032725095748901,-0.2786584198474884,0.005135077051818371,4.104144863958936e-06,0.042881689965724945,1.7387371866759507,0.6526861785259053,0.9276597419188115,-0.27477539258353056,0.005248173961211103,1.5190730803560378e-06,,,,,,,,,,,,
1.9,grasp,,,,,,,,,,,,,,,,,,,,,1.719970464706421,0.6396811604499817,0.9142432808876038,-0.27678564190864563,0.005073097534477711,5.640308700094465e-06,0.042881689965724945,1.7387371866759507,0.6526861785259053,0.9276597419188115,-0.27477539258353056,0.005248173961211103,1.5190730803560378e-06,,,,,,,,,,,,
1.92,grasp,,,,,,,,,,,,,,,,,,,,,1.7283459901809692,0.6760016679763794,0.9265092015266418,-0.2526776194572449,0.004873488564044237,5.171733846509596e-06,0.042881689965724945,1.7371761092940248,0.7141575738053275,0.9414134419419873,-0.2270373903556814,0.004786419531482281,1.850429719926355e-06,,,,,,,,,,,,
1.94,grasp,,,,,,,,,,,,,,,,,,,,,1.7326401472091675,0.694810688495636,0.9327539801597595,-0.24025756120681763,0.004801806528121233,4.215616172587033e-06,0.042881689965724945,1.7371761092940248,0.7141575738053275,0.9414134419419873,-0.2270373903556814,0.004786419531482281,1.850429719926355e-06,,,,,,,,,,,,
1.96,grasp,,,,,,,,,,,,,,,,,,,,,1.7346441745758057,0.7312678694725037,0.9421511888504028,-0.21325530111789703,0.004582138266414404,3.539734962032526e-06,0.042881689965724945,1.736769543832716,0.7694908219751988,0.9541402150495861,-0.18453939143200437,0.004379544857893139,2.145378042778155e-06,,,,,,,,,,,,
1.98,grasp,,,,,,,,,,,,,,,,,,,,,1.7356717586517334,0.7501264214515686,0.946925699710846,-0.19934439659118652,0.004475598223507404,3.045265430046129e-06,0.042881689965724945,1.736769543832716,0.7694908219751988,0.9541402150495861,-0.18453939143200437,0.004379544857893139,2.145378042778155e-06,,,,,,,,,,,,
2.0,grasp,,,,,,,,,,,,,,,,,,,,,1.7360244989395142,0.7837876081466675,0.9549407362937927,-0.17374412715435028,0.004248807206749916,2.8276408556848764e-06,0.042881689965724945,1.7364065353901967,0.8190062651469314,0.9655106274546331,-0.1465178003700274,0.004016015563613482,2.4089074939876793e-06,,,,,,,,,,,,
2.02,grasp,,,,,,,,,,,,,,,,,,,,,1.736208438873291,0.8011951446533203,0.9589959383010864,-0.16055560111999512,0.004133689217269421,2.6759721549751703e-06,0.042881689965724945,1.7364065353901967,0.8190062651469314,0.9655106274546331,-0.1465178003700274,0.004016015563613482,2.4089074939876793e-06,,,,,,,,,,,,
2.04,grasp,,,,,,,,,,,,,,,,,,,,,1.736151933670044,0.8311942219734192,0.9659888744354248,-0.13756856322288513,0.003920875955373049,2.684217406567768e-06,0.042881689965724945,1.7360876418040703,0.8625011428684936,0.975498684854692,-0.11311894123887052,0.0036966936470648527,2.640391681876224e-06,,,,,,,,,,,,
2.06,grasp,,,,,,,,,,,,,,,,,,,,,1.736124038696289,0.8467066884040833,0.9695135354995728,-0.1257263422012329,0.003811652073636651,2.6770217118610162e-06,0.042881689965724945,1.7360876418040703,0.8625011428684936,0.975498684854692,-0.11311894123887052,0.0036966936470648527,2.640391681876224e-06,,,,,,,,,,,,
2.08,grasp,,,,,,,,,,,,,,,,,,,,,1.7359774112701416,0.8727710247039795,0.9755662083625793,-0.1057070717215538,0.0036225568037480116,2.7636622235149844e-06,0.042881689965724945,1.7358131004931294,0.8998809354857187,0.9840923160998765,-0.08441130027225117,0.0034219787337864986,2.8395368482539734e-06,,,,,,,,,,,,
2.1,grasp,,,,,,,,,,,,,,,,,,,,,1.735900640487671,0.8862482905387878,0.9786073565483093,-0.0953938364982605,0.003525208681821823,2.8048507374478504e-06,0.042881689965724945,1.7358131004931294,0.8998809354857187,0.9840923160998765,-0.08441130027225117,0.0034219787337864986,2.8395368482539734e-06,,,,,,,,,,,,
2.12,grasp,,,,,,,,,,,,,,,,,,,,,1.735750675201416,0.9083163142204285,0.9837406277656555,-0.07842805236577988,0.0033634493593126535,2.906492909460212e-06,0.042881689965724945,1.7355827384889635,0.9311666617549317,0.9912996630501052,-0.06037708916343898,0.0031916002909637585,3.0065381273213574e-06,,,,,,,,,,,,
2.14,grasp,,,,,,,,,,,,,,,,,,,,,1.735671877861023,0.9197267889976501,0.9863137006759644,-0.0696878731250763,0.0032801853958517313,2.955821400973946e-06,0.042881689965724945,1.7355827384889635,0.9311666617549317,0.9912996630501052,-0.06037708916343898,0.0031916002909637585,3.0065381273213574e-06,,,,,,,,,,,,
2.16,grasp,,,,,,,,,,,,,,,,,,,,,1.7355419397354126,0.9378531575202942,0.9905458688735962,-0.05574500933289528,0.003146529896184802,3.048910230063484e-06,0.042881689965724945,1.735395529787359,0.956504448069365,0.9971542533335672,-0.04090642479028292,0.0030044759105608927,3.142182687182781e-06,,,,,,,,,,,,
2.18,grasp,,,,,,,,,,,,,,,,,,,,,1.7354732751846313,0.947225034236908,0.9926643967628479,-0.048562128096818924,0.003077747067436576,3.093770601481083e-06,0.042881689965724945,1.735395529787359,0.956504448069365,0.9971542533335672,-0.04090642479028292,0.0030044759105608927,3.142182687182781e-06,,,,,,,,,,,,
2.2,grasp,,,,,,,,,,,,,,,,,,,,,1.7353683710098267,0.9615598320960999,0.9960278272628784,-0.03753127530217171,0.0029715190175920725,3.1704762477602344e-06,0.042881689965724945,1.735249747714205,0.9761723860130502,1.00171791636847,-0.02578729699541842,0.002858618721874146,3.2479140111644264e-06,,,,,,,,,,,,
2.22,grasp,,,,,,,,,,,,,,,,,,,,,1.7353131771087646,0.9689711928367615,0.9977104663848877,-0.03184855356812477,0.002916864352300763,3.2073778584162937e-06,0.042881689965724945,1.735249747714205,0.9761723860130502,1.00171791636847,-0.02578729699541842,0.002858618721874146,3.2479140111644264e-06,,,,,,,,,,,,
2.24,grasp,,,,,,,,,,,,,,,,,,,,,1.7352330684661865,0.9797565340995789,1.000257134437561,-0.02354472130537033,0.002836470026522875,3.2668008316250052e-06,0.042881689965724945,1.7351422598643176,0.9905899739071841,1.0050832043081555,-0.01469875957460866,0.002751060695223868,3.3258828937452415e-06,,,,,,,,,,,,
2.2600000000000002,grasp,,,,,,,,,,,,,,,,,,,,,1.7351901531219482,0.9853321313858032,1.0015320777893066,-0.019266804680228233,0.0027951220981776714,3.2949169508356135e-06,0.042881689965724945,1.7351422598643176,0.9905899739071841,1.0050832043081555,-0.01469875957460866,0.002751060695223868,3.3258828937452415e-06,,,,,,,,,,,,
2.2800000000000002,grasp,,,,,,,,,,,,,,,,,,,,,1.7351338863372803,0.9929080009460449,1.0033390522003174,-0.013428171165287495,0.0027381295803934336,3.337664566060994e-06,0.042881689965724945,1.7350689194656685,1.0003247462832578,1.0073810944975206,-0.007202088946096317,0.00267761770009385,3.3791219294186014e-06,,,,,,,,,,,,
2.3000000000000003,grasp,,,,,,,,,,,,,,,,,,,,,1.7351043224334717,0.9968233108520508,1.0042455196380615,-0.010420192033052444,0.002708814572542906,3.3579256069060648e-06,0.042881689965724945,1.7350689194656685,1.0003247462832578,1.0073810944975206,-0.007202088946096317,0.00267761770009385,3.3791219294186014e-06,,,,,,,,,,,,
2.3200000000000003,grasp,,,,,,,,,,,,,,,,,,,,,1.7350670099258423,1.001632571220398,1.005412220954895,-0.00670541450381279,0.002672037575393915,3.385506033737329e-06,0.042881689965724945,1.7350244757355913,1.0061055084835335,1.0087756094426619,-0.0027365462649021704,0.002633044439845832,3.411434308986737e-06,,,,,,,,,,,,
2.3400000000000003,grasp,,,,,,,,,,,,,,,,,,,,,1.735047459602356,1.0041167736053467,1.00600004196167,-0.004791527520865202,0.0026531254407018423,3.398479066163418e-06,0.042881689965724945,1.7350244757355913,1.0061055084835335,1.0087756094426619,-0.0027365462649021704,0.002633044439845832,3.411434308986737e-06,,,,,,,,,,,,
2.36,grasp,,,,,,,,,,,,,,,,,,,,,1.7350279092788696,1.0067178010940552,1.0066406726837158,-0.002778602996841073,0.002632969059050083,3.413747208469431e-06,0.042881689965724945,1.735003160623307,1.0088417895926587,1.0094445226393858,-0.0006186002380938036,0.0026116643787047243,3.4269336180954318e-06,,,,,,,,,,,,
2.38,grasp,,,,,,,,,,,,,,,,,,,,,1.7350167036056519,1.0080604553222656,1.0069652795791626,-0.001741409651003778,0.0026225994806736708,3.421284645810374e-06,0.042881689965724945,1.735003160623307,1.0088417895926587,1.0094445226393858,-0.0006186002380938036,0.0026116643787047243,3.4269336180954318e-06,,,,,,,,,,,,
2.4,grasp,,,,,,,,,,,,,,,,,,,,,1.7350085973739624,1.0091228485107422,1.0072300434112549,-0.0009179986082017422,0.0026142969727516174,3.4280697036592755e-06,0.042881689965724945,1.7349970893780327,1.0096113206131514,1.009633281570621,-2.2618716627739635e-05,0.0026056303090341857,3.43130817408763e-06,,,,,,,,,,,,
2.42,grasp,,,,,,,,,,,,,,,,,,,,,1.735002875328064,1.009674072265625,1.0073665380477905,-0.0004935915349051356,0.002610043855383992,3.431154482314014e-06,0.042881689965724945,1.7349970893780327,1.0096113206131514,1.009633281570621,-2.2618716627739635e-05,0.0026056303090341857,3.43130817408763e-06,,,,,,,,,,,,
2.4206528864366565,grasp,,,,,,,,,,,,,,,,,,,,,1.7350023984909058,1.0099809169769287,1.0074429512023926,-0.00026213409728370607,0.0026077229995280504,3.4327551929891342e-06,0.042881689965724945,1.7349967956542969,1.0096449851989746,1.0096415281295776,3.4577958558656974e-06,0.002605366287752986,3.4314996355533367e-06,,,,,,,,,,,,
2.4206528864366565,grasp,,,,,,,,,,,,,,,,,,,,,,,,,,,0.043000007048249245,,,,,,,0.0,,,,,,,,,,,
2.4406528864366566,grasp,,,,,,,,,,,,,,,,,,,,,,,,,,,0.04299618676304817,,,,,,,0.0,,,,,,,,,,,
2.4606528864366566,grasp,,,,,,,,,,,,,,,,,,,,,,,,,,,0.04296085238456726,,,,,,,0.0,,,,,,,,,,,
2.4806528864366566,grasp,,,,,,,,,,,,,,,,,,,,,,,,,,,0.04285677522420883,,,,,,,0.0,,,,,,,,,,,
2.5006528864366566,grasp,,,,,,,,,,,,,,,,,,,,,,,,,,,0.04264576733112335,,,,,,,0.0,,,,,,,,,,,
2.5206528864366566,grasp,,,,,,,,,,,,,,,,,,,,,,,,,,,0.042293909937143326,,,,,,,0.0,,,,,,,,,,,
2.5406528864366567,grasp,,,,,,,,,,,,,,,,,,,,,,,,,,,0.04177376814186573,,,,,,,0.0,,,,,,,,,,,
2.5606528864366567,grasp,,,,,,,,,,,,,,,,,,,,,,,,,,,0.04106526076793671,,,,,,,0.0,,,,,,,,,,,
2.5806528864366567,grasp,,,,,,,,,,,,,,,,,,,,,,,,,,,0.04015577957034111,,,,,,,0.0,,,,,,,,,,,
2.6006528864366567,grasp,,,,,,,,,,,,,,,,,,,,,,,,,,,0.03903979994356632,,,,,,,0.0,,,,,,,,,,,
2.6206528864366567,grasp,,,,,,,,,,,,,,,,,,,,,,,,,,,0.03771842457354069,,,,,,,0.0,,,,,,,,,,,
2.6406528864366567,grasp,,,,,,,,,,,,,,,,,,,,,,,,,,,0.036198871210217476,,,,,,,0.0,,,,,,,,,,,
2.6606528864366563,grasp,,,,,,,,,,,,,,,,,,,,,,,,,,,0.03449379652738571,,,,,,,0.0,,,,,,,,,,,
2.680652886436657,grasp,,,,,,,,,,,,,,,,,,,,,,,,,,,0.03262058272957802,,,,,,,0.0,,,,,,,,,,,
2.7006528864366564,grasp,,,,,,,,,,,,,,,,,,,,,,,,,,,0.031746529042720795,,,,,,,0.0,,,,,,,,,,,
2.7206528864366564,grasp,,,,,,,,,,,,,,,,,,,,,,,,,,,0.03170986659824848,,,,,,,0.0,,,,,,,,,,,
2.7406528864366564,grasp,,,,,,,,,,,,,,,,,,,,,,,,,,,0.03167803958058357,,,,,,,0.0,,,,,,,,,,,
2.7606528864366564,grasp,,,,,,,,,,,,,,,,,,,,,,,,,,,0.03164571151137352,,,,,,,0.0,,,,,,,,,,,
2.7806528864366564,grasp,,,,,,,,,,,,,,,,,,,,,,,,,,,0.0316133052110672,,,,,,,0.0,,,,,,,,,,,
2.8006528864366564,grasp,,,,,,,,,,,,,,,,,,,,,,,,,,,0.03158046863973141,,,,,,,0.0,,,,,,,,,,,
2.8206528864366565,grasp,,,,,,,,,,,,,,,,,,,,,,,,,,,0.031550390645861626,,,,,,,0.0,,,,,,,,,,,
2.8406528864366565,grasp,,,,,,,,,,,,,,,,,,,,,,,,,,,0.031521210446953773,,,,,,,0.0,,,,,,,,,,,
2.8606528864366565,grasp,,,,,,,,,,,,,,,,,,,,,,,,,,,0.03149369638413191,,,,,,,0.0,,,,,,,,,,,
2.8806528864366565,grasp,,,,,,,,,,,,,,,,,,,,,,,,,,,0.03146813437342644,,,,,,,0.0,,,,,,,,,,,
2.9006528864366565,grasp,,,,,,,,,,,,,,,,,,,,,,,,,,,0.03144487366080284,,,,,,,0.0,,,,,,,,,,,
2.9206528864366565,grasp,,,,,,,,,,,,,,,,,,,,,,,,,,,0.0314242085441947,,,,,,,0.0,,,,,,,,,,,
2.9406528864366566,grasp,,,,,,,,,,,,,,,,,,,,,,,,,,,0.03140623867511749,,,,,,,0.0,,,,,,,,,,,
2.9606528864366566,grasp,,,,,,,,,,,,,,,,,,,,,,,,,,,0.03139115497469902,,,,,,,0.0,,,,,,,,,,,
2.9806528864366566,grasp,,,,,,,,,,,,,,,,,,,,,,,,,,,0.03137895371764898,,,,,,,0.0,,,,,,,,,,,
3.0006528864366566,grasp,,,,,,,,,,,,,,,,,,,,,,,,,,,0.031369530595839024,,,,,,,0.0,,,,,,,,,,,
3.0206528864366566,grasp,,,,,,,,,,,,,,,,,,,,,,,,,,,0.031362793408334255,,,,,,,0.0,,,,,,,,,,,
3.0406528864366567,grasp,,,,,,,,,,,,,,,,,,,,,,,,,,,0.031358445063233376,,,,,,,0.0,,,,,,,,,,,
3.0606528864366567,grasp,,,,,,,,,,,,,,,,,,,,,,,,,,,0.03135602828115225,,,,,,,0.0,,,,,,,,,,,
3.0806528864366567,grasp,,,,,,,,,,,,,,,,,,,,,,,,,,,0.03135513048619032,,,,,,,0.0,,,,,,,,,,,
3.1006528864366567,grasp,,,,,,,,,,,,,,,,,,,,,,,,,,,0.031354946084320545,,,,,,,0.0,,,,,,,,,,,
3.1006528864366567,grasp,,,,,,,,,,,,,,,,,,,,,1.7344350814819336,1.0102771520614624,1.0080838203430176,-3.0282784791779704e-05,0.004322774708271027,0.006360874976962805,0.031354946084320545,1.7349967956542969,1.0096449851989746,1.0096415281295776,3.4577958558656974e-06,0.002605366287752986,3.4314996355533367e-06,,,,,,,,,,,,
3.1206528864366567,grasp,,,,,,,,,,,,,,,,,,,,,1.734452247619629,1.0102648735046387,1.0080677270889282,-2.88560549961403e-05,0.004264880903065205,0.006093889009207487,0.031354946084320545,1.7349967956542969,1.0096449851989746,1.0096415281295776,3.4577958558656974e-06,0.002605366287752986,3.4314996355533367e-06,,,,,,,,,,,,
3.1406528864366567,grasp,,,,,,,,,,,,,,,,,,,,,1.7344610691070557,1.0102028846740723,1.0080338716506958,-7.33527194825001e-05,0.004235860425978899,0.005956367589533329,0.031354946084320545,1.7349978507918138,1.0095243229775273,1.0096119713834601,-9.000722055513537e-05,0.0026063126084189363,3.4308133836757106e-06,,,,,,,,,,,,
3.1606528864366568,grasp,,,,,,,,,,,,,,,,,,,,,1.7344646453857422,1.0101711750030518,1.0080162286758423,-9.6195399237331e-05,0.004220099188387394,0.0058855293318629265,0.031354946084320545,1.7349978507918138,1.0095243229775273,1.0096119713834601,-9.000722055513537e-05,0.0026063126084189363,3.4308133836757106e-06,,,,,,,,,,,,
3.180652886436657,grasp,,,,,,,,,,,,,,,,,,,,,1.7344659566879272,1.009774088859558,1.0078343152999878,-0.00041584280552342534,0.004217450972646475,0.005849223118275404,0.031354946084320545,1.7350042074364345,1.008705504655346,1.0094110708100126,-0.0007241507640174456,0.0026127333251018073,3.426158709318113e-06,,,,,,,,,,,,
3.200652886436657,grasp,,,,,,,,,,,,,,,,,,,,,1.734466314315796,1.0095727443695068,1.0077335834503174,-0.0005804065731354058,0.00420563668012619,0.005830640438944101,0.031354946084320545,1.7350042074364345,1.008705504655346,1.0094110708100126,-0.0007241507640174456,0.0026127333251018073,3.426158709318113e-06,,,,,,,,,,,,
3.220652886436657,grasp,,,,,,,,,,,,,,,,,,,,,1.7345136404037476,1.0084521770477295,1.0073267221450806,-0.0014703301712870598,0.004130799323320389,0.005823505576699972,0.031354946084320545,1.735020909589453,1.006562383636744,1.0088870320503183,-0.0023830393282367377,0.0026294828887583016,3.41401623504352e-06,,,,,,,,,,,,
3.240652886436657,grasp,,,,,,,,,,,,,,,,,,,,,1.7345359325408936,1.0078763961791992,1.0071293115615845,-0.001928233657963574,0.004082640167325735,0.005820167250931263,0.031354946084320545,1.735020909589453,1.006562383636744,1.0088870320503183,-0.0023830393282367377,0.0026294828887583016,3.41401623504352e-06,,,,,,,,,,,,
3.260652886436657,grasp,,,,,,,,,,,,,,,,,,,,,1.734633445739746,1.0056471824645996,1.0065687894821167,-0.0036694130394607782,0.003890159074217081,0.005831409245729446,0.031354946084320545,1.7350519547462366,1.002541841168691,1.0079139248149036,-0.005490376173482169,0.0026605869054986977,3.3914679251113785e-06,,,,,,,,,,,,
3.280652886436657,grasp,,,,,,,,,,,,,,,,,,,,,1.7347010374069214,1.0044527053833008,1.006304144859314,-0.004569686949253082,0.0038171198684722185,0.005824125371873379,0.031354946084320545,1.7350519547462366,1.002541841168691,1.0079139248149036,-0.005490376173482169,0.0026605869054986977,3.3914679251113785e-06,,,,,,,,,,,,
3.300652886436657,grasp,,,,,,,,,,,,,,,,,,,,,1.7347798347473145,1.0008214712142944,1.0051348209381104,-0.007419425994157791,0.0036476915702223778,0.0058297403156757355,0.031354946084320545,1.7351004146771847,0.9961598190438646,1.00639408565411,-0.010411126834087788,0.002709163805807171,3.3562539986834524e-06,,,,,,,,,,,,
3.320652886436657,grasp,,,,,,,,,,,,,,,,,,,,,1.7348394393920898,0.998898446559906,1.004624366760254,-0.008888288401067257,0.0035384551156312227,0.00583384046331048,0.031354946084320545,1.7351004146771847,0.9961598190438646,1.00639408565411,-0.010411126834087788,0.002709163805807171,3.3562539986834524e-06,,,,,,,,,,,,
3.340652886436657,grasp,,,,,,,,,,,,,,,,,,,,,1.7349599599838257,0.9935353398323059,1.0031770467758179,-0.013061190955340862,0.003318692557513714,0.005839737132191658,0.031354946084320545,1.7351690560608364,0.9870041744057744,1.0042438362754844,-0.017457204463685892,0.002777887393931598,3.306436233871106e-06,,,,,,,,,,,,
3.3606528864366565,grasp,,,,,,,,,,,,,,,,,,,,,1.7350587844848633,0.9907083511352539,1.002493977546692,-0.015211696736514568,0.003112470032647252,0.005847371183335781,0.031354946084320545,1.7351690560608364,0.9870041744057744,1.0042438362754844,-0.017457204463685892,0.002777887393931598,3.306436233871106e-06,,,,,,,,,,,,
3.380652886436657,grasp,,,,,,,,,,,,,,,,,,,,,1.7351757287979126,0.9833608865737915,1.0005409717559814,-0.020896466448903084,0.0029994307551532984,0.005851547699421644,0.031354946084320545,1.7352604307060329,0.9747355072627081,1.0013836350401462,-0.026892100508249337,0.002869302570062737,3.240169283201107e-06,,,,,,,,,,,,
3.4006528864366565,grasp,,,,,,,,,,,,,,,,,,,,,1.7352313995361328,0.9795513153076172,0.9995773434638977,-0.02382516860961914,0.002954986412078142,0.00585517892614007,0.031354946084320545,1.7352604307060329,0.9747355072627081,1.0013836350401462,-0.026892100508249337,0.002869302570062737,3.240169283201107e-06,,,,,,,,,,,,
3.4206528864366565,grasp,,,,,,,,,,,,,,,,,,,,,1.7353112697601318,0.9700018167495728,0.9973570704460144,-0.031169157475233078,0.0030015723314136267,0.005855397786945105,0.031354946084320545,1.7353764984921263,0.9590775957667338,0.9977501686658565,-0.03892873255659897,0.0029854297860230443,3.155989046686427e-06,,,,,,,,,,,,
3.4406528864366566,grasp,,,,,,,,,,,,,,,,,,,,,1.735352635383606,0.9650573134422302,0.9962543845176697,-0.03495236486196518,0.0030277222394943237,0.0058554369024932384,0.031354946084320545,1.7353764984921263,0.9590775957667338,0.9977501686658565,-0.03892873255659897,0.0029854297860230443,3.155989046686427e-06,,,,,,,,,,,,
3.4606528864366566,grasp,,,,,,,,,,,,,,,,,,,,,1.7354414463043213,0.9531969428062439,0.9934709668159485,-0.044078849256038666,0.0031108965631574392,0.005855801049619913,0.031354946084320545,1.7355189416875623,0.9398147797995036,0.9932952731219941,-0.05373218059840265,0.003127815174380246,3.052775398560362e-06,,,,,,,,,,,,
3.4806528864366566,grasp,,,,,,,,,,,,,,,,,,,,,1.7354888916015625,0.9470533132553101,0.9921044707298279,-0.048780087381601334,0.0031526365783065557,0.005855705589056015,0.031354946084320545,1.7355189416875623,0.9398147797995036,0.9932952731219941,-0.05373218059840265,0.003127815174380246,3.052775398560362e-06,,,,,,,,,,,,
3.5006528864366566,grasp,,,,,,,,,,,,,,,,,,,,,1.735593557357788,0.932756245136261,0.9887559413909912,-0.059779372066259384,0.003257493721321225,0.005855829920619726,0.031354946084320545,1.7356886851251798,0.9167895573152117,0.987985210368711,-0.07142282977845493,0.003297542071960094,2.9297414117751817e-06,,,,,,,,,,,,
3.5206528864366566,grasp,,,,,,,,,,,,,,,,,,,,,1.735649585723877,0.925351619720459,0.9871047735214233,-0.06544540077447891,0.0033105758484452963,0.005855679512023926,0.031354946084320545,1.7356886851251798,0.9167895573152117,0.987985210368711,-0.07142282977845493,0.003297542071960094,2.9297414117751817e-06,,,,,,,,,,,,
3.5406528864366567,grasp,,,,,,,,,,,,,,,,,,,,,1.7357723712921143,0.9085363149642944,0.9831771850585938,-0.0783788412809372,0.0034347204491496086,0.005855813156813383,0.031354946084320545,1.7358864871671504,0.8898995649728321,0.9817962845887831,-0.09207761177644444,0.0034953742223058294,2.7863316951682023e-06,,,,,,,,,,,,
3.5606528864366567,grasp,,,,,,,,,,,,,,,,,,,,,1.7358372211456299,0.8998286128044128,0.9812352657318115,-0.08504123240709305,0.0034976350143551826,0.0058555626310408115,0.031354946084320545,1.7358864871671504,0.8898995649728321,0.9817962845887831,-0.09207761177644444,0.0034953742223058294,2.7863316951682023e-06,,,,,,,,,,,,
3.5806528864366567,grasp,,,,,,,,,,,,,,,,,,,,,1.7359787225723267,0.8804492354393005,0.9767205119132996,-0.09994334727525711,0.0036407134030014277,0.005855722352862358,0.031354946084320545,1.7361126001850602,0.8590954094769415,0.9747165012438702,-0.11573418536627787,0.003721700072742132,2.6222638429858813e-06,,,,,,,,,,,,
3.6006528864366567,grasp,,,,,,,,,,,,,,,,,,,,,1.7360535860061646,0.8704151511192322,0.974479615688324,-0.10761994868516922,0.0037133616860955954,0.00585546949878335,0.031354946084320545,1.7361126001850602,0.8590954094769415,0.9747165012438702,-0.11573418536627787,0.003721700072742132,2.6222638429858813e-06,,,,,,,,,,,,
3.6206528864366567,grasp,,,,,,,,,,,,,,,,,,,,,1.736213207244873,0.8484594821929932,0.969377338886261,-0.12450022250413895,0.0038752551190555096,0.005855661816895008,0.031354946084320545,1.7363671810692456,0.8243778105672483,0.966743904656708,-0.1423932117317568,0.003976586622329645,2.4374904562319435e-06,,,,,,,,,,,,
3.6406528864366567,grasp,,,,,,,,,,,,,,,,,,,,,1.736297845840454,0.83709317445755,0.9668340682983398,-0.13319596648216248,0.003957596607506275,0.005855380557477474,0.031354946084320545,1.7363671810692456,0.8243778105672483,0.966743904656708,-0.1423932117317568,0.003976586622329645,2.4374904562319435e-06,,,,,,,,,,,,
3.6606528864366568,grasp,,,,,,,,,,,,,,,,,,,,,1.7364763021469116,0.8125805854797363,0.9611499309539795,-0.152040034532547,0.004138121847063303,0.005855592433363199,0.031354946084320545,1.7366499117910361,0.7857942545630584,0.9578849643948456,-0.1720200162517911,0.004259819298087634,2.2321688090372324e-06,,,,,,,,,,,,
3.680652886436657,grasp,,,,,,,,,,,,,,,,,,,,,1.7365700006484985,0.7998921275138855,0.9583026766777039,-0.16174757480621338,0.004230252467095852,0.005855296738445759,0.031354946084320545,1.7366499117910361,0.7857942545630584,0.9578849643948456,-0.1720200162517911,0.004259819298087634,2.2321688090372324e-06,,,,,,,,,,,,
3.700652886436657,grasp,,,,,,,,,,,,,,,,,,,,,1.7367669343948364,0.7728725671768188,0.9520461559295654,-0.18251921236515045,0.004429211374372244,0.005855506286025047,0.031354946084320545,1.7369607621920375,0.7434369767515069,0.948152135789989,-0.20454771993486254,0.004570989316137553,2.006598021393599e-06,,,,,,,,,,,,
3.720652886436657,grasp,,,,,,,,,,,,,,,,,,,,,1.7368706464767456,0.7588883638381958,0.9488954544067383,-0.19321998953819275,0.004530958365648985,0.005855181720107794,0.031354946084320545,1.7369607621920375,0.7434369767515069,0.948152135789989,-0.20454771993486254,0.004570989316137553,2.006598021393599e-06,,,,,,,,,,,,
3.740652886436657,grasp,,,,,,,,,,,,,,,,,,,,,1.7370858192443848,0.7294406890869141,0.9420784711837769,-0.2158629447221756,0.004748072940856218,0.005855454131960869,0.031354946084320545,1.737299489315101,0.6974415870765891,0.9375581368802509,-0.23988022620415853,0.004909665799563109,1.7610867019231296e-06,,,,,,,,,,,,
3.760652886436657,grasp,,,,,,,,,,,,,,,,,,,,,1.7371984720230103,0.7142011523246765,0.9386261105537415,-0.22752796113491058,0.004859317094087601,0.005855068564414978,0.031354946084320545,1.737299489315101,0.6974415870765891,0.9375581368802509,-0.23988022620415853,0.004909665799563109,1.7610867019231296e-06,,,,,,,,,,,,
3.780652886436657,grasp,,,,,,,,,,,,,,,,,,,,,1.7373926639556885,0.6824566125869751,0.9312346577644348,-0.25193166732788086,0.005093749612569809,0.005855349358171225,0.031354946084320545,1.7375838173782947,0.6480369143210614,0.9260591453193715,-0.2778200365158317,0.005275616200738018,1.4955505323170491e-06,,,,,,,,,,,,
3.800652886436657,grasp,,,,,,,,,,,,,,,,,,,,,1.737493872642517,0.6660298705101013,0.9274671673774719,-0.2645038366317749,0.00521516241133213,0.005854887422174215,0.031354946084320545,1.7375838173782947,0.6480369143210614,0.9260591453193715,-0.2778200365158317,0.005275616200738018,1.4955505323170491e-06,,,,,,,,,,,,
3.8206528864366565,grasp,,,,,,,,,,,,,,,,,,,,,1.7212257385253906,0.6415570974349976,0.9144593477249146,-0.27600064873695374,0.005086998920887709,0.005861154291778803,0.031354946084320545,1.703717170029692,0.6149697655620062,0.9030897304365734,-0.2881726544848891,0.005328416985267711,1.3530290983306009e-06,,,,,,,,,,,,
3.840652886436657,grasp,,,,,,,,,,,,,,,,,,,,,1.7126719951629639,0.628960371017456,0.9076005816459656,-0.2819240093231201,0.005418132990598679,0.00585151044651866,0.031354946084320545,1.703717170029692,0.6149697655620062,0.9030897304365734,-0.2881726544848891,0.005328416985267711,1.3530290983306009e-06,,,,,,,,,,,,
3.8606528864366565,grasp,,,,,,,,,,,,,,,,,,,,,1.6795172691345215,0.6120871901512146,0.8889592885971069,-0.280079185962677,0.005028050858527422,0.005860150326043367,0.031354946084320545,1.6440220050306817,0.5936081461136037,0.8715436978094483,-0.2780725173849479,0.005141641936228461,1.3055825345118017e-06,,,,,,,,,,,,
3.880652886436657,grasp,,,,,,,,,,,,,,,,,,,,,1.662172555923462,0.6034559607505798,0.8790858387947083,-0.2791290581226349,0.005464655347168446,0.005843995604664087,0.031354946084320545,1.6440220050306817,0.5936081461136037,0.8715436978094483,-0.2780725173849479,0.005141641936228461,1.3055825345118017e-06,,,,,,,,,,,,
3.9006528864366565,grasp,,,,,,,,,,,,,,,,,,,,,1.6230788230895996,0.5880860090255737,0.8581894636154175,-0.2734992206096649,0.005025710444897413,0.005853255279362202,0.031354946084320545,1.5813419521916057,0.5711751004008767,0.8384255548437621,-0.2674693134045152,0.004945565306469583,1.2557743738711185e-06,,,,,,,,,,,,
3.920652886436657,grasp,,,,,,,,,,,,,,,,,,,,,1.6026896238327026,0.5802236795425415,0.8471576571464539,-0.2705991864204407,0.0054186624474823475,0.005838125012814999,0.031354946084320545,1.5813419521916057,0.5711751004008767,0.8384255548437621,-0.2674693134045152,0.004945565306469583,1.2557743738711185e-06,,,,,,,,,,,,
3.9406528864366566,grasp,,,,,,,,,,,,,,,,,,,,,1.5607385635375977,0.5647748708724976,0.8249978423118591,-0.26374462246894836,0.00491622369736433,0.005849022883921862,0.031354946084320545,1.515983099740992,0.5477787835005621,0.8038925116532436,-0.2564136572103752,0.004741130215065419,1.2038433636525456e-06,,,,,,,,,,,,
3.9606528864366566,grasp,,,,,,,,,,,,,,,,,,,,,1.5388809442520142,0.5568733215332031,0.8133069276809692,-0.2602138817310333,0.00528547540307045,0.005835222080349922,0.031354946084320545,1.515983099740992,0.5477787835005621,0.8038925116532436,-0.2564136572103752,0.004741130215065419,1.2038433636525456e-06,,,,,,,,,,,,
3.9806528864366566,grasp,,,,,,,,,,,,,,,,,,,,,1.4950366020202637,0.5409896373748779,0.790219783782959,-0.25284162163734436,0.004746409133076668,0.005847316235303879,0.031354946084320545,1.4482736153349856,0.5235358729508848,0.7681163521734401,-0.2449606214961789,0.0045293522990836515,1.150046302578991e-06,,,,,,,,,,,,
4.000652886436657,grasp,,,,,,,,,,,,,,,,,,,,,1.4722040891647339,0.5328670740127563,0.7780395150184631,-0.24904435873031616,0.005108956713229418,0.0058336020447313786,0.031354946084320545,1.4482736153349856,0.5235358729508848,0.7681163521734401,-0.2449606214961789,0.0045293522990836515,1.150046302578991e-06,,,,,,,,,,,,
4.020652886436657,grasp,,,,,,,,,,,,,,,,,,,,,1.4268862009048462,0.516515851020813,0.7541981935501099,-0.2413705438375473,0.0045488253235816956,0.005846551153808832,0.031354946084320545,1.3785619531518687,0.49857009329387425,0.7312791160434089,-0.23316936439027922,0.004311301926518367,1.0946555123218806e-06,,,,,,,,,,,,
4.040652886436657,grasp,,,,,,,,,,,,,,,,,,,,,1.403296709060669,0.5081558227539062,0.7416180968284607,-0.23741810023784637,0.004911054857075214,0.005832568276673555,0.031354946084320545,1.3785619531518687,0.49857009329387425,0.7312791160434089,-0.23316936439027922,0.004311301926518367,1.0946555123218806e-06,,,,,,,,,,,,
4.060652886436657,grasp,,,,,,,,,,,,,,,,,,,,,1.356793761253357,0.4913918375968933,0.7171597480773926,-0.2295301854610443,0.004337997641414404,0.005845883395522833,0.031354946084320545,1.3072131158052005,0.4730114184019537,0.6935723332341573,-0.2211017217808991,0.004088138704413743,1.037965425973572e-06,,,,,,,,,,,,
4.080652886436656,grasp,,,,,,,,,,,,,,,,,,,,,1.332595944404602,0.48282182216644287,0.7042519450187683,-0.22546760737895966,0.004701025318354368,0.00583184277638793,0.031354946084320545,1.3072131158052005,0.4730114184019537,0.6935723332341573,-0.2211017217808991,0.004088138704413743,1.037965425973572e-06,,,,,,,,,,,,
4.100652886436657,grasp,,,,,,,,,,,,,,,,,,,,,1.2851659059524536,0.4657255709171295,0.6793086528778076,-0.21741995215415955,0.004119949880987406,0.005845340900123119,0.031354946084320545,1.2346051097691,0.44699541382820046,0.6551955573287982,-0.208821549070878,0.003861073262531273,9.802841105115276e-07,,,,,,,,,,,,
4.120652886436657,grasp,,,,,,,,,,,,,,,,,,,,,1.2604953050613403,0.4569874107837677,0.6661425828933716,-0.21327507495880127,0.0044829584658145905,0.0058313701301813126,0.031354946084320545,1.2346051097691,0.44699541382820046,0.6551955573287982,-0.208821549070878,0.003861073262531273,9.802841105115276e-07,,,,,,,,,,,,
4.140652886436657,grasp,,,,,,,,,,,,,,,,,,,,,1.2123953104019165,0.4396474063396454,0.6408476233482361,-0.20511379837989807,0.00389719451777637,0.005844959989190102,0.031354946084320545,1.1611269359576242,0.42066019208379096,0.616353413059759,-0.1963946866155932,0.0036312990606611035,9.2191407667069e-07,,,,,,,,,,,,
4.160652886436656,grasp,,,,,,,,,,,,,,,,,,,,,1.1873852014541626,0.43078622221946716,0.6274933218955994,-0.2009105086326599,0.004258754663169384,0.005831057205796242,0.031354946084320545,1.1611269359576242,0.42066019208379096,0.616353413059759,-0.1963946866155932,0.0036312990606611035,9.2191407667069e-07,,,,,,,,,,,,
4.180652886436657,grasp,,,,,,,,,,,,,,,,,,,,,1.1388745307922363,0.4132941663265228,0.601982831954956,-0.19268038868904114,0.0036715581081807613,0.0058446843177080154,0.031354946084320545,1.0871746885525946,0.3941464429850124,0.5772543910482886,-0.18388813703374285,0.0034000200287263743,8.631606114316555e-07,,,,,,,,,,,,
4.200652886436657,grasp,,,,,,,,,,,,,,,,,,,,,1.1136584281921387,0.40435704588890076,0.5885115265846252,-0.1884416937828064,0.0040300823748111725,0.005830918438732624,0.031354946084320545,1.0871746885525946,0.3941464429850124,0.5772543910482886,-0.18388813703374285,0.0034000200287263743,8.631606114316555e-07,,,,,,,,,,,,
4.220652886436657,grasp,,,,,,,,,,,,,,,,,,,,,1.0649999380111694,0.386806845664978,0.5629229545593262,-0.1801874339580536,0.0034443377517163754,0.005844476167112589,0.031354946084320545,1.01314795535065,0.3675968601738059,0.5381094590396037,-0.17136930757285712,0.0031685090926029244,8.043474192324525e-07,,,,,,,,,,,,
4.240652886436656,grasp,,,,,,,,,,,,,,,,,,,,,1.039713978767395,0.3778417408466339,0.5494073629379272,-0.1759362667798996,0.0037982508074492216,0.005830913782119751,0.031354946084320545,1.01314795535065,0.3675968601738059,0.5381094590396037,-0.17136930757285712,0.0031685090926029244,8.043474192324525e-07,,,,,,,,,,,,
4.260652886436657,grasp,,,,,,,,,,,,,,,,,,,,,0.9911713004112244,0.36032673716545105,0.5238786339759827,-0.16770239174365997,0.003216864075511694,0.005844421219080687,0.031354946084320545,0.9394479623460577,0.34115258290148337,0.4991291754696119,-0.15890595522469747,0.0029380491137459847,7.458009305403907e-07,,,,,,,,,,,,
4.280652886436656,grasp,,,,,,,,,,,,,,,,,,,,,0.9659522175788879,0.35138171911239624,0.5103908777236938,-0.16346175968647003,0.0035646515898406506,0.005831078160554171,0.031354946084320545,0.9394479623460577,0.34115258290148337,0.4991291754696119,-0.15890595522469747,0.0029380491137459847,7.458009305403907e-07,,,,,,,,,,,,
4.300652886436657,grasp,,,,,,,,,,,,,,,,,,,,,0.917787492275238,0.333996444940567,0.4850596785545349,-0.15529274940490723,0.0029903235845267773,0.005844505503773689,0.031354946084320545,0.8664713865477026,0.31495672813966336,0.46052450247978827,-0.14656513734900134,0.0027098582857328734,6.87831022407165e-07,,,,,,,,,,,,
4.3206528864366565,grasp,,,,,,,,,,,,,,,,,,,,,0.8927706480026245,0.325119286775589,0.47167304158210754,-0.1510854810476303,0.0033306307159364223,0.005831427872180939,0.031354946084320545,0.8664713865477026,0.31495672813966336,0.46052450247978827,-0.14656513734900134,0.0027098582857328734,6.87831022407165e-07,,,,,,,,,,,,
4.340652886436657,grasp,,,,,,,,,,,,,,,,,,,,,0.8452438116073608,0.30795568227767944,0.44667544960975647,-0.14302529394626617,0.00276605854742229,0.0058446964249014854,0.031354946084320545,0.7946110883991322,0.28914671435745887,0.42250179632964247,-0.13441323405247615,0.0024851439593110147,6.30744320765728e-07,,,,,,,,,,,,
4.3606528864366565,grasp,,,,,,,,,,,,,,,,,,,,,0.8205633759498596,0.29919350147247314,0.43346160650253296,-0.13887403905391693,0.0030974559485912323,0.005831869784742594,0.031354946084320545,0.7946110883991322,0.28914671435745887,0.42250179632964247,-0.13441323405247615,0.0024851439593110147,6.30744320765728e-07,,,,,,,,,,,,
4.380652886436657,grasp,,,,,,,,,,,,,,,,,,,,,0.7739282250404358,0.28234294056892395,0.40893107652664185,-0.1309654861688614,0.0025453506968915462,0.005844937637448311,0.031354946084320545,0.7242488255703293,0.2638606634357038,0.3852638449284621,-0.12251459295176306,0.0022651089807235883,5.748465664984545e-07,,,,,,,,,,,,
4.4006528864366565,grasp,,,,,,,,,,,,,,,,,,,,,0.7497154474258423,0.2737424671649933,0.39596027135849,-0.1268923431634903,0.002866503084078431,0.005832446273416281,0.031354946084320545,0.7242488255703293,0.2638606634357038,0.3852638449284621,-0.12251459295176306,0.0022651089807235883,5.748465664984545e-07,,,,,,,,,,,,
4.420652886436657,grasp,,,,,,,,,,,,,,,,,,,,,0.7042192220687866,0.2572925090789795,0.3720260262489319,-0.11917722970247269,0.0023292696569114923,0.0058450847864151,0.031354946084320545,0.6557560541316726,0.23922861495989392,0.3490054007735716,-0.1109318227200797,0.0020509257215117252,5.204354017755279e-07,,,,,,,,,,,,
4.440652886436657,grasp,,,,,,,,,,,,,,,,,,,,,0.6806015968322754,0.24889825284481049,0.35936692357063293,-0.11520369350910187,0.0026390892453491688,0.005833036731928587,0.031354946084320545,0.6557560541316726,0.23922861495989392,0.3490054007735716,-0.1109318227200797,0.0020509257215117252,5.204354017755279e-07,,,,,,,,,,,,
4.460652886436657,grasp,,,,,,,,,,,,,,,,,,,,,0.636481761932373,0.23293423652648926,0.3361532390117645,-0.10772213339805603,0.0021191600244492292,0.005845184903591871,0.031354946084320545,0.5894869256077958,0.21537822496104003,0.3139140141398161,-0.09972487825825012,0.0018436982086317152,4.6779134369339365e-07,,,,,,,,,,,,
4.480652886436657,grasp,,,,,,,,,,,,,,,,,,,,,0.6135818958282471,0.2247897982597351,0.3238718509674072,-0.10386884212493896,0.0024162179324775934,0.005833817645907402,0.031354946084320545,0.5894869256077958,0.21537822496104003,0.3139140141398161,-0.09972487825825012,0.0018436982086317152,4.6779134369339365e-07,,,,,,,,,,,,
4.500652886436657,grasp,,,,,,,,,,,,,,,,,,,,,0.5710636973381042,0.20939290523529053,0.30149683356285095,-0.0966591089963913,0.001915851840749383,0.005845345091074705,0.031354946084320545,0.5257769448713513,0.19242992593264216,0.2801671680756167,-0.08895063739414566,0.0016444709571078035,4.171797532625791e-07,,,,,,,,,,,,
4.520652886436657,grasp,,,,,,,,,,,,,,,,,,,,,0.5489980578422546,0.20153938233852386,0.2896563708782196,-0.09294573217630386,0.002199009293690324,0.005834723822772503,0.031354946084320545,0.5257769448713513,0.19242992593264216,0.2801671680756167,-0.08895063739414566,0.0016444709571078035,4.171797532625791e-07,,,,,,,,,,,,
4.540652886436657,grasp,,,,,,,,,,,,,,,,,,,,,0.5082938075065613,0.18678490817546844,0.268230140209198,-0.08604373037815094,0.001720589236356318,0.005845875013619661,0.031354946084320545,0.46494083868103153,0.17049389466410556,0.24792974476047633,-0.07866228761562705,0.001454225305706065,3.688502316704558e-07,,,,,,,,,,,,
4.560652886436657,grasp,,,,,,,,,,,,,,,,,,,,,0.4871717393398285,0.1792604923248291,0.2568889558315277,-0.08248886466026306,0.0019888454116880894,0.005835694260895252,0.031354946084320545,0.46494083868103153,0.17049389466410556,0.24792974476047633,-0.07866228761562705,0.001454225305706065,3.688502316704558e-07,,,,,,,,,,,,
4.580652886436656,grasp,,,,,,,,,,,,,,,,,,,,,0.44847702980041504,0.16521956026554108,0.2365146279335022,-0.07592763751745224,0.0015342108672484756,0.005846524145454168,0.031354946084320545,0.40726555160219424,0.14967558936134495,0.21735499236623831,-0.06890829484883854,0.0012738591959555164,3.230311618117757e-07,,,,,,,,,,,,
4.600652886436657,grasp,,,,,,,,,,,,,,,,,,,,,0.4283994436264038,0.15806056559085846,0.22572754323482513,-0.07254820317029953,0.0017866991693153977,0.00583666330203414,0.031354946084320545,0.40726555160219424,0.14967558936134495,0.21735499236623831,-0.06890829484883854,0.0012738591959555164,3.230311618117757e-07,,,,,,,,,,,,
4.620652886436657,grasp,,,,,,,,,,,,,,,,,,,,,0.3918922543525696,0.14479710161685944,0.20649860799312592,-0.06635788828134537,0.0013577383942902088,0.005847088992595673,0.031354946084320545,0.35301111648184746,0.13006751614839115,0.18857958338144973,-0.059732662876010215,0.0011041884627224874,2.799294655476476e-07,,,,,,,,,,,,
4.640652886436657,grasp,,,,,,,,,,,,,,,,,,,,,0.37295112013816833,0.13803572952747345,0.19631531834602356,-0.0631694421172142,0.0015936008421704173,0.005837677977979183,0.031354946084320545,0.35301111648184746,0.13006751614839115,0.18857958338144973,-0.059732662876010215,0.0011041884627224874,2.799294655476476e-07,,,,,,,,,,,,
4.660652886436656,grasp,,,,,,,,,,,,,,,,,,,,,0.3387889266014099,0.12560556828975677,0.17831449210643768,-0.057376716285943985,0.0011918597156181931,0.005847486201673746,0.031354946084320545,0.3024062798701101,0.11175006816947987,0.16172274602317327,-0.05117413322997763,0.0009459324348971394,2.397274249297114e-07,,,,,,,,,,,,
4.680652886436657,grasp,,,,,,,,,,,,,,,,,,,,,0.32106587290763855,0.11927017569541931,0.16877906024456024,-0.05439307913184166,0.0014101059641689062,0.005838821642100811,0.031354946084320545,0.3024062798701101,0.11175006816947987,0.16172274602317327,-0.05117413322997763,0.0009459324348971394,2.397274249297114e-07,,,,,,,,,,,,
4.700652886436657,grasp,,,,,,,,,,,,,,,,,,,,,0.28938373923301697,0.1077236533164978,0.15207411348819733,-0.049020808190107346,0.0010371351381763816,0.005847960710525513,0.031354946084320545,0.2556425373194718,0.09479454886817289,0.1368869803156712,-0.04326510438870887,0.0007996889636888268,2.025767300816762e-07,,,,,,,,,,,,
4.720652886436657,grasp,,,,,,,,,,,,,,,,,,,,,0.272948294878006,0.10183944553136826,0.14322376251220703,-0.0462537482380867,0.0012374079087749124,0.00583996856585145,0.031354946084320545,0.2556425373194718,0.09479454886817289,0.1368869803156712,-0.04326510438870887,0.0007996889636888268,2.025767300816762e-07,,,,,,,,,,,,
4.740652886436656,grasp,,,,,,,,,,,,,,,,,,,,,0.24385634064674377,0.09121600538492203,0.12787629663944244,-0.0413205660879612,0.000894465483725071,0.005848350003361702,0.031354946084320545,0.21287391408778483,0.07925673521459144,0.11415406916619054,-0.036031560699820324,0.0006659340026997221,1.6859854647683893e-07,,,,,,,,,,,,
4.760652886436657,grasp,,,,,,,,,,,,,,,,,,,,,0.22876541316509247,0.08580289781093597,0.11974403262138367,-0.03877965360879898,0.0010758830467239022,0.005841206759214401,0.031354946084320545,0.21287391408778483,0.07925673521459144,0.11415406916619054,-0.036031560699820324,0.0006659340026997221,1.6859854647683893e-07,,,,,,,,,,,,
4.780652886436656,grasp,,,,,,,,,,,,,,,,,,,,,0.20234748721122742,0.07613419741392136,0.10579393059015274,-0.034299712628126144,0.0007637872477062047,0.005848843138664961,0.031354946084320545,0.17421284892973102,0.06517740319694315,0.09358386413039722,-0.029492475827067446,0.0005450155167453431,1.3788143495173406e-07,,,,,,,,,,,,
4.800652886436657,grasp,,,,,,,,,,,,,,,,,,,,,0.18864449858665466,0.07120789587497711,0.09840182960033417,-0.03199227526783943,0.0009261425002478063,0.005842385347932577,0.031354946084320545,0.17421284892973102,0.06517740319694315,0.09358386413039722,-0.029492475827067446,0.0005450155167453431,1.3788143495173406e-07,,,,,,,,,,,,
4.8206528864366565,grasp,,,,,,,,,,,,,,,,,,,,,0.1649557650089264,0.06251289695501328,0.08588116616010666,-0.027974933385849,0.0006457356503233314,0.005849251989275217,0.031354946084320545,0.13972735310150486,0.05258042213260273,0.07521227712692954,-0.023659397971846297,0.00043714918885027283,1.104801027145891e-07,,,,,,,,,,,,
4.840652886436657,grasp,,,,,,,,,,,,,,,,,,,,,0.15266916155815125,0.05808302015066147,0.07924610376358032,-0.025905773043632507,0.000788645469583571,0.005843569058924913,0.031354946084320545,0.13972735310150486,0.05258042213260273,0.07521227712692954,-0.023659397971846297,0.00043714918885027283,1.104801027145891e-07,,,,,,,,,,,,
4.8606528864366565,grasp,,,,,,,,,,,,,,,,,,,,,0.13173243403434753,0.05037325993180275,0.06816661357879639,-0.02235500141978264,0.0005401670350693166,0.0058496687561273575,0.031354946084320545,0.1094343778431722,0.0414776045783562,0.05905197513566684,-0.018535321003812843,0.0003423949089517651,8.640955382604537e-08,,,,,,,,,,,,
4.880652886436657,grasp,,,,,,,,,,,,,,,,,,,,,0.12087389826774597,0.046445298939943314,0.06229585036635399,-0.020526155829429626,0.0006639225175604224,0.005844742525368929,0.031354946084320545,0.1094343778431722,0.0414776045783562,0.05905197513566684,-0.018535321003812843,0.0003423949089517651,8.640955382604537e-08,,,,,,,,,,,,
4.9006528864366565,grasp,,,,,,,,,,,,,,,,,,,,,0.1026800274848938,0.039718471467494965,0.052653055638074875,-0.017440414056181908,0.0004472662403713912,0.00585005572065711,0.031354946084320545,0.08330238377200883,0.03185818207164249,0.045085912847377396,-0.01411492549580299,0.0002606554086692079,6.564502151836271e-08,,,,,,,,,,,,
4.920652886436657,grasp,,,,,,,,,,,,,,,,,,,,,0.09324479103088379,0.03629111126065254,0.04754442721605301,-0.015851082280278206,0.0005519295809790492,0.005845809821039438,0.031354946084320545,0.08330238377200883,0.03185818207164249,0.045085912847377396,-0.01411492549580299,0.0002606554086692079,6.564502151836271e-08,,,,,,,,,,,,
4.940652886436657,grasp,,,,,,,,,,,,,,,,,,,,,0.0777508020401001,0.030530421063303947,0.03931376338005066,-0.013223047368228436,0.00036672636633738875,0.005850333720445633,0.031354946084320545,0.061247583183346194,0.02368869658641844,0.0332659420212964,-0.010383951658396985,0.00019166497270117584,4.811910658853895e-08,,,,,,,,,,,,
4.960652886436657,grasp,,,,,,,,,,,,,,,,,,,,,0.06971650570631027,0.02759479358792305,0.034955184906721115,-0.011869441717863083,0.000452865322586149,0.005846913903951645,0.031354946084320545,0.061247583183346194,0.02368869658641844,0.0332659420212964,-0.010383951658396985,0.00019166497270117584,4.811910658853895e-08,,,,,,,,,,,,
4.980652886436657,grasp,,,,,,,,,,,,,,,,,,,,,0.0568409264087677,0.022772079333662987,0.028092538937926292,-0.009685288183391094,0.00029827927937731147,0.005850672721862793,0.031354946084320545,0.04312529411582904,0.01691974554501387,0.02351600002979179,-0.007317887027612245,0.00013496848339695944,3.371627243631903e-08,,,,,,,,,,,,
5.000652886436657,grasp,,,,,,,,,,,,,,,,,,,,,0.05016521364450455,0.020314108580350876,0.024459507316350937,-0.008560318499803543,0.00036659359466284513,0.005847941152751446,0.031354946084320545,0.04312529411582904,0.01691974554501387,0.02351600002979179,-0.007317887027612245,0.00013496848339695944,3.371627243631903e-08,,,,,,,,,,,,
5.020652886436657,grasp,,,,,,,,,,,,,,,,,,,,,0.03978365287184715,0.016392074525356293,0.01890515349805355,-0.006798950489610434,0.00024113628023769706,0.005851030815392733,0.031354946084320545,0.02872273259094212,0.011490696700657733,0.015733693089468516,-0.004880821619584949,8.990152312494053e-05,2.226776986652719e-08,,,,,,,,,,,,
5.040652886436657,grasp,,,,,,,,,,,,,,,,,,,,,0.03440181538462639,0.014392664656043053,0.01596635766327381,-0.005891748238354921,0.00029307190561667085,0.005848824046552181,0.031354946084320545,0.02872273259094212,0.011490696700657733,0.015733693089468516,-0.004880821619584949,8.990152312494053e-05,2.226776986652719e-08,,,,,,,,,,,,
5.060652886436657,grasp,,,,,,,,,,,,,,,,,,,,,0.02634560503065586,0.011322769336402416,0.011639989912509918,-0.004524671006947756,0.0001949171128217131,0.005851229652762413,0.031354946084320545,0.017759772449441907,0.007322026985884875,0.009785290044018707,-0.0030255272724650727,5.5591510401902367e-05,1.3551921108392393e-08,,,,,,,,,,,,
5.080652886436656,grasp,,,,,,,,,,,,,,,,,,,,,0.02217014878988266,0.009757093153893948,0.009352809749543667,-0.0038205550517886877,0.0002316885074833408,0.005849707406014204,0.031354946084320545,0.017759772449441907,0.007322026985884875,0.009785290044018707,-0.0030255272724650727,5.5591510401902367e-05,1.3551921108392393e-08,,,,,,,,,,,,
5.100652886436657,grasp,,,,,,,,,,,,,,,,,,,,,0.016225239261984825,0.007478019688278437,0.006151515990495682,-0.0028115948662161827,0.00015828960749786347,0.0058515360578894615,0.031354946084320545,0.009886283334551904,0.0043133974026753705,0.005503168273658506,-0.001692973404283672,3.094800748495962e-05,7.291690759247175e-09,,,,,,,,,,,,
5.120652886436657,grasp,,,,,,,,,,,,,,,,,,,,,0.013144941069185734,0.006314634811133146,0.004461165517568588,-0.0022919245529919863,0.00018202447972726077,0.00585053488612175,0.031354946084320545,0.009886283334551904,0.0043133974026753705,0.005503168273658506,-0.001692973404283672,3.094800748495962e-05,7.291690759247175e-09,,,,,,,,,,,,
5.140652886436657,grasp,,,,,,,,,,,,,,,,,,,,,0.009055323898792267,0.0047416286543011665,0.0022561615332961082,-0.001597746042534709,0.00013061100617051125,0.005851727910339832,0.031354946084320545,0.004690517648880029,0.002324338888948636,0.0026748851621566016,-0.0008135879024284974,1.4685010415430318e-05,3.16037730937006e-09,,,,,,,,,,,,
5.160652886436656,grasp,,,,,,,,,,,,,,,,,,,,,0.006937274243682623,0.003937101922929287,0.0010945888934656978,-0.0012402166612446308,0.00014317428576759994,0.005851134192198515,0.031354946084320545,0.004690517648880029,0.002324338888948636,0.0026748851621566016,-0.0008135879024284974,1.4685010415430318e-05,3.16037730937006e-09,,,,,,,,,,,,
5.180652886436657,grasp,,,,,,,,,,,,,,,,,,,,,0.004403190221637487,0.002943055471405387,9.120862523559481e-05,-0.000809599063359201,0.000111491943243891,0.005852209869772196,0.031354946084320545,0.0016939785422994027,0.001176235303142887,0.0010430835578791305,-0.00030641590539044376,5.30554252095444e-06,7.776977367607807e-10,,,,,,,,,,,,
5.200652886436657,grasp,,,,,,,,,,,,,,,,,,,,,0.0030917893163859844,0.0024263174273073673,0.00013161671813577414,-0.0005876753129996359,0.00011628035281319171,0.005851795896887779,0.031354946084320545,0.0016939785422994027,0.001176235303142887,0.0010430835578791305,-0.00030641590539044376,5.30554252095444e-06,7.776977367607807e-10,,,,,,,,,,,,
5.220652886436657,grasp,,,,,,,,,,,,,,,,,,,,,0.001766968984156847,0.001912406412884593,0.0001297049457207322,-0.0003626881807576865,9.808216418605298e-05,0.0058522275649011135,0.031354946084320545,0.00034333743315427626,0.0006587504148995115,0.0003075784927664194,-7.781641054458603e-05,1.0779011713470533e-06,-2.9625597258747783e-10,,,,,,,,,,,,
5.240652886436656,grasp,,,,,,,,,,,,,,,,,,,,,0.0010821783216670156,0.0016465896042063832,0.00012924140901304781,-0.0002467320009600371,9.673545719124377e-05,0.005852195899933577,0.031354946084320545,0.00034333743315427626,0.0006587504148995115,0.0003075784927664194,-7.781641054458603e-05,1.0779011713470533e-06,-2.9625597258747783e-10,,,,,,,,,,,,
5.260652886436657,grasp,,,,,,,,,,,,,,,,,,,,,0.0005684642237611115,0.0014476043870672584,0.00013095809845253825,-0.00015940995945129544,8.771980355959386e-05,0.0058524347841739655,0.031354946084320545,6.515849789336163e-06,0.0005297005299046911,0.0001241589441594727,-2.0808495476571828e-05,2.3616029545633932e-08,-5.640775061889156e-10,,,,,,,,,,,,
5.276468994482477,grasp,,,,,,,,,,,,,,,,,,,,,0.00030016450909897685,0.0013438531896099448,0.00013050467532593757,-0.00011390126019250602,8.362466178368777e-05,0.0058525544591248035,0.031354946084320545,-8.683033314582644e-08,0.0005271707777865231,0.00012056338891852647,-1.9690975022967905e-05,2.948982391615118e-09,-5.69327585075996e-10,,,,,,,,,,,,
