timestamp,phase,base_pos_x,base_pos_y,base_pos_z,base_yaw,base_quat_w,base_quat_x,base_quat_y,base_quat_z,base_lin_vel_x_body,base_lin_vel_y_body,base_ang_vel_z_body,cmd_vx,cmd_vy,cmd_wz,ee_pos_x,ee_pos_y,ee_pos_z,ee_roll,ee_pitch,ee_yaw,arm_joint1,arm_joint2,arm_joint3,arm_joint4,arm_joint5,arm_joint6,gripper,arm_action_joint1,arm_action_joint2,arm_action_joint3,arm_action_joint4,arm_action_joint5,arm_action_joint6,gripper_action,object_pos_x,object_pos_y,object_pos_z,object_quat_w,object_quat_x,object_quat_y,object_quat_z,front_image,wrist_image,success,failure_reason
0.0,grasp,,,,,,,,,,,,,,,,,,,,,,,,,,,4.326487442085636e-05,,,,,,,0.043,,,,,,,,,,,
0.02,grasp,,,,,,,,,,,,,,,,,,,,,,,,,,,5.751446042268071e-05,,,,,,,0.043,,,,,,,,,,,
0.04,grasp,,,,,,,,,,,,,,,,,,,,,,,,,,,0.00015265784895746037,,,,,,,0.043,,,,,,,,,,,
0.06,grasp,,,,,,,,,,,,,,,,,,,,,,,,,,,0.0003808685432886705,,,,,,,0.043,,,,,,,,,,,
0.08,grasp,,,,,,,,,,,,,,,,,,,,,,,,,,,0.0007657819078303874,,,,,,,0.043,,,,,,,,,,,
0.1,grasp,,,,,,,,,,,,,,,,,,,,,,,,,,,0.0013382351025938988,,,,,,,0.043,,,,,,,,,,,
0.12,grasp,,,,,,,,,,,,,,,,,,,,,,,,,,,0.0021161832846701145,,,,,,,0.043,,,,,,,,,,,
0.14,grasp,,,,,,,,,,,,,,,,,,,,,,,,,,,0.003105690819211304,,,,,,,0.043,,,,,,,,,,,
0.16,grasp,,,,,,,,,,,,,,,,,,,,,,,,,,,0.004310952732339501,,,,,,,0.043,,,,,,,,,,,
0.18,grasp,,,,,,,,,,,,,,,,,,,,,,,,,,,0.0057268880773335695,,,,,,,0.043,,,,,,,,,,,
0.2,grasp,,,,,,,,,,,,,,,,,,,,,,,,,,,0.0073422694113105536,,,,,,,0.043,,,,,,,,,,,
0.22,grasp,,,,,,,,,,,,,,,,,,,,,,,,,,,0.009142299182713032,,,,,,,0.043,,,,,,,,,,,
0.24,grasp,,,,,,,,,,,,,,,,,,,,,,,,,,,0.011106603313237429,,,,,,,0.043,,,,,,,,,,,
0.26,grasp,,,,,,,,,,,,,,,,,,,,,,,,,,,0.013210790697485209,,,,,,,0.043,,,,,,,,,,,
0.28,grasp,,,,,,,,,,,,,,,,,,,,,,,,,,,0.015428519807755947,,,,,,,0.043,,,,,,,,,,,
0.3,grasp,,,,,,,,,,,,,,,,,,,,,,,,,,,0.01772980112582445,,,,,,,0.043,,,,,,,,,,,
0.32,grasp,,,,,,,,,,,,,,,,,,,,,,,,,,,0.020083113573491573,,,,,,,0.043,,,,,,,,,,,
0.34,grasp,,,,,,,,,,,,,,,,,,,,,,,,,,,0.022456595674157143,,,,,,,0.043,,,,,,,,,,,
0.36,grasp,,,,,,,,,,,,,,,,,,,,,,,,,,,0.024817111901938915,,,,,,,0.043,,,,,,,,,,,
0.38,grasp,,,,,,,,,,,,,,,,,,,,,,,,,,,0.02713183593004942,,,,,,,0.043,,,,,,,,,,,
0.4,grasp,,,,,,,,,,,,,,,,,,,,,,,,,,,0.02936986368149519,,,,,,,0.043,,,,,,,,,,,
0.42,grasp,,,,,,,,,,,,,,,,,,,,,,,,,,,0.03150054253637791,,,,,,,0.043,,,,,,,,,,,
0.44,grasp,,,,,,,,,,,,,,,,,,,,,,,,,,,0.033496592193841934,,,,,,,0.043,,,,,,,,,,,
0.46,grasp,,,,,,,,,,,,,,,,,,,,,,,,,,,0.03533327579498291,,,,,,,0.043,,,,,,,,,,,
0.48,grasp,,,,,,,,,,,,,,,,,,,,,,,,,,,0.03698937967419624,,,,,,,0.043,,,,,,,,,,,
0.5,grasp,,,,,,,,,,,,,,,,,,,,,,,,,,,0.038448574021458626,,,,,,,0.043,,,,,,,,,,,
0.52,grasp,,,,,,,,,,,,,,,,,,,,,,,,,,,0.03969915211200714,,,,,,,0.043,,,,,,,,,,,
0.54,grasp,,,,,,,,,,,,,,,,,,,,,,,,,,,0.04073489271104336,,,,,,,0.043,,,,,,,,,,,
0.56,grasp,,,,,,,,,,,,,,,,,,,,,,,,,,,0.041556768119335175,,,,,,,0.043,,,,,,,,,,,
0.58,grasp,,,,,,,,,,,,,,,,,,,,,,,,,,,0.042172085493803024,,,,,,,0.043,,,,,,,,,,,
0.6,grasp,,,,,,,,,,,,,,,,,,,,,,,,,,,0.04259612411260605,,,,,,,0.043,,,,,,,,,,,
0.62,grasp,,,,,,,,,,,,,,,,,,,,,,,,,,,0.04285290278494358,,,,,,,0.043,,,,,,,,,,,
0.64,grasp,,,,,,,,,,,,,,,,,,,,,,,,,,,0.04297495819628239,,,,,,,0.043,,,,,,,,,,,
0.66,grasp,,,,,,,,,,,,,,,,,,,,,,,,,,,0.043005311861634254,,,,,,,0.043,,,,,,,,,,,
0.68,grasp,,,,,,,,,,,,,,,,,,,,,,,,,,,0.04299857094883919,,,,,,,0.043,,,,,,,,,,,
0.68,grasp,,,,,,,,,,,,,,,,,,,,,0.003125557443127036,0.010112142190337181,0.014316120184957981,0.008125080727040768,-0.019984757527709007,-0.0031697042286396027,0.04299857094883919,0.0031254440546035767,0.009575262665748596,0.016409415751695633,0.008144810795783997,-0.019979896023869514,-0.0031698052771389484,,,,,,,,,,,,
0.7000000000000001,grasp,,,,,,,,,,,,,,,,,,,,,0.0031255558133125305,0.01011670008301735,0.01429865974932909,0.008124906569719315,-0.01998472586274147,-0.0031696998048573732,0.04299857094883919,0.0031254440546035767,0.009575262665748596,0.016409415751695633,0.008144810795783997,-0.019979896023869514,-0.0031698052771389484,,,,,,,,,,,,
0.7200000000000001,grasp,,,,,,,,,,,,,,,,,,,,,0.0031994041055440903,0.010152311995625496,0.014332545921206474,0.008114197291433811,-0.019983243197202682,-0.0031695994548499584,0.04299857094883919,0.003281294757765764,0.009643984936792175,0.016498310614023164,0.008122875885140058,-0.01997820515846924,-0.0031695751153107787,,,,,,,,,,,,
0.74,grasp,,,,,,,,,,,,,,,,,,,,,0.0032383676152676344,0.010170439258217812,0.01435104664415121,0.008108681999146938,-0.019983382895588875,-0.0031695289071649313,0.04299857094883919,0.003281294757765764,0.009643984936792175,0.016498310614023164,0.008122875885140058,-0.01997820515846924,-0.0031695751153107787,,,,,,,,,,,,
0.76,grasp,,,,,,,,,,,,,,,,,,,,,0.003764541121199727,0.010404815897345543,0.014649012126028538,0.008033884689211845,-0.019972285255789757,-0.0031688648741692305,0.04299857094883919,0.00433624184976308,0.010109158394291683,0.01710003672798159,0.007974399092424278,-0.019966756319743137,-0.0031680160146088498,,,,,,,,,,,,
0.78,grasp,,,,,,,,,,,,,,,,,,,,,0.004037676844745874,0.010524919256567955,0.014808573760092258,0.00799533724784851,-0.019974473863840103,-0.0031683442648500204,0.04299857094883919,0.00433624184976308,0.010109158394291683,0.01710003672798159,0.007974399092424278,-0.019966756319743137,-0.0031680160146088498,,,,,,,,,,,,
0.8,grasp,,,,,,,,,,,,,,,,,,,,,0.0055121504701673985,0.011173048987984657,0.015644727274775505,0.0077873170375823975,-0.01994428224861622,-0.003166481386870146,0.04299857094883919,0.007095084556304856,0.011325656114445925,0.01867363894995028,0.007586110059186384,-0.019936814628142348,-0.0031639388023057134,,,,,,,,,,,,
0.8200000000000001,grasp,,,,,,,,,,,,,,,,,,,,,0.006276970729231834,0.011506102047860622,0.01609118841588497,0.007680066861212254,-0.019950220361351967,-0.003165030386298895,0.04299857094883919,0.007095084556304856,0.011325656114445925,0.01867363894995028,0.007586110059186384,-0.019936814628142348,-0.0031639388023057134,,,,,,,,,,,,
0.8400000000000001,grasp,,,,,,,,,,,,,,,,,,,,,0.009169506840407848,0.01278385054320097,0.017730413004755974,0.007272325921803713,-0.01989268884062767,-0.003161335363984108,0.04299857094883919,0.012263338994688872,0.013604556272059216,0.021621526683868315,0.006858712109632472,-0.01988072489277041,-0.0031563004352209087,,,,,,,,,,,,
0.8600000000000001,grasp,,,,,,,,,,,,,,,,,,,,,0.010669597424566746,0.01343495398759842,0.01860380545258522,0.007062109187245369,-0.019903147593140602,-0.0031585318502038717,0.04299857094883919,0.012263338994688872,0.013604556272059216,0.021621526683868315,0.006858712109632472,-0.01988072489277041,-0.0031563004352209087,,,,,,,,,,,,
0.8800000000000001,grasp,,,,,,,,,,,,,,,,,,,,,0.015400263480842113,0.015528141520917416,0.02128521166741848,0.006395332049578428,-0.019810888916254044,-0.0031524437945336103,0.04299857094883919,0.020451849401108606,0.017213667464804853,0.026291599027527274,0.005706257754214103,-0.019791858399550603,-0.0031441990575928817,,,,,,,,,,,,
0.9,grasp,,,,,,,,,,,,,,,,,,,,,0.01785266399383545,0.016595037654042244,0.022710446268320084,0.006051596719771624,-0.019826360046863556,-0.0031478935852646828,0.04299857094883919,0.020451849401108606,0.017213667464804853,0.026291599027527274,0.005706257754214103,-0.019791858399550603,-0.0031441990575928817,,,,,,,,,,,,
0.92,grasp,,,,,,,,,,,,,,,,,,,,,0.02478521317243576,0.019660810008645058,0.026638811454176903,0.005074512213468552,-0.019693033769726753,-0.0031389256473630667,0.04299857094883919,0.03218156206317466,0.02237774738014528,0.03297932186502603,0.004055508013737804,-0.019664568778978635,-0.0031268651942441216,,,,,,,,,,,,
0.9400000000000001,grasp,,,,,,,,,,,,,,,,,,,,,0.028378112241625786,0.021224094554781914,0.02872444875538349,0.004570859018713236,-0.01971391774713993,-0.003132306970655918,0.04299857094883919,0.03218156206317466,0.02237774738014528,0.03297932186502603,0.004055508013737804,-0.019664568778978635,-0.0031268651942441216,,,,,,,,,,,,
0.9600000000000001,grasp,,,,,,,,,,,,,,,,,,,,,0.037819359451532364,0.02539362944662571,0.03407241404056549,0.0032402779906988144,-0.019534161314368248,-0.0031200407538563013,0.04299857094883919,0.04788689637280724,0.02928148312757771,0.041930162653212484,0.001845432703444643,-0.019494149363291153,-0.0031036580868597946,,,,,,,,,,,,
0.98,grasp,,,,,,,,,,,,,,,,,,,,,0.0427115261554718,0.027520334348082542,0.036909352988004684,0.002554454142227769,-0.019560758024454117,-0.003111080266535282,0.04299857094883919,0.04788689637280724,0.02928148312757771,0.041930162653212484,0.001845432703444643,-0.019494149363291153,-0.0031036580868597946,,,,,,,,,,,,
1.0,grasp,,,,,,,,,,,,,,,,,,,,,0.05491362884640694,0.03289872780442238,0.04381774738430977,0.0008349374402314425,-0.019330136477947235,-0.0030951756052672863,0.04299857094883919,0.06792063130011784,0.03806947203921879,0.053341644045887184,-0.0009734410750907472,-0.019276784395466828,-0.00307405836416067,,,,,,,,,,,,
1.02,grasp,,,,,,,,,,,,,,,,,,,,,0.06123550981283188,0.03564264252781868,0.04747999459505081,-5.1329661800991744e-05,-0.01936265267431736,-0.0030836518853902817,0.04299857094883919,0.06792063130011784,0.03806947203921879,0.053341644045887184,-0.0009734410750907472,-0.019276784395466828,-0.00307405836416067,,,,,,,,,,,,
1.04,grasp,,,,,,,,,,,,,,,,,,,,,0.07639800012111664,0.042310576885938644,0.05605944246053696,-0.0021877626422792673,-0.019077714532613754,-0.0030638312455266714,0.04299857094883919,0.09255669592394472,0.048850350917781886,0.06736592078471537,-0.004439465534745682,-0.019009517361893262,-0.0030376630805503215,,,,,,,,,,,,
1.06,grasp,,,,,,,,,,,,,,,,,,,,,0.08425281941890717,0.04571302607655525,0.060604918748140335,-0.003288913518190384,-0.01911626197397709,-0.0030495752580463886,0.04299857094883919,0.09255669592394472,0.048850350917781886,0.06736592078471537,-0.004439465534745682,-0.019009517361893262,-0.0030376630805503215,,,,,,,,,,,,
1.08,grasp,,,,,,,,,,,,,,,,,,,,,0.1025228276848793,0.0537322536110878,0.07093778252601624,-0.00586294662207365,-0.01877444051206112,-0.0030256363097578287,0.04299857094883919,0.12198987072853734,0.06170710011882011,0.08411314096975402,-0.00857999295658422,-0.018690238958737018,-0.002994184967033363,,,,,,,,,,,,
1.1,grasp,,,,,,,,,,,,,,,,,,,,,0.11198674887418747,0.057824935764074326,0.07640945911407471,-0.007189652416855097,-0.0188190508633852,-0.0030085258185863495,0.04299857094883919,0.12198987072853734,0.06170710011882011,0.08411314096975402,-0.00857999295658422,-0.018690238958737018,-0.002994184967033363,,,,,,,,,,,,
1.12,grasp,,,,,,,,,,,,,,,,,,,,,0.13346219062805176,0.06723874062299728,0.08855140954256058,-0.01021506916731596,-0.018418727442622185,-0.0029803228098899126,0.04299857094883919,0.15634163022467074,0.07669513574958171,0.1036532842970813,-0.013412133069234534,-0.018317631683316092,-0.002943444943656572,,,,,,,,,,,,
1.1400000000000001,grasp,,,,,,,,,,,,,,,,,,,,,0.14458580315113068,0.07204394787549973,0.09497808665037155,-0.011774439364671707,-0.01846935600042343,-0.002960286568850279,0.04299857094883919,0.15634163022467074,0.07669513574958171,0.1036532842970813,-0.013412133069234534,-0.018317631683316092,-0.002943444943656572,,,,,,,,,,,,
1.1600000000000001,grasp,,,,,,,,,,,,,,,,,,,,,0.16931882500648499,0.08287625014781952,0.10895926505327225,-0.015258587896823883,-0.018009645864367485,-0.002927738707512617,0.04299857094883919,0.19566610815940383,0.09384018868492551,0.12601790205830277,-0.01894352659878322,-0.01789110421063383,-0.0028853624899524677,,,,,,,,,,,,
1.1800000000000002,grasp,,,,,,,,,,,,,,,,,,,,,0.18212926387786865,0.08840648084878922,0.11635592579841614,-0.017054416239261627,-0.018066277727484703,-0.002904735039919615,0.04299857094883919,0.19566610815940383,0.09384018868492551,0.12601790205830277,-0.01894352659878322,-0.01789110421063383,-0.0028853624899524677,,,,,,,,,,,,
1.2000000000000002,grasp,,,,,,,,,,,,,,,,,,,,,0.2101294994354248,0.1006615087389946,0.13218222558498383,-0.020998716354370117,-0.017546972259879112,-0.0028678213711827993,0.04299857094883919,0.23995512476750386,0.1131379546476725,0.15120215412959515,-0.02517304177255368,-0.017410745150522124,-0.0028199494999093994,,,,,,,,,,,,
1.2200000000000002,grasp,,,,,,,,,,,,,,,,,,,,,0.22463183104991913,0.10691917687654495,0.14055126905441284,-0.023031743243336678,-0.017609532922506332,-0.0028418602887541056,0.04299857094883919,0.23995512476750386,0.1131379546476725,0.15120215412959515,-0.02517304177255368,-0.017410745150522124,-0.0028199494999093994,,,,,,,,,,,,
1.2400000000000002,grasp,,,,,,,,,,,,,,,,,,,,,0.2558692693710327,0.12058301270008087,0.1582057923078537,-0.027431990951299667,-0.01703110709786415,-0.002800608752295375,0.04299857094883919,0.28914129998351623,0.13455764037928292,0.1791672917035183,-0.032091209946149106,-0.0168772833809569,-0.0027473051625176255,,,,,,,,,,,,
1.26,grasp,,,,,,,,,,,,,,,,,,,,,0.2720479667186737,0.1275613158941269,0.16753730177879333,-0.029700035229325294,-0.01709946058690548,-0.0027717319317162037,0.04299857094883919,0.28914129998351623,0.13455764037928292,0.1791672917035183,-0.032091209946149106,-0.0168772833809569,-0.0027473051625176255,,,,,,,,,,,,
1.28,grasp,,,,,,,,,,,,,,,,,,,,,0.3064548671245575,0.14260393381118774,0.18698200583457947,-0.034546706825494766,-0.01646304689347744,-0.0027262219227850437,0.04299857094883919,0.34310136194184665,0.15804507007374105,0.2098431259151715,-0.03968071456635915,-0.016292054132342117,-0.0026676115238255553,,,,,,,,,,,,
1.3,grasp,,,,,,,,,,,,,,,,,,,,,0.32427528500556946,0.15028777718544006,0.1972549557685852,-0.037044867873191833,-0.016537213698029518,-0.0026944908313453197,0.04299857094883919,0.34310136194184665,0.15804507007374105,0.2098431259151715,-0.03968071456635915,-0.016292054132342117,-0.0026676115238255553,,,,,,,,,,,,
1.32,grasp,,,,,,,,,,,,,,,,,,,,,0.3617487847805023,0.16666413843631744,0.21843215823173523,-0.04232349246740341,-0.015844382345676422,-0.0026448634453117847,0.04299857094883919,0.40166024460194105,0.18352431695311267,0.24313022515521443,-0.04791693795126126,-0.015656956942310073,-0.002581127054392138,,,,,,,,,,,,
1.34,grasp,,,,,,,,,,,,,,,,,,,,,0.3811575174331665,0.17503094673156738,0.22961507737636566,-0.04504432901740074,-0.01592438481748104,-0.002610378433018923,0.04299857094883919,0.40166024460194105,0.18352431695311267,0.24313022515521443,-0.04791693795126126,-0.015656956942310073,-0.002581127054392138,,,,,,,,,,,,
1.36,grasp,,,,,,,,,,,,,,,,,,,,,0.42156264185905457,0.19268186390399933,0.2524488866329193,-0.050735954195261,-0.01517720427364111,-0.002556815277785063,0.04299857094883919,0.4645956312757322,0.21089820609757953,0.2789021621073921,-0.056768624908130214,-0.014974402271272265,-0.002488180038222711,,,,,,,,,,,,
1.3800000000000001,grasp,,,,,,,,,,,,,,,,,,,,,0.44249069690704346,0.20170164108276367,0.26450079679489136,-0.05366967245936394,-0.01526313740760088,-0.0025196997448801994,0.04299857094883919,0.4645956312757322,0.21089820609757953,0.2789021621073921,-0.056768624908130214,-0.014974402271272265,-0.002488180038222711,,,,,,,,,,,,
1.4,grasp,,,,,,,,,,,,,,,,,,,,,0.48566198348999023,0.22055523097515106,0.28889840841293335,-0.059751126915216446,-0.014464139938354492,-0.002462418284267187,0.04299857094883919,0.5316412294280635,0.2400515901630173,0.3170079168258032,-0.06619835897448301,-0.014247273959457076,-0.002389163402694128,,,,,,,,,,,,
1.42,grasp,,,,,,,,,,,,,,,,,,,,,0.5080242156982422,0.2301916927099228,0.3017694354057312,-0.06288577616214752,-0.01455614436417818,-0.002422814257442951,0.04299857094883919,0.5316412294280635,0.2400515901630173,0.3170079168258032,-0.06619835897448301,-0.014247273959457076,-0.002389163402694128,,,,,,,,,,,,
1.44,grasp,,,,,,,,,,,,,,,,,,,,,0.5537700653076172,0.250164657831192,0.3276233375072479,-0.06933008879423141,-0.013708150014281273,-0.002362089464440942,0.04299857094883919,0.6024913395189683,0.27085193482226916,0.35727402645112866,-0.07616318363995711,-0.013478884548643096,-0.0022845279812749083,,,,,,,,,,,,
1.46,grasp,,,,,,,,,,,,,,,,,,,,,0.5774677395820618,0.260375440120697,0.34125572443008423,-0.07265175133943558,-0.013806582428514957,-0.0023201624862849712,0.04299857094883919,0.6024913395189683,0.27085193482226916,0.35727402645112866,-0.07616318363995711,-0.013478884548643096,-0.0022845279812749083,,,,,,,,,,,,
1.48,grasp,,,,,,,,,,,,,,,,,,,,,0.6255712509155273,0.2813735902309418,0.3684441149234772,-0.0794285461306572,-0.012912747450172901,-0.0022562916856259108,0.04299857094883919,0.6768048997034409,0.30315110518815236,0.3995067506241267,-0.0866151701411679,-0.012672929117365265,-0.0021747767341154163,,,,,,,,,,,,
1.5,grasp,,,,,,,,,,,,,,,,,,,,,0.6504931449890137,0.29211071133613586,0.38277286291122437,-0.08292162418365479,-0.013018057681620121,-0.002212094608694315,0.04299857094883919,0.6768048997034409,0.30315110518815236,0.3995067506241267,-0.0866151701411679,-0.012672929117365265,-0.0021747767341154163,,,,,,,,,,,,
1.52,grasp,,,,,,,,,,,,,,,,,,,,,0.7007160782814026,0.31403011083602905,0.4111615717411041,-0.0899973064661026,-0.012137037701904774,-0.0021392509806901217,0.04299857094883919,0.7542095382100953,0.33678698370858773,0.4434943634781693,-0.09750194102114085,-0.011833447503315999,-0.002060460277034317,,,,,,,,,,,,
1.54,grasp,,,,,,,,,,,,,,,,,,,,,0.7267424464225769,0.3252406418323517,0.426115483045578,-0.09364455938339233,-0.012249077670276165,-0.0020972765050828457,0.04299857094883919,0.7542095382100953,0.33678698370858773,0.4434943634781693,-0.09750194102114085,-0.011833447503315999,-0.002060460277034317,,,,,,,,,,,,
1.56,grasp,,,,,,,,,,,,,,,,,,,,,0.7788257002830505,0.34796983003616333,0.4555598497390747,-0.100983165204525,-0.011304644867777824,-0.0020232058595865965,0.04299857094883919,0.8343047728554909,0.37158666847350136,0.4890097333212213,-0.10876721249205139,-0.010964780227575653,-0.0019421694098354677,,,,,,,,,,,,
1.58,grasp,,,,,,,,,,,,,,,,,,,,,0.8058211803436279,0.3595971167087555,0.471062034368515,-0.104765884578228,-0.01140923798084259,-0.0019789671059697866,0.04299857094883919,0.8343047728554909,0.37158666847350136,0.4890097333212213,-0.10876721249205139,-0.010964780227575653,-0.0019421694098354677,,,,,,,,,,,,
1.6,grasp,,,,,,,,,,,,,,,,,,,,,0.8595017194747925,0.3830167353153229,0.5014079809188843,-0.11232913285493851,-0.010438116267323494,-0.0019026283407583833,0.04299857094883919,0.9166670438876686,0.4073661703247249,0.5358123234728162,-0.1203514583916299,-0.010071517979953072,-0.0018205290311997606,,,,,,,,,,,,
1.62,grasp,,,,,,,,,,,,,,,,,,,,,0.8873167634010315,0.3949998617172241,0.5173769593238831,-0.11622720956802368,-0.010526061989367008,-0.0018582736374810338,0.04299857094883919,0.9166670438876686,0.4073661703247249,0.5358123234728162,-0.1203514583916299,-0.010071517979953072,-0.0018205290311997606,,,,,,,,,,,,
1.6400000000000001,grasp,,,,,,,,,,,,,,,,,,,,,0.9422995448112488,0.41898518800735474,0.5484625697135925,-0.12397450953722,-0.009531314484775066,-0.0017800910864025354,0.04299857094883919,1.000853258154874,0.44393304600183087,0.5836506056399494,-0.1321924200334856,-0.009158463188123099,-0.0016961932025673866,,,,,,,,,,,,
1.6600000000000001,grasp,,,,,,,,,,,,,,,,,,,,,0.9707945585250854,0.43126052618026733,0.5648126006126404,-0.1279674470424652,-0.00962541438639164,-0.0017343808431178331,0.04299857094883919,1.000853258154874,0.44393304600183087,0.5836506056399494,-0.1321924200334856,-0.009158463188123099,-0.0016961932025673866,,,,,,,,,,,,
1.6800000000000002,grasp,,,,,,,,,,,,,,,,,,,,,1.0267821550369263,0.4556816816329956,0.596469521522522,-0.13585682213306427,-0.008609973825514317,-0.001654889783822,0.04299857094883919,1.0864045695230498,0.481088957783976,0.632264133134101,-0.14422553987364237,-0.008230590513046034,-0.0015698394754308888,,,,,,,,,,,,
1.7000000000000002,grasp,,,,,,,,,,,,,,,,,,,,,1.0558013916015625,0.46818268299102783,0.6131117343902588,-0.1399228870868683,-0.008706316351890564,-0.0016084231901913881,0.04299857094883919,1.0864045695230498,0.481088957783976,0.632264133134101,-0.14422553987364237,-0.008230590513046034,-0.0015698394754308888,,,,,,,,,,,,
1.7200000000000002,grasp,,,,,,,,,,,,,,,,,,,,,1.112485408782959,0.49290594458580017,0.6451669931411743,-0.14791111648082733,-0.00767597695812583,-0.0015278728678822517,0.04299857094883919,1.17285097741151,0.5186295739617037,0.6813861111018783,-0.15638478122440863,-0.007292994570569501,-0.0014421612508165387,,,,,,,,,,,,
1.7400000000000002,grasp,,,,,,,,,,,,,,,,,,,,,1.141871690750122,0.5055646896362305,0.6620105504989624,-0.15202820301055908,-0.007778258994221687,-0.0014808335108682513,0.04299857094883919,1.17285097741151,0.5186295739617037,0.6813861111018783,-0.15638478122440863,-0.007292994570569501,-0.0014421612508165387,,,,,,,,,,,,
1.7600000000000002,grasp,,,,,,,,,,,,,,,,,,,,,1.1989375352859497,0.5304540991783142,0.6942880153656006,-0.1600712239742279,-0.0067341141402721405,-0.0013999639777466655,0.04299857094883919,1.2597148046748006,0.5563482829726889,0.7307451480177162,-0.16860294776697501,-0.006350853101442853,-0.0013138640954198466,,,,,,,,,,,,
1.7800000000000002,grasp,,,,,,,,,,,,,,,,,,,,,1.2285314798355103,0.543200671672821,0.7112396955490112,-0.164216548204422,-0.006843205075711012,-0.0013524355599656701,0.04299857094883919,1.2597148046748006,0.5563482829726889,0.7307451480177162,-0.16860294776697501,-0.006350853101442853,-0.0013138640954198466,,,,,,,,,,,,
1.8000000000000003,grasp,,,,,,,,,,,,,,,,,,,,,1.2856634855270386,0.5681188106536865,0.7435601353645325,-0.1722698211669922,-0.00579083152115345,-0.001271603861823678,0.04299857094883919,1.3465150281686213,0.5940363972086892,0.7800680772147945,-0.18081245613272393,-0.005409378543701613,-0.0011856576160695213,,,,,,,,,,,,
1.8200000000000003,grasp,,,,,,,,,,,,,,,,,,,,,1.3153003454208374,0.5808831453323364,0.760526716709137,-0.17642050981521606,-0.005906696897000074,-0.0012239625211805105,0.04299857094883919,1.3465150281686213,0.5940363972086892,0.7800680772147945,-0.18081245613272393,-0.005409378543701613,-0.0011856576160695213,,,,,,,,,,,,
1.8399999999999999,grasp,,,,,,,,,,,,,,,,,,,,,1.372180700302124,0.6056925654411316,0.7927119135856628,-0.18443964421749115,-0.004850955680012703,-0.00114358589053154,0.04299857094883919,1.4327711324588706,0.6314856287137238,0.8290819740628331,-0.1929457343863373,-0.004473780482953973,-0.001058251320552751,,,,,,,,,,,,
1.8599999999999999,grasp,,,,,,,,,,,,,,,,,,,,,1.4016985893249512,0.6184040904045105,0.8095995783805847,-0.1885727494955063,-0.004973855800926685,-0.001096084713935852,0.04299857094883919,1.4327711324588706,0.6314856287137238,0.8290819740628331,-0.1929457343863373,-0.004473780482953973,-0.001058251320552751,,,,,,,,,,,,
1.88,grasp,,,,,,,,,,,,,,,,,,,,,1.4580134153366089,0.6429672837257385,0.8414719700813293,-0.19651341438293457,-0.0039201462641358376,-0.0010165898129343987,0.04299857094883919,1.5180070468490716,0.6684897055820086,0.8775166283283696,-0.20493584196262535,-0.0035492223776082414,-0.0009323486035945431,,,,,,,,,,,,
1.9,grasp,,,,,,,,,,,,,,,,,,,,,1.4872487783432007,0.6555562019348145,0.8581872582435608,-0.20060615241527557,-0.0040499246679246426,-0.000969533808529377,0.04299857094883919,1.5180070468490716,0.6684897055820086,0.8775166283283696,-0.20493584196262535,-0.0035492223776082414,-0.0009323486035945431,,,,,,,,,,,,
1.92,grasp,,,,,,,,,,,,,,,,,,,,,1.5426878929138184,0.6797392964363098,0.8895715475082397,-0.2084246724843979,-0.0030030712950974703,-0.0008913758210837841,0.04299857094883919,1.6017553631703232,0.704845982379158,0.9251065393971438,-0.2167170389907996,-0.002640772665288807,-0.0008086394847138012,,,,,,,,,,,,
1.94,grasp,,,,,,,,,,,,,,,,,,,,,1.571480393409729,0.6921359300613403,0.9060227274894714,-0.21245446801185608,-0.0031396583653986454,-0.0008450043969787657,0.04299857094883919,1.6017553631703232,0.704845982379158,0.9251065393971438,-0.2167170389907996,-0.002640772665288807,-0.0008086394847138012,,,,,,,,,,,,
1.96,grasp,,,,,,,,,,,,,,,,,,,,,1.6257413625717163,0.7158066034317017,0.9367479681968689,-0.2201082408428192,-0.0021051501389592886,-0.0007685967721045017,0.04299857094883919,1.6835610990282952,0.7403573379154044,0.9715934893629554,-0.22822536633006762,-0.0017533638983157757,-0.0006877958947785271,,,,,,,,,,,,
1.98,grasp,,,,,,,,,,,,,,,,,,,,,1.6539337635040283,0.7279439568519592,0.9528461694717407,-0.2240532487630844,-0.002248063450679183,-0.0007231840281747282,0.04299857094883919,1.6835610990282952,0.7403573379154044,0.9715934893629554,-0.22822536633006762,-0.0017533638983157757,-0.0006877958947785271,,,,,,,,,,,,
2.0,grasp,,,,,,,,,,,,,,,,,,,,,1.706724762916565,0.750975489616394,0.9827468991279602,-0.23150110244750977,-0.0012310863239690661,-0.0006489513325504959,0.04299857094883919,1.7629859264691876,0.7748340319769084,1.0167283371321507,-0.23939919012057964,-0.0008917455294025166,-0.0005704645170156424,,,,,,,,,,,,
2.02,grasp,,,,,,,,,,,,,,,,,,,,,1.7341653108596802,0.7627884745597839,0.9984057545661926,-0.23534005880355835,-0.0013796708080917597,-0.0006047319620847702,0.04299857094883919,1.7629859264691876,0.7748340319769084,1.0167283371321507,-0.23939919012057964,-0.0008917455294025166,-0.0005704645170156424,,,,,,,,,,,,
2.04,grasp,,,,,,,,,,,,,,,,,,,,,1.7852073907852173,0.7850589156150818,1.027323842048645,-0.2425425946712494,-0.0003860567812807858,-0.0005330176209099591,0.04299857094883919,1.8396121654195394,0.8080948714382995,1.0602737359316383,-0.2501798199024097,-6.0443673087925935e-05,-0.0004572617752439002,,,,,,,,,,,,
2.06,grasp,,,,,,,,,,,,,,,,,,,,,1.8117505311965942,0.7964844107627869,1.0424606800079346,-0.24625524878501892,-0.0005393778556026518,-0.0004902872606180608,0.04299857094883919,1.8396121654195394,0.8080948714382995,1.0602737359316383,-0.2501798199024097,-6.0443673087925935e-05,-0.0004572617752439002,,,,,,,,,,,,
2.08,grasp,,,,,,,,,,,,,,,,,,,,,1.8607794046401978,0.8178789615631104,1.0702457427978516,-0.2531752586364746,0.00042583595495671034,-0.00042145999032072723,0.04299857094883919,1.9130463354593905,0.8399696544005666,1.1020067061080692,-0.2605119083078682,0.000736264967873123,-0.0003487698008430005,,,,,,,,,,,,
2.1,grasp,,,,,,,,,,,,,,,,,,,,,1.886285662651062,0.8288580179214478,1.0847835540771484,-0.256742388010025,0.0002689330722205341,-0.00038043735548853874,0.04299857094883919,1.9130463354593905,0.8399696544005666,1.1020067061080692,-0.2605119083078682,0.000736264967873123,-0.0003487698008430005,,,,,,,,,,,,
2.12,grasp,,,,,,,,,,,,,,,,,,,,,1.9330551624298096,0.849269688129425,1.1112970113754272,-0.26334497332572937,0.0012003479059785604,-0.0003148237883578986,0.04299857094883919,1.982923598672983,0.8703005881691137,1.14172034634002,-0.27034415981953924,0.001494424888162973,-0.00024552719597912344,,,,,,,,,,,,
2.14,grasp,,,,,,,,,,,,,,,,,,,,,1.9573984146118164,0.8597471714019775,1.1251622438430786,-0.2667485773563385,0.0010397909209132195,-0.00027571641840040684,0.04299857094883919,1.982923598672983,0.8703005881691137,1.14172034634002,-0.27034415981953924,0.001494424888162973,-0.00024552719597912344,,,,,,,,,,,,
2.16,grasp,,,,,,,,,,,,,,,,,,,,,2.001680612564087,0.8790775537490845,1.150275707244873,-0.2730022072792053,0.0019340284634381533,-0.00021373039635363966,0.04299857094883919,2.0489111120870835,0.8989443235090724,1.1792269914512745,-0.27963004537724523,0.002210464045835421,-0.00014802075507859864,,,,,,,,,,,,
2.18,grasp,,,,,,,,,,,,,,,,,,,,,2.0247437953948975,0.8890030980110168,1.1634032726287842,-0.27622583508491516,0.0017690431559458375,-0.00017659082368481904,0.04299857094883919,2.0489111120870835,0.8989443235090724,1.1792269914512745,-0.27963004537724523,0.002210464045835421,-0.00014802075507859864,,,,,,,,,,,,
2.2,grasp,,,,,,,,,,,,,,,,,,,,,2.066467761993408,0.9070888757705688,1.1870111227035522,-0.28219062089920044,0.0026292800903320312,-0.00011864803673233837,0.04299857094883919,2.110990205207902,0.9256163455252513,1.2143787877915027,-0.28851153651507405,0.0028853690573482794,-5.627140196021789e-05,,,,,,,,,,,,
2.22,grasp,,,,,,,,,,,,,,,,,,,,,2.0882160663604736,0.9163769483566284,1.1993467807769775,-0.28526559472084045,0.0024567304644733667,-8.31765792099759e-05,0.04299857094883919,2.110990205207902,0.9256163455252513,1.2143787877915027,-0.28851153651507405,0.0028853690573482794,-5.627140196021789e-05,,,,,,,,,,,,
2.24,grasp,,,,,,,,,,,,,,,,,,,,,2.1194045543670654,0.9375956058502197,1.22086763381958,-0.2857931852340698,0.003107666503638029,-4.7252735384972766e-05,0.04299857094883919,2.1526432638931814,0.9594816005424528,1.245969059292712,-0.28633409871387183,0.003275899545820164,5.508462244560222e-06,,,,,,,,,,,,
2.2600000000000002,grasp,,,,,,,,,,,,,,,,,,,,,2.13563871383667,0.9485421776771545,1.2320513725280762,-0.2860661447048187,0.002991471905261278,-1.5482721209991723e-05,0.04299857094883919,2.1526432638931814,0.9594816005424528,1.245969059292712,-0.28633409871387183,0.003275899545820164,5.508462244560222e-06,,,,,,,,,,,,
2.2800000000000002,grasp,,,,,,,,,,,,,,,,,,,,,2.143056869506836,0.9803901314735413,1.2504994869232178,-0.2726243734359741,0.002924654632806778,-4.668952442443697e-06,0.04299857094883919,2.1508232587611333,1.0136528618842227,1.2722013367129335,-0.2583187630149943,0.003047363287330597,3.4921431430048902e-06,,,,,,,,,,,,
2.3000000000000003,grasp,,,,,,,,,,,,,,,,,,,,,2.1468379497528076,0.9969185590744019,1.259925365447998,-0.2656993269920349,0.002956985030323267,-5.037686605646741e-07,0.04299857094883919,2.1508232587611333,1.0136528618842227,1.2722013367129335,-0.2583187630149943,0.003047363287330597,3.4921431430048902e-06,,,,,,,,,,,,
2.3200000000000003,grasp,,,,,,,,,,,,,,,,,,,,,2.1486849784851074,1.0288400650024414,1.2763880491256714,-0.25027602910995483,0.0028944385703653097,2.4407042928942246e-06,0.04299857094883919,2.150639293761444,1.0620911540768072,1.2960887116251032,-0.23386550257502814,0.0028628393285520695,3.810355898066805e-06,,,,,,,,,,,,
2.3400000000000003,grasp,,,,,,,,,,,,,,,,,,,,,2.1496317386627197,1.0453853607177734,1.284797191619873,-0.24233050644397736,0.0028694963548332453,3.1345771276392043e-06,0.04299857094883919,2.150639293761444,1.0620911540768072,1.2960887116251032,-0.23386550257502814,0.0028628393285520695,3.810355898066805e-06,,,,,,,,,,,,
2.36,grasp,,,,,,,,,,,,,,,,,,,,,2.150036573410034,1.0749074220657349,1.299569010734558,-0.22760464251041412,0.0027816426008939743,3.6800197449338157e-06,0.04299857094883919,2.150474585702735,1.1055679293173326,1.3175125212144223,-0.21193549783471607,0.0026975578500905866,4.095381465231651e-06,,,,,,,,,,,,
2.38,grasp,,,,,,,,,,,,,,,,,,,,,2.150247573852539,1.0902073383331299,1.3070999383926392,-0.22001862525939941,0.0027383489068597555,3.978894255851628e-06,0.04299857094883919,2.150474585702735,1.1055679293173326,1.3175125212144223,-0.21193549783471607,0.0026975578500905866,4.095381465231651e-06,,,,,,,,,,,,
2.4,grasp,,,,,,,,,,,,,,,,,,,,,2.1502878665924072,1.116654396057129,1.320233702659607,-0.20670831203460693,0.002646531444042921,4.174829882686026e-06,0.04299857094883919,2.1503292030461543,1.1440181370715492,1.336458551755046,-0.19254336083987628,0.0025514336210311563,4.34737284442722e-06,,,,,,,,,,,,
2.42,grasp,,,,,,,,,,,,,,,,,,,,,2.150308609008789,1.1303619146347046,1.326916217803955,-0.19985155761241913,0.0025997108314186335,4.276314939488657e-06,0.04299857094883919,2.1503292030461543,1.1440181370715492,1.336458551755046,-0.19254336083987628,0.0025514336210311563,4.34737284442722e-06,,,,,,,,,,,,
2.44,grasp,,,,,,,,,,,,,,,,,,,,,2.1502583026885986,1.1535590887069702,1.3384226560592651,-0.18814276158809662,0.002514373045414686,4.425476618052926e-06,0.04299857094883919,2.1502026679316533,1.177445071750832,1.3529355882804217,-0.17567975569124966,0.002424313839775107,4.566593875124164e-06,,,,,,,,,,,,
2.46,grasp,,,,,,,,,,,,,,,,,,,,,2.150235176086426,1.165583610534668,1.344266653060913,-0.18211118876934052,0.0024704979732632637,4.499794613366248e-06,0.04299857094883919,2.1502026679316533,1.177445071750832,1.3529355882804217,-0.17567975569124966,0.002424313839775107,4.566593875124164e-06,,,,,,,,,,,,
2.48,grasp,,,,,,,,,,,,,,,,,,,,,2.150169610977173,1.1855206489562988,1.3541648387908936,-0.17203421890735626,0.0023954161442816257,4.626859208656242e-06,0.04299857094883919,2.15009424549766,1.2059200780606636,1.3669819788946957,-0.1613052233523274,0.00231586114006777,4.75362854708261e-06,,,,,,,,,,,,
2.5,grasp,,,,,,,,,,,,,,,,,,,,,2.1501333713531494,1.1958560943603516,1.3591846227645874,-0.16684328019618988,0.0023568125907331705,4.689903562393738e-06,0.04299857094883919,2.15009424549766,1.2059200780606636,1.3669819788946957,-0.1613052233523274,0.00231586114006777,4.75362854708261e-06,,,,,,,,,,,,
2.52,grasp,,,,,,,,,,,,,,,,,,,,,2.1500754356384277,1.212599277496338,1.3675100803375244,-0.1583709865808487,0.002293121535331011,4.7983171498344745e-06,0.04299857094883919,2.1500035689248427,1.2295858778207311,1.3786681740489928,-0.14934723365608396,0.0022255076143774884,4.9094507780138305e-06,,,,,,,,,,,,
2.54,grasp,,,,,,,,,,,,,,,,,,,,,2.150040864944458,1.2212796211242676,1.3717278242111206,-0.154006689786911,0.002260332927107811,4.853395239479141e-06,0.04299857094883919,2.1500035689248427,1.2295858778207311,1.3786681740489928,-0.14934723365608396,0.0022255076143774884,4.9094507780138305e-06,,,,,,,,,,,,
2.56,grasp,,,,,,,,,,,,,,,,,,,,,2.1499881744384766,1.2349531650543213,1.3785393238067627,-0.14707975089550018,0.0022080191411077976,4.942716714140261e-06,0.04299857094883919,2.149929938895883,1.2486603484614929,1.3880992624636352,-0.13969813306896017,0.0021524376466797333,5.035464968809692e-06,,,,,,,,,,,,
2.58,grasp,,,,,,,,,,,,,,,,,,,,,2.14996337890625,1.2420419454574585,1.3819878101348877,-0.14351151883602142,0.0021810857579112053,4.988360160496086e-06,0.04299857094883919,2.149929938895883,1.2486603484614929,1.3880992624636352,-0.13969813306896017,0.0021524376466797333,5.035464968809692e-06,,,,,,,,,,,,
2.6,grasp,,,,,,,,,,,,,,,,,,,,,2.1499245166778564,1.2528209686279297,1.3873683214187622,-0.13804318010807037,0.002139587886631489,5.060512648924487e-06,0.04299857094883919,2.1498726351445447,1.2634394477733586,1.3954176634450284,-0.13221154488099918,0.0020955666569482884,5.1335422510531286e-06,,,,,,,,,,,,
2.62,grasp,,,,,,,,,,,,,,,,,,,,,2.1499013900756836,1.2584093809127808,1.3900922536849976,-0.1352263242006302,0.002118270145729184,5.095858796266839e-06,0.04299857094883919,2.1498726351445447,1.2634394477733586,1.3954176634450284,-0.13221154488099918,0.0020955666569482884,5.1335422510531286e-06,,,,,,,,,,,,
2.64,grasp,,,,,,,,,,,,,,,,,,,,,2.149867057800293,1.266524076461792,1.394153356552124,-0.13110238313674927,0.00208683917298913,5.150213837623596e-06,0.04299857094883919,2.1498302440060897,1.274299882096064,1.400806954371092,-0.12669940090464873,0.00205348335579287,5.206117522676837e-06,,,,,,,,,,,,
2.66,grasp,,,,,,,,,,,,,,,,,,,,,2.1498515605926514,1.270730972290039,1.396208643913269,-0.12897805869579315,0.0020706630311906338,5.177914772502845e-06,0.04299857094883919,2.1498302440060897,1.274299882096064,1.400806954371092,-0.12669940090464873,0.00205348335579287,5.206117522676837e-06,,,,,,,,,,,,
2.68,grasp,,,,,,,,,,,,,,,,,,,,,2.1498284339904785,1.2764651775360107,1.3990890979766846,-0.12605471909046173,0.002048240741714835,5.2165710258123e-06,0.04299857094883919,2.149800648913966,1.281701038799894,1.4044956146768992,-0.1229274719711237,0.002024427648690641,5.256225536510667e-06,,,,,,,,,,,,
2.7,grasp,,,,,,,,,,,,,,,,,,,,,2.149813175201416,1.2794361114501953,1.4005489349365234,-0.12454880774021149,0.002036681631579995,5.23626476933714e-06,0.04299857094883919,2.149800648913966,1.281701038799894,1.4044956146768992,-0.1229274719711237,0.002024427648690641,5.256225536510667e-06,,,,,,,,,,,,
2.72,grasp,,,,,,,,,,,,,,,,,,,,,2.1497979164123535,1.2831320762634277,1.4024174213409424,-0.1226542592048645,0.002021975815296173,5.262140348349931e-06,0.04299857094883919,2.1497824292715255,1.2861957986349595,1.4067525307511328,-0.12062026913629746,0.002006407412681304,5.287302146601231e-06,,,,,,,,,,,,
2.74,grasp,,,,,,,,,,,,,,,,,,,,,2.1497933864593506,1.2850456237792969,1.403366208076477,-0.12167828530073166,0.002014406956732273,5.275162948237266e-06,0.04299857094883919,2.1497824292715255,1.2861957986349595,1.4067525307511328,-0.12062026913629746,0.002006407412681304,5.287302146601231e-06,,,,,,,,,,,,
2.7600000000000002,grasp,,,,,,,,,,,,,,,,,,,,,2.1497855186462402,1.2871108055114746,1.4044166803359985,-0.12061432749032974,0.002006072783842683,5.289815362630179e-06,0.04299857094883919,2.149773242146338,1.2884389150486806,1.4078846572937287,-0.1194630616373298,0.001997284493372111,5.303035052554152e-06,,,,,,,,,,,,
2.7800000000000002,grasp,,,,,,,,,,,,,,,,,,,,,2.149785041809082,1.2881792783737183,1.404952049255371,-0.12006622552871704,0.002001731190830469,5.297965344652766e-06,0.04299857094883919,2.149773242146338,1.2884389150486806,1.4078846572937287,-0.1194630616373298,0.001997284493372111,5.303035052554152e-06,,,,,,,,,,,,
2.8000000000000003,grasp,,,,,,,,,,,,,,,,,,,,,2.1497817039489746,1.2890831232070923,1.4054142236709595,-0.11959968507289886,0.0019980776123702526,5.304130354488734e-06,0.04299857094883919,2.149770067526474,1.2891740680336883,1.408256138498685,-0.11908334621068754,0.001994284657347047,5.3082081498873205e-06,,,,,,,,,,,,
2.8200000000000003,grasp,,,,,,,,,,,,,,,,,,,,,2.1497812271118164,1.2895585298538208,1.4056512117385864,-0.1193593218922615,0.0019961774814873934,5.3074973038746975e-06,0.04299857094883919,2.149770067526474,1.2891740680336883,1.408256138498685,-0.11908334621068754,0.001994284657347047,5.3082081498873205e-06,,,,,,,,,,,,
2.8292931698448958,grasp,,,,,,,,,,,,,,,,,,,,,2.149780750274658,1.2898353338241577,1.4057902097702026,-0.11921986937522888,0.0019950824789702892,5.309384505380876e-06,0.04299857094883919,2.1497697830200195,1.2892364263534546,1.4082876443862915,-0.11905114352703094,0.0019940303172916174,5.3086469051777385e-06,,,,,,,,,,,,
2.8292931698448958,grasp,,,,,,,,,,,,,,,,,,,,,,,,,,,0.04299999214708805,,,,,,,0.0,,,,,,,,,,,
2.849293169844896,grasp,,,,,,,,,,,,,,,,,,,,,,,,,,,0.04298565350472927,,,,,,,0.0,,,,,,,,,,,
2.869293169844896,grasp,,,,,,,,,,,,,,,,,,,,,,,,,,,0.04289046674966812,,,,,,,0.0,,,,,,,,,,,
2.889293169844896,grasp,,,,,,,,,,,,,,,,,,,,,,,,,,,0.042662035673856735,,,,,,,0.0,,,,,,,,,,,
2.909293169844896,grasp,,,,,,,,,,,,,,,,,,,,,,,,,,,0.04227663390338421,,,,,,,0.0,,,,,,,,,,,
2.929293169844896,grasp,,,,,,,,,,,,,,,,,,,,,,,,,,,0.041703736409544945,,,,,,,0.0,,,,,,,,,,,
2.949293169844896,grasp,,,,,,,,,,,,,,,,,,,,,,,,,,,0.04092503525316715,,,,,,,0.0,,,,,,,,,,,
2.969293169844896,grasp,,,,,,,,,,,,,,,,,,,,,,,,,,,0.0399367343634367,,,,,,,0.0,,,,,,,,,,,
2.989293169844896,grasp,,,,,,,,,,,,,,,,,,,,,,,,,,,0.03924603387713432,,,,,,,0.0,,,,,,,,,,,
3.009293169844896,grasp,,,,,,,,,,,,,,,,,,,,,,,,,,,0.03841654770076275,,,,,,,0.0,,,,,,,,,,,
3.029293169844896,grasp,,,,,,,,,,,,,,,,,,,,,,,,,,,0.037859583273530006,,,,,,,0.0,,,,,,,,,,,
3.049293169844896,grasp,,,,,,,,,,,,,,,,,,,,,,,,,,,0.03782735578715801,,,,,,,0.0,,,,,,,,,,,
3.0692931698448955,grasp,,,,,,,,,,,,,,,,,,,,,,,,,,,0.037807416170835495,,,,,,,0.0,,,,,,,,,,,
3.089293169844896,grasp,,,,,,,,,,,,,,,,,,,,,,,,,,,0.03778231889009476,,,,,,,0.0,,,,,,,,,,,
3.1092931698448956,grasp,,,,,,,,,,,,,,,,,,,,,,,,,,,0.037752678617835045,,,,,,,0.0,,,,,,,,,,,
3.1292931698448956,grasp,,,,,,,,,,,,,,,,,,,,,,,,,,,0.03772182576358318,,,,,,,0.0,,,,,,,,,,,
3.1492931698448956,grasp,,,,,,,,,,,,,,,,,,,,,,,,,,,0.037690164521336555,,,,,,,0.0,,,,,,,,,,,
3.1692931698448956,grasp,,,,,,,,,,,,,,,,,,,,,,,,,,,0.037658168002963066,,,,,,,0.0,,,,,,,,,,,
3.1892931698448956,grasp,,,,,,,,,,,,,,,,,,,,,,,,,,,0.037626245990395546,,,,,,,0.0,,,,,,,,,,,
3.2092931698448957,grasp,,,,,,,,,,,,,,,,,,,,,,,,,,,0.03759496100246906,,,,,,,0.0,,,,,,,,,,,
3.2292931698448957,grasp,,,,,,,,,,,,,,,,,,,,,,,,,,,0.03756440430879593,,,,,,,0.0,,,,,,,,,,,
3.2492931698448957,grasp,,,,,,,,,,,,,,,,,,,,,,,,,,,0.03753530606627464,,,,,,,0.0,,,,,,,,,,,
3.2692931698448957,grasp,,,,,,,,,,,,,,,,,,,,,,,,,,,0.03750777989625931,,,,,,,0.0,,,,,,,,,,,
3.2892931698448957,grasp,,,,,,,,,,,,,,,,,,,,,,,,,,,0.03748233988881111,,,,,,,0.0,,,,,,,,,,,
3.3092931698448957,grasp,,,,,,,,,,,,,,,,,,,,,,,,,,,0.03745866008102894,,,,,,,0.0,,,,,,,,,,,
3.3292931698448958,grasp,,,,,,,,,,,,,,,,,,,,,,,,,,,0.037438053637742996,,,,,,,0.0,,,,,,,,,,,
3.349293169844896,grasp,,,,,,,,,,,,,,,,,,,,,,,,,,,0.03742023929953575,,,,,,,0.0,,,,,,,,,,,
3.369293169844896,grasp,,,,,,,,,,,,,,,,,,,,,,,,,,,0.03740520402789116,,,,,,,0.0,,,,,,,,,,,
3.389293169844896,grasp,,,,,,,,,,,,,,,,,,,,,,,,,,,0.03739304281771183,,,,,,,0.0,,,,,,,,,,,
3.409293169844896,grasp,,,,,,,,,,,,,,,,,,,,,,,,,,,0.03738368861377239,,,,,,,0.0,,,,,,,,,,,
3.429293169844896,grasp,,,,,,,,,,,,,,,,,,,,,,,,,,,0.03737700916826725,,,,,,,0.0,,,,,,,,,,,
3.449293169844896,grasp,,,,,,,,,,,,,,,,,,,,,,,,,,,0.03737265430390835,,,,,,,0.0,,,,,,,,,,,
3.469293169844896,grasp,,,,,,,,,,,,,,,,,,,,,,,,,,,0.037370309233665466,,,,,,,0.0,,,,,,,,,,,
3.489293169844896,grasp,,,,,,,,,,,,,,,,,,,,,,,,,,,0.03736935928463936,,,,,,,0.0,,,,,,,,,,,
3.509293169844896,grasp,,,,,,,,,,,,,,,,,,,,,,,,,,,0.03736928477883339,,,,,,,0.0,,,,,,,,,,,
3.509293169844896,grasp,,,,,,,,,,,,,,,,,,,,,2.1501054763793945,1.2900135517120361,1.4067021608352661,-0.11907313019037247,0.0005656378925777972,0.00726647675037384,0.03736928477883339,2.1497697830200195,1.2892364263534546,1.4082876443862915,-0.11905114352703094,0.0019940303172916174,5.3086469051777385e-06,,,,,,,,,,,,
3.529293169844896,grasp,,,,,,,,,,,,,,,,,,,,,2.1501033306121826,1.2899978160858154,1.4066767692565918,-0.11907365918159485,0.0005708792596124113,0.006963344290852547,0.03736928477883339,2.1497697830200195,1.2892364263534546,1.4082876443862915,-0.11905114352703094,0.0019940303172916174,5.3086469051777385e-06,,,,,,,,,,,,
3.549293169844896,grasp,,,,,,,,,,,,,,,,,,,,,2.1501028537750244,1.2899537086486816,1.4066336154937744,-0.11909432709217072,0.000568235875107348,0.00680732075124979,0.03736928477883339,2.149770145351696,1.289155722147492,1.408246869431932,-0.11909282082656275,0.0019943594902099796,5.3080791124358676e-06,,,,,,,,,,,,
3.569293169844896,grasp,,,,,,,,,,,,,,,,,,,,,2.1501033306121826,1.289932370185852,1.4066106081008911,-0.11910507082939148,0.0005648640217259526,0.006727016065269709,0.03736928477883339,2.149770145351696,1.289155722147492,1.408246869431932,-0.11909282082656275,0.0019943594902099796,5.3080791124358676e-06,,,,,,,,,,,,
3.589293169844896,grasp,,,,,,,,,,,,,,,,,,,,,2.1501035690307617,1.2896753549575806,1.4063823223114014,-0.11924891173839569,0.000566998787689954,0.006685702130198479,0.03736928477883339,2.1497725146630966,1.2886057392593713,1.4079689962130064,-0.1193768527186912,0.0019966028377394382,5.304210477015483e-06,,,,,,,,,,,,
3.609293169844896,grasp,,,,,,,,,,,,,,,,,,,,,2.1501033306121826,1.2895545959472656,1.40622878074646,-0.11932341754436493,0.0005712432321161032,0.006664509419351816,0.03736928477883339,2.1497725146630966,1.2886057392593713,1.4079689962130064,-0.1193768527186912,0.0019966028377394382,5.304210477015483e-06,,,,,,,,,,,,
3.629293169844896,grasp,,,,,,,,,,,,,,,,,,,,,2.150090217590332,1.2888214588165283,1.4057129621505737,-0.11972437798976898,0.0006231804145500064,0.006652849726378918,0.03736928477883339,2.149778536010083,1.2871559321491057,1.4072371783148054,-0.12012489099931335,0.002002501219941577,5.294038681932548e-06,,,,,,,,,,,,
3.649293169844896,grasp,,,,,,,,,,,,,,,,,,,,,2.1500632762908936,1.2884331941604614,1.4054945707321167,-0.11993033438920975,0.000747191661503166,0.006644451059401035,0.03736928477883339,2.149778536010083,1.2871559321491057,1.4072371783148054,-0.12012489099931335,0.002002501219941577,5.294038681932548e-06,,,,,,,,,,,,
3.669293169844896,grasp,,,,,,,,,,,,,,,,,,,,,2.150033950805664,1.2869127988815308,1.404704213142395,-0.12072045356035233,0.0009040189906954765,0.0066380733624100685,0.03736928477883339,2.1497896444937603,1.284415773425326,1.4058570777809476,-0.1215356289122905,0.002013581014406002,5.274930885555589e-06,,,,,,,,,,,,
3.689293169844896,grasp,,,,,,,,,,,,,,,,,,,,,2.1499834060668945,1.2861275672912598,1.4041839838027954,-0.12112763524055481,0.0011162498267367482,0.0066315289586782455,0.03736928477883339,2.1497896444937603,1.284415773425326,1.4058570777809476,-0.1215356289122905,0.002013581014406002,5.274930885555589e-06,,,,,,,,,,,,
3.709293169844896,grasp,,,,,,,,,,,,,,,,,,,,,2.1499526500701904,1.2836344242095947,1.402750015258789,-0.12242715060710907,0.0013358283322304487,0.006626110523939133,0.03736928477883339,2.149807398945841,1.2800301414008817,1.4036595428412786,-0.12378227874264282,0.002031061527130321,5.244785169368394e-06,,,,,,,,,,,,
3.729293169844896,grasp,,,,,,,,,,,,,,,,,,,,,2.149909019470215,1.2823381423950195,1.4019986391067505,-0.1230955570936203,0.0015537968138232827,0.006620060186833143,0.03736928477883339,2.149807398945841,1.2800301414008817,1.4036595428412786,-0.12378227874264282,0.002031061527130321,5.244785169368394e-06,,,,,,,,,,,,
3.749293169844896,grasp,,,,,,,,,,,,,,,,,,,,,2.1498830318450928,1.2786295413970947,1.3999329805374146,-0.12500858306884766,0.0017874506302177906,0.0066148266196250916,0.03736928477883339,2.149832739593592,1.2736800038358682,1.400498107916114,-0.1270152263025414,0.0020559150242575003,5.201923993057931e-06,,,,,,,,,,,,
3.7692931698448957,grasp,,,,,,,,,,,,,,,,,,,,,2.1498494148254395,1.2766586542129517,1.3989237546920776,-0.12599259614944458,0.0019892442505806684,0.0066095637157559395,0.03736928477883339,2.149832739593592,1.2736800038358682,1.400498107916114,-0.1270152263025414,0.0020559150242575003,5.201923993057931e-06,,,,,,,,,,,,
3.789293169844896,grasp,,,,,,,,,,,,,,,,,,,,,2.149862051010132,1.2715644836425781,1.396165370941162,-0.12861409783363342,0.0020214098040014505,0.006609336007386446,0.03736928477883339,2.149866149515752,1.2650921061741303,1.3962371149172115,-0.13137334773652476,0.0020891787362246547,5.14455860130045e-06,,,,,,,,,,,,
3.8092931698448957,grasp,,,,,,,,,,,,,,,,,,,,,2.1498658657073975,1.2688895463943481,1.3946367502212524,-0.12996624410152435,0.002066146582365036,0.006609130650758743,0.03736928477883339,2.149866149515752,1.2650921061741303,1.3962371149172115,-0.13137334773652476,0.0020891787362246547,5.14455860130045e-06,,,,,,,,,,,,
3.8292931698448958,grasp,,,,,,,,,,,,,,,,,,,,,2.149902105331421,1.2621995210647583,1.3911676406860352,-0.13338056206703186,0.002038662089034915,0.006610137410461903,0.03736928477883339,2.14990916593353,1.2540311918648863,1.390757624543445,-0.13697857853734696,0.0021318004467626183,5.071055164649076e-06,,,,,,,,,,,,
3.849293169844896,grasp,,,,,,,,,,,,,,,,,,,,,2.1499240398406982,1.2587058544158936,1.3895012140274048,-0.1351388692855835,0.001965815667062998,0.0066119106486439705,0.03736928477883339,2.14990916593353,1.2540311918648863,1.390757624543445,-0.13697857853734696,0.0021318004467626183,5.071055164649076e-06,,,,,,,,,,,,
3.869293169844896,grasp,,,,,,,,,,,,,,,,,,,,,2.1499390602111816,1.250265121459961,1.3853411674499512,-0.1394151747226715,0.0020361056085675955,0.006610836833715439,0.03736928477883339,2.149962333799797,1.2402943002222926,1.3839609055505913,-0.1439319863730417,0.0021845268219081067,4.980124662608277e-06,,,,,,,,,,,,
3.889293169844896,grasp,,,,,,,,,,,,,,,,,,,,,2.1499574184417725,1.245880365371704,1.3832420110702515,-0.14161816239356995,0.0020316496957093477,0.0066112251952290535,0.03736928477883339,2.149962333799797,1.2402943002222926,1.3839609055505913,-0.1439319863730417,0.0021845268219081067,4.980124662608277e-06,,,,,,,,,,,,
3.909293169844896,grasp,,,,,,,,,,,,,,,,,,,,,2.1499929428100586,1.23561692237854,1.3781410455703735,-0.14681848883628845,0.0020768155809491873,0.006611021235585213,0.03736928477883339,2.1500261465196973,1.2237114474370203,1.3757660612267861,-0.15231668478374752,0.0022479608328964834,4.8707287440428835e-06,,,,,,,,,,,,
3.929293169844896,grasp,,,,,,,,,,,,,,,,,,,,,2.150012969970703,1.2302846908569336,1.3755648136138916,-0.1494971364736557,0.0020951316691935062,0.00661096815019846,0.03736928477883339,2.1500261465196973,1.2237114474370203,1.3757660612267861,-0.15231668478374752,0.0022479608328964834,4.8707287440428835e-06,,,,,,,,,,,,
3.949293169844896,grasp,,,,,,,,,,,,,,,,,,,,,2.150059938430786,1.2180935144424438,1.3695032596588135,-0.15566951036453247,0.0021410121116787195,0.006610956974327564,0.03736928477883339,2.150100974090635,1.2041467187936874,1.3661068208623905,-0.16220078611861163,0.002322621591446677,4.741969407115223e-06,,,,,,,,,,,,
3.969293169844896,grasp,,,,,,,,,,,,,,,,,,,,,2.150083303451538,1.2117606401443481,1.36643648147583,-0.15884901583194733,0.002165724290534854,0.00661082286387682,0.03736928477883339,2.150100974090635,1.2041467187936874,1.3661068208623905,-0.16220078611861163,0.002322621591446677,4.741969407115223e-06,,,,,,,,,,,,
3.989293169844896,grasp,,,,,,,,,,,,,,,,,,,,,2.150136709213257,1.1975640058517456,1.3593854904174805,-0.1660313606262207,0.002218878362327814,0.006610841490328312,0.03736928477883339,2.150187294500993,1.181494957126218,1.3549326954557894,-0.1736359169359051,0.0024088999436866574,4.593176062955831e-06,,,,,,,,,,,,
4.009293169844896,grasp,,,,,,,,,,,,,,,,,,,,,2.150164842605591,1.1901912689208984,1.3558112382888794,-0.16973115503787994,0.0022477300371974707,0.006610661745071411,0.03736928477883339,2.150187294500993,1.181494957126218,1.3549326954557894,-0.1736359169359051,0.0024088999436866574,4.593176062955831e-06,,,,,,,,,,,,
4.029293169844896,grasp,,,,,,,,,,,,,,,,,,,,,2.1502275466918945,1.17393159866333,1.3477461338043213,-0.1779518723487854,0.0023088918533176184,0.006610651966184378,0.03736928477883339,2.150285043187663,1.1556821148667649,1.3422069697527517,-0.186659893830606,0.0025070927110626643,4.423839061792249e-06,,,,,,,,,,,,
4.049293169844896,grasp,,,,,,,,,,,,,,,,,,,,,2.1502597332000732,1.1654897928237915,1.3436484336853027,-0.18218664824962616,0.0023416371550410986,0.006610460579395294,0.03736928477883339,2.150285043187663,1.1556821148667649,1.3422069697527517,-0.186659893830606,0.0025070927110626643,4.423839061792249e-06,,,,,,,,,,,,
4.0692931698448955,grasp,,,,,,,,,,,,,,,,,,,,,2.1503286361694336,1.147130012512207,1.3345534801483154,-0.19146472215652466,0.0024105289485305548,0.006610517855733633,0.03736928477883339,2.1503948432032765,1.126663242771633,1.3279065731243618,-0.20129654283311899,0.002617393812572365,4.233624377545852e-06,,,,,,,,,,,,
4.089293169844896,grasp,,,,,,,,,,,,,,,,,,,,,2.150365114212036,1.1376001834869385,1.329921007156372,-0.1962442398071289,0.0024478824343532324,0.006610338110476732,0.03736928477883339,2.1503948432032765,1.126663242771633,1.3279065731243618,-0.20129654283311899,0.002617393812572365,4.233624377545852e-06,,,,,,,,,,,,
4.109293169844896,grasp,,,,,,,,,,,,,,,,,,,,,2.1504428386688232,1.1171228885650635,1.3197883367538452,-0.20659023523330688,0.0025242092087864876,0.006610386073589325,0.03736928477883339,2.15051677569682,1.094421836222399,1.312020663179251,-0.21755696761705648,0.0027399178819781517,4.0223317634589755e-06,,,,,,,,,,,,
4.129293169844896,grasp,,,,,,,,,,,,,,,,,,,,,2.150482177734375,1.106497049331665,1.3146140575408936,-0.21192000806331635,0.0025662430562078953,0.006610160693526268,0.03736928477883339,2.15051677569682,1.094421836222399,1.312020663179251,-0.21755696761705648,0.0027399178819781517,4.0223317634589755e-06,,,,,,,,,,,,
4.149293169844896,grasp,,,,,,,,,,,,,,,,,,,,,2.150568723678589,1.0839017629623413,1.303444266319275,-0.2233363687992096,0.002650128910318017,0.006610183045268059,0.03736928477883339,2.15065118045754,1.0589689287154072,1.2945497657838296,-0.23544084350779246,0.002874717599896823,3.7898720508789665e-06,,,,,,,,,,,,
4.169293169844896,grasp,,,,,,,,,,,,,,,,,,,,,2.1506128311157227,1.072179913520813,1.297723650932312,-0.2292177528142929,0.002697050105780363,0.006609931122511625,0.03736928477883339,2.15065118045754,1.0589689287154072,1.2945497657838296,-0.23544084350779246,0.002874717599896823,3.7898720508789665e-06,,,,,,,,,,,,
4.189293169844896,grasp,,,,,,,,,,,,,,,,,,,,,2.150707721710205,1.0474860668182373,1.2855234146118164,-0.24170084297657013,0.002788143465295434,0.0066100372932851315,0.03736928477883339,2.1507977969014744,1.0203439077463317,1.2755027926661135,-0.2549390557501682,0.0030218412720066827,3.5361569026233195e-06,,,,,,,,,,,,
4.209293169844896,grasp,,,,,,,,,,,,,,,,,,,,,2.1507554054260254,1.0346784591674805,1.279255747795105,-0.24813193082809448,0.002840171568095684,0.006609725300222635,0.03736928477883339,2.1507977969014744,1.0203439077463317,1.2755027926661135,-0.2549390557501682,0.0030218412720066827,3.5361569026233195e-06,,,,,,,,,,,,
4.229293169844896,grasp,,,,,,,,,,,,,,,,,,,,,2.1508901119232178,1.0079060792922974,1.2660374641418457,-0.26169484853744507,0.00294090760871768,0.0066098724491894245,0.03736928477883339,2.15102297833323,0.9785793023996784,1.2548964374728189,-0.27608079071486175,0.0031824810662069622,3.3576244527509544e-06,,,,,,,,,,,,
4.249293169844896,grasp,,,,,,,,,,,,,,,,,,,,,2.150959014892578,0.9940249919891357,1.259224534034729,-0.2686823904514313,0.0029958710074424744,0.0066096107475459576,0.03736928477883339,2.15102297833323,0.9785793023996784,1.2548964374728189,-0.27608079071486175,0.0031824810662069622,3.3576244527509544e-06,,,,,,,,,,,,
4.269293169844896,grasp,,,,,,,,,,,,,,,,,,,,,2.1471424102783203,0.9675862193107605,1.2447173595428467,-0.28068602085113525,0.0028216287028044462,0.006609089206904173,0.03736928477883339,2.142890969983256,0.9386645504647199,1.2321172256157886,-0.29341247009072063,0.0032348317505733674,-9.119831892099915e-06,,,,,,,,,,,,
4.289293169844896,grasp,,,,,,,,,,,,,,,,,,,,,2.145010471343994,0.9539002180099487,1.2371728420257568,-0.2868676781654358,0.0031676783692091703,0.006598100531846285,0.03736928477883339,2.142890969983256,0.9386645504647199,1.2321172256157886,-0.29341247009072063,0.0032348317505733674,-9.119831892099915e-06,,,,,,,,,,,,
4.309293169844896,grasp,,,,,,,,,,,,,,,,,,,,,2.1210522651672363,0.9372144937515259,1.2204002141952515,-0.28649744391441345,0.0015715326881036162,0.0065931533463299274,0.03736928477883339,2.094595398545647,0.9187775335575087,1.2051981173890027,-0.28606003557548665,0.0027062876209545386,-8.050217404756984e-05,,,,,,,,,,,,
4.329293169844896,grasp,,,,,,,,,,,,,,,,,,,,,2.1077418327331543,0.9286593198776245,1.211506724357605,-0.2862912714481354,0.0032486864365637302,0.006530940067023039,0.03736928477883339,2.094595398545647,0.9187775335575087,1.2051981173890027,-0.28606003557548665,0.0027062876209545386,-8.050217404756984e-05,,,,,,,,,,,,
4.349293169844896,grasp,,,,,,,,,,,,,,,,,,,,,2.077669143676758,0.9137035608291626,1.193359136581421,-0.2827872931957245,0.001164806424640119,0.006526795215904713,0.03736928477883339,2.044575229025303,0.8970621996574603,1.176762499558873,-0.2790198864990493,0.002163414181737679,-0.00015442775239080935,,,,,,,,,,,,
4.369293169844896,grasp,,,,,,,,,,,,,,,,,,,,,2.061063766479492,0.9060255289077759,1.1837679147720337,-0.28096669912338257,0.0029291410464793444,0.0064568850211799145,0.03736928477883339,2.044575229025303,0.8970621996574603,1.176762499558873,-0.2790198864990493,0.002163414181737679,-0.00015442775239080935,,,,,,,,,,,,
4.389293169844896,grasp,,,,,,,,,,,,,,,,,,,,,2.0280826091766357,0.8909522891044617,1.1645594835281372,-0.27644896507263184,0.00070740538649261,0.006451194640249014,0.03736928477883339,1.991886526434016,0.874191079666245,1.1468146023104722,-0.2716053917304304,0.00159167809866488,-0.000232283742914358,,,,,,,,,,,,
4.409293169844896,grasp,,,,,,,,,,,,,,,,,,,,,2.0099542140960693,0.8832144141197205,1.1544091701507568,-0.27410659193992615,0.0024545942433178425,0.006379107944667339,0.03736928477883339,1.991886526434016,0.874191079666245,1.1468146023104722,-0.2716053917304304,0.00159167809866488,-0.000232283742914358,,,,,,,,,,,,
4.429293169844896,grasp,,,,,,,,,,,,,,,,,,,,,1.9749925136566162,0.8675762414932251,1.134236454963684,-0.2691487967967987,0.0001492101582698524,0.006372071336954832,0.03736928477883339,1.9366810900826457,0.8502285343425555,1.1154389713086015,-0.26383742416127387,0.0009926943368380986,-0.0003138504698515667,,,,,,,,,,,,
4.449293169844896,grasp,,,,,,,,,,,,,,,,,,,,,1.9558241367340088,0.8595494627952576,1.1235769987106323,-0.2665793299674988,0.0019142486853525043,0.006297847721725702,0.03736928477883339,1.9366810900826457,0.8502285343425555,1.1154389713086015,-0.26383742416127387,0.0009926943368380986,-0.0003138504698515667,,,,,,,,,,,,
4.469293169844896,grasp,,,,,,,,,,,,,,,,,,,,,1.9192100763320923,0.8432653546333313,1.1025071144104004,-0.2613450884819031,-0.0004658671095967293,0.006289768498390913,0.03736928477883339,1.8791255275632168,0.8252460321189002,1.0827290272108971,-0.25573921549979606,0.0003682429723136144,-0.00039888527799478336,,,,,,,,,,,,
4.4892931698448955,grasp,,,,,,,,,,,,,,,,,,,,,1.899170160293579,0.8349087238311768,1.091373085975647,-0.2586325407028198,0.0013339450815692544,0.006213170941919088,0.03736928477883339,1.8791255275632168,0.8252460321189002,1.0827290272108971,-0.25573921549979606,0.0003682429723136144,-0.00039888527799478336,,,,,,,,,,,,
4.509293169844896,grasp,,,,,,,,,,,,,,,,,,,,,1.8610732555389404,0.8179939985275269,1.0694764852523804,-0.25317737460136414,-0.0011149182682856917,0.006204208824783564,0.03736928477883339,1.8193995854866647,0.7993213626232808,1.0487871471859618,-0.24733603911934088,-0.00027972917811990055,-0.0004871230277025889,,,,,,,,,,,,
4.529293169844896,grasp,,,,,,,,,,,,,,,,,,,,,1.8402539491653442,0.809316873550415,1.0579018592834473,-0.2503502368927002,0.0007204487337730825,0.006125325802713633,0.03736928477883339,1.8193995854866647,0.7993213626232808,1.0487871471859618,-0.24733603911934088,-0.00027972917811990055,-0.0004871230277025889,,,,,,,,,,,,
4.549293169844896,grasp,,,,,,,,,,,,,,,,,,,,,1.8008090257644653,0.7918166518211365,1.0352473258972168,-0.24470210075378418,-0.0017837296472862363,0.00611547427251935,0.03736928477883339,1.7576959539362949,0.7725377782675011,1.0137221897387694,-0.23865496856339566,-0.0009491329267284173,-0.0005782792758723832,,,,,,,,,,,,
4.5692931698448955,grasp,,,,,,,,,,,,,,,,,,,,,1.7792887687683105,0.7828416228294373,1.0232679843902588,-0.24177496135234833,7.958533387864009e-05,0.0060346694663167,0.03736928477883339,1.7576959539362949,0.7725377782675011,1.0137221897387694,-0.23865496856339566,-0.0009491329267284173,-0.0005782792758723832,,,,,,,,,,,,
4.589293169844896,grasp,,,,,,,,,,,,,,,,,,,,,1.7386250495910645,0.764811098575592,0.9999299645423889,-0.23595504462718964,-0.002470291219651699,0.006023871712386608,0.03736928477883339,1.6942183909988018,0.7449835541019765,0.9776496522970797,-0.22972465029398878,-0.0016377541774017083,-0.0006720526738403775,,,,,,,,,,,,
4.6092931698448965,grasp,,,,,,,,,,,,,,,,,,,,,1.7164783477783203,0.7555669546127319,0.987585186958313,-0.2329387366771698,-0.00058579514734447,0.005941351875662804,0.03736928477883339,1.6942183909988018,0.7449835541019765,0.9776496522970797,-0.22972465029398878,-0.0016377541774017083,-0.0006720526738403775,,,,,,,,,,,,
4.629293169844896,grasp,,,,,,,,,,,,,,,,,,,,,1.6747312545776367,0.7370650768280029,0.9636420011520386,-0.22696727514266968,-0.003171302145346999,0.005929695442318916,0.03736928477883339,1.6291804598336843,0.716751188408655,0.9406910176639108,-0.22057510811836795,-0.002343276246263317,-0.0007681276369083063,,,,,,,,,,,,
4.649293169844896,grasp,,,,,,,,,,,,,,,,,,,,,1.6520346403121948,0.7275820374488831,0.9509727358818054,-0.22387227416038513,-0.001272987574338913,0.005845809821039438,0.03736928477883339,1.6291804598336843,0.716751188408655,0.9406910176639108,-0.22057510811836795,-0.002343276246263317,-0.0007681276369083063,,,,,,,,,,,,
4.669293169844896,grasp,,,,,,,,,,,,,,,,,,,,,1.6093422174453735,0.7086713910102844,0.9265061020851135,-0.21776966750621796,-0.0038839103654026985,0.005833202041685581,0.03736928477883339,1.5628043543076127,0.6879370389788099,0.9029725951854762,-0.2112376139595764,-0.0030632922515086035,-0.0008661765236209645,,,,,,,,,,,,
4.689293169844896,grasp,,,,,,,,,,,,,,,,,,,,,1.5861759185791016,0.6989820003509521,0.9135551452636719,-0.21460659801959991,-0.0019794164691120386,0.005748243071138859,0.03736928477883339,1.5628043543076127,0.6879370389788099,0.9029725951854762,-0.2112376139595764,-0.0030632922515086035,-0.0008661765236209645,,,,,,,,,,,,
4.709293169844896,grasp,,,,,,,,,,,,,,,,,,,,,1.5426841974258423,0.6797274947166443,0.8886489868164062,-0.20839394629001617,-0.004606284201145172,0.0057347966358065605,0.03736928477883339,1.4953197615869147,0.6586404903524431,0.8646246951619526,-0.2017443967317667,-0.0037953147625785283,-0.0009658605118896125,,,,,,,,,,,,
4.729293169844896,grasp,,,,,,,,,,,,,,,,,,,,,1.519129991531372,0.6698644757270813,0.8754613995552063,-0.20517368614673615,-0.002702642697840929,0.005649066995829344,0.03736928477883339,1.4953197615869147,0.6586404903524431,0.8646246951619526,-0.2017443967317667,-0.0037953147625785283,-0.0009658605118896125,,,,,,,,,,,,
4.749293169844896,grasp,,,,,,,,,,,,,,,,,,,,,1.4749891757965088,0.6503332257270813,0.8502019643783569,-0.1988726407289505,-0.005335858557373285,0.0056348443031311035,0.03736928477883339,1.426962238832291,0.6289637318542987,0.8257811285716031,-0.19212860674593063,-0.004536789300422755,-0.0010668316151024142,,,,,,,,,,,,
4.769293169844896,grasp,,,,,,,,,,,,,,,,,,,,,1.451128602027893,0.6403316259384155,0.8368229866027832,-0.1956062912940979,-0.0034398064017295837,0.0055486527271568775,0.03736928477883339,1.426962238832291,0.6289637318542987,0.8257811285716031,-0.19212860674593063,-0.004536789300422755,-0.0010668316151024142,,,,,,,,,,,,
4.789293169844896,grasp,,,,,,,,,,,,,,,,,,,,,1.4064923524856567,0.6205916404724121,0.8112989068031311,-0.18923895061016083,-0.006070367526262999,0.005533662158995867,0.03736928477883339,1.3579721076558804,0.5990108202892307,0.7865783987984712,-0.18242405118899405,-0.005285108259103636,-0.0011687349864929648,,,,,,,,,,,,
4.809293169844896,grasp,,,,,,,,,,,,,,,,,,,,,1.3824105262756348,0.6104863286018372,0.7977759838104248,-0.18593807518482208,-0.004188265185803175,0.005447295028716326,0.03736928477883339,1.3579721076558804,0.5990108202892307,0.7865783987984712,-0.18242405118899405,-0.005285108259103636,-0.0011687349864929648,,,,,,,,,,,,
4.829293169844896,grasp,,,,,,,,,,,,,,,,,,,,,1.3374359607696533,0.590607225894928,0.7720776796340942,-0.17952696979045868,-0.006807408761233091,0.005431574769318104,0.03736928477883339,1.2885931179920833,0.5688873668274206,0.7471548043339828,-0.1726650024011172,-0.006037628575753903,-0.00127121033451328,,,,,,,,,,,,
4.849293169844896,grasp,,,,,,,,,,,,,,,,,,,,,1.313217282295227,0.5804335474967957,0.7584578394889832,-0.17620311677455902,-0.004945070948451757,0.005345334764569998,0.03736928477883339,1.2885931179920833,0.5688873668274206,0.7471548043339828,-0.1726650024011172,-0.006037628575753903,-0.00127121033451328,,,,,,,,,,,,
4.869293169844896,grasp,,,,,,,,,,,,,,,,,,,,,1.2680647373199463,0.5604854226112366,0.7326752543449402,-0.16977082192897797,-0.007544664666056633,0.005329016130417585,0.03736928477883339,1.219070977975072,0.5387000052782719,0.7076499450162863,-0.16288600294499375,-0.006791686295329954,-0.0013738949962250006,,,,,,,,,,,,
4.889293169844896,grasp,,,,,,,,,,,,,,,,,,,,,1.2437934875488281,0.5502792596817017,0.719007134437561,-0.16643576323986053,-0.005707534961402416,0.00524313235655427,0.03736928477883339,1.219070977975072,0.5387000052782719,0.7076499450162863,-0.16288600294499375,-0.006791686295329954,-0.0013738949962250006,,,,,,,,,,,,
4.909293169844896,grasp,,,,,,,,,,,,,,,,,,,,,1.1986230611801147,0.5303326845169067,0.6932318806648254,-0.160005122423172,-0.008279519155621529,0.0052262828685343266,0.03736928477883339,1.1496522926019455,0.5085554933959424,0.6682037772537168,-0.15312171913567674,-0.007544608577496384,-0.0014764251242435171,,,,,,,,,,,,
4.929293169844896,grasp,,,,,,,,,,,,,,,,,,,,,1.1743844747543335,0.5201302766799927,0.6795638799667358,-0.15667060017585754,-0.006472912151366472,0.005141095723956823,0.03736928477883339,1.1496522926019455,0.5085554933959424,0.6682037772537168,-0.15312171913567674,-0.007544608577496384,-0.0014764251242435171,,,,,,,,,,,,
4.949293169844896,grasp,,,,,,,,,,,,,,,,,,,,,1.1293588876724243,0.5002557039260864,0.6538870334625244,-0.1502644568681717,-0.009009674191474915,0.005123788025230169,0.03736928477883339,1.0805829597072771,0.47856055724098057,0.6289560775661063,-0.14340670977982525,-0.008293730477857968,-0.0015784375971054944,,,,,,,,,,,,
4.969293169844896,grasp,,,,,,,,,,,,,,,,,,,,,1.1052366495132446,0.4900932312011719,0.6402674913406372,-0.14694222807884216,-0.007238045800477266,0.005039512179791927,0.03736928477883339,1.0805829597072771,0.47856055724098057,0.6289560775661063,-0.14340670977982525,-0.008293730477857968,-0.0015784375971054944,,,,,,,,,,,,
4.9892931698448955,grasp,,,,,,,,,,,,,,,,,,,,,1.060516119003296,0.4703614413738251,0.6147800087928772,-0.14058329164981842,-0.009732546284794807,0.005021822173148394,0.03736928477883339,1.0121070884458525,0.4488210154990065,0.5900455097408162,-0.1337753040347736,-0.00903640728957635,-0.0016795721446356084,,,,,,,,,,,,
5.009293169844896,grasp,,,,,,,,,,,,,,,,,,,,,1.0365941524505615,0.46027442812919617,0.6012573838233948,-0.1372850239276886,-0.008000238798558712,0.004938729107379913,0.03736928477883339,1.0121070884458525,0.4488210154990065,0.5900455097408162,-0.1337753040347736,-0.00903640728957635,-0.0016795721446356084,,,,,,,,,,,,
5.029293169844896,grasp,,,,,,,,,,,,,,,,,,,,,0.9923381805419922,0.4407542943954468,0.5760487914085388,-0.13099558651447296,-0.010445762425661087,0.004920711740851402,0.03736928477883339,0.9444657138201472,0.4194412958657913,0.5516087782205269,-0.12426137041417856,-0.009770025127395015,-0.0017794730910251461,,,,,,,,,,,,
5.049293169844896,grasp,,,,,,,,,,,,,,,,,,,,,0.9686979055404663,0.4307785630226135,0.5626707077026367,-0.12773306667804718,-0.008756585419178009,0.0048390221782028675,0.03736928477883339,0.9444657138201472,0.4194412958657913,0.5516087782205269,-0.12426137041417856,-0.009770025127395015,-0.0017794730910251461,,,,,,,,,,,,
5.0692931698448955,grasp,,,,,,,,,,,,,,,,,,,,,0.9250644445419312,0.4115384519100189,0.5378289222717285,-0.12153520435094833,-0.011146570555865765,0.004820968955755234,0.03736928477883339,0.8778952967462964,0.39052373440095905,0.5137802973704104,-0.11489819719739089,-0.010492019089860022,-0.0018777909634556057,,,,,,,,,,,,
5.089293169844896,grasp,,,,,,,,,,,,,,,,,,,,,0.9017870426177979,0.4017082750797272,0.5246425271034241,-0.11831972748041153,-0.009504160843789577,0.0047409492544829845,0.03736928477883339,0.8778952967462964,0.39052373440095905,0.5137802973704104,-0.11489819719739089,-0.010492019089860022,-0.0018777909634556057,,,,,,,,,,,,
5.1092931698448965,grasp,,,,,,,,,,,,,,,,,,,,,0.8589301109313965,0.38281530141830444,0.5002533197402954,-0.11223503947257996,-0.011832977645099163,0.0047227768227458,0.03736928477883339,0.812626540420412,0.3621685103788473,0.4766908629775409,-0.1057181923183185,-0.011199890482109114,-0.0019741856585154993,,,,,,,,,,,,
5.129293169844896,grasp,,,,,,,,,,,,,,,,,,,,,0.8360932469367981,0.3731650114059448,0.4873049855232239,-0.1090778186917305,-0.010240712203085423,0.004644677042961121,0.03736928477883339,0.812626540420412,0.3621685103788473,0.4766908629775409,-0.1057181923183185,-0.011199890482109114,-0.0019741856585154993,,,,,,,,,,,,
5.149293169844896,grasp,,,,,,,,,,,,,,,,,,,,,0.7941625714302063,0.35468369722366333,0.4634525775909424,-0.103127121925354,-0.012502574361860752,0.004626590292900801,0.03736928477883339,0.7488829838176592,0.33447257746751824,0.4404674364550714,-0.09675277131475825,-0.011891216221423574,-0.002068326913330679,,,,,,,,,,,,
5.169293169844896,grasp,,,,,,,,,,,,,,,,,,,,,0.771842896938324,0.3452465236186981,0.45078617334365845,-0.10003896802663803,-0.01096330489963293,0.004550580400973558,0.03736928477883339,0.7488829838176592,0.33447257746751824,0.4404674364550714,-0.09675277131475825,-0.011891216221423574,-0.002068326913330679,,,,,,,,,,,,
5.189293169844896,grasp,,,,,,,,,,,,,,,,,,,,,0.7309828996658325,0.32723966240882874,0.4275513291358948,-0.09424252808094025,-0.013153081759810448,0.004532681778073311,0.03736928477883339,0.6868797478590607,0.3075292904127375,0.40523214754386366,-0.08803216975961976,-0.01256366406459011,-0.0021598975138622536,,,,,,,,,,,,
5.209293169844896,grasp,,,,,,,,,,,,,,,,,,,,,0.7092535495758057,0.31804731488227844,0.4152098298072815,-0.09123395383358002,-0.011669651605188847,0.00445899972692132,0.03736928477883339,0.6868797478590607,0.3075292904127375,0.40523214754386366,-0.08803216975961976,-0.01256366406459011,-0.0021598975138622536,,,,,,,,,,,,
5.229293169844896,grasp,,,,,,,,,,,,,,,,,,,,,0.6696027517318726,0.30057477951049805,0.3926704227924347,-0.08561097830533981,-0.013782155700027943,0.004441434517502785,0.03736928477883339,0.6268222508038492,0.28142772324751014,0.37110158824070766,-0.07958525086244261,-0.013215008199185412,-0.0022485945525372157,,,,,,,,,,,,
5.249293169844896,grasp,,,,,,,,,,,,,,,,,,,,,0.6485342383384705,0.2916578948497772,0.38069412112236023,-0.08269199728965759,-0.012357154861092567,0.004370211157947779,0.03736928477883339,0.6268222508038492,0.28142772324751014,0.37110158824070766,-0.07958525086244261,-0.013215008199185412,-0.0022485945525372157,,,,,,,,,,,,
5.269293169844896,grasp,,,,,,,,,,,,,,,,,,,,,0.6102243661880493,0.27477648854255676,0.3589242696762085,-0.07726088166236877,-0.014387713745236397,0.004353038035333157,0.03736928477883339,0.5689048637238658,0.2562520556886761,0.33818614851203954,-0.07143935912565832,-0.01384313920025166,-0.0023341304254897196,,,,,,,,,,,,
5.289293169844896,grasp,,,,,,,,,,,,,,,,,,,,,0.5898826718330383,0.26616400480270386,0.34735167026519775,-0.07444106042385101,-0.013023794628679752,0.004284494556486607,0.03736928477883339,0.5689048637238658,0.2562520556886761,0.33818614851203954,-0.07143935912565832,-0.01384313920025166,-0.0023341304254897196,,,,,,,,,,,,
5.309293169844896,grasp,,,,,,,,,,,,,,,,,,,,,0.5530373454093933,0.2499270737171173,0.3264216184616089,-0.06921897083520889,-0.014967894181609154,0.0042678555473685265,0.03736928477883339,0.5133095204059848,0.23208127352571928,0.3065892184235189,-0.06362006847879458,-0.014446086697524785,-0.0024162366606157695,,,,,,,,,,,,
5.329293169844896,grasp,,,,,,,,,,,,,,,,,,,,,0.5334856510162354,0.24164658784866333,0.3152884542942047,-0.06650732457637787,-0.013667183928191662,0.0042021675035357475,0.03736928477883339,0.5133095204059848,0.23208127352571928,0.3065892184235189,-0.06362006847879458,-0.014446086697524785,-0.0024162366606157695,,,,,,,,,,,,
5.349293169844896,grasp,,,,,,,,,,,,,,,,,,,,,0.498219758272171,0.2261037677526474,0.2952626347541809,-0.061510246247053146,-0.015521019697189331,0.0041861445643007755,0.03736928477883339,0.4602045173419862,0.20898846031430246,0.2764063437683034,-0.05615102825706252,-0.015022025190217739,-0.0024946650981850413,,,,,,,,,,,,
5.369293169844896,grasp,,,,,,,,,,,,,,,,,,,,,0.4795161187648773,0.2181800752878189,0.2846047580242157,-0.058915093541145325,-0.014285445213317871,0.004123431630432606,0.03736928477883339,0.4602045173419862,0.20898846031430246,0.2764063437683034,-0.05615102825706252,-0.015022025190217739,-0.0024946650981850413,,,,,,,,,,,,
5.389293169844896,grasp,,,,,,,,,,,,,,,,,,,,,0.44593480229377747,0.2033771425485611,0.26554176211357117,-0.05415757745504379,-0.016046179458498955,0.004108065273612738,0.03736928477883339,0.40974314382141935,0.187040261708406,0.24772455682113934,-0.04905377726196978,-0.015569295088904665,-0.0025691896826648126,,,,,,,,,,,,
5.409293169844896,grasp,,,,,,,,,,,,,,,,,,,,,0.4281327426433563,0.19583281874656677,0.2553929090499878,-0.05168658494949341,-0.014877384528517723,0.004048526752740145,0.03736928477883339,0.40974314382141935,0.187040261708406,0.24772455682113934,-0.04905377726196978,-0.015569295088904665,-0.0025691896826648126,,,,,,,,,,,,
5.429293169844896,grasp,,,,,,,,,,,,,,,,,,,,,0.39633044600486755,0.18181192874908447,0.23734058439731598,-0.047181881964206696,-0.01653917506337166,0.004033942706882954,0.03736928477883339,0.36206239371035326,0.16629622894709906,0.22062165285735016,-0.042347568963854686,-0.016086412243978013,-0.002639608237250793,,,,,,,,,,,,
5.449293169844896,grasp,,,,,,,,,,,,,,,,,,,,,0.3794781267642975,0.17466703057289124,0.22773179411888123,-0.04484191909432411,-0.015440208837389946,0.003977744374424219,0.03736928477883339,0.36206239371035326,0.16629622894709906,0.22062165285735016,-0.042347568963854686,-0.016086412243978013,-0.002639608237250793,,,,,,,,,,,,
5.469293169844896,grasp,,,,,,,,,,,,,,,,,,,,,0.3495383858680725,0.16146446764469147,0.21073639392852783,-0.040601566433906555,-0.01700228452682495,0.003963876981288195,0.03736928477883339,0.31728172352470957,0.14680813224313088,0.19516541025139833,-0.03604918937865715,-0.016572082157052775,-0.00270574429016611,,,,,,,,,,,,
5.4892931698448955,grasp,,,,,,,,,,,,,,,,,,,,,0.3336780071258545,0.15473729372024536,0.20169256627559662,-0.03839871287345886,-0.015973227098584175,0.003911062143743038,0.03736928477883339,0.31728172352470957,0.14680813224313088,0.19516541025139833,-0.03604918937865715,-0.016572082157052775,-0.00270574429016611,,,,,,,,,,,,
5.509293169844896,grasp,,,,,,,,,,,,,,,,,,,,,0.30567222833633423,0.14238418638706207,0.1857922375202179,-0.03443266078829765,-0.017431046813726425,0.003898114198818803,0.03736928477883339,0.275501735665619,0.1286193346601939,0.17141289337955856,-0.030172786013072075,-0.017025213814135205,-0.0027674496725135895,,,,,,,,,,,,
5.529293169844896,grasp,,,,,,,,,,,,,,,,,,,,,0.2908402681350708,0.13609017431735992,0.17733412981033325,-0.032372139394283295,-0.016475610435009003,0.003848861437290907,0.03736928477883339,0.275501735665619,0.1286193346601939,0.17141289337955856,-0.030172786013072075,-0.017025213814135205,-0.0027674496725135895,,,,,,,,,,,,
5.549293169844896,grasp,,,,,,,,,,,,,,,,,,,,,0.26482662558555603,0.12461119890213013,0.16256402432918549,-0.028688380494713783,-0.017826691269874573,0.003836781485006213,0.03736928477883339,0.2368026160585216,0.11176483520947535,0.1494096915219467,-0.0247296300636986,-0.017444936680153487,-0.002824605534731705,,,,,,,,,,,,
5.5692931698448955,grasp,,,,,,,,,,,,,,,,,,,,,0.25105181336402893,0.11876362562179565,0.15470600128173828,-0.026774438098073006,-0.01694406196475029,0.003791125025600195,0.03736928477883339,0.2368026160585216,0.11176483520947535,0.1494096915219467,-0.0247296300636986,-0.017444936680153487,-0.002824605534731705,,,,,,,,,,,,
5.589293169844896,grasp,,,,,,,,,,,,,,,,,,,,,0.22707432508468628,0.10817757993936539,0.14109335839748383,-0.02337905392050743,-0.01818978786468506,0.0037799531128257513,0.03736928477883339,0.20124283347642385,0.09627064395957322,0.12918919456638908,-0.01972793454872824,-0.017830618337314044,-0.0028771258104260105,,,,,,,,,,,,
5.6092931698448965,grasp,,,,,,,,,,,,,,,,,,,,,0.2143786996603012,0.10278618335723877,0.13384856283664703,-0.02161484770476818,-0.0173795223236084,0.003737937193363905,0.03736928477883339,0.20124283347642385,0.09627064395957322,0.12918919456638908,-0.01972793454872824,-0.017830618337314044,-0.0028771258104260105,,,,,,,,,,,,
5.629293169844896,grasp,,,,,,,,,,,,,,,,,,,,,0.19246597588062286,0.09310642629861832,0.12140869349241257,-0.01851186528801918,-0.018518468365073204,0.003727758303284645,0.03736928477883339,0.1688579048301071,0.08215303406607592,0.11077184221052781,-0.015172691957761627,-0.018181874365838097,-0.0029249581729723618,,,,,,,,,,,,
5.649293169844896,grasp,,,,,,,,,,,,,,,,,,,,,0.18086445331573486,0.08817758411169052,0.11478637903928757,-0.01689954288303852,-0.017781086266040802,0.00368942366912961,0.03736928477883339,0.1688579048301071,0.08215303406607592,0.11077184221052781,-0.015172691957761627,-0.018181874365838097,-0.0029249581729723618,,,,,,,,,,,,
5.669293169844896,grasp,,,,,,,,,,,,,,,,,,,,,0.16102911531925201,0.07941044867038727,0.10352665185928345,-0.014090729877352715,-0.018812116235494614,0.0036802561953663826,0.03736928477883339,0.1396592282475872,0.06941769582688517,0.09416433131079366,-0.011065503913910434,-0.018498580842987257,-0.002968085779598806,,,,,,,,,,,,
5.6892931698448965,grasp,,,,,,,,,,,,,,,,,,,,,0.15052883327007294,0.0749470666050911,0.09753135591745377,-0.01263128686696291,-0.018148450180888176,0.003645626362413168,0.03736928477883339,0.1396592282475872,0.06941769582688517,0.09416433131079366,-0.011065503913910434,-0.018498580842987257,-0.002968085779598806,,,,,,,,,,,,
5.709293169844896,grasp,,,,,,,,,,,,,,,,,,,,,0.1327681541442871,0.06709130108356476,0.0874493345618248,-0.010116184130311012,-0.019071543589234352,0.003637440735474229,0.03736928477883339,0.11363330526323426,0.058058096038434766,0.07935873970333028,-0.007404450914438314,-0.018780885497174757,-0.0030065288515675518,,,,,,,,,,,,
5.729293169844896,grasp,,,,,,,,,,,,,,,,,,,,,0.1233673095703125,0.06309238076210022,0.08208072185516357,-0.008809404447674751,-0.01848120242357254,0.0036064907908439636,0.03736928477883339,0.11363330526323426,0.058058096038434766,0.07935873970333028,-0.007404450914438314,-0.018780885497174757,-0.0030065288515675518,,,,,,,,,,,,
5.749293169844896,grasp,,,,,,,,,,,,,,,,,,,,,0.10766148567199707,0.05613889917731285,0.07316406071186066,-0.006585155613720417,-0.019297445192933083,0.003599268849939108,0.03736928477883339,0.09073991835606551,0.04805592353849266,0.06633190896771513,-0.004183875060783021,-0.019029226095373143,-0.0030403469368432416,,,,,,,,,,,,
5.769293169844897,grasp,,,,,,,,,,,,,,,,,,,,,0.09934952110052109,0.05259937793016434,0.06841647624969482,-0.005429589655250311,-0.018779918551445007,0.003571959212422371,0.03736928477883339,0.09073991835606551,0.04805592353849266,0.06633190896771513,-0.004183875060783021,-0.019029226095373143,-0.0030403469368432416,,,,,,,,,,,,
5.789293169844896,grasp,,,,,,,,,,,,,,,,,,,,,0.0856606736779213,0.046530112624168396,0.06064324453473091,-0.0034907411318272352,-0.019490299746394157,0.0035656606778502464,0.03736928477883339,0.07091163953511473,0.03937890758876753,0.05504448573552767,-0.001394252464020393,-0.01924433540731237,-0.0030696396035527237,,,,,,,,,,,,
5.809293169844896,grasp,,,,,,,,,,,,,,,,,,,,,0.07841744273900986,0.04344062879681587,0.05650525912642479,-0.0024836044758558273,-0.01904522441327572,0.0035420102067291737,0.03736928477883339,0.07091163953511473,0.03937890758876753,0.05504448573552767,-0.001394252464020393,-0.01924433540731237,-0.0030696396035527237,,,,,,,,,,,,
5.829293169844895,grasp,,,,,,,,,,,,,,,,,,,,,0.06668799370527267,0.03823144733905792,0.049842000007629395,-0.000822097877971828,-0.019651979207992554,0.003536548465490341,0.03736928477883339,0.05404928082360711,0.03198666942758097,0.045441012239104746,0.0009783134162928233,-0.01942728528142784,-0.0030945528663906515,,,,,,,,,,,,
5.849293169844896,grasp,,,,,,,,,,,,,,,,,,,,,0.060482680797576904,0.035579416900873184,0.04629657045006752,4.086126864422113e-05,-0.019275300204753876,0.0035163932479918003,0.03736928477883339,0.05404928082360711,0.03198666942758097,0.045441012239104746,0.0009783134162928233,-0.01942728528142784,-0.0030945528663906515,,,,,,,,,,,,
5.869293169844896,grasp,,,,,,,,,,,,,,,,,,,,,0.05063497647643089,0.03119828552007675,0.04070050269365311,0.0014359911438077688,-0.019786281511187553,0.003511854913085699,0.03736928477883339,0.04002211939615082,0.025827076857954583,0.03744878084145776,0.002952129239290102,-0.01957948721068522,-0.0031152790257373787,,,,,,,,,,,,
5.889293169844896,grasp,,,,,,,,,,,,,,,,,,,,,0.045425958931446075,0.02896764874458313,0.03772382065653801,0.0021605060901492834,-0.01947382651269436,0.0034949814435094595,0.03736928477883339,0.04002211939615082,0.025827076857954583,0.03744878084145776,0.002952129239290102,-0.01957948721068522,-0.0031152790257373787,,,,,,,,,,,,
5.909293169844895,grasp,,,,,,,,,,,,,,,,,,,,,0.037361256778240204,0.025373108685016632,0.03313922509551048,0.0033031878992915154,-0.019890543073415756,0.003491259180009365,0.03736928477883339,0.028668453824041644,0.020831983161577673,0.03097662038787362,0.00454990118749427,-0.019702691411587356,-0.0031320566384179472,,,,,,,,,,,,
5.929293169844896,grasp,,,,,,,,,,,,,,,,,,,,,0.03309663012623787,0.023542625829577446,0.030701905488967896,0.0038964920677244663,-0.019640441983938217,0.0034775829408317804,0.03736928477883339,0.028668453824041644,0.020831983161577673,0.03097662038787362,0.00454990118749427,-0.019702691411587356,-0.0031320566384179472,,,,,,,,,,,,
5.949293169844896,grasp,,,,,,,,,,,,,,,,,,,,,0.026694469153881073,0.02068522945046425,0.027061885222792625,0.0048037199303507805,-0.01997191645205021,0.003474633442237973,0.03736928477883339,0.019791277252570637,0.01692262833968552,0.02591489861971911,0.005799225160070081,-0.019799027161614278,-0.003145175266619216,,,,,,,,,,,,
5.969293169844896,grasp,,,,,,,,,,,,,,,,,,,,,0.02330983243882656,0.01922975853085518,0.025127699598670006,0.005274706985801458,-0.019777335226535797,0.003463887143880129,0.03736928477883339,0.019791277252570637,0.01692262833968552,0.02591489861971911,0.005799225160070081,-0.019799027161614278,-0.003145175266619216,,,,,,,,,,,,
5.9892931698448955,grasp,,,,,,,,,,,,,,,,,,,,,0.018428009003400803,0.017048530280590057,0.022351907566189766,0.005966584663838148,-0.020030055195093155,0.0034615981858223677,0.03736928477883339,0.013161344552255238,0.01400038336254311,0.02213368687620349,0.006732325978402993,-0.019870979187270914,-0.0031549733061628435,,,,,,,,,,,,
6.009293169844896,grasp,,,,,,,,,,,,,,,,,,,,,0.015848085284233093,0.015936866402626038,0.020877869799733162,0.006325677502900362,-0.01988573931157589,0.0034535005688667297,0.03736928477883339,0.013161344552255238,0.01400038336254311,0.02213368687620349,0.006732325978402993,-0.019870979187270914,-0.0031549733061628435,,,,,,,,,,,,
6.029293169844896,grasp,,,,,,,,,,,,,,,,,,,,,0.01232144795358181,0.014360001310706139,0.018873263150453568,0.006825589574873447,-0.020068341866135597,0.0034518761094659567,0.03736928477883339,0.008513405884158654,0.011951057424065957,0.01948262754410198,0.0073864905614873235,-0.019921421950272813,-0.003161842606836679,,,,,,,,,,,,
6.049293169844896,grasp,,,,,,,,,,,,,,,,,,,,,0.010458892211318016,0.013555285520851612,0.017810039222240448,0.007084953598678112,-0.019970495253801346,0.0034461556933820248,0.03736928477883339,0.008513405884158654,0.011951057424065957,0.01948262754410198,0.0073864905614873235,-0.019921421950272813,-0.003161842606836679,,,,,,,,,,,,
6.0692931698448955,grasp,,,,,,,,,,,,,,,,,,,,,0.008098602294921875,0.012499445118010044,0.01646849699318409,0.007419578265398741,-0.020091833546757698,0.0034450495149940252,0.03736928477883339,0.005545812341056612,0.010642512553477035,0.017789957754079284,0.0078041600099966,-0.019953628656358215,-0.003166228485543549,,,,,,,,,,,,
6.089293169844896,grasp,,,,,,,,,,,,,,,,,,,,,0.006853208877146244,0.01195971667766571,0.015758858993649483,0.007593107875436544,-0.020031480118632317,0.0034413787070661783,0.03736928477883339,0.005545812341056612,0.010642512553477035,0.017789957754079284,0.0078041600099966,-0.019953628656358215,-0.003166228485543549,,,,,,,,,,,,
6.1092931698448965,grasp,,,,,,,,,,,,,,,,,,,,,0.005446114111691713,0.011329521425068378,0.014959719963371754,0.007792659569531679,-0.02010367065668106,0.0034407307393848896,0.03736928477883339,0.003918718554035541,0.009925053541697131,0.01686188762176451,0.008033162745711794,-0.019971287805298336,-0.003168633035624413,,,,,,,,,,,,
6.129293169844896,grasp,,,,,,,,,,,,,,,,,,,,,0.004704764578491449,0.011007045395672321,0.014538522809743881,0.007896055467426777,-0.02007277123630047,0.003438621526584029,0.03736928477883339,0.003918718554035541,0.009925053541697131,0.01686188762176451,0.008033162745711794,-0.019971287805298336,-0.003168633035624413,,,,,,,,,,,,
6.149293169844896,grasp,,,,,,,,,,,,,,,,,,,,,0.004011895041912794,0.010696128942072392,0.014145754277706146,0.007994371466338634,-0.020107904449105263,0.0034382932353764772,0.03736928477883339,0.003252543762198428,0.009631306806712016,0.0164819114797197,0.008126922392925702,-0.019978517131489727,-0.0031696174751919756,,,,,,,,,,,,
6.169293169844896,grasp,,,,,,,,,,,,,,,,,,,,,0.003647966543212533,0.010536585003137589,0.013940205797553062,0.008045236580073833,-0.020098133012652397,0.003437413601204753,0.03736928477883339,0.003252543762198428,0.009631306806712016,0.0164819114797197,0.008126922392925702,-0.019978517131489727,-0.0031696174751919756,,,,,,,,,,,,
6.1892931698448965,grasp,,,,,,,,,,,,,,,,,,,,,0.003403062466531992,0.01042643841356039,0.01380271464586258,0.008079925552010536,-0.02010982669889927,0.003437279723584652,0.03736928477883339,0.0031265851107145732,0.009575765810072325,0.016410066592682484,0.008144650200014982,-0.019979883644275748,-0.0031698035911003654,,,,,,,,,,,,
6.195909632151015,grasp,,,,,,,,,,,,,,,,,,,,,0.0032731967512518167,0.01036932785063982,0.01373162679374218,0.008097870275378227,-0.02011134847998619,0.003437105566263199,0.03736928477883339,0.0031254440546035767,0.009575262665748596,0.016409415751695633,0.008144810795783997,-0.019979896023869514,-0.0031698052771389484,,,,,,,,,,,,
0.0,grasp,,,,,,,,,,,,,,,,,,,,,,,,,,,3.720584709299146e-05,,,,,,,0.043,,,,,,,,,,,
0.02,grasp,,,,,,,,,,,,,,,,,,,,,,,,,,,5.181767846806906e-05,,,,,,,0.043,,,,,,,,,,,
0.04,grasp,,,,,,,,,,,,,,,,,,,,,,,,,,,0.00014672602628706954,,,,,,,0.043,,,,,,,,,,,
0.06,grasp,,,,,,,,,,,,,,,,,,,,,,,,,,,0.00037513571442104876,,,,,,,0.043,,,,,,,,,,,
0.08,grasp,,,,,,,,,,,,,,,,,,,,,,,,,,,0.0007599541277159005,,,,,,,0.043,,,,,,,,,,,
0.1,grasp,,,,,,,,,,,,,,,,,,,,,,,,,,,0.0013325994368642569,,,,,,,0.043,,,,,,,,,,,
0.12,grasp,,,,,,,,,,,,,,,,,,,,,,,,,,,0.00211057101842016,,,,,,,0.043,,,,,,,,,,,
0.14,grasp,,,,,,,,,,,,,,,,,,,,,,,,,,,0.003100418602116406,,,,,,,0.043,,,,,,,,,,,
0.16,grasp,,,,,,,,,,,,,,,,,,,,,,,,,,,0.004305690061300993,,,,,,,0.043,,,,,,,,,,,
0.18,grasp,,,,,,,,,,,,,,,,,,,,,,,,,,,0.00572182540781796,,,,,,,0.043,,,,,,,,,,,
0.2,grasp,,,,,,,,,,,,,,,,,,,,,,,,,,,0.00733753340318799,,,,,,,0.043,,,,,,,,,,,
0.22,grasp,,,,,,,,,,,,,,,,,,,,,,,,,,,0.009137753397226334,,,,,,,0.043,,,,,,,,,,,
0.24,grasp,,,,,,,,,,,,,,,,,,,,,,,,,,,0.01110229454934597,,,,,,,0.043,,,,,,,,,,,
0.26,grasp,,,,,,,,,,,,,,,,,,,,,,,,,,,0.013206932693719864,,,,,,,0.043,,,,,,,,,,,
0.28,grasp,,,,,,,,,,,,,,,,,,,,,,,,,,,0.015424776822328568,,,,,,,0.043,,,,,,,,,,,
0.3,grasp,,,,,,,,,,,,,,,,,,,,,,,,,,,0.017726420424878597,,,,,,,0.043,,,,,,,,,,,
0.32,grasp,,,,,,,,,,,,,,,,,,,,,,,,,,,0.020080143585801125,,,,,,,0.043,,,,,,,,,,,
0.34,grasp,,,,,,,,,,,,,,,,,,,,,,,,,,,0.02245386317372322,,,,,,,0.043,,,,,,,,,,,
0.36,grasp,,,,,,,,,,,,,,,,,,,,,,,,,,,0.024814664386212826,,,,,,,0.043,,,,,,,,,,,
0.38,grasp,,,,,,,,,,,,,,,,,,,,,,,,,,,0.027129948139190674,,,,,,,0.043,,,,,,,,,,,
0.4,grasp,,,,,,,,,,,,,,,,,,,,,,,,,,,0.029368076473474503,,,,,,,0.043,,,,,,,,,,,
0.42,grasp,,,,,,,,,,,,,,,,,,,,,,,,,,,0.031499108299613,,,,,,,0.043,,,,,,,,,,,
0.44,grasp,,,,,,,,,,,,,,,,,,,,,,,,,,,0.03349556215107441,,,,,,,0.043,,,,,,,,,,,
0.46,grasp,,,,,,,,,,,,,,,,,,,,,,,,,,,0.035332296043634415,,,,,,,0.043,,,,,,,,,,,
0.48,grasp,,,,,,,,,,,,,,,,,,,,,,,,,,,0.03698880784213543,,,,,,,0.043,,,,,,,,,,,
0.5,grasp,,,,,,,,,,,,,,,,,,,,,,,,,,,0.038448162376880646,,,,,,,0.043,,,,,,,,,,,
0.52,grasp,,,,,,,,,,,,,,,,,,,,,,,,,,,0.03969887085258961,,,,,,,0.043,,,,,,,,,,,
0.54,grasp,,,,,,,,,,,,,,,,,,,,,,,,,,,0.04073483310639858,,,,,,,0.043,,,,,,,,,,,
0.56,grasp,,,,,,,,,,,,,,,,,,,,,,,,,,,0.04155670665204525,,,,,,,0.043,,,,,,,,,,,
0.58,grasp,,,,,,,,,,,,,,,,,,,,,,,,,,,0.04217221401631832,,,,,,,0.043,,,,,,,,,,,
0.6,grasp,,,,,,,,,,,,,,,,,,,,,,,,,,,0.04259638302028179,,,,,,,0.043,,,,,,,,,,,
0.62,grasp,,,,,,,,,,,,,,,,,,,,,,,,,,,0.0428529791533947,,,,,,,0.043,,,,,,,,,,,
0.64,grasp,,,,,,,,,,,,,,,,,,,,,,,,,,,0.042975250631570816,,,,,,,0.043,,,,,,,,,,,
0.66,grasp,,,,,,,,,,,,,,,,,,,,,,,,,,,0.0430055633187294,,,,,,,0.043,,,,,,,,,,,
0.68,grasp,,,,,,,,,,,,,,,,,,,,,,,,,,,0.04299839958548546,,,,,,,0.043,,,,,,,,,,,
0.68,grasp,,,,,,,,,,,,,,,,,,,,,-0.003917601890861988,0.003372057806700468,0.006877695210278034,0.01070388313382864,-0.0030745682306587696,0.005561217200011015,0.04299839958548546,-0.003917292226105928,0.002834358951076865,0.00897345133125782,0.010723724029958248,-0.0030822339467704296,0.0055613950826227665,,,,,,,,,,,,
0.7000000000000001,grasp,,,,,,,,,,,,,,,,,,,,,-0.003917612601071596,0.0033766147680580616,0.00686021288856864,0.01070371549576521,-0.0030745198018848896,0.005561215337365866,0.04299839958548546,-0.003917292226105928,0.002834358951076865,0.00897345133125782,0.010723724029958248,-0.0030822339467704296,0.0055613950826227665,,,,,,,,,,,,
0.7200000000000001,grasp,,,,,,,,,,,,,,,,,,,,,-0.003850760171189904,0.0034048366360366344,0.0068880063481628895,0.010691529139876366,-0.003073497209697962,0.005561030935496092,0.04299839958548546,-0.0037762904184562972,0.0028878239290067555,0.009049636323365303,0.010698745845142528,-0.0030817661291171927,0.005561046651120029,,,,,,,,,,,,
0.74,grasp,,,,,,,,,,,,,,,,,,,,,-0.003815503092482686,0.0034191799350082874,0.006903232540935278,0.010685255751013756,-0.0030740690417587757,0.005560959689319134,0.04299839958548546,-0.0037762904184562972,0.0028878239290067555,0.009049636323365303,0.010698745845142528,-0.0030817661291171927,0.005561046651120029,,,,,,,,,,,,
0.76,grasp,,,,,,,,,,,,,,,,,,,,,-0.0033390403259545565,0.0036022791173309088,0.0071587166748940945,0.01059989258646965,-0.003067166544497013,0.0055596488527953625,0.04299839958548546,-0.0028201781350066777,0.003250360439252467,0.00956623026344686,0.010529369161593721,-0.0030785924559677907,0.005558682724744566,,,,,,,,,,,,
0.78,grasp,,,,,,,,,,,,,,,,,,,,,-0.00309130921959877,0.003695747349411249,0.00729553634300828,0.010555950924754143,-0.003071282524615526,0.005559144541621208,0.04299839958548546,-0.0028201781350066777,0.003250360439252467,0.00956623026344686,0.010529369161593721,-0.0030785924559677907,0.005558682724744566,,,,,,,,,,,,
0.8,grasp,,,,,,,,,,,,,,,,,,,,,-0.0017530429176986217,0.004201565869152546,0.008014430291950703,0.010318160988390446,-0.003053540363907814,0.00555552588775754,0.04299839958548546,-0.0003153667054123691,0.004200129437326811,0.010919598607398997,0.010085638730764283,-0.0030702784636341485,0.005552488976377408,,,,,,,,,,,,
0.8200000000000001,grasp,,,,,,,,,,,,,,,,,,,,,-0.0010588931618258357,0.004461944103240967,0.008398005738854408,0.010195731185376644,-0.003064397256821394,0.005554113071411848,0.04299839958548546,-0.0003153667054123691,0.004200129437326811,0.010919598607398997,0.010085638730764283,-0.0030702784636341485,0.005552488976377408,,,,,,,,,,,,
0.8400000000000001,grasp,,,,,,,,,,,,,,,,,,,,,0.0015714212786406279,0.00545973377302289,0.009810125455260277,0.009728820994496346,-0.0030314521864056587,0.0055470517836511135,0.04299839958548546,0.00438576446704522,0.005982686693761279,0.013459652926027138,0.009252826691328434,-0.003054674479926996,0.005540864419752142,,,,,,,,,,,,
0.8600000000000001,grasp,,,,,,,,,,,,,,,,,,,,,0.00293541606515646,0.005968725308775902,0.0105624720454216,0.009488428011536598,-0.0030515328980982304,0.005544251296669245,0.04299839958548546,0.00438576446704522,0.005982686693761279,0.013459652926027138,0.009252826691328434,-0.003054674479926996,0.005540864419752142,,,,,,,,,,,,
0.8800000000000001,grasp,,,,,,,,,,,,,,,,,,,,,0.007245401851832867,0.0076079657301306725,0.012876560911536217,0.008723440580070019,-0.0029994791839271784,0.005532733630388975,0.04299839958548546,0.011848732428114407,0.008811001405869686,0.017491388924369425,0.007930767022896239,-0.0030299037064104935,0.005522411579239603,,,,,,,,,,,,
0.9,grasp,,,,,,,,,,,,,,,,,,,,,0.009479733183979988,0.00844255555421114,0.014106510207057,0.008329605683684349,-0.003030844032764435,0.005528104491531849,0.04299839958548546,0.011848732428114407,0.008811001405869686,0.017491388924369425,0.007930767022896239,-0.0030299037064104935,0.005522411579239603,,,,,,,,,,,,
0.92,grasp,,,,,,,,,,,,,,,,,,,,,0.01580868288874626,0.010847734287381172,0.017503129318356514,0.007206331938505173,-0.002956208772957325,0.005511237774044275,0.04299839958548546,0.02256200235655471,0.0128629489107799,0.02327593706509914,0.0060330043831345265,-0.00299434601301411,0.005495922792403366,,,,,,,,,,,,
0.9400000000000001,grasp,,,,,,,,,,,,,,,,,,,,,0.019088799133896828,0.012072920799255371,0.019306354224681854,0.006628061644732952,-0.003000592812895775,0.005504392087459564,0.04299839958548546,0.02256200235655471,0.0128629489107799,0.02327593706509914,0.0060330043831345265,-0.00299434601301411,0.005495922792403366,,,,,,,,,,,,
0.9600000000000001,grasp,,,,,,,,,,,,,,,,,,,,,0.027727479115128517,0.015346520580351353,0.02393886260688305,0.005094966851174831,-0.002900421619415283,0.0054814163595438,0.04299839958548546,0.036940160907941395,0.018282780097750747,0.031032374368146227,0.0034862306360165587,-0.002946627394102445,0.005460374437526509,,,,,,,,,,,,
0.98,grasp,,,,,,,,,,,,,,,,,,,,,0.03220384567975998,0.01701456308364868,0.026396173983812332,0.004305718000978231,-0.002959280740469694,0.005472028627991676,0.04299839958548546,0.036940160907941395,0.018282780097750747,0.031032374368146227,0.0034862306360165587,-0.002946627394102445,0.005460374437526509,,,,,,,,,,,,
1.0,grasp,,,,,,,,,,,,,,,,,,,,,0.04339597001671791,0.02123802714049816,0.032391246408224106,0.002319683786481619,-0.0028310921043157578,0.005442316643893719,0.04299839958548546,0.05532730071548589,0.02518211459388266,0.040939447101323606,0.00022968625122646985,-0.002885609303007872,0.005414918452869425,,,,,,,,,,,,
1.02,grasp,,,,,,,,,,,,,,,,,,,,,0.04919470101594925,0.02339051477611065,0.03556930646300316,0.001297238515689969,-0.002905620262026787,0.005430102348327637,0.04299839958548546,0.05532730071548589,0.02518211459388266,0.040939447101323606,0.00022968625122646985,-0.002885609303007872,0.005414918452869425,,,,,,,,,,,,
1.04,grasp,,,,,,,,,,,,,,,,,,,,,0.06313848495483398,0.02862548641860485,0.043028220534324646,-0.0011767576215788722,-0.0027474749367684126,0.005393139086663723,0.04299839958548546,0.07799931980412916,0.03364323126045833,0.05313775373752268,-0.0037852669232792437,-0.002810380166914748,0.005358875346513719,,,,,,,,,,,,
1.06,grasp,,,,,,,,,,,,,,,,,,,,,0.07036209106445312,0.03129394352436066,0.04698018357157707,-0.0024504452012479305,-0.002838526386767626,0.005377867724746466,0.04299839958548546,0.07799931980412916,0.03364323126045833,0.05313775373752268,-0.0037852669232792437,-0.002810380166914748,0.005358875346513719,,,,,,,,,,,,
1.08,grasp,,,,,,,,,,,,,,,,,,,,,0.08721034973859787,0.037587184458971024,0.0559808574616909,-0.005439390428364277,-0.0026489447336643934,0.00533326668664813,0.04299839958548546,0.10516324724242344,0.043728638756545264,0.06773329868925773,-0.008595116194083822,-0.0027202569126248866,0.0052917362343765225,,,,,,,,,,,,
1.1,grasp,,,,,,,,,,,,,,,,,,,,,0.09593789279460907,0.04079554229974747,0.060747530311346054,-0.006978226825594902,-0.002757186768576503,0.005314749665558338,0.04299839958548546,0.10516324724242344,0.043728638756545264,0.06773329868925773,-0.008595116194083822,-0.0027202569126248866,0.0052917362343765225,,,,,,,,,,,,
1.12,grasp,,,,,,,,,,,,,,,,,,,,,0.11579718440771103,0.04818619787693024,0.07134698331356049,-0.010500987991690636,-0.002535210456699133,0.005262255202978849,0.04299839958548546,0.13695544898474094,0.05549343917951159,0.08480140270098944,-0.01422402159960864,-0.002614789000569099,0.005213165530359843,,,,,,,,,,,,
1.1400000000000001,grasp,,,,,,,,,,,,,,,,,,,,,0.12608373165130615,0.05195460096001625,0.07695788890123367,-0.012314694933593273,-0.0026610365603119135,0.005240366794168949,0.04299839958548546,0.13695544898474094,0.05549343917951159,0.08480140270098944,-0.01422402159960864,-0.002614789000569099,0.005213165530359843,,,,,,,,,,,,
1.1600000000000001,grasp,,,,,,,,,,,,,,,,,,,,,0.1490192860364914,0.060469210147857666,0.0891922116279602,-0.016382860019803047,-0.0024060795549303293,0.005179803818464279,0.04299839958548546,0.17345231642537237,0.06897085028514045,0.1043852875199439,-0.02068552988441189,-0.0024937245879529234,0.005122975134289155,,,,,,,,,,,,
1.1800000000000002,grasp,,,,,,,,,,,,,,,,,,,,,0.1608986258506775,0.0648113563656807,0.09566585719585419,-0.01847742311656475,-0.0025496070738881826,0.005154450424015522,0.04299839958548546,0.17345231642537237,0.06897085028514045,0.1043852875199439,-0.02068552988441189,-0.0024937245879529234,0.005122975134289155,,,,,,,,,,,,
1.2000000000000002,grasp,,,,,,,,,,,,,,,,,,,,,0.18693867325782776,0.07446006685495377,0.10955038666725159,-0.023095961660146713,-0.002261523623019457,0.005085766781121492,0.04299839958548546,0.21467632466976283,0.08416742484863056,0.12649665803285723,-0.02798358230577437,-0.002356988891422572,0.005021110086030159,,,,,,,,,,,,
1.2200000000000002,grasp,,,,,,,,,,,,,,,,,,,,,0.20042526721954346,0.07938138395547867,0.11689415574073792,-0.025473954156041145,-0.002422707388177514,0.005056905094534159,0.04299839958548546,0.21467632466976283,0.08416742484863056,0.12649665803285723,-0.02798358230577437,-0.002356988891422572,0.005021110086030159,,,,,,,,,,,,
1.2400000000000002,grasp,,,,,,,,,,,,,,,,,,,,,0.2295622080564499,0.09016064554452896,0.132424995303154,-0.030641529709100723,-0.0021016693208366632,0.004980129189789295,0.04299839958548546,0.2605966393881514,0.10107032208353921,0.1511184329575076,-0.03611271529146877,-0.002204680470267042,0.004907643433033213,,,,,,,,,,,,
1.26,grasp,,,,,,,,,,,,,,,,,,,,,0.24465228617191315,0.09565945714712143,0.14063608646392822,-0.03330225497484207,-0.0022803032770752907,0.00494775315746665,0.04299839958548546,0.2605966393881514,0.10107032208353921,0.1511184329575076,-0.03611271529146877,-0.002204680470267042,0.004907643433033213,,,,,,,,,,,,
1.28,grasp,,,,,,,,,,,,,,,,,,,,,0.2768450975418091,0.10755319893360138,0.15779119729995728,-0.03901156783103943,-0.0019268252654001117,0.004862998146563768,0.04299839958548546,0.3111322557085425,0.11964860564085894,0.17820677591758904,-0.045058602616943354,-0.0020370642999338506,0.004782772257180311,,,,,,,,,,,,
1.3,grasp,,,,,,,,,,,,,,,,,,,,,0.2935172915458679,0.11362159252166748,0.16685718297958374,-0.041951313614845276,-0.0021225763484835625,0.004827145952731371,0.04299839958548546,0.3111322557085425,0.11964860564085894,0.17820677591758904,-0.045058602616943354,-0.0020370642999338506,0.004782772257180311,,,,,,,,,,,,
1.32,grasp,,,,,,,,,,,,,,,,,,,,,0.32869312167167664,0.12660160660743713,0.18559788167476654,-0.048189494758844376,-0.0017374219605699182,0.004734611604362726,0.04299839958548546,0.36615589764587086,0.13985308344605368,0.20769268021966716,-0.0547986897653822,-0.0018545643749240768,0.004646811840118965,,,,,,,,,,,,
1.34,grasp,,,,,,,,,,,,,,,,,,,,,0.34690994024276733,0.1332254409790039,0.19549746811389923,-0.05140164494514465,-0.0019497923785820603,0.004695348907262087,0.04299839958548546,0.36615589764587086,0.13985308344605368,0.20769268021966716,-0.0547986897653822,-0.0018545643749240768,0.004646811840118965,,,,,,,,,,,,
1.36,grasp,,,,,,,,,,,,,,,,,,,,,0.3849661648273468,0.14725449681282043,0.21576933562755585,-0.05815048888325691,-0.0015340058598667383,0.004595313686877489,0.04299839958548546,0.4254950395115059,0.16162271746459528,0.23948453331812108,-0.06530248022058048,-0.0016577572929256017,0.004500191309381467,,,,,,,,,,,,
1.3800000000000001,grasp,,,,,,,,,,,,,,,,,,,,,0.4046745300292969,0.15441495180130005,0.2264731079339981,-0.0616256445646286,-0.0017624543979763985,0.00455275597050786,0.04299839958548546,0.4254950395115059,0.16162271746459528,0.23948453331812108,-0.06530248022058048,-0.0016577572929256017,0.004500191309381467,,,,,,,,,,,,
1.4,grasp,,,,,,,,,,,,,,,,,,,,,0.4454811215400696,0.1694452464580536,0.24820750951766968,-0.06886212527751923,-0.0013173044426366687,0.004445561673492193,0.04299839958548546,0.4889380274367484,0.18487947492023607,0.2734688654389115,-0.07653250385854177,-0.0014473484887223085,0.004343436075438905,,,,,,,,,,,,
1.42,grasp,,,,,,,,,,,,,,,,,,,,,0.46661388874053955,0.1771182119846344,0.25967833399772644,-0.0725884959101677,-0.0015611958224326372,0.004399850498884916,0.04299839958548546,0.4889380274367484,0.18487947492023607,0.2734688654389115,-0.07653250385854177,-0.0014473484887223085,0.004343436075438905,,,,,,,,,,,,
1.44,grasp,,,,,,,,,,,,,,,,,,,,,0.5100159049034119,0.19309264421463013,0.2827930450439453,-0.08028511703014374,-0.0010881110792979598,0.004285902250558138,0.04299839958548546,0.5562361581202346,0.20953216650865147,0.30951268692194883,-0.08844465007799247,-0.001224160325645598,0.004177159856504237,,,,,,,,,,,,
1.46,grasp,,,,,,,,,,,,,,,,,,,,,0.5324932932853699,0.20124918222427368,0.2949867844581604,-0.08424852043390274,-0.0013466088566929102,0.004237217362970114,0.04299839958548546,0.5562361581202346,0.20953216650865147,0.30951268692194883,-0.08844465007799247,-0.001224160325645598,0.004177159856504237,,,,,,,,,,,,
1.48,grasp,,,,,,,,,,,,,,,,,,,,,0.578312873840332,0.21810278296470642,0.3193877041339874,-0.09237375855445862,-0.0008472963236272335,0.004116975236684084,0.04299839958548546,0.6271068108081154,0.23547839631347467,0.347465037931564,-0.10098887183270305,-0.0009891266138403068,0.004002060018017602,,,,,,,,,,,,
1.5,grasp,,,,,,,,,,,,,,,,,,,,,0.6020430326461792,0.22670990228652954,0.3322541117668152,-0.09655795246362686,-0.0011197339044883847,0.00406550383195281,0.04299839958548546,0.6271068108081154,0.23547839631347467,0.347465037931564,-0.10098887183270305,-0.0009891266138403068,0.004002060018017602,,,,,,,,,,,,
1.52,grasp,,,,,,,,,,,,,,,,,,,,,0.650081217288971,0.24436955153942108,0.35783547163009644,-0.10507665574550629,-0.0005958887632004917,0.003939486108720303,0.04299839958548546,0.7012377228523042,0.26260312780042294,0.3871586731999144,-0.11411001281531417,-0.0007432801171187313,0.0038189058009386444,,,,,,,,,,,,
1.54,grasp,,,,,,,,,,,,,,,,,,,,,0.6749618053436279,0.2533900737762451,0.37131816148757935,-0.10946355015039444,-0.0008815234177745879,0.003885498968884349,0.04299839958548546,0.7012377228523042,0.26260312780042294,0.3871586731999144,-0.11411001281531417,-0.0007432801171187313,0.0038189058009386444,,,,,,,,,,,,
1.56,grasp,,,,,,,,,,,,,,,,,,,,,0.7250007390975952,0.271776407957077,0.3979649543762207,-0.1183372288942337,-0.00035631220089271665,0.0037566632963716984,0.04299839958548546,0.7782888249858291,0.29078362014999937,0.4284121107627647,-0.12774814602788617,-0.0004877454032641034,0.003628534346999947,,,,,,,,,,,,
1.58,grasp,,,,,,,,,,,,,,,,,,,,,0.750920832157135,0.2811702489852905,0.4120028614997864,-0.1229071319103241,-0.0006565407384186983,0.003699184162542224,0.04299839958548546,0.7782888249858291,0.29078362014999937,0.4284121107627647,-0.12774814602788617,-0.0004877454032641034,0.003628534346999947,,,,,,,,,,,,
1.6,grasp,,,,,,,,,,,,,,,,,,,,,0.8027257323265076,0.30019837617874146,0.43959078192710876,-0.1320943683385849,-0.00013258862600196153,0.0035686499904841185,0.04299839958548546,0.85789672199007,0.3198878432585377,0.47103115232797516,-0.14183905374612318,-0.0002237272737731957,0.0034318428676774642,,,,,,,,,,,,
1.62,grasp,,,,,,,,,,,,,,,,,,,,,0.8295645117759705,0.30992186069488525,0.45411837100982666,-0.13682600855827332,-0.00043622564407996833,0.0035065847914665937,0.04299839958548546,0.85789672199007,0.3198878432585377,0.47103115232797516,-0.14183905374612318,-0.0002237272737731957,0.0034318428676774642,,,,,,,,,,,,
1.6400000000000001,grasp,,,,,,,,,,,,,,,,,,,,,0.8828888535499573,0.32950085401535034,0.48251599073410034,-0.14628319442272186,0.0001209091060445644,0.0033712212461978197,0.04299839958548546,0.9396780219597618,0.34977575858469906,0.514810584126339,-0.1563147348727994,4.749906424868416e-05,0.0032297830335432437,,,,,,,,,,,,
1.6600000000000001,grasp,,,,,,,,,,,,,,,,,,,,,0.9105165004730225,0.33950817584991455,0.4974633455276489,-0.15115395188331604,-0.0001793737174011767,0.0033076051622629166,0.04299839958548546,0.9396780219597618,0.34977575858469906,0.514810584126339,-0.1563147348727994,4.749906424868416e-05,0.0032297830335432437,,,,,,,,,,,,
1.6800000000000002,grasp,,,,,,,,,,,,,,,,,,,,,0.9651075005531311,0.3595428764820099,0.5265326499938965,-0.16083499789237976,0.00038650177884846926,0.0031692523043602705,0.04299839958548546,1.0232325200226131,0.3803008019782899,0.559535907389444,-0.17110422940864706,0.00032460340858517966,0.0030233468364778233,,,,,,,,,,,,
1.7000000000000002,grasp,,,,,,,,,,,,,,,,,,,,,0.9933838248252869,0.3697849214076996,0.5418270826339722,-0.16582094132900238,9.541955660097301e-05,0.003103111172094941,0.04299839958548546,1.0232325200226131,0.3803008019782899,0.559535907389444,-0.17110422940864706,0.00032460340858517966,0.0030233468364778233,,,,,,,,,,,,
1.7200000000000002,grasp,,,,,,,,,,,,,,,,,,,,,1.0489658117294312,0.390177458524704,0.571424126625061,-0.17567801475524902,0.0006702402024529874,0.0029622153379023075,0.04299839958548546,1.108145476740894,0.4113131074272815,0.6049855996120242,-0.18613436226473296,0.0006062149827430751,0.0028135540402703914,,,,,,,,,,,,
1.7400000000000002,grasp,,,,,,,,,,,,,,,,,,,,,1.0777586698532104,0.4006043076515198,0.5869900584220886,-0.18075470626354218,0.00037156412145122886,0.002895125886425376,0.04299839958548546,1.108145476740894,0.4113131074272815,0.6049855996120242,-0.18613436226473296,0.0006062149827430751,0.0028135540402703914,,,,,,,,,,,,
1.7600000000000002,grasp,,,,,,,,,,,,,,,,,,,,,1.1340527534484863,0.4212530255317688,0.6169681549072266,-0.19073881208896637,0.0009552741539664567,0.002752213506028056,0.04299839958548546,1.1939921114451073,0.4426583729516708,0.6509323329764027,-0.20133012295776218,0.0008909297509982865,0.0026014490224329054,,,,,,,,,,,,
1.7800000000000002,grasp,,,,,,,,,,,,,,,,,,,,,1.1632179021835327,0.43181291222572327,0.6327279210090637,-0.19588105380535126,0.0006527756922878325,0.0026842758525162935,0.04299839958548546,1.1939921114451073,0.4426583729516708,0.6509323329764027,-0.20133012295776218,0.0008909297509982865,0.0026014490224329054,,,,,,,,,,,,
1.8000000000000003,grasp,,,,,,,,,,,,,,,,,,,,,1.219942569732666,0.4526149034500122,0.662936270236969,-0.20594200491905212,0.001242441707290709,0.0025402058381587267,0.04299839958548546,1.2803405227552336,0.47417945316814075,0.6971452773117801,-0.21661502068876662,0.0011773153068709975,0.0023880986537244487,,,,,,,,,,,,
1.8200000000000003,grasp,,,,,,,,,,,,,,,,,,,,,1.2493340969085693,0.4632554054260254,0.6788109540939331,-0.211123988032341,0.0009362694690935314,0.0024717506021261215,0.04299839958548546,1.2803405227552336,0.47417945316814075,0.6971452773117801,-0.21661502068876662,0.0011773153068709975,0.0023880986537244487,,,,,,,,,,,,
1.8399999999999999,grasp,,,,,,,,,,,,,,,,,,,,,1.306203007698059,0.48410624265670776,0.7090972065925598,-0.22121098637580872,0.0015283189713954926,0.0023274135310202837,0.04299839958548546,1.366755129352458,0.50571762685018,0.7433915640400965,-0.23191170913040826,0.001463924140194263,0.0021745815273948935,,,,,,,,,,,,
1.8599999999999999,grasp,,,,,,,,,,,,,,,,,,,,,1.3356735706329346,0.4947737157344818,0.7250072956085205,-0.2264064997434616,0.0012191036948934197,0.002258651191368699,0.04299839958548546,1.366755129352458,0.50571762685018,0.7433915640400965,-0.23191170913040826,0.001463924140194263,0.0021745815273948935,,,,,,,,,,,,
1.88,grasp,,,,,,,,,,,,,,,,,,,,,1.3923979997634888,0.5155682563781738,0.7552193999290466,-0.23646867275238037,0.001813201466575265,0.00211463519372046,0.04299839958548546,1.4527997089146507,0.5371142052642554,0.7894381277230968,-0.24714303695752796,0.0017493079323802627,0.0019619762047241016,,,,,,,,,,,,
1.9,grasp,,,,,,,,,,,,,,,,,,,,,1.4218013286590576,0.5262090563774109,0.7710846066474915,-0.24165157973766327,0.001501559279859066,0.002046035835519433,0.04299839958548546,1.4527997089146507,0.5371142052642554,0.7894381277230968,-0.24714303695752796,0.0017493079323802627,0.0019619762047241016,,,,,,,,,,,,
1.92,grasp,,,,,,,,,,,,,,,,,,,,,1.4780949354171753,0.5468430519104004,0.8010700345039368,-0.2516383230686188,0.0020957314409315586,0.001903011230751872,0.04299839958548546,1.5380408604043498,0.5682119346433746,0.8350531051692529,-0.26223246984401083,0.002032027120256766,0.0017513537528997787,,,,,,,,,,,,
1.94,grasp,,,,,,,,,,,,,,,,,,,,,1.5072814226150513,0.5574039816856384,0.8168104290962219,-0.25678253173828125,0.0017824542010203004,0.0018349295714870095,0.04299839958548546,1.5380408604043498,0.5682119346433746,0.8350531051692529,-0.26223246984401083,0.002032027120256766,0.0017513537528997787,,,,,,,,,,,,
1.96,grasp,,,,,,,,,,,,,,,,,,,,,1.5628612041473389,0.5777744054794312,0.8464186787605286,-0.2666436731815338,0.0023747896775603294,0.001693582278676331,0.04299839958548546,1.6220513040124633,0.5988556734422866,0.8800081109220931,-0.2771042745918584,0.0023106656462768983,0.0015437689097948576,,,,,,,,,,,,
1.98,grasp,,,,,,,,,,,,,,,,,,,,,1.59168541431427,0.5882022976875305,0.8619561195373535,-0.27172327041625977,0.0020603511948138475,0.0016264085425063968,0.04299839958548546,1.6220513040124633,0.5988556734422866,0.8800081109220931,-0.2771042745918584,0.0023106656462768983,0.0015437689097948576,,,,,,,,,,,,
2.0,grasp,,,,,,,,,,,,,,,,,,,,,1.6462723016738892,0.6082083582878113,0.8910401463508606,-0.2814096212387085,0.002649272559210658,0.0014873394975438714,0.04299839958548546,1.7044129872908087,0.6288936533184357,0.9240802949432056,-0.29168425322008323,0.002583842117050575,0.0013402514190875457,,,,,,,,,,,,
2.02,grasp,,,,,,,,,,,,,,,,,,,,,1.6745918989181519,0.6184519529342651,0.9062970876693726,-0.286399245262146,0.0023342298809438944,0.001421488355845213,0.04299839958548546,1.7044129872908087,0.6288936533184357,0.9240802949432056,-0.29168425322008323,0.002583842117050575,0.0013402514190875457,,,,,,,,,,,,
2.04,grasp,,,,,,,,,,,,,,,,,,,,,1.7279173135757446,0.6379947066307068,0.9347130656242371,-0.29586270451545715,0.00291541893966496,0.0012855909299105406,0.04299839958548546,1.784720757985329,0.6581786950400673,0.9670532955860209,-0.30590070828044386,0.0028502145874460907,0.0011418013616191988,,,,,,,,,,,,
2.06,grasp,,,,,,,,,,,,,,,,,,,,,1.7555924654006958,0.6480028629302979,0.9496147036552429,-0.30073779821395874,0.0026006391271948814,0.0012212286237627268,0.04299839958548546,1.784720757985329,0.6581786950400673,0.9670532955860209,-0.30590070828044386,0.0028502145874460907,0.0011418013616191988,,,,,,,,,,,,
2.08,grasp,,,,,,,,,,,,,,,,,,,,,1.8073947429656982,0.666987955570221,0.977224588394165,-0.309932678937912,0.003172982716932893,0.0010891028214246035,0.04299839958548546,1.8625859302949344,0.6865692398877865,1.0087185496964641,-0.3196853104293329,0.0031084891729878344,0.0009493839956592761,,,,,,,,,,,,
2.1,grasp,,,,,,,,,,,,,,,,,,,,,1.834291696548462,0.6767124533653259,0.9916988611221313,-0.3146696388721466,0.0028593591414391994,0.001026618992909789,0.04299839958548546,1.8625859302949344,0.6865692398877865,1.0087185496964641,-0.3196853104293329,0.0031084891729878344,0.0009493839956592761,,,,,,,,,,,,
2.12,grasp,,,,,,,,,,,,,,,,,,,,,1.884324073791504,0.6950490474700928,1.018370270729065,-0.32355207204818726,0.0034196344204247,0.0008989779744297266,0.04299839958548546,1.9376387636322447,0.7139310590073943,1.0488785875066702,-0.3329727131383155,0.0033574411733727568,0.0007639127974554801,,,,,,,,,,,,
2.14,grasp,,,,,,,,,,,,,,,,,,,,,1.910313367843628,0.7044437527656555,1.0323480367660522,-0.32812827825546265,0.003110318910330534,0.0008384943357668817,0.04299839958548546,1.9376387636322447,0.7139310590073943,1.0488785875066702,-0.3329727131383155,0.0033574411733727568,0.0007639127974554801,,,,,,,,,,,,
2.16,grasp,,,,,,,,,,,,,,,,,,,,,1.9583368301391602,0.7220466136932373,1.0579569339752197,-0.3366565704345703,0.003661719150841236,0.0007152970065362751,0.04299839958548546,2.0095316324262966,0.7401383167635991,1.087349178898738,-0.3457010669124531,0.003595924870158398,0.0005862417230979123,,,,,,,,,,,,
2.18,grasp,,,,,,,,,,,,,,,,,,,,,1.983303427696228,0.7310673594474792,1.0713739395141602,-0.34105080366134644,0.0033474720548838377,0.00065797776915133,0.04299839958548546,2.0095316324262966,0.7401383167635991,1.087349178898738,-0.3457010669124531,0.003595924870158398,0.0005862417230979123,,,,,,,,,,,,
2.2,grasp,,,,,,,,,,,,,,,,,,,,,2.0291049480438232,0.7478577494621277,1.0958056449890137,-0.349186509847641,0.0038917025085538626,0.0005395013140514493,0.04299839958548546,2.077943099537653,0.7650750700556166,1.1239591078132922,-0.3578137004580572,0.0038228814625749616,0.00041716066901707397,,,,,,,,,,,,
2.22,grasp,,,,,,,,,,,,,,,,,,,,,2.052929639816284,0.7564640641212463,1.108601689338684,-0.353378564119339,0.0035825769882649183,0.00048534359666518867,0.04299839958548546,2.077943099537653,0.7650750700556166,1.1239591078132922,-0.3578137004580572,0.0038228814625749616,0.00041716066901707397,,,,,,,,,,,,
2.24,grasp,,,,,,,,,,,,,,,,,,,,,2.0963141918182373,0.7723698019981384,1.1317499876022339,-0.36108720302581787,0.0041648042388260365,0.0003664410614874214,0.04299839958548546,2.1425813128710565,0.7886358859783235,1.1585520943454761,-0.3692599488477128,0.0040373446939372705,0.00025738955954935483,,,,,,,,,,,,
2.2600000000000002,grasp,,,,,,,,,,,,,,,,,,,,,2.1188864707946777,0.7805246710777283,1.1438699960708618,-0.36505916714668274,0.0038623115979135036,0.00032030418515205383,0.04299839958548546,2.1425813128710565,0.7886358859783235,1.1585520943454761,-0.3692599488477128,0.0040373446939372705,0.00025738955954935483,,,,,,,,,,,,
2.2800000000000002,grasp,,,,,,,,,,,,,,,,,,,,,2.159764051437378,0.7954317927360535,1.165655493736267,-0.3723769783973694,0.004386158660054207,0.00020964979194104671,0.04299839958548546,2.20335863885422,0.8106248848979274,1.1910247524293052,-0.38013461314079533,0.004240118522765874,0.00010713060005723474,,,,,,,,,,,,
2.3000000000000003,grasp,,,,,,,,,,,,,,,,,,,,,2.1810379028320312,0.8030757308006287,1.1770597696304321,-0.3761478066444397,0.004084647633135319,0.00016477193275932223,0.04299839958548546,2.20335863885422,0.8106248848979274,1.1910247524293052,-0.38013461314079533,0.004240118522765874,0.00010713060005723474,,,,,,,,,,,,
2.3200000000000003,grasp,,,,,,,,,,,,,,,,,,,,,2.2131059169769287,0.8205903172492981,1.1962460279464722,-0.3780703544616699,0.004425535444170237,7.996206841198727e-05,0.04299839958548546,2.2472739786986913,0.8385859219208881,1.2188106404247099,-0.38009406226069775,0.004310500883256054,-1.5883067019860905e-06,,,,,,,,,,,,
2.3400000000000003,grasp,,,,,,,,,,,,,,,,,,,,,2.2297797203063965,0.8296211957931519,1.2062441110610962,-0.3790613114833832,0.004192866384983063,4.3929707317147404e-05,0.04299839958548546,2.2472739786986913,0.8385859219208881,1.2188106404247099,-0.38009406226069775,0.004310500883256054,-1.5883067019860905e-06,,,,,,,,,,,,
2.36,grasp,,,,,,,,,,,,,,,,,,,,,2.2373647689819336,0.8590505123138428,1.2196882963180542,-0.3630131185054779,0.004010201431810856,2.6038567739306018e-05,0.04299839958548546,2.2453173174888157,0.8898282524861242,1.2359899555911704,-0.34593837019558404,0.003986249206390124,2.7807520493736696e-06,,,,,,,,,,,,
2.38,grasp,,,,,,,,,,,,,,,,,,,,,2.24123477935791,0.8743589520454407,1.2265286445617676,-0.354745477437973,0.003974540159106255,1.5390953194582835e-05,0.04299839958548546,2.2453173174888157,0.8898282524861242,1.2359899555911704,-0.34593837019558404,0.003986249206390124,2.7807520493736696e-06,,,,,,,,,,,,
2.4,grasp,,,,,,,,,,,,,,,,,,,,,2.2430830001831055,0.9043887853622437,1.2377694845199585,-0.33598506450653076,0.0038302664179354906,9.614639566279948e-06,0.04299839958548546,2.2450397784271474,0.9356943052677024,1.2518609951228814,-0.3160281523244876,0.0037072679036688227,3.0568387254116075e-06,,,,,,,,,,,,
2.42,grasp,,,,,,,,,,,,,,,,,,,,,2.2440316677093506,0.9199756979942322,1.24348783493042,-0.3263201415538788,0.0037621217779815197,6.681018021481577e-06,0.04299839958548546,2.2450397784271474,0.9356943052677024,1.2518609951228814,-0.3160281523244876,0.0037072679036688227,3.0568387254116075e-06,,,,,,,,,,,,
2.44,grasp,,,,,,,,,,,,,,,,,,,,,2.2443981170654297,0.9479575753211975,1.2534087896347046,-0.30827561020851135,0.0036099411081522703,5.129090368427569e-06,0.04299839958548546,2.2447902105061983,0.9770415819890454,1.266146573132164,-0.28907943817780524,0.0034563752941213378,3.305136319630903e-06,,,,,,,,,,,,
2.46,grasp,,,,,,,,,,,,,,,,,,,,,2.2445881366729736,0.9624756574630737,1.2584419250488281,-0.29897964000701904,0.0035331756807863712,4.299520696804393e-06,0.04299839958548546,2.2447902105061983,0.9770415819890454,1.266146573132164,-0.28907943817780524,0.0034563752941213378,3.305136319630903e-06,,,,,,,,,,,,
2.48,grasp,,,,,,,,,,,,,,,,,,,,,2.2445812225341797,0.9876953363418579,1.2672568559646606,-0.282571405172348,0.0033868039026856422,3.949884558096528e-06,0.04299839958548546,2.2445673216992454,1.0138144736584083,1.2788482698444747,-0.26511433385339,0.003233353557240028,3.5258536136764153e-06,,,,,,,,,,,,
2.5,grasp,,,,,,,,,,,,,,,,,,,,,2.2445805072784424,1.0007789134979248,1.2717164754867554,-0.2741186022758484,0.0033117206767201424,3.7614126995322295e-06,0.04299839958548546,2.2445673216992454,1.0138144736584083,1.2788482698444747,-0.26511433385339,0.003233353557240028,3.5258536136764153e-06,,,,,,,,,,,,
2.52,grasp,,,,,,,,,,,,,,,,,,,,,2.24448299407959,1.0230515003204346,1.2794800996780396,-0.25958794355392456,0.0031787448097020388,3.749448524104082e-06,0.04299839958548546,2.2443717319529854,1.046014308578578,1.2899754892789939,-0.24412602898390337,0.0030379562945790422,3.7192252127029474e-06,,,,,,,,,,,,
2.54,grasp,,,,,,,,,,,,,,,,,,,,,2.244429588317871,1.0346051454544067,1.2833980321884155,-0.2521025240421295,0.0031103212386369705,3.740756483239238e-06,0.04299839958548546,2.2443717319529854,1.046014308578578,1.2899754892789939,-0.24412602898390337,0.0030379562945790422,3.7192252127029474e-06,,,,,,,,,,,,
2.56,grasp,,,,,,,,,,,,,,,,,,,,,2.24432373046875,1.053909420967102,1.2901325225830078,-0.23949381709098816,0.0029936288483440876,3.813921694018063e-06,0.04299839958548546,2.2442030337631564,1.0736991628938255,1.2995516186733416,-0.22607422198939559,0.002869731426029888,3.885714564309794e-06,,,,,,,,,,,,
2.58,grasp,,,,,,,,,,,,,,,,,,,,,2.244269847869873,1.0639230012893677,1.293524146080017,-0.23299847543239594,0.002933514304459095,3.850964276352897e-06,0.04299839958548546,2.2442030337631564,1.0736991628938255,1.2995516186733416,-0.22607422198939559,0.002869731426029888,3.885714564309794e-06,,,,,,,,,,,,
2.6,grasp,,,,,,,,,,,,,,,,,,,,,2.244170904159546,1.0803114175796509,1.2992522716522217,-0.22228652238845825,0.002833840437233448,3.93763002648484e-06,0.04299839958548546,2.244060573301795,1.0969856899082384,1.3076183857943213,-0.21088263715487926,0.002727928194463474,4.026058339529725e-06,,,,,,,,,,,,
2.62,grasp,,,,,,,,,,,,,,,,,,,,,2.2441182136535645,1.088813066482544,1.302133560180664,-0.2167683094739914,0.002782550873234868,3.980231667810585e-06,0.04299839958548546,2.244060573301795,1.0969856899082384,1.3076183857943213,-0.21088263715487926,0.002727928194463474,4.026058339529725e-06,,,,,,,,,,,,
2.64,grasp,,,,,,,,,,,,,,,,,,,,,2.2440364360809326,1.1023858785629272,1.306890845298767,-0.20789135992527008,0.002699614968150854,4.059909315401455e-06,0.04299839958548546,2.243944051287954,1.1160528388327213,1.314236087583937,-0.19843724743184296,0.0026114810366004255,4.1413031076997915e-06,,,,,,,,,,,,
2.66,grasp,,,,,,,,,,,,,,,,,,,,,2.243997812271118,1.109425663948059,1.3092811107635498,-0.20331844687461853,0.0026569089386612177,4.099831585335778e-06,0.04299839958548546,2.243944051287954,1.1160528388327213,1.314236087583937,-0.19843724743184296,0.0026114810366004255,4.1413031076997915e-06,,,,,,,,,,,,
2.68,grasp,,,,,,,,,,,,,,,,,,,,,2.2439286708831787,1.1203267574310303,1.313114047050476,-0.196183979511261,0.002590000396594405,4.165988229942741e-06,0.04299839958548546,2.243851022755452,1.1311423898113577,1.3194877765376103,-0.18858175248386166,0.0025189141117668993,4.232914410622042e-06,,,,,,,,,,,,
2.7,grasp,,,,,,,,,,,,,,,,,,,,,2.243891477584839,1.1259801387786865,1.3150389194488525,-0.1925087720155716,0.0025556315667927265,4.197068392386427e-06,0.04299839958548546,2.243851022755452,1.1311423898113577,1.3194877765376103,-0.18858175248386166,0.0025189141117668993,4.232914410622042e-06,,,,,,,,,,,,
2.72,grasp,,,,,,,,,,,,,,,,,,,,,2.243838310241699,1.1343978643417358,1.3180097341537476,-0.1869957596063614,0.0025036714505404234,4.2494166336837225e-06,0.04299839958548546,2.2437802405901643,1.1425647102533973,1.323475075581752,-0.18111654078592293,0.002448485821722135,4.3026145690241336e-06,,,,,,,,,,,,
2.74,grasp,,,,,,,,,,,,,,,,,,,,,2.2438135147094727,1.1387628316879272,1.319502353668213,-0.18415579199790955,0.002476953901350498,4.27492113885819e-06,0.04299839958548546,2.2437802405901643,1.1425647102533973,1.323475075581752,-0.18111654078592293,0.002448485821722135,4.3026145690241336e-06,,,,,,,,,,,,
2.7600000000000002,grasp,,,,,,,,,,,,,,,,,,,,,2.2437751293182373,1.14492928981781,1.3216906785964966,-0.18011166155338287,0.002438570139929652,4.314219950174447e-06,0.04299839958548546,2.243729538299723,1.150695793300531,1.3263307080289302,-0.1757932942942211,0.0023978343683781615,4.352739003146863e-06,,,,,,,,,,,,
2.7800000000000002,grasp,,,,,,,,,,,,,,,,,,,,,2.2437543869018555,1.1481256484985352,1.322790503501892,-0.17802834510803223,0.0024188505485653877,4.332845037424704e-06,0.04299839958548546,2.243729538299723,1.150695793300531,1.3263307080289302,-0.1757932942942211,0.0023978343683781615,4.352739003146863e-06,,,,,,,,,,,,
2.8000000000000003,grasp,,,,,,,,,,,,,,,,,,,,,2.2437286376953125,1.152320146560669,1.324292778968811,-0.1752689778804779,0.002392339054495096,4.360162620287156e-06,0.04299839958548546,2.2436958540104013,1.1559857083523517,1.3282104154794552,-0.17231606334981414,0.002364235463787638,4.3859888110784515e-06,,,,,,,,,,,,
2.8200000000000003,grasp,,,,,,,,,,,,,,,,,,,,,2.243713140487671,1.1544935703277588,1.3250503540039062,-0.1738474816083908,0.0023787030950188637,4.373330284579424e-06,0.04299839958548546,2.2436958540104013,1.1559857083523517,1.3282104154794552,-0.17231606334981414,0.002364235463787638,4.3859888110784515e-06,,,,,,,,,,,,
2.8400000000000003,grasp,,,,,,,,,,,,,,,,,,,,,2.2436976432800293,1.1570500135421753,1.3259755373001099,-0.1721600741147995,0.002362291095778346,4.3898508010897785e-06,0.04299839958548546,2.2436763719230615,1.1589706827624324,1.3292824439269644,-0.17034629233877552,0.0023449402448922916,4.405084191383355e-06,,,,,,,,,,,,
2.8600000000000003,grasp,,,,,,,,,,,,,,,,,,,,,2.2436904907226562,1.1583731174468994,1.3264436721801758,-0.1712907999753952,0.002353876596316695,4.39702807852882e-06,0.04299839958548546,2.2436763719230615,1.1589706827624324,1.3292824439269644,-0.17034629233877552,0.0023449402448922916,4.405084191383355e-06,,,,,,,,,,,,
2.8800000000000003,grasp,,,,,,,,,,,,,,,,,,,,,2.2436797618865967,1.1596763134002686,1.3269195556640625,-0.17042869329452515,0.0023454218171536922,4.406122570799198e-06,0.04299839958548546,2.2436680041772554,1.1602634274867412,1.3297487714993346,-0.1694918689500308,0.002336523981875722,4.413413803898453e-06,,,,,,,,,,,,
2.9000000000000004,grasp,,,,,,,,,,,,,,,,,,,,,2.2436792850494385,1.1603524684906006,1.3271615505218506,-0.16998445987701416,0.002341040875762701,4.411323061503936e-06,0.04299839958548546,2.2436680041772554,1.1602634274867412,1.3297487714993346,-0.1694918689500308,0.002336523981875722,4.413413803898453e-06,,,,,,,,,,,,
2.9200000000000004,grasp,,,,,,,,,,,,,,,,,,,,,2.2436788082122803,1.1608433723449707,1.327340006828308,-0.1696632355451584,0.0023378662299364805,4.4145881474833e-06,0.04299839958548546,2.2436659535655625,1.1605513617858472,1.329852725928037,-0.16930146647022162,0.0023346461865106838,4.41527187006667e-06,,,,,,,,,,,,
2.9316716276295485,grasp,,,,,,,,,,,,,,,,,,,,,2.243678331375122,1.1611015796661377,1.32743239402771,-0.16949689388275146,0.002336234552785754,4.416268893692177e-06,0.04299839958548546,2.243665933609009,1.1605539321899414,1.3298536539077759,-0.16929976642131805,0.0023346294183284044,4.4152884584036656e-06,,,,,,,,,,,,
2.9316716276295485,grasp,,,,,,,,,,,,,,,,,,,,,,,,,,,0.043000029399991035,,,,,,,0.0,,,,,,,,,,,
2.9516716276295485,grasp,,,,,,,,,,,,,,,,,,,,,,,,,,,0.042985519394278526,,,,,,,0.0,,,,,,,,,,,
2.9716716276295485,grasp,,,,,,,,,,,,,,,,,,,,,,,,,,,0.042890314012765884,,,,,,,0.0,,,,,,,,,,,
2.9916716276295485,grasp,,,,,,,,,,,,,,,,,,,,,,,,,,,0.04266190715134144,,,,,,,0.0,,,,,,,,,,,
3.0116716276295485,grasp,,,,,,,,,,,,,,,,,,,,,,,,,,,0.04227656498551369,,,,,,,0.0,,,,,,,,,,,
3.0316716276295486,grasp,,,,,,,,,,,,,,,,,,,,,,,,,,,0.041703566908836365,,,,,,,0.0,,,,,,,,,,,
3.0516716276295486,grasp,,,,,,,,,,,,,,,,,,,,,,,,,,,0.04092482291162014,,,,,,,0.0,,,,,,,,,,,
3.0716716276295486,grasp,,,,,,,,,,,,,,,,,,,,,,,,,,,0.03993494249880314,,,,,,,0.0,,,,,,,,,,,
3.0916716276295486,grasp,,,,,,,,,,,,,,,,,,,,,,,,,,,0.03915043920278549,,,,,,,0.0,,,,,,,,,,,
3.1116716276295486,grasp,,,,,,,,,,,,,,,,,,,,,,,,,,,0.038348009809851646,,,,,,,0.0,,,,,,,,,,,
3.1316716276295486,grasp,,,,,,,,,,,,,,,,,,,,,,,,,,,0.037861721590161324,,,,,,,0.0,,,,,,,,,,,
3.1516716276295487,grasp,,,,,,,,,,,,,,,,,,,,,,,,,,,0.03783467598259449,,,,,,,0.0,,,,,,,,,,,
3.1716716276295482,grasp,,,,,,,,,,,,,,,,,,,,,,,,,,,0.03781152702867985,,,,,,,0.0,,,,,,,,,,,
3.1916716276295487,grasp,,,,,,,,,,,,,,,,,,,,,,,,,,,0.03778450004756451,,,,,,,0.0,,,,,,,,,,,
3.2116716276295483,grasp,,,,,,,,,,,,,,,,,,,,,,,,,,,0.03775385953485966,,,,,,,0.0,,,,,,,,,,,
3.2316716276295483,grasp,,,,,,,,,,,,,,,,,,,,,,,,,,,0.03772131726145744,,,,,,,0.0,,,,,,,,,,,
3.2516716276295483,grasp,,,,,,,,,,,,,,,,,,,,,,,,,,,0.03768766298890114,,,,,,,0.0,,,,,,,,,,,
3.2716716276295483,grasp,,,,,,,,,,,,,,,,,,,,,,,,,,,0.03765340335667133,,,,,,,0.0,,,,,,,,,,,
3.2916716276295483,grasp,,,,,,,,,,,,,,,,,,,,,,,,,,,0.03761968947947025,,,,,,,0.0,,,,,,,,,,,
3.3116716276295484,grasp,,,,,,,,,,,,,,,,,,,,,,,,,,,0.03758619353175163,,,,,,,0.0,,,,,,,,,,,
3.3316716276295484,grasp,,,,,,,,,,,,,,,,,,,,,,,,,,,0.03755378909409046,,,,,,,0.0,,,,,,,,,,,
3.3516716276295484,grasp,,,,,,,,,,,,,,,,,,,,,,,,,,,0.037522515282034874,,,,,,,0.0,,,,,,,,,,,
3.3716716276295484,grasp,,,,,,,,,,,,,,,,,,,,,,,,,,,0.03749334253370762,,,,,,,0.0,,,,,,,,,,,
3.3916716276295484,grasp,,,,,,,,,,,,,,,,,,,,,,,,,,,0.03746623545885086,,,,,,,0.0,,,,,,,,,,,
3.4116716276295485,grasp,,,,,,,,,,,,,,,,,,,,,,,,,,,0.037441620603203773,,,,,,,0.0,,,,,,,,,,,
3.4316716276295485,grasp,,,,,,,,,,,,,,,,,,,,,,,,,,,0.037419797852635384,,,,,,,0.0,,,,,,,,,,,
3.4516716276295485,grasp,,,,,,,,,,,,,,,,,,,,,,,,,,,0.03740080073475838,,,,,,,0.0,,,,,,,,,,,
3.4716716276295485,grasp,,,,,,,,,,,,,,,,,,,,,,,,,,,0.03738494776189327,,,,,,,0.0,,,,,,,,,,,
3.4916716276295485,grasp,,,,,,,,,,,,,,,,,,,,,,,,,,,0.03737202659249306,,,,,,,0.0,,,,,,,,,,,
3.5116716276295485,grasp,,,,,,,,,,,,,,,,,,,,,,,,,,,0.03736208379268646,,,,,,,0.0,,,,,,,,,,,
3.5316716276295486,grasp,,,,,,,,,,,,,,,,,,,,,,,,,,,0.03735498525202274,,,,,,,0.0,,,,,,,,,,,
3.5516716276295486,grasp,,,,,,,,,,,,,,,,,,,,,,,,,,,0.03735041990876198,,,,,,,0.0,,,,,,,,,,,
3.5716716276295486,grasp,,,,,,,,,,,,,,,,,,,,,,,,,,,0.03734790161252022,,,,,,,0.0,,,,,,,,,,,
3.5916716276295486,grasp,,,,,,,,,,,,,,,,,,,,,,,,,,,0.03734690323472023,,,,,,,0.0,,,,,,,,,,,
3.6116716276295486,grasp,,,,,,,,,,,,,,,,,,,,,,,,,,,0.03734682872891426,,,,,,,0.0,,,,,,,,,,,
3.6116716276295486,grasp,,,,,,,,,,,,,,,,,,,,,2.2440178394317627,1.1613203287124634,1.3281934261322021,-0.16932152211666107,0.0010478761978447437,0.007260581944137812,0.03734682872891426,2.243665933609009,1.1605539321899414,1.3298536539077759,-0.16929976642131805,0.0023346294183284044,4.4152884584036656e-06,,,,,,,,,,,,
3.6316716276295486,grasp,,,,,,,,,,,,,,,,,,,,,2.2440168857574463,1.1613045930862427,1.3281677961349487,-0.16932201385498047,0.0010497432667762041,0.006957616191357374,0.03734682872891426,2.243665933609009,1.1605539321899414,1.3298536539077759,-0.16929976642131805,0.0023346294183284044,4.4152884584036656e-06,,,,,,,,,,,,
3.6516716276295487,grasp,,,,,,,,,,,,,,,,,,,,,2.244018316268921,1.1612648963928223,1.3281326293945312,-0.16934487223625183,0.0010459823533892632,0.006801695097237825,0.03734682872891426,2.2436664750209783,1.1604841723407855,1.3298284688658004,-0.16934590510276273,0.0023350845001949686,4.414838257018945e-06,,,,,,,,,,,,
3.6716716276295487,grasp,,,,,,,,,,,,,,,,,,,,,2.2440195083618164,1.1612454652786255,1.3281126022338867,-0.16935670375823975,0.0010422862833365798,0.006721431855112314,0.03734682872891426,2.2436664750209783,1.1604841723407855,1.3298284688658004,-0.16934590510276273,0.0023350845001949686,4.414838257018945e-06,,,,,,,,,,,,
3.6916716276295487,grasp,,,,,,,,,,,,,,,,,,,,,2.2440197467803955,1.1610220670700073,1.3279393911361694,-0.16951701045036316,0.0010436073644086719,0.006680129561573267,0.03734682872891426,2.2436696676308876,1.160005032655112,1.3296554789800192,-0.1696627039841246,0.0023382085965146615,4.411746495820481e-06,,,,,,,,,,,,
3.7116716276295487,grasp,,,,,,,,,,,,,,,,,,,,,2.244020700454712,1.1609153747558594,1.3278058767318726,-0.16960002481937408,0.0010459761833772063,0.006658934056758881,0.03734682872891426,2.2436696676308876,1.160005032655112,1.3296554789800192,-0.1696627039841246,0.0023382085965146615,4.411746495820481e-06,,,,,,,,,,,,
3.7316716276295487,grasp,,,,,,,,,,,,,,,,,,,,,2.2440078258514404,1.16025710105896,1.327496886253357,-0.17004787921905518,0.0011133983498439193,0.006646659225225449,0.03734682872891426,2.2436778797680326,1.1587402393165036,1.3291994437677161,-0.17049852123887496,0.0023464368922763166,4.403603015584589e-06,,,,,,,,,,,,
3.7516716276295488,grasp,,,,,,,,,,,,,,,,,,,,,2.2439780235290527,1.1599197387695312,1.3273279666900635,-0.17027825117111206,0.0012320566456764936,0.006638173945248127,0.03734682872891426,2.2436778797680326,1.1587402393165036,1.3291994437677161,-0.17049852123887496,0.0023464368922763166,4.403603015584589e-06,,,,,,,,,,,,
3.7716716276295488,grasp,,,,,,,,,,,,,,,,,,,,,2.2439393997192383,1.1585959196090698,1.3267971277236938,-0.1711629033088684,0.001422853791154921,0.006631029769778252,0.03734682872891426,2.2436935580158526,1.1563469181023496,1.3283387311454307,-0.17207866287494017,0.002361942424021065,4.388258031466791e-06,,,,,,,,,,,,
3.791671627629549,grasp,,,,,,,,,,,,,,,,,,,,,2.243894100189209,1.1578731536865234,1.326656699180603,-0.17161688208580017,0.0016217140946537256,0.006624644156545401,0.03734682872891426,2.2436935580158526,1.1563469181023496,1.3283387311454307,-0.17207866287494017,0.002361942424021065,4.388258031466791e-06,,,,,,,,,,,,
3.811671627629549,grasp,,,,,,,,,,,,,,,,,,,,,2.2438604831695557,1.1556928157806396,1.325620174407959,-0.17307661473751068,0.0018264125101268291,0.006619549356400967,0.03734682872891426,2.243718145921077,1.1525108711444851,1.3269714119594678,-0.17460299651125671,0.0023864313458723165,4.3640232663447614e-06,,,,,,,,,,,,
3.831671627629549,grasp,,,,,,,,,,,,,,,,,,,,,2.24381947517395,1.154545545578003,1.3251945972442627,-0.1738271266222,0.0020174928940832615,0.00661444291472435,0.03734682872891426,2.243718145921077,1.1525108711444851,1.3269714119594678,-0.17460299651125671,0.0023864313458723165,4.3640232663447614e-06,,,,,,,,,,,,
3.851671627629549,grasp,,,,,,,,,,,,,,,,,,,,,2.243800401687622,1.1513248682022095,1.323830008506775,-0.17598263919353485,0.002171435160562396,0.006611914839595556,0.03734682872891426,2.243752964095209,1.1469485198723273,1.3250108478766256,-0.1782488410320132,0.0024212909525816897,4.329526786340478e-06,,,,,,,,,,,,
3.8716716276295484,grasp,,,,,,,,,,,,,,,,,,,,,2.2437658309936523,1.1495909690856934,1.323163628578186,-0.17709222435951233,0.0023505149874836206,0.006607502233237028,0.03734682872891426,2.243752964095209,1.1469485198723273,1.3250108478766256,-0.1782488410320132,0.0024212909525816897,4.329526786340478e-06,,,,,,,,,,,,
3.891671627629549,grasp,,,,,,,,,,,,,,,,,,,,,2.2437744140625,1.1451274156570435,1.3213884830474854,-0.18005423247814178,0.0024443715810775757,0.006605855189263821,0.03734682872891426,2.2437998131170596,1.1394135788707627,1.3223730666837439,-0.18317685624499566,0.002467976301627768,4.28332628934102e-06,,,,,,,,,,,,
3.9116716276295485,grasp,,,,,,,,,,,,,,,,,,,,,2.243776798248291,1.142760992050171,1.3203740119934082,-0.1815815269947052,0.002539712004363537,0.0066044945269823074,0.03734682872891426,2.2437998131170596,1.1394135788707627,1.3223730666837439,-0.18317685624499566,0.002467976301627768,4.28332628934102e-06,,,,,,,,,,,,
3.9316716276295485,grasp,,,,,,,,,,,,,,,,,,,,,2.2438364028930664,1.136900782585144,1.3181384801864624,-0.18544884026050568,0.002492365427315235,0.006605877541005611,0.03734682872891426,2.2438599932614083,1.1296922687461821,1.3189821622975677,-0.18952924977882202,0.002527837419012853,4.224083216866245e-06,,,,,,,,,,,,
3.9516716276295485,grasp,,,,,,,,,,,,,,,,,,,,,2.2438621520996094,1.1338387727737427,1.3170500993728638,-0.18744108080863953,0.0024412288330495358,0.006607444025576115,0.03734682872891426,2.2438599932614083,1.1296922687461821,1.3189821622975677,-0.18952924977882202,0.002527837419012853,4.224083216866245e-06,,,,,,,,,,,,
3.9716716276295485,grasp,,,,,,,,,,,,,,,,,,,,,2.2438950538635254,1.126415491104126,1.3144946098327637,-0.19229581952095032,0.0024950949009507895,0.006607274524867535,0.03734682872891426,2.2439345082192275,1.117598942662928,1.3147739610512141,-0.19742752362638716,0.0026020027768850203,4.150683392037464e-06,,,,,,,,,,,,
3.9916716276295485,grasp,,,,,,,,,,,,,,,,,,,,,2.2439188957214355,1.1225529909133911,1.3132102489471436,-0.19479672610759735,0.0025085427332669497,0.006607380695641041,0.03734682872891426,2.2439345082192275,1.117598942662928,1.3147739610512141,-0.19742752362638716,0.0026020027768850203,4.150683392037464e-06,,,,,,,,,,,,
4.011671627629549,grasp,,,,,,,,,,,,,,,,,,,,,2.243971586227417,1.1135075092315674,1.3100517988204956,-0.2007136195898056,0.002562974812462926,0.006607372313737869,0.03734682872891426,2.2440239349346207,1.1029754088815837,1.3096957638326918,-0.20697376734761153,0.00269138958547408,4.0622201821718016e-06,,,,,,,,,,,,
4.031671627629549,grasp,,,,,,,,,,,,,,,,,,,,,2.243999719619751,1.108805537223816,1.3084683418273926,-0.2037615180015564,0.002590437885373831,0.006607335526496172,0.03734682872891426,2.2440239349346207,1.1029754088815837,1.3096957638326918,-0.20697376734761153,0.00269138958547408,4.0622201821718016e-06,,,,,,,,,,,,
4.051671627629549,grasp,,,,,,,,,,,,,,,,,,,,,2.244065046310425,1.0980432033538818,1.3047027587890625,-0.21080002188682556,0.002655480057001114,0.006607335992157459,0.03734682872891426,2.2441297019207482,1.0856910603550776,1.303703934848569,-0.21825203767616158,0.0027967541627788163,3.957941081009479e-06,,,,,,,,,,,,
4.071671627629549,grasp,,,,,,,,,,,,,,,,,,,,,2.2440996170043945,1.0924491882324219,1.3028132915496826,-0.2144257128238678,0.002688976703211665,0.006607247982174158,0.03734682872891426,2.2441297019207482,1.0856910603550776,1.303703934848569,-0.21825203767616158,0.0027967541627788163,3.957941081009479e-06,,,,,,,,,,,,
4.091671627629548,grasp,,,,,,,,,,,,,,,,,,,,,2.2441749572753906,1.079893708229065,1.2984267473220825,-0.22263386845588684,0.0027655542362481356,0.006607224699109793,0.03734682872891426,2.2442522232944344,1.0656418524427158,1.296763192681231,-0.23132892205744324,0.0029187262730896064,3.8372241546658116e-06,,,,,,,,,,,,
4.111671627629549,grasp,,,,,,,,,,,,,,,,,,,,,2.2442142963409424,1.0733683109283447,1.2962214946746826,-0.22686214745044708,0.0028047498781234026,0.006607157178223133,0.03734682872891426,2.2442522232944344,1.0656418524427158,1.296763192681231,-0.23132892205744324,0.0029187262730896064,3.8372241546658116e-06,,,,,,,,,,,,
4.131671627629549,grasp,,,,,,,,,,,,,,,,,,,,,2.2443017959594727,1.0589615106582642,1.2911970615386963,-0.23627708852291107,0.0028926413506269455,0.006607146002352238,0.03734682872891426,2.244391581565234,1.0427492515061088,1.2888468071278478,-0.24625451320457242,0.0030577788342825117,3.6996077866773487e-06,,,,,,,,,,,,
4.151671627629549,grasp,,,,,,,,,,,,,,,,,,,,,2.2443490028381348,1.0514743328094482,1.2886637449264526,-0.24112705886363983,0.002937725279480219,0.00660706264898181,0.03734682872891426,2.244391581565234,1.0427492515061088,1.2888468071278478,-0.24625451320457242,0.0030577788342825117,3.6996077866773487e-06,,,,,,,,,,,,
4.171671627629548,grasp,,,,,,,,,,,,,,,,,,,,,2.244447946548462,1.035173773765564,1.282989740371704,-0.2517755627632141,0.0030366519931703806,0.0066070714965462685,0.03734682872891426,2.244548211001393,1.016960237484301,1.279935044155213,-0.26306407075856464,0.003214270691601232,3.5447382443807036e-06,,,,,,,,,,,,
4.191671627629549,grasp,,,,,,,,,,,,,,,,,,,,,2.2444992065429688,1.0267043113708496,1.280119776725769,-0.25726115703582764,0.003088083118200302,0.0066069369204342365,0.03734682872891426,2.244548211001393,1.016960237484301,1.279935044155213,-0.26306407075856464,0.003214270691601232,3.5447382443807036e-06,,,,,,,,,,,,
4.211671627629548,grasp,,,,,,,,,,,,,,,,,,,,,2.244610071182251,1.0084853172302246,1.2737880945205688,-0.26916036009788513,0.003198293736204505,0.006606939248740673,0.03734682872891426,2.244722385135868,0.988245295910784,1.2700162804049828,-0.28177802605087116,0.003388427749521885,3.3723835110604202e-06,,,,,,,,,,,,
4.231671627629549,grasp,,,,,,,,,,,,,,,,,,,,,2.244666337966919,0.9990197420120239,1.2705742120742798,-0.27529025077819824,0.003256078576669097,0.006606800481677055,0.03734682872891426,2.244722385135868,0.988245295910784,1.2700162804049828,-0.28177802605087116,0.003388427749521885,3.3723835110604202e-06,,,,,,,,,,,,
4.251671627629548,grasp,,,,,,,,,,,,,,,,,,,,,2.244788646697998,0.9788725972175598,1.2635822296142578,-0.28844788670539856,0.0033775216434150934,0.006606783717870712,0.03734682872891426,2.244913666650611,0.9565982063233919,1.259084611512976,-0.302402882059171,0.0035803889561690453,3.182403531697516e-06,,,,,,,,,,,,
4.271671627629549,grasp,,,,,,,,,,,,,,,,,,,,,2.244852066040039,0.9684072136878967,1.26002037525177,-0.29522624611854553,0.003442034125328064,0.006606596056371927,0.03734682872891426,2.244913666650611,0.9565982063233919,1.259084611512976,-0.302402882059171,0.0035803889561690453,3.182403531697516e-06,,,,,,,,,,,,
4.291671627629548,grasp,,,,,,,,,,,,,,,,,,,,,2.244986057281494,0.9463369846343994,1.252368688583374,-0.30964112281799316,0.0035743273328989744,0.006606657989323139,0.03734682872891426,2.245122233075673,0.9220357355940295,1.2471386378028755,-0.32493257261525565,0.003790237241415829,2.9747287002982687e-06,,,,,,,,,,,,
4.311671627629549,grasp,,,,,,,,,,,,,,,,,,,,,2.245054244995117,0.9348738193511963,1.2484546899795532,-0.31706738471984863,0.0036457960959523916,0.0066064149141311646,0.03734682872891426,2.245122233075673,0.9220357355940295,1.2471386378028755,-0.32493257261525565,0.003790237241415829,2.9747287002982687e-06,,,,,,,,,,,,
4.331671627629548,grasp,,,,,,,,,,,,,,,,,,,,,2.2452008724212646,0.9109014868736267,1.2401450872421265,-0.3327313959598541,0.0037890702951699495,0.00660646753385663,0.03734682872891426,2.2453490226055637,0.8845987393737645,1.2341772358047682,-0.34935038188676665,0.004018148464736616,2.749184847809419e-06,,,,,,,,,,,,
4.351671627629549,grasp,,,,,,,,,,,,,,,,,,,,,2.245274543762207,0.8984518051147461,1.235876202583313,-0.34080126881599426,0.003867677878588438,0.006606214679777622,0.03734682872891426,2.2453490226055637,0.8845987393737645,1.2341772358047682,-0.34935038188676665,0.004018148464736616,2.749184847809419e-06,,,,,,,,,,,,
4.371671627629548,grasp,,,,,,,,,,,,,,,,,,,,,2.2454302310943604,0.8726193904876709,1.2269008159637451,-0.35769596695899963,0.004022068809717894,0.006606289651244879,0.03734682872891426,2.2455878690743716,0.8443619750541848,1.2201771380335609,-0.37562277311186937,0.004265007043011863,2.5224919093297234e-06,,,,,,,,,,,,
4.391671627629549,grasp,,,,,,,,,,,,,,,,,,,,,2.245507001876831,0.8592054843902588,1.222267508506775,-0.36640027165412903,0.0041084568947553635,0.006605963688343763,0.03734682872891426,2.2455878690743716,0.8443619750541848,1.2201771380335609,-0.37562277311186937,0.004265007043011863,2.5224919093297234e-06,,,,,,,,,,,,
4.4116716276295485,grasp,,,,,,,,,,,,,,,,,,,,,2.2334139347076416,0.8390231132507324,1.2102130651474,-0.37445807456970215,0.003562066238373518,0.00665104016661644,0.03734682872891426,2.220075655081795,0.8168857777730625,1.200035145932285,-0.3829870951985602,0.004294543239561348,6.578969261862992e-05,,,,,,,,,,,,
4.431671627629549,grasp,,,,,,,,,,,,,,,,,,,,,2.2267205715179443,0.8286080360412598,1.2038434743881226,-0.3786028325557709,0.004439269192516804,0.006646015681326389,0.03734682872891426,2.220075655081795,0.8168857777730625,1.200035145932285,-0.3829870951985602,0.004294543239561348,6.578969261862992e-05,,,,,,,,,,,,
4.4516716276295485,grasp,,,,,,,,,,,,,,,,,,,,,2.2010786533355713,0.8149022459983826,1.1885098218917847,-0.37669637799263,0.0030738830100744963,0.006741533521562815,0.03734682872891426,2.172905509763134,0.7996895246534119,1.1747826699212853,-0.3746307489099648,0.0041379730460748025,0.00018242502365286415,,,,,,,,,,,,
4.471671627629549,grasp,,,,,,,,,,,,,,,,,,,,,2.1869702339172363,0.8078813552856445,1.1803624629974365,-0.375702828168869,0.0046260664239525795,0.0067360843531787395,0.03734682872891426,2.172905509763134,0.7996895246534119,1.1747826699212853,-0.3746307489099648,0.0041379730460748025,0.00018242502365286415,,,,,,,,,,,,
4.4916716276295485,grasp,,,,,,,,,,,,,,,,,,,,,2.1564769744873047,0.795433759689331,1.163467288017273,-0.3709236979484558,0.0029797798488289118,0.006850061938166618,0.03734682872891426,2.123078425219991,0.7815270030057668,1.1481142497825156,-0.36580609749980353,0.003972632770567169,0.0003055984323905433,,,,,,,,,,,,
4.511671627629549,grasp,,,,,,,,,,,,,,,,,,,,,2.139791965484619,0.7890529632568359,1.1545157432556152,-0.3684508204460144,0.004598965402692556,0.006849002093076706,0.03734682872891426,2.123078425219991,0.7815270030057668,1.1481142497825156,-0.36580609749980353,0.003972632770567169,0.0003055984323905433,,,,,,,,,,,,
4.531671627629549,grasp,,,,,,,,,,,,,,,,,,,,,2.106788396835327,0.7764797806739807,1.136576533317566,-0.36269211769104004,0.002856800565496087,0.0069714798592031,0.03734682872891426,2.0707181831030237,0.7624415576061048,1.1200926630670018,-0.35653443679867886,0.003798911738945471,0.000435017831498344,,,,,,,,,,,,
4.551671627629549,grasp,,,,,,,,,,,,,,,,,,,,,2.088796854019165,0.770034670829773,1.1270760297775269,-0.35971513390541077,0.00449153408408165,0.006973243318498135,0.03734682872891426,2.0707181831030237,0.7624415576061048,1.1200926630670018,-0.35653443679867886,0.003798911738945471,0.000435017831498344,,,,,,,,,,,,
4.571671627629549,grasp,,,,,,,,,,,,,,,,,,,,,2.0539729595184326,0.7570008039474487,1.108244776725769,-0.35349124670028687,0.002682261634618044,0.007101790979504585,0.03734682872891426,2.0159617233600273,0.7424822030324669,1.0907901428637639,-0.3468395208093278,0.0036172562110236488,0.0005703499395338346,,,,,,,,,,,,
4.591671627629548,grasp,,,,,,,,,,,,,,,,,,,,,2.035032272338867,0.7503201365470886,1.0982747077941895,-0.3502749800682068,0.004353534430265427,0.007104892749339342,0.03734682872891426,2.0159617233600273,0.7424822030324669,1.0907901428637639,-0.3468395208093278,0.0036172562110236488,0.0005703499395338346,,,,,,,,,,,,
4.611671627629549,grasp,,,,,,,,,,,,,,,,,,,,,1.9986417293548584,0.7367647290229797,1.0786304473876953,-0.3437349498271942,0.002481097122654319,0.0072388239204883575,0.03734682872891426,1.9589586512123176,0.7217030642626926,1.0602868366615292,-0.33674728086550526,0.00342816176755366,0.0007112255317630065,,,,,,,,,,,,
4.631671627629549,grasp,,,,,,,,,,,,,,,,,,,,,1.9788836240768433,0.7298180460929871,1.068230152130127,-0.340355783700943,0.004198562819510698,0.007242743391543627,0.03734682872891426,1.9589586512123176,0.7217030642626926,1.0602868366615292,-0.33674728086550526,0.00342816176755366,0.0007112255317630065,,,,,,,,,,,,
4.651671627629549,grasp,,,,,,,,,,,,,,,,,,,,,1.9410712718963623,0.7157536745071411,1.0478359460830688,-0.3335530757904053,0.002268756041303277,0.0073814853094518185,0.03734682872891426,1.8998707764511666,0.700162534107023,1.0286691853302703,-0.3262861845533042,0.003232162819637369,0.0008572460263335016,,,,,,,,,,,,
4.671671627629548,grasp,,,,,,,,,,,,,,,,,,,,,1.9205734729766846,0.7085474729537964,1.0370361804962158,-0.3300386369228363,0.004031024873256683,0.007386056240648031,0.03734682872891426,1.8998707764511666,0.700162534107023,1.0286691853302703,-0.3262861845533042,0.003232162819637369,0.0008572460263335016,,,,,,,,,,,,
4.691671627629549,grasp,,,,,,,,,,,,,,,,,,,,,1.881458044052124,0.6940076947212219,1.0159552097320557,-0.3230021893978119,0.0020511557813733816,0.0075292461551725864,0.03734682872891426,1.8388711949349545,0.6779229772190349,0.9960289920698733,-0.3154869690675234,0.003029828361503538,0.0010079870834550297,,,,,,,,,,,,
4.711671627629549,grasp,,,,,,,,,,,,,,,,,,,,,1.8602871894836426,0.6865600943565369,1.0047873258590698,-0.31936755776405334,0.003853064961731434,0.007534366101026535,0.03734682872891426,1.8388711949349545,0.6779229772190349,0.9960289920698733,-0.3154869690675234,0.003029828361503538,0.0010079870834550297,,,,,,,,,,,,
4.731671627629549,grasp,,,,,,,,,,,,,,,,,,,,,1.8199859857559204,0.6715860366821289,0.9830812215805054,-0.312120646238327,0.0018303821561858058,0.007681460119783878,0.03734682872891426,1.7761428344338583,0.6550508768141495,0.9624632552681065,-0.3043821792740075,0.00282176223368418,0.0011629986860902585,,,,,,,,,,,,
4.751671627629548,grasp,,,,,,,,,,,,,,,,,,,,,1.7982070446014404,0.6639178395271301,0.9715779423713684,-0.3083778917789459,0.003665933618322015,0.007687210571020842,0.03734682872891426,1.7761428344338583,0.6550508768141495,0.9624632552681065,-0.3043821792740075,0.00282176223368418,0.0011629986860902585,,,,,,,,,,,,
4.771671627629549,grasp,,,,,,,,,,,,,,,,,,,,,1.7568422555923462,0.648554265499115,0.9493119716644287,-0.3009433448314667,0.0016077014151960611,0.007837812416255474,0.03734682872891426,1.7118772324879887,0.6316157541348626,0.9280744421830396,-0.29300559025489775,0.002608599694078034,0.001321806903914877,,,,,,,,,,,,
4.791671627629548,grasp,,,,,,,,,,,,,,,,,,,,,1.734523892402649,0.6406885981559753,0.9375091195106506,-0.2971040606498718,0.003470389870926738,0.007844123989343643,0.03734682872891426,1.7118772324879887,0.6316157541348626,0.9280744421830396,-0.29300559025489775,0.002608599694078034,0.001321806903914877,,,,,,,,,,,,
4.811671627629549,grasp,,,,,,,,,,,,,,,,,,,,,1.692221760749817,0.6249824166297913,0.9147518277168274,-0.28950488567352295,0.0013835382414981723,0.007997686043381691,0.03734682872891426,1.6462734719830756,0.6076901488519739,0.8929695567067618,-0.28139219903938933,0.002391004804622868,0.0014839160814913476,,,,,,,,,,,,
4.831671627629548,grasp,,,,,,,,,,,,,,,,,,,,,1.6694332361221313,0.6169437766075134,0.9026854634284973,-0.28558093309402466,0.003267132444307208,0.00800461694598198,0.03734682872891426,1.6462734719830756,0.6076901488519739,0.8929695567067618,-0.28139219903938933,0.002391004804622868,0.0014839160814913476,,,,,,,,,,,,
4.851671627629549,grasp,,,,,,,,,,,,,,,,,,,,,1.6263258457183838,0.6009443998336792,0.879507839679718,-0.27784064412117004,0.0011585596948862076,0.008160695433616638,0.03734682872891426,1.579537638384433,0.583348995455812,0.8572586078715497,-0.26957832516363256,0.0021696591488929626,0.0016488186098530524,,,,,,,,,,,,
4.871671627629548,grasp,,,,,,,,,,,,,,,,,,,,,1.6031386852264404,0.592757523059845,0.8672159910202026,-0.27384424209594727,0.0030569592490792274,0.008168203756213188,0.03734682872891426,1.579537638384433,0.583348995455812,0.8572586078715497,-0.26957832516363256,0.0021696591488929626,0.0016488186098530524,,,,,,,,,,,,
4.891671627629549,grasp,,,,,,,,,,,,,,,,,,,,,1.5593616962432861,0.5765148997306824,0.8436912894248962,-0.2659875452518463,0.0009334544301964343,0.008326238952577114,0.03734682872891426,1.5118814786391008,0.5586689419273945,0.8210546179588015,-0.25760168612625106,0.0019452643749842602,0.0018159911845728818,,,,,,,,,,,,
4.9116716276295485,grasp,,,,,,,,,,,,,,,,,,,,,1.5358484983444214,0.5682055950164795,0.8312126994132996,-0.26193156838417053,0.0028404153417795897,0.008334294892847538,0.03734682872891426,1.5118814786391008,0.5586689419273945,0.8210546179588015,-0.25760168612625106,0.0019452643749842602,0.0018159911845728818,,,,,,,,,,,,
4.931671627629549,grasp,,,,,,,,,,,,,,,,,,,,,1.4915423393249512,0.551771342754364,0.8074153661727905,-0.25398337841033936,0.0007088927086442709,0.008493877947330475,0.03734682872891426,1.4435211787934619,0.5337289328226913,0.7844728456639014,-0.24550056958810862,0.00171853385297883,0.001984902411856413,,,,,,,,,,,,
4.9516716276295485,grasp,,,,,,,,,,,,,,,,,,,,,1.4677784442901611,0.543366551399231,0.7947898507118225,-0.24988041818141937,0.0026185123715549707,0.008502455428242683,0.03734682872891426,1.4435211787934619,0.5337289328226913,0.7844728456639014,-0.24550056958810862,0.00171853385297883,0.001984902411856413,,,,,,,,,,,,
4.971671627629549,grasp,,,,,,,,,,,,,,,,,,,,,1.423085331916809,0.5267925262451172,0.7707960605621338,-0.2418663501739502,0.0004854247672483325,0.00866304337978363,0.03734682872891426,1.3746765607038247,0.5086081344901269,0.7476307303779498,-0.2333139352067055,0.0014901971713206933,0.0021550086496801295,,,,,,,,,,,,
4.9916716276295485,grasp,,,,,,,,,,,,,,,,,,,,,1.3991457223892212,0.518318235874176,0.7580634951591492,-0.23772981762886047,0.0023918349761515856,0.008672094903886318,0.03734682872891426,1.3746765607038247,0.5086081344901269,0.7476307303779498,-0.2333139352067055,0.0014901971713206933,0.0021550086496801295,,,,,,,,,,,,
5.011671627629549,grasp,,,,,,,,,,,,,,,,,,,,,1.354209303855896,0.5016582608222961,0.7339504361152649,-0.22967563569545746,0.00026371394051238894,0.00883313175290823,0.03734682872891426,1.3055693315553307,0.48338783753368597,0.7106471039684165,-0.22108088477810722,0.00126099064901436,0.0023257625420970377,,,,,,,,,,,,
5.031671627629549,grasp,,,,,,,,,,,,,,,,,,,,,1.33017098903656,0.49314233660697937,0.7211520075798035,-0.22551868855953217,0.0021614576689898968,0.008842662908136845,0.03734682872891426,1.3055693315553307,0.48338783753368597,0.7106471039684165,-0.22108088477810722,0.00126099064901436,0.0023257625420970377,,,,,,,,,,,,
5.051671627629549,grasp,,,,,,,,,,,,,,,,,,,,,1.285138726234436,0.4764494001865387,0.6969974040985107,-0.21745048463344574,4.4196222006576136e-05,0.009003701619803905,0.03734682872891426,1.2364230375263807,0.45814844215059597,0.6736412879272387,-0.2088409871911288,0.0010316568430865731,0.002496610742128803,,,,,,,,,,,,
5.071671627629549,grasp,,,,,,,,,,,,,,,,,,,,,1.261077642440796,0.46791911125183105,0.6841747760772705,-0.21328656375408173,0.0019278917461633682,0.009013636037707329,0.03734682872891426,1.2364230375263807,0.45814844215059597,0.6736412879272387,-0.2088409871911288,0.0010316568430865731,0.002496610742128803,,,,,,,,,,,,
5.091671627629548,grasp,,,,,,,,,,,,,,,,,,,,,1.2160953283309937,0.4512474536895752,0.6600563526153564,-0.20523032546043396,-0.0001721838052617386,0.009174183011054993,0.03734682872891426,1.1674609078843787,0.4329719703245645,0.6367326414134105,-0.19663376390903142,0.0008029365692347832,0.0026670017289279315,,,,,,,,,,,,
5.111671627629549,grasp,,,,,,,,,,,,,,,,,,,,,1.19208824634552,0.4427303373813629,0.6472503542900085,-0.2010728418827057,0.001692185876891017,0.009184440597891808,0.03734682872891426,1.1674609078843787,0.4329719703245645,0.6367326414134105,-0.19663376390903142,0.0008029365692347832,0.0026670017289279315,,,,,,,,,,,,
5.131671627629549,grasp,,,,,,,,,,,,,,,,,,,,,1.1473027467727661,0.4261329770088196,0.6232461929321289,-0.19305476546287537,-0.00038519478403031826,0.009343964979052544,0.03734682872891426,1.0989056379214894,0.40793893274994375,0.6000401178711516,-0.1844988349000863,0.0005755709912642102,0.0028363829837981754,,,,,,,,,,,,
5.151671627629549,grasp,,,,,,,,,,,,,,,,,,,,,1.1234248876571655,0.417656272649765,0.6104981899261475,-0.1889171004295349,0.0014552391367033124,0.009354503825306892,0.03734682872891426,1.0989056379214894,0.40793893274994375,0.6000401178711516,-0.1844988349000863,0.0005755709912642102,0.0028363829837981754,,,,,,,,,,,,
5.171671627629548,grasp,,,,,,,,,,,,,,,,,,,,,1.078981876373291,0.40118715167045593,0.5866853594779968,-0.18096280097961426,-0.0005938124377280474,0.009512494318187237,0.03734682872891426,1.0309776972668325,0.3831299348788504,0.5636816420461,-0.17247516589452186,0.00035028995682059004,0.0030042110315668252,,,,,,,,,,,,
5.191671627629549,grasp,,,,,,,,,,,,,,,,,,,,,1.0553094148635864,0.3927780091762543,0.574036180973053,-0.1768583059310913,0.0012177119497209787,0.009523199871182442,0.03734682872891426,1.0309776972668325,0.3831299348788504,0.5636816420461,-0.17247516589452186,0.00035028995682059004,0.0030042110315668252,,,,,,,,,,,,
5.211671627629549,grasp,,,,,,,,,,,,,,,,,,,,,1.0113528966903687,0.3764893710613251,0.5504907965660095,-0.1689935028553009,-0.000797557586338371,0.009679206646978855,0.03734682872891426,0.9638947206279425,0.3586236991856051,0.5277736256237315,-0.16060117295108062,0.0001278124214559423,0.003169951373441712,,,,,,,,,,,,
5.231671627629549,grasp,,,,,,,,,,,,,,,,,,,,,0.9879596829414368,0.36817479133605957,0.5379818677902222,-0.16493533551692963,0.0009805794106796384,0.00969008356332779,0.03734682872891426,0.9638947206279425,0.3586236991856051,0.5277736256237315,-0.16060117295108062,0.0001278124214559423,0.003169951373441712,,,,,,,,,,,,
5.251671627629548,grasp,,,,,,,,,,,,,,,,,,,,,0.9446319341659546,0.3521181643009186,0.5147786140441895,-0.15718500316143036,-0.000995801412500441,0.009843649342656136,0.03734682872891426,0.8978701680726344,0.33449768156743787,0.49243017206951495,-0.14891454214080563,-9.115583212076028e-05,0.0033330788486056018,,,,,,,,,,,,
5.271671627629549,grasp,,,,,,,,,,,,,,,,,,,,,0.9215913414955139,0.34392425417900085,0.5024492144584656,-0.15318599343299866,0.0007445596856996417,0.009854619391262531,0.03734682872891426,0.8978701680726344,0.33449768156743787,0.49243017206951495,-0.14891454214080563,-9.115583212076028e-05,0.0033330788486056018,,,,,,,,,,,,
5.291671627629548,grasp,,,,,,,,,,,,,,,,,,,,,0.879030168056488,0.3281506299972534,0.47966188192367554,-0.1455746293067932,-0.0011879665544256568,0.010005276650190353,0.03734682872891426,0.8331119433024745,0.31082810665128363,0.4577627594895188,-0.13745203855331606,-0.00030592570807940584,0.0034930798494075183,,,,,,,,,,,,
5.311671627629549,grasp,,,,,,,,,,,,,,,,,,,,,0.8564133644104004,0.32010337710380554,0.46755144000053406,-0.1416473686695099,0.0005103812436573207,0.01001626718789339,0.03734682872891426,0.8331119433024745,0.31082810665128363,0.4577627594895188,-0.13745203855331606,-0.00030592570807940584,0.0034930798494075183,,,,,,,,,,,,
5.331671627629548,grasp,,,,,,,,,,,,,,,,,,,,,0.8147536516189575,0.304661363363266,0.445250928401947,-0.1341988742351532,-0.0013734151143580675,0.010163573548197746,0.03734682872891426,0.7698222100525246,0.2876876494597906,0.423879220602812,-0.12624953229762034,-0.000515824602812295,0.0036494531565711696,,,,,,,,,,,,
5.351671627629549,grasp,,,,,,,,,,,,,,,,,,,,,0.7926298975944519,0.29678547382354736,0.4333972632884979,-0.1303556263446808,0.00027903058798983693,0.01017454732209444,0.03734682872891426,0.7698222100525246,0.2876876494597906,0.423879220602812,-0.12624953229762034,-0.000515824602812295,0.0036494531565711696,,,,,,,,,,,,
5.371671627629548,grasp,,,,,,,,,,,,,,,,,,,,,0.7520020008087158,0.2817233204841614,0.41165226697921753,-0.12309300154447556,-0.0015516000567004085,0.010318044573068619,0.03734682872891426,0.7081949261877827,0.2651481573994717,0.39088373837272333,-0.1153414385786028,-0.0007202072084169658,0.0038017166682833294,,,,,,,,,,,,
5.391671627629549,grasp,,,,,,,,,,,,,,,,,,,,,0.7304379940032959,0.27404317259788513,0.40009212493896484,-0.11934570968151093,5.10150239279028e-05,0.010328906588256359,0.03734682872891426,0.7081949261877827,0.2651481573994717,0.39088373837272333,-0.1153414385786028,-0.0007202072084169658,0.0038017166682833294,,,,,,,,,,,,
5.4116716276295485,grasp,,,,,,,,,,,,,,,,,,,,,0.6909663677215576,0.259406179189682,0.37896862626075745,-0.11229099333286285,-0.0017219564178958535,0.010468232445418835,0.03734682872891426,0.6484162797719244,0.2432769437850676,0.35887565406892835,-0.1047606312962325,-0.0009184565765384253,0.003949411010995963,,,,,,,,,,,,
5.431671627629549,grasp,,,,,,,,,,,,,,,,,,,,,0.670026421546936,0.25194478034973145,0.36773720383644104,-0.10865101218223572,-0.000172883621416986,0.010478944517672062,0.03734682872891426,0.6484162797719244,0.2432769437850676,0.35887565406892835,-0.1047606312962325,-0.0009184565765384253,0.003949411010995963,,,,,,,,,,,,
5.4516716276295485,grasp,,,,,,,,,,,,,,,,,,,,,0.6318297386169434,0.237775981426239,0.3472979664802551,-0.10182514786720276,-0.0018840652192011476,0.010613726451992989,0.03734682872891426,0.5906629118549976,0.22213770938238217,0.32794927799445656,-0.09453827051037589,-0.0011099881854238355,0.004092101580437967,,,,,,,,,,,,
5.471671627629549,grasp,,,,,,,,,,,,,,,,,,,,,0.6115750074386597,0.2305554896593094,0.33642828464508057,-0.09830327332019806,-0.00039186980575323105,0.01062419917434454,0.03734682872891426,0.5906629118549976,0.22213770938238217,0.32794927799445656,-0.09453827051037589,-0.0011099881854238355,0.004092101580437967,,,,,,,,,,,,
5.4916716276295485,grasp,,,,,,,,,,,,,,,,,,,,,0.5747653245925903,0.21689611673355103,0.3167332410812378,-0.09172599762678146,-0.0020374616142362356,0.010753972455859184,0.03734682872891426,0.5351003516173195,0.2017915332459627,0.2981932875849847,-0.08470353021055502,-0.001294254849475085,0.004229380500077686,,,,,,,,,,,,
5.511671627629549,grasp,,,,,,,,,,,,,,,,,,,,,0.5552530288696289,0.20993733406066895,0.3062559962272644,-0.08833232522010803,-0.0006054597324691713,0.010764166712760925,0.03734682872891426,0.5351003516173195,0.2017915332459627,0.2981932875849847,-0.08470353021055502,-0.001294254849475085,0.004229380500077686,,,,,,,,,,,,
5.531671627629549,grasp,,,,,,,,,,,,,,,,,,,,,0.519934892654419,0.19682525098323822,0.2873608469963074,-0.08202210068702698,-0.002181492280215025,0.010888691991567612,0.03734682872891426,0.4818828326877881,0.18229418008825823,0.2696899469418887,-0.07528368001743255,-0.001470746643257195,0.00436086781840947,,,,,,,,,,,,
5.551671627629549,grasp,,,,,,,,,,,,,,,,,,,,,0.5012191534042358,0.19014760851860046,0.2773047983646393,-0.07876618206501007,-0.0008129360503517091,0.010898561216890812,0.03734682872891426,0.4818828326877881,0.18229418008825823,0.2696899469418887,-0.07528368001743255,-0.001470746643257195,0.00436086781840947,,,,,,,,,,,,
5.571671627629549,grasp,,,,,,,,,,,,,,,,,,,,,0.4674886465072632,0.17761752009391785,0.25926217436790466,-0.07273997366428375,-0.0023163470905274153,0.011017457582056522,0.03734682872891426,0.4311516655851058,0.16369686866631253,0.242514790171311,-0.06630376573979124,-0.0016389968092874433,0.004486214708886127,,,,,,,,,,,,
5.591671627629548,grasp,,,,,,,,,,,,,,,,,,,,,0.449618935585022,0.17123904824256897,0.24965329468250275,-0.06963062286376953,-0.001013718661852181,0.01102698314934969,0.03734682872891426,0.4311516655851058,0.16369686866631253,0.242514790171311,-0.06630376573979124,-0.0016389968092874433,0.004486214708886127,,,,,,,,,,,,
5.611671627629549,grasp,,,,,,,,,,,,,,,,,,,,,0.41756322979927063,0.15932337939739227,0.23250935971736908,-0.06390387564897537,-0.0024411792401224375,0.01113999541848898,0.03734682872891426,0.3830338637303548,0.1460468865136316,0.21673592294508792,-0.05778632497817616,-0.0017985853465614101,0.0046051078595465145,,,,,,,,,,,,
5.631671627629549,grasp,,,,,,,,,,,,,,,,,,,,,0.40058451890945435,0.15325979888439178,0.22337481379508972,-0.060949087142944336,-0.0012074403930455446,0.011149109341204166,0.03734682872891426,0.3830338637303548,0.1460468865136316,0.21673592294508792,-0.05778632497817616,-0.0017985853465614101,0.0046051078595465145,,,,,,,,,,,,
5.651671627629549,grasp,,,,,,,,,,,,,,,,,,,,,0.37028104066848755,0.1419876515865326,0.20716844499111176,-0.05553554743528366,-0.002556013176217675,0.01125589944422245,0.03734682872891426,0.3376416252734769,0.12938554900480198,0.19241350164782983,-0.04975122847772645,-0.0019491385600906024,0.004717268635059681,,,,,,,,,,,,
5.671671627629548,grasp,,,,,,,,,,,,,,,,,,,,,0.3542332947254181,0.13625289499759674,0.198532834649086,-0.05274238809943199,-0.001393402460962534,0.011264550499618053,0.03734682872891426,0.3376416252734769,0.12938554900480198,0.19241350164782983,-0.04975122847772645,-0.0019491385600906024,0.004717268635059681,,,,,,,,,,,,
5.691671627629549,grasp,,,,,,,,,,,,,,,,,,,,,0.32574930787086487,0.1256493479013443,0.18329626321792603,-0.04765399172902107,-0.002660417929291725,0.011364967562258244,0.03734682872891426,0.2950716841474534,0.11374702966006553,0.1695988481664811,-0.04221556891281403,-0.002090333857927282,0.004822457291406371,,,,,,,,,,,,
5.711671627629549,grasp,,,,,,,,,,,,,,,,,,,,,0.3106674253940582,0.1202550008893013,0.17518027126789093,-0.04502861201763153,-0.0015710057923570275,0.011373194865882397,0.03734682872891426,0.2950716841474534,0.11374702966006553,0.1695988481664811,-0.04221556891281403,-0.002090333857927282,0.004822457291406371,,,,,,,,,,,,
5.731671627629549,grasp,,,,,,,,,,,,,,,,,,,,,0.2840593755245209,0.11034079641103745,0.1609424501657486,-0.04027532413601875,-0.0027544451877474785,0.011466988362371922,0.03734682872891426,0.2554032694206946,0.09916001758538205,0.1483342855513775,-0.035193365227227845,-0.002221905766236794,0.004920475959606921,,,,,,,,,,,,
5.751671627629548,grasp,,,,,,,,,,,,,,,,,,,,,0.26997241377830505,0.10529733449220657,0.1533612608909607,-0.03782285004854202,-0.0017398828640580177,0.01147473230957985,0.03734682872891426,0.2554032694206946,0.09916001758538205,0.1483342855513775,-0.035193365227227845,-0.002221905766236794,0.004920475959606921,,,,,,,,,,,,
5.771671627629549,grasp,,,,,,,,,,,,,,,,,,,,,0.24528422951698303,0.09608907997608185,0.14014732837677002,-0.03341248631477356,-0.002838204149156809,0.011561821214854717,0.03734682872891426,0.21869674179159293,0.08564804902537843,0.1286525987489145,-0.02869531381280308,-0.002343653921460602,0.005011175832779562,,,,,,,,,,,,
5.791671627629549,grasp,,,,,,,,,,,,,,,,,,,,,0.23221521079540253,0.09140527248382568,0.13311181962490082,-0.03113698400557041,-0.0018997868755832314,0.011569044552743435,0.03734682872891426,0.21869674179159293,0.08564804902537843,0.1286525987489145,-0.02869531381280308,-0.002343653921460602,0.005011175832779562,,,,,,,,,,,,
5.811671627629549,grasp,,,,,,,,,,,,,,,,,,,,,0.2094786912202835,0.08291501551866531,0.12094014883041382,-0.027075117453932762,-0.00291147967800498,0.011649241670966148,0.03734682872891426,0.18499333721911124,0.07322716374556269,0.11057620972034167,-0.022728708994425334,-0.0024554437162065037,0.005094456725457311,,,,,,,,,,,,
5.831671627629548,grasp,,,,,,,,,,,,,,,,,,,,,0.19744382798671722,0.0785970464348793,0.11445914953947067,-0.02497950941324234,-0.0020503043197095394,0.011655954644083977,0.03734682872891426,0.18499333721911124,0.07322716374556269,0.11057620972034167,-0.022728708994425334,-0.0024554437162065037,0.005094456725457311,,,,,,,,,,,,
5.851671627629549,grasp,,,,,,,,,,,,,,,,,,,,,0.1766773909330368,0.07083242386579514,0.10334020107984543,-0.021269416436553,-0.0029747975058853626,0.011729233898222446,0.03734682872891426,0.15431368504167373,0.06190644053628495,0.09411671377224982,-0.017297214185788112,-0.002557208352199077,0.005170269216581292,,,,,,,,,,,,
5.871671627629549,grasp,,,,,,,,,,,,,,,,,,,,,0.16568616032600403,0.06688415259122849,0.09741898626089096,-0.019355371594429016,-0.002191380364820361,0.011735370382666588,0.03734682872891426,0.15431368504167373,0.06190644053628495,0.09411671377224982,-0.017297214185788112,-0.002557208352199077,0.005170269216581292,,,,,,,,,,,,
5.891671627629549,grasp,,,,,,,,,,,,,,,,,,,,,0.14689455926418304,0.059847455471754074,0.08735533803701401,-0.01599789783358574,-0.0030282416846603155,0.01180172711610794,0.03734682872891426,0.1266573835128955,0.05168618171329353,0.07927401740942872,-0.012400763182880541,-0.0026489507634330192,0.005238615236056406,,,,,,,,,,,,
5.9116716276295485,grasp,,,,,,,,,,,,,,,,,,,,,0.1369493156671524,0.056269798427820206,0.08199559152126312,-0.014265848323702812,-0.002322572283446789,0.011807349510490894,0.03734682872891426,0.1266573835128955,0.05168618171329353,0.07927401740942872,-0.012400763182880541,-0.0026489507634330192,0.005238615236056406,,,,,,,,,,,,
5.931671627629548,grasp,,,,,,,,,,,,,,,,,,,,,0.12012321501970291,0.04995694011449814,0.07298165559768677,-0.011259307153522968,-0.003072122810408473,0.011866800487041473,0.03734682872891426,0.10200240019506109,0.04255657619567963,0.06603548471619625,-0.008035450043320971,-0.002730743445831337,0.005299548382000185,,,,,,,,,,,,
5.9516716276295485,grasp,,,,,,,,,,,,,,,,,,,,,0.11121886223554611,0.04674762859940529,0.06818076968193054,-0.009708384051918983,-0.002443495439365506,0.011871919967234135,0.03734682872891426,0.10200240019506109,0.04255657619567963,0.06603548471619625,-0.008035450043320971,-0.002730743445831337,0.005299548382000185,,,,,,,,,,,,
5.971671627629549,grasp,,,,,,,,,,,,,,,,,,,,,0.09633433818817139,0.04114851355552673,0.06020248681306839,-0.007048468105494976,-0.003107073251157999,0.011924505233764648,0.03734682872891426,0.08030326557201843,0.034498771839634505,0.05437574159680051,-0.004193222628557656,-0.002802736186353832,0.005353180807013817,,,,,,,,,,,,
5.9916716276295485,grasp,,,,,,,,,,,,,,,,,,,,,0.08845779299736023,0.038302138447761536,0.0559534914791584,-0.005676407366991043,-0.0025543749798089266,0.011929092928767204,0.03734682872891426,0.08030326557201843,0.034498771839634505,0.05437574159680051,-0.004193222628557656,-0.002802736186353832,0.005353180807013817,,,,,,,,,,,,
6.011671627629548,grasp,,,,,,,,,,,,,,,,,,,,,0.07547490298748016,0.03340107202529907,0.04898868501186371,-0.003355923108756542,-0.0031334231607615948,0.011974990367889404,0.03734682872891426,0.06148932353449298,0.027485905767039374,0.04425639592370623,-0.0008615808464471586,-0.0028651620337287725,0.005399685994907226,,,,,,,,,,,,
6.031671627629549,grasp,,,,,,,,,,,,,,,,,,,,,0.06860442459583282,0.03090951405465603,0.04527999460697174,-0.0021589812822639942,-0.0026551021728664637,0.011979109607636929,0.03734682872891426,0.06148932353449298,0.027485905767039374,0.04425639592370623,-0.0008615808464471586,-0.0028651620337287725,0.005399685994907226,,,,,,,,,,,,
6.051671627629549,grasp,,,,,,,,,,,,,,,,,,,,,0.057464420795440674,0.026686305180191994,0.03929783031344414,-0.00016757118282839656,-0.0031519888434559107,0.012018478475511074,0.03734682872891426,0.04546261708558949,0.021484867870928306,0.03562592410218488,0.0019767749478640023,-0.002918344677218541,0.005439304981612549,,,,,,,,,,,,
6.071671627629549,grasp,,,,,,,,,,,,,,,,,,,,,0.0515696220099926,0.024539178237318993,0.03611312061548233,0.0008595506078563631,-0.002745227888226509,0.012022082693874836,0.03734682872891426,0.04546261708558949,0.021484867870928306,0.03562592410218488,0.0019767749478640023,-0.002918344677218541,0.005439304981612549,,,,,,,,,,,,
6.091671627629548,grasp,,,,,,,,,,,,,,,,,,,,,0.042195677757263184,0.020970502868294716,0.03107437677681446,0.0025355075486004353,-0.0031636387575417757,0.01205525267869234,0.03734682872891426,0.03209545330114576,0.016458717567539877,0.0284196657177242,0.00434434117037733,-0.0029627057904821905,0.005472352169218384,,,,,,,,,,,,
6.111671627629549,grasp,,,,,,,,,,,,,,,,,,,,,0.037236157804727554,0.019155921414494514,0.028392817825078964,0.003399835666641593,-0.0028253612108528614,0.012058385647833347,0.03734682872891426,0.03209545330114576,0.016458717567539877,0.0284196657177242,0.00434434117037733,-0.0029627057904821905,0.005472352169218384,,,,,,,,,,,,
6.131671627629549,grasp,,,,,,,,,,,,,,,,,,,,,0.029533151537179947,0.016212742775678635,0.024248827248811722,0.00477723078802228,-0.0031689698807895184,0.012085646390914917,0.03734682872891426,0.02123205723009874,0.012360455408691863,0.022558039314581845,0.006268587188125734,-0.0029987600605628677,0.005499211069257389,,,,,,,,,,,,
6.151671627629549,grasp,,,,,,,,,,,,,,,,,,,,,0.025458505377173424,0.014715856872498989,0.022044463083148003,0.005487526301294565,-0.0028953535947948694,0.012088295072317123,0.03734682872891426,0.02123205723009874,0.012360455408691863,0.022558039314581845,0.006268587188125734,-0.0029987600605628677,0.005499211069257389,,,,,,,,,,,,
6.171671627629548,grasp,,,,,,,,,,,,,,,,,,,,,0.019313039258122444,0.012361116707324982,0.018736355006694794,0.006586555857211351,-0.0031694250646978617,0.01211005263030529,0.03734682872891426,0.012688902107123997,0.009129640099808661,0.017945363615483184,0.007781929122919775,-0.003027115013435682,0.005520334191965199,,,,,,,,,,,,
6.191671627629549,grasp,,,,,,,,,,,,,,,,,,,,,0.016063204035162926,0.011162961833178997,0.016977714374661446,0.007153249811381102,-0.0029555121436715126,0.012112285941839218,0.03734682872891426,0.012688902107123997,0.009129640099808661,0.017945363615483184,0.007781929122919775,-0.003027115013435682,0.005520334191965199,,,,,,,,,,,,
6.211671627629549,grasp,,,,,,,,,,,,,,,,,,,,,0.011343419551849365,0.00935022160410881,0.014435913413763046,0.007997422479093075,-0.0031657249201089144,0.012128966860473156,0.03734682872891426,0.006254136965106329,0.0066909382145791865,0.014469075036790926,0.008921843883385159,-0.003048473020935885,0.005536244597503156,,,,,,,,,,,,
6.231671627629549,grasp,,,,,,,,,,,,,,,,,,,,,0.008848457597196102,0.008426924236118793,0.013085749931633472,0.008432662114501,-0.003005933715030551,0.012130776420235634,0.03734682872891426,0.006254136965106329,0.0066909382145791865,0.014469075036790926,0.008921843883385159,-0.003048473020935885,0.005536244597503156,,,,,,,,,,,,
6.251671627629548,grasp,,,,,,,,,,,,,,,,,,,,,0.0054024565033614635,0.007101922295987606,0.011229845695197582,0.009049092419445515,-0.0031592780724167824,0.01214296743273735,0.03734682872891426,0.0016843245507526295,0.004958367918228551,0.012000047013036747,0.009731390625199201,-0.0030636410911046522,0.005547544297299907,,,,,,,,,,,,
6.271671627629549,grasp,,,,,,,,,,,,,,,,,,,,,0.0035818121396005154,0.006426181644201279,0.010245236568152905,0.009366876445710659,-0.0030472856014966965,0.012144431471824646,0.03734682872891426,0.0016843245507526295,0.004958367918228551,0.012000047013036747,0.009731390625199201,-0.0030636410911046522,0.005547544297299907,,,,,,,,,,,,
6.291671627629549,grasp,,,,,,,,,,,,,,,,,,,,,0.001238006865605712,0.005524184554815292,0.008983144536614418,0.009786217473447323,-0.003151357639580965,0.012152709998190403,0.03734682872891426,-0.0012939021793568295,0.003829090464588635,0.010390888537721618,0.010258987492333891,-0.0030735264204204767,0.00555490865164617,,,,,,,,,,,,
6.311671627629549,grasp,,,,,,,,,,,,,,,,,,,,,6.877353371237405e-07,0.005063662771135569,0.008315037935972214,0.010002350434660912,-0.0030799107626080513,0.012153814546763897,0.03734682872891426,-0.0012939021793568295,0.003829090464588635,0.010390888537721618,0.010258987492333891,-0.0030735264204204767,0.00555490865164617,,,,,,,,,,,,
6.331671627629548,grasp,,,,,,,,,,,,,,,,,,,,,-0.0014336185995489359,0.004511035978794098,0.007543163374066353,0.010259033180773258,-0.0031433026306331158,0.012158914469182491,0.03734682872891426,-0.0029868696120228036,0.0031871547356712476,0.009476165695496398,0.010558898790306191,-0.003079145757135922,0.005559094877288494,,,,,,,,,,,,
6.351671627629549,grasp,,,,,,,,,,,,,,,,,,,,,-0.0021897542756050825,0.004228617064654827,0.0071359071880578995,0.01039129588752985,-0.0031045398209244013,0.012159685604274273,0.03734682872891426,-0.0029868696120228036,0.0031871547356712476,0.009476165695496398,0.010558898790306191,-0.003079145757135922,0.005559094877288494,,,,,,,,,,,,
6.371671627629549,grasp,,,,,,,,,,,,,,,,,,,,,-0.0029292372055351734,0.0039432174526154995,0.006738576572388411,0.010523687116801739,-0.003136775689199567,0.012162282131612301,0.03734682872891426,-0.003735106906011414,0.0029034397894974586,0.009071888016107053,0.010691450101587676,-0.0030816294157682985,0.0055609448184165446,,,,,,,,,,,,
6.391671627629549,grasp,,,,,,,,,,,,,,,,,,,,,-0.0033180220052599907,0.0037969711702317,0.006530167534947395,0.010591873899102211,-0.0031217625364661217,0.012162824161350727,0.03734682872891426,-0.003735106906011414,0.0029034397894974586,0.009071888016107053,0.010691450101587676,-0.0030816294157682985,0.0055609448184165446,,,,,,,,,,,,
6.4116716276295485,grasp,,,,,,,,,,,,,,,,,,,,,-0.003600506577640772,0.0036875763908028603,0.006379345897585154,0.01064243819564581,-0.0031334906816482544,0.012163786217570305,0.03734682872891426,-0.003914508145253086,0.0028354146171654404,0.008974955604141492,0.010723230835752866,-0.0030822247097467208,0.00556138820287354,,,,,,,,,,,,
6.426261162166484,grasp,,,,,,,,,,,,,,,,,,,,,-0.003751072334125638,0.003630691906437278,0.006300603039562702,0.010668681003153324,-0.0031324587762355804,0.012164092622697353,0.03734682872891426,-0.003917292226105928,0.002834358951076865,0.00897345133125782,0.010723724029958248,-0.0030822339467704296,0.0055613950826227665,,,,,,,,,,,,
0.0,grasp,,,,,,,,,,,,,,,,,,,,,,,,,,,0.0001260844655917026,,,,,,,0.043,,,,,,,,,,,
0.02,grasp,,,,,,,,,,,,,,,,,,,,,,,,,,,0.0001406023438903503,,,,,,,0.043,,,,,,,,,,,
0.04,grasp,,,,,,,,,,,,,,,,,,,,,,,,,,,0.0002356139593757689,,,,,,,0.043,,,,,,,,,,,
0.06,grasp,,,,,,,,,,,,,,,,,,,,,,,,,,,0.0004634158103726804,,,,,,,0.043,,,,,,,,,,,
0.08,grasp,,,,,,,,,,,,,,,,,,,,,,,,,,,0.0008474822680000216,,,,,,,0.043,,,,,,,,,,,
0.1,grasp,,,,,,,,,,,,,,,,,,,,,,,,,,,0.0014189067878760397,,,,,,,0.043,,,,,,,,,,,
0.12,grasp,,,,,,,,,,,,,,,,,,,,,,,,,,,0.0021953015821054578,,,,,,,0.043,,,,,,,,,,,
0.14,grasp,,,,,,,,,,,,,,,,,,,,,,,,,,,0.003183002001605928,,,,,,,0.043,,,,,,,,,,,
0.16,grasp,,,,,,,,,,,,,,,,,,,,,,,,,,,0.00438593840226531,,,,,,,0.043,,,,,,,,,,,
0.18,grasp,,,,,,,,,,,,,,,,,,,,,,,,,,,0.005798966623842716,,,,,,,0.043,,,,,,,,,,,
0.2,grasp,,,,,,,,,,,,,,,,,,,,,,,,,,,0.00741142313927412,,,,,,,0.043,,,,,,,,,,,
0.22,grasp,,,,,,,,,,,,,,,,,,,,,,,,,,,0.009207954164594412,,,,,,,0.043,,,,,,,,,,,
0.24,grasp,,,,,,,,,,,,,,,,,,,,,,,,,,,0.011168351396918297,,,,,,,0.043,,,,,,,,,,,
0.26,grasp,,,,,,,,,,,,,,,,,,,,,,,,,,,0.013268614187836647,,,,,,,0.043,,,,,,,,,,,
0.28,grasp,,,,,,,,,,,,,,,,,,,,,,,,,,,0.015481989365071058,,,,,,,0.043,,,,,,,,,,,
0.3,grasp,,,,,,,,,,,,,,,,,,,,,,,,,,,0.017778752371668816,,,,,,,0.043,,,,,,,,,,,
0.32,grasp,,,,,,,,,,,,,,,,,,,,,,,,,,,0.020127685740590096,,,,,,,0.043,,,,,,,,,,,
0.34,grasp,,,,,,,,,,,,,,,,,,,,,,,,,,,0.0224965438246727,,,,,,,0.043,,,,,,,,,,,
0.36,grasp,,,,,,,,,,,,,,,,,,,,,,,,,,,0.02485236432403326,,,,,,,0.043,,,,,,,,,,,
0.38,grasp,,,,,,,,,,,,,,,,,,,,,,,,,,,0.02716277912259102,,,,,,,0.043,,,,,,,,,,,
0.4,grasp,,,,,,,,,,,,,,,,,,,,,,,,,,,0.02939641010016203,,,,,,,0.043,,,,,,,,,,,
0.42,grasp,,,,,,,,,,,,,,,,,,,,,,,,,,,0.03152305260300636,,,,,,,0.043,,,,,,,,,,,
0.44,grasp,,,,,,,,,,,,,,,,,,,,,,,,,,,0.03351521119475365,,,,,,,0.043,,,,,,,,,,,
0.46,grasp,,,,,,,,,,,,,,,,,,,,,,,,,,,0.03534824773669243,,,,,,,0.043,,,,,,,,,,,
0.48,grasp,,,,,,,,,,,,,,,,,,,,,,,,,,,0.03700132668018341,,,,,,,0.043,,,,,,,,,,,
0.5,grasp,,,,,,,,,,,,,,,,,,,,,,,,,,,0.0384577214717865,,,,,,,0.043,,,,,,,,,,,
0.52,grasp,,,,,,,,,,,,,,,,,,,,,,,,,,,0.03970562666654587,,,,,,,0.043,,,,,,,,,,,
0.54,grasp,,,,,,,,,,,,,,,,,,,,,,,,,,,0.04073966667056084,,,,,,,0.043,,,,,,,,,,,
0.56,grasp,,,,,,,,,,,,,,,,,,,,,,,,,,,0.04155991040170193,,,,,,,0.043,,,,,,,,,,,
0.58,grasp,,,,,,,,,,,,,,,,,,,,,,,,,,,0.04217377491295338,,,,,,,0.043,,,,,,,,,,,
0.6,grasp,,,,,,,,,,,,,,,,,,,,,,,,,,,0.042597291991114616,,,,,,,0.043,,,,,,,,,,,
0.62,grasp,,,,,,,,,,,,,,,,,,,,,,,,,,,0.042853400111198425,,,,,,,0.043,,,,,,,,,,,
0.64,grasp,,,,,,,,,,,,,,,,,,,,,,,,,,,0.04297531768679619,,,,,,,0.043,,,,,,,,,,,
0.66,grasp,,,,,,,,,,,,,,,,,,,,,,,,,,,0.04300557263195515,,,,,,,0.043,,,,,,,,,,,
0.68,grasp,,,,,,,,,,,,,,,,,,,,,,,,,,,0.04299844615161419,,,,,,,0.043,,,,,,,,,,,
0.68,grasp,,,,,,,,,,,,,,,,,,,,,-0.004892691504210234,0.0010858456371352077,0.015756599605083466,0.009029473178088665,-0.004724864847958088,-0.00134042848367244,0.04299844615161419,-0.004892745986580849,0.0005506616435013711,0.017844658344984055,0.00904923863708973,-0.004722711630165577,-0.001340491115115583,,,,,,,,,,,,
0.7000000000000001,grasp,,,,,,,,,,,,,,,,,,,,,-0.004892691969871521,0.0010903840884566307,0.015739183872938156,0.009029305540025234,-0.00472473306581378,-0.0013404383789747953,0.04299844615161419,-0.004892745986580849,0.0005506616435013711,0.017844658344984055,0.00904923863708973,-0.004722711630165577,-0.001340491115115583,,,,,,,,,,,,
0.7200000000000001,grasp,,,,,,,,,,,,,,,,,,,,,-0.004795553628355265,0.0011259038001298904,0.0157951470464468,0.008993322029709816,-0.004722537938505411,-0.001340388902463019,0.04299844615161419,-0.004687940161523124,0.0006190843711728957,0.017979506331579343,0.008975170421757857,-0.004720002473766672,-0.0013403430045754298,,,,,,,,,,,,
0.74,grasp,,,,,,,,,,,,,,,,,,,,,-0.004744370002299547,0.001143869012594223,0.015825463458895683,0.008974788710474968,-0.004722625482827425,-0.0013403362827375531,0.04299844615161419,-0.004687940161523124,0.0006190843711728957,0.017979506331579343,0.008975170421757857,-0.004720002473766672,-0.0013403430045754298,,,,,,,,,,,,
0.76,grasp,,,,,,,,,,,,,,,,,,,,,-0.004054449964314699,0.001376439118757844,0.016277072951197624,0.00872336607426405,-0.00470613781362772,-0.0013400005409494042,0.04299844615161419,-0.003308186439433135,0.001080040030560606,0.01888795982931063,0.008476181752316504,-0.004701753579994097,-0.0013393452756557578,,,,,,,,,,,,
0.78,grasp,,,,,,,,,,,,,,,,,,,,,-0.0036965026520192623,0.0014949492178857327,0.016518279910087585,0.008593839593231678,-0.004708442836999893,-0.0013395830756053329,0.04299844615161419,-0.003308186439433135,0.001080040030560606,0.01888795982931063,0.008476181752316504,-0.004701753579994097,-0.0013393452756557578,,,,,,,,,,,,
0.8,grasp,,,,,,,,,,,,,,,,,,,,,-0.0017773123690858483,0.002134930109605193,0.01777406595647335,0.00789809599518776,-0.004664371721446514,-0.0013386141508817673,0.04299844615161419,0.00027947668000562924,0.00227862480430359,0.021250136454301433,0.007178701352820727,-0.004654301222729966,-0.0013367509303384975,,,,,,,,,,,,
0.8200000000000001,grasp,,,,,,,,,,,,,,,,,,,,,-0.0007818058365955949,0.002461836440488696,0.018444104120135307,0.007539739366620779,-0.004669814836233854,-0.0013374793343245983,0.04299844615161419,0.00027947668000562924,0.00227862480430359,0.021250136454301433,0.007178701352820727,-0.004654301222729966,-0.0013367509303384975,,,,,,,,,,,,
0.8400000000000001,grasp,,,,,,,,,,,,,,,,,,,,,0.002960723824799061,0.0037145342212170362,0.02089306339621544,0.00618372205644846,-0.004586510360240936,-0.0013355278642848134,0.04299844615161419,0.006960024106134129,0.0045077175606032084,0.025648485284930696,0.004762714394513124,-0.00456594175296225,-0.0013319200136809395,,,,,,,,,,,,
0.8600000000000001,grasp,,,,,,,,,,,,,,,,,,,,,0.004901259671896696,0.0043495940044522285,0.022195899859070778,0.0054852780885994434,-0.004595304373651743,-0.0013333589304238558,0.04299844615161419,0.006960024106134129,0.0045077175606032084,0.025648485284930696,0.004762714394513124,-0.00456594175296225,-0.0013319200136809395,,,,,,,,,,,,
0.8800000000000001,grasp,,,,,,,,,,,,,,,,,,,,,0.010985703207552433,0.006383292376995087,0.026177268475294113,0.0032810657285153866,-0.004462526645511389,-0.0013301197905093431,0.04299844615161419,0.01747913121456531,0.008003412315895589,0.03257287343212625,0.0009587196547474866,-0.004426818448714021,-0.0013243136661084053,,,,,,,,,,,,
0.9,grasp,,,,,,,,,,,,,,,,,,,,,0.014139361679553986,0.0074143968522548676,0.028291767463088036,0.002145722508430481,-0.004474633373320103,-0.0013266497990116477,0.04299844615161419,0.01747913121456531,0.008003412315895589,0.03257287343212625,0.0009587196547474866,-0.004426818448714021,-0.0013243136661084053,,,,,,,,,,,,
0.92,grasp,,,,,,,,,,,,,,,,,,,,,0.02300136350095272,0.010356251150369644,0.03408915549516678,-0.0010642868001013994,-0.004283790476620197,-0.0013218654785305262,0.04299844615161419,0.032452342413430535,0.012938443842277348,0.042425810266734906,-0.004455458356107851,-0.0042288029027382195,-0.0013134876464330663,,,,,,,,,,,,
0.9400000000000001,grasp,,,,,,,,,,,,,,,,,,,,,0.027593517675995827,0.011848547495901585,0.037164799869060516,-0.0027177012525498867,-0.004299071617424488,-0.0013168706791475415,0.04299844615161419,0.032452342413430535,0.012938443842277348,0.042425810266734906,-0.004455458356107851,-0.0042288029027382195,-0.0013134876464330663,,,,,,,,,,,,
0.9600000000000001,grasp,,,,,,,,,,,,,,,,,,,,,0.03958700969815254,0.01578635908663273,0.04500722140073776,-0.007061309181153774,-0.004043224733322859,-0.0013103215023875237,0.04299844615161419,0.052371975576974136,0.019424150029733522,0.055526983969677125,-0.011657160167307647,-0.003965406295594136,-0.0012990869651995144,,,,,,,,,,,,
0.98,grasp,,,,,,,,,,,,,,,,,,,,,0.045800693333148956,0.017784375697374344,0.049164559692144394,-0.00929863378405571,-0.004061445593833923,-0.0013036413583904505,0.04299844615161419,0.052371975576974136,0.019424150029733522,0.055526983969677125,-0.011657160167307647,-0.003965406295594136,-0.0012990869651995144,,,,,,,,,,,,
1.0,grasp,,,,,,,,,,,,,,,,,,,,,0.06119918078184128,0.02277662232518196,0.059228379279375076,-0.014874465763568878,-0.003735387697815895,-0.0012951543321833014,0.04299844615161419,0.07760894047349984,0.027532624921805308,0.07211639763139754,-0.020779826492382924,-0.0036317452359526225,-0.00128084466099461,,,,,,,,,,,,
1.02,grasp,,,,,,,,,,,,,,,,,,,,,0.06917578727006912,0.025310028344392776,0.06455990672111511,-0.01774650812149048,-0.0037561780773103237,-0.0012866549659520388,0.04299844615161419,0.07760894047349984,0.027532624921805308,0.07211639763139754,-0.020779826492382924,-0.0036317452359526225,-0.00128084466099461,,,,,,,,,,,,
1.04,grasp,,,,,,,,,,,,,,,,,,,,,0.08817212283611298,0.03140522912144661,0.07697045058012009,-0.024624155834317207,-0.0033564125187695026,-0.001276101334951818,0.04299844615161419,0.10841158434131529,0.037331726852126,0.09235680977189298,-0.031913036338862714,-0.003224540242060606,-0.00125858138798977,,,,,,,,,,,,
1.06,grasp,,,,,,,,,,,,,,,,,,,,,0.09801124781370163,0.03449885547161102,0.0835413932800293,-0.028166772797703743,-0.0033792995382100344,-0.0012657137122005224,0.04299844615161419,0.10841158434131529,0.037331726852126,0.09235680977189298,-0.031913036338862714,-0.003224540242060606,-0.00125858138798977,,,,,,,,,,,,
1.08,grasp,,,,,,,,,,,,,,,,,,,,,0.12072331458330154,0.04173262417316437,0.09837622195482254,-0.036388881504535675,-0.002903899410739541,-0.0012529956875368953,0.04299844615161419,0.14491767743187572,0.048868284238659486,0.11633960002191536,-0.045106588378939716,-0.002741967792085045,-0.0012321974029913289,,,,,,,,,,,,
1.1,grasp,,,,,,,,,,,,,,,,,,,,,0.13248571753501892,0.04540485143661499,0.10622633993625641,-0.040624022483825684,-0.0029283163603395224,-0.0012406831374391913,0.04299844615161419,0.14491767743187572,0.048868284238659486,0.11633960002191536,-0.045106588378939716,-0.002741967792085045,-0.0012321974029913289,,,,,,,,,,,,
1.12,grasp,,,,,,,,,,,,,,,,,,,,,0.15896354615688324,0.05379198119044304,0.12351863831281662,-0.050208624452352524,-0.0023768094833940268,-0.0012257499620318413,0.04299844615161419,0.18716570567646731,0.06215341114289325,0.1440902121619814,-0.060374355661818,-0.0021835190258667684,-0.0012016648437334096,,,,,,,,,,,,
1.1400000000000001,grasp,,,,,,,,,,,,,,,,,,,,,0.1726747453212738,0.05805065110325813,0.13266399502754211,-0.055145591497421265,-0.002402141224592924,-0.0012115160934627056,0.04299844615161419,0.18716570567646731,0.06215341114289325,0.1440902121619814,-0.060374355661818,-0.0021835190258667684,-0.0012016648437334096,,,,,,,,,,,,
1.1600000000000001,grasp,,,,,,,,,,,,,,,,,,,,,0.20290623605251312,0.06758147478103638,0.15240585803985596,-0.06608819216489792,-0.001775295240804553,-0.001194346696138382,0.04299844615161419,0.2351031051134529,0.07715924905717933,0.17557312201410755,-0.07769717568664188,-0.0015498920557624957,-0.0011670220565927444,,,,,,,,,,,,
1.1800000000000002,grasp,,,,,,,,,,,,,,,,,,,,,0.21855980157852173,0.07242199033498764,0.1628408432006836,-0.07172467559576035,-0.0018008594634011388,-0.0011782230576500297,0.04299844615161419,0.2351031051134529,0.07715924905717933,0.17557312201410755,-0.07769717568664188,-0.0015498920557624957,-0.0011670220565927444,,,,,,,,,,,,
1.2000000000000002,grasp,,,,,,,,,,,,,,,,,,,,,0.252472847700119,0.08307491987943649,0.18498575687408447,-0.08399908989667892,-0.0011008275905624032,-0.0011588394409045577,0.04299844615161419,0.288586930468159,0.09384692973020667,0.21069471292559958,-0.09702351315045886,-0.0008429749774079424,-0.0011283722617577872,,,,,,,,,,,,
1.2200000000000002,grasp,,,,,,,,,,,,,,,,,,,,,0.27003103494644165,0.08848664909601212,0.1966838538646698,-0.09032157063484192,-0.001125828828662634,-0.0011408883146941662,0.04299844615161419,0.288586930468159,0.09384692973020667,0.21069471292559958,-0.09702351315045886,-0.0008429749774079424,-0.0011283722617577872,,,,,,,,,,,,
1.2400000000000002,grasp,,,,,,,,,,,,,,,,,,,,,0.3074992895126343,0.10022133588790894,0.22114983201026917,-0.10388220846652985,-0.0003558403404895216,-0.0011193352984264493,0.04299844615161419,0.3473962717319184,0.11214550448264883,0.24930982458442313,-0.11827354612212677,-6.569130536092663e-05,-0.001085875135275812,,,,,,,,,,,,
1.26,grasp,,,,,,,,,,,,,,,,,,,,,0.32689645886421204,0.10618413239717484,0.23406612873077393,-0.11086714267730713,-0.00037947745295241475,-0.0010996555211022496,0.04299844615161419,0.3473962717319184,0.11214550448264883,0.24930982458442313,-0.11827354612212677,-6.569130536092663e-05,-0.001085875135275812,,,,,,,,,,,,
1.28,grasp,,,,,,,,,,,,,,,,,,,,,0.3677448034286499,0.11894452571868896,0.26073911786079407,-0.12565046548843384,0.00045623313053511083,-0.0010760120349004865,0.04299844615161419,0.4112373929101697,0.1319620076567337,0.2912256207074057,-0.14134120572236086,0.0007780732463506985,-0.0010397433045678313,,,,,,,,,,,,
1.3,grasp,,,,,,,,,,,,,,,,,,,,,0.38888975977897644,0.12543022632598877,0.2748115658760071,-0.13326513767242432,0.000434732879512012,-0.0010547199053689837,0.04299844615161419,0.4112373929101697,0.1319620076567337,0.2912256207074057,-0.14134120572236086,0.0007780732463506985,-0.0010397433045678313,,,,,,,,,,,,
1.32,grasp,,,,,,,,,,,,,,,,,,,,,0.43289655447006226,0.13914984464645386,0.30354756116867065,-0.14919108152389526,0.0013310008216649294,-0.001029095845296979,0.04299844615161419,0.47974925790811207,0.1531903404190311,0.3362054915588577,-0.16609619904389103,0.0016835485335948903,-0.0009902374497120013,,,,,,,,,,,,
1.34,grasp,,,,,,,,,,,,,,,,,,,,,0.4556746780872345,0.1461249142885208,0.3186987340450287,-0.15739433467388153,0.0013124652905389667,-0.0010063251247629523,0.04299844615161419,0.47974925790811207,0.1531903404190311,0.3362054915588577,-0.16609619904389103,0.0016835485335948903,-0.0009902374497120013,,,,,,,,,,,,
1.36,grasp,,,,,,,,,,,,,,,,,,,,,0.502579391002655,0.16072116792201996,0.3493279218673706,-0.17436860501766205,0.002263367176055908,-0.0009788579773157835,0.04299844615161419,0.5525142503396077,0.17569706117181397,0.3839750248693697,-0.19238772618996874,0.0026452120769747656,-0.0009376596504777423,,,,,,,,,,,,
1.3800000000000001,grasp,,,,,,,,,,,,,,,,,,,,,0.5268554091453552,0.16814367473125458,0.3654666543006897,-0.18311171233654022,0.002248558448627591,-0.0009547618683427572,0.04299844615161419,0.5525142503396077,0.17569706117181397,0.3839750248693697,-0.19238772618996874,0.0026452120769747656,-0.0009376596504777423,,,,,,,,,,,,
1.4,grasp,,,,,,,,,,,,,,,,,,,,,0.5763604044914246,0.18352672457695007,0.39779481291770935,-0.20102673768997192,0.0032474766485393047,-0.0009256076882593334,0.04299844615161419,0.6290607584735115,0.19934279755395062,0.43422506399077565,-0.22004542936547944,0.003656829599593295,-0.0008823506797623128,,,,,,,,,,,,
1.42,grasp,,,,,,,,,,,,,,,,,,,,,0.6019803285598755,0.19135113060474396,0.41481831669807434,-0.2102542519569397,0.003237130120396614,-0.0009003580780699849,0.04299844615161419,0.6290607584735115,0.19934279755395062,0.43422506399077565,-0.22004542936547944,0.003656829599593295,-0.0008823506797623128,,,,,,,,,,,,
1.44,grasp,,,,,,,,,,,,,,,,,,,,,0.6537581086158752,0.2074190080165863,0.4486314654350281,-0.22899125516414642,0.004276876337826252,-0.0008697044104337692,0.04299844615161419,0.7088740804106436,0.22396702208177258,0.48661768743962797,-0.2488834157648797,0.00471159585592064,-0.0008246829533307584,,,,,,,,,,,,
1.46,grasp,,,,,,,,,,,,,,,,,,,,,0.6805516481399536,0.2155936360359192,0.4664258658885956,-0.23864206671714783,0.004271652549505234,-0.000843376386910677,0.04299844615161419,0.7088740804106436,0.22396702208177258,0.48661768743962797,-0.2488834157648797,0.00471159585592064,-0.0008246829533307584,,,,,,,,,,,,
1.48,grasp,,,,,,,,,,,,,,,,,,,,,0.7342464327812195,0.23223865032196045,0.5014907717704773,-0.25815334916114807,0.005340566858649254,-0.0008111083297990263,0.04299844615161419,0.7914004920395047,0.24940301972672665,0.5407897661435642,-0.2787017524053562,0.005802199979323948,-0.0007650559015750407,,,,,,,,,,,,
1.5,grasp,,,,,,,,,,,,,,,,,,,,,0.762030303478241,0.2407080978155136,0.5199349522590637,-0.2681220471858978,0.00533803878352046,-0.000783761846832931,0.04299844615161419,0.7914004920395047,0.24940301972672665,0.5407897661435642,-0.2787017524053562,0.005802199979323948,-0.0007650559015750407,,,,,,,,,,,,
1.52,grasp,,,,,,,,,,,,,,,,,,,,,0.8172650337219238,0.2578146755695343,0.556005597114563,-0.2882487177848816,0.006400404032319784,-0.0007468353142030537,0.04299844615161419,0.8760559630758985,0.2754726902396431,0.5963581323288089,-0.30928942138189275,0.00692092839236703,-0.000703891477485104,,,,,,,,,,,,
1.54,grasp,,,,,,,,,,,,,,,,,,,,,0.845845103263855,0.26652011275291443,0.5749703049659729,-0.2984561026096344,0.006406147964298725,-0.000721842865459621,0.04299844615161419,0.8760559630758985,0.2754726902396431,0.5963581323288089,-0.30928942138189275,0.00692092839236703,-0.000703891477485104,,,,,,,,,,,,
1.56,grasp,,,,,,,,,,,,,,,,,,,,,0.9022251963615417,0.2839667797088623,0.6117905974388123,-0.3190148174762726,0.007534424774348736,-0.0006883734022267163,0.04299844615161419,0.9622331144254694,0.30198931575552074,0.6529239273809624,-0.3404268146247808,0.00805975315772227,-0.0006416284230674906,,,,,,,,,,,,
1.58,grasp,,,,,,,,,,,,,,,,,,,,,0.9313948750495911,0.2928465008735657,0.631139874458313,-0.32940196990966797,0.007554891053587198,-0.0006599660264328122,0.04299844615161419,0.9622331144254694,0.30198931575552074,0.6529239273809624,-0.3404268146247808,0.00805975315772227,-0.0006416284230674906,,,,,,,,,,,,
1.6,grasp,,,,,,,,,,,,,,,,,,,,,0.9885144829750061,0.3105093538761139,0.6684434413909912,-0.35020768642425537,0.008646596223115921,-0.0006222313386388123,0.04299844615161419,1.0493067290439,0.3287646920689727,0.7100771891397717,-0.371888092454049,0.009210423489340622,-0.0005787179989683887,,,,,,,,,,,,
1.62,grasp,,,,,,,,,,,,,,,,,,,,,1.0180656909942627,0.3195003271102905,0.6880369186401367,-0.3607248067855835,0.008670478127896786,-0.0005969170015305281,0.04299844615161419,1.0493067290439,0.3287646920689727,0.7100771891397717,-0.371888092454049,0.009210423489340622,-0.0005787179989683887,,,,,,,,,,,,
1.6400000000000001,grasp,,,,,,,,,,,,,,,,,,,,,1.0755088329315186,0.33725202083587646,0.7255536913871765,-0.38159698247909546,0.00982399471104145,-0.0005641230964101851,0.04299844615161419,1.1366423556305454,0.3556049925187597,0.7674017179391569,-0.40344407096901286,0.010364568585140541,-0.0005156179608300594,,,,,,,,,,,,
1.6600000000000001,grasp,,,,,,,,,,,,,,,,,,,,,1.105223536491394,0.3462894558906555,0.7452490925788879,-0.39219486713409424,0.009861364960670471,-0.0005348045378923416,0.04299844615161419,1.1366423556305454,0.3556049925187597,0.7674017179391569,-0.40344407096901286,0.010364568585140541,-0.0005156179608300594,,,,,,,,,,,,
1.6800000000000002,grasp,,,,,,,,,,,,,,,,,,,,,1.1625722646713257,0.364001601934433,0.7827059030532837,-0.41296374797821045,0.010954457335174084,-0.0004980609519407153,0.04299844615161419,1.2236028002977037,0.38231537700184104,0.8244793965934257,-0.43486449648502645,0.011513773061716512,-0.0004527883888843251,,,,,,,,,,,,
1.7000000000000002,grasp,,,,,,,,,,,,,,,,,,,,,1.192237377166748,0.37301987409591675,0.8023597598075867,-0.4235877990722656,0.010987572371959686,-0.0004718242562375963,0.04299844615161419,1.2236028002977037,0.38231537700184104,0.8244793965934257,-0.43486449648502645,0.011513773061716512,-0.0004527883888843251,,,,,,,,,,,,
1.7200000000000002,grasp,,,,,,,,,,,,,,,,,,,,,1.2490721940994263,0.3905649483203888,0.8394827842712402,-0.44412097334861755,0.012108600698411465,-0.00043838334386236966,0.04299844615161419,1.309554533155634,0.40870417407347187,0.8808947411552791,-0.4659205067991797,0.012649663055310062,-0.0003906870821848397,,,,,,,,,,,,
1.7400000000000002,grasp,,,,,,,,,,,,,,,,,,,,,1.2784686088562012,0.39949917793273926,0.8589524030685425,-0.4546959102153778,0.01215539500117302,-0.00041040050564333797,0.04299844615161419,1.309554533155634,0.40870417407347187,0.8808947411552791,-0.4659205067991797,0.012649663055310062,-0.0003906870821848397,,,,,,,,,,,,
1.7600000000000002,grasp,,,,,,,,,,,,,,,,,,,,,1.3343793153762817,0.41675159335136414,0.8954713344573975,-0.47491827607154846,0.01323620229959488,-0.00037687690928578377,0.04299844615161419,1.3938754144269812,0.43458176427302464,0.9362397359857508,-0.49638742664932384,0.013764019658143436,-0.00032976312849440956,,,,,,,,,,,,
1.7800000000000002,grasp,,,,,,,,,,,,,,,,,,,,,1.3632954359054565,0.4255372881889343,0.9146171808242798,-0.4853331744670868,0.01328311488032341,-0.00034987699473276734,0.04299844615161419,1.3938754144269812,0.43458176427302464,0.9362397359857508,-0.49638742664932384,0.013764019658143436,-0.00032976312849440956,,,,,,,,,,,,
1.8000000000000003,grasp,,,,,,,,,,,,,,,,,,,,,1.4178792238235474,0.44237378239631653,0.9502702951431274,-0.5050817131996155,0.014330187812447548,-0.00031628634314984083,0.04299844615161419,1.4759612103957447,0.45976433119619164,0.9901183936630169,-0.5260472740867738,0.014848867804963863,-0.0002704526289776168,,,,,,,,,,,,
1.8200000000000003,grasp,,,,,,,,,,,,,,,,,,,,,1.4461076259613037,0.4509482681751251,0.9689555168151855,-0.5152526497840881,0.01438071671873331,-0.00029013011953793466,0.04299844615161419,1.4759612103957447,0.45976433119619164,0.9901183936630169,-0.5260472740867738,0.014848867804963863,-0.0002704526289776168,,,,,,,,,,,,
1.8399999999999999,grasp,,,,,,,,,,,,,,,,,,,,,1.4989770650863647,0.46725061535835266,1.0034900903701782,-0.5343828201293945,0.015389074571430683,-0.00025763886515051126,0.04299844615161419,1.555233102539726,0.48407544797395746,1.0421510069148057,-0.5546909186454889,0.01589655024135069,-0.0002131739501546863,,,,,,,,,,,,
1.8599999999999999,grasp,,,,,,,,,,,,,,,,,,,,,1.5263174772262573,0.4755532145500183,1.0215827226638794,-0.544235110282898,0.01544337347149849,-0.00023218423302751034,0.04299844615161419,1.555233102539726,0.48407544797395746,1.0421510069148057,-0.5546909186454889,0.01589655024135069,-0.0002131739501546863,,,,,,,,,,,,
1.88,grasp,,,,,,,,,,,,,,,,,,,,,1.5771044492721558,0.4912090599536896,1.0547585487365723,-0.5626127123832703,0.016407037153840065,-0.00020098575623705983,0.04299844615161419,1.631143904553059,0.5073493168194384,1.0919790551441775,-0.5821212216851532,0.016899836490971026,-0.00015832230155482277,,,,,,,,,,,,
1.9,grasp,,,,,,,,,,,,,,,,,,,,,1.6033668518066406,0.4991829991340637,1.0721337795257568,-0.5720774531364441,0.016464533284306526,-0.0001766213827067986,0.04299844615161419,1.631143904553059,0.5073493168194384,1.0919790551441775,-0.5821212216851532,0.016899836490971026,-0.00015832230155482277,,,,,,,,,,,,
1.92,grasp,,,,,,,,,,,,,,,,,,,,,1.6517280340194702,0.5140873193740845,1.1037260293960571,-0.5895785093307495,0.017377661541104317,-0.00014681313768960536,0.04299844615161419,1.7031856099558824,0.5294316504277037,1.1392698335541107,-0.608155000420763,0.017852017698050754,-0.00010626447964811422,,,,,,,,,,,,
1.94,grasp,,,,,,,,,,,,,,,,,,,,,1.676734447479248,0.5216789841651917,1.1202672719955444,-0.5985916256904602,0.017437459900975227,-0.00012370763579383492,0.04299844615161419,1.7031856099558824,0.5294316504277037,1.1392698335541107,-0.608155000420763,0.017852017698050754,-0.00010626447964811422,,,,,,,,,,,,
1.96,grasp,,,,,,,,,,,,,,,,,,,,,1.7223550081253052,0.5357363224029541,1.150071620941162,-0.6151021122932434,0.018294787034392357,-9.5550567493774e-05,0.04299844615161419,1.7708958854973738,0.550182270807594,1.1837212487391007,-0.6326261485809698,0.01874700430342529,-5.733299404045519e-05,,,,,,,,,,,,
1.98,grasp,,,,,,,,,,,,,,,,,,,,,1.7459439039230347,0.5428963899612427,1.1656721830368042,-0.6236050724983215,0.018355803564190865,-7.378395821433514e-05,0.04299844615161419,1.7708958854973738,0.550182270807594,1.1837212487391007,-0.6326261485809698,0.01874700430342529,-5.733299404045519e-05,,,,,,,,,,,,
2.0,grasp,,,,,,,,,,,,,,,,,,,,,1.7884818315505981,0.5560520887374878,1.1934666633605957,-0.6389539241790771,0.019147923216223717,-4.7514498874079436e-05,0.04299844615161419,1.8337419132522144,0.5695435299428452,1.2249861744913393,-0.6552437367947896,0.019570415602896973,-1.1900109134799548e-05,,,,,,,,,,,,
2.02,grasp,,,,,,,,,,,,,,,,,,,,,1.8104755878448486,0.5627543330192566,1.2080104351043701,-0.6468587517738342,0.019207360222935677,-2.7250222046859562e-05,0.04299844615161419,1.8337419132522144,0.5695435299428452,1.2249861744913393,-0.6552437367947896,0.019570415602896973,-1.1900109134799548e-05,,,,,,,,,,,,
2.04,grasp,,,,,,,,,,,,,,,,,,,,,1.8295519351959229,0.5857861638069153,1.2199580669403076,-0.6360127329826355,0.01856808364391327,-1.3707514881389216e-05,0.04299844615161419,1.849815207979842,0.6100242394801138,1.234428321517379,-0.6244675011113122,0.017828122303023462,1.3277917245502682e-06,,,,,,,,,,,,
2.06,grasp,,,,,,,,,,,,,,,,,,,,,1.83939790725708,0.5978256464004517,1.2261013984680176,-0.6304246187210083,0.018152441829442978,-5.170633812667802e-06,0.04299844615161419,1.849815207979842,0.6100242394801138,1.234428321517379,-0.6244675011113122,0.017828122303023462,1.3277917245502682e-06,,,,,,,,,,,,
2.08,grasp,,,,,,,,,,,,,,,,,,,,,1.8432178497314453,0.6261948347091675,1.2277470827102661,-0.6036902070045471,0.016737300902605057,-1.4971129758123425e-06,0.04299844615161419,1.847262420841377,0.6560968598322232,1.2313133122070063,-0.5752612774936496,0.015273298933937769,1.5552399478024215e-06,,,,,,,,,,,,
2.1,grasp,,,,,,,,,,,,,,,,,,,,,1.8451828956604004,0.6410670876502991,1.2284983396530151,-0.5899177193641663,0.016013052314519882,3.674564368338906e-07,0.04299844615161419,1.847262420841377,0.6560968598322232,1.2313133122070063,-0.5752612774936496,0.015273298933937769,1.5552399478024215e-06,,,,,,,,,,,,
2.12,grasp,,,,,,,,,,,,,,,,,,,,,1.8450955152511597,0.6685278415679932,1.2275789976119995,-0.5614972114562988,0.014548185281455517,1.1039467153750593e-06,0.04299844615161419,1.8449890926571382,0.6972781651716808,1.2285400311805141,-0.5312757132899321,0.01299899918592741,1.7577146308421708e-06,,,,,,,,,,,,
2.14,grasp,,,,,,,,,,,,,,,,,,,,,1.8450508117675781,0.6828619837760925,1.2270125150680542,-0.546856164932251,0.013791648671030998,1.5530251857853727e-06,0.04299844615161419,1.8449890926571382,0.6972781651716808,1.2285400311805141,-0.5312757132899321,0.01299899918592741,1.7577146308421708e-06,,,,,,,,,,,,
2.16,grasp,,,,,,,,,,,,,,,,,,,,,1.8440641164779663,0.7076336741447449,1.2256004810333252,-0.5205771923065186,0.012438934296369553,1.7669220824245713e-06,0.04299844615161419,1.8429936564075216,0.7334581855389326,1.2261057030180926,-0.49263111824046873,0.01100292994920375,1.935418051397012e-06,,,,,,,,,,,,
2.18,grasp,,,,,,,,,,,,,,,,,,,,,1.8435561656951904,0.7205501198768616,1.2247792482376099,-0.5070391893386841,0.011741077527403831,1.889054374260013e-06,0.04299844615161419,1.8429936564075216,0.7334581855389326,1.2261057030180926,-0.49263111824046873,0.01100292994920375,1.935418051397012e-06,,,,,,,,,,,,
2.2,grasp,,,,,,,,,,,,,,,,,,,,,1.8424612283706665,0.7421722412109375,1.2234097719192505,-0.4839359223842621,0.010549116879701614,2.00413182938064e-06,0.04299844615161419,1.8412741596813393,0.7646038367195122,1.22400852150417,-0.45936422611391436,0.009283630403623191,2.0884806176149466e-06,,,,,,,,,,,,
2.22,grasp,,,,,,,,,,,,,,,,,,,,,1.841896414756775,0.7534387707710266,1.222612738609314,-0.4720339775085449,0.00993561465293169,2.05020614885143e-06,0.04299844615161419,1.8412741596813393,0.7646038367195122,1.22400852150417,-0.45936422611391436,0.009283630403623191,2.0884806176149466e-06,,,,,,,,,,,,
2.24,grasp,,,,,,,,,,,,,,,,,,,,,1.8409044742584229,0.7718157172203064,1.2214196920394897,-0.4523550271987915,0.008917747996747494,2.147386567230569e-06,0.04299844615161419,1.8398268426688764,0.7907652699576612,1.2222438402374904,-0.4314222846077369,0.007837075315978917,2.217261980730604e-06,,,,,,,,,,,,
2.2600000000000002,grasp,,,,,,,,,,,,,,,,,,,,,1.840391755104065,0.7813864350318909,1.2207192182540894,-0.44221729040145874,0.008394505828619003,2.1733671928814147e-06,0.04299844615161419,1.8398268426688764,0.7907652699576612,1.2222438402374904,-0.4314222846077369,0.007837075315978917,2.217261980730604e-06,,,,,,,,,,,,
2.2800000000000002,grasp,,,,,,,,,,,,,,,,,,,,,1.839556097984314,0.7965614795684814,1.2197297811508179,-0.42595672607421875,0.007550546899437904,2.263875330754672e-06,0.04299844615161419,1.8386438203174633,0.8120815868169576,1.220801721817818,-0.40865641902438354,0.006655049242666601,2.3224940046927256e-06,,,,,,,,,,,,
2.3000000000000003,grasp,,,,,,,,,,,,,,,,,,,,,1.8391224145889282,0.8044608235359192,1.2191452980041504,-0.4175800085067749,0.007117416709661484,2.2762794742448023e-06,0.04299844615161419,1.8386438203174633,0.8120815868169576,1.220801721817818,-0.40865641902438354,0.006655049242666601,2.3224940046927256e-06,,,,,,,,,,,,
2.3200000000000003,grasp,,,,,,,,,,,,,,,,,,,,,1.838450312614441,0.8165586590766907,1.218355417251587,-0.4046143591403961,0.006441659294068813,2.359837253607111e-06,0.04299844615161419,1.8377125760798945,0.8287874547122123,1.219666769441811,-0.39081553290481935,0.00572484088756925,2.405308881078506e-06,,,,,,,,,,,,
2.3400000000000003,grasp,,,,,,,,,,,,,,,,,,,,,1.8381000757217407,0.8228527903556824,1.217887043952942,-0.39793503284454346,0.006095247808843851,2.363527073612204e-06,0.04299844615161419,1.8377125760798945,0.8287874547122123,1.219666769441811,-0.39081553290481935,0.00572484088756925,2.405308881078506e-06,,,,,,,,,,,,
2.36,grasp,,,,,,,,,,,,,,,,,,,,,1.837584137916565,0.8320690393447876,1.217284917831421,-0.38805750012397766,0.005577575881034136,2.431044322293019e-06,0.04299844615161419,1.8370151444695553,0.8412194672428522,1.218816932034018,-0.37754008013926466,0.005028373830327969,2.467315262464462e-06,,,,,,,,,,,,
2.38,grasp,,,,,,,,,,,,,,,,,,,,,1.837314486503601,0.8368608951568604,1.2169280052185059,-0.3829689025878906,0.005312343128025532,2.431491111565265e-06,0.04299844615161419,1.8370151444695553,0.8412194672428522,1.218816932034018,-0.37754008013926466,0.005028373830327969,2.467315262464462e-06,,,,,,,,,,,,
2.4,grasp,,,,,,,,,,,,,,,,,,,,,1.8369412422180176,0.8434618711471558,1.2164949178695679,-0.375894159078598,0.004938715603202581,2.4796006528049475e-06,0.04299844615161419,1.8365279768974976,0.8498221897641737,1.2182236282434933,-0.36835538936266676,0.00454200407943387,2.5106172248265165e-06,,,,,,,,,,,,
2.42,grasp,,,,,,,,,,,,,,,,,,,,,1.8367458581924438,0.8468919396400452,1.2162398099899292,-0.37224963307380676,0.004747153725475073,2.4824580577842426e-06,0.04299844615161419,1.8365279768974976,0.8498221897641737,1.2182236282434933,-0.36835538936266676,0.00454200407943387,2.5106172248265165e-06,,,,,,,,,,,,
2.44,grasp,,,,,,,,,,,,,,,,,,,,,1.8364970684051514,0.8512195348739624,1.2159532308578491,-0.3676137626171112,0.004498341120779514,2.5131021175184287e-06,0.04299844615161419,1.8362192532544004,0.8551555422747852,1.2178475958555486,-0.3626667926824011,0.004233798749516062,2.53805757349568e-06,,,,,,,,,,,,
2.46,grasp,,,,,,,,,,,,,,,,,,,,,1.8363662958145142,0.8534661531448364,1.2157858610153198,-0.36522573232650757,0.004370592534542084,2.517047732908395e-06,0.04299844615161419,1.8362192532544004,0.8551555422747852,1.2178475958555486,-0.3626667926824011,0.004233798749516062,2.53805757349568e-06,,,,,,,,,,,,
2.48,grasp,,,,,,,,,,,,,,,,,,,,,1.8362213373184204,0.8559373617172241,1.2156206369400024,-0.3625795245170593,0.004226068966090679,2.5350518626510166e-06,0.04299844615161419,1.836057539803398,0.8578960622826193,1.2176505166600102,-0.35974674544279134,0.004072290501680095,2.5524370150041344e-06,,,,,,,,,,,,
2.5,grasp,,,,,,,,,,,,,,,,,,,,,1.8361449241638184,0.8572183847427368,1.2155258655548096,-0.3612161874771118,0.004151774104684591,2.5388746962562436e-06,0.04299844615161419,1.836057539803398,0.8578960622826193,1.2176505166600102,-0.35974674544279134,0.004072290501680095,2.5524370150041344e-06,,,,,,,,,,,,
2.52,grasp,,,,,,,,,,,,,,,,,,,,,1.836078405380249,0.8583322167396545,1.2154518365859985,-0.3600226640701294,0.004085903987288475,2.548819111325429e-06,0.04299844615161419,1.8360009396526848,0.8588469761087295,1.2175816947861164,-0.35873390896293206,0.00401582662441556,2.557464195390745e-06,,,,,,,,,,,,
2.54,grasp,,,,,,,,,,,,,,,,,,,,,1.836043357849121,0.8589102625846863,1.21541166305542,-0.35940778255462646,0.004051997791975737,2.5514839308016235e-06,0.04299844615161419,1.8360009396526848,0.8588469761087295,1.2175816947861164,-0.35873390896293206,0.00401582662441556,2.557464195390745e-06,,,,,,,,,,,,
2.5525005788728596,grasp,,,,,,,,,,,,,,,,,,,,,1.836022973060608,0.8592584729194641,1.2153904438018799,-0.3590412735939026,0.004031662363559008,2.55692998507584e-06,0.04299844615161419,1.8359951972961426,0.8589434027671814,1.2175747156143188,-0.3586312532424927,0.0040100994519889355,2.557974084993475e-06,,,,,,,,,,,,
2.5525005788728596,grasp,,,,,,,,,,,,,,,,,,,,,,,,,,,0.04300004057586193,,,,,,,0.0,,,,,,,,,,,
2.5725005788728597,grasp,,,,,,,,,,,,,,,,,,,,,,,,,,,0.042985791340470314,,,,,,,0.0,,,,,,,,,,,
2.5925005788728597,grasp,,,,,,,,,,,,,,,,,,,,,,,,,,,0.042890869081020355,,,,,,,0.0,,,,,,,,,,,
2.6125005788728597,grasp,,,,,,,,,,,,,,,,,,,,,,,,,,,0.04266222007572651,,,,,,,0.0,,,,,,,,,,,
2.6325005788728597,grasp,,,,,,,,,,,,,,,,,,,,,,,,,,,0.04227691516280174,,,,,,,0.0,,,,,,,,,,,
2.6525005788728597,grasp,,,,,,,,,,,,,,,,,,,,,,,,,,,0.041704120114445686,,,,,,,0.0,,,,,,,,,,,
2.6725005788728597,grasp,,,,,,,,,,,,,,,,,,,,,,,,,,,0.04092521406710148,,,,,,,0.0,,,,,,,,,,,
2.6925005788728598,grasp,,,,,,,,,,,,,,,,,,,,,,,,,,,0.03993452526628971,,,,,,,0.0,,,,,,,,,,,
2.71250057887286,grasp,,,,,,,,,,,,,,,,,,,,,,,,,,,0.03872827999293804,,,,,,,0.0,,,,,,,,,,,
2.73250057887286,grasp,,,,,,,,,,,,,,,,,,,,,,,,,,,0.03732471913099289,,,,,,,0.0,,,,,,,,,,,
2.75250057887286,grasp,,,,,,,,,,,,,,,,,,,,,,,,,,,0.036493897438049316,,,,,,,0.0,,,,,,,,,,,
2.77250057887286,grasp,,,,,,,,,,,,,,,,,,,,,,,,,,,0.036115286871790886,,,,,,,0.0,,,,,,,,,,,
2.7925005788728594,grasp,,,,,,,,,,,,,,,,,,,,,,,,,,,0.03607022389769554,,,,,,,0.0,,,,,,,,,,,
2.81250057887286,grasp,,,,,,,,,,,,,,,,,,,,,,,,,,,0.03602646663784981,,,,,,,0.0,,,,,,,,,,,
2.8325005788728594,grasp,,,,,,,,,,,,,,,,,,,,,,,,,,,0.035923801362514496,,,,,,,0.0,,,,,,,,,,,
2.8525005788728595,grasp,,,,,,,,,,,,,,,,,,,,,,,,,,,0.03580448776483536,,,,,,,0.0,,,,,,,,,,,
2.8725005788728595,grasp,,,,,,,,,,,,,,,,,,,,,,,,,,,0.03565783426165581,,,,,,,0.0,,,,,,,,,,,
2.8925005788728595,grasp,,,,,,,,,,,,,,,,,,,,,,,,,,,0.0355334859341383,,,,,,,0.0,,,,,,,,,,,
2.9125005788728595,grasp,,,,,,,,,,,,,,,,,,,,,,,,,,,0.03535768948495388,,,,,,,0.0,,,,,,,,,,,
2.9325005788728595,grasp,,,,,,,,,,,,,,,,,,,,,,,,,,,0.03523305058479309,,,,,,,0.0,,,,,,,,,,,
2.9525005788728595,grasp,,,,,,,,,,,,,,,,,,,,,,,,,,,0.03505527786910534,,,,,,,0.0,,,,,,,,,,,
2.9725005788728596,grasp,,,,,,,,,,,,,,,,,,,,,,,,,,,0.03488960675895214,,,,,,,0.0,,,,,,,,,,,
2.9925005788728596,grasp,,,,,,,,,,,,,,,,,,,,,,,,,,,0.0347531083971262,,,,,,,0.0,,,,,,,,,,,
3.0125005788728596,grasp,,,,,,,,,,,,,,,,,,,,,,,,,,,0.0346401073038578,,,,,,,0.0,,,,,,,,,,,
3.0325005788728596,grasp,,,,,,,,,,,,,,,,,,,,,,,,,,,0.03461257740855217,,,,,,,0.0,,,,,,,,,,,
3.0525005788728596,grasp,,,,,,,,,,,,,,,,,,,,,,,,,,,0.03459334000945091,,,,,,,0.0,,,,,,,,,,,
3.0725005788728597,grasp,,,,,,,,,,,,,,,,,,,,,,,,,,,0.03457644209265709,,,,,,,0.0,,,,,,,,,,,
3.0925005788728597,grasp,,,,,,,,,,,,,,,,,,,,,,,,,,,0.03456207178533077,,,,,,,0.0,,,,,,,,,,,
3.1125005788728597,grasp,,,,,,,,,,,,,,,,,,,,,,,,,,,0.034550320357084274,,,,,,,0.0,,,,,,,,,,,
3.1325005788728597,grasp,,,,,,,,,,,,,,,,,,,,,,,,,,,0.034541262313723564,,,,,,,0.0,,,,,,,,,,,
3.1525005788728597,grasp,,,,,,,,,,,,,,,,,,,,,,,,,,,0.03453470952808857,,,,,,,0.0,,,,,,,,,,,
3.1725005788728597,grasp,,,,,,,,,,,,,,,,,,,,,,,,,,,0.03453056327998638,,,,,,,0.0,,,,,,,,,,,
3.1925005788728598,grasp,,,,,,,,,,,,,,,,,,,,,,,,,,,0.03452824056148529,,,,,,,0.0,,,,,,,,,,,
3.21250057887286,grasp,,,,,,,,,,,,,,,,,,,,,,,,,,,0.03452732972800732,,,,,,,0.0,,,,,,,,,,,
3.23250057887286,grasp,,,,,,,,,,,,,,,,,,,,,,,,,,,0.03452719748020172,,,,,,,0.0,,,,,,,,,,,
3.23250057887286,grasp,,,,,,,,,,,,,,,,,,,,,1.8362199068069458,0.8592613339424133,1.2181687355041504,-0.35863104462623596,0.003087821649387479,0.007045568898320198,0.03452719748020172,1.8359951972961426,0.8589434027671814,1.2175747156143188,-0.3586312532424927,0.0040100994519889355,2.557974084993475e-06,,,,,,,,,,,,
3.25250057887286,grasp,,,,,,,,,,,,,,,,,,,,,1.8362250328063965,0.8592478632926941,1.2181525230407715,-0.35863152146339417,0.003084641881287098,0.0067513189278542995,0.03452719748020172,1.8359951972961426,0.8589434027671814,1.2175747156143188,-0.3586312532424927,0.0040100994519889355,2.557974084993475e-06,,,,,,,,,,,,
3.27250057887286,grasp,,,,,,,,,,,,,,,,,,,,,1.8362306356430054,0.8591988682746887,1.2181313037872314,-0.3586803376674652,0.0030818486120551825,0.006599813234061003,0.03452719748020172,1.836000752674672,0.8588501158040681,1.217581467535916,-0.35873056636445094,0.004015640140815681,2.557480798046836e-06,,,,,,,,,,,,
3.29250057887286,grasp,,,,,,,,,,,,,,,,,,,,,1.836233139038086,0.8591746091842651,1.2181191444396973,-0.3587055802345276,0.0030787819996476173,0.006521794945001602,0.03452719748020172,1.836000752674672,0.8588501158040681,1.217581467535916,-0.35873056636445094,0.004015640140815681,2.557480798046836e-06,,,,,,,,,,,,
3.31250057887286,grasp,,,,,,,,,,,,,,,,,,,,,1.8362542390823364,0.8588781952857971,1.2180240154266357,-0.35904648900032043,0.003099167486652732,0.006481580436229706,0.03452719748020172,1.8360384729038948,0.8582169436202446,1.217627313347742,-0.3594049459184972,0.004053261159761979,2.554131257241802e-06,,,,,,,,,,,,
3.33250057887286,grasp,,,,,,,,,,,,,,,,,,,,,1.8362632989883423,0.8587314486503601,1.2179702520370483,-0.3592225909233093,0.0031097070313990116,0.006460906937718391,0.03452719748020172,1.8360384729038948,0.8582169436202446,1.217627313347742,-0.3594049459184972,0.004053261159761979,2.554131257241802e-06,,,,,,,,,,,,
3.35250057887286,grasp,,,,,,,,,,,,,,,,,,,,,1.8363248109817505,0.8579136729240417,1.2177029848098755,-0.36017313599586487,0.0031905192881822586,0.006449863780289888,0.03452719748020172,1.8361368986193851,0.8565560934554506,1.2177472418777915,-0.3611742015303111,0.004151557912516835,2.545379672644166e-06,,,,,,,,,,,,
3.37250057887286,grasp,,,,,,,,,,,,,,,,,,,,,1.8363146781921387,0.8574642539024353,1.217753291130066,-0.3606612980365753,0.0032611803617328405,0.006437805946916342,0.03452719748020172,1.8361368986193851,0.8565560934554506,1.2177472418777915,-0.3611742015303111,0.004151557912516835,2.545379672644166e-06,,,,,,,,,,,,
3.39250057887286,grasp,,,,,,,,,,,,,,,,,,,,,1.8363889455795288,0.8558054566383362,1.2174896001815796,-0.36252811551094055,0.003458017483353615,0.006426866631954908,0.03452719748020172,1.8363196392503092,0.8534352596541486,1.2179698502366523,-0.3645009345189443,0.00433400274191758,2.5291361134287923e-06,,,,,,,,,,,,
3.41250057887286,grasp,,,,,,,,,,,,,,,,,,,,,1.8364732265472412,0.8549137115478516,1.2176405191421509,-0.3634881377220154,0.0035870936699211597,0.006413575261831284,0.03452719748020172,1.8363196392503092,0.8534352596541486,1.2179698502366523,-0.3645009345189443,0.00433400274191758,2.5291361134287923e-06,,,,,,,,,,,,
3.43250057887286,grasp,,,,,,,,,,,,,,,,,,,,,1.836601972579956,0.8521320223808289,1.218062162399292,-0.3665462136268616,0.003900530282407999,0.006399786565452814,0.03452719748020172,1.8366045918520613,0.8484757080602366,1.2183169641727278,-0.36979270446648665,0.004618508425466179,2.5038059208922026e-06,,,,,,,,,,,,
3.45250057887286,grasp,,,,,,,,,,,,,,,,,,,,,1.8366014957427979,0.8506180047988892,1.2184982299804688,-0.36811795830726624,0.0042319102212786674,0.0063767340034246445,0.03452719748020172,1.8366045918520613,0.8484757080602366,1.2183169641727278,-0.36979270446648665,0.004618508425466179,2.5038059208922026e-06,,,,,,,,,,,,
3.47250057887286,grasp,,,,,,,,,,,,,,,,,,,,,1.8367352485656738,0.8464528918266296,1.2188239097595215,-0.37261632084846497,0.0047734929248690605,0.0063596502877771854,0.03452719748020172,1.8370079819351235,0.8413487471867459,1.2188081712567707,-0.37740203834679786,0.005021215053371304,2.4679526056174576e-06,,,,,,,,,,,,
3.4925005788728596,grasp,,,,,,,,,,,,,,,,,,,,,1.8367444276809692,0.8442354798316956,1.2190217971801758,-0.37493184208869934,0.005235929507762194,0.006339089944958687,0.03452719748020172,1.8370079819351235,0.8413487471867459,1.2188081712567707,-0.37740203834679786,0.005021215053371304,2.4679526056174576e-06,,,,,,,,,,,,
3.51250057887286,grasp,,,,,,,,,,,,,,,,,,,,,1.8369112014770508,0.8385059237480164,1.2193886041641235,-0.381080687046051,0.005984936840832233,0.006312306970357895,0.03452719748020172,1.8375454632657453,0.8317728620422111,1.219463124997883,-0.38762752513261634,0.005557923911431092,2.4201694183311776e-06,,,,,,,,,,,,
3.5325005788728596,grasp,,,,,,,,,,,,,,,,,,,,,1.8369437456130981,0.8355206847190857,1.2194617986679077,-0.38424763083457947,0.0065351673401892185,0.006290936842560768,0.03452719748020172,1.8375454632657453,0.8317728620422111,1.219463124997883,-0.38762752513261634,0.005557923911431092,2.4201694183311776e-06,,,,,,,,,,,,
3.5525005788728596,grasp,,,,,,,,,,,,,,,,,,,,,1.8371732234954834,0.8281145095825195,1.2195510864257812,-0.3922272324562073,0.007442341651767492,0.006261605303734541,0.03452719748020172,1.838230024778247,0.8195141225226851,1.220297369281983,-0.4007187663736698,0.006241655671563857,2.359297552994998e-06,,,,,,,,,,,,
3.5725005788728597,grasp,,,,,,,,,,,,,,,,,,,,,1.8373469114303589,0.8242747187614441,1.2197016477584839,-0.3963376581668854,0.007851838134229183,0.006232509855180979,0.03452719748020172,1.838230024778247,0.8195141225226851,1.220297369281983,-0.4007187663736698,0.006241655671563857,2.359297552994998e-06,,,,,,,,,,,,
3.5925005788728597,grasp,,,,,,,,,,,,,,,,,,,,,1.8378742933273315,0.8150008916854858,1.219995141029358,-0.4062933027744293,0.008509807288646698,0.00620716018602252,0.03452719748020172,1.8390714697662272,0.8043834969287227,1.2213230575130942,-0.41687789971153416,0.007082325458781461,2.284454832843181e-06,,,,,,,,,,,,
3.6125005788728597,grasp,,,,,,,,,,,,,,,,,,,,,1.8382823467254639,0.8101587295532227,1.2200496196746826,-0.4114266037940979,0.008467786014080048,0.006205284036695957,0.03452719748020172,1.8390714697662272,0.8043834969287227,1.2213230575130942,-0.41687789971153416,0.007082325458781461,2.284454832843181e-06,,,,,,,,,,,,
3.6325005788728597,grasp,,,,,,,,,,,,,,,,,,,,,1.839038610458374,0.7989374995231628,1.2203346490859985,-0.4234732687473297,0.008867120370268822,0.006203051656484604,0.03452719748020172,1.8400778135991993,0.786234512427725,1.2225497712581732,-0.43626126839637064,0.008087873177851394,2.1949343621335e-06,,,,,,,,,,,,
3.6525005788728597,grasp,,,,,,,,,,,,,,,,,,,,,1.8394402265548706,0.7930446267127991,1.2204669713974,-0.4296796917915344,0.008954514749348164,0.006199998781085014,0.03452719748020172,1.8400778135991993,0.786234512427725,1.2225497712581732,-0.43626126839637064,0.008087873177851394,2.1949343621335e-06,,,,,,,,,,,,
3.6725005788728597,grasp,,,,,,,,,,,,,,,,,,,,,1.8404682874679565,0.7798300385475159,1.2205688953399658,-0.4439016580581665,0.008776361122727394,0.006219079252332449,0.03452719748020172,1.8412544437238203,0.7649616505940785,1.2239844483284639,-0.45898203249593816,0.009263887785113471,2.090238225789051e-06,,,,,,,,,,,,
3.6925005788728598,grasp,,,,,,,,,,,,,,,,,,,,,1.8408350944519043,0.7729001045227051,1.2209311723709106,-0.45122677087783813,0.00896984338760376,0.0062223742716014385,0.03452719748020172,1.8412544437238203,0.7649616505940785,1.2239844483284639,-0.45898203249593816,0.009263887785113471,2.090238225789051e-06,,,,,,,,,,,,
3.71250057887286,grasp,,,,,,,,,,,,,,,,,,,,,1.8416707515716553,0.7575533390045166,1.2218360900878906,-0.46766677498817444,0.009804914705455303,0.0062165092676877975,0.03452719748020172,1.8426052131523876,0.74049794388629,1.2256319521775254,-0.485111825743238,0.010614489258447055,1.969999459230952e-06,,,,,,,,,,,,
3.73250057887286,grasp,,,,,,,,,,,,,,,,,,,,,1.8421448469161987,0.7495363354682922,1.2224122285842896,-0.47613731026649475,0.010095067322254181,0.0062189060263335705,0.03452719748020172,1.8426052131523876,0.74049794388629,1.2256319521775254,-0.485111825743238,0.010614489258447055,1.969999459230952e-06,,,,,,,,,,,,
3.75250057887286,grasp,,,,,,,,,,,,,,,,,,,,,1.8430912494659424,0.7320858836174011,1.2235335111618042,-0.49483731389045715,0.011094425804913044,0.006217168178409338,0.03452719748020172,1.8441323927619857,0.712812791050569,1.2274947708419863,-0.5146827980397817,0.012141929035000703,1.8340169606772577e-06,,,,,,,,,,,,
3.77250057887286,grasp,,,,,,,,,,,,,,,,,,,,,1.843603253364563,0.7229702472686768,1.2242048978805542,-0.5044711828231812,0.011542433872818947,0.006217971909791231,0.03452719748020172,1.8441323927619857,0.712812791050569,1.2274947708419863,-0.5146827980397817,0.012141929035000703,1.8340169606772577e-06,,,,,,,,,,,,
3.79250057887286,grasp,,,,,,,,,,,,,,,,,,,,,1.8446799516677856,0.7034083008766174,1.2254849672317505,-0.5254372954368591,0.012634402140974998,0.006217462010681629,0.03452719748020172,1.845836997573684,0.6819104508054524,1.229574413789913,-0.5476901135315979,0.01384721037610191,1.6822008196180864e-06,,,,,,,,,,,,
3.81250057887286,grasp,,,,,,,,,,,,,,,,,,,,,1.8452398777008057,0.6931880712509155,1.2262346744537354,-0.536237895488739,0.013182955794036388,0.006217523477971554,0.03452719748020172,1.845836997573684,0.6819104508054524,1.229574413789913,-0.5476901135315979,0.01384721037610191,1.6822008196180864e-06,,,,,,,,,,,,
3.83250057887286,grasp,,,,,,,,,,,,,,,,,,,,,1.846440315246582,0.6715291142463684,1.2276701927185059,-0.5594519376754761,0.014379969798028469,0.006217483431100845,0.03452719748020172,1.8477196153536277,0.6478273972998749,1.2318711793786417,-0.5840934543610212,0.015730801660455863,1.5145096384454918e-06,,,,,,,,,,,,
3.85250057887286,grasp,,,,,,,,,,,,,,,,,,,,,1.8470556735992432,0.660210907459259,1.2284904718399048,-0.5714106559753418,0.015003081411123276,0.006217233836650848,0.03452719748020172,1.8477196153536277,0.6478273972998749,1.2318711793786417,-0.5840934543610212,0.015730801660455863,1.5145096384454918e-06,,,,,,,,,,,,
3.87250057887286,grasp,,,,,,,,,,,,,,,,,,,,,1.8483778238296509,0.6364920735359192,1.2300825119018555,-0.5968319177627563,0.016311850398778915,0.00621736841276288,0.03452719748020172,1.8497818677152933,0.6106309349500254,1.2343877527795706,-0.6238193526073823,0.017794812662809453,1.3307572286255259e-06,,,,,,,,,,,,
3.89250057887286,grasp,,,,,,,,,,,,,,,,,,,,,1.849051833152771,0.6240939497947693,1.2309703826904297,-0.6099281311035156,0.01700408197939396,0.00621696887537837,0.03452719748020172,1.8497818677152933,0.6106309349500254,1.2343877527795706,-0.6238193526073823,0.017794812662809453,1.3307572286255259e-06,,,,,,,,,,,,
3.91250057887286,grasp,,,,,,,,,,,,,,,,,,,,,1.8482022285461426,0.5996288061141968,1.2311564683914185,-0.6345930695533752,0.018229035660624504,0.006217633839696646,0.03452719748020172,1.8472279122616355,0.573038788084878,1.233864552409302,-0.6607770097074749,0.01978384969434162,-2.1785991719513165e-06,,,,,,,,,,,,
3.93250057887286,grasp,,,,,,,,,,,,,,,,,,,,,1.847715139389038,0.5868574380874634,1.231270670890808,-0.6472998261451721,0.01903209462761879,0.0062133246101439,0.03452719748020172,1.8472279122616355,0.573038788084878,1.233864552409302,-0.6607770097074749,0.01978384969434162,-2.1785991719513165e-06,,,,,,,,,,,,
3.9525005788728595,grasp,,,,,,,,,,,,,,,,,,,,,1.823547124862671,0.573160707950592,1.2156291007995605,-0.6448550820350647,0.018245458602905273,0.006216563284397125,0.03452719748020172,1.7974680152630482,0.5583251251914507,1.2011682413934774,-0.6422310058959263,0.019098272878285198,-3.81280461291151e-05,,,,,,,,,,,,
3.97250057887286,grasp,,,,,,,,,,,,,,,,,,,,,1.8107191324234009,0.5662123560905457,1.2072741985321045,-0.6435970664024353,0.019363215193152428,0.006168131250888109,0.03452719748020172,1.7974680152630482,0.5583251251914507,1.2011682413934774,-0.6422310058959263,0.019098272878285198,-3.81280461291151e-05,,,,,,,,,,,,
3.9925005788728596,grasp,,,,,,,,,,,,,,,,,,,,,1.7791792154312134,0.5548267960548401,1.1865553855895996,-0.6337887048721313,0.017935849726200104,0.006157496944069862,0.03452719748020172,1.74520181410379,0.5423083899834491,1.1668522923908233,-0.6233395388948706,0.018407368730598138,-7.590187436056765e-05,,,,,,,,,,,,
4.01250057887286,grasp,,,,,,,,,,,,,,,,,,,,,1.7624887228012085,0.5490363240242004,1.1756391525268555,-0.6287379264831543,0.019021594896912575,0.006100023165345192,0.03452719748020172,1.74520181410379,0.5423083899834491,1.1668522923908233,-0.6233395388948706,0.018407368730598138,-7.590187436056765e-05,,,,,,,,,,,,
4.03250057887286,grasp,,,,,,,,,,,,,,,,,,,,,1.7275784015655518,0.5377889275550842,1.1527073383331299,-0.616460382938385,0.017334826290607452,0.006099440157413483,0.03452719748020172,1.689996695669006,0.5253892896235286,1.1306119544534718,-0.6033887709723906,0.017677695986229206,-0.00011579505333390107,,,,,,,,,,,,
4.05250057887286,grasp,,,,,,,,,,,,,,,,,,,,,1.7091277837753296,0.5320679545402527,1.1406104564666748,-0.6101385951042175,0.01838226243853569,0.006049050949513912,0.03452719748020172,1.689996695669006,0.5253892896235286,1.1306119544534718,-0.6033887709723906,0.017677695986229206,-0.00011579505333390107,,,,,,,,,,,,
4.07250057887286,grasp,,,,,,,,,,,,,,,,,,,,,1.672008752822876,0.5204412341117859,1.1162400245666504,-0.5967301726341248,0.01659884676337242,0.006053192541003227,0.03452719748020172,1.6320716962022501,0.5076336528452972,1.0925881083374807,-0.5824565113865116,0.016912099317083897,-0.00015765186089592987,,,,,,,,,,,,
4.09250057887286,grasp,,,,,,,,,,,,,,,,,,,,,1.65240478515625,0.5145283937454224,1.1033858060836792,-0.5898259282112122,0.017681393772363663,0.006001878995448351,0.03452719748020172,1.6320716962022501,0.5076336528452972,1.0925881083374807,-0.5824565113865116,0.016912099317083897,-0.00015765186089592987,,,,,,,,,,,,
4.11250057887286,grasp,,,,,,,,,,,,,,,,,,,,,1.6135069131851196,0.5024272799491882,1.0778558254241943,-0.5756828188896179,0.01580638997256756,0.006002217531204224,0.03452719748020172,1.5716656850434214,0.4891141270234357,1.0529372093077418,-0.5606287047163605,0.016113731959082406,-0.00020130024284993148,,,,,,,,,,,,
4.13250057887286,grasp,,,,,,,,,,,,,,,,,,,,,1.5929707288742065,0.49627065658569336,1.064374566078186,-0.5684003233909607,0.016950180754065514,0.0059365686029195786,0.03452719748020172,1.5716656850434214,0.4891141270234357,1.0529372093077418,-0.5606287047163605,0.016113731959082406,-0.00020130024284993148,,,,,,,,,,,,
4.15250057887286,grasp,,,,,,,,,,,,,,,,,,,,,1.552536964416504,0.48371008038520813,1.0378261804580688,-0.5536733269691467,0.014971952885389328,0.00593740725889802,0.03452719748020172,1.5090364461628802,0.46990852260711174,1.0118282476706852,-0.5379984120863016,0.015285997627935496,-0.0002465539406917874,,,,,,,,,,,,
4.17250057887286,grasp,,,,,,,,,,,,,,,,,,,,,1.5311846733093262,0.47732022404670715,1.0238220691680908,-0.5460897088050842,0.016146136447787285,0.005879960022866726,0.03452719748020172,1.5090364461628802,0.46990852260711174,1.0118282476706852,-0.5379984120863016,0.015285997627935496,-0.0002465539406917874,,,,,,,,,,,,
4.19250057887286,grasp,,,,,,,,,,,,,,,,,,,,,1.4894039630889893,0.4643441438674927,0.9963966608047485,-0.5308668613433838,0.014097332954406738,0.0058861481957137585,0.03452719748020172,1.444458414195991,0.4501007523321112,0.9694407721608811,-0.5146643815591045,0.014432523076424598,-0.0002932149231155479,,,,,,,,,,,,
4.212500578872859,grasp,,,,,,,,,,,,,,,,,,,,,1.467341661453247,0.4577440023422241,0.9819276928901672,-0.5230274200439453,0.015329237096011639,0.005827867425978184,0.03452719748020172,1.444458414195991,0.4501007523321112,0.9694407721608811,-0.5146643815591045,0.014432523076424598,-0.0002932149231155479,,,,,,,,,,,,
4.23250057887286,grasp,,,,,,,,,,,,,,,,,,,,,1.4244060516357422,0.4444057047367096,0.9537397623062134,-0.5073822140693665,0.013205508701503277,0.0058379885740578175,0.03452719748020172,1.3782202541915767,0.42977790098148927,0.9259642751486227,-0.4907308611956356,0.013557124563021264,-0.00034107445027492246,,,,,,,,,,,,
4.25250057887286,grasp,,,,,,,,,,,,,,,,,,,,,1.4017345905303955,0.4376218616962433,0.9388706088066101,-0.4993249475955963,0.014479311183094978,0.005778894294053316,0.03452719748020172,1.3782202541915767,0.42977790098148927,0.9259642751486227,-0.4907308611956356,0.013557124563021264,-0.00034107445027492246,,,,,,,,,,,,
4.27250057887286,grasp,,,,,,,,,,,,,,,,,,,,,1.3578399419784546,0.4239821434020996,0.9100547432899475,-0.4833300709724426,0.012300966307520866,0.0057899197563529015,0.03452719748020172,1.3106225162568315,0.40903223005135847,0.8815957250498913,-0.4663063816171597,0.012663776611762996,-0.00038991546274450597,,,,,,,,,,,,
4.292500578872859,grasp,,,,,,,,,,,,,,,,,,,,,1.3346614837646484,0.4170452356338501,0.8948508501052856,-0.47509223222732544,0.013611781410872936,0.005729555152356625,0.03452719748020172,1.3106225162568315,0.40903223005135847,0.8815957250498913,-0.4663063816171597,0.012663776611762996,-0.00038991546274450597,,,,,,,,,,,,
4.31250057887286,grasp,,,,,,,,,,,,,,,,,,,,,1.2900080680847168,0.40316495299339294,0.8655380606651306,-0.4588209092617035,0.011384032666683197,0.0057412306778132915,0.03452719748020172,1.2419758450898633,0.38795726938148195,0.8365387492594178,-0.44150302513648404,0.011756579583951526,-0.0004395136687127443,,,,,,,,,,,,
4.33250057887286,grasp,,,,,,,,,,,,,,,,,,,,,1.2664285898208618,0.39610612392425537,0.8500685095787048,-0.45044025778770447,0.012727946974337101,0.005679641850292683,0.03452719748020172,1.2419758450898633,0.38795726938148195,0.8365387492594178,-0.44150302513648404,0.011756579583951526,-0.0004395136687127443,,,,,,,,,,,,
4.35250057887286,grasp,,,,,,,,,,,,,,,,,,,,,1.2212234735488892,0.3820493221282959,0.8203942775726318,-0.4339677393436432,0.010458461940288544,0.005691879894584417,0.03452719748020172,1.1725979806333535,0.3666503915799403,0.791001730619359,-0.41643550858083456,0.010839729177082591,-0.0004896398299516653,,,,,,,,,,,,
4.3725005788728595,grasp,,,,,,,,,,,,,,,,,,,,,1.1973515748977661,0.3749008774757385,0.8047302961349487,-0.42548292875289917,0.011830540373921394,0.005629269406199455,0.03452719748020172,1.1725979806333535,0.3666503915799403,0.791001730619359,-0.41643550858083456,0.010839729177082591,-0.0004896398299516653,,,,,,,,,,,,
4.39250057887286,grasp,,,,,,,,,,,,,,,,,,,,,1.1518058776855469,0.36073169112205505,0.7748320698738098,-0.4088858962059021,0.00952897034585476,0.005642037373036146,0.03452719748020172,1.1028119590143521,0.3452098183777782,0.745196527690098,-0.3912205400375018,0.00991749671456145,-0.000540060471111927,,,,,,,,,,,,
4.4125005788728595,grasp,,,,,,,,,,,,,,,,,,,,,1.1277521848678589,0.35352686047554016,0.759046196937561,-0.4003363251686096,0.010922952555119991,0.005578643176704645,0.03452719748020172,1.1028119590143521,0.3452098183777782,0.745196527690098,-0.3912205400375018,0.00991749671456145,-0.000540060471111927,,,,,,,,,,,,
4.43250057887286,grasp,,,,,,,,,,,,,,,,,,,,,1.0820772647857666,0.3393107056617737,0.729064404964447,-0.38369208574295044,0.008599868975579739,0.005591847933828831,0.03452719748020172,1.032943793017115,0.3237342036921569,0.6993369590400499,-0.36597585763427504,0.008994187880127588,-0.000590540190768488,,,,,,,,,,,,
4.4525005788728595,grasp,,,,,,,,,,,,,,,,,,,,,1.057952880859375,0.3320828378200531,0.7132296562194824,-0.37511754035949707,0.010009495541453362,0.0055280206725001335,0.03452719748020172,1.032943793017115,0.3237342036921569,0.6993369590400499,-0.36597585763427504,0.008994187880127588,-0.000590540190768488,,,,,,,,,,,,
4.47250057887286,grasp,,,,,,,,,,,,,,,,,,,,,1.0123636722564697,0.31788578629493713,0.6833035945892334,-0.3585039973258972,0.007675851695239544,0.005541602615267038,0.03452719748020172,0.9633197011531814,0.30232377800328397,0.6536371589385669,-0.34081942134237386,0.008074112352895556,-0.000640843358613378,,,,,,,,,,,,
4.49250057887286,grasp,,,,,,,,,,,,,,,,,,,,,0.9882818460464478,0.31066861748695374,0.6674937009811401,-0.3499445617198944,0.009094453416764736,0.00547754717990756,0.03452719748020172,0.9633197011531814,0.30232377800328397,0.6536371589385669,-0.34081942134237386,0.008074112352895556,-0.000640843358613378,,,,,,,,,,,,
4.51250057887286,grasp,,,,,,,,,,,,,,,,,,,,,0.9429904222488403,0.2965558171272278,0.6377634406089783,-0.33343905210494995,0.006761031690984964,0.005491491407155991,0.03452719748020172,0.8942645929999324,0.2810769578215325,0.6083101817899583,-0.31586853391177144,0.007161554717636224,-0.0006907356838836713,,,,,,,,,,,,
4.53250057887286,grasp,,,,,,,,,,,,,,,,,,,,,0.9190628528594971,0.2893827557563782,0.6220519542694092,-0.3249344825744629,0.008181743323802948,0.005427568685263395,0.03452719748020172,0.8942645929999324,0.2810769578215325,0.6083101817899583,-0.31586853391177144,0.007161554717636224,-0.0006907356838836713,,,,,,,,,,,,
4.55250057887286,grasp,,,,,,,,,,,,,,,,,,,,,0.8742801547050476,0.27541887760162354,0.5926554203033447,-0.3086138963699341,0.005860084667801857,0.005441759247332811,0.03452719748020172,0.8260993610940799,0.26009097271414755,0.5635664576519893,-0.29123911858151347,0.0062607491304505205,-0.0007399855589769195,,,,,,,,,,,,
4.57250057887286,grasp,,,,,,,,,,,,,,,,,,,,,0.850618302822113,0.2683229446411133,0.577114999294281,-0.3002038300037384,0.007275415118783712,0.005378279369324446,0.03452719748020172,0.8260993610940799,0.26009097271414755,0.5635664576519893,-0.29123911858151347,0.0062607491304505205,-0.0007399855589769195,,,,,,,,,,,,
4.59250057887286,grasp,,,,,,,,,,,,,,,,,,,,,0.806551456451416,0.2545722424983978,0.5481884479522705,-0.28414374589920044,0.0049771033227443695,0.005392630118876696,0.03452719748020172,0.759138304963486,0.2394620702043031,0.5196123429217646,-0.2670448145168895,0.005375849991047008,-0.0007883658750945432,,,,,,,,,,,,
4.61250057887286,grasp,,,,,,,,,,,,,,,,,,,,,0.7832646369934082,0.2475861757993698,0.5328906774520874,-0.2758670747280121,0.006379862315952778,0.0053298743441700935,0.03452719748020172,0.759138304963486,0.2394620702043031,0.5196123429217646,-0.2670448145168895,0.005375849991047008,-0.0007883658750945432,,,,,,,,,,,,
4.63250057887286,grasp,,,,,,,,,,,,,,,,,,,,,0.7401155233383179,0.23411089181900024,0.5045669078826904,-0.2601407766342163,0.004116025287657976,0.00534431915730238,0.03452719748020172,0.693687196509246,0.21928382087474216,0.4766485569712483,-0.24339612312652734,0.0045108965367323395,-0.0008356558674476676,,,,,,,,,,,,
4.65250057887286,grasp,,,,,,,,,,,,,,,,,,,,,0.7173106074333191,0.22726647555828094,0.4895816445350647,-0.25203534960746765,0.005499059334397316,0.00528261624276638,0.03452719748020172,0.693687196509246,0.21928382087474216,0.4766485569712483,-0.24339612312652734,0.0045108965367323395,-0.0008356558674476676,,,,,,,,,,,,
4.67250057887286,grasp,,,,,,,,,,,,,,,,,,,,,0.675274670124054,0.21412670612335205,0.4619888365268707,-0.23671437799930573,0.0032809635158628225,0.00529702240601182,0.03452719748020172,0.6300412025546956,0.1996455976630511,0.434868685776107,-0.22039968219250708,0.003669786822866352,-0.0008816422595422125,,,,,,,,,,,,
4.69250057887286,grasp,,,,,,,,,,,,,,,,,,,,,0.6530547738075256,0.20745457708835602,0.4473840892314911,-0.2288171499967575,0.004636904690414667,0.005236671306192875,0.03452719748020172,0.6300412025546956,0.1996455976630511,0.434868685776107,-0.22039968219250708,0.003669786822866352,-0.0008816422595422125,,,,,,,,,,,,
4.712500578872859,grasp,,,,,,,,,,,,,,,,,,,,,0.6123195886611938,0.19470764696598053,0.42064523696899414,-0.21396955847740173,0.002475462853908539,0.005251007154583931,0.03452719748020172,0.5684824245522994,0.18063242168306046,0.3944577368332274,-0.19815734284522094,0.002856245089189124,-0.0009261216662227153,,,,,,,,,,,,
4.73250057887286,grasp,,,,,,,,,,,,,,,,,,,,,0.5907832980155945,0.18823698163032532,0.4064863920211792,-0.2063155621290207,0.0037971262354403734,0.005192333832383156,0.03452719748020172,0.5684824245522994,0.18063242168306046,0.3944577368332274,-0.19815734284522094,0.002856245089189124,-0.0009261216662227153,,,,,,,,,,,,
4.75250057887286,grasp,,,,,,,,,,,,,,,,,,,,,0.5515262484550476,0.17593824863433838,0.38071805238723755,-0.1920061558485031,0.001703178510069847,0.0052064526826143265,0.03452719748020172,0.5092769971604881,0.16232689428724326,0.3555903987313069,-0.17676521455022404,0.002073790199967119,-0.0009689014666024661,,,,,,,,,,,,
4.77250057887286,grasp,,,,,,,,,,,,,,,,,,,,,0.5307683944702148,0.1696971356868744,0.36706721782684326,-0.18462882936000824,0.002983660437166691,0.005149656906723976,0.03452719748020172,0.5092769971604881,0.16232689428724326,0.3555903987313069,-0.17676521455022404,0.002073790199967119,-0.0009689014666024661,,,,,,,,,,,,
4.792500578872859,grasp,,,,,,,,,,,,,,,,,,,,,0.49315598607063293,0.15789850056171417,0.34237852692604065,-0.17091821134090424,0.0009670573635958135,0.0051635392010211945,0.03452719748020172,0.45267351357719693,0.14480524591898158,0.31842983029372085,-0.15631310517953803,0.0013257088901205347,-0.001009801947931108,,,,,,,,,,,,
4.81250057887286,grasp,,,,,,,,,,,,,,,,,,,,,0.4732644557952881,0.15191328525543213,0.329293817281723,-0.16384878754615784,0.0021994945127516985,0.005108934361487627,0.03452719748020172,0.45267351357719693,0.14480524591898158,0.31842983029372085,-0.15631310517953803,0.0013257088901205347,-0.001009801947931108,,,,,,,,,,,,
4.83250057887286,grasp,,,,,,,,,,,,,,,,,,,,,0.43745046854019165,0.1406620889902115,0.3057861030101776,-0.15079309046268463,0.000270467164227739,0.005122410133481026,0.03452719748020172,0.3989008299319138,0.12813640969774268,0.28312612737662307,-0.1368836872622911,0.0006150274861675632,-0.0010486576170102475,,,,,,,,,,,,
4.85250057887286,grasp,,,,,,,,,,,,,,,,,,,,,0.4185071289539337,0.1349564790725708,0.29332149028778076,-0.14406068623065948,0.001448250375688076,0.005070297047495842,0.03452719748020172,0.3989008299319138,0.12813640969774268,0.28312612737662307,-0.1368836872622911,0.0006150274861675632,-0.0010486576170102475,,,,,,,,,,,,
4.8725005788728595,grasp,,,,,,,,,,,,,,,,,,,,,0.3846312463283539,0.124296635389328,0.27108585834503174,-0.13171084225177765,-0.0003835748939309269,0.005083264317363501,0.03452719748020172,0.34816502127150956,0.11238464363692281,0.24981459315223611,-0.11855132359071514,-5.553075736510163e-05,-0.0010853196174741698,,,,,,,,,,,,
4.89250057887286,grasp,,,,,,,,,,,,,,,,,,,,,0.3667103946208954,0.11889273673295975,0.2592908442020416,-0.12534178793430328,0.000733336724806577,0.005033871624618769,0.03452719748020172,0.34816502127150956,0.11238464363692281,0.24981459315223611,-0.11855132359071514,-5.553075736510163e-05,-0.0010853196174741698,,,,,,,,,,,,
4.9125005788728595,grasp,,,,,,,,,,,,,,,,,,,,,0.3348967730998993,0.10886245220899582,0.238409623503685,-0.11374302953481674,-0.0009947444777935743,0.0050463019870221615,0.03452719748020172,0.30064799321093505,0.09760473994758376,0.21861454300606548,-0.1013816957553412,-0.0006835614089489629,-0.0011196565186711476,,,,,,,,,,,,
4.93250057887286,grasp,,,,,,,,,,,,,,,,,,,,,0.318064421415329,0.1037796139717102,0.22732780873775482,-0.10776080936193466,5.683493509422988e-05,0.004999835044145584,0.03452719748020172,0.30064799321093505,0.09760473994758376,0.21861454300606548,-0.1013816957553412,-0.0006835614089489629,-0.0011196565186711476,,,,,,,,,,,,
4.9525005788728595,grasp,,,,,,,,,,,,,,,,,,,,,0.2884202301502228,0.09441230446100235,0.20787052810192108,-0.09695221483707428,-0.0015589246759191155,0.005011572036892176,0.03452719748020172,0.2565046622913339,0.08384389713381751,0.18962754555277286,-0.08543070534323179,-0.0012670162571240553,-0.0011515561824019234,,,,,,,,,,,,
4.97250057887286,grasp,,,,,,,,,,,,,,,,,,,,,0.27273380756378174,0.0896666944026947,0.19754138588905334,-0.09137707203626633,-0.000578592880629003,0.004968234803527594,0.03452719748020172,0.2565046622913339,0.08384389713381751,0.18962754555277286,-0.08543070534323179,-0.0012670162571240553,-0.0011515561824019234,,,,,,,,,,,,
4.99250057887286,grasp,,,,,,,,,,,,,,,,,,,,,0.24534735083580017,0.08099056780338287,0.17956608533859253,-0.08139091730117798,-0.0020770106930285692,0.004979259334504604,0.03452719748020172,0.2158604306952196,0.0711417476215129,0.1629359210607865,-0.0707436649253145,-0.0018042355498956064,-0.001180927970601544,,,,,,,,,,,,
5.01250057887286,grasp,,,,,,,,,,,,,,,,,,,,,0.23085357248783112,0.07659632712602615,0.1700209230184555,-0.07623960077762604,-0.001169511117041111,0.004939128179103136,0.03452719748020172,0.2158604306952196,0.0711417476215129,0.1629359210607865,-0.0707436649253145,-0.0018042355498956064,-0.001180927970601544,,,,,,,,,,,,
5.03250057887286,grasp,,,,,,,,,,,,,,,,,,,,,0.20579345524311066,0.06863364577293396,0.1535715013742447,-0.06710083782672882,-0.0025461434852331877,0.0049494062550365925,0.03452719748020172,0.17880926165765162,0.059528021542306644,0.1386014404533477,-0.05735450348194801,-0.002293976428623472,-0.0012077039803465252,,,,,,,,,,,,
5.05250057887286,grasp,,,,,,,,,,,,,,,,,,,,,0.19252946972846985,0.06460151076316833,0.14483483135700226,-0.06238637492060661,-0.001716630649752915,0.004912704229354858,0.03452719748020172,0.17880926165765162,0.059528021542306644,0.1386014404533477,-0.05735450348194801,-0.002293976428623472,-0.0012077039803465252,,,,,,,,,,,,
5.07250057887286,grasp,,,,,,,,,,,,,,,,,,,,,0.169841930270195,0.0573681965470314,0.12994250655174255,-0.05411206930875778,-0.0029656707774847746,0.004922085907310247,0.03452719748020172,0.14541100875213975,0.04902350417354463,0.11666365062472094,-0.04528487179323314,-0.0027354467366482865,-0.0012318408717026258,,,,,,,,,,,,
5.09250057887286,grasp,,,,,,,,,,,,,,,,,,,,,0.15783284604549408,0.053706053644418716,0.12203146517276764,-0.049843303859233856,-0.0022171400487422943,0.0048888809978961945,0.03452719748020172,0.14541100875213975,0.04902350417354463,0.11666365062472094,-0.04528487179323314,-0.0027354467366482865,-0.0012318408717026258,,,,,,,,,,,,
5.11250057887286,grasp,,,,,,,,,,,,,,,,,,,,,0.13754136860370636,0.04721131920814514,0.10871155560016632,-0.042442116886377335,-0.0033369946759194136,0.004897352773696184,0.03452719748020172,0.11568944750006775,0.039638057914796646,0.09713844454540344,-0.034543398652199485,-0.0031283319617080117,-0.0012533213504166507,,,,,,,,,,,,
5.13250057887286,grasp,,,,,,,,,,,,,,,,,,,,,0.12680009007453918,0.043923430144786835,0.10163520276546478,-0.03862365707755089,-0.0026699723675847054,0.004867749288678169,0.03452719748020172,0.11568944750006775,0.039638057914796646,0.09713844454540344,-0.034543398652199485,-0.0031283319617080117,-0.0012533213504166507,,,,,,,,,,,,
5.15250057887286,grasp,,,,,,,,,,,,,,,,,,,,,0.1089039295911789,0.03816821426153183,0.08988703787326813,-0.03209536895155907,-0.003659816924482584,0.004875270649790764,0.03452719748020172,0.0896304513028931,0.03136830143590815,0.08001655913091904,-0.025125001626186208,-0.0034728185288216682,-0.0012721556053951976,,,,,,,,,,,,
5.17250057887286,grasp,,,,,,,,,,,,,,,,,,,,,0.09943049401044846,0.035254720598459244,0.08364580571651459,-0.028727201744914055,-0.0030751824378967285,0.00484922481700778,0.03452719748020172,0.0896304513028931,0.03136830143590815,0.08001655913091904,-0.025125001626186208,-0.0034728185288216682,-0.0012721556053951976,,,,,,,,,,,,
5.19250057887286,grasp,,,,,,,,,,,,,,,,,,,,,0.08390367031097412,0.030230749398469925,0.07345140725374222,-0.023062266409397125,-0.003935432992875576,0.004855821840465069,0.03452719748020172,0.06717986093560072,0.0241964176341681,0.06526205304614506,-0.017010117785883617,-0.0037696232911931878,-0.001288382907370749,,,,,,,,,,,,
5.212500578872859,grasp,,,,,,,,,,,,,,,,,,,,,0.07568404078483582,0.02768721431493759,0.06803636252880096,-0.02013951912522316,-0.003431521588936448,0.004833294544368982,0.03452719748020172,0.06717986093560072,0.0241964176341681,0.06526205304614506,-0.017010117785883617,-0.0037696232911931878,-0.001288382907370749,,,,,,,,,,,,
5.23250057887286,grasp,,,,,,,,,,,,,,,,,,,,,0.062472712248563766,0.023377997800707817,0.059360016137361526,-0.015318336896598339,-0.004165986552834511,0.004838968627154827,0.03452719748020172,0.048240255763202275,0.018092946024315767,0.05281072302169429,-0.01016357393843588,-0.004020033814746336,-0.0013020736186225054,,,,,,,,,,,,
5.25250057887286,grasp,,,,,,,,,,,,,,,,,,,,,0.05547839030623436,0.02119583822786808,0.054752666503190994,-0.012830918654799461,-0.0037416222039610147,0.004819890484213829,0.03452719748020172,0.048240255763202275,0.018092946024315767,0.05281072302169429,-0.01016357393843588,-0.004020033814746336,-0.0013020736186225054,,,,,,,,,,,,
5.27250057887286,grasp,,,,,,,,,,,,,,,,,,,,,0.044498883187770844,0.017573999240994453,0.04753892496228218,-0.008823488838970661,-0.004351504612714052,0.004824604373425245,0.03452719748020172,0.03267020363915363,0.013009906025980452,0.04256914228169707,-0.004534230456194474,-0.004225921906983141,-0.0013133301343316044,,,,,,,,,,,,
5.292500578872859,grasp,,,,,,,,,,,,,,,,,,,,,0.03868725150823593,0.0157389547675848,0.043710894882678986,-0.00675596296787262,-0.004006164148449898,0.0048089297488331795,0.03452719748020172,0.03267020363915363,0.013009906025980452,0.04256914228169707,-0.004534230456194474,-0.004225921906983141,-0.0013133301343316044,,,,,,,,,,,,
5.31250057887286,grasp,,,,,,,,,,,,,,,,,,,,,0.02982184663414955,0.012786714360117912,0.03788488358259201,-0.003519628895446658,-0.004497894551604986,0.004812719766050577,0.03452719748020172,0.020270203615618064,0.008926583959679898,0.03440977878920507,-5.0550218791444335e-05,-0.00438990611438945,-0.0013222955806513764,,,,,,,,,,,,
5.33250057887286,grasp,,,,,,,,,,,,,,,,,,,,,0.025130346417427063,0.011290338821709156,0.034794777631759644,-0.0018500102451071143,-0.004224470350891352,0.004800182767212391,0.03452719748020172,0.020270203615618064,0.008926583959679898,0.03440977878920507,-5.0550218791444335e-05,-0.00438990611438945,-0.0013222955806513764,,,,,,,,,,,,
5.35250057887286,grasp,,,,,,,,,,,,,,,,,,,,,0.018230777233839035,0.008975604549050331,0.03025970235466957,0.0006691463640891016,-0.00460787583142519,0.004803177434951067,0.03452719748020172,0.010795973183122051,0.005786396548986977,0.028173897482561078,0.0033754790867960285,-0.004515206789413621,-0.0013291461258779188,,,,,,,,,,,,
5.3725005788728595,grasp,,,,,,,,,,,,,,,,,,,,,0.014580697752535343,0.007801460567861795,0.02785654552280903,0.0019687276799231768,-0.0044017089530825615,0.004793622996658087,0.03452719748020172,0.010795973183122051,0.005786396548986977,0.028173897482561078,0.0033754790867960285,-0.004515206789413621,-0.0013291461258779188,,,,,,,,,,,,
5.39250057887286,grasp,,,,,,,,,,,,,,,,,,,,,0.009466327726840973,0.006074965465813875,0.024494392797350883,0.003836383344605565,-0.0046854885295033455,0.004795832093805075,0.03452719748020172,0.003953965765883356,0.003505540455540147,0.02366942353417079,0.005849829218990348,-0.004605700471909663,-0.0013340937885587374,,,,,,,,,,,,
5.41250057887286,grasp,,,,,,,,,,,,,,,,,,,,,0.006761936470866203,0.005197983235120773,0.02271486632525921,0.004799805581569672,-0.004538548644632101,0.004788878373801708,0.03452719748020172,0.003953965765883356,0.003505540455540147,0.02366942353417079,0.005849829218990348,-0.004605700471909663,-0.0013340937885587374,,,,,,,,,,,,
5.43250057887286,grasp,,,,,,,,,,,,,,,,,,,,,0.003217847552150488,0.0039975326508283615,0.020385324954986572,0.006094275042414665,-0.004735096823424101,0.0047903903760015965,0.03452719748020172,-0.0006037737628657935,0.001983546704318912,0.020668590121049612,0.007498129354179451,-0.004665983667961736,-0.0013373896376001825,,,,,,,,,,,,
5.4525005788728595,grasp,,,,,,,,,,,,,,,,,,,,,0.0013452611165121198,0.0033864625729620457,0.019154522567987442,0.0067619504407048225,-0.004640434868633747,0.004785776603966951,0.03452719748020172,-0.0006037737628657935,0.001983546704318912,0.020668590121049612,0.007498129354179451,-0.004665983667961736,-0.0013373896376001825,,,,,,,,,,,,
5.47250057887286,grasp,,,,,,,,,,,,,,,,,,,,,-0.0008784409728832543,0.0026316300500184298,0.017693404108285904,0.007574338465929031,-0.004763192497193813,0.0047867028042674065,0.03452719748020172,-0.0032786489434725873,0.0010899080774335876,0.018907407816562243,0.008465499501502428,-0.00470136291170734,-0.0013393239164991673,,,,,,,,,,,,
5.4925005788728605,grasp,,,,,,,,,,,,,,,,,,,,,-0.0020518475212156773,0.0022466324735432863,0.01692371629178524,0.007993296720087528,-0.004710982087999582,0.004784009885042906,0.03452719748020172,-0.0032786489434725873,0.0010899080774335876,0.018907407816562243,0.008465499501502428,-0.00470136291170734,-0.0013393239164991673,,,,,,,,,,,,
5.51250057887286,grasp,,,,,,,,,,,,,,,,,,,,,-0.0032420100178569555,0.0018417045939713717,0.016142526641488075,0.008428255096077919,-0.0047760047018527985,0.004784504417330027,0.03452719748020172,-0.004529953117694865,0.0006718655788356869,0.018083527843868564,0.00891803428978805,-0.004717912757635831,-0.001340228756153637,,,,,,,,,,,,
5.53250057887286,grasp,,,,,,,,,,,,,,,,,,,,,-0.003868415718898177,0.001634623040445149,0.015733305364847183,0.008652484975755215,-0.004755495116114616,0.004783248994499445,0.03452719748020172,-0.004529953117694865,0.0006718655788356869,0.018083527843868564,0.00891803428978805,-0.004717912757635831,-0.001340228756153637,,,,,,,,,,,,
5.552500578872859,grasp,,,,,,,,,,,,,,,,,,,,,-0.0043507893569767475,0.001469852402806282,0.015417772345244884,0.008828909136354923,-0.004780995659530163,0.004783419892191887,0.03452719748020172,-0.0048776674951866595,0.000555699154144587,0.017854586306057782,0.009043785486719604,-0.0047225121727011606,-0.0013404802107120427,,,,,,,,,,,,
5.57250057887286,grasp,,,,,,,,,,,,,,,,,,,,,-0.004603662993758917,0.0013849894749000669,0.015254512429237366,0.008919798769056797,-0.004779561422765255,0.004783104173839092,0.03452719748020172,-0.0048776674951866595,0.000555699154144587,0.017854586306057782,0.009043785486719604,-0.0047225121727011606,-0.0013404802107120427,,,,,,,,,,,,
5.573126302463934,grasp,,,,,,,,,,,,,,,,,,,,,-0.004740905482321978,0.0013382151955738664,0.015167422592639923,0.008969295769929886,-0.004786002915352583,0.0047831181436777115,0.03452719748020172,-0.004892745986580849,0.0005506616435013711,0.017844658344984055,0.00904923863708973,-0.004722711630165577,-0.001340491115115583,,,,,,,,,,,,
0.0,grasp,,,,,,,,,,,,,,,,,,,,,,,,,,,0.0001260844655917026,,,,,,,0.043,,,,,,,,,,,
0.02,grasp,,,,,,,,,,,,,,,,,,,,,,,,,,,0.0001406023438903503,,,,,,,0.043,,,,,,,,,,,
0.04,grasp,,,,,,,,,,,,,,,,,,,,,,,,,,,0.0002356139593757689,,,,,,,0.043,,,,,,,,,,,
0.06,grasp,,,,,,,,,,,,,,,,,,,,,,,,,,,0.0004634158103726804,,,,,,,0.043,,,,,,,,,,,
0.08,grasp,,,,,,,,,,,,,,,,,,,,,,,,,,,0.0008474822680000216,,,,,,,0.043,,,,,,,,,,,
0.1,grasp,,,,,,,,,,,,,,,,,,,,,,,,,,,0.0014189067878760397,,,,,,,0.043,,,,,,,,,,,
0.12,grasp,,,,,,,,,,,,,,,,,,,,,,,,,,,0.0021953015821054578,,,,,,,0.043,,,,,,,,,,,
0.14,grasp,,,,,,,,,,,,,,,,,,,,,,,,,,,0.003183002001605928,,,,,,,0.043,,,,,,,,,,,
0.16,grasp,,,,,,,,,,,,,,,,,,,,,,,,,,,0.00438593840226531,,,,,,,0.043,,,,,,,,,,,
0.18,grasp,,,,,,,,,,,,,,,,,,,,,,,,,,,0.005798966623842716,,,,,,,0.043,,,,,,,,,,,
0.2,grasp,,,,,,,,,,,,,,,,,,,,,,,,,,,0.00741142313927412,,,,,,,0.043,,,,,,,,,,,
0.22,grasp,,,,,,,,,,,,,,,,,,,,,,,,,,,0.009207954164594412,,,,,,,0.043,,,,,,,,,,,
0.24,grasp,,,,,,,,,,,,,,,,,,,,,,,,,,,0.011168351396918297,,,,,,,0.043,,,,,,,,,,,
0.26,grasp,,,,,,,,,,,,,,,,,,,,,,,,,,,0.013268614187836647,,,,,,,0.043,,,,,,,,,,,
0.28,grasp,,,,,,,,,,,,,,,,,,,,,,,,,,,0.015481989365071058,,,,,,,0.043,,,,,,,,,,,
0.3,grasp,,,,,,,,,,,,,,,,,,,,,,,,,,,0.017778752371668816,,,,,,,0.043,,,,,,,,,,,
0.32,grasp,,,,,,,,,,,,,,,,,,,,,,,,,,,0.020127685740590096,,,,,,,0.043,,,,,,,,,,,
0.34,grasp,,,,,,,,,,,,,,,,,,,,,,,,,,,0.0224965438246727,,,,,,,0.043,,,,,,,,,,,
0.36,grasp,,,,,,,,,,,,,,,,,,,,,,,,,,,0.02485236432403326,,,,,,,0.043,,,,,,,,,,,
0.38,grasp,,,,,,,,,,,,,,,,,,,,,,,,,,,0.02716277912259102,,,,,,,0.043,,,,,,,,,,,
0.4,grasp,,,,,,,,,,,,,,,,,,,,,,,,,,,0.02939641010016203,,,,,,,0.043,,,,,,,,,,,
0.42,grasp,,,,,,,,,,,,,,,,,,,,,,,,,,,0.03152305260300636,,,,,,,0.043,,,,,,,,,,,
0.44,grasp,,,,,,,,,,,,,,,,,,,,,,,,,,,0.03351521119475365,,,,,,,0.043,,,,,,,,,,,
0.46,grasp,,,,,,,,,,,,,,,,,,,,,,,,,,,0.03534824773669243,,,,,,,0.043,,,,,,,,,,,
0.48,grasp,,,,,,,,,,,,,,,,,,,,,,,,,,,0.03700132668018341,,,,,,,0.043,,,,,,,,,,,
0.5,grasp,,,,,,,,,,,,,,,,,,,,,,,,,,,0.0384577214717865,,,,,,,0.043,,,,,,,,,,,
0.52,grasp,,,,,,,,,,,,,,,,,,,,,,,,,,,0.03970562666654587,,,,,,,0.043,,,,,,,,,,,
0.54,grasp,,,,,,,,,,,,,,,,,,,,,,,,,,,0.04073966667056084,,,,,,,0.043,,,,,,,,,,,
0.56,grasp,,,,,,,,,,,,,,,,,,,,,,,,,,,0.04155991040170193,,,,,,,0.043,,,,,,,,,,,
0.58,grasp,,,,,,,,,,,,,,,,,,,,,,,,,,,0.04217377491295338,,,,,,,0.043,,,,,,,,,,,
0.6,grasp,,,,,,,,,,,,,,,,,,,,,,,,,,,0.042597291991114616,,,,,,,0.043,,,,,,,,,,,
0.62,grasp,,,,,,,,,,,,,,,,,,,,,,,,,,,0.042853400111198425,,,,,,,0.043,,,,,,,,,,,
0.64,grasp,,,,,,,,,,,,,,,,,,,,,,,,,,,0.04297531768679619,,,,,,,0.043,,,,,,,,,,,
0.66,grasp,,,,,,,,,,,,,,,,,,,,,,,,,,,0.04300557263195515,,,,,,,0.043,,,,,,,,,,,
0.68,grasp,,,,,,,,,,,,,,,,,,,,,,,,,,,0.04299844615161419,,,,,,,0.043,,,,,,,,,,,
0.68,grasp,,,,,,,,,,,,,,,,,,,,,-0.004892691504210234,0.0010858456371352077,0.015756599605083466,0.009029473178088665,-0.004724864847958088,-0.00134042848367244,0.04299844615161419,-0.004892745986580849,0.0005506616435013711,0.017844658344984055,0.00904923863708973,-0.004722711630165577,-0.001340491115115583,,,,,,,,,,,,
0.7000000000000001,grasp,,,,,,,,,,,,,,,,,,,,,-0.004892691969871521,0.0010903840884566307,0.015739183872938156,0.009029305540025234,-0.00472473306581378,-0.0013404383789747953,0.04299844615161419,-0.004892745986580849,0.0005506616435013711,0.017844658344984055,0.00904923863708973,-0.004722711630165577,-0.001340491115115583,,,,,,,,,,,,
0.7200000000000001,grasp,,,,,,,,,,,,,,,,,,,,,-0.004795553628355265,0.0011259038001298904,0.0157951470464468,0.008993322029709816,-0.004722537938505411,-0.001340388902463019,0.04299844615161419,-0.004687940161523124,0.0006190843711728957,0.017979506331579343,0.008975170421757857,-0.004720002473766672,-0.0013403430045754298,,,,,,,,,,,,
0.74,grasp,,,,,,,,,,,,,,,,,,,,,-0.004744370002299547,0.001143869012594223,0.015825463458895683,0.008974788710474968,-0.004722625482827425,-0.0013403362827375531,0.04299844615161419,-0.004687940161523124,0.0006190843711728957,0.017979506331579343,0.008975170421757857,-0.004720002473766672,-0.0013403430045754298,,,,,,,,,,,,
0.76,grasp,,,,,,,,,,,,,,,,,,,,,-0.004054449964314699,0.001376439118757844,0.016277072951197624,0.00872336607426405,-0.00470613781362772,-0.0013400005409494042,0.04299844615161419,-0.003308186439433135,0.001080040030560606,0.01888795982931063,0.008476181752316504,-0.004701753579994097,-0.0013393452756557578,,,,,,,,,,,,
0.78,grasp,,,,,,,,,,,,,,,,,,,,,-0.0036965026520192623,0.0014949492178857327,0.016518279910087585,0.008593839593231678,-0.004708442836999893,-0.0013395830756053329,0.04299844615161419,-0.003308186439433135,0.001080040030560606,0.01888795982931063,0.008476181752316504,-0.004701753579994097,-0.0013393452756557578,,,,,,,,,,,,
0.8,grasp,,,,,,,,,,,,,,,,,,,,,-0.0017773123690858483,0.002134930109605193,0.01777406595647335,0.00789809599518776,-0.004664371721446514,-0.0013386141508817673,0.04299844615161419,0.00027947668000562924,0.00227862480430359,0.021250136454301433,0.007178701352820727,-0.004654301222729966,-0.0013367509303384975,,,,,,,,,,,,
0.8200000000000001,grasp,,,,,,,,,,,,,,,,,,,,,-0.0007818058365955949,0.002461836440488696,0.018444104120135307,0.007539739366620779,-0.004669814836233854,-0.0013374793343245983,0.04299844615161419,0.00027947668000562924,0.00227862480430359,0.021250136454301433,0.007178701352820727,-0.004654301222729966,-0.0013367509303384975,,,,,,,,,,,,
0.8400000000000001,grasp,,,,,,,,,,,,,,,,,,,,,0.002960723824799061,0.0037145342212170362,0.02089306339621544,0.00618372205644846,-0.004586510360240936,-0.0013355278642848134,0.04299844615161419,0.006960024106134129,0.0045077175606032084,0.025648485284930696,0.004762714394513124,-0.00456594175296225,-0.0013319200136809395,,,,,,,,,,,,
0.8600000000000001,grasp,,,,,,,,,,,,,,,,,,,,,0.004901259671896696,0.0043495940044522285,0.022195899859070778,0.0054852780885994434,-0.004595304373651743,-0.0013333589304238558,0.04299844615161419,0.006960024106134129,0.0045077175606032084,0.025648485284930696,0.004762714394513124,-0.00456594175296225,-0.0013319200136809395,,,,,,,,,,,,
0.8800000000000001,grasp,,,,,,,,,,,,,,,,,,,,,0.010985703207552433,0.006383292376995087,0.026177268475294113,0.0032810657285153866,-0.004462526645511389,-0.0013301197905093431,0.04299844615161419,0.01747913121456531,0.008003412315895589,0.03257287343212625,0.0009587196547474866,-0.004426818448714021,-0.0013243136661084053,,,,,,,,,,,,
0.9,grasp,,,,,,,,,,,,,,,,,,,,,0.014139361679553986,0.0074143968522548676,0.028291767463088036,0.002145722508430481,-0.004474633373320103,-0.0013266497990116477,0.04299844615161419,0.01747913121456531,0.008003412315895589,0.03257287343212625,0.0009587196547474866,-0.004426818448714021,-0.0013243136661084053,,,,,,,,,,,,
0.92,grasp,,,,,,,,,,,,,,,,,,,,,0.02300136350095272,0.010356251150369644,0.03408915549516678,-0.0010642868001013994,-0.004283790476620197,-0.0013218654785305262,0.04299844615161419,0.032452342413430535,0.012938443842277348,0.042425810266734906,-0.004455458356107851,-0.0042288029027382195,-0.0013134876464330663,,,,,,,,,,,,
0.9400000000000001,grasp,,,,,,,,,,,,,,,,,,,,,0.027593517675995827,0.011848547495901585,0.037164799869060516,-0.0027177012525498867,-0.004299071617424488,-0.0013168706791475415,0.04299844615161419,0.032452342413430535,0.012938443842277348,0.042425810266734906,-0.004455458356107851,-0.0042288029027382195,-0.0013134876464330663,,,,,,,,,,,,
0.9600000000000001,grasp,,,,,,,,,,,,,,,,,,,,,0.03958700969815254,0.01578635908663273,0.04500722140073776,-0.007061309181153774,-0.004043224733322859,-0.0013103215023875237,0.04299844615161419,0.052371975576974136,0.019424150029733522,0.055526983969677125,-0.011657160167307647,-0.003965406295594136,-0.0012990869651995144,,,,,,,,,,,,
0.98,grasp,,,,,,,,,,,,,,,,,,,,,0.045800693333148956,0.017784375697374344,0.049164559692144394,-0.00929863378405571,-0.004061445593833923,-0.0013036413583904505,0.04299844615161419,0.052371975576974136,0.019424150029733522,0.055526983969677125,-0.011657160167307647,-0.003965406295594136,-0.0012990869651995144,,,,,,,,,,,,
1.0,grasp,,,,,,,,,,,,,,,,,,,,,0.06119918078184128,0.02277662232518196,0.059228379279375076,-0.014874465763568878,-0.003735387697815895,-0.0012951543321833014,0.04299844615161419,0.07760894047349984,0.027532624921805308,0.07211639763139754,-0.020779826492382924,-0.0036317452359526225,-0.00128084466099461,,,,,,,,,,,,
1.02,grasp,,,,,,,,,,,,,,,,,,,,,0.06917578727006912,0.025310028344392776,0.06455990672111511,-0.01774650812149048,-0.0037561780773103237,-0.0012866549659520388,0.04299844615161419,0.07760894047349984,0.027532624921805308,0.07211639763139754,-0.020779826492382924,-0.0036317452359526225,-0.00128084466099461,,,,,,,,,,,,
1.04,grasp,,,,,,,,,,,,,,,,,,,,,0.08817212283611298,0.03140522912144661,0.07697045058012009,-0.024624155834317207,-0.0033564125187695026,-0.001276101334951818,0.04299844615161419,0.10841158434131529,0.037331726852126,0.09235680977189298,-0.031913036338862714,-0.003224540242060606,-0.00125858138798977,,,,,,,,,,,,
1.06,grasp,,,,,,,,,,,,,,,,,,,,,0.09801124781370163,0.03449885547161102,0.0835413932800293,-0.028166772797703743,-0.0033792995382100344,-0.0012657137122005224,0.04299844615161419,0.10841158434131529,0.037331726852126,0.09235680977189298,-0.031913036338862714,-0.003224540242060606,-0.00125858138798977,,,,,,,,,,,,
1.08,grasp,,,,,,,,,,,,,,,,,,,,,0.12072331458330154,0.04173262417316437,0.09837622195482254,-0.036388881504535675,-0.002903899410739541,-0.0012529956875368953,0.04299844615161419,0.14491767743187572,0.048868284238659486,0.11633960002191536,-0.045106588378939716,-0.002741967792085045,-0.0012321974029913289,,,,,,,,,,,,
1.1,grasp,,,,,,,,,,,,,,,,,,,,,0.13248571753501892,0.04540485143661499,0.10622633993625641,-0.040624022483825684,-0.0029283163603395224,-0.0012406831374391913,0.04299844615161419,0.14491767743187572,0.048868284238659486,0.11633960002191536,-0.045106588378939716,-0.002741967792085045,-0.0012321974029913289,,,,,,,,,,,,
1.12,grasp,,,,,,,,,,,,,,,,,,,,,0.15896354615688324,0.05379198119044304,0.12351863831281662,-0.050208624452352524,-0.0023768094833940268,-0.0012257499620318413,0.04299844615161419,0.18716570567646731,0.06215341114289325,0.1440902121619814,-0.060374355661818,-0.0021835190258667684,-0.0012016648437334096,,,,,,,,,,,,
1.1400000000000001,grasp,,,,,,,,,,,,,,,,,,,,,0.1726747453212738,0.05805065110325813,0.13266399502754211,-0.055145591497421265,-0.002402141224592924,-0.0012115160934627056,0.04299844615161419,0.18716570567646731,0.06215341114289325,0.1440902121619814,-0.060374355661818,-0.0021835190258667684,-0.0012016648437334096,,,,,,,,,,,,
1.1600000000000001,grasp,,,,,,,,,,,,,,,,,,,,,0.20290623605251312,0.06758147478103638,0.15240585803985596,-0.06608819216489792,-0.001775295240804553,-0.001194346696138382,0.04299844615161419,0.2351031051134529,0.07715924905717933,0.17557312201410755,-0.07769717568664188,-0.0015498920557624957,-0.0011670220565927444,,,,,,,,,,,,
1.1800000000000002,grasp,,,,,,,,,,,,,,,,,,,,,0.21855980157852173,0.07242199033498764,0.1628408432006836,-0.07172467559576035,-0.0018008594634011388,-0.0011782230576500297,0.04299844615161419,0.2351031051134529,0.07715924905717933,0.17557312201410755,-0.07769717568664188,-0.0015498920557624957,-0.0011670220565927444,,,,,,,,,,,,
1.2000000000000002,grasp,,,,,,,,,,,,,,,,,,,,,0.252472847700119,0.08307491987943649,0.18498575687408447,-0.08399908989667892,-0.0011008275905624032,-0.0011588394409045577,0.04299844615161419,0.288586930468159,0.09384692973020667,0.21069471292559958,-0.09702351315045886,-0.0008429749774079424,-0.0011283722617577872,,,,,,,,,,,,
1.2200000000000002,grasp,,,,,,,,,,,,,,,,,,,,,0.27003103494644165,0.08848664909601212,0.1966838538646698,-0.09032157063484192,-0.001125828828662634,-0.0011408883146941662,0.04299844615161419,0.288586930468159,0.09384692973020667,0.21069471292559958,-0.09702351315045886,-0.0008429749774079424,-0.0011283722617577872,,,,,,,,,,,,
1.2400000000000002,grasp,,,,,,,,,,,,,,,,,,,,,0.3074992895126343,0.10022133588790894,0.22114983201026917,-0.10388220846652985,-0.0003558403404895216,-0.0011193352984264493,0.04299844615161419,0.3473962717319184,0.11214550448264883,0.24930982458442313,-0.11827354612212677,-6.569130536092663e-05,-0.001085875135275812,,,,,,,,,,,,
1.26,grasp,,,,,,,,,,,,,,,,,,,,,0.32689645886421204,0.10618413239717484,0.23406612873077393,-0.11086714267730713,-0.00037947745295241475,-0.0010996555211022496,0.04299844615161419,0.3473962717319184,0.11214550448264883,0.24930982458442313,-0.11827354612212677,-6.569130536092663e-05,-0.001085875135275812,,,,,,,,,,,,
1.28,grasp,,,,,,,,,,,,,,,,,,,,,0.3677448034286499,0.11894452571868896,0.26073911786079407,-0.12565046548843384,0.00045623313053511083,-0.0010760120349004865,0.04299844615161419,0.4112373929101697,0.1319620076567337,0.2912256207074057,-0.14134120572236086,0.0007780732463506985,-0.0010397433045678313,,,,,,,,,,,,
1.3,grasp,,,,,,,,,,,,,,,,,,,,,0.38888975977897644,0.12543022632598877,0.2748115658760071,-0.13326513767242432,0.000434732879512012,-0.0010547199053689837,0.04299844615161419,0.4112373929101697,0.1319620076567337,0.2912256207074057,-0.14134120572236086,0.0007780732463506985,-0.0010397433045678313,,,,,,,,,,,,
1.32,grasp,,,,,,,,,,,,,,,,,,,,,0.43289655447006226,0.13914984464645386,0.30354756116867065,-0.14919108152389526,0.0013310008216649294,-0.001029095845296979,0.04299844615161419,0.47974925790811207,0.1531903404190311,0.3362054915588577,-0.16609619904389103,0.0016835485335948903,-0.0009902374497120013,,,,,,,,,,,,
1.34,grasp,,,,,,,,,,,,,,,,,,,,,0.4556746780872345,0.1461249142885208,0.3186987340450287,-0.15739433467388153,0.0013124652905389667,-0.0010063251247629523,0.04299844615161419,0.47974925790811207,0.1531903404190311,0.3362054915588577,-0.16609619904389103,0.0016835485335948903,-0.0009902374497120013,,,,,,,,,,,,
1.36,grasp,,,,,,,,,,,,,,,,,,,,,0.502579391002655,0.16072116792201996,0.3493279218673706,-0.17436860501766205,0.002263367176055908,-0.0009788579773157835,0.04299844615161419,0.5525142503396077,0.17569706117181397,0.3839750248693697,-0.19238772618996874,0.0026452120769747656,-0.0009376596504777423,,,,,,,,,,,,
1.3800000000000001,grasp,,,,,,,,,,,,,,,,,,,,,0.5268554091453552,0.16814367473125458,0.3654666543006897,-0.18311171233654022,0.002248558448627591,-0.0009547618683427572,0.04299844615161419,0.5525142503396077,0.17569706117181397,0.3839750248693697,-0.19238772618996874,0.0026452120769747656,-0.0009376596504777423,,,,,,,,,,,,
1.4,grasp,,,,,,,,,,,,,,,,,,,,,0.5763604044914246,0.18352672457695007,0.39779481291770935,-0.20102673768997192,0.0032474766485393047,-0.0009256076882593334,0.04299844615161419,0.6290607584735115,0.19934279755395062,0.43422506399077565,-0.22004542936547944,0.003656829599593295,-0.0008823506797623128,,,,,,,,,,,,
1.42,grasp,,,,,,,,,,,,,,,,,,,,,0.6019803285598755,0.19135113060474396,0.41481831669807434,-0.2102542519569397,0.003237130120396614,-0.0009003580780699849,0.04299844615161419,0.6290607584735115,0.19934279755395062,0.43422506399077565,-0.22004542936547944,0.003656829599593295,-0.0008823506797623128,,,,,,,,,,,,
1.44,grasp,,,,,,,,,,,,,,,,,,,,,0.6537581086158752,0.2074190080165863,0.4486314654350281,-0.22899125516414642,0.004276876337826252,-0.0008697044104337692,0.04299844615161419,0.7088740804106436,0.22396702208177258,0.48661768743962797,-0.2488834157648797,0.00471159585592064,-0.0008246829533307584,,,,,,,,,,,,
1.46,grasp,,,,,,,,,,,,,,,,,,,,,0.6805516481399536,0.2155936360359192,0.4664258658885956,-0.23864206671714783,0.004271652549505234,-0.000843376386910677,0.04299844615161419,0.7088740804106436,0.22396702208177258,0.48661768743962797,-0.2488834157648797,0.00471159585592064,-0.0008246829533307584,,,,,,,,,,,,
1.48,grasp,,,,,,,,,,,,,,,,,,,,,0.7342464327812195,0.23223865032196045,0.5014907717704773,-0.25815334916114807,0.005340566858649254,-0.0008111083297990263,0.04299844615161419,0.7914004920395047,0.24940301972672665,0.5407897661435642,-0.2787017524053562,0.005802199979323948,-0.0007650559015750407,,,,,,,,,,,,
1.5,grasp,,,,,,,,,,,,,,,,,,,,,0.762030303478241,0.2407080978155136,0.5199349522590637,-0.2681220471858978,0.00533803878352046,-0.000783761846832931,0.04299844615161419,0.7914004920395047,0.24940301972672665,0.5407897661435642,-0.2787017524053562,0.005802199979323948,-0.0007650559015750407,,,,,,,,,,,,
1.52,grasp,,,,,,,,,,,,,,,,,,,,,0.8172650337219238,0.2578146755695343,0.556005597114563,-0.2882487177848816,0.006400404032319784,-0.0007468353142030537,0.04299844615161419,0.8760559630758985,0.2754726902396431,0.5963581323288089,-0.30928942138189275,0.00692092839236703,-0.000703891477485104,,,,,,,,,,,,
1.54,grasp,,,,,,,,,,,,,,,,,,,,,0.845845103263855,0.26652011275291443,0.5749703049659729,-0.2984561026096344,0.006406147964298725,-0.000721842865459621,0.04299844615161419,0.8760559630758985,0.2754726902396431,0.5963581323288089,-0.30928942138189275,0.00692092839236703,-0.000703891477485104,,,,,,,,,,,,
1.56,grasp,,,,,,,,,,,,,,,,,,,,,0.9022251963615417,0.2839667797088623,0.6117905974388123,-0.3190148174762726,0.007534424774348736,-0.0006883734022267163,0.04299844615161419,0.9622331144254694,0.30198931575552074,0.6529239273809624,-0.3404268146247808,0.00805975315772227,-0.0006416284230674906,,,,,,,,,,,,
1.58,grasp,,,,,,,,,,,,,,,,,,,,,0.9313948750495911,0.2928465008735657,0.631139874458313,-0.32940196990966797,0.007554891053587198,-0.0006599660264328122,0.04299844615161419,0.9622331144254694,0.30198931575552074,0.6529239273809624,-0.3404268146247808,0.00805975315772227,-0.0006416284230674906,,,,,,,,,,,,
1.6,grasp,,,,,,,,,,,,,,,,,,,,,0.9885144829750061,0.3105093538761139,0.6684434413909912,-0.35020768642425537,0.008646596223115921,-0.0006222313386388123,0.04299844615161419,1.0493067290439,0.3287646920689727,0.7100771891397717,-0.371888092454049,0.009210423489340622,-0.0005787179989683887,,,,,,,,,,,,
1.62,grasp,,,,,,,,,,,,,,,,,,,,,1.0180656909942627,0.3195003271102905,0.6880369186401367,-0.3607248067855835,0.008670478127896786,-0.0005969170015305281,0.04299844615161419,1.0493067290439,0.3287646920689727,0.7100771891397717,-0.371888092454049,0.009210423489340622,-0.0005787179989683887,,,,,,,,,,,,
1.6400000000000001,grasp,,,,,,,,,,,,,,,,,,,,,1.0755088329315186,0.33725202083587646,0.7255536913871765,-0.38159698247909546,0.00982399471104145,-0.0005641230964101851,0.04299844615161419,1.1366423556305454,0.3556049925187597,0.7674017179391569,-0.40344407096901286,0.010364568585140541,-0.0005156179608300594,,,,,,,,,,,,
1.6600000000000001,grasp,,,,,,,,,,,,,,,,,,,,,1.105223536491394,0.3462894558906555,0.7452490925788879,-0.39219486713409424,0.009861364960670471,-0.0005348045378923416,0.04299844615161419,1.1366423556305454,0.3556049925187597,0.7674017179391569,-0.40344407096901286,0.010364568585140541,-0.0005156179608300594,,,,,,,,,,,,
1.6800000000000002,grasp,,,,,,,,,,,,,,,,,,,,,1.1625722646713257,0.364001601934433,0.7827059030532837,-0.41296374797821045,0.010954457335174084,-0.0004980609519407153,0.04299844615161419,1.2236028002977037,0.38231537700184104,0.8244793965934257,-0.43486449648502645,0.011513773061716512,-0.0004527883888843251,,,,,,,,,,,,
1.7000000000000002,grasp,,,,,,,,,,,,,,,,,,,,,1.192237377166748,0.37301987409591675,0.8023597598075867,-0.4235877990722656,0.010987572371959686,-0.0004718242562375963,0.04299844615161419,1.2236028002977037,0.38231537700184104,0.8244793965934257,-0.43486449648502645,0.011513773061716512,-0.0004527883888843251,,,,,,,,,,,,
1.7200000000000002,grasp,,,,,,,,,,,,,,,,,,,,,1.2490721940994263,0.3905649483203888,0.8394827842712402,-0.44412097334861755,0.012108600698411465,-0.00043838334386236966,0.04299844615161419,1.309554533155634,0.40870417407347187,0.8808947411552791,-0.4659205067991797,0.012649663055310062,-0.0003906870821848397,,,,,,,,,,,,
1.7400000000000002,grasp,,,,,,,,,,,,,,,,,,,,,1.2784686088562012,0.39949917793273926,0.8589524030685425,-0.4546959102153778,0.01215539500117302,-0.00041040050564333797,0.04299844615161419,1.309554533155634,0.40870417407347187,0.8808947411552791,-0.4659205067991797,0.012649663055310062,-0.0003906870821848397,,,,,,,,,,,,
1.7600000000000002,grasp,,,,,,,,,,,,,,,,,,,,,1.3343793153762817,0.41675159335136414,0.8954713344573975,-0.47491827607154846,0.01323620229959488,-0.00037687690928578377,0.04299844615161419,1.3938754144269812,0.43458176427302464,0.9362397359857508,-0.49638742664932384,0.013764019658143436,-0.00032976312849440956,,,,,,,,,,,,
1.7800000000000002,grasp,,,,,,,,,,,,,,,,,,,,,1.3632954359054565,0.4255372881889343,0.9146171808242798,-0.4853331744670868,0.01328311488032341,-0.00034987699473276734,0.04299844615161419,1.3938754144269812,0.43458176427302464,0.9362397359857508,-0.49638742664932384,0.013764019658143436,-0.00032976312849440956,,,,,,,,,,,,
1.8000000000000003,grasp,,,,,,,,,,,,,,,,,,,,,1.4178792238235474,0.44237378239631653,0.9502702951431274,-0.5050817131996155,0.014330187812447548,-0.00031628634314984083,0.04299844615161419,1.4759612103957447,0.45976433119619164,0.9901183936630169,-0.5260472740867738,0.014848867804963863,-0.0002704526289776168,,,,,,,,,,,,
1.8200000000000003,grasp,,,,,,,,,,,,,,,,,,,,,1.4461076259613037,0.4509482681751251,0.9689555168151855,-0.5152526497840881,0.01438071671873331,-0.00029013011953793466,0.04299844615161419,1.4759612103957447,0.45976433119619164,0.9901183936630169,-0.5260472740867738,0.014848867804963863,-0.0002704526289776168,,,,,,,,,,,,
1.8399999999999999,grasp,,,,,,,,,,,,,,,,,,,,,1.4989770650863647,0.46725061535835266,1.0034900903701782,-0.5343828201293945,0.015389074571430683,-0.00025763886515051126,0.04299844615161419,1.555233102539726,0.48407544797395746,1.0421510069148057,-0.5546909186454889,0.01589655024135069,-0.0002131739501546863,,,,,,,,,,,,
1.8599999999999999,grasp,,,,,,,,,,,,,,,,,,,,,1.5263174772262573,0.4755532145500183,1.0215827226638794,-0.544235110282898,0.01544337347149849,-0.00023218423302751034,0.04299844615161419,1.555233102539726,0.48407544797395746,1.0421510069148057,-0.5546909186454889,0.01589655024135069,-0.0002131739501546863,,,,,,,,,,,,
1.88,grasp,,,,,,,,,,,,,,,,,,,,,1.5771044492721558,0.4912090599536896,1.0547585487365723,-0.5626127123832703,0.016407037153840065,-0.00020098575623705983,0.04299844615161419,1.631143904553059,0.5073493168194384,1.0919790551441775,-0.5821212216851532,0.016899836490971026,-0.00015832230155482277,,,,,,,,,,,,
1.9,grasp,,,,,,,,,,,,,,,,,,,,,1.6033668518066406,0.4991829991340637,1.0721337795257568,-0.5720774531364441,0.016464533284306526,-0.0001766213827067986,0.04299844615161419,1.631143904553059,0.5073493168194384,1.0919790551441775,-0.5821212216851532,0.016899836490971026,-0.00015832230155482277,,,,,,,,,,,,
1.92,grasp,,,,,,,,,,,,,,,,,,,,,1.6517280340194702,0.5140873193740845,1.1037260293960571,-0.5895785093307495,0.017377661541104317,-0.00014681313768960536,0.04299844615161419,1.7031856099558824,0.5294316504277037,1.1392698335541107,-0.608155000420763,0.017852017698050754,-0.00010626447964811422,,,,,,,,,,,,
1.94,grasp,,,,,,,,,,,,,,,,,,,,,1.676734447479248,0.5216789841651917,1.1202672719955444,-0.5985916256904602,0.017437459900975227,-0.00012370763579383492,0.04299844615161419,1.7031856099558824,0.5294316504277037,1.1392698335541107,-0.608155000420763,0.017852017698050754,-0.00010626447964811422,,,,,,,,,,,,
1.96,grasp,,,,,,,,,,,,,,,,,,,,,1.7223550081253052,0.5357363224029541,1.150071620941162,-0.6151021122932434,0.018294787034392357,-9.5550567493774e-05,0.04299844615161419,1.7708958854973738,0.550182270807594,1.1837212487391007,-0.6326261485809698,0.01874700430342529,-5.733299404045519e-05,,,,,,,,,,,,
1.98,grasp,,,,,,,,,,,,,,,,,,,,,1.7459439039230347,0.5428963899612427,1.1656721830368042,-0.6236050724983215,0.018355803564190865,-7.378395821433514e-05,0.04299844615161419,1.7708958854973738,0.550182270807594,1.1837212487391007,-0.6326261485809698,0.01874700430342529,-5.733299404045519e-05,,,,,,,,,,,,
2.0,grasp,,,,,,,,,,,,,,,,,,,,,1.7884818315505981,0.5560520887374878,1.1934666633605957,-0.6389539241790771,0.019147923216223717,-4.7514498874079436e-05,0.04299844615161419,1.8337419132522144,0.5695435299428452,1.2249861744913393,-0.6552437367947896,0.019570415602896973,-1.1900109134799548e-05,,,,,,,,,,,,
2.02,grasp,,,,,,,,,,,,,,,,,,,,,1.8104755878448486,0.5627543330192566,1.2080104351043701,-0.6468587517738342,0.019207360222935677,-2.7250222046859562e-05,0.04299844615161419,1.8337419132522144,0.5695435299428452,1.2249861744913393,-0.6552437367947896,0.019570415602896973,-1.1900109134799548e-05,,,,,,,,,,,,
2.04,grasp,,,,,,,,,,,,,,,,,,,,,1.8295519351959229,0.5857861638069153,1.2199580669403076,-0.6360127329826355,0.01856808364391327,-1.3707514881389216e-05,0.04299844615161419,1.849815207979842,0.6100242394801138,1.234428321517379,-0.6244675011113122,0.017828122303023462,1.3277917245502682e-06,,,,,,,,,,,,
2.06,grasp,,,,,,,,,,,,,,,,,,,,,1.83939790725708,0.5978256464004517,1.2261013984680176,-0.6304246187210083,0.018152441829442978,-5.170633812667802e-06,0.04299844615161419,1.849815207979842,0.6100242394801138,1.234428321517379,-0.6244675011113122,0.017828122303023462,1.3277917245502682e-06,,,,,,,,,,,,
2.08,grasp,,,,,,,,,,,,,,,,,,,,,1.8432178497314453,0.6261948347091675,1.2277470827102661,-0.6036902070045471,0.016737300902605057,-1.4971129758123425e-06,0.04299844615161419,1.847262420841377,0.6560968598322232,1.2313133122070063,-0.5752612774936496,0.015273298933937769,1.5552399478024215e-06,,,,,,,,,,,,
2.1,grasp,,,,,,,,,,,,,,,,,,,,,1.8451828956604004,0.6410670876502991,1.2284983396530151,-0.5899177193641663,0.016013052314519882,3.674564368338906e-07,0.04299844615161419,1.847262420841377,0.6560968598322232,1.2313133122070063,-0.5752612774936496,0.015273298933937769,1.5552399478024215e-06,,,,,,,,,,,,
2.12,grasp,,,,,,,,,,,,,,,,,,,,,1.8450955152511597,0.6685278415679932,1.2275789976119995,-0.5614972114562988,0.014548185281455517,1.1039467153750593e-06,0.04299844615161419,1.8449890926571382,0.6972781651716808,1.2285400311805141,-0.5312757132899321,0.01299899918592741,1.7577146308421708e-06,,,,,,,,,,,,
2.14,grasp,,,,,,,,,,,,,,,,,,,,,1.8450508117675781,0.6828619837760925,1.2270125150680542,-0.546856164932251,0.013791648671030998,1.5530251857853727e-06,0.04299844615161419,1.8449890926571382,0.6972781651716808,1.2285400311805141,-0.5312757132899321,0.01299899918592741,1.7577146308421708e-06,,,,,,,,,,,,
2.16,grasp,,,,,,,,,,,,,,,,,,,,,1.8440641164779663,0.7076336741447449,1.2256004810333252,-0.5205771923065186,0.012438934296369553,1.7669220824245713e-06,0.04299844615161419,1.8429936564075216,0.7334581855389326,1.2261057030180926,-0.49263111824046873,0.01100292994920375,1.935418051397012e-06,,,,,,,,,,,,
2.18,grasp,,,,,,,,,,,,,,,,,,,,,1.8435561656951904,0.7205501198768616,1.2247792482376099,-0.5070391893386841,0.011741077527403831,1.889054374260013e-06,0.04299844615161419,1.8429936564075216,0.7334581855389326,1.2261057030180926,-0.49263111824046873,0.01100292994920375,1.935418051397012e-06,,,,,,,,,,,,
2.2,grasp,,,,,,,,,,,,,,,,,,,,,1.8424612283706665,0.7421722412109375,1.2234097719192505,-0.4839359223842621,0.010549116879701614,2.00413182938064e-06,0.04299844615161419,1.8412741596813393,0.7646038367195122,1.22400852150417,-0.45936422611391436,0.009283630403623191,2.0884806176149466e-06,,,,,,,,,,,,
2.22,grasp,,,,,,,,,,,,,,,,,,,,,1.841896414756775,0.7534387707710266,1.222612738609314,-0.4720339775085449,0.00993561465293169,2.05020614885143e-06,0.04299844615161419,1.8412741596813393,0.7646038367195122,1.22400852150417,-0.45936422611391436,0.009283630403623191,2.0884806176149466e-06,,,,,,,,,,,,
2.24,grasp,,,,,,,,,,,,,,,,,,,,,1.8409044742584229,0.7718157172203064,1.2214196920394897,-0.4523550271987915,0.008917747996747494,2.147386567230569e-06,0.04299844615161419,1.8398268426688764,0.7907652699576612,1.2222438402374904,-0.4314222846077369,0.007837075315978917,2.217261980730604e-06,,,,,,,,,,,,
2.2600000000000002,grasp,,,,,,,,,,,,,,,,,,,,,1.840391755104065,0.7813864350318909,1.2207192182540894,-0.44221729040145874,0.008394505828619003,2.1733671928814147e-06,0.04299844615161419,1.8398268426688764,0.7907652699576612,1.2222438402374904,-0.4314222846077369,0.007837075315978917,2.217261980730604e-06,,,,,,,,,,,,
2.2800000000000002,grasp,,,,,,,,,,,,,,,,,,,,,1.839556097984314,0.7965614795684814,1.2197297811508179,-0.42595672607421875,0.007550546899437904,2.263875330754672e-06,0.04299844615161419,1.8386438203174633,0.8120815868169576,1.220801721817818,-0.40865641902438354,0.006655049242666601,2.3224940046927256e-06,,,,,,,,,,,,
2.3000000000000003,grasp,,,,,,,,,,,,,,,,,,,,,1.8391224145889282,0.8044608235359192,1.2191452980041504,-0.4175800085067749,0.007117416709661484,2.2762794742448023e-06,0.04299844615161419,1.8386438203174633,0.8120815868169576,1.220801721817818,-0.40865641902438354,0.006655049242666601,2.3224940046927256e-06,,,,,,,,,,,,
2.3200000000000003,grasp,,,,,,,,,,,,,,,,,,,,,1.838450312614441,0.8165586590766907,1.218355417251587,-0.4046143591403961,0.006441659294068813,2.359837253607111e-06,0.04299844615161419,1.8377125760798945,0.8287874547122123,1.219666769441811,-0.39081553290481935,0.00572484088756925,2.405308881078506e-06,,,,,,,,,,,,
2.3400000000000003,grasp,,,,,,,,,,,,,,,,,,,,,1.8381000757217407,0.8228527903556824,1.217887043952942,-0.39793503284454346,0.006095247808843851,2.363527073612204e-06,0.04299844615161419,1.8377125760798945,0.8287874547122123,1.219666769441811,-0.39081553290481935,0.00572484088756925,2.405308881078506e-06,,,,,,,,,,,,
2.36,grasp,,,,,,,,,,,,,,,,,,,,,1.837584137916565,0.8320690393447876,1.217284917831421,-0.38805750012397766,0.005577575881034136,2.431044322293019e-06,0.04299844615161419,1.8370151444695553,0.8412194672428522,1.218816932034018,-0.37754008013926466,0.005028373830327969,2.467315262464462e-06,,,,,,,,,,,,
2.38,grasp,,,,,,,,,,,,,,,,,,,,,1.837314486503601,0.8368608951568604,1.2169280052185059,-0.3829689025878906,0.005312343128025532,2.431491111565265e-06,0.04299844615161419,1.8370151444695553,0.8412194672428522,1.218816932034018,-0.37754008013926466,0.005028373830327969,2.467315262464462e-06,,,,,,,,,,,,
2.4,grasp,,,,,,,,,,,,,,,,,,,,,1.8369412422180176,0.8434618711471558,1.2164949178695679,-0.375894159078598,0.004938715603202581,2.4796006528049475e-06,0.04299844615161419,1.8365279768974976,0.8498221897641737,1.2182236282434933,-0.36835538936266676,0.00454200407943387,2.5106172248265165e-06,,,,,,,,,,,,
2.42,grasp,,,,,,,,,,,,,,,,,,,,,1.8367458581924438,0.8468919396400452,1.2162398099899292,-0.37224963307380676,0.004747153725475073,2.4824580577842426e-06,0.04299844615161419,1.8365279768974976,0.8498221897641737,1.2182236282434933,-0.36835538936266676,0.00454200407943387,2.5106172248265165e-06,,,,,,,,,,,,
2.44,grasp,,,,,,,,,,,,,,,,,,,,,1.8364970684051514,0.8512195348739624,1.2159532308578491,-0.3676137626171112,0.004498341120779514,2.5131021175184287e-06,0.04299844615161419,1.8362192532544004,0.8551555422747852,1.2178475958555486,-0.3626667926824011,0.004233798749516062,2.53805757349568e-06,,,,,,,,,,,,
2.46,grasp,,,,,,,,,,,,,,,,,,,,,1.8363662958145142,0.8534661531448364,1.2157858610153198,-0.36522573232650757,0.004370592534542084,2.517047732908395e-06,0.04299844615161419,1.8362192532544004,0.8551555422747852,1.2178475958555486,-0.3626667926824011,0.004233798749516062,2.53805757349568e-06,,,,,,,,,,,,
2.48,grasp,,,,,,,,,,,,,,,,,,,,,1.8362213373184204,0.8559373617172241,1.2156206369400024,-0.3625795245170593,0.004226068966090679,2.5350518626510166e-06,0.04299844615161419,1.836057539803398,0.8578960622826193,1.2176505166600102,-0.35974674544279134,0.004072290501680095,2.5524370150041344e-06,,,,,,,,,,,,
2.5,grasp,,,,,,,,,,,,,,,,,,,,,1.8361449241638184,0.8572183847427368,1.2155258655548096,-0.3612161874771118,0.004151774104684591,2.5388746962562436e-06,0.04299844615161419,1.836057539803398,0.8578960622826193,1.2176505166600102,-0.35974674544279134,0.004072290501680095,2.5524370150041344e-06,,,,,,,,,,,,
2.52,grasp,,,,,,,,,,,,,,,,,,,,,1.836078405380249,0.8583322167396545,1.2154518365859985,-0.3600226640701294,0.004085903987288475,2.548819111325429e-06,0.04299844615161419,1.8360009396526848,0.8588469761087295,1.2175816947861164,-0.35873390896293206,0.00401582662441556,2.557464195390745e-06,,,,,,,,,,,,
2.54,grasp,,,,,,,,,,,,,,,,,,,,,1.836043357849121,0.8589102625846863,1.21541166305542,-0.35940778255462646,0.004051997791975737,2.5514839308016235e-06,0.04299844615161419,1.8360009396526848,0.8588469761087295,1.2175816947861164,-0.35873390896293206,0.00401582662441556,2.557464195390745e-06,,,,,,,,,,,,
2.5525005788728596,grasp,,,,,,,,,,,,,,,,,,,,,1.836022973060608,0.8592584729194641,1.2153904438018799,-0.3590412735939026,0.004031662363559008,2.55692998507584e-06,0.04299844615161419,1.8359951972961426,0.8589434027671814,1.2175747156143188,-0.3586312532424927,0.0040100994519889355,2.557974084993475e-06,,,,,,,,,,,,
2.5525005788728596,grasp,,,,,,,,,,,,,,,,,,,,,,,,,,,0.04300004057586193,,,,,,,0.0,,,,,,,,,,,
2.5725005788728597,grasp,,,,,,,,,,,,,,,,,,,,,,,,,,,0.042985791340470314,,,,,,,0.0,,,,,,,,,,,
2.5925005788728597,grasp,,,,,,,,,,,,,,,,,,,,,,,,,,,0.042890869081020355,,,,,,,0.0,,,,,,,,,,,
2.6125005788728597,grasp,,,,,,,,,,,,,,,,,,,,,,,,,,,0.04266222007572651,,,,,,,0.0,,,,,,,,,,,
2.6325005788728597,grasp,,,,,,,,,,,,,,,,,,,,,,,,,,,0.04227691516280174,,,,,,,0.0,,,,,,,,,,,
2.6525005788728597,grasp,,,,,,,,,,,,,,,,,,,,,,,,,,,0.041704120114445686,,,,,,,0.0,,,,,,,,,,,
2.6725005788728597,grasp,,,,,,,,,,,,,,,,,,,,,,,,,,,0.04092521406710148,,,,,,,0.0,,,,,,,,,,,
2.6925005788728598,grasp,,,,,,,,,,,,,,,,,,,,,,,,,,,0.03993452526628971,,,,,,,0.0,,,,,,,,,,,
2.71250057887286,grasp,,,,,,,,,,,,,,,,,,,,,,,,,,,0.03872827999293804,,,,,,,0.0,,,,,,,,,,,
2.73250057887286,grasp,,,,,,,,,,,,,,,,,,,,,,,,,,,0.03732471913099289,,,,,,,0.0,,,,,,,,,,,
2.75250057887286,grasp,,,,,,,,,,,,,,,,,,,,,,,,,,,0.036493897438049316,,,,,,,0.0,,,,,,,,,,,
2.77250057887286,grasp,,,,,,,,,,,,,,,,,,,,,,,,,,,0.036115286871790886,,,,,,,0.0,,,,,,,,,,,
2.7925005788728594,grasp,,,,,,,,,,,,,,,,,,,,,,,,,,,0.03607022389769554,,,,,,,0.0,,,,,,,,,,,
2.81250057887286,grasp,,,,,,,,,,,,,,,,,,,,,,,,,,,0.03602646663784981,,,,,,,0.0,,,,,,,,,,,
2.8325005788728594,grasp,,,,,,,,,,,,,,,,,,,,,,,,,,,0.035923801362514496,,,,,,,0.0,,,,,,,,,,,
2.8525005788728595,grasp,,,,,,,,,,,,,,,,,,,,,,,,,,,0.03580448776483536,,,,,,,0.0,,,,,,,,,,,
2.8725005788728595,grasp,,,,,,,,,,,,,,,,,,,,,,,,,,,0.03565783426165581,,,,,,,0.0,,,,,,,,,,,
2.8925005788728595,grasp,,,,,,,,,,,,,,,,,,,,,,,,,,,0.0355334859341383,,,,,,,0.0,,,,,,,,,,,
2.9125005788728595,grasp,,,,,,,,,,,,,,,,,,,,,,,,,,,0.03535768948495388,,,,,,,0.0,,,,,,,,,,,
2.9325005788728595,grasp,,,,,,,,,,,,,,,,,,,,,,,,,,,0.03523305058479309,,,,,,,0.0,,,,,,,,,,,
2.9525005788728595,grasp,,,,,,,,,,,,,,,,,,,,,,,,,,,0.03505527786910534,,,,,,,0.0,,,,,,,,,,,
2.9725005788728596,grasp,,,,,,,,,,,,,,,,,,,,,,,,,,,0.03488960675895214,,,,,,,0.0,,,,,,,,,,,
2.9925005788728596,grasp,,,,,,,,,,,,,,,,,,,,,,,,,,,0.0347531083971262,,,,,,,0.0,,,,,,,,,,,
3.0125005788728596,grasp,,,,,,,,,,,,,,,,,,,,,,,,,,,0.0346401073038578,,,,,,,0.0,,,,,,,,,,,
3.0325005788728596,grasp,,,,,,,,,,,,,,,,,,,,,,,,,,,0.03461257740855217,,,,,,,0.0,,,,,,,,,,,
3.0525005788728596,grasp,,,,,,,,,,,,,,,,,,,,,,,,,,,0.03459334000945091,,,,,,,0.0,,,,,,,,,,,
3.0725005788728597,grasp,,,,,,,,,,,,,,,,,,,,,,,,,,,0.03457644209265709,,,,,,,0.0,,,,,,,,,,,
3.0925005788728597,grasp,,,,,,,,,,,,,,,,,,,,,,,,,,,0.03456207178533077,,,,,,,0.0,,,,,,,,,,,
3.1125005788728597,grasp,,,,,,,,,,,,,,,,,,,,,,,,,,,0.034550320357084274,,,,,,,0.0,,,,,,,,,,,
3.1325005788728597,grasp,,,,,,,,,,,,,,,,,,,,,,,,,,,0.034541262313723564,,,,,,,0.0,,,,,,,,,,,
3.1525005788728597,grasp,,,,,,,,,,,,,,,,,,,,,,,,,,,0.03453470952808857,,,,,,,0.0,,,,,,,,,,,
3.1725005788728597,grasp,,,,,,,,,,,,,,,,,,,,,,,,,,,0.03453056327998638,,,,,,,0.0,,,,,,,,,,,
3.1925005788728598,grasp,,,,,,,,,,,,,,,,,,,,,,,,,,,0.03452824056148529,,,,,,,0.0,,,,,,,,,,,
3.21250057887286,grasp,,,,,,,,,,,,,,,,,,,,,,,,,,,0.03452732972800732,,,,,,,0.0,,,,,,,,,,,
3.23250057887286,grasp,,,,,,,,,,,,,,,,,,,,,,,,,,,0.03452719748020172,,,,,,,0.0,,,,,,,,,,,
3.23250057887286,grasp,,,,,,,,,,,,,,,,,,,,,1.8362199068069458,0.8592613339424133,1.2181687355041504,-0.35863104462623596,0.003087821649387479,0.007045568898320198,0.03452719748020172,1.8359951972961426,0.8589434027671814,1.2175747156143188,-0.3586312532424927,0.0040100994519889355,2.557974084993475e-06,,,,,,,,,,,,
3.25250057887286,grasp,,,,,,,,,,,,,,,,,,,,,1.8362250328063965,0.8592478632926941,1.2181525230407715,-0.35863152146339417,0.003084641881287098,0.0067513189278542995,0.03452719748020172,1.8359951972961426,0.8589434027671814,1.2175747156143188,-0.3586312532424927,0.0040100994519889355,2.557974084993475e-06,,,,,,,,,,,,
3.27250057887286,grasp,,,,,,,,,,,,,,,,,,,,,1.8362306356430054,0.8591988682746887,1.2181313037872314,-0.3586803376674652,0.0030818486120551825,0.006599813234061003,0.03452719748020172,1.836000752674672,0.8588501158040681,1.217581467535916,-0.35873056636445094,0.004015640140815681,2.557480798046836e-06,,,,,,,,,,,,
3.29250057887286,grasp,,,,,,,,,,,,,,,,,,,,,1.836233139038086,0.8591746091842651,1.2181191444396973,-0.3587055802345276,0.0030787819996476173,0.006521794945001602,0.03452719748020172,1.836000752674672,0.8588501158040681,1.217581467535916,-0.35873056636445094,0.004015640140815681,2.557480798046836e-06,,,,,,,,,,,,
3.31250057887286,grasp,,,,,,,,,,,,,,,,,,,,,1.8362542390823364,0.8588781952857971,1.2180240154266357,-0.35904648900032043,0.003099167486652732,0.006481580436229706,0.03452719748020172,1.8360384729038948,0.8582169436202446,1.217627313347742,-0.3594049459184972,0.004053261159761979,2.554131257241802e-06,,,,,,,,,,,,
3.33250057887286,grasp,,,,,,,,,,,,,,,,,,,,,1.8362632989883423,0.8587314486503601,1.2179702520370483,-0.3592225909233093,0.0031097070313990116,0.006460906937718391,0.03452719748020172,1.8360384729038948,0.8582169436202446,1.217627313347742,-0.3594049459184972,0.004053261159761979,2.554131257241802e-06,,,,,,,,,,,,
3.35250057887286,grasp,,,,,,,,,,,,,,,,,,,,,1.8363248109817505,0.8579136729240417,1.2177029848098755,-0.36017313599586487,0.0031905192881822586,0.006449863780289888,0.03452719748020172,1.8361368986193851,0.8565560934554506,1.2177472418777915,-0.3611742015303111,0.004151557912516835,2.545379672644166e-06,,,,,,,,,,,,
3.37250057887286,grasp,,,,,,,,,,,,,,,,,,,,,1.8363146781921387,0.8574642539024353,1.217753291130066,-0.3606612980365753,0.0032611803617328405,0.006437805946916342,0.03452719748020172,1.8361368986193851,0.8565560934554506,1.2177472418777915,-0.3611742015303111,0.004151557912516835,2.545379672644166e-06,,,,,,,,,,,,
3.39250057887286,grasp,,,,,,,,,,,,,,,,,,,,,1.8363889455795288,0.8558054566383362,1.2174896001815796,-0.36252811551094055,0.003458017483353615,0.006426866631954908,0.03452719748020172,1.8363196392503092,0.8534352596541486,1.2179698502366523,-0.3645009345189443,0.00433400274191758,2.5291361134287923e-06,,,,,,,,,,,,
3.41250057887286,grasp,,,,,,,,,,,,,,,,,,,,,1.8364732265472412,0.8549137115478516,1.2176405191421509,-0.3634881377220154,0.0035870936699211597,0.006413575261831284,0.03452719748020172,1.8363196392503092,0.8534352596541486,1.2179698502366523,-0.3645009345189443,0.00433400274191758,2.5291361134287923e-06,,,,,,,,,,,,
3.43250057887286,grasp,,,,,,,,,,,,,,,,,,,,,1.836601972579956,0.8521320223808289,1.218062162399292,-0.3665462136268616,0.003900530282407999,0.006399786565452814,0.03452719748020172,1.8366045918520613,0.8484757080602366,1.2183169641727278,-0.36979270446648665,0.004618508425466179,2.5038059208922026e-06,,,,,,,,,,,,
3.45250057887286,grasp,,,,,,,,,,,,,,,,,,,,,1.8366014957427979,0.8506180047988892,1.2184982299804688,-0.36811795830726624,0.0042319102212786674,0.0063767340034246445,0.03452719748020172,1.8366045918520613,0.8484757080602366,1.2183169641727278,-0.36979270446648665,0.004618508425466179,2.5038059208922026e-06,,,,,,,,,,,,
3.47250057887286,grasp,,,,,,,,,,,,,,,,,,,,,1.8367352485656738,0.8464528918266296,1.2188239097595215,-0.37261632084846497,0.0047734929248690605,0.0063596502877771854,0.03452719748020172,1.8370079819351235,0.8413487471867459,1.2188081712567707,-0.37740203834679786,0.005021215053371304,2.4679526056174576e-06,,,,,,,,,,,,
3.4925005788728596,grasp,,,,,,,,,,,,,,,,,,,,,1.8367444276809692,0.8442354798316956,1.2190217971801758,-0.37493184208869934,0.005235929507762194,0.006339089944958687,0.03452719748020172,1.8370079819351235,0.8413487471867459,1.2188081712567707,-0.37740203834679786,0.005021215053371304,2.4679526056174576e-06,,,,,,,,,,,,
3.51250057887286,grasp,,,,,,,,,,,,,,,,,,,,,1.8369112014770508,0.8385059237480164,1.2193886041641235,-0.381080687046051,0.005984936840832233,0.006312306970357895,0.03452719748020172,1.8375454632657453,0.8317728620422111,1.219463124997883,-0.38762752513261634,0.005557923911431092,2.4201694183311776e-06,,,,,,,,,,,,
3.5325005788728596,grasp,,,,,,,,,,,,,,,,,,,,,1.8369437456130981,0.8355206847190857,1.2194617986679077,-0.38424763083457947,0.0065351673401892185,0.006290936842560768,0.03452719748020172,1.8375454632657453,0.8317728620422111,1.219463124997883,-0.38762752513261634,0.005557923911431092,2.4201694183311776e-06,,,,,,,,,,,,
3.5525005788728596,grasp,,,,,,,,,,,,,,,,,,,,,1.8371732234954834,0.8281145095825195,1.2195510864257812,-0.3922272324562073,0.007442341651767492,0.006261605303734541,0.03452719748020172,1.838230024778247,0.8195141225226851,1.220297369281983,-0.4007187663736698,0.006241655671563857,2.359297552994998e-06,,,,,,,,,,,,
3.5725005788728597,grasp,,,,,,,,,,,,,,,,,,,,,1.8373469114303589,0.8242747187614441,1.2197016477584839,-0.3963376581668854,0.007851838134229183,0.006232509855180979,0.03452719748020172,1.838230024778247,0.8195141225226851,1.220297369281983,-0.4007187663736698,0.006241655671563857,2.359297552994998e-06,,,,,,,,,,,,
3.5925005788728597,grasp,,,,,,,,,,,,,,,,,,,,,1.8378742933273315,0.8150008916854858,1.219995141029358,-0.4062933027744293,0.008509807288646698,0.00620716018602252,0.03452719748020172,1.8390714697662272,0.8043834969287227,1.2213230575130942,-0.41687789971153416,0.007082325458781461,2.284454832843181e-06,,,,,,,,,,,,
3.6125005788728597,grasp,,,,,,,,,,,,,,,,,,,,,1.8382823467254639,0.8101587295532227,1.2200496196746826,-0.4114266037940979,0.008467786014080048,0.006205284036695957,0.03452719748020172,1.8390714697662272,0.8043834969287227,1.2213230575130942,-0.41687789971153416,0.007082325458781461,2.284454832843181e-06,,,,,,,,,,,,
3.6325005788728597,grasp,,,,,,,,,,,,,,,,,,,,,1.839038610458374,0.7989374995231628,1.2203346490859985,-0.4234732687473297,0.008867120370268822,0.006203051656484604,0.03452719748020172,1.8400778135991993,0.786234512427725,1.2225497712581732,-0.43626126839637064,0.008087873177851394,2.1949343621335e-06,,,,,,,,,,,,
3.6525005788728597,grasp,,,,,,,,,,,,,,,,,,,,,1.8394402265548706,0.7930446267127991,1.2204669713974,-0.4296796917915344,0.008954514749348164,0.006199998781085014,0.03452719748020172,1.8400778135991993,0.786234512427725,1.2225497712581732,-0.43626126839637064,0.008087873177851394,2.1949343621335e-06,,,,,,,,,,,,
3.6725005788728597,grasp,,,,,,,,,,,,,,,,,,,,,1.8404682874679565,0.7798300385475159,1.2205688953399658,-0.4439016580581665,0.008776361122727394,0.006219079252332449,0.03452719748020172,1.8412544437238203,0.7649616505940785,1.2239844483284639,-0.45898203249593816,0.009263887785113471,2.090238225789051e-06,,,,,,,,,,,,
3.6925005788728598,grasp,,,,,,,,,,,,,,,,,,,,,1.8408350944519043,0.7729001045227051,1.2209311723709106,-0.45122677087783813,0.00896984338760376,0.0062223742716014385,0.03452719748020172,1.8412544437238203,0.7649616505940785,1.2239844483284639,-0.45898203249593816,0.009263887785113471,2.090238225789051e-06,,,,,,,,,,,,
3.71250057887286,grasp,,,,,,,,,,,,,,,,,,,,,1.8416707515716553,0.7575533390045166,1.2218360900878906,-0.46766677498817444,0.009804914705455303,0.0062165092676877975,0.03452719748020172,1.8426052131523876,0.74049794388629,1.2256319521775254,-0.485111825743238,0.010614489258447055,1.969999459230952e-06,,,,,,,,,,,,
3.73250057887286,grasp,,,,,,,,,,,,,,,,,,,,,1.8421448469161987,0.7495363354682922,1.2224122285842896,-0.47613731026649475,0.010095067322254181,0.0062189060263335705,0.03452719748020172,1.8426052131523876,0.74049794388629,1.2256319521775254,-0.485111825743238,0.010614489258447055,1.969999459230952e-06,,,,,,,,,,,,
3.75250057887286,grasp,,,,,,,,,,,,,,,,,,,,,1.8430912494659424,0.7320858836174011,1.2235335111618042,-0.49483731389045715,0.011094425804913044,0.006217168178409338,0.03452719748020172,1.8441323927619857,0.712812791050569,1.2274947708419863,-0.5146827980397817,0.012141929035000703,1.8340169606772577e-06,,,,,,,,,,,,
3.77250057887286,grasp,,,,,,,,,,,,,,,,,,,,,1.843603253364563,0.7229702472686768,1.2242048978805542,-0.5044711828231812,0.011542433872818947,0.006217971909791231,0.03452719748020172,1.8441323927619857,0.712812791050569,1.2274947708419863,-0.5146827980397817,0.012141929035000703,1.8340169606772577e-06,,,,,,,,,,,,
3.79250057887286,grasp,,,,,,,,,,,,,,,,,,,,,1.8446799516677856,0.7034083008766174,1.2254849672317505,-0.5254372954368591,0.012634402140974998,0.006217462010681629,0.03452719748020172,1.845836997573684,0.6819104508054524,1.229574413789913,-0.5476901135315979,0.01384721037610191,1.6822008196180864e-06,,,,,,,,,,,,
3.81250057887286,grasp,,,,,,,,,,,,,,,,,,,,,1.8452398777008057,0.6931880712509155,1.2262346744537354,-0.536237895488739,0.013182955794036388,0.006217523477971554,0.03452719748020172,1.845836997573684,0.6819104508054524,1.229574413789913,-0.5476901135315979,0.01384721037610191,1.6822008196180864e-06,,,,,,,,,,,,
3.83250057887286,grasp,,,,,,,,,,,,,,,,,,,,,1.846440315246582,0.6715291142463684,1.2276701927185059,-0.5594519376754761,0.014379969798028469,0.006217483431100845,0.03452719748020172,1.8477196153536277,0.6478273972998749,1.2318711793786417,-0.5840934543610212,0.015730801660455863,1.5145096384454918e-06,,,,,,,,,,,,
3.85250057887286,grasp,,,,,,,,,,,,,,,,,,,,,1.8470556735992432,0.660210907459259,1.2284904718399048,-0.5714106559753418,0.015003081411123276,0.006217233836650848,0.03452719748020172,1.8477196153536277,0.6478273972998749,1.2318711793786417,-0.5840934543610212,0.015730801660455863,1.5145096384454918e-06,,,,,,,,,,,,
3.87250057887286,grasp,,,,,,,,,,,,,,,,,,,,,1.8483778238296509,0.6364920735359192,1.2300825119018555,-0.5968319177627563,0.016311850398778915,0.00621736841276288,0.03452719748020172,1.8497818677152933,0.6106309349500254,1.2343877527795706,-0.6238193526073823,0.017794812662809453,1.3307572286255259e-06,,,,,,,,,,,,
3.89250057887286,grasp,,,,,,,,,,,,,,,,,,,,,1.849051833152771,0.6240939497947693,1.2309703826904297,-0.6099281311035156,0.01700408197939396,0.00621696887537837,0.03452719748020172,1.8497818677152933,0.6106309349500254,1.2343877527795706,-0.6238193526073823,0.017794812662809453,1.3307572286255259e-06,,,,,,,,,,,,
3.91250057887286,grasp,,,,,,,,,,,,,,,,,,,,,1.8482022285461426,0.5996288061141968,1.2311564683914185,-0.6345930695533752,0.018229035660624504,0.006217633839696646,0.03452719748020172,1.8472279122616355,0.573038788084878,1.233864552409302,-0.6607770097074749,0.01978384969434162,-2.1785991719513165e-06,,,,,,,,,,,,
3.93250057887286,grasp,,,,,,,,,,,,,,,,,,,,,1.847715139389038,0.5868574380874634,1.231270670890808,-0.6472998261451721,0.01903209462761879,0.0062133246101439,0.03452719748020172,1.8472279122616355,0.573038788084878,1.233864552409302,-0.6607770097074749,0.01978384969434162,-2.1785991719513165e-06,,,,,,,,,,,,
3.9525005788728595,grasp,,,,,,,,,,,,,,,,,,,,,1.823547124862671,0.573160707950592,1.2156291007995605,-0.6448550820350647,0.018245458602905273,0.006216563284397125,0.03452719748020172,1.7974680152630482,0.5583251251914507,1.2011682413934774,-0.6422310058959263,0.019098272878285198,-3.81280461291151e-05,,,,,,,,,,,,
3.97250057887286,grasp,,,,,,,,,,,,,,,,,,,,,1.8107191324234009,0.5662123560905457,1.2072741985321045,-0.6435970664024353,0.019363215193152428,0.006168131250888109,0.03452719748020172,1.7974680152630482,0.5583251251914507,1.2011682413934774,-0.6422310058959263,0.019098272878285198,-3.81280461291151e-05,,,,,,,,,,,,
3.9925005788728596,grasp,,,,,,,,,,,,,,,,,,,,,1.7791792154312134,0.5548267960548401,1.1865553855895996,-0.6337887048721313,0.017935849726200104,0.006157496944069862,0.03452719748020172,1.74520181410379,0.5423083899834491,1.1668522923908233,-0.6233395388948706,0.018407368730598138,-7.590187436056765e-05,,,,,,,,,,,,
4.01250057887286,grasp,,,,,,,,,,,,,,,,,,,,,1.7624887228012085,0.5490363240242004,1.1756391525268555,-0.6287379264831543,0.019021594896912575,0.006100023165345192,0.03452719748020172,1.74520181410379,0.5423083899834491,1.1668522923908233,-0.6233395388948706,0.018407368730598138,-7.590187436056765e-05,,,,,,,,,,,,
4.03250057887286,grasp,,,,,,,,,,,,,,,,,,,,,1.7275784015655518,0.5377889275550842,1.1527073383331299,-0.616460382938385,0.017334826290607452,0.006099440157413483,0.03452719748020172,1.689996695669006,0.5253892896235286,1.1306119544534718,-0.6033887709723906,0.017677695986229206,-0.00011579505333390107,,,,,,,,,,,,
4.05250057887286,grasp,,,,,,,,,,,,,,,,,,,,,1.7091277837753296,0.5320679545402527,1.1406104564666748,-0.6101385951042175,0.01838226243853569,0.006049050949513912,0.03452719748020172,1.689996695669006,0.5253892896235286,1.1306119544534718,-0.6033887709723906,0.017677695986229206,-0.00011579505333390107,,,,,,,,,,,,
4.07250057887286,grasp,,,,,,,,,,,,,,,,,,,,,1.672008752822876,0.5204412341117859,1.1162400245666504,-0.5967301726341248,0.01659884676337242,0.006053192541003227,0.03452719748020172,1.6320716962022501,0.5076336528452972,1.0925881083374807,-0.5824565113865116,0.016912099317083897,-0.00015765186089592987,,,,,,,,,,,,
4.09250057887286,grasp,,,,,,,,,,,,,,,,,,,,,1.65240478515625,0.5145283937454224,1.1033858060836792,-0.5898259282112122,0.017681393772363663,0.006001878995448351,0.03452719748020172,1.6320716962022501,0.5076336528452972,1.0925881083374807,-0.5824565113865116,0.016912099317083897,-0.00015765186089592987,,,,,,,,,,,,
4.11250057887286,grasp,,,,,,,,,,,,,,,,,,,,,1.6135069131851196,0.5024272799491882,1.0778558254241943,-0.5756828188896179,0.01580638997256756,0.006002217531204224,0.03452719748020172,1.5716656850434214,0.4891141270234357,1.0529372093077418,-0.5606287047163605,0.016113731959082406,-0.00020130024284993148,,,,,,,,,,,,
4.13250057887286,grasp,,,,,,,,,,,,,,,,,,,,,1.5929707288742065,0.49627065658569336,1.064374566078186,-0.5684003233909607,0.016950180754065514,0.0059365686029195786,0.03452719748020172,1.5716656850434214,0.4891141270234357,1.0529372093077418,-0.5606287047163605,0.016113731959082406,-0.00020130024284993148,,,,,,,,,,,,
4.15250057887286,grasp,,,,,,,,,,,,,,,,,,,,,1.552536964416504,0.48371008038520813,1.0378261804580688,-0.5536733269691467,0.014971952885389328,0.00593740725889802,0.03452719748020172,1.5090364461628802,0.46990852260711174,1.0118282476706852,-0.5379984120863016,0.015285997627935496,-0.0002465539406917874,,,,,,,,,,,,
4.17250057887286,grasp,,,,,,,,,,,,,,,,,,,,,1.5311846733093262,0.47732022404670715,1.0238220691680908,-0.5460897088050842,0.016146136447787285,0.005879960022866726,0.03452719748020172,1.5090364461628802,0.46990852260711174,1.0118282476706852,-0.5379984120863016,0.015285997627935496,-0.0002465539406917874,,,,,,,,,,,,
4.19250057887286,grasp,,,,,,,,,,,,,,,,,,,,,1.4894039630889893,0.4643441438674927,0.9963966608047485,-0.5308668613433838,0.014097332954406738,0.0058861481957137585,0.03452719748020172,1.444458414195991,0.4501007523321112,0.9694407721608811,-0.5146643815591045,0.014432523076424598,-0.0002932149231155479,,,,,,,,,,,,
4.212500578872859,grasp,,,,,,,,,,,,,,,,,,,,,1.467341661453247,0.4577440023422241,0.9819276928901672,-0.5230274200439453,0.015329237096011639,0.005827867425978184,0.03452719748020172,1.444458414195991,0.4501007523321112,0.9694407721608811,-0.5146643815591045,0.014432523076424598,-0.0002932149231155479,,,,,,,,,,,,
4.23250057887286,grasp,,,,,,,,,,,,,,,,,,,,,1.4244060516357422,0.4444057047367096,0.9537397623062134,-0.5073822140693665,0.013205508701503277,0.0058379885740578175,0.03452719748020172,1.3782202541915767,0.42977790098148927,0.9259642751486227,-0.4907308611956356,0.013557124563021264,-0.00034107445027492246,,,,,,,,,,,,
4.25250057887286,grasp,,,,,,,,,,,,,,,,,,,,,1.4017345905303955,0.4376218616962433,0.9388706088066101,-0.4993249475955963,0.014479311183094978,0.005778894294053316,0.03452719748020172,1.3782202541915767,0.42977790098148927,0.9259642751486227,-0.4907308611956356,0.013557124563021264,-0.00034107445027492246,,,,,,,,,,,,
4.27250057887286,grasp,,,,,,,,,,,,,,,,,,,,,1.3578399419784546,0.4239821434020996,0.9100547432899475,-0.4833300709724426,0.012300966307520866,0.0057899197563529015,0.03452719748020172,1.3106225162568315,0.40903223005135847,0.8815957250498913,-0.4663063816171597,0.012663776611762996,-0.00038991546274450597,,,,,,,,,,,,
4.292500578872859,grasp,,,,,,,,,,,,,,,,,,,,,1.3346614837646484,0.4170452356338501,0.8948508501052856,-0.47509223222732544,0.013611781410872936,0.005729555152356625,0.03452719748020172,1.3106225162568315,0.40903223005135847,0.8815957250498913,-0.4663063816171597,0.012663776611762996,-0.00038991546274450597,,,,,,,,,,,,
4.31250057887286,grasp,,,,,,,,,,,,,,,,,,,,,1.2900080680847168,0.40316495299339294,0.8655380606651306,-0.4588209092617035,0.011384032666683197,0.0057412306778132915,0.03452719748020172,1.2419758450898633,0.38795726938148195,0.8365387492594178,-0.44150302513648404,0.011756579583951526,-0.0004395136687127443,,,,,,,,,,,,
4.33250057887286,grasp,,,,,,,,,,,,,,,,,,,,,1.2664285898208618,0.39610612392425537,0.8500685095787048,-0.45044025778770447,0.012727946974337101,0.005679641850292683,0.03452719748020172,1.2419758450898633,0.38795726938148195,0.8365387492594178,-0.44150302513648404,0.011756579583951526,-0.0004395136687127443,,,,,,,,,,,,
4.35250057887286,grasp,,,,,,,,,,,,,,,,,,,,,1.2212234735488892,0.3820493221282959,0.8203942775726318,-0.4339677393436432,0.010458461940288544,0.005691879894584417,0.03452719748020172,1.1725979806333535,0.3666503915799403,0.791001730619359,-0.41643550858083456,0.010839729177082591,-0.0004896398299516653,,,,,,,,,,,,
4.3725005788728595,grasp,,,,,,,,,,,,,,,,,,,,,1.1973515748977661,0.3749008774757385,0.8047302961349487,-0.42548292875289917,0.011830540373921394,0.005629269406199455,0.03452719748020172,1.1725979806333535,0.3666503915799403,0.791001730619359,-0.41643550858083456,0.010839729177082591,-0.0004896398299516653,,,,,,,,,,,,
4.39250057887286,grasp,,,,,,,,,,,,,,,,,,,,,1.1518058776855469,0.36073169112205505,0.7748320698738098,-0.4088858962059021,0.00952897034585476,0.005642037373036146,0.03452719748020172,1.1028119590143521,0.3452098183777782,0.745196527690098,-0.3912205400375018,0.00991749671456145,-0.000540060471111927,,,,,,,,,,,,
4.4125005788728595,grasp,,,,,,,,,,,,,,,,,,,,,1.1277521848678589,0.35352686047554016,0.759046196937561,-0.4003363251686096,0.010922952555119991,0.005578643176704645,0.03452719748020172,1.1028119590143521,0.3452098183777782,0.745196527690098,-0.3912205400375018,0.00991749671456145,-0.000540060471111927,,,,,,,,,,,,
4.43250057887286,grasp,,,,,,,,,,,,,,,,,,,,,1.0820772647857666,0.3393107056617737,0.729064404964447,-0.38369208574295044,0.008599868975579739,0.005591847933828831,0.03452719748020172,1.032943793017115,0.3237342036921569,0.6993369590400499,-0.36597585763427504,0.008994187880127588,-0.000590540190768488,,,,,,,,,,,,
4.4525005788728595,grasp,,,,,,,,,,,,,,,,,,,,,1.057952880859375,0.3320828378200531,0.7132296562194824,-0.37511754035949707,0.010009495541453362,0.0055280206725001335,0.03452719748020172,1.032943793017115,0.3237342036921569,0.6993369590400499,-0.36597585763427504,0.008994187880127588,-0.000590540190768488,,,,,,,,,,,,
4.47250057887286,grasp,,,,,,,,,,,,,,,,,,,,,1.0123636722564697,0.31788578629493713,0.6833035945892334,-0.3585039973258972,0.007675851695239544,0.005541602615267038,0.03452719748020172,0.9633197011531814,0.30232377800328397,0.6536371589385669,-0.34081942134237386,0.008074112352895556,-0.000640843358613378,,,,,,,,,,,,
4.49250057887286,grasp,,,,,,,,,,,,,,,,,,,,,0.9882818460464478,0.31066861748695374,0.6674937009811401,-0.3499445617198944,0.009094453416764736,0.00547754717990756,0.03452719748020172,0.9633197011531814,0.30232377800328397,0.6536371589385669,-0.34081942134237386,0.008074112352895556,-0.000640843358613378,,,,,,,,,,,,
4.51250057887286,grasp,,,,,,,,,,,,,,,,,,,,,0.9429904222488403,0.2965558171272278,0.6377634406089783,-0.33343905210494995,0.006761031690984964,0.005491491407155991,0.03452719748020172,0.8942645929999324,0.2810769578215325,0.6083101817899583,-0.31586853391177144,0.007161554717636224,-0.0006907356838836713,,,,,,,,,,,,
4.53250057887286,grasp,,,,,,,,,,,,,,,,,,,,,0.9190628528594971,0.2893827557563782,0.6220519542694092,-0.3249344825744629,0.008181743323802948,0.005427568685263395,0.03452719748020172,0.8942645929999324,0.2810769578215325,0.6083101817899583,-0.31586853391177144,0.007161554717636224,-0.0006907356838836713,,,,,,,,,,,,
4.55250057887286,grasp,,,,,,,,,,,,,,,,,,,,,0.8742801547050476,0.27541887760162354,0.5926554203033447,-0.3086138963699341,0.005860084667801857,0.005441759247332811,0.03452719748020172,0.8260993610940799,0.26009097271414755,0.5635664576519893,-0.29123911858151347,0.0062607491304505205,-0.0007399855589769195,,,,,,,,,,,,
4.57250057887286,grasp,,,,,,,,,,,,,,,,,,,,,0.850618302822113,0.2683229446411133,0.577114999294281,-0.3002038300037384,0.007275415118783712,0.005378279369324446,0.03452719748020172,0.8260993610940799,0.26009097271414755,0.5635664576519893,-0.29123911858151347,0.0062607491304505205,-0.0007399855589769195,,,,,,,,,,,,
4.59250057887286,grasp,,,,,,,,,,,,,,,,,,,,,0.806551456451416,0.2545722424983978,0.5481884479522705,-0.28414374589920044,0.0049771033227443695,0.005392630118876696,0.03452719748020172,0.759138304963486,0.2394620702043031,0.5196123429217646,-0.2670448145168895,0.005375849991047008,-0.0007883658750945432,,,,,,,,,,,,
4.61250057887286,grasp,,,,,,,,,,,,,,,,,,,,,0.7832646369934082,0.2475861757993698,0.5328906774520874,-0.2758670747280121,0.006379862315952778,0.0053298743441700935,0.03452719748020172,0.759138304963486,0.2394620702043031,0.5196123429217646,-0.2670448145168895,0.005375849991047008,-0.0007883658750945432,,,,,,,,,,,,
4.63250057887286,grasp,,,,,,,,,,,,,,,,,,,,,0.7401155233383179,0.23411089181900024,0.5045669078826904,-0.2601407766342163,0.004116025287657976,0.00534431915730238,0.03452719748020172,0.693687196509246,0.21928382087474216,0.4766485569712483,-0.24339612312652734,0.0045108965367323395,-0.0008356558674476676,,,,,,,,,,,,
4.65250057887286,grasp,,,,,,,,,,,,,,,,,,,,,0.7173106074333191,0.22726647555828094,0.4895816445350647,-0.25203534960746765,0.005499059334397316,0.00528261624276638,0.03452719748020172,0.693687196509246,0.21928382087474216,0.4766485569712483,-0.24339612312652734,0.0045108965367323395,-0.0008356558674476676,,,,,,,,,,,,
4.67250057887286,grasp,,,,,,,,,,,,,,,,,,,,,0.675274670124054,0.21412670612335205,0.4619888365268707,-0.23671437799930573,0.0032809635158628225,0.00529702240601182,0.03452719748020172,0.6300412025546956,0.1996455976630511,0.434868685776107,-0.22039968219250708,0.003669786822866352,-0.0008816422595422125,,,,,,,,,,,,
4.69250057887286,grasp,,,,,,,,,,,,,,,,,,,,,0.6530547738075256,0.20745457708835602,0.4473840892314911,-0.2288171499967575,0.004636904690414667,0.005236671306192875,0.03452719748020172,0.6300412025546956,0.1996455976630511,0.434868685776107,-0.22039968219250708,0.003669786822866352,-0.0008816422595422125,,,,,,,,,,,,
4.712500578872859,grasp,,,,,,,,,,,,,,,,,,,,,0.6123195886611938,0.19470764696598053,0.42064523696899414,-0.21396955847740173,0.002475462853908539,0.005251007154583931,0.03452719748020172,0.5684824245522994,0.18063242168306046,0.3944577368332274,-0.19815734284522094,0.002856245089189124,-0.0009261216662227153,,,,,,,,,,,,
4.73250057887286,grasp,,,,,,,,,,,,,,,,,,,,,0.5907832980155945,0.18823698163032532,0.4064863920211792,-0.2063155621290207,0.0037971262354403734,0.005192333832383156,0.03452719748020172,0.5684824245522994,0.18063242168306046,0.3944577368332274,-0.19815734284522094,0.002856245089189124,-0.0009261216662227153,,,,,,,,,,,,
4.75250057887286,grasp,,,,,,,,,,,,,,,,,,,,,0.5515262484550476,0.17593824863433838,0.38071805238723755,-0.1920061558485031,0.001703178510069847,0.0052064526826143265,0.03452719748020172,0.5092769971604881,0.16232689428724326,0.3555903987313069,-0.17676521455022404,0.002073790199967119,-0.0009689014666024661,,,,,,,,,,,,
4.77250057887286,grasp,,,,,,,,,,,,,,,,,,,,,0.5307683944702148,0.1696971356868744,0.36706721782684326,-0.18462882936000824,0.002983660437166691,0.005149656906723976,0.03452719748020172,0.5092769971604881,0.16232689428724326,0.3555903987313069,-0.17676521455022404,0.002073790199967119,-0.0009689014666024661,,,,,,,,,,,,
4.792500578872859,grasp,,,,,,,,,,,,,,,,,,,,,0.49315598607063293,0.15789850056171417,0.34237852692604065,-0.17091821134090424,0.0009670573635958135,0.0051635392010211945,0.03452719748020172,0.45267351357719693,0.14480524591898158,0.31842983029372085,-0.15631310517953803,0.0013257088901205347,-0.001009801947931108,,,,,,,,,,,,
4.81250057887286,grasp,,,,,,,,,,,,,,,,,,,,,0.4732644557952881,0.15191328525543213,0.329293817281723,-0.16384878754615784,0.0021994945127516985,0.005108934361487627,0.03452719748020172,0.45267351357719693,0.14480524591898158,0.31842983029372085,-0.15631310517953803,0.0013257088901205347,-0.001009801947931108,,,,,,,,,,,,
4.83250057887286,grasp,,,,,,,,,,,,,,,,,,,,,0.43745046854019165,0.1406620889902115,0.3057861030101776,-0.15079309046268463,0.000270467164227739,0.005122410133481026,0.03452719748020172,0.3989008299319138,0.12813640969774268,0.28312612737662307,-0.1368836872622911,0.0006150274861675632,-0.0010486576170102475,,,,,,,,,,,,
4.85250057887286,grasp,,,,,,,,,,,,,,,,,,,,,0.4185071289539337,0.1349564790725708,0.29332149028778076,-0.14406068623065948,0.001448250375688076,0.005070297047495842,0.03452719748020172,0.3989008299319138,0.12813640969774268,0.28312612737662307,-0.1368836872622911,0.0006150274861675632,-0.0010486576170102475,,,,,,,,,,,,
4.8725005788728595,grasp,,,,,,,,,,,,,,,,,,,,,0.3846312463283539,0.124296635389328,0.27108585834503174,-0.13171084225177765,-0.0003835748939309269,0.005083264317363501,0.03452719748020172,0.34816502127150956,0.11238464363692281,0.24981459315223611,-0.11855132359071514,-5.553075736510163e-05,-0.0010853196174741698,,,,,,,,,,,,
4.89250057887286,grasp,,,,,,,,,,,,,,,,,,,,,0.3667103946208954,0.11889273673295975,0.2592908442020416,-0.12534178793430328,0.000733336724806577,0.005033871624618769,0.03452719748020172,0.34816502127150956,0.11238464363692281,0.24981459315223611,-0.11855132359071514,-5.553075736510163e-05,-0.0010853196174741698,,,,,,,,,,,,
4.9125005788728595,grasp,,,,,,,,,,,,,,,,,,,,,0.3348967730998993,0.10886245220899582,0.238409623503685,-0.11374302953481674,-0.0009947444777935743,0.0050463019870221615,0.03452719748020172,0.30064799321093505,0.09760473994758376,0.21861454300606548,-0.1013816957553412,-0.0006835614089489629,-0.0011196565186711476,,,,,,,,,,,,
4.93250057887286,grasp,,,,,,,,,,,,,,,,,,,,,0.318064421415329,0.1037796139717102,0.22732780873775482,-0.10776080936193466,5.683493509422988e-05,0.004999835044145584,0.03452719748020172,0.30064799321093505,0.09760473994758376,0.21861454300606548,-0.1013816957553412,-0.0006835614089489629,-0.0011196565186711476,,,,,,,,,,,,
4.9525005788728595,grasp,,,,,,,,,,,,,,,,,,,,,0.2884202301502228,0.09441230446100235,0.20787052810192108,-0.09695221483707428,-0.0015589246759191155,0.005011572036892176,0.03452719748020172,0.2565046622913339,0.08384389713381751,0.18962754555277286,-0.08543070534323179,-0.0012670162571240553,-0.0011515561824019234,,,,,,,,,,,,
4.97250057887286,grasp,,,,,,,,,,,,,,,,,,,,,0.27273380756378174,0.0896666944026947,0.19754138588905334,-0.09137707203626633,-0.000578592880629003,0.004968234803527594,0.03452719748020172,0.2565046622913339,0.08384389713381751,0.18962754555277286,-0.08543070534323179,-0.0012670162571240553,-0.0011515561824019234,,,,,,,,,,,,
4.99250057887286,grasp,,,,,,,,,,,,,,,,,,,,,0.24534735083580017,0.08099056780338287,0.17956608533859253,-0.08139091730117798,-0.0020770106930285692,0.004979259334504604,0.03452719748020172,0.2158604306952196,0.0711417476215129,0.1629359210607865,-0.0707436649253145,-0.0018042355498956064,-0.001180927970601544,,,,,,,,,,,,
5.01250057887286,grasp,,,,,,,,,,,,,,,,,,,,,0.23085357248783112,0.07659632712602615,0.1700209230184555,-0.07623960077762604,-0.001169511117041111,0.004939128179103136,0.03452719748020172,0.2158604306952196,0.0711417476215129,0.1629359210607865,-0.0707436649253145,-0.0018042355498956064,-0.001180927970601544,,,,,,,,,,,,
5.03250057887286,grasp,,,,,,,,,,,,,,,,,,,,,0.20579345524311066,0.06863364577293396,0.1535715013742447,-0.06710083782672882,-0.0025461434852331877,0.0049494062550365925,0.03452719748020172,0.17880926165765162,0.059528021542306644,0.1386014404533477,-0.05735450348194801,-0.002293976428623472,-0.0012077039803465252,,,,,,,,,,,,
5.05250057887286,grasp,,,,,,,,,,,,,,,,,,,,,0.19252946972846985,0.06460151076316833,0.14483483135700226,-0.06238637492060661,-0.001716630649752915,0.004912704229354858,0.03452719748020172,0.17880926165765162,0.059528021542306644,0.1386014404533477,-0.05735450348194801,-0.002293976428623472,-0.0012077039803465252,,,,,,,,,,,,
5.07250057887286,grasp,,,,,,,,,,,,,,,,,,,,,0.169841930270195,0.0573681965470314,0.12994250655174255,-0.05411206930875778,-0.0029656707774847746,0.004922085907310247,0.03452719748020172,0.14541100875213975,0.04902350417354463,0.11666365062472094,-0.04528487179323314,-0.0027354467366482865,-0.0012318408717026258,,,,,,,,,,,,
5.09250057887286,grasp,,,,,,,,,,,,,,,,,,,,,0.15783284604549408,0.053706053644418716,0.12203146517276764,-0.049843303859233856,-0.0022171400487422943,0.0048888809978961945,0.03452719748020172,0.14541100875213975,0.04902350417354463,0.11666365062472094,-0.04528487179323314,-0.0027354467366482865,-0.0012318408717026258,,,,,,,,,,,,
5.11250057887286,grasp,,,,,,,,,,,,,,,,,,,,,0.13754136860370636,0.04721131920814514,0.10871155560016632,-0.042442116886377335,-0.0033369946759194136,0.004897352773696184,0.03452719748020172,0.11568944750006775,0.039638057914796646,0.09713844454540344,-0.034543398652199485,-0.0031283319617080117,-0.0012533213504166507,,,,,,,,,,,,
5.13250057887286,grasp,,,,,,,,,,,,,,,,,,,,,0.12680009007453918,0.043923430144786835,0.10163520276546478,-0.03862365707755089,-0.0026699723675847054,0.004867749288678169,0.03452719748020172,0.11568944750006775,0.039638057914796646,0.09713844454540344,-0.034543398652199485,-0.0031283319617080117,-0.0012533213504166507,,,,,,,,,,,,
5.15250057887286,grasp,,,,,,,,,,,,,,,,,,,,,0.1089039295911789,0.03816821426153183,0.08988703787326813,-0.03209536895155907,-0.003659816924482584,0.004875270649790764,0.03452719748020172,0.0896304513028931,0.03136830143590815,0.08001655913091904,-0.025125001626186208,-0.0034728185288216682,-0.0012721556053951976,,,,,,,,,,,,
5.17250057887286,grasp,,,,,,,,,,,,,,,,,,,,,0.09943049401044846,0.035254720598459244,0.08364580571651459,-0.028727201744914055,-0.0030751824378967285,0.00484922481700778,0.03452719748020172,0.0896304513028931,0.03136830143590815,0.08001655913091904,-0.025125001626186208,-0.0034728185288216682,-0.0012721556053951976,,,,,,,,,,,,
5.19250057887286,grasp,,,,,,,,,,,,,,,,,,,,,0.08390367031097412,0.030230749398469925,0.07345140725374222,-0.023062266409397125,-0.003935432992875576,0.004855821840465069,0.03452719748020172,0.06717986093560072,0.0241964176341681,0.06526205304614506,-0.017010117785883617,-0.0037696232911931878,-0.001288382907370749,,,,,,,,,,,,
5.212500578872859,grasp,,,,,,,,,,,,,,,,,,,,,0.07568404078483582,0.02768721431493759,0.06803636252880096,-0.02013951912522316,-0.003431521588936448,0.004833294544368982,0.03452719748020172,0.06717986093560072,0.0241964176341681,0.06526205304614506,-0.017010117785883617,-0.0037696232911931878,-0.001288382907370749,,,,,,,,,,,,
5.23250057887286,grasp,,,,,,,,,,,,,,,,,,,,,0.062472712248563766,0.023377997800707817,0.059360016137361526,-0.015318336896598339,-0.004165986552834511,0.004838968627154827,0.03452719748020172,0.048240255763202275,0.018092946024315767,0.05281072302169429,-0.01016357393843588,-0.004020033814746336,-0.0013020736186225054,,,,,,,,,,,,
5.25250057887286,grasp,,,,,,,,,,,,,,,,,,,,,0.05547839030623436,0.02119583822786808,0.054752666503190994,-0.012830918654799461,-0.0037416222039610147,0.004819890484213829,0.03452719748020172,0.048240255763202275,0.018092946024315767,0.05281072302169429,-0.01016357393843588,-0.004020033814746336,-0.0013020736186225054,,,,,,,,,,,,
5.27250057887286,grasp,,,,,,,,,,,,,,,,,,,,,0.044498883187770844,0.017573999240994453,0.04753892496228218,-0.008823488838970661,-0.004351504612714052,0.004824604373425245,0.03452719748020172,0.03267020363915363,0.013009906025980452,0.04256914228169707,-0.004534230456194474,-0.004225921906983141,-0.0013133301343316044,,,,,,,,,,,,
5.292500578872859,grasp,,,,,,,,,,,,,,,,,,,,,0.03868725150823593,0.0157389547675848,0.043710894882678986,-0.00675596296787262,-0.004006164148449898,0.0048089297488331795,0.03452719748020172,0.03267020363915363,0.013009906025980452,0.04256914228169707,-0.004534230456194474,-0.004225921906983141,-0.0013133301343316044,,,,,,,,,,,,
5.31250057887286,grasp,,,,,,,,,,,,,,,,,,,,,0.02982184663414955,0.012786714360117912,0.03788488358259201,-0.003519628895446658,-0.004497894551604986,0.004812719766050577,0.03452719748020172,0.020270203615618064,0.008926583959679898,0.03440977878920507,-5.0550218791444335e-05,-0.00438990611438945,-0.0013222955806513764,,,,,,,,,,,,
5.33250057887286,grasp,,,,,,,,,,,,,,,,,,,,,0.025130346417427063,0.011290338821709156,0.034794777631759644,-0.0018500102451071143,-0.004224470350891352,0.004800182767212391,0.03452719748020172,0.020270203615618064,0.008926583959679898,0.03440977878920507,-5.0550218791444335e-05,-0.00438990611438945,-0.0013222955806513764,,,,,,,,,,,,
5.35250057887286,grasp,,,,,,,,,,,,,,,,,,,,,0.018230777233839035,0.008975604549050331,0.03025970235466957,0.0006691463640891016,-0.00460787583142519,0.004803177434951067,0.03452719748020172,0.010795973183122051,0.005786396548986977,0.028173897482561078,0.0033754790867960285,-0.004515206789413621,-0.0013291461258779188,,,,,,,,,,,,
5.3725005788728595,grasp,,,,,,,,,,,,,,,,,,,,,0.014580697752535343,0.007801460567861795,0.02785654552280903,0.0019687276799231768,-0.0044017089530825615,0.004793622996658087,0.03452719748020172,0.010795973183122051,0.005786396548986977,0.028173897482561078,0.0033754790867960285,-0.004515206789413621,-0.0013291461258779188,,,,,,,,,,,,
5.39250057887286,grasp,,,,,,,,,,,,,,,,,,,,,0.009466327726840973,0.006074965465813875,0.024494392797350883,0.003836383344605565,-0.0046854885295033455,0.004795832093805075,0.03452719748020172,0.003953965765883356,0.003505540455540147,0.02366942353417079,0.005849829218990348,-0.004605700471909663,-0.0013340937885587374,,,,,,,,,,,,
5.41250057887286,grasp,,,,,,,,,,,,,,,,,,,,,0.006761936470866203,0.005197983235120773,0.02271486632525921,0.004799805581569672,-0.004538548644632101,0.004788878373801708,0.03452719748020172,0.003953965765883356,0.003505540455540147,0.02366942353417079,0.005849829218990348,-0.004605700471909663,-0.0013340937885587374,,,,,,,,,,,,
5.43250057887286,grasp,,,,,,,,,,,,,,,,,,,,,0.003217847552150488,0.0039975326508283615,0.020385324954986572,0.006094275042414665,-0.004735096823424101,0.0047903903760015965,0.03452719748020172,-0.0006037737628657935,0.001983546704318912,0.020668590121049612,0.007498129354179451,-0.004665983667961736,-0.0013373896376001825,,,,,,,,,,,,
5.4525005788728595,grasp,,,,,,,,,,,,,,,,,,,,,0.0013452611165121198,0.0033864625729620457,0.019154522567987442,0.0067619504407048225,-0.004640434868633747,0.004785776603966951,0.03452719748020172,-0.0006037737628657935,0.001983546704318912,0.020668590121049612,0.007498129354179451,-0.004665983667961736,-0.0013373896376001825,,,,,,,,,,,,
5.47250057887286,grasp,,,,,,,,,,,,,,,,,,,,,-0.0008784409728832543,0.0026316300500184298,0.017693404108285904,0.007574338465929031,-0.004763192497193813,0.0047867028042674065,0.03452719748020172,-0.0032786489434725873,0.0010899080774335876,0.018907407816562243,0.008465499501502428,-0.00470136291170734,-0.0013393239164991673,,,,,,,,,,,,
5.4925005788728605,grasp,,,,,,,,,,,,,,,,,,,,,-0.0020518475212156773,0.0022466324735432863,0.01692371629178524,0.007993296720087528,-0.004710982087999582,0.004784009885042906,0.03452719748020172,-0.0032786489434725873,0.0010899080774335876,0.018907407816562243,0.008465499501502428,-0.00470136291170734,-0.0013393239164991673,,,,,,,,,,,,
5.51250057887286,grasp,,,,,,,,,,,,,,,,,,,,,-0.0032420100178569555,0.0018417045939713717,0.016142526641488075,0.008428255096077919,-0.0047760047018527985,0.004784504417330027,0.03452719748020172,-0.004529953117694865,0.0006718655788356869,0.018083527843868564,0.00891803428978805,-0.004717912757635831,-0.001340228756153637,,,,,,,,,,,,
5.53250057887286,grasp,,,,,,,,,,,,,,,,,,,,,-0.003868415718898177,0.001634623040445149,0.015733305364847183,0.008652484975755215,-0.004755495116114616,0.004783248994499445,0.03452719748020172,-0.004529953117694865,0.0006718655788356869,0.018083527843868564,0.00891803428978805,-0.004717912757635831,-0.001340228756153637,,,,,,,,,,,,
5.552500578872859,grasp,,,,,,,,,,,,,,,,,,,,,-0.0043507893569767475,0.001469852402806282,0.015417772345244884,0.008828909136354923,-0.004780995659530163,0.004783419892191887,0.03452719748020172,-0.0048776674951866595,0.000555699154144587,0.017854586306057782,0.009043785486719604,-0.0047225121727011606,-0.0013404802107120427,,,,,,,,,,,,
5.57250057887286,grasp,,,,,,,,,,,,,,,,,,,,,-0.004603662993758917,0.0013849894749000669,0.015254512429237366,0.008919798769056797,-0.004779561422765255,0.004783104173839092,0.03452719748020172,-0.0048776674951866595,0.000555699154144587,0.017854586306057782,0.009043785486719604,-0.0047225121727011606,-0.0013404802107120427,,,,,,,,,,,,
5.573126302463934,grasp,,,,,,,,,,,,,,,,,,,,,-0.004740905482321978,0.0013382151955738664,0.015167422592639923,0.008969295769929886,-0.004786002915352583,0.0047831181436777115,0.03452719748020172,-0.004892745986580849,0.0005506616435013711,0.017844658344984055,0.00904923863708973,-0.004722711630165577,-0.001340491115115583,,,,,,,,,,,,
