timestamp,phase,base_pos_x,base_pos_y,base_pos_z,base_yaw,base_quat_w,base_quat_x,base_quat_y,base_quat_z,base_lin_vel_x_body,base_lin_vel_y_body,base_ang_vel_z_body,cmd_vx,cmd_vy,cmd_wz,ee_pos_x,ee_pos_y,ee_pos_z,ee_roll,ee_pitch,ee_yaw,arm_joint1,arm_joint2,arm_joint3,arm_joint4,arm_joint5,arm_joint6,gripper,arm_action_joint1,arm_action_joint2,arm_action_joint3,arm_action_joint4,arm_action_joint5,arm_action_joint6,gripper_action,object_pos_x,object_pos_y,object_pos_z,object_quat_w,object_quat_x,object_quat_y,object_quat_z,front_image,wrist_image,success,failure_reason
0.0,grasp,,,,,,,,,,,,,,,,,,,,,,,,,,,0.00014487994485534728,,,,,,,0.043,,,,,,,,,,,
0.02,grasp,,,,,,,,,,,,,,,,,,,,,,,,,,,0.0001592955923115369,,,,,,,0.043,,,,,,,,,,,
0.04,grasp,,,,,,,,,,,,,,,,,,,,,,,,,,,0.00025425241619814187,,,,,,,0.043,,,,,,,,,,,
0.06,grasp,,,,,,,,,,,,,,,,,,,,,,,,,,,0.0004819494643015787,,,,,,,0.043,,,,,,,,,,,
0.08,grasp,,,,,,,,,,,,,,,,,,,,,,,,,,,0.0008658639853820205,,,,,,,0.043,,,,,,,,,,,
0.1,grasp,,,,,,,,,,,,,,,,,,,,,,,,,,,0.0014370026183314621,,,,,,,0.043,,,,,,,,,,,
0.12,grasp,,,,,,,,,,,,,,,,,,,,,,,,,,,0.0022131417645141482,,,,,,,0.043,,,,,,,,,,,
0.14,grasp,,,,,,,,,,,,,,,,,,,,,,,,,,,0.003200389095582068,,,,,,,0.043,,,,,,,,,,,
0.16,grasp,,,,,,,,,,,,,,,,,,,,,,,,,,,0.004402717808261514,,,,,,,0.043,,,,,,,,,,,
0.18,grasp,,,,,,,,,,,,,,,,,,,,,,,,,,,0.0058153008576482534,,,,,,,0.043,,,,,,,,,,,
0.2,grasp,,,,,,,,,,,,,,,,,,,,,,,,,,,0.007426854455843568,,,,,,,0.043,,,,,,,,,,,
0.22,grasp,,,,,,,,,,,,,,,,,,,,,,,,,,,0.009222585707902908,,,,,,,0.043,,,,,,,,,,,
0.24,grasp,,,,,,,,,,,,,,,,,,,,,,,,,,,0.011182243004441261,,,,,,,0.043,,,,,,,,,,,
0.26,grasp,,,,,,,,,,,,,,,,,,,,,,,,,,,0.013281586114317179,,,,,,,0.043,,,,,,,,,,,
0.28,grasp,,,,,,,,,,,,,,,,,,,,,,,,,,,0.015493986662477255,,,,,,,0.043,,,,,,,,,,,
0.3,grasp,,,,,,,,,,,,,,,,,,,,,,,,,,,0.01778970193117857,,,,,,,0.043,,,,,,,,,,,
0.32,grasp,,,,,,,,,,,,,,,,,,,,,,,,,,,0.02013758383691311,,,,,,,0.043,,,,,,,,,,,
0.34,grasp,,,,,,,,,,,,,,,,,,,,,,,,,,,0.02250532526522875,,,,,,,0.043,,,,,,,,,,,
0.36,grasp,,,,,,,,,,,,,,,,,,,,,,,,,,,0.02486028429120779,,,,,,,0.043,,,,,,,,,,,
0.38,grasp,,,,,,,,,,,,,,,,,,,,,,,,,,,0.02716970443725586,,,,,,,0.043,,,,,,,,,,,
0.4,grasp,,,,,,,,,,,,,,,,,,,,,,,,,,,0.02940218523144722,,,,,,,0.043,,,,,,,,,,,
0.42,grasp,,,,,,,,,,,,,,,,,,,,,,,,,,,0.0315280556678772,,,,,,,0.043,,,,,,,,,,,
0.44,grasp,,,,,,,,,,,,,,,,,,,,,,,,,,,0.03351922892034054,,,,,,,0.043,,,,,,,,,,,
0.46,grasp,,,,,,,,,,,,,,,,,,,,,,,,,,,0.035351527854800224,,,,,,,0.043,,,,,,,,,,,
0.48,grasp,,,,,,,,,,,,,,,,,,,,,,,,,,,0.03700387477874756,,,,,,,0.043,,,,,,,,,,,
0.5,grasp,,,,,,,,,,,,,,,,,,,,,,,,,,,0.03845955245196819,,,,,,,0.043,,,,,,,,,,,
0.52,grasp,,,,,,,,,,,,,,,,,,,,,,,,,,,0.03970710560679436,,,,,,,0.043,,,,,,,,,,,
0.54,grasp,,,,,,,,,,,,,,,,,,,,,,,,,,,0.04074051417410374,,,,,,,0.043,,,,,,,,,,,
0.56,grasp,,,,,,,,,,,,,,,,,,,,,,,,,,,0.041560424491763115,,,,,,,0.043,,,,,,,,,,,
0.58,grasp,,,,,,,,,,,,,,,,,,,,,,,,,,,0.042174139991402626,,,,,,,0.043,,,,,,,,,,,
0.6,grasp,,,,,,,,,,,,,,,,,,,,,,,,,,,0.04259741120040417,,,,,,,0.043,,,,,,,,,,,
0.62,grasp,,,,,,,,,,,,,,,,,,,,,,,,,,,0.04285337030887604,,,,,,,0.043,,,,,,,,,,,
0.64,grasp,,,,,,,,,,,,,,,,,,,,,,,,,,,0.04297524131834507,,,,,,,0.043,,,,,,,,,,,
0.66,grasp,,,,,,,,,,,,,,,,,,,,,,,,,,,0.04300556145608425,,,,,,,0.043,,,,,,,,,,,
0.68,grasp,,,,,,,,,,,,,,,,,,,,,,,,,,,0.042998502030968666,,,,,,,0.043,,,,,,,,,,,
0.68,grasp,,,,,,,,,,,,,,,,,,,,,-0.0015068434877321124,0.003442375920712948,0.0012527304934337735,0.015592950396239758,0.012917795218527317,-0.0010360783198848367,0.042998502030968666,-0.001506946049630642,0.0029037564527243376,0.0033531689550727606,0.01561275776475668,0.012918461114168167,-0.0010360508458688855,,,,,,,,,,,,
0.7000000000000001,grasp,,,,,,,,,,,,,,,,,,,,,-0.0015068493084982038,0.0034469368401914835,0.0012352125486359,0.015592786483466625,0.012917614541947842,-0.0010360535234212875,0.042998502030968666,-0.001506946049630642,0.0029037564527243376,0.0033531689550727606,0.01561275776475668,0.012918461114168167,-0.0010360508458688855,,,,,,,,,,,,
0.7200000000000001,grasp,,,,,,,,,,,,,,,,,,,,,-0.0013853796990588307,0.003498257137835026,0.0013177187647670507,0.01554679311811924,0.012918632477521896,-0.00103598996065557,0.042998502030968666,-0.0012508413050753182,0.0030047053623499034,0.003543485102580351,0.015518062978773813,0.012918202708862207,-0.0010358917644863468,,,,,,,,,,,,
0.74,grasp,,,,,,,,,,,,,,,,,,,,,-0.0013213464990258217,0.0035242398735135794,0.0013622920960187912,0.015523111447691917,0.01291738636791706,-0.001035919995047152,0.042998502030968666,-0.0012508413050753182,0.0030047053623499034,0.003543485102580351,0.015518062978773813,0.012918202708862207,-0.0010358917644863468,,,,,,,,,,,,
0.76,grasp,,,,,,,,,,,,,,,,,,,,,-0.00046066552749834955,0.0038648955523967743,0.001998084830120206,0.015202827751636505,0.012925868853926659,-0.0010355906561017036,0.042998502030968666,0.0004679075422373001,0.0036821837430508274,0.004820718803632987,0.014882565115599423,0.012916472048482681,-0.0010348238205008919,,,,,,,,,,,,
0.78,grasp,,,,,,,,,,,,,,,,,,,,,-1.402838734065881e-05,0.004039255902171135,0.002338116755709052,0.015037908218801022,0.012916428036987782,-0.0010351099772378802,0.042998502030968666,0.0004679075422373001,0.0036821837430508274,0.004820718803632987,0.014882565115599423,0.012916472048482681,-0.0010348238205008919,,,,,,,,,,,,
0.8,grasp,,,,,,,,,,,,,,,,,,,,,0.002365883206948638,0.004977931268513203,0.004095064010471106,0.014155806973576546,0.012937511317431927,-0.0010341538581997156,0.042998502030968666,0.00491408308231587,0.005434727095682522,0.008124751751863935,0.013238614126514302,0.01291199436721178,-0.0010320614090819598,,,,,,,,,,,,
0.8200000000000001,grasp,,,,,,,,,,,,,,,,,,,,,0.003600598545745015,0.00545478006824851,0.005032970570027828,0.013701657764613628,0.012912950478494167,-0.0010328659554943442,0.042998502030968666,0.00491408308231587,0.005434727095682522,0.008124751751863935,0.013238614126514302,0.01291199436721178,-0.0010320614090819598,,,,,,,,,,,,
0.8400000000000001,grasp,,,,,,,,,,,,,,,,,,,,,0.008217127993702888,0.0072806160897016525,0.008441293612122536,0.011991320177912712,0.01295041386038065,-0.001030936255119741,0.042998502030968666,0.013148135002858392,0.008676160256003474,0.014241728341884374,0.01019417909720547,0.012903703721294955,-0.001026945779956928,,,,,,,,,,,,
0.8600000000000001,grasp,,,,,,,,,,,,,,,,,,,,,0.010611035861074924,0.008206035010516644,0.010255228728055954,0.011110744439065456,0.012905124574899673,-0.0010284970048815012,0.042998502030968666,0.013148135002858392,0.008676160256003474,0.014241728341884374,0.01019417909720547,0.012903703721294955,-0.001026945779956928,,,,,,,,,,,,
0.8800000000000001,grasp,,,,,,,,,,,,,,,,,,,,,0.018076995387673378,0.01114923320710659,0.015762440860271454,0.008345238864421844,0.012962334789335728,-0.0010252894135192037,0.042998502030968666,0.02604267299488125,0.013727936584665576,0.023809883743942675,0.005426964494986794,0.012890719934289568,-0.001018935293202387,,,,,,,,,,,,
0.9,grasp,,,,,,,,,,,,,,,,,,,,,0.021947026252746582,0.012642278335988522,0.018688613548874855,0.006921339780092239,0.01289184670895338,-0.0010214128997176886,0.042998502030968666,0.02604267299488125,0.013727936584665576,0.023809883743942675,0.005426964494986794,0.012890719934289568,-0.001018935293202387,,,,,,,,,,,,
0.92,grasp,,,,,,,,,,,,,,,,,,,,,0.03276176005601883,0.016876669600605965,0.026653287932276726,0.002916038502007723,0.012971574440598488,-0.0010166839929297566,0.042998502030968666,0.044293245084964655,0.020823423009061533,0.03732756605136146,-0.001319574711623821,0.01287234730281836,-0.001007599450493596,,,,,,,,,,,,
0.9400000000000001,grasp,,,,,,,,,,,,,,,,,,,,,0.03836621716618538,0.019025808200240135,0.03088037483394146,0.0008537579560652375,0.012872436083853245,-0.0010111494921147823,0.042998502030968666,0.044293245084964655,0.020823423009061533,0.03732756605136146,-0.001319574711623821,0.01287234730281836,-0.001007599450493596,,,,,,,,,,,,
0.9600000000000001,grasp,,,,,,,,,,,,,,,,,,,,,0.052919384092092514,0.024668075144290924,0.04157372564077377,-0.0045351022854447365,0.012976654805243015,-0.0010046879760921001,0.042998502030968666,0.06843107068210436,0.030107496009795547,0.05516062401993349,-0.010240868880533301,0.012848053606345122,-0.0009926097748602074,,,,,,,,,,,,
0.98,grasp,,,,,,,,,,,,,,,,,,,,,0.06045976281166077,0.027532774955034256,0.047244004905223846,-0.007309813518077135,0.012846413999795914,-0.0009973443811759353,0.042998502030968666,0.06843107068210436,0.030107496009795547,0.05516062401993349,-0.010240868880533301,0.012848053606345122,-0.0009926097748602074,,,,,,,,,,,,
1.0,grasp,,,,,,,,,,,,,,,,,,,,,0.07902299612760544,0.034674402326345444,0.06086062639951706,-0.014182616025209427,0.012976311147212982,-0.0009889925131574273,0.042998502030968666,0.09880354655408158,0.04170458255791157,0.07756326114218565,-0.021465239048042675,0.01281748663905505,-0.0009737503405990355,,,,,,,,,,,,
1.02,grasp,,,,,,,,,,,,,,,,,,,,,0.08863961696624756,0.038301482796669006,0.0680755004286766,-0.017721449956297874,0.012813477776944637,-0.0009797364473342896,0.042998502030968666,0.09880354655408158,0.04170458255791157,0.07756326114218565,-0.021465239048042675,0.01281748663905505,-0.0009737503405990355,,,,,,,,,,,,
1.04,grasp,,,,,,,,,,,,,,,,,,,,,0.11137682944536209,0.04700428992509842,0.08473671227693558,-0.026138871908187866,0.012969535775482655,-0.0009693926549516618,0.042998502030968666,0.135600289150787,0.0556919055225716,0.10467967240056474,-0.03506290759373374,0.012780454216088559,-0.0009509023056074568,,,,,,,,,,,,
1.06,grasp,,,,,,,,,,,,,,,,,,,,,0.12315421551465988,0.05142559856176376,0.09355869144201279,-0.030473100021481514,0.012773571535944939,-0.0009581760969012976,0.042998502030968666,0.135600289150787,0.0556919055225716,0.10467967240056474,-0.03506290759373374,0.012780454216088559,-0.0009509023056074568,,,,,,,,,,,,
1.08,grasp,,,,,,,,,,,,,,,,,,,,,0.1501345932483673,0.06171226128935814,0.11331520974636078,-0.0404607355594635,0.012955641373991966,-0.0009457786218263209,0.042998502030968666,0.1788743317881773,0.0720825673404859,0.13654729434587073,-0.05105339374588018,0.012736904209536267,-0.0009240331475809434,,,,,,,,,,,,
1.1,grasp,,,,,,,,,,,,,,,,,,,,,0.16410833597183228,0.0669398084282875,0.12376905977725983,-0.04560355469584465,0.01272676419466734,-0.000932607043068856,0.042998502030968666,0.1788743317881773,0.0720825673404859,0.13654729434587073,-0.05105339374588018,0.012736904209536267,-0.0009240331475809434,,,,,,,,,,,,
1.12,grasp,,,,,,,,,,,,,,,,,,,,,0.19531168043613434,0.07880198210477829,0.1466064751148224,-0.05715380981564522,0.01293406542390585,-0.000918130564969033,0.042998502030968666,0.22854570286403217,0.09084729982353157,0.17310690059267772,-0.06940709022013354,0.01268691923776404,-0.0008931941666792111,,,,,,,,,,,,
1.1400000000000001,grasp,,,,,,,,,,,,,,,,,,,,,0.21147090196609497,0.0848320722579956,0.15868236124515533,-0.06310134381055832,0.012673266232013702,-0.0009030485525727272,0.042998502030968666,0.22854570286403217,0.09084729982353157,0.17310690059267772,-0.06940709022013354,0.01268691923776404,-0.0008931941666792111,,,,,,,,,,,,
1.1600000000000001,grasp,,,,,,,,,,,,,,,,,,,,,0.2467963993549347,0.09822800755500793,0.1845262497663498,-0.07617681473493576,0.012904535047709942,-0.000886517867911607,0.042998502030968666,0.28441698581325797,0.11190510447372355,0.21421041088294362,-0.0900509896747399,0.012630700024514236,-0.0008585080859054334,,,,,,,,,,,,
1.1800000000000002,grasp,,,,,,,,,,,,,,,,,,,,,0.2650887072086334,0.10503991693258286,0.19818241894245148,-0.08290979266166687,0.012613383121788502,-0.0008696014410816133,0.042998502030968666,0.28441698581325797,0.11190510447372355,0.21421041088294362,-0.0900509896747399,0.012630700024514236,-0.0008585080859054334,,,,,,,,,,,,
1.2000000000000002,grasp,,,,,,,,,,,,,,,,,,,,,0.30435892939567566,0.11990392208099365,0.22690454125404358,-0.09744496643543243,0.012866844423115253,-0.0008510698680765927,0.042998502030968666,0.34617709517762585,0.13514398896419805,0.259631311109446,-0.11287032955805544,0.012568553889481813,-0.0008201662530203271,,,,,,,,,,,,
1.2200000000000002,grasp,,,,,,,,,,,,,,,,,,,,,0.32469213008880615,0.12746483087539673,0.24207063019275665,-0.10492964833974838,0.01254754327237606,-0.0008324350346811116,0.042998502030968666,0.34617709517762585,0.13514398896419805,0.259631311109446,-0.11287032955805544,0.012568553889481813,-0.0008201662530203271,,,,,,,,,,,,
1.2400000000000002,grasp,,,,,,,,,,,,,,,,,,,,,0.3676639199256897,0.14370319247245789,0.27349305152893066,-0.1208343356847763,0.012821066193282604,-0.0008119968697428703,0.042998502030968666,0.4134201354373903,0.16040716396332574,0.3090698108163143,-0.13771515855353178,0.012500889085958469,-0.000778420359786653,,,,,,,,,,,,
1.26,grasp,,,,,,,,,,,,,,,,,,,,,0.38991183042526245,0.15196570754051208,0.2900730073451996,-0.12902438640594482,0.012476179748773575,-0.0007917852490209043,0.042998502030968666,0.4134201354373903,0.16040716396332574,0.3090698108163143,-0.13771515855353178,0.012500889085958469,-0.000778420359786653,,,,,,,,,,,,
1.28,grasp,,,,,,,,,,,,,,,,,,,,,0.4362800419330597,0.16946560144424438,0.323972225189209,-0.14628738164901733,0.012767333537340164,-0.0007695703534409404,0.042998502030968666,0.4856496235988617,0.18751310049145967,0.36216299970348736,-0.16440204820882828,0.012428205470429936,-0.000733579709582623,,,,,,,,,,,,
1.3,grasp,,,,,,,,,,,,,,,,,,,,,0.4602847993373871,0.17837229371070862,0.34184858202934265,-0.15507535636425018,0.012399903498589993,-0.0007479352061636746,0.042998502030968666,0.4856496235988617,0.18751310049145967,0.36216299970348736,-0.16440204820882828,0.012428205470429936,-0.000733579709582623,,,,,,,,,,,,
1.32,grasp,,,,,,,,,,,,,,,,,,,,,0.5096919536590576,0.19700036942958832,0.37796059250831604,-0.1737479716539383,0.012706032954156399,-0.0007241105195134878,0.042998502030968666,0.5622942723066335,0.21624795967707022,0.41849133600945637,-0.1927199505530446,0.01235107992250075,-0.0006859990931327184,,,,,,,,,,,,
1.34,grasp,,,,,,,,,,,,,,,,,,,,,0.5352683663368225,0.20648247003555298,0.3969973921775818,-0.1829514056444168,0.012319381348788738,-0.0007011968409642577,0.042998502030968666,0.5622942723066335,0.21624795967707022,0.41849133600945637,-0.1927199505530446,0.01235107992250075,-0.0006859990931327184,,,,,,,,,,,,
1.36,grasp,,,,,,,,,,,,,,,,,,,,,0.5873115658760071,0.22608666121959686,0.43502840399742126,-0.2028501331806183,0.012611659243702888,-0.000673015892971307,0.042998502030968666,0.6427173994387861,0.24637338714414728,0.47758716931023953,-0.22243361083155055,0.012270150813969991,-0.0006360735733466075,,,,,,,,,,,,
1.3800000000000001,grasp,,,,,,,,,,,,,,,,,,,,,0.6142523884773254,0.23606716096401215,0.45506995916366577,-0.21234983205795288,0.01220644824206829,-0.0006505758501589298,0.042998502030968666,0.6427173994387861,0.24637338714414728,0.47758716931023953,-0.22243361083155055,0.012270150813969991,-0.0006360735733466075,,,,,,,,,,,,
1.4,grasp,,,,,,,,,,,,,,,,,,,,,0.6684879660606384,0.2564825117588043,0.4946986734867096,-0.23324620723724365,0.012499796226620674,-0.000619651866145432,0.042998502030968666,0.7262269614861963,0.2776326073035455,0.5389430746495781,-0.2532874167138491,0.012186112851974719,-0.0005842321285875158,,,,,,,,,,,,
1.42,grasp,,,,,,,,,,,,,,,,,,,,,0.6965638995170593,0.26687753200531006,0.5155740976333618,-0.24296772480010986,0.012091503478586674,-0.0005979803390800953,0.042998502030968666,0.7262269614861963,0.2776326073035455,0.5389430746495781,-0.2532874167138491,0.012186112851974719,-0.0005842321285875158,,,,,,,,,,,,
1.44,grasp,,,,,,,,,,,,,,,,,,,,,0.7525199055671692,0.28792664408683777,0.5564565062522888,-0.2645932137966156,0.012403401546180248,-0.0005670621176250279,0.042998502030968666,0.8120874288077057,0.3097525443165419,0.6020195431472528,-0.28500957153537637,0.012099708406781517,-0.000530931410398983,,,,,,,,,,,,
1.46,grasp,,,,,,,,,,,,,,,,,,,,,0.7814844250679016,0.29864662885665894,0.5779823064804077,-0.27449652552604675,0.01199632603675127,-0.0005444916896522045,0.042998502030968666,0.8120874288077057,0.3097525443165419,0.6020195431472528,-0.28500957153537637,0.012099708406781517,-0.000530931410398983,,,,,,,,,,,,
1.48,grasp,,,,,,,,,,,,,,,,,,,,,0.8386671543121338,0.3201439380645752,0.6197566986083984,-0.2965768575668335,0.012309336103498936,-0.0005129670607857406,0.042998502030968666,0.8995307445612293,0.34244764522023763,0.6662529804286498,-0.3173164046750162,0.012011713823906547,-0.00047664862070313823,,,,,,,,,,,,
1.5,grasp,,,,,,,,,,,,,,,,,,,,,0.8682600855827332,0.33109432458877563,0.6417402625083923,-0.3066369891166687,0.011908726766705513,-0.000490525912027806,0.042998502030968666,0.8995307445612293,0.34244764522023763,0.6662529804286498,-0.3173164046750162,0.012011713823906547,-0.00047664862070313823,,,,,,,,,,,,
1.52,grasp,,,,,,,,,,,,,,,,,,,,,0.9261508584022522,0.35284703969955444,0.6840325593948364,-0.32888609170913696,0.012220672331750393,-0.00045864301500841975,0.042998502030968666,0.9877671699999896,0.37542440405162986,0.7310637412235985,-0.3499162089327697,0.011922921401280933,-0.00042187372584624787,,,,,,,,,,,,
1.54,grasp,,,,,,,,,,,,,,,,,,,,,0.9561102390289307,0.36393025517463684,0.7062752842903137,-0.33908721804618835,0.01181854959577322,-0.0004358388832770288,0.042998502030968666,0.9877671699999896,0.37542440405162986,0.7310637412235985,-0.3499162089327697,0.011922921401280933,-0.00042187372584624787,,,,,,,,,,,,
1.56,grasp,,,,,,,,,,,,,,,,,,,,,1.0141839981079102,0.38574275374412537,0.7487038373947144,-0.3612343668937683,0.012129449285566807,-0.0004040961212012917,0.042998502030968666,1.0759960534454946,0.40838544124271103,0.7958643890044735,-0.38251328849202687,0.011834134744400558,-0.0003671032980172094,,,,,,,,,,,,
1.58,grasp,,,,,,,,,,,,,,,,,,,,,1.0442397594451904,0.39685890078544617,0.771003246307373,-0.3715561032295227,0.011728447861969471,-0.0003811346832662821,0.042998502030968666,1.0759960534454946,0.40838544124271103,0.7958643890044735,-0.38251328849202687,0.011834134744400558,-0.0003671032980172094,,,,,,,,,,,,
1.6,grasp,,,,,,,,,,,,,,,,,,,,,1.1019681692123413,0.41853436827659607,0.8131847381591797,-0.393353670835495,0.012038729153573513,-0.00034997970215044916,0.042998502030968666,1.1634168796386537,0.4410335075988981,0.8600676201762448,-0.4148119912201246,0.011746164015827601,-0.0003128342325366967,,,,,,,,,,,,
1.62,grasp,,,,,,,,,,,,,,,,,,,,,1.131849765777588,0.4295838475227356,0.8353381156921387,-0.40376272797584534,0.01163796428591013,-0.00032680778531357646,0.042998502030968666,1.1634168796386537,0.4410335075988981,0.8600676201762448,-0.4148119912201246,0.011746164015827601,-0.0003128342325366967,,,,,,,,,,,,
1.6400000000000001,grasp,,,,,,,,,,,,,,,,,,,,,1.1887127161026,0.450927734375,0.8768912553787231,-0.4249982535839081,0.011944408528506756,-0.0002962582802865654,0.042998502030968666,1.2492403477939278,0.4730755306300588,0.9230940544268617,-0.44652088641306337,0.011659803858015332,-0.00025955589904880374,,,,,,,,,,,,
1.6600000000000001,grasp,,,,,,,,,,,,,,,,,,,,,1.2181475162506104,0.46181076765060425,0.8986986875534058,-0.43543872237205505,0.011553547345101833,-0.0002735957968980074,0.042998502030968666,1.2492403477939278,0.4730755306300588,0.9230940544268617,-0.44652088641306337,0.011659803858015332,-0.00025955589904880374,,,,,,,,,,,,
1.6800000000000002,grasp,,,,,,,,,,,,,,,,,,,,,1.273634910583496,0.48263272643089294,0.9392508864402771,-0.4559546709060669,0.011894299648702145,-0.0002486386219970882,0.042998502030968666,1.3326990797122282,0.5042267648006147,0.9843805857344846,-0.47735672437722754,0.011575820189002477,-0.00020774381957933548,,,,,,,,,,,,
1.7000000000000002,grasp,,,,,,,,,,,,,,,,,,,,,1.3023570775985718,0.49325233697891235,0.9605183005332947,-0.4663369655609131,0.011515991762280464,-0.00022302765864878893,0.042998502030968666,1.3326990797122282,0.5042267648006147,0.9843805857344846,-0.47735672437722754,0.011575820189002477,-0.00020774381957933548,,,,,,,,,,,,
1.7200000000000002,grasp,,,,,,,,,,,,,,,,,,,,,1.3559811115264893,0.5133700966835022,0.999708354473114,-0.4860841631889343,0.011817602440714836,-0.00019756813708227128,0.042998502030968666,1.4130584132392534,0.534214580567804,1.0433888742466944,-0.5070482502788337,0.011494957507039471,-0.00015785472236740347,,,,,,,,,,,,
1.7400000000000002,grasp,,,,,,,,,,,,,,,,,,,,,1.3837385177612305,0.5236323475837708,1.0202497243881226,-0.49625450372695923,0.011446219868957996,-0.00017397725605405867,0.042998502030968666,1.4130584132392534,0.534214580567804,1.0433888742466944,-0.5070482502788337,0.011494957507039471,-0.00015785472236740347,,,,,,,,,,,,
1.7600000000000002,grasp,,,,,,,,,,,,,,,,,,,,,1.4350310564041138,0.5428727269172668,1.0577360391616821,-0.5152137875556946,0.01172688789665699,-0.0001481857179896906,0.042998502030968666,1.4896274708878157,0.5627830245768337,1.0996128082174315,-0.5353405411446547,0.011417909822068712,-0.00011031601139404034,,,,,,,,,,,,
1.7800000000000002,grasp,,,,,,,,,,,,,,,,,,,,,1.4615832567214966,0.5526886582374573,1.077377438545227,-0.5249784588813782,0.011372961103916168,-0.00012586302182171494,0.042998502030968666,1.4896274708878157,0.5627830245768337,1.0996128082174315,-0.5353405411446547,0.011417909822068712,-0.00011031601139404034,,,,,,,,,,,,
1.8000000000000003,grasp,,,,,,,,,,,,,,,,,,,,,1.5101138353347778,0.570891261100769,1.11284601688385,-0.5429365038871765,0.011634293012320995,-0.00010154795018024743,0.042998502030968666,1.5617700361013125,0.5896964385962357,1.1525867448826228,-0.5619992661284577,0.011345312292766788,-6.552064651616676e-05,,,,,,,,,,,,
1.8200000000000003,grasp,,,,,,,,,,,,,,,,,,,,,1.535237431526184,0.5801788568496704,1.131424069404602,-0.5521853566169739,0.011302229017019272,-8.011871250346303e-05,0.042998502030968666,1.5617700361013125,0.5896964385962357,1.1525867448826228,-0.5619992661284577,0.011345312292766788,-6.552064651616676e-05,,,,,,,,,,,,
1.8399999999999999,grasp,,,,,,,,,,,,,,,,,,,,,1.5806223154067993,0.5971937775611877,1.1645970344543457,-0.568994402885437,0.011544235982000828,-5.752787183155306e-05,0.042998502030968666,1.6289307462154126,0.6147345414058836,1.2019064218752913,-0.5868364775892335,0.01127814893226605,-2.3812405426301572e-05,,,,,,,,,,,,
1.8599999999999999,grasp,,,,,,,,,,,,,,,,,,,,,1.6041189432144165,0.6058762073516846,1.1819669008255005,-0.5776516795158386,0.011236720718443394,-3.749992174562067e-05,0.042998502030968666,1.6289307462154126,0.6147345414058836,1.2019064218752913,-0.5868364775892335,0.01127814893226605,-2.3812405426301572e-05,,,,,,,,,,,,
1.88,grasp,,,,,,,,,,,,,,,,,,,,,1.6356465816497803,0.6275476217269897,1.2055805921554565,-0.5799745321273804,0.011108659207820892,-2.0957590095349588e-05,0.042998502030968666,1.6691796614649868,0.65016001189619,1.2326108987573527,-0.5824232841548789,0.010691082600678675,1.6380983759324894e-06,,,,,,,,,,,,
1.9,grasp,,,,,,,,,,,,,,,,,,,,,1.6519567966461182,0.6387584805488586,1.2178725004196167,-0.5811701416969299,0.010789996013045311,-7.566986369056394e-06,0.042998502030968666,1.6691796614649868,0.65016001189619,1.2326108987573527,-0.5824232841548789,0.010691082600678675,1.6380983759324894e-06,,,,,,,,,,,,
1.92,grasp,,,,,,,,,,,,,,,,,,,,,1.6595416069030762,0.67042475938797,1.2250185012817383,-0.5563907623291016,0.01001001987606287,-1.9262306523160078e-06,0.042998502030968666,1.6675564033484667,0.7043183353377612,1.2343781120561073,-0.5300399148847514,0.00927192725488396,1.7868200384612298e-06,,,,,,,,,,,,
1.94,grasp,,,,,,,,,,,,,,,,,,,,,1.6634372472763062,0.687239944934845,1.2285735607147217,-0.5436255931854248,0.009631163440644741,3.9991397215999314e-07,0.042998502030968666,1.6675564033484667,0.7043183353377612,1.2343781120561073,-0.5300399148847514,0.00927192725488396,1.7868200384612298e-06,,,,,,,,,,,,
1.96,grasp,,,,,,,,,,,,,,,,,,,,,1.6648309230804443,0.7190230488777161,1.2312524318695068,-0.5145907998085022,0.008841929025948048,1.3543356089940062e-06,0.042998502030968666,1.6663081174635708,0.7523480054545105,1.23606336894298,-0.4837165548644587,0.008023232462080296,2.029153916710681e-06,,,,,,,,,,,,
1.98,grasp,,,,,,,,,,,,,,,,,,,,,1.665547490119934,0.7355942726135254,1.2325286865234375,-0.49963322281837463,0.008437708020210266,1.867941023192543e-06,0.042998502030968666,1.6663081174635708,0.7523480054545105,1.23606336894298,-0.4837165548644587,0.008023232462080296,2.029153916710681e-06,,,,,,,,,,,,
2.0,grasp,,,,,,,,,,,,,,,,,,,,,1.665395975112915,0.7642545104026794,1.2339587211608887,-0.4723662734031677,0.007707617245614529,2.116284804287716e-06,0.042998502030968666,1.6652223987806436,0.7941783525288061,1.2375285682806123,-0.4433701751428364,0.006936907094697444,2.239975019835407e-06,,,,,,,,,,,,
2.02,grasp,,,,,,,,,,,,,,,,,,,,,1.6653167009353638,0.7791800498962402,1.234592080116272,-0.45831921696662903,0.007331888657063246,2.2260076093516545e-06,0.042998502030968666,1.6652223987806436,0.7941783525288061,1.2375285682806123,-0.4433701751428364,0.006936907094697444,2.239975019835407e-06,,,,,,,,,,,,
2.04,grasp,,,,,,,,,,,,,,,,,,,,,1.664832592010498,0.8039722442626953,1.2355996370315552,-0.4344537556171417,0.006691559683531523,2.3434079139406094e-06,0.042998502030968666,1.664298692157598,0.8297353692041511,1.2387746180353854,-0.40907218667680406,0.006012814065550936,2.419312625454393e-06,,,,,,,,,,,,
2.06,grasp,,,,,,,,,,,,,,,,,,,,,1.664581298828125,0.8168747425079346,1.236018180847168,-0.42215925455093384,0.006362133659422398,2.395621322648367e-06,0.042998502030968666,1.664298692157598,0.8297353692041511,1.2387746180353854,-0.40907218667680406,0.006012814065550936,2.419312625454393e-06,,,,,,,,,,,,
2.08,grasp,,,,,,,,,,,,,,,,,,,,,1.6640840768814087,0.8376326560974121,1.2368139028549194,-0.4021039605140686,0.005822085775434971,2.4897378807509085e-06,0.042998502030968666,1.6635349240795119,0.8590728169437407,1.239804811695137,-0.3807714486848474,0.005248715810764575,2.567597754996051e-06,,,,,,,,,,,,
2.1,grasp,,,,,,,,,,,,,,,,,,,,,1.6638250350952148,0.848430335521698,1.2371314764022827,-0.3917725086212158,0.005544413812458515,2.526887328713201e-06,0.042998502030968666,1.6635349240795119,0.8590728169437407,1.239804811695137,-0.3807714486848474,0.005248715810764575,2.567597754996051e-06,,,,,,,,,,,,
2.12,grasp,,,,,,,,,,,,,,,,,,,,,1.6633979082107544,0.8652039766311646,1.2377694845199585,-0.3755470812320709,0.005105606280267239,2.6124127998627955e-06,0.042998502030968666,1.662925824455216,0.8823827360618374,1.2406260580691506,-0.35828403415199506,0.004639556185747417,2.6858131909831333e-06,,,,,,,,,,,,
2.14,grasp,,,,,,,,,,,,,,,,,,,,,1.6631755828857422,0.8739250898361206,1.2380192279815674,-0.36718854308128357,0.004880172200500965,2.6414327294332907e-06,0.042998502030968666,1.662925824455216,0.8823827360618374,1.2406260580691506,-0.35828403415199506,0.004639556185747417,2.6858131909831333e-06,,,,,,,,,,,,
2.16,grasp,,,,,,,,,,,,,,,,,,,,,1.6628378629684448,0.8868923783302307,1.2385168075561523,-0.3546391725540161,0.00453902967274189,2.7129106001666514e-06,0.042998502030968666,1.6624629182396715,0.900005365879243,1.2412502047901566,-0.341282346475297,0.004176584417259399,2.77565970133278e-06,,,,,,,,,,,,
2.18,grasp,,,,,,,,,,,,,,,,,,,,,1.6626613140106201,0.8936313986778259,1.238710641860962,-0.34817415475845337,0.0043638236820697784,2.7356447844795184e-06,0.042998502030968666,1.6624629182396715,0.900005365879243,1.2412502047901566,-0.341282346475297,0.004176584417259399,2.77565970133278e-06,,,,,,,,,,,,
2.2,grasp,,,,,,,,,,,,,,,,,,,,,1.6624120473861694,0.9030809998512268,1.2390785217285156,-0.33902668952941895,0.004113465081900358,2.791064389384701e-06,0.042998502030968666,1.662133588136589,0.9124399652202909,1.2416939750070866,-0.32928511967216506,0.003847379105651336,2.8395464399148672e-06,,,,,,,,,,,,
2.22,grasp,,,,,,,,,,,,,,,,,,,,,1.6622813940048218,0.9079886674880981,1.2392228841781616,-0.33431434631347656,0.003984883427619934,2.808679482768639e-06,0.042998502030968666,1.662133588136589,0.9124399652202909,1.2416939750070866,-0.32928511967216506,0.003847379105651336,2.8395464399148672e-06,,,,,,,,,,,,
2.24,grasp,,,,,,,,,,,,,,,,,,,,,1.6621112823486328,0.9143201112747192,1.2394742965698242,-0.32818299531936646,0.0038150236941874027,2.845822564268019e-06,0.042998502030968666,1.6619205617519655,0.9203547684958241,1.2419810729952747,-0.3216466330494028,0.003634414333179233,2.8808750614552144e-06,,,,,,,,,,,,
2.2600000000000002,grasp,,,,,,,,,,,,,,,,,,,,,1.6620224714279175,0.9176056981086731,1.2395758628845215,-0.3250243067741394,0.0037277520168572664,2.858430889318697e-06,0.042998502030968666,1.6619205617519655,0.9203547684958241,1.2419810729952747,-0.3216466330494028,0.003634414333179233,2.8808750614552144e-06,,,,,,,,,,,,
2.2800000000000002,grasp,,,,,,,,,,,,,,,,,,,,,1.661920189857483,0.9213355183601379,1.2397280931472778,-0.3214096426963806,0.003625617129728198,2.881448153857491e-06,0.042998502030968666,1.6618030595374962,0.9245989808725946,1.2421394293412755,-0.31754771660265557,0.0035169829755326574,2.9036644891866243e-06,,,,,,,,,,,,
2.3000000000000003,grasp,,,,,,,,,,,,,,,,,,,,,1.661866545677185,0.9232686758041382,1.239793062210083,-0.31954753398895264,0.0035731049720197916,2.8896311050630175e-06,0.042998502030968666,1.6618030595374962,0.9245989808725946,1.2421394293412755,-0.31754771660265557,0.0035169829755326574,2.9036644891866243e-06,,,,,,,,,,,,
2.3200000000000003,grasp,,,,,,,,,,,,,,,,,,,,,1.6618164777755737,0.9250376224517822,1.2398676872253418,-0.31783121824264526,0.003523940918967128,2.9019263365626102e-06,0.042998502030968666,1.6617576693800538,0.9262147071552043,1.2422004822627826,-0.3159867944270367,0.0034716807536454143,2.912456085680117e-06,,,,,,,,,,,,
2.3400000000000003,grasp,,,,,,,,,,,,,,,,,,,,,1.661790370941162,0.9259520173072815,1.2399026155471802,-0.3169470429420471,0.003498638980090618,2.9062534849799704e-06,0.042998502030968666,1.6617576693800538,0.9262147071552043,1.2422004822627826,-0.3159867944270367,0.0034716807536454143,2.912456085680117e-06,,,,,,,,,,,,
2.3587984585389496,grasp,,,,,,,,,,,,,,,,,,,,,1.661772608757019,0.9265322685241699,1.2399293184280396,-0.3163852095603943,0.0034824535250663757,2.911205228883773e-06,0.042998502030968666,1.661751389503479,0.9264414310455322,1.2422090768814087,-0.31576767563819885,0.003465306479483843,2.9136933790141484e-06,,,,,,,,,,,,
2.3587984585389496,grasp,,,,,,,,,,,,,,,,,,,,,,,,,,,0.042999982833862305,,,,,,,0.0,,,,,,,,,,,
2.3787984585389497,grasp,,,,,,,,,,,,,,,,,,,,,,,,,,,0.04298575222492218,,,,,,,0.0,,,,,,,,,,,
2.3987984585389497,grasp,,,,,,,,,,,,,,,,,,,,,,,,,,,0.04289077967405319,,,,,,,0.0,,,,,,,,,,,
2.4187984585389497,grasp,,,,,,,,,,,,,,,,,,,,,,,,,,,0.042662108317017555,,,,,,,0.0,,,,,,,,,,,
2.4387984585389497,grasp,,,,,,,,,,,,,,,,,,,,,,,,,,,0.04227686673402786,,,,,,,0.0,,,,,,,,,,,
2.4587984585389497,grasp,,,,,,,,,,,,,,,,,,,,,,,,,,,0.04170393757522106,,,,,,,0.0,,,,,,,,,,,
2.4787984585389498,grasp,,,,,,,,,,,,,,,,,,,,,,,,,,,0.04092502035200596,,,,,,,0.0,,,,,,,,,,,
2.4987984585389498,grasp,,,,,,,,,,,,,,,,,,,,,,,,,,,0.03993452526628971,,,,,,,0.0,,,,,,,,,,,
2.51879845853895,grasp,,,,,,,,,,,,,,,,,,,,,,,,,,,0.0387281458824873,,,,,,,0.0,,,,,,,,,,,
2.53879845853895,grasp,,,,,,,,,,,,,,,,,,,,,,,,,,,0.03738679736852646,,,,,,,0.0,,,,,,,,,,,
2.55879845853895,grasp,,,,,,,,,,,,,,,,,,,,,,,,,,,0.037222638726234436,,,,,,,0.0,,,,,,,,,,,
2.57879845853895,grasp,,,,,,,,,,,,,,,,,,,,,,,,,,,0.0371676180511713,,,,,,,0.0,,,,,,,,,,,
2.5987984585389494,grasp,,,,,,,,,,,,,,,,,,,,,,,,,,,0.03708969987928867,,,,,,,0.0,,,,,,,,,,,
2.61879845853895,grasp,,,,,,,,,,,,,,,,,,,,,,,,,,,0.037010060623288155,,,,,,,0.0,,,,,,,,,,,
2.6387984585389495,grasp,,,,,,,,,,,,,,,,,,,,,,,,,,,0.03688253276050091,,,,,,,0.0,,,,,,,,,,,
2.6587984585389495,grasp,,,,,,,,,,,,,,,,,,,,,,,,,,,0.03673350624740124,,,,,,,0.0,,,,,,,,,,,
2.6787984585389495,grasp,,,,,,,,,,,,,,,,,,,,,,,,,,,0.03656842187047005,,,,,,,0.0,,,,,,,,,,,
2.6987984585389495,grasp,,,,,,,,,,,,,,,,,,,,,,,,,,,0.03639289177954197,,,,,,,0.0,,,,,,,,,,,
2.7187984585389495,grasp,,,,,,,,,,,,,,,,,,,,,,,,,,,0.036188479512929916,,,,,,,0.0,,,,,,,,,,,
2.7387984585389495,grasp,,,,,,,,,,,,,,,,,,,,,,,,,,,0.03597837872803211,,,,,,,0.0,,,,,,,,,,,
2.7587984585389496,grasp,,,,,,,,,,,,,,,,,,,,,,,,,,,0.03570777364075184,,,,,,,0.0,,,,,,,,,,,
2.7787984585389496,grasp,,,,,,,,,,,,,,,,,,,,,,,,,,,0.03546572104096413,,,,,,,0.0,,,,,,,,,,,
2.7987984585389496,grasp,,,,,,,,,,,,,,,,,,,,,,,,,,,0.035193173214793205,,,,,,,0.0,,,,,,,,,,,
2.8187984585389496,grasp,,,,,,,,,,,,,,,,,,,,,,,,,,,0.03489655442535877,,,,,,,0.0,,,,,,,,,,,
2.8387984585389496,grasp,,,,,,,,,,,,,,,,,,,,,,,,,,,0.03449209965765476,,,,,,,0.0,,,,,,,,,,,
2.8587984585389496,grasp,,,,,,,,,,,,,,,,,,,,,,,,,,,0.034358471632003784,,,,,,,0.0,,,,,,,,,,,
2.8787984585389497,grasp,,,,,,,,,,,,,,,,,,,,,,,,,,,0.034288933500647545,,,,,,,0.0,,,,,,,,,,,
2.8987984585389497,grasp,,,,,,,,,,,,,,,,,,,,,,,,,,,0.03427322581410408,,,,,,,0.0,,,,,,,,,,,
2.9187984585389497,grasp,,,,,,,,,,,,,,,,,,,,,,,,,,,0.03426192328333855,,,,,,,0.0,,,,,,,,,,,
2.9387984585389497,grasp,,,,,,,,,,,,,,,,,,,,,,,,,,,0.03425322100520134,,,,,,,0.0,,,,,,,,,,,
2.9587984585389497,grasp,,,,,,,,,,,,,,,,,,,,,,,,,,,0.03424704819917679,,,,,,,0.0,,,,,,,,,,,
2.9787984585389498,grasp,,,,,,,,,,,,,,,,,,,,,,,,,,,0.03424309380352497,,,,,,,0.0,,,,,,,,,,,
2.9987984585389498,grasp,,,,,,,,,,,,,,,,,,,,,,,,,,,0.034240879118442535,,,,,,,0.0,,,,,,,,,,,
3.01879845853895,grasp,,,,,,,,,,,,,,,,,,,,,,,,,,,0.03423999063670635,,,,,,,0.0,,,,,,,,,,,
3.03879845853895,grasp,,,,,,,,,,,,,,,,,,,,,,,,,,,0.03423989191651344,,,,,,,0.0,,,,,,,,,,,
3.03879845853895,grasp,,,,,,,,,,,,,,,,,,,,,1.6624990701675415,0.9266785979270935,1.2435917854309082,-0.3157584071159363,0.001591813168488443,0.007048828527331352,0.03423989191651344,1.661751389503479,0.9264414310455322,1.2422090768814087,-0.31576767563819885,0.003465306479483843,2.9136933790141484e-06,,,,,,,,,,,,
3.05879845853895,grasp,,,,,,,,,,,,,,,,,,,,,1.66249680519104,0.9266640543937683,1.2435857057571411,-0.31575846672058105,0.0016022894997149706,0.0067550609819591045,0.03423989191651344,1.661751389503479,0.9264414310455322,1.2422090768814087,-0.31576767563819885,0.003465306479483843,2.9136933790141484e-06,,,,,,,,,,,,
3.07879845853895,grasp,,,,,,,,,,,,,,,,,,,,,1.662500023841858,0.9265980124473572,1.2435625791549683,-0.3158192038536072,0.0016027017263695598,0.006603849586099386,0.03423989191651344,1.6617549072278381,0.9263127570296046,1.2422041977134672,-0.31589206606663545,0.0034689250778191776,2.9129908639194173e-06,,,,,,,,,,,,
3.09879845853895,grasp,,,,,,,,,,,,,,,,,,,,,1.6625027656555176,0.9265655279159546,1.243550419807434,-0.31585055589675903,0.001600594143383205,0.006526021286845207,0.03423989191651344,1.6617549072278381,0.9263127570296046,1.2422041977134672,-0.31589206606663545,0.0034689250778191776,2.9129908639194173e-06,,,,,,,,,,,,
3.11879845853895,grasp,,,,,,,,,,,,,,,,,,,,,1.6625175476074219,0.9261519908905029,1.2434073686599731,-0.31627675890922546,0.0016081288922578096,0.006485996302217245,0.03423989191651344,1.6617795060900806,0.9254402158334243,1.2421711349424793,-0.31673503592955915,0.0034934471410519017,2.9082320555051597e-06,,,,,,,,,,,,
3.13879845853895,grasp,,,,,,,,,,,,,,,,,,,,,1.662528395652771,0.9259464144706726,1.2433280944824219,-0.3164965808391571,0.0016015187138691545,0.00646568089723587,0.03423989191651344,1.6617795060900806,0.9254402158334243,1.2421711349424793,-0.31673503592955915,0.0034934471410519017,2.9082320555051597e-06,,,,,,,,,,,,
3.15879845853895,grasp,,,,,,,,,,,,,,,,,,,,,1.6625632047653198,0.9248098731040955,1.2429088354110718,-0.31768137216567993,0.001630726852454245,0.0064550479874014854,0.03423989191651344,1.6618433061056073,0.9231602706152806,1.2420852430607194,-0.3189375772605887,0.0035572090590175096,2.8958578470003407e-06,,,,,,,,,,,,
3.17879845853895,grasp,,,,,,,,,,,,,,,,,,,,,1.662605881690979,0.9242058992385864,1.2427624464035034,-0.31829142570495605,0.0016153550241142511,0.006446753162890673,0.03423989191651344,1.6618433061056073,0.9231602706152806,1.2420852430607194,-0.3189375772605887,0.0035572090590175096,2.8958578470003407e-06,,,,,,,,,,,,
3.19879845853895,grasp,,,,,,,,,,,,,,,,,,,,,1.6626442670822144,0.9219217300415039,1.2420570850372314,-0.3206094205379486,0.0017117635579779744,0.006435864605009556,0.03423989191651344,1.6619605789601726,0.9188921989236575,1.2419271180154,-0.32305869330482145,0.0036744093609848818,2.8731134744057195e-06,,,,,,,,,,,,
3.21879845853895,grasp,,,,,,,,,,,,,,,,,,,,,1.6626514196395874,0.9206845760345459,1.241799235343933,-0.3218022584915161,0.001778892707079649,0.00642195763066411,0.03423989191651344,1.6619605789601726,0.9188921989236575,1.2419271180154,-0.32305869330482145,0.0036744093609848818,2.8731134744057195e-06,,,,,,,,,,,,
3.23879845853895,grasp,,,,,,,,,,,,,,,,,,,,,1.6627287864685059,0.9168459177017212,1.2409913539886475,-0.325584352016449,0.0019530492136254907,0.006398050580173731,0.03423989191651344,1.6621417068479085,0.9121353069941032,1.2416830335045625,-0.32957908336564945,0.0038554952449820407,2.8379714017850756e-06,,,,,,,,,,,,
3.25879845853895,grasp,,,,,,,,,,,,,,,,,,,,,1.6628013849258423,0.9148609042167664,1.2408956289291382,-0.32753100991249084,0.0020084057468920946,0.00637929979711771,0.03423989191651344,1.6621417068479085,0.9121353069941032,1.2416830335045625,-0.32957908336564945,0.0038554952449820407,2.8379714017850756e-06,,,,,,,,,,,,
3.27879845853895,grasp,,,,,,,,,,,,,,,,,,,,,1.6628189086914062,0.909230649471283,1.2403297424316406,-0.3330577313899994,0.002431366825476289,0.006358359940350056,0.03423989191651344,1.6623979107370375,0.9024678846119002,1.2413378072300791,-0.33890649271240436,0.0041115939908751235,2.7882720758664873e-06,,,,,,,,,,,,
3.2987984585389496,grasp,,,,,,,,,,,,,,,,,,,,,1.6627076864242554,0.9062713384628296,1.240107536315918,-0.3359023928642273,0.002956084907054901,0.006331616546958685,0.03423989191651344,1.6623979107370375,0.9024678846119002,1.2413378072300791,-0.33890649271240436,0.0041115939908751235,2.7882720758664873e-06,,,,,,,,,,,,
3.31879845853895,grasp,,,,,,,,,,,,,,,,,,,,,1.6627651453018188,0.8985588550567627,1.239450454711914,-0.3434160351753235,0.0035392395220696926,0.006304246839135885,0.03423989191651344,1.662738098728584,0.8895417633976045,1.2408791649861186,-0.35137736940826575,0.004451800995223674,2.722249650365828e-06,,,,,,,,,,,,
3.3387984585389496,grasp,,,,,,,,,,,,,,,,,,,,,1.6628004312515259,0.8945275545120239,1.2391716241836548,-0.34728601574897766,0.0038060408551245928,0.006282149348407984,0.03423989191651344,1.662738098728584,0.8895417633976045,1.2408791649861186,-0.35137736940826575,0.004451800995223674,2.722249650365828e-06,,,,,,,,,,,,
3.3587984585389496,grasp,,,,,,,,,,,,,,,,,,,,,1.6629869937896729,0.8845312595367432,1.2383471727371216,-0.3569830656051636,0.004316913429647684,0.006269876845180988,0.03423989191651344,1.6631693977682296,0.8730786200236533,1.240297795504839,-0.36725998035577523,0.004883042429177478,2.6385612219116775e-06,,,,,,,,,,,,
3.3787984585389497,grasp,,,,,,,,,,,,,,,,,,,,,1.6630476713180542,0.8793054223060608,1.2378472089767456,-0.36197853088378906,0.004695194773375988,0.006260785274207592,0.03423989191651344,1.6631693977682296,0.8730786200236533,1.240297795504839,-0.36725998035577523,0.004883042429177478,2.6385612219116775e-06,,,,,,,,,,,,
3.3987984585389497,grasp,,,,,,,,,,,,,,,,,,,,,1.6633564233779907,0.8668909072875977,1.2371889352798462,-0.37400585412979126,0.0050959233194589615,0.006252136081457138,0.03423989191651344,1.663696708887118,0.8528669360049583,1.2395865448321075,-0.3867581873810802,0.005410568400875882,2.536188260742201e-06,,,,,,,,,,,,
3.4187984585389497,grasp,,,,,,,,,,,,,,,,,,,,,1.6635221242904663,0.8604064583778381,1.2370193004608154,-0.3802010416984558,0.005288965068757534,0.006249979604035616,0.03423989191651344,1.663696708887118,0.8528669360049583,1.2395865448321075,-0.3867581873810802,0.005410568400875882,2.536188260742201e-06,,,,,,,,,,,,
3.4387984585389497,grasp,,,,,,,,,,,,,,,,,,,,,1.6639037132263184,0.8454510569572449,1.236437439918518,-0.39466825127601624,0.00570767791941762,0.006248449441045523,0.03423989191651344,1.6643240938091721,0.8287583819928747,1.238740355323825,-0.4100146115313253,0.006038227071943182,2.414380754157079e-06,,,,,,,,,,,,
3.4587984585389497,grasp,,,,,,,,,,,,,,,,,,,,,1.664107322692871,0.8376503586769104,1.2362347841262817,-0.40212079882621765,0.005911077838391066,0.006247865501791239,0.03423989191651344,1.6643240938091721,0.8287583819928747,1.238740355323825,-0.4100146115313253,0.006038227071943182,2.414380754157079e-06,,,,,,,,,,,,
3.4787984585389498,grasp,,,,,,,,,,,,,,,,,,,,,1.6645598411560059,0.8201014995574951,1.235569953918457,-0.41909918189048767,0.006378520280122757,0.00624737236648798,0.03423989191651344,1.6650539974795158,0.8006643476654632,1.2377557886406338,-0.43711400023777514,0.006768428172345753,2.272670917254063e-06,,,,,,,,,,,,
3.4987984585389498,grasp,,,,,,,,,,,,,,,,,,,,,1.6647984981536865,0.8109485507011414,1.2353259325027466,-0.42784544825553894,0.006612617988139391,0.006247151177376509,0.03423989191651344,1.6650539974795158,0.8006643476654632,1.2377557886406338,-0.43711400023777514,0.006768428172345753,2.272670917254063e-06,,,,,,,,,,,,
3.51879845853895,grasp,,,,,,,,,,,,,,,,,,,,,1.6653203964233398,0.7907699346542358,1.2345738410949707,-0.4473682940006256,0.007141768001019955,0.006247003562748432,0.03423989191651344,1.6658875493371603,0.768552864571666,1.2366309460917093,-0.46808697910410935,0.0076023963529715305,2.110825542474588e-06,,,,,,,,,,,,
3.53879845853895,grasp,,,,,,,,,,,,,,,,,,,,,1.6655930280685425,0.7802445292472839,1.2342839241027832,-0.4574253559112549,0.007411614526063204,0.006246841512620449,0.03423989191651344,1.6658875493371603,0.768552864571666,1.2366309460917093,-0.46808697910410935,0.0076023963529715305,2.110825542474588e-06,,,,,,,,,,,,
3.55879845853895,grasp,,,,,,,,,,,,,,,,,,,,,1.666184425354004,0.7574360966682434,1.2334455251693726,-0.4794912040233612,0.008005699142813683,0.006246799137443304,0.03423989191651344,1.666825097922666,0.73244468413639,1.2353655294316825,-0.502912928980479,0.008540339611805402,1.928799058041279e-06,,,,,,,,,,,,
3.57879845853895,grasp,,,,,,,,,,,,,,,,,,,,,1.6664916276931763,0.7455375790596008,1.2331042289733887,-0.49085867404937744,0.008312830701470375,0.006246628705412149,0.03423989191651344,1.666825097922666,0.73244468413639,1.2353655294316825,-0.502912928980479,0.008540339611805402,1.928799058041279e-06,,,,,,,,,,,,
3.59879845853895,grasp,,,,,,,,,,,,,,,,,,,,,1.667153239250183,0.7201343178749084,1.2321845293045044,-0.5154350399971008,0.008972244337201118,0.006246628239750862,0.03423989191651344,1.6678666648136626,0.6924108491903872,1.233959197271207,-0.5415243352784973,0.009582216405597331,1.726601466037877e-06,,,,,,,,,,,,
3.61879845853895,grasp,,,,,,,,,,,,,,,,,,,,,1.6674944162368774,0.7068800330162048,1.231787919998169,-0.5280959606170654,0.00931811798363924,0.006246354430913925,0.03423989191651344,1.6678666648136626,0.6924108491903872,1.233959197271207,-0.5415243352784973,0.009582216405597331,1.726601466037877e-06,,,,,,,,,,,,
3.63879845853895,grasp,,,,,,,,,,,,,,,,,,,,,1.6682071685791016,0.6789600253105164,1.2307744026184082,-0.5550923347473145,0.010042242705821991,0.006246495991945267,0.03423989191651344,1.6689722415323875,0.6485942799187956,1.2323767997900277,-0.5837537678577465,0.010730515547863789,1.4772693744475846e-06,,,,,,,,,,,,
3.65879845853895,grasp,,,,,,,,,,,,,,,,,,,,,1.6685718297958374,0.6643903255462646,1.230309247970581,-0.5690003633499146,0.010429898276925087,0.006246029864996672,0.03423989191651344,1.6689722415323875,0.6485942799187956,1.2323767997900277,-0.5837537678577465,0.010730515547863789,1.4772693744475846e-06,,,,,,,,,,,,
3.67879845853895,grasp,,,,,,,,,,,,,,,,,,,,,1.6547843217849731,0.6425185203552246,1.2192589044570923,-0.5796009302139282,0.010349930264055729,0.006251109763979912,0.03423989191651344,1.6397920900383844,0.6188027538501111,1.209884920729396,-0.5908365310196353,0.01126678798952729,-1.706528797533487e-05,,,,,,,,,,,,
3.69879845853895,grasp,,,,,,,,,,,,,,,,,,,,,1.6473592519760132,0.6312384605407715,1.213376760482788,-0.5850600600242615,0.011348715052008629,0.006222887896001339,0.03423989191651344,1.6397920900383844,0.6188027538501111,1.209884920729396,-0.5908365310196353,0.01126678798952729,-1.706528797533487e-05,,,,,,,,,,,,
3.71879845853895,grasp,,,,,,,,,,,,,,,,,,,,,1.6184943914413452,0.6159014105796814,1.191876769065857,-0.5784549117088318,0.010331724770367146,0.00622006319463253,0.03423989191651344,1.5872221049733726,0.5991910343272738,1.1712767376065827,-0.5714053554232175,0.011319698630976309,-4.971557967115019e-05,,,,,,,,,,,,
3.73879845853895,grasp,,,,,,,,,,,,,,,,,,,,,1.603047251701355,0.6080920696258545,1.1804436445236206,-0.5750500559806824,0.011771106161177158,0.006154192145913839,0.03423989191651344,1.5872221049733726,0.5991910343272738,1.1712767376065827,-0.5714053554232175,0.011319698630976309,-4.971557967115019e-05,,,,,,,,,,,,
3.7587984585389496,grasp,,,,,,,,,,,,,,,,,,,,,1.5686019659042358,0.5939013957977295,1.1549776792526245,-0.5632836222648621,0.010399345308542252,0.006149525288492441,0.03423989191651344,1.5313272497586463,0.5783397787477621,1.1302325495293069,-0.5507494583311962,0.011375947284684383,-8.442408322527165e-05,,,,,,,,,,,,
3.77879845853895,grasp,,,,,,,,,,,,,,,,,,,,,1.5502057075500488,0.5866720080375671,1.1415207386016846,-0.5572203397750854,0.011977246031165123,0.006069401279091835,0.03423989191651344,1.5313272497586463,0.5783397787477621,1.1302325495293069,-0.5507494583311962,0.011375947284684383,-8.442408322527165e-05,,,,,,,,,,,,
3.7987984585389496,grasp,,,,,,,,,,,,,,,,,,,,,1.5128004550933838,0.5722132921218872,1.1139551401138306,-0.5435380935668945,0.010556968860328197,0.006061790511012077,0.03423989191651344,1.4723840732287896,0.5563498356266924,1.0869512615639982,-0.528968976763522,0.011435261333839503,-0.00012102222196130171,,,,,,,,,,,,
3.81879845853895,grasp,,,,,,,,,,,,,,,,,,,,,1.4928771257400513,0.5648446083068848,1.0993890762329102,-0.5364887118339539,0.012133868411183357,0.00598860764876008,0.03423989191651344,1.4723840732287896,0.5563498356266924,1.0869512615639982,-0.528968976763522,0.011435261333839503,-0.00012102222196130171,,,,,,,,,,,,
3.8387984585389496,grasp,,,,,,,,,,,,,,,,,,,,,1.4533592462539673,0.5498064160346985,1.0702996253967285,-0.5218067169189453,0.010644283145666122,0.005990535952150822,0.03423989191651344,1.4106970730229622,0.53333347224006,1.0416549437299287,-0.5061757538833008,0.011497333593610623,-0.00015932072930310024,,,,,,,,,,,,
3.85879845853895,grasp,,,,,,,,,,,,,,,,,,,,,1.4323410987854004,0.5421436429023743,1.0549217462539673,-0.5142433047294617,0.012248599901795387,0.0059249382466077805,0.03423989191651344,1.4106970730229622,0.53333347224006,1.0416549437299287,-0.5061757538833008,0.011497333593610623,-0.00015932072930310024,,,,,,,,,,,,
3.8787984585389497,grasp,,,,,,,,,,,,,,,,,,,,,1.3910971879959106,0.5265122652053833,1.0245823860168457,-0.49886375665664673,0.010700935497879982,0.005933841224759817,0.03423989191651344,1.3465960255014962,0.5094130723393169,0.9945852746411139,-0.48249134352882994,0.01156183561950215,-0.00019911631221913712,,,,,,,,,,,,
3.8987984585389497,grasp,,,,,,,,,,,,,,,,,,,,,1.3691855669021606,0.5185495018959045,1.0085591077804565,-0.49094074964523315,0.012323407456278801,0.005864176899194717,0.03423989191651344,1.3465960255014962,0.5094130723393169,0.9945852746411139,-0.48249134352882994,0.01156183561950215,-0.00019911631221913712,,,,,,,,,,,,
3.9187984585389497,grasp,,,,,,,,,,,,,,,,,,,,,1.3264940977096558,0.5023823976516724,0.9771475195884705,-0.47500696778297424,0.01067779678851366,0.005869718734174967,0.03423989191651344,1.2804330628311231,0.48471925036445324,0.9460002895295245,-0.45804568231581716,0.011628415677430066,-0.0002401913642452591,,,,,,,,,,,,
3.9387984585389497,grasp,,,,,,,,,,,,,,,,,,,,,1.3038150072097778,0.494147926568985,0.9605588316917419,-0.4667987823486328,0.012370869517326355,0.005784547887742519,0.03423989191651344,1.2804330628311231,0.48471925036445324,0.9460002895295245,-0.45804568231581716,0.011628415677430066,-0.0002401913642452591,,,,,,,,,,,,
3.9587984585389497,grasp,,,,,,,,,,,,,,,,,,,,,1.2599239349365234,0.47753259539604187,0.9282737374305725,-0.45041513442993164,0.010677792131900787,0.005784583278000355,0.03423989191651344,1.2125793189363152,0.4593891680749077,0.8961715912326342,-0.4329758044694075,0.011696694362793938,-0.0002823149008504532,,,,,,,,,,,,
3.9787984585389498,grasp,,,,,,,,,,,,,,,,,,,,,1.2366114854812622,0.4690650701522827,0.9112169742584229,-0.4419753849506378,0.012479669414460659,0.005702446214854717,0.03423989191651344,1.2125793189363152,0.4593891680749077,0.8961715912326342,-0.4329758044694075,0.011696694362793938,-0.0002823149008504532,,,,,,,,,,,,
3.9987984585389498,grasp,,,,,,,,,,,,,,,,,,,,,1.1917784214019775,0.4520890414714813,0.8782418966293335,-0.42523840069770813,0.010728606954216957,0.005717286374419928,0.03423989191651344,1.143420564128629,0.4335665402579433,0.845382313267051,-0.4074240925607596,0.011766285502573144,-0.0003252475554082811,,,,,,,,,,,,
4.018798458538949,grasp,,,,,,,,,,,,,,,,,,,,,1.1679733991622925,0.4434390962123871,0.8607928156852722,-0.4166175425052643,0.012571422383189201,0.005646241828799248,0.03423989191651344,1.143420564128629,0.4335665402579433,0.845382313267051,-0.4074240925607596,0.011766285502573144,-0.0003252475554082811,,,,,,,,,,,,
4.03879845853895,grasp,,,,,,,,,,,,,,,,,,,,,1.1224446296691895,0.4262014329433441,0.8273317217826843,-0.399623841047287,0.010807888582348824,0.005657432600855827,0.03423989191651344,1.073354318080341,0.407398690382204,0.7939241963649682,-0.3815372692159722,0.011836793172923762,-0.000368743230479655,,,,,,,,,,,,
4.05879845853895,grasp,,,,,,,,,,,,,,,,,,,,,1.0982805490493774,0.41742077469825745,0.8096284866333008,-0.3908710181713104,0.012702570296823978,0.00558505579829216,0.03423989191651344,1.073354318080341,0.407398690382204,0.7939241963649682,-0.3815372692159722,0.011836793172923762,-0.000368743230479655,,,,,,,,,,,,
4.07879845853895,grasp,,,,,,,,,,,,,,,,,,,,,1.052323579788208,0.4000149667263031,0.775840163230896,-0.3737192153930664,0.010905096307396889,0.005594965070486069,0.03423989191651344,1.0027860658557133,0.3810360165968718,0.7420948107228932,-0.3554650921415988,0.011907807353676322,-0.00041255036864913723,,,,,,,,,,,,
4.098798458538949,grasp,,,,,,,,,,,,,,,,,,,,,1.0279544591903687,0.3911511301994324,0.757975161075592,-0.36488547921180725,0.01271667331457138,0.005513868294656277,0.03423989191651344,1.0027860658557133,0.3810360165968718,0.7420948107228932,-0.3554650921415988,0.011907807353676322,-0.00041255036864913723,,,,,,,,,,,,
4.11879845853895,grasp,,,,,,,,,,,,,,,,,,,,,0.9818357825279236,0.3736829161643982,0.7240654230117798,-0.34767529368400574,0.010877124965190887,0.005515655502676964,0.03423989191651344,0.9321255379520565,0.35463118901072155,0.6901949227926217,-0.32935885896645406,0.011978914247978364,-0.00045641462750481735,,,,,,,,,,,,
4.13879845853895,grasp,,,,,,,,,,,,,,,,,,,,,0.9573744535446167,0.36478665471076965,0.7061348557472229,-0.33881139755249023,0.01277121901512146,0.005425304640084505,0.03423989191651344,0.9321255379520565,0.35463118901072155,0.6901949227926217,-0.32935885896645406,0.011978914247978364,-0.00045641462750481735,,,,,,,,,,,,
4.15879845853895,grasp,,,,,,,,,,,,,,,,,,,,,0.9113704562187195,0.34735268354415894,0.672313928604126,-0.3216426372528076,0.010945179499685764,0.005441239103674889,0.03423989191651344,0.861783757514824,0.32833598215890547,0.6385257692840044,-0.30337041240108503,0.012049698297045101,-0.0005000810101307392,,,,,,,,,,,,
4.1787984585389495,grasp,,,,,,,,,,,,,,,,,,,,,0.8869725465774536,0.3384765088558197,0.6544091701507568,-0.31280064582824707,0.01287113968282938,0.005363622680306435,0.03423989191651344,0.861783757514824,0.32833598215890547,0.6385257692840044,-0.30337041240108503,0.012049698297045101,-0.0005000810101307392,,,,,,,,,,,,
4.19879845853895,grasp,,,,,,,,,,,,,,,,,,,,,0.8413479924201965,0.3211807608604431,0.6208658218383789,-0.295772522687912,0.011000283993780613,0.005368725396692753,0.03423989191651344,0.7921683062699185,0.3023028055517423,0.5873868295248813,-0.27765022335099215,0.01211975356564357,-0.0005432968173160294,,,,,,,,,,,,
4.2187984585389495,grasp,,,,,,,,,,,,,,,,,,,,,0.817148745059967,0.3123760223388672,0.6031126976013184,-0.28700339794158936,0.012915180064737797,0.005273547489196062,0.03423989191651344,0.7921683062699185,0.3023028055517423,0.5873868295248813,-0.27765022335099215,0.01211975356564357,-0.0005432968173160294,,,,,,,,,,,,
4.23879845853895,grasp,,,,,,,,,,,,,,,,,,,,,0.7721668481826782,0.2953154146671295,0.5700377225875854,-0.2702149450778961,0.011091315187513828,0.005273743066936731,0.03423989191651344,0.7236811067049819,0.2766799443235698,0.5370726971118738,-0.2523468183984775,0.012188674828678385,-0.0005858125537212948,,,,,,,,,,,,
4.25879845853895,grasp,,,,,,,,,,,,,,,,,,,,,0.7483062744140625,0.2866317629814148,0.5525267720222473,-0.26156914234161377,0.013031763024628162,0.0051709734834730625,0.03423989191651344,0.7236811067049819,0.2766799443235698,0.5370726971118738,-0.2523468183984775,0.012188674828678385,-0.0005858125537212948,,,,,,,,,,,,
4.27879845853895,grasp,,,,,,,,,,,,,,,,,,,,,0.7042255997657776,0.2699042558670044,0.5201149582862854,-0.24511587619781494,0.011228246614336967,0.0051718102768063545,0.03423989191651344,0.6567135338824567,0.2516137102026217,0.48787082902348994,-0.22760469640407607,0.012256066212537952,-0.0006273849814979616,,,,,,,,,,,,
4.29879845853895,grasp,,,,,,,,,,,,,,,,,,,,,0.6808472871780396,0.261392742395401,0.5029526352882385,-0.23664329946041107,0.013119588606059551,0.005089425016194582,0.03423989191651344,0.6567135338824567,0.2516137102026217,0.48787082902348994,-0.22760469640407607,0.012256066212537952,-0.0006273849814979616,,,,,,,,,,,,
4.31879845853895,grasp,,,,,,,,,,,,,,,,,,,,,0.6379098296165466,0.24509073793888092,0.4713866412639618,-0.2206186205148697,0.011365912854671478,0.00510045699775219,0.03423989191651344,0.591643807530558,0.22724440369031537,0.44005862961873393,-0.20356366144201765,0.012321546161483274,-0.0006677792915879477,,,,,,,,,,,,
4.33879845853895,grasp,,,,,,,,,,,,,,,,,,,,,0.6151542067527771,0.2368009239435196,0.45465022325515747,-0.21236756443977356,0.013125544413924217,0.005021244753152132,0.03423989191651344,0.591643807530558,0.22724440369031537,0.44005862961873393,-0.20356366144201765,0.012321546161483274,-0.0006677792915879477,,,,,,,,,,,,
4.35879845853895,grasp,,,,,,,,,,,,,,,,,,,,,0.5736043453216553,0.22101616859436035,0.4241081476211548,-0.19686134159564972,0.011408457532525063,0.005024142563343048,0.03423989191651344,0.5288331848390353,0.20370588162078138,0.3939008595817761,-0.1803571051495234,0.012384750783883982,-0.0007067714929634182,,,,,,,,,,,,
4.37879845853895,grasp,,,,,,,,,,,,,,,,,,,,,0.551577627658844,0.21298998594284058,0.4079264998435974,-0.18887703120708466,0.01316652912646532,0.00493723014369607,0.03423989191651344,0.5288331848390353,0.20370588162078138,0.3939008595817761,-0.1803571051495234,0.012384750783883982,-0.0007067714929634182,,,,,,,,,,,,
4.39879845853895,grasp,,,,,,,,,,,,,,,,,,,,,0.5116504430770874,0.19780951738357544,0.37856316566467285,-0.17397408187389374,0.01150746550410986,0.004937220364809036,0.03423989191651344,0.4686212965321292,0.18112637225589479,0.34964743290788003,-0.15811056843219057,0.01244534083292811,-0.0007441508827885494,,,,,,,,,,,,
4.41879845853895,grasp,,,,,,,,,,,,,,,,,,,,,0.490477979183197,0.19009271264076233,0.36299440264701843,-0.16630040109157562,0.013215488754212856,0.004857736639678478,0.03423989191651344,0.4686212965321292,0.18112637225589479,0.34964743290788003,-0.15811056843219057,0.01244534083292811,-0.0007441508827885494,,,,,,,,,,,,
4.43879845853895,grasp,,,,,,,,,,,,,,,,,,,,,0.4523833394050598,0.1755925416946411,0.33498966693878174,-0.15207943320274353,0.011611545458436012,0.004866729024797678,0.03423989191651344,0.41132537724264173,0.1596206398925716,0.30752987918540514,-0.1369411962315784,0.012502996988251643,-0.0007797208167780764,,,,,,,,,,,,
4.45879845853895,grasp,,,,,,,,,,,,,,,,,,,,,0.43217918276786804,0.16822656989097595,0.3201201856136322,-0.14475731551647186,0.013251357711851597,0.004797796718776226,0.03423989191651344,0.41132537724264173,0.1596206398925716,0.30752987918540514,-0.1369411962315784,0.012502996988251643,-0.0007797208167780764,,,,,,,,,,,,
4.47879845853895,grasp,,,,,,,,,,,,,,,,,,,,,0.3961096704006195,0.15448306500911713,0.2935979664325714,-0.13129134476184845,0.011720104143023491,0.004812251776456833,0.03423989191651344,0.3572325192109462,0.13929867130897702,0.2677599304980302,-0.11695507815859157,0.012557429073568285,-0.0008133027771553977,,,,,,,,,,,,
4.49879845853895,grasp,,,,,,,,,,,,,,,,,,,,,0.37697795033454895,0.14750394225120544,0.27951404452323914,-0.12435781955718994,0.013271401636302471,0.004749511834233999,0.03423989191651344,0.3572325192109462,0.13929867130897702,0.2677599304980302,-0.11695507815859157,0.012557429073568285,-0.0008133027771553977,,,,,,,,,,,,
4.518798458538949,grasp,,,,,,,,,,,,,,,,,,,,,0.34310683608055115,0.1345827281475067,0.25460928678512573,-0.11171194911003113,0.011836201883852482,0.004764498211443424,0.03423989191651344,0.30659914666308086,0.12025683729097367,0.23052602718379503,-0.09824697502120776,0.012608379131167441,-0.000844737082877042,,,,,,,,,,,,
4.53879845853895,grasp,,,,,,,,,,,,,,,,,,,,,0.32513874769210815,0.12802483141422272,0.24137718975543976,-0.10520058870315552,0.013319427147507668,0.004700560588389635,0.03423989191651344,0.30659914666308086,0.12025683729097367,0.23052602718379503,-0.09824697502120776,0.012608379131167441,-0.000844737082877042,,,,,,,,,,,,
4.55879845853895,grasp,,,,,,,,,,,,,,,,,,,,,0.2936226725578308,0.11598499864339828,0.2181890457868576,-0.09343201667070389,0.011961346492171288,0.004705662373453379,0.03423989191651344,0.2596481289501243,0.10257497177660124,0.19599044948901315,-0.08089920283613115,0.012655623384050121,-0.0008738850040943725,,,,,,,,,,,,
4.57879845853895,grasp,,,,,,,,,,,,,,,,,,,,,0.27690228819847107,0.10987375676631927,0.20587949454784393,-0.08737228810787201,0.013313189148902893,0.0046391268260777,0.03423989191651344,0.2596481289501243,0.10257497177660124,0.19599044948901315,-0.08089920283613115,0.012655623384050121,-0.0008738850040943725,,,,,,,,,,,,
4.598798458538949,grasp,,,,,,,,,,,,,,,,,,,,,0.24786391854286194,0.09876353293657303,0.18450786173343658,-0.07652881741523743,0.012058308348059654,0.004640842322260141,0.03423989191651344,0.21656177839720595,0.08632337562415103,0.1642876987166876,-0.06497905072348213,0.012698978310247584,-0.0009006343106313151,,,,,,,,,,,,
4.61879845853895,grasp,,,,,,,,,,,,,,,,,,,,,0.2324579507112503,0.0931292474269867,0.17314592003822327,-0.07094559818506241,0.013310043141245842,0.004578027408570051,0.03423989191651344,0.21656177839720595,0.08632337562415103,0.1642876987166876,-0.06497905072348213,0.012698978310247584,-0.0009006343106313151,,,,,,,,,,,,
4.63879845853895,grasp,,,,,,,,,,,,,,,,,,,,,0.20599974691867828,0.08298298716545105,0.1536874622106552,-0.06106482818722725,0.012174401432275772,0.00458558602258563,0.03423989191651344,0.1774806804705092,0.07155533997479839,0.13552123536534932,-0.050538425083669195,0.012738306740195401,-0.000924898450645485,,,,,,,,,,,,
4.65879845853895,grasp,,,,,,,,,,,,,,,,,,,,,0.1919645369052887,0.07783812284469604,0.14334321022033691,-0.05597732961177826,0.013297652825713158,0.004533959552645683,0.03423989191651344,0.1774806804705092,0.07155533997479839,0.13552123536534932,-0.050538425083669195,0.012738306740195401,-0.000924898450645485,,,,,,,,,,,,
4.6787984585389495,grasp,,,,,,,,,,,,,,,,,,,,,0.16816040873527527,0.06870213150978088,0.1257784068584442,-0.04708705097436905,0.012256654910743237,0.0045436834916472435,0.03423989191651344,0.14249913844639137,0.058307969780594576,0.10976122954507032,-0.03761218909148457,0.012773511306208275,-0.0009466186868556047,,,,,,,,,,,,
4.69879845853895,grasp,,,,,,,,,,,,,,,,,,,,,0.15552984178066254,0.06405807286500931,0.11649274826049805,-0.04250895977020264,0.013273935765028,0.004502478986978531,0.03423989191651344,0.14249913844639137,0.058307969780594576,0.10976122954507032,-0.03761218909148457,0.012773511306208275,-0.0009466186868556047,,,,,,,,,,,,
4.7187984585389495,grasp,,,,,,,,,,,,,,,,,,,,,0.13441957533359528,0.05593159794807434,0.10092435032129288,-0.0346236452460289,0.012356552295386791,0.004510828759521246,0.03423989191651344,0.11166171792077895,0.046600583332681154,0.08704186540730732,-0.02621688369324648,0.012804546107110343,-0.0009657663462668422,,,,,,,,,,,,
4.73879845853895,grasp,,,,,,,,,,,,,,,,,,,,,0.12321999669075012,0.051803745329380035,0.09268274158239365,-0.030563117936253548,0.013250383548438549,0.00447550043463707,0.03423989191651344,0.11166171792077895,0.046600583332681154,0.08704186540730732,-0.02621688369324648,0.012804546107110343,-0.0009657663462668422,,,,,,,,,,,,
4.75879845853895,grasp,,,,,,,,,,,,,,,,,,,,,0.1048087403178215,0.04469428211450577,0.07910064607858658,-0.02368558570742607,0.012452851049602032,0.004487268161028624,0.03423989191651344,0.0849610091764492,0.03643098625594358,0.06735792058224949,-0.016349792008810673,0.012831417839857294,-0.0009823455757843123,,,,,,,,,,,,
4.77879845853895,grasp,,,,,,,,,,,,,,,,,,,,,0.0950421541929245,0.04108358174562454,0.07190902531147003,-0.020143980160355568,0.013226043432950974,0.004457949660718441,0.03423989191651344,0.0849610091764492,0.03643098625594358,0.06735792058224949,-0.016349792008810673,0.012831417839857294,-0.0009823455757843123,,,,,,,,,,,,
4.79879845853895,grasp,,,,,,,,,,,,,,,,,,,,,0.07930291444063187,0.034979235380887985,0.06029008328914642,-0.014263888821005821,0.012543217279016972,0.004468700848519802,0.03423989191651344,0.06233539588922083,0.02777211451070055,0.05066114672753613,-0.007988055385820253,0.012854188401779569,-0.0009963949588537209,,,,,,,,,,,,
4.81879845853895,grasp,,,,,,,,,,,,,,,,,,,,,0.0709545761346817,0.03187709301710129,0.05414482578635216,-0.011235848069190979,0.013198143802583218,0.004444119520485401,0.03423989191651344,0.06233539588922083,0.02777211451070055,0.05066114672753613,-0.007988055385820253,0.012854188401779569,-0.0009963949588537209,,,,,,,,,,,,
4.83879845853895,grasp,,,,,,,,,,,,,,,,,,,,,0.05782042443752289,0.026754288002848625,0.044433873146772385,-0.006328317802399397,0.012627831660211086,0.004453328903764486,0.03423989191651344,0.04366117924231593,0.020578874964484854,0.03685994965693289,-0.0010859424116078853,0.012872983522503966,-0.0010079920057466942,,,,,,,,,,,,
4.85879845853895,grasp,,,,,,,,,,,,,,,,,,,,,0.05085466429591179,0.024151675403118134,0.03929542750120163,-0.003801075043156743,0.013169250451028347,0.004433099180459976,0.03423989191651344,0.04366117924231593,0.020578874964484854,0.03685994965693289,-0.0010859424116078853,0.012872983522503966,-0.0010079920057466942,,,,,,,,,,,,
4.87879845853895,grasp,,,,,,,,,,,,,,,,,,,,,0.040217749774456024,0.019968489184975624,0.031422629952430725,0.00017441096133552492,0.012704351916909218,0.004440578632056713,0.03423989191651344,0.028749640475430063,0.014784716810936533,0.02581683831425182,0.004426234667852254,0.012887994478186207,-0.0010172537719718103,,,,,,,,,,,,
4.89879845853895,grasp,,,,,,,,,,,,,,,,,,,,,0.03457711264491081,0.017843041568994522,0.027257677167654037,0.0022216918878257275,0.013136784546077251,0.004424430895596743,0.03423989191651344,0.028749640475430063,0.014784716810936533,0.02581683831425182,0.004426234667852254,0.012887994478186207,-0.0010172537719718103,,,,,,,,,,,,
4.91879845853895,grasp,,,,,,,,,,,,,,,,,,,,,0.026280095800757408,0.014558342285454273,0.021101590245962143,0.005323175806552172,0.012775018811225891,0.004430297762155533,0.03423989191651344,0.0173347829692071,0.010318472298024583,0.01734929898417319,0.008646309464102843,0.012899488165849076,-0.0010243448539696044,,,,,,,,,,,,
4.93879845853895,grasp,,,,,,,,,,,,,,,,,,,,,0.021882198750972748,0.012887400574982166,0.0178513340651989,0.00692040054127574,0.013102954253554344,0.004417950287461281,0.03423989191651344,0.0173347829692071,0.010318472298024583,0.01734929898417319,0.008646309464102843,0.012899488165849076,-0.0010243448539696044,,,,,,,,,,,,
4.95879845853895,grasp,,,,,,,,,,,,,,,,,,,,,0.015723401680588722,0.010434186086058617,0.013283748179674149,0.009223122149705887,0.012833809480071068,0.004422240424901247,0.03423989191651344,0.009082675399424298,0.007075909132977066,0.011221623348809323,0.01169732806065402,0.012907797058286489,-0.0010294715504785268,,,,,,,,,,,,
4.97879845853895,grasp,,,,,,,,,,,,,,,,,,,,,0.012460438534617424,0.00918666459619999,0.010870330035686493,0.010408942587673664,0.01306967157870531,0.00441336864605546,0.03423989191651344,0.009082675399424298,0.007075909132977066,0.011221623348809323,0.01169732806065402,0.012907797058286489,-0.0010294715504785268,,,,,,,,,,,,
4.99879845853895,grasp,,,,,,,,,,,,,,,,,,,,,0.008192632347345352,0.007482777815312147,0.007698388304561377,0.012004845775663853,0.012884563766419888,0.004416353069245815,0.03423989191651344,0.003590534692991085,0.004913040337617864,0.007141205800201746,0.013727989260368684,0.012913327292673978,-0.001032883728371131,,,,,,,,,,,,
5.018798458538949,grasp,,,,,,,,,,,,,,,,,,,,,0.005933666601777077,0.006613312754780054,0.00602968642488122,0.012826676480472088,0.013037954457104206,0.004410442430526018,0.03423989191651344,0.003590534692991085,0.004913040337617864,0.007141205800201746,0.013727989260368684,0.012913327292673978,-0.001032883728371131,,,,,,,,,,,,
5.03879845853895,grasp,,,,,,,,,,,,,,,,,,,,,0.0032627303153276443,0.005543823819607496,0.004047598224133253,0.013825702480971813,0.012923081405460835,0.004412280395627022,0.03423989191651344,0.00038158620386525405,0.0036481585033641727,0.0047565718365998,0.014914481973771807,0.012916558974629217,-0.001034877454136975,,,,,,,,,,,,
5.05879845853895,grasp,,,,,,,,,,,,,,,,,,,,,0.0018509352812543511,0.004997255280613899,0.003006272716447711,0.01434007752686739,0.013009474612772465,0.004408877342939377,0.03423989191651344,0.00038158620386525405,0.0036481585033641727,0.0047565718365998,0.014914481973771807,0.012916558974629217,-0.001034877454136975,,,,,,,,,,,,
5.07879845853895,grasp,,,,,,,,,,,,,,,,,,,,,0.0004321530577726662,0.004427858628332615,0.001954086124897003,0.014870990067720413,0.012949453666806221,0.0044098300859332085,0.03423989191651344,-0.0011002127144496103,0.003064078556706979,0.0036554199626654535,0.015462368908171003,0.012918051042123587,-0.0010357981709180559,,,,,,,,,,,,
5.098798458538949,grasp,,,,,,,,,,,,,,,,,,,,,-0.00031564838718622923,0.004136162344366312,0.001404404640197754,0.01514430157840252,0.012985615991055965,0.004408287815749645,0.03423989191651344,-0.0011002127144496103,0.003064078556706979,0.0036554199626654535,0.015462368908171003,0.012918051042123587,-0.0010357981709180559,,,,,,,,,,,,
5.11879845853895,grasp,,,,,,,,,,,,,,,,,,,,,-0.000880907813552767,0.003908355254679918,0.0009870292851701379,0.015355982817709446,0.012962992303073406,0.004408617969602346,0.03423989191651344,-0.0014946159114742705,0.002908616628232818,0.0033623317075895305,0.015608198693326941,0.012918448673227887,-0.0010360431869150253,,,,,,,,,,,,
5.137296532003675,grasp,,,,,,,,,,,,,,,,,,,,,-0.0011828021379187703,0.003788559464737773,0.0007670732447877526,0.015467138960957527,0.01296808011829853,0.004408314824104309,0.03423989191651344,-0.001506946049630642,0.0029037564527243376,0.0033531689550727606,0.01561275776475668,0.012918461114168167,-0.0010360508458688855,,,,,,,,,,,,
0.0,grasp,,,,,,,,,,,,,,,,,,,,,,,,,,,9.580962250765879e-05,,,,,,,0.043,,,,,,,,,,,
0.02,grasp,,,,,,,,,,,,,,,,,,,,,,,,,,,0.0001103466383938212,,,,,,,0.043,,,,,,,,,,,
0.04,grasp,,,,,,,,,,,,,,,,,,,,,,,,,,,0.00020519059034995735,,,,,,,0.043,,,,,,,,,,,
0.06,grasp,,,,,,,,,,,,,,,,,,,,,,,,,,,0.0004332728130975738,,,,,,,0.043,,,,,,,,,,,
0.08,grasp,,,,,,,,,,,,,,,,,,,,,,,,,,,0.000817678082967177,,,,,,,0.043,,,,,,,,,,,
0.1,grasp,,,,,,,,,,,,,,,,,,,,,,,,,,,0.0013893009745515883,,,,,,,0.043,,,,,,,,,,,
0.12,grasp,,,,,,,,,,,,,,,,,,,,,,,,,,,0.0021664302330464125,,,,,,,0.043,,,,,,,,,,,
0.14,grasp,,,,,,,,,,,,,,,,,,,,,,,,,,,0.0031549192499369383,,,,,,,0.043,,,,,,,,,,,
0.16,grasp,,,,,,,,,,,,,,,,,,,,,,,,,,,0.004358411766588688,,,,,,,0.043,,,,,,,,,,,
0.18,grasp,,,,,,,,,,,,,,,,,,,,,,,,,,,0.005772709380835295,,,,,,,0.043,,,,,,,,,,,
0.2,grasp,,,,,,,,,,,,,,,,,,,,,,,,,,,0.007386176846921444,,,,,,,0.043,,,,,,,,,,,
0.22,grasp,,,,,,,,,,,,,,,,,,,,,,,,,,,0.00918391440063715,,,,,,,0.043,,,,,,,,,,,
0.24,grasp,,,,,,,,,,,,,,,,,,,,,,,,,,,0.011145827360451221,,,,,,,0.043,,,,,,,,,,,
0.26,grasp,,,,,,,,,,,,,,,,,,,,,,,,,,,0.013247578870505095,,,,,,,0.043,,,,,,,,,,,
0.28,grasp,,,,,,,,,,,,,,,,,,,,,,,,,,,0.015462381765246391,,,,,,,0.043,,,,,,,,,,,
0.3,grasp,,,,,,,,,,,,,,,,,,,,,,,,,,,0.01776090543717146,,,,,,,0.043,,,,,,,,,,,
0.32,grasp,,,,,,,,,,,,,,,,,,,,,,,,,,,0.02011139690876007,,,,,,,0.043,,,,,,,,,,,
0.34,grasp,,,,,,,,,,,,,,,,,,,,,,,,,,,0.022481988184154034,,,,,,,0.043,,,,,,,,,,,
0.36,grasp,,,,,,,,,,,,,,,,,,,,,,,,,,,0.024839485064148903,,,,,,,0.043,,,,,,,,,,,
0.38,grasp,,,,,,,,,,,,,,,,,,,,,,,,,,,0.02715159673243761,,,,,,,0.043,,,,,,,,,,,
0.4,grasp,,,,,,,,,,,,,,,,,,,,,,,,,,,0.02938672248274088,,,,,,,0.043,,,,,,,,,,,
0.42,grasp,,,,,,,,,,,,,,,,,,,,,,,,,,,0.031514933332800865,,,,,,,0.043,,,,,,,,,,,
0.44,grasp,,,,,,,,,,,,,,,,,,,,,,,,,,,0.03350851684808731,,,,,,,0.043,,,,,,,,,,,
0.46,grasp,,,,,,,,,,,,,,,,,,,,,,,,,,,0.035342806950211525,,,,,,,0.043,,,,,,,,,,,
0.48,grasp,,,,,,,,,,,,,,,,,,,,,,,,,,,0.036997001618146896,,,,,,,0.043,,,,,,,,,,,
0.5,grasp,,,,,,,,,,,,,,,,,,,,,,,,,,,0.0384544562548399,,,,,,,0.043,,,,,,,,,,,
0.52,grasp,,,,,,,,,,,,,,,,,,,,,,,,,,,0.03970332071185112,,,,,,,0.043,,,,,,,,,,,
0.54,grasp,,,,,,,,,,,,,,,,,,,,,,,,,,,0.04073802940547466,,,,,,,0.043,,,,,,,,,,,
0.56,grasp,,,,,,,,,,,,,,,,,,,,,,,,,,,0.041558727622032166,,,,,,,0.043,,,,,,,,,,,
0.58,grasp,,,,,,,,,,,,,,,,,,,,,,,,,,,0.042173365131020546,,,,,,,0.043,,,,,,,,,,,
0.6,grasp,,,,,,,,,,,,,,,,,,,,,,,,,,,0.042596954852342606,,,,,,,0.043,,,,,,,,,,,
0.62,grasp,,,,,,,,,,,,,,,,,,,,,,,,,,,0.04285322315990925,,,,,,,0.043,,,,,,,,,,,
0.64,grasp,,,,,,,,,,,,,,,,,,,,,,,,,,,0.04297530837357044,,,,,,,0.043,,,,,,,,,,,
0.66,grasp,,,,,,,,,,,,,,,,,,,,,,,,,,,0.04300560615956783,,,,,,,0.043,,,,,,,,,,,
0.68,grasp,,,,,,,,,,,,,,,,,,,,,,,,,,,0.0429982990026474,,,,,,,0.043,,,,,,,,,,,
0.68,grasp,,,,,,,,,,,,,,,,,,,,,-0.004100153688341379,0.0016115846810862422,0.011354862712323666,0.007535323966294527,0.010812915861606598,0.007293257862329483,0.0429982990026474,-0.0040997229516506195,0.0010749953798949718,0.013446073979139328,0.007555178366601467,0.01080296654254198,0.007293465547263622,,,,,,,,,,,,
0.7000000000000001,grasp,,,,,,,,,,,,,,,,,,,,,-0.004100150428712368,0.0016161471139639616,0.011337421834468842,0.007535148411989212,0.010813327506184578,0.007293238304555416,0.0429982990026474,-0.0040997229516506195,0.0010749953798949718,0.013446073979139328,0.007555178366601467,0.01080296654254198,0.007293465547263622,,,,,,,,,,,,
0.7200000000000001,grasp,,,,,,,,,,,,,,,,,,,,,-0.003983986563980579,0.001665425137616694,0.011412535794079304,0.00749370688572526,0.01081485953181982,0.007292690221220255,0.0429982990026474,-0.003854972556638016,0.0011717630153337615,0.013620886650387458,0.007469894051045383,0.010802886590673518,0.007292423015735692,,,,,,,,,,,,
0.74,grasp,,,,,,,,,,,,,,,,,,,,,-0.003922706935554743,0.001690394594334066,0.011453129351139069,0.007472375873476267,0.0108136972412467,0.007292453665286303,0.0429982990026474,-0.003854972556638016,0.0011717630153337615,0.013620886650387458,0.007469894051045383,0.010802886590673518,0.007292423015735692,,,,,,,,,,,,
0.76,grasp,,,,,,,,,,,,,,,,,,,,,-0.003101121634244919,0.0020166682079434395,0.012036480940878391,0.007184138055890799,0.010822633281350136,0.007288720458745956,0.0429982990026474,-0.002213994141660582,0.0018205598800353825,0.014792949641352733,0.0068980900713575865,0.010802345019507298,0.007285433147520729,,,,,,,,,,,,
0.78,grasp,,,,,,,,,,,,,,,,,,,,,-0.0026747281663119793,0.0021837882231920958,0.012348302640020847,0.007035762071609497,0.01081391517072916,0.007287099491804838,0.0429982990026474,-0.002213994141660582,0.0018205598800353825,0.014792949641352733,0.0068980900713575865,0.010802345019507298,0.007285433147520729,,,,,,,,,,,,
0.8,grasp,,,,,,,,,,,,,,,,,,,,,-0.0004003443173132837,0.0030830595642328262,0.013962236233055592,0.00624122517183423,0.010835784487426281,0.007276884280145168,0.0429982990026474,0.002035484769798956,0.003500638885661816,0.017828119378181684,0.0054173469861555565,0.01080094305218661,0.007267331115671464,,,,,,,,,,,,
0.8200000000000001,grasp,,,,,,,,,,,,,,,,,,,,,0.000779475609306246,0.0035405915696173906,0.014823575504124165,0.005832280032336712,0.010813027620315552,0.007272384595125914,0.0429982990026474,0.002035484769798956,0.003500638885661816,0.017828119378181684,0.0054173469861555565,0.01080094305218661,0.007267331115671464,,,,,,,,,,,,
0.8400000000000001,grasp,,,,,,,,,,,,,,,,,,,,,0.005196433514356613,0.005292102228850126,0.017958540469408035,0.004289993550628424,0.010852068662643433,0.007252630311995745,0.0429982990026474,0.009914882815945214,0.006611653618133085,0.023455251305412296,0.0026717975075113646,0.010798344352927978,0.007233767928981733,,,,,,,,,,,,
0.8600000000000001,grasp,,,,,,,,,,,,,,,,,,,,,0.0074867974035441875,0.006180556025356054,0.019626576453447342,0.0034961348865181208,0.01081004273146391,0.007243845611810684,0.0429982990026474,0.009914882815945214,0.006611653618133085,0.023455251305412296,0.0026717975075113646,0.010798344352927978,0.007233767928981733,,,,,,,,,,,,
0.8800000000000001,grasp,,,,,,,,,,,,,,,,,,,,,0.014637984335422516,0.009007386863231659,0.024700935930013657,0.0009995144791901112,0.010870023630559444,0.007211953867226839,0.0429982990026474,0.02226843453093199,0.011465768502967565,0.03227378626857343,-0.0016324768514813122,0.010794269405344205,0.007181149602945809,,,,,,,,,,,,
0.9,grasp,,,,,,,,,,,,,,,,,,,,,0.018344782292842865,0.010442466475069523,0.027396542951464653,-0.0002856097707990557,0.010804615914821625,0.007197659928351641,0.0429982990026474,0.02226843453093199,0.011465768502967565,0.03227378626857343,-0.0016324768514813122,0.010794269405344205,0.007181149602945809,,,,,,,,,,,,
0.92,grasp,,,,,,,,,,,,,,,,,,,,,0.028715288266539574,0.014513026922941208,0.03475087508559227,-0.003905619727447629,0.010888534598052502,0.007151505909860134,0.0429982990026474,0.03977370385238208,0.018289298951312646,0.04476084362945007,-0.007731081716010442,0.010788492179637083,0.007106597084369147,,,,,,,,,,,,
0.9400000000000001,grasp,,,,,,,,,,,,,,,,,,,,,0.03408943861722946,0.016580430790781975,0.03865330293774605,-0.005769066978245974,0.010796581394970417,0.007130700163543224,0.0429982990026474,0.03977370385238208,0.018289298951312646,0.04476084362945007,-0.007731081716010442,0.010788492179637083,0.007106597084369147,,,,,,,,,,,,
0.9600000000000001,grasp,,,,,,,,,,,,,,,,,,,,,0.04805918037891388,0.022012267261743546,0.048552028834819794,-0.010644698515534401,0.01090666651725769,0.00706862797960639,0.0429982990026474,0.062949591202153,0.027231840590135125,0.06127802506427288,-0.01580415632131391,0.010780841712711122,0.007007908728877599,,,,,,,,,,,,
0.98,grasp,,,,,,,,,,,,,,,,,,,,,0.05529714748263359,0.024771852418780327,0.05380017310380936,-0.013154550455510616,0.010785795748233795,0.007040515076369047,0.0429982990026474,0.062949591202153,0.027231840590135125,0.06127802506427288,-0.01580415632131391,0.010780841712711122,0.007007908728877599,,,,,,,,,,,,
1.0,grasp,,,,,,,,,,,,,,,,,,,,,0.0731414183974266,0.03164792060852051,0.06643492728471756,-0.019381532445549965,0.01092351134866476,0.006961336825042963,0.0429982990026474,0.0921564586492982,0.03839968938121437,0.08207749443088774,-0.025976771832804505,0.010771201120188144,0.006883556799134483,,,,,,,,,,,,
1.02,grasp,,,,,,,,,,,,,,,,,,,,,0.08238545060157776,0.035142067819833755,0.07312887907028198,-0.022587107494473457,0.010772290639579296,0.0069253286346793175,0.0429982990026474,0.0921564586492982,0.03839968938121437,0.08207749443088774,-0.025976771832804505,0.010771201120188144,0.006883556799134483,,,,,,,,,,,,
1.04,grasp,,,,,,,,,,,,,,,,,,,,,0.10427769273519516,0.043523892760276794,0.08862263709306717,-0.030225811526179314,0.010938318446278572,0.006828309502452612,0.0429982990026474,0.12760158316351058,0.051874194328206766,0.10730840712267498,-0.03832102862222824,0.010759506786479078,0.0067326620538118095,,,,,,,,,,,,
1.06,grasp,,,,,,,,,,,,,,,,,,,,,0.1156173124909401,0.04778428003191948,0.09682583808898926,-0.03415820375084877,0.010756134055554867,0.006784018594771624,0.0429982990026474,0.12760158316351058,0.051874194328206766,0.10730840712267498,-0.03832102862222824,0.010759506786479078,0.0067326620538118095,,,,,,,,,,,,
1.08,grasp,,,,,,,,,,,,,,,,,,,,,0.14163875579833984,0.05770512670278549,0.11523742228746414,-0.04323699697852135,0.010950497351586819,0.006668827962130308,0.0429982990026474,0.16935763118160665,0.06769039246398297,0.13702420553788963,-0.05286239525909874,0.010745737512062342,0.006554911825371515,,,,,,,,,,,,
1.1,grasp,,,,,,,,,,,,,,,,,,,,,0.15511569380760193,0.06274916231632233,0.12497910112142563,-0.04791085794568062,0.010737476870417595,0.006616061087697744,0.0429982990026474,0.16935763118160665,0.06769039246398297,0.13702420553788963,-0.05286239525909874,0.010745737512062342,0.006554911825371515,,,,,,,,,,,,
1.12,grasp,,,,,,,,,,,,,,,,,,,,,0.18526549637317657,0.07420530170202255,0.14630791544914246,-0.0584295317530632,0.010959567502140999,0.0064827329479157925,0.0429982990026474,0.21737822957284283,0.08582268453113442,0.17119036936433502,-0.06958493750992453,0.01072989589951241,0.006350496415529958,,,,,,,,,,,,
1.1400000000000001,grasp,,,,,,,,,,,,,,,,,,,,,0.20087915658950806,0.08003158122301102,0.1575857400894165,-0.06384477019309998,0.010716433636844158,0.0064214481972157955,0.0429982990026474,0.21737822957284283,0.08582268453113442,0.17119036936433502,-0.06958493750992453,0.01072989589951241,0.006350496415529958,,,,,,,,,,,,
1.1600000000000001,grasp,,,,,,,,,,,,,,,,,,,,,0.23507916927337646,0.0929904505610466,0.18177653849124908,-0.07577605545520782,0.010965109802782536,0.006270350888371468,0.0429982990026474,0.2715020341963983,0.1062062340004381,0.20969127707634289,-0.08843252257762245,0.010712033139673798,0.006120102330522456,,,,,,,,,,,,
1.1800000000000002,grasp,,,,,,,,,,,,,,,,,,,,,0.2527886927127838,0.09958277642726898,0.19455938041210175,-0.08191867172718048,0.0106932008638978,0.006200685165822506,0.0429982990026474,0.2715020341963983,0.1062062340004381,0.20969127707634289,-0.08843252257762245,0.010712033139673798,0.006120102330522456,,,,,,,,,,,,
1.2000000000000002,grasp,,,,,,,,,,,,,,,,,,,,,0.2908887565135956,0.11398795247077942,0.22150690853595734,-0.0952099859714508,0.010966815985739231,0.006032509729266167,0.0429982990026474,0.3314617002445581,0.1287431828450994,0.2523375276190056,-0.10931171212852216,0.010692246058059983,0.005864883339729008,,,,,,,,,,,,
1.2200000000000002,grasp,,,,,,,,,,,,,,,,,,,,,0.3106161653995514,0.12131820619106293,0.23573674261569977,-0.10205293446779251,0.010668037459254265,0.005954751744866371,0.0429982990026474,0.3314617002445581,0.1287431828450994,0.2523375276190056,-0.10931171212852216,0.010692246058059983,0.005864883339729008,,,,,,,,,,,,
1.2400000000000002,grasp,,,,,,,,,,,,,,,,,,,,,0.3524022102355957,0.13708829879760742,0.2652900815010071,-0.11662936210632324,0.010964491404592991,0.00577046861872077,0.0429982990026474,0.39689684383743745,0.15329709008632406,0.29887283478219523,-0.132096778932157,0.010670660263419816,0.005586379592133614,,,,,,,,,,,,
1.26,grasp,,,,,,,,,,,,,,,,,,,,,0.37403643131256104,0.1451154500246048,0.28088536858558655,-0.1241341382265091,0.01064110454171896,0.005685023497790098,0.0429982990026474,0.39689684383743745,0.15329709008632406,0.29887283478219523,-0.132096778932157,0.010670660263419816,0.005586379592133614,,,,,,,,,,,,
1.28,grasp,,,,,,,,,,,,,,,,,,,,,0.4192359149456024,0.1621483862400055,0.31285253167152405,-0.13990077376365662,0.010958057828247547,0.005485846661031246,0.0429982990026474,0.46736227955407217,0.17970257274710885,0.3489803455045844,-0.15663300481768,0.01064741071370215,0.005286465725809302,,,,,,,,,,,,
1.3,grasp,,,,,,,,,,,,,,,,,,,,,0.44263580441474915,0.17082075774669647,0.3297096788883209,-0.14801853895187378,0.01061269175261259,0.00539324339479208,0.0429982990026474,0.46736227955407217,0.17970257274710885,0.3489803455045844,-0.15663300481768,0.01064741071370215,0.005286465725809302,,,,,,,,,,,,
1.32,grasp,,,,,,,,,,,,,,,,,,,,,0.4909248948097229,0.1889963150024414,0.3638598918914795,-0.16494472324848175,0.010947438888251781,0.005180611740797758,0.0429982990026474,0.5423378979647615,0.20776783177457958,0.40229064833674083,-0.18273953331736928,0.010622669091048528,0.004967350107525097,,,,,,,,,,,,
1.34,grasp,,,,,,,,,,,,,,,,,,,,,0.5159228444099426,0.19825278222560883,0.38185811042785645,-0.1735774278640747,0.010583055205643177,0.00508150877431035,0.0429982990026474,0.5423378979647615,0.20776783177457958,0.40229064833674083,-0.18273953331736928,0.010622669091048528,0.004967350107525097,,,,,,,,,,,,
1.36,grasp,,,,,,,,,,,,,,,,,,,,,0.5669326782226562,0.21743281185626984,0.41792917251586914,-0.1916705220937729,0.010932715609669685,0.004857050720602274,0.0429982990026474,0.621239963958098,0.23727348898179298,0.4583892858747239,-0.21021309453991516,0.010596632974847822,0.004631531278838725,,,,,,,,,,,,
1.3800000000000001,grasp,,,,,,,,,,,,,,,,,,,,,0.5933383703231812,0.22720235586166382,0.43693259358406067,-0.20066553354263306,0.010552049614489079,0.004752480424940586,0.0429982990026474,0.621239963958098,0.23727348898179298,0.4583892858747239,-0.21021309453991516,0.010596632974847822,0.004631531278838725,,,,,,,,,,,,
1.4,grasp,,,,,,,,,,,,,,,,,,,,,0.6466608643531799,0.24723535776138306,0.47463732957839966,-0.2197413146495819,0.010863727889955044,0.004523373208940029,0.0429982990026474,0.7034294204045286,0.2679839731535202,0.5168224094659915,-0.23883064166336995,0.010569510397337452,0.004281737105684553,,,,,,,,,,,,
1.42,grasp,,,,,,,,,,,,,,,,,,,,,0.6742649078369141,0.25744104385375977,0.4944940507411957,-0.2290012538433075,0.010469216853380203,0.004410234745591879,0.0429982990026474,0.7034294204045286,0.2679839731535202,0.5168224094659915,-0.23883064166336995,0.010569510397337452,0.004281737105684553,,,,,,,,,,,,
1.44,grasp,,,,,,,,,,,,,,,,,,,,,0.7294610738754272,0.2781633138656616,0.533523440361023,-0.2488427460193634,0.010815858840942383,0.0041716801933944225,0.0429982990026474,0.7882231981400634,0.2996457696166084,0.5771042150023439,-0.2683538388162091,0.010541518219465725,0.003920874488279226,,,,,,,,,,,,
1.46,grasp,,,,,,,,,,,,,,,,,,,,,0.7580344080924988,0.2887219488620758,0.554068922996521,-0.25830721855163574,0.010425973683595657,0.004055033437907696,0.0429982990026474,0.7882231981400634,0.2996457696166084,0.5771042150023439,-0.2683538388162091,0.010541518219465725,0.003920874488279226,,,,,,,,,,,,
1.48,grasp,,,,,,,,,,,,,,,,,,,,,0.8146440386772156,0.30996036529541016,0.5940958857536316,-0.27867889404296875,0.010779060423374176,0.0038097382057458162,0.0429982990026474,0.8749029275356012,0.3319927392326112,0.6387243587401414,-0.2985334511872533,0.01051290197627858,0.0035519856286565996,,,,,,,,,,,,
1.5,grasp,,,,,,,,,,,,,,,,,,,,,0.8439441323280334,0.3207841217517853,0.6151562929153442,-0.28830987215042114,0.010394117794930935,0.003689688863232732,0.0429982990026474,0.8749029275356012,0.3319927392326112,0.6387243587401414,-0.2985334511872533,0.01051290197627858,0.0035519856286565996,,,,,,,,,,,,
1.52,grasp,,,,,,,,,,,,,,,,,,,,,0.9014824032783508,0.34235861897468567,0.6558404564857483,-0.3089666962623596,0.010747669264674187,0.0034405128099024296,0.0429982990026474,0.9627253781691559,0.3647493564637449,0.7011551223041752,-0.3291115216815935,0.01048391815354832,0.0031782240486636867,,,,,,,,,,,,
1.54,grasp,,,,,,,,,,,,,,,,,,,,,0.9312610626220703,0.3533560335636139,0.6772353053092957,-0.3187386095523834,0.010363814420998096,0.0033182529732584953,0.0429982990026474,0.9627253781691559,0.3647493564637449,0.7011551223041752,-0.3291115216815935,0.01048391815354832,0.0031782240486636867,,,,,,,,,,,,
1.56,grasp,,,,,,,,,,,,,,,,,,,,,0.9892305731773376,0.375082403421402,0.7182283401489258,-0.3394395112991333,0.010717026889324188,0.003067034063860774,0.0429982990026474,1.050932400458273,0.3976356616301402,0.7638585083302444,-0.359823283647365,0.010454801367705293,0.0028028270625661453,,,,,,,,,,,,
1.58,grasp,,,,,,,,,,,,,,,,,,,,,1.0192331075668335,0.38615983724594116,0.7397726774215698,-0.34932732582092285,0.010333151556551456,0.002943952800706029,0.0429982990026474,1.050932400458273,0.3976356616301402,0.7638585083302444,-0.359823283647365,0.010454801367705293,0.0028028270625661453,,,,,,,,,,,,
1.6,grasp,,,,,,,,,,,,,,,,,,,,,1.0771325826644897,0.40785136818885803,0.7807213664054871,-0.369843989610672,0.010685117915272713,0.002692777430638671,0.0429982990026474,1.138761570378496,0.4303685436521118,0.826292302199505,-0.390403094820261,0.010425797246563395,0.002429046195228746,,,,,,,,,,,,
1.62,grasp,,,,,,,,,,,,,,,,,,,,,1.1071019172668457,0.4189136326313019,0.8022284507751465,-0.37981706857681274,0.010301918722689152,0.00256999465636909,0.0429982990026474,1.138761570378496,0.4303685436521118,0.826292302199505,-0.390403094820261,0.010425797246563395,0.002429046195228746,,,,,,,,,,,,
1.6400000000000001,grasp,,,,,,,,,,,,,,,,,,,,,1.1644295454025269,0.44038429856300354,0.8427791595458984,-0.39995893836021423,0.010652515105903149,0.0023209303617477417,0.0429982990026474,1.2254552744784712,0.46266691820488537,0.8879176338797458,-0.4205876154300197,0.010397160847488582,0.0020600987004346766,,,,,,,,,,,,
1.6600000000000001,grasp,,,,,,,,,,,,,,,,,,,,,1.1941083669662476,0.45133674144744873,0.8640639185905457,-0.40996602177619934,0.010270584374666214,0.0021996349096298218,0.0429982990026474,1.2254552744784712,0.46266691820488537,0.8879176338797458,-0.4205876154300197,0.010397160847488582,0.0020600987004346766,,,,,,,,,,,,
1.6800000000000002,grasp,,,,,,,,,,,,,,,,,,,,,1.2503737211227417,0.4724036753177643,0.9038689136505127,-0.42957213521003723,0.010626055300235748,0.001953916158527136,0.0429982990026474,1.310269236633554,0.49425685591446805,0.9482074973407421,-0.45011869115591047,0.010369152766463474,0.001699119257012412,,,,,,,,,,,,
1.7000000000000002,grasp,,,,,,,,,,,,,,,,,,,,,1.2795040607452393,0.4831525981426239,0.9247486591339111,-0.4395396113395691,0.010254361666738987,0.001835557515732944,0.0429982990026474,1.310269236633554,0.49425685591446805,0.9482074973407421,-0.45011869115591047,0.010369152766463474,0.001699119257012412,,,,,,,,,,,,
1.7200000000000002,grasp,,,,,,,,,,,,,,,,,,,,,1.3342299461364746,0.503638505935669,0.963467001914978,-0.45855769515037537,0.010628330521285534,0.0015929113142192364,0.0429982990026474,1.3924853667349144,0.5248726104604566,1.0066512118158024,-0.4787464960273717,0.010342005116972173,0.001349178007017078,,,,,,,,,,,,
1.7400000000000002,grasp,,,,,,,,,,,,,,,,,,,,,1.3625630140304565,0.5140931606292725,0.9837665557861328,-0.4683520197868347,0.010267107747495174,0.0014803351368755102,0.0429982990026474,1.3924853667349144,0.5248726104604566,1.0066512118158024,-0.4787464960273717,0.010342005116972173,0.001349178007017078,,,,,,,,,,,,
1.7600000000000002,grasp,,,,,,,,,,,,,,,,,,,,,1.4152917861938477,0.5338273048400879,1.021072268486023,-0.4867272973060608,0.01060436014086008,0.0012479088036343455,0.0429982990026474,1.4714213743753175,0.5542599503901688,1.0627619817385907,-0.5062331729471686,0.010315922943851332,0.0010132222056399515,,,,,,,,,,,,
1.7800000000000002,grasp,,,,,,,,,,,,,,,,,,,,,1.4425920248031616,0.5439000129699707,1.0406250953674316,-0.4961908161640167,0.010251011699438095,0.0011384132085368037,0.0429982990026474,1.4714213743753175,0.5542599503901688,1.0627619817385907,-0.5062331729471686,0.010315922943851332,0.0010132222056399515,,,,,,,,,,,,
1.8000000000000003,grasp,,,,,,,,,,,,,,,,,,,,,1.4928920269012451,0.5627228617668152,1.0762155055999756,-0.5137344002723694,0.010566101409494877,0.000917901867069304,0.0429982990026474,1.5464360741929364,0.582183204588555,1.1160885429916676,-0.5323565333182783,0.010291130181298827,0.0006938954836594942,,,,,,,,,,,,
1.8200000000000003,grasp,,,,,,,,,,,,,,,,,,,,,1.5189365148544312,0.5723311901092529,1.0948625802993774,-0.5227699279785156,0.010229810141026974,0.0008133255178108811,0.0429982990026474,1.5464360741929364,0.582183204588555,1.1160885429916676,-0.5323565333182783,0.010291130181298827,0.0006938954836594942,,,,,,,,,,,,
1.8399999999999999,grasp,,,,,,,,,,,,,,,,,,,,,1.5664091110229492,0.5900946259498596,1.128455400466919,-0.5393332242965698,0.010524165816605091,0.0006049422081559896,0.0429982990026474,1.616944765732807,0.6084265811729193,1.1662157814180862,-0.5569134649001817,0.010267833321583713,0.0003937036662839506,,,,,,,,,,,,
1.8599999999999999,grasp,,,,,,,,,,,,,,,,,,,,,1.59099280834198,0.5991636514663696,1.1460506916046143,-0.5478639602661133,0.01020873710513115,0.0005065512377768755,0.0429982990026474,1.616944765732807,0.6084265811729193,1.1662157814180862,-0.5569134649001817,0.010267833321583713,0.0003937036662839506,,,,,,,,,,,,
1.88,grasp,,,,,,,,,,,,,,,,,,,,,1.6357417106628418,0.6154705286026001,1.1776883602142334,-0.5638900399208069,0.01049607340246439,0.00030997811700217426,0.0429982990026474,1.6833795601762997,0.63224568988036,1.2133856921304034,-0.5808996717310992,0.010267484181446,0.00011090969676182419,,,,,,,,,,,,
1.9,grasp,,,,,,,,,,,,,,,,,,,,,1.6589171886444092,0.6237907409667969,1.1942569017410278,-0.5721441507339478,0.010205034166574478,0.000217228545807302,0.0429982990026474,1.6833795601762997,0.63224568988036,1.2133856921304034,-0.5808996717310992,0.010267484181446,0.00011090969676182419,,,,,,,,,,,,
1.92,grasp,,,,,,,,,,,,,,,,,,,,,1.6830968856811523,0.648617684841156,1.2125740051269531,-0.5658845901489258,0.009928062558174133,0.00011069753236370161,0.0429982990026474,1.7087899287728858,0.674651693341137,1.233912423065006,-0.5592124694267048,0.00949129144967778,-4.3287323089218674e-07,,,,,,,,,,,,
1.94,grasp,,,,,,,,,,,,,,,,,,,,,1.6955958604812622,0.661531925201416,1.222046971321106,-0.5626587867736816,0.009630704298615456,5.867159052286297e-05,0.0429982990026474,1.7087899287728858,0.674651693341137,1.233912423065006,-0.5592124694267048,0.00949129144967778,-4.3287323089218674e-07,,,,,,,,,,,,
1.96,grasp,,,,,,,,,,,,,,,,,,,,,1.7011891603469849,0.6934356093406677,1.228198528289795,-0.5367854833602905,0.008940516971051693,3.199277853127569e-05,0.0429982990026474,1.7070958353694234,0.7272668721202177,1.2365744448131801,-0.5092714941633758,0.008281518818899861,1.9183644424420403e-06,,,,,,,,,,,,
1.98,grasp,,,,,,,,,,,,,,,,,,,,,1.7040600776672363,0.7102320790290833,1.2312499284744263,-0.5234564542770386,0.008604366332292557,1.786297798389569e-05,0.0429982990026474,1.7070958353694234,0.7272668721202177,1.2365744448131801,-0.5092714941633758,0.008281518818899861,1.9183644424420403e-06,,,,,,,,,,,,
2.0,grasp,,,,,,,,,,,,,,,,,,,,,1.7050197124481201,0.7412402629852295,1.2341376543045044,-0.4953659772872925,0.007926760241389275,1.0391602700110525e-05,0.0429982990026474,1.7060386924765123,0.7737074552532763,1.239207924237939,-0.4654952270993915,0.007222620984756986,2.160294390262532e-06,,,,,,,,,,,,
2.02,grasp,,,,,,,,,,,,,,,,,,,,,1.7055150270462036,0.7573974132537842,1.2355241775512695,-0.48089492321014404,0.007579721510410309,6.544177722389577e-06,0.0429982990026474,1.7060386924765123,0.7737074552532763,1.239207924237939,-0.4654952270993915,0.007222620984756986,2.160294390262532e-06,,,,,,,,,,,,
2.04,grasp,,,,,,,,,,,,,,,,,,,,,1.7049272060394287,0.7850835919380188,1.2374827861785889,-0.4549751877784729,0.007883194833993912,7.682824070798233e-05,0.0429982990026474,1.7051188867095772,0.8141031403849727,1.2414970026721606,-0.4274173605049277,0.006302424599153244,2.370546647751294e-06,,,,,,,,,,,,
2.06,grasp,,,,,,,,,,,,,,,,,,,,,1.704720377922058,0.7995238900184631,1.238944172859192,-0.44161632657051086,0.00790554378181696,8.381998486584052e-05,0.0429982990026474,1.7051188867095772,0.8141031403849727,1.2414970026721606,-0.4274173605049277,0.006302424599153244,2.370546647751294e-06,,,,,,,,,,,,
2.08,grasp,,,,,,,,,,,,,,,,,,,,,1.704419732093811,0.8234723210334778,1.2405052185058594,-0.41906166076660156,0.006993900518864393,5.44981739949435e-05,0.0429982990026474,1.7043362090028422,0.8484058665468054,1.2434429935256577,-0.3950815655651992,0.005520425566809565,2.5492186010289085e-06,,,,,,,,,,,,
2.1,grasp,,,,,,,,,,,,,,,,,,,,,1.7042831182479858,0.8359237313270569,1.241463541984558,-0.40744107961654663,0.006450189743191004,4.465249730856158e-05,0.0429982990026474,1.7043362090028422,0.8484058665468054,1.2434429935256577,-0.3950815655651992,0.005520425566809565,2.5492186010289085e-06,,,,,,,,,,,,
2.12,grasp,,,,,,,,,,,,,,,,,,,,,1.7033976316452026,0.8557225465774536,1.2434167861938477,-0.38851287961006165,0.006929369177669287,0.00013020040933042765,0.0429982990026474,1.7036891926389912,0.8766880975513739,1.2450509710572295,-0.3684194202516824,0.004874390838467792,2.6968206883596157e-06,,,,,,,,,,,,
2.14,grasp,,,,,,,,,,,,,,,,,,,,,1.7027537822723389,0.8661454916000366,1.2444751262664795,-0.3787554204463959,0.007873587310314178,0.00018611854466143996,0.0429982990026474,1.7036891926389912,0.8766880975513739,1.2450509710572295,-0.3684194202516824,0.004874390838467792,2.6968206883596157e-06,,,,,,,,,,,,
2.16,grasp,,,,,,,,,,,,,,,,,,,,,1.702088713645935,0.8822569847106934,1.246024489402771,-0.3634556829929352,0.008348963223397732,0.00024646357633173466,0.0429982990026474,1.7031730100379174,0.8991519565845401,1.2463328244990581,-0.3472411354514122,0.004359474449907799,2.8144624260561297e-06,,,,,,,,,,,,
2.18,grasp,,,,,,,,,,,,,,,,,,,,,1.701730489730835,0.8906575441360474,1.2466018199920654,-0.35557571053504944,0.00872271228581667,0.0002736439055297524,0.0429982990026474,1.7031730100379174,0.8991519565845401,1.2463328244990581,-0.3472411354514122,0.004359474449907799,2.8144624260561297e-06,,,,,,,,,,,,
2.2,grasp,,,,,,,,,,,,,,,,,,,,,1.7011288404464722,0.9030700922012329,1.2479884624481201,-0.3437407612800598,0.009230121038854122,0.00032722242758609354,0.0429982990026474,1.7027806564747774,0.9161381608049577,1.247307350747506,-0.3312257921035277,0.003968110627941133,2.9038761295665405e-06,,,,,,,,,,,,
2.22,grasp,,,,,,,,,,,,,,,,,,,,,1.7006620168685913,0.9094576835632324,1.2489954233169556,-0.3376324772834778,0.009951796382665634,0.00038083328399807215,0.0429982990026474,1.7027806564747774,0.9161381608049577,1.247307350747506,-0.3312257921035277,0.003968110627941133,2.9038761295665405e-06,,,,,,,,,,,,
2.24,grasp,,,,,,,,,,,,,,,,,,,,,1.7002606391906738,0.9185198545455933,1.2500401735305786,-0.32899826765060425,0.010393236763775349,0.0004190985346212983,0.0429982990026474,1.7025014884176832,0.9281359958598024,1.2480006818279028,-0.31991277119827743,0.0036896491764225998,2.9674981923330938e-06,,,,,,,,,,,,
2.2600000000000002,grasp,,,,,,,,,,,,,,,,,,,,,1.6999870538711548,0.9232414960861206,1.2504981756210327,-0.32454678416252136,0.010811474174261093,0.0004524518735706806,0.0429982990026474,1.7025014884176832,0.9281359958598024,1.2480006818279028,-0.31991277119827743,0.0036896491764225998,2.9674981923330938e-06,,,,,,,,,,,,
2.2800000000000002,grasp,,,,,,,,,,,,,,,,,,,,,1.699742317199707,0.9293596148490906,1.2510673999786377,-0.31875079870224,0.01107520330697298,0.000478601228678599,0.0429982990026474,1.702320129911435,0.9357909435338249,1.2484509652363927,-0.3126909817860592,0.0035088146192396403,3.0088192517651926e-06,,,,,,,,,,,,
2.3000000000000003,grasp,,,,,,,,,,,,,,,,,,,,,1.6995952129364014,0.9325639009475708,1.2509846687316895,-0.31576719880104065,0.011326991952955723,0.0004984760889783502,0.0429982990026474,1.702320129911435,0.9357909435338249,1.2484509652363927,-0.3126909817860592,0.0035088146192396403,3.0088192517651926e-06,,,,,,,,,,,,
2.3200000000000003,grasp,,,,,,,,,,,,,,,,,,,,,1.699500560760498,0.9360678791999817,1.2522400617599487,-0.31231069564819336,0.011301187798380852,0.0005015796050429344,0.0429982990026474,1.702219783280679,0.9399181275418624,1.248700067081131,-0.3087932258433172,0.003408802313097371,3.0316747527176326e-06,,,,,,,,,,,,
2.3400000000000003,grasp,,,,,,,,,,,,,,,,,,,,,1.699516773223877,0.9378756880760193,1.2529733180999756,-0.31053149700164795,0.011140545830130577,0.0004950028960593045,0.0429982990026474,1.702219783280679,0.9399181275418624,1.248700067081131,-0.3087932258433172,0.003408802313097371,3.0316747527176326e-06,,,,,,,,,,,,
2.36,grasp,,,,,,,,,,,,,,,,,,,,,1.699520468711853,0.939554750919342,1.2535700798034668,-0.30888208746910095,0.010987155139446259,0.0004870968987233937,0.0429982990026474,1.7021805043190377,0.9415117616298965,1.248797527459108,-0.3072873013225566,0.0033696614334298466,3.040619754210259e-06,,,,,,,,,,,,
2.38,grasp,,,,,,,,,,,,,,,,,,,,,1.6995729207992554,0.9404360055923462,1.2538477182388306,-0.30803418159484863,0.01081164088100195,0.0004780802992172539,0.0429982990026474,1.7021805043190377,0.9415117616298965,1.248797527459108,-0.3072873013225566,0.0033696614334298466,3.040619754210259e-06,,,,,,,,,,,,
2.4,grasp,,,,,,,,,,,,,,,,,,,,,1.6996053457260132,0.941005527973175,1.2540596723556519,-0.30748796463012695,0.010704792104661465,0.00047181942500174046,0.0429982990026474,1.7021746642150906,0.94174954529844,1.2488120777511318,-0.3070625922251775,0.003363808128644808,3.041957670694892e-06,,,,,,,,,,,,
2.400018740743399,grasp,,,,,,,,,,,,,,,,,,,,,1.6996248960494995,0.9412990212440491,1.254181981086731,-0.30720633268356323,0.010637138038873672,0.0004681396530941129,0.0429982990026474,1.7021746635437012,0.9417495727539062,1.2488120794296265,-0.307062566280365,0.003363807452842593,3.0419578251894563e-06,,,,,,,,,,,,
2.400018740743399,grasp,,,,,,,,,,,,,,,,,,,,,,,,,,,0.048078227788209915,,,,,,,0.0,,,,,,,,,,,
2.420018740743399,grasp,,,,,,,,,,,,,,,,,,,,,,,,,,,0.0480093564838171,,,,,,,0.0,,,,,,,,,,,
2.440018740743399,grasp,,,,,,,,,,,,,,,,,,,,,,,,,,,0.04795891046524048,,,,,,,0.0,,,,,,,,,,,
2.460018740743399,grasp,,,,,,,,,,,,,,,,,,,,,,,,,,,0.0478700902312994,,,,,,,0.0,,,,,,,,,,,
2.480018740743399,grasp,,,,,,,,,,,,,,,,,,,,,,,,,,,0.04768618941307068,,,,,,,0.0,,,,,,,,,,,
2.500018740743399,grasp,,,,,,,,,,,,,,,,,,,,,,,,,,,0.047417035326361656,,,,,,,0.0,,,,,,,,,,,
2.520018740743399,grasp,,,,,,,,,,,,,,,,,,,,,,,,,,,0.0470490287989378,,,,,,,0.0,,,,,,,,,,,
2.540018740743399,grasp,,,,,,,,,,,,,,,,,,,,,,,,,,,0.04657022841274738,,,,,,,0.0,,,,,,,,,,,
2.560018740743399,grasp,,,,,,,,,,,,,,,,,,,,,,,,,,,0.046069685369729996,,,,,,,0.0,,,,,,,,,,,
2.580018740743399,grasp,,,,,,,,,,,,,,,,,,,,,,,,,,,0.045994311571121216,,,,,,,0.0,,,,,,,,,,,
2.600018740743399,grasp,,,,,,,,,,,,,,,,,,,,,,,,,,,0.04596996493637562,,,,,,,0.0,,,,,,,,,,,
2.620018740743399,grasp,,,,,,,,,,,,,,,,,,,,,,,,,,,0.04594266973435879,,,,,,,0.0,,,,,,,,,,,
2.6400187407433986,grasp,,,,,,,,,,,,,,,,,,,,,,,,,,,0.04591168276965618,,,,,,,0.0,,,,,,,,,,,
2.660018740743399,grasp,,,,,,,,,,,,,,,,,,,,,,,,,,,0.04587954096496105,,,,,,,0.0,,,,,,,,,,,
2.6800187407433986,grasp,,,,,,,,,,,,,,,,,,,,,,,,,,,0.04584711231291294,,,,,,,0.0,,,,,,,,,,,
2.7000187407433986,grasp,,,,,,,,,,,,,,,,,,,,,,,,,,,0.045812804251909256,,,,,,,0.0,,,,,,,,,,,
2.7200187407433987,grasp,,,,,,,,,,,,,,,,,,,,,,,,,,,0.04577703773975372,,,,,,,0.0,,,,,,,,,,,
2.7400187407433987,grasp,,,,,,,,,,,,,,,,,,,,,,,,,,,0.04574372619390488,,,,,,,0.0,,,,,,,,,,,
2.7600187407433987,grasp,,,,,,,,,,,,,,,,,,,,,,,,,,,0.04570362530648708,,,,,,,0.0,,,,,,,,,,,
2.7800187407433987,grasp,,,,,,,,,,,,,,,,,,,,,,,,,,,0.0456672627478838,,,,,,,0.0,,,,,,,,,,,
2.8000187407433987,grasp,,,,,,,,,,,,,,,,,,,,,,,,,,,0.045631805434823036,,,,,,,0.0,,,,,,,,,,,
2.8200187407433988,grasp,,,,,,,,,,,,,,,,,,,,,,,,,,,0.045597877353429794,,,,,,,0.0,,,,,,,,,,,
2.8400187407433988,grasp,,,,,,,,,,,,,,,,,,,,,,,,,,,0.04556583985686302,,,,,,,0.0,,,,,,,,,,,
2.860018740743399,grasp,,,,,,,,,,,,,,,,,,,,,,,,,,,0.04553612880408764,,,,,,,0.0,,,,,,,,,,,
2.880018740743399,grasp,,,,,,,,,,,,,,,,,,,,,,,,,,,0.04550916701555252,,,,,,,0.0,,,,,,,,,,,
2.900018740743399,grasp,,,,,,,,,,,,,,,,,,,,,,,,,,,0.0454851221293211,,,,,,,0.0,,,,,,,,,,,
2.920018740743399,grasp,,,,,,,,,,,,,,,,,,,,,,,,,,,0.04546421766281128,,,,,,,0.0,,,,,,,,,,,
2.940018740743399,grasp,,,,,,,,,,,,,,,,,,,,,,,,,,,0.04544668272137642,,,,,,,0.0,,,,,,,,,,,
2.960018740743399,grasp,,,,,,,,,,,,,,,,,,,,,,,,,,,0.045432424172759056,,,,,,,0.0,,,,,,,,,,,
2.980018740743399,grasp,,,,,,,,,,,,,,,,,,,,,,,,,,,0.04542149417102337,,,,,,,0.0,,,,,,,,,,,
3.000018740743399,grasp,,,,,,,,,,,,,,,,,,,,,,,,,,,0.045413656160235405,,,,,,,0.0,,,,,,,,,,,
3.020018740743399,grasp,,,,,,,,,,,,,,,,,,,,,,,,,,,0.04540862515568733,,,,,,,0.0,,,,,,,,,,,
3.040018740743399,grasp,,,,,,,,,,,,,,,,,,,,,,,,,,,0.04540577158331871,,,,,,,0.0,,,,,,,,,,,
3.060018740743399,grasp,,,,,,,,,,,,,,,,,,,,,,,,,,,0.04540463350713253,,,,,,,0.0,,,,,,,,,,,
3.080018740743399,grasp,,,,,,,,,,,,,,,,,,,,,,,,,,,0.045404477044939995,,,,,,,0.0,,,,,,,,,,,
0.0,grasp,,,,,,,,,,,,,,,,,,,,,,,,,,,5.541183054447174e-05,,,,,,,0.043,,,,,,,,,,,
0.02,grasp,,,,,,,,,,,,,,,,,,,,,,,,,,,6.992666567384731e-05,,,,,,,0.043,,,,,,,,,,,
0.04,grasp,,,,,,,,,,,,,,,,,,,,,,,,,,,0.000164909812156111,,,,,,,0.043,,,,,,,,,,,
0.06,grasp,,,,,,,,,,,,,,,,,,,,,,,,,,,0.00039309343264903873,,,,,,,0.043,,,,,,,,,,,
0.08,grasp,,,,,,,,,,,,,,,,,,,,,,,,,,,0.000777964829467237,,,,,,,0.043,,,,,,,,,,,
0.1,grasp,,,,,,,,,,,,,,,,,,,,,,,,,,,0.0013501187786459923,,,,,,,0.043,,,,,,,,,,,
0.12,grasp,,,,,,,,,,,,,,,,,,,,,,,,,,,0.0021279797656461596,,,,,,,0.043,,,,,,,,,,,
0.14,grasp,,,,,,,,,,,,,,,,,,,,,,,,,,,0.003117256099358201,,,,,,,0.043,,,,,,,,,,,
0.16,grasp,,,,,,,,,,,,,,,,,,,,,,,,,,,0.004322108346968889,,,,,,,0.043,,,,,,,,,,,
0.18,grasp,,,,,,,,,,,,,,,,,,,,,,,,,,,0.0057376117911189795,,,,,,,0.043,,,,,,,,,,,
0.2,grasp,,,,,,,,,,,,,,,,,,,,,,,,,,,0.007352548884227872,,,,,,,0.043,,,,,,,,,,,
0.22,grasp,,,,,,,,,,,,,,,,,,,,,,,,,,,0.009152044542133808,,,,,,,0.043,,,,,,,,,,,
0.24,grasp,,,,,,,,,,,,,,,,,,,,,,,,,,,0.011115817353129387,,,,,,,0.043,,,,,,,,,,,
0.26,grasp,,,,,,,,,,,,,,,,,,,,,,,,,,,0.013219452928751707,,,,,,,0.043,,,,,,,,,,,
0.28,grasp,,,,,,,,,,,,,,,,,,,,,,,,,,,0.015436476096510887,,,,,,,0.043,,,,,,,,,,,
0.3,grasp,,,,,,,,,,,,,,,,,,,,,,,,,,,0.01773703657090664,,,,,,,0.043,,,,,,,,,,,
0.32,grasp,,,,,,,,,,,,,,,,,,,,,,,,,,,0.020089865662157536,,,,,,,0.043,,,,,,,,,,,
0.34,grasp,,,,,,,,,,,,,,,,,,,,,,,,,,,0.022462504915893078,,,,,,,0.043,,,,,,,,,,,
0.36,grasp,,,,,,,,,,,,,,,,,,,,,,,,,,,0.024822333827614784,,,,,,,0.043,,,,,,,,,,,
0.38,grasp,,,,,,,,,,,,,,,,,,,,,,,,,,,0.027136605232954025,,,,,,,0.043,,,,,,,,,,,
0.4,grasp,,,,,,,,,,,,,,,,,,,,,,,,,,,0.02937373984605074,,,,,,,0.043,,,,,,,,,,,
0.42,grasp,,,,,,,,,,,,,,,,,,,,,,,,,,,0.031504055485129356,,,,,,,0.043,,,,,,,,,,,
0.44,grasp,,,,,,,,,,,,,,,,,,,,,,,,,,,0.03349940665066242,,,,,,,0.043,,,,,,,,,,,
0.46,grasp,,,,,,,,,,,,,,,,,,,,,,,,,,,0.035335566848516464,,,,,,,0.043,,,,,,,,,,,
0.48,grasp,,,,,,,,,,,,,,,,,,,,,,,,,,,0.036991292610764503,,,,,,,0.043,,,,,,,,,,,
0.5,grasp,,,,,,,,,,,,,,,,,,,,,,,,,,,0.038449978455901146,,,,,,,0.043,,,,,,,,,,,
0.52,grasp,,,,,,,,,,,,,,,,,,,,,,,,,,,0.03970008157193661,,,,,,,0.043,,,,,,,,,,,
0.54,grasp,,,,,,,,,,,,,,,,,,,,,,,,,,,0.040735719725489616,,,,,,,0.043,,,,,,,,,,,
0.56,grasp,,,,,,,,,,,,,,,,,,,,,,,,,,,0.041557349264621735,,,,,,,0.043,,,,,,,,,,,
0.58,grasp,,,,,,,,,,,,,,,,,,,,,,,,,,,0.04217240400612354,,,,,,,0.043,,,,,,,,,,,
0.6,grasp,,,,,,,,,,,,,,,,,,,,,,,,,,,0.04259638302028179,,,,,,,0.043,,,,,,,,,,,
0.62,grasp,,,,,,,,,,,,,,,,,,,,,,,,,,,0.04285305179655552,,,,,,,0.043,,,,,,,,,,,
0.64,grasp,,,,,,,,,,,,,,,,,,,,,,,,,,,0.04297521896660328,,,,,,,0.043,,,,,,,,,,,
0.66,grasp,,,,,,,,,,,,,,,,,,,,,,,,,,,0.043005334213376045,,,,,,,0.043,,,,,,,,,,,
0.68,grasp,,,,,,,,,,,,,,,,,,,,,,,,,,,0.04299856908619404,,,,,,,0.043,,,,,,,,,,,
0.68,grasp,,,,,,,,,,,,,,,,,,,,,-0.0032102763652801514,0.005620069336146116,0.015706930309534073,0.016261029988527298,-0.012354815378785133,-0.0006315323407761753,0.04299856908619404,-0.003210283350199461,0.005085099022835493,0.017798403277993202,0.0162807609885931,-0.012353460304439068,-0.0006315592327155173,,,,,,,,,,,,
0.7000000000000001,grasp,,,,,,,,,,,,,,,,,,,,,-0.003210279392078519,0.005624603014439344,0.015689481049776077,0.016260867938399315,-0.012354765087366104,-0.0006315322243608534,0.04299856908619404,-0.003210283350199461,0.005085099022835493,0.017798403277993202,0.0162807609885931,-0.012353460304439068,-0.0006315592327155173,,,,,,,,,,,,
0.7200000000000001,grasp,,,,,,,,,,,,,,,,,,,,,-0.003126768162474036,0.005657204892486334,0.015731817111372948,0.01623719371855259,-0.012353275902569294,-0.0006315194768831134,0.04299856908619404,-0.0030341056194054875,0.0051475584809021835,0.017904887466310505,0.016232074118867713,-0.012351711791764737,-0.0006315038406292263,,,,,,,,,,,,
0.74,grasp,,,,,,,,,,,,,,,,,,,,,-0.003082734765484929,0.005673727951943874,0.01575484126806259,0.016225000843405724,-0.012353429570794106,-0.0006314904312603176,0.04299856908619404,-0.0030341056194054875,0.0051475584809021835,0.017904887466310505,0.016232074118867713,-0.012351711791764737,-0.0006315038406292263,,,,,,,,,,,,
0.76,grasp,,,,,,,,,,,,,,,,,,,,,-0.002488942351192236,0.005886484868824482,0.01611137203872204,0.016059445217251778,-0.012341242283582687,-0.0006314425845630467,0.04299856908619404,-0.0018450899136811126,0.005569094214940104,0.01862354075891107,0.015903480845740506,-0.012339914660850835,-0.0006311301660608012,,,,,,,,,,,,
0.78,grasp,,,,,,,,,,,,,,,,,,,,,-0.0021808173041790724,0.005995011422783136,0.01630205102264881,0.0159741397947073,-0.01234422530978918,-0.0006312080658972263,0.04299856908619404,-0.0018450899136811126,0.005569094214940104,0.01862354075891107,0.015903480845740506,-0.012339914660850835,-0.0006311301660608012,,,,,,,,,,,,
0.8,grasp,,,,,,,,,,,,,,,,,,,,,-0.0005224308697506785,0.006581298541277647,0.01729840226471424,0.015514726750552654,-0.012311618775129318,-0.0006310546305030584,0.04299856908619404,0.0012564926635142979,0.006668683078447943,0.020498169522480437,0.015046334088784283,-0.012309142512096877,-0.0006301554583128335,,,,,,,,,,,,
0.8200000000000001,grasp,,,,,,,,,,,,,,,,,,,,,0.0003377904649823904,0.006881814915686846,0.017830325290560722,0.01527803298085928,-0.012319214642047882,-0.0006304198177531362,0.04299856908619404,0.0012564926635142979,0.006668683078447943,0.020498169522480437,0.015046334088784283,-0.012309142512096877,-0.0006301554583128335,,,,,,,,,,,,
0.8400000000000001,grasp,,,,,,,,,,,,,,,,,,,,,0.003582580015063286,0.008034171536564827,0.019779061898589134,0.014379666186869144,-0.01225756760686636,-0.0006300632376223803,0.04299856908619404,0.00705168200458645,0.008722525597676854,0.024000743536172837,0.013444798253880482,-0.012251645656949205,-0.000628334218916753,,,,,,,,,,,,
0.8600000000000001,grasp,,,,,,,,,,,,,,,,,,,,,0.005265227518975735,0.008619816042482853,0.020816532894968987,0.013916868716478348,-0.01227088738232851,-0.0006288617732934654,0.04299856908619404,0.00705168200458645,0.008722525597676854,0.024000743536172837,0.013444798253880482,-0.012251645656949205,-0.000628334218916753,,,,,,,,,,,,
0.8800000000000001,grasp,,,,,,,,,,,,,,,,,,,,,0.010558022186160088,0.010502463206648827,0.023995887488126755,0.012451637536287308,-0.012172605842351913,-0.0006282200338318944,0.04299856908619404,0.016208320303447554,0.011964639235539061,0.029534516541659592,0.010914344814858725,-0.012160798389044184,-0.0006254565627973814,,,,,,,,,,,,
0.9,grasp,,,,,,,,,,,,,,,,,,,,,0.013301612809300423,0.011458958499133587,0.025684965774416924,0.011696834117174149,-0.012192456983029842,-0.0006263066316023469,0.04299856908619404,0.016208320303447554,0.011964639235539061,0.029534516541659592,0.010914344814858725,-0.012160798389044184,-0.0006254565627973814,,,,,,,,,,,,
0.92,grasp,,,,,,,,,,,,,,,,,,,,,0.021037742495536804,0.014202479273080826,0.030330728739500046,0.009555412456393242,-0.012050977908074856,-0.0006253141909837723,0.04299856908619404,0.02928983005030097,0.016577020249429423,0.03743746873241591,0.007299500196006614,-0.01203101913896331,-0.0006213457193723628,,,,,,,,,,,,
0.9400000000000001,grasp,,,,,,,,,,,,,,,,,,,,,0.025046832859516144,0.015597054734826088,0.032796140760183334,0.008452260866761208,-0.012077952735126019,-0.0006225733668543398,0.04299856908619404,0.02928983005030097,0.016577020249429423,0.03743746873241591,0.007299500196006614,-0.01203101913896331,-0.0006213457193723628,,,,,,,,,,,,
0.9600000000000001,grasp,,,,,,,,,,,,,,,,,,,,,0.03555409610271454,0.019305435940623283,0.03910352289676666,0.00554407574236393,-0.011887897737324238,-0.0006211614236235619,0.04299856908619404,0.046756663600219885,0.022702970948527485,0.04798502935797048,0.002473271421428217,-0.01185774807838112,-0.0006158571987795263,,,,,,,,,,,,
0.98,grasp,,,,,,,,,,,,,,,,,,,,,0.04099823534488678,0.0211910642683506,0.042448002845048904,0.004045918118208647,-0.011922408826649189,-0.0006174989393912256,0.04299856908619404,0.046756663600219885,0.022702970948527485,0.04798502935797048,0.002473271421428217,-0.01185774807838112,-0.0006158571987795263,,,,,,,,,,,,
1.0,grasp,,,,,,,,,,,,,,,,,,,,,0.05453991889953613,0.025941213592886925,0.050572775304317474,0.00029831455321982503,-0.011679479852318764,-0.0006156149320304394,0.04299856908619404,0.06897299820222415,0.030443816113237095,0.06139331754522622,-0.0036646171148929734,-0.011637383946515686,-0.0006088768190357348,,,,,,,,,,,,
1.02,grasp,,,,,,,,,,,,,,,,,,,,,0.061555299907922745,0.028357092291116714,0.05487816780805588,-0.001632276806049049,-0.011721765622496605,-0.000610965071246028,0.04299856908619404,0.06897299820222415,0.030443816113237095,0.06139331754522622,-0.0036646171148929734,-0.011637383946515686,-0.0006088768190357348,,,,,,,,,,,,
1.04,grasp,,,,,,,,,,,,,,,,,,,,,0.07833091914653778,0.034207236021757126,0.06493852287530899,-0.006274329498410225,-0.011422816663980484,-0.0006085594068281353,0.04299856908619404,0.09620666788141749,0.0398772795063992,0.07782178328861435,-0.011187922412284276,-0.011367282920138192,-0.0006003206929618203,,,,,,,,,,,,
1.06,grasp,,,,,,,,,,,,,,,,,,,,,0.08702068030834198,0.03718314319849014,0.07026665657758713,-0.0086657190695405,-0.011472961865365505,-0.0006028733332641423,0.04299856908619404,0.09620666788141749,0.0398772795063992,0.07782178328861435,-0.011187922412284276,-0.011367282920138192,-0.0006003206929618203,,,,,,,,,,,,
1.08,grasp,,,,,,,,,,,,,,,,,,,,,0.10716814547777176,0.04417770355939865,0.08234498649835587,-0.014240298420190811,-0.011115907691419125,-0.0005999114946462214,0.04299856908619404,0.12863316151055795,0.05106298295441856,0.09737624445193227,-0.02014504438352723,-0.011045717475631312,-0.000590133932323675,,,,,,,,,,,,
1.1,grasp,,,,,,,,,,,,,,,,,,,,,0.11760351806879044,0.04773644357919693,0.08873863518238068,-0.017112107947468758,-0.011173839680850506,-0.0005931611522100866,0.04299856908619404,0.12863316151055795,0.05106298295441856,0.09737624445193227,-0.02014504438352723,-0.011045717475631312,-0.000590133932323675,,,,,,,,,,,,
1.12,grasp,,,,,,,,,,,,,,,,,,,,,0.14120344817638397,0.05590434372425079,0.10288379341363907,-0.023641487583518028,-0.01075764186680317,-0.0005896057118661702,0.04299856908619404,0.16634329715511584,0.0640361951521781,0.1201121505335523,-0.030561082986042726,-0.010671797790259303,-0.0005782880211146051,,,,,,,,,,,,
1.1400000000000001,grasp,,,,,,,,,,,,,,,,,,,,,0.15342606604099274,0.06006089970469475,0.11036770045757294,-0.027005214244127274,-0.010823077522218227,-0.0005817997152917087,0.04299856908619404,0.16634329715511584,0.0640361951521781,0.1201121505335523,-0.030561082986042726,-0.010671797790259303,-0.0005782880211146051,,,,,,,,,,,,
1.1600000000000001,grasp,,,,,,,,,,,,,,,,,,,,,0.18050651252269745,0.06941170245409012,0.12659689784049988,-0.0344972163438797,-0.010347538627684116,-0.0005776264006271958,0.04299856908619404,0.2093510071639463,0.078800934665169,0.14603786051485196,-0.042440003386618984,-0.010245377327701548,-0.0005647784006172777,,,,,,,,,,,,
1.1800000000000002,grasp,,,,,,,,,,,,,,,,,,,,,0.19453065097332,0.07417120784521103,0.13517922163009644,-0.03835689276456833,-0.010420138016343117,-0.0005687678349204361,0.04299856908619404,0.2093510071639463,0.078800934665169,0.14603786051485196,-0.042440003386618984,-0.010245377327701548,-0.0005647784006172777,,,,,,,,,,,,
1.2000000000000002,grasp,,,,,,,,,,,,,,,,,,,,,0.2250710427761078,0.08469580858945847,0.15348012745380402,-0.04680589213967323,-0.009885956533253193,-0.0005639660521410406,0.04299856908619404,0.2575979716176963,0.09533336854163067,0.1751176603471798,-0.0557659020977445,-0.009767014089428334,-0.0005496231163073608,,,,,,,,,,,,
1.2200000000000002,grasp,,,,,,,,,,,,,,,,,,,,,0.24088597297668457,0.09005389362573624,0.16315320134162903,-0.051158610731363297,-0.009965293109416962,-0.0005540834972634912,0.04299856908619404,0.2575979716176963,0.09533336854163067,0.1751176603471798,-0.0557659020977445,-0.009767014089428334,-0.0005496231163073608,,,,,,,,,,,,
1.2400000000000002,grasp,,,,,,,,,,,,,,,,,,,,,0.27481913566589355,0.10172861814498901,0.18348589539527893,-0.06054612621665001,-0.009373892098665237,-0.0005486412555910647,0.04299856908619404,0.3109567917902148,0.1135900136643501,0.20727475733228667,-0.070503701653427,-0.00923796475598812,-0.0005328620923743229,,,,,,,,,,,,
1.26,grasp,,,,,,,,,,,,,,,,,,,,,0.292389839887619,0.10767354816198349,0.1942274570465088,-0.06538237631320953,-0.009459411725401878,-0.0005377768538892269,0.04299856908619404,0.3109567917902148,0.1135900136643501,0.20727475733228667,-0.070503701653427,-0.00923796475598812,-0.0005328620923743229,,,,,,,,,,,,
1.28,grasp,,,,,,,,,,,,,,,,,,,,,0.3296057879924774,0.12046077102422714,0.2165263593196869,-0.07567792385816574,-0.008812951855361462,-0.0005317045724950731,0.04299856908619404,0.36923716389129035,0.13350640144444395,0.24239434819266945,-0.08660068840084012,-0.00866013559847854,-0.0005145551867893544,,,,,,,,,,,,
1.3,grasp,,,,,,,,,,,,,,,,,,,,,0.3488754332065582,0.12697361409664154,0.22830058634281158,-0.08098197728395462,-0.008904067799448967,-0.0005199086153879762,0.04299856908619404,0.36923716389129035,0.13350640144444395,0.24239434819266945,-0.08660068840084012,-0.00866013559847854,-0.0005145551867893544,,,,,,,,,,,,
1.32,grasp,,,,,,,,,,,,,,,,,,,,,0.38922515511512756,0.14082194864749908,0.2524767816066742,-0.09214425086975098,-0.008205389603972435,-0.0005132127553224564,0.04299856908619404,0.43219117632719856,0.1549976499264218,0.28032694776521433,-0.10398826208649484,-0.00803600050209383,-0.0004947805293073919,,,,,,,,,,,,
1.34,grasp,,,,,,,,,,,,,,,,,,,,,0.4101164638996124,0.14787691831588745,0.26523518562316895,-0.09789479523897171,-0.008301437832415104,-0.0005005387356504798,0.04299856908619404,0.43219117632719856,0.1549976499264218,0.28032694776521433,-0.10398826208649484,-0.00803600050209383,-0.0004947805293073919,,,,,,,,,,,,
1.36,grasp,,,,,,,,,,,,,,,,,,,,,0.45341455936431885,0.162722647190094,0.291177898645401,-0.10987260937690735,-0.00755394296720624,-0.0004932527663186193,0.04299856908619404,0.4995181415880988,0.17796069379305857,0.3208916661982734,-0.12258343342350167,-0.007368523004757971,-0.0004736321821390584,,,,,,,,,,,,
1.3800000000000001,grasp,,,,,,,,,,,,,,,,,,,,,0.475831538438797,0.17028744518756866,0.3048613369464874,-0.11604329943656921,-0.007654283195734024,-0.00047977082431316376,0.04299856908619404,0.4995181415880988,0.17796069379305857,0.3208916661982734,-0.12258343342350167,-0.007368523004757971,-0.0004736321821390584,,,,,,,,,,,,
1.4,grasp,,,,,,,,,,,,,,,,,,,,,0.521859884262085,0.1860567182302475,0.3324408233165741,-0.12877635657787323,-0.006861819885671139,-0.0004719167191069573,0.04299856908619404,0.5708691102223934,0.20227879333432075,0.3638789199747345,-0.14228990257720356,-0.006661138930687744,-0.0004512195752308467,,,,,,,,,,,,
1.42,grasp,,,,,,,,,,,,,,,,,,,,,0.5456897020339966,0.19409391283988953,0.34697964787483215,-0.13533614575862885,-0.0069658830761909485,-0.00045770700671710074,0.04299856908619404,0.5708691102223934,0.20227879333432075,0.3638789199747345,-0.14228990257720356,-0.006661138930687744,-0.0004512195752308467,,,,,,,,,,,,
1.44,grasp,,,,,,,,,,,,,,,,,,,,,0.594201922416687,0.21070219576358795,0.37604817748069763,-0.14875613152980804,-0.006132697220891714,-0.0004493204760365188,0.04299856908619404,0.6458535835312955,0.22781835624602598,0.40905361550970193,-0.16299963764739517,-0.0059177268504328985,-0.00042766547224784985,,,,,,,,,,,,
1.46,grasp,,,,,,,,,,,,,,,,,,,,,0.6193172931671143,0.21916896104812622,0.39136388897895813,-0.155669704079628,-0.006239801645278931,-0.00043446882045827806,0.04299856908619404,0.6458535835312955,0.22781835624602598,0.40905361550970193,-0.16299963764739517,-0.0059177268504328985,-0.00042766547224784985,,,,,,,,,,,,
1.48,grasp,,,,,,,,,,,,,,,,,,,,,0.6700396537780762,0.2365230917930603,0.4217582046985626,-0.16970095038414001,-0.005370568949729204,-0.00042560577276162803,0.04299856908619404,0.7240436364763352,0.254433962038208,0.45615815637404233,-0.18459408265417274,-0.0051425582676393605,-0.0004031049793650743,,,,,,,,,,,,
1.5,grasp,,,,,,,,,,,,,,,,,,,,,0.6962994337081909,0.245372012257576,0.4377641975879669,-0.1769293248653412,-0.005480353720486164,-0.0004099621146451682,0.04299856908619404,0.7240436364763352,0.254433962038208,0.45615815637404233,-0.18459408265417274,-0.0051425582676393605,-0.0004031049793650743,,,,,,,,,,,,
1.52,grasp,,,,,,,,,,,,,,,,,,,,,0.7489365339279175,0.2633720338344574,0.46930763125419617,-0.1914900839328766,-0.004623766988515854,-0.0003959361929446459,0.04299856908619404,0.8049786933247932,0.28197092665485984,0.50491544371796,-0.20694605950282466,-0.004340186922220732,-0.0003776824661483767,,,,,,,,,,,,
1.54,grasp,,,,,,,,,,,,,,,,,,,,,0.7761896848678589,0.2725522518157959,0.48591047525405884,-0.19899126887321472,-0.004736621864140034,-0.0003829972702078521,0.04299856908619404,0.8049786933247932,0.28197092665485984,0.50491544371796,-0.20694605950282466,-0.004340186922220732,-0.0003776824661483767,,,,,,,,,,,,
1.56,grasp,,,,,,,,,,,,,,,,,,,,,0.8304262757301331,0.2910905182361603,0.5184152126312256,-0.21399472653865814,-0.003831715090200305,-0.00036976407864131033,0.04299856908619404,0.8881717286275777,0.3102628459222428,0.5550325690184497,-0.22992118550964308,-0.0035154062849954903,-0.00035155021893210975,,,,,,,,,,,,
1.58,grasp,,,,,,,,,,,,,,,,,,,,,0.8585085272789001,0.3005473017692566,0.535515546798706,-0.22172397375106812,-0.003933809697628021,-0.00035600250703282654,0.04299856908619404,0.8881717286275777,0.3102628459222428,0.5550325690184497,-0.22992118550964308,-0.0035154062849954903,-0.00035155021893210975,,,,,,,,,,,,
1.6,grasp,,,,,,,,,,,,,,,,,,,,,0.9140173196792603,0.3195125162601471,0.5687837600708008,-0.23707881569862366,-0.0030140052549540997,-0.0003423654125072062,0.04299856908619404,0.9731132952741792,0.3391387679946061,0.6062030012960896,-0.2533785818898019,-0.0026732862671212374,-0.0003248689365964477,,,,,,,,,,,,
1.62,grasp,,,,,,,,,,,,,,,,,,,,,0.9427568316459656,0.32918909192085266,0.5862780213356018,-0.24498890340328217,-0.003109110053628683,-0.00032905334956012666,0.04299856908619404,0.9731132952741792,0.3391387679946061,0.6062030012960896,-0.2533785818898019,-0.0026732862671212374,-0.0003248689365964477,,,,,,,,,,,,
1.6400000000000001,grasp,,,,,,,,,,,,,,,,,,,,,0.9991954565048218,0.34846410155296326,0.6201054453849792,-0.26060035824775696,-0.0021734030451625586,-0.0003151792043354362,0.04299856908619404,1.0592779937721921,0.36841929896393916,0.6581105089825526,-0.2771725860419102,-0.0018190863846851563,-0.00029780535819029437,,,,,,,,,,,,
1.6600000000000001,grasp,,,,,,,,,,,,,,,,,,,,,1.0284149646759033,0.35830050706863403,0.6378856897354126,-0.268642395734787,-0.0022624763660132885,-0.0003018419665750116,0.04299856908619404,1.0592779937721921,0.36841929896393916,0.6581105089825526,-0.2771725860419102,-0.0018190863846851563,-0.00029780535819029437,,,,,,,,,,,,
1.6800000000000002,grasp,,,,,,,,,,,,,,,,,,,,,1.085432529449463,0.37776675820350647,0.6720615029335022,-0.2844136953353882,-0.0013201634865254164,-0.0002878447703551501,0.04299856908619404,1.1461280207375915,0.39792388700562414,0.7104311504034505,-0.3011554872055771,-0.0009581068702551988,-0.0002705274926798801,,,,,,,,,,,,
1.7000000000000002,grasp,,,,,,,,,,,,,,,,,,,,,1.1149507761001587,0.38770246505737305,0.6900174021720886,-0.292538046836853,-0.001405411516316235,-0.00027453864458948374,0.04299856908619404,1.1461280207375915,0.39792388700562414,0.7104311504034505,-0.3011554872055771,-0.0009581068702551988,-0.0002705274926798801,,,,,,,,,,,,
1.7200000000000002,grasp,,,,,,,,,,,,,,,,,,,,,1.1721892356872559,0.4072382152080536,0.7243275046348572,-0.3083712160587311,-0.00046107303933240473,-0.000260496191913262,0.04299856908619404,1.2331198537883095,0.42746746145541925,0.7628368768701574,-0.32517849396068144,-9.565725870231326e-05,-0.00024320404216363466,,,,,,,,,,,,
1.7400000000000002,grasp,,,,,,,,,,,,,,,,,,,,,1.2018238306045532,0.4172113239765167,0.742347240447998,-0.3165273666381836,-0.000545463350135833,-0.0002471690531820059,0.04299856908619404,1.2331198537883095,0.42746746145541925,0.7628368768701574,-0.32517849396068144,-9.565725870231326e-05,-0.00024320404216363466,,,,,,,,,,,,
1.7600000000000002,grasp,,,,,,,,,,,,,,,,,,,,,1.2589231729507446,0.43669548630714417,0.7765766978263855,-0.3323233723640442,0.00039747636765241623,-0.00023332824639510363,0.04299856908619404,1.3197078813905017,0.456867212170346,0.8149992621503973,-0.34909101741698595,0.0007628198973809476,-0.00021600727128076719,,,,,,,,,,,,
1.7800000000000002,grasp,,,,,,,,,,,,,,,,,,,,,1.288489580154419,0.4466438293457031,0.7945474982261658,-0.34046027064323425,0.00031228462466970086,-0.00021993198606651276,0.04299856908619404,1.3197078813905017,0.456867212170346,0.8149992621503973,-0.34909101741698595,0.0007628198973809476,-0.00021600727128076719,,,,,,,,,,,,
1.8000000000000003,grasp,,,,,,,,,,,,,,,,,,,,,1.3450907468795776,0.46595510840415955,0.828481912612915,-0.35611996054649353,0.0012498734286054969,-0.00020646407210733742,0.04299856908619404,1.405350955032253,0.485939948298775,0.8665924176660825,-0.37274272822304494,0.0016118664817610674,-0.00018910980650510166,,,,,,,,,,,,
1.8200000000000003,grasp,,,,,,,,,,,,,,,,,,,,,1.3744052648544312,0.4758169949054718,0.8462916016578674,-0.3641867935657501,0.0011619972065091133,-0.00019297871040180326,0.04299856908619404,1.405350955032253,0.485939948298775,0.8665924176660825,-0.37274272822304494,0.0016118664817610674,-0.00018910980650510166,,,,,,,,,,,,
1.8399999999999999,grasp,,,,,,,,,,,,,,,,,,,,,1.4301553964614868,0.49483588337898254,0.8797191381454468,-0.37961286306381226,0.0020906352438032627,-0.00018007616745308042,0.04299856908619404,1.4895168518769648,0.5145061513251314,0.9172948847566339,-0.39598717277150564,0.0024462652606799637,-0.00016267662249315476,,,,,,,,,,,,
1.8599999999999999,grasp,,,,,,,,,,,,,,,,,,,,,1.45903742313385,0.5045502185821533,0.8972573280334473,-0.38755929470062256,0.001998762134462595,-0.00016649144527036697,0.04299856908619404,1.4895168518769648,0.5145061513251314,0.9172948847566339,-0.39598717277150564,0.0024462652606799637,-0.00016267662249315476,,,,,,,,,,,,
1.88,grasp,,,,,,,,,,,,,,,,,,,,,1.513594150543213,0.5231597423553467,0.9299711585044861,-0.4026568830013275,0.002915841294452548,-0.00015444580640178174,0.04299856908619404,1.5716875870313942,0.5423904327883721,0.96679372077114,-0.4186819600229543,0.00326096970681455,-0.00013686737674156786,,,,,,,,,,,,
1.9,grasp,,,,,,,,,,,,,,,,,,,,,1.5418617725372314,0.5326665639877319,0.947129487991333,-0.4104340076446533,0.002826366340741515,-0.00014092949277255684,0.04299856908619404,1.5716875870313942,0.5423904327883721,0.96679372077114,-0.4186819600229543,0.00326096970681455,-0.00013686737674156786,,,,,,,,,,,,
1.92,grasp,,,,,,,,,,,,,,,,,,,,,1.594893455505371,0.550753653049469,0.9789302945137024,-0.4251110255718231,0.0037597676273435354,-0.00013391939864959568,0.04299856908619404,1.6513638372350785,0.5694239859812621,1.014789043074662,-0.4406887181893937,0.004050973801284583,-0.00011184046646764721,,,,,,,,,,,,
1.94,grasp,,,,,,,,,,,,,,,,,,,,,1.6223727464675903,0.5599949359893799,0.9956041574478149,-0.4326714873313904,0.003669095691293478,-0.00011714114953065291,0.04299856908619404,1.6513638372350785,0.5694239859812621,1.014789043074662,-0.4406887181893937,0.004050973801284583,-0.00011184046646764721,,,,,,,,,,,,
1.96,grasp,,,,,,,,,,,,,,,,,,,,,1.6735613346099854,0.5774518847465515,1.0263018608093262,-0.44683927297592163,0.0045499480329453945,-0.00010949101124424487,0.04299856908619404,1.7280702565130375,0.5954470289342928,1.0609959980497718,-0.4618754387307176,0.004811494826219565,-8.774721757706526e-05,,,,,,,,,,,,
1.98,grasp,,,,,,,,,,,,,,,,,,,,,1.7000892162322998,0.5863725543022156,1.042392611503601,-0.4541371464729309,0.004453237168490887,-9.417279943590984e-05,0.04299856908619404,1.7280702565130375,0.5954470289342928,1.0609959980497718,-0.4618754387307176,0.004811494826219565,-8.774721757706526e-05,,,,,,,,,,,,
2.0,grasp,,,,,,,,,,,,,,,,,,,,,1.749133586883545,0.6030974388122559,1.0718069076538086,-0.4677129089832306,0.0052930861711502075,-8.565654570702463e-05,0.04299856908619404,1.801360932948343,0.620308766215533,1.1051474023815142,-0.482119889075925,0.005538193866664903,-6.472468160532375e-05,,,,,,,,,,,,
2.02,grasp,,,,,,,,,,,,,,,,,,,,,1.7745537757873535,0.6116454601287842,1.0872209072113037,-0.47470593452453613,0.005198423285037279,-7.129509322112426e-05,0.04299856908619404,1.801360932948343,0.620308766215533,1.1051474023815142,-0.482119889075925,0.005538193866664903,-6.472468160532375e-05,,,,,,,,,,,,
2.04,grasp,,,,,,,,,,,,,,,,,,,,,1.821175217628479,0.6275438070297241,1.1151853799819946,-0.48761284351348877,0.005994323641061783,-6.2974460888654e-05,0.04299856908619404,1.8708251476625886,0.6438700421112575,1.1469963477622571,-0.5013087175315861,0.006227041073546448,-4.2900393955966244e-05,,,,,,,,,,,,
2.06,grasp,,,,,,,,,,,,,,,,,,,,,1.8453444242477417,0.6356702446937561,1.1298363208770752,-0.494261234998703,0.005903483834117651,-4.906590038444847e-05,0.04299856908619404,1.8708251476625886,0.6438700421112575,1.1469963477622571,-0.5013087175315861,0.006227041073546448,-4.2900393955966244e-05,,,,,,,,,,,,
2.08,grasp,,,,,,,,,,,,,,,,,,,,,1.889290452003479,0.6506555676460266,1.1561999320983887,-0.5064287185668945,0.006653866730630398,-4.1435745515627787e-05,0.04299856908619404,1.9360916196777773,0.6660055471625143,1.1863207700723832,-0.5193382998911492,0.006874309441532677,-2.239276106380459e-05,,,,,,,,,,,,
2.1,grasp,,,,,,,,,,,,,,,,,,,,,1.9120757579803467,0.6583162546157837,1.170008897781372,-0.5126962661743164,0.006568003911525011,-2.8196480343467556e-05,0.04299856908619404,1.9360916196777773,0.6660055471625143,1.1863207700723832,-0.5193382998911492,0.006874309441532677,-2.239276106380459e-05,,,,,,,,,,,,
2.12,grasp,,,,,,,,,,,,,,,,,,,,,1.9538724422454834,0.6718705296516418,1.1949859857559204,-0.5248727202415466,0.0072954073548316956,-2.101572863466572e-05,0.04299856908619404,1.9983899672461387,0.6856865726370533,1.2236515520603477,-0.5377919641053963,0.007514383286097755,-2.8260899093348593e-06,,,,,,,,,,,,
2.14,grasp,,,,,,,,,,,,,,,,,,,,,1.9755492210388184,0.6787922978401184,1.20806884765625,-0.5311447978019714,0.007216873578727245,-8.378033271583263e-06,0.04299856908619404,1.9983899672461387,0.6856865726370533,1.2236515520603477,-0.5377919641053963,0.007514383286097755,-2.8260899093348593e-06,,,,,,,,,,,,
2.16,grasp,,,,,,,,,,,,,,,,,,,,,1.9934003353118896,0.7035390138626099,1.221590280532837,-0.5200603008270264,0.0071570840664207935,-3.28398596138868e-06,0.04299856908619404,2.0123337579234235,0.7294670387655715,1.2378622051811992,-0.5082606917290551,0.0070657328156613075,1.962824172103158e-06,,,,,,,,,,,,
2.18,grasp,,,,,,,,,,,,,,,,,,,,,2.002615451812744,0.7164414525032043,1.228531837463379,-0.5143495798110962,0.007049033883959055,6.492459192486422e-07,0.04299856908619404,2.0123337579234235,0.7294670387655715,1.2378622051811992,-0.5082606917290551,0.0070657328156613075,1.962824172103158e-06,,,,,,,,,,,,
2.2,grasp,,,,,,,,,,,,,,,,,,,,,2.0068933963775635,0.7462131381034851,1.2352324724197388,-0.49130576848983765,0.006680311635136604,1.9780691218329594e-06,0.04299856908619404,2.0114092034660063,0.7774169073820785,1.2443148112135511,-0.4667978432353308,0.006347669089640219,2.161246170643423e-06,,,,,,,,,,,,
2.22,grasp,,,,,,,,,,,,,,,,,,,,,2.0090882778167725,0.7617380619049072,1.2385929822921753,-0.47943443059921265,0.006504955235868692,2.445707195875002e-06,0.04299856908619404,2.0114092034660063,0.7774169073820785,1.2443148112135511,-0.4667978432353308,0.006347669089640219,2.161246170643423e-06,,,,,,,,,,,,
2.24,grasp,,,,,,,,,,,,,,,,,,,,,2.0099029541015625,0.7904316186904907,1.2432055473327637,-0.4553599953651428,0.006112648639827967,2.5571939659130294e-06,0.04299856908619404,2.010770760942805,0.8203845469118872,1.25017576167889,-0.4297564126243467,0.005709653467231126,2.3961855383946126e-06,,,,,,,,,,,,
2.2600000000000002,grasp,,,,,,,,,,,,,,,,,,,,,2.0103249549865723,0.8053665161132812,1.2454931735992432,-0.4429575502872467,0.005912902764976025,2.5871850084513426e-06,0.04299856908619404,2.010770760942805,0.8203845469118872,1.25017576167889,-0.4297564126243467,0.005709653467231126,2.3961855383946126e-06,,,,,,,,,,,,
2.2800000000000002,grasp,,,,,,,,,,,,,,,,,,,,,2.0102696418762207,0.8313642740249634,1.2492451667785645,-0.4206799268722534,0.005539375822991133,2.6364418772573117e-06,0.04299856908619404,2.010207060551465,0.8584003818989986,1.2553563868061368,-0.3969859257594032,0.005145751218571827,2.6038509582060598e-06,,,,,,,,,,,,
2.3000000000000003,grasp,,,,,,,,,,,,,,,,,,,,,2.0102431774139404,0.8448875546455383,1.2510870695114136,-0.4092033803462982,0.005347319412976503,2.65239236796333e-06,0.04299856908619404,2.010207060551465,0.8584003818989986,1.2553563868061368,-0.3969859257594032,0.005145751218571827,2.6038509582060598e-06,,,,,,,,,,,,
2.3200000000000003,grasp,,,,,,,,,,,,,,,,,,,,,2.009995222091675,0.8677597045898438,1.2542918920516968,-0.3894822597503662,0.005011509172618389,2.730414053075947e-06,0.04299856908619404,2.009717731759689,0.8914392098841115,1.2598613845217412,-0.3685047164860079,0.004655491505921009,2.784380917174809e-06,,,,,,,,,,,,
2.3400000000000003,grasp,,,,,,,,,,,,,,,,,,,,,2.0098674297332764,0.8796526193618774,1.2558540105819702,-0.3793228566646576,0.004838635679334402,2.7676985610014526e-06,0.04299856908619404,2.009717731759689,0.8914392098841115,1.2598613845217412,-0.3685047164860079,0.004655491505921009,2.784380917174809e-06,,,,,,,,,,,,
2.36,grasp,,,,,,,,,,,,,,,,,,,,,2.009598731994629,0.8993111848831177,1.258594036102295,-0.3623392581939697,0.004547290038317442,2.8567069421114866e-06,0.04299856908619404,2.0093008723805754,0.9195483175677148,1.2637000878228508,-0.344270665643058,0.004237821116732615,2.9381611527924254e-06,,,,,,,,,,,,
2.38,grasp,,,,,,,,,,,,,,,,,,,,,2.0094597339630127,0.9095301628112793,1.2599211931228638,-0.3535901606082916,0.004397365264594555,2.8968895549041918e-06,0.04299856908619404,2.0093008723805754,0.9195483175677148,1.2637000878228508,-0.344270665643058,0.004237821116732615,2.9381611527924254e-06,,,,,,,,,,,,
2.4,grasp,,,,,,,,,,,,,,,,,,,,,2.009220600128174,0.9260121583938599,1.2622244358062744,-0.3393404185771942,0.00415178295224905,2.982656951644458e-06,0.04299856908619404,2.0089543157215664,0.9428517261879845,1.2668906489218594,-0.32417691746907373,0.003890719274838147,3.0659442032185753e-06,,,,,,,,,,,,
2.42,grasp,,,,,,,,,,,,,,,,,,,,,2.00909686088562,0.9345775842666626,1.2633357048034668,-0.33199962973594666,0.004025436472147703,3.021888915100135e-06,0.04299856908619404,2.0089543157215664,0.9428517261879845,1.2668906489218594,-0.32417691746907373,0.003890719274838147,3.0659442032185753e-06,,,,,,,,,,,,
2.44,grasp,,,,,,,,,,,,,,,,,,,,,2.008897304534912,0.9479928016662598,1.2652194499969482,-0.32039767503738403,0.0038246221374720335,3.0960875392338494e-06,0.04299856908619404,2.0086752005746855,0.9615550320827665,1.2694607490880259,-0.30804775899169234,0.0036111429147558057,3.168864209138038e-06,,,,,,,,,,,,
2.46,grasp,,,,,,,,,,,,,,,,,,,,,2.008794069290161,0.9549621343612671,1.266126275062561,-0.31442081928253174,0.00372136989608407,3.1281515475711785e-06,0.04299856908619404,2.0086752005746855,0.9615550320827665,1.2694607490880259,-0.30804775899169234,0.0036111429147558057,3.168864209138038e-06,,,,,,,,,,,,
2.48,grasp,,,,,,,,,,,,,,,,,,,,,2.008636951446533,0.9654797911643982,1.2676129341125488,-0.3053222894668579,0.0035631225910037756,3.1893457617115928e-06,0.04299856908619404,2.0084592142825164,0.9759486580428456,1.2714488673807458,-0.29563275194628474,0.0033949002221125477,3.24847867643148e-06,,,,,,,,,,,,
2.5,grasp,,,,,,,,,,,,,,,,,,,,,2.0085535049438477,0.970941960811615,1.268328070640564,-0.30063512921333313,0.0034817897249013186,3.21496554533951e-06,0.04299856908619404,2.0084592142825164,0.9759486580428456,1.2714488673807458,-0.29563275194628474,0.0033949002221125477,3.24847867643148e-06,,,,,,,,,,,,
2.52,grasp,,,,,,,,,,,,,,,,,,,,,2.008434772491455,0.9787915349006653,1.2694463729858398,-0.2938429117202759,0.0033629867248237133,3.2612376799079357e-06,0.04299856908619404,2.0083010678968995,0.9864143881671049,1.2729036126983178,-0.28660433605628294,0.00323668690989673,3.3067339934145612e-06,,,,,,,,,,,,
2.54,grasp,,,,,,,,,,,,,,,,,,,,,2.008373737335205,0.9828663468360901,1.2699849605560303,-0.2903439700603485,0.003301931545138359,3.281668114141212e-06,0.04299856908619404,2.0083010678968995,0.9864143881671049,1.2729036126983178,-0.28660433605628294,0.00323668690989673,3.3067339934145612e-06,,,,,,,,,,,,
2.56,grasp,,,,,,,,,,,,,,,,,,,,,2.008288621902466,0.9883376955986023,1.2707748413085938,-0.28560519218444824,0.003218085039407015,3.314210744065349e-06,0.04299856908619404,2.008193155761626,0.9934246501071481,1.2738941613276296,-0.2805488870293303,0.003128972054121161,3.3463961140311534e-06,,,,,,,,,,,,
2.58,grasp,,,,,,,,,,,,,,,,,,,,,2.008246660232544,0.9911761283874512,1.2711572647094727,-0.2831641137599945,0.003174976445734501,3.3279827675869456e-06,0.04299856908619404,2.008193155761626,0.9934246501071481,1.2738941613276296,-0.2805488870293303,0.003128972054121161,3.3463961140311534e-06,,,,,,,,,,,,
2.6,grasp,,,,,,,,,,,,,,,,,,,,,2.008192539215088,0.9946244955062866,1.2716656923294067,-0.2801714539527893,0.003121166257187724,3.350325187057024e-06,0.04299856908619404,2.0081281955817323,0.997556893404903,1.2744915493250681,-0.2769704042229505,0.003064009889197246,3.3703152791754843e-06,,,,,,,,,,,,
2.62,grasp,,,,,,,,,,,,,,,,,,,,,2.0081629753112793,0.9964118599891663,1.2719134092330933,-0.27862969040870667,0.003093506209552288,3.359617494425038e-06,0.04299856908619404,2.0081281955817323,0.997556893404903,1.2744915493250681,-0.2769704042229505,0.003064009889197246,3.3703152791754843e-06,,,,,,,,,,,,
2.64,grasp,,,,,,,,,,,,,,,,,,,,,2.0081331729888916,0.9982640743255615,1.2721914052963257,-0.27701902389526367,0.003064166521653533,3.3715298286551842e-06,0.04299856908619404,2.0080972509251436,0.9994978614139245,1.274776170865933,-0.27528677257206513,0.003033059794098833,3.3817109789196232e-06,,,,,,,,,,,,
2.66,grasp,,,,,,,,,,,,,,,,,,,,,2.008117914199829,0.9992228746414185,1.2723288536071777,-0.2761892080307007,0.00304908724501729,3.3776623240555637e-06,0.04299856908619404,2.0080972509251436,0.9994978614139245,1.274776170865933,-0.27528677257206513,0.003033059794098833,3.3817109789196232e-06,,,,,,,,,,,,
2.68,grasp,,,,,,,,,,,,,,,,,,,,,2.008103847503662,0.9999759197235107,1.2724440097808838,-0.275534063577652,0.003037085523828864,3.3811511457315646e-06,0.04299856908619404,2.0080885052081388,1.0000387436971871,1.27485576668875,-0.2748173770797209,0.003024403256559279,3.384898174107504e-06,,,,,,,,,,,,
2.7,grasp,,,,,,,,,,,,,,,,,,,,,2.008099317550659,1.0003721714019775,1.2725028991699219,-0.2751964330673218,0.003030896419659257,3.3841042750282213e-06,0.04299856908619404,2.0080885052081388,1.0000387436971871,1.27485576668875,-0.2748173770797209,0.003024403256559279,3.384898174107504e-06,,,,,,,,,,,,
2.700516611635685,grasp,,,,,,,,,,,,,,,,,,,,,2.008098840713501,1.0005884170532227,1.272536039352417,-0.275012731552124,0.003027471015229821,3.386768639757065e-06,0.04299856908619404,2.0080881118774414,1.0000619888305664,1.2748591899871826,-0.2747972011566162,0.003024031175300479,3.385035142855486e-06,,,,,,,,,,,,
2.700516611635685,grasp,,,,,,,,,,,,,,,,,,,,,,,,,,,0.04299996607005596,,,,,,,0.0,,,,,,,,,,,
2.720516611635685,grasp,,,,,,,,,,,,,,,,,,,,,,,,,,,0.04298563301563263,,,,,,,0.0,,,,,,,,,,,
2.740516611635685,grasp,,,,,,,,,,,,,,,,,,,,,,,,,,,0.0428905226290226,,,,,,,0.0,,,,,,,,,,,
2.760516611635685,grasp,,,,,,,,,,,,,,,,,,,,,,,,,,,0.04266194440424442,,,,,,,0.0,,,,,,,,,,,
2.780516611635685,grasp,,,,,,,,,,,,,,,,,,,,,,,,,,,0.042276738211512566,,,,,,,0.0,,,,,,,,,,,
2.800516611635685,grasp,,,,,,,,,,,,,,,,,,,,,,,,,,,0.041703736409544945,,,,,,,0.0,,,,,,,,,,,
2.8205166116356852,grasp,,,,,,,,,,,,,,,,,,,,,,,,,,,0.04092496633529663,,,,,,,0.0,,,,,,,,,,,
2.8405166116356853,grasp,,,,,,,,,,,,,,,,,,,,,,,,,,,0.039934348315000534,,,,,,,0.0,,,,,,,,,,,
2.8605166116356853,grasp,,,,,,,,,,,,,,,,,,,,,,,,,,,0.03873039036989212,,,,,,,0.0,,,,,,,,,,,
2.8805166116356853,grasp,,,,,,,,,,,,,,,,,,,,,,,,,,,0.03775536268949509,,,,,,,0.0,,,,,,,,,,,
2.9005166116356853,grasp,,,,,,,,,,,,,,,,,,,,,,,,,,,0.03769543021917343,,,,,,,0.0,,,,,,,,,,,
2.9205166116356853,grasp,,,,,,,,,,,,,,,,,,,,,,,,,,,0.03762703947722912,,,,,,,0.0,,,,,,,,,,,
2.940516611635685,grasp,,,,,,,,,,,,,,,,,,,,,,,,,,,0.03754285164177418,,,,,,,0.0,,,,,,,,,,,
2.9605166116356854,grasp,,,,,,,,,,,,,,,,,,,,,,,,,,,0.037449492141604424,,,,,,,0.0,,,,,,,,,,,
2.980516611635685,grasp,,,,,,,,,,,,,,,,,,,,,,,,,,,0.03733920119702816,,,,,,,0.0,,,,,,,,,,,
3.000516611635685,grasp,,,,,,,,,,,,,,,,,,,,,,,,,,,0.03721326217055321,,,,,,,0.0,,,,,,,,,,,
3.020516611635685,grasp,,,,,,,,,,,,,,,,,,,,,,,,,,,0.03703670762479305,,,,,,,0.0,,,,,,,,,,,
3.040516611635685,grasp,,,,,,,,,,,,,,,,,,,,,,,,,,,0.03684174455702305,,,,,,,0.0,,,,,,,,,,,
3.060516611635685,grasp,,,,,,,,,,,,,,,,,,,,,,,,,,,0.03663143143057823,,,,,,,0.0,,,,,,,,,,,
3.080516611635685,grasp,,,,,,,,,,,,,,,,,,,,,,,,,,,0.03637605160474777,,,,,,,0.0,,,,,,,,,,,
3.100516611635685,grasp,,,,,,,,,,,,,,,,,,,,,,,,,,,0.03617863170802593,,,,,,,0.0,,,,,,,,,,,
3.120516611635685,grasp,,,,,,,,,,,,,,,,,,,,,,,,,,,0.03611030615866184,,,,,,,0.0,,,,,,,,,,,
3.140516611635685,grasp,,,,,,,,,,,,,,,,,,,,,,,,,,,0.0360850989818573,,,,,,,0.0,,,,,,,,,,,
3.160516611635685,grasp,,,,,,,,,,,,,,,,,,,,,,,,,,,0.03605853021144867,,,,,,,0.0,,,,,,,,,,,
3.180516611635685,grasp,,,,,,,,,,,,,,,,,,,,,,,,,,,0.03603522852063179,,,,,,,0.0,,,,,,,,,,,
3.200516611635685,grasp,,,,,,,,,,,,,,,,,,,,,,,,,,,0.03601432777941227,,,,,,,0.0,,,,,,,,,,,
3.220516611635685,grasp,,,,,,,,,,,,,,,,,,,,,,,,,,,0.035996321588754654,,,,,,,0.0,,,,,,,,,,,
3.240516611635685,grasp,,,,,,,,,,,,,,,,,,,,,,,,,,,0.035980844870209694,,,,,,,0.0,,,,,,,,,,,
3.260516611635685,grasp,,,,,,,,,,,,,,,,,,,,,,,,,,,0.03596857190132141,,,,,,,0.0,,,,,,,,,,,
3.280516611635685,grasp,,,,,,,,,,,,,,,,,,,,,,,,,,,0.03595901466906071,,,,,,,0.0,,,,,,,,,,,
3.300516611635685,grasp,,,,,,,,,,,,,,,,,,,,,,,,,,,0.035952283069491386,,,,,,,0.0,,,,,,,,,,,
3.3205166116356852,grasp,,,,,,,,,,,,,,,,,,,,,,,,,,,0.035947782918810844,,,,,,,0.0,,,,,,,,,,,
3.3405166116356853,grasp,,,,,,,,,,,,,,,,,,,,,,,,,,,0.035945381969213486,,,,,,,0.0,,,,,,,,,,,
3.3605166116356853,grasp,,,,,,,,,,,,,,,,,,,,,,,,,,,0.03594443015754223,,,,,,,0.0,,,,,,,,,,,
3.3805166116356853,grasp,,,,,,,,,,,,,,,,,,,,,,,,,,,0.03594445437192917,,,,,,,0.0,,,,,,,,,,,
3.3805166116356853,grasp,,,,,,,,,,,,,,,,,,,,,2.008326768875122,1.0005265474319458,1.2745552062988281,-0.2748047113418579,0.0022748836781829596,0.007150148041546345,0.03594445437192917,2.0080881118774414,1.0000619888305664,1.2748591899871826,-0.2747972011566162,0.003024031175300479,3.385035142855486e-06,,,,,,,,,,,,
3.4005166116356853,grasp,,,,,,,,,,,,,,,,,,,,,2.008329391479492,1.0005178451538086,1.2745492458343506,-0.27480489015579224,0.0022642496041953564,0.00685151619836688,0.03594445437192917,2.0080881118774414,1.0000619888305664,1.2748591899871826,-0.2747972011566162,0.003024031175300479,3.385035142855486e-06,,,,,,,,,,,,
3.4205166116356853,grasp,,,,,,,,,,,,,,,,,,,,,2.0083324909210205,1.0004760026931763,1.274535894393921,-0.2748408913612366,0.002255718456581235,0.0066977692767977715,0.03594445437192917,2.008089553365041,0.9999767878273685,1.2748466425090546,-0.27487115246832816,0.003025394974056176,3.3845331075849265e-06,,,,,,,,,,,,
3.4405166116356853,grasp,,,,,,,,,,,,,,,,,,,,,2.0083343982696533,1.0004562139511108,1.2745294570922852,-0.2748592793941498,0.0022497482132166624,0.0066185505129396915,0.03594445437192917,2.008089553365041,0.9999767878273685,1.2748466425090546,-0.27487115246832816,0.003025394974056176,3.3845331075849265e-06,,,,,,,,,,,,
3.4605166116356854,grasp,,,,,,,,,,,,,,,,,,,,,2.0083396434783936,1.0001786947250366,1.274446725845337,-0.2751130759716034,0.0022519200574606657,0.006577662657946348,0.03594445437192917,2.0080988566247706,0.9993972445535765,1.2747613664218858,-0.27537408818755243,0.003034670149584571,3.38111804127362e-06,,,,,,,,,,,,
3.4805166116356854,grasp,,,,,,,,,,,,,,,,,,,,,2.0083398818969727,1.0000413656234741,1.2744048833847046,-0.2752438187599182,0.002253171755000949,0.00655657472088933,0.03594445437192917,2.0080988566247706,0.9993972445535765,1.2747613664218858,-0.27537408818755243,0.003034670149584571,3.38111804127362e-06,,,,,,,,,,,,
3.5005166116356854,grasp,,,,,,,,,,,,,,,,,,,,,2.008345603942871,0.9992674589157104,1.274169683456421,-0.2759530544281006,0.0022694433573633432,0.006545402575284243,0.03594445437192917,2.0081231672585393,0.9978726386960247,1.2745377554455921,-0.27669659103037264,0.0030589859781074793,3.3721650507099954e-06,,,,,,,,,,,,
3.5205166116356854,grasp,,,,,,,,,,,,,,,,,,,,,2.008341073989868,0.9988856911659241,1.2740445137023926,-0.27631840109825134,0.0022773512173444033,0.006539551541209221,0.03594445437192917,2.0081231672585393,0.9978726386960247,1.2745377554455921,-0.27669659103037264,0.0030589859781074793,3.3721650507099954e-06,,,,,,,,,,,,
3.5405166116356854,grasp,,,,,,,,,,,,,,,,,,,,,2.008330821990967,0.9973130226135254,1.2737789154052734,-0.27771392464637756,0.002377648837864399,0.006526998244225979,0.03594445437192917,2.0081685759591483,0.9949973898640885,1.2741202556997044,-0.27918777542551565,0.0031043843318471847,3.3554494394863354e-06,,,,,,,,,,,,
3.5605166116356854,grasp,,,,,,,,,,,,,,,,,,,,,2.008385181427002,0.9964234828948975,1.2735856771469116,-0.27843406796455383,0.0023233976680785418,0.006518856156617403,0.03594445437192917,2.0081685759591483,0.9949973898640885,1.2741202556997044,-0.27918777542551565,0.0031043843318471847,3.3554494394863354e-06,,,,,,,,,,,,
3.5805166116356855,grasp,,,,,,,,,,,,,,,,,,,,,2.0084176063537598,0.9938769340515137,1.2727484703063965,-0.2807322144508362,0.0023571844212710857,0.0065168053843081,0.03594445437192917,2.0082398182904884,0.9904083748086526,1.2734657084421446,-0.28315579355111187,0.003175563580132736,3.3292405532935684e-06,,,,,,,,,,,,
3.6005166116356855,grasp,,,,,,,,,,,,,,,,,,,,,2.008469581604004,0.9924327731132507,1.2726855278015137,-0.2819138169288635,0.002381553640589118,0.006505026947706938,0.03594445437192917,2.0082398182904884,0.9904083748086526,1.2734657084421446,-0.28315579355111187,0.003175563580132736,3.3292405532935684e-06,,,,,,,,,,,,
3.6205166116356855,grasp,,,,,,,,,,,,,,,,,,,,,2.0085067749023438,0.98857581615448,1.2716948986053467,-0.2852974832057953,0.002532278886064887,0.006492770276963711,0.03594445437192917,2.008340839240493,0.9837862517924142,1.2725375790271345,-0.28887157925313695,0.0032764939558714294,3.2920765904605396e-06,,,,,,,,,,,,
3.640516611635685,grasp,,,,,,,,,,,,,,,,,,,,,2.008458137512207,0.9865946769714355,1.271295428276062,-0.2870388329029083,0.0027889495249837637,0.00648008706048131,0.03594445437192917,2.008340839240493,0.9837862517924142,1.2725375790271345,-0.28887157925313695,0.0032764939558714294,3.2920765904605396e-06,,,,,,,,,,,,
3.6605166116356855,grasp,,,,,,,,,,,,,,,,,,,,,2.0084774494171143,0.9813151359558105,1.2699832916259766,-0.2916738986968994,0.003042374039068818,0.006460403557866812,0.03594445437192917,2.0084756625201328,0.9748579570585847,1.2712976736179675,-0.2965736081577751,0.0034113444621885194,3.2424238253318404e-06,,,,,,,,,,,,
3.680516611635685,grasp,,,,,,,,,,,,,,,,,,,,,2.008463144302368,0.9785303473472595,1.2693829536437988,-0.29406094551086426,0.003226435510441661,0.006442391313612461,0.03594445437192917,2.0084756625201328,0.9748579570585847,1.2712976736179675,-0.2965736081577751,0.0034113444621885194,3.2424238253318404e-06,,,,,,,,,,,,
3.700516611635685,grasp,,,,,,,,,,,,,,,,,,,,,2.0085771083831787,0.9716265201568604,1.268295168876648,-0.30008628964424133,0.0032838277984410524,0.00643208296969533,0.03594445437192917,2.008647764935609,0.9633903013068521,1.269713452395759,-0.3064649621833667,0.0035836548864220945,3.1789836236499355e-06,,,,,,,,,,,,
3.720516611635685,grasp,,,,,,,,,,,,,,,,,,,,,2.008608341217041,0.9680045247077942,1.2674423456192017,-0.30319300293922424,0.0034241164103150368,0.006427457090467215,0.03594445437192917,2.008647764935609,0.9633903013068521,1.269713452395759,-0.3064649621833667,0.0035836548864220945,3.1789836236499355e-06,,,,,,,,,,,,
3.740516611635685,grasp,,,,,,,,,,,,,,,,,,,,,2.0087034702301025,0.9592955112457275,1.2660784721374512,-0.31073155999183655,0.0036914146039634943,0.0064214542508125305,0.03594445437192917,2.0088598606465373,0.9491871484926432,1.2677602618909014,-0.3187136407794292,0.0037961208310337818,3.1007683240936152e-06,,,,,,,,,,,,
3.760516611635685,grasp,,,,,,,,,,,,,,,,,,,,,2.0088109970092773,0.9547762274742126,1.265393614768982,-0.3146152198314667,0.0036764920223504305,0.00641404464840889,0.03594445437192917,2.0088598606465373,0.9491871484926432,1.2677602618909014,-0.3187136407794292,0.0037961208310337818,3.1007683240936152e-06,,,,,,,,,,,,
3.780516611635685,grasp,,,,,,,,,,,,,,,,,,,,,2.0089621543884277,0.944190502166748,1.2639470100402832,-0.32376372814178467,0.0038196411915123463,0.0064130062237381935,0.03594445437192917,2.009114465944687,0.932090565183743,1.2654160870187647,-0.3334562584962508,0.0040511299075007,3.0068914993931937e-06,,,,,,,,,,,,
3.800516611635685,grasp,,,,,,,,,,,,,,,,,,,,,2.0090298652648926,0.93867427110672,1.263303279876709,-0.32847505807876587,0.003945334814488888,0.006407593376934528,0.03594445437192917,2.009114465944687,0.932090565183743,1.2654160870187647,-0.3334562584962508,0.0040511299075007,3.0068914993931937e-06,,,,,,,,,,,,
3.8205166116356852,grasp,,,,,,,,,,,,,,,,,,,,,2.009223461151123,0.9261402487754822,1.261555552482605,-0.3393111526966095,0.0041093905456364155,0.006407549139112234,0.03594445437192917,2.0094131342946455,0.9119775324158711,1.2626654193797056,-0.3507980989490538,0.004350390837019127,2.8967165262880862e-06,,,,,,,,,,,,
3.8405166116356853,grasp,,,,,,,,,,,,,,,,,,,,,2.0093111991882324,0.9196092486381531,1.260739803314209,-0.34489262104034424,0.004234238527715206,0.006406445521861315,0.03594445437192917,2.0094131342946455,0.9119775324158711,1.2626654193797056,-0.3507980989490538,0.004350390837019127,2.8967165262880862e-06,,,,,,,,,,,,
3.8605166116356853,grasp,,,,,,,,,,,,,,,,,,,,,2.0095303058624268,0.9050577282905579,1.2587084770202637,-0.35747334361076355,0.0044416822493076324,0.006406520027667284,0.03594445437192917,2.0097573921932157,0.8887593047732332,1.259495778346152,-0.37081502434970287,0.004695276505431939,2.7697316241485076e-06,,,,,,,,,,,,
3.8805166116356853,grasp,,,,,,,,,,,,,,,,,,,,,2.0096404552459717,0.897476077079773,1.2577484846115112,-0.363954097032547,0.004559448454529047,0.006406158674508333,0.03594445437192917,2.0097573921932157,0.8887593047732332,1.259495778346152,-0.37081502434970287,0.004695276505431939,2.7697316241485076e-06,,,,,,,,,,,,
3.9005166116356853,grasp,,,,,,,,,,,,,,,,,,,,,2.009887218475342,0.8808609843254089,1.2554329633712769,-0.37831833958625793,0.004806225188076496,0.006406128406524658,0.03594445437192917,2.0101481057368944,0.8623800527148187,1.2558988254815309,-0.39355532103189866,0.005086716273893348,2.6255907028406872e-06,,,,,,,,,,,,
3.9205166116356853,grasp,,,,,,,,,,,,,,,,,,,,,2.0100152492523193,0.8722047805786133,1.2543284893035889,-0.3857179582118988,0.004933465737849474,0.006405984051525593,0.03594445437192917,2.0101481057368944,0.8623800527148187,1.2558988254815309,-0.39355532103189866,0.005086716273893348,2.6255907028406872e-06,,,,,,,,,,,,
3.9405166116356853,grasp,,,,,,,,,,,,,,,,,,,,,2.0102927684783936,0.8535011410713196,1.2517309188842773,-0.4018864631652832,0.005212092772126198,0.006405939813703299,0.03594445437192917,2.0105864303083583,0.8328151948242721,1.2518698771328736,-0.4190408997710654,0.005525245622985203,2.4640965810682307e-06,,,,,,,,,,,,
3.9605166116356854,grasp,,,,,,,,,,,,,,,,,,,,,2.0104377269744873,0.8437570333480835,1.2504799365997314,-0.4102156162261963,0.0053552486933767796,0.006405807565897703,0.03594445437192917,2.0105864303083583,0.8328151948242721,1.2518698771328736,-0.4190408997710654,0.005525245622985203,2.4640965810682307e-06,,,,,,,,,,,,
3.9805166116356854,grasp,,,,,,,,,,,,,,,,,,,,,2.0107452869415283,0.8229615688323975,1.2476024627685547,-0.4281923472881317,0.005663574207574129,0.006405769847333431,0.03594445437192917,2.0110723771399246,0.8000699225216122,1.2474061626046242,-0.44726856068657295,0.0060111428281013546,2.28516185939036e-06,,,,,,,,,,,,
4.000516611635685,grasp,,,,,,,,,,,,,,,,,,,,,2.0109050273895264,0.8121274709701538,1.2462010383605957,-0.4374532103538513,0.0058241537772119045,0.006405597552657127,0.03594445437192917,2.0110723771399246,0.8000699225216122,1.2474061626046242,-0.44726856068657295,0.0060111428281013546,2.28516185939036e-06,,,,,,,,,,,,
4.020516611635685,grasp,,,,,,,,,,,,,,,,,,,,,2.0112454891204834,0.7892552018165588,1.2430447340011597,-0.45722654461860657,0.006162287667393684,0.006405499763786793,0.03594445437192917,2.011606433637553,0.7641782388629142,1.2425055555749402,-0.4782118743896711,0.00654460376276169,2.088736290462566e-06,,,,,,,,,,,,
4.040516611635685,grasp,,,,,,,,,,,,,,,,,,,,,2.0114212036132812,0.7773389220237732,1.2414880990982056,-0.4674130082130432,0.0063404119573533535,0.006405317690223455,0.03594445437192917,2.011606433637553,0.7641782388629142,1.2425055555749402,-0.4782118743896711,0.00654460376276169,2.088736290462566e-06,,,,,,,,,,,,
4.060516611635685,grasp,,,,,,,,,,,,,,,,,,,,,2.011827230453491,0.7524036169052124,1.238067626953125,-0.488992303609848,0.0067109293304383755,0.0064052315428853035,0.03594445437192917,2.012259953196532,0.7251600023720369,1.2371916233428122,-0.5118972280178608,0.0071283129762668915,1.8959391513131665e-06,,,,,,,,,,,,
4.0805166116356855,grasp,,,,,,,,,,,,,,,,,,,,,2.0120368003845215,0.7394120097160339,1.2363598346710205,-0.5001094937324524,0.006906052585691214,0.006405087187886238,0.03594445437192917,2.012259953196532,0.7251600023720369,1.2371916233428122,-0.5118972280178608,0.0071283129762668915,1.8959391513131665e-06,,,,,,,,,,,,
4.100516611635685,grasp,,,,,,,,,,,,,,,,,,,,,2.0084803104400635,0.7148820757865906,1.2307482957839966,-0.519069492816925,0.007054275833070278,0.006407983601093292,0.03594445437192917,2.0045627811896147,0.6881413515199499,1.2274267034303727,-0.5391894066237785,0.007570198054551828,-8.815645934692694e-07,,,,,,,,,,,,
4.1205166116356855,grasp,,,,,,,,,,,,,,,,,,,,,2.0065314769744873,0.7021303772926331,1.2278395891189575,-0.5288358926773071,0.007451558485627174,0.006401167716830969,0.03594445437192917,2.0045627811896147,0.6881413515199499,1.2274267034303727,-0.5391894066237785,0.007570198054551828,-8.815645934692694e-07,,,,,,,,,,,,
4.140516611635685,grasp,,,,,,,,,,,,,,,,,,,,,1.9821597337722778,0.6880468726158142,1.2122681140899658,-0.5268607139587402,0.006299479864537716,0.006418165750801563,0.03594445437192917,1.9555986633705358,0.6726215066701609,1.1980760356948397,-0.5247274797071748,0.007067791568754731,-1.626243748165591e-05,,,,,,,,,,,,
4.1605166116356855,grasp,,,,,,,,,,,,,,,,,,,,,1.9689677953720093,0.6808735728263855,1.2039991617202759,-0.5258362889289856,0.007541598752140999,0.006370554678142071,0.03594445437192917,1.9555986633705358,0.6726215066701609,1.1980760356948397,-0.5247274797071748,0.007067791568754731,-1.626243748165591e-05,,,,,,,,,,,,
4.180516611635685,grasp,,,,,,,,,,,,,,,,,,,,,1.9382425546646118,0.6687999963760376,1.1851071119308472,-0.5185185670852661,0.005943731404840946,0.0063911015167832375,0.03594445437192917,1.9048473420125047,0.6554090112031321,1.1674945767346394,-0.510707114635695,0.0065644412406298544,-3.2210507974002954e-05,,,,,,,,,,,,
4.200516611635686,grasp,,,,,,,,,,,,,,,,,,,,,1.9216947555541992,0.6626328229904175,1.1751525402069092,-0.5147418975830078,0.007233962882310152,0.006339545361697674,0.03594445437192917,1.9048473420125047,0.6554090112031321,1.1674945767346394,-0.510707114635695,0.0065644412406298544,-3.2210507974002954e-05,,,,,,,,,,,,
4.220516611635685,grasp,,,,,,,,,,,,,,,,,,,,,1.8879284858703613,0.6506035327911377,1.1546030044555664,-0.5056306719779968,0.005493513774126768,0.006359828636050224,0.03594445437192917,1.8512969497892495,0.6372466015321231,1.1352312451347604,-0.4959141825006752,0.0060333827651779075,-4.90360057641003e-05,,,,,,,,,,,,
4.240516611635686,grasp,,,,,,,,,,,,,,,,,,,,,1.8698006868362427,0.644458532333374,1.1437914371490479,-0.5009305477142334,0.006791156250983477,0.006298692896962166,0.03594445437192917,1.8512969497892495,0.6372466015321231,1.1352312451347604,-0.4959141825006752,0.0060333827651779075,-4.90360057641003e-05,,,,,,,,,,,,
4.260516611635685,grasp,,,,,,,,,,,,,,,,,,,,,1.8339619636535645,0.6320016384124756,1.1220546960830688,-0.49099233746528625,0.004965181462466717,0.006317186634987593,0.03594445437192917,1.7951248181028479,0.6181934573105955,1.1013905482720947,-0.4803972623286382,0.0054763560790357805,-6.668381347266068e-05,,,,,,,,,,,,
4.280516611635686,grasp,,,,,,,,,,,,,,,,,,,,,1.8147668838500977,0.625640332698822,1.1105738878250122,-0.4858665466308594,0.006256004795432091,0.006264219526201487,0.03594445437192917,1.7951248181028479,0.6181934573105955,1.1013905482720947,-0.4803972623286382,0.0054763560790357805,-6.668381347266068e-05,,,,,,,,,,,,
4.300516611635685,grasp,,,,,,,,,,,,,,,,,,,,,1.7771950960159302,0.6126636862754822,1.0878515243530273,-0.4753842055797577,0.004372258670628071,0.00628553656861186,0.03594445437192917,1.7365248929569193,0.598315129631063,1.0660890570350718,-0.4642107041376285,0.004895320592703414,-8.509158111699302e-05,,,,,,,,,,,,
4.320516611635686,grasp,,,,,,,,,,,,,,,,,,,,,1.7570993900299072,0.6060401201248169,1.0758419036865234,-0.4699777364730835,0.0057345046661794186,0.006234351545572281,0.03594445437192917,1.7365248929569193,0.598315129631063,1.0660890570350718,-0.4642107041376285,0.004895320592703414,-8.509158111699302e-05,,,,,,,,,,,,
4.340516611635685,grasp,,,,,,,,,,,,,,,,,,,,,1.7180143594741821,0.5925602316856384,1.0522035360336304,-0.4590549170970917,0.0037423744797706604,0.00625946931540966,0.03594445437192917,1.6757072769456562,0.577683024268639,1.0294531128687745,-0.44741246131535684,0.004292335399408013,-0.000104194217563623,,,,,,,,,,,,
4.360516611635685,grasp,,,,,,,,,,,,,,,,,,,,,1.6971136331558228,0.5856800675392151,1.0397156476974487,-0.4534209370613098,0.005189417861402035,0.006207455415278673,0.03594445437192917,1.6757072769456562,0.577683024268639,1.0294531128687745,-0.44741246131535684,0.004292335399408013,-0.000104194217563623,,,,,,,,,,,,
4.380516611635685,grasp,,,,,,,,,,,,,,,,,,,,,1.6566632986068726,0.5717358589172363,1.0152539014816284,-0.44211462140083313,0.0031203622929751873,0.00623419601470232,0.03594445437192917,1.612897025903093,0.5563728641655915,0.9916173663967411,-0.4300640556822986,0.00366957223781575,-0.0001239230937330249,,,,,,,,,,,,
4.400516611635686,grasp,,,,,,,,,,,,,,,,,,,,,1.6350511312484741,0.5646156668663025,1.002353549003601,-0.4362824857234955,0.004596354439854622,0.006171525456011295,0.03594445437192917,1.612897025903093,0.5563728641655915,0.9916173663967411,-0.4300640556822986,0.00366957223781575,-0.0001239230937330249,,,,,,,,,,,,
4.420516611635685,grasp,,,,,,,,,,,,,,,,,,,,,1.5933892726898193,0.5502604246139526,0.9771661758422852,-0.4246397018432617,0.0024568478111177683,0.006189045961946249,0.03594445437192917,1.5483314706020819,0.5344650406636877,0.952724439458689,-0.41223111063574447,0.0030293917455090262,-0.00014420360051757003,,,,,,,,,,,,
4.440516611635685,grasp,,,,,,,,,,,,,,,,,,,,,1.5711477994918823,0.5429327487945557,0.9638733863830566,-0.4186338484287262,0.0039792750030756,0.00611417880281806,0.03594445437192917,1.5483314706020819,0.5344650406636877,0.952724439458689,-0.41223111063574447,0.0030293917455090262,-0.00014420360051757003,,,,,,,,,,,,
4.460516611635685,grasp,,,,,,,,,,,,,,,,,,,,,1.5284391641616821,0.5282155275344849,0.9380369186401367,-0.40670064091682434,0.001776580116711557,0.006130090914666653,0.03594445437192917,1.4822593796351786,0.512043265735636,0.912923009766676,-0.3939827492400858,0.0023743103322178254,-0.00016495610236843947,,,,,,,,,,,,
4.480516611635686,grasp,,,,,,,,,,,,,,,,,,,,,1.505646824836731,0.5207037329673767,0.9244270324707031,-0.4005442261695862,0.0033579908777028322,0.006049704272300005,0.03594445437192917,1.4822593796351786,0.512043265735636,0.912923009766676,-0.3939827492400858,0.0023743103322178254,-0.00016495610236843947,,,,,,,,,,,,
4.500516611635685,grasp,,,,,,,,,,,,,,,,,,,,,1.462056279182434,0.5056841969490051,0.8980715870857239,-0.3883676826953888,0.0010988491121679544,0.006073384545743465,0.03594445437192917,1.414938531447019,0.48919430528608315,0.8723681490826504,-0.37539051133766016,0.001706913502717723,-0.00018609877045010047,,,,,,,,,,,,
4.520516611635685,grasp,,,,,,,,,,,,,,,,,,,,,1.4388153553009033,0.4980190098285675,0.8841534852981567,-0.382085919380188,0.00269328779540956,0.006001955363899469,0.03594445437192917,1.414938531447019,0.48919430528608315,0.8723681490826504,-0.37539051133766016,0.001706913502717723,-0.00018609877045010047,,,,,,,,,,,,
4.540516611635685,grasp,,,,,,,,,,,,,,,,,,,,,1.3944990634918213,0.48275306820869446,0.8573970198631287,-0.3697128891944885,0.00044147283188067377,0.0060305227525532246,0.03594445437192917,1.346634079118664,0.4660081472686637,0.8312201677430339,-0.3565271233056646,0.0010297668777261503,-0.0002075504648576478,,,,,,,,,,,,
4.560516611635685,grasp,,,,,,,,,,,,,,,,,,,,,1.3708997964859009,0.4749660789966583,0.8432414531707764,-0.3633298873901367,0.002039938233792782,0.0059636798687279224,0.03594445437192917,1.346634079118664,0.4660081472686637,0.8312201677430339,-0.3565271233056646,0.0010297668777261503,-0.0002075504648576478,,,,,,,,,,,,
4.5805166116356855,grasp,,,,,,,,,,,,,,,,,,,,,1.3260475397109985,0.4595155119895935,0.8161520957946777,-0.35081014037132263,-0.0002560612338129431,0.005995423533022404,0.03594445437192917,1.2776172046292817,0.4425767662754624,0.7896429751727251,-0.33746699327246354,0.00034551412792657016,-0.00022922752756188549,,,,,,,,,,,,
4.600516611635685,grasp,,,,,,,,,,,,,,,,,,,,,1.3021767139434814,0.45163553953170776,0.8018183708190918,-0.34435075521469116,0.0013680285774171352,0.005936840083450079,0.03594445437192917,1.2776172046292817,0.4425767662754624,0.7896429751727251,-0.33746699327246354,0.00034551412792657016,-0.00022922752756188549,,,,,,,,,,,,
4.6205166116356855,grasp,,,,,,,,,,,,,,,,,,,,,1.2569646835327148,0.43606001138687134,0.7745447754859924,-0.33173346519470215,-0.0009428892517462373,0.005971287842839956,0.03594445437192917,1.2081636223723753,0.41899288440565885,0.7478027388928963,-0.3182866087504542,-0.0003430849119816263,-0.00025104273145294453,,,,,,,,,,,,
4.640516611635685,grasp,,,,,,,,,,,,,,,,,,,,,1.2329190969467163,0.42811959981918335,0.760097861289978,-0.3252235949039459,0.0006865037139505148,0.005913649220019579,0.03594445437192917,1.2081636223723753,0.41899288440565885,0.7478027388928963,-0.3182866087504542,-0.0003430849119816263,-0.00025104273145294453,,,,,,,,,,,,
4.6605166116356855,grasp,,,,,,,,,,,,,,,,,,,,,1.18752920627594,0.41248229146003723,0.73272305727005,-0.3125600814819336,-0.0016306842444464564,0.0059488373808562756,0.03594445437192917,1.1385517073007876,0.39535032821552585,0.7058669946108825,-0.29906335091867026,-0.0010332144252799557,-0.00027290706140585574,,,,,,,,,,,,
4.680516611635685,grasp,,,,,,,,,,,,,,,,,,,,,1.1634047031402588,0.40451210737228394,0.7182199358940125,-0.3060257136821747,-2.930146365542896e-07,0.005891466047614813,0.03594445437192917,1.1385517073007876,0.39535032821552585,0.7058669946108825,-0.29906335091867026,-0.0010332144252799557,-0.00027290706140585574,,,,,,,,,,,,
4.700516611635686,grasp,,,,,,,,,,,,,,,,,,,,,1.1180188655853271,0.38887491822242737,0.6908546090126038,-0.29336652159690857,-0.0023157636169344187,0.005926831159740686,0.03594445437192917,1.0690609489095912,0.3717432080353205,0.6640039917111163,-0.27987406451631475,-0.0017221044239735949,-0.00029473270792047156,,,,,,,,,,,,
4.720516611635685,grasp,,,,,,,,,,,,,,,,,,,,,1.093910813331604,0.3809065818786621,0.6763527989387512,-0.28683406114578247,-0.0006894215475767851,0.005869610235095024,0.03594445437192917,1.0690609489095912,0.3717432080353205,0.6640039917111163,-0.27987406451631475,-0.0017221044239735949,-0.00029473270792047156,,,,,,,,,,,,
4.740516611635686,grasp,,,,,,,,,,,,,,,,,,,,,1.0487124919891357,0.36533230543136597,0.6491065621376038,-0.2742297649383545,-0.0029949985910207033,0.005904884077608585,0.03594445437192917,0.999969752572982,0.3482661407790537,0.6223819059873714,-0.26079499338266393,-0.002407036657560774,-0.00031643332949511687,,,,,,,,,,,,
4.760516611635685,grasp,,,,,,,,,,,,,,,,,,,,,1.0247160196304321,0.35739806294441223,0.63466477394104,-0.26772505044937134,-0.001378607121296227,0.005847959779202938,0.03594445437192917,0.999969752572982,0.3482661407790537,0.6223819059873714,-0.26079499338266393,-0.002407036657560774,-0.00031643332949511687,,,,,,,,,,,,
4.780516611635686,grasp,,,,,,,,,,,,,,,,,,,,,0.9798873662948608,0.3419485092163086,0.6076467037200928,-0.25522559881210327,-0.003665495663881302,0.005883010104298592,0.03594445437192917,0.9315544791741684,0.32501232816618675,0.5811671404038518,-0.24190185819857343,-0.0030853020775762343,-0.0003379229655107806,,,,,,,,,,,,
4.800516611635685,grasp,,,,,,,,,,,,,,,,,,,,,0.9560979604721069,0.33407992124557495,0.5933215618133545,-0.24877434968948364,-0.002064997097477317,0.0058266036212444305,0.03594445437192917,0.9315544791741684,0.32501232816618675,0.5811671404038518,-0.24190185819857343,-0.0030853020775762343,-0.0003379229655107806,,,,,,,,,,,,
4.820516611635686,grasp,,,,,,,,,,,,,,,,,,,,,0.9118185043334961,0.31881606578826904,0.5666397213935852,-0.23642967641353607,-0.004324763081967831,0.00586132425814867,0.03594445437192917,0.864087224945116,0.3020736176233459,0.5405236113197605,-0.2232699084965782,-0.0037541839991923533,-0.00035911557673210556,,,,,,,,,,,,
4.840516611635685,grasp,,,,,,,,,,,,,,,,,,,,,0.8883294463157654,0.31104427576065063,0.5524887442588806,-0.23005780577659607,-0.0027461701538413763,0.005805646535009146,0.03594445437192917,0.864087224945116,0.3020736176233459,0.5405236113197605,-0.2232699084965782,-0.0037541839991923533,-0.00035911557673210556,,,,,,,,,,,,
4.860516611635685,grasp,,,,,,,,,,,,,,,,,,,,,0.8447754979133606,0.29602643847465515,0.5262488722801208,-0.217916801571846,-0.004970056936144829,0.005839902441948652,0.03594445437192917,0.7978342339737315,0.2795405296796958,0.5006114624728248,-0.20497297479919407,-0.004411015762346547,-0.0003799266225304951,,,,,,,,,,,,
4.880516611635685,grasp,,,,,,,,,,,,,,,,,,,,,0.8216789960861206,0.288381963968277,0.5123280882835388,-0.21164941787719727,-0.0034193035680800676,0.005785156507045031,0.03594445437192917,0.7978342339737315,0.2795405296796958,0.5006114624728248,-0.20497297479919407,-0.004411015762346547,-0.0003799266225304951,,,,,,,,,,,,
4.900516611635686,grasp,,,,,,,,,,,,,,,,,,,,,0.7790218591690063,0.27366870641708374,0.48663246631622314,-0.19975970685482025,-0.005598838906735182,0.005818772595375776,0.03594445437192917,0.7330544415158259,0.2575004587983088,0.46158653662138127,-0.1870826429132826,-0.005053227058081716,-0.00040027459340848077,,,,,,,,,,,,
4.920516611635685,grasp,,,,,,,,,,,,,,,,,,,,,0.7564077973365784,0.26618170738220215,0.47299623489379883,-0.1936214566230774,-0.004081579856574535,0.0057651810348033905,0.03594445437192917,0.7330544415158259,0.2575004587983088,0.46158653662138127,-0.1870826429132826,-0.005053227058081716,-0.00040027459340848077,,,,,,,,,,,,
4.940516611635685,grasp,,,,,,,,,,,,,,,,,,,,,0.7148138284683228,0.2518298327922821,0.44794443249702454,-0.18202906847000122,-0.006208824459463358,0.005798093508929014,0.03594445437192917,0.6699976320804814,0.23603826423045607,0.4235989771266546,-0.16966777724619514,-0.005678362286565547,-0.00042008145314687,,,,,,,,,,,,
4.960516611635685,grasp,,,,,,,,,,,,,,,,,,,,,0.6927687525749207,0.24452908337116241,0.43464556336402893,-0.17604373395442963,-0.004730645101517439,0.005745816044509411,0.03594445437192917,0.6699976320804814,0.23603826423045607,0.4235989771266546,-0.16966777724619514,-0.005678362286565547,-0.00042008145314687,,,,,,,,,,,,
4.980516611635686,grasp,,,,,,,,,,,,,,,,,,,,,0.6523973345756531,0.23059304058551788,0.41033312678337097,-0.16479289531707764,-0.006797456182539463,0.00577786099165678,0.03594445437192917,0.6089027261354621,0.21523485639443052,0.3867926042929845,-0.15279435577979777,-0.00628406381157207,-0.0004392724309296964,,,,,,,,,,,,
5.000516611635685,grasp,,,,,,,,,,,,,,,,,,,,,0.6310045719146729,0.22350607812404633,0.3974224030971527,-0.1589832454919815,-0.005363818258047104,0.005727129522711039,0.03594445437192917,0.6089027261354621,0.21523485639443052,0.3867926042929845,-0.15279435577979777,-0.00628406381157207,-0.0004392724309296964,,,,,,,,,,,,
5.020516611635685,grasp,,,,,,,,,,,,,,,,,,,,,0.5920069217681885,0.21003761887550354,0.3739398419857025,-0.14811596274375916,-0.007362834643572569,0.005758202169090509,0.03594445437192917,0.5499961812301916,0.19516677515253314,0.35130367691729814,-0.13652501144854098,-0.006868077925987115,-0.00045777616805802503,,,,,,,,,,,,
5.040516611635685,grasp,,,,,,,,,,,,,,,,,,,,,0.5713455080986023,0.2031906396150589,0.361465722322464,-0.14250382781028748,-0.005978872533887625,0.005709198769181967,0.03594445437192917,0.5499961812301916,0.19516677515253314,0.35130367691729814,-0.13652501144854098,-0.006868077925987115,-0.00045777616805802503,,,,,,,,,,,,
5.060516611635685,grasp,,,,,,,,,,,,,,,,,,,,,0.5338647961616516,0.19023847579956055,0.3388984203338623,-0.13205969333648682,-0.007902896031737328,0.0057391696609556675,0.03594445437192917,0.49349022505615875,0.17590575333680658,0.31725994014507547,-0.12091857625756638,-0.007428284193399409,-0.00047552565046650555,,,,,,,,,,,,
5.0805166116356855,grasp,,,,,,,,,,,,,,,,,,,,,0.5140095949172974,0.183656245470047,0.32690614461898804,-0.1266656219959259,-0.006575761828571558,0.00569174624979496,0.03594445437192917,0.49349022505615875,0.17590575333680658,0.31725994014507547,-0.12091857625756638,-0.007428284193399409,-0.00047552565046650555,,,,,,,,,,,,
5.100516611635685,grasp,,,,,,,,,,,,,,,,,,,,,0.47817718982696533,0.17126570641994476,0.3053341209888458,-0.11668140441179276,-0.008415325544774532,0.005720456596463919,0.03594445437192917,0.4395811116930946,0.15751879474933725,0.2847794898326791,-0.10602930643119785,-0.00796273722103316,-0.0004924592596425005,,,,,,,,,,,,
5.1205166116356855,grasp,,,,,,,,,,,,,,,,,,,,,0.4591980576515198,0.1649712175130844,0.29386624693870544,-0.11152443289756775,-0.007149916607886553,0.0056755077093839645,0.03594445437192917,0.4395811116930946,0.15751879474933725,0.2847794898326791,-0.10602930643119785,-0.00796273722103316,-0.0004924592596425005,,,,,,,,,,,,
5.140516611635685,grasp,,,,,,,,,,,,,,,,,,,,,0.42513495683670044,0.15318435430526733,0.2733607888221741,-0.10203386843204498,-0.008893835358321667,0.005703155882656574,0.03594445437192917,0.3884476740470215,0.14006664451118686,0.2539698475173961,-0.09190655844170405,-0.008469677026504398,-0.0005085208968371413,,,,,,,,,,,,
5.1605166116356855,grasp,,,,,,,,,,,,,,,,,,,,,0.4070955514907837,0.14719834923744202,0.2624565362930298,-0.0971313938498497,-0.007695609237998724,0.005660195369273424,0.03594445437192917,0.3884476740470215,0.14006664451118686,0.2539698475173961,-0.09190655844170405,-0.008469677026504398,-0.0005085208968371413,,,,,,,,,,,,
5.180516611635685,grasp,,,,,,,,,,,,,,,,,,,,,0.37491241097450256,0.13605234026908875,0.24308504164218903,-0.0881645530462265,-0.009351661428809166,0.005686108022928238,0.03594445437192917,0.34024952562267585,0.12360352425892329,0.22492695099951351,-0.0785943587500477,-0.008947534200551534,-0.000523660702038745,,,,,,,,,,,,
5.200516611635686,grasp,,,,,,,,,,,,,,,,,,,,,0.3578684329986572,0.13039390742778778,0.23277917504310608,-0.08353228867053986,-0.008217939175665379,0.005645794328302145,0.03594445437192917,0.34024952562267585,0.12360352425892329,0.22492695099951351,-0.0785943587500477,-0.008947534200551534,-0.000523660702038745,,,,,,,,,,,,
5.220516611635685,grasp,,,,,,,,,,,,,,,,,,,,,0.3276600241661072,0.11992197483778,0.2145964652299881,-0.07511579990386963,-0.009768993593752384,0.005670479033142328,0.03594445437192917,0.2951253370556466,0.10817640551534705,0.197734253388473,-0.06613103643578973,-0.009394931628644803,-0.0005378350470953412,,,,,,,,,,,,
5.240516611635686,grasp,,,,,,,,,,,,,,,,,,,,,0.31166335940361023,0.11460717022418976,0.2049214243888855,-0.07076754420995712,-0.008709304966032505,0.005632346961647272,0.03594445437192917,0.2951253370556466,0.10817640551534705,0.197734253388473,-0.06613103643578973,-0.009394931628644803,-0.0005378350470953412,,,,,,,,,,,,
5.260516611635685,grasp,,,,,,,,,,,,,,,,,,,,,0.2835116386413574,0.10483703762292862,0.18797703087329865,-0.06292392313480377,-0.01016246248036623,0.005655207205563784,0.03594445437192917,0.2531911443039765,0.09382451059326637,0.17246170090694513,-0.05454872567720966,-0.00981070777988371,-0.000551007387352453,,,,,,,,,,,,
5.280516611635686,grasp,,,,,,,,,,,,,,,,,,,,,0.268602579832077,0.09987975656986237,0.17895902693271637,-0.05887145549058914,-0.009166269563138485,0.005620138719677925,0.03594445437192917,0.2531911443039765,0.09382451059326637,0.17246170090694513,-0.05454872567720966,-0.00981070777988371,-0.000551007387352453,,,,,,,,,,,,
5.300516611635685,grasp,,,,,,,,,,,,,,,,,,,,,0.24257467687129974,0.09083455801010132,0.16329090297222137,-0.05161904916167259,-0.010520365089178085,0.005641171708703041,0.03594445437192917,0.21453859481290954,0.08057914375588107,0.14916464697162457,-0.0438728223442628,-0.01019394328274708,-0.0005631488834361417,,,,,,,,,,,,
5.320516611635686,grasp,,,,,,,,,,,,,,,,,,,,,0.2287893444299698,0.08624625205993652,0.15495020151138306,-0.04787176847457886,-0.009603966027498245,0.0056084757670760155,0.03594445437192917,0.21453859481290954,0.08057914375588107,0.14916464697162457,-0.0438728223442628,-0.01019394328274708,-0.0005631488834361417,,,,,,,,,,,,
5.340516611635685,grasp,,,,,,,,,,,,,,,,,,,,,0.20493084192276,0.07794305682182312,0.14058943092823029,-0.04122401773929596,-0.010838673450052738,0.005628018639981747,0.03594445437192917,0.17923320100763043,0.06846368776077259,0.12788269865917892,-0.03412135336584994,-0.010543993235124519,-0.0005742390108760153,,,,,,,,,,,,
5.360516611635685,grasp,,,,,,,,,,,,,,,,,,,,,0.19229623675346375,0.07373208552598953,0.13294313848018646,-0.037789106369018555,-0.010005194693803787,0.005598148796707392,0.03594445437192917,0.17923320100763043,0.06846368776077259,0.12788269865917892,-0.03412135336584994,-0.010543993235124519,-0.0005742390108760153,,,,,,,,,,,,
5.380516611635685,grasp,,,,,,,,,,,,,,,,,,,,,0.17063917219638824,0.06618291139602661,0.11990737169981003,-0.03175458684563637,-0.011126608587801456,0.0056159477680921555,0.03594445437192917,0.1473126983506883,0.05749259750020551,0.10863882717299747,-0.02530463322050813,-0.010860493929186353,-0.000584266052918929,,,,,,,,,,,,
5.400516611635686,grasp,,,,,,,,,,,,,,,,,,,,,0.15917083621025085,0.062354955822229385,0.11296600103378296,-0.02863650768995285,-0.010373212397098541,0.005588909611105919,0.03594445437192917,0.1473126983506883,0.05749259750020551,0.10863882717299747,-0.02530463322050813,-0.010860493929186353,-0.000584266052918929,,,,,,,,,,,,
5.420516611635685,grasp,,,,,,,,,,,,,,,,,,,,,0.1397279053926468,0.055564992129802704,0.10126256197690964,-0.023218583315610886,-0.011381362564861774,0.005604935809969902,0.03594445437192917,0.11878566429672686,0.047669856029005586,0.09143834241241813,-0.017424945953891772,-0.01114336875684013,-0.0005932274404723064,,,,,,,,,,,,
5.440516611635685,grasp,,,,,,,,,,,,,,,,,,,,,0.12943224608898163,0.05212242901325226,0.09503035992383957,-0.020419137552380562,-0.010708239860832691,0.005580773577094078,0.03594445437192917,0.11878566429672686,0.047669856029005586,0.09143834241241813,-0.017424945953891772,-0.01114336875684013,-0.0005932274404723064,,,,,,,,,,,,
5.460516611635685,grasp,,,,,,,,,,,,,,,,,,,,,0.11219609528779984,0.04608919098973274,0.08465437591075897,-0.015615714713931084,-0.011602937243878841,0.005595001857727766,0.03594445437192917,0.09363018396204562,0.03898728294379344,0.07626789119128932,-0.010476204861107,-0.01139283441611795,-0.000601130117897567,,,,,,,,,,,,
5.480516611635686,grasp,,,,,,,,,,,,,,,,,,,,,0.10306834429502487,0.04303017258644104,0.0791303962469101,-0.013133831322193146,-0.011002019979059696,0.005573838483542204,0.03594445437192917,0.09363018396204562,0.03898728294379344,0.07626789119128932,-0.010476204861107,-0.01139283441611795,-0.000601130117897567,,,,,,,,,,,,
5.500516611635685,grasp,,,,,,,,,,,,,,,,,,,,,0.08801314979791641,0.03774338960647583,0.07006356120109558,-0.008937186561524868,-0.011797072365880013,0.0055862246081233025,0.03594445437192917,0.07179203627075538,0.03142437665008487,0.06309445795044777,-0.004443434060956439,-0.011609422542440821,-0.0006079910930599317,,,,,,,,,,,,
5.520516611635685,grasp,,,,,,,,,,,,,,,,,,,,,0.08003854751586914,0.03506290167570114,0.06523696333169937,-0.00676881754770875,-0.011272115632891655,0.00556737557053566,0.03594445437192917,0.07179203627075538,0.03142437665008487,0.06309445795044777,-0.004443434060956439,-0.011609422542440821,-0.0006079910930599317,,,,,,,,,,,,
5.540516611635685,grasp,,,,,,,,,,,,,,,,,,,,,0.0671108290553093,0.0305043775588274,0.05745012313127518,-0.0031648832373321056,-0.011946932412683964,0.005578569136559963,0.03594445437192917,0.05318230450219555,0.024950065709629207,0.05186429528497682,0.0006978991647810923,-0.011794008503436206,-0.00061383817356388,,,,,,,,,,,,
5.560516611635686,grasp,,,,,,,,,,,,,,,,,,,,,0.06026601046323776,0.028192764148116112,0.05330643802881241,-0.0013029547408223152,-0.011515098623931408,0.0055625224485993385,0.03594445437192917,0.05318230450219555,0.024950065709629207,0.05186429528497682,0.0006978991647810923,-0.011794008503436206,-0.00061383817356388,,,,,,,,,,,,
5.5805166116356855,grasp,,,,,,,,,,,,,,,,,,,,,0.04939146339893341,0.024337701499462128,0.046754978597164154,0.0017288066446781158,-0.012075320817530155,0.005571333691477776,0.03594445437192917,0.037675435160809956,0.01952293741881819,0.04250192853681989,0.004982425206079907,-0.011947831762947933,-0.0006187106899972934,,,,,,,,,,,,
5.600516611635685,grasp,,,,,,,,,,,,,,,,,,,,,0.043634913861751556,0.02238260954618454,0.04326935485005379,0.0032949813175946474,-0.01171388290822506,0.0055582234635949135,0.03594445437192917,0.037675435160809956,0.01952293741881819,0.04250192853681989,0.004982425206079907,-0.011947831762947933,-0.0006187106899972934,,,,,,,,,,,,
5.6205166116356855,grasp,,,,,,,,,,,,,,,,,,,,,0.03471582382917404,0.019204506650567055,0.03789401426911354,0.005782151594758034,-0.01218199823051691,0.0055657182820141315,0.03594445437192917,0.025103986867115975,0.015102024352049936,0.034908796008859,0.008456172725767963,-0.012072545735176965,-0.0006226611024377646,,,,,,,,,,,,
5.640516611635686,grasp,,,,,,,,,,,,,,,,,,,,,0.02999398671090603,0.01759234629571438,0.03503549098968506,0.007066905964165926,-0.011886716820299625,0.005555016454309225,0.03594445437192917,0.025103986867115975,0.015102024352049936,0.034908796008859,0.008456172725767963,-0.012072545735176965,-0.0006226611024377646,,,,,,,,,,,,
5.6605166116356855,grasp,,,,,,,,,,,,,,,,,,,,,0.02290359139442444,0.015056181699037552,0.03076121024787426,0.009044320322573185,-0.012253950349986553,0.005560797173529863,0.03594445437192917,0.015262149637350498,0.011629486562542595,0.02896268244115014,0.011175822605185931,-0.012170185848279662,-0.0006257539177610306,,,,,,,,,,,,
5.680516611635685,grasp,,,,,,,,,,,,,,,,,,,,,0.019151607528328896,0.013768990524113178,0.02849019505083561,0.010065683163702488,-0.012027399614453316,0.005552466493099928,0.03594445437192917,0.015262149637350498,0.011629486562542595,0.02896268244115014,0.011175822605185931,-0.012170185848279662,-0.0006257539177610306,,,,,,,,,,,,
5.700516611635685,grasp,,,,,,,,,,,,,,,,,,,,,0.013739573769271374,0.01182620134204626,0.025227302685379982,0.011575202457606792,-0.012307954020798206,0.005556926596909761,0.03594445437192917,0.007905701695515431,0.0090249619633862,0.024516873901504366,0.01320878770675657,-0.012243172512591934,-0.0006280658257221392,,,,,,,,,,,,
5.720516611635685,grasp,,,,,,,,,,,,,,,,,,,,,0.010877379216253757,0.0108394306153059,0.023495003581047058,0.012354835867881775,-0.01214599423110485,0.005550806410610676,0.03594445437192917,0.007905701695515431,0.0090249619633862,0.024516873901504366,0.01320878770675657,-0.012243172512591934,-0.0006280658257221392,,,,,,,,,,,,
5.740516611635686,grasp,,,,,,,,,,,,,,,,,,,,,0.006964953616261482,0.009432591497898102,0.02113698422908783,0.013446051627397537,-0.012345467694103718,0.0055540031753480434,0.03594445437192917,0.002746553693353977,0.007196969231530436,0.02139878156681152,0.014634544062628447,-0.012294358905790689,-0.0006296871828840971,,,,,,,,,,,,
5.760516611635685,grasp,,,,,,,,,,,,,,,,,,,,,0.00489693321287632,0.008716817013919353,0.01988678239285946,0.014009613543748856,-0.012228635139763355,0.005549631081521511,0.03594445437192917,0.002746553693353977,0.007196969231530436,0.02139878156681152,0.014634544062628447,-0.012294358905790689,-0.0006296871828840971,,,,,,,,,,,,
5.780516611635685,grasp,,,,,,,,,,,,,,,,,,,,,0.0022798103746026754,0.007774339523166418,0.01830936409533024,0.014739847742021084,-0.012364755384624004,0.0055517819710075855,0.03594445437192917,-0.0005450323271823267,0.006029996964174409,0.01940930854509252,0.015544199334277678,-0.012327016291205958,-0.0006307216154219387,,,,,,,,,,,,
5.800516611635685,grasp,,,,,,,,,,,,,,,,,,,,,0.0008972969953902066,0.007293859962373972,0.01747487112879753,0.015116900205612183,-0.01229283306747675,0.005549008958041668,0.03594445437192917,-0.0005450323271823267,0.006029996964174409,0.01940930854509252,0.015544199334277678,-0.012327016291205958,-0.0006307216154219387,,,,,,,,,,,,
5.820516611635686,grasp,,,,,,,,,,,,,,,,,,,,,-0.000660381221678108,0.006732057314366102,0.016536587849259377,0.015551646240055561,-0.012373348698019981,0.00555027462542057,0.03594445437192917,-0.0023446613785832932,0.005391983688461692,0.018321594860199054,0.01604154156193691,-0.012344871085740908,-0.000631287157903632,,,,,,,,,,,,
5.840516611635685,grasp,,,,,,,,,,,,,,,,,,,,,-0.0014817953342571855,0.0064452351070940495,0.016042115166783333,0.01577603630721569,-0.012337105348706245,0.005548817105591297,0.03594445437192917,-0.0023446613785832932,0.005391983688461692,0.018321594860199054,0.01604154156193691,-0.012344871085740908,-0.000631287157903632,,,,,,,,,,,,
5.860516611635685,grasp,,,,,,,,,,,,,,,,,,,,,-0.0022453994024544954,0.006169234402477741,0.015582993626594543,0.015989255160093307,-0.01237580832093954,0.005549419205635786,0.03594445437192917,-0.0030752425253096193,0.005132974413167591,0.01788002381730656,0.01624344244077033,-0.012352120017412887,-0.000631516772331542,,,,,,,,,,,,
5.880516611635685,grasp,,,,,,,,,,,,,,,,,,,,,-0.0026466555427759886,0.006027828902006149,0.015342839062213898,0.016099238768219948,-0.012364467605948448,0.005548892077058554,0.03594445437192917,-0.0030752425253096193,0.005132974413167591,0.01788002381730656,0.01624344244077033,-0.012352120017412887,-0.000631516772331542,,,,,,,,,,,,
5.900516611635686,grasp,,,,,,,,,,,,,,,,,,,,,-0.002913776785135269,0.005930871237069368,0.015183529816567898,0.016173766925930977,-0.012376949191093445,0.005549078341573477,0.03594445437192917,-0.00320900671430064,0.0050855516225323605,0.0177991748939535,0.016280408189281188,-0.012353447634139205,-0.0006315588313252645,,,,,,,,,,,,
5.9061623761802915,grasp,,,,,,,,,,,,,,,,,,,,,-0.0030551813542842865,0.005880558863282204,0.015101245604455471,0.01621231622993946,-0.012378880754113197,0.005549045279622078,0.03594445437192917,-0.003210283350199461,0.005085099022835493,0.017798403277993202,0.0162807609885931,-0.012353460304439068,-0.0006315592327155173,,,,,,,,,,,,
