timestamp,phase,base_pos_x,base_pos_y,base_pos_z,base_yaw,base_quat_w,base_quat_x,base_quat_y,base_quat_z,base_lin_vel_x_body,base_lin_vel_y_body,base_ang_vel_z_body,cmd_vx,cmd_vy,cmd_wz,ee_pos_x,ee_pos_y,ee_pos_z,ee_roll,ee_pitch,ee_yaw,arm_joint1,arm_joint2,arm_joint3,arm_joint4,arm_joint5,arm_joint6,gripper,arm_action_joint1,arm_action_joint2,arm_action_joint3,arm_action_joint4,arm_action_joint5,arm_action_joint6,gripper_action,object_pos_x,object_pos_y,object_pos_z,object_quat_w,object_quat_x,object_quat_y,object_quat_z,front_image,wrist_image,success,failure_reason
0.0,grasp,,,,,,,,,,,,,,,,,,,,,,,,,,,0.00014680003914691042,,,,,,,0.043,,,,,,,,,,,
0.02,grasp,,,,,,,,,,,,,,,,,,,,,,,,,,,0.0001614313769096043,,,,,,,0.043,,,,,,,,,,,
0.04,grasp,,,,,,,,,,,,,,,,,,,,,,,,,,,0.00025613442267058417,,,,,,,0.043,,,,,,,,,,,
0.06,grasp,,,,,,,,,,,,,,,,,,,,,,,,,,,0.0004832028644159436,,,,,,,0.043,,,,,,,,,,,
0.08,grasp,,,,,,,,,,,,,,,,,,,,,,,,,,,0.0008677312289364636,,,,,,,0.043,,,,,,,,,,,
0.1,grasp,,,,,,,,,,,,,,,,,,,,,,,,,,,0.001438707229681313,,,,,,,0.043,,,,,,,,,,,
0.12,grasp,,,,,,,,,,,,,,,,,,,,,,,,,,,0.0022145166294649243,,,,,,,0.043,,,,,,,,,,,
0.14,grasp,,,,,,,,,,,,,,,,,,,,,,,,,,,0.00320208549965173,,,,,,,0.043,,,,,,,,,,,
0.16,grasp,,,,,,,,,,,,,,,,,,,,,,,,,,,0.00440421374514699,,,,,,,0.043,,,,,,,,,,,
0.18,grasp,,,,,,,,,,,,,,,,,,,,,,,,,,,0.005816661054268479,,,,,,,0.043,,,,,,,,,,,
0.2,grasp,,,,,,,,,,,,,,,,,,,,,,,,,,,0.007428283570334315,,,,,,,0.043,,,,,,,,,,,
0.22,grasp,,,,,,,,,,,,,,,,,,,,,,,,,,,0.009223959408700466,,,,,,,0.043,,,,,,,,,,,
0.24,grasp,,,,,,,,,,,,,,,,,,,,,,,,,,,0.011183372233062983,,,,,,,0.043,,,,,,,,,,,
0.26,grasp,,,,,,,,,,,,,,,,,,,,,,,,,,,0.013282778207212687,,,,,,,0.043,,,,,,,,,,,
0.28,grasp,,,,,,,,,,,,,,,,,,,,,,,,,,,0.01549490075558424,,,,,,,0.043,,,,,,,,,,,
0.3,grasp,,,,,,,,,,,,,,,,,,,,,,,,,,,0.017790652811527252,,,,,,,0.043,,,,,,,,,,,
0.32,grasp,,,,,,,,,,,,,,,,,,,,,,,,,,,0.020138529129326344,,,,,,,0.043,,,,,,,,,,,
0.34,grasp,,,,,,,,,,,,,,,,,,,,,,,,,,,0.02250612247735262,,,,,,,0.043,,,,,,,,,,,
0.36,grasp,,,,,,,,,,,,,,,,,,,,,,,,,,,0.02486083935946226,,,,,,,0.043,,,,,,,,,,,
0.38,grasp,,,,,,,,,,,,,,,,,,,,,,,,,,,0.027170266024768353,,,,,,,0.043,,,,,,,,,,,
0.4,grasp,,,,,,,,,,,,,,,,,,,,,,,,,,,0.02940267790108919,,,,,,,0.043,,,,,,,,,,,
0.42,grasp,,,,,,,,,,,,,,,,,,,,,,,,,,,0.03152834437787533,,,,,,,0.043,,,,,,,,,,,
0.44,grasp,,,,,,,,,,,,,,,,,,,,,,,,,,,0.033519623801112175,,,,,,,0.043,,,,,,,,,,,
0.46,grasp,,,,,,,,,,,,,,,,,,,,,,,,,,,0.03535175323486328,,,,,,,0.043,,,,,,,,,,,
0.48,grasp,,,,,,,,,,,,,,,,,,,,,,,,,,,0.037004031240940094,,,,,,,0.043,,,,,,,,,,,
0.5,grasp,,,,,,,,,,,,,,,,,,,,,,,,,,,0.0384596586227417,,,,,,,0.043,,,,,,,,,,,
0.52,grasp,,,,,,,,,,,,,,,,,,,,,,,,,,,0.03970707766711712,,,,,,,0.043,,,,,,,,,,,
0.54,grasp,,,,,,,,,,,,,,,,,,,,,,,,,,,0.04074053280055523,,,,,,,0.043,,,,,,,,,,,
0.56,grasp,,,,,,,,,,,,,,,,,,,,,,,,,,,0.0415603332221508,,,,,,,0.043,,,,,,,,,,,
0.58,grasp,,,,,,,,,,,,,,,,,,,,,,,,,,,0.0421740785241127,,,,,,,0.043,,,,,,,,,,,
0.6,grasp,,,,,,,,,,,,,,,,,,,,,,,,,,,0.04259733110666275,,,,,,,0.043,,,,,,,,,,,
0.62,grasp,,,,,,,,,,,,,,,,,,,,,,,,,,,0.04285322688519955,,,,,,,0.043,,,,,,,,,,,
0.64,grasp,,,,,,,,,,,,,,,,,,,,,,,,,,,0.042975159361958504,,,,,,,0.043,,,,,,,,,,,
0.66,grasp,,,,,,,,,,,,,,,,,,,,,,,,,,,0.043005870655179024,,,,,,,0.043,,,,,,,,,,,
0.68,grasp,,,,,,,,,,,,,,,,,,,,,,,,,,,0.042998289689421654,,,,,,,0.043,,,,,,,,,,,
0.68,grasp,,,,,,,,,,,,,,,,,,,,,-0.015195098705589771,0.008573884144425392,0.010339268483221531,0.004148016218096018,0.0042225755751132965,0.035634845495224,0.042998289689421654,-0.015193510800600052,0.008035664446651936,0.012433882802724838,0.004168998915702105,0.0041734459809958935,0.0356358177959919,,,,,,,,,,,,
0.7000000000000001,grasp,,,,,,,,,,,,,,,,,,,,,-0.015195105224847794,0.008578453212976456,0.010321801528334618,0.0041478220373392105,0.004223786294460297,0.03563474491238594,0.042998289689421654,-0.015193510800600052,0.008035664446651936,0.012433882802724838,0.004168998915702105,0.0041734459809958935,0.0356358177959919,,,,,,,,,,,,
0.7200000000000001,grasp,,,,,,,,,,,,,,,,,,,,,-0.01508762501180172,0.008623827248811722,0.010387277230620384,0.004114306531846523,0.004225922282785177,0.035632479935884476,0.042998289689421654,-0.014967169419592868,0.008124380096461202,0.012588659052893492,0.004100104501923278,0.004173891066196663,0.03563129375767548,,,,,,,,,,,,
0.74,grasp,,,,,,,,,,,,,,,,,,,,,-0.015030878596007824,0.00864681787788868,0.010422730818390846,0.0040970733389258385,0.0042251660488545895,0.03563133627176285,0.042998289689421654,-0.014967169419592868,0.008124380096461202,0.012588659052893492,0.004100104501923278,0.004173891066196663,0.03563129375767548,,,,,,,,,,,,
0.76,grasp,,,,,,,,,,,,,,,,,,,,,-0.014269574545323849,0.008946848101913929,0.010940211825072765,0.003863553050905466,0.004235485568642616,0.03561580926179886,0.042998289689421654,-0.013445762667568629,0.00872069939364137,0.01362902518040739,0.0036370127973334326,0.004176881772738891,0.03560088430580614,,,,,,,,,,,,
0.78,grasp,,,,,,,,,,,,,,,,,,,,,-0.013874434866011143,0.009100479073822498,0.011216863058507442,0.0037434804253280163,0.004228108562529087,0.03560810536146164,0.042998289689421654,-0.013445762667568629,0.00872069939364137,0.01362902518040739,0.0036370127973334326,0.004176881772738891,0.03560088430580614,,,,,,,,,,,,
0.8,grasp,,,,,,,,,,,,,,,,,,,,,-0.011762234382331371,0.009927761740982533,0.012651894241571426,0.003098629415035248,0.004253938794136047,0.03556529060006142,0.042998289689421654,-0.009498234157639195,0.010267936657490961,0.016328414274357182,0.002435448147466089,0.004184641881376798,0.03552197976127136,,,,,,,,,,,,
0.8200000000000001,grasp,,,,,,,,,,,,,,,,,,,,,-0.010666529648005962,0.010349323973059654,0.013418496586382389,0.0027671128045767546,0.004234632011502981,0.035543978214263916,0.042998289689421654,-0.009498234157639195,0.010267936657490961,0.016328414274357182,0.002435448147466089,0.004184641881376798,0.03552197976127136,,,,,,,,,,,,
0.8400000000000001,grasp,,,,,,,,,,,,,,,,,,,,,-0.006556662265211344,0.011965520679950714,0.016210807487368584,0.0015130144311115146,0.004281599540263414,0.03546084463596344,0.042998289689421654,-0.002164270162571877,0.013140696212316628,0.021342903527182044,0.0002031452251198647,0.004199058958912947,0.03537539133958721,,,,,,,,,,,,
0.8600000000000001,grasp,,,,,,,,,,,,,,,,,,,,,-0.004425321239978075,0.012785416096448898,0.017697587609291077,0.0008682364132255316,0.004246090073138475,0.03541933000087738,0.042998289689421654,-0.002164270162571877,0.013140696212316628,0.021342903527182044,0.0002031452251198647,0.004199058958912947,0.03537539133958721,,,,,,,,,,,,
0.8800000000000001,grasp,,,,,,,,,,,,,,,,,,,,,0.0022409744560718536,0.015405216254293919,0.022225812077522278,-0.0011656110873445868,0.004319122061133385,0.035284560173749924,0.042998289689421654,0.009356167563712603,0.01764337661811676,0.029216484221397197,-0.003303217421970699,0.004221704124854012,0.03514514034338498,,,,,,,,,,,,
0.9,grasp,,,,,,,,,,,,,,,,,,,,,0.005696900188922882,0.01673545502126217,0.024632705375552177,-0.0022113847080618143,0.00426408601924777,0.035217154771089554,0.042998289689421654,0.009356167563712603,0.01764337661811676,0.029216484221397197,-0.003303217421970699,0.004221704124854012,0.03514514034338498,,,,,,,,,,,,
0.92,grasp,,,,,,,,,,,,,,,,,,,,,0.015382219105958939,0.020529041066765785,0.031207585707306862,-0.005165849346667528,0.004367200192064047,0.03502146154642105,0.042998289689421654,0.025712299688348213,0.024011008287303428,0.04038656033224194,-0.00828083414432881,0.004253850152195905,0.03481827485644841,,,,,,,,,,,,
0.9400000000000001,grasp,,,,,,,,,,,,,,,,,,,,,0.02040191926062107,0.022456254810094833,0.03469832241535187,-0.006685091648250818,0.004289980977773666,0.03492347523570061,0.042998289689421654,0.025712299688348213,0.024011008287303428,0.04038656033224194,-0.00828083414432881,0.004253850152195905,0.03481827485644841,,,,,,,,,,,,
0.9600000000000001,grasp,,,,,,,,,,,,,,,,,,,,,0.03347410634160042,0.027551645413041115,0.04356440156698227,-0.010672003962099552,0.0044263387098908424,0.034659456461668015,0.042998289689421654,0.04741031973148606,0.03241391816291827,0.05518985169299071,-0.014883176003526979,0.004296486850927818,0.03438472201890763,,,,,,,,,,,,
0.98,grasp,,,,,,,,,,,,,,,,,,,,,0.04024782031774521,0.03014116920530796,0.048267435282468796,-0.012722276151180267,0.0043250094167888165,0.03452715277671814,0.042998289689421654,0.04741031973148606,0.03241391816291827,0.05518985169299071,-0.014883176003526979,0.004296486850927818,0.03438472201890763,,,,,,,,,,,,
1.0,grasp,,,,,,,,,,,,,,,,,,,,,0.056981272995471954,0.036632560193538666,0.05960686504840851,-0.017824992537498474,0.004496784880757332,0.034189317375421524,0.042998289689421654,0.074815418487228,0.042975867956949174,0.07386978095467493,-0.023220965179201362,0.004350328605931159,0.03383720940973029,,,,,,,,,,,,
1.02,grasp,,,,,,,,,,,,,,,,,,,,,0.06565091758966446,0.039932556450366974,0.0656174048781395,-0.020449213683605194,0.004370064940303564,0.034019868820905685,0.042998289689421654,0.074815418487228,0.042975867956949174,0.07386978095467493,-0.023220965179201362,0.004350328605931159,0.03383720940973029,,,,,,,,,,,,
1.04,grasp,,,,,,,,,,,,,,,,,,,,,0.08622968941926956,0.04788738116621971,0.07955414056777954,-0.026723703369498253,0.004578579682856798,0.03360457718372345,0.042998289689421654,0.10815733087944321,0.05578416688935094,0.0965829870522387,-0.03336402905002517,0.004415826961036521,0.033171152691265346,,,,,,,,,,,,
1.06,grasp,,,,,,,,,,,,,,,,,,,,,0.09689030051231384,0.05193248391151428,0.08693643659353256,-0.029950732365250587,0.004425837658345699,0.03339611366391182,0.042998289689421654,0.10815733087944321,0.05578416688935094,0.0965829870522387,-0.03336402905002517,0.004415826961036521,0.033171152691265346,,,,,,,,,,,,
1.08,grasp,,,,,,,,,,,,,,,,,,,,,0.12141541391611099,0.06138923764228821,0.10353948920965195,-0.037427693605422974,0.004671561066061258,0.03290132060647011,0.042998289689421654,0.1475437630071004,0.07088137494280475,0.12340379360020758,-0.04534512428419063,0.004493191979083689,0.03238440534403711,,,,,,,,,,,,
1.1,grasp,,,,,,,,,,,,,,,,,,,,,0.13411900401115417,0.06619945168495178,0.11232855170965195,-0.04127340391278267,0.004492831416428089,0.03265279158949852,0.042998289689421654,0.1475437630071004,0.07088137494280475,0.12340379360020758,-0.04534512428419063,0.004493191979083689,0.03238440534403711,,,,,,,,,,,,
1.12,grasp,,,,,,,,,,,,,,,,,,,,,0.16261471807956696,0.07716848701238632,0.13161514699459076,-0.04996028169989586,0.004775464069098234,0.032078031450510025,0.042998289689421654,0.192969468830517,0.08826785712401193,0.15432929382080454,-0.0591627687809635,0.004582412923344711,0.031477059567231215,,,,,,,,,,,,
1.1400000000000001,grasp,,,,,,,,,,,,,,,,,,,,,0.17737381160259247,0.08274950087070465,0.14181838929653168,-0.05442854017019272,0.004571213386952877,0.031789131462574005,0.042998289689421654,0.192969468830517,0.08826785712401193,0.15432929382080454,-0.0591627687809635,0.004582412923344711,0.031477059567231215,,,,,,,,,,,,
1.1600000000000001,grasp,,,,,,,,,,,,,,,,,,,,,0.20979465544223785,0.09521180391311646,0.16375789046287537,-0.06431134045124054,0.004889824893325567,0.031135356053709984,0.042998289689421654,0.24432687876878878,0.10789912210277211,0.18928500603375842,-0.07478424568794766,0.004683276102892795,0.030451270951142424,,,,,,,,,,,,
1.1800000000000002,grasp,,,,,,,,,,,,,,,,,,,,,0.22658531367778778,0.10155440121889114,0.1753574013710022,-0.06939507275819778,0.004660991486161947,0.03080654889345169,0.042998289689421654,0.24432687876878878,0.10789912210277211,0.18928500603375842,-0.07478424568794766,0.004683276102892795,0.030451270951142424,,,,,,,,,,,,
1.2000000000000002,grasp,,,,,,,,,,,,,,,,,,,,,0.2628205120563507,0.11546538770198822,0.19987472891807556,-0.08044005185365677,0.005014017224311829,0.030076030641794205,0.042998289689421654,0.3014121826083986,0.1296942295490321,0.22813143259909913,-0.09214759890400691,0.004795380730560221,0.02931110828062259,,,,,,,,,,,,
1.2200000000000002,grasp,,,,,,,,,,,,,,,,,,,,,0.2815852463245392,0.12254738062620163,0.2128288894891739,-0.08612196147441864,0.004761937540024519,0.02970840036869049,0.042998289689421654,0.3014121826083986,0.1296942295490321,0.22813143259909913,-0.09214759890400691,0.004795380730560221,0.02931110828062259,,,,,,,,,,,,
1.2400000000000002,grasp,,,,,,,,,,,,,,,,,,,,,0.3214631676673889,0.1378425657749176,0.2398093342781067,-0.09827679395675659,0.005147343967109919,0.02890457585453987,0.042998289689421654,0.3639315464582614,0.15354486394751563,0.2706701038577107,-0.11116355591850559,0.004918152772629495,0.02806242605721347,,,,,,,,,,,,
1.26,grasp,,,,,,,,,,,,,,,,,,,,,0.342113196849823,0.14563153684139252,0.25405558943748474,-0.10453005880117416,0.0048737782053649426,0.028499845415353775,0.042998289689421654,0.3639315464582614,0.15354486394751563,0.2706701038577107,-0.11116355591850559,0.004918152772629495,0.02806242605721347,,,,,,,,,,,,
1.28,grasp,,,,,,,,,,,,,,,,,,,,,0.3854089379310608,0.16222363710403442,0.28334712982177734,-0.11772610247135162,0.005288966931402683,0.027627281844615936,0.042998289689421654,0.43151433431184777,0.17930706221521311,0.3166481971532404,-0.13171937472604073,0.005050864542462922,0.02671264413745262,,,,,,,,,,,,
1.3,grasp,,,,,,,,,,,,,,,,,,,,,0.4078276753425598,0.17067548632621765,0.29880350828170776,-0.12451553344726562,0.004995826631784439,0.027187708765268326,0.042998289689421654,0.43151433431184777,0.17930706221521311,0.3166481971532404,-0.13171937472604073,0.005050864542462922,0.02671264413745262,,,,,,,,,,,,
1.32,grasp,,,,,,,,,,,,,,,,,,,,,0.4542670249938965,0.18846043944358826,0.33022135496139526,-0.13866926729679108,0.005437912419438362,0.026251958683133125,0.042998289689421654,0.5037174621298329,0.2068145723251673,0.36576510423634456,-0.1536803396762644,0.005192644783905521,0.025270616349994213,,,,,,,,,,,,
1.34,grasp,,,,,,,,,,,,,,,,,,,,,0.4783126413822174,0.19752253592014313,0.3467892110347748,-0.14595186710357666,0.005127361509948969,0.02578032575547695,0.042998289689421654,0.5037174621298329,0.2068145723251673,0.36576510423634456,-0.1536803396762644,0.005192644783905521,0.025270616349994213,,,,,,,,,,,,
1.36,grasp,,,,,,,,,,,,,,,,,,,,,0.5275785326957703,0.2163788080215454,0.38011929392814636,-0.16096681356430054,0.005593190435320139,0.024787751957774162,0.042998289689421654,0.580036749347879,0.23587452205818918,0.4176777462996978,-0.17689323702515022,0.005342506344761654,0.023746397661548076,,,,,,,,,,,,
1.3800000000000001,grasp,,,,,,,,,,,,,,,,,,,,,0.553087592124939,0.22598955035209656,0.39768436551094055,-0.16869311034679413,0.005267398897558451,0.024287428706884384,0.042998289689421654,0.580036749347879,0.23587452205818918,0.4176777462996978,-0.17689323702515022,0.005342506344761654,0.023746397661548076,,,,,,,,,,,,
1.4,grasp,,,,,,,,,,,,,,,,,,,,,0.6048250198364258,0.24578268826007843,0.4326852262020111,-0.18457254767417908,0.005703638773411512,0.023250695317983627,0.042998289689421654,0.6599133415497704,0.2662758125280693,0.47200669671974077,-0.20118828498844152,0.0054993563711144425,0.022151128569729586,,,,,,,,,,,,
1.42,grasp,,,,,,,,,,,,,,,,,,,,,0.631615161895752,0.2558732330799103,0.4511222541332245,-0.1926325559616089,0.005364025942981243,0.022721458226442337,0.042998289689421654,0.6599133415497704,0.2662758125280693,0.47200669671974077,-0.20118828498844152,0.0054993563711144425,0.022151128569729586,,,,,,,,,,,,
1.44,grasp,,,,,,,,,,,,,,,,,,,,,0.6854363679885864,0.27645623683929443,0.48753246665000916,-0.20926709473133087,0.0058377874083817005,0.02164199762046337,0.042998289689421654,0.7427434602882673,0.297789658609404,0.5283415234105504,-0.22638170943141586,0.005662004833783473,0.020496887254155497,,,,,,,,,,,,
1.46,grasp,,,,,,,,,,,,,,,,,,,,,0.7133063077926636,0.2869514226913452,0.5067039132118225,-0.2175690084695816,0.0055022286251187325,0.02109159529209137,0.042998289689421654,0.7427434602882673,0.297789658609404,0.5283415234105504,-0.22638170943141586,0.005662004833783473,0.020496887254155497,,,,,,,,,,,,
1.48,grasp,,,,,,,,,,,,,,,,,,,,,0.7688031792640686,0.30816665291786194,0.5442454814910889,-0.23478126525878906,0.005990216974169016,0.019977912306785583,0.042998289689421654,0.8278867728432683,0.33017222636533516,0.5862468322388467,-0.25227865341441386,0.005829192806124391,0.018796475963695124,,,,,,,,,,,,
1.5,grasp,,,,,,,,,,,,,,,,,,,,,0.7975361943244934,0.31898626685142517,0.5640038847923279,-0.24326884746551514,0.005660890135914087,0.01940997503697872,0.042998289689421654,0.8278867728432683,0.33017222636533516,0.5862468322388467,-0.25227865341441386,0.005829192806124391,0.018796475963695124,,,,,,,,,,,,
1.52,grasp,,,,,,,,,,,,,,,,,,,,,0.8542758226394653,0.34066858887672424,0.6023846864700317,-0.26087409257888794,0.006153113208711147,0.018271666020154953,0.042998289689421654,0.9146739792760035,0.3631704907643675,0.6452678174863717,-0.27867573825037284,0.005999611261094642,0.017063221124606683,,,,,,,,,,,,
1.54,grasp,,,,,,,,,,,,,,,,,,,,,0.8836477994918823,0.35172876715660095,0.6225748062133789,-0.26950934529304504,0.005827434826642275,0.01769057847559452,0.042998289689421654,0.9146739792760035,0.3631704907643675,0.6452678174863717,-0.27867573825037284,0.005999611261094642,0.017063221124606683,,,,,,,,,,,,
1.56,grasp,,,,,,,,,,,,,,,,,,,,,0.9411788582801819,0.37370720505714417,0.661491870880127,-0.2873164117336273,0.00632137106731534,0.016536381095647812,0.042998289689421654,1.002415964457541,0.39652349564569495,0.7049361498225343,-0.3053634821482102,0.00617190697776385,0.015310873077213367,,,,,,,,,,,,
1.58,grasp,,,,,,,,,,,,,,,,,,,,,0.970959484577179,0.38492095470428467,0.681954026222229,-0.2960708439350128,0.0059958589263260365,0.015947137027978897,0.042998289689421654,1.002415964457541,0.39652349564569495,0.7049361498225343,-0.3053634821482102,0.00617190697776385,0.015310873077213367,,,,,,,,,,,,
1.6,grasp,,,,,,,,,,,,,,,,,,,,,1.0288217067718506,0.4070208966732025,0.7210983037948608,-0.3138962388038635,0.006490250583738089,0.01478610560297966,0.042998289689421654,1.0904121533893203,0.42996568425756104,0.7647758279864835,-0.33212882464710125,0.006344700903061373,0.013553447483930513,,,,,,,,,,,,
1.62,grasp,,,,,,,,,,,,,,,,,,,,,1.0587763786315918,0.4182995855808258,0.7416683435440063,-0.322740763425827,0.00616451958194375,0.014193505980074406,0.042998289689421654,1.0904121533893203,0.42996568425756104,0.7647758279864835,-0.33212882464710125,0.006344700903061373,0.013553447483930513,,,,,,,,,,,,
1.6400000000000001,grasp,,,,,,,,,,,,,,,,,,,,,1.1165075302124023,0.44034501910209656,0.7807279229164124,-0.3404199779033661,0.0066570257768034935,0.013034953735768795,0.042998289689421654,1.1779591258784137,0.4632301408870136,0.8243085577581409,-0.358757960951274,0.006516612496574876,0.011804978024642528,,,,,,,,,,,,
1.6600000000000001,grasp,,,,,,,,,,,,,,,,,,,,,1.1463971138000488,0.45159873366355896,0.8012416958808899,-0.3493158221244812,0.006333601661026478,0.012443636544048786,0.042998289689421654,1.1779591258784137,0.4632301408870136,0.8243085577581409,-0.358757960951274,0.006516612496574876,0.011804978024642528,,,,,,,,,,,,
1.6800000000000002,grasp,,,,,,,,,,,,,,,,,,,,,1.2035335302352905,0.47341424226760864,0.83990478515625,-0.3667075037956238,0.006823681760579348,0.011296517215669155,0.042998289689421654,1.26435853439293,0.496052704081183,0.8830597985715685,-0.3850388931005495,0.006686274173401671,0.01007937410114096,,,,,,,,,,,,
1.7000000000000002,grasp,,,,,,,,,,,,,,,,,,,,,1.2331228256225586,0.48455336689949036,0.8601992726325989,-0.3756006360054016,0.006499056238681078,0.010711590759456158,0.042998289689421654,1.26435853439293,0.496052704081183,0.8830597985715685,-0.3850388931005495,0.006686274173401671,0.01007937410114096,,,,,,,,,,,,
1.7200000000000002,grasp,,,,,,,,,,,,,,,,,,,,,1.2892098426818848,0.5059669613838196,0.8981574177742004,-0.39265894889831543,0.006985938176512718,0.009584871120750904,0.042998289689421654,1.348925782984481,0.5281741346142461,0.9405650677045588,-0.41076333418303157,0.0068523437074640555,0.00839028984409356,,,,,,,,,,,,
1.7400000000000002,grasp,,,,,,,,,,,,,,,,,,,,,1.3182647228240967,0.5169029235839844,0.9180731773376465,-0.40144240856170654,0.006661183666437864,0.00901097897440195,0.042998289689421654,1.348925782984481,0.5281741346142461,0.9405650677045588,-0.41076333418303157,0.0068523437074640555,0.00839028984409356,,,,,,,,,,,,
1.7600000000000002,grasp,,,,,,,,,,,,,,,,,,,,,1.3728615045547485,0.5377469062805176,0.95502769947052,-0.4180760681629181,0.007140119560062885,0.007913823239505291,0.042998289689421654,1.4309988155031628,0.5593437675184212,0.9963746778746023,-0.43572989893322506,0.007013520060065114,0.006750957771589774,,,,,,,,,,,,
1.7800000000000002,grasp,,,,,,,,,,,,,,,,,,,,,1.4011534452438354,0.5483941435813904,0.9744102358818054,-0.42664146423339844,0.006820875685662031,0.007355118170380592,0.042998289689421654,1.4309988155031628,0.5593437675184212,0.9963746778746023,-0.43572989893322506,0.007013520060065114,0.006750957771589774,,,,,,,,,,,,
1.8000000000000003,grasp,,,,,,,,,,,,,,,,,,,,,1.4538403749465942,0.5685078501701355,1.0100752115249634,-0.4427022337913513,0.007338781375437975,0.00629026722162962,0.042998289689421654,1.5099459698001345,0.5893229634804352,1.0500601139306498,-0.4597469501891552,0.007168563884532929,0.005174001873433606,,,,,,,,,,,,
1.8200000000000003,grasp,,,,,,,,,,,,,,,,,,,,,1.4811447858810425,0.5787839889526367,1.0287748575210571,-0.4509727358818054,0.007029943633824587,0.005755438003689051,0.042998289689421654,1.5099459698001345,0.5893229634804352,1.0500601139306498,-0.4597469501891552,0.007168563884532929,0.005174001873433606,,,,,,,,,,,,
1.8399999999999999,grasp,,,,,,,,,,,,,,,,,,,,,1.5315254926681519,0.5980156660079956,1.062881588935852,-0.4663333296775818,0.007497299928218126,0.0047384570352733135,0.042998289689421654,1.58517491130485,0.6178877018003585,1.1012197031001691,-0.4826345444999896,0.0073163201256112404,0.0036711992340978292,,,,,,,,,,,,
1.8599999999999999,grasp,,,,,,,,,,,,,,,,,,,,,1.5576382875442505,0.6078428030014038,1.0807584524154663,-0.4742439091205597,0.0071915797889232635,0.004225712735205889,0.042998289689421654,1.58517491130485,0.6178877018003585,1.1012197031001691,-0.4826345444999896,0.0073163201256112404,0.0036711992340978292,,,,,,,,,,,,
1.88,grasp,,,,,,,,,,,,,,,,,,,,,1.6053410768508911,0.6260524988174438,1.1130566596984863,-0.48879045248031616,0.007628544233739376,0.0032641938887536526,0.042998289689421654,1.6561409872250972,0.6448323232860117,1.1494842166734947,-0.5042270113530731,0.007455723063785324,0.0022534128161447,,,,,,,,,,,,
1.9,grasp,,,,,,,,,,,,,,,,,,,,,1.6300700902938843,0.6353593468666077,1.129980444908142,-0.49628201127052307,0.0073372675105929375,0.002778342692181468,0.042998289689421654,1.6561409872250972,0.6448323232860117,1.1494842166734947,-0.5042270113530731,0.007455723063785324,0.0022534128161447,,,,,,,,,,,,
1.92,grasp,,,,,,,,,,,,,,,,,,,,,1.6748218536376953,0.6523839831352234,1.1602791547775269,-0.5099837183952332,0.007746258284896612,0.001876059453934431,0.042998289689421654,1.722482211264619,0.6698975616231639,1.194592737737581,-0.5245231003054261,0.007588043179278587,0.0009278560701487062,,,,,,,,,,,,
1.94,grasp,,,,,,,,,,,,,,,,,,,,,1.6980265378952026,0.6610860228538513,1.1761506795883179,-0.517040491104126,0.007473491132259369,0.0014205429470166564,0.042998289689421654,1.722482211264619,0.6698975616231639,1.194592737737581,-0.5245231003054261,0.007588043179278587,0.0009278560701487062,,,,,,,,,,,,
1.96,grasp,,,,,,,,,,,,,,,,,,,,,1.7331767082214355,0.6805501580238342,1.2008756399154663,-0.5225669741630554,0.007677736692130566,0.0007100112270563841,0.042998289689421654,1.7705909444778543,0.7007163066948472,1.2292020137928756,-0.5284198291309696,0.007489703875916927,-3.7600353462561614e-05,,,,,,,,,,,,
1.98,grasp,,,,,,,,,,,,,,,,,,,,,1.7513941526412964,0.690579891204834,1.2137794494628906,-0.5254133939743042,0.007436924148350954,0.00035080150701105595,0.042998289689421654,1.7705909444778543,0.7007163066948472,1.2292020137928756,-0.5284198291309696,0.007489703875916927,-3.7600353462561614e-05,,,,,,,,,,,,
2.0,grasp,,,,,,,,,,,,,,,,,,,,,1.7593706846237183,0.7224531173706055,1.2234441041946411,-0.5029489398002625,0.006978845689445734,0.00018350782920606434,0.042998289689421654,1.7677693403660728,0.7563614764621388,1.2355240694823064,-0.4790571662080809,0.006633784280614864,2.072533318263193e-06,,,,,,,,,,,,
2.02,grasp,,,,,,,,,,,,,,,,,,,,,1.7634541988372803,0.7392794489860535,1.2282931804656982,-0.49137601256370544,0.00679126987233758,9.606975800124928e-05,0.042998289689421654,1.7677693403660728,0.7563614764621388,1.2355240694823064,-0.4790571662080809,0.006633784280614864,2.072533318263193e-06,,,,,,,,,,,,
2.04,grasp,,,,,,,,,,,,,,,,,,,,,1.7651963233947754,0.771460235118866,1.2339966297149658,-0.46496790647506714,0.006349778734147549,5.0825361540773883e-05,0.042998289689421654,1.7670415111761029,0.8051594809555451,1.2420792435916823,-0.436884737703793,0.005904311123783871,2.327558963231158e-06,,,,,,,,,,,,
2.06,grasp,,,,,,,,,,,,,,,,,,,,,1.7660917043685913,0.7882150411605835,1.236838459968567,-0.4513634145259857,0.006126144900918007,2.7533536922419444e-05,0.042998289689421654,1.7670415111761029,0.8051594809555451,1.2420792435916823,-0.436884737703793,0.005904311123783871,2.327558963231158e-06,,,,,,,,,,,,
2.08,grasp,,,,,,,,,,,,,,,,,,,,,1.7662444114685059,0.8175254464149475,1.241153359413147,-0.4263626039028168,0.005705125164240599,1.5498464563279413e-05,0.042998289689421654,1.766401697761545,0.8481019199449561,1.247838178280189,-0.39977461904657396,0.005263978137369526,2.5514149334877543e-06,,,,,,,,,,,,
2.1,grasp,,,,,,,,,,,,,,,,,,,,,1.7663239240646362,0.832771360874176,1.2432780265808105,-0.4134830832481384,0.005489114671945572,9.277322533307597e-06,0.042998289689421654,1.766401697761545,0.8481019199449561,1.247838178280189,-0.39977461904657396,0.005263978137369526,2.5514149334877543e-06,,,,,,,,,,,,
2.12,grasp,,,,,,,,,,,,,,,,,,,,,1.7660998106002808,0.8584417700767517,1.24685537815094,-0.3913419544696808,0.005111816339194775,6.1356931837508455e-06,0.042998289689421654,1.7658499184467868,0.8851066313391353,1.2528030594582722,-0.3677926996837246,0.004712556330611301,2.744185475160024e-06,,,,,,,,,,,,
2.14,grasp,,,,,,,,,,,,,,,,,,,,,1.7659844160079956,0.871788501739502,1.2486001253128052,-0.37993577122688293,0.004917720798403025,4.508184701990103e-06,0.042998289689421654,1.7658499184467868,0.8851066313391353,1.2528030594582722,-0.3677926996837246,0.004712556330611301,2.744185475160024e-06,,,,,,,,,,,,
2.16,grasp,,,,,,,,,,,,,,,,,,,,,1.7657010555267334,0.8936328887939453,1.2516047954559326,-0.361028790473938,0.004593183286488056,3.7416523355204845e-06,0.042998289689421654,1.7653853544107112,0.9161991536820022,1.2569821536294115,-0.3409162255163968,0.004248700945784383,2.9063414318266017e-06,,,,,,,,,,,,
2.18,grasp,,,,,,,,,,,,,,,,,,,,,1.7655898332595825,0.9048776626586914,1.2536250352859497,-0.3512836694717407,0.0045768627896904945,-1.7429243598598987e-05,0.042998289689421654,1.7653853544107112,0.9161991536820022,1.2569821536294115,-0.3409162255163968,0.004248700945784383,2.9063414318266017e-06,,,,,,,,,,,,
2.2,grasp,,,,,,,,,,,,,,,,,,,,,1.7651026248931885,0.9226601719856262,1.257786750793457,-0.3356451690196991,0.005545422434806824,-0.0001624344731681049,0.042998289689421654,1.7650059485220955,0.9415192609062838,1.2603954542984057,-0.3190253006707221,0.0038698372967307998,3.0387832282867805e-06,,,,,,,,,,,,
2.22,grasp,,,,,,,,,,,,,,,,,,,,,1.764933466911316,0.9316202998161316,1.2618699073791504,-0.32585611939430237,0.006328456103801727,-0.0002576538536231965,0.042998289689421654,1.7650059485220955,0.9415192609062838,1.2603954542984057,-0.3190253006707221,0.0038698372967307998,3.0387832282867805e-06,,,,,,,,,,,,
2.24,grasp,,,,,,,,,,,,,,,,,,,,,1.7644176483154297,0.9458261132240295,1.2652028799057007,-0.3034321665763855,0.007042978424578905,-0.00036645279033109546,0.042998289689421654,1.7647081095210728,0.9613290129557251,1.2630774445430715,-0.3018956908345747,0.0035720485192469948,3.1428826056948943e-06,,,,,,,,,,,,
2.2600000000000002,grasp,,,,,,,,,,,,,,,,,,,,,1.7639518976211548,0.9532211422920227,1.2669134140014648,-0.29572808742523193,0.007607758976519108,-0.00044792768312618136,0.042998289689421654,1.7647081095210728,0.9613290129557251,1.2630774445430715,-0.3018956908345747,0.0035720485192469948,3.1428826056948943e-06,,,,,,,,,,,,
2.2800000000000002,grasp,,,,,,,,,,,,,,,,,,,,,1.7634797096252441,0.9641330242156982,1.268683910369873,-0.2799343764781952,0.007937397807836533,-0.0005135671235620975,0.042998289689421654,1.764486158938769,0.9760195460073801,1.2650784495833083,-0.2891899576845757,0.0033497525735072023,3.220592327570745e-06,,,,,,,,,,,,
2.3000000000000003,grasp,,,,,,,,,,,,,,,,,,,,,1.7630831003189087,0.969853401184082,1.2696857452392578,-0.2731285095214844,0.00844621378928423,-0.0005827664281241596,0.042998289689421654,1.764486158938769,0.9760195460073801,1.2650784495833083,-0.2891899576845757,0.0033497525735072023,3.220592327570745e-06,,,,,,,,,,,,
2.3200000000000003,grasp,,,,,,,,,,,,,,,,,,,,,1.76273512840271,0.9776681661605835,1.2707717418670654,-0.26423636078834534,0.008704549632966518,-0.0006256303749978542,0.042998289689421654,1.7643322126849879,0.986119892108444,1.2664666957763029,-0.28045104447681246,0.0031954269052608193,3.2745425868056633e-06,,,,,,,,,,,,
2.3400000000000003,grasp,,,,,,,,,,,,,,,,,,,,,1.7624846696853638,0.9817090034484863,1.2713840007781982,-0.2593492567539215,0.008964227512478828,-0.0006654532044194639,0.042998289689421654,1.7643322126849879,0.986119892108444,1.2664666957763029,-0.28045104447681246,0.0031954269052608193,3.2745425868056633e-06,,,,,,,,,,,,
2.36,grasp,,,,,,,,,,,,,,,,,,,,,1.7622698545455933,0.9867620468139648,1.2720751762390137,-0.2529791295528412,0.0090895164757967,-0.0006914998521097004,0.042998289689421654,1.7642359080057943,0.9923010936362956,1.2673359420503563,-0.2750913535207126,0.0030987549220468243,3.3083389401966323e-06,,,,,,,,,,,,
2.38,grasp,,,,,,,,,,,,,,,,,,,,,1.7620846033096313,0.9893684387207031,1.2724227905273438,-0.2512996196746826,0.00930013507604599,-0.0007196362712420523,0.042998289689421654,1.7642359080057943,0.9923010936362956,1.2673359420503563,-0.2750913535207126,0.0030987549220468243,3.3083389401966323e-06,,,,,,,,,,,,
2.4,grasp,,,,,,,,,,,,,,,,,,,,,1.7619826793670654,0.9922739863395691,1.2728286981582642,-0.24911855161190033,0.009318298660218716,-0.0007294844835996628,0.042998289689421654,1.7641866249208036,0.9953991683880616,1.2677813947311385,-0.2723983317119419,0.0030491999570363905,3.325663299300717e-06,,,,,,,,,,,,
2.42,grasp,,,,,,,,,,,,,,,,,,,,,1.7619997262954712,0.9936844706535339,1.272979497909546,-0.24622122943401337,0.009245040826499462,-0.000718961120583117,0.042998289689421654,1.7641866249208036,0.9953991683880616,1.2677813947311385,-0.2723983317119419,0.0030491999570363905,3.325663299300717e-06,,,,,,,,,,,,
2.44,grasp,,,,,,,,,,,,,,,,,,,,,1.7621469497680664,0.9948951601982117,1.2731528282165527,-0.24544651806354523,0.008902673609554768,-0.0006739060045219958,0.042998289689421654,1.764170314398484,0.9964113248587056,1.2679280696215156,-0.2715177715894015,0.0030328908995969034,3.331365012906183e-06,,,,,,,,,,,,
2.46,grasp,,,,,,,,,,,,,,,,,,,,,1.7623649835586548,0.9955477714538574,1.273226022720337,-0.2465297132730484,0.008411161601543427,-0.0005841183592565358,0.042998289689421654,1.764170314398484,0.9964113248587056,1.2679280696215156,-0.2715177715894015,0.0030328908995969034,3.331365012906183e-06,,,,,,,,,,,,
2.468651278242469,grasp,,,,,,,,,,,,,,,,,,,,,1.7625080347061157,0.9959070086479187,1.2732744216918945,-0.24632854759693146,0.007967283949255943,-0.0005459444946609437,0.042998289689421654,1.7641689777374268,0.9964946508407593,1.2679401636123657,-0.27144527435302734,0.0030315471813082695,3.3318347050226294e-06,,,,,,,,,,,,
2.468651278242469,grasp,,,,,,,,,,,,,,,,,,,,,,,,,,,0.04035296477377415,,,,,,,0.0,,,,,,,,,,,
2.488651278242469,grasp,,,,,,,,,,,,,,,,,,,,,,,,,,,0.04029241017997265,,,,,,,0.0,,,,,,,,,,,
2.508651278242469,grasp,,,,,,,,,,,,,,,,,,,,,,,,,,,0.04020541161298752,,,,,,,0.0,,,,,,,,,,,
2.528651278242469,grasp,,,,,,,,,,,,,,,,,,,,,,,,,,,0.0400826595723629,,,,,,,0.0,,,,,,,,,,,
2.548651278242469,grasp,,,,,,,,,,,,,,,,,,,,,,,,,,,0.039864230901002884,,,,,,,0.0,,,,,,,,,,,
2.568651278242469,grasp,,,,,,,,,,,,,,,,,,,,,,,,,,,0.03952457569539547,,,,,,,0.0,,,,,,,,,,,
2.588651278242469,grasp,,,,,,,,,,,,,,,,,,,,,,,,,,,0.03907443955540657,,,,,,,0.0,,,,,,,,,,,
2.608651278242469,grasp,,,,,,,,,,,,,,,,,,,,,,,,,,,0.03839587979018688,,,,,,,0.0,,,,,,,,,,,
2.628651278242469,grasp,,,,,,,,,,,,,,,,,,,,,,,,,,,0.037606120109558105,,,,,,,0.0,,,,,,,,,,,
2.648651278242469,grasp,,,,,,,,,,,,,,,,,,,,,,,,,,,0.03673397749662399,,,,,,,0.0,,,,,,,,,,,
2.668651278242469,grasp,,,,,,,,,,,,,,,,,,,,,,,,,,,0.03579721413552761,,,,,,,0.0,,,,,,,,,,,
2.688651278242469,grasp,,,,,,,,,,,,,,,,,,,,,,,,,,,0.03466962091624737,,,,,,,0.0,,,,,,,,,,,
2.7086512782424688,grasp,,,,,,,,,,,,,,,,,,,,,,,,,,,0.034093111753463745,,,,,,,0.0,,,,,,,,,,,
2.7286512782424692,grasp,,,,,,,,,,,,,,,,,,,,,,,,,,,0.03398032858967781,,,,,,,0.0,,,,,,,,,,,
2.748651278242469,grasp,,,,,,,,,,,,,,,,,,,,,,,,,,,0.03387346304953098,,,,,,,0.0,,,,,,,,,,,
2.768651278242469,grasp,,,,,,,,,,,,,,,,,,,,,,,,,,,0.03383024409413338,,,,,,,0.0,,,,,,,,,,,
2.788651278242469,grasp,,,,,,,,,,,,,,,,,,,,,,,,,,,0.03383222781121731,,,,,,,0.0,,,,,,,,,,,
2.808651278242469,grasp,,,,,,,,,,,,,,,,,,,,,,,,,,,0.03378823399543762,,,,,,,0.0,,,,,,,,,,,
2.828651278242469,grasp,,,,,,,,,,,,,,,,,,,,,,,,,,,0.033752648159861565,,,,,,,0.0,,,,,,,,,,,
2.848651278242469,grasp,,,,,,,,,,,,,,,,,,,,,,,,,,,0.033710137009620667,,,,,,,0.0,,,,,,,,,,,
2.868651278242469,grasp,,,,,,,,,,,,,,,,,,,,,,,,,,,0.033675745129585266,,,,,,,0.0,,,,,,,,,,,
2.888651278242469,grasp,,,,,,,,,,,,,,,,,,,,,,,,,,,0.03364487364888191,,,,,,,0.0,,,,,,,,,,,
2.908651278242469,grasp,,,,,,,,,,,,,,,,,,,,,,,,,,,0.03361598215997219,,,,,,,0.0,,,,,,,,,,,
2.928651278242469,grasp,,,,,,,,,,,,,,,,,,,,,,,,,,,0.03359062224626541,,,,,,,0.0,,,,,,,,,,,
2.948651278242469,grasp,,,,,,,,,,,,,,,,,,,,,,,,,,,0.033566685393452644,,,,,,,0.0,,,,,,,,,,,
2.968651278242469,grasp,,,,,,,,,,,,,,,,,,,,,,,,,,,0.033545782789587975,,,,,,,0.0,,,,,,,,,,,
2.988651278242469,grasp,,,,,,,,,,,,,,,,,,,,,,,,,,,0.03352714888751507,,,,,,,0.0,,,,,,,,,,,
3.008651278242469,grasp,,,,,,,,,,,,,,,,,,,,,,,,,,,0.03351161256432533,,,,,,,0.0,,,,,,,,,,,
3.028651278242469,grasp,,,,,,,,,,,,,,,,,,,,,,,,,,,0.03349916450679302,,,,,,,0.0,,,,,,,,,,,
3.048651278242469,grasp,,,,,,,,,,,,,,,,,,,,,,,,,,,0.03348940797150135,,,,,,,0.0,,,,,,,,,,,
3.068651278242469,grasp,,,,,,,,,,,,,,,,,,,,,,,,,,,0.03348253481090069,,,,,,,0.0,,,,,,,,,,,
3.088651278242469,grasp,,,,,,,,,,,,,,,,,,,,,,,,,,,0.03347826562821865,,,,,,,0.0,,,,,,,,,,,
3.108651278242469,grasp,,,,,,,,,,,,,,,,,,,,,,,,,,,0.03347537852823734,,,,,,,0.0,,,,,,,,,,,
3.128651278242469,grasp,,,,,,,,,,,,,,,,,,,,,,,,,,,0.03347483091056347,,,,,,,0.0,,,,,,,,,,,
3.148651278242469,grasp,,,,,,,,,,,,,,,,,,,,,,,,,,,0.033474238589406013,,,,,,,0.0,,,,,,,,,,,
3.148651278242469,grasp,,,,,,,,,,,,,,,,,,,,,1.764722228050232,0.996147871017456,1.2736490964889526,-0.24805405735969543,0.001488816342316568,0.006959069985896349,0.033474238589406013,1.7641689777374268,0.9964946508407593,1.2679401636123657,-0.27144527435302734,0.0030315471813082695,3.3318347050226294e-06,,,,,,,,,,,,
3.168651278242469,grasp,,,,,,,,,,,,,,,,,,,,,1.7647202014923096,0.9961323142051697,1.2734969854354858,-0.24773000180721283,0.001482886727899313,0.006667562760412693,0.033474238589406013,1.7641689777374268,0.9964946508407593,1.2679401636123657,-0.27144527435302734,0.0030315471813082695,3.3318347050226294e-06,,,,,,,,,,,,
3.188651278242469,grasp,,,,,,,,,,,,,,,,,,,,,1.764723777770996,0.996070384979248,1.2734113931655884,-0.24764136970043182,0.001478285063058138,0.006517380941659212,0.033474238589406013,1.7641708127852098,0.9963802051890926,1.2679235521414953,-0.27154484690885833,0.0030333927380730872,3.3311896043727296e-06,,,,,,,,,,,,
3.208651278242469,grasp,,,,,,,,,,,,,,,,,,,,,1.7647249698638916,0.9960408210754395,1.2733672857284546,-0.24759607017040253,0.0014761654892936349,0.006440041121095419,0.033474238589406013,1.7641708127852098,0.9963802051890926,1.2679235521414953,-0.27154484690885833,0.0030333927380730872,3.3311896043727296e-06,,,,,,,,,,,,
3.2286512782424692,grasp,,,,,,,,,,,,,,,,,,,,,1.764713168144226,0.9956798553466797,1.2732857465744019,-0.24805232882499695,0.0015063172904774547,0.006399689242243767,0.033474238589406013,1.7641833475404693,0.9956040796488314,1.2678109848533015,-0.2722201244844261,0.003045908251108258,3.32681407885996e-06,,,,,,,,,,,,
3.2486512782424692,grasp,,,,,,,,,,,,,,,,,,,,,1.764697790145874,0.9955084323883057,1.2732446193695068,-0.2482508420944214,0.0015329376328736544,0.0063787405379116535,0.033474238589406013,1.7641833475404693,0.9956040796488314,1.2678109848533015,-0.2722201244844261,0.003045908251108258,3.32681407885996e-06,,,,,,,,,,,,
3.2686512782424693,grasp,,,,,,,,,,,,,,,,,,,,,1.7646770477294922,0.9944664835929871,1.2730762958526611,-0.249494269490242,0.001601604511961341,0.006366091314703226,0.033474238589406013,1.7642158170526747,0.9935706885577956,1.2675175684298967,-0.2739883922583762,0.0030785515533740225,3.315402044077208e-06,,,,,,,,,,,,
3.2886512782424693,grasp,,,,,,,,,,,,,,,,,,,,,1.7646076679229736,0.9939355850219727,1.2729653120040894,-0.2502027153968811,0.0016644734423607588,0.006355102639645338,0.033474238589406013,1.7642158170526747,0.9935706885577956,1.2675175684298967,-0.2739883922583762,0.0030785515533740225,3.315402044077208e-06,,,,,,,,,,,,
3.3086512782424693,grasp,,,,,,,,,,,,,,,,,,,,,1.7645833492279053,0.9917610287666321,1.272676944732666,-0.2525382936000824,0.0016884319484233856,0.006335771176964045,0.033474238589406013,1.7642759195917317,0.9897520184491269,1.2669744629469433,-0.27730365496621273,0.0031389565166666357,3.2942843659858323e-06,,,,,,,,,,,,
3.3286512782424693,grasp,,,,,,,,,,,,,,,,,,,,,1.7647018432617188,0.9906118512153625,1.2725567817687988,-0.25278109312057495,0.0017775142332538962,0.006320733577013016,0.033474238589406013,1.7642759195917317,0.9897520184491269,1.2669744629469433,-0.27730365496621273,0.0031389565166666357,3.2942843659858323e-06,,,,,,,,,,,,
3.3486512782424693,grasp,,,,,,,,,,,,,,,,,,,,,1.7647324800491333,0.9871306419372559,1.2721035480499268,-0.2571212649345398,0.0020668208599090576,0.006305175833404064,0.033474238589406013,1.764369619888724,0.983684876341175,1.2661295032572266,-0.28255906411919446,0.003232923601719738,3.261434097300971e-06,,,,,,,,,,,,
3.3686512782424693,grasp,,,,,,,,,,,,,,,,,,,,,1.7646805047988892,0.9853443503379822,1.2718846797943115,-0.2596369683742523,0.0023174663074314594,0.00628690468147397,0.033474238589406013,1.764369619888724,0.983684876341175,1.2661295032572266,-0.28255906411919446,0.003232923601719738,3.261434097300971e-06,,,,,,,,,,,,
3.3886512782424694,grasp,,,,,,,,,,,,,,,,,,,,,1.7647632360458374,0.9802188277244568,1.271159291267395,-0.2647953927516937,0.002356797456741333,0.006267936900258064,0.033474238589406013,1.7645020128542697,0.97497411287488,1.2649354879562578,-0.29009423032284565,0.003365639914292981,3.2150383861751544e-06,,,,,,,,,,,,
3.408651278242469,grasp,,,,,,,,,,,,,,,,,,,,,1.7649072408676147,0.9776183366775513,1.2707840204238892,-0.2668689489364624,0.00222839810885489,0.006251693237572908,0.033474238589406013,1.7645020128542697,0.97497411287488,1.2649354879562578,-0.29009423032284565,0.003365639914292981,3.2150383861751544e-06,,,,,,,,,,,,
3.4286512782424694,grasp,,,,,,,,,,,,,,,,,,,,,1.7650686502456665,0.9707089066505432,1.2699092626571655,-0.2757761776447296,0.0023434406612068415,0.006241998635232449,0.033474238589406013,1.764678541707264,0.9632915204491798,1.2633438839133906,-0.30019853317200995,0.0035424563700820824,3.1532273201604943e-06,,,,,,,,,,,,
3.448651278242469,grasp,,,,,,,,,,,,,,,,,,,,,1.7651886940002441,0.9670493602752686,1.2694114446640015,-0.27937865257263184,0.0023290368262678385,0.006226501427590847,0.033474238589406013,1.764678541707264,0.9632915204491798,1.2633438839133906,-0.30019853317200995,0.0035424563700820824,3.1532273201604943e-06,,,,,,,,,,,,
3.468651278242469,grasp,,,,,,,,,,,,,,,,,,,,,1.7653019428253174,0.9579735398292542,1.2682394981384277,-0.29239124059677124,0.002499782480299473,0.006210198625922203,0.033474238589406013,1.7649031486922366,0.9483646799391968,1.2613206968296562,-0.31310637680449727,0.0037671251071086714,3.0746886829767694e-06,,,,,,,,,,,,
3.488651278242469,grasp,,,,,,,,,,,,,,,,,,,,,1.7654483318328857,0.953213095664978,1.2676377296447754,-0.2984096109867096,0.002428444568067789,0.006189791951328516,0.033474238589406013,1.7649031486922366,0.9483646799391968,1.2613206968296562,-0.31310637680449727,0.0037671251071086714,3.0746886829767694e-06,,,,,,,,,,,,
3.508651278242469,grasp,,,,,,,,,,,,,,,,,,,,,1.7656720876693726,0.9420173168182373,1.2651422023773193,-0.313224732875824,0.002433549612760544,0.006166444625705481,0.033474238589406013,1.765179060939504,0.9299787369437196,1.2588378582368156,-0.3290033873510243,0.004042726147968467,2.978345807215779e-06,,,,,,,,,,,,
3.528651278242469,grasp,,,,,,,,,,,,,,,,,,,,,1.7657887935638428,0.9362013339996338,1.2637711763381958,-0.320858359336853,0.0024419815745204687,0.006141056772321463,0.033474238589406013,1.765179060939504,0.9299787369437196,1.2588378582368156,-0.3290033873510243,0.004042726147968467,2.978345807215779e-06,,,,,,,,,,,,
3.548651278242469,grasp,,,,,,,,,,,,,,,,,,,,,1.7659101486206055,0.922886312007904,1.259483814239502,-0.3340376615524292,0.002744795521721244,0.006094456184655428,0.033474238589406013,1.7655084588748775,0.9079725682921562,1.255875352514263,-0.3480278731623474,0.0043715421156189475,2.8633985799862975e-06,,,,,,,,,,,,
3.568651278242469,grasp,,,,,,,,,,,,,,,,,,,,,1.7660292387008667,0.9159031510353088,1.257474660873413,-0.3408251106739044,0.0027871238999068737,0.006026596296578646,0.033474238589406013,1.7655084588748775,0.9079725682921562,1.255875352514263,-0.3480278731623474,0.0043715421156189475,2.8633985799862975e-06,,,,,,,,,,,,
3.588651278242469,grasp,,,,,,,,,,,,,,,,,,,,,1.7661106586456299,0.9000294804573059,1.2538412809371948,-0.3551158010959625,0.003211693372577429,0.005947336554527283,0.033474238589406013,1.765892768298023,0.8822366328704682,1.252417666525448,-0.37027332820323894,0.004755333885348877,2.729231067738403e-06,,,,,,,,,,,,
3.608651278242469,grasp,,,,,,,,,,,,,,,,,,,,,1.765985131263733,0.8917058110237122,1.2521588802337646,-0.3624732494354248,0.0038990583270788193,0.005886203143745661,0.033474238589406013,1.765892768298023,0.8822366328704682,1.252417666525448,-0.37027332820323894,0.004755333885348877,2.729231067738403e-06,,,,,,,,,,,,
3.628651278242469,grasp,,,,,,,,,,,,,,,,,,,,,1.7661186456680298,0.8732208013534546,1.2490583658218384,-0.3786380887031555,0.004579123575240374,0.00583907263353467,0.033474238589406013,1.7663330425025927,0.8527106546834181,1.248456205910035,-0.39579167575234364,0.005195301910969732,2.5754235550217018e-06,,,,,,,,,,,,
3.648651278242469,grasp,,,,,,,,,,,,,,,,,,,,,1.7662172317504883,0.8635707497596741,1.247559666633606,-0.38696539402008057,0.004870459903031588,0.005817975848913193,0.033474238589406013,1.7663330425025927,0.8527106546834181,1.248456205910035,-0.39579167575234364,0.005195301910969732,2.5754235550217018e-06,,,,,,,,,,,,
3.668651278242469,grasp,,,,,,,,,,,,,,,,,,,,,1.7665327787399292,0.8425410985946655,1.2446602582931519,-0.405219703912735,0.005188897252082825,0.005802926607429981,0.033474238589406013,1.7668297272351032,0.8193807682954689,1.24398674608514,-0.42459512533478894,0.005692142673871787,2.401731921495536e-06,,,,,,,,,,,,
3.688651278242469,grasp,,,,,,,,,,,,,,,,,,,,,1.7666609287261963,0.8315954208374023,1.242966890335083,-0.41462597250938416,0.005453773308545351,0.005794525612145662,0.033474238589406013,1.7668297272351032,0.8193807682954689,1.24398674608514,-0.42459512533478894,0.005692142673871787,2.401731921495536e-06,,,,,,,,,,,,
3.708651278242469,grasp,,,,,,,,,,,,,,,,,,,,,1.7670185565948486,0.808066725730896,1.2396448850631714,-0.43501731753349304,0.005798595026135445,0.005792095325887203,0.033474238589406013,1.7673824480845741,0.7822774779436837,1.2390078848641988,-0.45665912753038107,0.0062460518353434115,2.2080867393943103e-06,,,,,,,,,,,,
3.7286512782424692,grasp,,,,,,,,,,,,,,,,,,,,,1.7671955823898315,0.7958125472068787,1.2380253076553345,-0.4455221891403198,0.0059948391281068325,0.005790391471236944,0.033474238589406013,1.7673824480845741,0.7822774779436837,1.2390078848641988,-0.45665912753038107,0.0062460518353434115,2.2080867393943103e-06,,,,,,,,,,,,
3.7486512782424692,grasp,,,,,,,,,,,,,,,,,,,,,1.767582893371582,0.7698367834091187,1.2344765663146973,-0.4680318236351013,0.006385878659784794,0.005789301358163357,0.033474238589406013,1.767992197525234,0.7414737491683571,1.2335178373484181,-0.491925173558239,0.006857029631565465,1.9944844224139464e-06,,,,,,,,,,,,
3.7686512782424693,grasp,,,,,,,,,,,,,,,,,,,,,1.7677828073501587,0.756308376789093,1.2327157258987427,-0.47962820529937744,0.006591496057808399,0.005788824986666441,0.033474238589406013,1.767992197525234,0.7414737491683571,1.2335178373484181,-0.491925173558239,0.006857029631565465,1.9944844224139464e-06,,,,,,,,,,,,
3.7886512782424693,grasp,,,,,,,,,,,,,,,,,,,,,1.7680158615112305,0.7280676960945129,1.2287436723709106,-0.503981351852417,0.007003748789429665,0.005792481824755669,0.033474238589406013,1.7682502073482913,0.6973314283076598,1.227260640648578,-0.5298339203204978,0.007521080582110194,9.900325719170655e-06,,,,,,,,,,,,
3.8086512782424693,grasp,,,,,,,,,,,,,,,,,,,,,1.768127679824829,0.7133604884147644,1.2267390489578247,-0.5165276527404785,0.007243059109896421,0.0057939752005040646,0.033474238589406013,1.7682502073482913,0.6973314283076598,1.227260640648578,-0.5298339203204978,0.007521080582110194,9.900325719170655e-06,,,,,,,,,,,,
3.8286512782424693,grasp,,,,,,,,,,,,,,,,,,,,,1.7497833967208862,0.6939191222190857,1.2124067544937134,-0.5214361548423767,0.006609800737351179,0.006189121399074793,0.033474238589406013,1.7297249962970884,0.6727723559918359,1.1995396480511538,-0.5266207213114888,0.007600302106539744,0.0007830685269833613,,,,,,,,,,,,
3.8486512782424693,grasp,,,,,,,,,,,,,,,,,,,,,1.7397937774658203,0.683945894241333,1.2047538757324219,-0.5239607095718384,0.007805691100656986,0.006349340081214905,0.033474238589406013,1.7297249962970884,0.6727723559918359,1.1995396480511538,-0.5266207213114888,0.007600302106539744,0.0007830685269833613,,,,,,,,,,,,
3.868651278242469,grasp,,,,,,,,,,,,,,,,,,,,,1.7100385427474976,0.6691832542419434,1.1839076280593872,-0.5175780653953552,0.0064563569612801075,0.006981358397752047,0.033474238589406013,1.677619343488293,0.6529872811664454,1.1640931746747563,-0.5107627303230345,0.007497918650300653,0.0018242801182759472,,,,,,,,,,,,
3.8886512782424694,grasp,,,,,,,,,,,,,,,,,,,,,1.6939396858215332,0.6616585850715637,1.1728148460388184,-0.5142853260040283,0.008006619289517403,0.007244865410029888,0.033474238589406013,1.677619343488293,0.6529872811664454,1.1640931746747563,-0.5107627303230345,0.007497918650300653,0.0018242801182759472,,,,,,,,,,,,
3.908651278242469,grasp,,,,,,,,,,,,,,,,,,,,,1.659648060798645,0.6475526690483093,1.1492033004760742,-0.5044440627098083,0.006430790293961763,0.007981590926647186,0.033474238589406013,1.6223789263901758,0.6320135582950076,1.1265217891060806,-0.49395412339450917,0.007389399765787883,0.0029279404681328033,,,,,,,,,,,,
3.9286512782424694,grasp,,,,,,,,,,,,,,,,,,,,,1.6411763429641724,0.6403565406799316,1.1367127895355225,-0.4993709325790405,0.008019871078431606,0.008292853832244873,0.033474238589406013,1.6223789263901758,0.6320135582950076,1.1265217891060806,-0.49395412339450917,0.007389399765787883,0.0029279404681328033,,,,,,,,,,,,
3.948651278242469,grasp,,,,,,,,,,,,,,,,,,,,,1.6042797565460205,0.6258779764175415,1.1114451885223389,-0.48818397521972656,0.006346977315843105,0.009085438214242458,0.033474238589406013,1.5642426427542493,0.609939828322565,1.0869843131999017,-0.47626593553229135,0.007275205000200362,0.004089366564153963,,,,,,,,,,,,
3.9686512782424694,grasp,,,,,,,,,,,,,,,,,,,,,1.5844591856002808,0.6184911131858826,1.098085641860962,-0.482418954372406,0.007970556616783142,0.009423148818314075,0.033474238589406013,1.5642426427542493,0.609939828322565,1.0869843131999017,-0.47626593553229135,0.007275205000200362,0.004089366564153963,,,,,,,,,,,,
3.988651278242469,grasp,,,,,,,,,,,,,,,,,,,,,1.545599102973938,0.6034226417541504,1.0715259313583374,-0.47048652172088623,0.006222360301762819,0.010257468558847904,0.033474238589406013,1.503472574581888,0.5868649002113763,1.045657997225201,-0.4577775694842852,0.0071558503876759634,0.005303311056648458,,,,,,,,,,,,
4.0086512782424695,grasp,,,,,,,,,,,,,,,,,,,,,1.5247595310211182,0.5957356095314026,1.0574814081192017,-0.46433883905410767,0.007898657582700253,0.010614063590765,0.033474238589406013,1.503472574581888,0.5868649002113763,1.045657997225201,-0.4577775694842852,0.0071558503876759634,0.005303311056648458,,,,,,,,,,,,
4.028651278242469,grasp,,,,,,,,,,,,,,,,,,,,,1.484243392944336,0.5800752639770508,1.029811978340149,-0.4518616795539856,0.006078982725739479,0.01148349978029728,0.033474238589406013,1.4403525998481899,0.5628959653534038,1.0027352830531393,-0.4385753565965616,0.007031889339751136,0.006564121710365623,,,,,,,,,,,,
4.0486512782424695,grasp,,,,,,,,,,,,,,,,,,,,,1.4625438451766968,0.5720868706703186,1.0151795148849487,-0.44543468952178955,0.007813162170350552,0.011855521239340305,0.033474238589406013,1.4403525998481899,0.5628959653534038,1.0027352830531393,-0.4385753565965616,0.007031889339751136,0.006564121710365623,,,,,,,,,,,,
4.068651278242469,grasp,,,,,,,,,,,,,,,,,,,,,1.4205985069274902,0.5558894872665405,0.9865484237670898,-0.4325108826160431,0.00593064958229661,0.012755269184708595,0.033474238589406013,1.3751857776106655,0.5381475669635258,0.9584217784979947,-0.4187514902711359,0.006903913096014991,0.007865777528440466,,,,,,,,,,,,
4.0886512782424695,grasp,,,,,,,,,,,,,,,,,,,,,1.3981589078903198,0.5476285219192505,0.9714044332504272,-0.42585524916648865,0.007717893458902836,0.013140532188117504,0.033474238589406013,1.3751857776106655,0.5381475669635258,0.9584217784979947,-0.4187514902711359,0.006903913096014991,0.007865777528440466,,,,,,,,,,,,
4.108651278242469,grasp,,,,,,,,,,,,,,,,,,,,,1.3549963235855103,0.530968189239502,0.9419561624526978,-0.4125576913356781,0.005782179534435272,0.014066074043512344,0.033474238589406013,1.3082917867868606,0.5127407935952598,0.912934091898758,-0.3984028133179108,0.006772547344682163,0.009201894963904347,,,,,,,,,,,,
4.128651278242469,grasp,,,,,,,,,,,,,,,,,,,,,1.3319298028945923,0.5224722027778625,0.9263761639595032,-0.4057111144065857,0.007614469155669212,0.01446251105517149,0.033474238589406013,1.3082917867868606,0.5127407935952598,0.912934091898758,-0.3984028133179108,0.006772547344682163,0.009201894963904347,,,,,,,,,,,,
4.148651278242469,grasp,,,,,,,,,,,,,,,,,,,,,1.287766695022583,0.5054295063018799,0.8962573409080505,-0.3921082317829132,0.005635291337966919,0.015409152954816818,0.033474238589406013,1.2400038316780848,0.4868010476166767,0.8664987973316267,-0.37763061472118437,0.006638448533338539,0.010565802349843879,,,,,,,,,,,,
4.16865127824247,grasp,,,,,,,,,,,,,,,,,,,,,1.26418936252594,0.4967397451400757,0.880318284034729,-0.38510599732398987,0.0075040170922875404,0.01581478677690029,0.033474238589406013,1.2400038316780848,0.4868010476166767,0.8664987973316267,-0.37763061472118437,0.006638448533338539,0.010565802349843879,,,,,,,,,,,,
4.188651278242469,grasp,,,,,,,,,,,,,,,,,,,,,1.2192476987838745,0.4793994724750519,0.8496796488761902,-0.3712666630744934,0.005490907467901707,0.01677786186337471,0.033474238589406013,1.1706659675746662,0.46045935140791155,0.8193491992995784,-0.35653954880874517,0.006502291191068144,0.011950638202561863,,,,,,,,,,,,
4.208651278242469,grasp,,,,,,,,,,,,,,,,,,,,,1.195277214050293,0.47055959701538086,0.8334617018699646,-0.36414435505867004,0.00738731911405921,0.017190666869282722,0.033474238589406013,1.1706659675746662,0.46045935140791155,0.8193491992995784,-0.35653954880874517,0.006502291191068144,0.011950638202561863,,,,,,,,,,,,
4.228651278242469,grasp,,,,,,,,,,,,,,,,,,,,,1.1497852802276611,0.45300883054733276,0.8024587631225586,-0.3501388430595398,0.005349868442863226,0.018165243789553642,0.033474238589406013,1.1006306490776678,0.4338484469392306,0.7717244965248551,-0.33523695532646225,0.0063647663713963,0.01334936780936051,,,,,,,,,,,,
4.24865127824247,grasp,,,,,,,,,,,,,,,,,,,,,1.12554132938385,0.4440634250640869,0.7860432267189026,-0.3429326117038727,0.007264925166964531,0.018583079800009727,0.033474238589406013,1.1006306490776678,0.4338484469392306,0.7717244965248551,-0.33523695532646225,0.0063647663713963,0.01334936780936051,,,,,,,,,,,,
4.268651278242469,grasp,,,,,,,,,,,,,,,,,,,,,1.07973313331604,0.4263916313648224,0.7548339366912842,-0.3288322985172272,0.00521300220862031,0.019564246758818626,0.033474238589406013,1.0302553049753536,0.4071043712583614,0.7238677596417664,-0.3138311975942556,0.006226574125913771,0.014754875225816727,,,,,,,,,,,,
4.288651278242469,grasp,,,,,,,,,,,,,,,,,,,,,1.0553393363952637,0.4173862338066101,0.7383038997650146,-0.32157886028289795,0.0071374475955963135,0.019984979182481766,0.033474238589406013,1.0302553049753536,0.4071043712583614,0.7238677596417664,-0.3138311975942556,0.006226574125913771,0.014754875225816727,,,,,,,,,,,,
4.308651278242469,grasp,,,,,,,,,,,,,,,,,,,,,1.0094488859176636,0.39968329668045044,0.7070478200912476,-0.30745553970336914,0.005081004463136196,0.02096778154373169,0.033474238589406013,0.9599002361407193,0.3803631985561077,0.6760238572986751,-0.29243179870405545,0.00608842031011083,0.01615998192563202,,,,,,,,,,,,
4.328651278242469,grasp,,,,,,,,,,,,,,,,,,,,,0.9850278496742249,0.3906639814376831,0.6904873847961426,-0.30019181966781616,0.007005653809756041,0.021389223635196686,0.033474238589406013,0.9599002361407193,0.3803631985561077,0.6760238572986751,-0.29243179870405545,0.00608842031011083,0.01615998192563202,,,,,,,,,,,,
4.348651278242469,grasp,,,,,,,,,,,,,,,,,,,,,0.9392918944358826,0.3730199337005615,0.6593448519706726,-0.2861178517341614,0.004954527597874403,0.02236858196556568,0.033474238589406013,0.8899254805480082,0.3537614925914703,0.6284374304018868,-0.27114823223129547,0.005951013749643119,0.0175574849611109,,,,,,,,,,,,
4.368651278242469,grasp,,,,,,,,,,,,,,,,,,,,,0.9149678349494934,0.36403292417526245,0.6428383588790894,-0.27888113260269165,0.006870170123875141,0.022788582369685173,0.033474238589406013,0.8899254805480082,0.3537614925914703,0.6284374304018868,-0.27114823223129547,0.005951013749643119,0.0175574849611109,,,,,,,,,,,,
4.388651278242469,grasp,,,,,,,,,,,,,,,,,,,,,0.869621217250824,0.34653767943382263,0.611967921257019,-0.2649284899234772,0.004834183491766453,0.023759527131915092,0.033474238589406013,0.8206880456372175,0.32743492216923464,0.5813511772810338,-0.2500891079152123,0.005815057256073631,0.018940243030018872,,,,,,,,,,,,
4.408651278242469,grasp,,,,,,,,,,,,,,,,,,,,,0.845516562461853,0.33762887120246887,0.5955995321273804,-0.25775548815727234,0.006731888744980097,0.024175889790058136,0.033474238589406013,0.8206880456372175,0.32743492216923464,0.5813511772810338,-0.2500891079152123,0.005815057256073631,0.018940243030018872,,,,,,,,,,,,
4.428651278242469,grasp,,,,,,,,,,,,,,,,,,,,,0.8007911443710327,0.3203706741333008,0.5651589632034302,-0.24399493634700775,0.004720604978501797,0.025133544579148293,0.033474238589406013,0.7525397123354917,0.3015157408866498,0.53500395488171,-0.22936130846231403,0.0056812408660315596,0.0203012440066409,,,,,,,,,,,,
4.448651278242469,grasp,,,,,,,,,,,,,,,,,,,,,0.7770272493362427,0.3115851581096649,0.5490114688873291,-0.23692236840724945,0.0065911514684557915,0.02554415911436081,0.033474238589406013,0.7525397123354917,0.3015157408866498,0.53500395488171,-0.22936130846231403,0.0056812408660315596,0.0203012440066409,,,,,,,,,,,,
4.468651278242469,grasp,,,,,,,,,,,,,,,,,,,,,0.7331503033638,0.29465121030807495,0.5191541314125061,-0.22342348098754883,0.004614542238414288,0.02648371458053589,0.033474238589406013,0.6858231519609455,0.2761347754034189,0.4896289142020612,-0.20906895955925056,0.005550234202124374,0.021633667493332603,,,,,,,,,,,,
4.488651278242469,grasp,,,,,,,,,,,,,,,,,,,,,0.709846019744873,0.2860333323478699,0.5033090710639954,-0.21648676693439484,0.006448909640312195,0.026886502280831337,0.033474238589406013,0.6858231519609455,0.2761347754034189,0.4896289142020612,-0.20906895955925056,0.005550234202124374,0.021633667493332603,,,,,,,,,,,,
4.5086512782424695,grasp,,,,,,,,,,,,,,,,,,,,,0.6670374870300293,0.2695075571537018,0.4741837978363037,-0.20331686735153198,0.0045163799077272415,0.02780326083302498,0.033474238589406013,0.6208701383442582,0.2514176623571029,0.44545150431367975,-0.18931299168567642,0.005422688920162557,0.02293088699808453,,,,,,,,,,,,
4.528651278242469,grasp,,,,,,,,,,,,,,,,,,,,,0.6443077921867371,0.2611005902290344,0.45872029662132263,-0.1965506225824356,0.006305806804448366,0.028196178376674652,0.033474238589406013,0.6208701383442582,0.2514176623571029,0.44545150431367975,-0.18931299168567642,0.005422688920162557,0.02293088699808453,,,,,,,,,,,,
4.5486512782424695,grasp,,,,,,,,,,,,,,,,,,,,,0.6027795076370239,0.24506349861621857,0.4304702579975128,-0.1837746948003769,0.00442660553380847,0.02908562868833542,0.033474238589406013,0.5579985767878007,0.2274843206365334,0.4026876329745544,-0.17019020173578936,0.00529923162936504,0.024186535717882124,,,,,,,,,,,,
4.568651278242469,grasp,,,,,,,,,,,,,,,,,,,,,0.5807352066040039,0.23690801858901978,0.4154645502567291,-0.17721207439899445,0.006162589881569147,0.029466750100255013,0.033474238589406013,0.5579985767878007,0.2274843206365334,0.4026876329745544,-0.17019020173578936,0.00529923162936504,0.024186535717882124,,,,,,,,,,,,
4.5886512782424695,grasp,,,,,,,,,,,,,,,,,,,,,0.540688157081604,0.22143718600273132,0.3882260024547577,-0.16489176452159882,0.004345835652202368,0.03032461553812027,0.033474238589406013,0.49750909075762306,0.20444969142307856,0.3615418938538716,-0.1517920342311262,0.005180453936205643,0.025394608037692015,,,,,,,,,,,,
4.608651278242469,grasp,,,,,,,,,,,,,,,,,,,,,0.51943439245224,0.21357277035713196,0.3737504780292511,-0.15856435894966125,0.006019878201186657,0.030692042782902718,0.033474238589406013,0.49750909075762306,0.20444969142307856,0.3615418938538716,-0.1517920342311262,0.005180453936205643,0.025394608037692015,,,,,,,,,,,,
4.628651278242469,grasp,,,,,,,,,,,,,,,,,,,,,0.48105770349502563,0.19874069094657898,0.34765124320983887,-0.14675764739513397,0.004274140577763319,0.03151432424783707,0.033474238589406013,0.4396831085714465,0.18242058556201654,0.32220549421823697,-0.13420396722104022,0.005066905366249568,0.026549495351154622,,,,,,,,,,,,
4.648651278242469,grasp,,,,,,,,,,,,,,,,,,,,,0.4606934189796448,0.19120413064956665,0.33377453684806824,-0.14069505035877228,0.005878475494682789,0.0318664014339447,0.033474238589406013,0.4396831085714465,0.18242058556201654,0.32220549421823697,-0.13420396722104022,0.005066905366249568,0.026549495351154622,,,,,,,,,,,,
4.66865127824247,grasp,,,,,,,,,,,,,,,,,,,,,0.42416253685951233,0.17707736790180206,0.30893266201019287,-0.12945562601089478,0.00421203812584281,0.03264930471777916,0.033474238589406013,0.3847802486671319,0.1614939722930877,0.28485442484840423,-0.11750486279850807,0.004959093753334371,0.027646027432521304,,,,,,,,,,,,
4.688651278242469,grasp,,,,,,,,,,,,,,,,,,,,,0.4047801196575165,0.16990233957767487,0.29571741819381714,-0.12368535995483398,0.00573835801333189,0.03298434615135193,0.033474238589406013,0.3847802486671319,0.1614939722930877,0.28485442484840423,-0.11750486279850807,0.004959093753334371,0.027646027432521304,,,,,,,,,,,,
4.708651278242469,grasp,,,,,,,,,,,,,,,,,,,,,0.37025392055511475,0.15654237568378448,0.27224013209342957,-0.11306196451187134,0.004158958327025175,0.033724427223205566,0.033474238589406013,0.3330340421255578,0.14175978498356145,0.24964779157472886,-0.10176576305987144,0.004857478295644338,0.02867953128401403,,,,,,,,,,,,
4.728651278242469,grasp,,,,,,,,,,,,,,,,,,,,,0.3519364893436432,0.14975965023040771,0.25974491238594055,-0.1076088398694992,0.005601202603429556,0.03404112905263901,0.033474238589406013,0.3330340421255578,0.14175978498356145,0.24964779157472886,-0.10176576305987144,0.004857478295644338,0.02867953128401403,,,,,,,,,,,,
4.74865127824247,grasp,,,,,,,,,,,,,,,,,,,,,0.31955593824386597,0.1372203677892685,0.2377312034368515,-0.09764507412910461,0.004117112141102552,0.03473542630672455,0.033474238589406013,0.28465046891732954,0.1232966146182821,0.21672571976759886,-0.08704929931775114,0.004762464433129259,0.029645888054389,,,,,,,,,,,,
4.768651278242469,grasp,,,,,,,,,,,,,,,,,,,,,0.30237817764282227,0.13085715472698212,0.22600865364074707,-0.09253127127885818,0.005467468407005072,0.035032402724027634,0.033474238589406013,0.28465046891732954,0.1232966146182821,0.21672571976759886,-0.08704929931775114,0.004762464433129259,0.029645888054389,,,,,,,,,,,,
4.788651278242469,grasp,,,,,,,,,,,,,,,,,,,,,0.27226564288139343,0.11918729543685913,0.205533966422081,-0.0832645520567894,0.004082622472196817,0.03567824885249138,0.033474238589406013,0.23980498636998746,0.10617126285615022,0.18620743830935363,-0.07340882373317417,0.0046743955598204595,0.030541588080722788,,,,,,,,,,,,
4.808651278242469,grasp,,,,,,,,,,,,,,,,,,,,,0.2562912702560425,0.11326735466718674,0.19462786614894867,-0.07850918918848038,0.005337906535714865,0.035954512655735016,0.033474238589406013,0.23980498636998746,0.10617126285615022,0.18620743830935363,-0.07340882373317417,0.0046743955598204595,0.030541588080722788,,,,,,,,,,,,
4.828651278242469,grasp,,,,,,,,,,,,,,,,,,,,,0.22854703664779663,0.10250406712293625,0.17576730251312256,-0.0699705109000206,0.0040596057660877705,0.03654969483613968,0.033474238589406013,0.1986398023716096,0.09043752526297477,0.1581894252718204,-0.06088756433456847,0.004593549914317154,0.03136379919215141,,,,,,,,,,,,
4.848651278242469,grasp,,,,,,,,,,,,,,,,,,,,,0.21382968127727509,0.09704657644033432,0.16571500897407532,-0.06558934599161148,0.005212911870330572,0.03680421784520149,0.033474238589406013,0.1986398023716096,0.09043752526297477,0.1581894252718204,-0.06088756433456847,0.004593549914317154,0.03136379919215141,,,,,,,,,,,,
4.868651278242469,grasp,,,,,,,,,,,,,,,,,,,,,0.18853160738945007,0.08722084760665894,0.14851590991020203,-0.05780269578099251,0.004044525790959597,0.03734707459807396,0.033474238589406013,0.1612610393162547,0.0761352819411117,0.13274356123860293,-0.04951773598836071,0.004520135196841451,0.032110408678504926,,,,,,,,,,,,
4.888651278242469,grasp,,,,,,,,,,,,,,,,,,,,,0.17511221766471863,0.08224041014909744,0.13934625685214996,-0.053807858377695084,0.005093198735266924,0.03757926821708679,0.033474238589406013,0.1612610393162547,0.0761352819411117,0.13274356123860293,-0.04951773598836071,0.004520135196841451,0.032110408678504926,,,,,,,,,,,,
4.908651278242469,grasp,,,,,,,,,,,,,,,,,,,,,0.15231259167194366,0.0733732134103775,0.12384529411792755,-0.046789415180683136,0.004038024228066206,0.03806860372424126,0.033474238589406013,0.12773496177323568,0.06329156588349977,0.10991561855613056,-0.0393194875708754,0.004454283215040211,0.03278008256672488,,,,,,,,,,,,
4.928651278242469,grasp,,,,,,,,,,,,,,,,,,,,,0.1402188092470169,0.06887996941804886,0.11557894945144653,-0.04318910464644432,0.004979051183909178,0.038277942687273026,0.033474238589406013,0.12773496177323568,0.06329156588349977,0.10991561855613056,-0.0393194875708754,0.004454283215040211,0.03278008256672488,,,,,,,,,,,,
4.948651278242469,grasp,,,,,,,,,,,,,,,,,,,,,0.11994311213493347,0.06098280847072601,0.10179311782121658,-0.0369468554854393,0.004039142280817032,0.03871326148509979,0.033474238589406013,0.09808603133004283,0.05191785033101182,0.08972300421221148,-0.030300263871964113,0.00439604295772183,0.03337233819559699,,,,,,,,,,,,
4.968651278242469,grasp,,,,,,,,,,,,,,,,,,,,,0.10918866842985153,0.05698203667998314,0.09444013983011246,-0.033745042979717255,0.004871594253927469,0.03889954835176468,0.033474238589406013,0.09808603133004283,0.05191785033101182,0.08972300421221148,-0.030300263871964113,0.00439604295772183,0.03337233819559699,,,,,,,,,,,,
4.988651278242469,grasp,,,,,,,,,,,,,,,,,,,,,0.09143442660570145,0.050054531544446945,0.0823671892285347,-0.02827833779156208,0.004047289025038481,0.03928079083561897,0.033474238589406013,0.07229516073960081,0.042006620419230985,0.0721525848084618,-0.022454242958406118,0.00434537751042812,0.03388755730672278,,,,,,,,,,,,
5.0086512782424695,grasp,,,,,,,,,,,,,,,,,,,,,0.08201801031827927,0.04654558375477791,0.07592744380235672,-0.025474559515714645,0.004771198611706495,0.03944398835301399,0.033474238589406013,0.07229516073960081,0.042006620419230985,0.0721525848084618,-0.022454242958406118,0.00434537751042812,0.03388755730672278,,,,,,,,,,,,
5.028651278242469,grasp,,,,,,,,,,,,,,,,,,,,,0.06675312668085098,0.04057475924491882,0.06554359942674637,-0.020773526281118393,0.004061250947415829,0.03977181762456894,0.033474238589406013,0.05029689823684402,0.03353052781735098,0.05715876477081968,-0.015761486470946058,0.0043021587463489205,0.03432704695333235,,,,,,,,,,,,
5.0486512782424695,grasp,,,,,,,,,,,,,,,,,,,,,0.05865783989429474,0.037550464272499084,0.060005780309438705,-0.018362674862146378,0.004677804186940193,0.0399123914539814,0.033474238589406013,0.05029689823684402,0.03353052781735098,0.05715876477081968,-0.015761486470946058,0.0043021587463489205,0.03432704695333235,,,,,,,,,,,,
5.068651278242469,grasp,,,,,,,,,,,,,,,,,,,,,0.04581868648529053,0.032510992139577866,0.0512680746614933,-0.014407733455300331,0.004080634564161301,0.04018820822238922,0.033474238589406013,0.03197487729118092,0.02644532114103748,0.044662181233945046,-0.010186625878086388,0.004266157833226504,0.03469312647657284,,,,,,,,,,,,
5.0886512782424695,grasp,,,,,,,,,,,,,,,,,,,,,0.039009660482406616,0.02995806746184826,0.04661005362868309,-0.01237956341356039,0.004593406803905964,0.04030660167336464,0.033474238589406013,0.03197487729118092,0.02644532114103748,0.044662181233945046,-0.010186625878086388,0.004266157833226504,0.03469312647657284,,,,,,,,,,,,
5.108651278242469,grasp,,,,,,,,,,,,,,,,,,,,,0.028496764600276947,0.025813087821006775,0.039448585361242294,-0.009140446782112122,0.004103111103177071,0.04053252935409546,0.033474238589406013,0.017159735922283384,0.020687114365414497,0.03454769278319567,-0.005678178968656777,0.004237042132119294,0.034989184090523415,,,,,,,,,,,,
5.128651278242469,grasp,,,,,,,,,,,,,,,,,,,,,0.022921981289982796,0.023712512105703354,0.03563402220606804,-0.007479416206479073,0.0045172241516411304,0.040629662573337555,0.033474238589406013,0.017159735922283384,0.020687114365414497,0.03454769278319567,-0.005678178968656777,0.004237042132119294,0.034989184090523415,,,,,,,,,,,,
5.148651278242469,grasp,,,,,,,,,,,,,,,,,,,,,0.014597750268876553,0.02041667327284813,0.02996142953634262,-0.004914174322038889,0.004129195120185614,0.04080859571695328,0.033474238589406013,0.0056204635531492755,0.01618505226478026,0.02666392624101875,-0.002166255433238549,0.004214361332634333,0.03521980095058104,,,,,,,,,,,,
5.16865127824247,grasp,,,,,,,,,,,,,,,,,,,,,0.010185163468122482,0.018746327608823776,0.026940446346998215,-0.0035987314768135548,0.00444899732246995,0.040885698050260544,0.033474238589406013,0.0056204635531492755,0.01618505226478026,0.02666392624101875,-0.002166255433238549,0.004214361332634333,0.03521980095058104,,,,,,,,,,,,
5.188651278242469,grasp,,,,,,,,,,,,,,,,,,,,,0.00387555337511003,0.01624065823853016,0.022638261318206787,-0.0016539982752874494,0.004155064933001995,0.041021332144737244,0.033474238589406013,-0.0029300712295242852,0.012840801647040516,0.02081932343691822,0.000436237201566671,0.004197553560039809,0.03539069764538746,,,,,,,,,,,,
5.208651278242469,grasp,,,,,,,,,,,,,,,,,,,,,0.0005322287324815989,0.014969151467084885,0.020352395251393318,-0.0006566987140104175,0.004390518646687269,0.04108002409338951,0.033474238589406013,-0.0029300712295242852,0.012840801647040516,0.02081932343691822,0.000436237201566671,0.004197553560039809,0.03539069764538746,,,,,,,,,,,,
5.228651278242469,grasp,,,,,,,,,,,,,,,,,,,,,-0.003974959719926119,0.013175645843148232,0.017278380692005157,0.0007327164057642221,0.004181289114058018,0.04117690026760101,0.033474238589406013,-0.008837601370131974,0.01052692460570094,0.01678018407191781,0.0022343609313797324,0.0041859405776445,0.03550877457504534,,,,,,,,,,,,
5.24865127824247,grasp,,,,,,,,,,,,,,,,,,,,,-0.006361379288136959,0.012264441698789597,0.015647152438759804,0.001445286674425006,0.004340773448348045,0.04121905937790871,0.033474238589406013,-0.008837601370131974,0.01052692460570094,0.01678018407191781,0.0022343609313797324,0.0041859405776445,0.03550877457504534,,,,,,,,,,,,
5.268651278242469,grasp,,,,,,,,,,,,,,,,,,,,,-0.009318194352090359,0.011086273938417435,0.013630823232233524,0.0023569255135953426,0.004204504657536745,0.04128262400627136,0.033474238589406013,-0.012509936750833629,0.009087498888224702,0.014268960131309053,0.003352162341854044,0.004178721401652654,0.0355821789136125,,,,,,,,,,,,
5.288651278242469,grasp,,,,,,,,,,,,,,,,,,,,,-0.010881893336772919,0.01048616599291563,0.012563562951982021,0.002824536757543683,0.004300607834011316,0.04131053015589714,0.033474238589406013,-0.012509936750833629,0.009087498888224702,0.014268960131309053,0.003352162341854044,0.004178721401652654,0.0355821789136125,,,,,,,,,,,,
5.308651278242469,grasp,,,,,,,,,,,,,,,,,,,,,-0.012582294642925262,0.009807591326534748,0.011404778808355331,0.003348922124132514,0.0042231082916259766,0.041347067803144455,0.033474238589406013,-0.01442042339361343,0.00833867870423247,0.012962533938732595,0.00393368386440059,0.004174965858460728,0.03562036555633932,,,,,,,,,,,,
5.32865127824247,grasp,,,,,,,,,,,,,,,,,,,,,-0.013479608111083508,0.00946100801229477,0.010794240050017834,0.0036179721355438232,0.004269655793905258,0.04136338084936142,0.033474238589406013,-0.01442042339361343,0.00833867870423247,0.012962533938732595,0.00393368386440059,0.004174965858460728,0.03562036555633932,,,,,,,,,,,,
5.348651278242469,grasp,,,,,,,,,,,,,,,,,,,,,-0.014261624775826931,0.009148020297288895,0.010262474417686462,0.0038592282216995955,0.004235251806676388,0.04138011485338211,0.033474238589406013,-0.015110888952022394,0.008068048519693744,0.012490381007906061,0.00414385025926201,0.004173608457201522,0.035634166377519545,,,,,,,,,,,,
5.368651278242469,grasp,,,,,,,,,,,,,,,,,,,,,-0.014672365039587021,0.008987460285425186,0.00998495239764452,0.003983078990131617,0.004248043056577444,0.0413878932595253,0.033474238589406013,-0.015110888952022394,0.008068048519693744,0.012490381007906061,0.00414385025926201,0.004173608457201522,0.035634166377519545,,,,,,,,,,,,
5.384465376045555,grasp,,,,,,,,,,,,,,,,,,,,,-0.014919929206371307,0.008887824602425098,0.009818503633141518,0.004059328697621822,0.004238450899720192,0.04139314219355583,0.033474238589406013,-0.015193510800600052,0.008035664446651936,0.012433882802724838,0.004168998915702105,0.0041734459809958935,0.0356358177959919,,,,,,,,,,,,
0.0,grasp,,,,,,,,,,,,,,,,,,,,,,,,,,,0.0001264040001842659,,,,,,,0.043,,,,,,,,,,,
0.02,grasp,,,,,,,,,,,,,,,,,,,,,,,,,,,0.00014089526302996092,,,,,,,0.043,,,,,,,,,,,
0.04,grasp,,,,,,,,,,,,,,,,,,,,,,,,,,,0.00023574360966449603,,,,,,,0.043,,,,,,,,,,,
0.06,grasp,,,,,,,,,,,,,,,,,,,,,,,,,,,0.00046366816968657076,,,,,,,0.043,,,,,,,,,,,
0.08,grasp,,,,,,,,,,,,,,,,,,,,,,,,,,,0.0008477879164274782,,,,,,,0.043,,,,,,,,,,,
0.1,grasp,,,,,,,,,,,,,,,,,,,,,,,,,,,0.0014190514921210706,,,,,,,0.043,,,,,,,,,,,
0.12,grasp,,,,,,,,,,,,,,,,,,,,,,,,,,,0.002195566426962614,,,,,,,0.043,,,,,,,,,,,
0.14,grasp,,,,,,,,,,,,,,,,,,,,,,,,,,,0.003183288383297622,,,,,,,0.043,,,,,,,,,,,
0.16,grasp,,,,,,,,,,,,,,,,,,,,,,,,,,,0.004386094631627202,,,,,,,0.043,,,,,,,,,,,
0.18,grasp,,,,,,,,,,,,,,,,,,,,,,,,,,,0.005799248581752181,,,,,,,0.043,,,,,,,,,,,
0.2,grasp,,,,,,,,,,,,,,,,,,,,,,,,,,,0.007411596365272999,,,,,,,0.043,,,,,,,,,,,
0.22,grasp,,,,,,,,,,,,,,,,,,,,,,,,,,,0.009208016097545624,,,,,,,0.043,,,,,,,,,,,
0.24,grasp,,,,,,,,,,,,,,,,,,,,,,,,,,,0.011168602854013443,,,,,,,0.043,,,,,,,,,,,
0.26,grasp,,,,,,,,,,,,,,,,,,,,,,,,,,,0.013268801849335432,,,,,,,0.043,,,,,,,,,,,
0.28,grasp,,,,,,,,,,,,,,,,,,,,,,,,,,,0.015482046641409397,,,,,,,0.043,,,,,,,,,,,
0.3,grasp,,,,,,,,,,,,,,,,,,,,,,,,,,,0.01777892652899027,,,,,,,0.043,,,,,,,,,,,
0.32,grasp,,,,,,,,,,,,,,,,,,,,,,,,,,,0.020127770490944386,,,,,,,0.043,,,,,,,,,,,
0.34,grasp,,,,,,,,,,,,,,,,,,,,,,,,,,,0.022496669553220272,,,,,,,0.043,,,,,,,,,,,
0.36,grasp,,,,,,,,,,,,,,,,,,,,,,,,,,,0.024852397851645947,,,,,,,0.043,,,,,,,,,,,
0.38,grasp,,,,,,,,,,,,,,,,,,,,,,,,,,,0.027162942104041576,,,,,,,0.043,,,,,,,,,,,
0.4,grasp,,,,,,,,,,,,,,,,,,,,,,,,,,,0.029396475292742252,,,,,,,0.043,,,,,,,,,,,
0.42,grasp,,,,,,,,,,,,,,,,,,,,,,,,,,,0.031523048877716064,,,,,,,0.043,,,,,,,,,,,
0.44,grasp,,,,,,,,,,,,,,,,,,,,,,,,,,,0.033515190705657005,,,,,,,0.043,,,,,,,,,,,
0.46,grasp,,,,,,,,,,,,,,,,,,,,,,,,,,,0.035348350182175636,,,,,,,0.043,,,,,,,,,,,
0.48,grasp,,,,,,,,,,,,,,,,,,,,,,,,,,,0.037001339718699455,,,,,,,0.043,,,,,,,,,,,
0.5,grasp,,,,,,,,,,,,,,,,,,,,,,,,,,,0.03845757991075516,,,,,,,0.043,,,,,,,,,,,
0.52,grasp,,,,,,,,,,,,,,,,,,,,,,,,,,,0.0397057943046093,,,,,,,0.043,,,,,,,,,,,
0.54,grasp,,,,,,,,,,,,,,,,,,,,,,,,,,,0.04073950834572315,,,,,,,0.043,,,,,,,,,,,
0.56,grasp,,,,,,,,,,,,,,,,,,,,,,,,,,,0.04155980981886387,,,,,,,0.043,,,,,,,,,,,
0.58,grasp,,,,,,,,,,,,,,,,,,,,,,,,,,,0.04217392951250076,,,,,,,0.043,,,,,,,,,,,
0.6,grasp,,,,,,,,,,,,,,,,,,,,,,,,,,,0.042597245424985886,,,,,,,0.043,,,,,,,,,,,
0.62,grasp,,,,,,,,,,,,,,,,,,,,,,,,,,,0.04285340569913387,,,,,,,0.043,,,,,,,,,,,
0.64,grasp,,,,,,,,,,,,,,,,,,,,,,,,,,,0.04297526553273201,,,,,,,0.043,,,,,,,,,,,
0.66,grasp,,,,,,,,,,,,,,,,,,,,,,,,,,,0.0430055670440197,,,,,,,0.043,,,,,,,,,,,
0.68,grasp,,,,,,,,,,,,,,,,,,,,,,,,,,,0.042998336255550385,,,,,,,0.043,,,,,,,,,,,
0.68,grasp,,,,,,,,,,,,,,,,,,,,,-0.00839164387434721,0.001515071140602231,0.026055840775370598,0.0016116363694891334,-0.006502056028693914,-0.0032836073078215122,0.042998336255550385,-0.00839182734489441,0.0009817834943532944,0.028135208413004875,0.0016313872765749693,-0.006497268099337816,-0.003283719066530466,,,,,,,,,,,,
0.7000000000000001,grasp,,,,,,,,,,,,,,,,,,,,,-0.008391647599637508,0.0015196044696494937,0.026038479059934616,0.0016114722238853574,-0.006502071861177683,-0.003283606842160225,0.042998336255550385,-0.00839182734489441,0.0009817834943532944,0.028135208413004875,0.0016313872765749693,-0.006497268099337816,-0.003283719066530466,,,,,,,,,,,,
0.7200000000000001,grasp,,,,,,,,,,,,,,,,,,,,,-0.008262690156698227,0.0015832883073017001,0.026122234761714935,0.001574650639668107,-0.006499900948256254,-0.0032833709847182035,0.042998336255550385,-0.00811997993108175,0.001108352700088813,0.028327917241362712,0.0015555936952747103,-0.006495231813197812,-0.003283173109569823,,,,,,,,,,,,
0.74,grasp,,,,,,,,,,,,,,,,,,,,,-0.008194740861654282,0.0016156660858541727,0.026167435571551323,0.001555690891109407,-0.006500516552478075,-0.0032832107972353697,0.042998336255550385,-0.00811997993108175,0.001108352700088813,0.028327917241362712,0.0015555936952747103,-0.006495231813197812,-0.003283173109569823,,,,,,,,,,,,
0.76,grasp,,,,,,,,,,,,,,,,,,,,,-0.007283487357199192,0.0020405116956681013,0.026809431612491608,0.001300110132433474,-0.006484002806246281,-0.0032815884333103895,0.042998336255550385,-0.006301106399657702,0.001955198919038881,0.029617289362080274,0.0010484766181107492,-0.006481610158848853,-0.0032795213563023987,,,,,,,,,,,,
0.78,grasp,,,,,,,,,,,,,,,,,,,,,-0.0068107303231954575,0.002258968772366643,0.027152737602591515,0.001168442890048027,-0.006489654071629047,-0.003280433127656579,0.042998336255550385,-0.006301106399657702,0.001955198919038881,0.029617289362080274,0.0010484766181107492,-0.006481610158848853,-0.0032795213563023987,,,,,,,,,,,,
0.8,grasp,,,,,,,,,,,,,,,,,,,,,-0.004294997546821833,0.0034317977260798216,0.02892443537712097,0.0004654945223592222,-0.006446514744311571,-0.0032759206369519234,0.042998336255550385,-0.0016021943883819175,0.004142885919343529,0.0329482737589306,-0.00026161805402751047,-0.006446418265367531,-0.0032700872224221147,,,,,,,,,,,,
0.8200000000000001,grasp,,,,,,,,,,,,,,,,,,,,,-0.002989949192851782,0.004028217401355505,0.02986961044371128,0.0001034100423566997,-0.00646104384213686,-0.003272765316069126,0.042998336255550385,-0.0016021943883819175,0.004142885919343529,0.0329482737589306,-0.00026161805402751047,-0.006446418265367531,-0.0032700872224221147,,,,,,,,,,,,
0.8400000000000001,grasp,,,,,,,,,,,,,,,,,,,,,0.0018835808150470257,0.006304331123828888,0.03330310434103012,-0.0012578342575579882,-0.006380761507898569,-0.0032639482524245977,0.042998336255550385,0.007088186048803886,0.00818395329540084,0.03910858243919362,-0.0026845064046219294,-0.0063813342993398504,-0.003252639757915595,,,,,,,,,,,,
0.8600000000000001,grasp,,,,,,,,,,,,,,,,,,,,,0.004410403314977884,0.007461934816092253,0.03512941300868988,-0.001958976499736309,-0.006406472064554691,-0.0032578972168266773,0.042998336255550385,0.007088186048803886,0.00818395329540084,0.03910858243919362,-0.0026845064046219294,-0.0063813342993398504,-0.003252639757915595,,,,,,,,,,,,
0.8800000000000001,grasp,,,,,,,,,,,,,,,,,,,,,0.012280408293008804,0.011125339195132256,0.04067408666014671,-0.004156799055635929,-0.00628025084733963,-0.0032435739412903786,0.042998336255550385,0.020676174798443945,0.014474986429237629,0.04873968455723964,-0.006472516491729007,-0.006279581140984143,-0.003225361604606179,,,,,,,,,,,,
0.9,grasp,,,,,,,,,,,,,,,,,,,,,0.01635938324034214,0.012989689595997334,0.043618667870759964,-0.005288845393806696,-0.006318958010524511,-0.003233875147998333,0.042998336255550385,0.020676174798443945,0.014474986429237629,0.04873968455723964,-0.006472516491729007,-0.006279581140984143,-0.003225361604606179,,,,,,,,,,,,
0.92,grasp,,,,,,,,,,,,,,,,,,,,,0.027740882709622383,0.018253033980727196,0.05163649469614029,-0.008466744795441628,-0.006139680277556181,-0.003213069401681423,0.042998336255550385,0.03987561074318781,0.023298885210807842,0.062345908520867147,-0.01182406437888121,-0.006135828457779763,-0.0031868238919189554,,,,,,,,,,,,
0.9400000000000001,grasp,,,,,,,,,,,,,,,,,,,,,0.033638402819633484,0.020932618528604507,0.05588981509208679,-0.010103626176714897,-0.006192592903971672,-0.0031991363503038883,0.042998336255550385,0.03987561074318781,0.023298885210807842,0.062345908520867147,-0.01182406437888121,-0.006135828457779763,-0.0031868238919189554,,,,,,,,,,,,
0.9600000000000001,grasp,,,,,,,,,,,,,,,,,,,,,0.048923857510089874,0.027945414185523987,0.06665614992380142,-0.014370794408023357,-0.00595494220033288,-0.0031710974872112274,0.042998336255550385,0.06521486184907258,0.034846927775038575,0.0802998958361972,-0.018885783188048486,-0.005946138255754357,-0.003135970761268493,,,,,,,,,,,,
0.98,grasp,,,,,,,,,,,,,,,,,,,,,0.05684281885623932,0.031516581773757935,0.07236265391111374,-0.016568750143051147,-0.006022811867296696,-0.003152487799525261,0.042998336255550385,0.06521486184907258,0.034846927775038575,0.0802998958361972,-0.018885783188048486,-0.005946138255754357,-0.003135970761268493,,,,,,,,,,,,
1.0,grasp,,,,,,,,,,,,,,,,,,,,,0.07630179077386856,0.040390435606241226,0.08606714755296707,-0.02200026996433735,-0.005723284091800451,-0.0031166940461844206,0.042998336255550385,0.09703573859362942,0.049267072262682066,0.10284350571357151,-0.027752797329079662,-0.005707955715970191,-0.003072116474332646,,,,,,,,,,,,
1.02,grasp,,,,,,,,,,,,,,,,,,,,,0.08638156950473785,0.044910408556461334,0.09332552552223206,-0.024798013269901276,-0.005806413944810629,-0.003093108767643571,0.042998336255550385,0.09703573859362942,0.049267072262682066,0.10284350571357151,-0.027752797329079662,-0.005707955715970191,-0.003072116474332646,,,,,,,,,,,,
1.04,grasp,,,,,,,,,,,,,,,,,,,,,0.11017054319381714,0.0557161308825016,0.11007864028215408,-0.031437505036592484,-0.005443139933049679,-0.0030492383521050215,0.042998336255550385,0.13551353094330948,0.0666441956551206,0.13010102854569933,-0.03847397992799541,-0.005419970035669735,-0.00299490892271631,,,,,,,,,,,,
1.06,grasp,,,,,,,,,,,,,,,,,,,,,0.12249182909727097,0.06122153624892235,0.11894554644823074,-0.034857507795095444,-0.0055413818918168545,-0.0030205368530005217,0.042998336255550385,0.13551353094330948,0.0666441956551206,0.13010102854569933,-0.03847397992799541,-0.005419970035669735,-0.00299490892271631,,,,,,,,,,,,
1.08,grasp,,,,,,,,,,,,,,,,,,,,,0.15066568553447723,0.0739801824092865,0.13878615200519562,-0.042720239609479904,-0.005114004015922546,-0.0029684521723538637,0.042998336255550385,0.18067596312787093,0.08698311470723874,0.16209172501147984,-0.05105691199229712,-0.005081977759139634,-0.0029042927780306878,,,,,,,,,,,,
1.1,grasp,,,,,,,,,,,,,,,,,,,,,0.1652567833662033,0.08048222213983536,0.14928017556667328,-0.046770378947257996,-0.005226919427514076,-0.0029346041847020388,0.042998336255550385,0.18067596312787093,0.08698311470723874,0.16209172501147984,-0.05105691199229712,-0.005081977759139634,-0.0029042927780306878,,,,,,,,,,,,
1.12,grasp,,,,,,,,,,,,,,,,,,,,,0.19777490198612213,0.09517532587051392,0.17218025028705597,-0.0558449849486351,-0.004736404400318861,-0.002874362748116255,0.042998336255550385,0.23240893796250428,0.1102344956004074,0.19873483191176286,-0.06546981440667925,-0.004694832411019314,-0.0028004968261084824,,,,,,,,,,,,
1.1400000000000001,grasp,,,,,,,,,,,,,,,,,,,,,0.214614599943161,0.10266517102718353,0.18428443372249603,-0.06051941215991974,-0.004863320384174585,-0.002835436025634408,0.042998336255550385,0.23240893796250428,0.1102344956004074,0.19873483191176286,-0.06546981440667925,-0.004694832411019314,-0.0028004968261084824,,,,,,,,,,,,
1.1600000000000001,grasp,,,,,,,,,,,,,,,,,,,,,0.25135061144828796,0.11923196911811829,0.2101553976535797,-0.07077063620090485,-0.004311809781938791,-0.002767247147858143,0.042998336255550385,0.2904737598544525,0.13628376151498886,0.2398609490780959,-0.0816460711925314,-0.00426032303842721,-0.0026839996974937002,,,,,,,,,,,,
1.1800000000000002,grasp,,,,,,,,,,,,,,,,,,,,,0.27037355303764343,0.12767919898033142,0.22382083535194397,-0.07605115324258804,-0.004451825749129057,-0.002723424695432186,0.042998336255550385,0.2904737598544525,0.13628376151498886,0.2398609490780959,-0.0816460711925314,-0.00426032303842721,-0.0026839996974937002,,,,,,,,,,,,
1.2000000000000002,grasp,,,,,,,,,,,,,,,,,,,,,0.3111208975315094,0.1460283100605011,0.2525181472301483,-0.08742135763168335,-0.003842514706775546,-0.0026476599741727114,0.042998336255550385,0.35451312917342487,0.16497623579170353,0.28521724689306793,-0.09948624271854961,-0.0037811206320136287,-0.002555516995448638,,,,,,,,,,,,
1.2200000000000002,grasp,,,,,,,,,,,,,,,,,,,,,0.3322199881076813,0.15538692474365234,0.2676663398742676,-0.09327832609415054,-0.00399459432810545,-0.0025991955772042274,0.042998336255550385,0.35451312917342487,0.16497623579170353,0.28521724689306793,-0.09948624271854961,-0.0037811206320136287,-0.002555516995448638,,,,,,,,,,,,
1.2400000000000002,grasp,,,,,,,,,,,,,,,,,,,,,0.3767015039920807,0.17539381980895996,0.2989954352378845,-0.10569030791521072,-0.003331606276333332,-0.0025163632817566395,0.042998336255550385,0.4240681912431563,0.19610648354584947,0.3344788282539104,-0.11886251972413649,-0.0032606609976180336,-0.0024159691391359593,,,,,,,,,,,,
1.26,grasp,,,,,,,,,,,,,,,,,,,,,0.3997337520122528,0.1856011152267456,0.3155215382575989,-0.11208392679691315,-0.0034947190433740616,-0.00246360432356596,0.042998336255550385,0.4240681912431563,0.19610648354584947,0.3344788282539104,-0.11886251972413649,-0.0032606609976180336,-0.0024159691391359593,,,,,,,,,,,,
1.28,grasp,,,,,,,,,,,,,,,,,,,,,0.44760996103286743,0.20711302757263184,0.34924378991127014,-0.12544432282447815,-0.0027828889433294535,-0.0023743303027004004,0.042998336255550385,0.4985895355432715,0.22942745715223833,0.3872565894587055,-0.1396218298331674,-0.0027030588675089947,-0.002266458959597012,,,,,,,,,,,,
1.3,grasp,,,,,,,,,,,,,,,,,,,,,0.4723999798297882,0.21809121966362,0.36702054738998413,-0.1323251724243164,-0.002956008305773139,-0.0023176823742687702,0.042998336255550385,0.4985895355432715,0.22942745715223833,0.3872565894587055,-0.1396218298331674,-0.0027030588675089947,-0.002266458959597012,,,,,,,,,,,,
1.32,grasp,,,,,,,,,,,,,,,,,,,,,0.5232753753662109,0.24093317985534668,0.4028542935848236,-0.1467159241437912,-0.0022133304737508297,-0.0022212639451026917,0.042998336255550385,0.5774474917302684,0.2646616161390065,0.4431048579795537,-0.16158892421116364,-0.0021130148352609948,-0.002108247151666695,,,,,,,,,,,,
1.34,grasp,,,,,,,,,,,,,,,,,,,,,0.5496198534965515,0.2525924742221832,0.4217366874217987,-0.1539338231086731,-0.0023985463194549084,-0.0021615885198116302,0.042998336255550385,0.5774474917302684,0.2646616161390065,0.4431048579795537,-0.16158892421116364,-0.0021130148352609948,-0.002108247151666695,,,,,,,,,,,,
1.36,grasp,,,,,,,,,,,,,,,,,,,,,0.6030533909797668,0.276567280292511,0.45937204360961914,-0.16920852661132812,-0.0016526442486792803,-0.0020563018042594194,0.042998336255550385,0.6599463210090355,0.30149964260516443,0.5015311160173679,-0.18457009132021432,-0.0014957342156731422,-0.0019427294600262827,,,,,,,,,,,,
1.3800000000000001,grasp,,,,,,,,,,,,,,,,,,,,,0.6307229995727539,0.2888072729110718,0.47919589281082153,-0.17666316032409668,-0.0018353108316659927,-0.0019971246365457773,0.042998336255550385,0.6599463210090355,0.30149964260516443,0.5015311160173679,-0.18457009132021432,-0.0014957342156731422,-0.0019427294600262827,,,,,,,,,,,,
1.4,grasp,,,,,,,,,,,,,,,,,,,,,0.686233401298523,0.313700407743454,0.5182954668998718,-0.19262456893920898,-0.001042817486450076,-0.001888752798549831,0.042998336255550385,0.7453355906647074,0.33960810657151586,0.5620042362581663,-0.20835638779511156,-0.0008568381644884836,-0.0017714129482524158,,,,,,,,,,,,
1.42,grasp,,,,,,,,,,,,,,,,,,,,,0.7149786949157715,0.32641181349754333,0.5388815999031067,-0.20025856792926788,-0.0012172253336757421,-0.0018268927233293653,0.042998336255550385,0.7453355906647074,0.33960810657151586,0.5620042362581663,-0.20835638779511156,-0.0008568381644884836,-0.0017714129482524158,,,,,,,,,,,,
1.44,grasp,,,,,,,,,,,,,,,,,,,,,0.7720586657524109,0.35199493169784546,0.5790868997573853,-0.2166818231344223,-0.00040577686741016805,-0.001715722493827343,0.042998336255550385,0.8328223879760639,0.3786350830172695,0.6239627431086603,-0.2327270857856912,-0.00020225146575294709,-0.0015958873091006336,,,,,,,,,,,,
1.46,grasp,,,,,,,,,,,,,,,,,,,,,0.8016119599342346,0.36506202816963196,0.6002443432807922,-0.22446778416633606,-0.0005711804842576385,-0.0016527663683518767,0.042998336255550385,0.8328223879760639,0.3786350830172695,0.6239627431086603,-0.2327270857856912,-0.00020225146575294709,-0.0015958873091006336,,,,,,,,,,,,
1.48,grasp,,,,,,,,,,,,,,,,,,,,,0.8597227931022644,0.39109668135643005,0.6411799788475037,-0.2411302775144577,0.0002536886604502797,-0.0015396331436932087,0.042998336255550385,0.9215833457872741,0.41821506381637424,0.6868238336526726,-0.2574529953878458,0.0004618750024357134,-0.0014178031354676662,,,,,,,,,,,,
1.5,grasp,,,,,,,,,,,,,,,,,,,,,0.889812707901001,0.40439802408218384,0.6627095341682434,-0.24905075132846832,8.555942622479051e-05,-0.0014754349831491709,0.042998336255550385,0.9215833457872741,0.41821506381637424,0.6868238336526726,-0.2574529953878458,0.0004618750024357134,-0.0014178031354676662,,,,,,,,,,,,
1.52,grasp,,,,,,,,,,,,,,,,,,,,,0.9484045505523682,0.43063926696777344,0.7039898633956909,-0.26573485136032104,0.0009181794011965394,-0.00136155029758811,0.042998336255550385,1.010776752178098,0.45797484873359234,0.7499916802353969,-0.28229974367119454,0.0011292406716279359,-0.0012388490753563435,,,,,,,,,,,,
1.54,grasp,,,,,,,,,,,,,,,,,,,,,0.9787470102310181,0.4440504014492035,0.7256867289543152,-0.2737727463245392,0.0007490584393963218,-0.0012968139490112662,0.042998336255550385,1.010776752178098,0.45797484873359234,0.7499916802353969,-0.28229974367119454,0.0011292406716279359,-0.0012388490753563435,,,,,,,,,,,,
1.56,grasp,,,,,,,,,,,,,,,,,,,,,1.037261962890625,0.47025009989738464,0.7669211626052856,-0.2902771234512329,0.0015824810834601521,-0.0011831719893962145,0.042998336255550385,1.0995547749877643,0.4975384317061622,0.8128661157373402,-0.307031276261556,0.0017935039973461218,-0.0010607270914806284,,,,,,,,,,,,
1.58,grasp,,,,,,,,,,,,,,,,,,,,,1.067570447921753,0.4836442768573761,0.7885789275169373,-0.29840701818466187,0.001411666045896709,-0.0011185042094439268,0.042998336255550385,1.0995547749877643,0.4975384317061622,0.8128661157373402,-0.307031276261556,0.0017935039973461218,-0.0010607270914806284,,,,,,,,,,,,
1.6,grasp,,,,,,,,,,,,,,,,,,,,,1.1254525184631348,0.509555459022522,0.829375684261322,-0.3145751357078552,0.002239349763840437,-0.0010061680804938078,0.042998336255550385,1.1870755562033124,0.5365325824700742,0.8748510949014645,-0.33141328259628156,0.002448375079811114,-0.0008851259195970882,,,,,,,,,,,,
1.62,grasp,,,,,,,,,,,,,,,,,,,,,1.1554410457611084,0.5228064656257629,0.8507892489433289,-0.32274582982063293,0.00206697266548872,-0.000942206708714366,0.042998336255550385,1.1870755562033124,0.5365325824700742,0.8748510949014645,-0.33141328259628156,0.002448375079811114,-0.0008851259195970882,,,,,,,,,,,,
1.6400000000000001,grasp,,,,,,,,,,,,,,,,,,,,,1.2121425867080688,0.5481858849525452,0.8907638192176819,-0.3384968042373657,0.002882783766835928,-0.000832247780635953,0.042998336255550385,1.272515158037508,0.5745918527602852,0.9353637906954924,-0.3552164600604719,0.0030877000370237327,-0.0007136945055033354,,,,,,,,,,,,
1.6600000000000001,grasp,,,,,,,,,,,,,,,,,,,,,1.241528868675232,0.5611690282821655,0.9117324352264404,-0.34661024808883667,0.00270892889238894,-0.0007695768144913018,0.042998336255550385,1.272515158037508,0.5745918527602852,0.9353637906954924,-0.3552164600604719,0.0030877000370237327,-0.0007136945055033354,,,,,,,,,,,,
1.6800000000000002,grasp,,,,,,,,,,,,,,,,,,,,,1.2965209484100342,0.5857818126678467,0.9505075812339783,-0.36194390058517456,0.00350564275868237,-0.0006629148265346885,0.042998336255550385,1.3550801452342767,0.6113642328995579,0.9938423747833499,-0.3782197997359042,0.003705537805753928,-0.0005480273033196177,,,,,,,,,,,,
1.7000000000000002,grasp,,,,,,,,,,,,,,,,,,,,,1.3250313997268677,0.5983759760856628,0.970839262008667,-0.36984238028526306,0.003332591149955988,-0.0006022804300300777,0.042998336255550385,1.3550801452342767,0.6113642328995579,0.9938423747833499,-0.3782197997359042,0.003705537805753928,-0.0005480273033196177,,,,,,,,,,,,
1.7200000000000002,grasp,,,,,,,,,,,,,,,,,,,,,1.3778026103973389,0.6219975352287292,1.008061408996582,-0.38457590341567993,0.0041106692515313625,-0.0005006921710446477,0.042998336255550385,1.4340188402575043,0.6465169396395034,1.049755444779174,-0.4002142390403938,0.004296269439900696,-0.0003896315563311602,,,,,,,,,,,,
1.7400000000000002,grasp,,,,,,,,,,,,,,,,,,,,,1.4051841497421265,0.6340880990028381,1.0275709629058838,-0.3921656012535095,0.003926306962966919,-0.0004415804287418723,0.042998336255550385,1.4340188402575043,0.6465169396395034,1.049755444779174,-0.4002142390403938,0.004296269439900696,-0.0003896315563311602,,,,,,,,,,,,
1.7600000000000002,grasp,,,,,,,,,,,,,,,,,,,,,1.4552698135375977,0.6565085649490356,1.0629080533981323,-0.4061567485332489,0.004702533129602671,-0.00034833542304113507,0.042998336255550385,1.5086339861696003,0.6797414058217477,1.1026101641446393,-0.4210058103964866,0.004854700434276832,-0.00023989937519445964,,,,,,,,,,,,
1.7800000000000002,grasp,,,,,,,,,,,,,,,,,,,,,1.4812681674957275,0.6679874658584595,1.081423044204712,-0.4133642017841339,0.004522314295172691,-0.00029015119071118534,0.042998336255550385,1.5086339861696003,0.6797414058217477,1.1026101641446393,-0.4210058103964866,0.004854700434276832,-0.00023989937519445964,,,,,,,,,,,,
1.8000000000000003,grasp,,,,,,,,,,,,,,,,,,,,,1.5282419919967651,0.6890159845352173,1.1145724058151245,-0.42649033665657043,0.005274435505270958,-0.00020547893655020744,0.042998336255550385,1.578293594192057,0.7107588898877447,1.1519622195413548,-0.44041969440282835,0.005376121115449633,-0.00010009473103120604,,,,,,,,,,,,
1.8200000000000003,grasp,,,,,,,,,,,,,,,,,,,,,1.5526317358016968,0.6997852921485901,1.1319336891174316,-0.4332520365715027,0.005095504689961672,-0.00014892540639266372,0.042998336255550385,1.578293594192057,0.7107588898877447,1.1519622195413548,-0.44041969440282835,0.005376121115449633,-0.00010009473103120604,,,,,,,,,,,,
1.8399999999999999,grasp,,,,,,,,,,,,,,,,,,,,,1.5890806913375854,0.723357081413269,1.159440040588379,-0.4378640651702881,0.005567568354308605,-8.121466089505702e-05,0.042998336255550385,1.6278890407522055,0.7478532835397209,1.1907624980839977,-0.44274590239243333,0.005602942014444313,-1.417676724855016e-07,,,,,,,,,,,,
1.8599999999999999,grasp,,,,,,,,,,,,,,,,,,,,,1.6079943180084229,0.7355028986930847,1.1737878322601318,-0.44023963809013367,0.00541190430521965,-3.8559552194783464e-05,0.042998336255550385,1.6278890407522055,0.7478532835397209,1.1907624980839977,-0.44274590239243333,0.005602942014444313,-1.417676724855016e-07,,,,,,,,,,,,
1.88,grasp,,,,,,,,,,,,,,,,,,,,,1.617915153503418,0.770592987537384,1.1881169080734253,-0.4194364547729492,0.005175490863621235,-1.6939951819949783e-05,0.042998336255550385,1.6283727964659962,0.8077048408612194,1.2052075823868034,-0.3973096550285956,0.005048203428856731,2.304725386236432e-06,,,,,,,,,,,,
1.9,grasp,,,,,,,,,,,,,,,,,,,,,1.6230051517486572,0.7889667749404907,1.1953881978988647,-0.40871936082839966,0.00508180120959878,-6.970260074012913e-06,0.042998336255550385,1.6283727964659962,0.8077048408612194,1.2052075823868034,-0.3973096550285956,0.005048203428856731,2.304725386236432e-06,,,,,,,,,,,,
1.92,grasp,,,,,,,,,,,,,,,,,,,,,1.6253684759140015,0.8244596123695374,1.2051335573196411,-0.3830794394016266,0.004803232848644257,-2.0187756035738857e-06,0.042998336255550385,1.627866528382753,0.8616444459497603,1.2175348926101872,-0.3558123708986299,0.004542124356523505,2.6136735159710456e-06,,,,,,,,,,,,
1.94,grasp,,,,,,,,,,,,,,,,,,,,,1.6265811920166016,0.842901349067688,1.2100526094436646,-0.36987072229385376,0.004666728898882866,5.003078058507526e-07,0.042998336255550385,1.627866528382753,0.8616444459497603,1.2175348926101872,-0.3558123708986299,0.004542124356523505,2.6136735159710456e-06,,,,,,,,,,,,
1.96,grasp,,,,,,,,,,,,,,,,,,,,,1.6269898414611816,0.8751243352890015,1.2178618907928467,-0.345493882894516,0.00438767671585083,1.7546583421790274e-06,0.042998336255550385,1.6274253653825994,0.9087649849205771,1.2282870085423634,-0.31956887220828417,0.004100741382085312,2.883130055083333e-06,,,,,,,,,,,,
1.98,grasp,,,,,,,,,,,,,,,,,,,,,1.6271835565567017,0.8918396234512329,1.221803069114685,-0.33293578028678894,0.004352251533418894,-1.4508845197269693e-05,0.042998336255550385,1.6274253653825994,0.9087649849205771,1.2282870085423634,-0.31956887220828417,0.004100741382085312,2.883130055083333e-06,,,,,,,,,,,,
2.0,grasp,,,,,,,,,,,,,,,,,,,,,1.6269642114639282,0.919786810874939,1.2286251783370972,-0.31148093938827515,0.004631602205336094,-7.064844976412132e-05,0.042998336255550385,1.6270494245308045,0.9489380726545386,1.2374585737686983,-0.2886673887120808,0.0037243130447862827,3.1129441872473215e-06,,,,,,,,,,,,
2.02,grasp,,,,,,,,,,,,,,,,,,,,,1.6268930435180664,0.9343212842941284,1.2318865060806274,-0.30042973160743713,0.0045495652593672276,-7.014410221017897e-05,0.042998336255550385,1.6270494245308045,0.9489380726545386,1.2374585737686983,-0.2886673887120808,0.0037243130447862827,3.1129441872473215e-06,,,,,,,,,,,,
2.04,grasp,,,,,,,,,,,,,,,,,,,,,1.6267943382263184,0.9578419327735901,1.2372684478759766,-0.2823350727558136,0.004137057811021805,-4.7216297389240935e-05,0.042998336255550385,1.6267378474834087,0.9821850502534316,1.245063233291098,-0.263087130307638,0.0034122536062308148,3.3034694109509004e-06,,,,,,,,,,,,
2.06,grasp,,,,,,,,,,,,,,,,,,,,,1.626732349395752,0.9700547456741333,1.239900827407837,-0.2730139195919037,0.003904628334566951,-3.411396755836904e-05,0.042998336255550385,1.6267378474834087,0.9821850502534316,1.245063233291098,-0.263087130307638,0.0034122536062308148,3.3034694109509004e-06,,,,,,,,,,,,
2.08,grasp,,,,,,,,,,,,,,,,,,,,,1.6265883445739746,0.9891194701194763,1.2442964315414429,-0.25832170248031616,0.0036477474495768547,-2.6002468075603247e-05,0.042998336255550385,1.6264888144887457,1.0086881846390892,1.2511438704182725,-0.24268898059978017,0.0031627698217562526,3.4557928092271248e-06,,,,,,,,,,,,
2.1,grasp,,,,,,,,,,,,,,,,,,,,,1.6265398263931274,0.9990128874778748,1.2464444637298584,-0.2507537007331848,0.0034425901249051094,-1.1358348274370655e-05,0.042998336255550385,1.6264888144887457,1.0086881846390892,1.2511438704182725,-0.24268898059978017,0.0031627698217562526,3.4557928092271248e-06,,,,,,,,,,,,
2.12,grasp,,,,,,,,,,,,,,,,,,,,,1.626429796218872,1.0138013362884521,1.249876618385315,-0.23934678733348846,0.0032057329080998898,-5.382093604566762e-06,0.042998336255550385,1.6262990262962373,1.028800800496911,1.2557802859876288,-0.2272040444422774,0.0029725650041505015,3.5719254419448347e-06,,,,,,,,,,,,
2.14,grasp,,,,,,,,,,,,,,,,,,,,,1.6263693571090698,1.0214704275131226,1.251580834388733,-0.23347043991088867,0.003092099679633975,1.1495162652863655e-06,0.042998336255550385,1.6262990262962373,1.028800800496911,1.2557802859876288,-0.2272040444422774,0.0029725650041505015,3.5719254419448347e-06,,,,,,,,,,,,
2.16,grasp,,,,,,,,,,,,,,,,,,,,,1.6262729167938232,1.0322895050048828,1.254120945930481,-0.22511915862560272,0.002967666834592819,-2.2592460879877763e-07,0.042998336255550385,1.6261636344811463,1.0430586304362204,1.2590899662306285,-0.2162217116075371,0.0028368017102019874,3.654820212791485e-06,,,,,,,,,,,,
2.18,grasp,,,,,,,,,,,,,,,,,,,,,1.6262224912643433,1.037898063659668,1.2553807497024536,-0.22082309424877167,0.0028981834184378386,-1.2579843314597383e-05,0.042998336255550385,1.6261636344811463,1.0430586304362204,1.2590899662306285,-0.2162217116075371,0.0028368017102019874,3.654820212791485e-06,,,,,,,,,,,,
2.2,grasp,,,,,,,,,,,,,,,,,,,,,1.6261552572250366,1.0451819896697998,1.2571117877960205,-0.2152075171470642,0.0027967155911028385,-3.06498259305954e-05,0.042998336255550385,1.626075569258584,1.052188632744487,1.2612403544611273,-0.20917795467434183,0.00274860384407906,3.708674908059549e-06,,,,,,,,,,,,
2.22,grasp,,,,,,,,,,,,,,,,,,,,,1.6261228322982788,1.0489542484283447,1.2579731941223145,-0.21232286095619202,0.0027195513248443604,-3.753853525267914e-05,0.042998336255550385,1.626075569258584,1.052188632744487,1.2612403544611273,-0.20917795467434183,0.00274860384407906,3.708674908059549e-06,,,,,,,,,,,,
2.24,grasp,,,,,,,,,,,,,,,,,,,,,1.6260838508605957,1.0532729625701904,1.2590256929397583,-0.20897918939590454,0.002643530024215579,-1.2327493095654063e-05,0.042998336255550385,1.626026740902212,1.0571300826742382,1.2624344240457155,-0.20535136695091818,0.002699634937478745,3.7385775398455126e-06,,,,,,,,,,,,
2.2600000000000002,grasp,,,,,,,,,,,,,,,,,,,,,1.6260802745819092,1.0555025339126587,1.2595717906951904,-0.20726284384727478,0.00255196588113904,-9.976836736313999e-06,0.042998336255550385,1.626026740902212,1.0571300826742382,1.2624344240457155,-0.20535136695091818,0.002699634937478745,3.7385775398455126e-06,,,,,,,,,,,,
2.2800000000000002,grasp,,,,,,,,,,,,,,,,,,,,,1.626060962677002,1.0575768947601318,1.2600830793380737,-0.2056698203086853,0.0025096505414694548,-6.943086918909103e-05,0.042998336255550385,1.6260074633369699,1.0590533931634118,1.2629056896772655,-0.20385876920583146,0.0026803100855740613,3.7503782843979874e-06,,,,,,,,,,,,
2.3000000000000003,grasp,,,,,,,,,,,,,,,,,,,,,1.6260308027267456,1.0586535930633545,1.2603135108947754,-0.20488698780536652,0.0025777877308428288,-0.0002876961079891771,0.042998336255550385,1.6260074633369699,1.0590533931634118,1.2629056896772655,-0.20385876920583146,0.0026803100855740613,3.7503782843979874e-06,,,,,,,,,,,,
2.3200000000000003,grasp,,,,,,,,,,,,,,,,,,,,,1.626015543937683,1.0593427419662476,1.2604981660842896,-0.20437444746494293,0.0026325213257223368,-0.00037587611586786807,0.042998336255550385,1.6260044666706497,1.0593472207894692,1.2629778594203929,-0.2036305988166662,0.00267734968340937,3.7521863359782103e-06,,,,,,,,,,,,
2.320552015975118,grasp,,,,,,,,,,,,,,,,,,,,,1.6260088682174683,1.059704303741455,1.2605996131896973,-0.20407527685165405,0.0026552723720669746,-0.00030811826582066715,0.042998336255550385,1.6260044574737549,1.0593481063842773,1.2629780769348145,-0.20362991094589233,0.0026773407589644194,3.7521917874983046e-06,,,,,,,,,,,,
2.320552015975118,grasp,,,,,,,,,,,,,,,,,,,,,,,,,,,0.04299166426062584,,,,,,,0.0,,,,,,,,,,,
2.340552015975118,grasp,,,,,,,,,,,,,,,,,,,,,,,,,,,0.042986808344721794,,,,,,,0.0,,,,,,,,,,,
2.360552015975118,grasp,,,,,,,,,,,,,,,,,,,,,,,,,,,0.04294613003730774,,,,,,,0.0,,,,,,,,,,,
2.380552015975118,grasp,,,,,,,,,,,,,,,,,,,,,,,,,,,0.04283973388373852,,,,,,,0.0,,,,,,,,,,,
2.400552015975118,grasp,,,,,,,,,,,,,,,,,,,,,,,,,,,0.04253241792321205,,,,,,,0.0,,,,,,,,,,,
2.420552015975118,grasp,,,,,,,,,,,,,,,,,,,,,,,,,,,0.041880615055561066,,,,,,,0.0,,,,,,,,,,,
2.440552015975118,grasp,,,,,,,,,,,,,,,,,,,,,,,,,,,0.041570719331502914,,,,,,,0.0,,,,,,,,,,,
2.460552015975118,grasp,,,,,,,,,,,,,,,,,,,,,,,,,,,0.041450247168540955,,,,,,,0.0,,,,,,,,,,,
2.480552015975118,grasp,,,,,,,,,,,,,,,,,,,,,,,,,,,0.04144122265279293,,,,,,,0.0,,,,,,,,,,,
2.500552015975118,grasp,,,,,,,,,,,,,,,,,,,,,,,,,,,0.041413815692067146,,,,,,,0.0,,,,,,,,,,,
2.520552015975118,grasp,,,,,,,,,,,,,,,,,,,,,,,,,,,0.04138859175145626,,,,,,,0.0,,,,,,,,,,,
2.540552015975118,grasp,,,,,,,,,,,,,,,,,,,,,,,,,,,0.041339702904224396,,,,,,,0.0,,,,,,,,,,,
2.5605520159751176,grasp,,,,,,,,,,,,,,,,,,,,,,,,,,,0.04128211922943592,,,,,,,0.0,,,,,,,,,,,
2.580552015975118,grasp,,,,,,,,,,,,,,,,,,,,,,,,,,,0.04118924029171467,,,,,,,0.0,,,,,,,,,,,
2.6005520159751176,grasp,,,,,,,,,,,,,,,,,,,,,,,,,,,0.04104255326092243,,,,,,,0.0,,,,,,,,,,,
2.6205520159751177,grasp,,,,,,,,,,,,,,,,,,,,,,,,,,,0.040535975247621536,,,,,,,0.0,,,,,,,,,,,
2.6405520159751177,grasp,,,,,,,,,,,,,,,,,,,,,,,,,,,0.036362284794449806,,,,,,,0.0,,,,,,,,,,,
2.6605520159751177,grasp,,,,,,,,,,,,,,,,,,,,,,,,,,,0.03576406091451645,,,,,,,0.0,,,,,,,,,,,
2.6805520159751177,grasp,,,,,,,,,,,,,,,,,,,,,,,,,,,0.03561506234109402,,,,,,,0.0,,,,,,,,,,,
2.7005520159751177,grasp,,,,,,,,,,,,,,,,,,,,,,,,,,,0.035458317026495934,,,,,,,0.0,,,,,,,,,,,
2.7205520159751178,grasp,,,,,,,,,,,,,,,,,,,,,,,,,,,0.035372860729694366,,,,,,,0.0,,,,,,,,,,,
2.7405520159751178,grasp,,,,,,,,,,,,,,,,,,,,,,,,,,,0.03518239967525005,,,,,,,0.0,,,,,,,,,,,
2.760552015975118,grasp,,,,,,,,,,,,,,,,,,,,,,,,,,,0.03502889908850193,,,,,,,0.0,,,,,,,,,,,
2.780552015975118,grasp,,,,,,,,,,,,,,,,,,,,,,,,,,,0.03495250269770622,,,,,,,0.0,,,,,,,,,,,
2.800552015975118,grasp,,,,,,,,,,,,,,,,,,,,,,,,,,,0.03492952883243561,,,,,,,0.0,,,,,,,,,,,
2.820552015975118,grasp,,,,,,,,,,,,,,,,,,,,,,,,,,,0.03490915894508362,,,,,,,0.0,,,,,,,,,,,
2.840552015975118,grasp,,,,,,,,,,,,,,,,,,,,,,,,,,,0.034892406314611435,,,,,,,0.0,,,,,,,,,,,
2.860552015975118,grasp,,,,,,,,,,,,,,,,,,,,,,,,,,,0.034883052110672,,,,,,,0.0,,,,,,,,,,,
2.880552015975118,grasp,,,,,,,,,,,,,,,,,,,,,,,,,,,0.034875908866524696,,,,,,,0.0,,,,,,,,,,,
2.900552015975118,grasp,,,,,,,,,,,,,,,,,,,,,,,,,,,0.03486625850200653,,,,,,,0.0,,,,,,,,,,,
2.920552015975118,grasp,,,,,,,,,,,,,,,,,,,,,,,,,,,0.034859394654631615,,,,,,,0.0,,,,,,,,,,,
2.940552015975118,grasp,,,,,,,,,,,,,,,,,,,,,,,,,,,0.03485491685569286,,,,,,,0.0,,,,,,,,,,,
2.960552015975118,grasp,,,,,,,,,,,,,,,,,,,,,,,,,,,0.0348525196313858,,,,,,,0.0,,,,,,,,,,,
2.980552015975118,grasp,,,,,,,,,,,,,,,,,,,,,,,,,,,0.03485163673758507,,,,,,,0.0,,,,,,,,,,,
3.000552015975118,grasp,,,,,,,,,,,,,,,,,,,,,,,,,,,0.034851497039198875,,,,,,,0.0,,,,,,,,,,,
3.000552015975118,grasp,,,,,,,,,,,,,,,,,,,,,1.6262738704681396,1.059950828552246,1.2617884874343872,-0.20354144275188446,0.0020530710462480783,0.007033651694655418,0.034851497039198875,1.6260044574737549,1.0593481063842773,1.2629780769348145,-0.20362991094589233,0.0026773407589644194,3.7521917874983046e-06,,,,,,,,,,,,
3.020552015975118,grasp,,,,,,,,,,,,,,,,,,,,,1.6262750625610352,1.0599355697631836,1.2617824077606201,-0.2035442739725113,0.0020459333900362253,0.006735409609973431,0.034851497039198875,1.6260044574737549,1.0593481063842773,1.2629780769348145,-0.20362991094589233,0.0026773407589644194,3.7521917874983046e-06,,,,,,,,,,,,
3.040552015975118,grasp,,,,,,,,,,,,,,,,,,,,,1.626275897026062,1.0598617792129517,1.2617405652999878,-0.2036018669605255,0.002037104917690158,0.006582343485206366,0.034851497039198875,1.6260059637339823,1.0592027600769494,1.262942377838789,-0.20374280300143996,0.0026788054261154904,3.7512971101433627e-06,,,,,,,,,,,,
3.060552015975118,grasp,,,,,,,,,,,,,,,,,,,,,1.6262757778167725,1.0598251819610596,1.2617205381393433,-0.2036307454109192,0.0020345463417470455,0.00650235777720809,0.034851497039198875,1.6260059637339823,1.0592027600769494,1.262942377838789,-0.20374280300143996,0.0026788054261154904,3.7512971101433627e-06,,,,,,,,,,,,
3.080552015975118,grasp,,,,,,,,,,,,,,,,,,,,,1.626278042793274,1.0593594312667847,1.2614487409591675,-0.20402178168296814,0.0020348061807453632,0.006465239450335503,0.034851497039198875,1.6260158233644841,1.0582190141009584,1.2627007638810699,-0.20450654167699386,0.002688714283894098,3.7452463262112562e-06,,,,,,,,,,,,
3.100552015975118,grasp,,,,,,,,,,,,,,,,,,,,,1.6262723207473755,1.059126377105713,1.2613123655319214,-0.20422092080116272,0.002049133414402604,0.006446297280490398,0.034851497039198875,1.6260158233644841,1.0582190141009584,1.2627007638810699,-0.20450654167699386,0.002688714283894098,3.7452463262112562e-06,,,,,,,,,,,,
3.120552015975118,grasp,,,,,,,,,,,,,,,,,,,,,1.6262693405151367,1.0578160285949707,1.2606309652328491,-0.20529787242412567,0.002077613491564989,0.006444177124649286,0.034851497039198875,1.6260415754082629,1.0556500236761488,1.262072659358086,-0.20649951906540726,0.002714468059503573,3.7295195562724467e-06,,,,,,,,,,,,
3.140552015975118,grasp,,,,,,,,,,,,,,,,,,,,,1.6262905597686768,1.0570622682571411,1.2606477737426758,-0.20584701001644135,0.002079532714560628,0.00644137617200613,0.034851497039198875,1.6260415754082629,1.0556500236761488,1.262072659358086,-0.20649951906540726,0.002714468059503573,3.7295195562724467e-06,,,,,,,,,,,,
3.160552015975118,grasp,,,,,,,,,,,,,,,,,,,,,1.62627375125885,1.0544798374176025,1.2595158815383911,-0.20794786512851715,0.0021474098321050406,0.006441534496843815,0.034851497039198875,1.6260887734502165,1.0508391612003143,1.2609172150397214,-0.21022153308129451,0.00276185711019697,3.7005820081139786e-06,,,,,,,,,,,,
3.180552015975118,grasp,,,,,,,,,,,,,,,,,,,,,1.6263141632080078,1.052966594696045,1.2597308158874512,-0.20902255177497864,0.0020794575102627277,0.006428790278732777,0.034851497039198875,1.6260887734502165,1.0508391612003143,1.2609172150397214,-0.21022153308129451,0.00276185711019697,3.7005820081139786e-06,,,,,,,,,,,,
3.200552015975118,grasp,,,,,,,,,,,,,,,,,,,,,1.6263781785964966,1.0485941171646118,1.2583963871002197,-0.21243305504322052,0.0020452947355806828,0.006431151647120714,0.034851497039198875,1.626162098104352,1.043218631362625,1.2591274671337032,-0.21609833952524415,0.002835263578281566,3.655759402733098e-06,,,,,,,,,,,,
3.220552015975118,grasp,,,,,,,,,,,,,,,,,,,,,1.6264032125473022,1.0463294982910156,1.2576731443405151,-0.2141912579536438,0.0020902915857732296,0.0064284177497029305,0.034851497039198875,1.626162098104352,1.043218631362625,1.2591274671337032,-0.21609833952524415,0.002835263578281566,3.655759402733098e-06,,,,,,,,,,,,
3.240552015975118,grasp,,,,,,,,,,,,,,,,,,,,,1.6263775825500488,1.0399959087371826,1.2556527853012085,-0.21918314695358276,0.0023655511904507875,0.0064157722517848015,0.034851497039198875,1.6262656709350551,1.0323202237744338,1.2565950547907059,-0.22449359600265864,0.0029391423511596526,3.5923325870331563e-06,,,,,,,,,,,,
3.260552015975118,grasp,,,,,,,,,,,,,,,,,,,,,1.6263223886489868,1.0366487503051758,1.2547025680541992,-0.2217627614736557,0.0025988195557147264,0.00638324860483408,0.034851497039198875,1.6262656709350551,1.0323202237744338,1.2565950547907059,-0.22449359600265864,0.0029391423511596526,3.5923325870331563e-06,,,,,,,,,,,,
3.2805520159751183,grasp,,,,,,,,,,,,,,,,,,,,,1.6263128519058228,1.0279474258422852,1.2523080110549927,-0.2285350114107132,0.0029856034088879824,0.006348242051899433,0.034851497039198875,1.6264033548617742,1.0177602277490079,1.253232199030864,-0.23570504222515032,0.003077094938331636,3.50810260194898e-06,,,,,,,,,,,,
3.300552015975118,grasp,,,,,,,,,,,,,,,,,,,,,1.626359462738037,1.0233955383300781,1.251366376876831,-0.23202352225780487,0.00305171892978251,0.006327489390969276,0.034851497039198875,1.6264033548617742,1.0177602277490079,1.253232199030864,-0.23570504222515032,0.003077094938331636,3.50810260194898e-06,,,,,,,,,,,,
3.320552015975118,grasp,,,,,,,,,,,,,,,,,,,,,1.6264667510986328,1.0121078491210938,1.2487393617630005,-0.24073605239391327,0.0031676962971687317,0.0063186464831233025,0.034851497039198875,1.6265778353724696,0.9992338604741144,1.248971948765725,-0.24996611642128458,0.0032518778966946302,3.401386966919181e-06,,,,,,,,,,,,
3.340552015975118,grasp,,,,,,,,,,,,,,,,,,,,,1.6265132427215576,1.0062341690063477,1.2474688291549683,-0.2452232837677002,0.003262478858232498,0.00631348043680191,0.034851497039198875,1.6265778353724696,0.9992338604741144,1.248971948765725,-0.24996611642128458,0.0032518778966946302,3.401386966919181e-06,,,,,,,,,,,,
3.360552015975118,grasp,,,,,,,,,,,,,,,,,,,,,1.6266485452651978,0.9922477006912231,1.2442141771316528,-0.2560131847858429,0.0033853936474770308,0.006311376579105854,0.034851497039198875,1.6267910522755056,0.9765136870699787,1.243764239699274,-0.2674515090020029,0.003465555651017045,3.2709258193599518e-06,,,,,,,,,,,,
3.380552015975118,grasp,,,,,,,,,,,,,,,,,,,,,1.6267138719558716,0.9849734902381897,1.2426263093948364,-0.2615710198879242,0.0034652529284358025,0.006309970282018185,0.034851497039198875,1.6267910522755056,0.9765136870699787,1.243764239699274,-0.2674515090020029,0.003465555651017045,3.2709258193599518e-06,,,,,,,,,,,,
3.400552015975118,grasp,,,,,,,,,,,,,,,,,,,,,1.6268717050552368,0.9681671857833862,1.238722801208496,-0.27453213930130005,0.0036222354974597692,0.006309175863862038,0.034851497039198875,1.6270446782120156,0.949444007983045,1.2375741864340801,-0.28827817311851794,0.0037195688717383585,3.1158406311560146e-06,,,,,,,,,,,,
3.420552015975118,grasp,,,,,,,,,,,,,,,,,,,,,1.626952886581421,0.9594272971153259,1.2368073463439941,-0.2812088429927826,0.0037044521886855364,0.0063089062459766865,0.034851497039198875,1.6270446782120156,0.949444007983045,1.2375741864340801,-0.28827817311851794,0.0037195688717383585,3.1158406311560146e-06,,,,,,,,,,,,
3.440552015975118,grasp,,,,,,,,,,,,,,,,,,,,,1.6271363496780396,0.939727246761322,1.2322461605072021,-0.2963982820510864,0.003890879452228546,0.006308378651738167,0.034851497039198875,1.627339545975785,0.9179395745983027,1.230380695897565,-0.3125120692668205,0.004014802189982156,2.935595805321091e-06,,,,,,,,,,,,
3.460552015975118,grasp,,,,,,,,,,,,,,,,,,,,,1.6272326707839966,0.9294842481613159,1.229994535446167,-0.304222971200943,0.003984810784459114,0.006308456417173147,0.034851497039198875,1.627339545975785,0.9179395745983027,1.230380695897565,-0.3125120692668205,0.004014802189982156,2.935595805321091e-06,,,,,,,,,,,,
3.480552015975118,grasp,,,,,,,,,,,,,,,,,,,,,1.627443552017212,0.9068605303764343,1.2247709035873413,-0.32166382670402527,0.004198127426207066,0.006307974923402071,0.034851497039198875,1.6276760721202492,0.8819805945931026,1.222175628005259,-0.3401702381389806,0.004351610222987372,2.729977889251474e-06,,,,,,,,,,,,
3.500552015975118,grasp,,,,,,,,,,,,,,,,,,,,,1.6275534629821777,0.8950985074043274,1.2221757173538208,-0.3306483328342438,0.004306670278310776,0.006308118812739849,0.034851497039198875,1.6276760721202492,0.8819805945931026,1.222175628005259,-0.3401702381389806,0.004351610222987372,2.729977889251474e-06,,,,,,,,,,,,
3.520552015975118,grasp,,,,,,,,,,,,,,,,,,,,,1.6277925968170166,0.8695636987686157,1.2162948846817017,-0.3503330647945404,0.00454594474285841,0.006307594012469053,0.034851497039198875,1.6280543731663464,0.8416093658902817,1.2129600376313854,-0.3712241241121175,0.004729929942697723,2.4990238362259496e-06,,,,,,,,,,,,
3.540552015975118,grasp,,,,,,,,,,,,,,,,,,,,,1.627916693687439,0.8562897443771362,1.2133501768112183,-0.36047378182411194,0.004669857677072287,0.0063077714294195175,0.034851497039198875,1.6280543731663464,0.8416093658902817,1.2129600376313854,-0.3712241241121175,0.004729929942697723,2.4990238362259496e-06,,,,,,,,,,,,
3.560552015975118,grasp,,,,,,,,,,,,,,,,,,,,,1.6281836032867432,0.8278958201408386,1.2068183422088623,-0.3823660612106323,0.004934795666486025,0.006307131145149469,0.034851497039198875,1.6284743213144635,0.7969278113870493,1.202737770169761,-0.40560327196041934,0.005149596643127639,2.2428262446510747e-06,,,,,,,,,,,,
3.580552015975118,grasp,,,,,,,,,,,,,,,,,,,,,1.6283206939697266,0.8131371736526489,1.2035200595855713,-0.393644243478775,0.005074618849903345,0.006307377014309168,0.034851497039198875,1.6284743213144635,0.7969278113870493,1.202737770169761,-0.40560327196041934,0.005149596643127639,2.2428262446510747e-06,,,,,,,,,,,,
3.600552015975118,grasp,,,,,,,,,,,,,,,,,,,,,1.6283955574035645,0.7821118235588074,1.1962215900421143,-0.41743767261505127,0.005351249128580093,0.006306441966444254,0.034851497039198875,1.628467534398482,0.7483793958997061,1.1912526869775548,-0.44269521761950964,0.0056041018210619,1.0284739675653908e-06,,,,,,,,,,,,
3.620552015975118,grasp,,,,,,,,,,,,,,,,,,,,,1.6284236907958984,0.7659890651702881,1.1924973726272583,-0.42969539761543274,0.005520669277757406,0.006306105758994818,0.034851497039198875,1.628467534398482,0.7483793958997061,1.1912526869775548,-0.44269521761950964,0.0056041018210619,1.0284739675653908e-06,,,,,,,,,,,,
3.640552015975118,grasp,,,,,,,,,,,,,,,,,,,,,1.6112920045852661,0.7425538301467896,1.1765304803848267,-0.436829537153244,0.004751001484692097,0.006290635094046593,0.034851497039198875,1.5924885328504181,0.7170801869303458,1.1620211855631866,-0.4443766633014035,0.0054823971396095504,-7.160018718422513e-05,,,,,,,,,,,,
3.660552015975118,grasp,,,,,,,,,,,,,,,,,,,,,1.6018860340118408,0.7304956316947937,1.16808021068573,-0.4404981732368469,0.0058859558776021,0.006236361805349588,0.034851497039198875,1.5924885328504181,0.7170801869303458,1.1620211855631866,-0.4443766633014035,0.0054823971396095504,-7.160018718422513e-05,,,,,,,,,,,,
3.680552015975118,grasp,,,,,,,,,,,,,,,,,,,,,1.571422815322876,0.7125164866447449,1.1452451944351196,-0.43504709005355835,0.004170177970081568,0.006191905587911606,0.034851497039198875,1.5380937837921187,0.6928587355388387,1.1234801532265928,-0.4292155270502565,0.005075199515753773,-0.00018077804595055457,,,,,,,,,,,,
3.700552015975118,grasp,,,,,,,,,,,,,,,,,,,,,1.5547977685928345,0.7033252120018005,1.1331911087036133,-0.4322291612625122,0.005809345282614231,0.006101653445512056,0.034851497039198875,1.5380937837921187,0.6928587355388387,1.1234801532265928,-0.4292155270502565,0.005075199515753773,-0.00018077804595055457,,,,,,,,,,,,
3.7205520159751178,grasp,,,,,,,,,,,,,,,,,,,,,1.519195556640625,0.686077356338501,1.1074838638305664,-0.4229879677295685,0.0038759501185268164,0.006065810099244118,0.034851497039198875,1.4803718513295951,0.6671571550796997,1.0825896500595944,-0.4131302774759327,0.004643175307382895,-0.0002966153365229671,,,,,,,,,,,,
3.740552015975118,grasp,,,,,,,,,,,,,,,,,,,,,1.4998791217803955,0.6772558093070984,1.0938736200332642,-0.4182187020778656,0.005563576705753803,0.00597920548170805,0.034851497039198875,1.4803718513295951,0.6671571550796997,1.0825896500595944,-0.4131302774759327,0.004643175307382895,-0.0002966153365229671,,,,,,,,,,,,
3.760552015975118,grasp,,,,,,,,,,,,,,,,,,,,,1.4614452123641968,0.6595315933227539,1.0663725137710571,-0.4075640141963959,0.003518421668559313,0.005944873671978712,0.034851497039198875,1.4196280105347154,0.64010876022892,1.039561995791464,-0.3962044276139701,0.004188572638271539,-0.00041850859299127094,,,,,,,,,,,,
3.7805520159751183,grasp,,,,,,,,,,,,,,,,,,,,,1.4406770467758179,0.6504676342010498,1.051831841468811,-0.402066707611084,0.005195667035877705,0.00585665600374341,0.034851497039198875,1.4196280105347154,0.64010876022892,1.039561995791464,-0.3962044276139701,0.004188572638271539,-0.00041850859299127094,,,,,,,,,,,,
3.800552015975118,grasp,,,,,,,,,,,,,,,,,,,,,1.4001880884170532,0.6320306062698364,1.0229442119598389,-0.3906744420528412,0.003062690142542124,0.005820951424539089,0.034851497039198875,1.3561959991298114,0.6118612035586006,0.9946327184982041,-0.37853068305727494,0.003713887793597571,-0.0005457883500935021,,,,,,,,,,,,
3.8205520159751183,grasp,,,,,,,,,,,,,,,,,,,,,1.37836492061615,0.6226040124893188,1.0076720714569092,-0.38479673862457275,0.00477504963055253,0.0057298168540000916,0.034851497039198875,1.3561959991298114,0.6118612035586006,0.9946327184982041,-0.37853068305727494,0.003713887793597571,-0.0005457883500935021,,,,,,,,,,,,
3.840552015975118,grasp,,,,,,,,,,,,,,,,,,,,,1.336200475692749,0.6034709811210632,0.9776285886764526,-0.37289494276046753,0.002567979274317622,0.005692640785127878,0.034851497039198875,1.290435740592676,0.5825736329071208,0.9480562828947825,-0.3602092022704444,0.0032217991021706144,-0.0006777368921886993,,,,,,,,,,,,
3.860552015975118,grasp,,,,,,,,,,,,,,,,,,,,,1.3135203123092651,0.5936911106109619,0.9617431163787842,-0.3667545020580292,0.004321567714214325,0.0055985706858336926,0.034851497039198875,1.290435740592676,0.5825736329071208,0.9480562828947825,-0.3602092022704444,0.0032217991021706144,-0.0006777368921886993,,,,,,,,,,,,
3.880552015975118,grasp,,,,,,,,,,,,,,,,,,,,,1.2699629068374634,0.5739489793777466,0.9307324290275574,-0.35445502400398254,0.0020552040077745914,0.005560007411986589,0.034851497039198875,1.2227295047707787,0.5524154342584857,0.9001028683873908,-0.34134625822201364,0.0027151627323103622,-0.0008135881715308745,,,,,,,,,,,,
3.900552015975118,grasp,,,,,,,,,,,,,,,,,,,,,1.2465755939483643,0.5638599395751953,0.9143323302268982,-0.34810924530029297,0.0038434816524386406,0.00546350609511137,0.034851497039198875,1.2227295047707787,0.5524154342584857,0.9001028683873908,-0.34134625822201364,0.0027151627323103622,-0.0008135881715308745,,,,,,,,,,,,
3.920552015975118,grasp,,,,,,,,,,,,,,,,,,,,,1.2018911838531494,0.5436185598373413,0.8825412392616272,-0.3354959487915039,0.0015331143513321877,0.005423721391707659,0.034851497039198875,1.1534777043225626,0.5215643262482976,0.8510559050112287,-0.32205331751919647,0.0021969777764894445,-0.0009525369680992252,,,,,,,,,,,,
3.940552015975118,grasp,,,,,,,,,,,,,,,,,,,,,1.1779401302337646,0.5332773327827454,0.8657242655754089,-0.32898828387260437,0.0033463004510849714,0.005325349513441324,0.034851497039198875,1.1534777043225626,0.5215643262482976,0.8510559050112287,-0.32205331751919647,0.0021969777764894445,-0.0009525369680992252,,,,,,,,,,,,
3.960552015975118,grasp,,,,,,,,,,,,,,,,,,,,,1.1323986053466797,0.5126551985740662,0.8333434462547302,-0.31613948941230774,0.0010060627246275544,0.005284516606479883,0.034851497039198875,1.083095301087687,0.49020398248293023,0.8012090971251811,-0.302445987935891,0.001670348467825877,-0.0010937510495027051,,,,,,,,,,,,
3.980552015975118,grasp,,,,,,,,,,,,,,,,,,,,,1.1080267429351807,0.5021217465400696,0.8162102103233337,-0.30951011180877686,0.0028338192496448755,0.0051847887225449085,0.034851497039198875,1.083095301087687,0.49020398248293023,0.8012090971251811,-0.302445987935891,0.001670348467825877,-0.0010937510495027051,,,,,,,,,,,,
4.000552015975118,grasp,,,,,,,,,,,,,,,,,,,,,1.061903476715088,0.48124200105667114,0.7834349870681763,-0.29650387167930603,0.0004777759313583374,0.005143153015524149,0.034851497039198875,1.012007615367724,0.45852325891465445,0.7508634099242717,-0.2826426369207005,0.0011384503656155858,-0.0012363794889656138,,,,,,,,,,,,
4.0205520159751185,grasp,,,,,,,,,,,,,,,,,,,,,1.0372570753097534,0.47057974338531494,0.7660883069038391,-0.28979313373565674,0.0023094729986041784,0.005042698699980974,0.034851497039198875,1.012007615367724,0.45852325891465445,0.7508634099242717,-0.2826426369207005,0.0011384503656155858,-0.0012363794889656138,,,,,,,,,,,,
4.040552015975118,grasp,,,,,,,,,,,,,,,,,,,,,0.9908334612846375,0.44956815242767334,0.7331173419952393,-0.2767084538936615,-4.890494892606512e-05,0.005000532139092684,0.034851497039198875,0.9406464179642754,0.4267138508793049,0.7003244945493949,-0.2627633904789883,0.0006045093102350474,-0.001379555880980336,,,,,,,,,,,,
4.060552015975118,grasp,,,,,,,,,,,,,,,,,,,,,0.9660599231719971,0.4388413429260254,0.7156626582145691,-0.2699568569660187,0.0017768165562301874,0.004899914376437664,0.034851497039198875,0.9406464179642754,0.4267138508793049,0.7003244945493949,-0.2627633904789883,0.0006045093102350474,-0.001379555880980336,,,,,,,,,,,,
4.080552015975118,grasp,,,,,,,,,,,,,,,,,,,,,0.9196202158927917,0.41782474517822266,0.6826964020729065,-0.25687339901924133,-0.0005706146475858986,0.004857529420405626,0.034851497039198875,0.8694462646450499,0.3949675725449971,0.6498999539485713,-0.24292927275563872,7.17746755810498e-05,-0.001522407800629992,,,,,,,,,,,,
4.1005520159751185,grasp,,,,,,,,,,,,,,,,,,,,,0.8948677778244019,0.4070984423160553,0.6652392745018005,-0.2501220405101776,0.0012390392366796732,0.004757279995828867,0.034851497039198875,0.8694462646450499,0.3949675725449971,0.6498999539485713,-0.24292927275563872,7.17746755810498e-05,-0.001522407800629992,,,,,,,,,,,,
4.120552015975118,grasp,,,,,,,,,,,,,,,,,,,,,0.8486965298652649,0.3862041234970093,0.6324775815010071,-0.2371194213628769,-0.0010841662297025323,0.004714957904070616,0.034851497039198875,0.7988396353656781,0.3634776482611751,0.5998960311349619,-0.22326068350085929,-0.0004565149866310994,-0.0016640674686322513,,,,,,,,,,,,
4.140552015975118,grasp,,,,,,,,,,,,,,,,,,,,,0.8241137862205505,0.37554338574409485,0.6151241064071655,-0.23040950298309326,0.0006995346047915518,0.004615656565874815,0.034851497039198875,0.7988396353656781,0.3634776482611751,0.5998960311349619,-0.22326068350085929,-0.0004565149866310994,-0.0016640674686322513,,,,,,,,,,,,
4.160552015975118,grasp,,,,,,,,,,,,,,,,,,,,,0.7784932255744934,0.3548971712589264,0.5827658176422119,-0.21756631135940552,-0.0015867837937548757,0.004573743790388107,0.034851497039198875,0.7292544067789984,0.332432356083989,0.550615470580261,-0.203876758195785,-0.000977159534676652,-0.0018036766302996622,,,,,,,,,,,,
4.180552015975118,grasp,,,,,,,,,,,,,,,,,,,,,0.7542266845703125,0.3443659543991089,0.5656210780143738,-0.2109382003545761,0.00016184042033273727,0.004475961904972792,0.034851497039198875,0.7292544067789984,0.332432356083989,0.550615470580261,-0.203876758195785,-0.000977159534676652,-0.0018036766302996622,,,,,,,,,,,,
4.200552015975118,grasp,,,,,,,,,,,,,,,,,,,,,0.7094337344169617,0.3240917921066284,0.5338612794876099,-0.19833187758922577,-0.002075447468087077,0.004434715956449509,0.034851497039198875,0.6611081558983102,0.30201869574243184,0.502353932125658,-0.18489373575798493,-0.0014870406943788522,-0.001940398411745847,,,,,,,,,,,,
4.220552015975118,grasp,,,,,,,,,,,,,,,,,,,,,0.6856272220611572,0.31375354528427124,0.5170280337333679,-0.1918254792690277,-0.0003705426643136889,0.004338983912020922,0.034851497039198875,0.6611081558983102,0.30201869574243184,0.502353932125658,-0.18489373575798493,-0.0014870406943788522,-0.001940398411745847,,,,,,,,,,,,
4.240552015975118,grasp,,,,,,,,,,,,,,,,,,,,,0.6419314742088318,0.2939709424972534,0.48605573177337646,-0.17953109741210938,-0.002547008451074362,0.004298673942685127,0.034851497039198875,0.5948059919450183,0.2724144666911612,0.45539830880357834,-0.16642437962914225,-0.001983132700051083,-0.0020734207793431988,,,,,,,,,,,,
4.260552015975118,grasp,,,,,,,,,,,,,,,,,,,,,0.61872398853302,0.28388655185699463,0.4696352183818817,-0.1731852889060974,-0.0008945591398514807,0.004205519799143076,0.034851497039198875,0.5948059919450183,0.2724144666911612,0.45539830880357834,-0.16642437962914225,-0.001983132700051083,-0.0020734207793431988,,,,,,,,,,,,
4.280552015975118,grasp,,,,,,,,,,,,,,,,,,,,,0.5763839483261108,0.2647119164466858,0.4396320581436157,-0.1612749993801117,-0.002998793264850974,0.00416644848883152,0.034851497039198875,0.530734693337861,0.24379361225726878,0.410022301695154,-0.14857638488086852,-0.0024625366292361996,-0.002201966789243798,,,,,,,,,,,,
4.300552015975118,grasp,,,,,,,,,,,,,,,,,,,,,0.5539098381996155,0.2549404799938202,0.42372047901153564,-0.15512697398662567,-0.0014070341130718589,0.004076332785189152,0.034851497039198875,0.530734693337861,0.24379361225726878,0.410022301695154,-0.14857638488086852,-0.0024625366292361996,-0.002201966789243798,,,,,,,,,,,,
4.320552015975118,grasp,,,,,,,,,,,,,,,,,,,,,0.5131717920303345,0.23648259043693542,0.39485904574394226,-0.14366932213306427,-0.0034282931592315435,0.004038785584270954,0.034851497039198875,0.46926083421819487,0.2163165702236481,0.36648541012316027,-0.13145180955031635,-0.0029225082792078854,-0.002325300406167019,,,,,,,,,,,,
4.340552015975118,grasp,,,,,,,,,,,,,,,,,,,,,0.49155882000923157,0.22707948088645935,0.37954846024513245,-0.1377544105052948,-0.0019046796951442957,0.003952214494347572,0.034851497039198875,0.46926083421819487,0.2163165702236481,0.36648541012316027,-0.13145180955031635,-0.0029225082792078854,-0.002325300406167019,,,,,,,,,,,,
4.360552015975118,grasp,,,,,,,,,,,,,,,,,,,,,0.4526526629924774,0.20944197475910187,0.351990282535553,-0.12681348621845245,-0.003833276452496648,0.003916397225111723,0.034851497039198875,0.41072469457436184,0.19013616890617152,0.32502851385338327,-0.11514538439893685,-0.003360505222686684,-0.002442739993335193,,,,,,,,,,,,
4.380552015975118,grasp,,,,,,,,,,,,,,,,,,,,,0.4320197105407715,0.2004595249891281,0.33736664056777954,-0.1211649551987648,-0.0023850081488490105,0.00383382267318666,0.034851497039198875,0.41072469457436184,0.19013616890617152,0.32502851385338327,-0.11514538439893685,-0.003360505222686684,-0.002442739993335193,,,,,,,,,,,,
4.400552015975118,grasp,,,,,,,,,,,,,,,,,,,,,0.39515694975852966,0.1837369203567505,0.31126025319099426,-0.11079983413219452,-0.0042113205417990685,0.0038000380154699087,0.034851497039198875,0.35543773753210445,0.16539070292501118,0.285872110744618,-0.09974382357131165,-0.0037742016908299636,-0.0025536619527792214,,,,,,,,,,,,
4.420552015975118,grasp,,,,,,,,,,,,,,,,,,,,,0.3756137788295746,0.17522311210632324,0.2974030673503876,-0.10544806718826294,-0.0028452121187001467,0.003721905406564474,0.034851497039198875,0.35543773753210445,0.16539070292501118,0.285872110744618,-0.09974382357131165,-0.0037742016908299636,-0.0025536619527792214,,,,,,,,,,,,
4.440552015975118,grasp,,,,,,,,,,,,,,,,,,,,,0.34098556637763977,0.15950056910514832,0.27288228273391724,-0.09571182727813721,-0.004560863599181175,0.0036902271676808596,0.034851497039198875,0.3036784116529128,0.14220296186534234,0.24921334474721019,-0.0853246820236503,-0.004161512290976788,-0.0026575069938610716,,,,,,,,,,,,
4.460552015975118,grasp,,,,,,,,,,,,,,,,,,,,,0.3226313292980194,0.15149813890457153,0.2598634362220764,-0.09068436920642853,-0.003282774705439806,0.0036168841179460287,0.034851497039198875,0.3036784116529128,0.14220296186534234,0.24921334474721019,-0.0853246820236503,-0.004161512290976788,-0.0026575069938610716,,,,,,,,,,,,
4.4805520159751175,grasp,,,,,,,,,,,,,,,,,,,,,0.2904041111469269,0.13685135543346405,0.23704558610916138,-0.0816236212849617,-0.004880439955741167,0.003587491577491164,0.034851497039198875,0.25568716519030776,0.1206820302618468,0.215222494265313,-0.0719549504307204,-0.004520635366592782,-0.002753792902938814,,,,,,,,,,,,
4.500552015975118,grasp,,,,,,,,,,,,,,,,,,,,,0.273325651884079,0.12939852476119995,0.2249278873205185,-0.07694469392299652,-0.003695728722959757,0.003519356017932296,0.034851497039198875,0.25568716519030776,0.1206820302618468,0.215222494265313,-0.0719549504307204,-0.004520635366592782,-0.002753792902938814,,,,,,,,,,,,
4.5205520159751185,grasp,,,,,,,,,,,,,,,,,,,,,0.24364016950130463,0.11589083820581436,0.20391179621219635,-0.06859865039587021,-0.005168094299733639,0.0034923353232443333,0.034851497039198875,0.21166394629191707,0.10091649190461176,0.18404112737010642,-0.05969030768174388,-0.004850075794105719,-0.0028421186802929203,,,,,,,,,,,,
4.540552015975118,grasp,,,,,,,,,,,,,,,,,,,,,0.22791117429733276,0.10901927202939987,0.19274863600730896,-0.06428849697113037,-0.004082453902810812,0.003429686650633812,0.034851497039198875,0.21166394629191707,0.10091649190461176,0.18404112737010642,-0.05969030768174388,-0.004850075794105719,-0.0028421186802929203,,,,,,,,,,,,
4.560552015975118,grasp,,,,,,,,,,,,,,,,,,,,,0.2008797526359558,0.09670033305883408,0.17361320555210114,-0.05668850615620613,-0.005424039904028177,0.0034051521215587854,0.034851497039198875,0.1717639153987695,0.08297378795289892,0.15577906443881778,-0.04857394340343274,-0.005148672890032686,-0.002922174051605957,,,,,,,,,,,,
4.580552015975118,grasp,,,,,,,,,,,,,,,,,,,,,0.18655873835086823,0.09043490141630173,0.16344685852527618,-0.05276348814368248,-0.00444096140563488,0.0033482962753623724,0.034851497039198875,0.1717639153987695,0.08297378795289892,0.15577906443881778,-0.04857394340343274,-0.005148672890032686,-0.002922174051605957,,,,,,,,,,,,
4.6005520159751185,grasp,,,,,,,,,,,,,,,,,,,,,0.16226156055927277,0.07934222370386124,0.14624890685081482,-0.04593196138739586,-0.005647899582982063,0.003326240461319685,0.034851497039198875,0.13609188672085393,0.06690362694470464,0.13051066619851184,-0.03863510406349389,-0.005415642061644158,-0.0029937485680525816,,,,,,,,,,,,
4.620552015975118,grasp,,,,,,,,,,,,,,,,,,,,,0.14939017593860626,0.07370134443044662,0.1371111124753952,-0.04240373149514198,-0.004768818616867065,0.003275183727964759,0.034851497039198875,0.13609188672085393,0.06690362694470464,0.13051066619851184,-0.03863510406349389,-0.005415642061644158,-0.0029937485680525816,,,,,,,,,,,,
4.640552015975118,grasp,,,,,,,,,,,,,,,,,,,,,0.12787362933158875,0.06385812908411026,0.12188178300857544,-0.03635357320308685,-0.005839526187628508,0.0032557479571551085,0.034851497039198875,0.1046995353073999,0.05273241259549244,0.10827266955985156,-0.02988824266341412,-0.005650594479516165,-0.0030567383352981324,,,,,,,,,,,,
4.660552015975118,grasp,,,,,,,,,,,,,,,,,,,,,0.11647623777389526,0.05885293334722519,0.11379069834947586,-0.03322887048125267,-0.0050660488195717335,0.003210604889318347,0.034851497039198875,0.1046995353073999,0.05273241259549244,0.10827266955985156,-0.02988824266341412,-0.005650594479516165,-0.0030567383352981324,,,,,,,,,,,,
4.680552015975118,grasp,,,,,,,,,,,,,,,,,,,,,0.09775007516145706,0.05026519298553467,0.10053654760122299,-0.027962839230895042,-0.005998925771564245,0.0031937567982822657,0.034851497039198875,0.07758197687969041,0.0404596458403166,0.08906172421839668,-0.022332039385977814,-0.005853565935346327,-0.0031111532320131884,,,,,,,,,,,,
4.700552015975118,grasp,,,,,,,,,,,,,,,,,,,,,0.08783183991909027,0.04589847847819328,0.09349580854177475,-0.025243163108825684,-0.005332096479833126,0.0031546158716082573,0.034851497039198875,0.07758197687969041,0.0404596458403166,0.08906172421839668,-0.022332039385977814,-0.005853565935346327,-0.0031111532320131884,,,,,,,,,,,,
4.720552015975118,grasp,,,,,,,,,,,,,,,,,,,,,0.07186766713857651,0.03855210542678833,0.08219683170318604,-0.020753270015120506,-0.006128024775534868,0.003140263259410858,0.034851497039198875,0.05467482075589197,0.030052918890287723,0.07283213845952836,-0.01594853067590835,-0.006025037988058955,-0.0031571227047418235,,,,,,,,,,,,
4.740552015975118,grasp,,,,,,,,,,,,,,,,,,,,,0.0634130984544754,0.03481634706258774,0.07619629800319672,-0.018434518948197365,-0.005566654726862907,0.0031070897821336985,0.034851497039198875,0.05467482075589197,0.030052918890287723,0.07283213845952836,-0.01594853067590835,-0.006025037988058955,-0.0031571227047418235,,,,,,,,,,,,
4.760552015975118,grasp,,,,,,,,,,,,,,,,,,,,,0.0501410998404026,0.028678536415100098,0.06680270284414291,-0.014701147563755512,-0.006228303536772728,0.0030951558146625757,0.034851497039198875,0.03584836139990532,0.02145215031321067,0.05949202820324779,-0.010701581581438567,-0.006165980422711186,-0.0031949071398980223,,,,,,,,,,,,
4.780552015975118,grasp,,,,,,,,,,,,,,,,,,,,,0.04311331361532211,0.025556813925504684,0.061816100031137466,-0.01277319435030222,-0.005769404582679272,0.0030677353497594595,0.034851497039198875,0.03584836139990532,0.02145215031321067,0.05949202820324779,-0.010701581581438567,-0.006165980422711186,-0.0031949071398980223,,,,,,,,,,,,
4.800552015975118,grasp,,,,,,,,,,,,,,,,,,,,,0.03241807967424393,0.02057950757443905,0.0542459562420845,-0.009764021262526512,-0.00630223797634244,0.003058109199628234,0.034851497039198875,0.020900987648946236,0.014576351608849139,0.04889893720210661,-0.006535155562575703,-0.0062778985331384115,-0.003224910517688488,,,,,,,,,,,,
4.820552015975118,grasp,,,,,,,,,,,,,,,,,,,,,0.026756316423416138,0.018047284334897995,0.05022990703582764,-0.008210154250264168,-0.005940374452620745,0.0030362321995198727,0.034851497039198875,0.020900987648946236,0.014576351608849139,0.04889893720210661,-0.006535155562575703,-0.0062778985331384115,-0.003224910517688488,,,,,,,,,,,,
4.840552015975118,grasp,,,,,,,,,,,,,,,,,,,,,0.01847296953201294,0.014169679023325443,0.04436695948243141,-0.005879097152501345,-0.006353279110044241,0.0030288011766970158,0.034851497039198875,0.009553616742314868,0.009326731303740947,0.04085611376847546,-0.0033718264413914643,-0.00636287153981285,-0.0032476902540099976,,,,,,,,,,,,
4.860552015975118,grasp,,,,,,,,,,,,,,,,,,,,,0.014089591801166534,0.012196118012070656,0.041259441524744034,-0.0046754819341003895,-0.006081114523112774,0.0030120706651359797,0.034851497039198875,0.009553616742314868,0.009326731303740947,0.04085611376847546,-0.0033718264413914643,-0.00636287153981285,-0.0032476902540099976,,,,,,,,,,,,
4.880552015975118,grasp,,,,,,,,,,,,,,,,,,,,,0.008004321716725826,0.009334105998277664,0.036952611058950424,-0.002962655620649457,-0.006383879110217094,0.0030065944883972406,0.034851497039198875,0.001452336079968869,0.005563552692410663,0.03511353436357824,-0.0011132283838146701,-0.006423542185388538,-0.0032639546919663626,,,,,,,,,,,,
4.900552015975118,grasp,,,,,,,,,,,,,,,,,,,,,0.0047856722958385944,0.007876541465520859,0.03467293083667755,-0.002078337362036109,-0.006192678585648537,0.0029944784473627806,0.034851497039198875,0.001452336079968869,0.005563552692410663,0.03511353436357824,-0.0011132283838146701,-0.006423542185388538,-0.0032639546919663626,,,,,,,,,,,,
4.920552015975118,grasp,,,,,,,,,,,,,,,,,,,,,0.000634286436252296,0.005918474402278662,0.03173543140292168,-0.0009095586719922721,-0.006399007514119148,0.0029907277785241604,0.034851497039198875,-0.003835216561991479,0.0031033335080813047,0.031365322397648825,0.0003609655863158254,-0.006463142168596204,-0.003274570514074083,,,,,,,,,,,,
4.940552015975118,grasp,,,,,,,,,,,,,,,,,,,,,-0.0015595770673826337,0.004920035135000944,0.030183561146259308,-0.00030623836209997535,-0.006277612876147032,0.002982731908559799,0.034851497039198875,-0.003835216561991479,0.0031033335080813047,0.031365322397648825,0.0003609655863158254,-0.006463142168596204,-0.003274570514074083,,,,,,,,,,,,
4.960552015975118,grasp,,,,,,,,,,,,,,,,,,,,,-0.004093872383236885,0.003722583642229438,0.028391225263476372,0.0004074695461895317,-0.00640288507565856,0.0029804185032844543,0.034851497039198875,-0.006822343052792041,0.0017125172494356917,0.029247792563787133,0.001193801728633934,-0.006485513768435831,-0.0032805678469548924,,,,,,,,,,,,
4.9805520159751175,grasp,,,,,,,,,,,,,,,,,,,,,-0.0054310644045472145,0.0031101787462830544,0.027447478845715523,0.0007757830317132175,-0.0063383267261087894,0.0029757856391370296,0.034851497039198875,-0.006822343052792041,0.0017125172494356917,0.029247792563787133,0.001193801728633934,-0.006485513768435831,-0.0032805678469548924,,,,,,,,,,,,
5.000552015975118,grasp,,,,,,,,,,,,,,,,,,,,,-0.006720663048326969,0.002499411115422845,0.026536669582128525,0.0011391291627660394,-0.006401060614734888,0.0029745963402092457,0.034851497039198875,-0.00810959597827295,0.0011131873089103516,0.02833527822391615,0.0015526986071959321,-0.006495154121222529,-0.0032831522924687715,,,,,,,,,,,,
5.0205520159751185,grasp,,,,,,,,,,,,,,,,,,,,,-0.007398970890790224,0.002186068333685398,0.02606029435992241,0.0013265336165204644,-0.00637772073969245,0.002972499467432499,0.034851497039198875,-0.00810959597827295,0.0011131873089103516,0.02833527822391615,0.0015526986071959321,-0.006495154121222529,-0.0032831522924687715,,,,,,,,,,,,
5.040552015975118,grasp,,,,,,,,,,,,,,,,,,,,,-0.007875033654272556,0.0019594677723944187,0.025725742802023888,0.0014608027413487434,-0.006399835459887981,0.002972019137814641,0.034851497039198875,-0.008389302606997688,0.0009829589851101262,0.02813699816460667,0.0016306833560333985,-0.006497249187426059,-0.00328371399594543,,,,,,,,,,,,
5.051242033615709,grasp,,,,,,,,,,,,,,,,,,,,,-0.008125126361846924,0.001841941149905324,0.025552527979016304,0.0015302964020520449,-0.0064000594429671764,0.00297143985517323,0.034851497039198875,-0.00839182734489441,0.0009817834943532944,0.028135208413004875,0.0016313872765749693,-0.006497268099337816,-0.003283719066530466,,,,,,,,,,,,
0.0,grasp,,,,,,,,,,,,,,,,,,,,,,,,,,,3.890166658493399e-05,,,,,,,0.043,,,,,,,,,,,
0.02,grasp,,,,,,,,,,,,,,,,,,,,,,,,,,,5.347429214452859e-05,,,,,,,0.043,,,,,,,,,,,
0.04,grasp,,,,,,,,,,,,,,,,,,,,,,,,,,,0.00014852758613415062,,,,,,,0.043,,,,,,,,,,,
0.06,grasp,,,,,,,,,,,,,,,,,,,,,,,,,,,0.0003767316957237199,,,,,,,0.043,,,,,,,,,,,
0.08,grasp,,,,,,,,,,,,,,,,,,,,,,,,,,,0.0007617882511112839,,,,,,,0.043,,,,,,,,,,,
0.1,grasp,,,,,,,,,,,,,,,,,,,,,,,,,,,0.0013342149322852492,,,,,,,0.043,,,,,,,,,,,
0.12,grasp,,,,,,,,,,,,,,,,,,,,,,,,,,,0.002112203394062817,,,,,,,0.043,,,,,,,,,,,
0.14,grasp,,,,,,,,,,,,,,,,,,,,,,,,,,,0.0031020750757306814,,,,,,,0.043,,,,,,,,,,,
0.16,grasp,,,,,,,,,,,,,,,,,,,,,,,,,,,0.004307206254452467,,,,,,,0.043,,,,,,,,,,,
0.18,grasp,,,,,,,,,,,,,,,,,,,,,,,,,,,0.005723340203985572,,,,,,,0.043,,,,,,,,,,,
0.2,grasp,,,,,,,,,,,,,,,,,,,,,,,,,,,0.0073389180470258,,,,,,,0.043,,,,,,,,,,,
0.22,grasp,,,,,,,,,,,,,,,,,,,,,,,,,,,0.00913912896066904,,,,,,,0.043,,,,,,,,,,,
0.24,grasp,,,,,,,,,,,,,,,,,,,,,,,,,,,0.011103600263595581,,,,,,,0.043,,,,,,,,,,,
0.26,grasp,,,,,,,,,,,,,,,,,,,,,,,,,,,0.013208064716309309,,,,,,,0.043,,,,,,,,,,,
0.28,grasp,,,,,,,,,,,,,,,,,,,,,,,,,,,0.015425947029143572,,,,,,,0.043,,,,,,,,,,,
0.3,grasp,,,,,,,,,,,,,,,,,,,,,,,,,,,0.017727404832839966,,,,,,,0.043,,,,,,,,,,,
0.32,grasp,,,,,,,,,,,,,,,,,,,,,,,,,,,0.020081080496311188,,,,,,,0.043,,,,,,,,,,,
0.34,grasp,,,,,,,,,,,,,,,,,,,,,,,,,,,0.02245478145778179,,,,,,,0.043,,,,,,,,,,,
0.36,grasp,,,,,,,,,,,,,,,,,,,,,,,,,,,0.024815390817821026,,,,,,,0.043,,,,,,,,,,,
0.38,grasp,,,,,,,,,,,,,,,,,,,,,,,,,,,0.027130531147122383,,,,,,,0.043,,,,,,,,,,,
0.4,grasp,,,,,,,,,,,,,,,,,,,,,,,,,,,0.02936862874776125,,,,,,,0.043,,,,,,,,,,,
0.42,grasp,,,,,,,,,,,,,,,,,,,,,,,,,,,0.031499724835157394,,,,,,,0.043,,,,,,,,,,,
0.44,grasp,,,,,,,,,,,,,,,,,,,,,,,,,,,0.033495865762233734,,,,,,,0.043,,,,,,,,,,,
0.46,grasp,,,,,,,,,,,,,,,,,,,,,,,,,,,0.035332661122083664,,,,,,,0.043,,,,,,,,,,,
0.48,grasp,,,,,,,,,,,,,,,,,,,,,,,,,,,0.03698906674981117,,,,,,,0.043,,,,,,,,,,,
0.5,grasp,,,,,,,,,,,,,,,,,,,,,,,,,,,0.03844836354255676,,,,,,,0.043,,,,,,,,,,,
0.52,grasp,,,,,,,,,,,,,,,,,,,,,,,,,,,0.03969898819923401,,,,,,,0.043,,,,,,,,,,,
0.54,grasp,,,,,,,,,,,,,,,,,,,,,,,,,,,0.040734950453042984,,,,,,,0.043,,,,,,,,,,,
0.56,grasp,,,,,,,,,,,,,,,,,,,,,,,,,,,0.041556838899850845,,,,,,,0.043,,,,,,,,,,,
0.58,grasp,,,,,,,,,,,,,,,,,,,,,,,,,,,0.04217229224741459,,,,,,,0.043,,,,,,,,,,,
0.6,grasp,,,,,,,,,,,,,,,,,,,,,,,,,,,0.042596327140927315,,,,,,,0.043,,,,,,,,,,,
0.62,grasp,,,,,,,,,,,,,,,,,,,,,,,,,,,0.0428531002253294,,,,,,,0.043,,,,,,,,,,,
0.64,grasp,,,,,,,,,,,,,,,,,,,,,,,,,,,0.04297533072531223,,,,,,,0.043,,,,,,,,,,,
0.66,grasp,,,,,,,,,,,,,,,,,,,,,,,,,,,0.04300553351640701,,,,,,,0.043,,,,,,,,,,,
0.68,grasp,,,,,,,,,,,,,,,,,,,,,,,,,,,0.04299839213490486,,,,,,,0.043,,,,,,,,,,,
0.68,grasp,,,,,,,,,,,,,,,,,,,,,-0.004658141639083624,0.002551004523411393,0.01198139414191246,0.010549400933086872,-0.014393619261682034,0.004082830622792244,0.04299839213490486,-0.004657894838601351,0.002014796482399106,0.01407321635633707,0.010569192469120026,-0.014398422092199326,0.004082915373146534,,,,,,,,,,,,
0.7000000000000001,grasp,,,,,,,,,,,,,,,,,,,,,-0.004658147227019072,0.002555553102865815,0.011963944882154465,0.010549229569733143,-0.01439342088997364,0.00408281572163105,0.04299839213490486,-0.004657894838601351,0.002014796482399106,0.01407321635633707,0.010569192469120026,-0.014398422092199326,0.004082915373146534,,,,,,,,,,,,
0.7200000000000001,grasp,,,,,,,,,,,,,,,,,,,,,-0.004533222410827875,0.002612043172121048,0.0120450584217906,0.0105087049305439,-0.014390203170478344,0.004082459956407547,0.04299839213490486,-0.004394588249854895,0.0021264653522174736,0.014260540733702948,0.010485757396328699,-0.014394953340730869,0.00408226766833728,,,,,,,,,,,,
0.74,grasp,,,,,,,,,,,,,,,,,,,,,-0.004467354621738195,0.0026407090481370687,0.012088867835700512,0.010487833991646767,-0.014390607364475727,0.004082322120666504,0.04299839213490486,-0.004394588249854895,0.0021264653522174736,0.014260540733702948,0.010485757396328699,-0.014394953340730869,0.00408226766833728,,,,,,,,,,,,
0.76,grasp,,,,,,,,,,,,,,,,,,,,,-0.0035839914344251156,0.003016369417309761,0.012713481672108173,0.010206181555986404,-0.014369158074259758,0.004079911392182112,0.04299839213490486,-0.0026309596863837168,0.0028744231127059952,0.015515241752482267,0.00992691348449337,-0.014371716057373165,0.004077928439243475,,,,,,,,,,,,
0.78,grasp,,,,,,,,,,,,,,,,,,,,,-0.003125573741272092,0.003209153190255165,0.013047491200268269,0.01006108894944191,-0.014372264966368675,0.004078991245478392,0.04299839213490486,-0.0026309596863837168,0.0028744231127059952,0.015515241752482267,0.00992691348449337,-0.014371716057373165,0.004077928439243475,,,,,,,,,,,,
0.8,grasp,,,,,,,,,,,,,,,,,,,,,-0.0006846339092589915,0.004245263524353504,0.01477263867855072,0.009285839274525642,-0.014316072687506676,0.004072429146617651,0.04299839213490486,0.0019287693275248528,0.004808161940291528,0.018759164758019833,0.008482063411326176,-0.014311638555697765,0.004066709029980233,,,,,,,,,,,,
0.8200000000000001,grasp,,,,,,,,,,,,,,,,,,,,,0.0005816384800709784,0.004771892912685871,0.015693362802267075,0.00888657197356224,-0.01432325504720211,0.004069863818585873,0.04299839213490486,0.0019287693275248528,0.004808161940291528,0.018759164758019833,0.008482063411326176,-0.014311638555697765,0.004066709029980233,,,,,,,,,,,,
0.8400000000000001,grasp,,,,,,,,,,,,,,,,,,,,,0.0053140572272241116,0.0067853075452148914,0.019038820639252663,0.007384172175079584,-0.014217855408787727,0.004057236015796661,0.04299839213490486,0.010368665414239912,0.00838286098720212,0.024762746709862647,0.005807759863181733,-0.014200440883261953,0.004045942826404498,,,,,,,,,,,,
0.8600000000000001,grasp,,,,,,,,,,,,,,,,,,,,,0.007767877075821161,0.007807703223079443,0.020818954333662987,0.006610400043427944,-0.014229421503841877,0.004052210133522749,0.04299839213490486,0.010368665414239912,0.00838286098720212,0.024762746709862647,0.005807759863181733,-0.014200440883261953,0.004045942826404498,,,,,,,,,,,,
0.8800000000000001,grasp,,,,,,,,,,,,,,,,,,,,,0.015416541136801243,0.011051041074097157,0.02622433379292488,0.004182605072855949,-0.014062494039535522,0.004031892400234938,0.04299839213490486,0.02357695526846505,0.013951413144189918,0.034153705241988026,0.0016228692403368937,-0.014026430542975784,0.004013447437800087,,,,,,,,,,,,
0.9,grasp,,,,,,,,,,,,,,,,,,,,,0.019381023943424225,0.012699195183813572,0.02909594029188156,0.0029322062619030476,-0.014078420586884022,0.004023697227239609,0.04299839213490486,0.02357695526846505,0.013951413144189918,0.034153705241988026,0.0016228692403368937,-0.014026430542975784,0.004013447437800087,,,,,,,,,,,,
0.92,grasp,,,,,,,,,,,,,,,,,,,,,0.0304523017257452,0.01736338809132576,0.03691519796848297,-0.0005813991301693022,-0.013840043917298317,0.003994376864284277,0.04299839213490486,0.042257133556668554,0.021769643255435338,0.04742504379980147,-0.004294953743995097,-0.01378036713892366,0.00396749613626048,,,,,,,,,,,,
0.9400000000000001,grasp,,,,,,,,,,,,,,,,,,,,,0.03618937358260155,0.019734596833586693,0.041064515709877014,-0.0023910566233098507,-0.01386007945984602,0.003982438240200281,0.04299839213490486,0.042257133556668554,0.021769643255435338,0.04742504379980147,-0.004294953743995097,-0.01378036713892366,0.00396749613626048,,,,,,,,,,,,
0.9600000000000001,grasp,,,,,,,,,,,,,,,,,,,,,0.05107475817203522,0.025948287919163704,0.05156788229942322,-0.007114209700375795,-0.013542693108320236,0.003943127579987049,0.04299839213490486,0.06694031283658375,0.03199767056007935,0.06494331890649511,-0.012113118084156991,-0.013455287068153004,0.0039067891169263045,,,,,,,,,,,,
0.98,grasp,,,,,,,,,,,,,,,,,,,,,0.058786869049072266,0.029108116403222084,0.05713678523898125,-0.009546867571771145,-0.013566512614488602,0.003926975652575493,0.04299839213490486,0.06694031283658375,0.03199767056007935,0.06494331890649511,-0.012113118084156991,-0.013455287068153004,0.0039067891169263045,,,,,,,,,,,,
1.0,grasp,,,,,,,,,,,,,,,,,,,,,0.07775766402482986,0.036972369998693466,0.07051421701908112,-0.01556546613574028,-0.013165065087378025,0.003876987611874938,0.04299839213490486,0.0979723574549048,0.044773130973148514,0.08695372832651432,-0.021941063150885138,-0.013046641639136759,0.0038304778580309645,,,,,,,,,,,,
1.02,grasp,,,,,,,,,,,,,,,,,,,,,0.0875849723815918,0.04097260907292366,0.07760164886713028,-0.018665403127670288,-0.013192116282880306,0.003856294322758913,0.04299839213490486,0.0979723574549048,0.044773130973148514,0.08695372832651432,-0.021941063150885138,-0.013046641639136759,0.0038304778580309645,,,,,,,,,,,,
1.04,grasp,,,,,,,,,,,,,,,,,,,,,0.11080317944288254,0.050553858280181885,0.09396811574697495,-0.0260307677090168,-0.012703824788331985,0.003795236349105835,0.04299839213490486,0.13553908199944353,0.06017762735121221,0.1135898142151166,-0.033837666168599886,-0.012551984325888192,0.0037381052183316573,,,,,,,,,,,,
1.06,grasp,,,,,,,,,,,,,,,,,,,,,0.12282933294773102,0.055428773164749146,0.10263321548700333,-0.029824430122971535,-0.012733479030430317,0.003769786562770605,0.04299839213490486,0.13553908199944353,0.06017762735121221,0.1135898142151166,-0.033837666168599886,-0.012551984325888192,0.0037381052183316573,,,,,,,,,,,,
1.08,grasp,,,,,,,,,,,,,,,,,,,,,0.1503593474626541,0.06674961000680923,0.12203427404165268,-0.03855692222714424,-0.012157532386481762,0.0036975222174078226,0.04299839213490486,0.17968475423725486,0.07822148380280769,0.14488208036035932,-0.047816792469606434,-0.01197073521111182,0.003629564549961373,,,,,,,,,,,,
1.1,grasp,,,,,,,,,,,,,,,,,,,,,0.16461744904518127,0.07251119613647461,0.13229921460151672,-0.04305480793118477,-0.012189126573503017,0.003667213022708893,0.04299839213490486,0.17968475423725486,0.07822148380280769,0.14488208036035932,-0.047816792469606434,-0.01197073521111182,0.003629564549961373,,,,,,,,,,,,
1.12,grasp,,,,,,,,,,,,,,,,,,,,,0.19643175601959229,0.08555974066257477,0.154715895652771,-0.053145602345466614,-0.011526635847985744,0.0035838403273373842,0.04299839213490486,0.2303168408452531,0.09886814245567266,0.18076475824165467,-0.06384912811073404,-0.011304112990792682,0.003505082025864229,,,,,,,,,,,,
1.1400000000000001,grasp,,,,,,,,,,,,,,,,,,,,,0.21290718019008636,0.09220246970653534,0.1665685772895813,-0.058343201875686646,-0.011559457518160343,0.0035486742854118347,0.04299839213490486,0.2303168408452531,0.09886814245567266,0.18076475824165467,-0.06384912811073404,-0.011304112990792682,0.003505082025864229,,,,,,,,,,,,
1.1600000000000001,grasp,,,,,,,,,,,,,,,,,,,,,0.2488950937986374,0.10693000257015228,0.19192294776439667,-0.0697571411728859,-0.010813143104314804,0.003454507328569889,0.04299839213490486,0.28722186004264505,0.12202423092319614,0.22108545992880524,-0.08186694247440911,-0.01055493156199748,0.0033651835260932886,,,,,,,,,,,,
1.1800000000000002,grasp,,,,,,,,,,,,,,,,,,,,,0.2675303816795349,0.11442968249320984,0.20531994104385376,-0.07563631236553192,-0.010846496559679508,0.003414571052417159,0.04299839213490486,0.28722186004264505,0.12202423092319614,0.22108545992880524,-0.08186694247440911,-0.01055493156199748,0.0033651835260932886,,,,,,,,,,,,
1.2000000000000002,grasp,,,,,,,,,,,,,,,,,,,,,0.3075033724308014,0.13076069951057434,0.2334802895784378,-0.08831359446048737,-0.010020670481026173,0.0033101290464401245,0.04299839213490486,0.35007104884515333,0.1475612442521258,0.2656122042582667,-0.101766157244323,-0.009727515943811488,0.0032106760384948843,,,,,,,,,,,,
1.2200000000000002,grasp,,,,,,,,,,,,,,,,,,,,,0.328201025724411,0.13907930254936218,0.24834968149662018,-0.09484358131885529,-0.010053829289972782,0.0032656139228492975,0.04299839213490486,0.35007104884515333,0.1475612442521258,0.2656122042582667,-0.101766157244323,-0.009727515943811488,0.0032106760384948843,,,,,,,,,,,,
1.2400000000000002,grasp,,,,,,,,,,,,,,,,,,,,,0.3719026744365692,0.15690772235393524,0.27913564443588257,-0.10870282351970673,-0.009154096245765686,0.0031515720766037703,0.04299839213490486,0.4184378043147657,0.1753025906698799,0.31404230234516844,-0.12341162705377805,-0.008827484610632293,0.003042608229310701,,,,,,,,,,,,
1.26,grasp,,,,,,,,,,,,,,,,,,,,,0.3945296108722687,0.16599179804325104,0.29538023471832275,-0.11584167182445526,-0.009186559356749058,0.003102746559306979,0.04299839213490486,0.4184378043147657,0.1753025906698799,0.31404230234516844,-0.12341162705377805,-0.008827484610632293,0.003042608229310701,,,,,,,,,,,,
1.28,grasp,,,,,,,,,,,,,,,,,,,,,0.4416408836841583,0.18518933653831482,0.32856816053390503,-0.130781888961792,-0.00821960810571909,0.002979951910674572,0.04299839213490486,0.4918043416438146,0.20504214025024275,0.3660096877361569,-0.1466394850280338,-0.007861648049926204,0.002862251896160466,,,,,,,,,,,,
1.3,grasp,,,,,,,,,,,,,,,,,,,,,0.4660324156284332,0.19497382640838623,0.34606823325157166,-0.13847751915454865,-0.008250889368355274,0.0029271484818309546,0.04299839213490486,0.4918043416438146,0.20504214025024275,0.3660096877361569,-0.1466394850280338,-0.007861648049926204,0.002862251896160466,,,,,,,,,,,,
1.32,grasp,,,,,,,,,,,,,,,,,,,,,0.5161809921264648,0.21539027988910675,0.38139235973358154,-0.15457408130168915,-0.007224427070468664,0.002796580782160163,0.04299839213490486,0.5695760574228441,0.23654011778798734,0.4210934667415771,-0.1712615038790921,-0.006837831939946327,0.0026710698197311977,,,,,,,,,,,,
1.34,grasp,,,,,,,,,,,,,,,,,,,,,0.5421445965766907,0.22579821944236755,0.4000109136104584,-0.16267184913158417,-0.007254287600517273,0.002740402240306139,0.04299839213490486,0.5695760574228441,0.23654011778798734,0.4210934667415771,-0.1712615038790921,-0.006837831939946327,0.0026710698197311977,,,,,,,,,,,,
1.36,grasp,,,,,,,,,,,,,,,,,,,,,0.5949110388755798,0.2472640722990036,0.43717673420906067,-0.17979976534843445,-0.006228805985301733,0.0026088773738592863,0.04299839213490486,0.6510921246920047,0.2695299237243455,0.4788258997230276,-0.1970686041655868,-0.005764732766265228,0.002470687409252053,,,,,,,,,,,,
1.3800000000000001,grasp,,,,,,,,,,,,,,,,,,,,,0.6222320199012756,0.25820887088775635,0.4567587971687317,-0.18817919492721558,-0.006257949396967888,0.002545807510614395,0.04299839213490486,0.6510921246920047,0.2695299237243455,0.4788258997230276,-0.1970686041655868,-0.005764732766265228,0.002470687409252053,,,,,,,,,,,,
1.4,grasp,,,,,,,,,,,,,,,,,,,,,0.6771567463874817,0.2805388569831848,0.4954450726509094,-0.2061311900615692,-0.005164090543985367,0.0024073398672044277,0.04299839213490486,0.735636586416528,0.3037236395156288,0.5387004638344748,-0.22383430580392621,-0.004651760414380751,0.0022628636308225894,,,,,,,,,,,,
1.42,grasp,,,,,,,,,,,,,,,,,,,,,0.7055962681770325,0.29192665219306946,0.5158197283744812,-0.21472102403640747,-0.005176984705030918,0.0023423179518431425,0.04299839213490486,0.735636586416528,0.3037236395156288,0.5387004638344748,-0.22383430580392621,-0.004651760414380751,0.0022628636308225894,,,,,,,,,,,,
1.44,grasp,,,,,,,,,,,,,,,,,,,,,0.7621976137161255,0.31492313742637634,0.5556837916374207,-0.2332698106765747,-0.004054756369441748,0.0021993396803736687,0.04299839213490486,0.8224497639338298,0.338816833148836,0.6001797996556245,-0.2513183430204765,-0.0035089112568523493,0.0020494656335993647,,,,,,,,,,,,
1.46,grasp,,,,,,,,,,,,,,,,,,,,,0.7914971113204956,0.3266534209251404,0.5766688585281372,-0.24202699959278107,-0.004048172850161791,0.002131430432200432,0.04299839213490486,0.8224497639338298,0.338816833148836,0.6001797996556245,-0.2513183430204765,-0.0035089112568523493,0.0020494656335993647,,,,,,,,,,,,
1.48,grasp,,,,,,,,,,,,,,,,,,,,,0.8492584228515625,0.35010936856269836,0.6173503398895264,-0.2609274089336395,-0.002908928319811821,0.0019857692532241344,0.04299839213490486,0.9107402020700128,0.37449138651343994,0.6627039616429217,-0.27927042683806785,-0.0023466044135908547,0.0018324392288970143,,,,,,,,,,,,
1.5,grasp,,,,,,,,,,,,,,,,,,,,,0.8791565895080566,0.36207693815231323,0.6387544870376587,-0.269827276468277,-0.0028955801390111446,0.0019162471871823072,0.04299839213490486,0.9107402020700128,0.37449138651343994,0.6627039616429217,-0.27927042683806785,-0.0023466044135908547,0.0018324392288970143,,,,,,,,,,,,
1.52,grasp,,,,,,,,,,,,,,,,,,,,,0.9375458359718323,0.3857782781124115,0.6798824071884155,-0.2888365685939789,-0.0017463361145928502,0.001768801361322403,0.04299839213490486,0.9996958902174123,0.4104209862497331,0.7256983125287634,-0.3074336881360798,-0.0011755188397926824,0.0016137774887302369,,,,,,,,,,,,
1.54,grasp,,,,,,,,,,,,,,,,,,,,,0.967771053314209,0.39787429571151733,0.7015080451965332,-0.29785963892936707,-0.0017313073622062802,0.0016986291157081723,0.04299839213490486,0.9996958902174123,0.4104209862497331,0.7256983125287634,-0.3074336881360798,-0.0011755188397926824,0.0016137774887302369,,,,,,,,,,,,
1.56,grasp,,,,,,,,,,,,,,,,,,,,,1.0262501239776611,0.4216037690639496,0.7427042722702026,-0.31674808263778687,-0.0005808017449453473,0.0015508095966652036,0.04299839213490486,1.0884955683960813,0.4462757820655288,0.7885816550982102,-0.3355483873596031,-6.453312865711522e-06,0.0013954955978451122,,,,,,,,,,,,
1.58,grasp,,,,,,,,,,,,,,,,,,,,,1.056524395942688,0.4337175786495209,0.7643515467643738,-0.32586967945098877,-0.0005646487697958946,0.001480519538745284,0.04299839213490486,1.0884955683960813,0.4462757820655288,0.7885816550982102,-0.3355483873596031,-6.453312865711522e-06,0.0013954955978451122,,,,,,,,,,,,
1.6,grasp,,,,,,,,,,,,,,,,,,,,,1.1145524978637695,0.4572577476501465,0.8052369952201843,-0.3444368839263916,0.0005775777972303331,0.001333754975348711,0.04299839213490486,1.1763201447622493,0.4817268509109299,0.8507743913286145,-0.36335545852011764,0.001149819947539441,0.0011796039914744383,,,,,,,,,,,,
1.62,grasp,,,,,,,,,,,,,,,,,,,,,1.1445974111557007,0.4692785441875458,0.8267067074775696,-0.35361599922180176,0.0005934342625550926,0.001263967715203762,0.04299839213490486,1.1763201447622493,0.4817268509109299,0.8507743913286145,-0.36335545852011764,0.001149819947539441,0.0011796039914744383,,,,,,,,,,,,
1.6400000000000001,grasp,,,,,,,,,,,,,,,,,,,,,1.2016377449035645,0.4924141764640808,0.866905927658081,-0.37170130014419556,0.0017217601416632533,0.0011191889643669128,0.04299839213490486,1.2623640817229804,0.5164508508975497,0.9117066164390246,-0.3906000560124745,0.002282697672507602,0.0009680818696080706,,,,,,,,,,,,
1.6600000000000001,grasp,,,,,,,,,,,,,,,,,,,,,1.2311820983886719,0.5042318105697632,0.888001024723053,-0.38087084889411926,0.001729534356854856,0.001051071914844215,0.04299839213490486,1.2623640817229804,0.5164508508975497,0.9117066164390246,-0.3906000560124745,0.002282697672507602,0.0009680818696080706,,,,,,,,,,,,
1.6800000000000002,grasp,,,,,,,,,,,,,,,,,,,,,1.2867145538330078,0.5267539024353027,0.9271460771560669,-0.39841294288635254,0.0028363459277898073,0.0009095729910768569,0.04299839213490486,1.345846888323764,0.5501345695067634,0.9708260986207504,-0.4170351555260199,0.0033819084790285064,0.0007628467838419333,,,,,,,,,,,,
1.7000000000000002,grasp,,,,,,,,,,,,,,,,,,,,,1.3154897689819336,0.538261353969574,0.9476770162582397,-0.4074486494064331,0.002836409956216812,0.0008436127100139856,0.04299839213490486,1.345846888323764,0.5501345695067634,0.9708260986207504,-0.4170351555260199,0.0033819084790285064,0.0007628467838419333,,,,,,,,,,,,
1.7200000000000002,grasp,,,,,,,,,,,,,,,,,,,,,1.3690208196640015,0.5599695444107056,0.9854152202606201,-0.42441514134407043,0.003940471913665533,0.0007035350427031517,0.04299839213490486,1.4260243882541133,0.5824793877013268,1.0276065718187837,-0.4424252707929683,0.004437670101950314,0.000565725570651551,,,,,,,,,,,,
1.7400000000000002,grasp,,,,,,,,,,,,,,,,,,,,,1.3967628479003906,0.5710633397102356,1.005200743675232,-0.4331543445587158,0.003939625341445208,0.0006425001774914563,0.04299839213490486,1.4260243882541133,0.5824793877013268,1.0276065718187837,-0.4424252707929683,0.004437670101950314,0.000565725570651551,,,,,,,,,,,,
1.7600000000000002,grasp,,,,,,,,,,,,,,,,,,,,,1.4478248357772827,0.5917685627937317,1.0412025451660156,-0.44935449957847595,0.00499699218198657,0.0005075713852420449,0.04299839213490486,1.5022000264474322,0.6132060073629463,1.081555849077248,-0.46655011523740303,0.005440822068528967,0.00037843023814395456,,,,,,,,,,,,
1.7800000000000002,grasp,,,,,,,,,,,,,,,,,,,,,1.4742908477783203,0.6023520827293396,1.0600708723068237,-0.4576989710330963,0.004989245906472206,0.00045007397420704365,0.04299839213490486,1.5022000264474322,0.6132060073629463,1.081555849077248,-0.46655011523740303,0.005440822068528967,0.00037843023814395456,,,,,,,,,,,,
1.8000000000000003,grasp,,,,,,,,,,,,,,,,,,,,,1.522450566291809,0.6218796372413635,1.094030499458313,-0.47298476099967957,0.005973536986857653,0.0003243189421482384,0.04299839213490486,1.5737360850913786,0.6420591318923347,1.1322240699739807,-0.4892083083834072,0.00638298145170669,0.0002025284736049183,,,,,,,,,,,,
1.8200000000000003,grasp,,,,,,,,,,,,,,,,,,,,,1.54741632938385,0.6318634152412415,1.1118226051330566,-0.48085805773735046,0.0059607988223433495,0.0002694259164854884,0.04299839213490486,1.5737360850913786,0.6420591318923347,1.1322240699739807,-0.4892083083834072,0.00638298145170669,0.0002025284736049183,,,,,,,,,,,,
1.8399999999999999,grasp,,,,,,,,,,,,,,,,,,,,,1.5932378768920898,0.6494965553283691,1.143996000289917,-0.49621713161468506,0.00691131642088294,0.00015026924666017294,0.04299839213490486,1.6420394377823664,0.6676471520513851,1.1803129393134313,-0.5125185176888655,0.007310733093629468,3.459152090530309e-05,,,,,,,,,,,,
1.8599999999999999,grasp,,,,,,,,,,,,,,,,,,,,,1.6169984340667725,0.6585026979446411,1.1608532667160034,-0.5041283369064331,0.006901983637362719,9.833140211412683e-05,0.04299839213490486,1.6420394377823664,0.6676471520513851,1.1803129393134313,-0.5125185176888655,0.007310733093629468,3.459152090530309e-05,,,,,,,,,,,,
1.88,grasp,,,,,,,,,,,,,,,,,,,,,1.6353591680526733,0.6886448860168457,1.1773353815078735,-0.4905964136123657,0.00685878237709403,5.1868672017008066e-05,0.04299839213490486,1.6548229443577818,0.7203398284250404,1.1966828633000526,-0.4761966603480646,0.0068089789587429134,1.7368492911424824e-06,,,,,,,,,,,,
1.9,grasp,,,,,,,,,,,,,,,,,,,,,1.644831895828247,0.704342782497406,1.1857901811599731,-0.4836249053478241,0.0067709158174693584,2.901780499087181e-05,0.04299839213490486,1.6548229443577818,0.7203398284250404,1.1966828633000526,-0.4761966603480646,0.0068089789587429134,1.7368492911424824e-06,,,,,,,,,,,,
1.92,grasp,,,,,,,,,,,,,,,,,,,,,1.6492915153503418,0.7387984991073608,1.193874478340149,-0.4572576582431793,0.00638761930167675,1.6560674339416437e-05,0.04299839213490486,1.6540006482273717,0.7750813299579967,1.2043882596597149,-0.4292180357701421,0.006038452189148969,2.1659231992876645e-06,,,,,,,,,,,,
1.94,grasp,,,,,,,,,,,,,,,,,,,,,1.6515806913375854,0.7567873001098633,1.1979330778121948,-0.44367414712905884,0.006203208584338427,9.984357348002959e-06,0.04299839213490486,1.6540006482273717,0.7750813299579967,1.2043882596597149,-0.4292180357701421,0.006038452189148969,2.1659231992876645e-06,,,,,,,,,,,,
1.96,grasp,,,,,,,,,,,,,,,,,,,,,1.6524252891540527,0.7893496155738831,1.2033724784851074,-0.41658440232276917,0.005787714850157499,6.4785922404553276e-06,0.04299839213490486,1.6533240814077912,0.8234164945665641,1.2112015272326995,-0.38777660054959606,0.0053612034026389935,2.426839316822461e-06,,,,,,,,,,,,
1.98,grasp,,,,,,,,,,,,,,,,,,,,,1.6528613567352295,0.8062788844108582,1.2060729265213013,-0.4026287794113159,0.005576401017606258,4.626538157026516e-06,0.04299839213490486,1.6533240814077912,0.8234164945665641,1.2112015272326995,-0.38777660054959606,0.0053612034026389935,2.426839316822461e-06,,,,,,,,,,,,
2.0,grasp,,,,,,,,,,,,,,,,,,,,,1.6528054475784302,0.8351320028305054,1.210389256477356,-0.3780699372291565,0.005186447873711586,3.7188447095104493e-06,0.04299839213490486,1.652738986260626,0.8652021107811919,1.217089887431285,-0.3519515640823176,0.004775981289674262,2.6522915646563157e-06,,,,,,,,,,,,
2.02,grasp,,,,,,,,,,,,,,,,,,,,,1.6527780294418335,0.8501236438751221,1.212511420249939,-0.3654182255268097,0.004986241925507784,3.233719098716392e-06,0.04299839213490486,1.652738986260626,0.8652021107811919,1.217089887431285,-0.3519515640823176,0.004775981289674262,2.6522915646563157e-06,,,,,,,,,,,,
2.04,grasp,,,,,,,,,,,,,,,,,,,,,1.6525261402130127,0.8747994899749756,1.216093897819519,-0.34427058696746826,0.004644600674510002,3.06166884911363e-06,0.04299839213490486,1.6522450557017256,0.9003937028722616,1.2220554233042704,-0.3217771171499851,0.004282533955792211,2.8423831563041013e-06,,,,,,,,,,,,
2.06,grasp,,,,,,,,,,,,,,,,,,,,,1.6523950099945068,0.8876157402992249,1.2178411483764648,-0.33337637782096863,0.004468859639018774,2.9641910259670112e-06,0.04299839213490486,1.6522450557017256,0.9003937028722616,1.2220554233042704,-0.3217771171499851,0.004282533955792211,2.8423831563041013e-06,,,,,,,,,,,,
2.08,grasp,,,,,,,,,,,,,,,,,,,,,1.6521331071853638,0.9080397486686707,1.2207915782928467,-0.31583312153816223,0.004182953387498856,2.987330390169518e-06,0.04299839213490486,1.6518411638567387,0.9290882076308924,1.226114688723488,-0.2971694155137587,0.003879214125324245,2.9977529414570753e-06,,,,,,,,,,,,
2.1,grasp,,,,,,,,,,,,,,,,,,,,,1.651996374130249,0.9186440706253052,1.2222238779067993,-0.30679556727409363,0.004035822115838528,2.992994268424809e-06,0.04299839213490486,1.6518411638567387,0.9290882076308924,1.226114688723488,-0.2971694155137587,0.003879214125324245,2.9977529414570753e-06,,,,,,,,,,,,
2.12,grasp,,,,,,,,,,,,,,,,,,,,,1.6517733335494995,0.934918224811554,1.224582314491272,-0.2928049564361572,0.003806399879977107,3.0583335046685534e-06,0.04299839213490486,1.6515239798883703,0.9515349801613947,1.229302382577712,-0.2779166444639272,0.003562521972767213,3.1197514541454085e-06,,,,,,,,,,,,
2.14,grasp,,,,,,,,,,,,,,,,,,,,,1.6516568660736084,0.9433654546737671,1.225724220275879,-0.2855975925922394,0.0036883887369185686,3.0854860142426332e-06,0.04299839213490486,1.6515239798883703,0.9515349801613947,1.229302382577712,-0.2779166444639272,0.003562521972767213,3.1197514541454085e-06,,,,,,,,,,,,
2.16,grasp,,,,,,,,,,,,,,,,,,,,,1.6514825820922852,0.9557144045829773,1.2275241613388062,-0.2749825417995453,0.00352179235778749,1.2568655620270874e-05,0.04299839213490486,1.6512879083494987,0.9681447735426517,1.2316752443210428,-0.26366673473575647,0.003326806016077035,3.2105566910641347e-06,,,,,,,,,,,,
2.18,grasp,,,,,,,,,,,,,,,,,,,,,1.6513577699661255,0.9620240330696106,1.2286486625671387,-0.2694025933742523,0.00395138468593359,-0.0017777618486434221,0.04299839213490486,1.6512879083494987,0.9681447735426517,1.2316752443210428,-0.26366673473575647,0.003326806016077035,3.2105566910641347e-06,,,,,,,,,,,,
2.2,grasp,,,,,,,,,,,,,,,,,,,,,1.651115894317627,0.9704592227935791,1.2308717966079712,-0.2612881064414978,0.00553759653121233,-0.00872686505317688,0.04299839213490486,1.651124976682359,0.979502575747726,1.2333128475929547,-0.2539190644850979,0.003164137493098866,3.27322309529622e-06,,,,,,,,,,,,
2.22,grasp,,,,,,,,,,,,,,,,,,,,,1.6510926485061646,0.9750911593437195,1.2313593626022339,-0.25732919573783875,0.004781260620802641,-0.006554615218192339,0.04299839213490486,1.651124976682359,0.979502575747726,1.2333128475929547,-0.2539190644850979,0.003164137493098866,3.27322309529622e-06,,,,,,,,,,,,
2.24,grasp,,,,,,,,,,,,,,,,,,,,,1.6509828567504883,0.9806944727897644,1.2324508428573608,-0.25207045674324036,0.0048226118087768555,-0.007356089539825916,0.04299839213490486,1.6510245655341105,0.9863744003381149,1.2343236520036032,-0.24801002035012346,0.003063727361690544,3.3119059504181494e-06,,,,,,,,,,,,
2.2600000000000002,grasp,,,,,,,,,,,,,,,,,,,,,1.6509298086166382,0.9835901260375977,1.233014464378357,-0.24935105443000793,0.00484146922826767,-0.007873354479670525,0.04299839213490486,1.6510245655341105,0.9863744003381149,1.2343236520036032,-0.24801002035012346,0.003063727361690544,3.3119059504181494e-06,,,,,,,,,,,,
2.2800000000000002,grasp,,,,,,,,,,,,,,,,,,,,,1.650913119316101,0.9866349101066589,1.2337291240692139,-0.24645256996154785,0.004491839092224836,-0.007393255829811096,0.04299839213490486,1.6509741717476734,0.9897313218650764,1.2348302389921741,-0.24511500901520922,0.0030134151025339485,3.3312888869989766e-06,,,,,,,,,,,,
2.3000000000000003,grasp,,,,,,,,,,,,,,,,,,,,,1.6508957147598267,0.9881627559661865,1.2342424392700195,-0.24498717486858368,0.003990677185356617,-0.0059155491180717945,0.04299839213490486,1.6509741717476734,0.9897313218650764,1.2348302389921741,-0.24511500901520922,0.0030134151025339485,3.3312888869989766e-06,,,,,,,,,,,,
2.3200000000000003,grasp,,,,,,,,,,,,,,,,,,,,,1.650864601135254,0.9894130825996399,1.2346704006195068,-0.24379213154315948,0.0036272311117500067,-0.004670845344662666,0.04299839213490486,1.6509587103966705,0.9907537005624648,1.234985518183125,-0.2442326281520331,0.0029979903616953467,3.3372314562379063e-06,,,,,,,,,,,,
2.3400000000000003,grasp,,,,,,,,,,,,,,,,,,,,,1.650834083557129,0.9900580644607544,1.2348946332931519,-0.2431768923997879,0.003559053409844637,-0.004016355611383915,0.04299839213490486,1.6509587103966705,0.9907537005624648,1.234985518183125,-0.2442326281520331,0.0029979903616953467,3.3372314562379063e-06,,,,,,,,,,,,
2.3445379369147124,grasp,,,,,,,,,,,,,,,,,,,,,1.6508184671401978,0.9904199242591858,1.2350128889083862,-0.24278931319713593,0.003529780311509967,-0.003719031112268567,0.04299839213490486,1.650957703590393,0.9908183217048645,1.2349953651428223,-0.24417686462402344,0.0029970151372253895,3.337607267894782e-06,,,,,,,,,,,,
2.3445379369147124,grasp,,,,,,,,,,,,,,,,,,,,,,,,,,,0.04329685680568218,,,,,,,0.0,,,,,,,,,,,
2.3645379369147124,grasp,,,,,,,,,,,,,,,,,,,,,,,,,,,0.043297454714775085,,,,,,,0.0,,,,,,,,,,,
2.3845379369147124,grasp,,,,,,,,,,,,,,,,,,,,,,,,,,,0.04329732060432434,,,,,,,0.0,,,,,,,,,,,
2.4045379369147124,grasp,,,,,,,,,,,,,,,,,,,,,,,,,,,0.04329712316393852,,,,,,,0.0,,,,,,,,,,,
2.4245379369147124,grasp,,,,,,,,,,,,,,,,,,,,,,,,,,,0.04329606331884861,,,,,,,0.0,,,,,,,,,,,
2.4445379369147124,grasp,,,,,,,,,,,,,,,,,,,,,,,,,,,0.04327734000980854,,,,,,,0.0,,,,,,,,,,,
2.4645379369147125,grasp,,,,,,,,,,,,,,,,,,,,,,,,,,,0.04316415637731552,,,,,,,0.0,,,,,,,,,,,
2.4845379369147125,grasp,,,,,,,,,,,,,,,,,,,,,,,,,,,0.04274260625243187,,,,,,,0.0,,,,,,,,,,,
2.5045379369147125,grasp,,,,,,,,,,,,,,,,,,,,,,,,,,,0.041915491223335266,,,,,,,0.0,,,,,,,,,,,
2.5245379369147125,grasp,,,,,,,,,,,,,,,,,,,,,,,,,,,0.040572306141257286,,,,,,,0.0,,,,,,,,,,,
2.5445379369147125,grasp,,,,,,,,,,,,,,,,,,,,,,,,,,,0.040540482848882675,,,,,,,0.0,,,,,,,,,,,
2.5645379369147125,grasp,,,,,,,,,,,,,,,,,,,,,,,,,,,0.04050649143755436,,,,,,,0.0,,,,,,,,,,,
2.584537936914712,grasp,,,,,,,,,,,,,,,,,,,,,,,,,,,0.0404481403529644,,,,,,,0.0,,,,,,,,,,,
2.6045379369147126,grasp,,,,,,,,,,,,,,,,,,,,,,,,,,,0.04042559117078781,,,,,,,0.0,,,,,,,,,,,
2.624537936914712,grasp,,,,,,,,,,,,,,,,,,,,,,,,,,,0.04038054496049881,,,,,,,0.0,,,,,,,,,,,
2.644537936914712,grasp,,,,,,,,,,,,,,,,,,,,,,,,,,,0.040363604202866554,,,,,,,0.0,,,,,,,,,,,
2.664537936914712,grasp,,,,,,,,,,,,,,,,,,,,,,,,,,,0.040317971259355545,,,,,,,0.0,,,,,,,,,,,
2.684537936914712,grasp,,,,,,,,,,,,,,,,,,,,,,,,,,,0.04030334949493408,,,,,,,0.0,,,,,,,,,,,
2.7045379369147122,grasp,,,,,,,,,,,,,,,,,,,,,,,,,,,0.04027298651635647,,,,,,,0.0,,,,,,,,,,,
2.7245379369147122,grasp,,,,,,,,,,,,,,,,,,,,,,,,,,,0.040244389325380325,,,,,,,0.0,,,,,,,,,,,
2.7445379369147123,grasp,,,,,,,,,,,,,,,,,,,,,,,,,,,0.04020383581519127,,,,,,,0.0,,,,,,,,,,,
2.7645379369147123,grasp,,,,,,,,,,,,,,,,,,,,,,,,,,,0.040184468030929565,,,,,,,0.0,,,,,,,,,,,
2.7845379369147123,grasp,,,,,,,,,,,,,,,,,,,,,,,,,,,0.03992844186723232,,,,,,,0.0,,,,,,,,,,,
2.8045379369147123,grasp,,,,,,,,,,,,,,,,,,,,,,,,,,,0.03991233929991722,,,,,,,0.0,,,,,,,,,,,
2.8245379369147123,grasp,,,,,,,,,,,,,,,,,,,,,,,,,,,0.03989413566887379,,,,,,,0.0,,,,,,,,,,,
2.8445379369147124,grasp,,,,,,,,,,,,,,,,,,,,,,,,,,,0.03987891599535942,,,,,,,0.0,,,,,,,,,,,
2.8645379369147124,grasp,,,,,,,,,,,,,,,,,,,,,,,,,,,0.03986445628106594,,,,,,,0.0,,,,,,,,,,,
2.8845379369147124,grasp,,,,,,,,,,,,,,,,,,,,,,,,,,,0.03985222429037094,,,,,,,0.0,,,,,,,,,,,
2.9045379369147124,grasp,,,,,,,,,,,,,,,,,,,,,,,,,,,0.03983618505299091,,,,,,,0.0,,,,,,,,,,,
2.9245379369147124,grasp,,,,,,,,,,,,,,,,,,,,,,,,,,,0.03982515446841717,,,,,,,0.0,,,,,,,,,,,
2.9445379369147124,grasp,,,,,,,,,,,,,,,,,,,,,,,,,,,0.03981850855052471,,,,,,,0.0,,,,,,,,,,,
2.9645379369147125,grasp,,,,,,,,,,,,,,,,,,,,,,,,,,,0.03981451131403446,,,,,,,0.0,,,,,,,,,,,
2.9845379369147125,grasp,,,,,,,,,,,,,,,,,,,,,,,,,,,0.039812278002500534,,,,,,,0.0,,,,,,,,,,,
3.0045379369147125,grasp,,,,,,,,,,,,,,,,,,,,,,,,,,,0.0398115161806345,,,,,,,0.0,,,,,,,,,,,
3.0245379369147125,grasp,,,,,,,,,,,,,,,,,,,,,,,,,,,0.03981158137321472,,,,,,,0.0,,,,,,,,,,,
3.0245379369147125,grasp,,,,,,,,,,,,,,,,,,,,,1.6503827571868896,0.9911004304885864,1.2360647916793823,-0.2429226040840149,0.00489185843616724,0.0007460509077645838,0.03981158137321472,1.650957703590393,0.9908183217048645,1.2349953651428223,-0.24417686462402344,0.0029970151372253895,3.337607267894782e-06,,,,,,,,,,,,
3.0445379369147125,grasp,,,,,,,,,,,,,,,,,,,,,1.6503812074661255,0.9910845756530762,1.2360591888427734,-0.24293410778045654,0.0048272693529725075,0.0007445387309417129,0.03981158137321472,1.650957703590393,0.9908183217048645,1.2349953651428223,-0.24417686462402344,0.0029970151372253895,3.337607267894782e-06,,,,,,,,,,,,
3.0645379369147125,grasp,,,,,,,,,,,,,,,,,,,,,1.6503804922103882,0.9910312294960022,1.2360124588012695,-0.2429092675447464,0.004655242897570133,0.0007326815975829959,0.03981158137321472,1.650959835118957,0.9906820798409623,1.234974596377932,-0.24429442797395273,0.00299907113139301,3.3368149432551594e-06,,,,,,,,,,,,
3.0845379369147126,grasp,,,,,,,,,,,,,,,,,,,,,1.6503692865371704,0.990997314453125,1.2359800338745117,-0.24289534986019135,0.004602171014994383,0.00069762411294505,0.03981158137321472,1.650959835118957,0.9906820798409623,1.234974596377932,-0.24429442797395273,0.00299907113139301,3.3368149432551594e-06,,,,,,,,,,,,
3.1045379369147126,grasp,,,,,,,,,,,,,,,,,,,,,1.6503697633743286,0.9906044006347656,1.2357088327407837,-0.24293680489063263,0.00408137496560812,0.0003872276283800602,0.03981158137321472,1.6509737421126318,0.9897598616312572,1.2348345083597214,-0.24509043002923278,0.0030129921170740015,3.3314518470126747e-06,,,,,,,,,,,,
3.1245379369147126,grasp,,,,,,,,,,,,,,,,,,,,,1.650360345840454,0.9904149770736694,1.2355281114578247,-0.2428579181432724,0.003759022569283843,0.00018316078057978302,0.03981158137321472,1.6509737421126318,0.9897598616312572,1.2348345083597214,-0.24509043002923278,0.0030129921170740015,3.3314518470126747e-06,,,,,,,,,,,,
3.1445379369147126,grasp,,,,,,,,,,,,,,,,,,,,,1.650378704071045,0.9892004728317261,1.235005259513855,-0.24360811710357666,0.0036025107838213444,-0.00040699137025512755,0.03981158137321472,1.6510100185402015,0.9873506106208785,1.234470089809934,-0.24716871147104402,0.0030491818915147754,3.317509613427424e-06,,,,,,,,,,,,
3.1645379369147126,grasp,,,,,,,,,,,,,,,,,,,,,1.6504141092300415,0.9885253310203552,1.2350943088531494,-0.24445779621601105,0.0037027844227850437,0.0005015700007788837,0.03981158137321472,1.6510100185402015,0.9873506106208785,1.234470089809934,-0.24716871147104402,0.0030491818915147754,3.317509613427424e-06,,,,,,,,,,,,
3.1845379369147127,grasp,,,,,,,,,,,,,,,,,,,,,1.6505087614059448,0.9860115051269531,1.2344120740890503,-0.2466806322336197,0.003686213633045554,0.0002085193118546158,0.03981158137321472,1.651076622381051,0.9828389135089617,1.2337988541919316,-0.251053316137404,0.0031158641214461104,3.291820296924073e-06,,,,,,,,,,,,
3.2045379369147127,grasp,,,,,,,,,,,,,,,,,,,,,1.6505941152572632,0.9847128391265869,1.2341740131378174,-0.24784256517887115,0.0035491143353283405,0.0005606809863820672,0.03981158137321472,1.651076622381051,0.9828389135089617,1.2337988541919316,-0.251053316137404,0.0031158641214461104,3.291820296924073e-06,,,,,,,,,,,,
3.2245379369147127,grasp,,,,,,,,,,,,,,,,,,,,,1.6506966352462769,0.9805933237075806,1.2332526445388794,-0.25160518288612366,0.003583664307370782,0.0007197691593319178,0.03981158137321472,1.651179939637618,0.9756913626625577,1.2327604771197105,-0.2571912006091756,0.0032190036673439048,3.2520862459672953e-06,,,,,,,,,,,,
3.2445379369147127,grasp,,,,,,,,,,,,,,,,,,,,,1.6506565809249878,0.9784421920776367,1.2331123352050781,-0.2538835406303406,0.003875203663483262,0.001947784679941833,0.03981158137321472,1.651179939637618,0.9756913626625577,1.2327604771197105,-0.2571912006091756,0.0032190036673439048,3.2520862459672953e-06,,,,,,,,,,,,
3.2645379369147127,grasp,,,,,,,,,,,,,,,,,,,,,1.65083646774292,0.9724713563919067,1.2318252325057983,-0.25919783115386963,0.0038622389547526836,0.0026335844304412603,0.03981158137321472,1.6513260640671215,0.9654652727755542,1.23129169460648,-0.2659656988012581,0.003364907845871714,3.1958784743433755e-06,,,,,,,,,,,,
3.2845379369147123,grasp,,,,,,,,,,,,,,,,,,,,,1.6508792638778687,0.9692370891571045,1.2314131259918213,-0.2623251676559448,0.004061436280608177,0.003961921203881502,0.03981158137321472,1.6513260640671215,0.9654652727755542,1.23129169460648,-0.2659656988012581,0.003364907845871714,3.1958784743433755e-06,,,,,,,,,,,,
3.3045379369147128,grasp,,,,,,,,,,,,,,,,,,,,,1.651112675666809,0.961192786693573,1.2293332815170288,-0.269438236951828,0.003982748370617628,0.003898624563589692,0.03981158137321472,1.6515202513940022,0.9517964035919181,1.2293398692661868,-0.2776923247169974,0.003558798508031594,3.1211858464531435e-06,,,,,,,,,,,,
3.3245379369147123,grasp,,,,,,,,,,,,,,,,,,,,,1.6511913537979126,0.9569500088691711,1.228635311126709,-0.2734333276748657,0.0040755742229521275,0.005179611034691334,0.03981158137321472,1.6515202513940022,0.9517964035919181,1.2293398692661868,-0.2776923247169974,0.003558798508031594,3.1211858464531435e-06,,,,,,,,,,,,
3.3445379369147124,grasp,,,,,,,,,,,,,,,,,,,,,1.6514291763305664,0.9464574456214905,1.2267383337020874,-0.2827360928058624,0.0041457186453044415,0.005828169174492359,0.03981158137321472,1.6517663205793178,0.934392796865354,1.2268667674704166,-0.29261987762071145,0.00380449734364708,3.0265358254350492e-06,,,,,,,,,,,,
3.3645379369147124,grasp,,,,,,,,,,,,,,,,,,,,,1.6516090631484985,0.9409444332122803,1.225856065750122,-0.28753694891929626,0.003949605859816074,0.006185857113450766,0.03981158137321472,1.6517663205793178,0.934392796865354,1.2268667674704166,-0.29261987762071145,0.00380449734364708,3.0265358254350492e-06,,,,,,,,,,,,
3.3845379369147124,grasp,,,,,,,,,,,,,,,,,,,,,1.6518422365188599,0.9278115630149841,1.2236946821212769,-0.29889312386512756,0.004011714365333319,0.0063721551559865475,0.03981158137321472,1.652067266300943,0.9130347707443496,1.2238420822892728,-0.31093699584551393,0.004105006930554551,2.9107714763157184e-06,,,,,,,,,,,,
3.4045379369147124,grasp,,,,,,,,,,,,,,,,,,,,,1.6519511938095093,0.9209867119789124,1.22235906124115,-0.30474522709846497,0.004058268386870623,0.006465273909270763,0.03981158137321472,1.652067266300943,0.9130347707443496,1.2238420822892728,-0.31093699584551393,0.004105006930554551,2.9107714763157184e-06,,,,,,,,,,,,
3.4245379369147124,grasp,,,,,,,,,,,,,,,,,,,,,1.6521775722503662,0.9051833748817444,1.219825267791748,-0.3183478116989136,0.0042861830443143845,0.006513548083603382,0.03981158137321472,1.652425257362964,0.887569409222184,1.2202446965864477,-0.3327736144655444,0.004462462123172241,2.773069641354283e-06,,,,,,,,,,,,
3.4445379369147124,grasp,,,,,,,,,,,,,,,,,,,,,1.6522883176803589,0.8969635963439941,1.2187113761901855,-0.3253538906574249,0.004443726968020201,0.006530451588332653,0.03981158137321472,1.652425257362964,0.887569409222184,1.2202446965864477,-0.3327736144655444,0.004462462123172241,2.773069641354283e-06,,,,,,,,,,,,
3.4645379369147125,grasp,,,,,,,,,,,,,,,,,,,,,1.6525557041168213,0.8784164190292358,1.2162529230117798,-0.3412918448448181,0.004665672313421965,0.006533039268106222,0.03981158137321472,1.652841177543261,0.8579079344916707,1.2160615987116064,-0.35820539737344315,0.0048781672793039845,2.6129257702273636e-06,,,,,,,,,,,,
3.4845379369147125,grasp,,,,,,,,,,,,,,,,,,,,,1.6526895761489868,0.8687738180160522,1.2148120403289795,-0.34950461983680725,0.004818608984351158,0.006530143786221743,0.03981158137321472,1.652841177543261,0.8579079344916707,1.2160615987116064,-0.35820539737344315,0.0048781672793039845,2.6129257702273636e-06,,,,,,,,,,,,
3.5045379369147125,grasp,,,,,,,,,,,,,,,,,,,,,1.6530033349990845,0.8474558591842651,1.2116689682006836,-0.3678211271762848,0.005068307742476463,0.006532896775752306,0.03981158137321472,1.6533156025657278,0.8240222932691434,1.2112868588323928,-0.38725723927449796,0.005352721417789844,2.4301069141152644e-06,,,,,,,,,,,,
3.5245379369147125,grasp,,,,,,,,,,,,,,,,,,,,,1.6531485319137573,0.8363834619522095,1.2100753784179688,-0.37725740671157837,0.005248600151389837,0.006532456260174513,0.03981158137321472,1.6533156025657278,0.8240222932691434,1.2112868588323928,-0.38725723927449796,0.005352721417789844,2.4301069141152644e-06,,,,,,,,,,,,
3.5445379369147125,grasp,,,,,,,,,,,,,,,,,,,,,1.6534841060638428,0.8122999668121338,1.2066706418991089,-0.3979472219944,0.005595454480499029,0.006532745901495218,0.03981158137321472,1.6538485978966444,0.785941456381622,1.2059200481769643,-0.419906360026123,0.005886182988903998,2.224587365749461e-06,,,,,,,,,,,,
3.5645379369147125,grasp,,,,,,,,,,,,,,,,,,,,,1.653663158416748,0.79976886510849,1.205008625984192,-0.4086058735847473,0.005761026870459318,0.006532988976687193,0.03981158137321472,1.6538485978966444,0.785941456381622,1.2059200481769643,-0.419906360026123,0.005886182988903998,2.224587365749461e-06,,,,,,,,,,,,
3.5845379369147126,grasp,,,,,,,,,,,,,,,,,,,,,1.6540342569351196,0.7729876041412354,1.2012124061584473,-0.4316377341747284,0.006149481516331434,0.00653271796181798,0.03981158137321472,1.6544399055362657,0.7437486198512007,1.1999622976772666,-0.45608604935880676,0.006478442018521841,1.996408224841915e-06,,,,,,,,,,,,
3.6045379369147126,grasp,,,,,,,,,,,,,,,,,,,,,1.654229998588562,0.7590341567993164,1.1993045806884766,-0.4435032606124878,0.006347930524498224,0.006532707717269659,0.03981158137321472,1.6544399055362657,0.7437486198512007,1.1999622976772666,-0.45608604935880676,0.006478442018521841,1.996408224841915e-06,,,,,,,,,,,,
3.6245379369147126,grasp,,,,,,,,,,,,,,,,,,,,,1.6549102067947388,0.7294409871101379,1.1952826976776123,-0.4691317677497864,0.0067799268290400505,0.006531678605824709,0.03981158137321472,1.6556523921021955,0.6972497027386377,1.193707011101769,-0.49633997514576755,0.007146602014543617,3.816564584879379e-07,,,,,,,,,,,,
3.6445379369147126,grasp,,,,,,,,,,,,,,,,,,,,,1.655269742012024,0.714026927947998,1.1932299137115479,-0.48233553767204285,0.006988676264882088,0.0065316203981637955,0.03981158137321472,1.6556523921021955,0.6972497027386377,1.193707011101769,-0.49633997514576755,0.007146602014543617,3.816564584879379e-07,,,,,,,,,,,,
3.6645379369147126,grasp,,,,,,,,,,,,,,,,,,,,,1.6424744129180908,0.6899330019950867,1.181259036064148,-0.49424993991851807,0.006553038023412228,0.006577173247933388,0.03981158137321472,1.6284916712279862,0.6637655623184971,1.1709555154315645,-0.5068801543204442,0.00710990160240575,6.787281235554345e-05,,,,,,,,,,,,
3.6845379369147127,grasp,,,,,,,,,,,,,,,,,,,,,1.635515570640564,0.6774920225143433,1.174890160560608,-0.5003842711448669,0.00736581813544035,0.006574676372110844,0.03981158137321472,1.6284916712279862,0.6637655623184971,1.1709555154315645,-0.5068801543204442,0.00710990160240575,6.787281235554345e-05,,,,,,,,,,,,
3.7045379369147127,grasp,,,,,,,,,,,,,,,,,,,,,1.6063783168792725,0.6607279181480408,1.1534384489059448,-0.4951257109642029,0.005816341377794743,0.006677146535366774,0.03981158137321472,1.5746641805279153,0.642433497103937,1.1328815790376838,-0.4895023429092944,0.006395207935341422,0.00020024590156148545,,,,,,,,,,,,
3.7245379369147127,grasp,,,,,,,,,,,,,,,,,,,,,1.5906381607055664,0.6521633863449097,1.1419603824615479,-0.49241000413894653,0.0071702077984809875,0.006676058750599623,0.03981158137321472,1.5746641805279153,0.642433497103937,1.1328815790376838,-0.4895023429092944,0.006395207935341422,0.00020024590156148545,,,,,,,,,,,,
3.7445379369147123,grasp,,,,,,,,,,,,,,,,,,,,,1.5557594299316406,0.6366099715232849,1.1168934106826782,-0.4822983145713806,0.005213360767811537,0.006799972616136074,0.03981158137321472,1.5178796182318552,0.6195302378131857,1.0926611129895556,-0.4715162009850234,0.005647319781698935,0.0003398764437288617,,,,,,,,,,,,
3.7645379369147127,grasp,,,,,,,,,,,,,,,,,,,,,1.5370023250579834,0.6286576390266418,1.1036760807037354,-0.4770817160606384,0.0065820710733532906,0.0068051437847316265,0.03981158137321472,1.5178796182318552,0.6195302378131857,1.0926611129895556,-0.4715162009850234,0.005647319781698935,0.0003398764437288617,,,,,,,,,,,,
3.7845379369147123,grasp,,,,,,,,,,,,,,,,,,,,,1.4991117715835571,0.6127976775169373,1.0766198635101318,-0.465213418006897,0.0045073251239955425,0.006938306614756584,0.03981158137321472,1.4580427791509951,0.5953948763986362,1.0502822649865344,-0.4525652446669599,0.0048593075106758065,0.0004870024506767461,,,,,,,,,,,,
3.8045379369147128,grasp,,,,,,,,,,,,,,,,,,,,,1.4788029193878174,0.6046936511993408,1.0623657703399658,-0.45909231901168823,0.00587767269462347,0.006946676876395941,0.03981158137321472,1.4580427791509951,0.5953948763986362,1.0502822649865344,-0.4525652446669599,0.0048593075106758065,0.0004870024506767461,,,,,,,,,,,,
3.8245379369147123,grasp,,,,,,,,,,,,,,,,,,,,,1.4387907981872559,0.588212251663208,1.033867359161377,-0.44633856415748596,0.003709122072905302,0.007086629513651133,0.03981158137321472,1.3954697909725549,0.5701537614448954,1.0059679996495998,-0.4327491999281655,0.0040353229456561715,0.000640847540002786,,,,,,,,,,,,
3.844537936914713,grasp,,,,,,,,,,,,,,,,,,,,,1.4173859357833862,0.579791784286499,1.018851399421692,-0.43976113200187683,0.0051119071431458,0.007096475455909967,0.03981158137321472,1.3954697909725549,0.5701537614448954,1.0059679996495998,-0.4327491999281655,0.0040353229456561715,0.000640847540002786,,,,,,,,,,,,
3.8645379369147124,grasp,,,,,,,,,,,,,,,,,,,,,1.3756535053253174,0.5626727938652039,0.9891571998596191,-0.4264056384563446,0.002857375191524625,0.007242138963192701,0.03981158137321472,1.3305027991567009,0.5439440532748732,0.9599598414538477,-0.4121762560091393,0.0031798680881649144,0.0008005699146809133,,,,,,,,,,,,
3.8845379369147124,grasp,,,,,,,,,,,,,,,,,,,,,1.3533587455749512,0.5539283156394958,0.973510205745697,-0.41951775550842285,0.004302020650357008,0.007252909708768129,0.03981158137321472,1.3305027991567009,0.5439440532748732,0.9599598414538477,-0.4121762560091393,0.0031798680881649144,0.0008005699146809133,,,,,,,,,,,,
3.9045379369147124,grasp,,,,,,,,,,,,,,,,,,,,,1.3101860284805298,0.536238968372345,0.9428083896636963,-0.4056917726993561,0.001973552629351616,0.007403520867228508,0.03981158137321472,1.2635062955463345,0.5169117861969408,0.9125154594199952,-0.3909617114358745,0.002297736082998787,0.0009652740136139516,,,,,,,,,,,,
3.9245379369147124,grasp,,,,,,,,,,,,,,,,,,,,,1.2871489524841309,0.5272052884101868,0.926628053188324,-0.398561030626297,0.00345675484277308,0.007414931431412697,0.03981158137321472,1.2635062955463345,0.5169117861969408,0.9125154594199952,-0.3909617114358745,0.002297736082998787,0.0009652740136139516,,,,,,,,,,,,
3.9445379369147124,grasp,,,,,,,,,,,,,,,,,,,,,1.2427946329116821,0.5090388059616089,0.8950992822647095,-0.3843579590320587,0.0010679905535653234,0.007569533307105303,0.03981158137321472,1.1948633857728619,0.48921079174040416,0.8639057660372169,-0.3692268023528247,0.0013939612802816666,0.001134019701642098,,,,,,,,,,,,
3.9645379369147125,grasp,,,,,,,,,,,,,,,,,,,,,1.2191530466079712,0.4997633099555969,0.8784803152084351,-0.37703248858451843,0.0025825260672718287,0.007581457495689392,0.03981158137321472,1.1948633857728619,0.48921079174040416,0.8639057660372169,-0.3692268023528247,0.0013939612802816666,0.001134019701642098,,,,,,,,,,,,
3.9845379369147125,grasp,,,,,,,,,,,,,,,,,,,,,1.1738752126693726,0.4812224507331848,0.846308171749115,-0.3625383675098419,0.0001474504970246926,0.007739170454442501,0.03981158137321472,1.1249720588887173,0.4610010749952975,0.8144123727952587,-0.34709742236210445,0.0004737790157870509,0.0013058296863153562,,,,,,,,,,,,
4.004537936914712,grasp,,,,,,,,,,,,,,,,,,,,,1.149766206741333,0.47175753116607666,0.8293471932411194,-0.3550625145435333,0.001685004448518157,0.007751544006168842,0.03981158137321472,1.1249720588887173,0.4610010749952975,0.8144123727952587,-0.34709742236210445,0.0004737790157870509,0.0013058296863153562,,,,,,,,,,,,
4.0245379369147125,grasp,,,,,,,,,,,,,,,,,,,,,1.1038315296173096,0.4529488980770111,0.7967191934585571,-0.34036311507225037,-0.000782045884989202,0.007911507971584797,0.03981158137321472,1.0542417602264496,0.4324463318807431,0.7643249270551975,-0.32470324578784404,-0.0004574161198346317,0.0014796967738417606,,,,,,,,,,,,
4.044537936914713,grasp,,,,,,,,,,,,,,,,,,,,,1.0793945789337158,0.4433494210243225,0.7795148491859436,-0.33278098702430725,0.0007698908448219299,0.007924210280179977,0.03981158137321472,1.0542417602264496,0.4324463318807431,0.7643249270551975,-0.32470324578784404,-0.0004574161198346317,0.0014796967738417606,,,,,,,,,,,,
4.0645379369147125,grasp,,,,,,,,,,,,,,,,,,,,,1.0330736637115479,0.42438313364982605,0.7466233968734741,-0.3179627060890198,-0.0017152335494756699,0.008085477165877819,0.03981158137321472,0.9830891356088621,0.4037146418950924,0.713938218630484,-0.3021759360288533,-0.001394146648144113,0.0016545987658153603,,,,,,,,,,,,
4.084537936914712,grasp,,,,,,,,,,,,,,,,,,,,,1.008452296257019,0.41470515727996826,0.7292762398719788,-0.31031882762908936,-0.0001573879417264834,0.00809845793992281,0.03981158137321472,0.9830891356088621,0.4037146418950924,0.713938218630484,-0.3021759360288533,-0.001394146648144113,0.0016545987658153603,,,,,,,,,,,,
4.104537936914713,grasp,,,,,,,,,,,,,,,,,,,,,0.9620203971862793,0.39569225907325745,0.6963151097297668,-0.2954692244529724,-0.0026466413401067257,0.008260061033070087,0.03981158137321472,0.9119349129859734,0.3749740533200889,0.663550007428357,-0.2796486589751631,-0.0023308766366596156,0.0018295025368914493,,,,,,,,,,,,
4.124537936914713,grasp,,,,,,,,,,,,,,,,,,,,,0.937358021736145,0.38599252700805664,0.6789270639419556,-0.28780868649482727,-0.0010911503341048956,0.008273215033113956,0.03981158137321472,0.9119349129859734,0.3749740533200889,0.663550007428357,-0.2796486589751631,-0.0023308766366596156,0.0018295025368914493,,,,,,,,,,,,
4.144537936914713,grasp,,,,,,,,,,,,,,,,,,,,,0.8910908102989197,0.36704498529434204,0.646091103553772,-0.2730155289173126,-0.0035705245099961758,0.008434274233877659,0.03981158137321472,0.8411994345742262,0.3463943937115928,0.613457783659909,-0.2572543089095835,-0.0032620806560751314,0.002003376881182361,,,,,,,,,,,,
4.164537936914712,grasp,,,,,,,,,,,,,,,,,,,,,0.8665317893028259,0.3573808968067169,0.628764808177948,-0.2653835117816925,-0.002026049653068185,0.008447476662695408,0.03981158137321472,0.8411994345742262,0.3463943937115928,0.613457783659909,-0.2572543089095835,-0.0032620806560751314,0.002003376881182361,,,,,,,,,,,,
4.184537936914713,grasp,,,,,,,,,,,,,,,,,,,,,0.820703387260437,0.33860936760902405,0.5962477326393127,-0.2507339417934418,-0.00448174774646759,0.008607047609984875,0.03981158137321472,0.7712998540357449,0.3181421115999464,0.5639566528865801,-0.23512484764605382,-0.0041822739024766015,0.002175198326526733,,,,,,,,,,,,
4.204537936914712,grasp,,,,,,,,,,,,,,,,,,,,,0.7963912487030029,0.32903721928596497,0.5790849924087524,-0.24317537248134613,-0.0029566276352852583,0.00862024910748005,0.03981158137321472,0.7712998540357449,0.3181421115999464,0.5639566528865801,-0.23512484764605382,-0.0041822739024766015,0.002175198326526733,,,,,,,,,,,,
4.224537936914713,grasp,,,,,,,,,,,,,,,,,,,,,0.7512720227241516,0.3105514943599701,0.5470777750015259,-0.22875523567199707,-0.005374682601541281,0.008777352049946785,0.03981158137321472,0.7026452295739685,0.2903828557920611,0.5153362169426461,-0.21338966307363957,-0.005086071155499166,0.0023439612933351312,,,,,,,,,,,,
4.244537936914712,grasp,,,,,,,,,,,,,,,,,,,,,0.7273477911949158,0.3011276423931122,0.5301787257194519,-0.22131453454494476,-0.0038772181142121553,0.008790385909378529,0.03981158137321472,0.7026452295739685,0.2903828557920611,0.5153362169426461,-0.21338966307363957,-0.005086071155499166,0.0023439612933351312,,,,,,,,,,,,
4.264537936914713,grasp,,,,,,,,,,,,,,,,,,,,,0.6832019686698914,0.2830343246459961,0.49886777997016907,-0.20720776915550232,-0.006244314834475517,0.008944212459027767,0.03981158137321472,0.6356343118373412,0.2632751959811735,0.4678782969395711,-0.1921748400379918,-0.00596822358597347,0.0025086855986433437,,,,,,,,,,,,
4.284537936914712,grasp,,,,,,,,,,,,,,,,,,,,,0.6598035097122192,0.2738126814365387,0.4823307394981384,-0.1999281495809555,-0.00478251650929451,0.008956984616816044,0.03981158137321472,0.6356343118373412,0.2632751959811735,0.4678782969395711,-0.1921748400379918,-0.00596822358597347,0.0025086855986433437,,,,,,,,,,,,
4.304537936914713,grasp,,,,,,,,,,,,,,,,,,,,,0.6168860197067261,0.25621551275253296,0.45189541578292847,-0.1862155646085739,-0.007085443940013647,0.009106640703976154,0.03981158137321472,0.5706498647821359,0.23697484087263926,0.4218539936420676,-0.17160146004648805,-0.006823696091069143,0.0026684301820528366,,,,,,,,,,,,
4.324537936914712,grasp,,,,,,,,,,,,,,,,,,,,,0.5941460728645325,0.24724934995174408,0.4358154833316803,-0.1791388839483261,-0.005667034536600113,0.009119127877056599,0.03981158137321472,0.5706498647821359,0.23697484087263926,0.4218539936420676,-0.17160146004648805,-0.006823696091069143,0.0026684301820528366,,,,,,,,,,,,
4.344537936914713,grasp,,,,,,,,,,,,,,,,,,,,,0.5527006983757019,0.23024660348892212,0.4064277410507202,-0.16589803993701935,-0.007893485017120838,0.00926379393786192,0.03981158137321472,0.5080570729801833,0.2116267393951846,0.37752139269605095,-0.1517850293557382,-0.00764768982164105,0.002822298396319141,,,,,,,,,,,,
4.364537936914712,grasp,,,,,,,,,,,,,,,,,,,,,0.5307466983795166,0.22158555686473846,0.3908958435058594,-0.1590641587972641,-0.0065262941643595695,0.009275855496525764,0.03981158137321472,0.5080570729801833,0.2116267393951846,0.37752139269605095,-0.1517850293557382,-0.00764768982164105,0.002822298396319141,,,,,,,,,,,,
4.384537936914713,grasp,,,,,,,,,,,,,,,,,,,,,0.49100327491760254,0.2052706778049469,0.36271756887435913,-0.1463679075241089,-0.008663714863359928,0.009414666332304478,0.03981158137321472,0.44819777182532683,0.1873696380882812,0.33512258525266087,-0.13283371409653857,-0.008435706750250207,0.0029694490995427494,,,,,,,,,,,,
4.404537936914712,grasp,,,,,,,,,,,,,,,,,,,,,0.4699554443359375,0.19696231186389923,0.3478199541568756,-0.139814555644989,-0.0073552560061216354,0.009426266886293888,0.03981158137321472,0.44819777182532683,0.1873696380882812,0.33512258525266087,-0.13283371409653857,-0.008435706750250207,0.0029694490995427494,,,,,,,,,,,,
4.424537936914713,grasp,,,,,,,,,,,,,,,,,,,,,0.43212735652923584,0.1814221888780594,0.32100144028663635,-0.12773065268993378,-0.009392383508384228,0.009558496065437794,0.03981158137321472,0.3913880263967041,0.16433069915011903,0.29488121599849526,-0.11484752367898707,-0.009183586233701625,0.003109105224648478,,,,,,,,,,,,
4.444537936914712,grasp,,,,,,,,,,,,,,,,,,,,,0.41209715604782104,0.1735103279352188,0.30681857466697693,-0.12149295210838318,-0.008149571716785431,0.009569540619850159,0.03981158137321472,0.3913880263967041,0.16433069915011903,0.29488121599849526,-0.11484752367898707,-0.009183586233701625,0.003109105224648478,,,,,,,,,,,,
4.464537936914713,grasp,,,,,,,,,,,,,,,,,,,,,0.3763790428638458,0.15882305800914764,0.281497597694397,-0.11008332669734955,-0.010075749829411507,0.009694524109363556,0.03981158137321472,0.33791445324546426,0.1426236714213148,0.25699991464524924,-0.09791719115214975,-0.009887557394971989,0.003240561355292107,,,,,,,,,,,,
4.4845379369147125,grasp,,,,,,,,,,,,,,,,,,,,,0.35746845602989197,0.15134713053703308,0.2681034803390503,-0.104193314909935,-0.008904927410185337,0.009704976342618465,0.03981158137321472,0.33791445324546426,0.1426236714213148,0.25699991464524924,-0.09791719115214975,-0.009887557394971989,0.003240561355292107,,,,,,,,,,,,
4.504537936914712,grasp,,,,,,,,,,,,,,,,,,,,,0.3240332007408142,0.13758490979671478,0.2443987876176834,-0.09351302683353424,-0.010710632428526878,0.009822155348956585,0.03981158137321472,0.28802883426957776,0.12235257661786941,0.22165724311639326,-0.08212245419401137,-0.010544307403162444,0.0033631996050639632,,,,,,,,,,,,
4.5245379369147125,grasp,,,,,,,,,,,,,,,,,,,,,0.30633294582366943,0.13058152794837952,0.23185710608959198,-0.0879991352558136,-0.009617316536605358,0.009831909090280533,0.03981158137321472,0.28802883426957776,0.12235257661786941,0.22165724311639326,-0.08212245419401137,-0.010544307403162444,0.0033631996050639632,,,,,,,,,,,,
4.544537936914713,grasp,,,,,,,,,,,,,,,,,,,,,0.2753303349018097,0.11780436336994171,0.2098795473575592,-0.0780956819653511,-0.011294716037809849,0.009940623305737972,0.03981158137321472,0.24194639349748384,0.10360392999194423,0.18900554369548792,-0.06753144850275146,-0.011151002311126928,0.0034764908891063728,,,,,,,,,,,,
4.5645379369147125,grasp,,,,,,,,,,,,,,,,,,,,,0.25891873240470886,0.1113036572933197,0.19824889302253723,-0.07298260927200317,-0.010283182375133038,0.009949726052582264,0.03981158137321472,0.24194639349748384,0.10360392999194423,0.18900554369548792,-0.06753144850275146,-0.011151002311126928,0.0034764908891063728,,,,,,,,,,,,
4.584537936914712,grasp,,,,,,,,,,,,,,,,,,,,,0.23047246038913727,0.09956303238868713,0.1780799776315689,-0.06389535218477249,-0.011825339868664742,0.010049638338387012,0.03981158137321472,0.19984129857546082,0.08644777699696887,0.15916799367007242,-0.054199348290676505,-0.011705349488919983,0.0035800073069894678,,,,,,,,,,,,
4.604537936914713,grasp,,,,,,,,,,,,,,,,,,,,,0.21541443467140198,0.09359066933393478,0.1674058437347412,-0.059203531593084335,-0.01090017706155777,0.010057961568236351,0.03981158137321472,0.19984129857546082,0.08644777699696887,0.15916799367007242,-0.054199348290676505,-0.011705349488919983,0.0035800073069894678,,,,,,,,,,,,
4.624537936914713,grasp,,,,,,,,,,,,,,,,,,,,,0.1896195411682129,0.0829237699508667,0.14911691844463348,-0.05096271261572838,-0.012301196344196796,0.010148698464035988,0.03981158137321472,0.1618433821996406,0.07093459004544297,0.13223620714408427,-0.042167247344409756,-0.012205642320769455,0.003673430351360675,,,,,,,,,,,,
4.644537936914713,grasp,,,,,,,,,,,,,,,,,,,,,0.17596538364887238,0.07749844342470169,0.13943582773208618,-0.046707820147275925,-0.01146567054092884,0.010156266391277313,0.03981158137321472,0.1618433821996406,0.07093459004544297,0.13223620714408427,-0.042167247344409756,-0.012205642320769455,0.003673430351360675,,,,,,,,,,,,
4.664537936914712,grasp,,,,,,,,,,,,,,,,,,,,,0.15288500487804413,0.06793404370546341,0.12307003885507584,-0.03933361545205116,-0.012721640057861805,0.010237583890557289,0.03981158137321472,0.1280316570507713,0.05710177385424693,0.10826717197505197,-0.03146025961513664,-0.012650836043340405,0.0037565647934388996,,,,,,,,,,,,
4.684537936914713,grasp,,,,,,,,,,,,,,,,,,,,,0.140668123960495,0.06306993216276169,0.11440650373697281,-0.03552618995308876,-0.011978277936577797,0.010244389064610004,0.03981158137321472,0.1280316570507713,0.05710177385424693,0.10826717197505197,-0.03146025961513664,-0.012650836043340405,0.0037565647934388996,,,,,,,,,,,,
4.704537936914712,grasp,,,,,,,,,,,,,,,,,,,,,0.1203322634100914,0.0546220988035202,0.09998556226491928,-0.029028184711933136,-0.01308671198785305,0.010316087864339352,0.03981158137321472,0.09843382552830451,0.044962846432622154,0.08728099177644219,-0.02208720799522862,-0.013040564913977325,0.0038293430794457775,,,,,,,,,,,,
4.724537936914713,grasp,,,,,,,,,,,,,,,,,,,,,0.1095685139298439,0.050326090306043625,0.09235144406557083,-0.02567318268120289,-0.012436501681804657,0.010322163812816143,0.03981158137321472,0.09843382552830451,0.044962846432622154,0.08728099177644219,-0.02208720799522862,-0.013040564913977325,0.0038293430794457775,,,,,,,,,,,,
4.744537936914712,grasp,,,,,,,,,,,,,,,,,,,,,0.09197176247835159,0.0429929755628109,0.07987166941165924,-0.020049748942255974,-0.013397164642810822,0.010384314693510532,0.03981158137321472,0.07302259021780132,0.03450615252031395,0.06925805870230127,-0.014039458726918759,-0.013375189908982897,0.0038918315830736845,,,,,,,,,,,,
4.764537936914713,grasp,,,,,,,,,,,,,,,,,,,,,0.08265858143568039,0.03926394134759903,0.0732651874423027,-0.01714637503027916,-0.012840361334383488,0.010389705188572407,0.03981158137321472,0.07302259021780132,0.03450615252031395,0.06925805870230127,-0.014039458726918759,-0.013375189908982897,0.0038918315830736845,,,,,,,,,,,,
4.784537936914712,grasp,,,,,,,,,,,,,,,,,,,,,0.06775812059640884,0.03302622213959694,0.06269542872905731,-0.01238391175866127,-0.01365463063120842,0.01044232677668333,0.03981158137321472,0.05171216853224882,0.025692754807979303,0.054136398125931955,-0.00728981894520736,-0.013655840187735713,0.003944241276274656,,,,,,,,,,,,
4.804537936914713,grasp,,,,,,,,,,,,,,,,,,,,,0.05987289920449257,0.02985352836549282,0.057102493941783905,-0.009925114922225475,-0.01318954024463892,0.01044703833758831,0.03981158137321472,0.05171216853224882,0.025692754807979303,0.054136398125931955,-0.00728981894520736,-0.013655840187735713,0.003944241276274656,,,,,,,,,,,,
4.824537936914712,grasp,,,,,,,,,,,,,,,,,,,,,0.04758446663618088,0.024678627029061317,0.04837966337800026,-0.0059968638233840466,-0.013861382380127907,0.01049050036817789,0.03981158137321472,0.03435114737335225,0.018464243679554397,0.04180884807791847,-0.001790408844918302,-0.013884506153930425,0.00398694367537231,,,,,,,,,,,,
4.844537936914713,grasp,,,,,,,,,,,,,,,,,,,,,0.041082631796598434,0.022045737132430077,0.043766602873802185,-0.0039688292890787125,-0.01348505076020956,0.01049454789608717,0.03981158137321472,0.03435114737335225,0.018464243679554397,0.04180884807791847,-0.001790408844918302,-0.013884506153930425,0.00398694367537231,,,,,,,,,,,,
4.864537936914712,grasp,,,,,,,,,,,,,,,,,,,,,0.03127680718898773,0.01788816973567009,0.03680240362882614,-0.0008335805032402277,-0.014021186158061028,0.010529257357120514,0.03981158137321472,0.02071668854179922,0.012746662539246738,0.032120282930295715,0.002529095822026098,-0.014064112020259655,0.004020484209257421,,,,,,,,,,,,
4.884537936914713,grasp,,,,,,,,,,,,,,,,,,,,,0.026089617982506752,0.015772145241498947,0.03312172368168831,0.0007849743706174195,-0.013728277757763863,0.010532641783356667,0.03981158137321472,0.02071668854179922,0.012746662539246738,0.032120282930295715,0.002529095822026098,-0.014064112020259655,0.004020484209257421,,,,,,,,,,,,
4.904537936914712,grasp,,,,,,,,,,,,,,,,,,,,,0.018589841201901436,0.012572914361953735,0.02779393270611763,0.0031834268011152744,-0.01413834560662508,0.01055917702615261,0.03981158137321472,0.010512627893036981,0.008443734461090213,0.02486513418548099,0.0057621446317919385,-0.01419854419048616,0.004045588622749486,,,,,,,,,,,,
4.924537936914713,grasp,,,,,,,,,,,,,,,,,,,,,0.014624111354351044,0.010944053530693054,0.02498011477291584,0.004421512596309185,-0.013922358863055706,0.010561979375779629,0.03981158137321472,0.010512627893036981,0.008443734461090213,0.02486513418548099,0.0057621446317919385,-0.01419854419048616,0.004045588622749486,,,,,,,,,,,,
4.944537936914712,grasp,,,,,,,,,,,,,,,,,,,,,0.009206726215779781,0.00862196646630764,0.021130209788680077,0.006154380273073912,-0.014218379743397236,0.010581155307590961,0.03981158137321472,0.003371408160970546,0.005419485290857959,0.01978541440080636,0.008024938317220785,-0.014292631219581823,0.004063159409010158,,,,,,,,,,,,
4.964537936914713,grasp,,,,,,,,,,,,,,,,,,,,,0.006343570072203875,0.0074386284686625,0.019099637866020203,0.007048788946121931,-0.014070679433643818,0.010583381168544292,0.03981158137321472,0.003371408160970546,0.005419485290857959,0.01978541440080636,0.008024938317220785,-0.014292631219581823,0.004063159409010158,,,,,,,,,,,,
4.9845379369147125,grasp,,,,,,,,,,,,,,,,,,,,,0.002735808026045561,0.00588794331997633,0.01653670333325863,0.008203092031180859,-0.014267158694565296,0.010596105828881264,0.03981158137321472,-0.001151447618475657,0.0035018881241833293,0.016567812527748256,0.009458097436566924,-0.014352222467662929,0.004074288040755893,,,,,,,,,,,,
5.004537936914712,grasp,,,,,,,,,,,,,,,,,,,,,0.0008309352560900152,0.005096483044326305,0.01518651470541954,0.008798754774034023,-0.014177474193274975,0.010597774758934975,0.03981158137321472,-0.001151447618475657,0.0035018881241833293,0.016567812527748256,0.009458097436566924,-0.014352222467662929,0.004074288040755893,,,,,,,,,,,,
5.0245379369147125,grasp,,,,,,,,,,,,,,,,,,,,,-0.0012903953902423382,0.004183147102594376,0.013679851777851582,0.009477687068283558,-0.014292561449110508,0.010605265386402607,0.03981158137321472,-0.003577986599181143,0.002472787449169809,0.014841496934314621,0.010226999484353459,-0.014384193925980327,0.00408025850539531,,,,,,,,,,,,
5.044537936914713,grasp,,,,,,,,,,,,,,,,,,,,,-0.0024084849283099174,0.0037154725287109613,0.012889918871223927,0.009827936068177223,-0.014248874969780445,0.010606516152620316,0.03981158137321472,-0.003577986599181143,0.002472787449169809,0.014841496934314621,0.010226999484353459,-0.014384193925980327,0.00408025850539531,,,,,,,,,,,,
5.0645379369147125,grasp,,,,,,,,,,,,,,,,,,,,,-0.003420520108193159,0.0032784368377178907,0.012172605842351913,0.010152003727853298,-0.014302816241979599,0.010610055178403854,0.03981158137321472,-0.004514796342736689,0.0020754848502212903,0.014175021013748273,0.010523848247767956,-0.014396536936021586,0.004082563365945933,,,,,,,,,,,,
5.084537936914712,grasp,,,,,,,,,,,,,,,,,,,,,-0.003951880149543285,0.0030540211591869593,0.011799155734479427,0.010319072753190994,-0.014291112311184406,0.010610874742269516,0.03981158137321472,-0.004514796342736689,0.0020754848502212903,0.014175021013748273,0.010523848247767956,-0.014396536936021586,0.004082563365945933,,,,,,,,,,,,
5.104537936914713,grasp,,,,,,,,,,,,,,,,,,,,,-0.004288687836378813,0.0029075867496430874,0.011562447063624859,0.010427013039588928,-0.014308002777397633,0.010612040758132935,0.03981158137321472,-0.004657382179691587,0.002015013902109724,0.014073581077587759,0.010569030020693601,-0.014398415338549868,0.004082914112068502,,,,,,,,,,,,
5.105210358058103,grasp,,,,,,,,,,,,,,,,,,,,,-0.004465424921363592,0.002831679070368409,0.011441131122410297,0.01048265304416418,-0.014311851933598518,0.010612519457936287,0.03981158137321472,-0.004657894838601351,0.002014796482399106,0.01407321635633707,0.010569192469120026,-0.014398422092199326,0.004082915373146534,,,,,,,,,,,,
0.0,grasp,,,,,,,,,,,,,,,,,,,,,,,,,,,8.995236566988751e-05,,,,,,,0.043,,,,,,,,,,,
0.02,grasp,,,,,,,,,,,,,,,,,,,,,,,,,,,0.00010440032201586291,,,,,,,0.043,,,,,,,,,,,
0.04,grasp,,,,,,,,,,,,,,,,,,,,,,,,,,,0.00019944676023442298,,,,,,,0.043,,,,,,,,,,,
0.06,grasp,,,,,,,,,,,,,,,,,,,,,,,,,,,0.0004275584651622921,,,,,,,0.043,,,,,,,,,,,
0.08,grasp,,,,,,,,,,,,,,,,,,,,,,,,,,,0.0008119205012917519,,,,,,,0.043,,,,,,,,,,,
0.1,grasp,,,,,,,,,,,,,,,,,,,,,,,,,,,0.001383624505251646,,,,,,,0.043,,,,,,,,,,,
0.12,grasp,,,,,,,,,,,,,,,,,,,,,,,,,,,0.002160945674404502,,,,,,,0.043,,,,,,,,,,,
0.14,grasp,,,,,,,,,,,,,,,,,,,,,,,,,,,0.003149398718960583,,,,,,,0.043,,,,,,,,,,,
0.16,grasp,,,,,,,,,,,,,,,,,,,,,,,,,,,0.0043532694689929485,,,,,,,0.043,,,,,,,,,,,
0.18,grasp,,,,,,,,,,,,,,,,,,,,,,,,,,,0.005767663242295384,,,,,,,0.043,,,,,,,,,,,
0.2,grasp,,,,,,,,,,,,,,,,,,,,,,,,,,,0.007381335366517305,,,,,,,0.043,,,,,,,,,,,
0.22,grasp,,,,,,,,,,,,,,,,,,,,,,,,,,,0.009179379791021347,,,,,,,0.043,,,,,,,,,,,
0.24,grasp,,,,,,,,,,,,,,,,,,,,,,,,,,,0.011141463182866573,,,,,,,0.043,,,,,,,,,,,
0.26,grasp,,,,,,,,,,,,,,,,,,,,,,,,,,,0.013243534602224827,,,,,,,0.043,,,,,,,,,,,
0.28,grasp,,,,,,,,,,,,,,,,,,,,,,,,,,,0.015458771958947182,,,,,,,0.043,,,,,,,,,,,
0.3,grasp,,,,,,,,,,,,,,,,,,,,,,,,,,,0.017757385969161987,,,,,,,0.043,,,,,,,,,,,
0.32,grasp,,,,,,,,,,,,,,,,,,,,,,,,,,,0.020108363591134548,,,,,,,0.043,,,,,,,,,,,
0.34,grasp,,,,,,,,,,,,,,,,,,,,,,,,,,,0.022479250095784664,,,,,,,0.043,,,,,,,,,,,
0.36,grasp,,,,,,,,,,,,,,,,,,,,,,,,,,,0.024837005883455276,,,,,,,0.043,,,,,,,,,,,
0.38,grasp,,,,,,,,,,,,,,,,,,,,,,,,,,,0.027149408124387264,,,,,,,0.043,,,,,,,,,,,
0.4,grasp,,,,,,,,,,,,,,,,,,,,,,,,,,,0.029384903609752655,,,,,,,0.043,,,,,,,,,,,
0.42,grasp,,,,,,,,,,,,,,,,,,,,,,,,,,,0.03151332214474678,,,,,,,0.043,,,,,,,,,,,
0.44,grasp,,,,,,,,,,,,,,,,,,,,,,,,,,,0.03350717015564442,,,,,,,0.043,,,,,,,,,,,
0.46,grasp,,,,,,,,,,,,,,,,,,,,,,,,,,,0.03534186631441116,,,,,,,0.043,,,,,,,,,,,
0.48,grasp,,,,,,,,,,,,,,,,,,,,,,,,,,,0.03699619881808758,,,,,,,0.043,,,,,,,,,,,
0.5,grasp,,,,,,,,,,,,,,,,,,,,,,,,,,,0.038453780114650726,,,,,,,0.043,,,,,,,,,,,
0.52,grasp,,,,,,,,,,,,,,,,,,,,,,,,,,,0.0397030059248209,,,,,,,0.043,,,,,,,,,,,
0.54,grasp,,,,,,,,,,,,,,,,,,,,,,,,,,,0.04073761776089668,,,,,,,0.043,,,,,,,,,,,
0.56,grasp,,,,,,,,,,,,,,,,,,,,,,,,,,,0.04155849665403366,,,,,,,0.043,,,,,,,,,,,
0.58,grasp,,,,,,,,,,,,,,,,,,,,,,,,,,,0.04217333905398846,,,,,,,0.043,,,,,,,,,,,
0.6,grasp,,,,,,,,,,,,,,,,,,,,,,,,,,,0.04259679839015007,,,,,,,0.043,,,,,,,,,,,
0.62,grasp,,,,,,,,,,,,,,,,,,,,,,,,,,,0.04285333305597305,,,,,,,0.043,,,,,,,,,,,
0.64,grasp,,,,,,,,,,,,,,,,,,,,,,,,,,,0.04297530651092529,,,,,,,0.043,,,,,,,,,,,
0.66,grasp,,,,,,,,,,,,,,,,,,,,,,,,,,,0.04300554469227791,,,,,,,0.043,,,,,,,,,,,
0.68,grasp,,,,,,,,,,,,,,,,,,,,,,,,,,,0.042998380959033966,,,,,,,0.043,,,,,,,,,,,
0.68,grasp,,,,,,,,,,,,,,,,,,,,,-0.000845043221488595,0.001078368746675551,0.02451223134994507,0.008823947049677372,-0.005238629411906004,-0.002074312884360552,0.042998380959033966,-0.0008451453177258372,0.0005455777863971889,0.026593932881951332,0.008843665011227131,-0.005235607735812664,-0.0020743838977068663,,,,,,,,,,,,
0.7000000000000001,grasp,,,,,,,,,,,,,,,,,,,,,-0.0008450414752587676,0.0010828969534486532,0.024494856595993042,0.008823778480291367,-0.0052386317402124405,-0.002074313582852483,0.042998380959033966,-0.0008451453177258372,0.0005455777863971889,0.026593932881951332,0.008843665011227131,-0.005235607735812664,-0.0020743838977068663,,,,,,,,,,,,
0.7200000000000001,grasp,,,,,,,,,,,,,,,,,,,,,-0.0007443874492309988,0.0011255840072408319,0.024551639333367348,0.008793914690613747,-0.0052370792254805565,-0.002074216026812792,0.042998380959033966,-0.0006329212939907411,0.0006288474499269296,0.026730443568975734,0.008782238942636012,-0.005234149698721801,-0.00207414463439104,,,,,,,,,,,,
0.74,grasp,,,,,,,,,,,,,,,,,,,,,-0.0006913531105965376,0.0011472511105239391,0.02458239160478115,0.008778536692261696,-0.005237533710896969,-0.0020741389598697424,0.042998380959033966,-0.0006329212939907411,0.0006288474499269296,0.026730443568975734,0.008782238942636012,-0.005234149698721801,-0.00207414463439104,,,,,,,,,,,,
0.76,grasp,,,,,,,,,,,,,,,,,,,,,2.295572448929306e-05,0.001429215888492763,0.025039155036211014,0.008570244535803795,-0.005225059576332569,-0.0020735003054142,0.042998380959033966,0.0007952176512736776,0.0011892019374052899,0.027649092495661182,0.00836887630811978,-0.005224336446538905,-0.00207253422887097,,,,,,,,,,,,
0.78,grasp,,,,,,,,,,,,,,,,,,,,,0.00039353748434223235,0.0015737435314804316,0.02528305910527706,0.008462940342724323,-0.005229748319834471,-0.0020729159004986286,0.042998380959033966,0.0007952176512736776,0.0011892019374052899,0.027649092495661182,0.00836887630811978,-0.005224336446538905,-0.00207253422887097,,,,,,,,,,,,
0.8,grasp,,,,,,,,,,,,,,,,,,,,,0.0023788984399288893,0.002351512899622321,0.0265521127730608,0.007886954583227634,-0.005196864251047373,-0.002071110298857093,0.042998380959033966,0.004506215920268866,0.0026452704752656354,0.030036187542403763,0.007294759803108605,-0.005198837021311016,-0.0020683498801971107,,,,,,,,,,,,
0.8200000000000001,grasp,,,,,,,,,,,,,,,,,,,,,0.0034087265376001596,0.002748904749751091,0.027229242026805878,0.007590261287987232,-0.005209020804613829,-0.0020695205312222242,0.042998380959033966,0.004506215920268866,0.0026452704752656354,0.030036187542403763,0.007294759803108605,-0.005198837021311016,-0.0020683498801971107,,,,,,,,,,,,
0.8400000000000001,grasp,,,,,,,,,,,,,,,,,,,,,0.007277695462107658,0.004270647186785936,0.02970268577337265,0.006468356121331453,-0.005147529765963554,-0.0020659344736486673,0.042998380959033966,0.011411736353519263,0.005352193562023597,0.034478072468749656,0.005296046617410713,-0.005151387800139067,-0.0020605636183405997,,,,,,,,,,,,
0.8600000000000001,grasp,,,,,,,,,,,,,,,,,,,,,0.009283769875764847,0.005043765064328909,0.031018337234854698,0.005890492349863052,-0.005169303622096777,-0.0020628850907087326,0.042998380959033966,0.011411736353519263,0.005352193562023597,0.034478072468749656,0.005296046617410713,-0.005151387800139067,-0.0020605636183405997,,,,,,,,,,,,
0.8800000000000001,grasp,,,,,,,,,,,,,,,,,,,,,0.015569518320262432,0.007512705400586128,0.03503714129328728,0.00406804820522666,-0.005072156433016062,-0.002056997502222657,0.042998380959033966,0.022277409890911776,0.009597841281834038,0.04146684071917295,0.0021512782068961985,-0.00507673131992388,-0.0020483125864413075,,,,,,,,,,,,
0.9,grasp,,,,,,,,,,,,,,,,,,,,,0.018827496096491814,0.008768051862716675,0.037171293050050735,0.00312934466637671,-0.0051052807830274105,-0.0020520943216979504,0.042998380959033966,0.022277409890911776,0.009597841281834038,0.04146684071917295,0.0021512782068961985,-0.00507673131992388,-0.0020483125864413075,,,,,,,,,,,,
0.92,grasp,,,,,,,,,,,,,,,,,,,,,0.027975890785455704,0.012342514470219612,0.04301995784044266,0.0004772554966621101,-0.004966460634022951,-0.0020434516482055187,0.042998380959033966,0.037731962481258166,0.015599382919608138,0.051405982027825294,-0.002321179262685243,-0.004970555418381769,-0.0020308891865189944,,,,,,,,,,,,
0.9400000000000001,grasp,,,,,,,,,,,,,,,,,,,,,0.03271644935011864,0.014160700142383575,0.046122513711452484,-0.0008887828444130719,-0.005012230481952429,-0.0020363859366625547,0.042998380959033966,0.037731962481258166,0.015599382919608138,0.051405982027825294,-0.002321179262685243,-0.004970555418381769,-0.0020308891865189944,,,,,,,,,,,,
0.9600000000000001,grasp,,,,,,,,,,,,,,,,,,,,,0.04508742317557335,0.018955474719405174,0.054030269384384155,-0.004474538378417492,-0.004827012773603201,-0.002024625428020954,0.042998380959033966,0.0582744630879504,0.023506378392938784,0.06461506221074925,-0.00826523544797305,-0.004829443262520647,-0.0020077327652863147,,,,,,,,,,,,
0.98,grasp,,,,,,,,,,,,,,,,,,,,,0.05149669572710991,0.021394988521933556,0.05822179093956947,-0.006321513094007969,-0.004886395297944546,-0.002015149686485529,0.042998380959033966,0.0582744630879504,0.023506378392938784,0.06461506221074925,-0.00826523544797305,-0.004829443262520647,-0.0020077327652863147,,,,,,,,,,,,
1.0,grasp,,,,,,,,,,,,,,,,,,,,,0.06736548990011215,0.027491476386785507,0.06836383789777756,-0.010920419357717037,-0.004651217255741358,-0.001999986357986927,0.042998380959033966,0.08427622919323505,0.0334234220103501,0.08133162999935757,-0.015787875372010624,-0.004650855429916384,-0.0019784266716301926,,,,,,,,,,,,
1.02,grasp,,,,,,,,,,,,,,,,,,,,,0.07558578252792358,0.03059384413063526,0.07373613864183426,-0.013289276510477066,-0.004724754951894283,-0.001987914787605405,0.042998380959033966,0.08427622919323505,0.0334234220103501,0.08133162999935757,-0.015787875372010624,-0.004650855429916384,-0.0019784266716301926,,,,,,,,,,,,
1.04,grasp,,,,,,,,,,,,,,,,,,,,,0.09514380246400833,0.038055770099163055,0.0862346887588501,-0.01895667053759098,-0.004437293391674757,-0.001969135133549571,0.042998380959033966,0.11598172916425781,0.04543715351994065,0.1017126357008379,-0.024959727896966977,-0.004433114730641546,-0.0019426955935198317,,,,,,,,,,,,
1.06,grasp,,,,,,,,,,,,,,,,,,,,,0.1052740290760994,0.04185367003083229,0.09285140782594681,-0.02187592163681984,-0.004525240510702133,-0.0019543548114597797,0.042998380959033966,0.11598172916425781,0.04543715351994065,0.1017126357008379,-0.024959727896966977,-0.004433114730641546,-0.0019426955935198317,,,,,,,,,,,,
1.08,grasp,,,,,,,,,,,,,,,,,,,,,0.12863491475582123,0.050724465399980545,0.10777933895587921,-0.02864469587802887,-0.00418424466624856,-0.0019318298436701298,0.042998380959033966,0.15352071102011386,0.05960221913920522,0.12584167463101922,-0.03581837430467476,-0.004175329335080981,-0.0019003932992505757,,,,,,,,,,,,
1.1,grasp,,,,,,,,,,,,,,,,,,,,,0.14073370397090912,0.05524034425616264,0.11567763984203339,-0.03213130682706833,-0.004286459181457758,-0.0019142840756103396,0.042998380959033966,0.15352071102011386,0.05960221913920522,0.12584167463101922,-0.03581837430467476,-0.004175329335080981,-0.0019003932992505757,,,,,,,,,,,,
1.12,grasp,,,,,,,,,,,,,,,,,,,,,0.1679411679506302,0.06553413718938828,0.1330631524324417,-0.040014080703258514,-0.0038917744532227516,-0.0018879437120631337,0.042998380959033966,0.1969210258180655,0.07592408870421496,0.15373650628146157,-0.048371789066252315,-0.0038773096264375193,-0.0018514884568833596,,,,,,,,,,,,
1.1400000000000001,grasp,,,,,,,,,,,,,,,,,,,,,0.18203085660934448,0.07077553868293762,0.1422566920518875,-0.04407454654574394,-0.004007897339761257,-0.0018676226027309895,0.042998380959033966,0.1969210258180655,0.07592408870421496,0.15373650628146157,-0.048371789066252315,-0.0038773096264375193,-0.0018514884568833596,,,,,,,,,,,,
1.1600000000000001,grasp,,,,,,,,,,,,,,,,,,,,,0.21306267380714417,0.08248228579759598,0.16208580136299133,-0.053064826875925064,-0.003560190089046955,-0.0018374723149463534,0.042998380959033966,0.24611263573023393,0.09437450986827103,0.1853520044202545,-0.06259970112997272,-0.0035395366140102873,-0.001796060260031018,,,,,,,,,,,,
1.1800000000000002,grasp,,,,,,,,,,,,,,,,,,,,,0.22913168370723724,0.08844441920518875,0.17256581783294678,-0.05769580602645874,-0.003689643694087863,-0.0018144231289625168,0.042998380959033966,0.24611263573023393,0.09437450986827103,0.1853520044202545,-0.06259970112997272,-0.0035395366140102873,-0.001796060260031018,,,,,,,,,,,,
1.2000000000000002,grasp,,,,,,,,,,,,,,,,,,,,,0.26390400528907776,0.10153269022703171,0.19478581845760345,-0.06776938587427139,-0.0031904412899166346,-0.0017805182142183185,0.042998380959033966,0.30093491963113916,0.11489448046154016,0.22058504617835867,-0.07845567180054143,-0.0031631131100019697,-0.0017342895128170867,,,,,,,,,,,,
1.2200000000000002,grasp,,,,,,,,,,,,,,,,,,,,,0.2819088101387024,0.10819993168115616,0.20652271807193756,-0.07295840233564377,-0.003332454478368163,-0.0017548222094774246,0.042998380959033966,0.30093491963113916,0.11489448046154016,0.22058504617835867,-0.07845567180054143,-0.0031631131100019697,-0.0017342895128170867,,,,,,,,,,,,
1.2400000000000002,grasp,,,,,,,,,,,,,,,,,,,,,0.32028281688690186,0.12261469662189484,0.2310449779033661,-0.084074966609478,-0.002784040989354253,-0.0017172840889543295,0.042998380959033966,0.3611465168776426,0.13738826058869122,0.2592803596882744,-0.09586983435666913,-0.0027496970335356944,-0.0016664484779862808,,,,,,,,,,,,
1.26,grasp,,,,,,,,,,,,,,,,,,,,,0.3401513695716858,0.12995941936969757,0.24399051070213318,-0.08980127424001694,-0.0029376058373600245,-0.0016890604747459292,0.042998380959033966,0.3611465168776426,0.13738826058869122,0.2592803596882744,-0.09586983435666913,-0.0027496970335356944,-0.0016664484779862808,,,,,,,,,,,,
1.28,grasp,,,,,,,,,,,,,,,,,,,,,0.3819356858730316,0.14563106000423431,0.27069345116615295,-0.1019054502248764,-0.0023429887369275093,-0.0016480735503137112,0.042998380959033966,0.4264282690809201,0.1617427932134949,0.30123308022185535,-0.11474995399909838,-0.00230147867006086,-0.0015928965951870781,,,,,,,,,,,,
1.3,grasp,,,,,,,,,,,,,,,,,,,,,0.4035690724849701,0.15361817181110382,0.2847817838191986,-0.10814043879508972,-0.002507116412743926,-0.001617474714294076,0.042998380959033966,0.4264282690809201,0.1617427932134949,0.30123308022185535,-0.11474995399909838,-0.00230147867006086,-0.0015928965951870781,,,,,,,,,,,,
1.32,grasp,,,,,,,,,,,,,,,,,,,,,0.44852638244628906,0.17045746743679047,0.31351420283317566,-0.12116353213787079,-0.0018697604537010193,-0.0015732502797618508,0.042998380959033966,0.49639543623797844,0.18781269442273835,0.34619587756062814,-0.1349847808282989,-0.001821099518574571,-0.0015140673143409992,,,,,,,,,,,,
1.34,grasp,,,,,,,,,,,,,,,,,,,,,0.4718016982078552,0.1790417581796646,0.32866427302360535,-0.12787196040153503,-0.002043329179286957,-0.001540472381748259,0.042998380959033966,0.49639543623797844,0.18781269442273835,0.34619587756062814,-0.1349847808282989,-0.001821099518574571,-0.0015140673143409992,,,,,,,,,,,,
1.36,grasp,,,,,,,,,,,,,,,,,,,,,0.5196532011032104,0.19694554805755615,0.3592483103275299,-0.14173322916030884,-0.0013672658242285252,-0.0014932812191545963,0.042998380959033966,0.5706019839391961,0.21543459479213126,0.39388227655145974,-0.15644535491538922,-0.0013116212446220472,-0.0014304630081926146,,,,,,,,,,,,
1.3800000000000001,grasp,,,,,,,,,,,,,,,,,,,,,0.5444263219833374,0.20607465505599976,0.375365287065506,-0.14887338876724243,-0.001549114822410047,-0.001458522630855441,0.042998380959033966,0.5706019839391961,0.21543459479213126,0.39388227655145974,-0.15644535491538922,-0.0013116212446220472,-0.0014304630081926146,,,,,,,,,,,,
1.4,grasp,,,,,,,,,,,,,,,,,,,,,0.5948565602302551,0.2249249666929245,0.40759962797164917,-0.1634817272424698,-0.000838718842715025,-0.0014086832525208592,0.042998380959033966,0.648550013178663,0.2444226494279691,0.44397227452703414,-0.17898772223353956,-0.0007764607057760028,-0.001342644286644696,,,,,,,,,,,,
1.42,grasp,,,,,,,,,,,,,,,,,,,,,0.6209651231765747,0.2345392405986786,0.4245767593383789,-0.17100664973258972,-0.0010277413530275226,-0.0013720017159357667,0.042998380959033966,0.648550013178663,0.2444226494279691,0.44397227452703414,-0.17898772223353956,-0.0007764607057760028,-0.001342644286644696,,,,,,,,,,,,
1.44,grasp,,,,,,,,,,,,,,,,,,,,,0.6736267805099487,0.2542085647583008,0.45823991298675537,-0.18626147508621216,-0.00033334631007164717,-0.001314849010668695,0.042998380959033966,0.7296952081319285,0.27457849864116857,0.49611627987296364,-0.2024545456143791,-0.0002193527363668327,-0.001251224057642698,,,,,,,,,,,,
1.46,grasp,,,,,,,,,,,,,,,,,,,,,0.7008922696113586,0.26424291729927063,0.475959450006485,-0.1941194087266922,-0.0005296891322359443,-0.0012799620162695646,0.042998380959033966,0.7296952081319285,0.27457849864116857,0.49611627987296364,-0.2024545456143791,-0.0002193527363668327,-0.001251224057642698,,,,,,,,,,,,
1.48,grasp,,,,,,,,,,,,,,,,,,,,,0.75541090965271,0.28459176421165466,0.5108128786087036,-0.20991256833076477,0.0002076027012662962,-0.0012215551687404513,0.042998380959033966,0.8134566765367389,0.30568520359780454,0.5499409951858627,-0.22667781532656028,0.00035571349867875504,-0.0011568568260187982,,,,,,,,,,,,
1.5,grasp,,,,,,,,,,,,,,,,,,,,,0.7836389541625977,0.29497507214546204,0.529149055480957,-0.2180478423833847,1.9548573618521914e-05,-0.0011853814357891679,0.042998380959033966,0.8134566765367389,0.30568520359780454,0.5499409951858627,-0.22667781532656028,0.00035571349867875504,-0.0011568568260187982,,,,,,,,,,,,
1.52,grasp,,,,,,,,,,,,,,,,,,,,,0.8396225571632385,0.31585782766342163,0.5649392008781433,-0.23428182303905487,0.0007785959751345217,-0.0011261298786848783,0.042998380959033966,0.8992219261294417,0.3375190461042539,0.6050530126097917,-0.251480499745505,0.000944535123550199,-0.001060232317985067,,,,,,,,,,,,
1.54,grasp,,,,,,,,,,,,,,,,,,,,,0.8686058521270752,0.3265158534049988,0.5837593674659729,-0.2426271140575409,0.0005983415176160634,-0.0010892546270042658,0.042998380959033966,0.8992219261294417,0.3375190461042539,0.6050530126097917,-0.251480499745505,0.000944535123550199,-0.001060232317985067,,,,,,,,,,,,
1.56,grasp,,,,,,,,,,,,,,,,,,,,,0.9256424307823181,0.34777992963790894,0.620223343372345,-0.2591749131679535,0.0013666232116520405,-0.0010286212200298905,0.042998380959033966,0.9863560322095156,0.36984568769377907,0.6610445495723578,-0.2766790466167159,0.001542754575621078,-0.000962065694293668,,,,,,,,,,,,
1.58,grasp,,,,,,,,,,,,,,,,,,,,,0.9551674723625183,0.3586346209049225,0.6393888592720032,-0.2676682770252228,0.0011922623962163925,-0.000991556909866631,0.042998380959033966,0.9863560322095156,0.36984568769377907,0.6610445495723578,-0.2766790466167159,0.001542754575621078,-0.000962065694293668,,,,,,,,,,,,
1.6,grasp,,,,,,,,,,,,,,,,,,,,,1.0128307342529297,0.3801220953464508,0.6762553453445435,-0.28437888622283936,0.0019656228832900524,-0.0009302310063503683,0.042998380959033966,1.0742088274952242,0.4024243517145476,0.717497813089905,-0.30208545810457876,0.00214591064915294,-0.000863088759843555,,,,,,,,,,,,
1.62,grasp,,,,,,,,,,,,,,,,,,,,,1.042680263519287,0.39109325408935547,0.6956234574317932,-0.29297053813934326,0.0017923428677022457,-0.0008927997550927103,0.042998380959033966,1.0742088274952242,0.4024243517145476,0.717497813089905,-0.30208545810457876,0.00214591064915294,-0.000863088759843555,,,,,,,,,,,,
1.6400000000000001,grasp,,,,,,,,,,,,,,,,,,,,,1.1005370616912842,0.41264498233795166,0.7326165437698364,-0.3097241222858429,0.002566870301961899,-0.000831339624710381,0.042998380959033966,1.162121394963696,0.4350136732960134,0.7739895461069154,-0.3275092416988501,0.0027494792819180557,-0.0007640440213568939,,,,,,,,,,,,
1.6600000000000001,grasp,,,,,,,,,,,,,,,,,,,,,1.1304889917373657,0.42365124821662903,0.7520426511764526,-0.3183537721633911,0.0023943334817886353,-0.000793814891949296,0.042998380959033966,1.162121394963696,0.4350136732960134,0.7739895461069154,-0.3275092416988501,0.0027494792819180557,-0.0007640440213568939,,,,,,,,,,,,
1.6800000000000002,grasp,,,,,,,,,,,,,,,,,,,,,1.1881040334701538,0.44510701298713684,0.7888846397399902,-0.33504316210746765,0.0031668641604483128,-0.0007327909697778523,0.042998380959033966,1.2494344948482734,0.46737057618546946,0.8300963580964649,-0.35275987173519263,0.0033489366554322647,-0.0006656738870394722,,,,,,,,,,,,
1.7000000000000002,grasp,,,,,,,,,,,,,,,,,,,,,1.2179356813430786,0.4560663402080536,0.8082237839698792,-0.3436398208141327,0.0029928735457360744,-0.0006952821277081966,0.042998380959033966,1.2494344948482734,0.46737057618546946,0.8300963580964649,-0.35275987173519263,0.0033489366554322647,-0.0006656738870394722,,,,,,,,,,,,
1.7200000000000002,grasp,,,,,,,,,,,,,,,,,,,,,1.274876594543457,0.477266401052475,0.844639241695404,-0.3601366877555847,0.0037604861427098513,-0.0006352888303808868,0.042998380959033966,1.335495666244029,0.4992544655306253,0.8853992371537235,-0.3776488340577726,0.0039398057840611496,-0.0005687131073179494,,,,,,,,,,,,
1.7400000000000002,grasp,,,,,,,,,,,,,,,,,,,,,1.3043668270111084,0.48809728026390076,0.8637471795082092,-0.36863434314727783,0.0035838752519339323,-0.0005979602574370801,0.042998380959033966,1.335495666244029,0.4992544655306253,0.8853992371537235,-0.3776488340577726,0.0039398057840611496,-0.0005687131073179494,,,,,,,,,,,,
1.7600000000000002,grasp,,,,,,,,,,,,,,,,,,,,,1.3602080345153809,0.5088850259780884,0.8994652032852173,-0.38481536507606506,0.004343351814895868,-0.0005395484622567892,0.042998380959033966,1.419666604559623,0.5304303137011669,0.9394883127132294,-0.4019915813832986,0.004517709568860398,-0.0004738800535074536,,,,,,,,,,,,
1.7800000000000002,grasp,,,,,,,,,,,,,,,,,,,,,1.3891395330429077,0.5195075273513794,0.9182006120681763,-0.3931502401828766,0.004162863362580538,-0.0005025540012866259,0.042998380959033966,1.419666604559623,0.5304303137011669,0.9394883127132294,-0.4019915813832986,0.004517709568860398,-0.0004738800535074536,,,,,,,,,,,,
1.8000000000000003,grasp,,,,,,,,,,,,,,,,,,,,,1.4434733390808105,0.5397310256958008,0.9529587030410767,-0.4088960587978363,0.00491157965734601,-0.00044633474317379296,0.042998380959033966,1.5013305960927863,0.5606714164134947,0.9919675411291728,-0.4256098854351925,0.005078414141804298,-0.0003818692454673963,,,,,,,,,,,,
1.8200000000000003,grasp,,,,,,,,,,,,,,,,,,,,,1.47162926197052,0.550067126750946,0.9711846113204956,-0.41700688004493713,0.0047345878556370735,-0.00041008516564033926,0.042998380959033966,1.5013305960927863,0.5606714164134947,0.9919675411291728,-0.4256098854351925,0.005078414141804298,-0.0003818692454673963,,,,,,,,,,,,
1.8399999999999999,grasp,,,,,,,,,,,,,,,,,,,,,1.5240634679794312,0.5695810914039612,1.0047308206558228,-0.4322039484977722,0.005504243541508913,-0.00036094587994739413,0.042998380959033966,1.5799001964352948,0.5897613062982928,1.0424596051609365,-0.44833394871321247,0.005617887956863502,-0.0002933424958796528,,,,,,,,,,,,
1.8599999999999999,grasp,,,,,,,,,,,,,,,,,,,,,1.55123770236969,0.5795562863349915,1.022315263748169,-0.44003188610076904,0.005330437794327736,-0.00032215594546869397,0.042998380959033966,1.5799001964352948,0.5897613062982928,1.0424596051609365,-0.44833394871321247,0.005617887956863502,-0.0002933424958796528,,,,,,,,,,,,
1.88,grasp,,,,,,,,,,,,,,,,,,,,,1.6014026403427124,0.5982233881950378,1.054412603378296,-0.454572468996048,0.00604286277666688,-0.00027385319117456675,0.042998380959033966,1.654824131852247,0.6174973833021014,1.0906109575298888,-0.47000468451350924,0.006132354413649433,-0.00020891947414869715,,,,,,,,,,,,
1.9,grasp,,,,,,,,,,,,,,,,,,,,,1.6274054050445557,0.6077673435211182,1.0712324380874634,-0.4620622992515564,0.005866033956408501,-0.00023785878147464246,0.042998380959033966,1.654824131852247,0.6174973833021014,1.0906109575298888,-0.47000468451350924,0.006132354413649433,-0.00020891947414869715,,,,,,,,,,,,
1.92,grasp,,,,,,,,,,,,,,,,,,,,,1.6749554872512817,0.6254606246948242,1.1016614437103271,-0.47584691643714905,0.006537312176078558,-0.00019067939138039947,0.042998380959033966,1.725595099422969,0.6436931479461938,1.1360964153418511,-0.4904756764826517,0.006618338340540408,-0.00012917046641844454,,,,,,,,,,,,
1.94,grasp,,,,,,,,,,,,,,,,,,,,,1.699607253074646,0.6345085501670837,1.1176018714904785,-0.48294731974601746,0.006366955116391182,-0.00015675209579057992,0.042998380959033966,1.725595099422969,0.6436931479461938,1.1360964153418511,-0.4904756764826517,0.006618338340540408,-0.00012917046641844454,,,,,,,,,,,,
1.96,grasp,,,,,,,,,,,,,,,,,,,,,1.74423086643219,0.6511129140853882,1.1461632251739502,-0.4958863854408264,0.006996097043156624,-0.00011257580626988783,0.042998380959033966,1.7917556672783468,0.6681818501472171,1.1786253943732272,-0.5096162496468819,0.007072736560146593,-5.460489299697153e-05,,,,,,,,,,,,
1.98,grasp,,,,,,,,,,,,,,,,,,,,,1.767370343208313,0.659605860710144,1.1611214876174927,-0.502551257610321,0.0068354918621480465,-8.036194776650518e-05,0.042998380959033966,1.7917556672783468,0.6681818501472171,1.1786253943732272,-0.5096162496468819,0.007072736560146593,-5.460489299697153e-05,,,,,,,,,,,,
2.0,grasp,,,,,,,,,,,,,,,,,,,,,1.8036097288131714,0.6780419945716858,1.185114860534668,-0.5088499784469604,0.007256605662405491,-4.420442564878613e-05,0.042998380959033966,1.8421893923477717,0.6971011192939657,1.2126758164625944,-0.5155236428524491,0.007271541297534254,2.4799461772586244e-06,,,,,,,,,,,,
2.02,grasp,,,,,,,,,,,,,,,,,,,,,1.822396159172058,0.6875330805778503,1.197642207145691,-0.5120940804481506,0.0071067907847464085,-1.8270893633598462e-05,0.042998380959033966,1.8421893923477717,0.6971011192939657,1.2126758164625944,-0.5155236428524491,0.007271541297534254,2.4799461772586244e-06,,,,,,,,,,,,
2.04,grasp,,,,,,,,,,,,,,,,,,,,,1.8313252925872803,0.7185822129249573,1.2076971530914307,-0.49105867743492126,0.006743445061147213,-6.793587544962065e-06,0.042998380959033966,1.8407385130446174,0.7513978381033105,1.220213959498711,-0.46868562810139414,0.006489304672373968,2.019505873122146e-06,,,,,,,,,,,,
2.06,grasp,,,,,,,,,,,,,,,,,,,,,1.8359030485153198,0.7348678112030029,1.2127654552459717,-0.4802221953868866,0.006595774088054895,-1.9542599147825968e-06,0.042998380959033966,1.8407385130446174,0.7513978381033105,1.220213959498711,-0.46868562810139414,0.006489304672373968,2.019505873122146e-06,,,,,,,,,,,,
2.08,grasp,,,,,,,,,,,,,,,,,,,,,1.8380355834960938,0.7665960192680359,1.2191448211669922,-0.4545365571975708,0.006256235297769308,-4.837658252654364e-06,0.042998380959033966,1.840056367612283,0.7999202505430615,1.2272132837112153,-0.42722720487291227,0.005806657543657676,2.2828914209557746e-06,,,,,,,,,,,,
2.1,grasp,,,,,,,,,,,,,,,,,,,,,1.8389720916748047,0.7826741933822632,1.2253812551498413,-0.44128522276878357,0.0073447865433990955,-0.00016900725313462317,0.042998380959033966,1.840056367612283,0.7999202505430615,1.2272132837112153,-0.42722720487291227,0.005806657543657676,2.2828914209557746e-06,,,,,,,,,,,,
2.12,grasp,,,,,,,,,,,,,,,,,,,,,1.8386800289154053,0.8099703788757324,1.231968879699707,-0.40785375237464905,0.00911448709666729,-0.0004192096821498126,0.042998380959033966,1.839453656928577,0.842877623527008,1.2333976934419228,-0.39052940985516155,0.005203557567251572,2.5155883197652923e-06,,,,,,,,,,,,
2.14,grasp,,,,,,,,,,,,,,,,,,,,,1.8382439613342285,0.8258704543113708,1.2352144718170166,-0.3862503170967102,0.010103042237460613,-0.0005308085237629712,0.042998380959033966,1.839453656928577,0.842877623527008,1.2333976934419228,-0.39052940985516155,0.005203557567251572,2.5155883197652923e-06,,,,,,,,,,,,
2.16,grasp,,,,,,,,,,,,,,,,,,,,,1.8380119800567627,0.8520184755325317,1.2395175695419312,-0.3554883301258087,0.009496528655290604,-0.0004987565916962922,0.042998380959033966,1.8389298884162752,0.8801819137925635,1.2387684835639938,-0.358661079239191,0.004679862663503353,2.7176496410103508e-06,,,,,,,,,,,,
2.18,grasp,,,,,,,,,,,,,,,,,,,,,1.8380533456802368,0.865692138671875,1.2416325807571411,-0.33467599749565125,0.008915324695408344,-0.00044628450996242464,0.042998380959033966,1.8389298884162752,0.8801819137925635,1.2387684835639938,-0.358661079239191,0.004679862663503353,2.7176496410103508e-06,,,,,,,,,,,,
2.2,grasp,,,,,,,,,,,,,,,,,,,,,1.837990164756775,0.8878005743026733,1.2449417114257812,-0.300619900226593,0.008228039368987083,-0.00039406513678841293,0.042998380959033966,1.8384847745224178,0.9118402295652999,1.2433328844565243,-0.33161335716145474,0.004234919112112643,2.8893265408513835e-06,,,,,,,,,,,,
2.22,grasp,,,,,,,,,,,,,,,,,,,,,1.8380358219146729,0.8994578719139099,1.2466331720352173,-0.28524819016456604,0.0072455150075256824,-0.0003099002642557025,0.042998380959033966,1.8384847745224178,0.9118402295652999,1.2433328844565243,-0.33161335716145474,0.004234919112112643,2.8893265408513835e-06,,,,,,,,,,,,
2.24,grasp,,,,,,,,,,,,,,,,,,,,,1.8380900621414185,0.9179944396018982,1.2493301630020142,-0.2572530508041382,0.006597647909075022,-0.0002493396168574691,0.042998380959033966,1.8381166601526864,0.9379611030040668,1.247108097066551,-0.3092930378937903,0.003866990512051022,3.0312878809441226e-06,,,,,,,,,,,,
2.2600000000000002,grasp,,,,,,,,,,,,,,,,,,,,,1.8379696607589722,0.9276036024093628,1.2507245540618896,-0.24351242184638977,0.006321276072412729,-0.00024101532471831888,0.042998380959033966,1.8381166601526864,0.9379611030040668,1.247108097066551,-0.3092930378937903,0.003866990512051022,3.0312878809441226e-06,,,,,,,,,,,,
2.2800000000000002,grasp,,,,,,,,,,,,,,,,,,,,,1.8377609252929688,0.9425776600837708,1.252901315689087,-0.2220480740070343,0.005898609757423401,-0.00020476426288951188,0.042998380959033966,1.8378224103358243,0.9587613589057775,1.2501255049688502,-0.2915166026526354,0.003572995879846616,3.144726155441708e-06,,,,,,,,,,,,
2.3000000000000003,grasp,,,,,,,,,,,,,,,,,,,,,1.8376613855361938,0.9503695368766785,1.2540042400360107,-0.21173644065856934,0.005416478030383587,-0.00016752509691286832,0.042998380959033966,1.8378224103358243,0.9587613589057775,1.2501255049688502,-0.2915166026526354,0.003572995879846616,3.144726155441708e-06,,,,,,,,,,,,
2.3200000000000003,grasp,,,,,,,,,,,,,,,,,,,,,1.837501883506775,0.9620135426521301,1.2556954622268677,-0.19790393114089966,0.004965206608176231,-0.00013736842083744705,0.042998380959033966,1.8375976236258642,0.9745714421599576,1.2524316435416476,-0.2780018991064888,0.0033483619400716262,3.2314032602682706e-06,,,,,,,,,,,,
2.3400000000000003,grasp,,,,,,,,,,,,,,,,,,,,,1.8374483585357666,0.9680420160293579,1.2565675973892212,-0.19137082993984222,0.004616514313966036,-0.00010351386299589649,0.042998380959033966,1.8375976236258642,0.9745714421599576,1.2524316435416476,-0.2780018991064888,0.0033483619400716262,3.2314032602682706e-06,,,,,,,,,,,,
2.36,grasp,,,,,,,,,,,,,,,,,,,,,1.837317943572998,0.9765918850898743,1.2578129768371582,-0.18187351524829865,0.004341835156083107,-9.1355133918114e-05,0.042998380959033966,1.8374362367430996,0.985843996484107,1.2540883695830856,-0.2683634957814581,0.003187024603471876,3.293657241008297e-06,,,,,,,,,,,,
2.38,grasp,,,,,,,,,,,,,,,,,,,,,1.837267279624939,0.9810040593147278,1.258442997932434,-0.17535707354545593,0.004348104353994131,-0.00010554865730227903,0.042998380959033966,1.8374362367430996,0.985843996484107,1.2540883695830856,-0.2683634957814581,0.003187024603471876,3.293657241008297e-06,,,,,,,,,,,,
2.4,grasp,,,,,,,,,,,,,,,,,,,,,1.8371503353118896,0.986756443977356,1.2592946290969849,-0.16784611344337463,0.004501595627516508,-0.00013023128849454224,0.042998380959033966,1.837329605496085,0.993156603665425,1.2551804275157685,-0.26210250946774055,0.003080676356268611,3.334694338944378e-06,,,,,,,,,,,,
2.42,grasp,,,,,,,,,,,,,,,,,,,,,1.837082028388977,0.9897465705871582,1.2597187757492065,-0.16382041573524475,0.004479954019188881,-0.00014646293129771948,0.042998380959033966,1.837329605496085,0.993156603665425,1.2551804275157685,-0.26210250946774055,0.003080676356268611,3.334694338944378e-06,,,,,,,,,,,,
2.44,grasp,,,,,,,,,,,,,,,,,,,,,1.8370037078857422,0.9932525753974915,1.2602391242980957,-0.15933449566364288,0.0045376792550086975,-0.00015538542356807739,0.042998380959033966,1.8372688998484568,0.9972269603749827,1.255803825925677,-0.2586075548313549,0.0030199857094078803,3.3581140234914424e-06,,,,,,,,,,,,
2.46,grasp,,,,,,,,,,,,,,,,,,,,,1.8369646072387695,0.9950634241104126,1.2605022192001343,-0.1570158451795578,0.004533224273473024,-0.00015733734471723437,0.042998380959033966,1.8372688998484568,0.9972269603749827,1.255803825925677,-0.2586075548313549,0.0030199857094078803,3.3581140234914424e-06,,,,,,,,,,,,
2.48,grasp,,,,,,,,,,,,,,,,,,,,,1.836942434310913,0.996814489364624,1.2607613801956177,-0.15460434556007385,0.004467268008738756,-0.00015156916924752295,0.042998380959033966,1.83724339522411,0.9989215704436994,1.2560667214616528,-0.25715024894072974,0.00299439462050053,3.3679893479962914e-06,,,,,,,,,,,,
2.5,grasp,,,,,,,,,,,,,,,,,,,,,1.8369513750076294,0.9977203607559204,1.2608927488327026,-0.15332047641277313,0.00436805747449398,-0.00014175930118653923,0.042998380959033966,1.83724339522411,0.9989215704436994,1.2560667214616528,-0.25715024894072974,0.00299439462050053,3.3679893479962914e-06,,,,,,,,,,,,
2.52,grasp,,,,,,,,,,,,,,,,,,,,,1.8369863033294678,0.9983464479446411,1.260985016822815,-0.15241095423698425,0.004194822162389755,-0.0001238466938957572,0.042998380959033966,1.8372383589461287,0.9992493381735905,1.256117616972086,-0.2568683489362287,0.002989435065847901,3.369903100891028e-06,,,,,,,,,,,,
2.5269340316951276,grasp,,,,,,,,,,,,,,,,,,,,,1.8370263576507568,0.9986737370491028,1.2610312700271606,-0.15190108120441437,0.004063563887029886,-0.00010829569509951398,0.042998380959033966,1.8372383117675781,0.999252200126648,1.2561180591583252,-0.25686588883399963,0.0029893917962908745,3.3699197956593707e-06,,,,,,,,,,,,
0.0,grasp,,,,,,,,,,,,,,,,,,,,,,,,,,,5.8782485211850144e-05,,,,,,,0.043,,,,,,,,,,,
0.02,grasp,,,,,,,,,,,,,,,,,,,,,,,,,,,7.329858453886118e-05,,,,,,,0.043,,,,,,,,,,,
0.04,grasp,,,,,,,,,,,,,,,,,,,,,,,,,,,0.00016830474487505853,,,,,,,0.043,,,,,,,,,,,
0.06,grasp,,,,,,,,,,,,,,,,,,,,,,,,,,,0.0003958937886636704,,,,,,,0.043,,,,,,,,,,,
0.08,grasp,,,,,,,,,,,,,,,,,,,,,,,,,,,0.0007811331888660789,,,,,,,0.043,,,,,,,,,,,
0.1,grasp,,,,,,,,,,,,,,,,,,,,,,,,,,,0.0013531828881241381,,,,,,,0.043,,,,,,,,,,,
0.12,grasp,,,,,,,,,,,,,,,,,,,,,,,,,,,0.002130840322934091,,,,,,,0.043,,,,,,,,,,,
0.14,grasp,,,,,,,,,,,,,,,,,,,,,,,,,,,0.0031202136306092143,,,,,,,0.043,,,,,,,,,,,
0.16,grasp,,,,,,,,,,,,,,,,,,,,,,,,,,,0.004324879264459014,,,,,,,0.043,,,,,,,,,,,
0.18,grasp,,,,,,,,,,,,,,,,,,,,,,,,,,,0.005740173626691103,,,,,,,0.043,,,,,,,,,,,
0.2,grasp,,,,,,,,,,,,,,,,,,,,,,,,,,,0.007355137029662728,,,,,,,0.043,,,,,,,,,,,
0.22,grasp,,,,,,,,,,,,,,,,,,,,,,,,,,,0.009154472034424543,,,,,,,0.043,,,,,,,,,,,
0.24,grasp,,,,,,,,,,,,,,,,,,,,,,,,,,,0.011118046939373016,,,,,,,0.043,,,,,,,,,,,
0.26,grasp,,,,,,,,,,,,,,,,,,,,,,,,,,,0.013221601024270058,,,,,,,0.043,,,,,,,,,,,
0.28,grasp,,,,,,,,,,,,,,,,,,,,,,,,,,,0.01543842488899827,,,,,,,0.043,,,,,,,,,,,
0.3,grasp,,,,,,,,,,,,,,,,,,,,,,,,,,,0.017738770693540573,,,,,,,0.043,,,,,,,,,,,
0.32,grasp,,,,,,,,,,,,,,,,,,,,,,,,,,,0.020091493614017963,,,,,,,0.043,,,,,,,,,,,
0.34,grasp,,,,,,,,,,,,,,,,,,,,,,,,,,,0.02246382273733616,,,,,,,0.043,,,,,,,,,,,
0.36,grasp,,,,,,,,,,,,,,,,,,,,,,,,,,,0.02482361253350973,,,,,,,0.043,,,,,,,,,,,
0.38,grasp,,,,,,,,,,,,,,,,,,,,,,,,,,,0.02713766321539879,,,,,,,0.043,,,,,,,,,,,
0.4,grasp,,,,,,,,,,,,,,,,,,,,,,,,,,,0.02937466651201248,,,,,,,0.043,,,,,,,,,,,
0.42,grasp,,,,,,,,,,,,,,,,,,,,,,,,,,,0.03150474280118942,,,,,,,0.043,,,,,,,,,,,
0.44,grasp,,,,,,,,,,,,,,,,,,,,,,,,,,,0.03350001201033592,,,,,,,0.043,,,,,,,,,,,
0.46,grasp,,,,,,,,,,,,,,,,,,,,,,,,,,,0.035336023196578026,,,,,,,0.043,,,,,,,,,,,
0.48,grasp,,,,,,,,,,,,,,,,,,,,,,,,,,,0.03699156828224659,,,,,,,0.043,,,,,,,,,,,
0.5,grasp,,,,,,,,,,,,,,,,,,,,,,,,,,,0.03845033049583435,,,,,,,0.043,,,,,,,,,,,
0.52,grasp,,,,,,,,,,,,,,,,,,,,,,,,,,,0.039700234308838844,,,,,,,0.043,,,,,,,,,,,
0.54,grasp,,,,,,,,,,,,,,,,,,,,,,,,,,,0.040735701099038124,,,,,,,0.043,,,,,,,,,,,
0.56,grasp,,,,,,,,,,,,,,,,,,,,,,,,,,,0.041557228192687035,,,,,,,0.043,,,,,,,,,,,
0.58,grasp,,,,,,,,,,,,,,,,,,,,,,,,,,,0.04217241890728474,,,,,,,0.043,,,,,,,,,,,
0.6,grasp,,,,,,,,,,,,,,,,,,,,,,,,,,,0.04259623400866985,,,,,,,0.043,,,,,,,,,,,
0.62,grasp,,,,,,,,,,,,,,,,,,,,,,,,,,,0.04285296052694321,,,,,,,0.043,,,,,,,,,,,
0.64,grasp,,,,,,,,,,,,,,,,,,,,,,,,,,,0.0429750420153141,,,,,,,0.043,,,,,,,,,,,
0.66,grasp,,,,,,,,,,,,,,,,,,,,,,,,,,,0.043005429208278656,,,,,,,0.043,,,,,,,,,,,
0.68,grasp,,,,,,,,,,,,,,,,,,,,,,,,,,,0.04299834556877613,,,,,,,0.043,,,,,,,,,,,
0.68,grasp,,,,,,,,,,,,,,,,,,,,,-0.011599790304899216,0.010692684911191463,0.014006883837282658,0.0033162448089569807,0.0049399202689528465,0.02620437555015087,0.04299834556877613,-0.011598384939134121,0.010155060328543186,0.01609969325363636,0.0033366666175425053,0.004903479944914579,0.026205113157629967,,,,,,,,,,,,
0.7000000000000001,grasp,,,,,,,,,,,,,,,,,,,,,-0.011599802412092686,0.010697249323129654,0.013989433646202087,0.0033160592429339886,0.004940641578286886,0.026204312220215797,0.04299834556877613,-0.011598384939134121,0.010155060328543186,0.01609969325363636,0.0033366666175425053,0.004903479944914579,0.026205113157629967,,,,,,,,,,,,
0.7200000000000001,grasp,,,,,,,,,,,,,,,,,,,,,-0.011477204971015453,0.01075194962322712,0.014069725759327412,0.0032767110969871283,0.004942641593515873,0.026202285662293434,0.04299834556877613,-0.011340211031704616,0.010263001171917807,0.016285363424944625,0.003255734197429856,0.004903835097292784,0.026201068617897366,,,,,,,,,,,,
0.74,grasp,,,,,,,,,,,,,,,,,,,,,-0.011412478983402252,0.01077968254685402,0.014113128185272217,0.0032564785797148943,0.004941578954458237,0.026201294735074043,0.04299834556877613,-0.011340211031704616,0.010263001171917807,0.016285363424944625,0.003255734197429856,0.004903835097292784,0.026201068617897366,,,,,,,,,,,,
0.76,grasp,,,,,,,,,,,,,,,,,,,,,-0.01054477971047163,0.011143543757498264,0.014733528718352318,0.0029826355166733265,0.004952721763402224,0.026187391951680183,0.04299834556877613,-0.00960760945994512,0.010987390035743946,0.017531388226096952,0.0027125981046058354,0.004906222962102077,0.026173938149277345,,,,,,,,,,,,
0.78,grasp,,,,,,,,,,,,,,,,,,,,,-0.010094414465129375,0.011330182664096355,0.01506525557488203,0.002841774607077241,0.0049440558068454266,0.026180552318692207,0.04299834556877613,-0.00960760945994512,0.010987390035743946,0.017531388226096952,0.0027125981046058354,0.004906222962102077,0.026173938149277345,,,,,,,,,,,,
0.8,grasp,,,,,,,,,,,,,,,,,,,,,-0.007695354055613279,0.01233398076146841,0.01677924394607544,0.002087619621306658,0.004971775691956282,0.026142362505197525,0.04299834556877613,-0.005125648447518042,0.012861262255171167,0.020754652935262245,0.0013075926262655425,0.0049123999320529734,0.02610375103561266,,,,,,,,,,,,
0.8200000000000001,grasp,,,,,,,,,,,,,,,,,,,,,-0.006450844928622246,0.012844041921198368,0.017694635316729546,0.0016997578786686063,0.004949313588440418,0.026123501360416412,0.04299834556877613,-0.005125648447518042,0.012861262255171167,0.020754652935262245,0.0013075926262655425,0.0049123999320529734,0.02610375103561266,,,,,,,,,,,,
0.8400000000000001,grasp,,,,,,,,,,,,,,,,,,,,,-0.001797637902200222,0.014796990901231766,0.02101978100836277,0.0002376645861659199,0.004999355413019657,0.026049548760056496,0.04299834556877613,0.003173635248767306,0.016329049000752837,0.0267226360427622,-0.0012940131530571367,0.004923836729930784,0.02597378678698187,,,,,,,,,,,,
0.8600000000000001,grasp,,,,,,,,,,,,,,,,,,,,,0.0006155433366075158,0.015788104385137558,0.022789886221289635,-0.0005143568851053715,0.004958157893270254,0.026012927293777466,0.04299834556877613,0.003173635248767306,0.016329049000752837,0.0267226360427622,-0.0012940131530571367,0.004923836729930784,0.02597378678698187,,,,,,,,,,,,
0.8800000000000001,grasp,,,,,,,,,,,,,,,,,,,,,0.008137733675539494,0.018941529095172882,0.028164207935333252,-0.002877535531297326,0.0050355070270597935,0.025893477723002434,0.04299834556877613,0.01616461514370347,0.02174511393783896,0.036061122911427324,-0.0053660252868763,0.004941738868950508,0.02577036736958937,,,,,,,,,,,,
0.9,grasp,,,,,,,,,,,,,,,,,,,,,0.012037230655550957,0.02054319903254509,0.03102043829858303,-0.004093112889677286,0.004971785470843315,0.025834208354353905,0.04299834556877613,0.01616461514370347,0.02174511393783896,0.036061122911427324,-0.0053660252868763,0.004941738868950508,0.02577036736958937,,,,,,,,,,,,
0.92,grasp,,,,,,,,,,,,,,,,,,,,,0.02292656898498535,0.025093963369727135,0.0387970432639122,-0.007513540331274271,0.005080438684672117,0.025661403313279152,0.04299834556877613,0.03453896520409408,0.029378425509250447,0.049262060806174776,-0.011124741282664755,0.0049670569675887965,0.02548268519000001,,,,,,,,,,,,
0.9400000000000001,grasp,,,,,,,,,,,,,,,,,,,,,0.028570100665092468,0.027406536042690277,0.0429251454770565,-0.009273055009543896,0.004991259425878525,0.025575529783964157,0.04299834556877613,0.03453896520409408,0.029378425509250447,0.049262060806174776,-0.011124741282664755,0.0049670569675887965,0.02548268519000001,,,,,,,,,,,,
0.9600000000000001,grasp,,,,,,,,,,,,,,,,,,,,,0.04321087896823883,0.03349732235074043,0.05337384343147278,-0.013870926573872566,0.00513420207425952,0.025343338027596474,0.04299834556877613,0.05881746327704481,0.039414866203761965,0.06669139034502361,-0.018732569079587886,0.0050005062955320295,0.025102627736995082,,,,,,,,,,,,
0.98,grasp,,,,,,,,,,,,,,,,,,,,,0.05079718306660652,0.03659364953637123,0.05891529470682144,-0.01623625122010708,0.00501753855496645,0.025227811187505722,0.04299834556877613,0.05881746327704481,0.039414866203761965,0.06669139034502361,-0.018732569079587886,0.0050005062955320295,0.025102627736995082,,,,,,,,,,,,
1.0,grasp,,,,,,,,,,,,,,,,,,,,,0.06945943087339401,0.044331006705760956,0.07222753018140793,-0.022096149623394012,0.005196635145694017,0.024931978434324265,0.04299834556877613,0.08934724161333656,0.05199574102964117,0.08859785936450201,-0.028298184255117983,0.005042565205906951,0.024624769264650088,,,,,,,,,,,,
1.02,grasp,,,,,,,,,,,,,,,,,,,,,0.07912801206111908,0.04826570674777031,0.07928216457366943,-0.02511085569858551,0.005051285494118929,0.024784626439213753,0.04299834556877613,0.08934724161333656,0.05199574102964117,0.08859785936450201,-0.028298184255117983,0.005042565205906951,0.024624769264650088,,,,,,,,,,,,
1.04,grasp,,,,,,,,,,,,,,,,,,,,,0.10197633504867554,0.05771813169121742,0.09557592123746872,-0.03228440135717392,0.005267513450235128,0.024422576650977135,0.04299834556877613,0.1263202681194702,0.0672038235945996,0.11512038085525218,-0.03988177267951895,0.005093499302704474,0.024046114048876653,,,,,,,,,,,,
1.06,grasp,,,,,,,,,,,,,,,,,,,,,0.11381220817565918,0.06252654641866684,0.10420440137386322,-0.035975132137537,0.0050931344740092754,0.024242062121629715,0.04299834556877613,0.1263202681194702,0.0672038235945996,0.11512038085525218,-0.03988177267951895,0.005093499302704474,0.024046114048876653,,,,,,,,,,,,
1.08,grasp,,,,,,,,,,,,,,,,,,,,,0.1409154236316681,0.07372117042541504,0.12352902442216873,-0.044483866542577744,0.005346512421965599,0.023812757804989815,0.04299834556877613,0.16978837810028763,0.08505777357903735,0.14629553836851322,-0.05349954623560351,0.0051533802982064465,0.02336584636710401,,,,,,,,,,,,
1.1,grasp,,,,,,,,,,,,,,,,,,,,,0.15495391190052032,0.07941761612892151,0.13375554978847504,-0.04886173829436302,0.005143308080732822,0.023598510771989822,0.04299834556877613,0.16978837810028763,0.08505777357903735,0.14629553836851322,-0.05349954623560351,0.0051533802982064465,0.02336584636710401,,,,,,,,,,,,
1.12,grasp,,,,,,,,,,,,,,,,,,,,,0.1862914264202118,0.09234552830457687,0.15609687566757202,-0.058699168264865875,0.005433099344372749,0.023102277889847755,0.04299834556877613,0.21967111224991673,0.10552461858752707,0.1820655622213691,-0.06912642783971905,0.005222097931746691,0.022585196846391507,,,,,,,,,,,,
1.1400000000000001,grasp,,,,,,,,,,,,,,,,,,,,,0.2025216668844223,0.09892602264881134,0.16791176795959473,-0.06376094371080399,0.005201953928917646,0.022854415699839592,0.04299834556877613,0.21967111224991673,0.10552461858752707,0.1820655622213691,-0.06912642783971905,0.005222097931746691,0.022585196846391507,,,,,,,,,,,,
1.1600000000000001,grasp,,,,,,,,,,,,,,,,,,,,,0.23799122869968414,0.11354317516088486,0.1931971311569214,-0.0748949646949768,0.005526777356863022,0.022292891517281532,0.04299834556877613,0.27576865459498273,0.1285189414331595,0.2222863520029205,-0.08669981436307479,0.0052993771615573275,0.021707291382006586,,,,,,,,,,,,
1.1800000000000002,grasp,,,,,,,,,,,,,,,,,,,,,0.2563602328300476,0.12098581343889236,0.20655979216098785,-0.08062420040369034,0.0052690403535962105,0.022012194618582726,0.04299834556877613,0.27576865459498273,0.1285189414331595,0.2222863520029205,-0.08669981436307479,0.0052993771615573275,0.021707291382006586,,,,,,,,,,,,
1.2000000000000002,grasp,,,,,,,,,,,,,,,,,,,,,0.29578399658203125,0.13721969723701477,0.23466350138187408,-0.09299898892641068,0.005626808386296034,0.021388236433267593,0.04299834556877613,0.3377694458174769,0.1539159141400635,0.2667355061693062,-0.10612219055343863,0.005384788112338842,0.020737017066095733,,,,,,,,,,,,
1.2200000000000002,grasp,,,,,,,,,,,,,,,,,,,,,0.31619948148727417,0.14548812806606293,0.2495051473379135,-0.09936702251434326,0.005344391334801912,0.021076088771224022,0.04299834556877613,0.3377694458174769,0.1539159141400635,0.2667355061693062,-0.10612219055343863,0.005384788112338842,0.020737017066095733,,,,,,,,,,,,
1.2400000000000002,grasp,,,,,,,,,,,,,,,,,,,,,0.3593323826789856,0.16323724389076233,0.28025293350219727,-0.11290564388036728,0.005732534918934107,0.020393582060933113,0.04299834556877613,0.40526500429421053,0.1815464784771001,0.31511969597193273,-0.12726559933819412,0.005477765574715551,0.01968078079279887,,,,,,,,,,,,
1.26,grasp,,,,,,,,,,,,,,,,,,,,,0.3816674053668976,0.17228025197982788,0.2964797616004944,-0.11987296491861343,0.005427536088973284,0.02005191147327423,0.04299834556877613,0.40526500429421053,0.1815464784771001,0.31511969597193273,-0.12726559933819412,0.005477765574715551,0.01968078079279887,,,,,,,,,,,,
1.28,grasp,,,,,,,,,,,,,,,,,,,,,0.4282037615776062,0.19141936302185059,0.3296542465686798,-0.13448432087898254,0.005843098275363445,0.019315697252750397,0.04299834556877613,0.4777579981624846,0.21120878272348698,0.3670828993499069,-0.1499744228257621,0.00557762130142737,0.01854634118325902,,,,,,,,,,,,
1.3,grasp,,,,,,,,,,,,,,,,,,,,,0.4523003399372101,0.2011735588312149,0.34714964032173157,-0.14199933409690857,0.005517982877790928,0.018946893513202667,0.04299834556877613,0.4777579981624846,0.21120878272348698,0.3670828993499069,-0.1499744228257621,0.00557762130142737,0.01854634118325902,,,,,,,,,,,,
1.32,grasp,,,,,,,,,,,,,,,,,,,,,0.5018810033798218,0.22155632078647614,0.38249126076698303,-0.15779218077659607,0.005957563873380423,0.018162652850151062,0.04299834556877613,0.5546748311106339,0.2426685045527242,0.4222143152429934,-0.17406902206771807,0.005683565551261903,0.017342666079168352,,,,,,,,,,,,
1.34,grasp,,,,,,,,,,,,,,,,,,,,,0.5275536775588989,0.2319464236497879,0.40112242102622986,-0.16568845510482788,0.0056146723218262196,0.017769794911146164,0.04299834556877613,0.5546748311106339,0.2426685045527242,0.4222143152429934,-0.17406902206771807,0.005683565551261903,0.017342666079168352,,,,,,,,,,,,
1.36,grasp,,,,,,,,,,,,,,,,,,,,,0.5797733068466187,0.25340670347213745,0.43834352493286133,-0.18252184987068176,0.006020172964781523,0.01694989576935768,0.04299834556877613,0.6353761358947496,0.2756645102307543,0.4800562574012653,-0.19934912281973888,0.005794719402212807,0.01607975877694174,,,,,,,,,,,,
1.3800000000000001,grasp,,,,,,,,,,,,,,,,,,,,,0.6068148612976074,0.26434800028800964,0.45795872807502747,-0.19068461656570435,0.0056618512608110905,0.016531946137547493,0.04299834556877613,0.6353761358947496,0.2756645102307543,0.4800562574012653,-0.19934912281973888,0.005794719402212807,0.01607975877694174,,,,,,,,,,,,
1.4,grasp,,,,,,,,,,,,,,,,,,,,,0.6612281799316406,0.286703884601593,0.4967443645000458,-0.20836026966571808,0.006112107541412115,0.015675906091928482,0.04299834556877613,0.7191679426025207,0.30991375112987,0.5401115257671044,-0.2255972437884457,0.005910122880112,0.014768508763091562,,,,,,,,,,,,
1.42,grasp,,,,,,,,,,,,,,,,,,,,,0.6894070506095886,0.2981039881706238,0.5171763896942139,-0.21672169864177704,0.0057572172954678535,0.01524107065051794,0.04299834556877613,0.7191679426025207,0.30991375112987,0.5401115257671044,-0.2255972437884457,0.005910122880112,0.014768508763091562,,,,,,,,,,,,
1.44,grasp,,,,,,,,,,,,,,,,,,,,,0.7455489039421082,0.32116085290908813,0.5571897029876709,-0.23501738905906677,0.006214456632733345,0.014357835054397583,0.04299834556877613,0.8053122890648436,0.34511570544772247,0.6018517521116092,-0.252582266200844,0.006028759411888244,0.013420457520642207,,,,,,,,,,,,
1.46,grasp,,,,,,,,,,,,,,,,,,,,,0.7746118307113647,0.3329210579395294,0.578258216381073,-0.2435378134250641,0.00587264122441411,0.013908027671277523,0.04299834556877613,0.8053122890648436,0.34511570544772247,0.6018517521116092,-0.252582266200844,0.006028759411888244,0.013420457520642207,,,,,,,,,,,,
1.48,grasp,,,,,,,,,,,,,,,,,,,,,0.8319762945175171,0.35647422075271606,0.6191447377204895,-0.2622089385986328,0.006334212608635426,0.013005612418055534,0.04299834556877613,0.8930383338722878,0.3809562894307973,0.6647253513628235,-0.2800629954098677,0.0061495758184854175,0.012047619890522065,,,,,,,,,,,,
1.5,grasp,,,,,,,,,,,,,,,,,,,,,0.8616722822189331,0.36849042773246765,0.6406620144844055,-0.2708697021007538,0.005988381337374449,0.012546109966933727,0.04299834556877613,0.8930383338722878,0.3809562894307973,0.6647253513628235,-0.2800629954098677,0.0061495758184854175,0.012047619890522065,,,,,,,,,,,,
1.52,grasp,,,,,,,,,,,,,,,,,,,,,0.9197415113449097,0.3923282325267792,0.6820560097694397,-0.28967446088790894,0.006454172544181347,0.011632213369011879,0.04299834556877613,0.9815538758746329,0.41711238888711094,0.7281648225524748,-0.30779110860340847,0.0062714803391941115,0.010662408463651563,,,,,,,,,,,,
1.54,grasp,,,,,,,,,,,,,,,,,,,,,0.949804961681366,0.40449291467666626,0.7038271427154541,-0.29846277832984924,0.006105630658566952,0.011167212389409542,0.04299834556877613,0.9815538758746329,0.41711238888711094,0.7281648225524748,-0.30779110860340847,0.0062714803391941115,0.010662408463651563,,,,,,,,,,,,
1.56,grasp,,,,,,,,,,,,,,,,,,,,,1.0080530643463135,0.4284001588821411,0.7453545928001404,-0.3171694874763489,0.006572139449417591,0.010250328108668327,0.04299834556877613,1.0700560138211037,0.45325672434252795,0.7915947561107789,-0.3355147899786907,0.006393366840159288,0.009277427361300761,,,,,,,,,,,,
1.58,grasp,,,,,,,,,,,,,,,,,,,,,1.0382120609283447,0.44060376286506653,0.7671818137168884,-0.32606905698776245,0.0062240916304290295,0.009783870540559292,0.04299834556877613,1.0700560138211037,0.45325672434252795,0.7915947561107789,-0.3355147899786907,0.006393366840159288,0.009277427361300761,,,,,,,,,,,,
1.6,grasp,,,,,,,,,,,,,,,,,,,,,1.0961099863052368,0.46436384320259094,0.8084666728973389,-0.34447723627090454,0.006687498651444912,0.008872400037944317,0.04299834556877613,1.157741818149651,0.48906235142777615,0.8544399100599951,-0.362982642660724,0.00651413611362638,0.007905209719147946,,,,,,,,,,,,
1.62,grasp,,,,,,,,,,,,,,,,,,,,,1.126091480255127,0.4764958620071411,0.8301517963409424,-0.35345450043678284,0.006342137232422829,0.008408662863075733,0.04299834556877613,1.157741818149651,0.48906235142777615,0.8544399100599951,-0.362982642660724,0.00651413611362638,0.007905209719147946,,,,,,,,,,,,
1.6400000000000001,grasp,,,,,,,,,,,,,,,,,,,,,1.1831151247024536,0.4998949468135834,0.8708213567733765,-0.37139731645584106,0.006799827795475721,0.007510787807404995,0.04299834556877613,1.243819348742179,0.5242069658634321,0.9161331776557274,-0.3899470080060974,0.006632700223911068,0.006558129268423338,,,,,,,,,,,,
1.6600000000000001,grasp,,,,,,,,,,,,,,,,,,,,,1.2126494646072388,0.511846125125885,0.8921682834625244,-0.3803965449333191,0.006458950228989124,0.007053984794765711,0.04299834556877613,1.243819348742179,0.5242069658634321,0.9161331776557274,-0.3899470080060974,0.006632700223911068,0.006558129268423338,,,,,,,,,,,,
1.6800000000000002,grasp,,,,,,,,,,,,,,,,,,,,,1.2682814598083496,0.5346749424934387,0.9318568706512451,-0.39776572585105896,0.006912526208907366,0.00617724796757102,0.04299834556877613,1.3275188511733207,0.5583771775220604,0.9761233836553872,-0.41616714318675996,0.006747999053024298,0.005248230588980249,,,,,,,,,,,,
1.7000000000000002,grasp,,,,,,,,,,,,,,,,,,,,,1.297109603881836,0.546338677406311,0.9526761174201965,-0.4066935181617737,0.006568992510437965,0.005732154939323664,0.04299834556877613,1.3275188511733207,0.5583771775220604,0.9761233836553872,-0.41616714318675996,0.006747999053024298,0.005248230588980249,,,,,,,,,,,,
1.7200000000000002,grasp,,,,,,,,,,,,,,,,,,,,,1.3508613109588623,0.5683965682983398,0.9910280704498291,-0.423536092042923,0.007015705574303865,0.0048845126293599606,0.04299834556877613,1.408104029239862,0.5912731807116058,1.0338825578636037,-0.4414128333229513,0.006859019042881879,0.003987029090231729,,,,,,,,,,,,
1.7400000000000002,grasp,,,,,,,,,,,,,,,,,,,,,1.3787249326705933,0.5796691179275513,1.011138916015625,-0.4322098195552826,0.006680130492895842,0.0044544767588377,0.04299834556877613,1.408104029239862,0.5912731807116058,1.0338825578636037,-0.4414128333229513,0.006859019042881879,0.003987029090231729,,,,,,,,,,,,
1.7600000000000002,grasp,,,,,,,,,,,,,,,,,,,,,1.4301327466964722,0.6007654666900635,1.0478236675262451,-0.44834402203559875,0.007162704598158598,0.0036378935910761356,0.04299834556877613,1.48488201882456,0.6226134573036207,1.088915138064153,-0.46546769325426307,0.006964804651442134,0.0027853333564091384,,,,,,,,,,,,
1.7800000000000002,grasp,,,,,,,,,,,,,,,,,,,,,1.4567841291427612,0.6115487217903137,1.0670528411865234,-0.45665326714515686,0.00684006605297327,0.003230779431760311,0.04299834556877613,1.48488201882456,0.6226134573036207,1.088915138064153,-0.46546769325426307,0.006964804651442134,0.0027853333564091384,,,,,,,,,,,,
1.8000000000000003,grasp,,,,,,,,,,,,,,,,,,,,,1.505418300628662,0.631507396697998,1.1017624139785767,-0.4719250500202179,0.007269894238561392,0.002459555631503463,0.04299834556877613,1.5572144998410054,0.6521390677407763,1.1407657130440825,-0.48813271356648036,0.007064477693888583,0.0016530744925249642,,,,,,,,,,,,
1.8200000000000003,grasp,,,,,,,,,,,,,,,,,,,,,1.5306370258331299,0.6417112946510315,1.1199495792388916,-0.47979050874710083,0.00695407809689641,0.00207298481836915,0.04299834556877613,1.5572144998410054,0.6521390677407763,1.1407657130440825,-0.48813271356648036,0.007064477693888583,0.0016530744925249642,,,,,,,,,,,,
1.8399999999999999,grasp,,,,,,,,,,,,,,,,,,,,,1.5761170387268066,0.6603650450706482,1.1524139642715454,-0.4940887987613678,0.007351142819970846,0.001353203086182475,0.04299834556877613,1.6245558307814014,0.6796020299908008,1.1890424963909163,-0.5092622941148738,0.007157683401545456,0.0005986914146972319,,,,,,,,,,,,
1.8599999999999999,grasp,,,,,,,,,,,,,,,,,,,,,1.5997048616409302,0.6699035167694092,1.1694188117980957,-0.501453161239624,0.007053476292639971,0.0009914925321936607,0.04299834556877613,1.6245558307814014,0.6796020299908008,1.1890424963909163,-0.5092622941148738,0.007157683401545456,0.0005986914146972319,,,,,,,,,,,,
1.88,grasp,,,,,,,,,,,,,,,,,,,,,1.6301475763320923,0.6939224600791931,1.1931097507476807,-0.5013225078582764,0.007113897241652012,0.0005077325040474534,0.04299834556877613,1.6625302016537835,0.718975678524622,1.2202845349721865,-0.5011632240163852,0.0068783252888499815,-1.1834363815435602e-06,,,,,,,,,,,,
1.9,grasp,,,,,,,,,,,,,,,,,,,,,1.6459174156188965,0.7063485980033875,1.2054282426834106,-0.5012546181678772,0.0068718381226062775,0.00026387732941657305,0.04299834556877613,1.6625302016537835,0.718975678524622,1.2202845349721865,-0.5011632240163852,0.0068783252888499815,-1.1834363815435602e-06,,,,,,,,,,,,
1.92,grasp,,,,,,,,,,,,,,,,,,,,,1.653565526008606,0.7399368286132812,1.2157524824142456,-0.4779405891895294,0.0064514572732150555,0.00013766129268333316,0.04299834556877613,1.6615662531310813,0.7756289288513827,1.2288948005074773,-0.4531401135959774,0.006106957004680279,2.1524361764606846e-06,,,,,,,,,,,,
1.94,grasp,,,,,,,,,,,,,,,,,,,,,1.6578071117401123,0.7570713758468628,1.224834680557251,-0.46535488963127136,0.007081866264343262,-2.5990015274146572e-05,0.04299834556877613,1.6615662531310813,0.7756289288513827,1.2288948005074773,-0.4531401135959774,0.006106957004680279,2.1524361764606846e-06,,,,,,,,,,,,
1.96,grasp,,,,,,,,,,,,,,,,,,,,,1.6592086553573608,0.7859801054000854,1.2331188917160034,-0.42155295610427856,0.007892140187323093,-0.00019141408847644925,0.04299834556877613,1.6608871396496467,0.8258858668686887,1.2365960384189996,-0.4106660739282283,0.005428262113780708,2.43026148273524e-06,,,,,,,,,,,,
1.98,grasp,,,,,,,,,,,,,,,,,,,,,1.6602078676223755,0.8052999377250671,1.237349033355713,-0.3982742428779602,0.007276701275259256,-0.00013122560631018132,0.04299834556877613,1.6608871396496467,0.8258858668686887,1.2365960384189996,-0.4106660739282283,0.005428262113780708,2.43026148273524e-06,,,,,,,,,,,,
2.0,grasp,,,,,,,,,,,,,,,,,,,,,1.6605889797210693,0.835901141166687,1.2427349090576172,-0.3659878373146057,0.005847073160111904,-2.6672585590858944e-05,0.04299834556877613,1.66029708163334,0.869653721381728,1.2432943944881232,-0.3736804050214306,0.004837996674916962,2.6718889572223058e-06,,,,,,,,,,,,
2.02,grasp,,,,,,,,,,,,,,,,,,,,,1.6613236665725708,0.8522204756736755,1.2454893589019775,-0.34275659918785095,0.0042744847014546394,0.00011846700363093987,0.04299834556877613,1.66029708163334,0.869653721381728,1.2432943944881232,-0.3736804050214306,0.004837996674916962,2.6718889572223058e-06,,,,,,,,,,,,
2.04,grasp,,,,,,,,,,,,,,,,,,,,,1.6616249084472656,0.8780150413513184,1.2496596574783325,-0.3079322576522827,0.0028081564232707024,0.00024286836560349911,0.04299834556877613,1.6597954399956012,0.9068513973192781,1.2489914507822462,-0.34224522426432274,0.004336024462421107,2.8773730081227708e-06,,,,,,,,,,,,
2.06,grasp,,,,,,,,,,,,,,,,,,,,,1.661149024963379,0.8919957280158997,1.2517907619476318,-0.28878796100616455,0.00321473041549325,0.00017882700194604695,0.04299834556877613,1.6597954399956012,0.9068513973192781,1.2489914507822462,-0.34224522426432274,0.004336024462421107,2.8773730081227708e-06,,,,,,,,,,,,
2.08,grasp,,,,,,,,,,,,,,,,,,,,,1.6605840921401978,0.9140080809593201,1.2551910877227783,-0.26224568486213684,0.003279763972386718,0.00013695655798073858,0.04299834556877613,1.65938092733627,0.9375341890756917,1.2537009823435197,-0.31631177420635287,0.003921105271146716,3.0472220096814256e-06,,,,,,,,,,,,
2.1,grasp,,,,,,,,,,,,,,,,,,,,,1.660146951675415,0.9254439473152161,1.2569224834442139,-0.25005635619163513,0.003423510119318962,0.00010293767263647169,0.04299834556877613,1.65938092733627,0.9375341890756917,1.2537009823435197,-0.31631177420635287,0.003921105271146716,3.0472220096814256e-06,,,,,,,,,,,,
2.12,grasp,,,,,,,,,,,,,,,,,,,,,1.6596752405166626,0.9431031942367554,1.2596443891525269,-0.23267725110054016,0.003402031259611249,7.866071246098727e-05,0.04299834556877613,1.6590505991314624,0.9619038450702824,1.257454092555699,-0.2957104464948923,0.0035904782151030363,3.1825656897855055e-06,,,,,,,,,,,,
2.14,grasp,,,,,,,,,,,,,,,,,,,,,1.65936279296875,0.9522441625595093,1.2610222101211548,-0.22325697541236877,0.0036736635956913233,3.2935375202214345e-05,0.04299834556877613,1.6590505991314624,0.9619038450702824,1.257454092555699,-0.2957104464948923,0.0035904782151030363,3.1825656897855055e-06,,,,,,,,,,,,
2.16,grasp,,,,,,,,,,,,,,,,,,,,,1.6590538024902344,0.9657647013664246,1.2631429433822632,-0.20807334780693054,0.0038370753172785044,6.888961934237159e-07,0.04299834556877613,1.6587999527393824,0.9803178932525485,1.260304566791762,-0.2801399532490236,0.0033393793293814665,3.2853547434131765e-06,,,,,,,,,,,,
2.18,grasp,,,,,,,,,,,,,,,,,,,,,1.659684419631958,0.9726390838623047,1.2642408609390259,-0.19624879956245422,0.0026959956157952547,0.00012042885646224022,0.04299834556877613,1.6587999527393824,0.9803178932525485,1.260304566791762,-0.2801399532490236,0.0033393793293814665,3.2853547434131765e-06,,,,,,,,,,,,
2.2,grasp,,,,,,,,,,,,,,,,,,,,,1.6598308086395264,0.9824725389480591,1.2657749652862549,-0.18038858473300934,0.002099530538544059,0.0001696955441730097,0.04299834556877613,1.6586216180754325,0.9933011217002863,1.2623293409185428,-0.2691581752855439,0.0031610235223985482,3.3583663177745964e-06,,,,,,,,,,,,
2.22,grasp,,,,,,,,,,,,,,,,,,,,,1.6598219871520996,0.9875568747520447,1.2665537595748901,-0.17179198563098907,0.0018528900109231472,0.00018992724653799087,0.04299834556877613,1.6586216180754325,0.9933011217002863,1.2623293409185428,-0.2691581752855439,0.0031610235223985482,3.3583663177745964e-06,,,,,,,,,,,,
2.24,grasp,,,,,,,,,,,,,,,,,,,,,1.6597092151641846,0.9941562414169312,1.2675844430923462,-0.1614276021718979,0.001720149302855134,0.00019559504289645702,0.04299834556877613,1.6585066051324453,1.001552533240899,1.263636557768562,-0.262169047248232,0.003045859336058802,3.4055101947564197e-06,,,,,,,,,,,,
2.2600000000000002,grasp,,,,,,,,,,,,,,,,,,,,,1.6596543788909912,0.9976047873497009,1.2680960893630981,-0.15678098797798157,0.0016104147071018815,0.00020509958267211914,0.04299834556877613,1.6585066051324453,1.001552533240899,1.263636557768562,-0.262169047248232,0.003045859336058802,3.4055101947564197e-06,,,,,,,,,,,,
2.2800000000000002,grasp,,,,,,,,,,,,,,,,,,,,,1.659562587738037,1.001498818397522,1.2687110900878906,-0.15084685385227203,0.0015326705761253834,0.00020784510707017034,0.04299834556877613,1.6584434762636593,1.005964467954621,1.2643543937355024,-0.2584202300334104,0.0029826245421725427,3.4313963631379066e-06,,,,,,,,,,,,
2.3000000000000003,grasp,,,,,,,,,,,,,,,,,,,,,1.6594947576522827,1.0035133361816406,1.2690171003341675,-0.14777614176273346,0.0015097104478627443,0.0002078640682157129,0.04299834556877613,1.6584434762636593,1.005964467954621,1.2643543937355024,-0.2584202300334104,0.0029826245421725427,3.4313963631379066e-06,,,,,,,,,,,,
2.3200000000000003,grasp,,,,,,,,,,,,,,,,,,,,,1.659438133239746,1.0053586959838867,1.269302248954773,-0.145076721906662,0.001489589223638177,0.00020754228171426803,0.04299834556877613,1.6584192248464016,1.0076369646020618,1.2646299799988219,-0.2569968597452833,0.0029583510668886675,3.4413328673038713e-06,,,,,,,,,,,,
2.3400000000000003,grasp,,,,,,,,,,,,,,,,,,,,,1.6593992710113525,1.0063127279281616,1.2694463729858398,-0.14364318549633026,0.0014810552820563316,0.00020718174346257,0.04299834556877613,1.6584192248464016,1.0076369646020618,1.2646299799988219,-0.2569968597452833,0.0029583510668886675,3.4413328673038713e-06,,,,,,,,,,,,
2.35852143291384,grasp,,,,,,,,,,,,,,,,,,,,,1.6593719720840454,1.0069165229797363,1.2695366144180298,-0.1427464634180069,0.0014796515461057425,0.0002065668668365106,0.04299834556877613,1.6584157943725586,1.0078686475753784,1.2646682262420654,-0.256799578666687,0.0029549808241426945,3.4427125683578197e-06,,,,,,,,,,,,
0.0,grasp,,,,,,,,,,,,,,,,,,,,,,,,,,,5.8782485211850144e-05,,,,,,,0.043,,,,,,,,,,,
0.02,grasp,,,,,,,,,,,,,,,,,,,,,,,,,,,7.329858453886118e-05,,,,,,,0.043,,,,,,,,,,,
0.04,grasp,,,,,,,,,,,,,,,,,,,,,,,,,,,0.00016830474487505853,,,,,,,0.043,,,,,,,,,,,
0.06,grasp,,,,,,,,,,,,,,,,,,,,,,,,,,,0.0003958937886636704,,,,,,,0.043,,,,,,,,,,,
0.08,grasp,,,,,,,,,,,,,,,,,,,,,,,,,,,0.0007811331888660789,,,,,,,0.043,,,,,,,,,,,
0.1,grasp,,,,,,,,,,,,,,,,,,,,,,,,,,,0.0013531828881241381,,,,,,,0.043,,,,,,,,,,,
0.12,grasp,,,,,,,,,,,,,,,,,,,,,,,,,,,0.002130840322934091,,,,,,,0.043,,,,,,,,,,,
0.14,grasp,,,,,,,,,,,,,,,,,,,,,,,,,,,0.0031202136306092143,,,,,,,0.043,,,,,,,,,,,
0.16,grasp,,,,,,,,,,,,,,,,,,,,,,,,,,,0.004324879264459014,,,,,,,0.043,,,,,,,,,,,
0.18,grasp,,,,,,,,,,,,,,,,,,,,,,,,,,,0.005740173626691103,,,,,,,0.043,,,,,,,,,,,
0.2,grasp,,,,,,,,,,,,,,,,,,,,,,,,,,,0.007355137029662728,,,,,,,0.043,,,,,,,,,,,
0.22,grasp,,,,,,,,,,,,,,,,,,,,,,,,,,,0.009154472034424543,,,,,,,0.043,,,,,,,,,,,
0.24,grasp,,,,,,,,,,,,,,,,,,,,,,,,,,,0.011118046939373016,,,,,,,0.043,,,,,,,,,,,
0.26,grasp,,,,,,,,,,,,,,,,,,,,,,,,,,,0.013221601024270058,,,,,,,0.043,,,,,,,,,,,
0.28,grasp,,,,,,,,,,,,,,,,,,,,,,,,,,,0.01543842488899827,,,,,,,0.043,,,,,,,,,,,
0.3,grasp,,,,,,,,,,,,,,,,,,,,,,,,,,,0.017738770693540573,,,,,,,0.043,,,,,,,,,,,
0.32,grasp,,,,,,,,,,,,,,,,,,,,,,,,,,,0.020091493614017963,,,,,,,0.043,,,,,,,,,,,
0.34,grasp,,,,,,,,,,,,,,,,,,,,,,,,,,,0.02246382273733616,,,,,,,0.043,,,,,,,,,,,
0.36,grasp,,,,,,,,,,,,,,,,,,,,,,,,,,,0.02482361253350973,,,,,,,0.043,,,,,,,,,,,
0.38,grasp,,,,,,,,,,,,,,,,,,,,,,,,,,,0.02713766321539879,,,,,,,0.043,,,,,,,,,,,
0.4,grasp,,,,,,,,,,,,,,,,,,,,,,,,,,,0.02937466651201248,,,,,,,0.043,,,,,,,,,,,
0.42,grasp,,,,,,,,,,,,,,,,,,,,,,,,,,,0.03150474280118942,,,,,,,0.043,,,,,,,,,,,
0.44,grasp,,,,,,,,,,,,,,,,,,,,,,,,,,,0.03350001201033592,,,,,,,0.043,,,,,,,,,,,
0.46,grasp,,,,,,,,,,,,,,,,,,,,,,,,,,,0.035336023196578026,,,,,,,0.043,,,,,,,,,,,
0.48,grasp,,,,,,,,,,,,,,,,,,,,,,,,,,,0.03699156828224659,,,,,,,0.043,,,,,,,,,,,
0.5,grasp,,,,,,,,,,,,,,,,,,,,,,,,,,,0.03845033049583435,,,,,,,0.043,,,,,,,,,,,
0.52,grasp,,,,,,,,,,,,,,,,,,,,,,,,,,,0.039700234308838844,,,,,,,0.043,,,,,,,,,,,
0.54,grasp,,,,,,,,,,,,,,,,,,,,,,,,,,,0.040735701099038124,,,,,,,0.043,,,,,,,,,,,
0.56,grasp,,,,,,,,,,,,,,,,,,,,,,,,,,,0.041557228192687035,,,,,,,0.043,,,,,,,,,,,
0.58,grasp,,,,,,,,,,,,,,,,,,,,,,,,,,,0.04217241890728474,,,,,,,0.043,,,,,,,,,,,
0.6,grasp,,,,,,,,,,,,,,,,,,,,,,,,,,,0.04259623400866985,,,,,,,0.043,,,,,,,,,,,
0.62,grasp,,,,,,,,,,,,,,,,,,,,,,,,,,,0.04285296052694321,,,,,,,0.043,,,,,,,,,,,
0.64,grasp,,,,,,,,,,,,,,,,,,,,,,,,,,,0.0429750420153141,,,,,,,0.043,,,,,,,,,,,
0.66,grasp,,,,,,,,,,,,,,,,,,,,,,,,,,,0.043005429208278656,,,,,,,0.043,,,,,,,,,,,
0.68,grasp,,,,,,,,,,,,,,,,,,,,,,,,,,,0.04299834556877613,,,,,,,0.043,,,,,,,,,,,
0.68,grasp,,,,,,,,,,,,,,,,,,,,,-0.011599790304899216,0.010692684911191463,0.014006883837282658,0.0033162448089569807,0.0049399202689528465,0.02620437555015087,0.04299834556877613,-0.011598384939134121,0.010155060328543186,0.01609969325363636,0.0033366666175425053,0.004903479944914579,0.026205113157629967,,,,,,,,,,,,
0.7000000000000001,grasp,,,,,,,,,,,,,,,,,,,,,-0.011599802412092686,0.010697249323129654,0.013989433646202087,0.0033160592429339886,0.004940641578286886,0.026204312220215797,0.04299834556877613,-0.011598384939134121,0.010155060328543186,0.01609969325363636,0.0033366666175425053,0.004903479944914579,0.026205113157629967,,,,,,,,,,,,
0.7200000000000001,grasp,,,,,,,,,,,,,,,,,,,,,-0.011477204971015453,0.01075194962322712,0.014069725759327412,0.0032767110969871283,0.004942641593515873,0.026202285662293434,0.04299834556877613,-0.011340211031704616,0.010263001171917807,0.016285363424944625,0.003255734197429856,0.004903835097292784,0.026201068617897366,,,,,,,,,,,,
0.74,grasp,,,,,,,,,,,,,,,,,,,,,-0.011412478983402252,0.01077968254685402,0.014113128185272217,0.0032564785797148943,0.004941578954458237,0.026201294735074043,0.04299834556877613,-0.011340211031704616,0.010263001171917807,0.016285363424944625,0.003255734197429856,0.004903835097292784,0.026201068617897366,,,,,,,,,,,,
0.76,grasp,,,,,,,,,,,,,,,,,,,,,-0.01054477971047163,0.011143543757498264,0.014733528718352318,0.0029826355166733265,0.004952721763402224,0.026187391951680183,0.04299834556877613,-0.00960760945994512,0.010987390035743946,0.017531388226096952,0.0027125981046058354,0.004906222962102077,0.026173938149277345,,,,,,,,,,,,
0.78,grasp,,,,,,,,,,,,,,,,,,,,,-0.010094414465129375,0.011330182664096355,0.01506525557488203,0.002841774607077241,0.0049440558068454266,0.026180552318692207,0.04299834556877613,-0.00960760945994512,0.010987390035743946,0.017531388226096952,0.0027125981046058354,0.004906222962102077,0.026173938149277345,,,,,,,,,,,,
0.8,grasp,,,,,,,,,,,,,,,,,,,,,-0.007695354055613279,0.01233398076146841,0.01677924394607544,0.002087619621306658,0.004971775691956282,0.026142362505197525,0.04299834556877613,-0.005125648447518042,0.012861262255171167,0.020754652935262245,0.0013075926262655425,0.0049123999320529734,0.02610375103561266,,,,,,,,,,,,
0.8200000000000001,grasp,,,,,,,,,,,,,,,,,,,,,-0.006450844928622246,0.012844041921198368,0.017694635316729546,0.0016997578786686063,0.004949313588440418,0.026123501360416412,0.04299834556877613,-0.005125648447518042,0.012861262255171167,0.020754652935262245,0.0013075926262655425,0.0049123999320529734,0.02610375103561266,,,,,,,,,,,,
0.8400000000000001,grasp,,,,,,,,,,,,,,,,,,,,,-0.001797637902200222,0.014796990901231766,0.02101978100836277,0.0002376645861659199,0.004999355413019657,0.026049548760056496,0.04299834556877613,0.003173635248767306,0.016329049000752837,0.0267226360427622,-0.0012940131530571367,0.004923836729930784,0.02597378678698187,,,,,,,,,,,,
0.8600000000000001,grasp,,,,,,,,,,,,,,,,,,,,,0.0006155433366075158,0.015788104385137558,0.022789886221289635,-0.0005143568851053715,0.004958157893270254,0.026012927293777466,0.04299834556877613,0.003173635248767306,0.016329049000752837,0.0267226360427622,-0.0012940131530571367,0.004923836729930784,0.02597378678698187,,,,,,,,,,,,
0.8800000000000001,grasp,,,,,,,,,,,,,,,,,,,,,0.008137733675539494,0.018941529095172882,0.028164207935333252,-0.002877535531297326,0.0050355070270597935,0.025893477723002434,0.04299834556877613,0.01616461514370347,0.02174511393783896,0.036061122911427324,-0.0053660252868763,0.004941738868950508,0.02577036736958937,,,,,,,,,,,,
0.9,grasp,,,,,,,,,,,,,,,,,,,,,0.012037230655550957,0.02054319903254509,0.03102043829858303,-0.004093112889677286,0.004971785470843315,0.025834208354353905,0.04299834556877613,0.01616461514370347,0.02174511393783896,0.036061122911427324,-0.0053660252868763,0.004941738868950508,0.02577036736958937,,,,,,,,,,,,
0.92,grasp,,,,,,,,,,,,,,,,,,,,,0.02292656898498535,0.025093963369727135,0.0387970432639122,-0.007513540331274271,0.005080438684672117,0.025661403313279152,0.04299834556877613,0.03453896520409408,0.029378425509250447,0.049262060806174776,-0.011124741282664755,0.0049670569675887965,0.02548268519000001,,,,,,,,,,,,
0.9400000000000001,grasp,,,,,,,,,,,,,,,,,,,,,0.028570100665092468,0.027406536042690277,0.0429251454770565,-0.009273055009543896,0.004991259425878525,0.025575529783964157,0.04299834556877613,0.03453896520409408,0.029378425509250447,0.049262060806174776,-0.011124741282664755,0.0049670569675887965,0.02548268519000001,,,,,,,,,,,,
0.9600000000000001,grasp,,,,,,,,,,,,,,,,,,,,,0.04321087896823883,0.03349732235074043,0.05337384343147278,-0.013870926573872566,0.00513420207425952,0.025343338027596474,0.04299834556877613,0.05881746327704481,0.039414866203761965,0.06669139034502361,-0.018732569079587886,0.0050005062955320295,0.025102627736995082,,,,,,,,,,,,
0.98,grasp,,,,,,,,,,,,,,,,,,,,,0.05079718306660652,0.03659364953637123,0.05891529470682144,-0.01623625122010708,0.00501753855496645,0.025227811187505722,0.04299834556877613,0.05881746327704481,0.039414866203761965,0.06669139034502361,-0.018732569079587886,0.0050005062955320295,0.025102627736995082,,,,,,,,,,,,
1.0,grasp,,,,,,,,,,,,,,,,,,,,,0.06945943087339401,0.044331006705760956,0.07222753018140793,-0.022096149623394012,0.005196635145694017,0.024931978434324265,0.04299834556877613,0.08934724161333656,0.05199574102964117,0.08859785936450201,-0.028298184255117983,0.005042565205906951,0.024624769264650088,,,,,,,,,,,,
1.02,grasp,,,,,,,,,,,,,,,,,,,,,0.07912801206111908,0.04826570674777031,0.07928216457366943,-0.02511085569858551,0.005051285494118929,0.024784626439213753,0.04299834556877613,0.08934724161333656,0.05199574102964117,0.08859785936450201,-0.028298184255117983,0.005042565205906951,0.024624769264650088,,,,,,,,,,,,
1.04,grasp,,,,,,,,,,,,,,,,,,,,,0.10197633504867554,0.05771813169121742,0.09557592123746872,-0.03228440135717392,0.005267513450235128,0.024422576650977135,0.04299834556877613,0.1263202681194702,0.0672038235945996,0.11512038085525218,-0.03988177267951895,0.005093499302704474,0.024046114048876653,,,,,,,,,,,,
1.06,grasp,,,,,,,,,,,,,,,,,,,,,0.11381220817565918,0.06252654641866684,0.10420440137386322,-0.035975132137537,0.0050931344740092754,0.024242062121629715,0.04299834556877613,0.1263202681194702,0.0672038235945996,0.11512038085525218,-0.03988177267951895,0.005093499302704474,0.024046114048876653,,,,,,,,,,,,
1.08,grasp,,,,,,,,,,,,,,,,,,,,,0.1409154236316681,0.07372117042541504,0.12352902442216873,-0.044483866542577744,0.005346512421965599,0.023812757804989815,0.04299834556877613,0.16978837810028763,0.08505777357903735,0.14629553836851322,-0.05349954623560351,0.0051533802982064465,0.02336584636710401,,,,,,,,,,,,
1.1,grasp,,,,,,,,,,,,,,,,,,,,,0.15495391190052032,0.07941761612892151,0.13375554978847504,-0.04886173829436302,0.005143308080732822,0.023598510771989822,0.04299834556877613,0.16978837810028763,0.08505777357903735,0.14629553836851322,-0.05349954623560351,0.0051533802982064465,0.02336584636710401,,,,,,,,,,,,
1.12,grasp,,,,,,,,,,,,,,,,,,,,,0.1862914264202118,0.09234552830457687,0.15609687566757202,-0.058699168264865875,0.005433099344372749,0.023102277889847755,0.04299834556877613,0.21967111224991673,0.10552461858752707,0.1820655622213691,-0.06912642783971905,0.005222097931746691,0.022585196846391507,,,,,,,,,,,,
1.1400000000000001,grasp,,,,,,,,,,,,,,,,,,,,,0.2025216668844223,0.09892602264881134,0.16791176795959473,-0.06376094371080399,0.005201953928917646,0.022854415699839592,0.04299834556877613,0.21967111224991673,0.10552461858752707,0.1820655622213691,-0.06912642783971905,0.005222097931746691,0.022585196846391507,,,,,,,,,,,,
1.1600000000000001,grasp,,,,,,,,,,,,,,,,,,,,,0.23799122869968414,0.11354317516088486,0.1931971311569214,-0.0748949646949768,0.005526777356863022,0.022292891517281532,0.04299834556877613,0.27576865459498273,0.1285189414331595,0.2222863520029205,-0.08669981436307479,0.0052993771615573275,0.021707291382006586,,,,,,,,,,,,
1.1800000000000002,grasp,,,,,,,,,,,,,,,,,,,,,0.2563602328300476,0.12098581343889236,0.20655979216098785,-0.08062420040369034,0.0052690403535962105,0.022012194618582726,0.04299834556877613,0.27576865459498273,0.1285189414331595,0.2222863520029205,-0.08669981436307479,0.0052993771615573275,0.021707291382006586,,,,,,,,,,,,
1.2000000000000002,grasp,,,,,,,,,,,,,,,,,,,,,0.29578399658203125,0.13721969723701477,0.23466350138187408,-0.09299898892641068,0.005626808386296034,0.021388236433267593,0.04299834556877613,0.3377694458174769,0.1539159141400635,0.2667355061693062,-0.10612219055343863,0.005384788112338842,0.020737017066095733,,,,,,,,,,,,
1.2200000000000002,grasp,,,,,,,,,,,,,,,,,,,,,0.31619948148727417,0.14548812806606293,0.2495051473379135,-0.09936702251434326,0.005344391334801912,0.021076088771224022,0.04299834556877613,0.3377694458174769,0.1539159141400635,0.2667355061693062,-0.10612219055343863,0.005384788112338842,0.020737017066095733,,,,,,,,,,,,
1.2400000000000002,grasp,,,,,,,,,,,,,,,,,,,,,0.3593323826789856,0.16323724389076233,0.28025293350219727,-0.11290564388036728,0.005732534918934107,0.020393582060933113,0.04299834556877613,0.40526500429421053,0.1815464784771001,0.31511969597193273,-0.12726559933819412,0.005477765574715551,0.01968078079279887,,,,,,,,,,,,
1.26,grasp,,,,,,,,,,,,,,,,,,,,,0.3816674053668976,0.17228025197982788,0.2964797616004944,-0.11987296491861343,0.005427536088973284,0.02005191147327423,0.04299834556877613,0.40526500429421053,0.1815464784771001,0.31511969597193273,-0.12726559933819412,0.005477765574715551,0.01968078079279887,,,,,,,,,,,,
1.28,grasp,,,,,,,,,,,,,,,,,,,,,0.4282037615776062,0.19141936302185059,0.3296542465686798,-0.13448432087898254,0.005843098275363445,0.019315697252750397,0.04299834556877613,0.4777579981624846,0.21120878272348698,0.3670828993499069,-0.1499744228257621,0.00557762130142737,0.01854634118325902,,,,,,,,,,,,
1.3,grasp,,,,,,,,,,,,,,,,,,,,,0.4523003399372101,0.2011735588312149,0.34714964032173157,-0.14199933409690857,0.005517982877790928,0.018946893513202667,0.04299834556877613,0.4777579981624846,0.21120878272348698,0.3670828993499069,-0.1499744228257621,0.00557762130142737,0.01854634118325902,,,,,,,,,,,,
1.32,grasp,,,,,,,,,,,,,,,,,,,,,0.5018810033798218,0.22155632078647614,0.38249126076698303,-0.15779218077659607,0.005957563873380423,0.018162652850151062,0.04299834556877613,0.5546748311106339,0.2426685045527242,0.4222143152429934,-0.17406902206771807,0.005683565551261903,0.017342666079168352,,,,,,,,,,,,
1.34,grasp,,,,,,,,,,,,,,,,,,,,,0.5275536775588989,0.2319464236497879,0.40112242102622986,-0.16568845510482788,0.0056146723218262196,0.017769794911146164,0.04299834556877613,0.5546748311106339,0.2426685045527242,0.4222143152429934,-0.17406902206771807,0.005683565551261903,0.017342666079168352,,,,,,,,,,,,
1.36,grasp,,,,,,,,,,,,,,,,,,,,,0.5797733068466187,0.25340670347213745,0.43834352493286133,-0.18252184987068176,0.006020172964781523,0.01694989576935768,0.04299834556877613,0.6353761358947496,0.2756645102307543,0.4800562574012653,-0.19934912281973888,0.005794719402212807,0.01607975877694174,,,,,,,,,,,,
1.3800000000000001,grasp,,,,,,,,,,,,,,,,,,,,,0.6068148612976074,0.26434800028800964,0.45795872807502747,-0.19068461656570435,0.0056618512608110905,0.016531946137547493,0.04299834556877613,0.6353761358947496,0.2756645102307543,0.4800562574012653,-0.19934912281973888,0.005794719402212807,0.01607975877694174,,,,,,,,,,,,
1.4,grasp,,,,,,,,,,,,,,,,,,,,,0.6612281799316406,0.286703884601593,0.4967443645000458,-0.20836026966571808,0.006112107541412115,0.015675906091928482,0.04299834556877613,0.7191679426025207,0.30991375112987,0.5401115257671044,-0.2255972437884457,0.005910122880112,0.014768508763091562,,,,,,,,,,,,
1.42,grasp,,,,,,,,,,,,,,,,,,,,,0.6894070506095886,0.2981039881706238,0.5171763896942139,-0.21672169864177704,0.0057572172954678535,0.01524107065051794,0.04299834556877613,0.7191679426025207,0.30991375112987,0.5401115257671044,-0.2255972437884457,0.005910122880112,0.014768508763091562,,,,,,,,,,,,
1.44,grasp,,,,,,,,,,,,,,,,,,,,,0.7455489039421082,0.32116085290908813,0.5571897029876709,-0.23501738905906677,0.006214456632733345,0.014357835054397583,0.04299834556877613,0.8053122890648436,0.34511570544772247,0.6018517521116092,-0.252582266200844,0.006028759411888244,0.013420457520642207,,,,,,,,,,,,
1.46,grasp,,,,,,,,,,,,,,,,,,,,,0.7746118307113647,0.3329210579395294,0.578258216381073,-0.2435378134250641,0.00587264122441411,0.013908027671277523,0.04299834556877613,0.8053122890648436,0.34511570544772247,0.6018517521116092,-0.252582266200844,0.006028759411888244,0.013420457520642207,,,,,,,,,,,,
1.48,grasp,,,,,,,,,,,,,,,,,,,,,0.8319762945175171,0.35647422075271606,0.6191447377204895,-0.2622089385986328,0.006334212608635426,0.013005612418055534,0.04299834556877613,0.8930383338722878,0.3809562894307973,0.6647253513628235,-0.2800629954098677,0.0061495758184854175,0.012047619890522065,,,,,,,,,,,,
1.5,grasp,,,,,,,,,,,,,,,,,,,,,0.8616722822189331,0.36849042773246765,0.6406620144844055,-0.2708697021007538,0.005988381337374449,0.012546109966933727,0.04299834556877613,0.8930383338722878,0.3809562894307973,0.6647253513628235,-0.2800629954098677,0.0061495758184854175,0.012047619890522065,,,,,,,,,,,,
1.52,grasp,,,,,,,,,,,,,,,,,,,,,0.9197415113449097,0.3923282325267792,0.6820560097694397,-0.28967446088790894,0.006454172544181347,0.011632213369011879,0.04299834556877613,0.9815538758746329,0.41711238888711094,0.7281648225524748,-0.30779110860340847,0.0062714803391941115,0.010662408463651563,,,,,,,,,,,,
1.54,grasp,,,,,,,,,,,,,,,,,,,,,0.949804961681366,0.40449291467666626,0.7038271427154541,-0.29846277832984924,0.006105630658566952,0.011167212389409542,0.04299834556877613,0.9815538758746329,0.41711238888711094,0.7281648225524748,-0.30779110860340847,0.0062714803391941115,0.010662408463651563,,,,,,,,,,,,
1.56,grasp,,,,,,,,,,,,,,,,,,,,,1.0080530643463135,0.4284001588821411,0.7453545928001404,-0.3171694874763489,0.006572139449417591,0.010250328108668327,0.04299834556877613,1.0700560138211037,0.45325672434252795,0.7915947561107789,-0.3355147899786907,0.006393366840159288,0.009277427361300761,,,,,,,,,,,,
1.58,grasp,,,,,,,,,,,,,,,,,,,,,1.0382120609283447,0.44060376286506653,0.7671818137168884,-0.32606905698776245,0.0062240916304290295,0.009783870540559292,0.04299834556877613,1.0700560138211037,0.45325672434252795,0.7915947561107789,-0.3355147899786907,0.006393366840159288,0.009277427361300761,,,,,,,,,,,,
1.6,grasp,,,,,,,,,,,,,,,,,,,,,1.0961099863052368,0.46436384320259094,0.8084666728973389,-0.34447723627090454,0.006687498651444912,0.008872400037944317,0.04299834556877613,1.157741818149651,0.48906235142777615,0.8544399100599951,-0.362982642660724,0.00651413611362638,0.007905209719147946,,,,,,,,,,,,
1.62,grasp,,,,,,,,,,,,,,,,,,,,,1.126091480255127,0.4764958620071411,0.8301517963409424,-0.35345450043678284,0.006342137232422829,0.008408662863075733,0.04299834556877613,1.157741818149651,0.48906235142777615,0.8544399100599951,-0.362982642660724,0.00651413611362638,0.007905209719147946,,,,,,,,,,,,
1.6400000000000001,grasp,,,,,,,,,,,,,,,,,,,,,1.1831151247024536,0.4998949468135834,0.8708213567733765,-0.37139731645584106,0.006799827795475721,0.007510787807404995,0.04299834556877613,1.243819348742179,0.5242069658634321,0.9161331776557274,-0.3899470080060974,0.006632700223911068,0.006558129268423338,,,,,,,,,,,,
1.6600000000000001,grasp,,,,,,,,,,,,,,,,,,,,,1.2126494646072388,0.511846125125885,0.8921682834625244,-0.3803965449333191,0.006458950228989124,0.007053984794765711,0.04299834556877613,1.243819348742179,0.5242069658634321,0.9161331776557274,-0.3899470080060974,0.006632700223911068,0.006558129268423338,,,,,,,,,,,,
1.6800000000000002,grasp,,,,,,,,,,,,,,,,,,,,,1.2682814598083496,0.5346749424934387,0.9318568706512451,-0.39776572585105896,0.006912526208907366,0.00617724796757102,0.04299834556877613,1.3275188511733207,0.5583771775220604,0.9761233836553872,-0.41616714318675996,0.006747999053024298,0.005248230588980249,,,,,,,,,,,,
1.7000000000000002,grasp,,,,,,,,,,,,,,,,,,,,,1.297109603881836,0.546338677406311,0.9526761174201965,-0.4066935181617737,0.006568992510437965,0.005732154939323664,0.04299834556877613,1.3275188511733207,0.5583771775220604,0.9761233836553872,-0.41616714318675996,0.006747999053024298,0.005248230588980249,,,,,,,,,,,,
1.7200000000000002,grasp,,,,,,,,,,,,,,,,,,,,,1.3508613109588623,0.5683965682983398,0.9910280704498291,-0.423536092042923,0.007015705574303865,0.0048845126293599606,0.04299834556877613,1.408104029239862,0.5912731807116058,1.0338825578636037,-0.4414128333229513,0.006859019042881879,0.003987029090231729,,,,,,,,,,,,
1.7400000000000002,grasp,,,,,,,,,,,,,,,,,,,,,1.3787249326705933,0.5796691179275513,1.011138916015625,-0.4322098195552826,0.006680130492895842,0.0044544767588377,0.04299834556877613,1.408104029239862,0.5912731807116058,1.0338825578636037,-0.4414128333229513,0.006859019042881879,0.003987029090231729,,,,,,,,,,,,
1.7600000000000002,grasp,,,,,,,,,,,,,,,,,,,,,1.4301327466964722,0.6007654666900635,1.0478236675262451,-0.44834402203559875,0.007162704598158598,0.0036378935910761356,0.04299834556877613,1.48488201882456,0.6226134573036207,1.088915138064153,-0.46546769325426307,0.006964804651442134,0.0027853333564091384,,,,,,,,,,,,
1.7800000000000002,grasp,,,,,,,,,,,,,,,,,,,,,1.4567841291427612,0.6115487217903137,1.0670528411865234,-0.45665326714515686,0.00684006605297327,0.003230779431760311,0.04299834556877613,1.48488201882456,0.6226134573036207,1.088915138064153,-0.46546769325426307,0.006964804651442134,0.0027853333564091384,,,,,,,,,,,,
1.8000000000000003,grasp,,,,,,,,,,,,,,,,,,,,,1.505418300628662,0.631507396697998,1.1017624139785767,-0.4719250500202179,0.007269894238561392,0.002459555631503463,0.04299834556877613,1.5572144998410054,0.6521390677407763,1.1407657130440825,-0.48813271356648036,0.007064477693888583,0.0016530744925249642,,,,,,,,,,,,
1.8200000000000003,grasp,,,,,,,,,,,,,,,,,,,,,1.5306370258331299,0.6417112946510315,1.1199495792388916,-0.47979050874710083,0.00695407809689641,0.00207298481836915,0.04299834556877613,1.5572144998410054,0.6521390677407763,1.1407657130440825,-0.48813271356648036,0.007064477693888583,0.0016530744925249642,,,,,,,,,,,,
1.8399999999999999,grasp,,,,,,,,,,,,,,,,,,,,,1.5761170387268066,0.6603650450706482,1.1524139642715454,-0.4940887987613678,0.007351142819970846,0.001353203086182475,0.04299834556877613,1.6245558307814014,0.6796020299908008,1.1890424963909163,-0.5092622941148738,0.007157683401545456,0.0005986914146972319,,,,,,,,,,,,
1.8599999999999999,grasp,,,,,,,,,,,,,,,,,,,,,1.5997048616409302,0.6699035167694092,1.1694188117980957,-0.501453161239624,0.007053476292639971,0.0009914925321936607,0.04299834556877613,1.6245558307814014,0.6796020299908008,1.1890424963909163,-0.5092622941148738,0.007157683401545456,0.0005986914146972319,,,,,,,,,,,,
1.88,grasp,,,,,,,,,,,,,,,,,,,,,1.6301475763320923,0.6939224600791931,1.1931097507476807,-0.5013225078582764,0.007113897241652012,0.0005077325040474534,0.04299834556877613,1.6625302016537835,0.718975678524622,1.2202845349721865,-0.5011632240163852,0.0068783252888499815,-1.1834363815435602e-06,,,,,,,,,,,,
1.9,grasp,,,,,,,,,,,,,,,,,,,,,1.6459174156188965,0.7063485980033875,1.2054282426834106,-0.5012546181678772,0.0068718381226062775,0.00026387732941657305,0.04299834556877613,1.6625302016537835,0.718975678524622,1.2202845349721865,-0.5011632240163852,0.0068783252888499815,-1.1834363815435602e-06,,,,,,,,,,,,
1.92,grasp,,,,,,,,,,,,,,,,,,,,,1.653565526008606,0.7399368286132812,1.2157524824142456,-0.4779405891895294,0.0064514572732150555,0.00013766129268333316,0.04299834556877613,1.6615662531310813,0.7756289288513827,1.2288948005074773,-0.4531401135959774,0.006106957004680279,2.1524361764606846e-06,,,,,,,,,,,,
1.94,grasp,,,,,,,,,,,,,,,,,,,,,1.6578071117401123,0.7570713758468628,1.224834680557251,-0.46535488963127136,0.007081866264343262,-2.5990015274146572e-05,0.04299834556877613,1.6615662531310813,0.7756289288513827,1.2288948005074773,-0.4531401135959774,0.006106957004680279,2.1524361764606846e-06,,,,,,,,,,,,
1.96,grasp,,,,,,,,,,,,,,,,,,,,,1.6592086553573608,0.7859801054000854,1.2331188917160034,-0.42155295610427856,0.007892140187323093,-0.00019141408847644925,0.04299834556877613,1.6608871396496467,0.8258858668686887,1.2365960384189996,-0.4106660739282283,0.005428262113780708,2.43026148273524e-06,,,,,,,,,,,,
1.98,grasp,,,,,,,,,,,,,,,,,,,,,1.6602078676223755,0.8052999377250671,1.237349033355713,-0.3982742428779602,0.007276701275259256,-0.00013122560631018132,0.04299834556877613,1.6608871396496467,0.8258858668686887,1.2365960384189996,-0.4106660739282283,0.005428262113780708,2.43026148273524e-06,,,,,,,,,,,,
2.0,grasp,,,,,,,,,,,,,,,,,,,,,1.6605889797210693,0.835901141166687,1.2427349090576172,-0.3659878373146057,0.005847073160111904,-2.6672585590858944e-05,0.04299834556877613,1.66029708163334,0.869653721381728,1.2432943944881232,-0.3736804050214306,0.004837996674916962,2.6718889572223058e-06,,,,,,,,,,,,
2.02,grasp,,,,,,,,,,,,,,,,,,,,,1.6613236665725708,0.8522204756736755,1.2454893589019775,-0.34275659918785095,0.0042744847014546394,0.00011846700363093987,0.04299834556877613,1.66029708163334,0.869653721381728,1.2432943944881232,-0.3736804050214306,0.004837996674916962,2.6718889572223058e-06,,,,,,,,,,,,
2.04,grasp,,,,,,,,,,,,,,,,,,,,,1.6616249084472656,0.8780150413513184,1.2496596574783325,-0.3079322576522827,0.0028081564232707024,0.00024286836560349911,0.04299834556877613,1.6597954399956012,0.9068513973192781,1.2489914507822462,-0.34224522426432274,0.004336024462421107,2.8773730081227708e-06,,,,,,,,,,,,
2.06,grasp,,,,,,,,,,,,,,,,,,,,,1.661149024963379,0.8919957280158997,1.2517907619476318,-0.28878796100616455,0.00321473041549325,0.00017882700194604695,0.04299834556877613,1.6597954399956012,0.9068513973192781,1.2489914507822462,-0.34224522426432274,0.004336024462421107,2.8773730081227708e-06,,,,,,,,,,,,
2.08,grasp,,,,,,,,,,,,,,,,,,,,,1.6605840921401978,0.9140080809593201,1.2551910877227783,-0.26224568486213684,0.003279763972386718,0.00013695655798073858,0.04299834556877613,1.65938092733627,0.9375341890756917,1.2537009823435197,-0.31631177420635287,0.003921105271146716,3.0472220096814256e-06,,,,,,,,,,,,
2.1,grasp,,,,,,,,,,,,,,,,,,,,,1.660146951675415,0.9254439473152161,1.2569224834442139,-0.25005635619163513,0.003423510119318962,0.00010293767263647169,0.04299834556877613,1.65938092733627,0.9375341890756917,1.2537009823435197,-0.31631177420635287,0.003921105271146716,3.0472220096814256e-06,,,,,,,,,,,,
2.12,grasp,,,,,,,,,,,,,,,,,,,,,1.6596752405166626,0.9431031942367554,1.2596443891525269,-0.23267725110054016,0.003402031259611249,7.866071246098727e-05,0.04299834556877613,1.6590505991314624,0.9619038450702824,1.257454092555699,-0.2957104464948923,0.0035904782151030363,3.1825656897855055e-06,,,,,,,,,,,,
2.14,grasp,,,,,,,,,,,,,,,,,,,,,1.65936279296875,0.9522441625595093,1.2610222101211548,-0.22325697541236877,0.0036736635956913233,3.2935375202214345e-05,0.04299834556877613,1.6590505991314624,0.9619038450702824,1.257454092555699,-0.2957104464948923,0.0035904782151030363,3.1825656897855055e-06,,,,,,,,,,,,
2.16,grasp,,,,,,,,,,,,,,,,,,,,,1.6590538024902344,0.9657647013664246,1.2631429433822632,-0.20807334780693054,0.0038370753172785044,6.888961934237159e-07,0.04299834556877613,1.6587999527393824,0.9803178932525485,1.260304566791762,-0.2801399532490236,0.0033393793293814665,3.2853547434131765e-06,,,,,,,,,,,,
2.18,grasp,,,,,,,,,,,,,,,,,,,,,1.659684419631958,0.9726390838623047,1.2642408609390259,-0.19624879956245422,0.0026959956157952547,0.00012042885646224022,0.04299834556877613,1.6587999527393824,0.9803178932525485,1.260304566791762,-0.2801399532490236,0.0033393793293814665,3.2853547434131765e-06,,,,,,,,,,,,
2.2,grasp,,,,,,,,,,,,,,,,,,,,,1.6598308086395264,0.9824725389480591,1.2657749652862549,-0.18038858473300934,0.002099530538544059,0.0001696955441730097,0.04299834556877613,1.6586216180754325,0.9933011217002863,1.2623293409185428,-0.2691581752855439,0.0031610235223985482,3.3583663177745964e-06,,,,,,,,,,,,
2.22,grasp,,,,,,,,,,,,,,,,,,,,,1.6598219871520996,0.9875568747520447,1.2665537595748901,-0.17179198563098907,0.0018528900109231472,0.00018992724653799087,0.04299834556877613,1.6586216180754325,0.9933011217002863,1.2623293409185428,-0.2691581752855439,0.0031610235223985482,3.3583663177745964e-06,,,,,,,,,,,,
2.24,grasp,,,,,,,,,,,,,,,,,,,,,1.6597092151641846,0.9941562414169312,1.2675844430923462,-0.1614276021718979,0.001720149302855134,0.00019559504289645702,0.04299834556877613,1.6585066051324453,1.001552533240899,1.263636557768562,-0.262169047248232,0.003045859336058802,3.4055101947564197e-06,,,,,,,,,,,,
2.2600000000000002,grasp,,,,,,,,,,,,,,,,,,,,,1.6596543788909912,0.9976047873497009,1.2680960893630981,-0.15678098797798157,0.0016104147071018815,0.00020509958267211914,0.04299834556877613,1.6585066051324453,1.001552533240899,1.263636557768562,-0.262169047248232,0.003045859336058802,3.4055101947564197e-06,,,,,,,,,,,,
2.2800000000000002,grasp,,,,,,,,,,,,,,,,,,,,,1.659562587738037,1.001498818397522,1.2687110900878906,-0.15084685385227203,0.0015326705761253834,0.00020784510707017034,0.04299834556877613,1.6584434762636593,1.005964467954621,1.2643543937355024,-0.2584202300334104,0.0029826245421725427,3.4313963631379066e-06,,,,,,,,,,,,
2.3000000000000003,grasp,,,,,,,,,,,,,,,,,,,,,1.6594947576522827,1.0035133361816406,1.2690171003341675,-0.14777614176273346,0.0015097104478627443,0.0002078640682157129,0.04299834556877613,1.6584434762636593,1.005964467954621,1.2643543937355024,-0.2584202300334104,0.0029826245421725427,3.4313963631379066e-06,,,,,,,,,,,,
2.3200000000000003,grasp,,,,,,,,,,,,,,,,,,,,,1.659438133239746,1.0053586959838867,1.269302248954773,-0.145076721906662,0.001489589223638177,0.00020754228171426803,0.04299834556877613,1.6584192248464016,1.0076369646020618,1.2646299799988219,-0.2569968597452833,0.0029583510668886675,3.4413328673038713e-06,,,,,,,,,,,,
2.3400000000000003,grasp,,,,,,,,,,,,,,,,,,,,,1.6593992710113525,1.0063127279281616,1.2694463729858398,-0.14364318549633026,0.0014810552820563316,0.00020718174346257,0.04299834556877613,1.6584192248464016,1.0076369646020618,1.2646299799988219,-0.2569968597452833,0.0029583510668886675,3.4413328673038713e-06,,,,,,,,,,,,
2.35852143291384,grasp,,,,,,,,,,,,,,,,,,,,,1.6593719720840454,1.0069165229797363,1.2695366144180298,-0.1427464634180069,0.0014796515461057425,0.0002065668668365106,0.04299834556877613,1.6584157943725586,1.0078686475753784,1.2646682262420654,-0.256799578666687,0.0029549808241426945,3.4427125683578197e-06,,,,,,,,,,,,
0.0,grasp,,,,,,,,,,,,,,,,,,,,,,,,,,,3.110544457740616e-05,,,,,,,0.043,,,,,,,,,,,
0.02,grasp,,,,,,,,,,,,,,,,,,,,,,,,,,,4.577848631015513e-05,,,,,,,0.043,,,,,,,,,,,
0.04,grasp,,,,,,,,,,,,,,,,,,,,,,,,,,,0.00014081681001698598,,,,,,,0.043,,,,,,,,,,,
0.06,grasp,,,,,,,,,,,,,,,,,,,,,,,,,,,0.0003690744924824685,,,,,,,0.043,,,,,,,,,,,
0.08,grasp,,,,,,,,,,,,,,,,,,,,,,,,,,,0.0007541872037108988,,,,,,,0.043,,,,,,,,,,,
0.1,grasp,,,,,,,,,,,,,,,,,,,,,,,,,,,0.0013267037575133145,,,,,,,0.043,,,,,,,,,,,
0.12,grasp,,,,,,,,,,,,,,,,,,,,,,,,,,,0.002104894141666591,,,,,,,0.043,,,,,,,,,,,
0.14,grasp,,,,,,,,,,,,,,,,,,,,,,,,,,,0.003094868967309594,,,,,,,0.043,,,,,,,,,,,
0.16,grasp,,,,,,,,,,,,,,,,,,,,,,,,,,,0.004300255561247468,,,,,,,0.043,,,,,,,,,,,
0.18,grasp,,,,,,,,,,,,,,,,,,,,,,,,,,,0.005716655170544982,,,,,,,0.043,,,,,,,,,,,
0.2,grasp,,,,,,,,,,,,,,,,,,,,,,,,,,,0.007332517299801111,,,,,,,0.043,,,,,,,,,,,
0.22,grasp,,,,,,,,,,,,,,,,,,,,,,,,,,,0.0091330804862082,,,,,,,0.043,,,,,,,,,,,
0.24,grasp,,,,,,,,,,,,,,,,,,,,,,,,,,,0.01109784608706832,,,,,,,0.043,,,,,,,,,,,
0.26,grasp,,,,,,,,,,,,,,,,,,,,,,,,,,,0.013202709145843983,,,,,,,0.043,,,,,,,,,,,
0.28,grasp,,,,,,,,,,,,,,,,,,,,,,,,,,,0.015421062242239714,,,,,,,0.043,,,,,,,,,,,
0.3,grasp,,,,,,,,,,,,,,,,,,,,,,,,,,,0.017722883261740208,,,,,,,0.043,,,,,,,,,,,
0.32,grasp,,,,,,,,,,,,,,,,,,,,,,,,,,,0.02007693611085415,,,,,,,0.043,,,,,,,,,,,
0.34,grasp,,,,,,,,,,,,,,,,,,,,,,,,,,,0.022451148368418217,,,,,,,0.043,,,,,,,,,,,
0.36,grasp,,,,,,,,,,,,,,,,,,,,,,,,,,,0.024812132120132446,,,,,,,0.043,,,,,,,,,,,
0.38,grasp,,,,,,,,,,,,,,,,,,,,,,,,,,,0.027127714827656746,,,,,,,0.043,,,,,,,,,,,
0.4,grasp,,,,,,,,,,,,,,,,,,,,,,,,,,,0.02936626225709915,,,,,,,0.043,,,,,,,,,,,
0.42,grasp,,,,,,,,,,,,,,,,,,,,,,,,,,,0.031497687101364136,,,,,,,0.043,,,,,,,,,,,
0.44,grasp,,,,,,,,,,,,,,,,,,,,,,,,,,,0.033494167029857635,,,,,,,0.043,,,,,,,,,,,
0.46,grasp,,,,,,,,,,,,,,,,,,,,,,,,,,,0.035331377759575844,,,,,,,0.043,,,,,,,,,,,
0.48,grasp,,,,,,,,,,,,,,,,,,,,,,,,,,,0.0369880236685276,,,,,,,0.043,,,,,,,,,,,
0.5,grasp,,,,,,,,,,,,,,,,,,,,,,,,,,,0.03844754211604595,,,,,,,0.043,,,,,,,,,,,
0.52,grasp,,,,,,,,,,,,,,,,,,,,,,,,,,,0.03969845920801163,,,,,,,0.043,,,,,,,,,,,
0.54,grasp,,,,,,,,,,,,,,,,,,,,,,,,,,,0.040734587237238884,,,,,,,0.043,,,,,,,,,,,
0.56,grasp,,,,,,,,,,,,,,,,,,,,,,,,,,,0.04155657812952995,,,,,,,0.043,,,,,,,,,,,
0.58,grasp,,,,,,,,,,,,,,,,,,,,,,,,,,,0.04217221587896347,,,,,,,0.043,,,,,,,,,,,
0.6,grasp,,,,,,,,,,,,,,,,,,,,,,,,,,,0.04259629733860493,,,,,,,0.043,,,,,,,,,,,
0.62,grasp,,,,,,,,,,,,,,,,,,,,,,,,,,,0.04285311698913574,,,,,,,0.043,,,,,,,,,,,
0.64,grasp,,,,,,,,,,,,,,,,,,,,,,,,,,,0.0429752916097641,,,,,,,0.043,,,,,,,,,,,
0.66,grasp,,,,,,,,,,,,,,,,,,,,,,,,,,,0.04300558194518089,,,,,,,0.043,,,,,,,,,,,
0.68,grasp,,,,,,,,,,,,,,,,,,,,,,,,,,,0.0429984163492918,,,,,,,0.043,,,,,,,,,,,
0.68,grasp,,,,,,,,,,,,,,,,,,,,,-0.007502206135541201,0.0010824882192537189,0.016056736931204796,0.012297069653868675,0.00012599026376847178,0.007501496002078056,0.0429984163492918,-0.007501760497689247,0.0005477686645463109,0.018145203590393066,0.01231689378619194,0.00011574599193409085,0.007501695305109024,,,,,,,,,,,,
0.7000000000000001,grasp,,,,,,,,,,,,,,,,,,,,,-0.007502211257815361,0.001087021199055016,0.016039324924349785,0.012296902015805244,0.00012621654605027288,0.007501471787691116,0.0429984163492918,-0.007501760497689247,0.0005477686645463109,0.018145203590393066,0.01231689378619194,0.00011574599193409085,0.007501695305109024,,,,,,,,,,,,
0.7200000000000001,grasp,,,,,,,,,,,,,,,,,,,,,-0.007377676200121641,0.00114344316534698,0.016122426837682724,0.012253334745764732,0.00012840506678912789,0.007500853389501572,0.0429984163492918,-0.007239392765288245,0.0006593035276465326,0.018336638706693942,0.012227220192598852,0.00011705536197684055,0.007500507856535526,,,,,,,,,,,,
0.74,grasp,,,,,,,,,,,,,,,,,,,,,-0.007311984430998564,0.0011720677139237523,0.016167297959327698,0.012230910360813141,0.00012748665176331997,0.00750057864934206,0.0429984163492918,-0.007239392765288245,0.0006593035276465326,0.018336638706693942,0.012227220192598852,0.00011705536197684055,0.007500507856535526,,,,,,,,,,,,
0.76,grasp,,,,,,,,,,,,,,,,,,,,,-0.006431868299841881,0.0015472545055672526,0.016805583611130714,0.011928185820579529,0.00014168026973493397,0.007496347650885582,0.0429984163492918,-0.0054822785559730195,0.0014062679948367634,0.01961870426808666,0.011626655766251505,0.0001258243936774641,0.007492556229157418,,,,,,,,,,,,
0.78,grasp,,,,,,,,,,,,,,,,,,,,,-0.0059751179069280624,0.0017397336196154356,0.01714690402150154,0.01177231129258871,0.00013479274639394134,0.007494489196687937,0.0429984163492918,-0.0054822785559730195,0.0014062679948367634,0.01961870426808666,0.011626655766251505,0.0001258243936774641,0.007492556229157418,,,,,,,,,,,,
0.8,grasp,,,,,,,,,,,,,,,,,,,,,-0.0035432809963822365,0.002774486318230629,0.018909664824604988,0.01093909703195095,0.0001710195210762322,0.007482918445020914,0.0429984163492918,-0.0009395645042168017,0.003337357646826079,0.022933254415382482,0.010074002745693507,0.00014849519840165362,0.007471997247146086,,,,,,,,,,,,
0.8200000000000001,grasp,,,,,,,,,,,,,,,,,,,,,-0.0022817780263721943,0.0033003310672938824,0.019850220531225204,0.010510162450373173,0.00015342020196840167,0.0074777728877961636,0.0429984163492918,-0.0009395645042168017,0.003337357646826079,0.022933254415382482,0.010074002745693507,0.00014849519840165362,0.007471997247146086,,,,,,,,,,,,
0.8400000000000001,grasp,,,,,,,,,,,,,,,,,,,,,0.002432845998555422,0.0053107962012290955,0.023268742486834526,0.008895518258213997,0.00022002893092576414,0.007455436047166586,0.0429984163492918,0.007468512246079996,0.006906555310797549,0.029067647839114103,0.007200273206007,0.0001904556780375835,0.007433946095286666,,,,,,,,,,,,
0.8600000000000001,grasp,,,,,,,,,,,,,,,,,,,,,0.004877450875937939,0.006331510376185179,0.025087352842092514,0.008064266294240952,0.0001883194490801543,0.007445408962666988,0.0429984163492918,0.007468512246079996,0.006906555310797549,0.029067647839114103,0.007200273206007,0.0001904556780375835,0.007433946095286666,,,,,,,,,,,,
0.8800000000000001,grasp,,,,,,,,,,,,,,,,,,,,,0.012496952898800373,0.009568633511662483,0.030611490830779076,0.005455217324197292,0.0002925058070104569,0.007409403100609779,0.0429984163492918,0.020626307653069317,0.01246369189558486,0.038664620923272684,0.0027035298868838234,0.0002561153416111617,0.0073744037543021276,,,,,,,,,,,,
0.9,grasp,,,,,,,,,,,,,,,,,,,,,0.01644633337855339,0.011213334277272224,0.033545609563589096,0.004111988935619593,0.00024407012097071856,0.00739312544465065,0.0429984163492918,0.020626307653069317,0.01246369189558486,0.038664620923272684,0.0027035298868838234,0.0002561153416111617,0.0073744037543021276,,,,,,,,,,,,
0.92,grasp,,,,,,,,,,,,,,,,,,,,,0.027474725618958473,0.01586524210870266,0.04153839498758316,0.0003362882707733661,0.0003916018467862159,0.007341109216213226,0.0429984163492918,0.039233860071217166,0.020259664823527264,0.052230437253698574,-0.0036549057985742223,0.0003489606875266257,0.00729020738509511,,,,,,,,,,,,
0.9400000000000001,grasp,,,,,,,,,,,,,,,,,,,,,0.03318958729505539,0.018229737877845764,0.0457790233194828,-0.0016076270258054137,0.00032453201129101217,0.007317467592656612,0.0429984163492918,0.039233860071217166,0.020259664823527264,0.052230437253698574,-0.0036549057985742223,0.0003489606875266257,0.00729020738509511,,,,,,,,,,,,
0.9600000000000001,grasp,,,,,,,,,,,,,,,,,,,,,0.04801614210009575,0.02442110702395439,0.056518808007240295,-0.006682729814201593,0.0005197519203647971,0.007247640285640955,0.0429984163492918,0.06381901414853057,0.030447938320971632,0.07014348087126211,-0.012054543198511972,0.0004716145713951712,0.007178978524353333,,,,,,,,,,,,
0.98,grasp,,,,,,,,,,,,,,,,,,,,,0.055697765201330185,0.027568917721509933,0.062212128192186356,-0.009295715019106865,0.00043276362703181803,0.007215764839202166,0.0429984163492918,0.06381901414853057,0.030447938320971632,0.07014348087126211,-0.012054543198511972,0.0004716145713951712,0.007178978524353333,,,,,,,,,,,,
1.0,grasp,,,,,,,,,,,,,,,,,,,,,0.07459259778261185,0.03539816290140152,0.07589368522167206,-0.01576247066259384,0.0006784775177948177,0.007126898504793644,0.0429984163492918,0.09472635667388454,0.043162875928323574,0.09265438595533741,-0.02261297005359809,0.0006257918262755324,0.007039162425614816,,,,,,,,,,,,
1.02,grasp,,,,,,,,,,,,,,,,,,,,,0.08438052237033844,0.03937971219420433,0.08314114063978195,-0.019092025235295296,0.0005709686665795743,0.007086167111992836,0.0429984163492918,0.09472635667388454,0.043162875928323574,0.09265438595533741,-0.02261297005359809,0.0006257918262755324,0.007039162425614816,,,,,,,,,,,,
1.04,grasp,,,,,,,,,,,,,,,,,,,,,0.10750479996204376,0.04891256242990494,0.09988167881965637,-0.027005502954125404,0.0008685809443704784,0.00697754044085741,0.0429984163492918,0.13214051424770157,0.058486020523990635,0.11989864311610911,-0.03539328468690824,0.0008124108222035584,0.006869926525999685,,,,,,,,,,,,
1.06,grasp,,,,,,,,,,,,,,,,,,,,,0.11948218941688538,0.05376176908612251,0.10874345153570175,-0.031080033630132675,0.0007405517972074449,0.006927570793777704,0.0429984163492918,0.13214051424770157,0.058486020523990635,0.11989864311610911,-0.03539328468690824,0.0008124108222035584,0.006869926525999685,,,,,,,,,,,,
1.08,grasp,,,,,,,,,,,,,,,,,,,,,0.14689955115318298,0.06502030044794083,0.12858936190605164,-0.0404619425535202,0.001090282923541963,0.006798914168030024,0.0429984163492918,0.17610470190286048,0.07642708538719646,0.15190725065583732,-0.05041011182876696,0.0010316840079143473,0.0066710773310888144,,,,,,,,,,,,
1.1,grasp,,,,,,,,,,,,,,,,,,,,,0.16109907627105713,0.07074884325265884,0.13908801972866058,-0.04529264196753502,0.00094216427532956,0.006739529315382242,0.0429984163492918,0.17610470190286048,0.07642708538719646,0.15190725065583732,-0.05041011182876696,0.0010316840079143473,0.0066710773310888144,,,,,,,,,,,,
1.12,grasp,,,,,,,,,,,,,,,,,,,,,0.1927817016839981,0.08372049778699875,0.16201969981193542,-0.05613336339592934,0.0013430893886834383,0.006591004319489002,0.0429984163492918,0.22652620723933367,0.09694841605780892,0.18861262506513146,-0.06763179619820216,0.0012831514700673168,0.006443032007071976,,,,,,,,,,,,
1.1400000000000001,grasp,,,,,,,,,,,,,,,,,,,,,0.20918865501880646,0.0903225913643837,0.17414264380931854,-0.06171533837914467,0.001175782410427928,0.006522239185869694,0.0429984163492918,0.22652620723933367,0.09694841605780892,0.18861262506513146,-0.06763179619820216,0.0012831514700673168,0.006443032007071976,,,,,,,,,,,,
1.1600000000000001,grasp,,,,,,,,,,,,,,,,,,,,,0.245025634765625,0.1049588993191719,0.2000802904367447,-0.07397690415382385,0.001625998062081635,0.006354388315230608,0.0429984163492918,0.2831911293254191,0.11995753579129365,0.22985853076484494,-0.08698526066757875,0.0015657513743238594,0.006186754046267011,,,,,,,,,,,,
1.1800000000000002,grasp,,,,,,,,,,,,,,,,,,,,,0.26358234882354736,0.11241044849157333,0.21378302574157715,-0.08029060065746307,0.0014407570706680417,0.006276444531977177,0.0429984163492918,0.2831911293254191,0.11995753579129365,0.22985853076484494,-0.08698526066757875,0.0015657513743238594,0.006186754046267011,,,,,,,,,,,,
1.2000000000000002,grasp,,,,,,,,,,,,,,,,,,,,,0.30338555574417114,0.12863615155220032,0.24259130656719208,-0.09390869736671448,0.001937380526214838,0.006090168375521898,0.0429984163492918,0.34577149486029707,0.14532623191255062,0.2754066732429724,-0.10835864777562414,0.0018778547026559954,0.00590372096890442,,,,,,,,,,,,
1.2200000000000002,grasp,,,,,,,,,,,,,,,,,,,,,0.32399454712867737,0.13689929246902466,0.2577999532222748,-0.10092101246118546,0.0017357582692056894,0.006003438960760832,0.0429984163492918,0.34577149486029707,0.14532623191255062,0.2754066732429724,-0.10835864777562414,0.0018778547026559954,0.00590372096890442,,,,,,,,,,,,
1.2400000000000002,grasp,,,,,,,,,,,,,,,,,,,,,0.36750778555870056,0.15460853278636932,0.2892940938472748,-0.11580799520015717,0.002275247825309634,0.005799951963126659,0.0429984163492918,0.41384161704250544,0.17287819864408485,0.32494696915860216,-0.13160647338158116,0.002217328338367107,0.0055958674901892495,,,,,,,,,,,,
1.26,grasp,,,,,,,,,,,,,,,,,,,,,0.39003634452819824,0.16362984478473663,0.3059091567993164,-0.12347383052110672,0.002059011720120907,0.005704965908080339,0.0429984163492918,0.41384161704250544,0.17287819864408485,0.32494696915860216,-0.13160647338158116,0.002217328338367107,0.0055958674901892495,,,,,,,,,,,,
1.28,grasp,,,,,,,,,,,,,,,,,,,,,0.43694186210632324,0.18269558250904083,0.3398585915565491,-0.13957050442695618,0.0026370971463620663,0.00548578379675746,0.0429984163492918,0.4868848206978036,0.2024094962999085,0.378103958352189,-0.15655222742728803,0.002581583065160628,0.005265542813026981,,,,,,,,,,,,
1.3,grasp,,,,,,,,,,,,,,,,,,,,,0.46122559905052185,0.19241048395633698,0.3577575385570526,-0.14780986309051514,0.002408222993835807,0.005383224692195654,0.0429984163492918,0.4868848206978036,0.2024094962999085,0.378103958352189,-0.15655222742728803,0.002581583065160628,0.005265542813026981,,,,,,,,,,,,
1.32,grasp,,,,,,,,,,,,,,,,,,,,,0.5111514925956726,0.2126832902431488,0.3938901722431183,-0.1651907116174698,0.0030201037880033255,0.005150082521140575,0.0429984163492918,0.564308290506204,0.23368130652556227,0.4344462993765398,-0.18299349826900344,0.0029676735335682756,0.004915417183390607,,,,,,,,,,,,
1.34,grasp,,,,,,,,,,,,,,,,,,,,,0.5369981527328491,0.22301509976387024,0.4129332900047302,-0.17382797598838806,0.002780528971925378,0.0050408910028636456,0.0429984163492918,0.564308290506204,0.23368130652556227,0.4344462993765398,-0.18299349826900344,0.0029676735335682756,0.004915417183390607,,,,,,,,,,,,
1.36,grasp,,,,,,,,,,,,,,,,,,,,,0.5895271301269531,0.24432604014873505,0.450947642326355,-0.19231869280338287,0.0033747374545782804,0.004800877533853054,0.0429984163492918,0.645453368152665,0.26642802577496044,0.49349475179740293,-0.2107054430256716,0.003372330722314859,0.004548454348265185,,,,,,,,,,,,
1.3800000000000001,grasp,,,,,,,,,,,,,,,,,,,,,0.6167229413986206,0.25518858432769775,0.47097551822662354,-0.20123878121376038,0.0031251010950654745,0.004682505503296852,0.0429984163492918,0.645453368152665,0.26642802577496044,0.49349475179740293,-0.2107054430256716,0.003372330722314859,0.004548454348265185,,,,,,,,,,,,
1.4,grasp,,,,,,,,,,,,,,,,,,,,,0.6713965535163879,0.2773538827896118,0.510542631149292,-0.22061635553836823,0.0037616491317749023,0.004431798588484526,0.0429984163492918,0.7296062208278301,0.30036438777820895,0.554730136991523,-0.23944439399112277,0.0037919889723291335,0.004167887038329117,,,,,,,,,,,,
1.42,grasp,,,,,,,,,,,,,,,,,,,,,0.6997033953666687,0.2886538803577423,0.531380295753479,-0.22975033521652222,0.0035188382025808096,0.004308705218136311,0.0429984163492918,0.7296062208278301,0.30036438777820895,0.554730136991523,-0.23944439399112277,0.0037919889723291335,0.004167887038329117,,,,,,,,,,,,
1.44,grasp,,,,,,,,,,,,,,,,,,,,,0.7560391426086426,0.3114771246910095,0.572148859500885,-0.24976608157157898,0.004174413159489632,0.004049741663038731,0.0429984163492918,0.8160098361717177,0.3351874818660243,0.6176020888290534,-0.2689519290943482,0.004222860272073904,0.003777150766471272,,,,,,,,,,,,
1.46,grasp,,,,,,,,,,,,,,,,,,,,,0.7852012515068054,0.32311496138572693,0.5936087965965271,-0.2590734362602234,0.0039408039301633835,0.0039224703796207905,0.0429984163492918,0.8160098361717177,0.3351874818660243,0.6176020888290534,-0.2689519290943482,0.004222860272073904,0.003777150766471272,,,,,,,,,,,,
1.48,grasp,,,,,,,,,,,,,,,,,,,,,0.8426870107650757,0.34639012813568115,0.635210394859314,-0.27946221828460693,0.004603338893502951,0.003658477682620287,0.0429984163492918,0.9038755983803333,0.37058141899831076,0.6815370499606382,-0.29895864197207367,0.004661003406399535,0.003379819519685786,,,,,,,,,,,,
1.5,grasp,,,,,,,,,,,,,,,,,,,,,0.8724411129951477,0.3582614064216614,0.6570969223976135,-0.2889202833175659,0.004374333191663027,0.0035282098688185215,0.0429984163492918,0.9038755983803333,0.37058141899831076,0.6815370499606382,-0.29895864197207367,0.004661003406399535,0.003379819519685786,,,,,,,,,,,,
1.52,grasp,,,,,,,,,,,,,,,,,,,,,0.9305476546287537,0.38177621364593506,0.6991512775421143,-0.309418648481369,0.005040265154093504,0.003261290257796645,0.0429984163492918,0.9923944427189667,0.40622244600527013,0.7459463611758392,-0.32918842108492186,0.005102415513543472,0.002979525003915712,,,,,,,,,,,,
1.54,grasp,,,,,,,,,,,,,,,,,,,,,0.960623025894165,0.39377275109291077,0.721262514591217,-0.3190092146396637,0.004812553524971008,0.0031296112574636936,0.0429984163492918,0.9923944427189667,0.40622244600527013,0.7459463611758392,-0.32918842108492186,0.005102415513543472,0.002979525003915712,,,,,,,,,,,,
1.56,grasp,,,,,,,,,,,,,,,,,,,,,1.0188121795654297,0.4173116981983185,0.763382077217102,-0.3393668234348297,0.005478075705468655,0.0028621170204132795,0.0429984163492918,1.0807481447975598,0.4417831969365312,0.810234943104059,-0.35936209360016924,0.005543027080368195,0.0025799583494606248,,,,,,,,,,,,
1.58,grasp,,,,,,,,,,,,,,,,,,,,,1.0489336252212524,0.42932382225990295,0.7855129241943359,-0.34906697273254395,0.005250906106084585,0.002730301348492503,0.0429984163492918,1.0807481447975598,0.4417831969365312,0.810234943104059,-0.35936209360016924,0.005543027080368195,0.0025799583494606248,,,,,,,,,,,,
1.6,grasp,,,,,,,,,,,,,,,,,,,,,1.1066654920578003,0.4526706039905548,0.8273105621337891,-0.3690631687641144,0.005913230124861002,0.002464564749971032,0.0429984163492918,1.168120582751542,0.47693738316927636,0.8738097860421239,-0.38920103891832536,0.005978733361012962,0.0021848387149419916,,,,,,,,,,,,
1.62,grasp,,,,,,,,,,,,,,,,,,,,,1.1365567445755005,0.46458831429481506,0.8492567539215088,-0.3788326680660248,0.005684752482920885,0.0023340340703725815,0.0429984163492918,1.168120582751542,0.47693738316927636,0.8738097860421239,-0.38920103891832536,0.005978733361012962,0.0021848387149419916,,,,,,,,,,,,
1.6400000000000001,grasp,,,,,,,,,,,,,,,,,,,,,1.193299412727356,0.48752978444099426,0.8903477191925049,-0.3982900381088257,0.006341423839330673,0.0020723151974380016,0.0429984163492918,1.253709372856205,0.511364216746575,0.9360877024255053,-0.4184315912181478,0.006405546091359356,0.0017977835141926057,,,,,,,,,,,,
1.6600000000000001,grasp,,,,,,,,,,,,,,,,,,,,,1.2226874828338623,0.4992440640926361,0.9119079113006592,-0.40806153416633606,0.006110653281211853,0.0019444392528384924,0.0429984163492918,1.253709372856205,0.511364216746575,0.9360877024255053,-0.4184315912181478,0.006405546091359356,0.0017977835141926057,,,,,,,,,,,,
1.6800000000000002,grasp,,,,,,,,,,,,,,,,,,,,,1.2779254913330078,0.5215727090835571,0.9519172310829163,-0.4268624484539032,0.006761772092431784,0.0016886215889826417,0.0429984163492918,1.3367374703516788,0.5447529739961048,0.9965035148000126,-0.4467884540185016,0.00681961578235146,0.0014222853378143673,,,,,,,,,,,,
1.7000000000000002,grasp,,,,,,,,,,,,,,,,,,,,,1.3065388202667236,0.5329772233963013,0.9728963375091553,-0.4365297257900238,0.0065374188125133514,0.001564627862535417,0.0429984163492918,1.3367374703516788,0.5447529739961048,0.9965035148000126,-0.4467884540185016,0.00681961578235146,0.0014222853378143673,,,,,,,,,,,,
1.7200000000000002,grasp,,,,,,,,,,,,,,,,,,,,,1.3597785234451294,0.5544945001602173,1.0114606618881226,-0.4547147750854492,0.007202794775366783,0.0013137097703292966,0.0429984163492918,1.4164640517764466,0.5768074200168393,1.054518900879007,-0.4740189825456261,0.007217247343775494,0.001061693608409475,,,,,,,,,,,,
1.7400000000000002,grasp,,,,,,,,,,,,,,,,,,,,,1.3873590230941772,0.56548672914505,1.0316747426986694,-0.4640810191631317,0.006985133979469538,0.0011972971260547638,0.0429984163492918,1.4164640517764466,0.5768074200168393,1.054518900879007,-0.4740189825456261,0.007217247343775494,0.001061693608409475,,,,,,,,,,,,
1.7600000000000002,grasp,,,,,,,,,,,,,,,,,,,,,1.4381343126296997,0.5860047936439514,1.0684571266174316,-0.48145002126693726,0.007596442475914955,0.0009593567228876054,0.0429984163492918,1.4921961115647213,0.6072505524719207,1.10963038005976,-0.4998868268498716,0.007594959530358949,0.0007191584880372022,,,,,,,,,,,,
1.7800000000000002,grasp,,,,,,,,,,,,,,,,,,,,,1.4644415378570557,0.5964885950088501,1.087729811668396,-0.49039584398269653,0.007380986586213112,0.0008471825858578086,0.0429984163492918,1.4921961115647213,0.6072505524719207,1.10963038005976,-0.4998868268498716,0.007594959530358949,0.0007191584880372022,,,,,,,,,,,,
1.8000000000000003,grasp,,,,,,,,,,,,,,,,,,,,,1.5123202800750732,0.615834653377533,1.1224193572998047,-0.5067827105522156,0.007952139712870121,0.0006241575465537608,0.0429984163492918,1.5632993360601537,0.6358293239131241,1.16137801460925,-0.5241761914747814,0.007949622029649488,0.00039752513405805326,,,,,,,,,,,,
1.8200000000000003,grasp,,,,,,,,,,,,,,,,,,,,,1.5371308326721191,0.6257215142250061,1.1405895948410034,-0.5152228474617004,0.007747942581772804,0.0005183065077289939,0.0429984163492918,1.5632993360601537,0.6358293239131241,1.16137801460925,-0.5241761914747814,0.007949622029649488,0.00039752513405805326,,,,,,,,,,,,
1.8399999999999999,grasp,,,,,,,,,,,,,,,,,,,,,1.582468032836914,0.643307089805603,1.173353672027588,-0.5313963890075684,0.008302485570311546,0.0003066871140617877,0.0429984163492918,1.6307459212799091,0.6614165402758458,1.210286984207229,-0.5485630931219027,0.00831274700377851,9.244141060123817e-05,,,,,,,,,,,,
1.8599999999999999,grasp,,,,,,,,,,,,,,,,,,,,,1.6059672832489014,0.6522864103317261,1.1905144453048706,-0.5397268533706665,0.008113914169371128,0.00020693481201305985,0.0429984163492918,1.6307459212799091,0.6614165402758458,1.210286984207229,-0.5485630931219027,0.00831274700377851,9.244141060123817e-05,,,,,,,,,,,,
1.88,grasp,,,,,,,,,,,,,,,,,,,,,1.6275826692581177,0.6801491379737854,1.2085782289505005,-0.5302326083183289,0.007964481599628925,0.00010609807213768363,0.0429984163492918,1.6505315967478766,0.70941270017603,1.2296382666664256,-0.5201233357127382,0.007719878946654394,-4.601040245341529e-08,,,,,,,,,,,,
1.9,grasp,,,,,,,,,,,,,,,,,,,,,1.6387507915496826,0.6946542263031006,1.2178871631622314,-0.5253409743309021,0.0077682239934802055,5.6348322686972097e-05,0.0429984163492918,1.6505315967478766,0.70941270017603,1.2296382666664256,-0.5201233357127382,0.007719878946654394,-4.601040245341529e-08,,,,,,,,,,,,
1.92,grasp,,,,,,,,,,,,,,,,,,,,,1.6438584327697754,0.7282337546348572,1.2253211736679077,-0.49917060136795044,0.007253027521073818,3.077197470702231e-05,0.0429984163492918,1.6491864850012579,0.7638878947781785,1.2352954825308222,-0.4713363439284096,0.006784601099591882,2.103741134527327e-06,,,,,,,,,,,,
1.94,grasp,,,,,,,,,,,,,,,,,,,,,1.646760106086731,0.745375394821167,1.2328932285308838,-0.4843634068965912,0.007808886468410492,-7.729953358648345e-05,0.0429984163492918,1.6491864850012579,0.7638878947781785,1.2352954825308222,-0.4713363439284096,0.006784601099591882,2.103741134527327e-06,,,,,,,,,,,,
1.96,grasp,,,,,,,,,,,,,,,,,,,,,1.647287130355835,0.77422696352005,1.2391725778579712,-0.4411097466945648,0.008973993360996246,-0.00029007933335378766,0.0429984163492918,1.648371901010628,0.8117763677427885,1.2404946306390723,-0.4287075038471173,0.0059699769901217295,2.355728870763537e-06,,,,,,,,,,,,
1.98,grasp,,,,,,,,,,,,,,,,,,,,,1.647349238395691,0.7924660444259644,1.2423255443572998,-0.41897788643836975,0.00959283858537674,-0.00034322848659940064,0.0429984163492918,1.648371901010628,0.8117763677427885,1.2404946306390723,-0.4287075038471173,0.0059699769901217295,2.355728870763537e-06,,,,,,,,,,,,
2.0,grasp,,,,,,,,,,,,,,,,,,,,,1.6475753784179688,0.8210545778274536,1.2461397647857666,-0.3845014274120331,0.008030802011489868,-0.0002138827694579959,0.0429984163492918,1.647668838655441,0.8531533847416845,1.2449846601772174,-0.3918758745980971,0.005266515834665465,2.5733346682257266e-06,,,,,,,,,,,,
2.02,grasp,,,,,,,,,,,,,,,,,,,,,1.6477898359298706,0.8366858959197998,1.248017430305481,-0.3617211878299713,0.006932246033102274,-0.00013804560876451433,0.0429984163492918,1.647668838655441,0.8531533847416845,1.2449846601772174,-0.3918758745980971,0.005266515834665465,2.5733346682257266e-06,,,,,,,,,,,,
2.04,grasp,,,,,,,,,,,,,,,,,,,,,1.6476964950561523,0.8612962961196899,1.25083589553833,-0.3263491988182068,0.005981232970952988,-7.228117465274408e-05,0.0429984163492918,1.6470764509126474,0.8879779706264698,1.248768026797082,-0.36087489196413597,0.004673854338436308,2.756666539976008e-06,,,,,,,,,,,,
2.06,grasp,,,,,,,,,,,,,,,,,,,,,1.6478328704833984,0.874244749546051,1.2522839307785034,-0.30904513597488403,0.005056556314229965,1.2324152521614451e-05,0.0429984163492918,1.6470764509126474,0.8879779706264698,1.248768026797082,-0.36087489196413597,0.004673854338436308,2.756666539976008e-06,,,,,,,,,,,,
2.08,grasp,,,,,,,,,,,,,,,,,,,,,1.6476564407348633,0.8945525884628296,1.254532814025879,-0.28004997968673706,0.004471303895115852,6.506611680379137e-05,0.0429984163492918,1.646592951509128,0.9163495583200022,1.251858022030598,-0.3356154217064441,0.004189877519586231,2.906378536196912e-06,,,,,,,,,,,,
2.1,grasp,,,,,,,,,,,,,,,,,,,,,1.647195816040039,0.9051223397254944,1.2556836605072021,-0.2665698826313019,0.004573224578052759,-1.8164541870646644e-06,0.0429984163492918,1.646592951509128,0.9163495583200022,1.251858022030598,-0.3356154217064441,0.004189877519586231,2.906378536196912e-06,,,,,,,,,,,,
2.12,grasp,,,,,,,,,,,,,,,,,,,,,1.6465102434158325,0.921265184879303,1.2574560642242432,-0.24745215475559235,0.005032108165323734,-6.459132418967783e-05,0.0429984163492918,1.6462137610235628,0.9385190262623964,1.2542819679344837,-0.3158755145533579,0.0038102987599570332,3.0237975495659168e-06,,,,,,,,,,,,
2.14,grasp,,,,,,,,,,,,,,,,,,,,,1.6462072134017944,0.9296618103981018,1.2583718299865723,-0.23883864283561707,0.004971925634890795,-7.498149352613837e-05,0.0429984163492918,1.6462137610235628,0.9385190262623964,1.2542819679344837,-0.3158755145533579,0.0038102987599570332,3.0237975495659168e-06,,,,,,,,,,,,
2.16,grasp,,,,,,,,,,,,,,,,,,,,,1.6458983421325684,0.9418507814407349,1.25971257686615,-0.2239028960466385,0.004924684762954712,-9.283079270971939e-05,0.0429984163492918,1.6459319960107346,0.9548984939740487,1.2560834979962956,-0.3012886103656473,0.0035282157292412988,3.1110588574512783e-06,,,,,,,,,,,,
2.18,grasp,,,,,,,,,,,,,,,,,,,,,1.6455438137054443,0.9480798840522766,1.260418176651001,-0.21613802015781403,0.00587222957983613,-0.00023119761317502707,0.0429984163492918,1.6459319960107346,0.9548984939740487,1.2560834979962956,-0.3012886103656473,0.0035282157292412988,3.1110588574512783e-06,,,,,,,,,,,,
2.2,grasp,,,,,,,,,,,,,,,,,,,,,1.6450626850128174,0.956720769405365,1.2613762617111206,-0.20194844901561737,0.006896395701915026,-0.0003342714044265449,0.0429984163492918,1.6457381496609313,0.9660733251719458,1.2573241276662037,-0.2913341466347796,0.0033339763077339032,3.171147681125265e-06,,,,,,,,,,,,
2.22,grasp,,,,,,,,,,,,,,,,,,,,,1.645003318786621,0.9611668586730957,1.2618496417999268,-0.19647648930549622,0.006478587631136179,-0.0003144633083138615,0.0429984163492918,1.6457381496609313,0.9660733251719458,1.2573241276662037,-0.2913341466347796,0.0033339763077339032,3.171147681125265e-06,,,,,,,,,,,,
2.24,grasp,,,,,,,,,,,,,,,,,,,,,1.6449846029281616,0.9667173027992249,1.262467384338379,-0.1894107162952423,0.005969524383544922,-0.0002681419427972287,0.0429984163492918,1.6456188904649947,0.9728101520388303,1.258087619496629,-0.28532408744844856,0.003214453702524457,3.2081242419104994e-06,,,,,,,,,,,,
2.2600000000000002,grasp,,,,,,,,,,,,,,,,,,,,,1.64504075050354,0.9695910215377808,1.2627673149108887,-0.1856110841035843,0.005515970289707184,-0.00022535618336405605,0.0429984163492918,1.6456188904649947,0.9728101520388303,1.258087619496629,-0.28532408744844856,0.003214453702524457,3.2081242419104994e-06,,,,,,,,,,,,
2.2800000000000002,grasp,,,,,,,,,,,,,,,,,,,,,1.6450881958007812,0.9726478457450867,1.2631069421768188,-0.1816403865814209,0.005108601413667202,-0.00018194111180491745,0.0429984163492918,1.6455594194852639,0.9760780783678481,1.2584678335701642,-0.2824020077506511,0.0031549487575737675,3.2265336591198697e-06,,,,,,,,,,,,
2.3000000000000003,grasp,,,,,,,,,,,,,,,,,,,,,1.6451541185379028,0.9742270112037659,1.263278603553772,-0.17969058454036713,0.004764061886817217,-0.00014593172818422318,0.0429984163492918,1.6455594194852639,0.9760780783678481,1.2584678335701642,-0.2824020077506511,0.0031549487575737675,3.2265336591198697e-06,,,,,,,,,,,,
2.3200000000000003,grasp,,,,,,,,,,,,,,,,,,,,,1.6451928615570068,0.9755128622055054,1.2634211778640747,-0.1781109720468521,0.004523229785263538,-0.00011904210987268016,0.0429984163492918,1.6455415462788243,0.9770545553170333,1.2585821757227418,-0.28152831431061165,0.003137042914501106,3.2320735178270513e-06,,,,,,,,,,,,
2.3400000000000003,grasp,,,,,,,,,,,,,,,,,,,,,1.6452330350875854,0.9761770963668823,1.2634930610656738,-0.17734554409980774,0.004339968785643578,-9.954423148883507e-05,0.0429984163492918,1.6455415462788243,0.9770545553170333,1.2585821757227418,-0.28152831431061165,0.003137042914501106,3.2320735178270513e-06,,,,,,,,,,,,
2.3435402832180263,grasp,,,,,,,,,,,,,,,,,,,,,1.6452561616897583,0.9765480756759644,1.2635308504104614,-0.17686821520328522,0.004238775931298733,-8.775652531767264e-05,0.0429984163492918,1.645540475845337,0.9771118760108948,1.2585889101028442,-0.28147703409194946,0.0031359915155917406,3.2323987397830933e-06,,,,,,,,,,,,
0.0,grasp,,,,,,,,,,,,,,,,,,,,,,,,,,,0.00017595446570339845,,,,,,,0.043,,,,,,,,,,,
0.02,grasp,,,,,,,,,,,,,,,,,,,,,,,,,,,0.00019059736951021478,,,,,,,0.043,,,,,,,,,,,
0.04,grasp,,,,,,,,,,,,,,,,,,,,,,,,,,,0.00028538076003314927,,,,,,,0.043,,,,,,,,,,,
0.06,grasp,,,,,,,,,,,,,,,,,,,,,,,,,,,0.000512601895025,,,,,,,0.043,,,,,,,,,,,
0.08,grasp,,,,,,,,,,,,,,,,,,,,,,,,,,,0.000896627054316923,,,,,,,0.043,,,,,,,,,,,
0.1,grasp,,,,,,,,,,,,,,,,,,,,,,,,,,,0.0014671198441646993,,,,,,,0.043,,,,,,,,,,,
0.12,grasp,,,,,,,,,,,,,,,,,,,,,,,,,,,0.0022427354706451297,,,,,,,0.043,,,,,,,,,,,
0.14,grasp,,,,,,,,,,,,,,,,,,,,,,,,,,,0.003229424124583602,,,,,,,0.043,,,,,,,,,,,
0.16,grasp,,,,,,,,,,,,,,,,,,,,,,,,,,,0.004430656088516116,,,,,,,0.043,,,,,,,,,,,
0.18,grasp,,,,,,,,,,,,,,,,,,,,,,,,,,,0.005842376966029406,,,,,,,0.043,,,,,,,,,,,
0.2,grasp,,,,,,,,,,,,,,,,,,,,,,,,,,,0.00745275872759521,,,,,,,0.043,,,,,,,,,,,
0.22,grasp,,,,,,,,,,,,,,,,,,,,,,,,,,,0.009247135370969772,,,,,,,0.043,,,,,,,,,,,
0.24,grasp,,,,,,,,,,,,,,,,,,,,,,,,,,,0.011205451097339392,,,,,,,0.043,,,,,,,,,,,
0.26,grasp,,,,,,,,,,,,,,,,,,,,,,,,,,,0.013303197454661131,,,,,,,0.043,,,,,,,,,,,
0.28,grasp,,,,,,,,,,,,,,,,,,,,,,,,,,,0.015513920225203037,,,,,,,0.043,,,,,,,,,,,
0.3,grasp,,,,,,,,,,,,,,,,,,,,,,,,,,,0.017808115109801292,,,,,,,0.043,,,,,,,,,,,
0.32,grasp,,,,,,,,,,,,,,,,,,,,,,,,,,,0.020154251717031002,,,,,,,0.043,,,,,,,,,,,
0.34,grasp,,,,,,,,,,,,,,,,,,,,,,,,,,,0.022520278580486774,,,,,,,0.043,,,,,,,,,,,
0.36,grasp,,,,,,,,,,,,,,,,,,,,,,,,,,,0.024873525835573673,,,,,,,0.043,,,,,,,,,,,
0.38,grasp,,,,,,,,,,,,,,,,,,,,,,,,,,,0.027181249111890793,,,,,,,0.043,,,,,,,,,,,
0.4,grasp,,,,,,,,,,,,,,,,,,,,,,,,,,,0.029412169009447098,,,,,,,0.043,,,,,,,,,,,
0.42,grasp,,,,,,,,,,,,,,,,,,,,,,,,,,,0.03153637424111366,,,,,,,0.043,,,,,,,,,,,
0.44,grasp,,,,,,,,,,,,,,,,,,,,,,,,,,,0.033526159822940826,,,,,,,0.043,,,,,,,,,,,
0.46,grasp,,,,,,,,,,,,,,,,,,,,,,,,,,,0.03535722382366657,,,,,,,0.043,,,,,,,,,,,
0.48,grasp,,,,,,,,,,,,,,,,,,,,,,,,,,,0.037008289247751236,,,,,,,0.043,,,,,,,,,,,
0.5,grasp,,,,,,,,,,,,,,,,,,,,,,,,,,,0.038462890312075615,,,,,,,0.043,,,,,,,,,,,
0.52,grasp,,,,,,,,,,,,,,,,,,,,,,,,,,,0.039709603413939476,,,,,,,0.043,,,,,,,,,,,
0.54,grasp,,,,,,,,,,,,,,,,,,,,,,,,,,,0.040742216631770134,,,,,,,0.043,,,,,,,,,,,
0.56,grasp,,,,,,,,,,,,,,,,,,,,,,,,,,,0.041561465710401535,,,,,,,0.043,,,,,,,,,,,
0.58,grasp,,,,,,,,,,,,,,,,,,,,,,,,,,,0.04217487573623657,,,,,,,0.043,,,,,,,,,,,
0.6,grasp,,,,,,,,,,,,,,,,,,,,,,,,,,,0.04259767197072506,,,,,,,0.043,,,,,,,,,,,
0.62,grasp,,,,,,,,,,,,,,,,,,,,,,,,,,,0.04285355843603611,,,,,,,0.043,,,,,,,,,,,
0.64,grasp,,,,,,,,,,,,,,,,,,,,,,,,,,,0.04297538846731186,,,,,,,0.043,,,,,,,,,,,
0.66,grasp,,,,,,,,,,,,,,,,,,,,,,,,,,,0.043005574494600296,,,,,,,0.043,,,,,,,,,,,
0.68,grasp,,,,,,,,,,,,,,,,,,,,,,,,,,,0.04299831949174404,,,,,,,0.043,,,,,,,,,,,
0.68,grasp,,,,,,,,,,,,,,,,,,,,,0.0006468713982030749,0.0010804375633597374,0.015514044091105461,0.012420128099620342,0.010909095406532288,0.010496261529624462,0.04299831949174404,0.0006475158734247088,0.0005456067156046629,0.0176029521971941,0.012440002523362637,0.010894975624978542,0.01049653347581625,,,,,,,,,,,,
0.7000000000000001,grasp,,,,,,,,,,,,,,,,,,,,,0.000646874017547816,0.0010849781101569533,0.01549662183970213,0.012419948354363441,0.010909824632108212,0.010496220551431179,0.04299831949174404,0.0006475158734247088,0.0005456067156046629,0.0176029521971941,0.012440002523362637,0.010894975624978542,0.01049653347581625,,,,,,,,,,,,
0.7200000000000001,grasp,,,,,,,,,,,,,,,,,,,,,0.0007712406804785132,0.0011381709482520819,0.015577116049826145,0.012375612743198872,0.010911580175161362,0.010495360009372234,0.04299831949174404,0.0009094510552092417,0.0006504752456432209,0.017788937663606154,0.012348758377478562,0.010894812258799881,0.010494877945594654,,,,,,,,,,,,
0.74,grasp,,,,,,,,,,,,,,,,,,,,,0.0008368754643015563,0.001165141467936337,0.015620579943060875,0.012352794408798218,0.010910392738878727,0.010494965128600597,0.04299831949174404,0.0009094510552092417,0.0006504752456432209,0.017788937663606154,0.012348758377478562,0.010894812258799881,0.010494877945594654,,,,,,,,,,,,
0.76,grasp,,,,,,,,,,,,,,,,,,,,,0.001716039259918034,0.0015182818751782179,0.016241006553173065,0.012044564820826054,0.010919746942818165,0.010489149019122124,0.04299831949174404,0.0026646750519288545,0.0013531971322234251,0.019035219696092877,0.011737324782283993,0.010893718435517858,0.010483784259133945,,,,,,,,,,,,
0.78,grasp,,,,,,,,,,,,,,,,,,,,,0.002172311535105109,0.0016993448371067643,0.016572684049606323,0.011885903775691986,0.01091026607900858,0.010486477985978127,0.04299831949174404,0.0026646750519288545,0.0013531971322234251,0.019035219696092877,0.011737324782283993,0.010893718435517858,0.010483784259133945,,,,,,,,,,,,
0.8,grasp,,,,,,,,,,,,,,,,,,,,,0.004601882770657539,0.0026725942734628916,0.01828656904399395,0.011037398129701614,0.010932949371635914,0.01047054398804903,0.04299831949174404,0.007203252264159888,0.0031702175579824267,0.02225779265992896,0.010156309963254135,0.010890889474231039,0.010455097879786556,,,,,,,,,,,,
0.8200000000000001,grasp,,,,,,,,,,,,,,,,,,,,,0.00586219085380435,0.0031673619523644447,0.019200986251235008,0.010600727051496506,0.010908219963312149,0.010463153012096882,0.04299831949174404,0.007203252264159888,0.0031702175579824267,0.02225779265992896,0.010156309963254135,0.010890889474231039,0.010455097879786556,,,,,,,,,,,,
0.8400000000000001,grasp,,,,,,,,,,,,,,,,,,,,,0.010573124513030052,0.0050589037127792835,0.022525135427713394,0.008956228382885456,0.010948526673018932,0.01043236069381237,0.04299831949174404,0.015604947446869664,0.006528519450804251,0.02822283400816945,0.007229641031317782,0.010885652511521494,0.0104019962097698,,,,,,,,,,,,
0.8600000000000001,grasp,,,,,,,,,,,,,,,,,,,,,0.013015869073569775,0.006018814630806446,0.024293428286910057,0.00810985267162323,0.010902932845056057,0.010417980141937733,0.04299831949174404,0.015604947446869664,0.006528519450804251,0.02822283400816945,0.007229641031317782,0.010885652511521494,0.0104019962097698,,,,,,,,,,,,
0.8800000000000001,grasp,,,,,,,,,,,,,,,,,,,,,0.020630614832043648,0.0090635996311903,0.029665838927030563,0.0054521444253623486,0.010964600369334221,0.01036830898374319,0.04299831949174404,0.02875500378248609,0.011754634479810977,0.037556260941194054,0.0026492827436634834,0.010877457735098564,0.010318890667713052,,,,,,,,,,,,
0.9,grasp,,,,,,,,,,,,,,,,,,,,,0.024577613919973373,0.010609922930598259,0.032519202679395676,0.004084237385541201,0.01089372206479311,0.010344993323087692,0.04299831949174404,0.02875500378248609,0.011754634479810977,0.037556260941194054,0.0026492827436634834,0.010877457735098564,0.010318890667713052,,,,,,,,,,,,
0.92,grasp,,,,,,,,,,,,,,,,,,,,,0.035601112991571426,0.014981969259679317,0.0402936190366745,0.00023743580095469952,0.010979732498526573,0.010273194871842861,0.04299831949174404,0.0473551611591949,0.019079487732011468,0.050751618966635215,-0.0038286095778406895,0.010865868776679246,0.010201360335357713,,,,,,,,,,,,
0.9400000000000001,grasp,,,,,,,,,,,,,,,,,,,,,0.04131355136632919,0.01720327138900757,0.044418204575777054,-0.0017425629775971174,0.0108801806345582,0.010239356197416782,0.04299831949174404,0.0473551611591949,0.019079487732011468,0.050751618966635215,-0.0038286095778406895,0.010865868776679246,0.010201360335357713,,,,,,,,,,,,
0.9600000000000001,grasp,,,,,,,,,,,,,,,,,,,,,0.05613667890429497,0.023014577105641365,0.05486629903316498,-0.006914347410202026,0.010992701165378094,0.010142919607460499,0.04299831949174404,0.07193604257257788,0.02863810056529667,0.06817849822883598,-0.01238799412803417,0.010850556765755468,0.010046066442613962,,,,,,,,,,,,
0.98,grasp,,,,,,,,,,,,,,,,,,,,,0.06381666660308838,0.025967838242650032,0.060404837131500244,-0.009576407261192799,0.01086207665503025,0.010097334161400795,0.04299831949174404,0.07193604257257788,0.02863810056529667,0.06817849822883598,-0.01238799412803417,0.010850556765755468,0.010046066442613962,,,,,,,,,,,,
1.0,grasp,,,,,,,,,,,,,,,,,,,,,0.08271094411611557,0.03330972045660019,0.0737171396613121,-0.01616780459880829,0.0110023757442832,0.009974527172744274,0.04299831949174404,0.10284418718271157,0.04055713146108391,0.0900824831862121,-0.023149681655017212,0.010831298034516636,0.009850807985329883,,,,,,,,,,,,
1.02,grasp,,,,,,,,,,,,,,,,,,,,,0.09249874204397202,0.037041690200567245,0.08076885342597961,-0.019560666754841805,0.01083927322179079,0.00991631019860506,0.04299831949174404,0.10284418718271157,0.04055713146108391,0.0900824831862121,-0.023149681655017212,0.010831298034516636,0.009850807985329883,,,,,,,,,,,,
1.04,grasp,,,,,,,,,,,,,,,,,,,,,0.11562708020210266,0.045975521206855774,0.09706080704927444,-0.027628619223833084,0.011007861234247684,0.009766110219061375,0.04299831949174404,0.14026713314556963,0.054913106423818685,0.11659768351206712,-0.03617929209581215,0.010807965833352242,0.009614384419799928,,,,,,,,,,,,
1.06,grasp,,,,,,,,,,,,,,,,,,,,,0.12760670483112335,0.05051787942647934,0.10568505525588989,-0.0317816361784935,0.01081180665642023,0.009694717824459076,0.04299831949174404,0.14026713314556963,0.054913106423818685,0.11659768351206712,-0.03617929209581215,0.010807965833352242,0.009614384419799928,,,,,,,,,,,,
1.08,grasp,,,,,,,,,,,,,,,,,,,,,0.1550348401069641,0.06106346473097801,0.12500347197055817,-0.041349127888679504,0.011008522473275661,0.00951671414077282,0.04299831949174404,0.18425145605555793,0.07171334560558247,0.14775686867434548,-0.051493053759857216,0.0107805264326047,0.00933650327203485,,,,,,,,,,,,
1.1,grasp,,,,,,,,,,,,,,,,,,,,,0.1692400574684143,0.06642673164606094,0.13522310554981232,-0.04627416655421257,0.01077979151159525,0.009431912563741207,0.04299831949174404,0.18425145605555793,0.07171334560558247,0.14775686867434548,-0.051493053759857216,0.0107805264326047,0.00933650327203485,,,,,,,,,,,,
1.12,grasp,,,,,,,,,,,,,,,,,,,,,0.2009420096874237,0.07857374101877213,0.15755042433738708,-0.057331956923007965,0.011003809981048107,0.009226315654814243,0.04299831949174404,0.23470707617637526,0.09092606115209545,0.18349642236605404,-0.06905944967707794,0.010749046432047327,0.00901775314035255,,,,,,,,,,,,
1.1400000000000001,grasp,,,,,,,,,,,,,,,,,,,,,0.21735911071300507,0.08475315570831299,0.16935396194458008,-0.06302431225776672,0.010743391700088978,0.009128144942224026,0.04299831949174404,0.23470707617637526,0.09092606115209545,0.18349642236605404,-0.06905944967707794,0.010749046432047327,0.00901775314035255,,,,,,,,,,,,
1.1600000000000001,grasp,,,,,,,,,,,,,,,,,,,,,0.25322654843330383,0.09845580905675888,0.1946139633655548,-0.07553454488515854,0.010993381962180138,0.008895699866116047,0.04299831949174404,0.2914242660341095,0.11246305049642269,0.22366680322957888,-0.08880538725094665,0.010713653995394236,0.008659462734274422,,,,,,,,,,,,
1.1800000000000002,grasp,,,,,,,,,,,,,,,,,,,,,0.2717990577220917,0.10542863607406616,0.20795896649360657,-0.08197478204965591,0.010702967643737793,0.008784478530287743,0.04299831949174404,0.2914242660341095,0.11246305049642269,0.22366680322957888,-0.08880538725094665,0.010713653995394236,0.008659462734274422,,,,,,,,,,,,
1.2000000000000002,grasp,,,,,,,,,,,,,,,,,,,,,0.31164607405662537,0.12061809003353119,0.23602129518985748,-0.09587261825799942,0.010976995341479778,0.008526399731636047,0.04299831949174404,0.3540784896311229,0.13620778511963816,0.26803790781778,-0.11061797898837553,0.010674543823939866,0.00826366436220203,,,,,,,,,,,,
1.2200000000000002,grasp,,,,,,,,,,,,,,,,,,,,,0.3322776257991791,0.1283496767282486,0.2508365213871002,-0.10302736610174179,0.010658711194992065,0.00840266328305006,0.04299831949174404,0.3540784896311229,0.13620778511963816,0.26803790781778,-0.11061797898837553,0.010674543823939866,0.00826366436220203,,,,,,,,,,,,
1.2400000000000002,grasp,,,,,,,,,,,,,,,,,,,,,0.3758508563041687,0.14492757618427277,0.2815229296684265,-0.11822425574064255,0.010954568162560463,0.008120601065456867,0.04299831949174404,0.4222479234221983,0.16199602899966492,0.31631011838287976,-0.1343501921771576,0.01063197792925153,0.007833012661073247,,,,,,,,,,,,
1.26,grasp,,,,,,,,,,,,,,,,,,,,,0.39841002225875854,0.15336844325065613,0.2977120578289032,-0.1260480135679245,0.010611072182655334,0.007985111325979233,0.04299831949174404,0.4222479234221983,0.16199602899966492,0.31631011838287976,-0.1343501921771576,0.01063197792925153,0.007833012661073247,,,,,,,,,,,,
1.28,grasp,,,,,,,,,,,,,,,,,,,,,0.4453941583633423,0.17121656239032745,0.33080047369003296,-0.14243371784687042,0.010926173068583012,0.0076811364851891994,0.04299831949174404,0.49541974413182316,0.1896383260308361,0.36812042627791824,-0.15982312699416634,0.010586282711373445,0.007370752508347465,,,,,,,,,,,,
1.3,grasp,,,,,,,,,,,,,,,,,,,,,0.4697175920009613,0.18030688166618347,0.34824472665786743,-0.15086978673934937,0.010560459457337856,0.007534859236329794,0.04299831949174404,0.49541974413182316,0.1896383260308361,0.36812042627791824,-0.15982312699416634,0.010586282711373445,0.007370752508347465,,,,,,,,,,,,
1.32,grasp,,,,,,,,,,,,,,,,,,,,,0.5197433233261108,0.1992868036031723,0.38347211480140686,-0.16849488019943237,0.010891921818256378,0.007211380172520876,0.04299831949174404,0.573004597161634,0.21891327624540874,0.4230512375665053,-0.18683115727977614,0.010537834033328464,0.00688064093168737,,,,,,,,,,,,
1.34,grasp,,,,,,,,,,,,,,,,,,,,,0.5456400513648987,0.20895522832870483,0.4020354747772217,-0.17738988995552063,0.010507172904908657,0.0070556169375777245,0.04299831949174404,0.573004597161634,0.21891327624540874,0.4230512375665053,-0.18683115727977614,0.010537834033328464,0.00688064093168737,,,,,,,,,,,,
1.36,grasp,,,,,,,,,,,,,,,,,,,,,0.5982916355133057,0.2289101928472519,0.43910881876945496,-0.19614024460315704,0.010802128352224827,0.006720864679664373,0.04299831949174404,0.6543470262818494,0.24957442780658115,0.480638271294336,-0.21514568671328996,0.010487044855242636,0.0063668412361111695,,,,,,,,,,,,
1.3800000000000001,grasp,,,,,,,,,,,,,,,,,,,,,0.6255490183830261,0.23907698690891266,0.4586378037929535,-0.20535947382450104,0.010400540195405483,0.006553121842443943,0.04299831949174404,0.6543470262818494,0.24957442780658115,0.480638271294336,-0.21514568671328996,0.010487044855242636,0.0063668412361111695,,,,,,,,,,,,
1.4,grasp,,,,,,,,,,,,,,,,,,,,,0.6803715229034424,0.2598356306552887,0.497238427400589,-0.2250145524740219,0.010731079615652561,0.0062031433917582035,0.04299831949174404,0.7387363451242814,0.28135539283493743,0.5403786193715034,-0.2445192561559909,0.0104343638018401,0.005833808444076541,,,,,,,,,,,,
1.42,grasp,,,,,,,,,,,,,,,,,,,,,0.708751916885376,0.2704136371612549,0.5175633430480957,-0.23447570204734802,0.010331612080335617,0.006028999108821154,0.04299831949174404,0.7387363451242814,0.28135539283493743,0.5403786193715034,-0.2445192561559909,0.0104343638018401,0.005833808444076541,,,,,,,,,,,,
1.44,grasp,,,,,,,,,,,,,,,,,,,,,0.7652633786201477,0.29179394245147705,0.5573503375053406,-0.25479695200920105,0.010668865405023098,0.00566768366843462,0.04299831949174404,0.8254176999003241,0.3139756840142302,0.6017384269281919,-0.27468910165035715,0.010380268721029495,0.005286306210690746,,,,,,,,,,,,
1.46,grasp,,,,,,,,,,,,,,,,,,,,,0.794512152671814,0.3026908040046692,0.5782902836799622,-0.2644459009170532,0.01027420163154602,0.005487642250955105,0.04299831949174404,0.8254176999003241,0.3139756840142302,0.6017384269281919,-0.27468910165035715,0.010380268721029495,0.005286306210690746,,,,,,,,,,,,
1.48,grasp,,,,,,,,,,,,,,,,,,,,,0.8522019386291504,0.3245011568069458,0.6189061403274536,-0.28517118096351624,0.01061187218874693,0.005119036417454481,0.04299831949174404,0.9136042868146227,0.3471415432912897,0.6641612652373126,-0.30538139940623205,0.010325257448473278,0.004729332264129588,,,,,,,,,,,,
1.5,grasp,,,,,,,,,,,,,,,,,,,,,0.8820570707321167,0.33561956882476807,0.6402708888053894,-0.29497450590133667,0.010217924602329731,0.004934959579259157,0.04299831949174404,0.9136042868146227,0.3471415432912897,0.6641612652373126,-0.30538139940623205,0.010325257448473278,0.004729332264129588,,,,,,,,,,,,
1.52,grasp,,,,,,,,,,,,,,,,,,,,,0.940396249294281,0.35766252875328064,0.6813467741012573,-0.31584304571151733,0.010554778389632702,0.004562134854495525,0.04299831949174404,1.002487641864133,0.3805512788617422,0.7270767733727967,-0.33631562114003316,0.010269823765939375,0.004167996636849137,,,,,,,,,,,,
1.54,grasp,,,,,,,,,,,,,,,,,,,,,0.9705869555473328,0.3689020574092865,0.7029405832290649,-0.3257736265659332,0.010160944424569607,0.00437599653378129,0.04299831949174404,1.002487641864133,0.3805512788617422,0.7270767733727967,-0.33631562114003316,0.010269823765939375,0.004167996636849137,,,,,,,,,,,,
1.56,grasp,,,,,,,,,,,,,,,,,,,,,1.0290383100509644,0.39097651839256287,0.7441011071205139,-0.34653571248054504,0.010496778413653374,0.004002217669039965,0.04299831949174404,1.0912497344056662,0.413899814674231,0.7899076273254689,-0.36720796437891384,0.010214475021428807,0.003607434240810411,,,,,,,,,,,,
1.58,grasp,,,,,,,,,,,,,,,,,,,,,1.0592889785766602,0.4022350013256073,0.7657259106636047,-0.3565634787082672,0.010103480890393257,0.003815846284851432,0.04299831949174404,1.0912497344056662,0.413899814674231,0.7899076273254689,-0.36720796437891384,0.010214475021428807,0.003607434240810411,,,,,,,,,,,,
1.6,grasp,,,,,,,,,,,,,,,,,,,,,1.1173127889633179,0.4241396188735962,0.8065940141677856,-0.377001017332077,0.01043836772441864,0.0034443815238773823,0.04299831949174404,1.179074581912856,0.44688302794626766,0.8520771532637921,-0.39777507825466146,0.010159730213437208,0.0030527464788988137,,,,,,,,,,,,
1.62,grasp,,,,,,,,,,,,,,,,,,,,,1.147348165512085,0.43531426787376404,0.8280505537986755,-0.3870784342288971,0.010045448318123817,0.003259650431573391,0.04299831949174404,1.179074581912856,0.44688302794626766,0.8520771532637921,-0.39777507825466146,0.010159730213437208,0.0030527464788988137,,,,,,,,,,,,
1.6400000000000001,grasp,,,,,,,,,,,,,,,,,,,,,1.2044122219085693,0.4568501114845276,0.8682523965835571,-0.40700340270996094,0.010378244332969189,0.002893923781812191,0.04299831949174404,1.2651590637970171,0.47920197874211723,0.9130177226189986,-0.4277386189707411,0.010106073718998238,0.002509031907192037,,,,,,,,,,,,
1.6600000000000001,grasp,,,,,,,,,,,,,,,,,,,,,1.2339571714401245,0.46783968806266785,0.8893454074859619,-0.4170621335506439,0.009989111684262753,0.0027124499902129173,0.04299831949174404,1.2651590637970171,0.47920197874211723,0.9130177226189986,-0.4277386189707411,0.010106073718998238,0.002509031907192037,,,,,,,,,,,,
1.6800000000000002,grasp,,,,,,,,,,,,,,,,,,,,,1.2895469665527344,0.4888134300708771,0.9285154342651367,-0.43635421991348267,0.01034474465996027,0.002352707786485553,0.04299831949174404,1.348724571409377,0.5105665397888526,0.9721789698217128,-0.4568284062571197,0.010053978831768165,0.0019812027329806337,,,,,,,,,,,,
1.7000000000000002,grasp,,,,,,,,,,,,,,,,,,,,,1.318328857421875,0.4995184540748596,0.9490545392036438,-0.4462868273258209,0.009967442601919174,0.002178335329517722,0.04299831949174404,1.348724571409377,0.5105665397888526,0.9721789698217128,-0.4568284062571197,0.010053978831768165,0.0019812027329806337,,,,,,,,,,,,
1.7200000000000002,grasp,,,,,,,,,,,,,,,,,,,,,1.371948480606079,0.5197439193725586,0.9868393540382385,-0.4649619162082672,0.010309483855962753,0.0018302823882550001,0.04299831949174404,1.4290286024053382,0.5406994666784488,1.0290355028031606,-0.48478629704034387,0.01000391478333882,0.0014738530824059458,,,,,,,,,,,,
1.7400000000000002,grasp,,,,,,,,,,,,,,,,,,,,,1.3997116088867188,0.5300689339637756,1.0066450834274292,-0.474579781293869,0.009942587465047836,0.001662466791458428,0.04299831949174404,1.4290286024053382,0.5406994666784488,1.0290355028031606,-0.48478629704034387,0.01000391478333882,0.0014738530824059458,,,,,,,,,,,,
1.7600000000000002,grasp,,,,,,,,,,,,,,,,,,,,,1.4508923292160034,0.5493711829185486,1.0427151918411255,-0.49242690205574036,0.010254211723804474,0.0013316981494426727,0.04299831949174404,1.505375097333942,0.569341900629515,1.0830949944206034,-0.5113713589345487,0.009956312709689344,0.000991440803450971,,,,,,,,,,,,
1.7800000000000002,grasp,,,,,,,,,,,,,,,,,,,,,1.4773945808410645,0.5592259764671326,1.0616153478622437,-0.5016184449195862,0.009901569224894047,0.0011708620004355907,0.04299831949174404,1.505375097333942,0.569341900629515,1.0830949944206034,-0.5113713589345487,0.009956312709689344,0.000991440803450971,,,,,,,,,,,,
1.8000000000000003,grasp,,,,,,,,,,,,,,,,,,,,,1.5257017612457275,0.5774425864219666,1.095666766166687,-0.5184724926948547,0.010190689004957676,0.0008591378573328257,0.04299831949174404,1.577125697177435,0.596257159206095,1.133907327212398,-0.5363620929264835,0.009911558683301175,0.0005379688325307753,,,,,,,,,,,,
1.8200000000000003,grasp,,,,,,,,,,,,,,,,,,,,,1.550718069076538,0.5867448449134827,1.1135023832321167,-0.527152955532074,0.009859147481620312,0.0007074563181959093,0.04299831949174404,1.577125697177435,0.596257159206095,1.133907327212398,-0.5363620929264835,0.009911558683301175,0.0005379688325307753,,,,,,,,,,,,
1.8399999999999999,grasp,,,,,,,,,,,,,,,,,,,,,1.5965217351913452,0.6032912731170654,1.1457387208938599,-0.5438135862350464,0.010148978792130947,0.00041152600897476077,0.04299831949174404,1.6452837646328349,0.6203193759166143,1.1820677496819139,-0.56149757371814,0.009901688684078995,0.00010716933961746413,,,,,,,,,,,,
1.8599999999999999,grasp,,,,,,,,,,,,,,,,,,,,,1.6202446222305298,0.6117318868637085,1.1626230478286743,-0.5523945689201355,0.009842556901276112,0.00026791912387125194,0.04299831949174404,1.6452837646328349,0.6203193759166143,1.1820677496819139,-0.56149757371814,0.009901688684078995,0.00010716933961746413,,,,,,,,,,,,
1.88,grasp,,,,,,,,,,,,,,,,,,,,,1.6400604248046875,0.639843761920929,1.1783074140548706,-0.5402368903160095,0.009435041807591915,0.0001387948141200468,0.04299831949174404,1.6610896702432498,0.6694184031607074,1.1967760808613306,-0.5272975070871135,0.008960864877669443,1.5321444999034156e-06,,,,,,,,,,,,
1.9,grasp,,,,,,,,,,,,,,,,,,,,,1.6502885818481445,0.6544948816299438,1.1863677501678467,-0.5339731574058533,0.009139357134699821,7.370833918685094e-05,0.04299831949174404,1.6610896702432498,0.6694184031607074,1.1967760808613306,-0.5272975070871135,0.008960864877669443,1.5321444999034156e-06,,,,,,,,,,,,
1.92,grasp,,,,,,,,,,,,,,,,,,,,,1.6549831628799438,0.6876364350318909,1.192183017730713,-0.5066378116607666,0.008478159084916115,3.948734956793487e-05,0.04299831949174404,1.6599458868448351,0.7226300024564902,1.2002277192106352,-0.47756960043856755,0.007831427993980011,1.8869079568992804e-06,,,,,,,,,,,,
1.94,grasp,,,,,,,,,,,,,,,,,,,,,1.6573952436447144,0.7049920558929443,1.1950713396072388,-0.4925555884838104,0.008149228058755398,2.166283411497716e-05,0.04299831949174404,1.6599458868448351,0.7226300024564902,1.2002277192106352,-0.47756960043856755,0.007831427993980011,1.8869079568992804e-06,,,,,,,,,,,,
1.96,grasp,,,,,,,,,,,,,,,,,,,,,1.6581484079360962,0.7366029620170593,1.1980801820755005,-0.4639786183834076,0.007505662739276886,1.2341646652203053e-05,0.04299831949174404,1.658949764490905,0.7696991553241607,1.203279085906679,-0.43359033230263355,0.006835895839782003,2.1261651515122457e-06,,,,,,,,,,,,
1.98,grasp,,,,,,,,,,,,,,,,,,,,,1.6585384607315063,0.7530558109283447,1.1995294094085693,-0.44925668835639954,0.0071761575527489185,7.50921617509448e-06,0.04299831949174404,1.658949764490905,0.7696991553241607,1.203279085906679,-0.43359033230263355,0.006835895839782003,2.1261651515122457e-06,,,,,,,,,,,,
2.0,grasp,,,,,,,,,,,,,,,,,,,,,1.6583257913589478,0.7811570167541504,1.2016246318817139,-0.42320582270622253,0.006591648329049349,5.04809486301383e-06,0.04299831949174404,1.6580881717130724,0.8104613626281976,1.2059207775131946,-0.3955017631153692,0.005974136491433376,2.333279233308347e-06,,,,,,,,,,,,
2.02,grasp,,,,,,,,,,,,,,,,,,,,,1.6582163572311401,0.7957711815834045,1.202602505683899,-0.4097854495048523,0.006291049066931009,3.766326472032233e-06,0.04299831949174404,1.6580881717130724,0.8104613626281976,1.2059207775131946,-0.3955017631153692,0.005974136491433376,2.333279233308347e-06,,,,,,,,,,,,
2.04,grasp,,,,,,,,,,,,,,,,,,,,,1.6578099727630615,0.8198639750480652,1.2042670249938965,-0.38728266954421997,0.005783814005553722,3.175138090227847e-06,0.04299831949174404,1.657360678387912,0.8448676836384118,1.2081534210040865,-0.36334922330155806,0.00524584672785522,2.508320012592419e-06,,,,,,,,,,,,
2.06,grasp,,,,,,,,,,,,,,,,,,,,,1.6575984954833984,0.8323872685432434,1.2050275802612305,-0.3756902813911438,0.0055229091085493565,2.8596821266546613e-06,0.04299831949174404,1.657360678387912,0.8448676836384118,1.2081534210040865,-0.36334922330155806,0.00524584672785522,2.508320012592419e-06,,,,,,,,,,,,
2.08,grasp,,,,,,,,,,,,,,,,,,,,,1.6572026014328003,0.8523826599121094,1.2063865661621094,-0.35696929693222046,0.005099085625261068,2.767875230347272e-06,0.04299831949174404,1.6567645655323866,0.8730029953190561,1.209984043105633,-0.3370542940863041,0.004648839663557477,2.6518112817651934e-06,,,,,,,,,,,,
2.1,grasp,,,,,,,,,,,,,,,,,,,,,1.6569963693618774,0.8627719283103943,1.2069991827011108,-0.34732502698898315,0.004881091881543398,2.7094033612229396e-06,0.04299831949174404,1.6567645655323866,0.8730029953190561,1.209984043105633,-0.3370542940863041,0.004648839663557477,2.6518112817651934e-06,,,,,,,,,,,,
2.12,grasp,,,,,,,,,,,,,,,,,,,,,1.6566637754440308,0.8787592053413391,1.208087682723999,-0.33234450221061707,0.004540381953120232,2.743250206549419e-06,0.04299831949174404,1.6562947644989197,0.8950966695575712,1.2114271856871561,-0.3164043164415771,0.004178296015258156,2.7649083838089817e-06,,,,,,,,,,,,
2.14,grasp,,,,,,,,,,,,,,,,,,,,,1.656490683555603,0.8870624899864197,1.2085751295089722,-0.3246273100376129,0.004365224391222,2.750379735516617e-06,0.04299831949174404,1.6562947644989197,0.8950966695575712,1.2114271856871561,-0.3164043164415771,0.004178296015258156,2.7649083838089817e-06,,,,,,,,,,,,
2.16,grasp,,,,,,,,,,,,,,,,,,,,,1.6562317609786987,0.8992501497268677,1.2094122171401978,-0.3132026195526123,0.004103964194655418,2.802627705023042e-06,0.04299831949174404,1.6559430689952164,0.9115323655639983,1.2125070940887694,-0.3010410390123822,0.003826258345213373,2.849524021470276e-06,,,,,,,,,,,,
2.18,grasp,,,,,,,,,,,,,,,,,,,,,1.65609610080719,0.9055773019790649,1.2097868919372559,-0.3073170781135559,0.003969688434153795,2.8209155971126165e-06,0.04299831949174404,1.6559430689952164,0.9115323655639983,1.2125070940887694,-0.3010410390123822,0.003826258345213373,2.849524021470276e-06,,,,,,,,,,,,
2.2,grasp,,,,,,,,,,,,,,,,,,,,,1.6559087038040161,0.9142868518829346,1.2103921175003052,-0.2991504371166229,0.0037815540563315153,2.8659433155553415e-06,0.04299831949174404,1.6556985080189237,0.9228598017538681,1.2132581140283571,-0.2904512247871032,0.003581508723017766,2.908353048076738e-06,,,,,,,,,,,,
2.22,grasp,,,,,,,,,,,,,,,,,,,,,1.6558104753494263,0.9188055396080017,1.2106643915176392,-0.2949433922767639,0.0036848478484898806,2.882754642996588e-06,0.04299831949174404,1.6556985080189237,0.9228598017538681,1.2132581140283571,-0.2904512247871032,0.003581508723017766,2.908353048076738e-06,,,,,,,,,,,,
2.24,grasp,,,,,,,,,,,,,,,,,,,,,1.6557468175888062,0.9244053363800049,1.211463212966919,-0.28962329030036926,0.0036429446190595627,-6.399296125891851e-06,0.04299831949174404,1.6555454960651408,0.9298036665896602,1.2137276619715751,-0.2839544554763722,0.0034285394647341544,2.945121881015144e-06,,,,,,,,,,,,
2.2600000000000002,grasp,,,,,,,,,,,,,,,,,,,,,1.6557018756866455,0.9273003935813904,1.2119364738464355,-0.28688138723373413,0.0036261212080717087,-1.0581907190498896e-05,0.04299831949174404,1.6555454960651408,0.9298036665896602,1.2137276619715751,-0.2839544554763722,0.0034285394647341544,2.945121881015144e-06,,,,,,,,,,,,
2.2800000000000002,grasp,,,,,,,,,,,,,,,,,,,,,1.65565025806427,0.9304594397544861,1.2123594284057617,-0.2838893532752991,0.0035661158617585897,-1.1375039321137592e-05,0.04299831949174404,1.655466851195956,0.9332798483117796,1.2139690171332622,-0.28069782976473123,0.003349925328618623,2.9640183083056224e-06,,,,,,,,,,,,
2.3000000000000003,grasp,,,,,,,,,,,,,,,,,,,,,1.6555712223052979,0.9321390986442566,1.2122910022735596,-0.28234991431236267,0.003540018107742071,-1.2710866030829493e-05,0.04299831949174404,1.655466851195956,0.9332798483117796,1.2139690171332622,-0.28069782976473123,0.003349925328618623,2.9640183083056224e-06,,,,,,,,,,,,
2.3200000000000003,grasp,,,,,,,,,,,,,,,,,,,,,1.65554940700531,0.9335058927536011,1.2125039100646973,-0.2810444235801697,0.0035301316529512405,-1.4798818483541254e-05,0.04299831949174404,1.6554412254988708,0.9344043114213009,1.2140476905193096,-0.2796439604495443,0.003324293551116784,2.970179476451527e-06,,,,,,,,,,,,
2.3400000000000003,grasp,,,,,,,,,,,,,,,,,,,,,1.6555404663085938,0.9342272281646729,1.2125108242034912,-0.2803727686405182,0.0035281286109238863,-1.5739926311653107e-05,0.04299831949174404,1.6554412254988708,0.9344043114213009,1.2140476905193096,-0.2796439604495443,0.003324293551116784,2.970179476451527e-06,,,,,,,,,,,,
2.3478616099525245,grasp,,,,,,,,,,,,,,,,,,,,,1.6555391550064087,0.9346337914466858,1.2126209735870361,-0.27998560667037964,0.0035379971377551556,-1.7828580894274637e-05,0.04299831949174404,1.6554392576217651,0.9344927668571472,1.2140538692474365,-0.27956104278564453,0.0033222748897969723,2.9706645818805555e-06,,,,,,,,,,,,
2.3478616099525245,grasp,,,,,,,,,,,,,,,,,,,,,,,,,,,0.04284454137086868,,,,,,,0.0,,,,,,,,,,,
2.3678616099525245,grasp,,,,,,,,,,,,,,,,,,,,,,,,,,,0.04282819479703903,,,,,,,0.0,,,,,,,,,,,
2.3878616099525245,grasp,,,,,,,,,,,,,,,,,,,,,,,,,,,0.04278519190847874,,,,,,,0.0,,,,,,,,,,,
2.4078616099525245,grasp,,,,,,,,,,,,,,,,,,,,,,,,,,,0.04266858845949173,,,,,,,0.0,,,,,,,,,,,
2.4278616099525245,grasp,,,,,,,,,,,,,,,,,,,,,,,,,,,0.04245057515799999,,,,,,,0.0,,,,,,,,,,,
2.4478616099525246,grasp,,,,,,,,,,,,,,,,,,,,,,,,,,,0.04214094951748848,,,,,,,0.0,,,,,,,,,,,
2.4678616099525246,grasp,,,,,,,,,,,,,,,,,,,,,,,,,,,0.04171253554522991,,,,,,,0.0,,,,,,,,,,,
2.4878616099525246,grasp,,,,,,,,,,,,,,,,,,,,,,,,,,,0.041118668392300606,,,,,,,0.0,,,,,,,,,,,
2.5078616099525246,grasp,,,,,,,,,,,,,,,,,,,,,,,,,,,0.040207600221037865,,,,,,,0.0,,,,,,,,,,,
2.5278616099525246,grasp,,,,,,,,,,,,,,,,,,,,,,,,,,,0.03833198733627796,,,,,,,0.0,,,,,,,,,,,
2.5478616099525246,grasp,,,,,,,,,,,,,,,,,,,,,,,,,,,0.038259049877524376,,,,,,,0.0,,,,,,,,,,,
2.5678616099525247,grasp,,,,,,,,,,,,,,,,,,,,,,,,,,,0.03820307180285454,,,,,,,0.0,,,,,,,,,,,
2.5878616099525242,grasp,,,,,,,,,,,,,,,,,,,,,,,,,,,0.03811062313616276,,,,,,,0.0,,,,,,,,,,,
2.6078616099525247,grasp,,,,,,,,,,,,,,,,,,,,,,,,,,,0.0379756074398756,,,,,,,0.0,,,,,,,,,,,
2.6278616099525243,grasp,,,,,,,,,,,,,,,,,,,,,,,,,,,0.03788284957408905,,,,,,,0.0,,,,,,,,,,,
2.6478616099525243,grasp,,,,,,,,,,,,,,,,,,,,,,,,,,,0.037817208096385,,,,,,,0.0,,,,,,,,,,,
2.6678616099525243,grasp,,,,,,,,,,,,,,,,,,,,,,,,,,,0.03778470680117607,,,,,,,0.0,,,,,,,,,,,
2.6878616099525243,grasp,,,,,,,,,,,,,,,,,,,,,,,,,,,0.037752315402030945,,,,,,,0.0,,,,,,,,,,,
2.7078616099525243,grasp,,,,,,,,,,,,,,,,,,,,,,,,,,,0.03763286583125591,,,,,,,0.0,,,,,,,,,,,
2.7278616099525244,grasp,,,,,,,,,,,,,,,,,,,,,,,,,,,0.03742184303700924,,,,,,,0.0,,,,,,,,,,,
2.7478616099525244,grasp,,,,,,,,,,,,,,,,,,,,,,,,,,,0.03718810714781284,,,,,,,0.0,,,,,,,,,,,
2.7678616099525244,grasp,,,,,,,,,,,,,,,,,,,,,,,,,,,0.03693474642932415,,,,,,,0.0,,,,,,,,,,,
2.7878616099525244,grasp,,,,,,,,,,,,,,,,,,,,,,,,,,,0.036692140623927116,,,,,,,0.0,,,,,,,,,,,
2.8078616099525244,grasp,,,,,,,,,,,,,,,,,,,,,,,,,,,0.03649242967367172,,,,,,,0.0,,,,,,,,,,,
2.8278616099525244,grasp,,,,,,,,,,,,,,,,,,,,,,,,,,,0.03643217124044895,,,,,,,0.0,,,,,,,,,,,
2.8478616099525245,grasp,,,,,,,,,,,,,,,,,,,,,,,,,,,0.036412233486771584,,,,,,,0.0,,,,,,,,,,,
2.8678616099525245,grasp,,,,,,,,,,,,,,,,,,,,,,,,,,,0.036395078524947166,,,,,,,0.0,,,,,,,,,,,
2.8878616099525245,grasp,,,,,,,,,,,,,,,,,,,,,,,,,,,0.0362666267901659,,,,,,,0.0,,,,,,,,,,,
2.9078616099525245,grasp,,,,,,,,,,,,,,,,,,,,,,,,,,,0.03619816713035107,,,,,,,0.0,,,,,,,,,,,
2.9278616099525245,grasp,,,,,,,,,,,,,,,,,,,,,,,,,,,0.03618905134499073,,,,,,,0.0,,,,,,,,,,,
2.9478616099525246,grasp,,,,,,,,,,,,,,,,,,,,,,,,,,,0.036182377487421036,,,,,,,0.0,,,,,,,,,,,
2.9678616099525246,grasp,,,,,,,,,,,,,,,,,,,,,,,,,,,0.0361779760569334,,,,,,,0.0,,,,,,,,,,,
2.9878616099525246,grasp,,,,,,,,,,,,,,,,,,,,,,,,,,,0.03617561608552933,,,,,,,0.0,,,,,,,,,,,
3.0078616099525246,grasp,,,,,,,,,,,,,,,,,,,,,,,,,,,0.03617461957037449,,,,,,,0.0,,,,,,,,,,,
3.0278616099525246,grasp,,,,,,,,,,,,,,,,,,,,,,,,,,,0.03617455065250397,,,,,,,0.0,,,,,,,,,,,
3.0278616099525246,grasp,,,,,,,,,,,,,,,,,,,,,1.6553564071655273,0.9347372055053711,1.2145739793777466,-0.2795560359954834,0.0034190677106380463,0.00714207673445344,0.03617455065250397,1.6554392576217651,0.9344927668571472,1.2140538692474365,-0.27956104278564453,0.0033222748897969723,2.9706645818805555e-06,,,,,,,,,,,,
3.0478616099525246,grasp,,,,,,,,,,,,,,,,,,,,,1.6553633213043213,0.9347285032272339,1.2145577669143677,-0.2795562148094177,0.0034118203911930323,0.00684279203414917,0.03617455065250397,1.6554392576217651,0.9344927668571472,1.2140538692474365,-0.27956104278564453,0.0033222748897969723,2.9706645818805555e-06,,,,,,,,,,,,
3.0678616099525247,grasp,,,,,,,,,,,,,,,,,,,,,1.655369520187378,0.9346637725830078,1.2145249843597412,-0.27961617708206177,0.0034070962574332952,0.006688626948744059,0.03617455065250397,1.6554421665975572,0.934361428882132,1.2140446991514948,-0.2796841612989561,0.003325272299059235,2.9699443061051885e-06,,,,,,,,,,,,
3.0878616099525247,grasp,,,,,,,,,,,,,,,,,,,,,1.6553736925125122,0.9346312880516052,1.2145062685012817,-0.2796470522880554,0.0034034126438200474,0.006609255447983742,0.03617455065250397,1.6554421665975572,0.934361428882132,1.2140446991514948,-0.2796841612989561,0.003325272299059235,2.9699443061051885e-06,,,,,,,,,,,,
3.1078616099525247,grasp,,,,,,,,,,,,,,,,,,,,,1.6553858518600464,0.9342068433761597,1.2143280506134033,-0.280068039894104,0.0034123780205845833,0.006568356417119503,0.03617455065250397,1.6554624793179014,0.9334724854794704,1.2139824412900384,-0.2805173252567442,0.003345552889073409,2.9650692952735416e-06,,,,,,,,,,,,
3.1278616099525247,grasp,,,,,,,,,,,,,,,,,,,,,1.6553925275802612,0.9339908361434937,1.214227557182312,-0.28028494119644165,0.0034125298261642456,0.006547741591930389,0.03617455065250397,1.6554624793179014,0.9334724854794704,1.2139824412900384,-0.2805173252567442,0.003345552889073409,2.9650692952735416e-06,,,,,,,,,,,,
3.1478616099525247,grasp,,,,,,,,,,,,,,,,,,,,,1.6554290056228638,0.9328173398971558,1.213773488998413,-0.2814543843269348,0.003424928290769458,0.006538032554090023,0.03617455065250397,1.6555152117000522,0.9311503293962164,1.2138205819465755,-0.2826932490282514,0.003398273462129773,2.9523969351544995e-06,,,,,,,,,,,,
3.1678616099525247,grasp,,,,,,,,,,,,,,,,,,,,,1.6554417610168457,0.9321913123130798,1.21349036693573,-0.28205737471580505,0.0034130036365240812,0.006516605615615845,0.03617455065250397,1.6555152117000522,0.9311503293962164,1.2138205819465755,-0.2826932490282514,0.003398273462129773,2.9523969351544995e-06,,,,,,,,,,,,
3.1878616099525248,grasp,,,,,,,,,,,,,,,,,,,,,1.655537724494934,0.9298716187477112,1.2119163274765015,-0.28435268998146057,0.0034022245090454817,0.006488331593573093,0.03617455065250397,1.6556123496072948,0.9268037922807943,1.2135225704213302,-0.28676266539740736,0.0034953454819322653,2.929063674048939e-06,,,,,,,,,,,,
3.207861609952525,grasp,,,,,,,,,,,,,,,,,,,,,1.655564785003662,0.9287589192390442,1.2119323015213013,-0.28552886843681335,0.003471537958830595,0.0064576053991913795,0.03617455065250397,1.6556123496072948,0.9268037922807943,1.2135225704213302,-0.28676266539740736,0.0034953454819322653,2.929063674048939e-06,,,,,,,,,,,,
3.227861609952525,grasp,,,,,,,,,,,,,,,,,,,,,1.6556371450424194,0.9248322248458862,1.2117172479629517,-0.2892533540725708,0.0036647797096520662,0.006429433356970549,0.03617455065250397,1.6557622949648925,0.9199226939083045,1.213062272374084,-0.2931975253811532,0.0036453241566072048,2.893014069454823e-06,,,,,,,,,,,,
3.247861609952525,grasp,,,,,,,,,,,,,,,,,,,,,1.6556583642959595,0.9227949976921082,1.211605429649353,-0.291172057390213,0.003835643408820033,0.006402870640158653,0.03617455065250397,1.6557622949648925,0.9199226939083045,1.213062272374084,-0.2931975253811532,0.0036453241566072048,2.893014069454823e-06,,,,,,,,,,,,
3.267861609952525,grasp,,,,,,,,,,,,,,,,,,,,,1.6557986736297607,0.9170334935188293,1.2111910581588745,-0.2966219186782837,0.004049506038427353,0.006383802741765976,0.03617455065250397,1.6559742002816276,0.9100796277803704,1.2124114968070032,-0.30239902118677303,0.003857416887091443,2.8420347250049773e-06,,,,,,,,,,,,
3.2878616099525244,grasp,,,,,,,,,,,,,,,,,,,,,1.655861496925354,0.9140236973762512,1.2109004259109497,-0.2994304597377777,0.004144648555666208,0.00637141102924943,0.03617455065250397,1.6559742002816276,0.9100796277803704,1.2124114968070032,-0.30239902118677303,0.003857416887091443,2.8420347250049773e-06,,,,,,,,,,,,
3.307861609952525,grasp,,,,,,,,,,,,,,,,,,,,,1.656058430671692,0.9061217904090881,1.2102681398391724,-0.30684101581573486,0.00425719004124403,0.006360604893416166,0.03617455065250397,1.656255762686882,0.896922618152662,1.2115469070877094,-0.3146975682854945,0.004139256934286723,2.7742917077215416e-06,,,,,,,,,,,,
3.3278616099525244,grasp,,,,,,,,,,,,,,,,,,,,,1.6561559438705444,0.9019494652748108,1.209824562072754,-0.3106602728366852,0.004251526203006506,0.006356050726026297,0.03617455065250397,1.656255762686882,0.896922618152662,1.2115469070877094,-0.3146975682854945,0.004139256934286723,2.7742917077215416e-06,,,,,,,,,,,,
3.3478616099525245,grasp,,,,,,,,,,,,,,,,,,,,,1.6564056873321533,0.8918106555938721,1.2087018489837646,-0.32022175192832947,0.00432972889393568,0.006356412544846535,0.03617455065250397,1.6566123649174336,0.8801705219540642,1.2104514529010884,-0.3303552248579432,0.004496405028507301,2.688449305085735e-06,,,,,,,,,,,,
3.3678616099525245,grasp,,,,,,,,,,,,,,,,,,,,,1.6564979553222656,0.8865125179290771,1.20807945728302,-0.325148344039917,0.00443763192743063,0.00635052053257823,0.03617455065250397,1.6566123649174336,0.8801705219540642,1.2104514529010884,-0.3303552248579432,0.004496405028507301,2.688449305085735e-06,,,,,,,,,,,,
3.3878616099525245,grasp,,,,,,,,,,,,,,,,,,,,,1.6567543745040894,0.8738540410995483,1.207181692123413,-0.33700132369995117,0.004730320069938898,0.006337292958050966,0.03617455065250397,1.6570485420255399,0.8596110522574434,1.209112012277508,-0.3495705672390588,0.0049332345075786726,2.583456404049116e-06,,,,,,,,,,,,
3.4078616099525245,grasp,,,,,,,,,,,,,,,,,,,,,1.656882882118225,0.8672731518745422,1.2066125869750977,-0.3431086242198944,0.004910610616207123,0.006327585317194462,0.03617455065250397,1.6570485420255399,0.8596110522574434,1.209112012277508,-0.3495705672390588,0.0049332345075786726,2.583456404049116e-06,,,,,,,,,,,,
3.4278616099525245,grasp,,,,,,,,,,,,,,,,,,,,,1.6572357416152954,0.8520698547363281,1.2056217193603516,-0.3573623597621918,0.005125559400767088,0.006320108659565449,0.03617455065250397,1.6575674029530043,0.8350961904544706,1.2075188324005421,-0.3724809711961222,0.005452832305089241,2.4585715523285554e-06,,,,,,,,,,,,
3.4478616099525246,grasp,,,,,,,,,,,,,,,,,,,,,1.657391905784607,0.8441395163536072,1.2052054405212402,-0.36470475792884827,0.0052935839630663395,0.006314906291663647,0.03617455065250397,1.6575674029530043,0.8350961904544706,1.2075188324005421,-0.3724809711961222,0.005452832305089241,2.4585715523285554e-06,,,,,,,,,,,,
3.4678616099525246,grasp,,,,,,,,,,,,,,,,,,,,,1.6577643156051636,0.8262911438941956,1.2040373086929321,-0.381425142288208,0.005681355483829975,0.006312883459031582,0.03617455065250397,1.6581710753682464,0.8065392829861752,1.2056664618948936,-0.39916677093624364,0.006057086810271033,2.3133427899374898e-06,,,,,,,,,,,,
3.4878616099525246,grasp,,,,,,,,,,,,,,,,,,,,,1.657962441444397,0.8169936537742615,1.2035167217254639,-0.3900390565395355,0.005867168307304382,0.006312433630228043,0.03617455065250397,1.6581710753682464,0.8065392829861752,1.2056664618948936,-0.39916677093624364,0.006057086810271033,2.3133427899374898e-06,,,,,,,,,,,,
3.5078616099525246,grasp,,,,,,,,,,,,,,,,,,,,,1.6583926677703857,0.7964816689491272,1.2021583318710327,-0.4092579782009125,0.006307455711066723,0.006311582867056131,0.03617455065250397,1.658860725354789,0.7739114226520054,1.2035520254843888,-0.42965447538534635,0.006746860322610997,2.1475634798382625e-06,,,,,,,,,,,,
3.5278616099525246,grasp,,,,,,,,,,,,,,,,,,,,,1.6586180925369263,0.7857954502105713,1.2015354633331299,-0.419158935546875,0.006529434584081173,0.006311546079814434,0.03617455065250397,1.658860725354789,0.7739114226520054,1.2035520254843888,-0.42965447538534635,0.006746860322610997,2.1475634798382625e-06,,,,,,,,,,,,
3.5478616099525246,grasp,,,,,,,,,,,,,,,,,,,,,1.6591081619262695,0.7626203894615173,1.2000088691711426,-0.4408726990222931,0.007019400596618652,0.006311087403446436,0.03617455065250397,1.6596365032368023,0.7372381897190602,1.2011752320945792,-0.46392048937336816,0.007522274977325606,1.9612061930225813e-06,,,,,,,,,,,,
3.5678616099525247,grasp,,,,,,,,,,,,,,,,,,,,,1.6593608856201172,0.7505455613136292,1.1992886066436768,-0.45205897092819214,0.007275909185409546,0.006311142351478338,0.03617455065250397,1.6596365032368023,0.7372381897190602,1.2011752320945792,-0.46392048937336816,0.007522274977325606,1.9612061930225813e-06,,,,,,,,,,,,
3.5878616099525247,grasp,,,,,,,,,,,,,,,,,,,,,1.6599098443984985,0.7247454524040222,1.1976029872894287,-0.47623252868652344,0.007818018086254597,0.006310717668384314,0.03617455065250397,1.6604983127186759,0.6965962302947223,1.1985365282215064,-0.5018945067149264,0.008383256375085604,1.7542899819541695e-06,,,,,,,,,,,,
3.6078616099525247,grasp,,,,,,,,,,,,,,,,,,,,,1.660190463066101,0.7113001346588135,1.1967802047729492,-0.4886862337589264,0.008108136244118214,0.006310786586254835,0.03617455065250397,1.6604983127186759,0.6965962302947223,1.1985365282215064,-0.5018945067149264,0.008383256375085604,1.7542899819541695e-06,,,,,,,,,,,,
3.6278616099525247,grasp,,,,,,,,,,,,,,,,,,,,,1.6609700918197632,0.682845413684845,1.1950496435165405,-0.5154703259468079,0.008713958784937859,0.00630907341837883,0.03617455065250397,1.6618087615512354,0.651900949599857,1.1958568442588315,-0.5439066480172324,0.009339457016305138,-7.106229417152491e-07,,,,,,,,,,,,
3.6478616099525247,grasp,,,,,,,,,,,,,,,,,,,,,1.6613720655441284,0.6680117249488831,1.1941767930984497,-0.5292693376541138,0.009030738845467567,0.006308817304670811,0.03617455065250397,1.6618087615512354,0.651900949599857,1.1958568442588315,-0.5439066480172324,0.009339457016305138,-7.106229417152491e-07,,,,,,,,,,,,
3.6678616099525247,grasp,,,,,,,,,,,,,,,,,,,,,1.6499474048614502,0.6442651748657227,1.1845108270645142,-0.5430973172187805,0.008988643065094948,0.006396537180989981,0.03617455065250397,1.6374928494527587,0.6185045888691394,1.1766367459110736,-0.5577627660568029,0.009882812113833074,0.0001563034083697338,,,,,,,,,,,,
3.6878616099525248,grasp,,,,,,,,,,,,,,,,,,,,,1.6437690258026123,0.6319871544837952,1.179374098777771,-0.550218939781189,0.00986875407397747,0.00641257781535387,0.03617455065250397,1.6374928494527587,0.6185045888691394,1.1766367459110736,-0.5577627660568029,0.009882812113833074,0.0001563034083697338,,,,,,,,,,,,
3.707861609952525,grasp,,,,,,,,,,,,,,,,,,,,,1.61500084400177,0.6160800457000732,1.1585228443145752,-0.5446419715881348,0.008856712840497494,0.006614386569708586,0.03617455065250397,1.5837885690879476,0.5987565059829135,1.1386264593443518,-0.5386831782942971,0.009907401533364614,0.0004958462539684299,,,,,,,,,,,,
3.727861609952525,grasp,,,,,,,,,,,,,,,,,,,,,1.5995585918426514,0.6079762578010559,1.14744234085083,-0.541765034198761,0.010344141162931919,0.006660245358943939,0.03617455065250397,1.5837885690879476,0.5987565059829135,1.1386264593443518,-0.5386831782942971,0.009907401533364614,0.0004958462539684299,,,,,,,,,,,,
3.7478616099525244,grasp,,,,,,,,,,,,,,,,,,,,,1.564803957939148,0.59344881772995,1.1225981712341309,-0.530723512172699,0.008952733129262924,0.006912294775247574,0.03617455065250397,1.52715967615555,0.5775139763785558,1.0985214852067882,-0.5189583766281421,0.009942726274305848,0.000853778497551246,,,,,,,,,,,,
3.767861609952525,grasp,,,,,,,,,,,,,,,,,,,,,1.5462088584899902,0.5860387086868286,1.1094508171081543,-0.5250328183174133,0.010544002056121826,0.006978949997574091,0.03617455065250397,1.52715967615555,0.5775139763785558,1.0985214852067882,-0.5189583766281421,0.009942726274305848,0.000853778497551246,,,,,,,,,,,,
3.7878616099525244,grasp,,,,,,,,,,,,,,,,,,,,,1.5083855390548706,0.5712973475456238,1.0825544595718384,-0.5120255351066589,0.009036675095558167,0.007250680588185787,0.03617455065250397,1.4674750249075321,0.5551236632639559,1.056257987583024,-0.49817320761835854,0.009979944747683626,0.0012309235123331179,,,,,,,,,,,,
3.807861609952525,grasp,,,,,,,,,,,,,,,,,,,,,1.4881988763809204,0.5637766122817993,1.0683144330978394,-0.5053237080574036,0.010648773051798344,0.007330955937504768,0.03617455065250397,1.4674750249075321,0.5551236632639559,1.056257987583024,-0.49817320761835854,0.009979944747683626,0.0012309235123331179,,,,,,,,,,,,
3.8278616099525244,grasp,,,,,,,,,,,,,,,,,,,,,1.4482345581054688,0.5484741926193237,1.0399566888809204,-0.4913334250450134,0.00907877180725336,0.007625068072229624,0.03617455065250397,1.4050483503661209,0.5317019329606022,1.0120566441307564,-0.4764371170541688,0.01001886507749494,0.0016253694640298506,,,,,,,,,,,,
3.847861609952525,grasp,,,,,,,,,,,,,,,,,,,,,1.4269429445266724,0.5406639575958252,1.024944543838501,-0.4841257929801941,0.010718027129769325,0.007703515700995922,0.03617455065250397,1.4050483503661209,0.5317019329606022,1.0120566441307564,-0.4764371170541688,0.01001886507749494,0.0016253694640298506,,,,,,,,,,,,
3.8678616099525245,grasp,,,,,,,,,,,,,,,,,,,,,1.385245442390442,0.5247712135314941,0.9953432083129883,-0.46947041153907776,0.009094648994505405,0.008000359870493412,0.03617455065250397,1.3402194567570225,0.5073748438379899,0.9661573866858381,-0.45386750721633395,0.010059281070651478,0.002034931851002544,,,,,,,,,,,,
3.8878616099525245,grasp,,,,,,,,,,,,,,,,,,,,,1.3630542755126953,0.5166557431221008,0.9797037243843079,-0.4619205892086029,0.01081092655658722,0.00808872003108263,0.03617455065250397,1.3402194567570225,0.5073748438379899,0.9661573866858381,-0.45386750721633395,0.010059281070651478,0.002034931851002544,,,,,,,,,,,,
3.9078616099525245,grasp,,,,,,,,,,,,,,,,,,,,,1.3199169635772705,0.5002331137657166,0.9491035342216492,-0.4467449188232422,0.009140932001173496,0.00840690452605486,0.03617455065250397,1.2733501974019017,0.4822767814931789,0.918816520794268,-0.43058985725880516,0.010100967439170523,0.002457296902586179,,,,,,,,,,,,
3.9278616099525245,grasp,,,,,,,,,,,,,,,,,,,,,1.2969722747802734,0.4918491244316101,0.9329245090484619,-0.43892785906791687,0.01090965885668993,0.008503209799528122,0.03617455065250397,1.2733501974019017,0.4822767814931789,0.918816520794268,-0.43058985725880516,0.010100967439170523,0.002457296902586179,,,,,,,,,,,,
3.9478616099525246,grasp,,,,,,,,,,,,,,,,,,,,,1.252652883529663,0.4749736785888672,0.9014432430267334,-0.4233348071575165,0.009154761210083961,0.008826127275824547,0.03617455065250397,1.2048210772334238,0.45655007655675495,0.8703031519106224,-0.406736404801528,0.010143683497679407,0.0028901288821013018,,,,,,,,,,,,
3.9678616099525246,grasp,,,,,,,,,,,,,,,,,,,,,1.2290934324264526,0.4663718044757843,0.8848703503608704,-0.41530299186706543,0.010960004292428493,0.008910704404115677,0.03617455065250397,1.2048210772334238,0.45655007655675495,0.8703031519106224,-0.406736404801528,0.010143683497679407,0.0028901288821013018,,,,,,,,,,,,
3.9878616099525246,grasp,,,,,,,,,,,,,,,,,,,,,1.1838459968566895,0.44914522767066956,0.8528006076812744,-0.3993855118751526,0.009165843017399311,0.009229949675500393,0.03617455065250397,1.1350277869675032,0.4303426662256074,0.8208968869420893,-0.38244453442816545,0.01018718376925595,0.0033309461775438026,,,,,,,,,,,,
4.007861609952524,grasp,,,,,,,,,,,,,,,,,,,,,1.1598049402236938,0.4403572380542755,0.8358392119407654,-0.39118826389312744,0.010991598479449749,0.009311546571552753,0.03617455065250397,1.1350277869675032,0.4303426662256074,0.8208968869420893,-0.38244453442816545,0.01018718376925595,0.0033309461775438026,,,,,,,,,,,,
4.027861609952525,grasp,,,,,,,,,,,,,,,,,,,,,1.1138995885849,0.42287781834602356,0.8032848834991455,-0.37504103779792786,0.009158767759799957,0.009640499949455261,0.03617455065250397,1.0643776164822139,0.4038052441777796,0.770885837093053,-0.35785545677733777,0.010231229758028496,0.0037771439300175865,,,,,,,,,,,,
4.047861609952525,grasp,,,,,,,,,,,,,,,,,,,,,1.0895107984542847,0.413959801197052,0.7860735058784485,-0.36672577261924744,0.011084351688623428,0.009736315347254276,0.03617455065250397,1.0643776164822139,0.4038052441777796,0.770885837093053,-0.35785545677733777,0.010231229758028496,0.0037771439300175865,,,,,,,,,,,,
4.067861609952525,grasp,,,,,,,,,,,,,,,,,,,,,1.0432169437408447,0.3963286876678467,0.7532417178153992,-0.3504423201084137,0.009215779602527618,0.010079427622258663,0.03617455065250397,0.9932852663820674,0.3770933117142856,0.7205628704749889,-0.3331128893829888,0.010275562559826376,0.004226112003400616,,,,,,,,,,,,
4.087861609952524,grasp,,,,,,,,,,,,,,,,,,,,,1.0186344385147095,0.3873350918292999,0.7359064817428589,-0.3420577347278595,0.011137635447084904,0.010180105455219746,0.03617455065250397,0.9932852663820674,0.3770933117142856,0.7205628704749889,-0.3331128893829888,0.010275562559826376,0.004226112003400616,,,,,,,,,,,,
4.107861609952525,grasp,,,,,,,,,,,,,,,,,,,,,0.9722173810005188,0.36965277791023254,0.702990710735321,-0.3257339298725128,0.009269079193472862,0.010525769554078579,0.03617455065250397,0.9221695691561088,0.3503619026078694,0.6702241417884742,-0.308362396856006,0.010319915198020104,0.004675237129545866,,,,,,,,,,,,
4.127861609952525,grasp,,,,,,,,,,,,,,,,,,,,,0.9475834369659424,0.3606356680393219,0.6856094002723694,-0.3173293173313141,0.01118727121502161,0.01062779501080513,0.03617455065250397,0.9221695691561088,0.3503619026078694,0.6702241417884742,-0.308362396856006,0.010319915198020104,0.004675237129545866,,,,,,,,,,,,
4.147861609952525,grasp,,,,,,,,,,,,,,,,,,,,,0.9013203382492065,0.3430062532424927,0.652809202671051,-0.30106112360954285,0.009321857243776321,0.01097286306321621,0.03617455065250397,0.8514494257910957,0.323768294898892,0.6201652005671776,-0.2837492883466699,0.010364027416622032,0.00512188833509552,,,,,,,,,,,,
4.167861609952524,grasp,,,,,,,,,,,,,,,,,,,,,0.876777708530426,0.33401843905448914,0.6354836225509644,-0.2926858961582184,0.011233353056013584,0.011074808426201344,0.03617455065250397,0.8514494257910957,0.323768294898892,0.6201652005671776,-0.2837492883466699,0.010364027416622032,0.00512188833509552,,,,,,,,,,,,
4.187861609952525,grasp,,,,,,,,,,,,,,,,,,,,,0.8309425711631775,0.31654468178749084,0.6029906868934631,-0.2765684723854065,0.009378586895763874,0.01141700055450201,0.03617455065250397,0.7815408318238284,0.2974665074535348,0.5706793166171323,-0.25941774703528037,0.010407648101760921,0.005563441322535837,,,,,,,,,,,,
4.207861609952524,grasp,,,,,,,,,,,,,,,,,,,,,0.8066341280937195,0.3076381981372833,0.5858230590820312,-0.26827168464660645,0.011274289339780807,0.011517941020429134,0.03617455065250397,0.7815408318238284,0.2974665074535348,0.5706793166171323,-0.25941774703528037,0.010407648101760921,0.005563441322535837,,,,,,,,,,,,
4.227861609952525,grasp,,,,,,,,,,,,,,,,,,,,,0.7614958882331848,0.29042163491249084,0.5538274049758911,-0.25239938497543335,0.009440622292459011,0.011855198070406914,0.03617455065250397,0.7128515997417451,0.2716100560482412,0.5220548180403829,-0.2355096643739149,0.010450521298765057,0.00599730595778539,,,,,,,,,,,,
4.247861609952524,grasp,,,,,,,,,,,,,,,,,,,,,0.7375627756118774,0.2816486060619354,0.5369167327880859,-0.24422945082187653,0.011309783905744553,0.01195455901324749,0.03617455065250397,0.7128515997417451,0.2716100560482412,0.5220548180403829,-0.2355096643739149,0.010450521298765057,0.00599730595778539,,,,,,,,,,,,
4.267861609952525,grasp,,,,,,,,,,,,,,,,,,,,,0.6933841705322266,0.2647877633571625,0.5056031942367554,-0.22869440913200378,0.009507534094154835,0.012284857220947742,0.03617455065250397,0.6457793417817814,0.24634546854157124,0.4745727794235148,-0.21216338300499243,0.010492394244507297,0.006420958268845253,,,,,,,,,,,,
4.287861609952524,grasp,,,,,,,,,,,,,,,,,,,,,0.6699644923210144,0.25619837641716003,0.48904889822006226,-0.22069858014583588,0.011339409276843071,0.012382004410028458,0.03617455065250397,0.6457793417817814,0.24634546854157124,0.4745727794235148,-0.21216338300499243,0.010492394244507297,0.006420958268845253,,,,,,,,,,,,
4.307861609952525,grasp,,,,,,,,,,,,,,,,,,,,,0.6269996762275696,0.23978930711746216,0.4585975110530853,-0.20558971166610718,0.009579882025718689,0.012703482061624527,0.03617455065250397,0.5807059458300895,0.22181754233622353,0.4285036413968984,-0.18951199002149222,0.010533024975313422,0.006831993782372792,,,,,,,,,,,,
4.3278616099525244,grasp,,,,,,,,,,,,,,,,,,,,,0.604226291179657,0.23143260180950165,0.4424934387207031,-0.19781380891799927,0.011363277211785316,0.012797907926142216,0.03617455065250397,0.5807059458300895,0.22181754233622353,0.4285036413968984,-0.18951199002149222,0.010533024975313422,0.006831993782372792,,,,,,,,,,,,
4.347861609952525,grasp,,,,,,,,,,,,,,,,,,,,,0.5627176761627197,0.2155666947364807,0.4130755364894867,-0.18321624398231506,0.009656545706093311,0.01310874056071043,0.03617455065250397,0.5179961930524171,0.19816036422546912,0.38410519247623826,-0.16768234507292312,0.010572183969240622,0.007228129992534797,,,,,,,,,,,,
4.3678616099525245,grasp,,,,,,,,,,,,,,,,,,,,,0.5407184362411499,0.20748911798000336,0.39751294255256653,-0.17570416629314423,0.01138151716440916,0.013199865818023682,0.03617455065250397,0.5179961930524171,0.19816036422546912,0.38410519247623826,-0.16768234507292312,0.010572183969240622,0.007228129992534797,,,,,,,,,,,,
4.387861609952525,grasp,,,,,,,,,,,,,,,,,,,,,0.5008956789970398,0.19225342571735382,0.3692900240421295,-0.16169841587543488,0.009737059473991394,0.013498363085091114,0.03617455065250397,0.4579915077360505,0.1755038832020821,0.34161941728499723,-0.1467935606303931,0.010609656606853762,0.007607202873334003,,,,,,,,,,,,
4.4078616099525245,grasp,,,,,,,,,,,,,,,,,,,,,0.4797910451889038,0.1844991147518158,0.3543544113636017,-0.15449124574661255,0.011393588036298752,0.013585728593170643,0.03617455065250397,0.4579915077360505,0.1755038832020821,0.34161941728499723,-0.1467935606303931,0.010609656606853762,0.007607202873334003,,,,,,,,,,,,
4.427861609952525,grasp,,,,,,,,,,,,,,,,,,,,,0.4418662488460541,0.1699741780757904,0.3274775743484497,-0.14115209877490997,0.009820913895964622,0.013870207592844963,0.03617455065250397,0.40100833198500574,0.15396572855131724,0.3012704136683145,-0.12695600377109661,0.010645241530448244,0.007967192373056835,,,,,,,,,,,,
4.4478616099525246,grasp,,,,,,,,,,,,,,,,,,,,,0.4217682480812073,0.1625840663909912,0.3132491707801819,-0.13428854942321777,0.011399524286389351,0.013953345827758312,0.03617455065250397,0.40100833198500574,0.15396572855131724,0.3012704136683145,-0.12695600377109661,0.010645241530448244,0.007967192373056835,,,,,,,,,,,,
4.467861609952525,grasp,,,,,,,,,,,,,,,,,,,,,0.3859367072582245,0.14884309470653534,0.28785601258277893,-0.12168465554714203,0.00990753248333931,0.014222388155758381,0.03617455065250397,0.3473337134624408,0.133652537322659,0.2632614083859199,-0.10826984122762096,0.010678754316387522,0.008306272515928519,,,,,,,,,,,,
4.487861609952525,grasp,,,,,,,,,,,,,,,,,,,,,0.3669479489326477,0.1418542116880417,0.2744080126285553,-0.1151997521519661,0.011399698443710804,0.014300809241831303,0.03617455065250397,0.3473337134624408,0.133652537322659,0.2632614083859199,-0.10826984122762096,0.010678754316387522,0.008306272515928519,,,,,,,,,,,,
4.507861609952524,grasp,,,,,,,,,,,,,,,,,,,,,0.33338218927383423,0.12896409630775452,0.25062161684036255,-0.1033920869231224,0.009996706619858742,0.014553038403391838,0.03617455065250397,0.2972205605461323,0.11466211198154669,0.2277719099176906,-0.09082333674755667,0.010710036516805103,0.008622846824034887,,,,,,,,,,,,
4.527861609952525,grasp,,,,,,,,,,,,,,,,,,,,,0.3155941069126129,0.12241018563508987,0.2380201816558838,-0.0973171517252922,0.011393929831683636,0.014626520685851574,0.03617455065250397,0.2972205605461323,0.11466211198154669,0.2277719099176906,-0.09082333674755667,0.010710036516805103,0.008622846824034887,,,,,,,,,,,,
4.547861609952525,grasp,,,,,,,,,,,,,,,,,,,,,0.2844447195529938,0.11042813211679459,0.21594630181789398,-0.08635867387056351,0.010087588801980019,0.014860772527754307,0.03617455065250397,0.25088599154009666,0.09707493089785695,0.1949557010745294,-0.07469213471966735,0.010738951668449665,0.008915548162288968,,,,,,,,,,,,
4.567861609952525,grasp,,,,,,,,,,,,,,,,,,,,,0.26793694496154785,0.10433784127235413,0.2042483240365982,-0.08072084188461304,0.011382324621081352,0.014928928576409817,0.03617455065250397,0.25088599154009666,0.09707493089785695,0.1949557010745294,-0.07469213471966735,0.010738951668449665,0.008915548162288968,,,,,,,,,,,,
4.587861609952524,grasp,,,,,,,,,,,,,,,,,,,,,0.23932817578315735,0.09331116080284119,0.18397575616836548,-0.07065536081790924,0.010178147815167904,0.01514420472085476,0.03617455065250397,0.2085062417395982,0.08095727312343963,0.1649379734013479,-0.05993755477501066,0.010765393797811254,0.009183272146400068,,,,,,,,,,,,
4.607861609952525,grasp,,,,,,,,,,,,,,,,,,,,,0.22416649758815765,0.0877080038189888,0.17322975397109985,-0.06547718495130539,0.011365273967385292,0.015206868760287762,0.03617455065250397,0.2085062417395982,0.08095727312343963,0.1649379734013479,-0.05993755477501066,0.010765393797811254,0.009183272146400068,,,,,,,,,,,,
4.627861609952525,grasp,,,,,,,,,,,,,,,,,,,,,0.1981949508190155,0.0776732861995697,0.15482549369335175,-0.056338779628276825,0.010268663056194782,0.015402465127408504,0.03617455065250397,0.17021372379459648,0.06635747714834307,0.13781271660582006,-0.04660565925809575,0.010789284295571985,0.009425189033752498,,,,,,,,,,,,
4.647861609952525,grasp,,,,,,,,,,,,,,,,,,,,,0.18443067371845245,0.07257509976625443,0.14506907761096954,-0.05163760855793953,0.011343300342559814,0.01545935682952404,0.03617455065250397,0.17021372379459648,0.06635747714834307,0.13781271660582006,-0.04660565925809575,0.010789284295571985,0.009425189033752498,,,,,,,,,,,,
4.667861609952524,grasp,,,,,,,,,,,,,,,,,,,,,0.1611613631248474,0.06356009840965271,0.1285790503025055,-0.04344930127263069,0.010358214378356934,0.01563471369445324,0.03617455065250397,0.13609127325480624,0.05331239066101109,0.11363905621737418,-0.03472538019990757,0.010810569636127719,0.009640766155570931,,,,,,,,,,,,
4.687861609952525,grasp,,,,,,,,,,,,,,,,,,,,,0.14882923662662506,0.05898040533065796,0.11983779072761536,-0.039236973971128464,0.011316988617181778,0.015685757622122765,0.03617455065250397,0.13609127325480624,0.05331239066101109,0.11363905621737418,-0.03472538019990757,0.010810569636127719,0.009640766155570931,,,,,,,,,,,,
4.707861609952524,grasp,,,,,,,,,,,,,,,,,,,,,0.12829478085041046,0.05099976435303688,0.1052849143743515,-0.03201038017868996,0.010445177555084229,0.015840649604797363,0.03617455065250397,0.10617089489540446,0.04183672881223135,0.09243978777901672,-0.024307959608388805,0.01082922469879115,0.009829791842958261,,,,,,,,,,,,
4.727861609952525,grasp,,,,,,,,,,,,,,,,,,,,,0.11741217970848083,0.04694567248225212,0.09757155925035477,-0.02829284965991974,0.011286797933280468,0.015885766595602036,0.03617455065250397,0.10617089489540446,0.04183672881223135,0.09243978777901672,-0.024307959608388805,0.01082922469879115,0.009829791842958261,,,,,,,,,,,,
4.747861609952524,grasp,,,,,,,,,,,,,,,,,,,,,0.09961015731096268,0.039999399334192276,0.08495400100946426,-0.022027242928743362,0.010529282502830029,0.016020098701119423,0.03617455065250397,0.08042998887760541,0.031922198202827205,0.07419867718723577,-0.015345502059038042,0.010845265591100666,0.009992407356743348,,,,,,,,,,,,
4.767861609952525,grasp,,,,,,,,,,,,,,,,,,,,,0.0901760682463646,0.03647061809897423,0.07826773077249527,-0.01880408078432083,0.011253559030592442,0.016059312969446182,0.03617455065250397,0.08042998887760541,0.031922198202827205,0.07419867718723577,-0.015345502059038042,0.010845265591100666,0.009992407356743348,,,,,,,,,,,,
4.787861609952524,grasp,,,,,,,,,,,,,,,,,,,,,0.07506708800792694,0.030541835352778435,0.06755713373422623,-0.013485623523592949,0.010609363205730915,0.01617346704006195,0.03617455065250397,0.05878829958293132,0.023533975610442764,0.05885802752573741,-0.007809864590642931,0.01085874691690781,0.010129128351619979,,,,,,,,,,,,
4.807861609952525,grasp,,,,,,,,,,,,,,,,,,,,,0.06706094741821289,0.02752959355711937,0.06188298016786575,-0.0107496976852417,0.011217575520277023,0.016206886619329453,0.03617455065250397,0.05878829958293132,0.023533975610442764,0.05885802752573741,-0.007809864590642931,0.01085874691690781,0.010129128351619979,,,,,,,,,,,,
4.8278616099525244,grasp,,,,,,,,,,,,,,,,,,,,,0.054564427584409714,0.022589093074202538,0.05302233248949051,-0.0063501945696771145,0.010684367269277573,0.01630130037665367,0.03617455065250397,0.04110073631046848,0.016621082843021343,0.04631502866022775,-0.0016504313430517163,0.010869765490292975,0.010240879511579377,,,,,,,,,,,,
4.847861609952525,grasp,,,,,,,,,,,,,,,,,,,,,0.04794393479824066,0.020078329369425774,0.04833037406206131,-0.00408700667321682,0.011179680936038494,0.01632910594344139,0.03617455065250397,0.04110073631046848,0.016621082843021343,0.04631502866022775,-0.0016504313430517163,0.010869765490292975,0.010240879511579377,,,,,,,,,,,,
4.8678616099525245,grasp,,,,,,,,,,,,,,,,,,,,,0.03793540969491005,0.01608673855662346,0.04123174771666527,-0.0005627688369713724,0.01075251866132021,0.016404753550887108,0.03617455065250397,0.02715251821254779,0.01111833549573945,0.0364189288466051,0.003207445216481306,0.01087845633206029,0.010329017889242145,,,,,,,,,,,,
4.887861609952525,grasp,,,,,,,,,,,,,,,,,,,,,0.03263439983129501,0.014057391323149204,0.03747546300292015,0.001250155153684318,0.01114231813699007,0.01642725244164467,0.03617455065250397,0.02715251821254779,0.01111833549573945,0.0364189288466051,0.003207445216481306,0.01087845633206029,0.010329017889242145,,,,,,,,,,,,
4.9078616099525245,grasp,,,,,,,,,,,,,,,,,,,,,0.024942170828580856,0.010965870693325996,0.03201849386096001,0.003959312103688717,0.010813900269567966,0.016485417261719704,0.03617455065250397,0.016654865303025842,0.0069468580118062,0.028968129288232967,0.006863926050067541,0.01088499816055524,0.010395360687770402,,,,,,,,,,,,
4.927861609952525,grasp,,,,,,,,,,,,,,,,,,,,,0.020869607105851173,0.009393114596605301,0.029134104028344154,0.0053529501892626286,0.011104727163910866,0.016502927988767624,0.03617455065250397,0.016654865303025842,0.0069468580118062,0.028968129288232967,0.006863926050067541,0.01088499816055524,0.010395360687770402,,,,,,,,,,,,
4.9478616099525246,grasp,,,,,,,,,,,,,,,,,,,,,0.015275366604328156,0.007131217047572136,0.025164786726236343,0.007323566824197769,0.01086665689945221,0.016545230522751808,0.03617455065250397,0.009248511807260192,0.0039881209700965165,0.023709923099191694,0.00944385422208827,0.010889614617295753,0.010442170996192405,,,,,,,,,,,,
4.967861609952525,grasp,,,,,,,,,,,,,,,,,,,,,0.012315155938267708,0.00597919849678874,0.023070039227604866,0.008337288163602352,0.01106939371675253,0.016558153554797173,0.03617455065250397,0.009248511807260192,0.0039881209700965165,0.023709923099191694,0.00944385422208827,0.010889614617295753,0.010442170996192405,,,,,,,,,,,,
4.987861609952525,grasp,,,,,,,,,,,,,,,,,,,,,0.00855239573866129,0.004452656954526901,0.020401090383529663,0.009663039818406105,0.010910626500844955,0.01658661477267742,0.03617455065250397,0.004498623780742753,0.0020874521608467114,0.020337400442232065,0.011098467742796872,0.010892575315023734,0.010472192660981509,,,,,,,,,,,,
5.007861609952524,grasp,,,,,,,,,,,,,,,,,,,,,0.006563224829733372,0.0036738126073032618,0.018994580954313278,0.010345005430281162,0.011037228628993034,0.016595588997006416,0.03617455065250397,0.004498623780742753,0.0020874521608467114,0.020337400442232065,0.011098467742796872,0.010892575315023734,0.010472192660981509,,,,,,,,,,,,
5.027861609952525,grasp,,,,,,,,,,,,,,,,,,,,,0.004315659869462252,0.0027599313762038946,0.017401082441210747,0.011137175373733044,0.0109427934512496,0.016612574458122253,0.03617455065250397,0.0018935577418398538,0.0010444724271446051,0.018487694351746145,0.01200594405804398,0.010894198988617737,0.010488658024900885,,,,,,,,,,,,
5.047861609952525,grasp,,,,,,,,,,,,,,,,,,,,,0.0031294533982872963,0.0022925192024558783,0.016564328223466873,0.011544650420546532,0.011009370908141136,0.016618190333247185,0.03617455065250397,0.0018935577418398538,0.0010444724271446051,0.018487694351746145,0.01200594405804398,0.010894198988617737,0.010488658024900885,,,,,,,,,,,,
5.067861609952525,grasp,,,,,,,,,,,,,,,,,,,,,0.0020272808615118265,0.0018431345233693719,0.015784084796905518,0.011933310888707638,0.010963952168822289,0.016626494005322456,0.03617455065250397,0.0008381513638792376,0.0006219296495434606,0.017738311707885007,0.012373595264604704,0.010894856738477303,0.010495328586871541,,,,,,,,,,,,
5.087861609952524,grasp,,,,,,,,,,,,,,,,,,,,,0.0014477052027359605,0.001612575026229024,0.015377361327409744,0.012133220210671425,0.010987048968672752,0.016629494726657867,0.03617455065250397,0.0008381513638792376,0.0006219296495434606,0.017738311707885007,0.012373595264604704,0.010894856738477303,0.010495328586871541,,,,,,,,,,,,
5.107861609952525,grasp,,,,,,,,,,,,,,,,,,,,,0.001064935466274619,0.0014555919915437698,0.015108169987797737,0.012268312275409698,0.01097240298986435,0.0166323259472847,0.03617455065250397,0.0006493812682986568,0.0005463535462542931,0.017604276709435287,0.012439352720140925,0.010894974461535518,0.010496521685809324,,,,,,,,,,,,
5.11268862239318,grasp,,,,,,,,,,,,,,,,,,,,,0.0008636241545900702,0.0013740310678258538,0.014969480223953724,0.012338106520473957,0.01097211055457592,0.016633590683341026,0.03617455065250397,0.0006475158734247088,0.0005456067156046629,0.0176029521971941,0.012440002523362637,0.010894975624978542,0.01049653347581625,,,,,,,,,,,,
0.0,grasp,,,,,,,,,,,,,,,,,,,,,,,,,,,0.00017595446570339845,,,,,,,0.043,,,,,,,,,,,
0.02,grasp,,,,,,,,,,,,,,,,,,,,,,,,,,,0.00019059736951021478,,,,,,,0.043,,,,,,,,,,,
0.04,grasp,,,,,,,,,,,,,,,,,,,,,,,,,,,0.00028538076003314927,,,,,,,0.043,,,,,,,,,,,
0.06,grasp,,,,,,,,,,,,,,,,,,,,,,,,,,,0.000512601895025,,,,,,,0.043,,,,,,,,,,,
0.08,grasp,,,,,,,,,,,,,,,,,,,,,,,,,,,0.000896627054316923,,,,,,,0.043,,,,,,,,,,,
0.1,grasp,,,,,,,,,,,,,,,,,,,,,,,,,,,0.0014671198441646993,,,,,,,0.043,,,,,,,,,,,
0.12,grasp,,,,,,,,,,,,,,,,,,,,,,,,,,,0.0022427354706451297,,,,,,,0.043,,,,,,,,,,,
0.14,grasp,,,,,,,,,,,,,,,,,,,,,,,,,,,0.003229424124583602,,,,,,,0.043,,,,,,,,,,,
0.16,grasp,,,,,,,,,,,,,,,,,,,,,,,,,,,0.004430656088516116,,,,,,,0.043,,,,,,,,,,,
0.18,grasp,,,,,,,,,,,,,,,,,,,,,,,,,,,0.005842376966029406,,,,,,,0.043,,,,,,,,,,,
0.2,grasp,,,,,,,,,,,,,,,,,,,,,,,,,,,0.00745275872759521,,,,,,,0.043,,,,,,,,,,,
0.22,grasp,,,,,,,,,,,,,,,,,,,,,,,,,,,0.009247135370969772,,,,,,,0.043,,,,,,,,,,,
0.24,grasp,,,,,,,,,,,,,,,,,,,,,,,,,,,0.011205451097339392,,,,,,,0.043,,,,,,,,,,,
0.26,grasp,,,,,,,,,,,,,,,,,,,,,,,,,,,0.013303197454661131,,,,,,,0.043,,,,,,,,,,,
0.28,grasp,,,,,,,,,,,,,,,,,,,,,,,,,,,0.015513920225203037,,,,,,,0.043,,,,,,,,,,,
0.3,grasp,,,,,,,,,,,,,,,,,,,,,,,,,,,0.017808115109801292,,,,,,,0.043,,,,,,,,,,,
0.32,grasp,,,,,,,,,,,,,,,,,,,,,,,,,,,0.020154251717031002,,,,,,,0.043,,,,,,,,,,,
0.34,grasp,,,,,,,,,,,,,,,,,,,,,,,,,,,0.022520278580486774,,,,,,,0.043,,,,,,,,,,,
0.36,grasp,,,,,,,,,,,,,,,,,,,,,,,,,,,0.024873525835573673,,,,,,,0.043,,,,,,,,,,,
0.38,grasp,,,,,,,,,,,,,,,,,,,,,,,,,,,0.027181249111890793,,,,,,,0.043,,,,,,,,,,,
0.4,grasp,,,,,,,,,,,,,,,,,,,,,,,,,,,0.029412169009447098,,,,,,,0.043,,,,,,,,,,,
0.42,grasp,,,,,,,,,,,,,,,,,,,,,,,,,,,0.03153637424111366,,,,,,,0.043,,,,,,,,,,,
0.44,grasp,,,,,,,,,,,,,,,,,,,,,,,,,,,0.033526159822940826,,,,,,,0.043,,,,,,,,,,,
0.46,grasp,,,,,,,,,,,,,,,,,,,,,,,,,,,0.03535722382366657,,,,,,,0.043,,,,,,,,,,,
0.48,grasp,,,,,,,,,,,,,,,,,,,,,,,,,,,0.037008289247751236,,,,,,,0.043,,,,,,,,,,,
0.5,grasp,,,,,,,,,,,,,,,,,,,,,,,,,,,0.038462890312075615,,,,,,,0.043,,,,,,,,,,,
0.52,grasp,,,,,,,,,,,,,,,,,,,,,,,,,,,0.039709603413939476,,,,,,,0.043,,,,,,,,,,,
0.54,grasp,,,,,,,,,,,,,,,,,,,,,,,,,,,0.040742216631770134,,,,,,,0.043,,,,,,,,,,,
0.56,grasp,,,,,,,,,,,,,,,,,,,,,,,,,,,0.041561465710401535,,,,,,,0.043,,,,,,,,,,,
0.58,grasp,,,,,,,,,,,,,,,,,,,,,,,,,,,0.04217487573623657,,,,,,,0.043,,,,,,,,,,,
0.6,grasp,,,,,,,,,,,,,,,,,,,,,,,,,,,0.04259767197072506,,,,,,,0.043,,,,,,,,,,,
0.62,grasp,,,,,,,,,,,,,,,,,,,,,,,,,,,0.04285355843603611,,,,,,,0.043,,,,,,,,,,,
0.64,grasp,,,,,,,,,,,,,,,,,,,,,,,,,,,0.04297538846731186,,,,,,,0.043,,,,,,,,,,,
0.66,grasp,,,,,,,,,,,,,,,,,,,,,,,,,,,0.043005574494600296,,,,,,,0.043,,,,,,,,,,,
0.68,grasp,,,,,,,,,,,,,,,,,,,,,,,,,,,0.04299831949174404,,,,,,,0.043,,,,,,,,,,,
0.68,grasp,,,,,,,,,,,,,,,,,,,,,0.0006468713982030749,0.0010804375633597374,0.015514044091105461,0.012420128099620342,0.010909095406532288,0.010496261529624462,0.04299831949174404,0.0006475158734247088,0.0005456067156046629,0.0176029521971941,0.012440002523362637,0.010894975624978542,0.01049653347581625,,,,,,,,,,,,
0.7000000000000001,grasp,,,,,,,,,,,,,,,,,,,,,0.000646874017547816,0.0010849781101569533,0.01549662183970213,0.012419948354363441,0.010909824632108212,0.010496220551431179,0.04299831949174404,0.0006475158734247088,0.0005456067156046629,0.0176029521971941,0.012440002523362637,0.010894975624978542,0.01049653347581625,,,,,,,,,,,,
0.7200000000000001,grasp,,,,,,,,,,,,,,,,,,,,,0.0007712406804785132,0.0011381709482520819,0.015577116049826145,0.012375612743198872,0.010911580175161362,0.010495360009372234,0.04299831949174404,0.0009094510552092417,0.0006504752456432209,0.017788937663606154,0.012348758377478562,0.010894812258799881,0.010494877945594654,,,,,,,,,,,,
0.74,grasp,,,,,,,,,,,,,,,,,,,,,0.0008368754643015563,0.001165141467936337,0.015620579943060875,0.012352794408798218,0.010910392738878727,0.010494965128600597,0.04299831949174404,0.0009094510552092417,0.0006504752456432209,0.017788937663606154,0.012348758377478562,0.010894812258799881,0.010494877945594654,,,,,,,,,,,,
0.76,grasp,,,,,,,,,,,,,,,,,,,,,0.001716039259918034,0.0015182818751782179,0.016241006553173065,0.012044564820826054,0.010919746942818165,0.010489149019122124,0.04299831949174404,0.0026646750519288545,0.0013531971322234251,0.019035219696092877,0.011737324782283993,0.010893718435517858,0.010483784259133945,,,,,,,,,,,,
0.78,grasp,,,,,,,,,,,,,,,,,,,,,0.002172311535105109,0.0016993448371067643,0.016572684049606323,0.011885903775691986,0.01091026607900858,0.010486477985978127,0.04299831949174404,0.0026646750519288545,0.0013531971322234251,0.019035219696092877,0.011737324782283993,0.010893718435517858,0.010483784259133945,,,,,,,,,,,,
0.8,grasp,,,,,,,,,,,,,,,,,,,,,0.004601882770657539,0.0026725942734628916,0.01828656904399395,0.011037398129701614,0.010932949371635914,0.01047054398804903,0.04299831949174404,0.007203252264159888,0.0031702175579824267,0.02225779265992896,0.010156309963254135,0.010890889474231039,0.010455097879786556,,,,,,,,,,,,
0.8200000000000001,grasp,,,,,,,,,,,,,,,,,,,,,0.00586219085380435,0.0031673619523644447,0.019200986251235008,0.010600727051496506,0.010908219963312149,0.010463153012096882,0.04299831949174404,0.007203252264159888,0.0031702175579824267,0.02225779265992896,0.010156309963254135,0.010890889474231039,0.010455097879786556,,,,,,,,,,,,
0.8400000000000001,grasp,,,,,,,,,,,,,,,,,,,,,0.010573124513030052,0.0050589037127792835,0.022525135427713394,0.008956228382885456,0.010948526673018932,0.01043236069381237,0.04299831949174404,0.015604947446869664,0.006528519450804251,0.02822283400816945,0.007229641031317782,0.010885652511521494,0.0104019962097698,,,,,,,,,,,,
0.8600000000000001,grasp,,,,,,,,,,,,,,,,,,,,,0.013015869073569775,0.006018814630806446,0.024293428286910057,0.00810985267162323,0.010902932845056057,0.010417980141937733,0.04299831949174404,0.015604947446869664,0.006528519450804251,0.02822283400816945,0.007229641031317782,0.010885652511521494,0.0104019962097698,,,,,,,,,,,,
0.8800000000000001,grasp,,,,,,,,,,,,,,,,,,,,,0.020630614832043648,0.0090635996311903,0.029665838927030563,0.0054521444253623486,0.010964600369334221,0.01036830898374319,0.04299831949174404,0.02875500378248609,0.011754634479810977,0.037556260941194054,0.0026492827436634834,0.010877457735098564,0.010318890667713052,,,,,,,,,,,,
0.9,grasp,,,,,,,,,,,,,,,,,,,,,0.024577613919973373,0.010609922930598259,0.032519202679395676,0.004084237385541201,0.01089372206479311,0.010344993323087692,0.04299831949174404,0.02875500378248609,0.011754634479810977,0.037556260941194054,0.0026492827436634834,0.010877457735098564,0.010318890667713052,,,,,,,,,,,,
0.92,grasp,,,,,,,,,,,,,,,,,,,,,0.035601112991571426,0.014981969259679317,0.0402936190366745,0.00023743580095469952,0.010979732498526573,0.010273194871842861,0.04299831949174404,0.0473551611591949,0.019079487732011468,0.050751618966635215,-0.0038286095778406895,0.010865868776679246,0.010201360335357713,,,,,,,,,,,,
0.9400000000000001,grasp,,,,,,,,,,,,,,,,,,,,,0.04131355136632919,0.01720327138900757,0.044418204575777054,-0.0017425629775971174,0.0108801806345582,0.010239356197416782,0.04299831949174404,0.0473551611591949,0.019079487732011468,0.050751618966635215,-0.0038286095778406895,0.010865868776679246,0.010201360335357713,,,,,,,,,,,,
0.9600000000000001,grasp,,,,,,,,,,,,,,,,,,,,,0.05613667890429497,0.023014577105641365,0.05486629903316498,-0.006914347410202026,0.010992701165378094,0.010142919607460499,0.04299831949174404,0.07193604257257788,0.02863810056529667,0.06817849822883598,-0.01238799412803417,0.010850556765755468,0.010046066442613962,,,,,,,,,,,,
0.98,grasp,,,,,,,,,,,,,,,,,,,,,0.06381666660308838,0.025967838242650032,0.060404837131500244,-0.009576407261192799,0.01086207665503025,0.010097334161400795,0.04299831949174404,0.07193604257257788,0.02863810056529667,0.06817849822883598,-0.01238799412803417,0.010850556765755468,0.010046066442613962,,,,,,,,,,,,
1.0,grasp,,,,,,,,,,,,,,,,,,,,,0.08271094411611557,0.03330972045660019,0.0737171396613121,-0.01616780459880829,0.0110023757442832,0.009974527172744274,0.04299831949174404,0.10284418718271157,0.04055713146108391,0.0900824831862121,-0.023149681655017212,0.010831298034516636,0.009850807985329883,,,,,,,,,,,,
1.02,grasp,,,,,,,,,,,,,,,,,,,,,0.09249874204397202,0.037041690200567245,0.08076885342597961,-0.019560666754841805,0.01083927322179079,0.00991631019860506,0.04299831949174404,0.10284418718271157,0.04055713146108391,0.0900824831862121,-0.023149681655017212,0.010831298034516636,0.009850807985329883,,,,,,,,,,,,
1.04,grasp,,,,,,,,,,,,,,,,,,,,,0.11562708020210266,0.045975521206855774,0.09706080704927444,-0.027628619223833084,0.011007861234247684,0.009766110219061375,0.04299831949174404,0.14026713314556963,0.054913106423818685,0.11659768351206712,-0.03617929209581215,0.010807965833352242,0.009614384419799928,,,,,,,,,,,,
1.06,grasp,,,,,,,,,,,,,,,,,,,,,0.12760670483112335,0.05051787942647934,0.10568505525588989,-0.0317816361784935,0.01081180665642023,0.009694717824459076,0.04299831949174404,0.14026713314556963,0.054913106423818685,0.11659768351206712,-0.03617929209581215,0.010807965833352242,0.009614384419799928,,,,,,,,,,,,
1.08,grasp,,,,,,,,,,,,,,,,,,,,,0.1550348401069641,0.06106346473097801,0.12500347197055817,-0.041349127888679504,0.011008522473275661,0.00951671414077282,0.04299831949174404,0.18425145605555793,0.07171334560558247,0.14775686867434548,-0.051493053759857216,0.0107805264326047,0.00933650327203485,,,,,,,,,,,,
1.1,grasp,,,,,,,,,,,,,,,,,,,,,0.1692400574684143,0.06642673164606094,0.13522310554981232,-0.04627416655421257,0.01077979151159525,0.009431912563741207,0.04299831949174404,0.18425145605555793,0.07171334560558247,0.14775686867434548,-0.051493053759857216,0.0107805264326047,0.00933650327203485,,,,,,,,,,,,
1.12,grasp,,,,,,,,,,,,,,,,,,,,,0.2009420096874237,0.07857374101877213,0.15755042433738708,-0.057331956923007965,0.011003809981048107,0.009226315654814243,0.04299831949174404,0.23470707617637526,0.09092606115209545,0.18349642236605404,-0.06905944967707794,0.010749046432047327,0.00901775314035255,,,,,,,,,,,,
1.1400000000000001,grasp,,,,,,,,,,,,,,,,,,,,,0.21735911071300507,0.08475315570831299,0.16935396194458008,-0.06302431225776672,0.010743391700088978,0.009128144942224026,0.04299831949174404,0.23470707617637526,0.09092606115209545,0.18349642236605404,-0.06905944967707794,0.010749046432047327,0.00901775314035255,,,,,,,,,,,,
1.1600000000000001,grasp,,,,,,,,,,,,,,,,,,,,,0.25322654843330383,0.09845580905675888,0.1946139633655548,-0.07553454488515854,0.010993381962180138,0.008895699866116047,0.04299831949174404,0.2914242660341095,0.11246305049642269,0.22366680322957888,-0.08880538725094665,0.010713653995394236,0.008659462734274422,,,,,,,,,,,,
1.1800000000000002,grasp,,,,,,,,,,,,,,,,,,,,,0.2717990577220917,0.10542863607406616,0.20795896649360657,-0.08197478204965591,0.010702967643737793,0.008784478530287743,0.04299831949174404,0.2914242660341095,0.11246305049642269,0.22366680322957888,-0.08880538725094665,0.010713653995394236,0.008659462734274422,,,,,,,,,,,,
1.2000000000000002,grasp,,,,,,,,,,,,,,,,,,,,,0.31164607405662537,0.12061809003353119,0.23602129518985748,-0.09587261825799942,0.010976995341479778,0.008526399731636047,0.04299831949174404,0.3540784896311229,0.13620778511963816,0.26803790781778,-0.11061797898837553,0.010674543823939866,0.00826366436220203,,,,,,,,,,,,
1.2200000000000002,grasp,,,,,,,,,,,,,,,,,,,,,0.3322776257991791,0.1283496767282486,0.2508365213871002,-0.10302736610174179,0.010658711194992065,0.00840266328305006,0.04299831949174404,0.3540784896311229,0.13620778511963816,0.26803790781778,-0.11061797898837553,0.010674543823939866,0.00826366436220203,,,,,,,,,,,,
1.2400000000000002,grasp,,,,,,,,,,,,,,,,,,,,,0.3758508563041687,0.14492757618427277,0.2815229296684265,-0.11822425574064255,0.010954568162560463,0.008120601065456867,0.04299831949174404,0.4222479234221983,0.16199602899966492,0.31631011838287976,-0.1343501921771576,0.01063197792925153,0.007833012661073247,,,,,,,,,,,,
1.26,grasp,,,,,,,,,,,,,,,,,,,,,0.39841002225875854,0.15336844325065613,0.2977120578289032,-0.1260480135679245,0.010611072182655334,0.007985111325979233,0.04299831949174404,0.4222479234221983,0.16199602899966492,0.31631011838287976,-0.1343501921771576,0.01063197792925153,0.007833012661073247,,,,,,,,,,,,
1.28,grasp,,,,,,,,,,,,,,,,,,,,,0.4453941583633423,0.17121656239032745,0.33080047369003296,-0.14243371784687042,0.010926173068583012,0.0076811364851891994,0.04299831949174404,0.49541974413182316,0.1896383260308361,0.36812042627791824,-0.15982312699416634,0.010586282711373445,0.007370752508347465,,,,,,,,,,,,
1.3,grasp,,,,,,,,,,,,,,,,,,,,,0.4697175920009613,0.18030688166618347,0.34824472665786743,-0.15086978673934937,0.010560459457337856,0.007534859236329794,0.04299831949174404,0.49541974413182316,0.1896383260308361,0.36812042627791824,-0.15982312699416634,0.010586282711373445,0.007370752508347465,,,,,,,,,,,,
1.32,grasp,,,,,,,,,,,,,,,,,,,,,0.5197433233261108,0.1992868036031723,0.38347211480140686,-0.16849488019943237,0.010891921818256378,0.007211380172520876,0.04299831949174404,0.573004597161634,0.21891327624540874,0.4230512375665053,-0.18683115727977614,0.010537834033328464,0.00688064093168737,,,,,,,,,,,,
1.34,grasp,,,,,,,,,,,,,,,,,,,,,0.5456400513648987,0.20895522832870483,0.4020354747772217,-0.17738988995552063,0.010507172904908657,0.0070556169375777245,0.04299831949174404,0.573004597161634,0.21891327624540874,0.4230512375665053,-0.18683115727977614,0.010537834033328464,0.00688064093168737,,,,,,,,,,,,
1.36,grasp,,,,,,,,,,,,,,,,,,,,,0.5982916355133057,0.2289101928472519,0.43910881876945496,-0.19614024460315704,0.010802128352224827,0.006720864679664373,0.04299831949174404,0.6543470262818494,0.24957442780658115,0.480638271294336,-0.21514568671328996,0.010487044855242636,0.0063668412361111695,,,,,,,,,,,,
1.3800000000000001,grasp,,,,,,,,,,,,,,,,,,,,,0.6255490183830261,0.23907698690891266,0.4586378037929535,-0.20535947382450104,0.010400540195405483,0.006553121842443943,0.04299831949174404,0.6543470262818494,0.24957442780658115,0.480638271294336,-0.21514568671328996,0.010487044855242636,0.0063668412361111695,,,,,,,,,,,,
1.4,grasp,,,,,,,,,,,,,,,,,,,,,0.6803715229034424,0.2598356306552887,0.497238427400589,-0.2250145524740219,0.010731079615652561,0.0062031433917582035,0.04299831949174404,0.7387363451242814,0.28135539283493743,0.5403786193715034,-0.2445192561559909,0.0104343638018401,0.005833808444076541,,,,,,,,,,,,
1.42,grasp,,,,,,,,,,,,,,,,,,,,,0.708751916885376,0.2704136371612549,0.5175633430480957,-0.23447570204734802,0.010331612080335617,0.006028999108821154,0.04299831949174404,0.7387363451242814,0.28135539283493743,0.5403786193715034,-0.2445192561559909,0.0104343638018401,0.005833808444076541,,,,,,,,,,,,
1.44,grasp,,,,,,,,,,,,,,,,,,,,,0.7652633786201477,0.29179394245147705,0.5573503375053406,-0.25479695200920105,0.010668865405023098,0.00566768366843462,0.04299831949174404,0.8254176999003241,0.3139756840142302,0.6017384269281919,-0.27468910165035715,0.010380268721029495,0.005286306210690746,,,,,,,,,,,,
1.46,grasp,,,,,,,,,,,,,,,,,,,,,0.794512152671814,0.3026908040046692,0.5782902836799622,-0.2644459009170532,0.01027420163154602,0.005487642250955105,0.04299831949174404,0.8254176999003241,0.3139756840142302,0.6017384269281919,-0.27468910165035715,0.010380268721029495,0.005286306210690746,,,,,,,,,,,,
1.48,grasp,,,,,,,,,,,,,,,,,,,,,0.8522019386291504,0.3245011568069458,0.6189061403274536,-0.28517118096351624,0.01061187218874693,0.005119036417454481,0.04299831949174404,0.9136042868146227,0.3471415432912897,0.6641612652373126,-0.30538139940623205,0.010325257448473278,0.004729332264129588,,,,,,,,,,,,
1.5,grasp,,,,,,,,,,,,,,,,,,,,,0.8820570707321167,0.33561956882476807,0.6402708888053894,-0.29497450590133667,0.010217924602329731,0.004934959579259157,0.04299831949174404,0.9136042868146227,0.3471415432912897,0.6641612652373126,-0.30538139940623205,0.010325257448473278,0.004729332264129588,,,,,,,,,,,,
1.52,grasp,,,,,,,,,,,,,,,,,,,,,0.940396249294281,0.35766252875328064,0.6813467741012573,-0.31584304571151733,0.010554778389632702,0.004562134854495525,0.04299831949174404,1.002487641864133,0.3805512788617422,0.7270767733727967,-0.33631562114003316,0.010269823765939375,0.004167996636849137,,,,,,,,,,,,
1.54,grasp,,,,,,,,,,,,,,,,,,,,,0.9705869555473328,0.3689020574092865,0.7029405832290649,-0.3257736265659332,0.010160944424569607,0.00437599653378129,0.04299831949174404,1.002487641864133,0.3805512788617422,0.7270767733727967,-0.33631562114003316,0.010269823765939375,0.004167996636849137,,,,,,,,,,,,
1.56,grasp,,,,,,,,,,,,,,,,,,,,,1.0290383100509644,0.39097651839256287,0.7441011071205139,-0.34653571248054504,0.010496778413653374,0.004002217669039965,0.04299831949174404,1.0912497344056662,0.413899814674231,0.7899076273254689,-0.36720796437891384,0.010214475021428807,0.003607434240810411,,,,,,,,,,,,
1.58,grasp,,,,,,,,,,,,,,,,,,,,,1.0592889785766602,0.4022350013256073,0.7657259106636047,-0.3565634787082672,0.010103480890393257,0.003815846284851432,0.04299831949174404,1.0912497344056662,0.413899814674231,0.7899076273254689,-0.36720796437891384,0.010214475021428807,0.003607434240810411,,,,,,,,,,,,
1.6,grasp,,,,,,,,,,,,,,,,,,,,,1.1173127889633179,0.4241396188735962,0.8065940141677856,-0.377001017332077,0.01043836772441864,0.0034443815238773823,0.04299831949174404,1.179074581912856,0.44688302794626766,0.8520771532637921,-0.39777507825466146,0.010159730213437208,0.0030527464788988137,,,,,,,,,,,,
1.62,grasp,,,,,,,,,,,,,,,,,,,,,1.147348165512085,0.43531426787376404,0.8280505537986755,-0.3870784342288971,0.010045448318123817,0.003259650431573391,0.04299831949174404,1.179074581912856,0.44688302794626766,0.8520771532637921,-0.39777507825466146,0.010159730213437208,0.0030527464788988137,,,,,,,,,,,,
1.6400000000000001,grasp,,,,,,,,,,,,,,,,,,,,,1.2044122219085693,0.4568501114845276,0.8682523965835571,-0.40700340270996094,0.010378244332969189,0.002893923781812191,0.04299831949174404,1.2651590637970171,0.47920197874211723,0.9130177226189986,-0.4277386189707411,0.010106073718998238,0.002509031907192037,,,,,,,,,,,,
1.6600000000000001,grasp,,,,,,,,,,,,,,,,,,,,,1.2339571714401245,0.46783968806266785,0.8893454074859619,-0.4170621335506439,0.009989111684262753,0.0027124499902129173,0.04299831949174404,1.2651590637970171,0.47920197874211723,0.9130177226189986,-0.4277386189707411,0.010106073718998238,0.002509031907192037,,,,,,,,,,,,
1.6800000000000002,grasp,,,,,,,,,,,,,,,,,,,,,1.2895469665527344,0.4888134300708771,0.9285154342651367,-0.43635421991348267,0.01034474465996027,0.002352707786485553,0.04299831949174404,1.348724571409377,0.5105665397888526,0.9721789698217128,-0.4568284062571197,0.010053978831768165,0.0019812027329806337,,,,,,,,,,,,
1.7000000000000002,grasp,,,,,,,,,,,,,,,,,,,,,1.318328857421875,0.4995184540748596,0.9490545392036438,-0.4462868273258209,0.009967442601919174,0.002178335329517722,0.04299831949174404,1.348724571409377,0.5105665397888526,0.9721789698217128,-0.4568284062571197,0.010053978831768165,0.0019812027329806337,,,,,,,,,,,,
1.7200000000000002,grasp,,,,,,,,,,,,,,,,,,,,,1.371948480606079,0.5197439193725586,0.9868393540382385,-0.4649619162082672,0.010309483855962753,0.0018302823882550001,0.04299831949174404,1.4290286024053382,0.5406994666784488,1.0290355028031606,-0.48478629704034387,0.01000391478333882,0.0014738530824059458,,,,,,,,,,,,
1.7400000000000002,grasp,,,,,,,,,,,,,,,,,,,,,1.3997116088867188,0.5300689339637756,1.0066450834274292,-0.474579781293869,0.009942587465047836,0.001662466791458428,0.04299831949174404,1.4290286024053382,0.5406994666784488,1.0290355028031606,-0.48478629704034387,0.01000391478333882,0.0014738530824059458,,,,,,,,,,,,
1.7600000000000002,grasp,,,,,,,,,,,,,,,,,,,,,1.4508923292160034,0.5493711829185486,1.0427151918411255,-0.49242690205574036,0.010254211723804474,0.0013316981494426727,0.04299831949174404,1.505375097333942,0.569341900629515,1.0830949944206034,-0.5113713589345487,0.009956312709689344,0.000991440803450971,,,,,,,,,,,,
1.7800000000000002,grasp,,,,,,,,,,,,,,,,,,,,,1.4773945808410645,0.5592259764671326,1.0616153478622437,-0.5016184449195862,0.009901569224894047,0.0011708620004355907,0.04299831949174404,1.505375097333942,0.569341900629515,1.0830949944206034,-0.5113713589345487,0.009956312709689344,0.000991440803450971,,,,,,,,,,,,
1.8000000000000003,grasp,,,,,,,,,,,,,,,,,,,,,1.5257017612457275,0.5774425864219666,1.095666766166687,-0.5184724926948547,0.010190689004957676,0.0008591378573328257,0.04299831949174404,1.577125697177435,0.596257159206095,1.133907327212398,-0.5363620929264835,0.009911558683301175,0.0005379688325307753,,,,,,,,,,,,
1.8200000000000003,grasp,,,,,,,,,,,,,,,,,,,,,1.550718069076538,0.5867448449134827,1.1135023832321167,-0.527152955532074,0.009859147481620312,0.0007074563181959093,0.04299831949174404,1.577125697177435,0.596257159206095,1.133907327212398,-0.5363620929264835,0.009911558683301175,0.0005379688325307753,,,,,,,,,,,,
1.8399999999999999,grasp,,,,,,,,,,,,,,,,,,,,,1.5965217351913452,0.6032912731170654,1.1457387208938599,-0.5438135862350464,0.010148978792130947,0.00041152600897476077,0.04299831949174404,1.6452837646328349,0.6203193759166143,1.1820677496819139,-0.56149757371814,0.009901688684078995,0.00010716933961746413,,,,,,,,,,,,
1.8599999999999999,grasp,,,,,,,,,,,,,,,,,,,,,1.6202446222305298,0.6117318868637085,1.1626230478286743,-0.5523945689201355,0.009842556901276112,0.00026791912387125194,0.04299831949174404,1.6452837646328349,0.6203193759166143,1.1820677496819139,-0.56149757371814,0.009901688684078995,0.00010716933961746413,,,,,,,,,,,,
1.88,grasp,,,,,,,,,,,,,,,,,,,,,1.6400604248046875,0.639843761920929,1.1783074140548706,-0.5402368903160095,0.009435041807591915,0.0001387948141200468,0.04299831949174404,1.6610896702432498,0.6694184031607074,1.1967760808613306,-0.5272975070871135,0.008960864877669443,1.5321444999034156e-06,,,,,,,,,,,,
1.9,grasp,,,,,,,,,,,,,,,,,,,,,1.6502885818481445,0.6544948816299438,1.1863677501678467,-0.5339731574058533,0.009139357134699821,7.370833918685094e-05,0.04299831949174404,1.6610896702432498,0.6694184031607074,1.1967760808613306,-0.5272975070871135,0.008960864877669443,1.5321444999034156e-06,,,,,,,,,,,,
1.92,grasp,,,,,,,,,,,,,,,,,,,,,1.6549831628799438,0.6876364350318909,1.192183017730713,-0.5066378116607666,0.008478159084916115,3.948734956793487e-05,0.04299831949174404,1.6599458868448351,0.7226300024564902,1.2002277192106352,-0.47756960043856755,0.007831427993980011,1.8869079568992804e-06,,,,,,,,,,,,
1.94,grasp,,,,,,,,,,,,,,,,,,,,,1.6573952436447144,0.7049920558929443,1.1950713396072388,-0.4925555884838104,0.008149228058755398,2.166283411497716e-05,0.04299831949174404,1.6599458868448351,0.7226300024564902,1.2002277192106352,-0.47756960043856755,0.007831427993980011,1.8869079568992804e-06,,,,,,,,,,,,
1.96,grasp,,,,,,,,,,,,,,,,,,,,,1.6581484079360962,0.7366029620170593,1.1980801820755005,-0.4639786183834076,0.007505662739276886,1.2341646652203053e-05,0.04299831949174404,1.658949764490905,0.7696991553241607,1.203279085906679,-0.43359033230263355,0.006835895839782003,2.1261651515122457e-06,,,,,,,,,,,,
1.98,grasp,,,,,,,,,,,,,,,,,,,,,1.6585384607315063,0.7530558109283447,1.1995294094085693,-0.44925668835639954,0.0071761575527489185,7.50921617509448e-06,0.04299831949174404,1.658949764490905,0.7696991553241607,1.203279085906679,-0.43359033230263355,0.006835895839782003,2.1261651515122457e-06,,,,,,,,,,,,
2.0,grasp,,,,,,,,,,,,,,,,,,,,,1.6583257913589478,0.7811570167541504,1.2016246318817139,-0.42320582270622253,0.006591648329049349,5.04809486301383e-06,0.04299831949174404,1.6580881717130724,0.8104613626281976,1.2059207775131946,-0.3955017631153692,0.005974136491433376,2.333279233308347e-06,,,,,,,,,,,,
2.02,grasp,,,,,,,,,,,,,,,,,,,,,1.6582163572311401,0.7957711815834045,1.202602505683899,-0.4097854495048523,0.006291049066931009,3.766326472032233e-06,0.04299831949174404,1.6580881717130724,0.8104613626281976,1.2059207775131946,-0.3955017631153692,0.005974136491433376,2.333279233308347e-06,,,,,,,,,,,,
2.04,grasp,,,,,,,,,,,,,,,,,,,,,1.6578099727630615,0.8198639750480652,1.2042670249938965,-0.38728266954421997,0.005783814005553722,3.175138090227847e-06,0.04299831949174404,1.657360678387912,0.8448676836384118,1.2081534210040865,-0.36334922330155806,0.00524584672785522,2.508320012592419e-06,,,,,,,,,,,,
2.06,grasp,,,,,,,,,,,,,,,,,,,,,1.6575984954833984,0.8323872685432434,1.2050275802612305,-0.3756902813911438,0.0055229091085493565,2.8596821266546613e-06,0.04299831949174404,1.657360678387912,0.8448676836384118,1.2081534210040865,-0.36334922330155806,0.00524584672785522,2.508320012592419e-06,,,,,,,,,,,,
2.08,grasp,,,,,,,,,,,,,,,,,,,,,1.6572026014328003,0.8523826599121094,1.2063865661621094,-0.35696929693222046,0.005099085625261068,2.767875230347272e-06,0.04299831949174404,1.6567645655323866,0.8730029953190561,1.209984043105633,-0.3370542940863041,0.004648839663557477,2.6518112817651934e-06,,,,,,,,,,,,
2.1,grasp,,,,,,,,,,,,,,,,,,,,,1.6569963693618774,0.8627719283103943,1.2069991827011108,-0.34732502698898315,0.004881091881543398,2.7094033612229396e-06,0.04299831949174404,1.6567645655323866,0.8730029953190561,1.209984043105633,-0.3370542940863041,0.004648839663557477,2.6518112817651934e-06,,,,,,,,,,,,
2.12,grasp,,,,,,,,,,,,,,,,,,,,,1.6566637754440308,0.8787592053413391,1.208087682723999,-0.33234450221061707,0.004540381953120232,2.743250206549419e-06,0.04299831949174404,1.6562947644989197,0.8950966695575712,1.2114271856871561,-0.3164043164415771,0.004178296015258156,2.7649083838089817e-06,,,,,,,,,,,,
2.14,grasp,,,,,,,,,,,,,,,,,,,,,1.656490683555603,0.8870624899864197,1.2085751295089722,-0.3246273100376129,0.004365224391222,2.750379735516617e-06,0.04299831949174404,1.6562947644989197,0.8950966695575712,1.2114271856871561,-0.3164043164415771,0.004178296015258156,2.7649083838089817e-06,,,,,,,,,,,,
2.16,grasp,,,,,,,,,,,,,,,,,,,,,1.6562317609786987,0.8992501497268677,1.2094122171401978,-0.3132026195526123,0.004103964194655418,2.802627705023042e-06,0.04299831949174404,1.6559430689952164,0.9115323655639983,1.2125070940887694,-0.3010410390123822,0.003826258345213373,2.849524021470276e-06,,,,,,,,,,,,
2.18,grasp,,,,,,,,,,,,,,,,,,,,,1.65609610080719,0.9055773019790649,1.2097868919372559,-0.3073170781135559,0.003969688434153795,2.8209155971126165e-06,0.04299831949174404,1.6559430689952164,0.9115323655639983,1.2125070940887694,-0.3010410390123822,0.003826258345213373,2.849524021470276e-06,,,,,,,,,,,,
2.2,grasp,,,,,,,,,,,,,,,,,,,,,1.6559087038040161,0.9142868518829346,1.2103921175003052,-0.2991504371166229,0.0037815540563315153,2.8659433155553415e-06,0.04299831949174404,1.6556985080189237,0.9228598017538681,1.2132581140283571,-0.2904512247871032,0.003581508723017766,2.908353048076738e-06,,,,,,,,,,,,
2.22,grasp,,,,,,,,,,,,,,,,,,,,,1.6558104753494263,0.9188055396080017,1.2106643915176392,-0.2949433922767639,0.0036848478484898806,2.882754642996588e-06,0.04299831949174404,1.6556985080189237,0.9228598017538681,1.2132581140283571,-0.2904512247871032,0.003581508723017766,2.908353048076738e-06,,,,,,,,,,,,
2.24,grasp,,,,,,,,,,,,,,,,,,,,,1.6557468175888062,0.9244053363800049,1.211463212966919,-0.28962329030036926,0.0036429446190595627,-6.399296125891851e-06,0.04299831949174404,1.6555454960651408,0.9298036665896602,1.2137276619715751,-0.2839544554763722,0.0034285394647341544,2.945121881015144e-06,,,,,,,,,,,,
2.2600000000000002,grasp,,,,,,,,,,,,,,,,,,,,,1.6557018756866455,0.9273003935813904,1.2119364738464355,-0.28688138723373413,0.0036261212080717087,-1.0581907190498896e-05,0.04299831949174404,1.6555454960651408,0.9298036665896602,1.2137276619715751,-0.2839544554763722,0.0034285394647341544,2.945121881015144e-06,,,,,,,,,,,,
2.2800000000000002,grasp,,,,,,,,,,,,,,,,,,,,,1.65565025806427,0.9304594397544861,1.2123594284057617,-0.2838893532752991,0.0035661158617585897,-1.1375039321137592e-05,0.04299831949174404,1.655466851195956,0.9332798483117796,1.2139690171332622,-0.28069782976473123,0.003349925328618623,2.9640183083056224e-06,,,,,,,,,,,,
2.3000000000000003,grasp,,,,,,,,,,,,,,,,,,,,,1.6555712223052979,0.9321390986442566,1.2122910022735596,-0.28234991431236267,0.003540018107742071,-1.2710866030829493e-05,0.04299831949174404,1.655466851195956,0.9332798483117796,1.2139690171332622,-0.28069782976473123,0.003349925328618623,2.9640183083056224e-06,,,,,,,,,,,,
2.3200000000000003,grasp,,,,,,,,,,,,,,,,,,,,,1.65554940700531,0.9335058927536011,1.2125039100646973,-0.2810444235801697,0.0035301316529512405,-1.4798818483541254e-05,0.04299831949174404,1.6554412254988708,0.9344043114213009,1.2140476905193096,-0.2796439604495443,0.003324293551116784,2.970179476451527e-06,,,,,,,,,,,,
2.3400000000000003,grasp,,,,,,,,,,,,,,,,,,,,,1.6555404663085938,0.9342272281646729,1.2125108242034912,-0.2803727686405182,0.0035281286109238863,-1.5739926311653107e-05,0.04299831949174404,1.6554412254988708,0.9344043114213009,1.2140476905193096,-0.2796439604495443,0.003324293551116784,2.970179476451527e-06,,,,,,,,,,,,
2.3478616099525245,grasp,,,,,,,,,,,,,,,,,,,,,1.6555391550064087,0.9346337914466858,1.2126209735870361,-0.27998560667037964,0.0035379971377551556,-1.7828580894274637e-05,0.04299831949174404,1.6554392576217651,0.9344927668571472,1.2140538692474365,-0.27956104278564453,0.0033222748897969723,2.9706645818805555e-06,,,,,,,,,,,,
2.3478616099525245,grasp,,,,,,,,,,,,,,,,,,,,,,,,,,,0.04284454137086868,,,,,,,0.0,,,,,,,,,,,
2.3678616099525245,grasp,,,,,,,,,,,,,,,,,,,,,,,,,,,0.04282819479703903,,,,,,,0.0,,,,,,,,,,,
2.3878616099525245,grasp,,,,,,,,,,,,,,,,,,,,,,,,,,,0.04278519190847874,,,,,,,0.0,,,,,,,,,,,
2.4078616099525245,grasp,,,,,,,,,,,,,,,,,,,,,,,,,,,0.04266858845949173,,,,,,,0.0,,,,,,,,,,,
2.4278616099525245,grasp,,,,,,,,,,,,,,,,,,,,,,,,,,,0.04245057515799999,,,,,,,0.0,,,,,,,,,,,
2.4478616099525246,grasp,,,,,,,,,,,,,,,,,,,,,,,,,,,0.04214094951748848,,,,,,,0.0,,,,,,,,,,,
2.4678616099525246,grasp,,,,,,,,,,,,,,,,,,,,,,,,,,,0.04171253554522991,,,,,,,0.0,,,,,,,,,,,
2.4878616099525246,grasp,,,,,,,,,,,,,,,,,,,,,,,,,,,0.041118668392300606,,,,,,,0.0,,,,,,,,,,,
2.5078616099525246,grasp,,,,,,,,,,,,,,,,,,,,,,,,,,,0.040207600221037865,,,,,,,0.0,,,,,,,,,,,
2.5278616099525246,grasp,,,,,,,,,,,,,,,,,,,,,,,,,,,0.03833198733627796,,,,,,,0.0,,,,,,,,,,,
2.5478616099525246,grasp,,,,,,,,,,,,,,,,,,,,,,,,,,,0.038259049877524376,,,,,,,0.0,,,,,,,,,,,
2.5678616099525247,grasp,,,,,,,,,,,,,,,,,,,,,,,,,,,0.03820307180285454,,,,,,,0.0,,,,,,,,,,,
2.5878616099525242,grasp,,,,,,,,,,,,,,,,,,,,,,,,,,,0.03811062313616276,,,,,,,0.0,,,,,,,,,,,
2.6078616099525247,grasp,,,,,,,,,,,,,,,,,,,,,,,,,,,0.0379756074398756,,,,,,,0.0,,,,,,,,,,,
2.6278616099525243,grasp,,,,,,,,,,,,,,,,,,,,,,,,,,,0.03788284957408905,,,,,,,0.0,,,,,,,,,,,
2.6478616099525243,grasp,,,,,,,,,,,,,,,,,,,,,,,,,,,0.037817208096385,,,,,,,0.0,,,,,,,,,,,
2.6678616099525243,grasp,,,,,,,,,,,,,,,,,,,,,,,,,,,0.03778470680117607,,,,,,,0.0,,,,,,,,,,,
2.6878616099525243,grasp,,,,,,,,,,,,,,,,,,,,,,,,,,,0.037752315402030945,,,,,,,0.0,,,,,,,,,,,
2.7078616099525243,grasp,,,,,,,,,,,,,,,,,,,,,,,,,,,0.03763286583125591,,,,,,,0.0,,,,,,,,,,,
2.7278616099525244,grasp,,,,,,,,,,,,,,,,,,,,,,,,,,,0.03742184303700924,,,,,,,0.0,,,,,,,,,,,
2.7478616099525244,grasp,,,,,,,,,,,,,,,,,,,,,,,,,,,0.03718810714781284,,,,,,,0.0,,,,,,,,,,,
2.7678616099525244,grasp,,,,,,,,,,,,,,,,,,,,,,,,,,,0.03693474642932415,,,,,,,0.0,,,,,,,,,,,
2.7878616099525244,grasp,,,,,,,,,,,,,,,,,,,,,,,,,,,0.036692140623927116,,,,,,,0.0,,,,,,,,,,,
2.8078616099525244,grasp,,,,,,,,,,,,,,,,,,,,,,,,,,,0.03649242967367172,,,,,,,0.0,,,,,,,,,,,
2.8278616099525244,grasp,,,,,,,,,,,,,,,,,,,,,,,,,,,0.03643217124044895,,,,,,,0.0,,,,,,,,,,,
2.8478616099525245,grasp,,,,,,,,,,,,,,,,,,,,,,,,,,,0.036412233486771584,,,,,,,0.0,,,,,,,,,,,
2.8678616099525245,grasp,,,,,,,,,,,,,,,,,,,,,,,,,,,0.036395078524947166,,,,,,,0.0,,,,,,,,,,,
2.8878616099525245,grasp,,,,,,,,,,,,,,,,,,,,,,,,,,,0.0362666267901659,,,,,,,0.0,,,,,,,,,,,
2.9078616099525245,grasp,,,,,,,,,,,,,,,,,,,,,,,,,,,0.03619816713035107,,,,,,,0.0,,,,,,,,,,,
2.9278616099525245,grasp,,,,,,,,,,,,,,,,,,,,,,,,,,,0.03618905134499073,,,,,,,0.0,,,,,,,,,,,
2.9478616099525246,grasp,,,,,,,,,,,,,,,,,,,,,,,,,,,0.036182377487421036,,,,,,,0.0,,,,,,,,,,,
2.9678616099525246,grasp,,,,,,,,,,,,,,,,,,,,,,,,,,,0.0361779760569334,,,,,,,0.0,,,,,,,,,,,
2.9878616099525246,grasp,,,,,,,,,,,,,,,,,,,,,,,,,,,0.03617561608552933,,,,,,,0.0,,,,,,,,,,,
3.0078616099525246,grasp,,,,,,,,,,,,,,,,,,,,,,,,,,,0.03617461957037449,,,,,,,0.0,,,,,,,,,,,
3.0278616099525246,grasp,,,,,,,,,,,,,,,,,,,,,,,,,,,0.03617455065250397,,,,,,,0.0,,,,,,,,,,,
3.0278616099525246,grasp,,,,,,,,,,,,,,,,,,,,,1.6553564071655273,0.9347372055053711,1.2145739793777466,-0.2795560359954834,0.0034190677106380463,0.00714207673445344,0.03617455065250397,1.6554392576217651,0.9344927668571472,1.2140538692474365,-0.27956104278564453,0.0033222748897969723,2.9706645818805555e-06,,,,,,,,,,,,
3.0478616099525246,grasp,,,,,,,,,,,,,,,,,,,,,1.6553633213043213,0.9347285032272339,1.2145577669143677,-0.2795562148094177,0.0034118203911930323,0.00684279203414917,0.03617455065250397,1.6554392576217651,0.9344927668571472,1.2140538692474365,-0.27956104278564453,0.0033222748897969723,2.9706645818805555e-06,,,,,,,,,,,,
3.0678616099525247,grasp,,,,,,,,,,,,,,,,,,,,,1.655369520187378,0.9346637725830078,1.2145249843597412,-0.27961617708206177,0.0034070962574332952,0.006688626948744059,0.03617455065250397,1.6554421665975572,0.934361428882132,1.2140446991514948,-0.2796841612989561,0.003325272299059235,2.9699443061051885e-06,,,,,,,,,,,,
3.0878616099525247,grasp,,,,,,,,,,,,,,,,,,,,,1.6553736925125122,0.9346312880516052,1.2145062685012817,-0.2796470522880554,0.0034034126438200474,0.006609255447983742,0.03617455065250397,1.6554421665975572,0.934361428882132,1.2140446991514948,-0.2796841612989561,0.003325272299059235,2.9699443061051885e-06,,,,,,,,,,,,
3.1078616099525247,grasp,,,,,,,,,,,,,,,,,,,,,1.6553858518600464,0.9342068433761597,1.2143280506134033,-0.280068039894104,0.0034123780205845833,0.006568356417119503,0.03617455065250397,1.6554624793179014,0.9334724854794704,1.2139824412900384,-0.2805173252567442,0.003345552889073409,2.9650692952735416e-06,,,,,,,,,,,,
3.1278616099525247,grasp,,,,,,,,,,,,,,,,,,,,,1.6553925275802612,0.9339908361434937,1.214227557182312,-0.28028494119644165,0.0034125298261642456,0.006547741591930389,0.03617455065250397,1.6554624793179014,0.9334724854794704,1.2139824412900384,-0.2805173252567442,0.003345552889073409,2.9650692952735416e-06,,,,,,,,,,,,
3.1478616099525247,grasp,,,,,,,,,,,,,,,,,,,,,1.6554290056228638,0.9328173398971558,1.213773488998413,-0.2814543843269348,0.003424928290769458,0.006538032554090023,0.03617455065250397,1.6555152117000522,0.9311503293962164,1.2138205819465755,-0.2826932490282514,0.003398273462129773,2.9523969351544995e-06,,,,,,,,,,,,
3.1678616099525247,grasp,,,,,,,,,,,,,,,,,,,,,1.6554417610168457,0.9321913123130798,1.21349036693573,-0.28205737471580505,0.0034130036365240812,0.006516605615615845,0.03617455065250397,1.6555152117000522,0.9311503293962164,1.2138205819465755,-0.2826932490282514,0.003398273462129773,2.9523969351544995e-06,,,,,,,,,,,,
3.1878616099525248,grasp,,,,,,,,,,,,,,,,,,,,,1.655537724494934,0.9298716187477112,1.2119163274765015,-0.28435268998146057,0.0034022245090454817,0.006488331593573093,0.03617455065250397,1.6556123496072948,0.9268037922807943,1.2135225704213302,-0.28676266539740736,0.0034953454819322653,2.929063674048939e-06,,,,,,,,,,,,
3.207861609952525,grasp,,,,,,,,,,,,,,,,,,,,,1.655564785003662,0.9287589192390442,1.2119323015213013,-0.28552886843681335,0.003471537958830595,0.0064576053991913795,0.03617455065250397,1.6556123496072948,0.9268037922807943,1.2135225704213302,-0.28676266539740736,0.0034953454819322653,2.929063674048939e-06,,,,,,,,,,,,
3.227861609952525,grasp,,,,,,,,,,,,,,,,,,,,,1.6556371450424194,0.9248322248458862,1.2117172479629517,-0.2892533540725708,0.0036647797096520662,0.006429433356970549,0.03617455065250397,1.6557622949648925,0.9199226939083045,1.213062272374084,-0.2931975253811532,0.0036453241566072048,2.893014069454823e-06,,,,,,,,,,,,
3.247861609952525,grasp,,,,,,,,,,,,,,,,,,,,,1.6556583642959595,0.9227949976921082,1.211605429649353,-0.291172057390213,0.003835643408820033,0.006402870640158653,0.03617455065250397,1.6557622949648925,0.9199226939083045,1.213062272374084,-0.2931975253811532,0.0036453241566072048,2.893014069454823e-06,,,,,,,,,,,,
3.267861609952525,grasp,,,,,,,,,,,,,,,,,,,,,1.6557986736297607,0.9170334935188293,1.2111910581588745,-0.2966219186782837,0.004049506038427353,0.006383802741765976,0.03617455065250397,1.6559742002816276,0.9100796277803704,1.2124114968070032,-0.30239902118677303,0.003857416887091443,2.8420347250049773e-06,,,,,,,,,,,,
3.2878616099525244,grasp,,,,,,,,,,,,,,,,,,,,,1.655861496925354,0.9140236973762512,1.2109004259109497,-0.2994304597377777,0.004144648555666208,0.00637141102924943,0.03617455065250397,1.6559742002816276,0.9100796277803704,1.2124114968070032,-0.30239902118677303,0.003857416887091443,2.8420347250049773e-06,,,,,,,,,,,,
3.307861609952525,grasp,,,,,,,,,,,,,,,,,,,,,1.656058430671692,0.9061217904090881,1.2102681398391724,-0.30684101581573486,0.00425719004124403,0.006360604893416166,0.03617455065250397,1.656255762686882,0.896922618152662,1.2115469070877094,-0.3146975682854945,0.004139256934286723,2.7742917077215416e-06,,,,,,,,,,,,
3.3278616099525244,grasp,,,,,,,,,,,,,,,,,,,,,1.6561559438705444,0.9019494652748108,1.209824562072754,-0.3106602728366852,0.004251526203006506,0.006356050726026297,0.03617455065250397,1.656255762686882,0.896922618152662,1.2115469070877094,-0.3146975682854945,0.004139256934286723,2.7742917077215416e-06,,,,,,,,,,,,
3.3478616099525245,grasp,,,,,,,,,,,,,,,,,,,,,1.6564056873321533,0.8918106555938721,1.2087018489837646,-0.32022175192832947,0.00432972889393568,0.006356412544846535,0.03617455065250397,1.6566123649174336,0.8801705219540642,1.2104514529010884,-0.3303552248579432,0.004496405028507301,2.688449305085735e-06,,,,,,,,,,,,
3.3678616099525245,grasp,,,,,,,,,,,,,,,,,,,,,1.6564979553222656,0.8865125179290771,1.20807945728302,-0.325148344039917,0.00443763192743063,0.00635052053257823,0.03617455065250397,1.6566123649174336,0.8801705219540642,1.2104514529010884,-0.3303552248579432,0.004496405028507301,2.688449305085735e-06,,,,,,,,,,,,
3.3878616099525245,grasp,,,,,,,,,,,,,,,,,,,,,1.6567543745040894,0.8738540410995483,1.207181692123413,-0.33700132369995117,0.004730320069938898,0.006337292958050966,0.03617455065250397,1.6570485420255399,0.8596110522574434,1.209112012277508,-0.3495705672390588,0.0049332345075786726,2.583456404049116e-06,,,,,,,,,,,,
3.4078616099525245,grasp,,,,,,,,,,,,,,,,,,,,,1.656882882118225,0.8672731518745422,1.2066125869750977,-0.3431086242198944,0.004910610616207123,0.006327585317194462,0.03617455065250397,1.6570485420255399,0.8596110522574434,1.209112012277508,-0.3495705672390588,0.0049332345075786726,2.583456404049116e-06,,,,,,,,,,,,
3.4278616099525245,grasp,,,,,,,,,,,,,,,,,,,,,1.6572357416152954,0.8520698547363281,1.2056217193603516,-0.3573623597621918,0.005125559400767088,0.006320108659565449,0.03617455065250397,1.6575674029530043,0.8350961904544706,1.2075188324005421,-0.3724809711961222,0.005452832305089241,2.4585715523285554e-06,,,,,,,,,,,,
3.4478616099525246,grasp,,,,,,,,,,,,,,,,,,,,,1.657391905784607,0.8441395163536072,1.2052054405212402,-0.36470475792884827,0.0052935839630663395,0.006314906291663647,0.03617455065250397,1.6575674029530043,0.8350961904544706,1.2075188324005421,-0.3724809711961222,0.005452832305089241,2.4585715523285554e-06,,,,,,,,,,,,
3.4678616099525246,grasp,,,,,,,,,,,,,,,,,,,,,1.6577643156051636,0.8262911438941956,1.2040373086929321,-0.381425142288208,0.005681355483829975,0.006312883459031582,0.03617455065250397,1.6581710753682464,0.8065392829861752,1.2056664618948936,-0.39916677093624364,0.006057086810271033,2.3133427899374898e-06,,,,,,,,,,,,
3.4878616099525246,grasp,,,,,,,,,,,,,,,,,,,,,1.657962441444397,0.8169936537742615,1.2035167217254639,-0.3900390565395355,0.005867168307304382,0.006312433630228043,0.03617455065250397,1.6581710753682464,0.8065392829861752,1.2056664618948936,-0.39916677093624364,0.006057086810271033,2.3133427899374898e-06,,,,,,,,,,,,
3.5078616099525246,grasp,,,,,,,,,,,,,,,,,,,,,1.6583926677703857,0.7964816689491272,1.2021583318710327,-0.4092579782009125,0.006307455711066723,0.006311582867056131,0.03617455065250397,1.658860725354789,0.7739114226520054,1.2035520254843888,-0.42965447538534635,0.006746860322610997,2.1475634798382625e-06,,,,,,,,,,,,
3.5278616099525246,grasp,,,,,,,,,,,,,,,,,,,,,1.6586180925369263,0.7857954502105713,1.2015354633331299,-0.419158935546875,0.006529434584081173,0.006311546079814434,0.03617455065250397,1.658860725354789,0.7739114226520054,1.2035520254843888,-0.42965447538534635,0.006746860322610997,2.1475634798382625e-06,,,,,,,,,,,,
3.5478616099525246,grasp,,,,,,,,,,,,,,,,,,,,,1.6591081619262695,0.7626203894615173,1.2000088691711426,-0.4408726990222931,0.007019400596618652,0.006311087403446436,0.03617455065250397,1.6596365032368023,0.7372381897190602,1.2011752320945792,-0.46392048937336816,0.007522274977325606,1.9612061930225813e-06,,,,,,,,,,,,
3.5678616099525247,grasp,,,,,,,,,,,,,,,,,,,,,1.6593608856201172,0.7505455613136292,1.1992886066436768,-0.45205897092819214,0.007275909185409546,0.006311142351478338,0.03617455065250397,1.6596365032368023,0.7372381897190602,1.2011752320945792,-0.46392048937336816,0.007522274977325606,1.9612061930225813e-06,,,,,,,,,,,,
3.5878616099525247,grasp,,,,,,,,,,,,,,,,,,,,,1.6599098443984985,0.7247454524040222,1.1976029872894287,-0.47623252868652344,0.007818018086254597,0.006310717668384314,0.03617455065250397,1.6604983127186759,0.6965962302947223,1.1985365282215064,-0.5018945067149264,0.008383256375085604,1.7542899819541695e-06,,,,,,,,,,,,
3.6078616099525247,grasp,,,,,,,,,,,,,,,,,,,,,1.660190463066101,0.7113001346588135,1.1967802047729492,-0.4886862337589264,0.008108136244118214,0.006310786586254835,0.03617455065250397,1.6604983127186759,0.6965962302947223,1.1985365282215064,-0.5018945067149264,0.008383256375085604,1.7542899819541695e-06,,,,,,,,,,,,
3.6278616099525247,grasp,,,,,,,,,,,,,,,,,,,,,1.6609700918197632,0.682845413684845,1.1950496435165405,-0.5154703259468079,0.008713958784937859,0.00630907341837883,0.03617455065250397,1.6618087615512354,0.651900949599857,1.1958568442588315,-0.5439066480172324,0.009339457016305138,-7.106229417152491e-07,,,,,,,,,,,,
3.6478616099525247,grasp,,,,,,,,,,,,,,,,,,,,,1.6613720655441284,0.6680117249488831,1.1941767930984497,-0.5292693376541138,0.009030738845467567,0.006308817304670811,0.03617455065250397,1.6618087615512354,0.651900949599857,1.1958568442588315,-0.5439066480172324,0.009339457016305138,-7.106229417152491e-07,,,,,,,,,,,,
3.6678616099525247,grasp,,,,,,,,,,,,,,,,,,,,,1.6499474048614502,0.6442651748657227,1.1845108270645142,-0.5430973172187805,0.008988643065094948,0.006396537180989981,0.03617455065250397,1.6374928494527587,0.6185045888691394,1.1766367459110736,-0.5577627660568029,0.009882812113833074,0.0001563034083697338,,,,,,,,,,,,
3.6878616099525248,grasp,,,,,,,,,,,,,,,,,,,,,1.6437690258026123,0.6319871544837952,1.179374098777771,-0.550218939781189,0.00986875407397747,0.00641257781535387,0.03617455065250397,1.6374928494527587,0.6185045888691394,1.1766367459110736,-0.5577627660568029,0.009882812113833074,0.0001563034083697338,,,,,,,,,,,,
3.707861609952525,grasp,,,,,,,,,,,,,,,,,,,,,1.61500084400177,0.6160800457000732,1.1585228443145752,-0.5446419715881348,0.008856712840497494,0.006614386569708586,0.03617455065250397,1.5837885690879476,0.5987565059829135,1.1386264593443518,-0.5386831782942971,0.009907401533364614,0.0004958462539684299,,,,,,,,,,,,
3.727861609952525,grasp,,,,,,,,,,,,,,,,,,,,,1.5995585918426514,0.6079762578010559,1.14744234085083,-0.541765034198761,0.010344141162931919,0.006660245358943939,0.03617455065250397,1.5837885690879476,0.5987565059829135,1.1386264593443518,-0.5386831782942971,0.009907401533364614,0.0004958462539684299,,,,,,,,,,,,
3.7478616099525244,grasp,,,,,,,,,,,,,,,,,,,,,1.564803957939148,0.59344881772995,1.1225981712341309,-0.530723512172699,0.008952733129262924,0.006912294775247574,0.03617455065250397,1.52715967615555,0.5775139763785558,1.0985214852067882,-0.5189583766281421,0.009942726274305848,0.000853778497551246,,,,,,,,,,,,
3.767861609952525,grasp,,,,,,,,,,,,,,,,,,,,,1.5462088584899902,0.5860387086868286,1.1094508171081543,-0.5250328183174133,0.010544002056121826,0.006978949997574091,0.03617455065250397,1.52715967615555,0.5775139763785558,1.0985214852067882,-0.5189583766281421,0.009942726274305848,0.000853778497551246,,,,,,,,,,,,
3.7878616099525244,grasp,,,,,,,,,,,,,,,,,,,,,1.5083855390548706,0.5712973475456238,1.0825544595718384,-0.5120255351066589,0.009036675095558167,0.007250680588185787,0.03617455065250397,1.4674750249075321,0.5551236632639559,1.056257987583024,-0.49817320761835854,0.009979944747683626,0.0012309235123331179,,,,,,,,,,,,
3.807861609952525,grasp,,,,,,,,,,,,,,,,,,,,,1.4881988763809204,0.5637766122817993,1.0683144330978394,-0.5053237080574036,0.010648773051798344,0.007330955937504768,0.03617455065250397,1.4674750249075321,0.5551236632639559,1.056257987583024,-0.49817320761835854,0.009979944747683626,0.0012309235123331179,,,,,,,,,,,,
3.8278616099525244,grasp,,,,,,,,,,,,,,,,,,,,,1.4482345581054688,0.5484741926193237,1.0399566888809204,-0.4913334250450134,0.00907877180725336,0.007625068072229624,0.03617455065250397,1.4050483503661209,0.5317019329606022,1.0120566441307564,-0.4764371170541688,0.01001886507749494,0.0016253694640298506,,,,,,,,,,,,
3.847861609952525,grasp,,,,,,,,,,,,,,,,,,,,,1.4269429445266724,0.5406639575958252,1.024944543838501,-0.4841257929801941,0.010718027129769325,0.007703515700995922,0.03617455065250397,1.4050483503661209,0.5317019329606022,1.0120566441307564,-0.4764371170541688,0.01001886507749494,0.0016253694640298506,,,,,,,,,,,,
3.8678616099525245,grasp,,,,,,,,,,,,,,,,,,,,,1.385245442390442,0.5247712135314941,0.9953432083129883,-0.46947041153907776,0.009094648994505405,0.008000359870493412,0.03617455065250397,1.3402194567570225,0.5073748438379899,0.9661573866858381,-0.45386750721633395,0.010059281070651478,0.002034931851002544,,,,,,,,,,,,
3.8878616099525245,grasp,,,,,,,,,,,,,,,,,,,,,1.3630542755126953,0.5166557431221008,0.9797037243843079,-0.4619205892086029,0.01081092655658722,0.00808872003108263,0.03617455065250397,1.3402194567570225,0.5073748438379899,0.9661573866858381,-0.45386750721633395,0.010059281070651478,0.002034931851002544,,,,,,,,,,,,
3.9078616099525245,grasp,,,,,,,,,,,,,,,,,,,,,1.3199169635772705,0.5002331137657166,0.9491035342216492,-0.4467449188232422,0.009140932001173496,0.00840690452605486,0.03617455065250397,1.2733501974019017,0.4822767814931789,0.918816520794268,-0.43058985725880516,0.010100967439170523,0.002457296902586179,,,,,,,,,,,,
3.9278616099525245,grasp,,,,,,,,,,,,,,,,,,,,,1.2969722747802734,0.4918491244316101,0.9329245090484619,-0.43892785906791687,0.01090965885668993,0.008503209799528122,0.03617455065250397,1.2733501974019017,0.4822767814931789,0.918816520794268,-0.43058985725880516,0.010100967439170523,0.002457296902586179,,,,,,,,,,,,
3.9478616099525246,grasp,,,,,,,,,,,,,,,,,,,,,1.252652883529663,0.4749736785888672,0.9014432430267334,-0.4233348071575165,0.009154761210083961,0.008826127275824547,0.03617455065250397,1.2048210772334238,0.45655007655675495,0.8703031519106224,-0.406736404801528,0.010143683497679407,0.0028901288821013018,,,,,,,,,,,,
3.9678616099525246,grasp,,,,,,,,,,,,,,,,,,,,,1.2290934324264526,0.4663718044757843,0.8848703503608704,-0.41530299186706543,0.010960004292428493,0.008910704404115677,0.03617455065250397,1.2048210772334238,0.45655007655675495,0.8703031519106224,-0.406736404801528,0.010143683497679407,0.0028901288821013018,,,,,,,,,,,,
3.9878616099525246,grasp,,,,,,,,,,,,,,,,,,,,,1.1838459968566895,0.44914522767066956,0.8528006076812744,-0.3993855118751526,0.009165843017399311,0.009229949675500393,0.03617455065250397,1.1350277869675032,0.4303426662256074,0.8208968869420893,-0.38244453442816545,0.01018718376925595,0.0033309461775438026,,,,,,,,,,,,
4.007861609952524,grasp,,,,,,,,,,,,,,,,,,,,,1.1598049402236938,0.4403572380542755,0.8358392119407654,-0.39118826389312744,0.010991598479449749,0.009311546571552753,0.03617455065250397,1.1350277869675032,0.4303426662256074,0.8208968869420893,-0.38244453442816545,0.01018718376925595,0.0033309461775438026,,,,,,,,,,,,
4.027861609952525,grasp,,,,,,,,,,,,,,,,,,,,,1.1138995885849,0.42287781834602356,0.8032848834991455,-0.37504103779792786,0.009158767759799957,0.009640499949455261,0.03617455065250397,1.0643776164822139,0.4038052441777796,0.770885837093053,-0.35785545677733777,0.010231229758028496,0.0037771439300175865,,,,,,,,,,,,
4.047861609952525,grasp,,,,,,,,,,,,,,,,,,,,,1.0895107984542847,0.413959801197052,0.7860735058784485,-0.36672577261924744,0.011084351688623428,0.009736315347254276,0.03617455065250397,1.0643776164822139,0.4038052441777796,0.770885837093053,-0.35785545677733777,0.010231229758028496,0.0037771439300175865,,,,,,,,,,,,
4.067861609952525,grasp,,,,,,,,,,,,,,,,,,,,,1.0432169437408447,0.3963286876678467,0.7532417178153992,-0.3504423201084137,0.009215779602527618,0.010079427622258663,0.03617455065250397,0.9932852663820674,0.3770933117142856,0.7205628704749889,-0.3331128893829888,0.010275562559826376,0.004226112003400616,,,,,,,,,,,,
4.087861609952524,grasp,,,,,,,,,,,,,,,,,,,,,1.0186344385147095,0.3873350918292999,0.7359064817428589,-0.3420577347278595,0.011137635447084904,0.010180105455219746,0.03617455065250397,0.9932852663820674,0.3770933117142856,0.7205628704749889,-0.3331128893829888,0.010275562559826376,0.004226112003400616,,,,,,,,,,,,
4.107861609952525,grasp,,,,,,,,,,,,,,,,,,,,,0.9722173810005188,0.36965277791023254,0.702990710735321,-0.3257339298725128,0.009269079193472862,0.010525769554078579,0.03617455065250397,0.9221695691561088,0.3503619026078694,0.6702241417884742,-0.308362396856006,0.010319915198020104,0.004675237129545866,,,,,,,,,,,,
4.127861609952525,grasp,,,,,,,,,,,,,,,,,,,,,0.9475834369659424,0.3606356680393219,0.6856094002723694,-0.3173293173313141,0.01118727121502161,0.01062779501080513,0.03617455065250397,0.9221695691561088,0.3503619026078694,0.6702241417884742,-0.308362396856006,0.010319915198020104,0.004675237129545866,,,,,,,,,,,,
4.147861609952525,grasp,,,,,,,,,,,,,,,,,,,,,0.9013203382492065,0.3430062532424927,0.652809202671051,-0.30106112360954285,0.009321857243776321,0.01097286306321621,0.03617455065250397,0.8514494257910957,0.323768294898892,0.6201652005671776,-0.2837492883466699,0.010364027416622032,0.00512188833509552,,,,,,,,,,,,
4.167861609952524,grasp,,,,,,,,,,,,,,,,,,,,,0.876777708530426,0.33401843905448914,0.6354836225509644,-0.2926858961582184,0.011233353056013584,0.011074808426201344,0.03617455065250397,0.8514494257910957,0.323768294898892,0.6201652005671776,-0.2837492883466699,0.010364027416622032,0.00512188833509552,,,,,,,,,,,,
4.187861609952525,grasp,,,,,,,,,,,,,,,,,,,,,0.8309425711631775,0.31654468178749084,0.6029906868934631,-0.2765684723854065,0.009378586895763874,0.01141700055450201,0.03617455065250397,0.7815408318238284,0.2974665074535348,0.5706793166171323,-0.25941774703528037,0.010407648101760921,0.005563441322535837,,,,,,,,,,,,
4.207861609952524,grasp,,,,,,,,,,,,,,,,,,,,,0.8066341280937195,0.3076381981372833,0.5858230590820312,-0.26827168464660645,0.011274289339780807,0.011517941020429134,0.03617455065250397,0.7815408318238284,0.2974665074535348,0.5706793166171323,-0.25941774703528037,0.010407648101760921,0.005563441322535837,,,,,,,,,,,,
4.227861609952525,grasp,,,,,,,,,,,,,,,,,,,,,0.7614958882331848,0.29042163491249084,0.5538274049758911,-0.25239938497543335,0.009440622292459011,0.011855198070406914,0.03617455065250397,0.7128515997417451,0.2716100560482412,0.5220548180403829,-0.2355096643739149,0.010450521298765057,0.00599730595778539,,,,,,,,,,,,
4.247861609952524,grasp,,,,,,,,,,,,,,,,,,,,,0.7375627756118774,0.2816486060619354,0.5369167327880859,-0.24422945082187653,0.011309783905744553,0.01195455901324749,0.03617455065250397,0.7128515997417451,0.2716100560482412,0.5220548180403829,-0.2355096643739149,0.010450521298765057,0.00599730595778539,,,,,,,,,,,,
4.267861609952525,grasp,,,,,,,,,,,,,,,,,,,,,0.6933841705322266,0.2647877633571625,0.5056031942367554,-0.22869440913200378,0.009507534094154835,0.012284857220947742,0.03617455065250397,0.6457793417817814,0.24634546854157124,0.4745727794235148,-0.21216338300499243,0.010492394244507297,0.006420958268845253,,,,,,,,,,,,
4.287861609952524,grasp,,,,,,,,,,,,,,,,,,,,,0.6699644923210144,0.25619837641716003,0.48904889822006226,-0.22069858014583588,0.011339409276843071,0.012382004410028458,0.03617455065250397,0.6457793417817814,0.24634546854157124,0.4745727794235148,-0.21216338300499243,0.010492394244507297,0.006420958268845253,,,,,,,,,,,,
4.307861609952525,grasp,,,,,,,,,,,,,,,,,,,,,0.6269996762275696,0.23978930711746216,0.4585975110530853,-0.20558971166610718,0.009579882025718689,0.012703482061624527,0.03617455065250397,0.5807059458300895,0.22181754233622353,0.4285036413968984,-0.18951199002149222,0.010533024975313422,0.006831993782372792,,,,,,,,,,,,
4.3278616099525244,grasp,,,,,,,,,,,,,,,,,,,,,0.604226291179657,0.23143260180950165,0.4424934387207031,-0.19781380891799927,0.011363277211785316,0.012797907926142216,0.03617455065250397,0.5807059458300895,0.22181754233622353,0.4285036413968984,-0.18951199002149222,0.010533024975313422,0.006831993782372792,,,,,,,,,,,,
4.347861609952525,grasp,,,,,,,,,,,,,,,,,,,,,0.5627176761627197,0.2155666947364807,0.4130755364894867,-0.18321624398231506,0.009656545706093311,0.01310874056071043,0.03617455065250397,0.5179961930524171,0.19816036422546912,0.38410519247623826,-0.16768234507292312,0.010572183969240622,0.007228129992534797,,,,,,,,,,,,
4.3678616099525245,grasp,,,,,,,,,,,,,,,,,,,,,0.5407184362411499,0.20748911798000336,0.39751294255256653,-0.17570416629314423,0.01138151716440916,0.013199865818023682,0.03617455065250397,0.5179961930524171,0.19816036422546912,0.38410519247623826,-0.16768234507292312,0.010572183969240622,0.007228129992534797,,,,,,,,,,,,
4.387861609952525,grasp,,,,,,,,,,,,,,,,,,,,,0.5008956789970398,0.19225342571735382,0.3692900240421295,-0.16169841587543488,0.009737059473991394,0.013498363085091114,0.03617455065250397,0.4579915077360505,0.1755038832020821,0.34161941728499723,-0.1467935606303931,0.010609656606853762,0.007607202873334003,,,,,,,,,,,,
4.4078616099525245,grasp,,,,,,,,,,,,,,,,,,,,,0.4797910451889038,0.1844991147518158,0.3543544113636017,-0.15449124574661255,0.011393588036298752,0.013585728593170643,0.03617455065250397,0.4579915077360505,0.1755038832020821,0.34161941728499723,-0.1467935606303931,0.010609656606853762,0.007607202873334003,,,,,,,,,,,,
4.427861609952525,grasp,,,,,,,,,,,,,,,,,,,,,0.4418662488460541,0.1699741780757904,0.3274775743484497,-0.14115209877490997,0.009820913895964622,0.013870207592844963,0.03617455065250397,0.40100833198500574,0.15396572855131724,0.3012704136683145,-0.12695600377109661,0.010645241530448244,0.007967192373056835,,,,,,,,,,,,
4.4478616099525246,grasp,,,,,,,,,,,,,,,,,,,,,0.4217682480812073,0.1625840663909912,0.3132491707801819,-0.13428854942321777,0.011399524286389351,0.013953345827758312,0.03617455065250397,0.40100833198500574,0.15396572855131724,0.3012704136683145,-0.12695600377109661,0.010645241530448244,0.007967192373056835,,,,,,,,,,,,
4.467861609952525,grasp,,,,,,,,,,,,,,,,,,,,,0.3859367072582245,0.14884309470653534,0.28785601258277893,-0.12168465554714203,0.00990753248333931,0.014222388155758381,0.03617455065250397,0.3473337134624408,0.133652537322659,0.2632614083859199,-0.10826984122762096,0.010678754316387522,0.008306272515928519,,,,,,,,,,,,
4.487861609952525,grasp,,,,,,,,,,,,,,,,,,,,,0.3669479489326477,0.1418542116880417,0.2744080126285553,-0.1151997521519661,0.011399698443710804,0.014300809241831303,0.03617455065250397,0.3473337134624408,0.133652537322659,0.2632614083859199,-0.10826984122762096,0.010678754316387522,0.008306272515928519,,,,,,,,,,,,
4.507861609952524,grasp,,,,,,,,,,,,,,,,,,,,,0.33338218927383423,0.12896409630775452,0.25062161684036255,-0.1033920869231224,0.009996706619858742,0.014553038403391838,0.03617455065250397,0.2972205605461323,0.11466211198154669,0.2277719099176906,-0.09082333674755667,0.010710036516805103,0.008622846824034887,,,,,,,,,,,,
4.527861609952525,grasp,,,,,,,,,,,,,,,,,,,,,0.3155941069126129,0.12241018563508987,0.2380201816558838,-0.0973171517252922,0.011393929831683636,0.014626520685851574,0.03617455065250397,0.2972205605461323,0.11466211198154669,0.2277719099176906,-0.09082333674755667,0.010710036516805103,0.008622846824034887,,,,,,,,,,,,
4.547861609952525,grasp,,,,,,,,,,,,,,,,,,,,,0.2844447195529938,0.11042813211679459,0.21594630181789398,-0.08635867387056351,0.010087588801980019,0.014860772527754307,0.03617455065250397,0.25088599154009666,0.09707493089785695,0.1949557010745294,-0.07469213471966735,0.010738951668449665,0.008915548162288968,,,,,,,,,,,,
4.567861609952525,grasp,,,,,,,,,,,,,,,,,,,,,0.26793694496154785,0.10433784127235413,0.2042483240365982,-0.08072084188461304,0.011382324621081352,0.014928928576409817,0.03617455065250397,0.25088599154009666,0.09707493089785695,0.1949557010745294,-0.07469213471966735,0.010738951668449665,0.008915548162288968,,,,,,,,,,,,
4.587861609952524,grasp,,,,,,,,,,,,,,,,,,,,,0.23932817578315735,0.09331116080284119,0.18397575616836548,-0.07065536081790924,0.010178147815167904,0.01514420472085476,0.03617455065250397,0.2085062417395982,0.08095727312343963,0.1649379734013479,-0.05993755477501066,0.010765393797811254,0.009183272146400068,,,,,,,,,,,,
4.607861609952525,grasp,,,,,,,,,,,,,,,,,,,,,0.22416649758815765,0.0877080038189888,0.17322975397109985,-0.06547718495130539,0.011365273967385292,0.015206868760287762,0.03617455065250397,0.2085062417395982,0.08095727312343963,0.1649379734013479,-0.05993755477501066,0.010765393797811254,0.009183272146400068,,,,,,,,,,,,
4.627861609952525,grasp,,,,,,,,,,,,,,,,,,,,,0.1981949508190155,0.0776732861995697,0.15482549369335175,-0.056338779628276825,0.010268663056194782,0.015402465127408504,0.03617455065250397,0.17021372379459648,0.06635747714834307,0.13781271660582006,-0.04660565925809575,0.010789284295571985,0.009425189033752498,,,,,,,,,,,,
4.647861609952525,grasp,,,,,,,,,,,,,,,,,,,,,0.18443067371845245,0.07257509976625443,0.14506907761096954,-0.05163760855793953,0.011343300342559814,0.01545935682952404,0.03617455065250397,0.17021372379459648,0.06635747714834307,0.13781271660582006,-0.04660565925809575,0.010789284295571985,0.009425189033752498,,,,,,,,,,,,
4.667861609952524,grasp,,,,,,,,,,,,,,,,,,,,,0.1611613631248474,0.06356009840965271,0.1285790503025055,-0.04344930127263069,0.010358214378356934,0.01563471369445324,0.03617455065250397,0.13609127325480624,0.05331239066101109,0.11363905621737418,-0.03472538019990757,0.010810569636127719,0.009640766155570931,,,,,,,,,,,,
4.687861609952525,grasp,,,,,,,,,,,,,,,,,,,,,0.14882923662662506,0.05898040533065796,0.11983779072761536,-0.039236973971128464,0.011316988617181778,0.015685757622122765,0.03617455065250397,0.13609127325480624,0.05331239066101109,0.11363905621737418,-0.03472538019990757,0.010810569636127719,0.009640766155570931,,,,,,,,,,,,
4.707861609952524,grasp,,,,,,,,,,,,,,,,,,,,,0.12829478085041046,0.05099976435303688,0.1052849143743515,-0.03201038017868996,0.010445177555084229,0.015840649604797363,0.03617455065250397,0.10617089489540446,0.04183672881223135,0.09243978777901672,-0.024307959608388805,0.01082922469879115,0.009829791842958261,,,,,,,,,,,,
4.727861609952525,grasp,,,,,,,,,,,,,,,,,,,,,0.11741217970848083,0.04694567248225212,0.09757155925035477,-0.02829284965991974,0.011286797933280468,0.015885766595602036,0.03617455065250397,0.10617089489540446,0.04183672881223135,0.09243978777901672,-0.024307959608388805,0.01082922469879115,0.009829791842958261,,,,,,,,,,,,
4.747861609952524,grasp,,,,,,,,,,,,,,,,,,,,,0.09961015731096268,0.039999399334192276,0.08495400100946426,-0.022027242928743362,0.010529282502830029,0.016020098701119423,0.03617455065250397,0.08042998887760541,0.031922198202827205,0.07419867718723577,-0.015345502059038042,0.010845265591100666,0.009992407356743348,,,,,,,,,,,,
4.767861609952525,grasp,,,,,,,,,,,,,,,,,,,,,0.0901760682463646,0.03647061809897423,0.07826773077249527,-0.01880408078432083,0.011253559030592442,0.016059312969446182,0.03617455065250397,0.08042998887760541,0.031922198202827205,0.07419867718723577,-0.015345502059038042,0.010845265591100666,0.009992407356743348,,,,,,,,,,,,
4.787861609952524,grasp,,,,,,,,,,,,,,,,,,,,,0.07506708800792694,0.030541835352778435,0.06755713373422623,-0.013485623523592949,0.010609363205730915,0.01617346704006195,0.03617455065250397,0.05878829958293132,0.023533975610442764,0.05885802752573741,-0.007809864590642931,0.01085874691690781,0.010129128351619979,,,,,,,,,,,,
4.807861609952525,grasp,,,,,,,,,,,,,,,,,,,,,0.06706094741821289,0.02752959355711937,0.06188298016786575,-0.0107496976852417,0.011217575520277023,0.016206886619329453,0.03617455065250397,0.05878829958293132,0.023533975610442764,0.05885802752573741,-0.007809864590642931,0.01085874691690781,0.010129128351619979,,,,,,,,,,,,
4.8278616099525244,grasp,,,,,,,,,,,,,,,,,,,,,0.054564427584409714,0.022589093074202538,0.05302233248949051,-0.0063501945696771145,0.010684367269277573,0.01630130037665367,0.03617455065250397,0.04110073631046848,0.016621082843021343,0.04631502866022775,-0.0016504313430517163,0.010869765490292975,0.010240879511579377,,,,,,,,,,,,
4.847861609952525,grasp,,,,,,,,,,,,,,,,,,,,,0.04794393479824066,0.020078329369425774,0.04833037406206131,-0.00408700667321682,0.011179680936038494,0.01632910594344139,0.03617455065250397,0.04110073631046848,0.016621082843021343,0.04631502866022775,-0.0016504313430517163,0.010869765490292975,0.010240879511579377,,,,,,,,,,,,
4.8678616099525245,grasp,,,,,,,,,,,,,,,,,,,,,0.03793540969491005,0.01608673855662346,0.04123174771666527,-0.0005627688369713724,0.01075251866132021,0.016404753550887108,0.03617455065250397,0.02715251821254779,0.01111833549573945,0.0364189288466051,0.003207445216481306,0.01087845633206029,0.010329017889242145,,,,,,,,,,,,
4.887861609952525,grasp,,,,,,,,,,,,,,,,,,,,,0.03263439983129501,0.014057391323149204,0.03747546300292015,0.001250155153684318,0.01114231813699007,0.01642725244164467,0.03617455065250397,0.02715251821254779,0.01111833549573945,0.0364189288466051,0.003207445216481306,0.01087845633206029,0.010329017889242145,,,,,,,,,,,,
4.9078616099525245,grasp,,,,,,,,,,,,,,,,,,,,,0.024942170828580856,0.010965870693325996,0.03201849386096001,0.003959312103688717,0.010813900269567966,0.016485417261719704,0.03617455065250397,0.016654865303025842,0.0069468580118062,0.028968129288232967,0.006863926050067541,0.01088499816055524,0.010395360687770402,,,,,,,,,,,,
4.927861609952525,grasp,,,,,,,,,,,,,,,,,,,,,0.020869607105851173,0.009393114596605301,0.029134104028344154,0.0053529501892626286,0.011104727163910866,0.016502927988767624,0.03617455065250397,0.016654865303025842,0.0069468580118062,0.028968129288232967,0.006863926050067541,0.01088499816055524,0.010395360687770402,,,,,,,,,,,,
4.9478616099525246,grasp,,,,,,,,,,,,,,,,,,,,,0.015275366604328156,0.007131217047572136,0.025164786726236343,0.007323566824197769,0.01086665689945221,0.016545230522751808,0.03617455065250397,0.009248511807260192,0.0039881209700965165,0.023709923099191694,0.00944385422208827,0.010889614617295753,0.010442170996192405,,,,,,,,,,,,
4.967861609952525,grasp,,,,,,,,,,,,,,,,,,,,,0.012315155938267708,0.00597919849678874,0.023070039227604866,0.008337288163602352,0.01106939371675253,0.016558153554797173,0.03617455065250397,0.009248511807260192,0.0039881209700965165,0.023709923099191694,0.00944385422208827,0.010889614617295753,0.010442170996192405,,,,,,,,,,,,
4.987861609952525,grasp,,,,,,,,,,,,,,,,,,,,,0.00855239573866129,0.004452656954526901,0.020401090383529663,0.009663039818406105,0.010910626500844955,0.01658661477267742,0.03617455065250397,0.004498623780742753,0.0020874521608467114,0.020337400442232065,0.011098467742796872,0.010892575315023734,0.010472192660981509,,,,,,,,,,,,
5.007861609952524,grasp,,,,,,,,,,,,,,,,,,,,,0.006563224829733372,0.0036738126073032618,0.018994580954313278,0.010345005430281162,0.011037228628993034,0.016595588997006416,0.03617455065250397,0.004498623780742753,0.0020874521608467114,0.020337400442232065,0.011098467742796872,0.010892575315023734,0.010472192660981509,,,,,,,,,,,,
5.027861609952525,grasp,,,,,,,,,,,,,,,,,,,,,0.004315659869462252,0.0027599313762038946,0.017401082441210747,0.011137175373733044,0.0109427934512496,0.016612574458122253,0.03617455065250397,0.0018935577418398538,0.0010444724271446051,0.018487694351746145,0.01200594405804398,0.010894198988617737,0.010488658024900885,,,,,,,,,,,,
5.047861609952525,grasp,,,,,,,,,,,,,,,,,,,,,0.0031294533982872963,0.0022925192024558783,0.016564328223466873,0.011544650420546532,0.011009370908141136,0.016618190333247185,0.03617455065250397,0.0018935577418398538,0.0010444724271446051,0.018487694351746145,0.01200594405804398,0.010894198988617737,0.010488658024900885,,,,,,,,,,,,
5.067861609952525,grasp,,,,,,,,,,,,,,,,,,,,,0.0020272808615118265,0.0018431345233693719,0.015784084796905518,0.011933310888707638,0.010963952168822289,0.016626494005322456,0.03617455065250397,0.0008381513638792376,0.0006219296495434606,0.017738311707885007,0.012373595264604704,0.010894856738477303,0.010495328586871541,,,,,,,,,,,,
5.087861609952524,grasp,,,,,,,,,,,,,,,,,,,,,0.0014477052027359605,0.001612575026229024,0.015377361327409744,0.012133220210671425,0.010987048968672752,0.016629494726657867,0.03617455065250397,0.0008381513638792376,0.0006219296495434606,0.017738311707885007,0.012373595264604704,0.010894856738477303,0.010495328586871541,,,,,,,,,,,,
5.107861609952525,grasp,,,,,,,,,,,,,,,,,,,,,0.001064935466274619,0.0014555919915437698,0.015108169987797737,0.012268312275409698,0.01097240298986435,0.0166323259472847,0.03617455065250397,0.0006493812682986568,0.0005463535462542931,0.017604276709435287,0.012439352720140925,0.010894974461535518,0.010496521685809324,,,,,,,,,,,,
5.11268862239318,grasp,,,,,,,,,,,,,,,,,,,,,0.0008636241545900702,0.0013740310678258538,0.014969480223953724,0.012338106520473957,0.01097211055457592,0.016633590683341026,0.03617455065250397,0.0006475158734247088,0.0005456067156046629,0.0176029521971941,0.012440002523362637,0.010894975624978542,0.01049653347581625,,,,,,,,,,,,
0.0,grasp,,,,,,,,,,,,,,,,,,,,,,,,,,,0.0001076312014447467,,,,,,,0.043,,,,,,,,,,,
0.02,grasp,,,,,,,,,,,,,,,,,,,,,,,,,,,0.00012205627081129933,,,,,,,0.043,,,,,,,,,,,
0.04,grasp,,,,,,,,,,,,,,,,,,,,,,,,,,,0.00021678904886357486,,,,,,,0.043,,,,,,,,,,,
0.06,grasp,,,,,,,,,,,,,,,,,,,,,,,,,,,0.0004448606923688203,,,,,,,0.043,,,,,,,,,,,
0.08,grasp,,,,,,,,,,,,,,,,,,,,,,,,,,,0.000829069089377299,,,,,,,0.043,,,,,,,,,,,
0.1,grasp,,,,,,,,,,,,,,,,,,,,,,,,,,,0.0014006998389959335,,,,,,,0.043,,,,,,,,,,,
0.12,grasp,,,,,,,,,,,,,,,,,,,,,,,,,,,0.0021775229834020138,,,,,,,0.043,,,,,,,,,,,
0.14,grasp,,,,,,,,,,,,,,,,,,,,,,,,,,,0.003165688831359148,,,,,,,0.043,,,,,,,,,,,
0.16,grasp,,,,,,,,,,,,,,,,,,,,,,,,,,,0.004368980880826712,,,,,,,0.043,,,,,,,,,,,
0.18,grasp,,,,,,,,,,,,,,,,,,,,,,,,,,,0.00578277581371367,,,,,,,0.043,,,,,,,,,,,
0.2,grasp,,,,,,,,,,,,,,,,,,,,,,,,,,,0.0073958211578428745,,,,,,,0.043,,,,,,,,,,,
0.22,grasp,,,,,,,,,,,,,,,,,,,,,,,,,,,0.0091930883936584,,,,,,,0.043,,,,,,,,,,,
0.24,grasp,,,,,,,,,,,,,,,,,,,,,,,,,,,0.011154414154589176,,,,,,,0.043,,,,,,,,,,,
0.26,grasp,,,,,,,,,,,,,,,,,,,,,,,,,,,0.013255626428872347,,,,,,,0.043,,,,,,,,,,,
0.28,grasp,,,,,,,,,,,,,,,,,,,,,,,,,,,0.015469894278794527,,,,,,,0.043,,,,,,,,,,,
0.3,grasp,,,,,,,,,,,,,,,,,,,,,,,,,,,0.01776773016899824,,,,,,,0.043,,,,,,,,,,,
0.32,grasp,,,,,,,,,,,,,,,,,,,,,,,,,,,0.020117544569075108,,,,,,,0.043,,,,,,,,,,,
0.34,grasp,,,,,,,,,,,,,,,,,,,,,,,,,,,0.022487438283860683,,,,,,,0.043,,,,,,,,,,,
0.36,grasp,,,,,,,,,,,,,,,,,,,,,,,,,,,0.0248443391174078,,,,,,,0.043,,,,,,,,,,,
0.38,grasp,,,,,,,,,,,,,,,,,,,,,,,,,,,0.027155829593539238,,,,,,,0.043,,,,,,,,,,,
0.4,grasp,,,,,,,,,,,,,,,,,,,,,,,,,,,0.029390251263976097,,,,,,,0.043,,,,,,,,,,,
0.42,grasp,,,,,,,,,,,,,,,,,,,,,,,,,,,0.031517837196588516,,,,,,,0.043,,,,,,,,,,,
0.44,grasp,,,,,,,,,,,,,,,,,,,,,,,,,,,0.033510999754071236,,,,,,,0.043,,,,,,,,,,,
0.46,grasp,,,,,,,,,,,,,,,,,,,,,,,,,,,0.03534474037587643,,,,,,,0.043,,,,,,,,,,,
0.48,grasp,,,,,,,,,,,,,,,,,,,,,,,,,,,0.03699856624007225,,,,,,,0.043,,,,,,,,,,,
0.5,grasp,,,,,,,,,,,,,,,,,,,,,,,,,,,0.03845546580851078,,,,,,,0.043,,,,,,,,,,,
0.52,grasp,,,,,,,,,,,,,,,,,,,,,,,,,,,0.039704080671072006,,,,,,,0.043,,,,,,,,,,,
0.54,grasp,,,,,,,,,,,,,,,,,,,,,,,,,,,0.04073846898972988,,,,,,,0.043,,,,,,,,,,,
0.56,grasp,,,,,,,,,,,,,,,,,,,,,,,,,,,0.04155896231532097,,,,,,,0.043,,,,,,,,,,,
0.58,grasp,,,,,,,,,,,,,,,,,,,,,,,,,,,0.04217342846095562,,,,,,,0.043,,,,,,,,,,,
0.6,grasp,,,,,,,,,,,,,,,,,,,,,,,,,,,0.04259677976369858,,,,,,,0.043,,,,,,,,,,,
0.62,grasp,,,,,,,,,,,,,,,,,,,,,,,,,,,0.0428531002253294,,,,,,,0.043,,,,,,,,,,,
0.64,grasp,,,,,,,,,,,,,,,,,,,,,,,,,,,0.04297510161995888,,,,,,,0.043,,,,,,,,,,,
0.66,grasp,,,,,,,,,,,,,,,,,,,,,,,,,,,0.04300537332892418,,,,,,,0.043,,,,,,,,,,,
0.68,grasp,,,,,,,,,,,,,,,,,,,,,,,,,,,0.042998526245355606,,,,,,,0.043,,,,,,,,,,,
0.68,grasp,,,,,,,,,,,,,,,,,,,,,0.0007607112056575716,0.007898249663412571,0.014301751740276814,0.00731292087584734,-0.016006337478756905,0.0038261415902525187,0.042998526245355606,0.000760955736041069,0.0073615629225969315,0.01639387384057045,0.007332685403525829,-0.016010472550988197,0.003826209343969822,,,,,,,,,,,,
0.7000000000000001,grasp,,,,,,,,,,,,,,,,,,,,,0.000760705501306802,0.007902808487415314,0.01428429689258337,0.00731275649741292,-0.016005968675017357,0.003826120402663946,0.042998526245355606,0.000760955736041069,0.0073615629225969315,0.01639387384057045,0.007332685403525829,-0.016010472550988197,0.003826209343969822,,,,,,,,,,,,
0.7200000000000001,grasp,,,,,,,,,,,,,,,,,,,,,0.0008689590613357723,0.00794708076864481,0.014350012876093388,0.007277178578078747,-0.016003020107746124,0.0038258421700447798,0.042998526245355606,0.0009892602946259654,0.00744802182389695,0.01654912312802763,0.007259458573223767,-0.01600727048838467,0.003825717610093585,,,,,,,,,,,,
0.74,grasp,,,,,,,,,,,,,,,,,,,,,0.0009260480292141438,0.007969509810209274,0.014385580085217953,0.007258858531713486,-0.016003236174583435,0.0038257380947470665,0.042998526245355606,0.0009892602946259654,0.00744802182389695,0.01654912312802763,0.007259458573223767,-0.01600727048838467,0.003825717610093585,,,,,,,,,,,,
0.76,grasp,,,,,,,,,,,,,,,,,,,,,0.0016933978768065572,0.00826177280396223,0.014904404990375042,0.007011014968156815,-0.015983927994966507,0.0038238815031945705,0.042998526245355606,0.002522741656933154,0.008028752513140404,0.01759190118811823,0.006767605388618505,-0.015985764175732838,0.0038224150669570562,,,,,,,,,,,,
0.78,grasp,,,,,,,,,,,,,,,,,,,,,0.002091574715450406,0.008411342278122902,0.01518162526190281,0.006883321795612574,-0.015986235812306404,0.003823200473561883,0.042998526245355606,0.002522741656933154,0.008028752513140404,0.01759190118811823,0.006767605388618505,-0.015985764175732838,0.0038224150669570562,,,,,,,,,,,,
0.8,grasp,,,,,,,,,,,,,,,,,,,,,0.004220196511596441,0.009216721169650555,0.0166198518127203,0.006198990158736706,-0.015935417264699936,0.0038181322161108255,0.042998526245355606,0.006500781714528523,0.009535226225549849,0.02029699456676541,0.005491678272021918,-0.01592997092074355,0.003813847366933682,,,,,,,,,,,,
0.8200000000000001,grasp,,,,,,,,,,,,,,,,,,,,,0.005324448924511671,0.009627196937799454,0.01738784648478031,0.005846492014825344,-0.01594073511660099,0.0038162327837198973,0.042998526245355606,0.006500781714528523,0.009535226225549849,0.02029699456676541,0.005491678272021918,-0.01592997092074355,0.003813847366933682,,,,,,,,,,,,
0.8400000000000001,grasp,,,,,,,,,,,,,,,,,,,,,0.009465494193136692,0.01120036467909813,0.020186064764857292,0.004515794105827808,-0.015844935551285744,0.0038064538966864347,0.042998526245355606,0.01389004741582791,0.012331499109076285,0.025321359763812095,0.003121659331904575,-0.015826334604762102,0.0037979330796963297,,,,,,,,,,,,
0.8600000000000001,grasp,,,,,,,,,,,,,,,,,,,,,0.011612843722105026,0.01199821475893259,0.02167539671063423,0.003830382600426674,-0.015853276476264,0.0038027106784284115,0.042998526245355606,0.01389004741582791,0.012331499109076285,0.025321359763812095,0.003121659331904575,-0.015826334604762102,0.0037979330796963297,,,,,,,,,,,,
0.8800000000000001,grasp,,,,,,,,,,,,,,,,,,,,,0.018328441306948662,0.014547170139849186,0.02621283195912838,0.0016726544126868248,-0.01570088416337967,0.0037869266234338284,0.042998526245355606,0.02549494469819163,0.016711775347390174,0.03321002338494181,-0.0006002832029791219,-0.01566357837973765,0.0037729407869877374,,,,,,,,,,,,
0.9,grasp,,,,,,,,,,,,,,,,,,,,,0.021809479221701622,0.01584106869995594,0.028623798862099648,0.0005612650420516729,-0.015711992979049683,0.0037808020133525133,0.042998526245355606,0.02549494469819163,0.016711775347390174,0.03321002338494181,-0.0006002832029791219,-0.01566357837973765,0.0037729407869877374,,,,,,,,,,,,
0.92,grasp,,,,,,,,,,,,,,,,,,,,,0.031564339995384216,0.019529195502400398,0.03521216660737991,-0.002572576981037855,-0.015493478626012802,0.003757955739274621,0.042998526245355606,0.04196708568981025,0.022900862835805526,0.044401922962146276,-0.005882778969080252,-0.015432573963058218,0.0037374689885115503,,,,,,,,,,,,
0.9400000000000001,grasp,,,,,,,,,,,,,,,,,,,,,0.036619462072849274,0.02140229009091854,0.03870896250009537,-0.004186761565506458,-0.015506983734667301,0.0037489805836230516,0.042998526245355606,0.04196708568981025,0.022900862835805526,0.044401922962146276,-0.005882778969080252,-0.015432573963058218,0.0037374689885115503,,,,,,,,,,,,
0.9600000000000001,grasp,,,,,,,,,,,,,,,,,,,,,0.0497821606695652,0.02635098062455654,0.04759398102760315,-0.008414823561906815,-0.015214822255074978,0.003718240652233362,0.042998526245355606,0.06381318906907756,0.03105918378613749,0.059235681620751976,-0.012887823928894811,-0.01512622957874813,0.0036904297208479016,,,,,,,,,,,,
0.98,grasp,,,,,,,,,,,,,,,,,,,,,0.05660197511315346,0.028865180909633636,0.052305661141872406,-0.010592635720968246,-0.015230311080813408,0.0037060538306832314,0.042998526245355606,0.06381318906907756,0.03105918378613749,0.059235681620751976,-0.012887823928894811,-0.01512622957874813,0.0036904297208479016,,,,,,,,,,,,
1.0,grasp,,,,,,,,,,,,,,,,,,,,,0.07344676554203033,0.03516355901956558,0.06367002427577972,-0.016002746298909187,-0.014859075658023357,0.003666807897388935,0.042998526245355606,0.09139768014141621,0.041303615222921586,0.07795520817268589,-0.02173193192843995,-0.014739451006187556,0.0036310412503191094,,,,,,,,,,,,
1.02,grasp,,,,,,,,,,,,,,,,,,,,,0.08217304199934006,0.038364388048648834,0.06969215720891953,-0.01878945156931877,-0.014876015484333038,0.0036511176731437445,0.042998526245355606,0.09139768014141621,0.041303615222921586,0.07795520817268589,-0.02173193192843995,-0.014739451006187556,0.0036310412503191094,,,,,,,,,,,,
1.04,grasp,,,,,,,,,,,,,,,,,,,,,0.10288335382938385,0.04607660323381424,0.08365913480520248,-0.025440393015742302,-0.014422260224819183,0.003602966433390975,0.042998526245355606,0.12494901750372477,0.05371746692438121,0.10071546472924729,-0.032488287389953546,-0.014269049377533911,0.0035588135548094446,,,,,,,,,,,,
1.06,grasp,,,,,,,,,,,,,,,,,,,,,0.11361081898212433,0.0499970018863678,0.09105554223060608,-0.028866296634078026,-0.014440109953284264,0.0035835772287100554,0.042998526245355606,0.12494901750372477,0.05371746692438121,0.10071546472924729,-0.032488287389953546,-0.014269049377533911,0.0035588135548094446,,,,,,,,,,,,
1.08,grasp,,,,,,,,,,,,,,,,,,,,,0.13828635215759277,0.05915951728820801,0.1076928973197937,-0.03679005056619644,-0.013902150094509125,0.003526322776451707,0.042998526245355606,0.1645725827877191,0.06834087063723852,0.12758841861292128,-0.04519068415110554,-0.013713556369544638,0.003473521784926394,,,,,,,,,,,,
1.1,grasp,,,,,,,,,,,,,,,,,,,,,0.15106640756130219,0.06381841003894806,0.11649791896343231,-0.04087163507938385,-0.013920282945036888,0.0035031007137149572,0.042998526245355606,0.1645725827877191,0.06834087063723852,0.12758841861292128,-0.04519068415110554,-0.013713556369544638,0.003473521784926394,,,,,,,,,,,,
1.12,grasp,,,,,,,,,,,,,,,,,,,,,0.17972949147224426,0.07444025576114655,0.13582126796245575,-0.050075430423021317,-0.013298152014613152,0.0034367155749350786,0.042998526245355606,0.2102597675621099,0.08517261464492877,0.1585686983095884,-0.05983650265008767,-0.013073060783298224,0.0033751789647824006,,,,,,,,,,,,
1.1400000000000001,grasp,,,,,,,,,,,,,,,,,,,,,0.1945733278989792,0.07984265685081482,0.1460416615009308,-0.05481642484664917,-0.013315929099917412,0.003409614786505699,0.042998526245355606,0.2102597675621099,0.08517261464492877,0.1585686983095884,-0.05983650265008767,-0.013073060783298224,0.0033751789647824006,,,,,,,,,,,,
1.1600000000000001,grasp,,,,,,,,,,,,,,,,,,,,,0.22717556357383728,0.09190445393323898,0.1680188775062561,-0.06528474390506744,-0.012611117213964462,0.0033342246897518635,0.042998526245355606,0.2618982432508247,0.10416814544836794,0.19357954850299045,-0.0763897572986762,-0.012349112390213902,0.0032640240414404218,,,,,,,,,,,,
1.1800000000000002,grasp,,,,,,,,,,,,,,,,,,,,,0.24405813217163086,0.09804099053144455,0.179635688662529,-0.07067715376615524,-0.012627926655113697,0.0033032672945410013,0.042998526245355606,0.2618982432508247,0.10416814544836794,0.19357954850299045,-0.0763897572986762,-0.012349112390213902,0.0032640240414404218,,,,,,,,,,,,
1.2000000000000002,grasp,,,,,,,,,,,,,,,,,,,,,0.280485600233078,0.11149854958057404,0.2041899710893631,-0.08237328380346298,-0.011843329295516014,0.003219167236238718,0.042998526245355606,0.31927902275419745,0.12524741576782106,0.23247856645394313,-0.09478329482314313,-0.011544660751784546,0.0031405089574404518,,,,,,,,,,,,
1.2200000000000002,grasp,,,,,,,,,,,,,,,,,,,,,0.2993476986885071,0.11834712326526642,0.2171608805656433,-0.08839818835258484,-0.011858553625643253,0.003184424713253975,0.042998526245355606,0.31927902275419745,0.12524741576782106,0.23247856645394313,-0.09478329482314313,-0.011544660751784546,0.0031405089574404518,,,,,,,,,,,,
1.2400000000000002,grasp,,,,,,,,,,,,,,,,,,,,,0.33942535519599915,0.13313716650009155,0.24417507648468018,-0.10126589238643646,-0.010998415760695934,0.0030920435674488544,0.042998526245355606,0.3821027826772786,0.14830469801638377,0.27506345215480477,-0.11492106711295383,-0.010663938285650616,0.0030052826238705483,,,,,,,,,,,,
1.26,grasp,,,,,,,,,,,,,,,,,,,,,0.3601759076118469,0.14066602289676666,0.25843608379364014,-0.10789434611797333,-0.011011404916644096,0.003053670981898904,0.042998526245355606,0.3821027826772786,0.14830469801638377,0.27506345215480477,-0.11492106711295383,-0.010663938285650616,0.0030052826238705483,,,,,,,,,,,,
1.28,grasp,,,,,,,,,,,,,,,,,,,,,0.4036746621131897,0.15670329332351685,0.28775620460510254,-0.12185997515916824,-0.010081055574119091,0.002953539602458477,0.042998526245355606,0.44999238486751214,0.17319922028124188,0.32107822528214225,-0.13668204988317514,-0.00971224062847128,0.0028591585236802403,,,,,,,,,,,,
1.3,grasp,,,,,,,,,,,,,,,,,,,,,0.42619532346725464,0.16486942768096924,0.30322444438934326,-0.1290539652109146,-0.010091399773955345,0.0029117458034306765,0.042998526245355606,0.44999238486751214,0.17319922028124188,0.32107822528214225,-0.13668204988317514,-0.00971224062847128,0.0028591585236802403,,,,,,,,,,,,
1.32,grasp,,,,,,,,,,,,,,,,,,,,,0.4728366434574127,0.18205250799655914,0.3346633017063141,-0.1440281718969345,-0.009097027592360973,0.002804521005600691,0.042998526245355606,0.5224979464456678,0.19976923372961797,0.37021870194046297,-0.1599221263259819,-0.008695853437440348,0.002703102616427966,,,,,,,,,,,,
1.34,grasp,,,,,,,,,,,,,,,,,,,,,0.49698323011398315,0.19080455601215363,0.3512386679649353,-0.1517416536808014,-0.009104311466217041,0.0027595453429967165,0.042998526245355606,0.5224979464456678,0.19976923372961797,0.37021870194046297,-0.1599221263259819,-0.008695853437440348,0.002703102616427966,,,,,,,,,,,,
1.36,grasp,,,,,,,,,,,,,,,,,,,,,0.5464457273483276,0.20901507139205933,0.38457992672920227,-0.1676211953163147,-0.008052957244217396,0.0026459794025868177,0.042998526245355606,0.5991084103338498,0.22782664076509873,0.422138237610616,-0.18447738618312406,-0.007621929242442184,0.0025382139728860284,,,,,,,,,,,,
1.3800000000000001,grasp,,,,,,,,,,,,,,,,,,,,,0.5720517635345459,0.2182929813861847,0.4021469056606293,-0.1758010983467102,-0.008056838996708393,0.002598143881186843,0.042998526245355606,0.5991084103338498,0.22782664076509873,0.422138237610616,-0.18447738618312406,-0.007621929242442184,0.0025382139728860284,,,,,,,,,,,,
1.4,grasp,,,,,,,,,,,,,,,,,,,,,0.6239761114120483,0.23739980161190033,0.4371465742588043,-0.1925821155309677,-0.006970875896513462,0.0024807124864310026,0.042998526245355606,0.6792579593099436,0.2571660902502967,0.4764536996402689,-0.2101664741705454,-0.006498399394306399,0.0023657106656718406,,,,,,,,,,,,
1.42,grasp,,,,,,,,,,,,,,,,,,,,,0.6508568525314331,0.24713648855686188,0.45557889342308044,-0.20111490786075592,-0.006974571850150824,0.0024298180360347033,0.042998526245355606,0.6792579593099436,0.2571660902502967,0.4764536996402689,-0.2101664741705454,-0.006498399394306399,0.0023657106656718406,,,,,,,,,,,,
1.44,grasp,,,,,,,,,,,,,,,,,,,,,0.7048507928848267,0.2669967710971832,0.4919734299182892,-0.2186780422925949,-0.0058747329749166965,0.0023110208567231894,0.042998526245355606,0.7623355485699534,0.28756507955661426,0.5327513870463753,-0.2367936063828229,-0.005333856076788034,0.002186911757995067,,,,,,,,,,,,
1.46,grasp,,,,,,,,,,,,,,,,,,,,,0.7328042984008789,0.27711933851242065,0.5111323595046997,-0.22746817767620087,-0.005868267733603716,0.002255090745165944,0.042998526245355606,0.7623355485699534,0.28756507955661426,0.5327513870463753,-0.2367936063828229,-0.005333856076788034,0.002186911757995067,,,,,,,,,,,,
1.48,grasp,,,,,,,,,,,,,,,,,,,,,0.7884505391120911,0.29757967591285706,0.5486416816711426,-0.24562931060791016,-0.00471765361726284,0.002131538698449731,0.042998526245355606,0.847693638837014,0.31878649894714367,0.5905928782796722,-0.26415143383553824,-0.004137382362035955,0.002003212051343586,,,,,,,,,,,,
1.5,grasp,,,,,,,,,,,,,,,,,,,,,0.8172595500946045,0.3080100417137146,0.568378746509552,-0.25461649894714355,-0.004696747288107872,0.0020743657369166613,0.042998526245355606,0.847693638837014,0.31878649894714367,0.5905928782796722,-0.26415143383553824,-0.004137382362035955,0.002003212051343586,,,,,,,,,,,,
1.52,grasp,,,,,,,,,,,,,,,,,,,,,0.8741242289543152,0.32891005277633667,0.6067084670066833,-0.27318164706230164,-0.0035248661879450083,0.0019478307804092765,0.042998526245355606,0.9346561040503645,0.3505847879075599,0.6495203793663555,-0.29202341780568364,-0.002918390259848255,0.0018160567395498148,,,,,,,,,,,,
1.54,grasp,,,,,,,,,,,,,,,,,,,,,0.9035587310791016,0.3395666182041168,0.6268672347068787,-0.2823236882686615,-0.0034890267997980118,0.001888809958472848,0.042998526245355606,0.9346561040503645,0.3505847879075599,0.6495203793663555,-0.29202341780568364,-0.002918390259848255,0.0018160567395498148,,,,,,,,,,,,
1.56,grasp,,,,,,,,,,,,,,,,,,,,,0.9611861705780029,0.3607404828071594,0.6657129526138306,-0.3010950982570648,-0.002305530244484544,0.0017606638139113784,0.042998526245355606,1.0225273459765438,0.3827067597424777,0.7090629218311939,-0.3201867373341941,-0.0016866340345266062,0.0016269428461454384,,,,,,,,,,,,
1.58,grasp,,,,,,,,,,,,,,,,,,,,,0.9910151958465576,0.37153902649879456,0.6861326694488525,-0.31035804748535156,-0.002264693146571517,0.0017007755814120173,0.042998526245355606,1.0225273459765438,0.3827067597424777,0.7090629218311939,-0.3201867373341941,-0.0016866340345266062,0.0016269428461454384,,,,,,,,,,,,
1.6,grasp,,,,,,,,,,,,,,,,,,,,,1.0489416122436523,0.3928176164627075,0.7251836061477661,-0.3291432857513428,-0.0010772000532597303,0.0015718200011178851,0.042998526245355606,1.1106007697073954,0.4148951392473426,0.7687421233112945,-0.3484150105949152,-0.0004520719136842948,0.0014373977815677244,,,,,,,,,,,,
1.62,grasp,,,,,,,,,,,,,,,,,,,,,1.078926682472229,0.40367233753204346,0.745699942111969,-0.3384937047958374,-0.0010336422128602862,0.001511638518422842,0.042998526245355606,1.1106007697073954,0.4148951392473426,0.7687421233112945,-0.3484150105949152,-0.0004520719136842948,0.0014373977815677244,,,,,,,,,,,,
1.6400000000000001,grasp,,,,,,,,,,,,,,,,,,,,,1.136684536933899,0.42488494515419006,0.7846423387527466,-0.3571191430091858,0.00015072821406647563,0.0013828095979988575,0.042998526245355606,1.1981676310158451,0.4468915620652596,0.8280776033744979,-0.3764811947078854,0.0007753826735018185,0.001248943320469436,,,,,,,,,,,,
1.6600000000000001,grasp,,,,,,,,,,,,,,,,,,,,,1.1665860414505005,0.4357084333896637,0.8050902485847473,-0.3665134310722351,0.00019310085917823017,0.0013229789910838008,0.042998526245355606,1.1981676310158451,0.4468915620652596,0.8280776033744979,-0.3764811947078854,0.0007753826735018185,0.001248943320469436,,,,,,,,,,,,
1.6800000000000002,grasp,,,,,,,,,,,,,,,,,,,,,1.2237101793289185,0.45668554306030273,0.8436112403869629,-0.38483133912086487,0.0013678016839548945,0.0011951717315241694,0.042998526245355606,1.2845249446215352,0.47844067555529707,0.886593383220611,-0.4041600887290125,0.0019859143123254304,0.001063086741185653,,,,,,,,,,,,
1.7000000000000002,grasp,,,,,,,,,,,,,,,,,,,,,1.2532908916473389,0.46739131212234497,0.8638266324996948,-0.39420944452285767,0.001405836665071547,0.0011363164521753788,0.042998526245355606,1.2845249446215352,0.47844067555529707,0.886593383220611,-0.4041600887290125,0.0019859143123254304,0.001063086741185653,,,,,,,,,,,,
1.7200000000000002,grasp,,,,,,,,,,,,,,,,,,,,,1.3093270063400269,0.48796677589416504,0.9016172289848328,-0.41216710209846497,0.0025624497793614864,0.0010106246918439865,0.042998526245355606,1.3689843294231416,0.5092924420379804,0.943823798476979,-0.43123099331027115,0.0031698349570842806,0.0008813155758730475,,,,,,,,,,,,
1.7400000000000002,grasp,,,,,,,,,,,,,,,,,,,,,1.3383464813232422,0.4984695315361023,0.921440839767456,-0.4214169681072235,0.002601656597107649,0.0009528719820082188,0.042998526245355606,1.3689843294231416,0.5092924420379804,0.943823798476979,-0.43123099331027115,0.0031698349570842806,0.0008813155758730475,,,,,,,,,,,,
1.7600000000000002,grasp,,,,,,,,,,,,,,,,,,,,,1.3928524255752563,0.5184814929962158,0.9582016468048096,-0.4389108717441559,0.0037718843668699265,0.0008255003485828638,0.042998526245355606,1.450880709766655,0.5392048016791363,0.9993190438396216,-0.45748117708425895,0.004317837438200224,0.0007050588124826005,,,,,,,,,,,,
1.7800000000000002,grasp,,,,,,,,,,,,,,,,,,,,,1.4210799932479858,0.5286983251571655,0.9774786829948425,-0.447921484708786,0.003809908637776971,0.0007731020450592041,0.042998526245355606,1.450880709766655,0.5392048016791363,0.9993190438396216,-0.45748117708425895,0.004317837438200224,0.0007050588124826005,,,,,,,,,,,,
1.8000000000000003,grasp,,,,,,,,,,,,,,,,,,,,,1.4736323356628418,0.5479915738105774,1.0129241943359375,-0.46479615569114685,0.004912013188004494,0.0006515751592814922,0.042998526245355606,1.5295815121101701,0.5679467769117005,1.0526502734044911,-0.48270824043799976,0.00542109780767284,0.0005356717129351706,,,,,,,,,,,,
1.8200000000000003,grasp,,,,,,,,,,,,,,,,,,,,,1.5008512735366821,0.5578432083129883,1.0315048694610596,-0.4734877645969391,0.004940197337418795,0.000599934603087604,0.042998526245355606,1.5295815121101701,0.5679467769117005,1.0526502734044911,-0.48270824043799976,0.00542109780767284,0.0005356717129351706,,,,,,,,,,,,
1.8399999999999999,grasp,,,,,,,,,,,,,,,,,,,,,1.5510493516921997,0.5762714743614197,1.0653656721115112,-0.4896099865436554,0.005987086798995733,0.00048523538862355053,0.042998526245355606,1.6044939876836748,0.5953033648182053,1.103416514666874,-0.5067224579515188,0.006471303051237247,0.0003744313244181622,,,,,,,,,,,,
1.8599999999999999,grasp,,,,,,,,,,,,,,,,,,,,,1.577052354812622,0.5856826901435852,1.0831105709075928,-0.4979141056537628,0.006013285368680954,0.00043562485370785,0.042998526245355606,1.6044939876836748,0.5953033648182053,1.103416514666874,-0.5067224579515188,0.006471303051237247,0.0003744313244181622,,,,,,,,,,,,
1.88,grasp,,,,,,,,,,,,,,,,,,,,,1.624528408050537,0.6031114459037781,1.1151385307312012,-0.5131645798683167,0.007000770419836044,0.0003271372406743467,0.042998526245355606,1.6750743188545858,0.6210768440416998,1.1512501546570753,-0.52935065127067,0.007460869433211909,0.00022250228886041415,,,,,,,,,,,,
1.9,grasp,,,,,,,,,,,,,,,,,,,,,1.6491230726242065,0.6120138764381409,1.1319172382354736,-0.5210195779800415,0.00702659972012043,0.00028050466789864004,0.042998526245355606,1.6750743188545858,0.6210768440416998,1.1512501546570753,-0.52935065127067,0.007460869433211909,0.00022250228886041415,,,,,,,,,,,,
1.92,grasp,,,,,,,,,,,,,,,,,,,,,1.6937386989593506,0.6282071471214294,1.162001371383667,-0.5355246067047119,0.00795799307525158,0.00017832375306170434,0.042998526245355606,1.741242407080698,0.6448522633408802,1.19605919458516,-0.5509184591790867,0.008396342569243983,8.004622878942203e-05,,,,,,,,,,,,
1.94,grasp,,,,,,,,,,,,,,,,,,,,,1.716855764389038,0.6364769339561462,1.1777582168579102,-0.5429958701133728,0.007984843105077744,0.0001345534110441804,0.042998526245355606,1.741242407080698,0.6448522633408802,1.19605919458516,-0.5509184591790867,0.008396342569243983,8.004622878942203e-05,,,,,,,,,,,,
1.96,grasp,,,,,,,,,,,,,,,,,,,,,1.746656060218811,0.6581104397773743,1.1990368366241455,-0.5429522395133972,0.008363191969692707,6.670427683275193e-05,0.042998526245355606,1.7783504732922792,0.680661080334204,1.2236130707604227,-0.5428854836625029,0.008498743799011126,-6.747402906562772e-07,,,,,,,,,,,,
1.98,grasp,,,,,,,,,,,,,,,,,,,,,1.7620797157287598,0.6693119406700134,1.2101010084152222,-0.54292893409729,0.008313608355820179,3.648369602160528e-05,0.042998526245355606,1.7783504732922792,0.680661080334204,1.2236130707604227,-0.5428854836625029,0.008498743799011126,-6.747402906562772e-07,,,,,,,,,,,,
2.0,grasp,,,,,,,,,,,,,,,,,,,,,1.7689807415008545,0.7007964849472046,1.2178341150283813,-0.5190411806106567,0.007857123389840126,2.098174809361808e-05,0.042998526245355606,1.7762603417023515,0.7341688379056168,1.2278765173767177,-0.4936370865069105,0.007476608271315504,1.9429868160295575e-06,,,,,,,,,,,,
2.02,grasp,,,,,,,,,,,,,,,,,,,,,1.7725193500518799,0.717361569404602,1.2216992378234863,-0.5067349672317505,0.007654095534235239,1.2228158993821125e-05,0.042998526245355606,1.7762603417023515,0.7341688379056168,1.2278765173767177,-0.4936370865069105,0.007476608271315504,1.9429868160295575e-06,,,,,,,,,,,,
2.04,grasp,,,,,,,,,,,,,,,,,,,,,1.7739096879959106,0.7486528158187866,1.225828766822815,-0.4796181321144104,0.007133857347071171,7.5237285273033194e-06,0.042998526245355606,1.7753848025769408,0.7814169580279614,1.2322230876997422,-0.45078182713162246,0.006600790157229797,2.189836056737254e-06,,,,,,,,,,,,
2.06,grasp,,,,,,,,,,,,,,,,,,,,,1.7746249437332153,0.7649495601654053,1.2278597354888916,-0.4656484127044678,0.006868836935609579,5.111593964102212e-06,0.042998526245355606,1.7753848025769408,0.7814169580279614,1.2322230876997422,-0.45078182713162246,0.006600790157229797,2.189836056737254e-06,,,,,,,,,,,,
2.08,grasp,,,,,,,,,,,,,,,,,,,,,1.7750530242919922,0.7932560443878174,1.2307336330413818,-0.44022154808044434,0.005486242938786745,0.00010215862857876346,0.042998526245355606,1.7746179014112053,0.8228839908208025,1.2360321144783695,-0.41317130246236117,0.005833193744080082,2.406188646473445e-06,,,,,,,,,,,,
2.1,grasp,,,,,,,,,,,,,,,,,,,,,1.7749358415603638,0.8080213069915771,1.2322105169296265,-0.42711859941482544,0.005420214496552944,7.545270636910573e-05,0.042998526245355606,1.7746179014112053,0.8228839908208025,1.2360321144783695,-0.41317130246236117,0.005833193744080082,2.406188646473445e-06,,,,,,,,,,,,
2.12,grasp,,,,,,,,,,,,,,,,,,,,,1.7748242616653442,0.8327478766441345,1.2345139980316162,-0.40470901131629944,0.004597335588186979,0.00011787356925196946,0.042998526245355606,1.7739587757949091,0.85850223963037,1.2393053833027639,-0.38086437277581286,0.005173620066182054,2.5921076630050954e-06,,,,,,,,,,,,
2.14,grasp,,,,,,,,,,,,,,,,,,,,,1.774442195892334,0.8456406593322754,1.2357467412948608,-0.39315924048423767,0.00479255523532629,6.797390233259648e-05,0.042998526245355606,1.7739587757949091,0.85850223963037,1.2393053833027639,-0.38086437277581286,0.005173620066182054,2.5921076630050954e-06,,,,,,,,,,,,
2.16,grasp,,,,,,,,,,,,,,,,,,,,,1.7742851972579956,0.866554319858551,1.2379910945892334,-0.3741007149219513,0.004056919366121292,0.00011597380944294855,0.042998526245355606,1.7734060448407643,0.8883099557239204,1.242049717095056,-0.35382526609306386,0.00462072364544562,2.747971442118637e-06,,,,,,,,,,,,
2.18,grasp,,,,,,,,,,,,,,,,,,,,,1.7739522457122803,0.8775042295455933,1.2388789653778076,-0.364281564950943,0.004097607918083668,7.843010826036334e-05,0.042998526245355606,1.7734060448407643,0.8883099557239204,1.242049717095056,-0.35382526609306386,0.00462072364544562,2.747971442118637e-06,,,,,,,,,,,,
2.2,grasp,,,,,,,,,,,,,,,,,,,,,1.7736496925354004,0.8947393298149109,1.2406120300292969,-0.3486003279685974,0.00375500600785017,8.768541738390923e-05,0.042998526245355606,1.772956806209627,0.9124597330649691,1.2442799221201641,-0.33191649432730214,0.004171521466750164,2.874606224533971e-06,,,,,,,,,,,,
2.22,grasp,,,,,,,,,,,,,,,,,,,,,1.7737233638763428,0.9036150574684143,1.2418831586837769,-0.340518981218338,0.003056821646168828,0.00014696150901727378,0.042998526245355606,1.772956806209627,0.9124597330649691,1.2442799221201641,-0.33191649432730214,0.004171521466750164,2.874606224533971e-06,,,,,,,,,,,,
2.24,grasp,,,,,,,,,,,,,,,,,,,,,1.7735737562179565,0.9172062277793884,1.2434561252593994,-0.32810071110725403,0.0025783544406294823,0.00017282446788158268,0.042998526245355606,1.7726059204482725,0.9312256714884248,1.2460207385394255,-0.3148903024062176,0.003820970086600003,2.973424543950328e-06,,,,,,,,,,,,
2.2600000000000002,grasp,,,,,,,,,,,,,,,,,,,,,1.7732826471328735,0.9243493676185608,1.2438875436782837,-0.3217043876647949,0.0027484248857945204,0.0001368042139802128,0.042998526245355606,1.7726059204482725,0.9312256714884248,1.2460207385394255,-0.3148903024062176,0.003820970086600003,2.973424543950328e-06,,,,,,,,,,,,
2.2800000000000002,grasp,,,,,,,,,,,,,,,,,,,,,1.7733370065689087,0.9344938397407532,1.2456707954406738,-0.3123379051685333,0.0020461450330913067,0.0001976909552467987,0.042998526245355606,1.7723465938771643,0.9450114067789351,1.2473075643485299,-0.3023809147928701,0.0035618677307664554,3.046457098920705e-06,,,,,,,,,,,,
2.3000000000000003,grasp,,,,,,,,,,,,,,,,,,,,,1.7729982137680054,0.939953088760376,1.245489478111267,-0.30752062797546387,0.002421247772872448,0.00014408236893359572,0.042998526245355606,1.7723465938771643,0.9450114067789351,1.2473075643485299,-0.3023809147928701,0.0035618677307664554,3.046457098920705e-06,,,,,,,,,,,,
2.3200000000000003,grasp,,,,,,,,,,,,,,,,,,,,,1.7727123498916626,0.9472600817680359,1.245836615562439,-0.3009253740310669,0.0025856003630906343,0.00010719893907662481,0.042998526245355606,1.7721689947924089,0.9543580388245091,1.2481893023870267,-0.2938969381919454,0.0033843757580072015,3.0964824839236268e-06,,,,,,,,,,,,
2.3400000000000003,grasp,,,,,,,,,,,,,,,,,,,,,1.7725446224212646,0.9510477781295776,1.2458760738372803,-0.297529011964798,0.0027748283464461565,7.68741374486126e-05,0.042998526245355606,1.7721689947924089,0.9543580388245091,1.2481893023870267,-0.2938969381919454,0.0033843757580072015,3.0964824839236268e-06,,,,,,,,,,,,
2.36,grasp,,,,,,,,,,,,,,,,,,,,,1.7727113962173462,0.9555903673171997,1.2464659214019775,-0.2933151423931122,0.002144785597920418,0.00014222417667042464,0.042998526245355606,1.7720599886967927,0.9599508640920296,1.2487298277353494,-0.2888122972181997,0.003275573790360674,3.1271453391724863e-06,,,,,,,,,,,,
2.38,grasp,,,,,,,,,,,,,,,,,,,,,1.77251136302948,0.9580622911453247,1.246547818183899,-0.2911418676376343,0.0023744869977235794,0.00010905706585617736,0.042998526245355606,1.7720599886967927,0.9599508640920296,1.2487298277353494,-0.2888122972181997,0.003275573790360674,3.1271453391724863e-06,,,,,,,,,,,,
2.4,grasp,,,,,,,,,,,,,,,,,,,,,1.7726163864135742,0.9605374932289124,1.2469062805175781,-0.28883832693099976,0.0019805904012173414,0.00015007000183686614,0.042998526245355606,1.7720066008054438,0.9626364734963517,1.2489949200765085,-0.2863668595592314,0.003222211753572807,3.142182929543212e-06,,,,,,,,,,,,
2.42,grasp,,,,,,,,,,,,,,,,,,,,,1.7724894285202026,0.9618788957595825,1.246918797492981,-0.2876507341861725,0.002171627478674054,0.000125337959616445,0.042998526245355606,1.7720066008054438,0.9626364734963517,1.2489949200765085,-0.2863668595592314,0.003222211753572807,3.142182929543212e-06,,,,,,,,,,,,
2.44,grasp,,,,,,,,,,,,,,,,,,,,,1.772485375404358,0.9629412889480591,1.247057318687439,-0.2866916060447693,0.0020563979633152485,0.0001357436558464542,0.042998526245355606,1.7719908984509194,0.963421997616772,1.2490728625790608,-0.28565128815643126,0.0032065208417993117,3.1466046621054067e-06,,,,,,,,,,,,
2.46,grasp,,,,,,,,,,,,,,,,,,,,,1.7724603414535522,0.96348637342453,1.2471686601638794,-0.28619706630706787,0.0020713836420327425,0.00013371203385759145,0.042998526245355606,1.7719908984509194,0.963421997616772,1.2490728625790608,-0.28565128815643126,0.0032065208417993117,3.1466046621054067e-06,,,,,,,,,,,,
2.462615499570966,grasp,,,,,,,,,,,,,,,,,,,,,1.7724645137786865,0.9637937545776367,1.24722421169281,-0.28592345118522644,0.002018365543335676,0.00013811442477162927,0.042998526245355606,1.7719900608062744,0.9634644985198975,1.2490770816802979,-0.285612553358078,0.003205671440809965,3.1468439374293666e-06,,,,,,,,,,,,
2.462615499570966,grasp,,,,,,,,,,,,,,,,,,,,,,,,,,,0.04349314421415329,,,,,,,0.0,,,,,,,,,,,
2.482615499570966,grasp,,,,,,,,,,,,,,,,,,,,,,,,,,,0.0434850100427866,,,,,,,0.0,,,,,,,,,,,
2.502615499570966,grasp,,,,,,,,,,,,,,,,,,,,,,,,,,,0.04344450496137142,,,,,,,0.0,,,,,,,,,,,
2.522615499570966,grasp,,,,,,,,,,,,,,,,,,,,,,,,,,,0.043343717232346535,,,,,,,0.0,,,,,,,,,,,
2.542615499570966,grasp,,,,,,,,,,,,,,,,,,,,,,,,,,,0.04316338896751404,,,,,,,0.0,,,,,,,,,,,
2.562615499570966,grasp,,,,,,,,,,,,,,,,,,,,,,,,,,,0.04289477877318859,,,,,,,0.0,,,,,,,,,,,
2.582615499570966,grasp,,,,,,,,,,,,,,,,,,,,,,,,,,,0.04250749759376049,,,,,,,0.0,,,,,,,,,,,
2.602615499570966,grasp,,,,,,,,,,,,,,,,,,,,,,,,,,,0.041837962344288826,,,,,,,0.0,,,,,,,,,,,
2.622615499570966,grasp,,,,,,,,,,,,,,,,,,,,,,,,,,,0.04101733677089214,,,,,,,0.0,,,,,,,,,,,
2.642615499570966,grasp,,,,,,,,,,,,,,,,,,,,,,,,,,,0.040018605068325996,,,,,,,0.0,,,,,,,,,,,
2.662615499570966,grasp,,,,,,,,,,,,,,,,,,,,,,,,,,,0.038540540263056755,,,,,,,0.0,,,,,,,,,,,
2.682615499570966,grasp,,,,,,,,,,,,,,,,,,,,,,,,,,,0.03685997240245342,,,,,,,0.0,,,,,,,,,,,
2.7026154995709657,grasp,,,,,,,,,,,,,,,,,,,,,,,,,,,0.03679681941866875,,,,,,,0.0,,,,,,,,,,,
2.722615499570966,grasp,,,,,,,,,,,,,,,,,,,,,,,,,,,0.036775801330804825,,,,,,,0.0,,,,,,,,,,,
2.7426154995709657,grasp,,,,,,,,,,,,,,,,,,,,,,,,,,,0.036741023883223534,,,,,,,0.0,,,,,,,,,,,
2.7626154995709657,grasp,,,,,,,,,,,,,,,,,,,,,,,,,,,0.03670584596693516,,,,,,,0.0,,,,,,,,,,,
2.7826154995709658,grasp,,,,,,,,,,,,,,,,,,,,,,,,,,,0.03667227923870087,,,,,,,0.0,,,,,,,,,,,
2.802615499570966,grasp,,,,,,,,,,,,,,,,,,,,,,,,,,,0.03663871996104717,,,,,,,0.0,,,,,,,,,,,
2.822615499570966,grasp,,,,,,,,,,,,,,,,,,,,,,,,,,,0.036604736000299454,,,,,,,0.0,,,,,,,,,,,
2.842615499570966,grasp,,,,,,,,,,,,,,,,,,,,,,,,,,,0.03657098859548569,,,,,,,0.0,,,,,,,,,,,
2.862615499570966,grasp,,,,,,,,,,,,,,,,,,,,,,,,,,,0.03653832711279392,,,,,,,0.0,,,,,,,,,,,
2.882615499570966,grasp,,,,,,,,,,,,,,,,,,,,,,,,,,,0.03650682978332043,,,,,,,0.0,,,,,,,,,,,
2.902615499570966,grasp,,,,,,,,,,,,,,,,,,,,,,,,,,,0.03647727146744728,,,,,,,0.0,,,,,,,,,,,
2.922615499570966,grasp,,,,,,,,,,,,,,,,,,,,,,,,,,,0.0364496223628521,,,,,,,0.0,,,,,,,,,,,
2.942615499570966,grasp,,,,,,,,,,,,,,,,,,,,,,,,,,,0.03642455115914345,,,,,,,0.0,,,,,,,,,,,
2.962615499570966,grasp,,,,,,,,,,,,,,,,,,,,,,,,,,,0.03640211187303066,,,,,,,0.0,,,,,,,,,,,
2.982615499570966,grasp,,,,,,,,,,,,,,,,,,,,,,,,,,,0.036382779479026794,,,,,,,0.0,,,,,,,,,,,
3.002615499570966,grasp,,,,,,,,,,,,,,,,,,,,,,,,,,,0.036366431042551994,,,,,,,0.0,,,,,,,,,,,
3.022615499570966,grasp,,,,,,,,,,,,,,,,,,,,,,,,,,,0.036353232339024544,,,,,,,0.0,,,,,,,,,,,
3.042615499570966,grasp,,,,,,,,,,,,,,,,,,,,,,,,,,,0.03634252957999706,,,,,,,0.0,,,,,,,,,,,
3.062615499570966,grasp,,,,,,,,,,,,,,,,,,,,,,,,,,,0.03623960167169571,,,,,,,0.0,,,,,,,,,,,
3.082615499570966,grasp,,,,,,,,,,,,,,,,,,,,,,,,,,,0.03617184981703758,,,,,,,0.0,,,,,,,,,,,
3.102615499570966,grasp,,,,,,,,,,,,,,,,,,,,,,,,,,,0.03602802753448486,,,,,,,0.0,,,,,,,,,,,
3.122615499570966,grasp,,,,,,,,,,,,,,,,,,,,,,,,,,,0.035932404920458794,,,,,,,0.0,,,,,,,,,,,
3.142615499570966,grasp,,,,,,,,,,,,,,,,,,,,,,,,,,,0.03586514852941036,,,,,,,0.0,,,,,,,,,,,
3.142615499570966,grasp,,,,,,,,,,,,,,,,,,,,,1.7726647853851318,0.963779866695404,1.2492479085922241,-0.2856210470199585,0.0014606735203415155,0.006870597135275602,0.03586514852941036,1.7719900608062744,0.9634644985198975,1.2490770816802979,-0.285612553358078,0.003205671440809965,3.1468439374293666e-06,,,,,,,,,,,,
3.162615499570966,grasp,,,,,,,,,,,,,,,,,,,,,1.7726606130599976,0.9637681841850281,1.2492395639419556,-0.2856212854385376,0.0014680121093988419,0.006584303919225931,0.03586514852941036,1.7719900608062744,0.9634644985198975,1.2490770816802979,-0.285612553358078,0.003205671440809965,3.1468439374293666e-06,,,,,,,,,,,,
3.182615499570966,grasp,,,,,,,,,,,,,,,,,,,,,1.7726620435714722,0.963710367679596,1.2492204904556274,-0.2856716513633728,0.0014676847495138645,0.00643690163269639,0.03586514852941036,1.7719922902620002,0.9633512550962374,1.249065839744265,-0.28571576558447487,0.0032079347045384666,3.1462063960887622e-06,,,,,,,,,,,,
3.202615499570966,grasp,,,,,,,,,,,,,,,,,,,,,1.7726627588272095,0.9636823534965515,1.2492109537124634,-0.2856975495815277,0.0014660378219559789,0.006360958330333233,0.03586514852941036,1.7719922902620002,0.9633512550962374,1.249065839744265,-0.28571576558447487,0.0032079347045384666,3.1462063960887622e-06,,,,,,,,,,,,
3.222615499570966,grasp,,,,,,,,,,,,,,,,,,,,,1.7726640701293945,0.9633169174194336,1.2491055727005005,-0.2860504984855652,0.0014774039154872298,0.0063215517438948154,0.03586514852941036,1.7720076716353164,0.9625833793252677,1.2489896315997233,-0.28641523372555233,0.0032232764698472004,3.1418828551960522e-06,,,,,,,,,,,,
3.242615499570966,grasp,,,,,,,,,,,,,,,,,,,,,1.7726593017578125,0.9631392955780029,1.2490535974502563,-0.2862321734428406,0.001486985944211483,0.006301042158156633,0.03586514852941036,1.7720076716353164,0.9625833793252677,1.2489896315997233,-0.28641523372555233,0.0032232764698472004,3.1418828551960522e-06,,,,,,,,,,,,
3.262615499570966,grasp,,,,,,,,,,,,,,,,,,,,,1.77269446849823,0.9620876908302307,1.2489579916000366,-0.28721359372138977,0.0014924503630027175,0.006284104660153389,0.03586514852941036,1.7720476862220145,0.9605722147298194,1.2487909072422458,-0.2882466889107194,0.0032632791077121877,3.130610040258748e-06,,,,,,,,,,,,
3.282615499570966,grasp,,,,,,,,,,,,,,,,,,,,,1.772721290588379,0.9615075588226318,1.2491549253463745,-0.2877172827720642,0.0015131615800783038,0.006265977863222361,0.03586514852941036,1.7720476862220145,0.9605722147298194,1.2487909072422458,-0.2882466889107194,0.0032632791077121877,3.130610040258748e-06,,,,,,,,,,,,
3.3026154995709662,grasp,,,,,,,,,,,,,,,,,,,,,1.772756814956665,0.9593949913978577,1.2488658428192139,-0.2896430790424347,0.001550491200760007,0.006244972348213196,0.03586514852941036,1.7721218194009045,0.9567969500784967,1.2484232924301468,-0.29168079416101816,0.0033372736511770025,3.109757210529027e-06,,,,,,,,,,,,
3.3226154995709662,grasp,,,,,,,,,,,,,,,,,,,,,1.7727508544921875,0.9582728743553162,1.2486635446548462,-0.29063552618026733,0.001580171869136393,0.006221432704478502,0.03586514852941036,1.7721218194009045,0.9567969500784967,1.2484232924301468,-0.29168079416101816,0.0033372736511770025,3.109757210529027e-06,,,,,,,,,,,,
3.3426154995709663,grasp,,,,,,,,,,,,,,,,,,,,,1.772797703742981,0.9549067616462708,1.2478127479553223,-0.2937904894351959,0.0016517131589353085,0.0061944820918142796,0.03586514852941036,1.7722370211720384,0.9508021175708528,1.2478516799061221,-0.29712575706459743,0.003452343286154654,3.077326686060275e-06,,,,,,,,,,,,
3.3626154995709663,grasp,,,,,,,,,,,,,,,,,,,,,1.7728327512741089,0.953130304813385,1.2475368976593018,-0.29541462659835815,0.0016826740466058254,0.006171500310301781,0.03586514852941036,1.7722370211720384,0.9508021175708528,1.2478516799061221,-0.29712575706459743,0.003452343286154654,3.077326686060275e-06,,,,,,,,,,,,
3.3826154995709663,grasp,,,,,,,,,,,,,,,,,,,,,1.7729368209838867,0.948131263256073,1.2463635206222534,-0.3000425398349762,0.001727996626868844,0.006143713369965553,0.03586514852941036,1.772399661107682,0.9421988317624213,1.2470441158015344,-0.3049332094724797,0.0036149054645970504,3.0315080118485475e-06,,,,,,,,,,,,
3.402615499570966,grasp,,,,,,,,,,,,,,,,,,,,,1.7728922367095947,0.9456098675727844,1.245432734489441,-0.3024294972419739,0.001953382743522525,0.006113449577242136,0.03586514852941036,1.772399661107682,0.9421988317624213,1.2470441158015344,-0.3049332094724797,0.0036149054645970504,3.0315080118485475e-06,,,,,,,,,,,,
3.4226154995709663,grasp,,,,,,,,,,,,,,,,,,,,,1.772775411605835,0.9387964606285095,1.2440778017044067,-0.308734267950058,0.002585188252851367,0.0060645053163170815,0.03586514852941036,1.7726164958718345,0.930662778425299,1.2459683190769015,-0.31540108606968326,0.0038315261271330697,2.9704490747134253e-06,,,,,,,,,,,,
3.442615499570966,grasp,,,,,,,,,,,,,,,,,,,,,1.7726081609725952,0.9352041482925415,1.2435543537139893,-0.311977744102478,0.00329817202873528,0.006029239855706692,0.03586514852941036,1.7726164958718345,0.930662778425299,1.2459683190769015,-0.31540108606968326,0.0038315261271330697,2.9704490747134253e-06,,,,,,,,,,,,
3.462615499570966,grasp,,,,,,,,,,,,,,,,,,,,,1.7727195024490356,0.9262730479240417,1.2426294088363647,-0.32013219594955444,0.003741858061403036,0.00600839639082551,0.03586514852941036,1.7728921363304084,0.9159263262242014,1.244600769009811,-0.3287714368069224,0.0041069051814925156,2.8928218562866247e-06,,,,,,,,,,,,
3.482615499570966,grasp,,,,,,,,,,,,,,,,,,,,,1.7727845907211304,0.9216184616088867,1.242052435874939,-0.3243345022201538,0.003988286014646292,0.005999389104545116,0.03586514852941036,1.7728921363304084,0.9159263262242014,1.244600769009811,-0.3287714368069224,0.0041069051814925156,2.8928218562866247e-06,,,,,,,,,,,,
3.502615499570966,grasp,,,,,,,,,,,,,,,,,,,,,1.7730014324188232,0.9104664325714111,1.2410731315612793,-0.3344804346561432,0.004234267398715019,0.005996313877403736,0.03586514852941036,1.7732301597470563,0.8977786024382423,1.242923001050983,-0.3452355387537401,0.004444814357625425,2.7975623467786174e-06,,,,,,,,,,,,
3.522615499570966,grasp,,,,,,,,,,,,,,,,,,,,,1.7731088399887085,0.9046458005905151,1.2406327724456787,-0.33970707654953003,0.004375363700091839,0.005994122009724379,0.03586514852941036,1.7732301597470563,0.8977786024382423,1.242923001050983,-0.3452355387537401,0.004444814357625425,2.7975623467786174e-06,,,,,,,,,,,,
3.542615499570966,grasp,,,,,,,,,,,,,,,,,,,,,1.7733588218688965,0.8911868333816528,1.2393581867218018,-0.3519512414932251,0.004643731284886599,0.00599297508597374,0.03586514852941036,1.773633366751859,0.8760622301101701,1.2409212786794832,-0.3649357227084132,0.0048480598635671016,2.6838833877037106e-06,,,,,,,,,,,,
3.562615499570966,grasp,,,,,,,,,,,,,,,,,,,,,1.77349054813385,0.8841698169708252,1.238788366317749,-0.3582586646080017,0.0047758230939507484,0.005992434918880463,0.03586514852941036,1.773633366751859,0.8760622301101701,1.2409212786794832,-0.3649357227084132,0.0048480598635671016,2.6838833877037106e-06,,,,,,,,,,,,
3.582615499570966,grasp,,,,,,,,,,,,,,,,,,,,,1.7737832069396973,0.8683246374130249,1.237283706665039,-0.3726750910282135,0.0050786156207323074,0.0059920502826571465,0.03586514852941036,1.774103793500375,0.850670804235262,1.2385852895568152,-0.387967916253658,0.005318701489939771,2.5512109059423774e-06,,,,,,,,,,,,
3.602615499570966,grasp,,,,,,,,,,,,,,,,,,,,,1.7739368677139282,0.8600631952285767,1.2366008758544922,-0.38010141253471375,0.0052287462167441845,0.005991864949464798,0.03586514852941036,1.774103793500375,0.850670804235262,1.2385852895568152,-0.387967916253658,0.005318701489939771,2.5512109059423774e-06,,,,,,,,,,,,
3.622615499570966,grasp,,,,,,,,,,,,,,,,,,,,,1.774274230003357,0.8417801260948181,1.2348709106445312,-0.39673516154289246,0.005571707617491484,0.005991725251078606,0.03586514852941036,1.7746426450515516,0.8215464228552098,1.2359092592744474,-0.41438450048997116,0.005857956586660007,2.3992087565710233e-06,,,,,,,,,,,,
3.642615499570966,grasp,,,,,,,,,,,,,,,,,,,,,1.774450421333313,0.8322478532791138,1.2340739965438843,-0.40530404448509216,0.00574529031291604,0.005991578102111816,0.03586514852941036,1.7746426450515516,0.8215464228552098,1.2359092592744474,-0.41438450048997116,0.005857956586660007,2.3992087565710233e-06,,,,,,,,,,,,
3.662615499570966,grasp,,,,,,,,,,,,,,,,,,,,,1.7748337984085083,0.8115074634552002,1.2321208715438843,-0.42417269945144653,0.006131039932370186,0.005991511046886444,0.03586514852941036,1.7752504809411798,0.7886771875298917,1.232890117405599,-0.4441968230377559,0.006466371314421369,2.2277224060823676e-06,,,,,,,,,,,,
3.682615499570966,grasp,,,,,,,,,,,,,,,,,,,,,1.7750329971313477,0.8006935715675354,1.231208086013794,-0.4338928461074829,0.00632932223379612,0.005991392768919468,0.03586514852941036,1.7752504809411798,0.7886771875298917,1.232890117405599,-0.4441968230377559,0.006466371314421369,2.2277224060823676e-06,,,,,,,,,,,,
3.702615499570966,grasp,,,,,,,,,,,,,,,,,,,,,1.7754628658294678,0.7775062322616577,1.2290349006652832,-0.45498767495155334,0.006758518051356077,0.0059913271106779575,0.03586514852941036,1.7759277915400187,0.7520945042302288,1.2295271742847358,-0.4773776350760544,0.007144037052099932,2.0367216338885083e-06,,,,,,,,,,,,
3.722615499570966,grasp,,,,,,,,,,,,,,,,,,,,,1.775684118270874,0.7654155492782593,1.2280011177062988,-0.4658547639846802,0.0069822403602302074,0.005991161335259676,0.03586514852941036,1.7759277915400187,0.7520945042302288,1.2295271742847358,-0.4773776350760544,0.007144037052099932,2.0367216338885083e-06,,,,,,,,,,,,
3.742615499570966,grasp,,,,,,,,,,,,,,,,,,,,,1.7761605978012085,0.739818274974823,1.2256118059158325,-0.4891427755355835,0.007454731967300177,0.005991173908114433,0.03586514852941036,1.776674856037218,0.7118707068468506,1.2258185407961995,-0.5138635580005555,0.007891217727238463,1.826128639735423e-06,,,,,,,,,,,,
3.762615499570966,grasp,,,,,,,,,,,,,,,,,,,,,1.7764052152633667,0.7264697551727295,1.2244534492492676,-0.5011399388313293,0.007704795803874731,0.005990904290229082,0.03586514852941036,1.776674856037218,0.7118707068468506,1.2258185407961995,-0.5138635580005555,0.007891217727238463,1.826128639735423e-06,,,,,,,,,,,,
3.782615499570966,grasp,,,,,,,,,,,,,,,,,,,,,1.7764897346496582,0.6987906098365784,1.2215824127197266,-0.5260360240936279,0.008189957588911057,0.005992406979203224,0.03586514852941036,1.7765635814324952,0.6686660594035755,1.221203033748045,-0.5524655877483233,0.008683119091897156,3.5718837114108706e-06,,,,,,,,,,,,
3.8026154995709662,grasp,,,,,,,,,,,,,,,,,,,,,1.776516318321228,0.6843583583831787,1.2201504707336426,-0.538861870765686,0.008486435748636723,0.0059918928891420364,0.03586514852941036,1.7765635814324952,0.6686660594035755,1.221203033748045,-0.5524655877483233,0.008683119091897156,3.5718837114108706e-06,,,,,,,,,,,,
3.8226154995709662,grasp,,,,,,,,,,,,,,,,,,,,,1.7583916187286377,0.6651583909988403,1.206505298614502,-0.5441491007804871,0.007725605741143227,0.0060515450313687325,0.03586514852941036,1.7386434856469615,0.6442906989346157,1.1943399145937683,-0.5497368136919899,0.008352372438468272,8.562968980798894e-05,,,,,,,,,,,,
3.8426154995709663,grasp,,,,,,,,,,,,,,,,,,,,,1.748584508895874,0.6552973389625549,1.199235439300537,-0.5468692183494568,0.008754129521548748,0.006034170743077993,0.03586514852941036,1.7386434856469615,0.6442906989346157,1.1943399145937683,-0.5497368136919899,0.008352372438468272,8.562968980798894e-05,,,,,,,,,,,,
3.862615499570966,grasp,,,,,,,,,,,,,,,,,,,,,1.7187306880950928,0.6409261226654053,1.1785308122634888,-0.540136456489563,0.007118341512978077,0.006113156210631132,0.03586514852941036,1.686295227565534,0.6251742683440693,1.1588553631320881,-0.5329486114237447,0.007618212147421253,0.00019834547335066804,,,,,,,,,,,,
3.8826154995709663,grasp,,,,,,,,,,,,,,,,,,,,,1.7026665210723877,0.633600115776062,1.1675546169281006,-0.5366633534431458,0.00839309860020876,0.006093741860240698,0.03586514852941036,1.686295227565534,0.6251742683440693,1.1588553631320881,-0.5329486114237447,0.007618212147421253,0.00019834547335066804,,,,,,,,,,,,
3.902615499570966,grasp,,,,,,,,,,,,,,,,,,,,,1.668184518814087,0.6199458241462708,1.1439616680145264,-0.5262541174888611,0.006492050364613533,0.006200773175805807,0.03586514852941036,1.6308126358508899,0.6049141416218324,1.1212526931740048,-0.5151598191812546,0.006840284490693784,0.00031778109871750005,,,,,,,,,,,,
3.9226154995709663,grasp,,,,,,,,,,,,,,,,,,,,,1.6497063636779785,0.6129807829856873,1.1314983367919922,-0.5208873748779297,0.007779263891279697,0.006190051324665546,0.03586514852941036,1.6308126358508899,0.6049141416218324,1.1212526931740048,-0.5151598191812546,0.006840284490693784,0.00031778109871750005,,,,,,,,,,,,
3.942615499570966,grasp,,,,,,,,,,,,,,,,,,,,,1.6125996112823486,0.5989900231361389,1.106204867362976,-0.5090542435646057,0.005754424724727869,0.006293884944170713,0.03586514852941036,1.572437922203547,0.58359725258315,1.0816926137037872,-0.4964462258887725,0.006021899866887488,0.00044342902892173194,,,,,,,,,,,,
3.9626154995709664,grasp,,,,,,,,,,,,,,,,,,,,,1.5927627086639404,0.5918529629707336,1.092862844467163,-0.5029538869857788,0.0070575387217104435,0.006268770433962345,0.03586514852941036,1.572437922203547,0.58359725258315,1.0816926137037872,-0.4964462258887725,0.006021899866887488,0.00044342902892173194,,,,,,,,,,,,
3.982615499570966,grasp,,,,,,,,,,,,,,,,,,,,,1.5536985397338867,0.5773037672042847,1.0662808418273926,-0.4903348386287689,0.004903750494122505,0.006384124048054218,0.03586514852941036,1.511436677412807,0.56132044398281,1.0403543444670327,-0.4768918905087862,0.005166730110079873,0.0005747255339649111,,,,,,,,,,,,
4.002615499570966,grasp,,,,,,,,,,,,,,,,,,,,,1.5328350067138672,0.5698813199996948,1.052247405052185,-0.4838292896747589,0.00625658081844449,0.006376377306878567,0.03586514852941036,1.511436677412807,0.56132044398281,1.0403543444670327,-0.4768918905087862,0.005166730110079873,0.0005747255339649111,,,,,,,,,,,,
4.022615499570966,grasp,,,,,,,,,,,,,,,,,,,,,1.4921183586120605,0.5547668933868408,1.024558663368225,-0.47063905000686646,0.004025811795145273,0.006502591539174318,0.03586514852941036,1.448096414293285,0.5381879646631952,0.9974322950212527,-0.4565886918373477,0.00427880624288268,0.0007110514212338558,,,,,,,,,,,,
4.042615499570966,grasp,,,,,,,,,,,,,,,,,,,,,1.4703978300094604,0.5470566749572754,1.0099401473999023,-0.46383896470069885,0.005418206565082073,0.006498404312878847,0.03586514852941036,1.448096414293285,0.5381879646631952,0.9974322950212527,-0.4565886918373477,0.00427880624288268,0.0007110514212338558,,,,,,,,,,,,
4.062615499570966,grasp,,,,,,,,,,,,,,,,,,,,,1.4282629489898682,0.5314286351203918,0.9812989830970764,-0.45018187165260315,0.0031032210681587458,0.006636093836277723,0.03586514852941036,1.3827238738031793,0.514310996722913,0.9531339663567687,-0.43563484227718846,0.003362429845545848,0.0008517458385575392,,,,,,,,,,,,
4.0826154995709665,grasp,,,,,,,,,,,,,,,,,,,,,1.4058008193969727,0.5234580039978027,0.9661750197410583,-0.44314077496528625,0.004548700992017984,0.006633733864873648,0.03586514852941036,1.3827238738031793,0.514310996722913,0.9531339663567687,-0.43563484227718846,0.003362429845545848,0.0008517458385575392,,,,,,,,,,,,
4.102615499570966,grasp,,,,,,,,,,,,,,,,,,,,,1.362463355064392,0.5073893070220947,0.9367259740829468,-0.42909473180770874,0.002157522365450859,0.006776957307010889,0.03586514852941036,1.315641789983706,0.4898076849742953,0.9076782802005152,-0.41413361209862976,0.002422102696249106,0.0009961173171249246,,,,,,,,,,,,
4.122615499570966,grasp,,,,,,,,,,,,,,,,,,,,,1.3393768072128296,0.4991947114467621,0.9211722016334534,-0.42185279726982117,0.0036426023580133915,0.006775218993425369,0.03586514852941036,1.315641789983706,0.4898076849742953,0.9076782802005152,-0.41413361209862976,0.002422102696249106,0.0009961173171249246,,,,,,,,,,,,
4.142615499570966,grasp,,,,,,,,,,,,,,,,,,,,,1.295054316520691,0.4827634394168854,0.8910624384880066,-0.40749040246009827,0.0011946189915761352,0.006922109518200159,0.03586514852941036,1.2471869888987632,0.4648004600577176,0.8612931173815338,-0.39219264503459844,0.001462519661155789,0.0011434451349283466,,,,,,,,,,,,
4.1626154995709665,grasp,,,,,,,,,,,,,,,,,,,,,1.2714605331420898,0.474385529756546,0.8751568794250488,-0.4000849425792694,0.002709887223318219,0.006920611951500177,0.03586514852941036,1.2471869888987632,0.4648004600577176,0.8612931173815338,-0.39219264503459844,0.001462519661155789,0.0011434451349283466,,,,,,,,,,,,
4.182615499570966,grasp,,,,,,,,,,,,,,,,,,,,,1.2263779640197754,0.4576740264892578,0.8445388674736023,-0.38547980785369873,0.00021846841264050454,0.007070139050483704,0.03586514852941036,1.1777070764292055,0.4394159398750225,0.8142135330758907,-0.3699233067030942,0.0004885766249709244,0.0012929774965805554,,,,,,,,,,,,
4.202615499570966,grasp,,,,,,,,,,,,,,,,,,,,,1.2023956775665283,0.44915467500686646,0.8283616900444031,-0.37794870138168335,0.0017570614581927657,0.007068728096783161,0.03586514852941036,1.1777070764292055,0.4394159398750225,0.8142135330758907,-0.3699233067030942,0.0004885766249709244,0.0012929774965805554,,,,,,,,,,,,
4.222615499570966,grasp,,,,,,,,,,,,,,,,,,,,,1.156783938407898,0.4322473406791687,0.7973923683166504,-0.36317554116249084,-0.000765352277085185,0.007220102474093437,0.03586514852941036,1.1075577791005728,0.41378297106583056,0.7666801669923963,-0.34743970813155584,-0.0004947266133023672,0.0014439466490584068,,,,,,,,,,,,
4.242615499570967,grasp,,,,,,,,,,,,,,,,,,,,,1.132535457611084,0.4236298203468323,0.7810258865356445,-0.35555729269981384,0.0007893122383393347,0.007218738552182913,0.03586514852941036,1.1075577791005728,0.41378297106583056,0.7666801669923963,-0.34743970813155584,-0.0004947266133023672,0.0014439466490584068,,,,,,,,,,,,
4.262615499570966,grasp,,,,,,,,,,,,,,,,,,,,,1.0866295099258423,0.4066132605075836,0.7498638033866882,-0.34069186449050903,-0.001751868287101388,0.0073711988516151905,0.03586514852941036,1.0370997726260942,0.38803304698897595,0.7189373264017941,-0.3248573093362367,-0.0014823631035291737,0.0015955807233309603,,,,,,,,,,,,
4.282615499570966,grasp,,,,,,,,,,,,,,,,,,,,,1.0622377395629883,0.3979417681694031,0.7333914041519165,-0.33302539587020874,-0.00018873489170800894,0.00736983772367239,0.03586514852941036,1.0370997726260942,0.38803304698897595,0.7189373264017941,-0.3248573093362367,-0.0014823631035291737,0.0015955807233309603,,,,,,,,,,,,
4.302615499570966,grasp,,,,,,,,,,,,,,,,,,,,,1.016273856163025,0.3809029459953308,0.7021968364715576,-0.3181443512439728,-0.002736145630478859,0.007522605359554291,0.03586514852941036,0.9666960795048232,0.36229831340935015,0.6712310984386755,-0.30229243112365606,-0.0024692620659497165,0.001747101188948065,,,,,,,,,,,,
4.322615499570966,grasp,,,,,,,,,,,,,,,,,,,,,0.9918642044067383,0.37222209572792053,0.6857029795646667,-0.31046923995018005,-0.0011718898313120008,0.00752126844599843,0.03586514852941036,0.9666960795048232,0.36229831340935015,0.6712310984386755,-0.30229243112365606,-0.0024692620659497165,0.001747101188948065,,,,,,,,,,,,
4.342615499570966,grasp,,,,,,,,,,,,,,,,,,,,,0.946081280708313,0.3552483320236206,0.6546367406845093,-0.29564908146858215,-0.0037128215190023184,0.0076735676266252995,0.03586514852941036,0.8967095137557716,0.33671049382460466,0.6238071157405441,-0.27986130553670163,-0.0034503104315372676,0.0018977237402951904,,,,,,,,,,,,
4.362615499570966,grasp,,,,,,,,,,,,,,,,,,,,,0.9217782616615295,0.34660273790359497,0.6382065415382385,-0.28800463676452637,-0.002155219903215766,0.007672276347875595,0.03586514852941036,0.8967095137557716,0.33671049382460466,0.6238071157405441,-0.27986130553670163,-0.0034503104315372676,0.0018977237402951904,,,,,,,,,,,,
4.382615499570966,grasp,,,,,,,,,,,,,,,,,,,,,0.8764120936393738,0.32978111505508423,0.6074284911155701,-0.2733217477798462,-0.00467695901170373,0.00782332755625248,0.03586514852941036,0.8274993872607029,0.31140115953501973,0.5769087211578453,-0.25767905635544475,-0.004420448552224054,0.00204667223500844,,,,,,,,,,,,
4.402615499570966,grasp,,,,,,,,,,,,,,,,,,,,,0.8523392081260681,0.32121527194976807,0.5911453366279602,-0.2657473683357239,-0.003133519785478711,0.007821986451745033,0.03586514852941036,0.8274993872607029,0.31140115953501973,0.5769087211578453,-0.25767905635544475,-0.004420448552224054,0.00204667223500844,,,,,,,,,,,,
4.422615499570966,grasp,,,,,,,,,,,,,,,,,,,,,0.807623028755188,0.3046310544013977,0.5608132481575012,-0.25127676129341125,-0.005623260512948036,0.007971026934683323,0.03586514852941036,0.7594194572196602,0.2864980487235987,0.5307752932870796,-0.23585897318345145,-0.005374732434574043,0.0021931877344955404,,,,,,,,,,,,
4.442615499570966,grasp,,,,,,,,,,,,,,,,,,,,,0.783902645111084,0.2961883544921875,0.5447610020637512,-0.24381117522716522,-0.004101774655282497,0.007969665341079235,0.03586514852941036,0.7594194572196602,0.2864980487235987,0.5307752932870796,-0.23585897318345145,-0.005374732434574043,0.0021931877344955404,,,,,,,,,,,,
4.462615499570966,grasp,,,,,,,,,,,,,,,,,,,,,0.7400645613670349,0.2799254357814789,0.5150286555290222,-0.22962607443332672,-0.0065474542789161205,0.008115923963487148,0.03586514852941036,0.6928141309510569,0.2621272432594373,0.4856401767676262,-0.2145113742197422,-0.006308372352213474,0.00233653460747538,,,,,,,,,,,,
4.482615499570966,grasp,,,,,,,,,,,,,,,,,,,,,0.7168158888816833,0.2716488540172577,0.49928805232048035,-0.2223069965839386,-0.00505531020462513,0.008114542812108994,0.03586514852941036,0.6928141309510569,0.2621272432594373,0.4856401767676262,-0.2145113742197422,-0.006308372352213474,0.00233653460747538,,,,,,,,,,,,
4.502615499570966,grasp,,,,,,,,,,,,,,,,,,,,,0.6740767955780029,0.25578856468200684,0.4703044891357422,-0.20847883820533752,-0.007444337010383606,0.0082573052495718,0.03586514852941036,0.6280162594670824,0.23841041370464142,0.4417287497228697,-0.19374284506398398,-0.00721669887443239,0.002475996008662806,,,,,,,,,,,,
4.522615499570966,grasp,,,,,,,,,,,,,,,,,,,,,0.6514157652854919,0.24771954119205475,0.4549548327922821,-0.2013431191444397,-0.0059892465360462666,0.00825594738125801,0.03586514852941036,0.6280162594670824,0.23841041370464142,0.4417287497228697,-0.19374284506398398,-0.00721669887443239,0.002475996008662806,,,,,,,,,,,,
4.542615499570966,grasp,,,,,,,,,,,,,,,,,,,,,0.6099876165390015,0.2323400378227234,0.42686352133750916,-0.18794003129005432,-0.00830996036529541,0.008394524455070496,0.03586514852941036,0.5653445847070679,0.21546293521804172,0.399256553344792,-0.17365543982421267,-0.008095229955790626,0.002610883588211802,,,,,,,,,,,,
4.562615499570966,grasp,,,,,,,,,,,,,,,,,,,,,0.588025689125061,0.22451815009117126,0.41198039054870605,-0.1810230016708374,-0.006898646242916584,0.008393142372369766,0.03586514852941036,0.5653445847070679,0.21546293521804172,0.399256553344792,-0.17365543982421267,-0.008095229955790626,0.002610883588211802,,,,,,,,,,,,
4.5826154995709665,grasp,,,,,,,,,,,,,,,,,,,,,0.5481106638908386,0.20969338715076447,0.3849172294139862,-0.16810981929302216,-0.0091398311778903,0.008526875637471676,0.03586514852941036,0.5051000989397313,0.19339492494133734,0.35842755407110805,-0.15434565921719307,-0.0089397367531904,0.002740548347458335,,,,,,,,,,,,
4.602615499570966,grasp,,,,,,,,,,,,,,,,,,,,,0.5269529223442078,0.20215633511543274,0.37057310342788696,-0.16144493222236633,-0.0077794622629880905,0.008525489829480648,0.03586514852941036,0.5051000989397313,0.19339492494133734,0.35842755407110805,-0.15434565921719307,-0.0089397367531904,0.002740548347458335,,,,,,,,,,,,
4.622615499570966,grasp,,,,,,,,,,,,,,,,,,,,,0.48873910307884216,0.18795616924762726,0.3446654975414276,-0.14908245205879211,-0.009930088184773922,0.008653693832457066,0.03586514852941036,0.4475635989318982,0.17230936424128754,0.3194321530896921,-0.13590356156367106,-0.009746287192379792,0.002864386015031493,,,,,,,,,,,,
4.642615499570966,grasp,,,,,,,,,,,,,,,,,,,,,0.4684849977493286,0.18073932826519012,0.3309282660484314,-0.14270126819610596,-0.008627534843981266,0.00865236297249794,0.03586514852941036,0.4475635989318982,0.17230936424128754,0.3194321530896921,-0.13590356156367106,-0.009746287192379792,0.002864386015031493,,,,,,,,,,,,
4.6626154995709665,grasp,,,,,,,,,,,,,,,,,,,,,0.4321467876434326,0.16722767055034637,0.3062940537929535,-0.13094568252563477,-0.010677330195903778,0.008774449117481709,0.03586514852941036,0.3929935043442335,0.15229933926132894,0.28244524771343227,-0.11841195046038501,-0.0105112673531802,0.0029818414630855185,,,,,,,,,,,,
4.682615499570966,grasp,,,,,,,,,,,,,,,,,,,,,0.41288813948631287,0.16036316752433777,0.2932267189025879,-0.1248771920800209,-0.009440670721232891,0.008773198351264,0.03586514852941036,0.3929935043442335,0.15229933926132894,0.28244524771343227,-0.11841195046038501,-0.0105112673531802,0.0029818414630855185,,,,,,,,,,,,
4.702615499570966,grasp,,,,,,,,,,,,,,,,,,,,,0.3785838186740875,0.1475987583398819,0.26997262239456177,-0.11377955228090286,-0.011380600742995739,0.0088886683806777,0.03586514852941036,0.34162202018623333,0.1334502487166557,0.24762418430352473,-0.10194527923151953,-0.011231429644661391,0.003092415454214563,,,,,,,,,,,,
4.722615499570966,grasp,,,,,,,,,,,,,,,,,,,,,0.36040347814559937,0.14111611247062683,0.25763246417045593,-0.10805024951696396,-0.010212009772658348,0.00888738315552473,0.03586514852941036,0.34162202018623333,0.1334502487166557,0.24762418430352473,-0.10194527923151953,-0.011231429644661391,0.003092415454214563,,,,,,,,,,,,
4.742615499570967,grasp,,,,,,,,,,,,,,,,,,,,,0.3282719850540161,0.1291503608226776,0.23585255444049835,-0.09765557944774628,-0.012028850615024567,0.008995546028017998,0.03586514852941036,0.29365312220290835,0.11583621137803629,0.21510699088900065,-0.08656890840825734,-0.011903921301413621,0.0031956697121831297,,,,,,,,,,,,
4.762615499570966,grasp,,,,,,,,,,,,,,,,,,,,,0.3112446963787079,0.12307541072368622,0.22429122030735016,-0.09228885173797607,-0.010939300060272217,0.00899449922144413,0.03586514852941036,0.29365312220290835,0.11583621137803629,0.21510699088900065,-0.08656890840825734,-0.011903921301413621,0.0031956697121831297,,,,,,,,,,,,
4.782615499570966,grasp,,,,,,,,,,,,,,,,,,,,,0.2814074456691742,0.11195341497659683,0.2040669173002243,-0.08263590931892395,-0.012633152306079865,0.009095157496631145,0.03586514852941036,0.24925906860515049,0.09952076826250209,0.1850105533674461,-0.07233816596297794,-0.01252630901773528,0.0032912307145842442,,,,,,,,,,,,
4.802615499570966,grasp,,,,,,,,,,,,,,,,,,,,,0.26559436321258545,0.10630857199430466,0.19332699477672577,-0.07765191048383713,-0.01161615177989006,0.009093969129025936,0.03586514852941036,0.24925906860515049,0.09952076826250209,0.1850105533674461,-0.07233816596297794,-0.01252630901773528,0.0032912307145842442,,,,,,,,,,,,
4.822615499570966,grasp,,,,,,,,,,,,,,,,,,,,,0.23815008997917175,0.09606651216745377,0.17472490668296814,-0.06877249479293823,-0.013181924819946289,0.009186864830553532,0.03586514852941036,0.2085782325619353,0.08455420550967388,0.15742864455287428,-0.05929747013991999,-0.01309663538843934,0.003378798594555688,,,,,,,,,,,,
4.842615499570966,grasp,,,,,,,,,,,,,,,,,,,,,0.22360478341579437,0.09086986631155014,0.16484364867210388,-0.06418760120868683,-0.012250036932528019,0.009185835719108582,0.03586514852941036,0.2085782325619353,0.08455420550967388,0.15742864455287428,-0.05929747013991999,-0.01309663538843934,0.003378798594555688,,,,,,,,,,,,
4.862615499570966,grasp,,,,,,,,,,,,,,,,,,,,,0.19862592220306396,0.08153587579727173,0.14791245758533478,-0.05610581487417221,-0.013672230765223503,0.009270287118852139,0.03586514852941036,0.17171192536071347,0.07097360900270167,0.13243000738414884,-0.04747935794161465,-0.0136134696548763,0.003458154163516078,,,,,,,,,,,,
4.882615499570966,grasp,,,,,,,,,,,,,,,,,,,,,0.18538884818553925,0.07680090516805649,0.1389177441596985,-0.051932696253061295,-0.01283201389014721,0.00926955882459879,0.03586514852941036,0.17171192536071347,0.07097360900270167,0.13243000738414884,-0.04747935794161465,-0.0136134696548763,0.003458154163516078,,,,,,,,,,,,
4.902615499570966,grasp,,,,,,,,,,,,,,,,,,,,,0.16292501986026764,0.06839419156312943,0.12369152158498764,-0.04466428607702255,-0.014110362157225609,0.009345496073365211,0.03586514852941036,0.13872126567811363,0.05880301981495273,0.11005636870240855,-0.036903394863583995,-0.014075971075086803,0.0035291678894503273,,,,,,,,,,,,
4.922615499570966,grasp,,,,,,,,,,,,,,,,,,,,,0.15102173388004303,0.06413024663925171,0.11560188978910446,-0.04091121256351471,-0.013360757380723953,0.009345017373561859,0.03586514852941036,0.13872126567811363,0.05880301981495273,0.11005636870240855,-0.036903394863583995,-0.014075971075086803,0.0035291678894503273,,,,,,,,,,,,
4.942615499570966,grasp,,,,,,,,,,,,,,,,,,,,,0.13109491765499115,0.05666040629148483,0.10209468007087708,-0.0344633013010025,-0.014494635164737701,0.009412401355803013,0.03586514852941036,0.10962470288355639,0.04805126932004014,0.09032056199009955,-0.027575474268972795,-0.014483897397717221,0.0035918022217323264,,,,,,,,,,,,
4.962615499570966,grasp,,,,,,,,,,,,,,,,,,,,,0.12053648382425308,0.05287199094891548,0.09491852670907974,-0.031133919954299927,-0.013835161924362183,0.009412105195224285,0.03586514852941036,0.10962470288355639,0.04805126932004014,0.09032056199009955,-0.027575474268972795,-0.014483897397717221,0.0035918022217323264,,,,,,,,,,,,
4.982615499570966,grasp,,,,,,,,,,,,,,,,,,,,,0.10314019024372101,0.04633666202425957,0.08312541991472244,-0.025504272431135178,-0.014825551770627499,0.00947094988077879,0.03586514852941036,0.08439619509171366,0.038707942291259984,0.07320467069268535,-0.01948720399189889,-0.014837619520965815,0.00364611459177061,,,,,,,,,,,,
5.002615499570966,grasp,,,,,,,,,,,,,,,,,,,,,0.09392260760068893,0.04302221164107323,0.07686065137386322,-0.02259746380150318,-0.014255590736865997,0.009470848366618156,0.03586514852941036,0.08439619509171366,0.038707942291259984,0.07320467069268535,-0.01948720399189889,-0.014837619520965815,0.00364611459177061,,,,,,,,,,,,
5.022615499570966,grasp,,,,,,,,,,,,,,,,,,,,,0.07902003824710846,0.037406373769044876,0.06675590574741364,-0.01777406968176365,-0.015105857513844967,0.009521329775452614,0.03586514852941036,0.06296204365341308,0.030743383144682536,0.05865812952167922,-0.012614935812572097,-0.01513816381335588,0.003692262172505424,,,,,,,,,,,,
5.042615499570966,grasp,,,,,,,,,,,,,,,,,,,,,0.07112426310777664,0.03455812484025955,0.06138886883854866,-0.015283653512597084,-0.014621821232140064,0.009521296247839928,0.03586514852941036,0.06296204365341308,0.030743383144682536,0.05865812952167922,-0.012614935812572097,-0.01513816381335588,0.003692262172505424,,,,,,,,,,,,
5.062615499570966,grasp,,,,,,,,,,,,,,,,,,,,,0.058644503355026245,0.029836129397153854,0.05292441323399544,-0.01124381460249424,-0.01533522829413414,0.009563631378114223,0.03586514852941036,0.045196373128802994,0.024112794641687613,0.046595775230174,-0.006918364174050015,-0.015387287349543222,0.003730515010303447,,,,,,,,,,,,
5.0826154995709665,grasp,,,,,,,,,,,,,,,,,,,,,0.05203277990221977,0.027440857142210007,0.04843003302812576,-0.009158025495707989,-0.01493280753493309,0.009563686326146126,0.03586514852941036,0.045196373128802994,0.024112794641687613,0.046595775230174,-0.006918364174050015,-0.015387287349543222,0.003730515010303447,,,,,,,,,,,,
5.102615499570966,grasp,,,,,,,,,,,,,,,,,,,,,0.04187024012207985,0.023576192557811737,0.04153420031070709,-0.005867660976946354,-0.01551473792642355,0.00959816761314869,0.03586514852941036,0.030918410040489376,0.01875486025639886,0.036895974503257704,-0.00233963879240002,-0.015587517330459062,0.0037612611935316583,,,,,,,,,,,,
5.122615499570966,grasp,,,,,,,,,,,,,,,,,,,,,0.03648783639073372,0.021615033969283104,0.03787543252110481,-0.004168931394815445,-0.015197654254734516,0.009598554112017155,0.03586514852941036,0.030918410040489376,0.01875486025639886,0.036895974503257704,-0.00233963879240002,-0.015587517330459062,0.0037612611935316583,,,,,,,,,,,,
5.142615499570966,grasp,,,,,,,,,,,,,,,,,,,,,0.028497880324721336,0.018563173711299896,0.03245222941040993,-0.0015816796803846955,-0.015653034672141075,0.009625641629099846,0.03586514852941036,0.01988719937099528,0.014598034091427016,0.029398595628075567,0.0011981935149098382,-0.015742224476970112,0.003785017342286401,,,,,,,,,,,,
5.1626154995709665,grasp,,,,,,,,,,,,,,,,,,,,,0.02426718920469284,0.01701389066874981,0.029576770961284637,-0.00024604593636468053,-0.015409274958074093,0.00962604396045208,0.03586514852941036,0.01988719937099528,0.014598034091427016,0.029398595628075567,0.0011981935149098382,-0.015742224476970112,0.003785017342286401,,,,,,,,,,,,
5.182615499570966,grasp,,,,,,,,,,,,,,,,,,,,,0.018269529566168785,0.014714295975863934,0.02550497092306614,0.001696538645774126,-0.015752432867884636,0.009646414779126644,0.03586514852941036,0.011804507506310551,0.011542484291748681,0.02390332582878472,0.0037905680449824264,-0.015855584701554893,0.003802424668673759,,,,,,,,,,,,
5.202615499570966,grasp,,,,,,,,,,,,,,,,,,,,,0.015094590373337269,0.013546054251492023,0.023348024114966393,0.0026992906350642443,-0.01557423360645771,0.00964681152254343,0.03586514852941036,0.011804507506310551,0.011542484291748681,0.02390332582878472,0.0037905680449824264,-0.015855584701554893,0.003802424668673759,,,,,,,,,,,,
5.222615499570966,grasp,,,,,,,,,,,,,,,,,,,,,0.01086867693811655,0.011921852827072144,0.020479174330830574,0.004068555776029825,-0.015820614993572235,0.009661313146352768,0.03586514852941036,0.00631062127903409,0.009463268359848044,0.020167694738777647,0.005552669910917825,-0.015932637966638945,0.003814256915287571,,,,,,,,,,,,
5.242615499570967,grasp,,,,,,,,,,,,,,,,,,,,,0.008632250130176544,0.011095287278294563,0.018961401656270027,0.004775322508066893,-0.015700586140155792,0.009661790914833546,0.03586514852941036,0.00631062127903409,0.009463268359848044,0.020167694738777647,0.005552669910917825,-0.015932637966638945,0.003814256915287571,,,,,,,,,,,,
5.262615499570966,grasp,,,,,,,,,,,,,,,,,,,,,0.005915461573749781,0.010049670934677124,0.017117364332079887,0.005655744578689337,-0.015857083722949028,0.009671072475612164,0.03586514852941036,0.002983589357208653,0.008203275924766152,0.017905280876331565,0.006619791808727135,-0.01597930083480171,0.0038214225467776745,,,,,,,,,,,,
5.282615499570966,grasp,,,,,,,,,,,,,,,,,,,,,0.0044798534363508224,0.009516111575067043,0.01614481955766678,0.006110089365392923,-0.01578976958990097,0.009671608917415142,0.03586514852941036,0.002983589357208653,0.008203275924766152,0.017905280876331565,0.006619791808727135,-0.01597930083480171,0.0038214225467776745,,,,,,,,,,,,
5.302615499570966,grasp,,,,,,,,,,,,,,,,,,,,,0.0029681124724447727,0.008933144621551037,0.015119796618819237,0.006600100547075272,-0.015875158831477165,0.009676703251898289,0.03586514852941036,0.0013342284830873382,0.007578661515020729,0.016783704049129114,0.007148812545256384,-0.01600243243676945,0.003824974666541776,,,,,,,,,,,,
5.322615499570967,grasp,,,,,,,,,,,,,,,,,,,,,0.002171336906030774,0.008635105565190315,0.014581844210624695,0.006852882448583841,-0.015846606343984604,0.009677269496023655,0.03586514852941036,0.0013342284830873382,0.007578661515020729,0.016783704049129114,0.007148812545256384,-0.01600243243676945,0.003824974666541776,,,,,,,,,,,,
5.342615499570966,grasp,,,,,,,,,,,,,,,,,,,,,0.0015158643946051598,0.008381565101444721,0.014138693921267986,0.007065463345497847,-0.0158824622631073,0.009679446928203106,0.03586514852941036,0.0008033782373483335,0.00737762831049291,0.0164227215656328,0.007319078738013765,-0.016009877552241227,0.003826117970687814,,,,,,,,,,,,
5.362615499570966,grasp,,,,,,,,,,,,,,,,,,,,,0.0011722042690962553,0.008251230232417583,0.013908525928854942,0.007175045553594828,-0.01587834022939205,0.009679933078587055,0.03586514852941036,0.0008033782373483335,0.00737762831049291,0.0164227215656328,0.007319078738013765,-0.016009877552241227,0.003826117970687814,,,,,,,,,,,,
5.370884874034673,grasp,,,,,,,,,,,,,,,,,,,,,0.0009768500458449125,0.008175317198038101,0.013778875581920147,0.007238094694912434,-0.015887876972556114,0.009680542163550854,0.03586514852941036,0.000760955736041069,0.0073615629225969315,0.01639387384057045,0.007332685403525829,-0.016010472550988197,0.003826209343969822,,,,,,,,,,,,
