timestamp,phase,base_pos_x,base_pos_y,base_pos_z,base_yaw,base_quat_w,base_quat_x,base_quat_y,base_quat_z,base_lin_vel_x_body,base_lin_vel_y_body,base_ang_vel_z_body,cmd_vx,cmd_vy,cmd_wz,ee_pos_x,ee_pos_y,ee_pos_z,ee_roll,ee_pitch,ee_yaw,arm_joint1,arm_joint2,arm_joint3,arm_joint4,arm_joint5,arm_joint6,gripper,arm_action_joint1,arm_action_joint2,arm_action_joint3,arm_action_joint4,arm_action_joint5,arm_action_joint6,gripper_action,object_pos_x,object_pos_y,object_pos_z,object_quat_w,object_quat_x,object_quat_y,object_quat_z,front_image,wrist_image,success,failure_reason
0.0,grasp,,,,,,,,,,,,,,,,,,,,,,,,,,,-2.2176868341716727e-08,,,,,,,0.043,,,,,,,,,,,
0.02,grasp,,,,,,,,,,,,,,,,,,,,,,,,,,,1.458652559449547e-05,,,,,,,0.043,,,,,,,,,,,
0.04,grasp,,,,,,,,,,,,,,,,,,,,,,,,,,,0.00010978052523569204,,,,,,,0.043,,,,,,,,,,,
0.06,grasp,,,,,,,,,,,,,,,,,,,,,,,,,,,0.00033833744237199426,,,,,,,0.043,,,,,,,,,,,
0.08,grasp,,,,,,,,,,,,,,,,,,,,,,,,,,,0.0007235826924443245,,,,,,,0.043,,,,,,,,,,,
0.1,grasp,,,,,,,,,,,,,,,,,,,,,,,,,,,0.0012965153437107801,,,,,,,0.043,,,,,,,,,,,
0.12,grasp,,,,,,,,,,,,,,,,,,,,,,,,,,,0.002075346652418375,,,,,,,0.043,,,,,,,,,,,
0.14,grasp,,,,,,,,,,,,,,,,,,,,,,,,,,,0.003065897850319743,,,,,,,0.043,,,,,,,,,,,
0.16,grasp,,,,,,,,,,,,,,,,,,,,,,,,,,,0.004272411577403545,,,,,,,0.043,,,,,,,,,,,
0.18,grasp,,,,,,,,,,,,,,,,,,,,,,,,,,,0.0056896142195910215,,,,,,,0.043,,,,,,,,,,,
0.2,grasp,,,,,,,,,,,,,,,,,,,,,,,,,,,0.00730672013014555,,,,,,,0.043,,,,,,,,,,,
0.22,grasp,,,,,,,,,,,,,,,,,,,,,,,,,,,0.009108577389270067,,,,,,,0.043,,,,,,,,,,,
0.24,grasp,,,,,,,,,,,,,,,,,,,,,,,,,,,0.011074731592088938,,,,,,,0.043,,,,,,,,,,,
0.26,grasp,,,,,,,,,,,,,,,,,,,,,,,,,,,0.013181255664676428,,,,,,,0.043,,,,,,,,,,,
0.28,grasp,,,,,,,,,,,,,,,,,,,,,,,,,,,0.015400995034724474,,,,,,,0.043,,,,,,,,,,,
0.3,grasp,,,,,,,,,,,,,,,,,,,,,,,,,,,0.017704596742987633,,,,,,,0.043,,,,,,,,,,,
0.32,grasp,,,,,,,,,,,,,,,,,,,,,,,,,,,0.02006043028086424,,,,,,,0.043,,,,,,,,,,,
0.34,grasp,,,,,,,,,,,,,,,,,,,,,,,,,,,0.02243615221232176,,,,,,,0.043,,,,,,,,,,,
0.36,grasp,,,,,,,,,,,,,,,,,,,,,,,,,,,0.024799066595733166,,,,,,,0.043,,,,,,,,,,,
0.38,grasp,,,,,,,,,,,,,,,,,,,,,,,,,,,0.027116259559988976,,,,,,,0.043,,,,,,,,,,,
0.4,grasp,,,,,,,,,,,,,,,,,,,,,,,,,,,0.02935643307864666,,,,,,,0.043,,,,,,,,,,,
0.42,grasp,,,,,,,,,,,,,,,,,,,,,,,,,,,0.03148931823670864,,,,,,,0.043,,,,,,,,,,,
0.44,grasp,,,,,,,,,,,,,,,,,,,,,,,,,,,0.03348732553422451,,,,,,,0.043,,,,,,,,,,,
0.46,grasp,,,,,,,,,,,,,,,,,,,,,,,,,,,0.035325851291418076,,,,,,,0.043,,,,,,,,,,,
0.48,grasp,,,,,,,,,,,,,,,,,,,,,,,,,,,0.03698370419442654,,,,,,,0.043,,,,,,,,,,,
0.5,grasp,,,,,,,,,,,,,,,,,,,,,,,,,,,0.038444312289357185,,,,,,,0.043,,,,,,,,,,,
0.52,grasp,,,,,,,,,,,,,,,,,,,,,,,,,,,0.039696045219898224,,,,,,,0.043,,,,,,,,,,,
0.54,grasp,,,,,,,,,,,,,,,,,,,,,,,,,,,0.04073298163712025,,,,,,,0.043,,,,,,,,,,,
0.56,grasp,,,,,,,,,,,,,,,,,,,,,,,,,,,0.04155565984547138,,,,,,,0.043,,,,,,,,,,,
0.58,grasp,,,,,,,,,,,,,,,,,,,,,,,,,,,0.04217151924967766,,,,,,,0.043,,,,,,,,,,,
0.6,grasp,,,,,,,,,,,,,,,,,,,,,,,,,,,0.04259607009589672,,,,,,,0.043,,,,,,,,,,,
0.62,grasp,,,,,,,,,,,,,,,,,,,,,,,,,,,0.042852988466620445,,,,,,,0.043,,,,,,,,,,,
0.64,grasp,,,,,,,,,,,,,,,,,,,,,,,,,,,0.04297536052763462,,,,,,,0.043,,,,,,,,,,,
0.66,grasp,,,,,,,,,,,,,,,,,,,,,,,,,,,0.043005604296922684,,,,,,,0.043,,,,,,,,,,,
0.68,grasp,,,,,,,,,,,,,,,,,,,,,,,,,,,0.04299843683838844,,,,,,,0.043,,,,,,,,,,,
0.68,grasp,,,,,,,,,,,,,,,,,,,,,-1.6379509304442763e-07,0.0010455928277224302,0.00012923199392389506,-3.9064027077984065e-05,7.619199493547058e-09,-1.0313413456586318e-09,0.04299843683838844,-8.641352167160221e-08,0.0005271427216939628,0.00012056425475748256,-1.9687518943101168e-05,1.8117085609503647e-09,-4.799415864731316e-10,,,,,,,,,,,,
0.7000000000000001,grasp,,,,,,,,,,,,,,,,,,,,,-1.6509765998762305e-07,0.0010503508383408189,0.000129241612739861,-3.9244179788511246e-05,7.488138997757687e-09,-9.723731819732961e-10,0.04299843683838844,-8.641352167160221e-08,0.0005271427216939628,0.00012056425475748256,-1.9687518943101168e-05,1.8117085609503647e-09,-4.799415864731316e-10,,,,,,,,,,,,
0.7200000000000001,grasp,,,,,,,,,,,,,,,,,,,,,0.00010306613694410771,0.0010846268851310015,0.00012907505151815712,-6.927632057340816e-05,1.7992907714869943e-06,-2.6177032097507436e-08,0.04299843683838844,0.0002175720332024503,0.0005929638123807493,0.0002446749757846673,-8.146702990943453e-05,1.4495347581942604e-06,-3.722349975793038e-10,,,,,,,,,,,,
0.74,grasp,,,,,,,,,,,,,,,,,,,,,0.00015749337035231292,0.001102462993003428,0.0001290617510676384,-8.475939830532297e-05,1.1677360589601449e-06,-3.090427913576832e-09,0.04299843683838844,0.0002175720332024503,0.0005929638123807493,0.0002446749757846673,-8.146702990943453e-05,1.4495347581942604e-06,-3.722349975793038e-10,,,,,,,,,,,,
0.76,grasp,,,,,,,,,,,,,,,,,,,,,0.000889961957000196,0.001325251185335219,0.00012743707338813692,-0.0002941628044936806,1.4061174624657724e-05,-1.823334798700671e-07,0.04299843683838844,0.0016818383790554497,0.0010357655898206278,0.0010796122925345888,-0.0004970798927225251,1.1188886331195238e-05,3.523459254531809e-10,,,,,,,,,,,,
0.78,grasp,,,,,,,,,,,,,,,,,,,,,0.0012700844090431929,0.001441566157154739,0.00012740663078147918,-0.0004021394706796855,8.975212949735578e-06,-1.1001700883639387e-08,0.04299843683838844,0.0016818383790554497,0.0010357655898206278,0.0010796122925345888,-0.0004970798927225251,1.1188886331195238e-05,3.523459254531809e-10,,,,,,,,,,,,
0.8,grasp,,,,,,,,,,,,,,,,,,,,,0.0033055946696549654,0.0020772640127688646,0.0005335312453098595,-0.0009819029364734888,4.259304841980338e-05,-4.6130929831633694e-07,0.04299843683838844,0.005486415046416206,0.002186278112527554,0.003249009139410333,-0.0015769592070044769,3.649446477213457e-05,2.2350111977410302e-09,,,,,,,,,,,,
0.8200000000000001,grasp,,,,,,,,,,,,,,,,,,,,,0.004361496772617102,0.0023930820170789957,0.0008198831346817315,-0.001280126627534628,2.969717388623394e-05,-1.4803267056606728e-08,0.04299843683838844,0.005486415046416206,0.002186278112527554,0.003249009139410333,-0.0015769592070044769,3.649446477213457e-05,2.2350111977410302e-09,,,,,,,,,,,,
0.8400000000000001,grasp,,,,,,,,,,,,,,,,,,,,,0.008328097872436047,0.00359366531483829,0.002901460276916623,-0.002408101921901107,9.228722046827897e-05,-8.223768759307859e-07,0.04299843683838844,0.012566363688069371,0.004323560861634784,0.007284238605024803,-0.003586479086879387,8.358496567738741e-05,5.73841563382273e-09,,,,,,,,,,,,
0.8600000000000001,grasp,,,,,,,,,,,,,,,,,,,,,0.010384958237409592,0.0042020706459879875,0.004014717414975166,-0.0029889775905758142,6.90952074364759e-05,1.5655698959449182e-09,0.04299843683838844,0.012566363688069371,0.004323560861634784,0.007284238605024803,-0.003586479086879387,8.358496567738741e-05,5.73841563382273e-09,,,,,,,,,,,,
0.8800000000000001,grasp,,,,,,,,,,,,,,,,,,,,,0.016831057146191597,0.0061471182852983475,0.007620111107826233,-0.00482182577252388,0.00016796428826637566,-1.2365937891445355e-06,0.04299843683838844,0.023710068520515725,0.007667351850499654,0.013625742550292209,-0.006749255495529609,0.00015770050936797072,1.1252413119446536e-08,,,,,,,,,,,,
0.9,grasp,,,,,,,,,,,,,,,,,,,,,0.020172415301203728,0.007133447099477053,0.009537176229059696,-0.005765747744590044,0.00013259642582852393,4.267441866545596e-08,0.04299843683838844,0.023710068520515725,0.007667351850499654,0.013625742550292209,-0.006749255495529609,0.00015770050936797072,1.1252413119446536e-08,,,,,,,,,,,,
0.92,grasp,,,,,,,,,,,,,,,,,,,,,0.029559461399912834,0.009939640760421753,0.014824073761701584,-0.008434477262198925,0.0002738827024586499,-1.6891494851734024e-06,0.04299843683838844,0.03957009712815035,0.012372749474511915,0.022625029984514364,-0.011250157511726484,0.0002631731977646659,1.9099309239950567e-08,,,,,,,,,,,,
0.9400000000000001,grasp,,,,,,,,,,,,,,,,,,,,,0.0344240702688694,0.011363565921783447,0.017630571499466896,-0.009808917529881,0.00022488593822345138,1.0706596498266663e-07,0.04299843683838844,0.03957009712815035,0.012372749474511915,0.022625029984514364,-0.011250157511726484,0.0002631731977646659,1.9099309239950567e-08,,,,,,,,,,,,
0.9600000000000001,grasp,,,,,,,,,,,,,,,,,,,,,0.04712811857461929,0.015106536448001862,0.024770600721240044,-0.013420130126178265,0.0004135256167501211,-2.155381480406504e-06,0.04299843683838844,0.06067037209063621,0.01853278829262561,0.03454917395150189,-0.017237347873148165,0.0004034749356694382,2.9537420412148616e-08,,,,,,,,,,,,
0.98,grasp,,,,,,,,,,,,,,,,,,,,,0.05371048301458359,0.01700633578002453,0.02855737879872322,-0.015279978513717651,0.0003498231526464224,1.932472031285215e-07,0.04299843683838844,0.06067037209063621,0.01853278829262561,0.03454917395150189,-0.017237347873148165,0.0004034749356694382,2.9537420412148616e-08,,,,,,,,,,,,
1.0,grasp,,,,,,,,,,,,,,,,,,,,,0.07002025842666626,0.02173561602830887,0.03769097849726677,-0.019915452226996422,0.0005895005306228995,-2.6285790681868093e-06,0.04299843683838844,0.08740116105841057,0.02620803531689652,0.04959461483867358,-0.024821131218856006,0.0005811905392282999,4.2759062186009685e-08,,,,,,,,,,,,
1.02,grasp,,,,,,,,,,,,,,,,,,,,,0.07846963405609131,0.024136444553732872,0.042531803250312805,-0.022302845492959023,0.0005104264710098505,3.0421452379414404e-07,0.04299843683838844,0.08740116105841057,0.02620803531689652,0.04959461483867358,-0.024821131218856006,0.0005811905392282999,4.2759062186009685e-08,,,,,,,,,,,,
1.04,grasp,,,,,,,,,,,,,,,,,,,,,0.09858338534832001,0.029894603416323662,0.05376391485333443,-0.02801877073943615,0.000803425966296345,-3.0801234061073046e-06,0.04299843683838844,0.12001359205210345,0.03545898037609321,0.06790153696074173,-0.0340726891376912,0.0007979881275849884,5.8888344891652e-08,,,,,,,,,,,,
1.06,grasp,,,,,,,,,,,,,,,,,,,,,0.10900218784809113,0.03281819447875023,0.0597134493291378,-0.03096267208456993,0.0007088391575962305,4.3160588347745943e-07,0.04299843683838844,0.12001359205210345,0.03545898037609321,0.06790153696074173,-0.0340726891376912,0.0007979881275849884,5.8888344891652e-08,,,,,,,,,,,,
1.08,grasp,,,,,,,,,,,,,,,,,,,,,0.13303640484809875,0.03963421285152435,0.07311007380485535,-0.037792157381772995,0.0010563518153503537,-3.506175744405482e-06,0.04299843683838844,0.1586396448555903,0.046322104133061856,0.08954864720125444,-0.04502949132123661,0.001054745680884972,7.799061216681673e-08,,,,,,,,,,,,
1.1,grasp,,,,,,,,,,,,,,,,,,,,,0.14548474550247192,0.04309549555182457,0.08020222187042236,-0.04130960628390312,0.000946321408264339,5.786545216324157e-07,0.04299843683838844,0.1586396448555903,0.046322104133061856,0.08954864720125444,-0.04502949132123661,0.001054745680884972,7.799061216681673e-08,,,,,,,,,,,,
1.12,grasp,,,,,,,,,,,,,,,,,,,,,0.17348472774028778,0.05097557604312897,0.09578757733106613,-0.04926541820168495,0.0013485488016158342,-3.898993327311473e-06,0.04299843683838844,0.20330874773278504,0.05879435273991813,0.11454918990082298,-0.05769981340898749,0.0013516567893842762,1.0008025999767071e-07,,,,,,,,,,,,
1.1400000000000001,grasp,,,,,,,,,,,,,,,,,,,,,0.18798567354679108,0.054977983236312866,0.10403402894735336,-0.05336301773786545,0.0012235080357640982,7.387893674604129e-07,0.04299843683838844,0.20330874773278504,0.05879435273991813,0.11454918990082298,-0.05769981340898749,0.0013516567893842762,1.0008025999767071e-07,,,,,,,,,,,,
1.1600000000000001,grasp,,,,,,,,,,,,,,,,,,,,,0.2199271023273468,0.06391587108373642,0.12179472297430038,-0.06243826076388359,0.0016795543488115072,-4.247754986863583e-06,0.04299843683838844,0.25394585016808985,0.07285973897575176,0.14286131903177876,-0.07206239304077941,0.0016882227013461368,1.2512022938434462e-07,,,,,,,,,,,,
1.1800000000000002,grasp,,,,,,,,,,,,,,,,,,,,,0.2364678978919983,0.06845653057098389,0.13118711113929749,-0.06711247563362122,0.0015402492135763168,9.115540819948365e-07,0.04299843683838844,0.25394585016808985,0.07285973897575176,0.14286131903177876,-0.07206239304077941,0.0016882227013461368,1.2512022938434462e-07,,,,,,,,,,,,
1.2000000000000002,grasp,,,,,,,,,,,,,,,,,,,,,0.2722644805908203,0.07842641323804855,0.1510745882987976,-0.0772826075553894,0.0020483974367380142,-4.548162451101234e-06,0.04299843683838844,0.3103858616589626,0.08846869177335613,0.17439078647958964,-0.08807037951970513,0.002063345562599709,1.5302883094118914e-07,,,,,,,,,,,,
1.2200000000000002,grasp,,,,,,,,,,,,,,,,,,,,,0.29080021381378174,0.08349248766899109,0.16158583760261536,-0.0825207382440567,0.0018958080327138305,1.0943099368887488e-06,0.04299843683838844,0.3103858616589626,0.08846869177335613,0.17439078647958964,-0.08807037951970513,0.002063345562599709,1.5302883094118914e-07,,,,,,,,,,,,
1.2400000000000002,grasp,,,,,,,,,,,,,,,,,,,,,0.3303081691265106,0.09445181488990784,0.18351975083351135,-0.09374485909938812,0.002453472465276718,-4.796977918886114e-06,0.04299843683838844,0.3723784963758109,0.10554805238378415,0.20899666522704258,-0.10565278327508279,0.002475362553727327,1.8368238873110627e-07,,,,,,,,,,,,
1.26,grasp,,,,,,,,,,,,,,,,,,,,,0.3507639169692993,0.10002197325229645,0.1951058804988861,-0.09952586889266968,0.002288792748004198,1.2783176543962327e-06,0.04299843683838844,0.3723784963758109,0.10554805238378415,0.20899666522704258,-0.10565278327508279,0.002475362553727327,1.8368238873110627e-07,,,,,,,,,,,,
1.28,grasp,,,,,,,,,,,,,,,,,,,,,0.3937843441963196,0.11191881448030472,0.21897782385349274,-0.11174748837947845,0.0028927007224410772,-4.989155968360137e-06,0.04299843683838844,0.43959223113510065,0.12401448356900908,0.24649725122509203,-0.12471562666974748,0.0029220718365566317,2.1691705043903264e-07,,,,,,,,,,,,
1.3,grasp,,,,,,,,,,,,,,,,,,,,,0.4160572588443756,0.11796702444553375,0.23158034682273865,-0.11804230511188507,0.002717316849157214,1.4662210787719232e-06,0.04299843683838844,0.43959223113510065,0.12401448356900908,0.24649725122509203,-0.12471562666974748,0.0029220718365566317,2.1691705043903264e-07,,,,,,,,,,,,
1.32,grasp,,,,,,,,,,,,,,,,,,,,,0.46234583854675293,0.13073204457759857,0.25725430250167847,-0.13119195401668549,0.0033635632134974003,-5.133197191753425e-06,0.04299843683838844,0.5116304152225113,0.14375391287822498,0.28666925752561556,-0.14514643525775534,0.0034008360003233993,2.5253664389608966e-07,,,,,,,,,,,,
1.34,grasp,,,,,,,,,,,,,,,,,,,,,0.48630908131599426,0.1372232884168625,0.2707999050617218,-0.13796477019786835,0.00317899021320045,1.6553096884308616e-06,0.04299843683838844,0.5116304152225113,0.14375391287822498,0.28666925752561556,-0.14514643525775534,0.0034008360003233993,2.5253664389608966e-07,,,,,,,,,,,,
1.36,grasp,,,,,,,,,,,,,,,,,,,,,0.5355767011642456,0.1507798582315445,0.29811710119247437,-0.15196040272712708,0.003863090183585882,-5.218837486609118e-06,0.04299843683838844,0.5880303436721868,0.16464662575193573,0.32925741777587847,-0.16681399416633697,0.003908581105780183,2.9031242297505537e-07,,,,,,,,,,,,
1.3800000000000001,grasp,,,,,,,,,,,,,,,,,,,,,0.5610806345939636,0.15767520666122437,0.3125211000442505,-0.159169003367424,0.003671015612781048,1.860931206465466e-06,0.04299843683838844,0.5880303436721868,0.16464662575193573,0.32925741777587847,-0.16681399416633697,0.003908581105780183,2.9031242297505537e-07,,,,,,,,,,,,
1.4,grasp,,,,,,,,,,,,,,,,,,,,,0.6130016446113586,0.171934112906456,0.34130117297172546,-0.17391809821128845,0.004364508669823408,-2.566407147241989e-06,0.04299843683838844,0.6682776268319168,0.1865511726359269,0.3739747327433489,-0.18957249143087077,0.004441889660800941,3.29990132588343e-07,,,,,,,,,,,,
1.42,grasp,,,,,,,,,,,,,,,,,,,,,0.6398786306381226,0.17918848991394043,0.3564675748348236,-0.1815146654844284,0.0041635846719145775,3.438984322201577e-06,0.04299843683838844,0.6682776268319168,0.1865511726359269,0.3739747327433489,-0.18957249143087077,0.004441889660800941,3.29990132588343e-07,,,,,,,,,,,,
1.44,grasp,,,,,,,,,,,,,,,,,,,,,0.6940932869911194,0.19405272603034973,0.3865125775337219,-0.19691532850265503,0.004872043617069721,7.857256605348084e-07,0.04299843683838844,0.7518099933067453,0.20931707046325748,0.42050912103616467,-0.21326246765783013,0.004997026804829976,3.7129190550528365e-07,,,,,,,,,,,,
1.46,grasp,,,,,,,,,,,,,,,,,,,,,0.7221571207046509,0.20161674916744232,0.4023364186286926,-0.20484766364097595,0.004675481468439102,5.051905645814259e-06,0.04299843683838844,0.7518099933067453,0.20931707046325748,0.42050912103616467,-0.21326246765783013,0.004997026804829976,3.7129190550528365e-07,,,,,,,,,,,,
1.48,grasp,,,,,,,,,,,,,,,,,,,,,0.7782812118530273,0.21698300540447235,0.43343326449394226,-0.22079038619995117,0.005418545100837946,1.3858948477718513e-06,0.04299843683838844,0.8380258656671896,0.2327845505518091,0.46852705330916944,-0.23771340630958882,0.005569994604206819,4.1392029193409903e-07,,,,,,,,,,,,
1.5,grasp,,,,,,,,,,,,,,,,,,,,,0.8073297739028931,0.22480416297912598,0.4498019814491272,-0.2290017306804657,0.005232105031609535,5.920614967180882e-06,0.04299843683838844,0.8380258656671896,0.2327845505518091,0.46852705330916944,-0.23771340630958882,0.005569994604206819,4.1392029193409903e-07,,,,,,,,,,,,
1.52,grasp,,,,,,,,,,,,,,,,,,,,,0.8649587035179138,0.24056141078472137,0.4817245900630951,-0.2453705370426178,0.005987260490655899,2.200334165536333e-06,0.04299843683838844,0.9262937349375205,0.2567818093419695,0.5176770070224735,-0.26274621917013785,0.006156596238621343,4.5756305854751024e-07,,,,,,,,,,,,
1.54,grasp,,,,,,,,,,,,,,,,,,,,,0.8947774767875671,0.24858306348323822,0.49851900339126587,-0.2538013458251953,0.005813412368297577,6.112378741818247e-06,0.04299843683838844,0.9262937349375205,0.2567818093419695,0.5176770070224735,-0.26274621917013785,0.006156596238621343,4.5756305854751024e-07,,,,,,,,,,,,
1.56,grasp,,,,,,,,,,,,,,,,,,,,,0.9534820318222046,0.2646166980266571,0.531032145023346,-0.2704751789569855,0.006575448904186487,2.4102182578644715e-06,0.04299843683838844,1.0159573396266175,0.28113418553404435,0.5675950942191594,-0.2881748189393349,0.006752469929654375,5.018958236529644e-07,,,,,,,,,,,,
1.58,grasp,,,,,,,,,,,,,,,,,,,,,0.9838544130325317,0.27278050780296326,0.5481287240982056,-0.2790628671646118,0.006404462736099958,6.353232038236456e-06,0.04299843683838844,1.0159573396266175,0.28113418553404435,0.5675950942191594,-0.2881748189393349,0.006752469929654375,5.018958236529644e-07,,,,,,,,,,,,
1.6,grasp,,,,,,,,,,,,,,,,,,,,,1.0431954860687256,0.2889730632305145,0.5809903144836426,-0.295917272567749,0.007169682998210192,2.5250217277061893e-06,0.04299843683838844,1.1063448335141115,0.3056622233617034,0.6179084257421176,-0.31380874291157984,0.007353156218145494,5.465866103266055e-07,,,,,,,,,,,,
1.62,grasp,,,,,,,,,,,,,,,,,,,,,1.0738950967788696,0.29721924662590027,0.5982618927955627,-0.30459797382354736,0.0070023140870034695,6.446992301789578e-06,0.04299843683838844,1.1063448335141115,0.3056622233617034,0.6179084257421176,-0.31380874291157984,0.007353156218145494,5.465866103266055e-07,,,,,,,,,,,,
1.6400000000000001,grasp,,,,,,,,,,,,,,,,,,,,,1.1334248781204224,0.3134506940841675,0.6312251687049866,-0.3215065002441406,0.0077679832465946674,2.351926923438441e-06,0.04299843683838844,1.1967764585221852,0.33018362130974965,0.66823949179825,-0.3394553155702652,0.007954138913660157,5.912994989539714e-07,,,,,,,,,,,,
1.6600000000000001,grasp,,,,,,,,,,,,,,,,,,,,,1.164223313331604,0.3217178285121918,0.6485432982444763,-0.3302150070667267,0.007601430639624596,6.487451173597947e-06,0.04299843683838844,1.1967764585221852,0.33018362130974965,0.66823949179825,-0.3394553155702652,0.007954138913660157,5.912994989539714e-07,,,,,,,,,,,,
1.6800000000000002,grasp,,,,,,,,,,,,,,,,,,,,,1.2234938144683838,0.3378673791885376,0.6813614368438721,-0.3470505475997925,0.008364071138203144,2.0534894247248303e-06,0.04299843683838844,1.286572144147858,0.35451570996442283,0.7182104922622095,-0.36492166504523044,0.008550898355948211,6.356981161179327e-07,,,,,,,,,,,,
1.7000000000000002,grasp,,,,,,,,,,,,,,,,,,,,,1.2541606426239014,0.34609389305114746,0.6985959410667419,-0.35572150349617004,0.008197380229830742,6.436111107177567e-06,0.04299843683838844,1.286572144147858,0.35451570996442283,0.7182104922622095,-0.36492166504523044,0.008550898355948211,6.356981161179327e-07,,,,,,,,,,,,
1.7200000000000002,grasp,,,,,,,,,,,,,,,,,,,,,1.312725305557251,0.36204227805137634,0.7310224771499634,-0.37235766649246216,0.008953853510320187,1.6124740795930848e-06,0.04299843683838844,1.3750586482883316,0.3784787057000143,0.7674479226758191,-0.390017117012173,0.009138965278575932,6.794498381549107e-07,,,,,,,,,,,,
1.7400000000000002,grasp,,,,,,,,,,,,,,,,,,,,,1.3430321216583252,0.3701673448085785,0.7480448484420776,-0.3809259831905365,0.008785580284893513,6.334914360195398e-06,0.04299843683838844,1.3750586482883316,0.3784787057000143,0.7674479226758191,-0.390017117012173,0.009138965278575932,6.794498381549107e-07,,,,,,,,,,,,
1.7600000000000002,grasp,,,,,,,,,,,,,,,,,,,,,1.4004579782485962,0.38579726219177246,0.7798393368721008,-0.39723923802375793,0.009540858678519726,9.865607353276573e-08,0.04299843683838844,1.4615777705530626,0.4018968039700521,0.8155865626123164,-0.4145550447155582,0.009713970795866311,7.222295823561019e-07,,,,,,,,,,,,
1.7800000000000002,grasp,,,,,,,,,,,,,,,,,,,,,1.4301731586456299,0.3937608599662781,0.796524167060852,-0.4056410491466522,0.009380358271300793,5.602304554486182e-06,0.04299843683838844,1.4615777705530626,0.4018968039700521,0.8155865626123164,-0.4145550447155582,0.009713970795866311,7.222295823561019e-07,,,,,,,,,,,,
1.8000000000000003,grasp,,,,,,,,,,,,,,,,,,,,,1.4860374927520752,0.4089582860469818,0.8274518847465515,-0.42151081562042236,0.010135656222701073,-3.414159664316685e-06,0.04299843683838844,1.5454939975771915,0.42459999761376505,0.8622737855124545,-0.4383553964008995,0.010271694817725434,7.637235983526083e-07,,,,,,,,,,,,
1.8200000000000003,grasp,,,,,,,,,,,,,,,,,,,,,1.51494300365448,0.41670238971710205,0.8436761498451233,-0.42968425154685974,0.009980958886444569,3.946477590943687e-06,0.04299843683838844,1.5454939975771915,0.42459999761376505,0.8622737855124545,-0.4383553964008995,0.010271694817725434,7.637235983526083e-07,,,,,,,,,,,,
1.8399999999999999,grasp,,,,,,,,,,,,,,,,,,,,,1.5688406229019165,0.4313586354255676,0.8735133409500122,-0.44499585032463074,0.01068712305277586,-3.331384050397901e-06,0.04299843683838844,1.6262020466022884,0.44642647762434595,0.907173976946392,-0.4612468129426937,0.010808120551533048,8.036330215715553e-07,,,,,,,,,,,,
1.8599999999999999,grasp,,,,,,,,,,,,,,,,,,,,,1.5967270135879517,0.4388275742530823,0.8891608715057373,-0.4528816044330597,0.010534937493503094,2.7743869850382907e-06,0.04299843683838844,1.6262020466022884,0.44642647762434595,0.907173976946392,-0.4612468129426937,0.010808120551533048,8.036330215715553e-07,,,,,,,,,,,,
1.88,grasp,,,,,,,,,,,,,,,,,,,,,1.6482748985290527,0.4528399109840393,0.9176967740058899,-0.4675264060497284,0.011202536523342133,-3.0178289307514206e-06,0.04299843683838844,1.7031345870641998,0.4672246508861631,0.9499728152427993,-0.4830687540258822,0.011319483363748552,8.416778901931956e-07,,,,,,,,,,,,
1.9,grasp,,,,,,,,,,,,,,,,,,,,,1.6749451160430908,0.459981232881546,0.9326569437980652,-0.4750688374042511,0.011059470474720001,2.7741125450120308e-06,0.04299843683838844,1.7031345870641998,0.4672246508861631,0.9499728152427993,-0.4830687540258822,0.011319483363748552,8.416778901931956e-07,,,,,,,,,,,,
1.92,grasp,,,,,,,,,,,,,,,,,,,,,1.7237884998321533,0.47325456142425537,0.9596964120864868,-0.4889467656612396,0.01168791577219963,-3.0085525395406876e-06,0.04299843683838844,1.7757689846327713,0.48685562110134073,0.9903827052661756,-0.5036743669334798,0.011802341343617014,8.776025535989748e-07,,,,,,,,,,,,
1.94,grasp,,,,,,,,,,,,,,,,,,,,,1.749058485031128,0.48002004623413086,0.9738681316375732,-0.49609431624412537,0.011555724777281284,2.786163349810522e-06,0.04299843683838844,1.7757689846327713,0.48685562110134073,0.9903827052661756,-0.5036743669334798,0.011802341343617014,8.776025535989748e-07,,,,,,,,,,,,
1.96,grasp,,,,,,,,,,,,,,,,,,,,,1.7897685766220093,0.4954078197479248,0.9965493679046631,-0.5034566521644592,0.011948118917644024,-1.8269287238581455e-06,0.04299843683838844,1.8330837031393525,0.5112961372473533,1.0225580709075393,-0.5112607031318922,0.011947019555814354,9.475380349746722e-07,,,,,,,,,,,,
1.98,grasp,,,,,,,,,,,,,,,,,,,,,1.8108264207839966,0.5033062100410461,1.0084104537963867,-0.5072476863861084,0.011796069331467152,2.6712455110100564e-06,0.04299843683838844,1.8330837031393525,0.5112961372473533,1.0225580709075393,-0.5112607031318922,0.011947019555814354,9.475380349746722e-07,,,,,,,,,,,,
2.0,grasp,,,,,,,,,,,,,,,,,,,,,1.8222012519836426,0.5327930450439453,1.0155295133590698,-0.4848031997680664,0.011180290952324867,3.1742692954139784e-06,0.04299843683838844,1.834246397551191,0.5638472140731252,1.024792495839504,-0.4609327979710595,0.010615337380744307,1.18372003056986e-06,,,,,,,,,,,,
2.02,grasp,,,,,,,,,,,,,,,,,,,,,1.8280529975891113,0.5481517314910889,1.0191211700439453,-0.4732404947280884,0.010875828564167023,2.923634838225553e-06,0.04299843683838844,1.834246397551191,0.5638472140731252,1.024792495839504,-0.4609327979710595,0.010615337380744307,1.18372003056986e-06,,,,,,,,,,,,
2.04,grasp,,,,,,,,,,,,,,,,,,,,,1.8304455280303955,0.5798572301864624,1.0213536024093628,-0.44377174973487854,0.010122653096914291,2.454256218697992e-06,0.04299843683838844,1.832983037834333,0.6131369989208594,1.0255773627278986,-0.4124359691578815,0.009350462685813656,1.4041619997335514e-06,,,,,,,,,,,,
2.06,grasp,,,,,,,,,,,,,,,,,,,,,1.8319820165634155,0.5962799191474915,1.022355079650879,-0.42859315872192383,0.00901887658983469,8.521090785507113e-05,0.04299843683838844,1.832983037834333,0.6131369989208594,1.0255773627278986,-0.4124359691578815,0.009350462685813656,1.4041619997335514e-06,,,,,,,,,,,,
2.08,grasp,,,,,,,,,,,,,,,,,,,,,1.832189679145813,0.6261376738548279,1.0232356786727905,-0.39963358640670776,0.00798399094492197,0.00011648627696558833,0.04299843683838844,1.831849640136439,0.6574538792426753,1.0262809166586657,-0.3688314038054674,0.008215997293910954,1.6018581848933671e-06,,,,,,,,,,,,
2.1,grasp,,,,,,,,,,,,,,,,,,,,,1.8320257663726807,0.6416649222373962,1.0236940383911133,-0.38471102714538574,0.008057596161961555,5.3181407565716654e-05,0.04299843683838844,1.831849640136439,0.6574538792426753,1.0262809166586657,-0.3688314038054674,0.008215997293910954,1.6018581848933671e-06,,,,,,,,,,,,
2.12,grasp,,,,,,,,,,,,,,,,,,,,,1.8320716619491577,0.6684538722038269,1.0254849195480347,-0.3583166003227234,0.006445399019867182,0.00018729422299657017,0.04299843683838844,1.8308473765083013,0.6966453239756379,1.0269025644072862,-0.3302690364709307,0.007213239360844423,1.776448552415797e-06,,,,,,,,,,,,
2.14,grasp,,,,,,,,,,,,,,,,,,,,,1.8317662477493286,0.6824224591255188,1.0251364707946777,-0.34473252296447754,0.006155875511467457,0.00016092565783765167,0.04299843683838844,1.8308473765083013,0.6966453239756379,1.0269025644072862,-0.3302690364709307,0.007213239360844423,1.776448552415797e-06,,,,,,,,,,,,
2.16,grasp,,,,,,,,,,,,,,,,,,,,,1.831162691116333,0.7060431241989136,1.0252289772033691,-0.3215177357196808,0.0056556593626737595,0.00015389008331112564,0.04299843683838844,1.8299771170406993,0.7306381229529327,1.0274420395862482,-0.29682096491982624,0.006342902635806118,1.9282917297418334e-06,,,,,,,,,,,,
2.18,grasp,,,,,,,,,,,,,,,,,,,,,1.8307499885559082,0.7183088660240173,1.0251338481903076,-0.3095585107803345,0.005626196973025799,0.00012176019663456827,0.04299843683838844,1.8299771170406993,0.7306381229529327,1.0274420395862482,-0.29682096491982624,0.006342902635806118,1.9282917297418334e-06,,,,,,,,,,,,
2.2,grasp,,,,,,,,,,,,,,,,,,,,,1.8304882049560547,0.7384834289550781,1.0256295204162598,-0.28965306282043457,0.0045897397212684155,0.00017549585027154535,0.04299843683838844,1.829238084630339,0.7594449637991773,1.0278999882959463,-0.26847493605065753,0.005604133716331719,2.056847233836173e-06,,,,,,,,,,,,
2.22,grasp,,,,,,,,,,,,,,,,,,,,,1.8300470113754272,0.7489620447158813,1.0258493423461914,-0.27939483523368835,0.004594175610691309,0.00014173613453749567,0.04299843683838844,1.829238084630339,0.7594449637991773,1.0278999882959463,-0.26847493605065753,0.005604133716331719,2.056847233836173e-06,,,,,,,,,,,,
2.24,grasp,,,,,,,,,,,,,,,,,,,,,1.8296892642974854,0.7657769322395325,1.0264008045196533,-0.26279011368751526,0.004038095474243164,0.00015439534035976976,0.04299843683838844,1.8286275256291815,0.7831709707401375,1.028278068817283,-0.24512774373613483,0.004994097878661696,2.163349672310251e-06,,,,,,,,,,,,
2.2600000000000002,grasp,,,,,,,,,,,,,,,,,,,,,1.8291550874710083,0.7745468020439148,1.0262200832366943,-0.2542378604412079,0.004545515403151512,6.91112145432271e-05,0.04299843683838844,1.8286275256291815,0.7831709707401375,1.028278068817283,-0.24512774373613483,0.004994097878661696,2.163349672310251e-06,,,,,,,,,,,,
2.2800000000000002,grasp,,,,,,,,,,,,,,,,,,,,,1.828678011894226,0.7881552577018738,1.0263391733169556,-0.24083897471427917,0.004512119106948376,4.317588172852993e-05,0.04299843683838844,1.8281403662023634,0.8020204142216503,1.0285795807497653,-0.22657880779173922,0.00450761818345659,2.2478958385057448e-06,,,,,,,,,,,,
2.3000000000000003,grasp,,,,,,,,,,,,,,,,,,,,,1.828479290008545,0.7951852679252625,1.0265533924102783,-0.2339344322681427,0.004412507172673941,3.524510611896403e-05,0.04299843683838844,1.8281403662023634,0.8020204142216503,1.0285795807497653,-0.22657880779173922,0.00450761818345659,2.2478958385057448e-06,,,,,,,,,,,,
2.3200000000000003,grasp,,,,,,,,,,,,,,,,,,,,,1.8285105228424072,0.805568516254425,1.0275505781173706,-0.22355613112449646,0.0037379541900008917,8.147810149239376e-05,0.04299843683838844,1.8277691869631798,0.8163031082816363,1.0288092378662672,-0.2125234047755079,0.004137141634872526,2.3126286610722818e-06,,,,,,,,,,,,
2.3400000000000003,grasp,,,,,,,,,,,,,,,,,,,,,1.8284728527069092,0.8109539151191711,1.0279814004898071,-0.21820996701717377,0.003495817771181464,9.140626934822649e-05,0.04299843683838844,1.8277691869631798,0.8163031082816363,1.0288092378662672,-0.2125234047755079,0.004137141634872526,2.3126286610722818e-06,,,,,,,,,,,,
2.36,grasp,,,,,,,,,,,,,,,,,,,,,1.8284746408462524,0.8185648322105408,1.0286809206008911,-0.21061521768569946,0.0030209675896912813,0.00012546460493467748,0.04299843683838844,1.8275033670919107,0.8264410988524262,1.0289735855277253,-0.20254624803720153,0.0038719108658845603,2.3587734754330102e-06,,,,,,,,,,,,
2.38,grasp,,,,,,,,,,,,,,,,,,,,,1.8285799026489258,0.8224664330482483,1.0293076038360596,-0.20670020580291748,0.002601538086310029,0.00016378925647586584,0.04299843683838844,1.8275033670919107,0.8264410988524262,1.0289735855277253,-0.20254624803720153,0.0038719108658845603,2.3587734754330102e-06,,,,,,,,,,,,
2.4,grasp,,,,,,,,,,,,,,,,,,,,,1.8287030458450317,0.8275553584098816,1.0301635265350342,-0.20156173408031464,0.0020821213256567717,0.00020811236754525453,0.04299843683838844,1.8273288686660287,0.8329750288119634,1.0290814634257082,-0.19611470434254366,0.0036979000261262223,2.3890086862881126e-06,,,,,,,,,,,,
2.42,grasp,,,,,,,,,,,,,,,,,,,,,1.8287237882614136,0.8302008509635925,1.0306131839752197,-0.1989138275384903,0.0018952026730403304,0.0002213691914221272,0.04299843683838844,1.8273288686660287,0.8329750288119634,1.0290814634257082,-0.19611470434254366,0.0036979000261262223,2.3890086862881126e-06,,,,,,,,,,,,
2.44,grasp,,,,,,,,,,,,,,,,,,,,,1.8287947177886963,0.8332490921020508,1.0311893224716187,-0.1958305537700653,0.0015833474462851882,0.0002467270824126899,0.04299843683838844,1.8272308300477138,0.8365718703845193,1.029142095856231,-0.19257321960353596,0.003600021827301603,2.406096001607254e-06,,,,,,,,,,,,
2.46,grasp,,,,,,,,,,,,,,,,,,,,,1.828732967376709,0.8348496556282043,1.031333565711975,-0.19424289464950562,0.0015657908516004682,0.00024302183010149747,0.04299843683838844,1.8272308300477138,0.8365718703845193,1.029142095856231,-0.19257321960353596,0.003600021827301603,2.406096001607254e-06,,,,,,,,,,,,
2.48,grasp,,,,,,,,,,,,,,,,,,,,,1.8286659717559814,0.8363648653030396,1.0315544605255127,-0.19272641837596893,0.0015857780817896128,0.00023649359354749322,0.04299843683838844,1.827190615516041,0.838030978254349,1.0291669000279544,-0.1911363661569911,0.00355996129724829,2.4131053119036593e-06,,,,,,,,,,,,
2.5,grasp,,,,,,,,,,,,,,,,,,,,,1.8285645246505737,0.8371626734733582,1.031606674194336,-0.19194482266902924,0.001706414739601314,0.00022060670016799122,0.04299843683838844,1.827190615516041,0.838030978254349,1.0291669000279544,-0.1911363661569911,0.00355996129724829,2.4131053119036593e-06,,,,,,,,,,,,
2.52,grasp,,,,,,,,,,,,,,,,,,,,,1.828472375869751,0.8377111554145813,1.0316109657287598,-0.19141823053359985,0.001826113206334412,0.00020577289978973567,0.04299843683838844,1.8271835534294445,0.8382897029054255,1.029171304415982,-0.19088162018963467,0.0035528493123012576,2.414350160068075e-06,,,,,,,,,,,,
2.524478693591256,grasp,,,,,,,,,,,,,,,,,,,,,1.8283886909484863,0.8380208611488342,1.0314247608184814,-0.19114767014980316,0.0019504021620377898,0.00019138850620947778,0.04299843683838844,1.827183485031128,0.8382922410964966,1.029171347618103,-0.19087912142276764,0.0035527795553207397,2.4143623704731e-06,,,,,,,,,,,,
2.524478693591256,grasp,,,,,,,,,,,,,,,,,,,,,,,,,,,0.0435036476701498,,,,,,,0.0,,,,,,,,,,,
2.5444786935912562,grasp,,,,,,,,,,,,,,,,,,,,,,,,,,,0.04349558986723423,,,,,,,0.0,,,,,,,,,,,
2.5644786935912562,grasp,,,,,,,,,,,,,,,,,,,,,,,,,,,0.04345628246665001,,,,,,,0.0,,,,,,,,,,,
2.5844786935912563,grasp,,,,,,,,,,,,,,,,,,,,,,,,,,,0.043356193229556084,,,,,,,0.0,,,,,,,,,,,
2.6044786935912563,grasp,,,,,,,,,,,,,,,,,,,,,,,,,,,0.04317544028162956,,,,,,,0.0,,,,,,,,,,,
2.6244786935912563,grasp,,,,,,,,,,,,,,,,,,,,,,,,,,,0.042844489216804504,,,,,,,0.0,,,,,,,,,,,
2.6444786935912563,grasp,,,,,,,,,,,,,,,,,,,,,,,,,,,0.04233774356544018,,,,,,,0.0,,,,,,,,,,,
2.6644786935912563,grasp,,,,,,,,,,,,,,,,,,,,,,,,,,,0.04167519323527813,,,,,,,0.0,,,,,,,,,,,
2.6844786935912563,grasp,,,,,,,,,,,,,,,,,,,,,,,,,,,0.04065361246466637,,,,,,,0.0,,,,,,,,,,,
2.7044786935912564,grasp,,,,,,,,,,,,,,,,,,,,,,,,,,,0.03905721195042133,,,,,,,0.0,,,,,,,,,,,
2.7244786935912564,grasp,,,,,,,,,,,,,,,,,,,,,,,,,,,0.03712313994765282,,,,,,,0.0,,,,,,,,,,,
2.7444786935912564,grasp,,,,,,,,,,,,,,,,,,,,,,,,,,,0.03486729599535465,,,,,,,0.0,,,,,,,,,,,
2.764478693591256,grasp,,,,,,,,,,,,,,,,,,,,,,,,,,,0.03338038548827171,,,,,,,0.0,,,,,,,,,,,
2.7844786935912564,grasp,,,,,,,,,,,,,,,,,,,,,,,,,,,0.030586455948650837,,,,,,,0.0,,,,,,,,,,,
2.804478693591256,grasp,,,,,,,,,,,,,,,,,,,,,,,,,,,0.028347443789243698,,,,,,,0.0,,,,,,,,,,,
2.824478693591256,grasp,,,,,,,,,,,,,,,,,,,,,,,,,,,0.026109141297638416,,,,,,,0.0,,,,,,,,,,,
2.844478693591256,grasp,,,,,,,,,,,,,,,,,,,,,,,,,,,0.023878514766693115,,,,,,,0.0,,,,,,,,,,,
2.864478693591256,grasp,,,,,,,,,,,,,,,,,,,,,,,,,,,0.021482063457369804,,,,,,,0.0,,,,,,,,,,,
2.884478693591256,grasp,,,,,,,,,,,,,,,,,,,,,,,,,,,0.019498889334499836,,,,,,,0.0,,,,,,,,,,,
2.904478693591256,grasp,,,,,,,,,,,,,,,,,,,,,,,,,,,0.01605100743472576,,,,,,,0.0,,,,,,,,,,,
2.924478693591256,grasp,,,,,,,,,,,,,,,,,,,,,,,,,,,0.014333730563521385,,,,,,,0.0,,,,,,,,,,,
2.944478693591256,grasp,,,,,,,,,,,,,,,,,,,,,,,,,,,0.011151169426739216,,,,,,,0.0,,,,,,,,,,,
2.964478693591256,grasp,,,,,,,,,,,,,,,,,,,,,,,,,,,0.009324863087385893,,,,,,,0.0,,,,,,,,,,,
2.984478693591256,grasp,,,,,,,,,,,,,,,,,,,,,,,,,,,0.008221207652240992,,,,,,,0.0,,,,,,,,,,,
3.004478693591256,grasp,,,,,,,,,,,,,,,,,,,,,,,,,,,0.005874866619706154,,,,,,,0.0,,,,,,,,,,,
3.024478693591256,grasp,,,,,,,,,,,,,,,,,,,,,,,,,,,0.004566521383821964,,,,,,,0.0,,,,,,,,,,,
3.0444786935912562,grasp,,,,,,,,,,,,,,,,,,,,,,,,,,,0.003475025645457208,,,,,,,0.0,,,,,,,,,,,
3.0644786935912562,grasp,,,,,,,,,,,,,,,,,,,,,,,,,,,0.0022149113938212395,,,,,,,0.0,,,,,,,,,,,
3.0844786935912563,grasp,,,,,,,,,,,,,,,,,,,,,,,,,,,0.0014654466649517417,,,,,,,0.0,,,,,,,,,,,
3.1044786935912563,grasp,,,,,,,,,,,,,,,,,,,,,,,,,,,0.0008743420185055584,,,,,,,0.0,,,,,,,,,,,
3.1244786935912563,grasp,,,,,,,,,,,,,,,,,,,,,,,,,,,0.0003832617949228734,,,,,,,0.0,,,,,,,,,,,
3.1444786935912563,grasp,,,,,,,,,,,,,,,,,,,,,,,,,,,0.00015617837198078632,,,,,,,0.0,,,,,,,,,,,
3.1644786935912563,grasp,,,,,,,,,,,,,,,,,,,,,,,,,,,3.42837465723278e-05,,,,,,,0.0,,,,,,,,,,,
3.1844786935912563,grasp,,,,,,,,,,,,,,,,,,,,,,,,,,,-5.518008038052358e-06,,,,,,,0.0,,,,,,,,,,,
3.2044786935912564,grasp,,,,,,,,,,,,,,,,,,,,,,,,,,,1.0094010427508238e-06,,,,,,,0.0,,,,,,,,,,,
3.2044786935912564,grasp,,,,,,,,,,,,,,,,,,,,,1.8271898031234741,0.838995635509491,1.0268330574035645,-0.19090038537979126,0.0035525579005479813,2.4267314984172117e-06,1.0094010427508238e-06,1.827183485031128,0.8382922410964966,1.029171347618103,-0.19087912142276764,0.0035527795553207397,2.4143623704731e-06,,,,,,,,,,,,
3.2244786935912564,grasp,,,,,,,,,,,,,,,,,,,,,1.8271901607513428,0.8389657735824585,1.0269314050674438,-0.19089947640895844,0.003552565351128578,2.4263588329631602e-06,1.0094010427508238e-06,1.827183485031128,0.8382922410964966,1.029171347618103,-0.19087912142276764,0.0035527795553207397,2.4143623704731e-06,,,,,,,,,,,,
3.2444786935912564,grasp,,,,,,,,,,,,,,,,,,,,,1.82719087600708,0.8389040231704712,1.026979684829712,-0.1909455507993698,0.003553875721991062,2.4256844426417956e-06,1.0094010427508238e-06,1.8271861274079355,0.8381946831369346,1.0291696870551417,-0.19097517003708087,0.0035554608718466924,2.4138930382762486e-06,,,,,,,,,,,,
3.2644786935912564,grasp,,,,,,,,,,,,,,,,,,,,,1.8271913528442383,0.8388720750808716,1.027004599571228,-0.1909692883491516,0.003554546507075429,2.425377942927298e-06,1.0094010427508238e-06,1.8271861274079355,0.8381946831369346,1.0291696870551417,-0.19097517003708087,0.0035554608718466924,2.4138930382762486e-06,,,,,,,,,,,,
3.2844786935912564,grasp,,,,,,,,,,,,,,,,,,,,,1.8271992206573486,0.8385366201400757,1.0270106792449951,-0.1912977248430252,0.003563771490007639,2.4220123577833874e-06,1.0094010427508238e-06,1.8272044103304528,0.8375319164115295,1.0291584049922367,-0.1916278304415201,0.003573679630381072,2.4107043486341123e-06,,,,,,,,,,,,
3.3044786935912565,grasp,,,,,,,,,,,,,,,,,,,,,1.8272022008895874,0.838361382484436,1.0270161628723145,-0.19146698713302612,0.0035685081966221333,2.420414148218697e-06,1.0094010427508238e-06,1.8272044103304528,0.8375319164115295,1.0291584049922367,-0.1916278304415201,0.003573679630381072,2.4107043486341123e-06,,,,,,,,,,,,
3.3244786935912565,grasp,,,,,,,,,,,,,,,,,,,,,1.8272271156311035,0.8374331593513489,1.027001142501831,-0.19238363206386566,0.0035941107198596,2.4079354261630215e-06,1.0094010427508238e-06,1.8272520990832444,0.8357941414602648,1.029128931200963,-0.19333902480531484,0.003621288113753234,2.4023787990016004e-06,,,,,,,,,,,,
3.3444786935912565,grasp,,,,,,,,,,,,,,,,,,,,,1.8272404670715332,0.8369501233100891,1.0270015001296997,-0.1928558498620987,0.003607223043218255,2.4063483579084277e-06,1.0094010427508238e-06,1.8272520990832444,0.8357941414602648,1.029128931200963,-0.19333902480531484,0.003621288113753234,2.4023787990016004e-06,,,,,,,,,,,,
3.3644786935912565,grasp,,,,,,,,,,,,,,,,,,,,,1.8272894620895386,0.8351255655288696,1.0269652605056763,-0.19465754926204681,0.003656968241557479,2.395739329585922e-06,1.0094010427508238e-06,1.8273408485171696,0.8325294237570195,1.0290740639925853,-0.1965533579134787,0.0037098266753160976,2.386934906915703e-06,,,,,,,,,,,,
3.3844786935912565,grasp,,,,,,,,,,,,,,,,,,,,,1.8273149728775024,0.8341768980026245,1.026960015296936,-0.19558566808700562,0.003682492533698678,2.3900645373942098e-06,1.0094010427508238e-06,1.8273408485171696,0.8325294237570195,1.0290740639925853,-0.1965533579134787,0.0037098266753160976,2.386934906915703e-06,,,,,,,,,,,,
3.4044786935912565,grasp,,,,,,,,,,,,,,,,,,,,,1.8273946046829224,0.8311835527420044,1.0269010066986084,-0.19853965938091278,0.0037629250437021255,2.3502798285335302e-06,1.0094010427508238e-06,1.8274795372807633,0.8273415622398984,1.0289883252831964,-0.20165998998242457,0.003848125493745648,2.3629015699691983e-06,,,,,,,,,,,,
3.4244786935912566,grasp,,,,,,,,,,,,,,,,,,,,,1.8274363279342651,0.8296283483505249,1.0268906354904175,-0.2000613510608673,0.003804141189903021,2.3416710064338986e-06,1.0094010427508238e-06,1.8274795372807633,0.8273415622398984,1.0289883252831964,-0.20165998998242457,0.003848125493745648,2.3629015699691983e-06,,,,,,,,,,,,
3.4444786935912566,grasp,,,,,,,,,,,,,,,,,,,,,1.8275516033172607,0.8252274394035339,1.0268046855926514,-0.2044016420841217,0.003920469433069229,2.2938284018891864e-06,1.0094010427508238e-06,1.8276754773723283,0.8198883465825602,1.0288671732942438,-0.20899512896578099,0.00404364433139302,2.3289258351938317e-06,,,,,,,,,,,,
3.464478693591256,grasp,,,,,,,,,,,,,,,,,,,,,1.8276119232177734,0.8229425549507141,1.026788353919983,-0.206637442111969,0.003980088047683239,2.2858257580082864e-06,1.0094010427508238e-06,1.8276754773723283,0.8198883465825602,1.0288671732942438,-0.20899512896578099,0.00404364433139302,2.3289258351938317e-06,,,,,,,,,,,,
3.4844786935912566,grasp,,,,,,,,,,,,,,,,,,,,,1.8277677297592163,0.816931426525116,1.0266724824905396,-0.21256475150585175,0.004137453623116016,2.2248846107686404e-06,1.0094010427508238e-06,1.8279363853897745,0.809879835333822,1.028705798050926,-0.2188445143656514,0.004304045977485788,2.2834351300032282e-06,,,,,,,,,,,,
3.504478693591256,grasp,,,,,,,,,,,,,,,,,,,,,1.8278495073318481,0.8138115406036377,1.0266495943069458,-0.2156181037425995,0.004217898938804865,2.2582735255127773e-06,1.0094010427508238e-06,1.8279363853897745,0.809879835333822,1.028705798050926,-0.2188445143656514,0.004304045977485788,2.2834351300032282e-06,,,,,,,,,,,,
3.524478693591256,grasp,,,,,,,,,,,,,,,,,,,,,1.8280507326126099,0.8060199022293091,1.0265010595321655,-0.2233002781867981,0.004420761484652758,2.1686414584110025e-06,1.0094010427508238e-06,1.8282684784945795,0.7970754838121232,1.0285003121888443,-0.23144496527989136,0.0046354928351422095,2.2256213239603205e-06,,,,,,,,,,,,
3.5444786935912562,grasp,,,,,,,,,,,,,,,,,,,,,1.8281558752059937,0.8019758462905884,1.0264703035354614,-0.22725769877433777,0.004524760879576206,2.146730821550591e-06,1.0094010427508238e-06,1.8282684784945795,0.7970754838121232,1.0285003121888443,-0.23144496527989136,0.0046354928351422095,2.2256213239603205e-06,,,,,,,,,,,,
3.5644786935912562,grasp,,,,,,,,,,,,,,,,,,,,,1.8284051418304443,0.792264997959137,1.0262863636016846,-0.2368316501379013,0.004776345565915108,2.063135980279185e-06,1.0094010427508238e-06,1.8286761996448317,0.7812820072087628,1.028247899115034,-0.2469865630121821,0.00504272887778384,2.154899776052675e-06,,,,,,,,,,,,
3.5844786935912563,grasp,,,,,,,,,,,,,,,,,,,,,1.8285354375839233,0.7872257232666016,1.0262451171875,-0.24176357686519623,0.004905183333903551,2.0818645225517685e-06,1.0094010427508238e-06,1.8286761996448317,0.7812820072087628,1.028247899115034,-0.2469865630121821,0.00504272887778384,2.154899776052675e-06,,,,,,,,,,,,
3.6044786935912563,grasp,,,,,,,,,,,,,,,,,,,,,1.82883620262146,0.7754875421524048,1.0260264873504639,-0.25333622097969055,0.005208264570683241,1.9903270640497794e-06,1.0094010427508238e-06,1.8291633941101697,0.7623514041132367,1.0279462415945895,-0.26561493863496094,0.005529497625406241,2.0698798206668986e-06,,,,,,,,,,,,
3.6244786935912563,grasp,,,,,,,,,,,,,,,,,,,,,1.8289936780929565,0.7693966031074524,1.0259745121002197,-0.25929781794548035,0.005363937001675367,1.951548938450287e-06,1.0094010427508238e-06,1.8291633941101697,0.7623514041132367,1.0279462415945895,-0.26561493863496094,0.005529497625406241,2.0698798206668986e-06,,,,,,,,,,,,
3.6444786935912563,grasp,,,,,,,,,,,,,,,,,,,,,1.8293477296829224,0.755551278591156,1.0257195234298706,-0.2729474604129791,0.005720564629882574,1.8397938674752368e-06,1.0094010427508238e-06,1.8297326234422848,0.7401785708769791,1.0275936142192656,-0.28743321902804875,0.006098424242374304,1.9708105262168236e-06,,,,,,,,,,,,
3.6644786935912563,grasp,,,,,,,,,,,,,,,,,,,,,1.829532504081726,0.7483664751052856,1.0256552696228027,-0.2799789309501648,0.005903230514377356,1.9064038951910334e-06,1.0094010427508238e-06,1.8297326234422848,0.7401785708769791,1.0275936142192656,-0.28743321902804875,0.006098424242374304,1.9708105262168236e-06,,,,,,,,,,,,
3.6844786935912563,grasp,,,,,,,,,,,,,,,,,,,,,1.829940915107727,0.732361912727356,1.0253652334213257,-0.29575684666633606,0.006314782425761223,1.7403127685611253e-06,1.0094010427508238e-06,1.830385340797194,0.7146993860713208,1.0271890232221623,-0.3125044225103097,0.006751128859918094,1.8570993219448e-06,,,,,,,,,,,,
3.7044786935912564,grasp,,,,,,,,,,,,,,,,,,,,,1.8301540613174438,0.7240567207336426,1.0252865552902222,-0.30388498306274414,0.00652640825137496,1.6952317309915088e-06,1.0094010427508238e-06,1.830385340797194,0.7146993860713208,1.0271890232221623,-0.3125044225103097,0.006751128859918094,1.8570993219448e-06,,,,,,,,,,,,
3.7244786935912564,grasp,,,,,,,,,,,,,,,,,,,,,1.830617904663086,0.705866813659668,1.0249619483947754,-0.3218168020248413,0.006993226241320372,1.5613921959811705e-06,1.0094010427508238e-06,1.8311225537145863,0.6858883839097449,1.0267319169207676,-0.34085341344668496,0.007488487767435846,1.7285409327641712e-06,,,,,,,,,,,,
3.7444786935912564,grasp,,,,,,,,,,,,,,,,,,,,,1.8308595418930054,0.6964268088340759,1.0248675346374512,-0.33105453848838806,0.0072331903502345085,1.5894089528956101e-06,1.0094010427508238e-06,1.8311225537145863,0.6858883839097449,1.0267319169207676,-0.34085341344668496,0.007488487767435846,1.7285409327641712e-06,,,,,,,,,,,,
3.7644786935912564,grasp,,,,,,,,,,,,,,,,,,,,,1.8313794136047363,0.6760499477386475,1.0245105028152466,-0.3511419892311096,0.007755450438708067,1.4985255347710336e-06,1.0094010427508238e-06,1.8319442240986068,0.6537567098726033,1.0262222966727705,-0.3724691907328264,0.00831059657961964,1.5853587060560046e-06,,,,,,,,,,,,
3.7844786935912564,grasp,,,,,,,,,,,,,,,,,,,,,1.831649899482727,0.6654742360115051,1.0243979692459106,-0.3614902198314667,0.008024933747947216,1.4115976227913052e-06,1.0094010427508238e-06,1.8319442240986068,0.6537567098726033,1.0262222966727705,-0.3724691907328264,0.00831059657961964,1.5853587060560046e-06,,,,,,,,,,,,
3.8044786935912565,grasp,,,,,,,,,,,,,,,,,,,,,1.8322254419326782,0.6429319977760315,1.0240108966827393,-0.3837118148803711,0.008602588437497616,1.3350138488021912e-06,1.0094010427508238e-06,1.8328496710773952,0.6183498621337561,1.025660148812771,-0.40730691581183004,0.009216951558089943,1.4274213211560671e-06,,,,,,,,,,,,
3.8244786935912565,grasp,,,,,,,,,,,,,,,,,,,,,1.8325246572494507,0.6312310695648193,1.0238796472549438,-0.3951597213745117,0.008900925517082214,1.2479051747504855e-06,1.0094010427508238e-06,1.8328496710773952,0.6183498621337561,1.025660148812771,-0.40730691581183004,0.009216951558089943,1.4274213211560671e-06,,,,,,,,,,,,
3.8444786935912565,grasp,,,,,,,,,,,,,,,,,,,,,1.8331557512283325,0.6065672039985657,1.0234651565551758,-0.419472873210907,0.00953307468444109,1.2629784578166436e-06,1.0094010427508238e-06,1.8338383319997462,0.5797456846190965,1.025046151976187,-0.44529020342505377,0.01020679121393159,1.2549042207066757e-06,,,,,,,,,,,,
3.8644786935912565,grasp,,,,,,,,,,,,,,,,,,,,,1.8334823846817017,0.5937629342079163,1.023311734199524,-0.43199819326400757,0.0098599037155509,1.2180862540844828e-06,1.0094010427508238e-06,1.8338383319997462,0.5797456846190965,1.025046151976187,-0.44529020342505377,0.01020679121393159,1.2549042207066757e-06,,,,,,,,,,,,
3.8844786935912565,grasp,,,,,,,,,,,,,,,,,,,,,1.8342159986495972,0.5670141577720642,1.0228960514068604,-0.45839110016822815,0.010549209080636501,1.1158622328366619e-06,1.0094010427508238e-06,1.835006801272136,0.5379964179234442,1.0244300983348762,-0.48641898290568825,0.01128342336001885,1.067475611897201e-06,,,,,,,,,,,,
3.9044786935912565,grasp,,,,,,,,,,,,,,,,,,,,,1.8345943689346313,0.5531250238418579,1.0227330923080444,-0.47198817133903503,0.01090569980442524,1.0250114428345114e-06,1.0094010427508238e-06,1.835006801272136,0.5379964179234442,1.0244300983348762,-0.48641898290568825,0.01128342336001885,1.067475611897201e-06,,,,,,,,,,,,
3.924478693591256,grasp,,,,,,,,,,,,,,,,,,,,,1.8304613828659058,0.5272517204284668,1.019684076309204,-0.4948441982269287,0.011471768841147423,7.406550253108435e-07,1.0094010427508238e-06,1.826030516286505,0.49922566734829155,1.0183145907450015,-0.5191140816873645,0.012168513625235378,8.968532050813748e-07,,,,,,,,,,,,
3.9444786935912566,grasp,,,,,,,,,,,,,,,,,,,,,1.8283135890960693,0.5138412714004517,1.0181019306182861,-0.5066198110580444,0.011834979988634586,-7.83614098054386e-08,1.0094010427508238e-06,1.826030516286505,0.49922566734829155,1.0183145907450015,-0.5191140816873645,0.012168513625235378,8.968532050813748e-07,,,,,,,,,,,,
3.964478693591256,grasp,,,,,,,,,,,,,,,,,,,,,1.7998818159103394,0.5001161098480225,1.002191185951233,-0.5043461918830872,0.011564599350094795,1.0697323205022258e-07,1.0094010427508238e-06,1.7695602192924538,0.4851776788172381,0.9869281604473192,-0.5019127996614685,0.011761061846644058,8.745313407445167e-07,,,,,,,,,,,,
3.9844786935912566,grasp,,,,,,,,,,,,,,,,,,,,,1.7851463556289673,0.49313196539878845,0.9937686324119568,-0.5031777024269104,0.011770251207053661,-5.626203574138344e-07,1.0094010427508238e-06,1.7695602192924538,0.4851776788172381,0.9869281604473192,-0.5019127996614685,0.011761061846644058,8.745313407445167e-07,,,,,,,,,,,,
4.004478693591256,grasp,,,,,,,,,,,,,,,,,,,,,1.7494703531265259,0.4818798899650574,0.9739475250244141,-0.4945870637893677,0.011384577490389347,2.071054495900171e-06,1.0094010427508238e-06,1.7114906329941522,0.4694832475403845,0.9546214325059149,-0.4854390727647756,0.011375028325056408,8.458103970488393e-07,,,,,,,,,,,,
4.024478693591257,grasp,,,,,,,,,,,,,,,,,,,,,1.731016993522644,0.47614726424217224,0.9635313749313354,-0.4901640713214874,0.011497328989207745,-1.5409111711051082e-06,1.0094010427508238e-06,1.7114906329941522,0.4694832475403845,0.9546214325059149,-0.4854390727647756,0.011375028325056408,8.458103970488393e-07,,,,,,,,,,,,
4.044478693591256,grasp,,,,,,,,,,,,,,,,,,,,,1.6920762062072754,0.46516159176826477,0.9419525265693665,-0.4795137643814087,0.01104639656841755,1.4134409411781235e-06,1.0094010427508238e-06,1.6506337529087178,0.4530321007211335,0.9207657593709045,-0.4681767135021806,0.010970511923732733,8.157147547886802e-07,,,,,,,,,,,,
4.064478693591257,grasp,,,,,,,,,,,,,,,,,,,,,1.671939730644226,0.45956453680992126,0.9306249618530273,-0.47402963042259216,0.011139163747429848,-1.950649675563909e-06,1.0094010427508238e-06,1.6506337529087178,0.4530321007211335,0.9207657593709045,-0.4681767135021806,0.010970511923732733,8.157147547886802e-07,,,,,,,,,,,,
4.084478693591256,grasp,,,,,,,,,,,,,,,,,,,,,1.6309123039245605,0.44831064343452454,0.9079078435897827,-0.4624856412410736,0.01064977701753378,9.731356840347871e-07,1.0094010427508238e-06,1.587252084968817,0.435893887382559,0.885505192582835,-0.45019920143542214,0.010549236386852725,7.843723643863009e-07,,,,,,,,,,,,
4.104478693591257,grasp,,,,,,,,,,,,,,,,,,,,,1.6096982955932617,0.4425768256187439,0.8959856629371643,-0.45654141902923584,0.01073848083615303,-2.3869063170423033e-06,1.0094010427508238e-06,1.587252084968817,0.435893887382559,0.885505192582835,-0.45019920143542214,0.010549236386852725,7.843723643863009e-07,,,,,,,,,,,,
4.124478693591256,grasp,,,,,,,,,,,,,,,,,,,,,1.567030429840088,0.43095317482948303,0.872366726398468,-0.4444522559642792,0.01022422593086958,8.385335377170122e-07,1.0094010427508238e-06,1.5216270861321914,0.41814401247319694,0.8489956151460069,-0.4315861594396603,0.010113068282162846,7.519219457194582e-07,,,,,,,,,,,,
4.144478693591257,grasp,,,,,,,,,,,,,,,,,,,,,1.5449689626693726,0.42503100633621216,0.8599703907966614,-0.4382270872592926,0.010313315317034721,-2.6040654574899236e-06,1.0094010427508238e-06,1.5216270861321914,0.41814401247319694,0.8489956151460069,-0.4315861594396603,0.010113068282162846,7.519219457194582e-07,,,,,,,,,,,,
4.164478693591256,grasp,,,,,,,,,,,,,,,,,,,,,1.5009242296218872,0.4130496084690094,0.8355906009674072,-0.4257259964942932,0.009780622087419033,7.829424930605455e-07,1.0094010427508238e-06,1.4540575463175769,0.3998617685724768,0.8114025221284924,-0.4124221945254338,0.00966399078492165,7.185111429725116e-07,,,,,,,,,,,,
4.184478693591256,grasp,,,,,,,,,,,,,,,,,,,,,1.478151559829712,0.4069451689720154,0.8227937817573547,-0.4192887842655182,0.009872505441308022,-2.7804849196400028e-06,1.0094010427508238e-06,1.4540575463175769,0.3998617685724768,0.8114025221284924,-0.4124221945254338,0.00966399078492165,7.185111429725116e-07,,,,,,,,,,,,
4.204478693591256,grasp,,,,,,,,,,,,,,,,,,,,,1.4329513311386108,0.3946509063243866,0.7977745532989502,-0.40645405650138855,0.009324579499661922,6.866455919407599e-07,1.0094010427508238e-06,1.3848566668381728,0.38113130905106524,0.7728996634661183,-0.3927959333711912,0.009204082032187323,6.842944590368184e-07,,,,,,,,,,,,
4.224478693591257,grasp,,,,,,,,,,,,,,,,,,,,,1.4095813035964966,0.38838714361190796,0.7846407294273376,-0.3998451232910156,0.009419615380465984,-2.9710615763178794e-06,1.0094010427508238e-06,1.3848566668381728,0.38113130905106524,0.7728996634661183,-0.3927959333711912,0.009204082032187323,6.842944590368184e-07,,,,,,,,,,,,
4.244478693591256,grasp,,,,,,,,,,,,,,,,,,,,,1.3634426593780518,0.37583374977111816,0.7591012120246887,-0.38674265146255493,0.008858754299581051,6.344724852169747e-07,1.0094010427508238e-06,1.314349891834177,0.36203950733635776,0.7336675781563949,-0.3727995853816831,0.008735503231984843,6.494325899286756e-07,,,,,,,,,,,,
4.264478693591256,grasp,,,,,,,,,,,,,,,,,,,,,1.339587688446045,0.36943772435188293,0.7456923127174377,-0.3799956738948822,0.008956479839980602,-3.1267491067410447e-06,1.0094010427508238e-06,1.314349891834177,0.36203950733635776,0.7336675781563949,-0.3727995853816831,0.008735503231984843,6.494325899286756e-07,,,,,,,,,,,,
4.284478693591256,grasp,,,,,,,,,,,,,,,,,,,,,1.2927296161651611,0.35668331384658813,0.7197535634040833,-0.3666885495185852,0.008385729044675827,5.803649969493563e-07,1.0094010427508238e-06,1.2428721865960077,0.34267598390174736,0.69389222685557,-0.35252819586995493,0.008260479443384358,6.140910857745087e-07,,,,,,,,,,,,
4.304478693591257,grasp,,,,,,,,,,,,,,,,,,,,,1.268502950668335,0.3501853048801422,0.706133246421814,-0.35983631014823914,0.00848578941076994,-3.2575553632341325e-06,1.0094010427508238e-06,1.2428721865960077,0.34267598390174736,0.69389222685557,-0.35252819586995493,0.008260479443384358,6.140910857745087e-07,,,,,,,,,,,,
4.3244786935912565,grasp,,,,,,,,,,,,,,,,,,,,,1.2211490869522095,0.3372897505760193,0.6799188852310181,-0.3463885188102722,0.007907765917479992,5.451445304061053e-07,1.0094010427508238e-06,1.1707657729614136,0.32313212110815925,0.6537634325602099,-0.3320786295604123,0.007781278884102379,5.784387945877296e-07,,,,,,,,,,,,
4.344478693591256,grasp,,,,,,,,,,,,,,,,,,,,,1.1966660022735596,0.33071979880332947,0.6661515831947327,-0.3394637405872345,0.008009983226656914,-3.378259179953602e-06,1.0094010427508238e-06,1.1707657729614136,0.32313212110815925,0.6537634325602099,-0.3320786295604123,0.007781278884102379,5.784387945877296e-07,,,,,,,,,,,,
4.3644786935912565,grasp,,,,,,,,,,,,,,,,,,,,,1.1490448713302612,0.31774425506591797,0.6397875547409058,-0.3259398341178894,0.007427406031638384,4.80628557397722e-07,1.0094010427508238e-06,1.098377207536265,0.30350112898295994,0.6134737052085404,-0.31154911387030954,0.007300205790212258,5.426471165501541e-07,,,,,,,,,,,,
4.384478693591256,grasp,,,,,,,,,,,,,,,,,,,,,1.1244233846664429,0.31113389134407043,0.6259393095970154,-0.3189759850502014,0.0075312405824661255,-3.4897720979643054e-06,1.0094010427508238e-06,1.098377207536265,0.30350112898295994,0.6134737052085404,-0.31154911387030954,0.007300205790212258,5.426471165501541e-07,,,,,,,,,,,,
4.4044786935912565,grasp,,,,,,,,,,,,,,,,,,,,,1.0767632722854614,0.29813963174819946,0.5995518565177917,-0.3054412305355072,0.006946743931621313,4.504591402110236e-07,1.0094010427508238e-06,1.0260555130314393,0.2838754742236491,0.5732165194974352,-0.2910386629303193,0.006819579021803464,5.068887101770546e-07,,,,,,,,,,,,
4.424478693591256,grasp,,,,,,,,,,,,,,,,,,,,,1.0521219968795776,0.2915199100971222,0.5856886506080627,-0.2984716296195984,0.007051732391119003,-3.5534187645680504e-06,1.0094010427508238e-06,1.0260555130314393,0.2838754742236491,0.5732165194974352,-0.2910386629303193,0.006819579021803464,5.068887101770546e-07,,,,,,,,,,,,
4.444478693591257,grasp,,,,,,,,,,,,,,,,,,,,,1.004652976989746,0.27856940031051636,0.5594049096107483,-0.28499093651771545,0.006468498148024082,3.5455525448924163e-07,1.0094010427508238e-06,0.9541484659746733,0.26434993892628994,0.5331855101007702,-0.2706458172763496,0.0063417092275241125,4.7133539379682237e-07,,,,,,,,,,,,
4.464478693591256,grasp,,,,,,,,,,,,,,,,,,,,,0.9801095724105835,0.2719721794128418,0.5455934405326843,-0.27804920077323914,0.006573766935616732,-3.5960595141659724e-06,1.0094010427508238e-06,0.9541484659746733,0.26434993892628994,0.5331855101007702,-0.2706458172763496,0.0063417092275241125,4.7133539379682237e-07,,,,,,,,,,,,
4.484478693591257,grasp,,,,,,,,,,,,,,,,,,,,,0.9330598711967468,0.25912585854530334,0.5195393562316895,-0.2646874785423279,0.005994640756398439,3.023287149517273e-07,1.0094010427508238e-06,0.8830019985499266,0.24501508898322383,0.49357209376071004,-0.2504686673574351,0.005868893080373116,4.3615811999951065e-07,,,,,,,,,,,,
4.504478693591256,grasp,,,,,,,,,,,,,,,,,,,,,0.9087334275245667,0.2525821030139923,0.5058453679084778,-0.2578069865703583,0.006099859718233347,-3.618001528593595e-06,1.0094010427508238e-06,0.8830019985499266,0.24501508898322383,0.49357209376071004,-0.2504686673574351,0.005868893080373116,4.3615811999951065e-07,,,,,,,,,,,,
4.524478693591257,grasp,,,,,,,,,,,,,,,,,,,,,0.8623275756835938,0.23990097641944885,0.4801452159881592,-0.24462807178497314,0.005527278408408165,2.9408528234853293e-07,1.0094010427508238e-06,0.8129555393046206,0.22596309018123822,0.4545650999879601,-0.23060343560396823,0.0054033840661621415,4.0152458552215766e-07,,,,,,,,,,,,
4.544478693591256,grasp,,,,,,,,,,,,,,,,,,,,,0.8383341431617737,0.23344191908836365,0.466634064912796,-0.2378416806459427,0.005632465705275536,-3.7005306694481988e-06,1.0094010427508238e-06,0.8129555393046206,0.22596309018123822,0.4545650999879601,-0.23060343560396823,0.0054033840661621415,4.0152458552215766e-07,,,,,,,,,,,,
4.564478693591257,grasp,,,,,,,,,,,,,,,,,,,,,0.7927929162979126,0.22098566591739655,0.44140979647636414,-0.22490809857845306,0.005069266073405743,2.1363990754252882e-07,1.0094010427508238e-06,0.7443406745731055,0.20728333519766529,0.4163488451787596,-0.21114415672673523,0.00494738765192988,3.6759878905552077e-07,,,,,,,,,,,,
4.584478693591256,grasp,,,,,,,,,,,,,,,,,,,,,0.7692459225654602,0.21464146673679352,0.42814552783966064,-0.2182479351758957,0.005173444747924805,-3.7185759538260754e-06,1.0094010427508238e-06,0.7443406745731055,0.20728333519766529,0.4163488451787596,-0.21114415672673523,0.00494738765192988,3.6759878905552077e-07,,,,,,,,,,,,
4.604478693591257,grasp,,,,,,,,,,,,,,,,,,,,,0.7247833609580994,0.20246708393096924,0.40351518988609314,-0.20562058687210083,0.004622573032975197,9.844040960160783e-08,1.0094010427508238e-06,0.677479146332013,0.18906054492256627,0.37910134352403313,-0.19218207093599646,0.004503040951501464,3.3453974527045487e-07,,,,,,,,,,,,
4.624478693591256,grasp,,,,,,,,,,,,,,,,,,,,,0.7017940282821655,0.1962670236825943,0.39056000113487244,-0.19911816716194153,0.00472504086792469,-3.7186637200647965e-06,1.0094010427508238e-06,0.677479146332013,0.18906054492256627,0.37910134352403313,-0.19218207093599646,0.004503040951501464,3.3453974527045487e-07,,,,,,,,,,,,
4.644478693591257,grasp,,,,,,,,,,,,,,,,,,,,,0.6586161255836487,0.1844300478696823,0.3666374087333679,-0.1868555098772049,0.004188941325992346,5.4084807743493e-08,1.0094010427508238e-06,0.612678835486855,0.1713780445278023,0.3429938977341172,-0.17380443977028262,0.004072391048413138,3.0249972792352207e-07,,,,,,,,,,,,
4.664478693591256,grasp,,,,,,,,,,,,,,,,,,,,,0.6362907290458679,0.17840242385864258,0.35405105352401733,-0.18054082989692688,0.00428915536031127,-3.712101715791505e-06,1.0094010427508238e-06,0.612678835486855,0.1713780445278023,0.3429938977341172,-0.17380443977028262,0.004072391048413138,3.0249972792352207e-07,,,,,,,,,,,,
4.684478693591256,grasp,,,,,,,,,,,,,,,,,,,,,0.5945935249328613,0.16695667803287506,0.3309449553489685,-0.16869854927062988,0.0037705947179347277,-2.314004632353317e-08,1.0094010427508238e-06,0.5502317284576157,0.15431583291636708,0.308189308923026,-0.15609406946389995,0.003657376579018071,2.7162303941722387e-07,,,,,,,,,,,,
4.704478693591256,grasp,,,,,,,,,,,,,,,,,,,,,0.5730335712432861,0.16112878918647766,0.31878480315208435,-0.16260024905204773,0.0038678974378854036,-3.6730568808707176e-06,1.0094010427508238e-06,0.5502317284576157,0.15431583291636708,0.308189308923026,-0.15609406946389995,0.003657376579018071,2.7162303941722387e-07,,,,,,,,,,,,
4.724478693591257,grasp,,,,,,,,,,,,,,,,,,,,,0.5330023765563965,0.15012334287166595,0.2965970039367676,-0.15123100578784943,0.003369381418451667,-1.1145641565235564e-07,1.0094010427508238e-06,0.49041312935170983,0.1379452234550403,0.27483944810003136,-0.13912901719527526,0.0032598272787254844,2.420457272235286e-07,,,,,,,,,,,,
4.744478693591256,grasp,,,,,,,,,,,,,,,,,,,,,0.5123037099838257,0.1445200890302658,0.28491705656051636,-0.14537614583969116,0.0034633467439562082,-3.598592911657761e-06,1.0094010427508238e-06,0.49041312935170983,0.1379452234550403,0.27483944810003136,-0.13912901719527526,0.0032598272787254844,2.420457272235286e-07,,,,,,,,,,,,
4.764478693591256,grasp,,,,,,,,,,,,,,,,,,,,,0.47411012649536133,0.13400150835514069,0.2637425661087036,-0.13452865183353424,0.0029865913093090057,-1.1224358331674011e-07,1.0094010427508238e-06,0.43347643890018694,0.12233543297545715,0.24308553355713391,-0.12298110238334323,0.002881425865520698,2.1389303450933074e-07,,,,,,,,,,,,
4.784478693591256,grasp,,,,,,,,,,,,,,,,,,,,,0.45436155796051025,0.12864656746387482,0.25259333848953247,-0.12894251942634583,0.0030766231939196587,-3.499914100757451e-06,1.0094010427508238e-06,0.43347643890018694,0.12233543297545715,0.24308553355713391,-0.12298110238334323,0.002881425865520698,2.1389303450933074e-07,,,,,,,,,,,,
4.804478693591257,grasp,,,,,,,,,,,,,,,,,,,,,0.4181630611419678,0.1186576634645462,0.23251909017562866,-0.11866144090890884,0.002624551299959421,-2.1532275695790304e-07,1.0094010427508238e-06,0.3796520598633265,0.10754901612695104,0.21305581598045867,-0.10771569566199914,0.0025237037984656386,1.8727892322443695e-07,,,,,,,,,,,,
4.8244786935912565,grasp,,,,,,,,,,,,,,,,,,,,,0.3994460105895996,0.113572858273983,0.2219463735818863,-0.11336687207221985,0.002709962660446763,-3.400149353183224e-06,1.0094010427508238e-06,0.3796520598633265,0.10754901612695104,0.21305581598045867,-0.10771569566199914,0.0025237037984656386,1.8727892322443695e-07,,,,,,,,,,,,
4.844478693591256,grasp,,,,,,,,,,,,,,,,,,,,,0.36538323760032654,0.10415258258581161,0.2030503749847412,-0.10369215905666351,0.002283969195559621,-2.2287565570877632e-07,1.0094010427508238e-06,0.32914440120907934,0.09364253469422269,0.18486450274416963,-0.0933907355389704,0.0021880200271204753,1.6230444245446352e-07,,,,,,,,,,,,
4.8644786935912565,grasp,,,,,,,,,,,,,,,,,,,,,0.34777045249938965,0.09935755282640457,0.19309599697589874,-0.09870981425046921,0.0023642892483621836,-3.2722080050007207e-06,1.0094010427508238e-06,0.32914440120907934,0.09364253469422269,0.18486450274416963,-0.0933907355389704,0.0021880200271204753,1.6230444245446352e-07,,,,,,,,,,,,
4.884478693591256,grasp,,,,,,,,,,,,,,,,,,,,,0.3159666061401367,0.09053901582956314,0.17544585466384888,-0.08967635780572891,0.0019665579311549664,-2.962593157462834e-07,1.0094010427508238e-06,0.2821305964820697,0.08066256587401219,0.15860955399476456,-0.08005644372514632,0.0018755511733448262,1.390571934738832e-07,,,,,,,,,,,,
4.9044786935912565,grasp,,,,,,,,,,,,,,,,,,,,,0.2995215356349945,0.08605048060417175,0.1661459356546402,-0.08502426743507385,0.002041554544121027,-3.133442305625067e-06,1.0094010427508238e-06,0.2821305964820697,0.08066256587401219,0.15860955399476456,-0.08005644372514632,0.0018755511733448262,1.390571934738832e-07,,,,,,,,,,,,
4.924478693591256,grasp,,,,,,,,,,,,,,,,,,,,,0.270079642534256,0.07786166667938232,0.1497984230518341,-0.07666149735450745,0.0016730810748413205,-3.416117522192508e-07,1.0094010427508238e-06,0.23875669247936493,0.06864868544758591,0.13437198203295844,-0.06775424005857235,0.0015872675923019747,1.1760931930505464e-07,,,,,,,,,,,,
4.944478693591257,grasp,,,,,,,,,,,,,,,,,,,,,0.25485602021217346,0.07369381934404373,0.14118355512619019,-0.07235471159219742,0.0017416459741070867,-2.912715899583418e-06,1.0094010427508238e-06,0.23875669247936493,0.06864868544758591,0.13437198203295844,-0.06775424005857235,0.0015872675923019747,1.1760931930505464e-07,,,,,,,,,,,,
4.964478693591256,grasp,,,,,,,,,,,,,,,,,,,,,0.22785797715187073,0.06615771353244781,0.12618398666381836,-0.06468582898378372,0.0014039812376722693,-3.239831016799144e-07,1.0094010427508238e-06,0.19913503523566412,0.05763272831293199,0.11221466947143632,-0.056515974572620926,0.001323915233205287,9.801633580150324e-08,,,,,,,,,,,,
4.984478693591257,grasp,,,,,,,,,,,,,,,,,,,,,0.213898167014122,0.06232212483882904,0.11827854812145233,-0.06073639914393425,0.0014667243231087923,-2.7593459890340455e-06,1.0094010427508238e-06,0.19913503523566412,0.05763272831293199,0.11221466947143632,-0.056515974572620926,0.001323915233205287,9.801633580150324e-08,,,,,,,,,,,,
5.004478693591256,grasp,,,,,,,,,,,,,,,,,,,,,0.18940261006355286,0.05545583739876747,0.1046595349907875,-0.05377804487943649,0.0011603145394474268,-3.330752633701195e-07,1.0094010427508238e-06,0.16334184794632411,0.04763717987321994,0.09218121412437447,-0.0463632802434384,0.0010860011598917,8.031596172136175e-08,,,,,,,,,,,,
5.024478693591257,grasp,,,,,,,,,,,,,,,,,,,,,0.1767369508743286,0.05196107178926468,0.09748124331235886,-0.05019450560212135,0.001216414151713252,-2.5492884105915437e-06,1.0094010427508238e-06,0.16334184794632411,0.04763717987321994,0.09218121412437447,-0.0463632802434384,0.0010860011598917,8.031596172136175e-08,,,,,,,,,,,,
5.044478693591256,grasp,,,,,,,,,,,,,,,,,,,,,0.15477749705314636,0.04577551782131195,0.08526230603456497,-0.04395629093050957,0.0009422338916920125,-3.4457653441677394e-07,1.0094010427508238e-06,0.13141458359050934,0.0386750678799874,0.07429449624037877,-0.03730680696046795,0.0008737752365552378,6.452675424374936e-08,,,,,,,,,,,,
5.064478693591257,grasp,,,,,,,,,,,,,,,,,,,,,0.14342321455478668,0.04262705519795418,0.07882203906774521,-0.04074360057711601,0.0009917818242684007,-2.3219126887852326e-06,1.0094010427508238e-06,0.13141458359050934,0.0386750678799874,0.07429449624037877,-0.03730680696046795,0.0008737752365552378,6.452675424374936e-08,,,,,,,,,,,,
5.084478693591256,grasp,,,,,,,,,,,,,,,,,,,,,0.12400735169649124,0.037125878036022186,0.06800801306962967,-0.03522767126560211,0.0007496816106140614,-3.3637672913755523e-07,1.0094010427508238e-06,0.1033504287088951,0.030747766463765185,0.05855407502725014,-0.029345772124081248,0.0006872193042728848,5.064737364532237e-08,,,,,,,,,,,,
5.104478693591257,grasp,,,,,,,,,,,,,,,,,,,,,0.11396867036819458,0.03432547301054001,0.062308572232723236,-0.032386962324380875,0.0007926309481263161,-2.0954353203705978e-06,1.0094010427508238e-06,0.1033504287088951,0.030747766463765185,0.05855407502725014,-0.029345772124081248,0.0006872193042728848,5.064737364532237e-08,,,,,,,,,,,,
5.124478693591256,grasp,,,,,,,,,,,,,,,,,,,,,0.09707725793123245,0.02950313128530979,0.05288730561733246,-0.027587875723838806,0.0005826422129757702,-3.686052991724864e-07,1.0094010427508238e-06,0.0791055681722264,0.023841888132395392,0.044932627639635875,-0.02246771983033069,0.0005260415657799873,3.8656098975776447e-08,,,,,,,,,,,,
5.144478693591257,grasp,,,,,,,,,,,,,,,,,,,,,0.0883440151810646,0.027047917246818542,0.04792262986302376,-0.025116300210356712,0.0006193199078552425,-1.892099248834711e-06,1.0094010427508238e-06,0.0791055681722264,0.023841888132395392,0.044932627639635875,-0.02246771983033069,0.0005260415657799873,3.8656098975776447e-08,,,,,,,,,,,,
5.164478693591256,grasp,,,,,,,,,,,,,,,,,,,,,0.07392852753400803,0.02289070375263691,0.0398651584982872,-0.02102026529610157,0.0004404169740155339,-3.7776442241010955e-07,1.0094010427508238e-06,0.0585905094853376,0.017932141900126326,0.033376966379389805,-0.01664724274414279,0.0003896466271953127,2.850862605025238e-08,,,,,,,,,,,,
5.184478693591256,grasp,,,,,,,,,,,,,,,,,,,,,0.0664757713675499,0.020773647353053093,0.03562012314796448,-0.01891077123582363,0.0004705249739345163,-1.6683933381500538e-06,1.0094010427508238e-06,0.0585905094853376,0.017932141900126326,0.033376966379389805,-0.01664724274414279,0.0003896466271953127,2.850862605025238e-08,,,,,,,,,,,,
5.204478693591256,grasp,,,,,,,,,,,,,,,,,,,,,0.05445456877350807,0.01726362109184265,0.02888171374797821,-0.015494643710553646,0.00032181135611608624,-3.5166505085726385e-07,1.0094010427508238e-06,0.0416632593824752,0.012989152720597669,0.02381048445128292,-0.011844135466225208,0.0002770922790076235,2.013485408686061e-08,,,,,,,,,,,,
5.224478693591257,grasp,,,,,,,,,,,,,,,,,,,,,0.04824008792638779,0.015475516207516193,0.02533281035721302,-0.01373530924320221,0.0003524974745232612,-2.7789028536062688e-06,1.0094010427508238e-06,0.0416632593824752,0.012989152720597669,0.02381048445128292,-0.011844135466225208,0.0002770922790076235,2.013485408686061e-08,,,,,,,,,,,,
5.244478693591256,grasp,,,,,,,,,,,,,,,,,,,,,0.038494307547807693,0.01259499229490757,0.01985401287674904,-0.010965458117425442,0.0002302968205185607,-1.153051471192157e-06,1.0094010427508238e-06,0.028123117509643032,0.008986256548345473,0.016134485767969258,-0.008001710911638978,0.00018705016067979588,1.3435949247055179e-08,,,,,,,,,,,,
5.264478693591256,grasp,,,,,,,,,,,,,,,,,,,,,0.033456459641456604,0.011126840487122536,0.01696985773742199,-0.009538928046822548,0.00024599715834483504,-1.6505908888575505e-06,1.0094010427508238e-06,0.028123117509643032,0.008986256548345473,0.016134485767969258,-0.008001710911638978,0.00018705016067979588,1.3435949247055179e-08,,,,,,,,,,,,
5.284478693591256,grasp,,,,,,,,,,,,,,,,,,,,,0.02583279088139534,0.008847769349813461,0.012672281824052334,-0.007371933665126562,0.00015192950377240777,-5.303276680024283e-07,1.0094010427508238e-06,0.017718559741277652,0.005875450460406982,0.010219062222969272,-0.00504881118123077,0.00011785282287894688,8.287851183487483e-09,,,,,,,,,,,,
5.304478693591257,grasp,,,,,,,,,,,,,,,,,,,,,0.021892301738262177,0.00768528925254941,0.010411389172077179,-0.006255872081965208,0.00016414614219684154,-1.0987780569848837e-06,1.0094010427508238e-06,0.017718559741277652,0.005875450460406982,0.010219062222969272,-0.00504881118123077,0.00011785282287894688,8.287851183487483e-09,,,,,,,,,,,,
5.3244786935912565,grasp,,,,,,,,,,,,,,,,,,,,,0.016201317310333252,0.005968828219920397,0.00719661358743906,-0.0046380492858588696,9.476496052229777e-05,-3.032985773643304e-07,1.0094010427508238e-06,0.010142434105181498,0.0035924652287721622,0.005903025565539066,-0.002898494275696285,6.746293164616268e-05,4.538980233820516e-09,,,,,,,,,,,,
5.344478693591256,grasp,,,,,,,,,,,,,,,,,,,,,0.013260324485599995,0.005092479754239321,0.005506772547960281,-0.0038048094138503075,0.00010278117406414822,-8.093569476841367e-07,1.0094010427508238e-06,0.010142434105181498,0.0035924652287721622,0.005903025565539066,-0.002898494275696285,6.746293164616268e-05,4.538980233820516e-09,,,,,,,,,,,,
5.3644786935912565,grasp,,,,,,,,,,,,,,,,,,,,,0.009276313707232475,0.003885213751345873,0.0032543225679546595,-0.0026721388567239046,5.519546175491996e-05,-2.3285672057227202e-07,1.0094010427508238e-06,0.00503257409477337,0.0020490850339441474,0.0029902498801341743,-0.0014481428012855478,3.347581858950756e-05,2.0104322316606874e-09,,,,,,,,,,,,
5.384478693591257,grasp,,,,,,,,,,,,,,,,,,,,,0.0072180721908807755,0.0032682756427675486,0.0020717333536595106,-0.002088759792968631,5.902930934098549e-05,-5.140836378814129e-07,1.0094010427508238e-06,0.00503257409477337,0.0020490850339441474,0.0029902498801341743,-0.0014481428012855478,3.347581858950756e-05,2.0104322316606874e-09,,,,,,,,,,,,
5.4044786935912565,grasp,,,,,,,,,,,,,,,,,,,,,0.00467981630936265,0.0024968991056084633,0.0006364467553794384,-0.001367047312669456,2.990526809298899e-05,-2.2342756267335062e-07,1.0094010427508238e-06,0.0019731673475953076,0.0011238649859673705,0.0012457305834484291,-0.0005797698133918228,1.312661799077973e-05,4.965078218378419e-10,,,,,,,,,,,,
5.424478693591256,grasp,,,,,,,,,,,,,,,,,,,,,0.0033689108677208424,0.0020859092473983765,0.00010752716480055824,-0.0009948140941560268,3.0905386665835977e-05,-3.7024412335995294e-07,1.0094010427508238e-06,0.0019731673475953076,0.0011238649859673705,0.0012457305834484291,-0.0005797698133918228,1.312661799077973e-05,4.965078218378419e-10,,,,,,,,,,,,
5.444478693591257,grasp,,,,,,,,,,,,,,,,,,,,,0.001975827617570758,0.0016575431218370795,0.00012948371295351535,-0.0005985891330055892,1.5239824278978631e-05,-1.4050348795535683e-07,1.0094010427508238e-06,0.00048658583319914476,0.000674315002533201,0.00039806896622591233,-0.000157823082761499,3.2388403615157584e-06,-2.3911559655396184e-10,,,,,,,,,,,,
5.464478693591257,grasp,,,,,,,,,,,,,,,,,,,,,0.0012568722013384104,0.001436021295376122,0.000129734689835459,-0.00039443367859348655,1.4822295270278119e-05,-3.298499962056667e-07,1.0094010427508238e-06,0.00048658583319914476,0.000674315002533201,0.00039806896622591233,-0.000157823082761499,3.2388403615157584e-06,-2.3911559655396184e-10,,,,,,,,,,,,
5.484478693591257,grasp,,,,,,,,,,,,,,,,,,,,,0.0006667877896688879,0.0012557859299704432,0.00012985167268197984,-0.00022655623615719378,8.249116035585757e-06,-1.7225755755134742e-07,1.0094010427508238e-06,3.0755290562891957e-05,0.0005364694202945531,0.0001381504599932841,-2.8441534432815698e-05,2.0695075358624422e-07,-4.6467980941015123e-10,,,,,,,,,,,,
5.504478693591256,grasp,,,,,,,,,,,,,,,,,,,,,0.00036252179415896535,0.0011627583298832178,0.0001296571863349527,-0.00014005899720359594,6.180528998811496e-06,-1.227085846267073e-07,1.0094010427508238e-06,3.0755290562891957e-05,0.0005364694202945531,0.0001381504599932841,-2.8441534432815698e-05,2.0695075358624422e-07,-4.6467980941015123e-10,,,,,,,,,,,,
5.510077060580326,grasp,,,,,,,,,,,,,,,,,,,,,0.00018976556020788848,0.0011104927398264408,0.0001294559333473444,-9.126157237915322e-05,3.986822321166983e-06,-6.751181302888654e-08,1.0094010427508238e-06,-8.641352167160221e-08,0.0005271427216939628,0.00012056425475748256,-1.9687518943101168e-05,1.8117085609503647e-09,-4.799415864731316e-10,,,,,,,,,,,,
0.0,grasp,,,,,,,,,,,,,,,,,,,,,,,,,,,-2.2176868341716727e-08,,,,,,,0.043,,,,,,,,,,,
0.02,grasp,,,,,,,,,,,,,,,,,,,,,,,,,,,1.458652559449547e-05,,,,,,,0.043,,,,,,,,,,,
0.04,grasp,,,,,,,,,,,,,,,,,,,,,,,,,,,0.00010978052523569204,,,,,,,0.043,,,,,,,,,,,
0.06,grasp,,,,,,,,,,,,,,,,,,,,,,,,,,,0.00033833744237199426,,,,,,,0.043,,,,,,,,,,,
0.08,grasp,,,,,,,,,,,,,,,,,,,,,,,,,,,0.0007235826924443245,,,,,,,0.043,,,,,,,,,,,
0.1,grasp,,,,,,,,,,,,,,,,,,,,,,,,,,,0.0012965153437107801,,,,,,,0.043,,,,,,,,,,,
0.12,grasp,,,,,,,,,,,,,,,,,,,,,,,,,,,0.002075346652418375,,,,,,,0.043,,,,,,,,,,,
0.14,grasp,,,,,,,,,,,,,,,,,,,,,,,,,,,0.003065897850319743,,,,,,,0.043,,,,,,,,,,,
0.16,grasp,,,,,,,,,,,,,,,,,,,,,,,,,,,0.004272411577403545,,,,,,,0.043,,,,,,,,,,,
0.18,grasp,,,,,,,,,,,,,,,,,,,,,,,,,,,0.0056896142195910215,,,,,,,0.043,,,,,,,,,,,
0.2,grasp,,,,,,,,,,,,,,,,,,,,,,,,,,,0.00730672013014555,,,,,,,0.043,,,,,,,,,,,
0.22,grasp,,,,,,,,,,,,,,,,,,,,,,,,,,,0.009108577389270067,,,,,,,0.043,,,,,,,,,,,
0.24,grasp,,,,,,,,,,,,,,,,,,,,,,,,,,,0.011074731592088938,,,,,,,0.043,,,,,,,,,,,
0.26,grasp,,,,,,,,,,,,,,,,,,,,,,,,,,,0.013181255664676428,,,,,,,0.043,,,,,,,,,,,
0.28,grasp,,,,,,,,,,,,,,,,,,,,,,,,,,,0.015400995034724474,,,,,,,0.043,,,,,,,,,,,
0.3,grasp,,,,,,,,,,,,,,,,,,,,,,,,,,,0.017704596742987633,,,,,,,0.043,,,,,,,,,,,
0.32,grasp,,,,,,,,,,,,,,,,,,,,,,,,,,,0.02006043028086424,,,,,,,0.043,,,,,,,,,,,
0.34,grasp,,,,,,,,,,,,,,,,,,,,,,,,,,,0.02243615221232176,,,,,,,0.043,,,,,,,,,,,
0.36,grasp,,,,,,,,,,,,,,,,,,,,,,,,,,,0.024799066595733166,,,,,,,0.043,,,,,,,,,,,
0.38,grasp,,,,,,,,,,,,,,,,,,,,,,,,,,,0.027116259559988976,,,,,,,0.043,,,,,,,,,,,
0.4,grasp,,,,,,,,,,,,,,,,,,,,,,,,,,,0.02935643307864666,,,,,,,0.043,,,,,,,,,,,
0.42,grasp,,,,,,,,,,,,,,,,,,,,,,,,,,,0.03148931823670864,,,,,,,0.043,,,,,,,,,,,
0.44,grasp,,,,,,,,,,,,,,,,,,,,,,,,,,,0.03348732553422451,,,,,,,0.043,,,,,,,,,,,
0.46,grasp,,,,,,,,,,,,,,,,,,,,,,,,,,,0.035325851291418076,,,,,,,0.043,,,,,,,,,,,
0.48,grasp,,,,,,,,,,,,,,,,,,,,,,,,,,,0.03698370419442654,,,,,,,0.043,,,,,,,,,,,
0.5,grasp,,,,,,,,,,,,,,,,,,,,,,,,,,,0.038444312289357185,,,,,,,0.043,,,,,,,,,,,
0.52,grasp,,,,,,,,,,,,,,,,,,,,,,,,,,,0.039696045219898224,,,,,,,0.043,,,,,,,,,,,
0.54,grasp,,,,,,,,,,,,,,,,,,,,,,,,,,,0.04073298163712025,,,,,,,0.043,,,,,,,,,,,
0.56,grasp,,,,,,,,,,,,,,,,,,,,,,,,,,,0.04155565984547138,,,,,,,0.043,,,,,,,,,,,
0.58,grasp,,,,,,,,,,,,,,,,,,,,,,,,,,,0.04217151924967766,,,,,,,0.043,,,,,,,,,,,
0.6,grasp,,,,,,,,,,,,,,,,,,,,,,,,,,,0.04259607009589672,,,,,,,0.043,,,,,,,,,,,
0.62,grasp,,,,,,,,,,,,,,,,,,,,,,,,,,,0.042852988466620445,,,,,,,0.043,,,,,,,,,,,
0.64,grasp,,,,,,,,,,,,,,,,,,,,,,,,,,,0.04297536052763462,,,,,,,0.043,,,,,,,,,,,
0.66,grasp,,,,,,,,,,,,,,,,,,,,,,,,,,,0.043005604296922684,,,,,,,0.043,,,,,,,,,,,
0.68,grasp,,,,,,,,,,,,,,,,,,,,,,,,,,,0.04299843683838844,,,,,,,0.043,,,,,,,,,,,
0.68,grasp,,,,,,,,,,,,,,,,,,,,,-1.6379509304442763e-07,0.0010455928277224302,0.00012923199392389506,-3.9064027077984065e-05,7.619199493547058e-09,-1.0313413456586318e-09,0.04299843683838844,-8.641352167160221e-08,0.0005271427216939628,0.00012056425475748256,-1.9687518943101168e-05,1.8117085609503647e-09,-4.799415864731316e-10,,,,,,,,,,,,
0.7000000000000001,grasp,,,,,,,,,,,,,,,,,,,,,-1.6509765998762305e-07,0.0010503508383408189,0.000129241612739861,-3.9244179788511246e-05,7.488138997757687e-09,-9.723731819732961e-10,0.04299843683838844,-8.641352167160221e-08,0.0005271427216939628,0.00012056425475748256,-1.9687518943101168e-05,1.8117085609503647e-09,-4.799415864731316e-10,,,,,,,,,,,,
0.7200000000000001,grasp,,,,,,,,,,,,,,,,,,,,,0.00010190852481173351,0.0010828059166669846,0.00012907655036542565,-7.098129572113976e-05,1.996825403693947e-06,-2.5139824444408987e-08,0.04299843683838844,0.00021513306314726577,0.0005892028537058295,0.00024396159240183053,-8.497873903743165e-05,1.8877895804788007e-06,-3.825652834535904e-10,,,,,,,,,,,,
0.74,grasp,,,,,,,,,,,,,,,,,,,,,0.00015572550182696432,0.0010997022036463022,0.00012906351184938103,-8.733561844564974e-05,1.4811912478762679e-06,-2.3873314436428927e-09,0.04299843683838844,0.00021513306314726577,0.0005892028537058295,0.00024396159240183053,-8.497873903743165e-05,1.8877895804788007e-06,-3.825652834535904e-10,,,,,,,,,,,,
0.76,grasp,,,,,,,,,,,,,,,,,,,,,0.0008805702673271298,0.0013099737698212266,0.00012744222476612777,-0.0003088408266194165,1.578738374519162e-05,-1.8192876893863286e-07,0.04299843683838844,0.0016643129802396378,0.0010070845100695245,0.001074857274701539,-0.0005246170395952918,1.4587017800887095e-05,2.7311793490940324e-10,,,,,,,,,,,,
0.78,grasp,,,,,,,,,,,,,,,,,,,,,0.0012567366939038038,0.0014197975397109985,0.00012741246609948575,-0.0004230508056934923,1.1551607713045087e-05,-1.223144607820359e-08,0.04299843683838844,0.0016643129802396378,0.0010070845100695245,0.001074857274701539,-0.0005246170395952918,1.4587017800887095e-05,2.7311793490940324e-10,,,,,,,,,,,,
0.8,grasp,,,,,,,,,,,,,,,,,,,,,0.0032717075664550066,0.0020211758092045784,0.0005260996404103935,-0.0010364257032051682,4.9060286983149126e-05,-4.546667469185195e-07,0.04299843683838844,0.0054306135128219715,0.002093118480079057,0.003234284363493023,-0.001667201144260915,4.7591275339650885e-05,1.9771851744396033e-09,,,,,,,,,,,,
0.8200000000000001,grasp,,,,,,,,,,,,,,,,,,,,,0.004316944628953934,0.0023193282540887594,0.0008088027825579047,-0.0013519641943275928,3.852507870760746e-05,-1.525725323858751e-08,0.04299843683838844,0.0054306135128219715,0.002093118480079057,0.003234284363493023,-0.001667201144260915,4.7591275339650885e-05,1.9771851744396033e-09,,,,,,,,,,,,
0.8400000000000001,grasp,,,,,,,,,,,,,,,,,,,,,0.008244339376688004,0.0034524518996477127,0.002880174433812499,-0.0025456452276557684,0.00010875864973058924,-8.136779570122599e-07,0.04299843683838844,0.012440795710887563,0.0041107009655820875,0.0072518497151005555,-0.00379385141887444,0.00010902085784361042,5.148905904025573e-09,,,,,,,,,,,,
0.8600000000000001,grasp,,,,,,,,,,,,,,,,,,,,,0.010280855000019073,0.004026371520012617,0.003987935837358236,-0.003160380758345127,9.011988004203886e-05,3.7789127382836796e-09,0.04299843683838844,0.012440795710887563,0.0041107009655820875,0.0072518497151005555,-0.00379385141887444,0.00010902085784361042,5.148905904025573e-09,,,,,,,,,,,,
0.8800000000000001,grasp,,,,,,,,,,,,,,,,,,,,,0.016664447262883186,0.005862148012965918,0.0075781322084367275,-0.005100358743220568,0.00020145822782069445,-1.22466644825181e-06,0.04299843683838844,0.02347682448679608,0.007266304328263488,0.013567202527617112,-0.0071416364330402615,0.00020572342107385801,1.014185997188806e-08,,,,,,,,,,,,
0.9,grasp,,,,,,,,,,,,,,,,,,,,,0.0199733879417181,0.006792264059185982,0.009487000294029713,-0.00609947694465518,0.0001734621328068897,4.0914716947781926e-08,0.04299843683838844,0.02347682448679608,0.007266304328263488,0.013567202527617112,-0.0071416364330402615,0.00020572342107385801,1.014185997188806e-08,,,,,,,,,,,,
0.92,grasp,,,,,,,,,,,,,,,,,,,,,0.029271218925714493,0.009439134038984776,0.014753365889191628,-0.008924765512347221,0.0003329628671053797,-1.6724331999284914e-06,0.04299843683838844,0.039186768785581284,0.01170300690449409,0.022531887485571032,-0.011906801455102766,0.0003433670861519085,1.7248756114848227e-08,,,,,,,,,,,,
0.9400000000000001,grasp,,,,,,,,,,,,,,,,,,,,,0.03408954665064812,0.010781093500554562,0.017548784613609314,-0.010379859246313572,0.00029467695276252925,1.0549349838129274e-07,0.04299843683838844,0.039186768785581284,0.01170300690449409,0.022531887485571032,-0.011906801455102766,0.0003433670861519085,1.7248756114848227e-08,,,,,,,,,,,,
0.9600000000000001,grasp,,,,,,,,,,,,,,,,,,,,,0.046675462275743484,0.014307173900306225,0.02466323971748352,-0.014203711412847042,0.000507993798237294,-2.1362286588555435e-06,0.04299843683838844,0.060091785839837666,0.017503001392244782,0.03441380027857629,-0.018246890635363514,0.000526501610836953,2.670458780553029e-08,,,,,,,,,,,,
0.98,grasp,,,,,,,,,,,,,,,,,,,,,0.05319651961326599,0.016095373779535294,0.02843625470995903,-0.016173118725419044,0.0004587681032717228,1.9104997761587583e-07,0.04299843683838844,0.060091785839837666,0.017503001392244782,0.03441380027857629,-0.018246890635363514,0.000526501610836953,2.670458780553029e-08,,,,,,,,,,,,
1.0,grasp,,,,,,,,,,,,,,,,,,,,,0.06935834884643555,0.020543675869703293,0.037539854645729065,-0.021082678809762,0.0007302062003873289,-2.6015600269602146e-06,0.04299843683838844,0.08658153168731422,0.024717555190859823,0.04941045777244642,-0.02627960289068508,0.0007585244200945347,3.868483886949248e-08,,,,,,,,,,,,
1.02,grasp,,,,,,,,,,,,,,,,,,,,,0.07773099839687347,0.02279987744987011,0.042364541441202164,-0.02361127734184265,0.0006696910131722689,2.981850286687404e-07,0.04299843683838844,0.08658153168731422,0.024717555190859823,0.04941045777244642,-0.02627960289068508,0.0007585244200945347,3.868483886949248e-08,,,,,,,,,,,,
1.04,grasp,,,,,,,,,,,,,,,,,,,,,0.09766752272844315,0.028207993134856224,0.05356292799115181,-0.029666762799024582,0.0010019497713074088,-3.0545877507393016e-06,0.04299843683838844,0.1189088373217103,0.03340047165204318,0.06766312476553951,-0.036081471567299905,0.001041641657599712,5.330341183936482e-08,,,,,,,,,,,,
1.06,grasp,,,,,,,,,,,,,,,,,,,,,0.10799436271190643,0.030951397493481636,0.05949436500668526,-0.03278558701276779,0.0009301835671067238,4.2326456650698674e-07,0.04299843683838844,0.1189088373217103,0.03340047165204318,0.06766312476553951,-0.036081471567299905,0.001041641657599712,5.330341183936482e-08,,,,,,,,,,,,
1.08,grasp,,,,,,,,,,,,,,,,,,,,,0.13182364404201508,0.037345483899116516,0.07285462319850922,-0.04002276808023453,0.0013246857561171055,-3.477040991128888e-06,0.04299843683838844,0.15720841246644754,0.04358504632751044,0.08925243597107663,-0.04769330404062612,0.0013770281187869137,7.062094699335941e-08,,,,,,,,,,,,
1.1,grasp,,,,,,,,,,,,,,,,,,,,,0.14416560530662537,0.04058954119682312,0.07992727309465408,-0.04375023394823074,0.0012419321574270725,5.676481578120729e-07,0.04299843683838844,0.15720841246644754,0.04358504632751044,0.08925243597107663,-0.04769330404062612,0.0013770281187869137,7.062094699335941e-08,,,,,,,,,,,,
1.12,grasp,,,,,,,,,,,,,,,,,,,,,0.17193518579006195,0.04797430709004402,0.09547509998083115,-0.052183449268341064,0.0016989322612062097,-3.8656271499348804e-06,0.04299843683838844,0.20151358775394254,0.05526680745113562,0.11419394827393566,-0.061125104839753065,0.0017649781454700264,9.065272413533987e-08,,,,,,,,,,,,
1.1400000000000001,grasp,,,,,,,,,,,,,,,,,,,,,0.18631647527217865,0.051721662282943726,0.10370144248008728,-0.056526970118284225,0.0016056918539106846,7.230596565932501e-07,0.04299843683838844,0.20151358775394254,0.05526680745113562,0.11419394827393566,-0.061125104839753065,0.0017649781454700264,9.065272413533987e-08,,,,,,,,,,,,
1.1600000000000001,grasp,,,,,,,,,,,,,,,,,,,,,0.2180047631263733,0.06009278818964958,0.12142510712146759,-0.06614966690540314,0.0021243158262223005,-4.212055500829592e-06,0.04299843683838844,0.25175351336875207,0.06843448241420523,0.1424485560819243,-0.07635549318229844,0.0022048854663493686,1.1336751598123633e-07,,,,,,,,,,,,
1.1800000000000002,grasp,,,,,,,,,,,,,,,,,,,,,0.2344140261411667,0.06434156745672226,0.13079756498336792,-0.07110587507486343,0.002021369058638811,8.95945504453266e-07,0.04299843683838844,0.25175351336875207,0.06843448241420523,0.1424485560819243,-0.07635549318229844,0.0022048854663493686,1.1336751598123633e-07,,,,,,,,,,,,
1.2000000000000002,grasp,,,,,,,,,,,,,,,,,,,,,0.269938588142395,0.07367471605539322,0.15065017342567444,-0.0818929374217987,0.002599649364128709,-4.510613052843837e-06,0.04299843683838844,0.3077695697270351,0.08304056467341356,0.17392446995775662,-0.09333622774466063,0.0026953545680157083,1.3869327020674593e-07,,,,,,,,,,,,
1.2200000000000002,grasp,,,,,,,,,,,,,,,,,,,,,0.2883327305316925,0.07841283082962036,0.161142498254776,-0.0874488353729248,0.0024878757540136576,1.0727022754508653e-06,0.04299843683838844,0.3077695697270351,0.08304056467341356,0.17392446995775662,-0.09333622774466063,0.0026953545680157083,1.3869327020674593e-07,,,,,,,,,,,,
1.2400000000000002,grasp,,,,,,,,,,,,,,,,,,,,,0.32755377888679504,0.08866863697767258,0.18304595351219177,-0.09935768693685532,0.0031229702290147543,-4.751565484184539e-06,0.04299843683838844,0.3693179536327465,0.0990175297340971,0.20848421617617846,-0.11199315896750668,0.0032342281034579328,1.6651851895227098e-07,,,,,,,,,,,,
1.26,grasp,,,,,,,,,,,,,,,,,,,,,0.34786033630371094,0.09387635439634323,0.19461536407470703,-0.10549136996269226,0.0030034848023205996,1.2537025213532615e-06,0.04299843683838844,0.3693179536327465,0.0990175297340971,0.20848421617617846,-0.11199315896750668,0.0032342281034579328,1.6651851895227098e-07,,,,,,,,,,,,
1.28,grasp,,,,,,,,,,,,,,,,,,,,,0.39058399200439453,0.10500726848840714,0.21846318244934082,-0.11846306920051575,0.0036916332319378853,-4.939540303894319e-06,0.04299843683838844,0.4360746865482705,0.11628936419594693,0.24594917947061887,-0.13222810476336663,0.0038186716731618523,1.9669674528816233e-07,,,,,,,,,,,,
1.3,grasp,,,,,,,,,,,,,,,,,,,,,0.4127020537853241,0.11066075414419174,0.23105207085609436,-0.12514419853687286,0.00356572144664824,1.4368547454068903e-06,0.04299843683838844,0.4360746865482705,0.11628936419594693,0.24594917947061887,-0.13222810476336663,0.0038186716731618523,1.9669674528816233e-07,,,,,,,,,,,,
1.32,grasp,,,,,,,,,,,,,,,,,,,,,0.4586890637874603,0.12260249257087708,0.2567104995250702,-0.13910600543022156,0.004302470479160547,-5.075335138826631e-06,0.04299843683838844,0.5076511403740847,0.13475001356910574,0.2860993006614241,-0.15392330012044408,0.004445305015566221,2.2905324358124617e-07,,,,,,,,,,,,
1.34,grasp,,,,,,,,,,,,,,,,,,,,,0.48249462246894836,0.12866933643817902,0.270246684551239,-0.14629705250263214,0.004171465057879686,1.6234445183727075e-06,0.04299843683838844,0.5076511403740847,0.13475001356910574,0.2860993006614241,-0.15392330012044408,0.004445305015566221,2.2905324358124617e-07,,,,,,,,,,,,
1.36,grasp,,,,,,,,,,,,,,,,,,,,,0.531461775302887,0.14135129749774933,0.29755890369415283,-0.1611630618572235,0.004951723385602236,-5.153792699275073e-06,0.04299843683838844,0.5835931243257007,0.15428959403538028,0.3286825193878026,-0.17694115596525206,0.0051101600331145145,2.6338316414365283e-07,,,,,,,,,,,,
1.3800000000000001,grasp,,,,,,,,,,,,,,,,,,,,,0.5568076968193054,0.14779578149318695,0.31195881962776184,-0.16881972551345825,0.004817130975425243,1.7980659094973817e-06,0.04299843683838844,0.5835931243257007,0.15428959403538028,0.3286825193878026,-0.17694115596525206,0.0051101600331145145,2.6338316414365283e-07,,,,,,,,,,,,
1.4,grasp,,,,,,,,,,,,,,,,,,,,,0.6084344387054443,0.161135733127594,0.3407469391822815,-0.1844925582408905,0.005634193774312735,-5.066991889179917e-06,0.04299843683838844,0.663394622947805,0.1747775553505392,0.3734157188702946,-0.20112818645322098,0.005808793656192408,2.9945719580184024e-07,,,,,,,,,,,,
1.42,grasp,,,,,,,,,,,,,,,,,,,,,0.6351555585861206,0.1679161787033081,0.35591575503349304,-0.19256478548049927,0.005496527999639511,2.383507535341778e-06,0.04299843683838844,0.663394622947805,0.1747775553505392,0.3734157188702946,-0.20112818645322098,0.005808793656192408,2.9945719580184024e-07,,,,,,,,,,,,
1.44,grasp,,,,,,,,,,,,,,,,,,,,,0.6890891194343567,0.18182429671287537,0.38598397374153137,-0.20893730223178864,0.006298103369772434,4.29950887337327e-07,0.04299843683838844,0.7465025427009321,0.1960743232540674,0.41998971672805646,-0.22631682143545842,0.006536356778248039,3.3702493837939845e-07,,,,,,,,,,,,
1.46,grasp,,,,,,,,,,,,,,,,,,,,,0.7170036435127258,0.1888951063156128,0.4018177092075348,-0.21736997365951538,0.006159472744911909,4.453184374142438e-06,0.04299843683838844,0.7465025427009321,0.1960743232540674,0.41998971672805646,-0.22631682143545842,0.006536356778248039,3.3702493837939845e-07,,,,,,,,,,,,
1.48,grasp,,,,,,,,,,,,,,,,,,,,,0.7728625535964966,0.20327606797218323,0.4329546391963959,-0.23432710766792297,0.007012174930423498,1.036167759593809e-06,0.04299843683838844,0.8323242726264587,0.21803297357886853,0.46807355084644825,-0.2523277667254234,0.007287668553101722,3.758187735365576e-07,,,,,,,,,,,,
1.5,grasp,,,,,,,,,,,,,,,,,,,,,0.8017716407775879,0.21058879792690277,0.44934192299842834,-0.24306081235408783,0.006887740455567837,5.696907919627847e-06,0.04299843683838844,0.8323242726264587,0.21803297357886853,0.46807355084644825,-0.2523277667254234,0.007287668553101722,3.758187735365576e-07,,,,,,,,,,,,
1.52,grasp,,,,,,,,,,,,,,,,,,,,,0.8591578006744385,0.22533997893333435,0.48132315278053284,-0.26048046350479126,0.00775902858003974,1.6330398011632496e-06,0.04299843683838844,0.920237048411505,0.24049451101098854,0.5173183886659846,-0.27897247899429617,0.008057290321607572,4.155578225056598e-07,,,,,,,,,,,,
1.54,grasp,,,,,,,,,,,,,,,,,,,,,0.8888512253761292,0.23284228146076202,0.49814537167549133,-0.269452303647995,0.007647263817489147,5.944165877735941e-06,0.04299843683838844,0.920237048411505,0.24049451101098854,0.5173183886659846,-0.27897247899429617,0.008057290321607572,4.155578225056598e-07,,,,,,,,,,,,
1.56,grasp,,,,,,,,,,,,,,,,,,,,,0.9473428726196289,0.24785777926445007,0.530737578868866,-0.2872070074081421,0.008528735488653183,1.930375674419338e-06,0.04299843683838844,1.0095933280080087,0.26329722216117646,0.5673625524666489,-0.30605485763627277,0.008839561348624536,4.5595007480457013e-07,,,,,,,,,,,,
1.58,grasp,,,,,,,,,,,,,,,,,,,,,0.9776039719581604,0.25549572706222534,0.547872006893158,-0.2963513433933258,0.008423404768109322,6.127948836365249e-06,0.04299843683838844,1.0095933280080087,0.26329722216117646,0.5673625524666489,-0.30605485763627277,0.008839561348624536,4.5595007480457013e-07,,,,,,,,,,,,
1.6,grasp,,,,,,,,,,,,,,,,,,,,,1.036766767501831,0.2706667184829712,0.5808337926864624,-0.3143097460269928,0.009310022927820683,1.9054953099839622e-06,0.04299843683838844,1.099729435582857,0.28627535509690766,0.6178350407325189,-0.33337395244294454,0.009628663301699326,4.966952842098165e-07,,,,,,,,,,,,
1.62,grasp,,,,,,,,,,,,,,,,,,,,,1.0673730373382568,0.2783849239349365,0.5981546640396118,-0.32355886697769165,0.009208545088768005,6.220704563020263e-06,0.04299843683838844,1.099729435582857,0.28627535509690766,0.6178350407325189,-0.33337395244294454,0.009628663301699326,4.966952842098165e-07,,,,,,,,,,,,
1.6400000000000001,grasp,,,,,,,,,,,,,,,,,,,,,1.1267659664154053,0.29360032081604004,0.6312410235404968,-0.34158754348754883,0.010095694102346897,1.7365196072205435e-06,0.04299843683838844,1.1899733775451788,0.30925976165262364,0.6683598212229569,-0.3607263056790497,0.010418708500262575,5.374895087544258e-07,,,,,,,,,,,,
1.6600000000000001,grasp,,,,,,,,,,,,,,,,,,,,,1.1574913263320923,0.3013418912887573,0.6486194729804993,-0.35087284445762634,0.00999626237899065,6.221648163773352e-06,0.04299843683838844,1.1899733775451788,0.30925976165262364,0.6683598212229569,-0.3607263056790497,0.010418708500262575,5.374895087544258e-07,,,,,,,,,,,,
1.6800000000000002,grasp,,,,,,,,,,,,,,,,,,,,,1.216670274734497,0.3164893686771393,0.6815835237503052,-0.36883744597435,0.010879558511078358,1.4394508980331011e-06,0.04299843683838844,1.279652134924171,0.33208054496953715,0.7185602137971401,-0.38790817054567306,0.011203815995993073,5.780290103572466e-07,,,,,,,,,,,,
1.7000000000000002,grasp,,,,,,,,,,,,,,,,,,,,,1.2472862005233765,0.32419735193252563,0.6988903284072876,-0.37808963656425476,0.010781263001263142,6.137514901638497e-06,0.04299843683838844,1.279652134924171,0.33208054496953715,0.7185602137971401,-0.38790817054567306,0.011203815995993073,5.780290103572466e-07,,,,,,,,,,,,
1.7200000000000002,grasp,,,,,,,,,,,,,,,,,,,,,1.3058128356933594,0.3391660749912262,0.7314872145652771,-0.3958568871021271,0.011661950498819351,3.2681327866157517e-07,0.04299843683838844,1.3680985053437669,0.3545706833025461,0.7680637344619625,-0.4147175503317402,0.01197815868095187,6.180127857430105e-07,,,,,,,,,,,,
1.7400000000000002,grasp,,,,,,,,,,,,,,,,,,,,,1.3360884189605713,0.3467836380004883,0.7485947608947754,-0.4050073027610779,0.011570688337087631,5.569752829615027e-06,0.04299843683838844,1.3680985053437669,0.3545706833025461,0.7680637344619625,-0.4147175503317402,0.01197815868095187,6.180127857430105e-07,,,,,,,,,,,,
1.7600000000000002,grasp,,,,,,,,,,,,,,,,,,,,,1.393530249595642,0.36146485805511475,0.7805836200714111,-0.422445684671402,0.012457567267119884,-3.4108286399714416e-06,0.04299843683838844,1.4546588626986987,0.37656716145673735,0.8165062074280316,-0.44095665681565843,0.01273602157069161,6.571455380749024e-07,,,,,,,,,,,,
1.7800000000000002,grasp,,,,,,,,,,,,,,,,,,,,,1.4232417345046997,0.3689367175102234,0.7973659634590149,-0.4314267337322235,0.012371943332254887,3.977460437454283e-06,0.04299843683838844,1.4546588626986987,0.37656716145673735,0.8165062074280316,-0.44095665681565843,0.01273602157069161,6.571455380749024e-07,,,,,,,,,,,,
1.8000000000000003,grasp,,,,,,,,,,,,,,,,,,,,,1.4791778326034546,0.38322415947914124,0.8285133242607117,-0.4484083950519562,0.013210286386311054,-3.3684411846479634e-06,0.04299843683838844,1.5387012981190757,0.39791135513818077,0.8635357512859702,-0.4664339650357221,0.013471878760822264,6.951417320034154e-07,,,,,,,,,,,,
1.8200000000000003,grasp,,,,,,,,,,,,,,,,,,,,,1.5081075429916382,0.3904961347579956,0.8448483347892761,-0.45715415477752686,0.013125382363796234,2.7954445158684393e-06,0.04299843683838844,1.5387012981190757,0.39791135513818077,0.8635357512859702,-0.4664339650357221,0.013471878760822264,6.951417320034154e-07,,,,,,,,,,,,
1.8399999999999999,grasp,,,,,,,,,,,,,,,,,,,,,1.5621341466903687,0.404288113117218,0.8749306201934814,-0.4735567271709442,0.013925488106906414,-3.0622934446000727e-06,0.04299843683838844,1.6196230244071383,0.41845219711487097,0.908816590702087,-0.49096668754764017,0.01418045186279009,7.317286141658471e-07,,,,,,,,,,,,
1.8599999999999999,grasp,,,,,,,,,,,,,,,,,,,,,1.5900739431381226,0.41130807995796204,0.8907016515731812,-0.4820040166378021,0.01384760346263647,2.7042112833441934e-06,0.04299843683838844,1.6196230244071383,0.41845219711487097,0.908816590702087,-0.49096668754764017,0.01418045186279009,7.317286141658471e-07,,,,,,,,,,,,
1.88,grasp,,,,,,,,,,,,,,,,,,,,,1.641808271408081,0.4245091676712036,0.9195070862770081,-0.49771177768707275,0.014607702381908894,-3.010055252161692e-06,0.04299843683838844,1.696857621380713,0.4380484960764602,0.9520335280271126,-0.5143832665484382,0.014856792832803653,7.666505665785541e-07,,,,,,,,,,,,
1.9,grasp,,,,,,,,,,,,,,,,,,,,,1.668561339378357,0.4312286376953125,0.9346040487289429,-0.505801260471344,0.014538247138261795,2.726414777498576e-06,0.04299843683838844,1.696857621380713,0.4380484960764602,0.9520335280271126,-0.5143832665484382,0.014856792832803653,7.666505665785541e-07,,,,,,,,,,,,
1.92,grasp,,,,,,,,,,,,,,,,,,,,,1.717650055885315,0.44374972581863403,0.9619365930557251,-0.5207070112228394,0.015254762023687363,-2.751511374299298e-06,0.04299843683838844,1.7698822017390803,0.4565699814844576,0.9928971814068929,-0.5365257799937705,0.01549636618352965,7.996733861793641e-07,,,,,,,,,,,,
1.94,grasp,,,,,,,,,,,,,,,,,,,,,1.7430332899093628,0.45012345910072327,0.9762575626373291,-0.5283831357955933,0.015193914994597435,2.6112984414794482e-06,0.04299843683838844,1.7698822017390803,0.4565699814844576,0.9928971814068929,-0.5365257799937705,0.01549636618352965,7.996733861793641e-07,,,,,,,,,,,,
1.96,grasp,,,,,,,,,,,,,,,,,,,,,1.7870523929595947,0.46307605504989624,1.000754952430725,-0.5400025844573975,0.015761546790599823,-2.1158818981348304e-06,0.04299843683838844,1.8338864632543197,0.476375104598488,1.0286831341553644,-0.5523297396391663,0.015920555270759553,8.443088145765377e-07,,,,,,,,,,,,
1.98,grasp,,,,,,,,,,,,,,,,,,,,,1.8098115921020508,0.4696938395500183,1.013577938079834,-0.5459863543510437,0.01568259857594967,2.5198817183991196e-06,0.04299843683838844,1.8338864632543197,0.476375104598488,1.0286831341553644,-0.5523297396391663,0.015920555270759553,8.443088145765377e-07,,,,,,,,,,,,
2.0,grasp,,,,,,,,,,,,,,,,,,,,,1.8233777284622192,0.4972616732120514,1.0208848714828491,-0.5256471037864685,0.014901377260684967,2.780635895760497e-06,0.04299843683838844,1.8377610253459762,0.5263152244579932,1.0303102482902176,-0.5040134885200066,0.014130831994192421,1.0554790154668885e-06,,,,,,,,,,,,
2.02,grasp,,,,,,,,,,,,,,,,,,,,,1.8303636312484741,0.5116345882415771,1.02458655834198,-0.5151688456535339,0.014491260051727295,2.7915232294617454e-06,0.04299843683838844,1.8377610253459762,0.5263152244579932,1.0303102482902176,-0.5040134885200066,0.014130831994192421,1.0554790154668885e-06,,,,,,,,,,,,
2.04,grasp,,,,,,,,,,,,,,,,,,,,,1.8330719470977783,0.5425551533699036,1.02573561668396,-0.4853851795196533,0.013420840725302696,2.3057350517774466e-06,0.04299843683838844,1.8359446431974327,0.5750422158958084,1.0287557046221214,-0.4537147219335663,0.012313345900744718,1.2615354241518917e-06,,,,,,,,,,,,
2.06,grasp,,,,,,,,,,,,,,,,,,,,,1.834465503692627,0.5586371421813965,1.0262513160705566,-0.4700414538383484,0.012873022817075253,2.0929282982251607e-06,0.04299843683838844,1.8359446431974327,0.5750422158958084,1.0287557046221214,-0.4537147219335663,0.012313345900744718,1.2615354241518917e-06,,,,,,,,,,,,
2.08,grasp,,,,,,,,,,,,,,,,,,,,,1.834465503692627,0.5880683660507202,1.0258840322494507,-0.44015568494796753,0.011839011684060097,-1.6489460676893941e-06,0.04299843683838844,1.8343118694930804,0.6189652518884375,1.0273581638246396,-0.4083759814972188,0.010680151670220269,1.4466954384602834e-06,,,,,,,,,,,,
2.1,grasp,,,,,,,,,,,,,,,,,,,,,1.834699273109436,0.6033429503440857,1.02561354637146,-0.4247604012489319,0.010495203547179699,9.616710303816944e-05,0.04299843683838844,1.8343118694930804,0.6189652518884375,1.0273581638246396,-0.4083759814972188,0.010680151670220269,1.4466954384602834e-06,,,,,,,,,,,,
2.12,grasp,,,,,,,,,,,,,,,,,,,,,1.8340173959732056,0.630016565322876,1.02492094039917,-0.3973312973976135,0.009385504759848118,0.00010252058564219624,0.04299843683838844,1.832863994366436,0.6579265698647422,1.0261192678273918,-0.3681604108033296,0.009232110797144798,1.6108642455343413e-06,,,,,,,,,,,,
2.14,grasp,,,,,,,,,,,,,,,,,,,,,1.833452820777893,0.6438913345336914,1.0244745016098022,-0.38319969177246094,0.009349712170660496,4.6768112952122465e-05,0.04299843683838844,1.832863994366436,0.6579265698647422,1.0261192678273918,-0.3681604108033296,0.009232110797144798,1.6108642455343413e-06,,,,,,,,,,,,
2.16,grasp,,,,,,,,,,,,,,,,,,,,,1.8325647115707397,0.6673946380615234,1.0237802267074585,-0.35894685983657837,0.008683385327458382,2.2604219338973053e-05,0.04299843683838844,1.8316022063265234,0.6918439093262834,1.0250397168622425,-0.33315321187238184,0.007970459158883511,1.7539033120653323e-06,,,,,,,,,,,,
2.18,grasp,,,,,,,,,,,,,,,,,,,,,1.8321082592010498,0.6795891523361206,1.0233405828475952,-0.3464527726173401,0.008337436243891716,1.66440677276114e-05,0.04299843683838844,1.8316022063265234,0.6918439093262834,1.0250397168622425,-0.33315321187238184,0.007970459158883511,1.7539033120653323e-06,,,,,,,,,,,,
2.2,grasp,,,,,,,,,,,,,,,,,,,,,1.8322367668151855,0.6996023058891296,1.024069905281067,-0.32555586099624634,0.005621114745736122,0.00023906794376671314,0.04299843683838844,1.8305262879872894,0.7207165219098571,1.024119127398317,-0.30335484540906765,0.006894662026369969,1.875870086582572e-06,,,,,,,,,,,,
2.22,grasp,,,,,,,,,,,,,,,,,,,,,1.8319957256317139,0.7100436091423035,1.023970365524292,-0.3147949278354645,0.004924288485199213,0.0002743297955021262,0.04299843683838844,1.8305262879872894,0.7207165219098571,1.024119127398317,-0.30335484540906765,0.006894662026369969,1.875870086582572e-06,,,,,,,,,,,,
2.24,grasp,,,,,,,,,,,,,,,,,,,,,1.8316090106964111,0.7269378304481506,1.0235614776611328,-0.29728808999061584,0.003752723103389144,0.00033416220685467124,0.04299843683838844,1.829632843830885,0.7446315427837756,1.0233544175709823,-0.2786746038609302,0.006001337159173588,1.9771484755669317e-06,,,,,,,,,,,,
2.2600000000000002,grasp,,,,,,,,,,,,,,,,,,,,,1.8308970928192139,0.735835075378418,1.022413730621338,-0.2882765829563141,0.004276180639863014,0.00024194018624257296,0.04299843683838844,1.829632843830885,0.7446315427837756,1.0233544175709823,-0.2786746038609302,0.006001337159173588,1.9771484755669317e-06,,,,,,,,,,,,
2.2800000000000002,grasp,,,,,,,,,,,,,,,,,,,,,1.8301854133605957,0.749660313129425,1.0215153694152832,-0.274059534072876,0.004125053528696299,0.00019367941422387958,0.04299843683838844,1.8289151264836414,0.7637706545417696,1.0227398334916746,-0.25892433332432563,0.005283912874348288,2.0584834738123765e-06,,,,,,,,,,,,
2.3000000000000003,grasp,,,,,,,,,,,,,,,,,,,,,1.8295568227767944,0.7568278908729553,1.0210356712341309,-0.266732394695282,0.004737392067909241,9.264807886211202e-05,0.04299843683838844,1.8289151264836414,0.7637706545417696,1.0227398334916746,-0.25892433332432563,0.005283912874348288,2.0584834738123765e-06,,,,,,,,,,,,
2.3200000000000003,grasp,,,,,,,,,,,,,,,,,,,,,1.8289896249771118,0.7675826549530029,1.0206103324890137,-0.2556307017803192,0.004729865584522486,4.84143165522255e-05,0.04299843683838844,1.8283632714408797,0.7784165222158247,1.0222671125275498,-0.24381191323213627,0.004732313769371899,2.1210187540857656e-06,,,,,,,,,,,,
2.3400000000000003,grasp,,,,,,,,,,,,,,,,,,,,,1.8286930322647095,0.7731549739837646,1.0203462839126587,-0.24991151690483093,0.00473300414159894,2.932915413111914e-05,0.04299843683838844,1.8283632714408797,0.7784165222158247,1.0222671125275498,-0.24381191323213627,0.004732313769371899,2.1210187540857656e-06,,,,,,,,,,,,
2.36,grasp,,,,,,,,,,,,,,,,,,,,,1.8283469676971436,0.7811081409454346,1.0200845003128052,-0.24169135093688965,0.004539606161415577,1.383212202199502e-05,0.04299843683838844,1.8279633166555607,0.7889589047379951,1.0219241789750255,-0.23293451945658067,0.004332459753127231,2.1663503186545567e-06,,,,,,,,,,,,
2.38,grasp,,,,,,,,,,,,,,,,,,,,,1.828165888786316,0.7852277159690857,1.0199159383773804,-0.23745650053024292,0.00444026617333293,8.449385859421454e-06,0.04299843683838844,1.8279633166555607,0.7889589047379951,1.0219241789750255,-0.23293451945658067,0.004332459753127231,2.1663503186545567e-06,,,,,,,,,,,,
2.4,grasp,,,,,,,,,,,,,,,,,,,,,1.8279436826705933,0.7906966805458069,1.0197467803955078,-0.2318025827407837,0.00425836443901062,6.062572538212407e-06,0.04299843683838844,1.8276957287879871,0.7959020406446828,1.0216947121684024,-0.22577314599281198,0.004064968412730066,2.1966761467457474e-06,,,,,,,,,,,,
2.42,grasp,,,,,,,,,,,,,,,,,,,,,1.8278661966323853,0.7935200333595276,1.0196597576141357,-0.22888992726802826,0.004074659664183855,1.4020780326973181e-05,0.04299843683838844,1.8276957287879871,0.7959020406446828,1.0216947121684024,-0.22577314599281198,0.004064968412730066,2.1966761467457474e-06,,,,,,,,,,,,
2.44,grasp,,,,,,,,,,,,,,,,,,,,,1.8277606964111328,0.7968825101852417,1.019604206085205,-0.2254062294960022,0.0038674338720738888,2.0691417375928722e-05,0.04299843683838844,1.8275394111139969,0.7998690537726819,1.0215606073984638,-0.2216837567254429,0.003908773376330411,2.214384456164396e-06,,,,,,,,,,,,
2.46,grasp,,,,,,,,,,,,,,,,,,,,,1.8276995420455933,0.7986218333244324,1.0195732116699219,-0.22361129522323608,0.003771693678572774,2.3402299120789394e-05,0.04299843683838844,1.8275394111139969,0.7998690537726819,1.0215606073984638,-0.2216837567254429,0.003908773376330411,2.214384456164396e-06,,,,,,,,,,,,
2.48,grasp,,,,,,,,,,,,,,,,,,,,,1.8276329040527344,0.8003559112548828,1.0195282697677612,-0.22181746363639832,0.0036949212662875652,2.4019109332584776e-05,0.04299843683838844,1.8274701564135916,0.8016085957840039,1.0215011908661522,-0.21989109430172715,0.003839560087741093,2.222231535201204e-06,,,,,,,,,,,,
2.5,grasp,,,,,,,,,,,,,,,,,,,,,1.8275904655456543,0.8012542128562927,1.0194894075393677,-0.22089329361915588,0.0036758137866854668,2.2657663066638634e-05,0.04299843683838844,1.8274701564135916,0.8016085957840039,1.0215011908661522,-0.21989109430172715,0.003839560087741093,2.222231535201204e-06,,,,,,,,,,,,
2.52,grasp,,,,,,,,,,,,,,,,,,,,,1.8275623321533203,0.8019060492515564,1.0194717645645142,-0.2202199250459671,0.0036528671626001596,2.209256126661785e-05,0.04299843683838844,1.8274543723958379,0.8020030579714293,1.021487615507278,-0.21948457101842606,0.0038238309425853894,2.224014692047024e-06,,,,,,,,,,,,
2.5320207077132655,grasp,,,,,,,,,,,,,,,,,,,,,1.82754647731781,0.8022514581680298,1.0194621086120605,-0.21987098455429077,0.003644098062068224,2.1843887225259095e-05,0.04299843683838844,1.8274542093276978,0.8020070791244507,1.0214874744415283,-0.21948042511940002,0.00382367055863142,2.22403286898043e-06,,,,,,,,,,,,
2.5320207077132655,grasp,,,,,,,,,,,,,,,,,,,,,,,,,,,0.043113553896546364,,,,,,,0.0,,,,,,,,,,,
2.5520207077132655,grasp,,,,,,,,,,,,,,,,,,,,,,,,,,,0.04305869899690151,,,,,,,0.0,,,,,,,,,,,
2.5720207077132655,grasp,,,,,,,,,,,,,,,,,,,,,,,,,,,0.04300846345722675,,,,,,,0.0,,,,,,,,,,,
2.5920207077132655,grasp,,,,,,,,,,,,,,,,,,,,,,,,,,,0.042879754677414894,,,,,,,0.0,,,,,,,,,,,
2.6120207077132656,grasp,,,,,,,,,,,,,,,,,,,,,,,,,,,0.04265792854130268,,,,,,,0.0,,,,,,,,,,,
2.6320207077132656,grasp,,,,,,,,,,,,,,,,,,,,,,,,,,,0.04233723320066929,,,,,,,0.0,,,,,,,,,,,
2.6520207077132656,grasp,,,,,,,,,,,,,,,,,,,,,,,,,,,0.04174242541193962,,,,,,,0.0,,,,,,,,,,,
2.6720207077132656,grasp,,,,,,,,,,,,,,,,,,,,,,,,,,,0.04110749252140522,,,,,,,0.0,,,,,,,,,,,
2.6920207077132656,grasp,,,,,,,,,,,,,,,,,,,,,,,,,,,0.040199991315603256,,,,,,,0.0,,,,,,,,,,,
2.7120207077132656,grasp,,,,,,,,,,,,,,,,,,,,,,,,,,,0.03920409083366394,,,,,,,0.0,,,,,,,,,,,
2.7320207077132657,grasp,,,,,,,,,,,,,,,,,,,,,,,,,,,0.03804561123251915,,,,,,,0.0,,,,,,,,,,,
2.7520207077132657,grasp,,,,,,,,,,,,,,,,,,,,,,,,,,,0.03668379969894886,,,,,,,0.0,,,,,,,,,,,
2.7720207077132653,grasp,,,,,,,,,,,,,,,,,,,,,,,,,,,0.03536422550678253,,,,,,,0.0,,,,,,,,,,,
2.7920207077132657,grasp,,,,,,,,,,,,,,,,,,,,,,,,,,,0.0352106187492609,,,,,,,0.0,,,,,,,,,,,
2.8120207077132653,grasp,,,,,,,,,,,,,,,,,,,,,,,,,,,0.03515729866921902,,,,,,,0.0,,,,,,,,,,,
2.8320207077132653,grasp,,,,,,,,,,,,,,,,,,,,,,,,,,,0.03512302413582802,,,,,,,0.0,,,,,,,,,,,
2.8520207077132653,grasp,,,,,,,,,,,,,,,,,,,,,,,,,,,0.03509257175028324,,,,,,,0.0,,,,,,,,,,,
2.8720207077132653,grasp,,,,,,,,,,,,,,,,,,,,,,,,,,,0.03506228141486645,,,,,,,0.0,,,,,,,,,,,
2.8920207077132654,grasp,,,,,,,,,,,,,,,,,,,,,,,,,,,0.03503190539777279,,,,,,,0.0,,,,,,,,,,,
2.9120207077132654,grasp,,,,,,,,,,,,,,,,,,,,,,,,,,,0.03499721363186836,,,,,,,0.0,,,,,,,,,,,
2.9320207077132654,grasp,,,,,,,,,,,,,,,,,,,,,,,,,,,0.03496638499200344,,,,,,,0.0,,,,,,,,,,,
2.9520207077132654,grasp,,,,,,,,,,,,,,,,,,,,,,,,,,,0.03493716940283775,,,,,,,0.0,,,,,,,,,,,
2.9720207077132654,grasp,,,,,,,,,,,,,,,,,,,,,,,,,,,0.03490976244211197,,,,,,,0.0,,,,,,,,,,,
2.9920207077132654,grasp,,,,,,,,,,,,,,,,,,,,,,,,,,,0.03488441929221153,,,,,,,0.0,,,,,,,,,,,
3.0120207077132655,grasp,,,,,,,,,,,,,,,,,,,,,,,,,,,0.03486141562461853,,,,,,,0.0,,,,,,,,,,,
3.0320207077132655,grasp,,,,,,,,,,,,,,,,,,,,,,,,,,,0.034840960055589676,,,,,,,0.0,,,,,,,,,,,
3.0520207077132655,grasp,,,,,,,,,,,,,,,,,,,,,,,,,,,0.034823182970285416,,,,,,,0.0,,,,,,,,,,,
3.0720207077132655,grasp,,,,,,,,,,,,,,,,,,,,,,,,,,,0.034808192402124405,,,,,,,0.0,,,,,,,,,,,
3.0920207077132655,grasp,,,,,,,,,,,,,,,,,,,,,,,,,,,0.034796107560396194,,,,,,,0.0,,,,,,,,,,,
3.1120207077132656,grasp,,,,,,,,,,,,,,,,,,,,,,,,,,,0.034786736592650414,,,,,,,0.0,,,,,,,,,,,
3.1320207077132656,grasp,,,,,,,,,,,,,,,,,,,,,,,,,,,0.03478006087243557,,,,,,,0.0,,,,,,,,,,,
3.1520207077132656,grasp,,,,,,,,,,,,,,,,,,,,,,,,,,,0.034775638952851295,,,,,,,0.0,,,,,,,,,,,
3.1720207077132656,grasp,,,,,,,,,,,,,,,,,,,,,,,,,,,0.03477326035499573,,,,,,,0.0,,,,,,,,,,,
3.1920207077132656,grasp,,,,,,,,,,,,,,,,,,,,,,,,,,,0.034772297367453575,,,,,,,0.0,,,,,,,,,,,
3.2120207077132656,grasp,,,,,,,,,,,,,,,,,,,,,,,,,,,0.034772131592035294,,,,,,,0.0,,,,,,,,,,,
3.2120207077132656,grasp,,,,,,,,,,,,,,,,,,,,,1.8286172151565552,0.8022611141204834,1.0216403007507324,-0.21950079500675201,0.0006004785536788404,0.00705754803493619,0.034772131592035294,1.8274542093276978,0.8020070791244507,1.0214874744415283,-0.21948042511940002,0.00382367055863142,2.22403286898043e-06,,,,,,,,,,,,
3.2320207077132657,grasp,,,,,,,,,,,,,,,,,,,,,1.8285125494003296,0.8022315502166748,1.0217511653900146,-0.21949802339076996,0.0008794040186330676,0.006739628501236439,0.034772131592035294,1.8274542093276978,0.8020070791244507,1.0214874744415283,-0.21948042511940002,0.00382367055863142,2.22403286898043e-06,,,,,,,,,,,,
3.2520207077132657,grasp,,,,,,,,,,,,,,,,,,,,,1.8284202814102173,0.8022921085357666,1.0218180418014526,-0.21959079802036285,0.0011129071936011314,0.006574686616659164,0.034772131592035294,1.8274543239878822,0.8021395526269559,1.0218052945542262,-0.2196718093014685,0.003823670567516391,2.2248245626964117e-06,,,,,,,,,,,,
3.2720207077132657,grasp,,,,,,,,,,,,,,,,,,,,,1.8283833265304565,0.8023213744163513,1.02187979221344,-0.21963801980018616,0.0012240344658493996,0.0064852675423026085,0.034772131592035294,1.8274543239878822,0.8021395526269559,1.0218052945542262,-0.2196718093014685,0.003823670567516391,2.2248245626964117e-06,,,,,,,,,,,,
3.2920207077132657,grasp,,,,,,,,,,,,,,,,,,,,,1.8283454179763794,0.8028039336204529,1.0224584341049194,-0.22026990354061127,0.0012631892459467053,0.006427234970033169,0.034772131592035294,1.8274542196170065,0.8030027763027138,1.023877154223515,-0.22091915697749182,0.00382367081155837,2.229981427361268e-06,,,,,,,,,,,,
3.3120207077132657,grasp,,,,,,,,,,,,,,,,,,,,,1.828282117843628,0.8030042052268982,1.0231842994689941,-0.22059141099452972,0.0014294602442532778,0.006379673257470131,0.034772131592035294,1.8274542196170065,0.8030027763027138,1.023877154223515,-0.22091915697749182,0.00382367081155837,2.229981427361268e-06,,,,,,,,,,,,
3.3320207077132658,grasp,,,,,,,,,,,,,,,,,,,,,1.8279883861541748,0.8044108152389526,1.0242886543273926,-0.2222786545753479,0.0020862536039203405,0.00630920147523284,0.034772131592035294,1.8274543285369873,0.8051525209730055,1.0290529979065532,-0.22403075414695187,0.0038236711738068325,2.2428000126032594e-06,,,,,,,,,,,,
3.3520207077132658,grasp,,,,,,,,,,,,,,,,,,,,,1.8276512622833252,0.8051211833953857,1.0252918004989624,-0.2231391817331314,0.0030780842062085867,0.006214098073542118,0.034772131592035294,1.8274543285369873,0.8051525209730055,1.0290529979065532,-0.22403075414695187,0.0038236711738068325,2.2428000126032594e-06,,,,,,,,,,,,
3.372020707713266,grasp,,,,,,,,,,,,,,,,,,,,,1.8275731801986694,0.8073117733001709,1.0302093029022217,-0.22626492381095886,0.003400655696168542,0.006153305061161518,0.034772131592035294,1.8274543285369873,0.8089556786156672,1.0382868481365444,-0.22956044032464598,0.0038236722136376867,2.265360776558095e-06,,,,,,,,,,,,
3.392020707713266,grasp,,,,,,,,,,,,,,,,,,,,,1.8275221586227417,0.8084287047386169,1.0328391790390015,-0.22787515819072723,0.003558182390406728,0.006119171157479286,0.034772131592035294,1.8274543285369873,0.8089556786156672,1.0382868481365444,-0.22956044032464598,0.0038236722136376867,2.265360776558095e-06,,,,,,,,,,,,
3.412020707713266,grasp,,,,,,,,,,,,,,,,,,,,,1.8274818658828735,0.811776876449585,1.0408167839050293,-0.23271873593330383,0.0036953415255993605,0.006087037269026041,0.034772131592035294,1.8274545029435698,0.8146247657171228,1.0521627337178256,-0.23783945493736033,0.0038236731650639977,2.2988206014790433e-06,,,,,,,,,,,,
3.432020707713266,grasp,,,,,,,,,,,,,,,,,,,,,1.8274810314178467,0.813467264175415,1.045071005821228,-0.23521316051483154,0.0037011958193033934,0.006058463826775551,0.034772131592035294,1.8274545029435698,0.8146247657171228,1.0521627337178256,-0.23783945493736033,0.0038236731650639977,2.2988206014790433e-06,,,,,,,,,,,,
3.452020707713266,grasp,,,,,,,,,,,,,,,,,,,,,1.8274661302566528,0.8180760145187378,1.0561944246292114,-0.24191537499427795,0.003744334913790226,0.006030930206179619,0.034772131592035294,1.8274544706702387,0.8222555091124966,1.070918728917325,-0.2490102952159621,0.0038236741854111634,2.3437394662639134e-06,,,,,,,,,,,,
3.4720207077132654,grasp,,,,,,,,,,,,,,,,,,,,,1.827469825744629,0.8204028606414795,1.0621148347854614,-0.24536646902561188,0.0037440103478729725,0.006001191213726997,0.034772131592035294,1.8274544706702387,0.8222555091124966,1.070918728917325,-0.2490102952159621,0.0038236741854111634,2.3437394662639134e-06,,,,,,,,,,,,
3.492020707713266,grasp,,,,,,,,,,,,,,,,,,,,,1.8274627923965454,0.8262923955917358,1.0763927698135376,-0.25394853949546814,0.0037497689481824636,0.005957499146461487,0.034772131592035294,1.827454653595077,0.8318249302698655,1.0944989631512638,-0.2630408747715474,0.003823675088018595,2.3999849552431396e-06,,,,,,,,,,,,
3.5120207077132655,grasp,,,,,,,,,,,,,,,,,,,,,1.8274568319320679,0.8292665481567383,1.0839539766311646,-0.25836795568466187,0.0037741148844361305,0.005920800846070051,0.034772131592035294,1.827454653595077,0.8318249302698655,1.0944989631512638,-0.2630408747715474,0.003823675088018595,2.3999849552431396e-06,,,,,,,,,,,,
3.5320207077132655,grasp,,,,,,,,,,,,,,,,,,,,,1.8274646997451782,0.8363829255104065,1.1012123823165894,-0.268746018409729,0.0037890917155891657,0.005880868528038263,0.034772131592035294,1.8274548445665229,0.8432056928024261,1.1225947241795455,-0.27974556876499346,0.0038236760668314477,2.4668046565946326e-06,,,,,,,,,,,,
3.5520207077132655,grasp,,,,,,,,,,,,,,,,,,,,,1.827466607093811,0.8399831056594849,1.1103729009628296,-0.27409011125564575,0.0037734590005129576,0.0058521004393696785,0.034772131592035294,1.8274548445665229,0.8432056928024261,1.1225947241795455,-0.27974556876499346,0.0038236760668314477,2.4668046565946326e-06,,,,,,,,,,,,
3.5720207077132655,grasp,,,,,,,,,,,,,,,,,,,,,1.8274669647216797,0.8481985926628113,1.130385160446167,-0.2860889434814453,0.0037673506885766983,0.005831805989146233,0.034772131592035294,1.8274551598825663,0.856185583234119,1.1546806767043007,-0.29881099006015,0.0038236770687504348,2.5429597639631034e-06,,,,,,,,,,,,
3.5920207077132655,grasp,,,,,,,,,,,,,,,,,,,,,1.8274669647216797,0.8523610830307007,1.1409934759140015,-0.29226773977279663,0.0037620740476995707,0.005820221267640591,0.034772131592035294,1.8274551598825663,0.856185583234119,1.1546806767043007,-0.29881099006015,0.0038236770687504348,2.5429597639631034e-06,,,,,,,,,,,,
3.6120207077132656,grasp,,,,,,,,,,,,,,,,,,,,,1.827468991279602,0.8615116477012634,1.1632916927337646,-0.30563873052597046,0.00375493080355227,0.00580596411600709,0.034772131592035294,1.8274553626268573,0.8704804629674295,1.190055474621168,-0.319818842618906,0.003823677624843342,2.626785036776349e-06,,,,,,,,,,,,
3.6320207077132656,grasp,,,,,,,,,,,,,,,,,,,,,1.8274681568145752,0.8661516904830933,1.1751116514205933,-0.31252413988113403,0.0037546041421592236,0.005796737968921661,0.034772131592035294,1.8274553626268573,0.8704804629674295,1.190055474621168,-0.319818842618906,0.003823677624843342,2.626785036776349e-06,,,,,,,,,,,,
3.6520207077132656,grasp,,,,,,,,,,,,,,,,,,,,,1.8274654150009155,0.8760251402854919,1.1992019414901733,-0.32696032524108887,0.003770034061744809,0.005779160186648369,0.034772131592035294,1.8274555206298828,0.8857546530435053,1.2278772386334793,-0.342272363047378,0.0038236781009436424,2.716324908905045e-06,,,,,,,,,,,,
3.6720207077132656,grasp,,,,,,,,,,,,,,,,,,,,,1.8274565935134888,0.8810243606567383,1.2119358777999878,-0.33439454436302185,0.0038167608436197042,0.005751009099185467,0.034772131592035294,1.8274555206298828,0.8857546530435053,1.2278772386334793,-0.342272363047378,0.0038236781009436424,2.716324908905045e-06,,,,,,,,,,,,
3.6920207077132656,grasp,,,,,,,,,,,,,,,,,,,,,1.8274668455123901,0.8913935422897339,1.2371811866760254,-0.3495456874370575,0.003789883805438876,0.005711480509489775,0.034772131592035294,1.8274556398391724,0.9016319594477353,1.26720662643847,-0.3656163479254046,0.0038236784748733044,2.809382621243358e-06,,,,,,,,,,,,
3.7120207077132656,grasp,,,,,,,,,,,,,,,,,,,,,1.827469825744629,0.8966497182846069,1.250590205192566,-0.3573474884033203,0.003764155087992549,0.005681230220943689,0.034772131592035294,1.8274556398391724,0.9016319594477353,1.26720662643847,-0.3656163479254046,0.0038236784748733044,2.809382621243358e-06,,,,,,,,,,,,
3.7320207077132657,grasp,,,,,,,,,,,,,,,,,,,,,1.8274503946304321,0.9072409272193909,1.2764637470245361,-0.3728330731391907,0.003837594063952565,0.0056555201299488544,0.034772131592035294,1.8274556398391724,0.9177129021811858,1.3070450642120388,-0.3892611019850966,0.0038236786774595347,2.9036275131863606e-06,,,,,,,,,,,,
3.7520207077132657,grasp,,,,,,,,,,,,,,,,,,,,,1.8274576663970947,0.9126132130622864,1.290109634399414,-0.3808084726333618,0.003837112570181489,0.00564013933762908,0.034772131592035294,1.8274556398391724,0.9177129021811858,1.3070450642120388,-0.3892611019850966,0.0038236786774595347,2.9036275131863606e-06,,,,,,,,,,,,
3.7720207077132657,grasp,,,,,,,,,,,,,,,,,,,,,1.8274542093276978,0.9231724739074707,1.3158820867538452,-0.396237850189209,0.0038608056493103504,0.005625586956739426,0.034772131592035294,1.8274557120946482,0.9335906748574997,1.3463740526630377,-0.412605442528811,0.0038236789899519,2.9966866796824033e-06,,,,,,,,,,,,
3.7920207077132657,grasp,,,,,,,,,,,,,,,,,,,,,1.8274617195129395,0.9285228252410889,1.3294702768325806,-0.4041840136051178,0.0038321688771247864,0.005603696685284376,0.034772131592035294,1.8274557120946482,0.9335906748574997,1.3463740526630377,-0.412605442528811,0.0038236789899519,2.9966866796824033e-06,,,,,,,,,,,,
3.8120207077132657,grasp,,,,,,,,,,,,,,,,,,,,,1.8274601697921753,0.938789427280426,1.3544877767562866,-0.4191667139530182,0.0038493024185299873,0.005580094642937183,0.034772131592035294,1.827455759048462,0.9488657034018719,1.3841951217667758,-0.4350595630539572,0.003823679406195879,3.086229052473253e-06,,,,,,,,,,,,
3.8320207077132658,grasp,,,,,,,,,,,,,,,,,,,,,1.827455759048462,0.9439866542816162,1.3676732778549194,-0.42688268423080444,0.0038647071924060583,0.005563516169786453,0.034772131592035294,1.827455759048462,0.9488657034018719,1.3841951217667758,-0.4350595630539572,0.003823679406195879,3.086229052473253e-06,,,,,,,,,,,,
3.8520207077132658,grasp,,,,,,,,,,,,,,,,,,,,,1.8274564743041992,0.9536802768707275,1.391291618347168,-0.4410460591316223,0.0038587134331464767,0.005553006660193205,0.034772131592035294,1.827455759048462,0.9631617982285662,1.4195689194538366,-0.45606827295354024,0.0038236791733652353,3.1700584586064936e-06,,,,,,,,,,,,
3.872020707713266,grasp,,,,,,,,,,,,,,,,,,,,,1.8274568319320679,0.9585998058319092,1.4037714004516602,-0.4483402371406555,0.0038547394797205925,0.005548656918108463,0.034772131592035294,1.827455759048462,0.9631617982285662,1.4195689194538366,-0.45606827295354024,0.0038236791733652353,3.1700584586064936e-06,,,,,,,,,,,,
3.892020707713266,grasp,,,,,,,,,,,,,,,,,,,,,1.8274544477462769,0.9675093293190002,1.4254376888275146,-0.46134427189826965,0.0038607181049883366,0.00554631045088172,0.034772131592035294,1.827455759048462,0.9761432534212964,1.451653601194389,-0.47513476739360344,0.0038236791733652353,3.246218808722216e-06,,,,,,,,,,,,
3.912020707713266,grasp,,,,,,,,,,,,,,,,,,,,,1.827457070350647,0.9720295071601868,1.4368802309036255,-0.46804121136665344,0.0038539443630725145,0.005545320920646191,0.034772131592035294,1.827455759048462,0.9761432534212964,1.451653601194389,-0.47513476739360344,0.0038236791733652353,3.246218808722216e-06,,,,,,,,,,,,
3.9320207077132654,grasp,,,,,,,,,,,,,,,,,,,,,1.8274544477462769,0.9799508452415466,1.4561129808425903,-0.47959303855895996,0.003860550234094262,0.005544667132198811,0.034772131592035294,1.8274557264688307,0.9875256597760417,1.4797480204507405,-0.4918405979744131,0.0038236785804397636,3.313043677333184e-06,,,,,,,,,,,,
3.952020707713266,grasp,,,,,,,,,,,,,,,,,,,,,1.8274565935134888,0.9839704036712646,1.466262936592102,-0.48554229736328125,0.003854517824947834,0.0055445400066673756,0.034772131592035294,1.8274557264688307,0.9875256597760417,1.4797480204507405,-0.4918405979744131,0.0038236785804397636,3.313043677333184e-06,,,,,,,,,,,,
3.9720207077132654,grasp,,,,,,,,,,,,,,,,,,,,,1.8274543285369873,0.9907469749450684,1.4826825857162476,-0.4954119622707367,0.0038587346207350492,0.005540530662983656,0.034772131592035294,1.8274556398391724,0.9970967694173809,1.503326981247041,-0.5058721658845735,0.0038236778659000974,3.3692940179985234e-06,,,,,,,,,,,,
3.992020707713266,grasp,,,,,,,,,,,,,,,,,,,,,1.8274551630020142,0.994194746017456,1.4913729429244995,-0.5004947185516357,0.003851306391879916,0.005531773436814547,0.034772131592035294,1.8274556398391724,0.9970967694173809,1.503326981247041,-0.5058721658845735,0.0038236778659000974,3.3692940179985234e-06,,,,,,,,,,,,
4.0120207077132655,grasp,,,,,,,,,,,,,,,,,,,,,1.8274586200714111,0.9997287392616272,1.504724383354187,-0.508531391620636,0.003860099706798792,0.005527782253921032,0.034772131592035294,1.8274554886169412,1.0047289172748972,1.5220817752007059,-0.5170440634167616,0.003823676952838889,3.414217630345434e-06,,,,,,,,,,,,
4.032020707713266,grasp,,,,,,,,,,,,,,,,,,,,,1.8274580240249634,1.0025333166122437,1.5117548704147339,-0.5126702189445496,0.0038708874490112066,0.005525632295757532,0.034772131592035294,1.8274554886169412,1.0047289172748972,1.5220817752007059,-0.5170440634167616,0.003823676952838889,3.414217630345434e-06,,,,,,,,,,,,
4.0520207077132655,grasp,,,,,,,,,,,,,,,,,,,,,1.8274608850479126,1.0067722797393799,1.5219553709030151,-0.5188178420066833,0.0038707356434315443,0.005524673033505678,0.034772131592035294,1.8274553262408837,1.01039916039877,1.535956605094393,-0.5253240553604359,0.0038236761717220444,3.4476812744897545e-06,,,,,,,,,,,,
4.072020707713266,grasp,,,,,,,,,,,,,,,,,,,,,1.8274606466293335,1.0089237689971924,1.5273188352584839,-0.5219842195510864,0.003873341018334031,0.005524154752492905,0.034772131592035294,1.8274553262408837,1.01039916039877,1.535956605094393,-0.5253240553604359,0.0038236761717220444,3.4476812744897545e-06,,,,,,,,,,,,
4.0920207077132655,grasp,,,,,,,,,,,,,,,,,,,,,1.8274606466293335,1.011909008026123,1.5344537496566772,-0.5262976884841919,0.00387430633418262,0.005523873493075371,0.034772131592035294,1.8274552822113037,1.0142031889755938,1.5451897536059345,-0.530854314311856,0.003823675718279427,3.4702443329252883e-06,,,,,,,,,,,,
4.112020707713266,grasp,,,,,,,,,,,,,,,,,,,,,1.8274608850479126,1.0134267807006836,1.5381979942321777,-0.5285192728042603,0.0038739803712815046,0.0055237989872694016,0.034772131592035294,1.8274552822113037,1.0142031889755938,1.5451897536059345,-0.530854314311856,0.003823675718279427,3.4702443329252883e-06,,,,,,,,,,,,
4.132020707713266,grasp,,,,,,,,,,,,,,,,,,,,,1.8274604082107544,1.015271782875061,1.5425703525543213,-0.5311732292175293,0.0038750246167182922,0.005523710511624813,0.034772131592035294,1.8274550643697502,1.0163534030922317,1.550365140503612,-0.5339663467779333,0.0038236750426979046,3.4830645024497304e-06,,,,,,,,,,,,
4.152020707713266,grasp,,,,,,,,,,,,,,,,,,,,,1.8274608850479126,1.0162125825881958,1.5448572635650635,-0.5325402021408081,0.0038745831698179245,0.005523733329027891,0.034772131592035294,1.8274550643697502,1.0163534030922317,1.550365140503612,-0.5339663467779333,0.0038236750426979046,3.4830645024497304e-06,,,,,,,,,,,,
4.172020707713266,grasp,,,,,,,,,,,,,,,,,,,,,1.8274610042572021,1.0171260833740234,1.5470062494277954,-0.5338491201400757,0.0038750350940972567,0.005523708648979664,0.034772131592035294,1.8274551584479073,1.0172167344006582,1.5524368660025232,-0.5352138428306067,0.0038236749824136496,3.4882219035008064e-06,,,,,,,,,,,,
4.192020707713265,grasp,,,,,,,,,,,,,,,,,,,,,1.8274614810943604,1.0175961256027222,1.5481241941452026,-0.5345237851142883,0.0038748672232031822,0.00552369887009263,0.034772131592035294,1.8274551584479073,1.0172167344006582,1.5524368660025232,-0.5352138428306067,0.0038236749824136496,3.4882219035008064e-06,,,,,,,,,,,,
4.212020707713266,grasp,,,,,,,,,,,,,,,,,,,,,1.8274608850479126,1.0179100036621094,1.5488414764404297,-0.5349643230438232,0.003875001100823283,0.005523690488189459,0.034772131592035294,1.8274550437927246,1.0173492431640625,1.5527546405792236,-0.5354052782058716,0.003823674749583006,3.489013579383027e-06,,,,,,,,,,,,
4.212020707713266,grasp,,,,,,,,,,,,,,,,,,,,,1.8274610042572021,1.0183411836624146,1.5493017435073853,-0.535434901714325,0.003884557168930769,0.006046229507774115,0.034772131592035294,1.8274550437927246,1.0173492431640625,1.5527546405792236,-0.5354052782058716,0.003823674749583006,3.489013579383027e-06,,,,,,,,,,,,
4.232020707713265,grasp,,,,,,,,,,,,,,,,,,,,,1.8274610042572021,1.018298864364624,1.5494468212127686,-0.5354337096214294,0.003880525939166546,0.005792875308543444,0.034772131592035294,1.8274550437927246,1.0173492431640625,1.5527546405792236,-0.5354052782058716,0.003823674749583006,3.489013579383027e-06,,,,,,,,,,,,
4.252020707713266,grasp,,,,,,,,,,,,,,,,,,,,,1.8274613618850708,1.0182139873504639,1.5493656396865845,-0.5353400111198425,0.0038783398922532797,0.005662371404469013,0.034772131592035294,1.8274551584479073,1.0172167344006582,1.5524368660025232,-0.5352138428306067,0.0038236749824136496,3.4882219035008064e-06,,,,,,,,,,,,
4.272020707713265,grasp,,,,,,,,,,,,,,,,,,,,,1.8274612426757812,1.018171787261963,1.549318790435791,-0.5352919697761536,0.003876935224980116,0.005595133174210787,0.034772131592035294,1.8274551584479073,1.0172167344006582,1.5524368660025232,-0.5352138428306067,0.0038236749824136496,3.4882219035008064e-06,,,,,,,,,,,,
4.292020707713266,grasp,,,,,,,,,,,,,,,,,,,,,1.8274611234664917,1.0177297592163086,1.5483020544052124,-0.5346624851226807,0.003875979222357273,0.005560527089983225,0.034772131592035294,1.8274550643697502,1.0163534030922317,1.550365140503612,-0.5339663467779333,0.0038236750426979046,3.4830645024497304e-06,,,,,,,,,,,,
4.312020707713265,grasp,,,,,,,,,,,,,,,,,,,,,1.8274612426757812,1.0175076723098755,1.5477572679519653,-0.5343381762504578,0.003875784808769822,0.005542671773582697,0.034772131592035294,1.8274550643697502,1.0163534030922317,1.550365140503612,-0.5339663467779333,0.0038236750426979046,3.4830645024497304e-06,,,,,,,,,,,,
4.332020707713266,grasp,,,,,,,,,,,,,,,,,,,,,1.82746160030365,1.0163432359695435,1.5450007915496826,-0.5326622128486633,0.0038748171646147966,0.005533483810722828,0.034772131592035294,1.8274552822113037,1.0142031889755938,1.5451897536059345,-0.530854314311856,0.003823675718279427,3.4702443329252883e-06,,,,,,,,,,,,
4.352020707713265,grasp,,,,,,,,,,,,,,,,,,,,,1.8274611234664917,1.0157564878463745,1.5435326099395752,-0.5317990183830261,0.003875499591231346,0.00552872009575367,0.034772131592035294,1.8274552822113037,1.0142031889755938,1.5451897536059345,-0.530854314311856,0.003823675718279427,3.4702443329252883e-06,,,,,,,,,,,,
4.372020707713266,grasp,,,,,,,,,,,,,,,,,,,,,1.8274610042572021,1.0135908126831055,1.5383647680282593,-0.5286728143692017,0.0038742891047149897,0.005526300054043531,0.034772131592035294,1.8274553262408837,1.01039916039877,1.535956605094393,-0.5253240553604359,0.0038236761717220444,3.4476812744897545e-06,,,,,,,,,,,,
4.392020707713265,grasp,,,,,,,,,,,,,,,,,,,,,1.8274606466293335,1.0124999284744263,1.5356160402297974,-0.5270630717277527,0.00387545395642519,0.005524980835616589,0.034772131592035294,1.8274553262408837,1.01039916039877,1.535956605094393,-0.5253240553604359,0.0038236761717220444,3.4476812744897545e-06,,,,,,,,,,,,
4.412020707713266,grasp,,,,,,,,,,,,,,,,,,,,,1.8274606466293335,1.009156346321106,1.527578353881836,-0.5222185254096985,0.003873693523928523,0.005524386186152697,0.034772131592035294,1.8274554886169412,1.0047289172748972,1.5220817752007059,-0.5170440634167616,0.003823676952838889,3.414217630345434e-06,,,,,,,,,,,,
4.432020707713265,grasp,,,,,,,,,,,,,,,,,,,,,1.8274610042572021,1.0074723958969116,1.5233087539672852,-0.5197237133979797,0.0038755766581743956,0.00552396522834897,0.034772131592035294,1.8274554886169412,1.0047289172748972,1.5220817752007059,-0.5170440634167616,0.003823676952838889,3.414217630345434e-06,,,,,,,,,,,,
4.452020707713266,grasp,,,,,,,,,,,,,,,,,,,,,1.8274612426757812,1.0028574466705322,1.5121650695800781,-0.5130211114883423,0.003873075358569622,0.0055238171480596066,0.034772131592035294,1.8274556398391724,0.9970967694173809,1.503326981247041,-0.5058721658845735,0.0038236778659000974,3.3692940179985234e-06,,,,,,,,,,,,
4.472020707713265,grasp,,,,,,,,,,,,,,,,,,,,,1.8274608850479126,1.0005322694778442,1.506253719329834,-0.5095696449279785,0.0038756493013352156,0.005523610860109329,0.034772131592035294,1.8274556398391724,0.9970967694173809,1.503326981247041,-0.5058721658845735,0.0038236778659000974,3.3692940179985234e-06,,,,,,,,,,,,
4.492020707713266,grasp,,,,,,,,,,,,,,,,,,,,,1.8274617195129395,0.9946327805519104,1.4919685125350952,-0.5009872317314148,0.0038725968915969133,0.005523609463125467,0.034772131592035294,1.8274557264688307,0.9875256597760417,1.4797480204507405,-0.4918405979744131,0.0038236785804397636,3.313043677333184e-06,,,,,,,,,,,,
4.5120207077132655,grasp,,,,,,,,,,,,,,,,,,,,,1.8274619579315186,0.9916582703590393,1.484395980834961,-0.49656733870506287,0.003875721711665392,0.005523480009287596,0.034772131592035294,1.8274557264688307,0.9875256597760417,1.4797480204507405,-0.4918405979744131,0.0038236785804397636,3.313043677333184e-06,,,,,,,,,,,,
4.532020707713266,grasp,,,,,,,,,,,,,,,,,,,,,1.8274623155593872,0.9845337271690369,1.4671095609664917,-0.4861892759799957,0.003871805965900421,0.0055235144682228565,0.034772131592035294,1.827455759048462,0.9761432534212964,1.451653601194389,-0.47513476739360344,0.0038236791733652353,3.246218808722216e-06,,,,,,,,,,,,
4.5520207077132655,grasp,,,,,,,,,,,,,,,,,,,,,1.82746160030365,0.9809386730194092,1.4579505920410156,-0.48084473609924316,0.003875801572576165,0.005523342173546553,0.034772131592035294,1.827455759048462,0.9761432534212964,1.451653601194389,-0.47513476739360344,0.0038236791733652353,3.246218808722216e-06,,,,,,,,,,,,
4.572020707713266,grasp,,,,,,,,,,,,,,,,,,,,,1.8274621963500977,0.9727084636688232,1.4379515647888184,-0.46884554624557495,0.0038713521789759398,0.005523370578885078,0.034772131592035294,1.827455759048462,0.9631617982285662,1.4195689194538366,-0.45606827295354024,0.0038236791733652353,3.1700584586064936e-06,,,,,,,,,,,,
4.5920207077132655,grasp,,,,,,,,,,,,,,,,,,,,,1.82746160030365,0.968552827835083,1.4273605346679688,-0.4626661539077759,0.0038758241571485996,0.0055231936275959015,0.034772131592035294,1.827455759048462,0.9631617982285662,1.4195689194538366,-0.45606827295354024,0.0038236791733652353,3.1700584586064936e-06,,,,,,,,,,,,
4.612020707713266,grasp,,,,,,,,,,,,,,,,,,,,,1.8274623155593872,0.9593878984451294,1.4050633907318115,-0.4492948651313782,0.003870852291584015,0.005523250438272953,0.034772131592035294,1.827455759048462,0.9488657034018719,1.3841951217667758,-0.4350595630539572,0.003823679406195879,3.086229052473253e-06,,,,,,,,,,,,
4.632020707713266,grasp,,,,,,,,,,,,,,,,,,,,,1.82746160030365,0.9547572731971741,1.3932580947875977,-0.44240888953208923,0.003875917987897992,0.0055230529978871346,0.034772131592035294,1.827455759048462,0.9488657034018719,1.3841951217667758,-0.4350595630539572,0.003823679406195879,3.086229052473253e-06,,,,,,,,,,,,
4.652020707713266,grasp,,,,,,,,,,,,,,,,,,,,,1.8274626731872559,0.9448670148849487,1.3691765069961548,-0.42797231674194336,0.0038702196907252073,0.005523126106709242,0.034772131592035294,1.8274557120946482,0.9335906748574997,1.3463740526630377,-0.412605442528811,0.0038236789899519,2.9966866796824033e-06,,,,,,,,,,,,
4.672020707713266,grasp,,,,,,,,,,,,,,,,,,,,,1.82746160030365,0.9398669600486755,1.3564302921295166,-0.42053788900375366,0.0038758013397455215,0.0055229333229362965,0.034772131592035294,1.8274557120946482,0.9335906748574997,1.3463740526630377,-0.412605442528811,0.0038236789899519,2.9966866796824033e-06,,,,,,,,,,,,
4.692020707713265,grasp,,,,,,,,,,,,,,,,,,,,,1.8274625539779663,0.929490327835083,1.3311517238616943,-0.4053872525691986,0.003869972424581647,0.005523023661226034,0.034772131592035294,1.8274556398391724,0.9177129021811858,1.3070450642120388,-0.3892611019850966,0.0038236786774595347,2.9036275131863606e-06,,,,,,,,,,,,
4.712020707713266,grasp,,,,,,,,,,,,,,,,,,,,,1.8274612426757812,0.9242416024208069,1.317775845527649,-0.3975848853588104,0.003875847440212965,0.0055228048004209995,0.034772131592035294,1.8274556398391724,0.9177129021811858,1.3070450642120388,-0.3892611019850966,0.0038236786774595347,2.9036275131863606e-06,,,,,,,,,,,,
4.732020707713266,grasp,,,,,,,,,,,,,,,,,,,,,1.827462077140808,0.9136379361152649,1.2919361591339111,-0.38209888339042664,0.0038697721902281046,0.0055229454301297665,0.034772131592035294,1.8274556398391724,0.9016319594477353,1.26720662643847,-0.3656163479254046,0.0038236784748733044,2.809382621243358e-06,,,,,,,,,,,,
4.752020707713266,grasp,,,,,,,,,,,,,,,,,,,,,1.827460527420044,0.9082716107368469,1.2782666683197021,-0.37412381172180176,0.0038757426664233208,0.005522755905985832,0.034772131592035294,1.8274556398391724,0.9016319594477353,1.26720662643847,-0.3656163479254046,0.0038236784748733044,2.809382621243358e-06,,,,,,,,,,,,
4.772020707713265,grasp,,,,,,,,,,,,,,,,,,,,,1.8274613618850708,0.8977078199386597,1.2525229454040527,-0.358694463968277,0.0038696990814059973,0.005522874649614096,0.034772131592035294,1.8274555206298828,0.8857546530435053,1.2278772386334793,-0.342272363047378,0.0038236781009436424,2.716324908905045e-06,,,,,,,,,,,,
4.792020707713266,grasp,,,,,,,,,,,,,,,,,,,,,1.827459692955017,0.8923587203025818,1.2389075756072998,-0.3507487177848816,0.0038756856229156256,0.005522739142179489,0.034772131592035294,1.8274555206298828,0.8857546530435053,1.2278772386334793,-0.342272363047378,0.0038236781009436424,2.716324908905045e-06,,,,,,,,,,,,
4.812020707713265,grasp,,,,,,,,,,,,,,,,,,,,,1.8274604082107544,0.8821002244949341,1.2139146327972412,-0.33576637506484985,0.0038696755655109882,0.005522867199033499,0.034772131592035294,1.8274553626268573,0.8704804629674295,1.190055474621168,-0.319818842618906,0.003823677624843342,2.626785036776349e-06,,,,,,,,,,,,
4.832020707713266,grasp,,,,,,,,,,,,,,,,,,,,,1.8274588584899902,0.8769036531448364,1.2007001638412476,-0.3280506134033203,0.003875559428706765,0.005522708408534527,0.034772131592035294,1.8274553626268573,0.8704804629674295,1.190055474621168,-0.319818842618906,0.003823677624843342,2.626785036776349e-06,,,,,,,,,,,,
4.852020707713265,grasp,,,,,,,,,,,,,,,,,,,,,1.8274593353271484,0.8672050833702087,1.177081823348999,-0.31388792395591736,0.003869782667607069,0.0055228727869689465,0.034772131592035294,1.8274551598825663,0.856185583234119,1.1546806767043007,-0.29881099006015,0.0038236770687504348,2.5429597639631034e-06,,,,,,,,,,,,
4.872020707713266,grasp,,,,,,,,,,,,,,,,,,,,,1.8274580240249634,0.862289309501648,1.164599061012268,-0.3065941631793976,0.003875388065353036,0.005522716324776411,0.034772131592035294,1.8274551598825663,0.856185583234119,1.1546806767043007,-0.29881099006015,0.0038236770687504348,2.5429597639631034e-06,,,,,,,,,,,,
4.892020707713265,grasp,,,,,,,,,,,,,,,,,,,,,1.8274585008621216,0.8533810377120972,1.1429262161254883,-0.29359087347984314,0.003869927953928709,0.005522867199033499,0.034772131592035294,1.8274548445665229,0.8432056928024261,1.1225947241795455,-0.27974556876499346,0.0038236760668314477,2.4668046565946326e-06,,,,,,,,,,,,
4.912020707713266,grasp,,,,,,,,,,,,,,,,,,,,,1.8274571895599365,0.8488638997077942,1.1314761638641357,-0.2868940830230713,0.00387523602694273,0.0055227442644536495,0.034772131592035294,1.8274548445665229,0.8432056928024261,1.1225947241795455,-0.27974556876499346,0.0038236760668314477,2.4668046565946326e-06,,,,,,,,,,,,
4.932020707713265,grasp,,,,,,,,,,,,,,,,,,,,,1.8274645805358887,0.8409470319747925,1.1123040914535522,-0.2753427028656006,0.0038655356038361788,0.005522879306226969,0.034772131592035294,1.827454653595077,0.8318249302698655,1.0944989631512638,-0.2630408747715474,0.003823675088018595,2.3999849552431396e-06,,,,,,,,,,,,
4.952020707713266,grasp,,,,,,,,,,,,,,,,,,,,,1.8279370069503784,0.8367828130722046,1.1033134460449219,-0.26938948035240173,0.002716743852943182,0.005554213188588619,0.034772131592035294,1.827454653595077,0.8318249302698655,1.0944989631512638,-0.2630408747715474,0.003823675088018595,2.3999849552431396e-06,,,,,,,,,,,,
4.972020707713265,grasp,,,,,,,,,,,,,,,,,,,,,1.8285880088806152,0.8298456072807312,1.0883443355560303,-0.25952449440956116,0.0010167475556954741,0.005599773023277521,0.034772131592035294,1.8274544706702387,0.8222555091124966,1.070918728917325,-0.2490102952159621,0.0038236741854111634,2.3437394662639134e-06,,,,,,,,,,,,
4.992020707713266,grasp,,,,,,,,,,,,,,,,,,,,,1.8290528059005737,0.826263427734375,1.08060884475708,-0.2544526755809784,-0.0005785719258710742,0.005640518385916948,0.034772131592035294,1.8274544706702387,0.8222555091124966,1.070918728917325,-0.2490102952159621,0.0038236741854111634,2.3437394662639134e-06,,,,,,,,,,,,
5.0120207077132655,grasp,,,,,,,,,,,,,,,,,,,,,1.829439401626587,0.820661187171936,1.0677125453948975,-0.24642838537693024,-0.0018033285159617662,0.005672220606356859,0.034772131592035294,1.8274545029435698,0.8146247657171228,1.0521627337178256,-0.23783945493736033,0.0038236731650639977,2.2988206014790433e-06,,,,,,,,,,,,
5.032020707713266,grasp,,,,,,,,,,,,,,,,,,,,,1.8295596837997437,0.8178054094314575,1.061168909072876,-0.24229976534843445,-0.0021514897234737873,0.005678977817296982,0.034772131592035294,1.8274545029435698,0.8146247657171228,1.0521627337178256,-0.23783945493736033,0.0038236731650639977,2.2988206014790433e-06,,,,,,,,,,,,
5.0520207077132655,grasp,,,,,,,,,,,,,,,,,,,,,1.829697608947754,0.8135541081428528,1.0511165857315063,-0.23615922033786774,-0.002538225380703807,0.005682713817805052,0.034772131592035294,1.8274543285369873,0.8089556786156672,1.0382868481365444,-0.22956044032464598,0.0038236722136376867,2.265360776558095e-06,,,,,,,,,,,,
5.072020707713266,grasp,,,,,,,,,,,,,,,,,,,,,1.829742193222046,0.8114439249038696,1.0453628301620483,-0.23299813270568848,-0.00268386653624475,0.0056792981922626495,0.034772131592035294,1.8274543285369873,0.8089556786156672,1.0382868481365444,-0.22956044032464598,0.0038236722136376867,2.265360776558095e-06,,,,,,,,,,,,
5.0920207077132655,grasp,,,,,,,,,,,,,,,,,,,,,1.8295032978057861,0.808497428894043,1.038068413734436,-0.22868019342422485,-0.0020052373874932528,0.005654399748891592,0.034772131592035294,1.8274543285369873,0.8051525209730055,1.0290529979065532,-0.22403075414695187,0.0038236711738068325,2.2428000126032594e-06,,,,,,,,,,,,
5.112020707713266,grasp,,,,,,,,,,,,,,,,,,,,,1.8293342590332031,0.8070412278175354,1.0338579416275024,-0.22645577788352966,-0.0015137974405661225,0.005635714624077082,0.034772131592035294,1.8274543285369873,0.8051525209730055,1.0290529979065532,-0.22403075414695187,0.0038236711738068325,2.2428000126032594e-06,,,,,,,,,,,,
5.132020707713266,grasp,,,,,,,,,,,,,,,,,,,,,1.8292516469955444,0.8050928711891174,1.0304317474365234,-0.22377938032150269,-0.0011497456580400467,0.005620960146188736,0.034772131592035294,1.8274542196170065,0.8030027763027138,1.023877154223515,-0.22091915697749182,0.00382367081155837,2.229981427361268e-06,,,,,,,,,,,,
5.152020707713266,grasp,,,,,,,,,,,,,,,,,,,,,1.8292033672332764,0.8041064739227295,1.029011845588684,-0.2223796844482422,-0.0008652320830151439,0.0056131151504814625,0.034772131592035294,1.8274542196170065,0.8030027763027138,1.023877154223515,-0.22091915697749182,0.00382367081155837,2.229981427361268e-06,,,,,,,,,,,,
5.172020707713266,grasp,,,,,,,,,,,,,,,,,,,,,1.829187035560608,0.8031430244445801,1.02753746509552,-0.2210499346256256,-0.0006711313617415726,0.005604416597634554,0.034772131592035294,1.8274543239878822,0.8021395526269559,1.0218052945542262,-0.2196718093014685,0.003823670567516391,2.2248245626964117e-06,,,,,,,,,,,,
5.192020707713265,grasp,,,,,,,,,,,,,,,,,,,,,1.8291758298873901,0.8026471138000488,1.0267099142074585,-0.2203649878501892,-0.0005385050317272544,0.005597247742116451,0.034772131592035294,1.8274543239878822,0.8021395526269559,1.0218052945542262,-0.2196718093014685,0.003823670567516391,2.2248245626964117e-06,,,,,,,,,,,,
5.212020707713266,grasp,,,,,,,,,,,,,,,,,,,,,1.8291677236557007,0.802315354347229,1.026239275932312,-0.21991555392742157,-0.0004266035684850067,0.005593306850641966,0.034772131592035294,1.8274542093276978,0.8020070791244507,1.0214874744415283,-0.21948042511940002,0.00382367055863142,2.22403286898043e-06,,,,,,,,,,,,
5.212020707713266,grasp,,,,,,,,,,,,,,,,,,,,,1.8290908336639404,0.8020403981208801,1.0256637334823608,-0.21949340403079987,-0.0003377378743607551,0.006103849504143,0.034772131592035294,1.8274542093276978,0.8020070791244507,1.0214874744415283,-0.21948042511940002,0.00382367055863142,2.22403286898043e-06,,,,,,,,,,,,
5.232020707713265,grasp,,,,,,,,,,,,,,,,,,,,,1.8290634155273438,0.8020051121711731,1.025619626045227,-0.21946343779563904,-0.00024909782223403454,0.0058496445417404175,0.034772131592035294,1.8274542093276978,0.8020070791244507,1.0214874744415283,-0.21948042511940002,0.00382367055863142,2.22403286898043e-06,,,,,,,,,,,,
5.252020707713266,grasp,,,,,,,,,,,,,,,,,,,,,1.829033613204956,0.8019111156463623,1.0253777503967285,-0.21954131126403809,-0.0001637996028875932,0.005715025123208761,0.034772131592035294,1.8274615863693207,0.8018236559601002,1.0214938333510464,-0.2196694888581706,0.0038309845430017746,2.2232038005613478e-06,,,,,,,,,,,,
5.272020707713265,grasp,,,,,,,,,,,,,,,,,,,,,1.829032063484192,0.801845371723175,1.0253571271896362,-0.2195822298526764,-0.0001179154496639967,0.005645970813930035,0.034772131592035294,1.8274615863693207,0.8018236559601002,1.0214938333510464,-0.2196694888581706,0.0038309845430017746,2.2232038005613478e-06,,,,,,,,,,,,
5.292020707713266,grasp,,,,,,,,,,,,,,,,,,,,,1.82906174659729,0.8012409806251526,1.0252695083618164,-0.22022366523742676,-6.653816672042012e-05,0.005610540043562651,0.034772131592035294,1.827510820096984,0.8005872592070165,1.0215360873132098,-0.220943563565287,0.0038802348181864307,2.217619980058948e-06,,,,,,,,,,,,
5.312020707713265,grasp,,,,,,,,,,,,,,,,,,,,,1.829038381576538,0.8009041547775269,1.0252681970596313,-0.22055579721927643,-3.2197372092923615e-06,0.005585775710642338,0.034772131592035294,1.827510820096984,0.8005872592070165,1.0215360873132098,-0.220943563565287,0.0038802348181864307,2.217619980058948e-06,,,,,,,,,,,,
5.332020707713266,grasp,,,,,,,,,,,,,,,,,,,,,1.8290411233901978,0.7992329597473145,1.0250732898712158,-0.22233174741268158,0.00017090493929572403,0.005567878019064665,0.034772131592035294,1.8276380554796372,0.7973743501034803,1.0216452200486914,-0.22425523573992823,0.004007293730929342,2.2032148853296924e-06,,,,,,,,,,,,
5.352020707713265,grasp,,,,,,,,,,,,,,,,,,,,,1.829032063484192,0.7983885407447815,1.0247987508773804,-0.22324934601783752,0.0003005024918820709,0.005554056726396084,0.034772131592035294,1.8276380554796372,0.7973743501034803,1.0216452200486914,-0.22425523573992823,0.004007293730929342,2.2032148853296924e-06,,,,,,,,,,,,
5.372020707713266,grasp,,,,,,,,,,,,,,,,,,,,,1.8291277885437012,0.7950994372367859,1.0245306491851807,-0.22670987248420715,0.0005515118828043342,0.005541061516851187,0.034772131592035294,1.8278698667325188,0.7913966949322313,1.0218440577705825,-0.23041974592476125,0.00423905493689592,2.1769396907370225e-06,,,,,,,,,,,,
5.392020707713265,grasp,,,,,,,,,,,,,,,,,,,,,1.8291630744934082,0.7934438586235046,1.0241572856903076,-0.228498637676239,0.0007148078293539584,0.005529406480491161,0.034772131592035294,1.8278698667325188,0.7913966949322313,1.0218440577705825,-0.23041974592476125,0.00423905493689592,2.1769396907370225e-06,,,,,,,,,,,,
5.412020707713266,grasp,,,,,,,,,,,,,,,,,,,,,1.829246163368225,0.7881326675415039,1.0233546495437622,-0.234130397439003,0.001268666354008019,0.0055005731992423534,0.034772131592035294,1.828227932474477,0.7819944048462021,1.022151157198287,-0.24012021044531487,0.004597055763598741,2.1363531118126606e-06,,,,,,,,,,,,
5.432020707713265,grasp,,,,,,,,,,,,,,,,,,,,,1.8292300701141357,0.7853792905807495,1.0229403972625732,-0.23703362047672272,0.0016618012450635433,0.005474345292896032,0.034772131592035294,1.828227932474477,0.7819944048462021,1.022151157198287,-0.24012021044531487,0.004597055763598741,2.1363531118126606e-06,,,,,,,,,,,,
5.452020707713266,grasp,,,,,,,,,,,,,,,,,,,,,1.8292920589447021,0.7775828242301941,1.0223205089569092,-0.24522314965724945,0.0023375919554382563,0.005439071916043758,0.034772131592035294,1.828732419573189,0.7686278967724868,1.0225833383909853,-0.2539122448154104,0.0051012829880020165,2.0791883177965614e-06,,,,,,,,,,,,
5.472020707713265,grasp,,,,,,,,,,,,,,,,,,,,,1.8292567729949951,0.7735124230384827,1.0220822095870972,-0.24943983554840088,0.0030119544826447964,0.005401511676609516,0.034772131592035294,1.828732419573189,0.7686278967724868,1.0225833383909853,-0.2539122448154104,0.0051012829880020165,2.0791883177965614e-06,,,,,,,,,,,,
5.492020707713266,grasp,,,,,,,,,,,,,,,,,,,,,1.8294469118118286,0.7628812193870544,1.0218942165374756,-0.2604980766773224,0.0038948068395256996,0.005367621313780546,0.034772131592035294,1.8293991062326802,0.750873733793144,1.0231542800665239,-0.27223294033063916,0.005767667523534251,2.0036399400909343e-06,,,,,,,,,,,,
5.5120207077132655,grasp,,,,,,,,,,,,,,,,,,,,,1.8294486999511719,0.7573541402816772,1.0215613842010498,-0.26619625091552734,0.004575924947857857,0.005345618352293968,0.034772131592035294,1.8293991062326802,0.750873733793144,1.0231542800665239,-0.27223294033063916,0.005767667523534251,2.0036399400909343e-06,,,,,,,,,,,,
5.532020707713266,grasp,,,,,,,,,,,,,,,,,,,,,1.8297983407974243,0.7436692118644714,1.0214736461639404,-0.28036946058273315,0.005609470419585705,0.005325797479599714,0.034772131592035294,1.8302388740416835,0.7284177535922295,1.0238731286177478,-0.29540704853868033,0.0066072674061198764,1.908452836950846e-06,,,,,,,,,,,,
5.5520207077132655,grasp,,,,,,,,,,,,,,,,,,,,,1.8299728631973267,0.7365641593933105,1.0215579271316528,-0.2876693308353424,0.006198940332978964,0.00530630350112915,0.034772131592035294,1.8302388740416835,0.7284177535922295,1.0238731286177478,-0.29540704853868033,0.0066072674061198764,1.908452836950846e-06,,,,,,,,,,,,
5.572020707713266,grasp,,,,,,,,,,,,,,,,,,,,,1.8305978775024414,0.7196803689002991,1.0217885971069336,-0.3051278293132782,0.00689640874043107,0.005297833122313023,0.034772131592035294,1.8312594531357997,0.7010485374997456,1.0247464463599136,-0.32365322748558295,0.007627730903546773,1.7927597556281114e-06,,,,,,,,,,,,
5.5920207077132655,grasp,,,,,,,,,,,,,,,,,,,,,1.8309247493743896,0.7109365463256836,1.0218005180358887,-0.3141228258609772,0.007250776048749685,0.005293579306453466,0.034772131592035294,1.8312594531357997,0.7010485374997456,1.0247464463599136,-0.32365322748558295,0.007627730903546773,1.7927597556281114e-06,,,,,,,,,,,,
5.612020707713266,grasp,,,,,,,,,,,,,,,,,,,,,1.8316607475280762,0.6907795071601868,1.022387981414795,-0.3349670469760895,0.008037152700126171,0.005286242347210646,0.034772131592035294,1.8324651826822413,0.6686512696291987,1.0257780754910144,-0.3570908563390564,0.008833340133235015,1.6560744785907668e-06,,,,,,,,,,,,
5.632020707713266,grasp,,,,,,,,,,,,,,,,,,,,,1.8320444822311401,0.6803050637245178,1.0227749347686768,-0.3457050621509552,0.008446887135505676,0.0052834018133580685,0.034772131592035294,1.8324651826822413,0.6686512696291987,1.0257780754910144,-0.3570908563390564,0.008833340133235015,1.6560744785907668e-06,,,,,,,,,,,,
5.652020707713266,grasp,,,,,,,,,,,,,,,,,,,,,1.832916498184204,0.6568331122398376,1.0234887599945068,-0.3699784278869629,0.00932797696441412,0.005281759425997734,0.034772131592035294,1.833857257264202,0.6312009511107889,1.0269690805695368,-0.39574619050254556,0.01022544323715857,1.4982470085357822e-06,,,,,,,,,,,,
5.672020707713266,grasp,,,,,,,,,,,,,,,,,,,,,1.8333666324615479,0.644636332988739,1.0239378213882446,-0.3824831247329712,0.009783230721950531,0.005281093530356884,0.034772131592035294,1.833857257264202,0.6312009511107889,1.0269690805695368,-0.39574619050254556,0.01022544323715857,1.4982470085357822e-06,,,,,,,,,,,,
5.692020707713265,grasp,,,,,,,,,,,,,,,,,,,,,1.8343626260757446,0.6178691983222961,1.0247722864151,-0.4101667106151581,0.010781779885292053,0.005280180834233761,0.034772131592035294,1.835434702398498,0.5887559779952507,1.0283192044236131,-0.4395587850547611,0.011803197995373603,1.3193722162836417e-06,,,,,,,,,,,,
5.712020707713266,grasp,,,,,,,,,,,,,,,,,,,,,1.8348748683929443,0.6039578914642334,1.0252711772918701,-0.4244285523891449,0.011297661811113358,0.005280135665088892,0.034772131592035294,1.835434702398498,0.5887559779952507,1.0283192044236131,-0.4395587850547611,0.011803197995373603,1.3193722162836417e-06,,,,,,,,,,,,
5.732020707713266,grasp,,,,,,,,,,,,,,,,,,,,,1.835994839668274,0.5739660263061523,1.0262277126312256,-0.4554494321346283,0.01241249032318592,0.005279309581965208,0.034772131592035294,1.8371957386273223,0.5414520304348254,1.0298266228195985,-0.4883882262229004,0.013565188232806119,1.11960941936041e-06,,,,,,,,,,,,
5.752020707713266,grasp,,,,,,,,,,,,,,,,,,,,,1.8365684747695923,0.5583751797676086,1.0267692804336548,-0.47143086791038513,0.01299593597650528,0.0052794525399804115,0.034772131592035294,1.8371957386273223,0.5414520304348254,1.0298266228195985,-0.4883882262229004,0.013565188232806119,1.11960941936041e-06,,,,,,,,,,,,
5.772020707713265,grasp,,,,,,,,,,,,,,,,,,,,,1.8374981880187988,0.525495171546936,1.0283645391464233,-0.505295991897583,0.014183378778398037,0.005273657850921154,0.034772131592035294,1.8384901153938917,0.48987093134072174,1.0311217061249422,-0.5412733464036973,0.015491839757207644,9.002539866399081e-07,,,,,,,,,,,,
5.792020707713266,grasp,,,,,,,,,,,,,,,,,,,,,1.8379697799682617,0.5083589553833008,1.0284901857376099,-0.5227511525154114,0.014837733469903469,0.005272961221635342,0.034772131592035294,1.8384901153938917,0.48987093134072174,1.0311217061249422,-0.5412733464036973,0.015491839757207644,9.002539866399081e-07,,,,,,,,,,,,
5.812020707713265,grasp,,,,,,,,,,,,,,,,,,,,,1.8156437873840332,0.48601314425468445,1.0168596506118774,-0.5325155854225159,0.013523566536605358,0.005323995836079121,0.034772131592035294,1.7909336987656066,0.46190864646295293,1.0046791135832427,-0.5429100406495672,0.0156807769028784,8.091949910595944e-07,,,,,,,,,,,,
5.832020707713266,grasp,,,,,,,,,,,,,,,,,,,,,1.8044744729995728,0.47447189688682556,1.0108957290649414,-0.537541925907135,0.011250601150095463,0.005372617859393358,0.034772131592035294,1.7909336987656066,0.46190864646295293,1.0046791135832427,-0.5429100406495672,0.0156807769028784,8.091949910595944e-07,,,,,,,,,,,,
5.852020707713265,grasp,,,,,,,,,,,,,,,,,,,,,1.7648636102676392,0.45939478278160095,0.9906756281852722,-0.515605628490448,-0.008055958896875381,0.005506495479494333,0.034772131592035294,1.7192696916994605,0.4437334796238806,0.9645745160192226,-0.5211786901291443,0.015053070899435788,7.767849500060233e-07,,,,,,,,,,,,
5.872020707713266,grasp,,,,,,,,,,,,,,,,,,,,,1.7445181608200073,0.4516032636165619,0.9803178906440735,-0.5043728351593018,-0.03471728786826134,0.005583294201642275,0.034772131592035294,1.7192696916994605,0.4437334796238806,0.9645745160192226,-0.5211786901291443,0.015053070899435788,7.767849500060233e-07,,,,,,,,,,,,
5.892020707713265,grasp,,,,,,,,,,,,,,,,,,,,,1.6974462270736694,0.4381730258464813,0.9542892575263977,-0.46640411019325256,-0.07501234114170074,0.005663362797349691,0.034772131592035294,1.6432476579041932,0.4244471945506424,0.9220358205282007,-0.49812916950169833,0.014387324708009536,7.424102535924422e-07,,,,,,,,,,,,
5.912020707713266,grasp,,,,,,,,,,,,,,,,,,,,,1.6730668544769287,0.43127816915512085,0.9409395456314087,-0.44705265760421753,-0.10223168879747391,0.005712063517421484,0.034772131592035294,1.6432476579041932,0.4244471945506424,0.9220358205282007,-0.49812916950169833,0.014387324708009536,7.424102535924422e-07,,,,,,,,,,,,
5.932020707713265,grasp,,,,,,,,,,,,,,,,,,,,,1.6223827600479126,0.41773274540901184,0.9130817651748657,-0.4046177268028259,-0.14356334507465363,0.0057876394130289555,0.034772131592035294,1.5633764878747225,0.4041758444295255,0.8773432732585257,-0.4739144799297706,0.01368793699747171,7.06297844253285e-07,,,,,,,,,,,,
5.952020707713266,grasp,,,,,,,,,,,,,,,,,,,,,1.5959019660949707,0.4108670651912689,0.8982484340667725,-0.3794856369495392,-0.17743565142154694,0.0057642473839223385,0.034772131592035294,1.5633764878747225,0.4041758444295255,0.8773432732585257,-0.4739144799297706,0.01368793699747171,7.06297844253285e-07,,,,,,,,,,,,
5.972020707713265,grasp,,,,,,,,,,,,,,,,,,,,,1.541744589805603,0.39693978428840637,0.8688347339630127,-0.3350396454334259,-0.23119966685771942,0.005712720099836588,0.034772131592035294,1.4802101944056498,0.38305768431890447,0.8308048864909738,-0.44870234019160776,0.0129597394462732,6.686973164184423e-07,,,,,,,,,,,,
5.992020707713266,grasp,,,,,,,,,,,,,,,,,,,,,1.5130062103271484,0.3899274468421936,0.8530093431472778,-0.3100902736186981,-0.2847440838813782,0.005597579292953014,0.034772131592035294,1.4802101944056498,0.38305768431890447,0.8308048864909738,-0.44870234019160776,0.0129597394462732,6.686973164184423e-07,,,,,,,,,,,,
6.0120207077132655,grasp,,,,,,,,,,,,,,,,,,,,,1.4566686153411865,0.37556585669517517,0.8224030137062073,-0.26424020528793335,-0.34337231516838074,0.00554481940343976,0.034772131592035294,1.3943414211525358,0.36124085302492226,0.7827507653993369,-0.4226724253205131,0.01220791942938943,6.298766650524155e-07,,,,,,,,,,,,
6.032020707713266,grasp,,,,,,,,,,,,,,,,,,,,,1.4270654916763306,0.36838456988334656,0.8054775595664978,-0.23910631239414215,-0.3956431746482849,0.005441742017865181,0.034772131592035294,1.3943414211525358,0.36124085302492226,0.7827507653993369,-0.4226724253205131,0.01220791942938943,6.298766650524155e-07,,,,,,,,,,,,
6.0520207077132655,grasp,,,,,,,,,,,,,,,,,,,,,1.3694640398025513,0.3535973131656647,0.7739138007164001,-0.1891339123249054,-0.45604559779167175,0.0054191360250115395,0.034772131592035294,1.3063940870179107,0.33888209277948095,0.73352834929907,-0.39601389842822626,0.011437936432566596,5.901180380476329e-07,,,,,,,,,,,,
6.072020707713266,grasp,,,,,,,,,,,,,,,,,,,,,1.339421272277832,0.3462175130844116,0.7561953663825989,-0.1615445762872696,-0.5018580555915833,0.005355481989681721,0.034772131592035294,1.3063940870179107,0.33888209277948095,0.73352834929907,-0.39601389842822626,0.011437936432566596,5.901180380476329e-07,,,,,,,,,,,,
6.0920207077132655,grasp,,,,,,,,,,,,,,,,,,,,,1.2809361219406128,0.3310885727405548,0.7241564989089966,-0.10955245047807693,-0.5647880434989929,0.005351803731173277,0.034772131592035294,1.217016028726109,0.3161434387983346,0.6834986127996032,-0.36892287766566234,0.01065545501758801,5.497140446859809e-07,,,,,,,,,,,,
6.112020707713266,grasp,,,,,,,,,,,,,,,,,,,,,1.2505792379379272,0.32355380058288574,0.7060595154762268,-0.07878249138593674,-0.6090272068977356,0.005316292401403189,0.034772131592035294,1.217016028726109,0.3161434387983346,0.6834986127996032,-0.36892287766566234,0.01065545501758801,5.497140446859809e-07,,,,,,,,,,,,
6.132020707713266,grasp,,,,,,,,,,,,,,,,,,,,,1.191701054573059,0.3080950379371643,0.6738335490226746,-0.023084120824933052,-0.6656098961830139,0.005329888314008713,0.034772131592035294,1.1268713667376486,0.2931903251680652,0.6330318371763243,-0.34160042426222376,0.00986627844328212,5.089645938898512e-07,,,,,,,,,,,,
6.152020707713266,grasp,,,,,,,,,,,,,,,,,,,,,1.1609281301498413,0.3004845976829529,0.6554852724075317,0.010206733830273151,-0.7122858762741089,0.0052874465472996235,0.034772131592035294,1.1268713667376486,0.2931903251680652,0.6330318371763243,-0.34160042426222376,0.00986627844328212,5.089645938898512e-07,,,,,,,,,,,,
6.172020707713266,grasp,,,,,,,,,,,,,,,,,,,,,1.1016302108764648,0.2850545346736908,0.6226766705513,0.06993645429611206,-0.7676457166671753,0.005274468567222357,0.034772131592035294,1.0366320287406972,0.27019246634956817,0.5825039696058747,-0.3142498906850762,0.0090762734161488,4.681726497411313e-07,,,,,,,,,,,,
6.192020707713265,grasp,,,,,,,,,,,,,,,,,,,,,1.0707635879516602,0.2773827016353607,0.6044929027557373,0.10717736184597015,-0.8131422400474548,0.0052110678516328335,0.034772131592035294,1.0366320287406972,0.27019246634956817,0.5825039696058747,-0.3142498906850762,0.0090762734161488,4.681726497411313e-07,,,,,,,,,,,,
6.212020707713266,grasp,,,,,,,,,,,,,,,,,,,,,1.011489987373352,0.2621440291404724,0.571202278137207,0.17021489143371582,-0.8679600358009338,0.0051644654013216496,0.034772131592035294,0.9469710990200114,0.24731934386152124,0.5322917254795896,-0.2870750942233822,0.008291332988362213,4.276424971761642e-07,,,,,,,,,,,,
6.232020707713266,grasp,,,,,,,,,,,,,,,,,,,,,0.9806439280509949,0.2544921934604645,0.5534337759017944,0.20538388192653656,-0.9023231863975525,0.005101351998746395,0.034772131592035294,0.9469710990200114,0.24731934386152124,0.5322917254795896,-0.2870750942233822,0.008291332988362213,4.276424971761642e-07,,,,,,,,,,,,
6.252020707713266,grasp,,,,,,,,,,,,,,,,,,,,,0.9220108985900879,0.2393556386232376,0.5207663178443909,0.26809778809547424,-0.9504985809326172,0.0050644297152757645,0.034772131592035294,0.8585553215433176,0.2247385412448654,0.48276823232748994,-0.260277895083283,0.007517304469316281,3.876759069322182e-07,,,,,,,,,,,,
6.272020707713265,grasp,,,,,,,,,,,,,,,,,,,,,0.8916043639183044,0.2317323535680771,0.5033559203147888,0.3018413484096527,-0.9733885526657104,0.005015199072659016,0.034772131592035294,0.8585553215433176,0.2247385412448654,0.48276823232748994,-0.260277895083283,0.007517304469316281,3.876759069322182e-07,,,,,,,,,,,,
6.292020707713266,grasp,,,,,,,,,,,,,,,,,,,,,0.8340856432914734,0.21690095961093903,0.47117939591407776,0.3608568608760834,-1.0124343633651733,0.004978547338396311,0.034772131592035294,0.7720385120947484,0.20261137501408644,0.4342980010387232,-0.23405630231689753,0.0067599075835020105,3.485679657448584e-07,,,,,,,,,,,,
6.312020707713266,grasp,,,,,,,,,,,,,,,,,,,,,0.804330587387085,0.20935361087322235,0.4542331397533417,0.3909980058670044,-1.0306174755096436,0.004917769227176905,0.034772131592035294,0.7720385120947484,0.20261137501408644,0.4342980010387232,-0.23405630231689753,0.0067599075835020105,3.485679657448584e-07,,,,,,,,,,,,
6.332020707713266,grasp,,,,,,,,,,,,,,,,,,,,,0.7483161687850952,0.19493024051189423,0.42287397384643555,0.4166108965873718,-1.068803071975708,0.004874563310295343,0.034772131592035294,0.6880511296044904,0.18109950884606957,0.3872344863465294,-0.20860119891142354,0.006024648848681348,3.106028947320526e-07,,,,,,,,,,,,
6.352020707713265,grasp,,,,,,,,,,,,,,,,,,,,,0.7193372845649719,0.18771223723888397,0.4061385989189148,0.4079756736755371,-1.0934165716171265,0.0048311869613826275,0.034772131592035294,0.6880511296044904,0.18109950884606957,0.3872344863465294,-0.20860119891142354,0.006024648848681348,3.106028947320526e-07,,,,,,,,,,,,
6.372020707713266,grasp,,,,,,,,,,,,,,,,,,,,,0.6652361750602722,0.17406068742275238,0.3753359615802765,0.3492003381252289,-1.1102428436279297,0.0038764188066124916,0.034772131592035294,0.6071954894500622,0.16035423275593372,0.3419145091455334,-0.1840948652341334,0.0053167918878122946,2.7405264359253735e-07,,,,,,,,,,,,
6.392020707713265,grasp,,,,,,,,,,,,,,,,,,,,,0.6371177434921265,0.16763146221637726,0.3580697476863861,0.24906565248966217,-1.0750527381896973,0.0017892505275085568,0.034772131592035294,0.6071954894500622,0.16035423275593372,0.3419145091455334,-0.1840948652341334,0.0053167918878122946,2.7405264359253735e-07,,,,,,,,,,,,
6.412020707713266,grasp,,,,,,,,,,,,,,,,,,,,,0.5852059125900269,0.15462900698184967,0.328529953956604,0.15115854144096375,-1.0103358030319214,0.0008965253364294767,0.034772131592035294,0.5300382193048463,0.14051458035766826,0.2986539485296215,-0.16070883444567657,0.0046412991790681386,2.3917344983285156e-07,,,,,,,,,,,,
6.432020707713265,grasp,,,,,,,,,,,,,,,,,,,,,0.5584149360656738,0.14806362986564636,0.3127851188182831,0.05108693987131119,-0.9265472888946533,0.0004882714420091361,0.034772131592035294,0.5300382193048463,0.14051458035766826,0.2986539485296215,-0.16070883444567657,0.0046412991790681386,2.3917344983285156e-07,,,,,,,,,,,,
6.452020707713266,grasp,,,,,,,,,,,,,,,,,,,,,0.509301483631134,0.1355622261762619,0.28478336334228516,-0.03815639019012451,-0.850341796875,0.0002506519085727632,0.034772131592035294,0.457099180069916,0.12171766459423533,0.25774463003499737,-0.138600803892089,0.004002734910986197,2.0620095874374404e-07,,,,,,,,,,,,
6.472020707713265,grasp,,,,,,,,,,,,,,,,,,,,,0.48394134640693665,0.12924456596374512,0.2698945701122284,-0.08684873580932617,-0.7551242113113403,0.00013153237523511052,0.034772131592035294,0.457099180069916,0.12171766459423533,0.25774463003499737,-0.138600803892089,0.004002734910986197,2.0620095874374404e-07,,,,,,,,,,,,
6.492020707713266,grasp,,,,,,,,,,,,,,,,,,,,,0.43787214159965515,0.11729426681995392,0.24425861239433289,-0.1019732728600502,-0.6685184240341187,7.645817822776735e-05,0.034772131592035294,0.38885005785407617,0.10407640688394434,0.21944776594871293,-0.11791369576595703,0.0034052304044057125,1.7534837324669117e-07,,,,,,,,,,,,
6.5120207077132655,grasp,,,,,,,,,,,,,,,,,,,,,0.4140457510948181,0.11122080683708191,0.23083890974521637,-0.10965439677238464,-0.5689737796783447,3.905812991433777e-05,0.034772131592035294,0.38885005785407617,0.10407640688394434,0.21944776594871293,-0.11791369576595703,0.0034052304044057125,1.7534837324669117e-07,,,,,,,,,,,,
6.532020707713266,grasp,,,,,,,,,,,,,,,,,,,,,0.37124574184417725,0.1000521183013916,0.2071308046579361,-0.10441667586565018,-0.47882401943206787,2.1583533452940173e-05,0.034772131592035294,0.3256987202905141,0.08770189213737835,0.183994224941734,-0.09877112469554891,0.002852334090250635,1.4679906782158958e-07,,,,,,,,,,,,
6.5520207077132655,grasp,,,,,,,,,,,,,,,,,,,,,0.3491005301475525,0.09438702464103699,0.19465100765228271,-0.10164623707532883,-0.3792096674442291,1.1431588063715026e-05,0.034772131592035294,0.3256987202905141,0.08770189213737835,0.183994224941734,-0.09877112469554891,0.002852334090250635,1.4679906782158958e-07,,,,,,,,,,,,
6.572020707713266,grasp,,,,,,,,,,,,,,,,,,,,,0.3098088800907135,0.08409857004880905,0.1728159785270691,-0.09179836511611938,-0.2883366644382477,8.264460120699368e-06,0.034772131592035294,0.2679909456394865,0.07267457443565112,0.15157472008852388,-0.08127778182755016,0.0023470602211584798,1.2070880580377718e-07,,,,,,,,,,,,
6.5920207077132655,grasp,,,,,,,,,,,,,,,,,,,,,0.28947535157203674,0.07887700200080872,0.16131320595741272,-0.08668597042560577,-0.18870633840560913,4.051854830322554e-06,0.034772131592035294,0.2679909456394865,0.07267457443565112,0.15157472008852388,-0.08127778182755016,0.0023470602211584798,1.2070880580377718e-07,,,,,,,,,,,,
6.612020707713266,grasp,,,,,,,,,,,,,,,,,,,,,0.25380536913871765,0.06952570378780365,0.14146940410137177,-0.07642660290002823,-0.09933032095432281,-8.641763997729868e-06,0.034772131592035294,0.21599282784512036,0.059072569148473544,0.12234089158971563,-0.06551461673397974,0.0018917610906234378,9.7199182210561e-08,,,,,,,,,,,,
6.632020707713266,grasp,,,,,,,,,,,,,,,,,,,,,0.23534835875034332,0.06477184593677521,0.1310160756111145,-0.07113174349069595,-0.04988930746912956,-1.1222764442209154e-05,0.034772131592035294,0.21599282784512036,0.059072569148473544,0.12234089158971563,-0.06551461673397974,0.0018917610906234378,9.7199182210561e-08,,,,,,,,,,,,
6.652020707713266,grasp,,,,,,,,,,,,,,,,,,,,,0.20359176397323608,0.056376393884420395,0.11327490955591202,-0.06164233386516571,-0.025032872334122658,-6.3290817706729285e-06,0.034772131592035294,0.1698939112504151,0.046936554111927736,0.0963960531794071,-0.051539163440279465,0.0014881073879036142,7.635650286878338e-08,,,,,,,,,,,,
6.672020707713266,grasp,,,,,,,,,,,,,,,,,,,,,0.18719571828842163,0.052106067538261414,0.10392805933952332,-0.05675376206636429,-0.012012720108032227,-8.721477570361458e-06,0.034772131592035294,0.1698939112504151,0.046936554111927736,0.0963960531794071,-0.051539163440279465,0.0014881073879036142,7.635650286878338e-08,,,,,,,,,,,,
6.692020707713265,grasp,,,,,,,,,,,,,,,,,,,,,0.15936778485774994,0.044697586447000504,0.08834951370954514,-0.04834083467721939,-0.005744019523262978,-4.0167642509914e-06,0.034772131592035294,0.129788174080756,0.036300388860146665,0.07379802758747041,-0.03937997537747847,0.0011369135524862916,5.822272955113842e-08,,,,,,,,,,,,
6.712020707713266,grasp,,,,,,,,,,,,,,,,,,,,,0.1449868083000183,0.04092882201075554,0.08014203608036041,-0.044007524847984314,-0.002290071453899145,-4.916646958008641e-06,0.034772131592035294,0.129788174080756,0.036300388860146665,0.07379802758747041,-0.03937997537747847,0.0011369135524862916,5.822272955113842e-08,,,,,,,,,,,,
6.732020707713266,grasp,,,,,,,,,,,,,,,,,,,,,0.12108886986970901,0.034517448395490646,0.06674882769584656,-0.03675931692123413,-0.0008802152005955577,-1.8774190948533942e-06,0.034772131592035294,0.0956733702823389,0.027173047055463185,0.054549007317726585,-0.029036425874073273,0.0008381535733046939,4.27964276517496e-08,,,,,,,,,,,,
6.752020707713266,grasp,,,,,,,,,,,,,,,,,,,,,0.10873522609472275,0.03125525265932083,0.059693802148103714,-0.03302622213959694,4.64306358480826e-05,-3.4619604321051156e-06,0.034772131592035294,0.0956733702823389,0.027173047055463185,0.054549007317726585,-0.029036425874073273,0.0008381535733046939,4.27964276517496e-08,,,,,,,,,,,,
6.772020707713265,grasp,,,,,,,,,,,,,,,,,,,,,0.08872843533754349,0.025829631835222244,0.04846273362636566,-0.026952512562274933,0.00022045421064831316,-9.450972129343427e-07,0.034772131592035294,0.06744826619813596,0.019526511283989644,0.038587020919252396,-0.020477825803497416,0.0005909423659354854,3.003189492264616e-08,,,,,,,,,,,,
6.792020707713266,grasp,,,,,,,,,,,,,,,,,,,,,0.0783863514661789,0.023068184033036232,0.04254836216568947,-0.023824403062462807,0.0004760144802276045,-2.6033892481791554e-06,0.034772131592035294,0.06744826619813596,0.019526511283989644,0.038587020919252396,-0.020477825803497416,0.0005909423659354854,3.003189492264616e-08,,,,,,,,,,,,
6.812020707713266,grasp,,,,,,,,,,,,,,,,,,,,,0.06216007098555565,0.01859799586236477,0.0334126278758049,-0.01889660209417343,0.0003650326398201287,-6.3345879652843e-07,0.034772131592035294,0.04489999886990533,0.01330468940379719,0.025786654599457563,-0.013639650587919416,0.0003934209702225547,1.983318126343221e-08,,,,,,,,,,,,
6.832020707713266,grasp,,,,,,,,,,,,,,,,,,,,,0.05377276614308357,0.01632186584174633,0.028603877872228622,-0.01635865494608879,0.00043966411612927914,-2.0256532025086926e-06,0.034772131592035294,0.04489999886990533,0.01330468940379719,0.025786654599457563,-0.013639650587919416,0.0003934209702225547,1.983318126343221e-08,,,,,,,,,,,,
6.852020707713265,grasp,,,,,,,,,,,,,,,,,,,,,0.041128646582365036,0.01277743000537157,0.02145962417125702,-0.012517892755568027,0.0002914948563557118,-4.882427333541273e-07,0.034772131592035294,0.027678174882517653,0.008463201921505036,0.01596939753563003,-0.008416081792337438,0.00024253640962310387,1.2042596509285307e-08,,,,,,,,,,,,
6.872020707713266,grasp,,,,,,,,,,,,,,,,,,,,,0.03459364175796509,0.010971582494676113,0.01770169846713543,-0.01053977757692337,0.0003152425342705101,-1.6598067986706155e-06,0.034772131592035294,0.027678174882517653,0.008463201921505036,0.01596939753563003,-0.008416081792337438,0.00024253640962310387,1.2042596509285307e-08,,,,,,,,,,,,
6.892020707713265,grasp,,,,,,,,,,,,,,,,,,,,,0.025245342403650284,0.00831189937889576,0.012403443455696106,-0.007699675392359495,0.00019154531764797866,-4.4037528823537286e-07,0.034772131592035294,0.015299889296876784,0.004934033716255389,0.008890620864076342,-0.0046612067776691,0.00013407494900321307,6.4424934276182926e-09,,,,,,,,,,,,
6.912020707713266,grasp,,,,,,,,,,,,,,,,,,,,,0.020414559170603752,0.006955557968467474,0.009619316086173058,-0.0062369080260396,0.00019862184126395732,-1.2976471452930127e-06,0.034772131592035294,0.015299889296876784,0.004934033716255389,0.008890620864076342,-0.0046612067776691,0.00013407494900321307,6.4424934276182926e-09,,,,,,,,,,,,
6.932020707713265,grasp,,,,,,,,,,,,,,,,,,,,,0.013991555199027061,0.005108129233121872,0.00597127340734005,-0.0042852358892560005,0.00011115822417195886,-3.940835995308589e-07,0.034772131592035294,0.007156719244255987,0.0025907371368769903,0.0042239036598092665,-0.002190849603751487,6.271718771665609e-05,2.758162485486226e-09,,,,,,,,,,,,
6.952020707713266,grasp,,,,,,,,,,,,,,,,,,,,,0.010673297569155693,0.004164651967585087,0.004057134035974741,-0.0032800128683447838,0.0001145575733971782,-1.5838415947655449e-06,0.034772131592035294,0.007156719244255987,0.0025907371368769903,0.0042239036598092665,-0.002190849603751487,6.271718771665609e-05,2.758162485486226e-09,,,,,,,,,,,,
6.972020707713265,grasp,,,,,,,,,,,,,,,,,,,,,0.006717692594975233,0.00302064954303205,0.001809183624573052,-0.002077884040772915,5.963717194390483e-05,-6.700327048747567e-07,0.034772131592035294,0.002506178008053739,0.0012498424761206884,0.0015575454397473733,-0.0007800139796569311,2.196431853065052e-05,6.540207996461495e-10,,,,,,,,,,,,
6.992020707713266,grasp,,,,,,,,,,,,,,,,,,,,,0.004675229545682669,0.0024353961925953627,0.0006324498099274933,-0.00145869015250355,5.755899110226892e-05,-1.1667698345263489e-06,0.034772131592035294,0.002506178008053739,0.0012498424761206884,0.0015575454397473733,-0.0007800139796569311,2.196431853065052e-05,6.540207996461495e-10,,,,,,,,,,,,
7.0120207077132655,grasp,,,,,,,,,,,,,,,,,,,,,0.0026387162506580353,0.0018293880857527256,0.00015415321104228497,-0.0008392149466089904,2.9417476980597712e-05,-5.22916877798707e-07,0.034772131592035294,0.00046720050946789986,0.0006618883539237424,0.00038848592120272564,-0.00016144854267765316,4.0966678509166e-06,-2.685170627254455e-10,,,,,,,,,,,,
7.032020707713266,grasp,,,,,,,,,,,,,,,,,,,,,0.0015880855498835444,0.0015181676717475057,0.00013095696340315044,-0.0005201385938562453,2.475194378348533e-05,-6.496322271232202e-07,0.034772131592035294,0.00046720050946789986,0.0006618883539237424,0.00038848592120272564,-0.00016144854267765316,4.0966678509166e-06,-2.685170627254455e-10,,,,,,,,,,,,
7.0520207077132655,grasp,,,,,,,,,,,,,,,,,,,,,0.0008242924232035875,0.0012940042652189732,0.00013010299880988896,-0.00028777465922757983,1.4540738447976764e-05,-3.315925027891353e-07,0.034772131592035294,4.760620904606466e-06,0.0005285404000165096,0.00012334333011449768,-2.1157965746653587e-05,4.428648739601068e-08,-4.777485401008712e-10,,,,,,,,,,,,
7.064041415426531,grasp,,,,,,,,,,,,,,,,,,,,,0.0004285908362362534,0.0011777717154473066,0.00012974288256373256,-0.00016734890232328326,9.871154361462686e-06,-2.3607049115526024e-07,0.034772131592035294,-8.641352167160221e-08,0.0005271427216939628,0.00012056425475748256,-1.9687518943101168e-05,1.8117085609503647e-09,-4.799415864731316e-10,,,,,,,,,,,,
0.0,grasp,,,,,,,,,,,,,,,,,,,,,,,,,,,-2.2176868341716727e-08,,,,,,,0.043,,,,,,,,,,,
0.02,grasp,,,,,,,,,,,,,,,,,,,,,,,,,,,1.458652559449547e-05,,,,,,,0.043,,,,,,,,,,,
0.04,grasp,,,,,,,,,,,,,,,,,,,,,,,,,,,0.00010978052523569204,,,,,,,0.043,,,,,,,,,,,
0.06,grasp,,,,,,,,,,,,,,,,,,,,,,,,,,,0.00033833744237199426,,,,,,,0.043,,,,,,,,,,,
0.08,grasp,,,,,,,,,,,,,,,,,,,,,,,,,,,0.0007235826924443245,,,,,,,0.043,,,,,,,,,,,
0.1,grasp,,,,,,,,,,,,,,,,,,,,,,,,,,,0.0012965153437107801,,,,,,,0.043,,,,,,,,,,,
0.12,grasp,,,,,,,,,,,,,,,,,,,,,,,,,,,0.002075346652418375,,,,,,,0.043,,,,,,,,,,,
0.14,grasp,,,,,,,,,,,,,,,,,,,,,,,,,,,0.003065897850319743,,,,,,,0.043,,,,,,,,,,,
0.16,grasp,,,,,,,,,,,,,,,,,,,,,,,,,,,0.004272411577403545,,,,,,,0.043,,,,,,,,,,,
0.18,grasp,,,,,,,,,,,,,,,,,,,,,,,,,,,0.0056896142195910215,,,,,,,0.043,,,,,,,,,,,
0.2,grasp,,,,,,,,,,,,,,,,,,,,,,,,,,,0.00730672013014555,,,,,,,0.043,,,,,,,,,,,
0.22,grasp,,,,,,,,,,,,,,,,,,,,,,,,,,,0.009108577389270067,,,,,,,0.043,,,,,,,,,,,
0.24,grasp,,,,,,,,,,,,,,,,,,,,,,,,,,,0.011074731592088938,,,,,,,0.043,,,,,,,,,,,
0.26,grasp,,,,,,,,,,,,,,,,,,,,,,,,,,,0.013181255664676428,,,,,,,0.043,,,,,,,,,,,
0.28,grasp,,,,,,,,,,,,,,,,,,,,,,,,,,,0.015400995034724474,,,,,,,0.043,,,,,,,,,,,
0.3,grasp,,,,,,,,,,,,,,,,,,,,,,,,,,,0.017704596742987633,,,,,,,0.043,,,,,,,,,,,
0.32,grasp,,,,,,,,,,,,,,,,,,,,,,,,,,,0.02006043028086424,,,,,,,0.043,,,,,,,,,,,
0.34,grasp,,,,,,,,,,,,,,,,,,,,,,,,,,,0.02243615221232176,,,,,,,0.043,,,,,,,,,,,
0.36,grasp,,,,,,,,,,,,,,,,,,,,,,,,,,,0.024799066595733166,,,,,,,0.043,,,,,,,,,,,
0.38,grasp,,,,,,,,,,,,,,,,,,,,,,,,,,,0.027116259559988976,,,,,,,0.043,,,,,,,,,,,
0.4,grasp,,,,,,,,,,,,,,,,,,,,,,,,,,,0.02935643307864666,,,,,,,0.043,,,,,,,,,,,
0.42,grasp,,,,,,,,,,,,,,,,,,,,,,,,,,,0.03148931823670864,,,,,,,0.043,,,,,,,,,,,
0.44,grasp,,,,,,,,,,,,,,,,,,,,,,,,,,,0.03348732553422451,,,,,,,0.043,,,,,,,,,,,
0.46,grasp,,,,,,,,,,,,,,,,,,,,,,,,,,,0.035325851291418076,,,,,,,0.043,,,,,,,,,,,
0.48,grasp,,,,,,,,,,,,,,,,,,,,,,,,,,,0.03698370419442654,,,,,,,0.043,,,,,,,,,,,
0.5,grasp,,,,,,,,,,,,,,,,,,,,,,,,,,,0.038444312289357185,,,,,,,0.043,,,,,,,,,,,
0.52,grasp,,,,,,,,,,,,,,,,,,,,,,,,,,,0.039696045219898224,,,,,,,0.043,,,,,,,,,,,
0.54,grasp,,,,,,,,,,,,,,,,,,,,,,,,,,,0.04073298163712025,,,,,,,0.043,,,,,,,,,,,
0.56,grasp,,,,,,,,,,,,,,,,,,,,,,,,,,,0.04155565984547138,,,,,,,0.043,,,,,,,,,,,
0.58,grasp,,,,,,,,,,,,,,,,,,,,,,,,,,,0.04217151924967766,,,,,,,0.043,,,,,,,,,,,
0.6,grasp,,,,,,,,,,,,,,,,,,,,,,,,,,,0.04259607009589672,,,,,,,0.043,,,,,,,,,,,
0.62,grasp,,,,,,,,,,,,,,,,,,,,,,,,,,,0.042852988466620445,,,,,,,0.043,,,,,,,,,,,
0.64,grasp,,,,,,,,,,,,,,,,,,,,,,,,,,,0.04297536052763462,,,,,,,0.043,,,,,,,,,,,
0.66,grasp,,,,,,,,,,,,,,,,,,,,,,,,,,,0.043005604296922684,,,,,,,0.043,,,,,,,,,,,
0.68,grasp,,,,,,,,,,,,,,,,,,,,,,,,,,,0.04299843683838844,,,,,,,0.043,,,,,,,,,,,
0.68,grasp,,,,,,,,,,,,,,,,,,,,,-1.6379509304442763e-07,0.0010455928277224302,0.00012923199392389506,-3.9064027077984065e-05,7.619199493547058e-09,-1.0313413456586318e-09,0.04299843683838844,-8.641352167160221e-08,0.0005271427216939628,0.00012056425475748256,-1.9687518943101168e-05,1.8117085609503647e-09,-4.799415864731316e-10,,,,,,,,,,,,
0.7000000000000001,grasp,,,,,,,,,,,,,,,,,,,,,-1.6509765998762305e-07,0.0010503508383408189,0.000129241612739861,-3.9244179788511246e-05,7.488138997757687e-09,-9.723731819732961e-10,0.04299843683838844,-8.641352167160221e-08,0.0005271427216939628,0.00012056425475748256,-1.9687518943101168e-05,1.8117085609503647e-09,-4.799415864731316e-10,,,,,,,,,,,,
0.7200000000000001,grasp,,,,,,,,,,,,,,,,,,,,,0.00010190852481173351,0.0010828059166669846,0.00012907655036542565,-7.098129572113976e-05,1.996825403693947e-06,-2.5139824444408987e-08,0.04299843683838844,0.00021513306314726577,0.0005892028537058295,0.00024396159240183053,-8.497873903743165e-05,1.8877895804788007e-06,-3.825652834535904e-10,,,,,,,,,,,,
0.74,grasp,,,,,,,,,,,,,,,,,,,,,0.00015572550182696432,0.0010997022036463022,0.00012906351184938103,-8.733561844564974e-05,1.4811912478762679e-06,-2.3873314436428927e-09,0.04299843683838844,0.00021513306314726577,0.0005892028537058295,0.00024396159240183053,-8.497873903743165e-05,1.8877895804788007e-06,-3.825652834535904e-10,,,,,,,,,,,,
0.76,grasp,,,,,,,,,,,,,,,,,,,,,0.0008805702673271298,0.0013099737698212266,0.00012744222476612777,-0.0003088408266194165,1.578738374519162e-05,-1.8192876893863286e-07,0.04299843683838844,0.0016643129802396378,0.0010070845100695245,0.001074857274701539,-0.0005246170395952918,1.4587017800887095e-05,2.7311793490940324e-10,,,,,,,,,,,,
0.78,grasp,,,,,,,,,,,,,,,,,,,,,0.0012567366939038038,0.0014197975397109985,0.00012741246609948575,-0.0004230508056934923,1.1551607713045087e-05,-1.223144607820359e-08,0.04299843683838844,0.0016643129802396378,0.0010070845100695245,0.001074857274701539,-0.0005246170395952918,1.4587017800887095e-05,2.7311793490940324e-10,,,,,,,,,,,,
0.8,grasp,,,,,,,,,,,,,,,,,,,,,0.0032717075664550066,0.0020211758092045784,0.0005260996404103935,-0.0010364257032051682,4.9060286983149126e-05,-4.546667469185195e-07,0.04299843683838844,0.0054306135128219715,0.002093118480079057,0.003234284363493023,-0.001667201144260915,4.7591275339650885e-05,1.9771851744396033e-09,,,,,,,,,,,,
0.8200000000000001,grasp,,,,,,,,,,,,,,,,,,,,,0.004316944628953934,0.0023193282540887594,0.0008088027825579047,-0.0013519641943275928,3.852507870760746e-05,-1.525725323858751e-08,0.04299843683838844,0.0054306135128219715,0.002093118480079057,0.003234284363493023,-0.001667201144260915,4.7591275339650885e-05,1.9771851744396033e-09,,,,,,,,,,,,
0.8400000000000001,grasp,,,,,,,,,,,,,,,,,,,,,0.008244339376688004,0.0034524518996477127,0.002880174433812499,-0.0025456452276557684,0.00010875864973058924,-8.136779570122599e-07,0.04299843683838844,0.012440795710887563,0.0041107009655820875,0.0072518497151005555,-0.00379385141887444,0.00010902085784361042,5.148905904025573e-09,,,,,,,,,,,,
0.8600000000000001,grasp,,,,,,,,,,,,,,,,,,,,,0.010280855000019073,0.004026371520012617,0.003987935837358236,-0.003160380758345127,9.011988004203886e-05,3.7789127382836796e-09,0.04299843683838844,0.012440795710887563,0.0041107009655820875,0.0072518497151005555,-0.00379385141887444,0.00010902085784361042,5.148905904025573e-09,,,,,,,,,,,,
0.8800000000000001,grasp,,,,,,,,,,,,,,,,,,,,,0.016664447262883186,0.005862148012965918,0.0075781322084367275,-0.005100358743220568,0.00020145822782069445,-1.22466644825181e-06,0.04299843683838844,0.02347682448679608,0.007266304328263488,0.013567202527617112,-0.0071416364330402615,0.00020572342107385801,1.014185997188806e-08,,,,,,,,,,,,
0.9,grasp,,,,,,,,,,,,,,,,,,,,,0.0199733879417181,0.006792264059185982,0.009487000294029713,-0.00609947694465518,0.0001734621328068897,4.0914716947781926e-08,0.04299843683838844,0.02347682448679608,0.007266304328263488,0.013567202527617112,-0.0071416364330402615,0.00020572342107385801,1.014185997188806e-08,,,,,,,,,,,,
0.92,grasp,,,,,,,,,,,,,,,,,,,,,0.029271218925714493,0.009439134038984776,0.014753365889191628,-0.008924765512347221,0.0003329628671053797,-1.6724331999284914e-06,0.04299843683838844,0.039186768785581284,0.01170300690449409,0.022531887485571032,-0.011906801455102766,0.0003433670861519085,1.7248756114848227e-08,,,,,,,,,,,,
0.9400000000000001,grasp,,,,,,,,,,,,,,,,,,,,,0.03408954665064812,0.010781093500554562,0.017548784613609314,-0.010379859246313572,0.00029467695276252925,1.0549349838129274e-07,0.04299843683838844,0.039186768785581284,0.01170300690449409,0.022531887485571032,-0.011906801455102766,0.0003433670861519085,1.7248756114848227e-08,,,,,,,,,,,,
0.9600000000000001,grasp,,,,,,,,,,,,,,,,,,,,,0.046675462275743484,0.014307173900306225,0.02466323971748352,-0.014203711412847042,0.000507993798237294,-2.1362286588555435e-06,0.04299843683838844,0.060091785839837666,0.017503001392244782,0.03441380027857629,-0.018246890635363514,0.000526501610836953,2.670458780553029e-08,,,,,,,,,,,,
0.98,grasp,,,,,,,,,,,,,,,,,,,,,0.05319651961326599,0.016095373779535294,0.02843625470995903,-0.016173118725419044,0.0004587681032717228,1.9104997761587583e-07,0.04299843683838844,0.060091785839837666,0.017503001392244782,0.03441380027857629,-0.018246890635363514,0.000526501610836953,2.670458780553029e-08,,,,,,,,,,,,
1.0,grasp,,,,,,,,,,,,,,,,,,,,,0.06935834884643555,0.020543675869703293,0.037539854645729065,-0.021082678809762,0.0007302062003873289,-2.6015600269602146e-06,0.04299843683838844,0.08658153168731422,0.024717555190859823,0.04941045777244642,-0.02627960289068508,0.0007585244200945347,3.868483886949248e-08,,,,,,,,,,,,
1.02,grasp,,,,,,,,,,,,,,,,,,,,,0.07773099839687347,0.02279987744987011,0.042364541441202164,-0.02361127734184265,0.0006696910131722689,2.981850286687404e-07,0.04299843683838844,0.08658153168731422,0.024717555190859823,0.04941045777244642,-0.02627960289068508,0.0007585244200945347,3.868483886949248e-08,,,,,,,,,,,,
1.04,grasp,,,,,,,,,,,,,,,,,,,,,0.09766752272844315,0.028207993134856224,0.05356292799115181,-0.029666762799024582,0.0010019497713074088,-3.0545877507393016e-06,0.04299843683838844,0.1189088373217103,0.03340047165204318,0.06766312476553951,-0.036081471567299905,0.001041641657599712,5.330341183936482e-08,,,,,,,,,,,,
1.06,grasp,,,,,,,,,,,,,,,,,,,,,0.10799436271190643,0.030951397493481636,0.05949436500668526,-0.03278558701276779,0.0009301835671067238,4.2326456650698674e-07,0.04299843683838844,0.1189088373217103,0.03340047165204318,0.06766312476553951,-0.036081471567299905,0.001041641657599712,5.330341183936482e-08,,,,,,,,,,,,
1.08,grasp,,,,,,,,,,,,,,,,,,,,,0.13182364404201508,0.037345483899116516,0.07285462319850922,-0.04002276808023453,0.0013246857561171055,-3.477040991128888e-06,0.04299843683838844,0.15720841246644754,0.04358504632751044,0.08925243597107663,-0.04769330404062612,0.0013770281187869137,7.062094699335941e-08,,,,,,,,,,,,
1.1,grasp,,,,,,,,,,,,,,,,,,,,,0.14416560530662537,0.04058954119682312,0.07992727309465408,-0.04375023394823074,0.0012419321574270725,5.676481578120729e-07,0.04299843683838844,0.15720841246644754,0.04358504632751044,0.08925243597107663,-0.04769330404062612,0.0013770281187869137,7.062094699335941e-08,,,,,,,,,,,,
1.12,grasp,,,,,,,,,,,,,,,,,,,,,0.17193518579006195,0.04797430709004402,0.09547509998083115,-0.052183449268341064,0.0016989322612062097,-3.8656271499348804e-06,0.04299843683838844,0.20151358775394254,0.05526680745113562,0.11419394827393566,-0.061125104839753065,0.0017649781454700264,9.065272413533987e-08,,,,,,,,,,,,
1.1400000000000001,grasp,,,,,,,,,,,,,,,,,,,,,0.18631647527217865,0.051721662282943726,0.10370144248008728,-0.056526970118284225,0.0016056918539106846,7.230596565932501e-07,0.04299843683838844,0.20151358775394254,0.05526680745113562,0.11419394827393566,-0.061125104839753065,0.0017649781454700264,9.065272413533987e-08,,,,,,,,,,,,
1.1600000000000001,grasp,,,,,,,,,,,,,,,,,,,,,0.2180047631263733,0.06009278818964958,0.12142510712146759,-0.06614966690540314,0.0021243158262223005,-4.212055500829592e-06,0.04299843683838844,0.25175351336875207,0.06843448241420523,0.1424485560819243,-0.07635549318229844,0.0022048854663493686,1.1336751598123633e-07,,,,,,,,,,,,
1.1800000000000002,grasp,,,,,,,,,,,,,,,,,,,,,0.2344140261411667,0.06434156745672226,0.13079756498336792,-0.07110587507486343,0.002021369058638811,8.95945504453266e-07,0.04299843683838844,0.25175351336875207,0.06843448241420523,0.1424485560819243,-0.07635549318229844,0.0022048854663493686,1.1336751598123633e-07,,,,,,,,,,,,
1.2000000000000002,grasp,,,,,,,,,,,,,,,,,,,,,0.269938588142395,0.07367471605539322,0.15065017342567444,-0.0818929374217987,0.002599649364128709,-4.510613052843837e-06,0.04299843683838844,0.3077695697270351,0.08304056467341356,0.17392446995775662,-0.09333622774466063,0.0026953545680157083,1.3869327020674593e-07,,,,,,,,,,,,
1.2200000000000002,grasp,,,,,,,,,,,,,,,,,,,,,0.2883327305316925,0.07841283082962036,0.161142498254776,-0.0874488353729248,0.0024878757540136576,1.0727022754508653e-06,0.04299843683838844,0.3077695697270351,0.08304056467341356,0.17392446995775662,-0.09333622774466063,0.0026953545680157083,1.3869327020674593e-07,,,,,,,,,,,,
1.2400000000000002,grasp,,,,,,,,,,,,,,,,,,,,,0.32755377888679504,0.08866863697767258,0.18304595351219177,-0.09935768693685532,0.0031229702290147543,-4.751565484184539e-06,0.04299843683838844,0.3693179536327465,0.0990175297340971,0.20848421617617846,-0.11199315896750668,0.0032342281034579328,1.6651851895227098e-07,,,,,,,,,,,,
1.26,grasp,,,,,,,,,,,,,,,,,,,,,0.34786033630371094,0.09387635439634323,0.19461536407470703,-0.10549136996269226,0.0030034848023205996,1.2537025213532615e-06,0.04299843683838844,0.3693179536327465,0.0990175297340971,0.20848421617617846,-0.11199315896750668,0.0032342281034579328,1.6651851895227098e-07,,,,,,,,,,,,
1.28,grasp,,,,,,,,,,,,,,,,,,,,,0.39058399200439453,0.10500726848840714,0.21846318244934082,-0.11846306920051575,0.0036916332319378853,-4.939540303894319e-06,0.04299843683838844,0.4360746865482705,0.11628936419594693,0.24594917947061887,-0.13222810476336663,0.0038186716731618523,1.9669674528816233e-07,,,,,,,,,,,,
1.3,grasp,,,,,,,,,,,,,,,,,,,,,0.4127020537853241,0.11066075414419174,0.23105207085609436,-0.12514419853687286,0.00356572144664824,1.4368547454068903e-06,0.04299843683838844,0.4360746865482705,0.11628936419594693,0.24594917947061887,-0.13222810476336663,0.0038186716731618523,1.9669674528816233e-07,,,,,,,,,,,,
1.32,grasp,,,,,,,,,,,,,,,,,,,,,0.4586890637874603,0.12260249257087708,0.2567104995250702,-0.13910600543022156,0.004302470479160547,-5.075335138826631e-06,0.04299843683838844,0.5076511403740847,0.13475001356910574,0.2860993006614241,-0.15392330012044408,0.004445305015566221,2.2905324358124617e-07,,,,,,,,,,,,
1.34,grasp,,,,,,,,,,,,,,,,,,,,,0.48249462246894836,0.12866933643817902,0.270246684551239,-0.14629705250263214,0.004171465057879686,1.6234445183727075e-06,0.04299843683838844,0.5076511403740847,0.13475001356910574,0.2860993006614241,-0.15392330012044408,0.004445305015566221,2.2905324358124617e-07,,,,,,,,,,,,
1.36,grasp,,,,,,,,,,,,,,,,,,,,,0.531461775302887,0.14135129749774933,0.29755890369415283,-0.1611630618572235,0.004951723385602236,-5.153792699275073e-06,0.04299843683838844,0.5835931243257007,0.15428959403538028,0.3286825193878026,-0.17694115596525206,0.0051101600331145145,2.6338316414365283e-07,,,,,,,,,,,,
1.3800000000000001,grasp,,,,,,,,,,,,,,,,,,,,,0.5568076968193054,0.14779578149318695,0.31195881962776184,-0.16881972551345825,0.004817130975425243,1.7980659094973817e-06,0.04299843683838844,0.5835931243257007,0.15428959403538028,0.3286825193878026,-0.17694115596525206,0.0051101600331145145,2.6338316414365283e-07,,,,,,,,,,,,
1.4,grasp,,,,,,,,,,,,,,,,,,,,,0.6084344387054443,0.161135733127594,0.3407469391822815,-0.1844925582408905,0.005634193774312735,-5.066991889179917e-06,0.04299843683838844,0.663394622947805,0.1747775553505392,0.3734157188702946,-0.20112818645322098,0.005808793656192408,2.9945719580184024e-07,,,,,,,,,,,,
1.42,grasp,,,,,,,,,,,,,,,,,,,,,0.6351555585861206,0.1679161787033081,0.35591575503349304,-0.19256478548049927,0.005496527999639511,2.383507535341778e-06,0.04299843683838844,0.663394622947805,0.1747775553505392,0.3734157188702946,-0.20112818645322098,0.005808793656192408,2.9945719580184024e-07,,,,,,,,,,,,
1.44,grasp,,,,,,,,,,,,,,,,,,,,,0.6890891194343567,0.18182429671287537,0.38598397374153137,-0.20893730223178864,0.006298103369772434,4.29950887337327e-07,0.04299843683838844,0.7465025427009321,0.1960743232540674,0.41998971672805646,-0.22631682143545842,0.006536356778248039,3.3702493837939845e-07,,,,,,,,,,,,
1.46,grasp,,,,,,,,,,,,,,,,,,,,,0.7170036435127258,0.1888951063156128,0.4018177092075348,-0.21736997365951538,0.006159472744911909,4.453184374142438e-06,0.04299843683838844,0.7465025427009321,0.1960743232540674,0.41998971672805646,-0.22631682143545842,0.006536356778248039,3.3702493837939845e-07,,,,,,,,,,,,
1.48,grasp,,,,,,,,,,,,,,,,,,,,,0.7728625535964966,0.20327606797218323,0.4329546391963959,-0.23432710766792297,0.007012174930423498,1.036167759593809e-06,0.04299843683838844,0.8323242726264587,0.21803297357886853,0.46807355084644825,-0.2523277667254234,0.007287668553101722,3.758187735365576e-07,,,,,,,,,,,,
1.5,grasp,,,,,,,,,,,,,,,,,,,,,0.8017716407775879,0.21058879792690277,0.44934192299842834,-0.24306081235408783,0.006887740455567837,5.696907919627847e-06,0.04299843683838844,0.8323242726264587,0.21803297357886853,0.46807355084644825,-0.2523277667254234,0.007287668553101722,3.758187735365576e-07,,,,,,,,,,,,
1.52,grasp,,,,,,,,,,,,,,,,,,,,,0.8591578006744385,0.22533997893333435,0.48132315278053284,-0.26048046350479126,0.00775902858003974,1.6330398011632496e-06,0.04299843683838844,0.920237048411505,0.24049451101098854,0.5173183886659846,-0.27897247899429617,0.008057290321607572,4.155578225056598e-07,,,,,,,,,,,,
1.54,grasp,,,,,,,,,,,,,,,,,,,,,0.8888512253761292,0.23284228146076202,0.49814537167549133,-0.269452303647995,0.007647263817489147,5.944165877735941e-06,0.04299843683838844,0.920237048411505,0.24049451101098854,0.5173183886659846,-0.27897247899429617,0.008057290321607572,4.155578225056598e-07,,,,,,,,,,,,
1.56,grasp,,,,,,,,,,,,,,,,,,,,,0.9473428726196289,0.24785777926445007,0.530737578868866,-0.2872070074081421,0.008528735488653183,1.930375674419338e-06,0.04299843683838844,1.0095933280080087,0.26329722216117646,0.5673625524666489,-0.30605485763627277,0.008839561348624536,4.5595007480457013e-07,,,,,,,,,,,,
1.58,grasp,,,,,,,,,,,,,,,,,,,,,0.9776039719581604,0.25549572706222534,0.547872006893158,-0.2963513433933258,0.008423404768109322,6.127948836365249e-06,0.04299843683838844,1.0095933280080087,0.26329722216117646,0.5673625524666489,-0.30605485763627277,0.008839561348624536,4.5595007480457013e-07,,,,,,,,,,,,
1.6,grasp,,,,,,,,,,,,,,,,,,,,,1.036766767501831,0.2706667184829712,0.5808337926864624,-0.3143097460269928,0.009310022927820683,1.9054953099839622e-06,0.04299843683838844,1.099729435582857,0.28627535509690766,0.6178350407325189,-0.33337395244294454,0.009628663301699326,4.966952842098165e-07,,,,,,,,,,,,
1.62,grasp,,,,,,,,,,,,,,,,,,,,,1.0673730373382568,0.2783849239349365,0.5981546640396118,-0.32355886697769165,0.009208545088768005,6.220704563020263e-06,0.04299843683838844,1.099729435582857,0.28627535509690766,0.6178350407325189,-0.33337395244294454,0.009628663301699326,4.966952842098165e-07,,,,,,,,,,,,
1.6400000000000001,grasp,,,,,,,,,,,,,,,,,,,,,1.1267659664154053,0.29360032081604004,0.6312410235404968,-0.34158754348754883,0.010095694102346897,1.7365196072205435e-06,0.04299843683838844,1.1899733775451788,0.30925976165262364,0.6683598212229569,-0.3607263056790497,0.010418708500262575,5.374895087544258e-07,,,,,,,,,,,,
1.6600000000000001,grasp,,,,,,,,,,,,,,,,,,,,,1.1574913263320923,0.3013418912887573,0.6486194729804993,-0.35087284445762634,0.00999626237899065,6.221648163773352e-06,0.04299843683838844,1.1899733775451788,0.30925976165262364,0.6683598212229569,-0.3607263056790497,0.010418708500262575,5.374895087544258e-07,,,,,,,,,,,,
1.6800000000000002,grasp,,,,,,,,,,,,,,,,,,,,,1.216670274734497,0.3164893686771393,0.6815835237503052,-0.36883744597435,0.010879558511078358,1.4394508980331011e-06,0.04299843683838844,1.279652134924171,0.33208054496953715,0.7185602137971401,-0.38790817054567306,0.011203815995993073,5.780290103572466e-07,,,,,,,,,,,,
1.7000000000000002,grasp,,,,,,,,,,,,,,,,,,,,,1.2472862005233765,0.32419735193252563,0.6988903284072876,-0.37808963656425476,0.010781263001263142,6.137514901638497e-06,0.04299843683838844,1.279652134924171,0.33208054496953715,0.7185602137971401,-0.38790817054567306,0.011203815995993073,5.780290103572466e-07,,,,,,,,,,,,
1.7200000000000002,grasp,,,,,,,,,,,,,,,,,,,,,1.3058128356933594,0.3391660749912262,0.7314872145652771,-0.3958568871021271,0.011661950498819351,3.2681327866157517e-07,0.04299843683838844,1.3680985053437669,0.3545706833025461,0.7680637344619625,-0.4147175503317402,0.01197815868095187,6.180127857430105e-07,,,,,,,,,,,,
1.7400000000000002,grasp,,,,,,,,,,,,,,,,,,,,,1.3360884189605713,0.3467836380004883,0.7485947608947754,-0.4050073027610779,0.011570688337087631,5.569752829615027e-06,0.04299843683838844,1.3680985053437669,0.3545706833025461,0.7680637344619625,-0.4147175503317402,0.01197815868095187,6.180127857430105e-07,,,,,,,,,,,,
1.7600000000000002,grasp,,,,,,,,,,,,,,,,,,,,,1.393530249595642,0.36146485805511475,0.7805836200714111,-0.422445684671402,0.012457567267119884,-3.4108286399714416e-06,0.04299843683838844,1.4546588626986987,0.37656716145673735,0.8165062074280316,-0.44095665681565843,0.01273602157069161,6.571455380749024e-07,,,,,,,,,,,,
1.7800000000000002,grasp,,,,,,,,,,,,,,,,,,,,,1.4232417345046997,0.3689367175102234,0.7973659634590149,-0.4314267337322235,0.012371943332254887,3.977460437454283e-06,0.04299843683838844,1.4546588626986987,0.37656716145673735,0.8165062074280316,-0.44095665681565843,0.01273602157069161,6.571455380749024e-07,,,,,,,,,,,,
1.8000000000000003,grasp,,,,,,,,,,,,,,,,,,,,,1.4791778326034546,0.38322415947914124,0.8285133242607117,-0.4484083950519562,0.013210286386311054,-3.3684411846479634e-06,0.04299843683838844,1.5387012981190757,0.39791135513818077,0.8635357512859702,-0.4664339650357221,0.013471878760822264,6.951417320034154e-07,,,,,,,,,,,,
1.8200000000000003,grasp,,,,,,,,,,,,,,,,,,,,,1.5081075429916382,0.3904961347579956,0.8448483347892761,-0.45715415477752686,0.013125382363796234,2.7954445158684393e-06,0.04299843683838844,1.5387012981190757,0.39791135513818077,0.8635357512859702,-0.4664339650357221,0.013471878760822264,6.951417320034154e-07,,,,,,,,,,,,
1.8399999999999999,grasp,,,,,,,,,,,,,,,,,,,,,1.5621341466903687,0.404288113117218,0.8749306201934814,-0.4735567271709442,0.013925488106906414,-3.0622934446000727e-06,0.04299843683838844,1.6196230244071383,0.41845219711487097,0.908816590702087,-0.49096668754764017,0.01418045186279009,7.317286141658471e-07,,,,,,,,,,,,
1.8599999999999999,grasp,,,,,,,,,,,,,,,,,,,,,1.5900739431381226,0.41130807995796204,0.8907016515731812,-0.4820040166378021,0.01384760346263647,2.7042112833441934e-06,0.04299843683838844,1.6196230244071383,0.41845219711487097,0.908816590702087,-0.49096668754764017,0.01418045186279009,7.317286141658471e-07,,,,,,,,,,,,
1.88,grasp,,,,,,,,,,,,,,,,,,,,,1.641808271408081,0.4245091676712036,0.9195070862770081,-0.49771177768707275,0.014607702381908894,-3.010055252161692e-06,0.04299843683838844,1.696857621380713,0.4380484960764602,0.9520335280271126,-0.5143832665484382,0.014856792832803653,7.666505665785541e-07,,,,,,,,,,,,
1.9,grasp,,,,,,,,,,,,,,,,,,,,,1.668561339378357,0.4312286376953125,0.9346040487289429,-0.505801260471344,0.014538247138261795,2.726414777498576e-06,0.04299843683838844,1.696857621380713,0.4380484960764602,0.9520335280271126,-0.5143832665484382,0.014856792832803653,7.666505665785541e-07,,,,,,,,,,,,
1.92,grasp,,,,,,,,,,,,,,,,,,,,,1.717650055885315,0.44374972581863403,0.9619365930557251,-0.5207070112228394,0.015254762023687363,-2.751511374299298e-06,0.04299843683838844,1.7698822017390803,0.4565699814844576,0.9928971814068929,-0.5365257799937705,0.01549636618352965,7.996733861793641e-07,,,,,,,,,,,,
1.94,grasp,,,,,,,,,,,,,,,,,,,,,1.7430332899093628,0.45012345910072327,0.9762575626373291,-0.5283831357955933,0.015193914994597435,2.6112984414794482e-06,0.04299843683838844,1.7698822017390803,0.4565699814844576,0.9928971814068929,-0.5365257799937705,0.01549636618352965,7.996733861793641e-07,,,,,,,,,,,,
1.96,grasp,,,,,,,,,,,,,,,,,,,,,1.7870523929595947,0.46307605504989624,1.000754952430725,-0.5400025844573975,0.015761546790599823,-2.1158818981348304e-06,0.04299843683838844,1.8338864632543197,0.476375104598488,1.0286831341553644,-0.5523297396391663,0.015920555270759553,8.443088145765377e-07,,,,,,,,,,,,
1.98,grasp,,,,,,,,,,,,,,,,,,,,,1.8098115921020508,0.4696938395500183,1.013577938079834,-0.5459863543510437,0.01568259857594967,2.5198817183991196e-06,0.04299843683838844,1.8338864632543197,0.476375104598488,1.0286831341553644,-0.5523297396391663,0.015920555270759553,8.443088145765377e-07,,,,,,,,,,,,
2.0,grasp,,,,,,,,,,,,,,,,,,,,,1.8233777284622192,0.4972616732120514,1.0208848714828491,-0.5256471037864685,0.014901377260684967,2.780635895760497e-06,0.04299843683838844,1.8377610253459762,0.5263152244579932,1.0303102482902176,-0.5040134885200066,0.014130831994192421,1.0554790154668885e-06,,,,,,,,,,,,
2.02,grasp,,,,,,,,,,,,,,,,,,,,,1.8303636312484741,0.5116345882415771,1.02458655834198,-0.5151688456535339,0.014491260051727295,2.7915232294617454e-06,0.04299843683838844,1.8377610253459762,0.5263152244579932,1.0303102482902176,-0.5040134885200066,0.014130831994192421,1.0554790154668885e-06,,,,,,,,,,,,
2.04,grasp,,,,,,,,,,,,,,,,,,,,,1.8330719470977783,0.5425551533699036,1.02573561668396,-0.4853851795196533,0.013420840725302696,2.3057350517774466e-06,0.04299843683838844,1.8359446431974327,0.5750422158958084,1.0287557046221214,-0.4537147219335663,0.012313345900744718,1.2615354241518917e-06,,,,,,,,,,,,
2.06,grasp,,,,,,,,,,,,,,,,,,,,,1.834465503692627,0.5586371421813965,1.0262513160705566,-0.4700414538383484,0.012873022817075253,2.0929282982251607e-06,0.04299843683838844,1.8359446431974327,0.5750422158958084,1.0287557046221214,-0.4537147219335663,0.012313345900744718,1.2615354241518917e-06,,,,,,,,,,,,
2.08,grasp,,,,,,,,,,,,,,,,,,,,,1.834465503692627,0.5880683660507202,1.0258840322494507,-0.44015568494796753,0.011839011684060097,-1.6489460676893941e-06,0.04299843683838844,1.8343118694930804,0.6189652518884375,1.0273581638246396,-0.4083759814972188,0.010680151670220269,1.4466954384602834e-06,,,,,,,,,,,,
2.1,grasp,,,,,,,,,,,,,,,,,,,,,1.834699273109436,0.6033429503440857,1.02561354637146,-0.4247604012489319,0.010495203547179699,9.616710303816944e-05,0.04299843683838844,1.8343118694930804,0.6189652518884375,1.0273581638246396,-0.4083759814972188,0.010680151670220269,1.4466954384602834e-06,,,,,,,,,,,,
2.12,grasp,,,,,,,,,,,,,,,,,,,,,1.8340173959732056,0.630016565322876,1.02492094039917,-0.3973312973976135,0.009385504759848118,0.00010252058564219624,0.04299843683838844,1.832863994366436,0.6579265698647422,1.0261192678273918,-0.3681604108033296,0.009232110797144798,1.6108642455343413e-06,,,,,,,,,,,,
2.14,grasp,,,,,,,,,,,,,,,,,,,,,1.833452820777893,0.6438913345336914,1.0244745016098022,-0.38319969177246094,0.009349712170660496,4.6768112952122465e-05,0.04299843683838844,1.832863994366436,0.6579265698647422,1.0261192678273918,-0.3681604108033296,0.009232110797144798,1.6108642455343413e-06,,,,,,,,,,,,
2.16,grasp,,,,,,,,,,,,,,,,,,,,,1.8325647115707397,0.6673946380615234,1.0237802267074585,-0.35894685983657837,0.008683385327458382,2.2604219338973053e-05,0.04299843683838844,1.8316022063265234,0.6918439093262834,1.0250397168622425,-0.33315321187238184,0.007970459158883511,1.7539033120653323e-06,,,,,,,,,,,,
2.18,grasp,,,,,,,,,,,,,,,,,,,,,1.8321082592010498,0.6795891523361206,1.0233405828475952,-0.3464527726173401,0.008337436243891716,1.66440677276114e-05,0.04299843683838844,1.8316022063265234,0.6918439093262834,1.0250397168622425,-0.33315321187238184,0.007970459158883511,1.7539033120653323e-06,,,,,,,,,,,,
2.2,grasp,,,,,,,,,,,,,,,,,,,,,1.8322367668151855,0.6996023058891296,1.024069905281067,-0.32555586099624634,0.005621114745736122,0.00023906794376671314,0.04299843683838844,1.8305262879872894,0.7207165219098571,1.024119127398317,-0.30335484540906765,0.006894662026369969,1.875870086582572e-06,,,,,,,,,,,,
2.22,grasp,,,,,,,,,,,,,,,,,,,,,1.8319957256317139,0.7100436091423035,1.023970365524292,-0.3147949278354645,0.004924288485199213,0.0002743297955021262,0.04299843683838844,1.8305262879872894,0.7207165219098571,1.024119127398317,-0.30335484540906765,0.006894662026369969,1.875870086582572e-06,,,,,,,,,,,,
2.24,grasp,,,,,,,,,,,,,,,,,,,,,1.8316090106964111,0.7269378304481506,1.0235614776611328,-0.29728808999061584,0.003752723103389144,0.00033416220685467124,0.04299843683838844,1.829632843830885,0.7446315427837756,1.0233544175709823,-0.2786746038609302,0.006001337159173588,1.9771484755669317e-06,,,,,,,,,,,,
2.2600000000000002,grasp,,,,,,,,,,,,,,,,,,,,,1.8308970928192139,0.735835075378418,1.022413730621338,-0.2882765829563141,0.004276180639863014,0.00024194018624257296,0.04299843683838844,1.829632843830885,0.7446315427837756,1.0233544175709823,-0.2786746038609302,0.006001337159173588,1.9771484755669317e-06,,,,,,,,,,,,
2.2800000000000002,grasp,,,,,,,,,,,,,,,,,,,,,1.8301854133605957,0.749660313129425,1.0215153694152832,-0.274059534072876,0.004125053528696299,0.00019367941422387958,0.04299843683838844,1.8289151264836414,0.7637706545417696,1.0227398334916746,-0.25892433332432563,0.005283912874348288,2.0584834738123765e-06,,,,,,,,,,,,
2.3000000000000003,grasp,,,,,,,,,,,,,,,,,,,,,1.8295568227767944,0.7568278908729553,1.0210356712341309,-0.266732394695282,0.004737392067909241,9.264807886211202e-05,0.04299843683838844,1.8289151264836414,0.7637706545417696,1.0227398334916746,-0.25892433332432563,0.005283912874348288,2.0584834738123765e-06,,,,,,,,,,,,
2.3200000000000003,grasp,,,,,,,,,,,,,,,,,,,,,1.8289896249771118,0.7675826549530029,1.0206103324890137,-0.2556307017803192,0.004729865584522486,4.84143165522255e-05,0.04299843683838844,1.8283632714408797,0.7784165222158247,1.0222671125275498,-0.24381191323213627,0.004732313769371899,2.1210187540857656e-06,,,,,,,,,,,,
2.3400000000000003,grasp,,,,,,,,,,,,,,,,,,,,,1.8286930322647095,0.7731549739837646,1.0203462839126587,-0.24991151690483093,0.00473300414159894,2.932915413111914e-05,0.04299843683838844,1.8283632714408797,0.7784165222158247,1.0222671125275498,-0.24381191323213627,0.004732313769371899,2.1210187540857656e-06,,,,,,,,,,,,
2.36,grasp,,,,,,,,,,,,,,,,,,,,,1.8283469676971436,0.7811081409454346,1.0200845003128052,-0.24169135093688965,0.004539606161415577,1.383212202199502e-05,0.04299843683838844,1.8279633166555607,0.7889589047379951,1.0219241789750255,-0.23293451945658067,0.004332459753127231,2.1663503186545567e-06,,,,,,,,,,,,
2.38,grasp,,,,,,,,,,,,,,,,,,,,,1.828165888786316,0.7852277159690857,1.0199159383773804,-0.23745650053024292,0.00444026617333293,8.449385859421454e-06,0.04299843683838844,1.8279633166555607,0.7889589047379951,1.0219241789750255,-0.23293451945658067,0.004332459753127231,2.1663503186545567e-06,,,,,,,,,,,,
2.4,grasp,,,,,,,,,,,,,,,,,,,,,1.8279436826705933,0.7906966805458069,1.0197467803955078,-0.2318025827407837,0.00425836443901062,6.062572538212407e-06,0.04299843683838844,1.8276957287879871,0.7959020406446828,1.0216947121684024,-0.22577314599281198,0.004064968412730066,2.1966761467457474e-06,,,,,,,,,,,,
2.42,grasp,,,,,,,,,,,,,,,,,,,,,1.8278661966323853,0.7935200333595276,1.0196597576141357,-0.22888992726802826,0.004074659664183855,1.4020780326973181e-05,0.04299843683838844,1.8276957287879871,0.7959020406446828,1.0216947121684024,-0.22577314599281198,0.004064968412730066,2.1966761467457474e-06,,,,,,,,,,,,
2.44,grasp,,,,,,,,,,,,,,,,,,,,,1.8277606964111328,0.7968825101852417,1.019604206085205,-0.2254062294960022,0.0038674338720738888,2.0691417375928722e-05,0.04299843683838844,1.8275394111139969,0.7998690537726819,1.0215606073984638,-0.2216837567254429,0.003908773376330411,2.214384456164396e-06,,,,,,,,,,,,
2.46,grasp,,,,,,,,,,,,,,,,,,,,,1.8276995420455933,0.7986218333244324,1.0195732116699219,-0.22361129522323608,0.003771693678572774,2.3402299120789394e-05,0.04299843683838844,1.8275394111139969,0.7998690537726819,1.0215606073984638,-0.2216837567254429,0.003908773376330411,2.214384456164396e-06,,,,,,,,,,,,
2.48,grasp,,,,,,,,,,,,,,,,,,,,,1.8276329040527344,0.8003559112548828,1.0195282697677612,-0.22181746363639832,0.0036949212662875652,2.4019109332584776e-05,0.04299843683838844,1.8274701564135916,0.8016085957840039,1.0215011908661522,-0.21989109430172715,0.003839560087741093,2.222231535201204e-06,,,,,,,,,,,,
2.5,grasp,,,,,,,,,,,,,,,,,,,,,1.8275904655456543,0.8012542128562927,1.0194894075393677,-0.22089329361915588,0.0036758137866854668,2.2657663066638634e-05,0.04299843683838844,1.8274701564135916,0.8016085957840039,1.0215011908661522,-0.21989109430172715,0.003839560087741093,2.222231535201204e-06,,,,,,,,,,,,
2.52,grasp,,,,,,,,,,,,,,,,,,,,,1.8275623321533203,0.8019060492515564,1.0194717645645142,-0.2202199250459671,0.0036528671626001596,2.209256126661785e-05,0.04299843683838844,1.8274543723958379,0.8020030579714293,1.021487615507278,-0.21948457101842606,0.0038238309425853894,2.224014692047024e-06,,,,,,,,,,,,
2.5320207077132655,grasp,,,,,,,,,,,,,,,,,,,,,1.82754647731781,0.8022514581680298,1.0194621086120605,-0.21987098455429077,0.003644098062068224,2.1843887225259095e-05,0.04299843683838844,1.8274542093276978,0.8020070791244507,1.0214874744415283,-0.21948042511940002,0.00382367055863142,2.22403286898043e-06,,,,,,,,,,,,
2.5320207077132655,grasp,,,,,,,,,,,,,,,,,,,,,,,,,,,0.043113553896546364,,,,,,,0.0,,,,,,,,,,,
2.5520207077132655,grasp,,,,,,,,,,,,,,,,,,,,,,,,,,,0.04305869899690151,,,,,,,0.0,,,,,,,,,,,
2.5720207077132655,grasp,,,,,,,,,,,,,,,,,,,,,,,,,,,0.04300846345722675,,,,,,,0.0,,,,,,,,,,,
2.5920207077132655,grasp,,,,,,,,,,,,,,,,,,,,,,,,,,,0.042879754677414894,,,,,,,0.0,,,,,,,,,,,
2.6120207077132656,grasp,,,,,,,,,,,,,,,,,,,,,,,,,,,0.04265792854130268,,,,,,,0.0,,,,,,,,,,,
2.6320207077132656,grasp,,,,,,,,,,,,,,,,,,,,,,,,,,,0.04233723320066929,,,,,,,0.0,,,,,,,,,,,
2.6520207077132656,grasp,,,,,,,,,,,,,,,,,,,,,,,,,,,0.04174242541193962,,,,,,,0.0,,,,,,,,,,,
2.6720207077132656,grasp,,,,,,,,,,,,,,,,,,,,,,,,,,,0.04110749252140522,,,,,,,0.0,,,,,,,,,,,
2.6920207077132656,grasp,,,,,,,,,,,,,,,,,,,,,,,,,,,0.040199991315603256,,,,,,,0.0,,,,,,,,,,,
2.7120207077132656,grasp,,,,,,,,,,,,,,,,,,,,,,,,,,,0.03920409083366394,,,,,,,0.0,,,,,,,,,,,
2.7320207077132657,grasp,,,,,,,,,,,,,,,,,,,,,,,,,,,0.03804561123251915,,,,,,,0.0,,,,,,,,,,,
2.7520207077132657,grasp,,,,,,,,,,,,,,,,,,,,,,,,,,,0.03668379969894886,,,,,,,0.0,,,,,,,,,,,
2.7720207077132653,grasp,,,,,,,,,,,,,,,,,,,,,,,,,,,0.03536422550678253,,,,,,,0.0,,,,,,,,,,,
2.7920207077132657,grasp,,,,,,,,,,,,,,,,,,,,,,,,,,,0.0352106187492609,,,,,,,0.0,,,,,,,,,,,
2.8120207077132653,grasp,,,,,,,,,,,,,,,,,,,,,,,,,,,0.03515729866921902,,,,,,,0.0,,,,,,,,,,,
2.8320207077132653,grasp,,,,,,,,,,,,,,,,,,,,,,,,,,,0.03512302413582802,,,,,,,0.0,,,,,,,,,,,
2.8520207077132653,grasp,,,,,,,,,,,,,,,,,,,,,,,,,,,0.03509257175028324,,,,,,,0.0,,,,,,,,,,,
2.8720207077132653,grasp,,,,,,,,,,,,,,,,,,,,,,,,,,,0.03506228141486645,,,,,,,0.0,,,,,,,,,,,
2.8920207077132654,grasp,,,,,,,,,,,,,,,,,,,,,,,,,,,0.03503190539777279,,,,,,,0.0,,,,,,,,,,,
2.9120207077132654,grasp,,,,,,,,,,,,,,,,,,,,,,,,,,,0.03499721363186836,,,,,,,0.0,,,,,,,,,,,
2.9320207077132654,grasp,,,,,,,,,,,,,,,,,,,,,,,,,,,0.03496638499200344,,,,,,,0.0,,,,,,,,,,,
2.9520207077132654,grasp,,,,,,,,,,,,,,,,,,,,,,,,,,,0.03493716940283775,,,,,,,0.0,,,,,,,,,,,
2.9720207077132654,grasp,,,,,,,,,,,,,,,,,,,,,,,,,,,0.03490976244211197,,,,,,,0.0,,,,,,,,,,,
2.9920207077132654,grasp,,,,,,,,,,,,,,,,,,,,,,,,,,,0.03488441929221153,,,,,,,0.0,,,,,,,,,,,
3.0120207077132655,grasp,,,,,,,,,,,,,,,,,,,,,,,,,,,0.03486141562461853,,,,,,,0.0,,,,,,,,,,,
3.0320207077132655,grasp,,,,,,,,,,,,,,,,,,,,,,,,,,,0.034840960055589676,,,,,,,0.0,,,,,,,,,,,
3.0520207077132655,grasp,,,,,,,,,,,,,,,,,,,,,,,,,,,0.034823182970285416,,,,,,,0.0,,,,,,,,,,,
3.0720207077132655,grasp,,,,,,,,,,,,,,,,,,,,,,,,,,,0.034808192402124405,,,,,,,0.0,,,,,,,,,,,
3.0920207077132655,grasp,,,,,,,,,,,,,,,,,,,,,,,,,,,0.034796107560396194,,,,,,,0.0,,,,,,,,,,,
3.1120207077132656,grasp,,,,,,,,,,,,,,,,,,,,,,,,,,,0.034786736592650414,,,,,,,0.0,,,,,,,,,,,
3.1320207077132656,grasp,,,,,,,,,,,,,,,,,,,,,,,,,,,0.03478006087243557,,,,,,,0.0,,,,,,,,,,,
3.1520207077132656,grasp,,,,,,,,,,,,,,,,,,,,,,,,,,,0.034775638952851295,,,,,,,0.0,,,,,,,,,,,
3.1720207077132656,grasp,,,,,,,,,,,,,,,,,,,,,,,,,,,0.03477326035499573,,,,,,,0.0,,,,,,,,,,,
3.1920207077132656,grasp,,,,,,,,,,,,,,,,,,,,,,,,,,,0.034772297367453575,,,,,,,0.0,,,,,,,,,,,
3.2120207077132656,grasp,,,,,,,,,,,,,,,,,,,,,,,,,,,0.034772131592035294,,,,,,,0.0,,,,,,,,,,,
3.2120207077132656,grasp,,,,,,,,,,,,,,,,,,,,,1.8286172151565552,0.8022611141204834,1.0216403007507324,-0.21950079500675201,0.0006004785536788404,0.00705754803493619,0.034772131592035294,1.8274542093276978,0.8020070791244507,1.0214874744415283,-0.21948042511940002,0.00382367055863142,2.22403286898043e-06,,,,,,,,,,,,
3.2320207077132657,grasp,,,,,,,,,,,,,,,,,,,,,1.8285125494003296,0.8022315502166748,1.0217511653900146,-0.21949802339076996,0.0008794040186330676,0.006739628501236439,0.034772131592035294,1.8274542093276978,0.8020070791244507,1.0214874744415283,-0.21948042511940002,0.00382367055863142,2.22403286898043e-06,,,,,,,,,,,,
3.2520207077132657,grasp,,,,,,,,,,,,,,,,,,,,,1.8284250497817993,0.8021771311759949,1.0217264890670776,-0.2195446640253067,0.0011105765588581562,0.006574796978384256,0.034772131592035294,1.8274580136996879,0.801912674442419,1.0214907565839142,-0.21957773901955494,0.0038274351665050855,2.223606154129979e-06,,,,,,,,,,,,
3.2720207077132657,grasp,,,,,,,,,,,,,,,,,,,,,1.8283735513687134,0.8021688461303711,1.0216809511184692,-0.21956844627857208,0.001276239287108183,0.006489438470453024,0.034772131592035294,1.8274580136996879,0.801912674442419,1.0214907565839142,-0.21957773901955494,0.0038274351665050855,2.223606154129979e-06,,,,,,,,,,,,
3.2920207077132657,grasp,,,,,,,,,,,,,,,,,,,,,1.828382968902588,0.8018401861190796,1.0216885805130005,-0.2199009656906128,0.001293536159209907,0.006442054640501738,0.034772131592035294,1.827483618430882,0.8012705371291694,1.0215127446028507,-0.2202394440237688,0.0038530334631413465,2.2207039599202228e-06,,,,,,,,,,,,
3.3120207077132657,grasp,,,,,,,,,,,,,,,,,,,,,1.828391671180725,0.8016717433929443,1.021667718887329,-0.22007255256175995,0.0012821115087717772,0.006406708154827356,0.034772131592035294,1.827483618430882,0.8012705371291694,1.0215127446028507,-0.2202394440237688,0.0038530334631413465,2.2207039599202228e-06,,,,,,,,,,,,
3.3320207077132658,grasp,,,,,,,,,,,,,,,,,,,,,1.8284205198287964,0.8007612228393555,1.0217496156692505,-0.2210017889738083,0.0013538958737626672,0.006377349141985178,0.034772131592035294,1.8275506033206115,0.7995866264643191,1.0215702061854341,-0.22197486571785327,0.003919946359122126,2.213117740688518e-06,,,,,,,,,,,,
3.3520207077132658,grasp,,,,,,,,,,,,,,,,,,,,,1.828394889831543,0.8002960085868835,1.0218162536621094,-0.22148075699806213,0.0015357232186943293,0.006339224521070719,0.034772131592035294,1.8275506033206115,0.7995866264643191,1.0215702061854341,-0.22197486571785327,0.003919946359122126,2.213117740688518e-06,,,,,,,,,,,,
3.372020707713266,grasp,,,,,,,,,,,,,,,,,,,,,1.8284064531326294,0.7985944151878357,1.0214617252349854,-0.22331023216247559,0.001754576456733048,0.006318199448287487,0.034772131592035294,1.8276752109702892,0.7964231715545642,1.021677102259125,-0.22523594715377188,0.004044450395455517,2.199002340138362e-06,,,,,,,,,,,,
3.392020707713266,grasp,,,,,,,,,,,,,,,,,,,,,1.8284157514572144,0.7976416945457458,1.0216562747955322,-0.22425128519535065,0.001965600997209549,0.006286710035055876,0.034772131592035294,1.8276752109702892,0.7964231715545642,1.021677102259125,-0.22523594715377188,0.004044450395455517,2.199002340138362e-06,,,,,,,,,,,,
3.412020707713266,grasp,,,,,,,,,,,,,,,,,,,,,1.82848060131073,0.7947909235954285,1.0214084386825562,-0.22725091874599457,0.0022360049188137054,0.006256778724491596,0.034772131592035294,1.8278698545076957,0.7913969526434871,1.0218440466042567,-0.23041948313197366,0.00423904213585694,2.1769411421699472e-06,,,,,,,,,,,,
3.432020707713266,grasp,,,,,,,,,,,,,,,,,,,,,1.8284478187561035,0.7933225631713867,1.0211520195007324,-0.22879654169082642,0.0025447250809520483,0.006224066950380802,0.034772131592035294,1.8278698545076957,0.7913969526434871,1.0218440466042567,-0.23041948313197366,0.00423904213585694,2.1769411421699472e-06,,,,,,,,,,,,
3.452020707713266,grasp,,,,,,,,,,,,,,,,,,,,,1.828457236289978,0.7891886830329895,1.0203635692596436,-0.23320792615413666,0.0029910008888691664,0.006180690601468086,0.034772131592035294,1.828145140453339,0.7841766880442438,1.0220801375370836,-0.23786855776270666,0.004514265115000351,2.145739066293092e-06,,,,,,,,,,,,
3.4720207077132654,grasp,,,,,,,,,,,,,,,,,,,,,1.828474521636963,0.7869994640350342,1.0203750133514404,-0.23547740280628204,0.003225720487535,0.006132655311375856,0.034772131592035294,1.828145140453339,0.7841766880442438,1.0220801375370836,-0.23786855776270666,0.004514265115000351,2.145739066293092e-06,,,,,,,,,,,,
3.492020707713266,grasp,,,,,,,,,,,,,,,,,,,,,1.8286899328231812,0.7812536358833313,1.0200525522232056,-0.24150381982326508,0.0033862998243421316,0.006071856711059809,0.034772131592035294,1.8285119676787294,0.7744800693963543,1.0223944853537834,-0.2478736463671271,0.0048809155505086825,2.104171573593142e-06,,,,,,,,,,,,
3.5120207077132655,grasp,,,,,,,,,,,,,,,,,,,,,1.8287047147750854,0.7782581448554993,1.0203771591186523,-0.24460101127624512,0.0037745097652077675,0.005982063710689545,0.034772131592035294,1.8285119676787294,0.7744800693963543,1.0223944853537834,-0.2478736463671271,0.0048809155505086825,2.104171573593142e-06,,,,,,,,,,,,
3.5320207077132655,grasp,,,,,,,,,,,,,,,,,,,,,1.828811526298523,0.7707645297050476,1.0208303928375244,-0.2524014413356781,0.0044920542277395725,0.005896714981645346,0.034772131592035294,1.8289789530361085,0.762072910698098,1.022794506151355,-0.26067621056865753,0.005347718247373885,2.0512498117705246e-06,,,,,,,,,,,,
3.5520207077132655,grasp,,,,,,,,,,,,,,,,,,,,,1.8288425207138062,0.7668392062187195,1.0209981203079224,-0.25641992688179016,0.005011133849620819,0.005839749705046415,0.034772131592035294,1.8289789530361085,0.762072910698098,1.022794506151355,-0.26067621056865753,0.005347718247373885,2.0512498117705246e-06,,,,,,,,,,,,
3.5720207077132655,grasp,,,,,,,,,,,,,,,,,,,,,1.829159140586853,0.7574411034584045,1.0211580991744995,-0.26614952087402344,0.005517143290489912,0.0058030434884130955,0.034772131592035294,1.8295528951691047,0.7467670617505079,1.0232859760629731,-0.27647083209851375,0.0059214124000014105,1.9862096639992276e-06,,,,,,,,,,,,
3.5920207077132655,grasp,,,,,,,,,,,,,,,,,,,,,1.8293389081954956,0.7525705099105835,1.0209976434707642,-0.27116498351097107,0.005753503646701574,0.0057841576635837555,0.034772131592035294,1.8295528951691047,0.7467670617505079,1.0232859760629731,-0.27647083209851375,0.0059214124000014105,1.9862096639992276e-06,,,,,,,,,,,,
3.6120207077132656,grasp,,,,,,,,,,,,,,,,,,,,,1.829785704612732,0.7412036061286926,1.0210750102996826,-0.2829306125640869,0.006103070452809334,0.005769343115389347,0.034772131592035294,1.8302388636915516,0.7284178810794979,1.0238731230001354,-0.29540691769312755,0.006607258911316512,1.9084537959648783e-06,,,,,,,,,,,,
3.6320207077132656,grasp,,,,,,,,,,,,,,,,,,,,,1.8300045728683472,0.735322892665863,1.021055817604065,-0.2889925241470337,0.0063392482697963715,0.005756611004471779,0.034772131592035294,1.8302388636915516,0.7284178810794979,1.0238731230001354,-0.29540691769312755,0.006607258911316512,1.9084537959648783e-06,,,,,,,,,,,,
3.6520207077132656,grasp,,,,,,,,,,,,,,,,,,,,,1.8305195569992065,0.7218754887580872,1.0214241743087769,-0.3028706908226013,0.006787503603845835,0.005735048092901707,0.034772131592035294,1.8310406843610147,0.7069223474652372,1.0245592333171174,-0.31759101457010663,0.007408963898275786,1.8175621402437723e-06,,,,,,,,,,,,
3.6720207077132656,grasp,,,,,,,,,,,,,,,,,,,,,1.8307642936706543,0.7149038910865784,1.021741509437561,-0.31001898646354675,0.0071024177595973015,0.005715081933885813,0.034772131592035294,1.8310406843610147,0.7069223474652372,1.0245592333171174,-0.31759101457010663,0.007408963898275786,1.8175621402437723e-06,,,,,,,,,,,,
3.6920207077132656,grasp,,,,,,,,,,,,,,,,,,,,,1.8313339948654175,0.699398398399353,1.0222082138061523,-0.3260646462440491,0.00773154990747571,0.0056944917887449265,0.034772131592035294,1.831960534450085,0.6822171046571461,1.025346281368145,-0.34308911856295154,0.008328741320820987,1.7132832663748907e-06,,,,,,,,,,,,
3.7120207077132656,grasp,,,,,,,,,,,,,,,,,,,,,1.8316329717636108,0.6913455128669739,1.022437572479248,-0.33433055877685547,0.008029037155210972,0.005680232774466276,0.034772131592035294,1.831960534450085,0.6822171046571461,1.025346281368145,-0.34308911856295154,0.008328741320820987,1.7132832663748907e-06,,,,,,,,,,,,
3.7320207077132657,grasp,,,,,,,,,,,,,,,,,,,,,1.832295536994934,0.6736959218978882,1.0229263305664062,-0.35257184505462646,0.008679842576384544,0.00567244365811348,0.034772131592035294,1.8329996965048863,0.6542760091114662,1.0262353692417754,-0.3719284180401545,0.00936781357051681,1.5954791381576722e-06,,,,,,,,,,,,
3.7520207077132657,grasp,,,,,,,,,,,,,,,,,,,,,1.832629680633545,0.6645463109016418,1.0232477188110352,-0.3619685769081116,0.009039624594151974,0.005668765399605036,0.034772131592035294,1.8329996965048863,0.6542760091114662,1.0262353692417754,-0.3719284180401545,0.00936781357051681,1.5954791381576722e-06,,,,,,,,,,,,
3.7720207077132657,grasp,,,,,,,,,,,,,,,,,,,,,1.8333642482757568,0.6447854042053223,1.0238908529281616,-0.382406622171402,0.009776676073670387,0.005663380026817322,0.034772131592035294,1.8341579568793778,0.6231081718334956,1.0272264519274237,-0.404099613507972,0.010526193790944802,1.4641500011242933e-06,,,,,,,,,,,,
3.7920207077132657,grasp,,,,,,,,,,,,,,,,,,,,,1.8337429761886597,0.6345151662826538,1.0243010520935059,-0.3929356038570404,0.01016249693930149,0.005661410745233297,0.034772131592035294,1.8341579568793778,0.6231081718334956,1.0272264519274237,-0.404099613507972,0.010526193790944802,1.4641500011242933e-06,,,,,,,,,,,,
3.8120207077132657,grasp,,,,,,,,,,,,,,,,,,,,,1.8345564603805542,0.6126506328582764,1.0249793529510498,-0.41555172204971313,0.010976824909448624,0.005660398863255978,0.034772131592035294,1.835434699647309,0.5887558258497544,1.0283192121349838,-0.4395589451274013,0.011803202661306942,1.3193716709124116e-06,,,,,,,,,,,,
3.8320207077132658,grasp,,,,,,,,,,,,,,,,,,,,,1.8349758386611938,0.6012845635414124,1.0254021883010864,-0.4272027909755707,0.011398786678910255,0.005659815855324268,0.034772131592035294,1.835434699647309,0.5887558258497544,1.0283192121349838,-0.4395589451274013,0.011803202661306942,1.3193716709124116e-06,,,,,,,,,,,,
3.8520207077132658,grasp,,,,,,,,,,,,,,,,,,,,,1.8358683586120605,0.5773468613624573,1.0261869430541992,-0.4519537687301636,0.012286461889743805,0.005659464746713638,0.034772131592035294,1.8368288629363616,0.5512923791970458,1.029512585289175,-0.4782304789012432,0.013198080931762278,1.1612300273917277e-06,,,,,,,,,,,,
3.872020707713266,grasp,,,,,,,,,,,,,,,,,,,,,1.8363306522369385,0.5649085640907288,1.0268855094909668,-0.464702308177948,0.012737356126308441,0.005657103843986988,0.034772131592035294,1.8368288629363616,0.5512923791970458,1.029512585289175,-0.4782304789012432,0.013198080931762278,1.1612300273917277e-06,,,,,,,,,,,,
3.892020707713266,grasp,,,,,,,,,,,,,,,,,,,,,1.8373103141784668,0.5390453934669495,1.028558611869812,-0.4915253520011902,0.013723853044211864,0.0056516388431191444,0.034772131592035294,1.8383571108480434,0.5108117158196945,1.0308157020822697,-0.5200257603967395,0.014712509306057504,9.895525434489572e-07,,,,,,,,,,,,
3.912020707713266,grasp,,,,,,,,,,,,,,,,,,,,,1.8378175497055054,0.5255826711654663,1.0292900800704956,-0.5053461194038391,0.014190861955285072,0.005643907468765974,0.034772131592035294,1.8383571108480434,0.5108117158196945,1.0308157020822697,-0.5200257603967395,0.014712509306057504,9.895525434489572e-07,,,,,,,,,,,,
3.9320207077132654,grasp,,,,,,,,,,,,,,,,,,,,,1.8352099657058716,0.4998743534088135,1.0283079147338867,-0.5299209356307983,0.014929513446986675,0.005620427895337343,0.034772131592035294,1.8323256706786588,0.4718459089474024,1.0278562734326318,-0.5560309555055399,0.01606476288344225,8.254732615954149e-07,,,,,,,,,,,,
3.952020707713266,grasp,,,,,,,,,,,,,,,,,,,,,1.8338011503219604,0.4864432215690613,1.0269485712051392,-0.5425921082496643,0.01556425727903843,0.005605228245258331,0.034772131592035294,1.8323256706786588,0.4718459089474024,1.0278562734326318,-0.5560309555055399,0.01606476288344225,8.254732615954149e-07,,,,,,,,,,,,
3.9720207077132654,grasp,,,,,,,,,,,,,,,,,,,,,1.8064541816711426,0.4729953706264496,1.011346459388733,-0.5407059788703918,0.014682530425488949,0.005627151113003492,0.034772131592035294,1.7769719302925306,0.4583679384683147,0.9968649415119433,-0.5386757736813886,0.015558469362939918,8.028799322197227e-07,,,,,,,,,,,,
3.992020707713266,grasp,,,,,,,,,,,,,,,,,,,,,1.7919516563415527,0.4661622941493988,1.003015398979187,-0.5397357940673828,0.01599687524139881,0.0055864304304122925,0.034772131592035294,1.7769719302925306,0.4583679384683147,0.9968649415119433,-0.5386757736813886,0.015558469362939918,8.028799322197227e-07,,,,,,,,,,,,
4.0120207077132655,grasp,,,,,,,,,,,,,,,,,,,,,1.7569657564163208,0.45549771189689636,0.9833257794380188,-0.5307514667510986,0.01442798227071762,0.005623719189316034,0.034772131592035294,1.719269187061394,0.4437333666662324,0.9645742268959946,-0.5211785306020918,0.015053066189474495,7.76784704677141e-07,,,,,,,,,,,,
4.032020707713266,grasp,,,,,,,,,,,,,,,,,,,,,1.7392312288284302,0.4496225416660309,0.9759005308151245,-0.5260799527168274,0.01249678060412407,0.005676805507391691,0.034772131592035294,1.719269187061394,0.4437333666662324,0.9645742268959946,-0.5211785306020918,0.015053066189474495,7.76784704677141e-07,,,,,,,,,,,,
4.0520207077132655,grasp,,,,,,,,,,,,,,,,,,,,,1.7019718885421753,0.4387098252773285,0.95619797706604,-0.4944087266921997,-0.007607288658618927,0.0058312308974564075,0.034772131592035294,1.6587764021505402,0.42838729074025533,0.9307249804724778,-0.5028372784934381,0.01452330858807269,7.494316091102384e-07,,,,,,,,,,,,
4.072020707713266,grasp,,,,,,,,,,,,,,,,,,,,,1.682848572731018,0.43293988704681396,0.9461385011672974,-0.48177945613861084,-0.03489578515291214,0.005926280748099089,0.034772131592035294,1.6587764021505402,0.42838729074025533,0.9307249804724778,-0.5028372784934381,0.01452330858807269,7.494316091102384e-07,,,,,,,,,,,,
4.0920207077132655,grasp,,,,,,,,,,,,,,,,,,,,,1.6427894830703735,0.422374963760376,0.9237843155860901,-0.43795180320739746,-0.07074110209941864,0.0059892842546105385,0.034772131592035294,1.5957517444850524,0.4123937499549357,0.8954592550630818,-0.4837295727957449,0.01397142399520079,7.209355906408093e-07,,,,,,,,,,,,
4.112020707713266,grasp,,,,,,,,,,,,,,,,,,,,,1.6219772100448608,0.417127788066864,0.9123050570487976,-0.4138505160808563,-0.09598764777183533,0.0059939487837255,0.034772131592035294,1.5957517444850524,0.4123937499549357,0.8954592550630818,-0.4837295727957449,0.01397142399520079,7.209355906408093e-07,,,,,,,,,,,,
4.132020707713266,grasp,,,,,,,,,,,,,,,,,,,,,1.5800329446792603,0.4062727987766266,0.88923180103302,-0.3744063377380371,-0.13325908780097961,0.0060216812416911125,0.034772131592035294,1.5304723100288125,0.3958220683126481,0.8589310176738016,-0.4639392870000097,0.013399825421964528,6.914212707687595e-07,,,,,,,,,,,,
4.152020707713266,grasp,,,,,,,,,,,,,,,,,,,,,1.5580297708511353,0.40082111954689026,0.8768907785415649,-0.34927898645401,-0.15579190850257874,0.006013277918100357,0.034772131592035294,1.5304723100288125,0.3958220683126481,0.8589310176738016,-0.4639392870000097,0.013399825421964528,6.914212707687595e-07,,,,,,,,,,,,
4.172020707713266,grasp,,,,,,,,,,,,,,,,,,,,,1.5140914916992188,0.38972580432891846,0.8525280356407166,-0.3100050687789917,-0.19921264052391052,0.005976300220936537,0.034772131592035294,1.4632323784217884,0.3787451933843203,0.8213040566418359,-0.44355562872716126,0.01281108739860687,6.610215957559433e-07,,,,,,,,,,,,
4.192020707713265,grasp,,,,,,,,,,,,,,,,,,,,,1.4907647371292114,0.3840840756893158,0.8397372364997864,-0.28861767053604126,-0.24611808359622955,0.005854049697518349,0.034772131592035294,1.4632323784217884,0.3787451933843203,0.8213040566418359,-0.44355562872716126,0.01281108739860687,6.610215957559433e-07,,,,,,,,,,,,
4.212020707713266,grasp,,,,,,,,,,,,,,,,,,,,,1.4452521800994873,0.37258380651474,0.8149995803833008,-0.25161212682724,-0.2969665229320526,0.0057823546230793,0.034772131592035294,1.3943407251541233,0.3612406334804127,0.7827503629318651,-0.42267222036476726,0.012207913539689941,6.298763568496985e-07,,,,,,,,,,,,
4.232020707713266,grasp,,,,,,,,,,,,,,,,,,,,,1.4212925434112549,0.3668272793292999,0.8013988137245178,-0.22961026430130005,-0.3375789225101471,0.005681654904037714,0.034772131592035294,1.3943407251541233,0.3612406334804127,0.7827503629318651,-0.42267222036476726,0.012207913539689941,6.298763568496985e-07,,,,,,,,,,,,
4.252020707713266,grasp,,,,,,,,,,,,,,,,,,,,,1.3751567602157593,0.3550493121147156,0.7759245038032532,-0.19057729840278625,-0.3864089846611023,0.0056539131328463554,0.034772131592035294,1.324118293342348,0.3433893128115323,0.7434487288102791,-0.40138633443981675,0.011593110120308807,5.981305544647476e-07,,,,,,,,,,,,
4.272020707713265,grasp,,,,,,,,,,,,,,,,,,,,,1.3510628938674927,0.34914907813072205,0.7619316577911377,-0.16860957443714142,-0.4258165955543518,0.005605482961982489,0.034772131592035294,1.324118293342348,0.3433893128115323,0.7434487288102791,-0.40138633443981675,0.011593110120308807,5.981305544647476e-07,,,,,,,,,,,,
4.292020707713266,grasp,,,,,,,,,,,,,,,,,,,,,1.3043442964553833,0.3371660113334656,0.7359780073165894,-0.12807749211788177,-0.4757700264453888,0.005599068012088537,0.034772131592035294,1.2528960890060854,0.3252733997429793,0.7035833450763682,-0.37979825736053796,0.010969573882875994,5.659337569042055e-07,,,,,,,,,,,,
4.312020707713266,grasp,,,,,,,,,,,,,,,,,,,,,1.2799580097198486,0.3311713635921478,0.7217826247215271,-0.10488563030958176,-0.5139718055725098,0.005563931539654732,0.034772131592035294,1.2528960890060854,0.3252733997429793,0.7035833450763682,-0.37979825736053796,0.010969573882875994,5.659337569042055e-07,,,,,,,,,,,,
4.332020707713266,grasp,,,,,,,,,,,,,,,,,,,,,1.2328447103500366,0.3190010190010071,0.6956382989883423,-0.0626278966665268,-0.5614567995071411,0.005575538147240877,0.034772131592035294,1.1810119743002636,0.306978025759321,0.6633428763923451,-0.3580101426565651,0.010340255433498983,5.334385519736881e-07,,,,,,,,,,,,
4.352020707713265,grasp,,,,,,,,,,,,,,,,,,,,,1.2083053588867188,0.31289994716644287,0.6813645362854004,-0.03819265216588974,-0.598461389541626,0.005547905806452036,0.034772131592035294,1.1810119743002636,0.306978025759321,0.6633428763923451,-0.3580101426565651,0.010340255433498983,5.334385519736881e-07,,,,,,,,,,,,
4.372020707713266,grasp,,,,,,,,,,,,,,,,,,,,,1.1608847379684448,0.30061841011047363,0.6550046801567078,0.005113497842103243,-0.647614598274231,0.005553585477173328,0.034772131592035294,1.108808719826297,0.28858882476623166,0.6229186857241138,-0.3361257877828109,0.009708148164153066,5.007995018662752e-07,,,,,,,,,,,,
4.392020707713265,grasp,,,,,,,,,,,,,,,,,,,,,1.1361641883850098,0.29445889592170715,0.6407033801078796,0.03023391403257847,-0.680500328540802,0.0055196830071508884,0.034772131592035294,1.108808719826297,0.28858882476623166,0.6229186857241138,-0.3361257877828109,0.009708148164153066,5.007995018662752e-07,,,,,,,,,,,,
4.412020707713266,grasp,,,,,,,,,,,,,,,,,,,,,1.088693618774414,0.2821536362171173,0.6142462491989136,0.07567736506462097,-0.7277791500091553,0.00552517781034112,0.034772131592035294,1.0366312741636046,0.27019232077793415,0.5825035685415884,-0.3142496613472223,0.009076266773012697,4.681723086529271e-07,,,,,,,,,,,,
4.432020707713265,grasp,,,,,,,,,,,,,,,,,,,,,1.063948631286621,0.2760084569454193,0.599833607673645,0.10095186531543732,-0.7595287561416626,0.005483453627675772,0.034772131592035294,1.0366312741636046,0.27019232077793415,0.5825035685415884,-0.3142496613472223,0.009076266773012697,4.681723086529271e-07,,,,,,,,,,,,
4.452020707713266,grasp,,,,,,,,,,,,,,,,,,,,,1.0165133476257324,0.2637718915939331,0.5734243988990784,0.14832383394241333,-0.8075443506240845,0.005453844089061022,0.034772131592035294,0.964823911049704,0.25187640512298354,0.5422906434193447,-0.2924859677742964,0.008447625308949254,4.3571257409603124e-07,,,,,,,,,,,,
4.472020707713265,grasp,,,,,,,,,,,,,,,,,,,,,0.9918107390403748,0.25765320658683777,0.559171736240387,0.17507421970367432,-0.8360486626625061,0.00539835961535573,0.034772131592035294,0.964823911049704,0.25187640512298354,0.5422906434193447,-0.2924859677742964,0.008447625308949254,4.3571257409603124e-07,,,,,,,,,,,,
4.492020707713266,grasp,,,,,,,,,,,,,,,,,,,,,0.9446669816970825,0.2455935776233673,0.5327549576759338,0.22281940281391144,-0.8804961442947388,0.005362247116863728,0.034772131592035294,0.8937295075918252,0.23372443554322803,0.5024708980688758,-0.2709385321416154,0.007825232581070835,4.0357563015871645e-07,,,,,,,,,,,,
4.5120207077132655,grasp,,,,,,,,,,,,,,,,,,,,,0.9202865958213806,0.23949702084064484,0.5186828970909119,0.2503727078437805,-0.9064117670059204,0.005307357292622328,0.034772131592035294,0.8937295075918252,0.23372443554322803,0.5024708980688758,-0.2709385321416154,0.007825232581070835,4.0357563015871645e-07,,,,,,,,,,,,
4.532020707713266,grasp,,,,,,,,,,,,,,,,,,,,,0.8738879561424255,0.22735531628131866,0.4932539463043213,0.30409717559814453,-0.9442110657691956,0.005277242045849562,0.034772131592035294,0.8236843359542135,0.2158234127433693,0.46323315673906645,-0.24970916744590824,0.007212031689525668,3.7191329068143395e-07,,,,,,,,,,,,
4.5520207077132655,grasp,,,,,,,,,,,,,,,,,,,,,0.8498520851135254,0.22133508324623108,0.47934284806251526,0.33590447902679443,-0.9671130776405334,0.005254614632576704,0.034772131592035294,0.8236843359542135,0.2158234127433693,0.46323315673906645,-0.24970916744590824,0.007212031689525668,3.7191329068143395e-07,,,,,,,,,,,,
4.572020707713266,grasp,,,,,,,,,,,,,,,,,,,,,0.8042304515838623,0.20948313176631927,0.45409417152404785,0.3918550908565521,-0.9968020915985107,0.005213591735810041,0.034772131592035294,0.7550180362845897,0.1982554317856607,0.4247615089068151,-0.2288977156600909,0.006610904758613887,3.408742238318317e-07,,,,,,,,,,,,
4.5920207077132655,grasp,,,,,,,,,,,,,,,,,,,,,0.7806543111801147,0.20354317128658295,0.440508633852005,0.4252682030200958,-1.0136507749557495,0.005170343443751335,0.034772131592035294,0.7550180362845897,0.1982554317856607,0.4247615089068151,-0.2288977156600909,0.006610904758613887,3.408742238318317e-07,,,,,,,,,,,,
4.612020707713266,grasp,,,,,,,,,,,,,,,,,,,,,0.7360973358154297,0.19195568561553955,0.4157133400440216,0.4796206057071686,-1.0423511266708374,0.005124407820403576,0.034772131592035294,0.6880505702832299,0.18109920133449917,0.38723411884945563,-0.20860102910817296,0.006024643920826805,3.10602639287411e-07,,,,,,,,,,,,
4.632020707713266,grasp,,,,,,,,,,,,,,,,,,,,,0.7130845785140991,0.18610239028930664,0.4025295674800873,0.5136909484863281,-1.0574045181274414,0.005048946011811495,0.034772131592035294,0.6880505702832299,0.18109920133449917,0.38723411884945563,-0.20860102910817296,0.006024643920826805,3.10602639287411e-07,,,,,,,,,,,,
4.652020707713266,grasp,,,,,,,,,,,,,,,,,,,,,0.6697834134101868,0.17489728331565857,0.37823694944381714,0.5592921376228333,-1.0775066614151,0.0049813855439424515,0.034772131592035294,0.623088028762473,0.1644340600030155,0.35082305265211516,-0.18891172900349112,0.005455925329999919,2.812368141941297e-07,,,,,,,,,,,,
4.672020707713266,grasp,,,,,,,,,,,,,,,,,,,,,0.6474443078041077,0.1691468209028244,0.3655341565608978,0.5713628530502319,-1.0854450464248657,0.004896280821412802,0.034772131592035294,0.623088028762473,0.1644340600030155,0.35082305265211516,-0.18891172900349112,0.005455925329999919,2.812368141941297e-07,,,,,,,,,,,,
4.692020707713265,grasp,,,,,,,,,,,,,,,,,,,,,0.6055402755737305,0.15845443308353424,0.3419138789176941,0.5637623071670532,-1.0961025953292847,0.004776762332767248,0.034772131592035294,0.5604220412822125,0.14833382991896543,0.3156916856062152,-0.1699181352130945,0.004907303433771679,2.529086248152497e-07,,,,,,,,,,,,
4.712020707713266,grasp,,,,,,,,,,,,,,,,,,,,,0.5839288830757141,0.1529075652360916,0.32972851395606995,0.5859723687171936,-1.1037136316299438,0.004590273834764957,0.034772131592035294,0.5604220412822125,0.14833382991896543,0.3156916856062152,-0.1699181352130945,0.004907303433771679,2.529086248152497e-07,,,,,,,,,,,,
4.732020707713266,grasp,,,,,,,,,,,,,,,,,,,,,0.5436646342277527,0.14253409206867218,0.3071749210357666,0.6176280975341797,-1.1250263452529907,0.004139677155762911,0.034772131592035294,0.5003282994553688,0.13286388862525714,0.281992483804744,-0.15170373778510685,0.004381195138712129,2.2574291190008652e-07,,,,,,,,,,,,
4.752020707713266,grasp,,,,,,,,,,,,,,,,,,,,,0.522872269153595,0.13732567429542542,0.2952626943588257,0.5789042711257935,-1.1267664432525635,0.0037318409886211157,0.034772131592035294,0.5003282994553688,0.13286388862525714,0.281992483804744,-0.15170373778510685,0.004381195138712129,2.2574291190008652e-07,,,,,,,,,,,,
4.772020707713265,grasp,,,,,,,,,,,,,,,,,,,,,0.48419189453125,0.12792348861694336,0.2731385827064514,0.4936423897743225,-1.0809160470962524,0.0019116816110908985,0.034772131592035294,0.4430601909781649,0.11809185310168283,0.24986791152916712,-0.1343454569221239,0.003879827639888627,1.9985456454544818e-07,,,,,,,,,,,,
4.792020707713266,grasp,,,,,,,,,,,,,,,,,,,,,0.46419209241867065,0.12337371706962585,0.26108258962631226,0.39361968636512756,-1.014013648033142,0.0010667811147868633,0.034772131592035294,0.4430601909781649,0.11809185310168283,0.24986791152916712,-0.1343454569221239,0.003879827639888627,1.9985456454544818e-07,,,,,,,,,,,,
4.812020707713266,grasp,,,,,,,,,,,,,,,,,,,,,0.42767462134361267,0.11414682120084763,0.24023829400539398,0.2947794795036316,-0.9491488933563232,0.0005170098156668246,0.034772131592035294,0.3888495213314369,0.10407680839351788,0.21944764639485986,-0.11791354080324426,0.0034052260365360133,1.753481471175352e-07,,,,,,,,,,,,
4.832020707713266,grasp,,,,,,,,,,,,,,,,,,,,,0.40880286693573,0.10951455682516098,0.2291141152381897,0.19476008415222168,-0.8684481978416443,0.00025175019982270896,0.034772131592035294,0.3888495213314369,0.10407680839351788,0.21944764639485986,-0.11791354080324426,0.0034052260365360133,1.753481471175352e-07,,,,,,,,,,,,
4.852020707713265,grasp,,,,,,,,,,,,,,,,,,,,,0.37443047761917114,0.10065063834190369,0.20971885323524475,0.09476624429225922,-0.7907660007476807,0.00013895187294110656,0.034772131592035294,0.3379030764688944,0.09087171951625467,0.19084763384126463,-0.10247061087583079,0.002959187892242044,1.5231656942614926e-07,,,,,,,,,,,,
4.872020707713266,grasp,,,,,,,,,,,,,,,,,,,,,0.35666605830192566,0.09629026800394058,0.19893452525138855,0.0032248320057988167,-0.7033042907714844,6.904650945216417e-05,0.034772131592035294,0.3379030764688944,0.09087171951625467,0.19084763384126463,-0.10247061087583079,0.002959187892242044,1.5231656942614926e-07,,,,,,,,,,,,
4.892020707713265,grasp,,,,,,,,,,,,,,,,,,,,,0.324563205242157,0.08799619227647781,0.18063832819461823,-0.0410989373922348,-0.6180813312530518,3.5475943150231615e-05,0.034772131592035294,0.29040124778698195,0.07851989292764977,0.16416790038809778,-0.08807127671348268,0.0025432830857200386,1.308409211355628e-07,,,,,,,,,,,,
4.912020707713266,grasp,,,,,,,,,,,,,,,,,,,,,0.3079613447189331,0.0837465301156044,0.17121072113513947,-0.06385938078165054,-0.5209712386131287,2.021619729930535e-05,0.034772131592035294,0.29040124778698195,0.07851989292764977,0.16416790038809778,-0.08807127671348268,0.0025432830857200386,1.308409211355628e-07,,,,,,,,,,,,
4.932020707713265,grasp,,,,,,,,,,,,,,,,,,,,,0.27818360924720764,0.07591570913791656,0.154747873544693,-0.06917258352041245,-0.4301223158836365,1.122770754591329e-05,0.034772131592035294,0.2464937515312905,0.06706001098869623,0.13949197874471017,-0.07476101533987525,0.00215883083187745,1.1098945574955715e-07,,,,,,,,,,,,
4.952020707713266,grasp,,,,,,,,,,,,,,,,,,,,,0.26277557015419006,0.07193440943956375,0.14612288773059845,-0.07186566293239594,-0.33182841539382935,5.64847277928493e-06,0.034772131592035294,0.2464937515312905,0.06706001098869623,0.13949197874471017,-0.07476101533987525,0.00215883083187745,1.1098945574955715e-07,,,,,,,,,,,,
4.972020707713265,grasp,,,,,,,,,,,,,,,,,,,,,0.23541738092899323,0.06471417844295502,0.13095663487911224,-0.0673818439245224,-0.23929035663604736,3.9378110159304924e-06,0.034772131592035294,0.2062974287748107,0.05652421710924628,0.11688565031497522,-0.06257536936811532,0.0018068663382832348,9.281562766559081e-08,,,,,,,,,,,,
4.992020707713266,grasp,,,,,,,,,,,,,,,,,,,,,0.2212567776441574,0.0610477440059185,0.12297336757183075,-0.06504929810762405,-0.13983044028282166,7.415056870740955e-07,0.034772131592035294,0.2062974287748107,0.05652421710924628,0.11688565031497522,-0.06257536936811532,0.0018068663382832348,9.281562766559081e-08,,,,,,,,,,,,
5.0120207077132655,grasp,,,,,,,,,,,,,,,,,,,,,0.19626133143901825,0.054465021938085556,0.1091095507144928,-0.05849525332450867,-0.07115636020898819,-3.941328031942248e-06,0.034772131592035294,0.16989426348178768,0.04693514163346578,0.09639574180510711,-0.05153925795412829,0.001488110156279012,7.635664871388477e-08,,,,,,,,,,,,
5.032020707713266,grasp,,,,,,,,,,,,,,,,,,,,,0.18339534103870392,0.051113951951265335,0.10181025415658951,-0.0551263801753521,-0.03570985049009323,-1.0485160601092502e-05,0.034772131592035294,0.16989426348178768,0.04693514163346578,0.09639574180510711,-0.05153925795412829,0.001488110156279012,7.635664871388477e-08,,,,,,,,,,,,
5.0520207077132655,grasp,,,,,,,,,,,,,,,,,,,,,0.16104725003242493,0.045160699635744095,0.08931402862071991,-0.04861021041870117,-0.017850752919912338,-7.649222425243352e-06,0.034772131592035294,0.13732842307087098,0.038306944364786766,0.07804891479480974,-0.04166607344852866,0.0012029434060056622,6.163215102863625e-08,,,,,,,,,,,,
5.072020707713266,grasp,,,,,,,,,,,,,,,,,,,,,0.14950622618198395,0.04213279113173485,0.08272846043109894,-0.04525361582636833,-0.008488458581268787,-6.885820766910911e-06,0.034772131592035294,0.13732842307087098,0.038306944364786766,0.07804891479480974,-0.04166607344852866,0.0012029434060056622,6.163215102863625e-08,,,,,,,,,,,,
5.0920207077132655,grasp,,,,,,,,,,,,,,,,,,,,,0.1296817511320114,0.03682020679116249,0.07162074744701385,-0.039302192628383636,-0.003991655074059963,-3.718434072652599e-06,0.034772131592035294,0.10860466492656512,0.03064340156861779,0.061849146875104434,-0.03295726197410498,0.000951402819237432,4.864398053720409e-08,,,,,,,,,,,,
5.112020707713266,grasp,,,,,,,,,,,,,,,,,,,,,0.1194358617067337,0.034117940813302994,0.06576667726039886,-0.03623683750629425,-0.0015113099943846464,-3.900011961377459e-06,0.034772131592035294,0.10860466492656512,0.03064340156861779,0.061849146875104434,-0.03295726197410498,0.000951402819237432,4.864398053720409e-08,,,,,,,,,,,,
5.132020707713266,grasp,,,,,,,,,,,,,,,,,,,,,0.10211337357759476,0.029441194608807564,0.05604932829737663,-0.03099386766552925,-0.0005018335650674999,-1.4170376516631222e-06,0.034772131592035294,0.0836872048658952,0.023935621957625063,0.04777456286625204,-0.025401984436635792,0.0007331749082349219,3.737593675005679e-08,,,,,,,,,,,,
5.152020707713266,grasp,,,,,,,,,,,,,,,,,,,,,0.0931582823395729,0.02706195041537285,0.050928615033626556,-0.02829359658062458,0.00016482007049489766,-2.6061911739816424e-06,0.034772131592035294,0.0836872048658952,0.023935621957625063,0.04777456286625204,-0.025401984436635792,0.0007331749082349219,3.737593675005679e-08,,,,,,,,,,,,
5.172020707713266,grasp,,,,,,,,,,,,,,,,,,,,,0.07830194383859634,0.023009730502963066,0.04257987439632416,-0.023786192759871483,0.00028162539820186794,-7.653130751350545e-07,0.034772131592035294,0.0624960304059415,0.018163638964727634,0.03577740017831311,-0.01897599903203543,0.0005475619433472507,2.7792009028467802e-08,,,,,,,,,,,,
5.192020707713265,grasp,,,,,,,,,,,,,,,,,,,,,0.07062147557735443,0.020947705954313278,0.038181282579898834,-0.02146477997303009,0.00046753601054660976,-1.937977231136756e-06,0.034772131592035294,0.0624960304059415,0.018163638964727634,0.03577740017831311,-0.01897599903203543,0.0005475619433472507,2.7792009028467802e-08,,,,,,,,,,,,
5.212020707713266,grasp,,,,,,,,,,,,,,,,,,,,,0.05816010385751724,0.01750495843589306,0.03116096928715706,-0.017681049183011055,0.0003747937153093517,-5.285048700898187e-07,0.034772131592035294,0.04490083276505435,0.013302754589825312,0.02578614648577872,-0.013639885668931002,0.00039342772854700724,1.9833532817291447e-08,,,,,,,,,,,,
5.232020707713266,grasp,,,,,,,,,,,,,,,,,,,,,0.051717981696128845,0.015752417966723442,0.02746342122554779,-0.015732327476143837,0.0004311782249715179,-1.5684364598200773e-06,0.034772131592035294,0.04490083276505435,0.013302754589825312,0.02578614648577872,-0.013639885668931002,0.00039342772854700724,1.9833532817291447e-08,,,,,,,,,,,,
5.252020707713266,grasp,,,,,,,,,,,,,,,,,,,,,0.041543543338775635,0.012902515940368176,0.021715091541409492,-0.01264201384037733,0.0003075561544392258,-3.8908626720512984e-07,0.034772131592035294,0.03071648915944955,0.00932699751502323,0.0177057962837456,-0.009337715098624355,0.00026915822379682805,1.3417142193519241e-08,,,,,,,,,,,,
5.272020707713265,grasp,,,,,,,,,,,,,,,,,,,,,0.036284107714891434,0.011450985446572304,0.018688799813389778,-0.011050420813262463,0.00033298705238848925,-2.4089681573968846e-06,0.034772131592035294,0.03071648915944955,0.00932699751502323,0.0177057962837456,-0.009337715098624355,0.00026915822379682805,1.3417142193519241e-08,,,,,,,,,,,,
5.292020707713266,grasp,,,,,,,,,,,,,,,,,,,,,0.02825358882546425,0.009168657474219799,0.014137570746243,-0.008610823191702366,0.00022130228171590716,-9.088243473343027e-07,0.034772131592035294,0.019706721944948696,0.006193448256538535,0.01141212328860194,-0.005998016302130762,0.0001726894004969597,8.436238529172946e-09,,,,,,,,,,,,
5.312020707713266,grasp,,,,,,,,,,,,,,,,,,,,,0.024102771654725075,0.008005306124687195,0.011742963455617428,-0.00735434889793396,0.00022812628594692796,-1.3706197705687373e-06,0.034772131592035294,0.019706721944948696,0.006193448256538535,0.01141212328860194,-0.005998016302130762,0.0001726894004969597,8.436238529172946e-09,,,,,,,,,,,,
5.332020707713266,grasp,,,,,,,,,,,,,,,,,,,,,0.018034230917692184,0.006263862829655409,0.008296728134155273,-0.005510535556823015,0.0001424430520273745,-4.422699930728413e-07,0.034772131592035294,0.011573779302734715,0.003861409891710136,0.0067550698827946384,-0.003530830191220517,0.00010142333288489193,4.7566316318821084e-09,,,,,,,,,,,,
5.352020707713265,grasp,,,,,,,,,,,,,,,,,,,,,0.01489792950451374,0.005375382490456104,0.006484891753643751,-0.004560887813568115,0.0001451238786103204,-9.052131417774945e-07,0.034772131592035294,0.011573779302734715,0.003861409891710136,0.0067550698827946384,-0.003530830191220517,0.00010142333288489193,4.7566316318821084e-09,,,,,,,,,,,,
5.372020707713266,grasp,,,,,,,,,,,,,,,,,,,,,0.010576192289590836,0.004128081724047661,0.004028162453323603,-0.0032476813066750765,8.467165025649592e-05,-3.0079652901804366e-07,0.034772131592035294,0.005973270763239573,0.0022496841535670203,0.0035454595498280697,-0.0018318280101292264,5.2346626399649276e-05,2.2227121230249317e-09,,,,,,,,,,,,
5.392020707713266,grasp,,,,,,,,,,,,,,,,,,,,,0.008343287743628025,0.003491133451461792,0.0027379391249269247,-0.00257130921818316,8.721048652660102e-05,-1.0511306527405395e-06,0.034772131592035294,0.005973270763239573,0.0022496841535670203,0.0035454595498280697,-0.0018318280101292264,5.2346626399649276e-05,2.2227121230249317e-09,,,,,,,,,,,,
5.412020707713266,grasp,,,,,,,,,,,,,,,,,,,,,0.005517999641597271,0.0026727388612926006,0.0011313570430502295,-0.0017127428436651826,4.7369321691803634e-05,-4.855428414884955e-07,0.034772131592035294,0.002506181854183646,0.0012498435820337702,0.0015575476477470498,-0.0007800151455655347,2.196435224272325e-05,6.540225387398226e-10,,,,,,,,,,,,
5.432020707713265,grasp,,,,,,,,,,,,,,,,,,,,,0.004058783873915672,0.0022543547675013542,0.00028916349401697516,-0.0012705113040283322,4.501588045968674e-05,-5.056251097812492e-07,0.034772131592035294,0.002506181854183646,0.0012498435820337702,0.0015575476477470498,-0.0007800151455655347,2.196435224272325e-05,6.540225387398226e-10,,,,,,,,,,,,
5.452020707713266,grasp,,,,,,,,,,,,,,,,,,,,,0.002441204385831952,0.0017667238134890795,0.00013885539374314249,-0.000778383924625814,2.311398566234857e-05,-2.1200348498950916e-07,0.034772131592035294,0.0007134086763827868,0.0007328842851527038,0.0005296507972389838,-0.00023614081434614244,6.254200994242122e-06,-1.571198783093821e-10,,,,,,,,,,,,
5.472020707713266,grasp,,,,,,,,,,,,,,,,,,,,,0.001606271369382739,0.0015205444069579244,0.00013000609760638326,-0.0005250175017863512,2.1034726159996353e-05,-3.6800153679905634e-07,0.034772131592035294,0.0007134086763827868,0.0007328842851527038,0.0005296507972389838,-0.00023614081434614244,6.254200994242122e-06,-1.571198783093821e-10,,,,,,,,,,,,
5.492020707713266,grasp,,,,,,,,,,,,,,,,,,,,,0.0008674406562931836,0.0013051001587882638,0.00012996613804716617,-0.0003003954770974815,1.1173959137522615e-05,-1.8378349864178745e-07,0.034772131592035294,7.339965937796647e-05,0.0005483329762841706,0.00016269792190614136,-4.198101874008919e-05,6.457734426349746e-07,-4.466927275049764e-10,,,,,,,,,,,,
5.5120207077132655,grasp,,,,,,,,,,,,,,,,,,,,,0.0004864559159614146,0.0011938039679080248,0.0001297174603678286,-0.00018466624896973372,8.495057045365684e-06,-1.6967695160019503e-07,0.034772131592035294,7.339965937796647e-05,0.0005483329762841706,0.00016269792190614136,-4.198101874008919e-05,6.457734426349746e-07,-4.466927275049764e-10,,,,,,,,,,,,
5.527046592354847,grasp,,,,,,,,,,,,,,,,,,,,,0.0002544513554312289,0.0011264528147876263,0.00012951808457728475,-0.00011424147669458762,5.444640009955037e-06,-1.0399550376405386e-07,0.034772131592035294,-8.641352167160221e-08,0.0005271427216939628,0.00012056425475748256,-1.9687518943101168e-05,1.8117085609503647e-09,-4.799415864731316e-10,,,,,,,,,,,,
0.0,grasp,,,,,,,,,,,,,,,,,,,,,,,,,,,-2.2176868341716727e-08,,,,,,,0.043,,,,,,,,,,,
0.02,grasp,,,,,,,,,,,,,,,,,,,,,,,,,,,1.458652559449547e-05,,,,,,,0.043,,,,,,,,,,,
0.04,grasp,,,,,,,,,,,,,,,,,,,,,,,,,,,0.00010978052523569204,,,,,,,0.043,,,,,,,,,,,
0.06,grasp,,,,,,,,,,,,,,,,,,,,,,,,,,,0.00033833744237199426,,,,,,,0.043,,,,,,,,,,,
0.08,grasp,,,,,,,,,,,,,,,,,,,,,,,,,,,0.0007235826924443245,,,,,,,0.043,,,,,,,,,,,
0.1,grasp,,,,,,,,,,,,,,,,,,,,,,,,,,,0.0012965153437107801,,,,,,,0.043,,,,,,,,,,,
0.12,grasp,,,,,,,,,,,,,,,,,,,,,,,,,,,0.002075346652418375,,,,,,,0.043,,,,,,,,,,,
0.14,grasp,,,,,,,,,,,,,,,,,,,,,,,,,,,0.003065897850319743,,,,,,,0.043,,,,,,,,,,,
0.16,grasp,,,,,,,,,,,,,,,,,,,,,,,,,,,0.004272411577403545,,,,,,,0.043,,,,,,,,,,,
0.18,grasp,,,,,,,,,,,,,,,,,,,,,,,,,,,0.0056896142195910215,,,,,,,0.043,,,,,,,,,,,
0.2,grasp,,,,,,,,,,,,,,,,,,,,,,,,,,,0.00730672013014555,,,,,,,0.043,,,,,,,,,,,
0.22,grasp,,,,,,,,,,,,,,,,,,,,,,,,,,,0.009108577389270067,,,,,,,0.043,,,,,,,,,,,
0.24,grasp,,,,,,,,,,,,,,,,,,,,,,,,,,,0.011074731592088938,,,,,,,0.043,,,,,,,,,,,
0.26,grasp,,,,,,,,,,,,,,,,,,,,,,,,,,,0.013181255664676428,,,,,,,0.043,,,,,,,,,,,
0.28,grasp,,,,,,,,,,,,,,,,,,,,,,,,,,,0.015400995034724474,,,,,,,0.043,,,,,,,,,,,
0.3,grasp,,,,,,,,,,,,,,,,,,,,,,,,,,,0.017704596742987633,,,,,,,0.043,,,,,,,,,,,
0.32,grasp,,,,,,,,,,,,,,,,,,,,,,,,,,,0.02006043028086424,,,,,,,0.043,,,,,,,,,,,
0.34,grasp,,,,,,,,,,,,,,,,,,,,,,,,,,,0.02243615221232176,,,,,,,0.043,,,,,,,,,,,
0.36,grasp,,,,,,,,,,,,,,,,,,,,,,,,,,,0.024799066595733166,,,,,,,0.043,,,,,,,,,,,
0.38,grasp,,,,,,,,,,,,,,,,,,,,,,,,,,,0.027116259559988976,,,,,,,0.043,,,,,,,,,,,
0.4,grasp,,,,,,,,,,,,,,,,,,,,,,,,,,,0.02935643307864666,,,,,,,0.043,,,,,,,,,,,
0.42,grasp,,,,,,,,,,,,,,,,,,,,,,,,,,,0.03148931823670864,,,,,,,0.043,,,,,,,,,,,
0.44,grasp,,,,,,,,,,,,,,,,,,,,,,,,,,,0.03348732553422451,,,,,,,0.043,,,,,,,,,,,
0.46,grasp,,,,,,,,,,,,,,,,,,,,,,,,,,,0.035325851291418076,,,,,,,0.043,,,,,,,,,,,
0.48,grasp,,,,,,,,,,,,,,,,,,,,,,,,,,,0.03698370419442654,,,,,,,0.043,,,,,,,,,,,
0.5,grasp,,,,,,,,,,,,,,,,,,,,,,,,,,,0.038444312289357185,,,,,,,0.043,,,,,,,,,,,
0.52,grasp,,,,,,,,,,,,,,,,,,,,,,,,,,,0.039696045219898224,,,,,,,0.043,,,,,,,,,,,
0.54,grasp,,,,,,,,,,,,,,,,,,,,,,,,,,,0.04073298163712025,,,,,,,0.043,,,,,,,,,,,
0.56,grasp,,,,,,,,,,,,,,,,,,,,,,,,,,,0.04155565984547138,,,,,,,0.043,,,,,,,,,,,
0.58,grasp,,,,,,,,,,,,,,,,,,,,,,,,,,,0.04217151924967766,,,,,,,0.043,,,,,,,,,,,
0.6,grasp,,,,,,,,,,,,,,,,,,,,,,,,,,,0.04259607009589672,,,,,,,0.043,,,,,,,,,,,
0.62,grasp,,,,,,,,,,,,,,,,,,,,,,,,,,,0.042852988466620445,,,,,,,0.043,,,,,,,,,,,
0.64,grasp,,,,,,,,,,,,,,,,,,,,,,,,,,,0.04297536052763462,,,,,,,0.043,,,,,,,,,,,
0.66,grasp,,,,,,,,,,,,,,,,,,,,,,,,,,,0.043005604296922684,,,,,,,0.043,,,,,,,,,,,
0.68,grasp,,,,,,,,,,,,,,,,,,,,,,,,,,,0.04299843683838844,,,,,,,0.043,,,,,,,,,,,
0.68,grasp,,,,,,,,,,,,,,,,,,,,,-1.6379509304442763e-07,0.0010455928277224302,0.00012923199392389506,-3.9064027077984065e-05,7.619199493547058e-09,-1.0313413456586318e-09,0.04299843683838844,-8.641352167160221e-08,0.0005271427216939628,0.00012056425475748256,-1.9687518943101168e-05,1.8117085609503647e-09,-4.799415864731316e-10,,,,,,,,,,,,
0.7000000000000001,grasp,,,,,,,,,,,,,,,,,,,,,-1.6509765998762305e-07,0.0010503508383408189,0.000129241612739861,-3.9244179788511246e-05,7.488138997757687e-09,-9.723731819732961e-10,0.04299843683838844,-8.641352167160221e-08,0.0005271427216939628,0.00012056425475748256,-1.9687518943101168e-05,1.8117085609503647e-09,-4.799415864731316e-10,,,,,,,,,,,,
0.7200000000000001,grasp,,,,,,,,,,,,,,,,,,,,,0.00010190852481173351,0.0010828059166669846,0.00012907655036542565,-7.098129572113976e-05,1.996825403693947e-06,-2.5139824444408987e-08,0.04299843683838844,0.00021513306314726577,0.0005892028537058295,0.00024396159240183053,-8.497873903743165e-05,1.8877895804788007e-06,-3.825652834535904e-10,,,,,,,,,,,,
0.74,grasp,,,,,,,,,,,,,,,,,,,,,0.00015572550182696432,0.0010997022036463022,0.00012906351184938103,-8.733561844564974e-05,1.4811912478762679e-06,-2.3873314436428927e-09,0.04299843683838844,0.00021513306314726577,0.0005892028537058295,0.00024396159240183053,-8.497873903743165e-05,1.8877895804788007e-06,-3.825652834535904e-10,,,,,,,,,,,,
0.76,grasp,,,,,,,,,,,,,,,,,,,,,0.0008805702673271298,0.0013099737698212266,0.00012744222476612777,-0.0003088408266194165,1.578738374519162e-05,-1.8192876893863286e-07,0.04299843683838844,0.0016643129802396378,0.0010070845100695245,0.001074857274701539,-0.0005246170395952918,1.4587017800887095e-05,2.7311793490940324e-10,,,,,,,,,,,,
0.78,grasp,,,,,,,,,,,,,,,,,,,,,0.0012567366939038038,0.0014197975397109985,0.00012741246609948575,-0.0004230508056934923,1.1551607713045087e-05,-1.223144607820359e-08,0.04299843683838844,0.0016643129802396378,0.0010070845100695245,0.001074857274701539,-0.0005246170395952918,1.4587017800887095e-05,2.7311793490940324e-10,,,,,,,,,,,,
0.8,grasp,,,,,,,,,,,,,,,,,,,,,0.0032717075664550066,0.0020211758092045784,0.0005260996404103935,-0.0010364257032051682,4.9060286983149126e-05,-4.546667469185195e-07,0.04299843683838844,0.0054306135128219715,0.002093118480079057,0.003234284363493023,-0.001667201144260915,4.7591275339650885e-05,1.9771851744396033e-09,,,,,,,,,,,,
0.8200000000000001,grasp,,,,,,,,,,,,,,,,,,,,,0.004316944628953934,0.0023193282540887594,0.0008088027825579047,-0.0013519641943275928,3.852507870760746e-05,-1.525725323858751e-08,0.04299843683838844,0.0054306135128219715,0.002093118480079057,0.003234284363493023,-0.001667201144260915,4.7591275339650885e-05,1.9771851744396033e-09,,,,,,,,,,,,
0.8400000000000001,grasp,,,,,,,,,,,,,,,,,,,,,0.008244339376688004,0.0034524518996477127,0.002880174433812499,-0.0025456452276557684,0.00010875864973058924,-8.136779570122599e-07,0.04299843683838844,0.012440795710887563,0.0041107009655820875,0.0072518497151005555,-0.00379385141887444,0.00010902085784361042,5.148905904025573e-09,,,,,,,,,,,,
0.8600000000000001,grasp,,,,,,,,,,,,,,,,,,,,,0.010280855000019073,0.004026371520012617,0.003987935837358236,-0.003160380758345127,9.011988004203886e-05,3.7789127382836796e-09,0.04299843683838844,0.012440795710887563,0.0041107009655820875,0.0072518497151005555,-0.00379385141887444,0.00010902085784361042,5.148905904025573e-09,,,,,,,,,,,,
0.8800000000000001,grasp,,,,,,,,,,,,,,,,,,,,,0.016664447262883186,0.005862148012965918,0.0075781322084367275,-0.005100358743220568,0.00020145822782069445,-1.22466644825181e-06,0.04299843683838844,0.02347682448679608,0.007266304328263488,0.013567202527617112,-0.0071416364330402615,0.00020572342107385801,1.014185997188806e-08,,,,,,,,,,,,
0.9,grasp,,,,,,,,,,,,,,,,,,,,,0.0199733879417181,0.006792264059185982,0.009487000294029713,-0.00609947694465518,0.0001734621328068897,4.0914716947781926e-08,0.04299843683838844,0.02347682448679608,0.007266304328263488,0.013567202527617112,-0.0071416364330402615,0.00020572342107385801,1.014185997188806e-08,,,,,,,,,,,,
0.92,grasp,,,,,,,,,,,,,,,,,,,,,0.029271218925714493,0.009439134038984776,0.014753365889191628,-0.008924765512347221,0.0003329628671053797,-1.6724331999284914e-06,0.04299843683838844,0.039186768785581284,0.01170300690449409,0.022531887485571032,-0.011906801455102766,0.0003433670861519085,1.7248756114848227e-08,,,,,,,,,,,,
0.9400000000000001,grasp,,,,,,,,,,,,,,,,,,,,,0.03408954665064812,0.010781093500554562,0.017548784613609314,-0.010379859246313572,0.00029467695276252925,1.0549349838129274e-07,0.04299843683838844,0.039186768785581284,0.01170300690449409,0.022531887485571032,-0.011906801455102766,0.0003433670861519085,1.7248756114848227e-08,,,,,,,,,,,,
0.9600000000000001,grasp,,,,,,,,,,,,,,,,,,,,,0.046675462275743484,0.014307173900306225,0.02466323971748352,-0.014203711412847042,0.000507993798237294,-2.1362286588555435e-06,0.04299843683838844,0.060091785839837666,0.017503001392244782,0.03441380027857629,-0.018246890635363514,0.000526501610836953,2.670458780553029e-08,,,,,,,,,,,,
0.98,grasp,,,,,,,,,,,,,,,,,,,,,0.05319651961326599,0.016095373779535294,0.02843625470995903,-0.016173118725419044,0.0004587681032717228,1.9104997761587583e-07,0.04299843683838844,0.060091785839837666,0.017503001392244782,0.03441380027857629,-0.018246890635363514,0.000526501610836953,2.670458780553029e-08,,,,,,,,,,,,
1.0,grasp,,,,,,,,,,,,,,,,,,,,,0.06935834884643555,0.020543675869703293,0.037539854645729065,-0.021082678809762,0.0007302062003873289,-2.6015600269602146e-06,0.04299843683838844,0.08658153168731422,0.024717555190859823,0.04941045777244642,-0.02627960289068508,0.0007585244200945347,3.868483886949248e-08,,,,,,,,,,,,
1.02,grasp,,,,,,,,,,,,,,,,,,,,,0.07773099839687347,0.02279987744987011,0.042364541441202164,-0.02361127734184265,0.0006696910131722689,2.981850286687404e-07,0.04299843683838844,0.08658153168731422,0.024717555190859823,0.04941045777244642,-0.02627960289068508,0.0007585244200945347,3.868483886949248e-08,,,,,,,,,,,,
1.04,grasp,,,,,,,,,,,,,,,,,,,,,0.09766752272844315,0.028207993134856224,0.05356292799115181,-0.029666762799024582,0.0010019497713074088,-3.0545877507393016e-06,0.04299843683838844,0.1189088373217103,0.03340047165204318,0.06766312476553951,-0.036081471567299905,0.001041641657599712,5.330341183936482e-08,,,,,,,,,,,,
1.06,grasp,,,,,,,,,,,,,,,,,,,,,0.10799436271190643,0.030951397493481636,0.05949436500668526,-0.03278558701276779,0.0009301835671067238,4.2326456650698674e-07,0.04299843683838844,0.1189088373217103,0.03340047165204318,0.06766312476553951,-0.036081471567299905,0.001041641657599712,5.330341183936482e-08,,,,,,,,,,,,
1.08,grasp,,,,,,,,,,,,,,,,,,,,,0.13182364404201508,0.037345483899116516,0.07285462319850922,-0.04002276808023453,0.0013246857561171055,-3.477040991128888e-06,0.04299843683838844,0.15720841246644754,0.04358504632751044,0.08925243597107663,-0.04769330404062612,0.0013770281187869137,7.062094699335941e-08,,,,,,,,,,,,
1.1,grasp,,,,,,,,,,,,,,,,,,,,,0.14416560530662537,0.04058954119682312,0.07992727309465408,-0.04375023394823074,0.0012419321574270725,5.676481578120729e-07,0.04299843683838844,0.15720841246644754,0.04358504632751044,0.08925243597107663,-0.04769330404062612,0.0013770281187869137,7.062094699335941e-08,,,,,,,,,,,,
1.12,grasp,,,,,,,,,,,,,,,,,,,,,0.17193518579006195,0.04797430709004402,0.09547509998083115,-0.052183449268341064,0.0016989322612062097,-3.8656271499348804e-06,0.04299843683838844,0.20151358775394254,0.05526680745113562,0.11419394827393566,-0.061125104839753065,0.0017649781454700264,9.065272413533987e-08,,,,,,,,,,,,
1.1400000000000001,grasp,,,,,,,,,,,,,,,,,,,,,0.18631647527217865,0.051721662282943726,0.10370144248008728,-0.056526970118284225,0.0016056918539106846,7.230596565932501e-07,0.04299843683838844,0.20151358775394254,0.05526680745113562,0.11419394827393566,-0.061125104839753065,0.0017649781454700264,9.065272413533987e-08,,,,,,,,,,,,
1.1600000000000001,grasp,,,,,,,,,,,,,,,,,,,,,0.2180047631263733,0.06009278818964958,0.12142510712146759,-0.06614966690540314,0.0021243158262223005,-4.212055500829592e-06,0.04299843683838844,0.25175351336875207,0.06843448241420523,0.1424485560819243,-0.07635549318229844,0.0022048854663493686,1.1336751598123633e-07,,,,,,,,,,,,
1.1800000000000002,grasp,,,,,,,,,,,,,,,,,,,,,0.2344140261411667,0.06434156745672226,0.13079756498336792,-0.07110587507486343,0.002021369058638811,8.95945504453266e-07,0.04299843683838844,0.25175351336875207,0.06843448241420523,0.1424485560819243,-0.07635549318229844,0.0022048854663493686,1.1336751598123633e-07,,,,,,,,,,,,
1.2000000000000002,grasp,,,,,,,,,,,,,,,,,,,,,0.269938588142395,0.07367471605539322,0.15065017342567444,-0.0818929374217987,0.002599649364128709,-4.510613052843837e-06,0.04299843683838844,0.3077695697270351,0.08304056467341356,0.17392446995775662,-0.09333622774466063,0.0026953545680157083,1.3869327020674593e-07,,,,,,,,,,,,
1.2200000000000002,grasp,,,,,,,,,,,,,,,,,,,,,0.2883327305316925,0.07841283082962036,0.161142498254776,-0.0874488353729248,0.0024878757540136576,1.0727022754508653e-06,0.04299843683838844,0.3077695697270351,0.08304056467341356,0.17392446995775662,-0.09333622774466063,0.0026953545680157083,1.3869327020674593e-07,,,,,,,,,,,,
1.2400000000000002,grasp,,,,,,,,,,,,,,,,,,,,,0.32755377888679504,0.08866863697767258,0.18304595351219177,-0.09935768693685532,0.0031229702290147543,-4.751565484184539e-06,0.04299843683838844,0.3693179536327465,0.0990175297340971,0.20848421617617846,-0.11199315896750668,0.0032342281034579328,1.6651851895227098e-07,,,,,,,,,,,,
1.26,grasp,,,,,,,,,,,,,,,,,,,,,0.34786033630371094,0.09387635439634323,0.19461536407470703,-0.10549136996269226,0.0030034848023205996,1.2537025213532615e-06,0.04299843683838844,0.3693179536327465,0.0990175297340971,0.20848421617617846,-0.11199315896750668,0.0032342281034579328,1.6651851895227098e-07,,,,,,,,,,,,
1.28,grasp,,,,,,,,,,,,,,,,,,,,,0.39058399200439453,0.10500726848840714,0.21846318244934082,-0.11846306920051575,0.0036916332319378853,-4.939540303894319e-06,0.04299843683838844,0.4360746865482705,0.11628936419594693,0.24594917947061887,-0.13222810476336663,0.0038186716731618523,1.9669674528816233e-07,,,,,,,,,,,,
1.3,grasp,,,,,,,,,,,,,,,,,,,,,0.4127020537853241,0.11066075414419174,0.23105207085609436,-0.12514419853687286,0.00356572144664824,1.4368547454068903e-06,0.04299843683838844,0.4360746865482705,0.11628936419594693,0.24594917947061887,-0.13222810476336663,0.0038186716731618523,1.9669674528816233e-07,,,,,,,,,,,,
1.32,grasp,,,,,,,,,,,,,,,,,,,,,0.4586890637874603,0.12260249257087708,0.2567104995250702,-0.13910600543022156,0.004302470479160547,-5.075335138826631e-06,0.04299843683838844,0.5076511403740847,0.13475001356910574,0.2860993006614241,-0.15392330012044408,0.004445305015566221,2.2905324358124617e-07,,,,,,,,,,,,
1.34,grasp,,,,,,,,,,,,,,,,,,,,,0.48249462246894836,0.12866933643817902,0.270246684551239,-0.14629705250263214,0.004171465057879686,1.6234445183727075e-06,0.04299843683838844,0.5076511403740847,0.13475001356910574,0.2860993006614241,-0.15392330012044408,0.004445305015566221,2.2905324358124617e-07,,,,,,,,,,,,
1.36,grasp,,,,,,,,,,,,,,,,,,,,,0.531461775302887,0.14135129749774933,0.29755890369415283,-0.1611630618572235,0.004951723385602236,-5.153792699275073e-06,0.04299843683838844,0.5835931243257007,0.15428959403538028,0.3286825193878026,-0.17694115596525206,0.0051101600331145145,2.6338316414365283e-07,,,,,,,,,,,,
1.3800000000000001,grasp,,,,,,,,,,,,,,,,,,,,,0.5568076968193054,0.14779578149318695,0.31195881962776184,-0.16881972551345825,0.004817130975425243,1.7980659094973817e-06,0.04299843683838844,0.5835931243257007,0.15428959403538028,0.3286825193878026,-0.17694115596525206,0.0051101600331145145,2.6338316414365283e-07,,,,,,,,,,,,
1.4,grasp,,,,,,,,,,,,,,,,,,,,,0.6084344387054443,0.161135733127594,0.3407469391822815,-0.1844925582408905,0.005634193774312735,-5.066991889179917e-06,0.04299843683838844,0.663394622947805,0.1747775553505392,0.3734157188702946,-0.20112818645322098,0.005808793656192408,2.9945719580184024e-07,,,,,,,,,,,,
1.42,grasp,,,,,,,,,,,,,,,,,,,,,0.6351555585861206,0.1679161787033081,0.35591575503349304,-0.19256478548049927,0.005496527999639511,2.383507535341778e-06,0.04299843683838844,0.663394622947805,0.1747775553505392,0.3734157188702946,-0.20112818645322098,0.005808793656192408,2.9945719580184024e-07,,,,,,,,,,,,
1.44,grasp,,,,,,,,,,,,,,,,,,,,,0.6890891194343567,0.18182429671287537,0.38598397374153137,-0.20893730223178864,0.006298103369772434,4.29950887337327e-07,0.04299843683838844,0.7465025427009321,0.1960743232540674,0.41998971672805646,-0.22631682143545842,0.006536356778248039,3.3702493837939845e-07,,,,,,,,,,,,
1.46,grasp,,,,,,,,,,,,,,,,,,,,,0.7170036435127258,0.1888951063156128,0.4018177092075348,-0.21736997365951538,0.006159472744911909,4.453184374142438e-06,0.04299843683838844,0.7465025427009321,0.1960743232540674,0.41998971672805646,-0.22631682143545842,0.006536356778248039,3.3702493837939845e-07,,,,,,,,,,,,
1.48,grasp,,,,,,,,,,,,,,,,,,,,,0.7728625535964966,0.20327606797218323,0.4329546391963959,-0.23432710766792297,0.007012174930423498,1.036167759593809e-06,0.04299843683838844,0.8323242726264587,0.21803297357886853,0.46807355084644825,-0.2523277667254234,0.007287668553101722,3.758187735365576e-07,,,,,,,,,,,,
1.5,grasp,,,,,,,,,,,,,,,,,,,,,0.8017716407775879,0.21058879792690277,0.44934192299842834,-0.24306081235408783,0.006887740455567837,5.696907919627847e-06,0.04299843683838844,0.8323242726264587,0.21803297357886853,0.46807355084644825,-0.2523277667254234,0.007287668553101722,3.758187735365576e-07,,,,,,,,,,,,
1.52,grasp,,,,,,,,,,,,,,,,,,,,,0.8591578006744385,0.22533997893333435,0.48132315278053284,-0.26048046350479126,0.00775902858003974,1.6330398011632496e-06,0.04299843683838844,0.920237048411505,0.24049451101098854,0.5173183886659846,-0.27897247899429617,0.008057290321607572,4.155578225056598e-07,,,,,,,,,,,,
1.54,grasp,,,,,,,,,,,,,,,,,,,,,0.8888512253761292,0.23284228146076202,0.49814537167549133,-0.269452303647995,0.007647263817489147,5.944165877735941e-06,0.04299843683838844,0.920237048411505,0.24049451101098854,0.5173183886659846,-0.27897247899429617,0.008057290321607572,4.155578225056598e-07,,,,,,,,,,,,
1.56,grasp,,,,,,,,,,,,,,,,,,,,,0.9473428726196289,0.24785777926445007,0.530737578868866,-0.2872070074081421,0.008528735488653183,1.930375674419338e-06,0.04299843683838844,1.0095933280080087,0.26329722216117646,0.5673625524666489,-0.30605485763627277,0.008839561348624536,4.5595007480457013e-07,,,,,,,,,,,,
1.58,grasp,,,,,,,,,,,,,,,,,,,,,0.9776039719581604,0.25549572706222534,0.547872006893158,-0.2963513433933258,0.008423404768109322,6.127948836365249e-06,0.04299843683838844,1.0095933280080087,0.26329722216117646,0.5673625524666489,-0.30605485763627277,0.008839561348624536,4.5595007480457013e-07,,,,,,,,,,,,
1.6,grasp,,,,,,,,,,,,,,,,,,,,,1.036766767501831,0.2706667184829712,0.5808337926864624,-0.3143097460269928,0.009310022927820683,1.9054953099839622e-06,0.04299843683838844,1.099729435582857,0.28627535509690766,0.6178350407325189,-0.33337395244294454,0.009628663301699326,4.966952842098165e-07,,,,,,,,,,,,
1.62,grasp,,,,,,,,,,,,,,,,,,,,,1.0673730373382568,0.2783849239349365,0.5981546640396118,-0.32355886697769165,0.009208545088768005,6.220704563020263e-06,0.04299843683838844,1.099729435582857,0.28627535509690766,0.6178350407325189,-0.33337395244294454,0.009628663301699326,4.966952842098165e-07,,,,,,,,,,,,
1.6400000000000001,grasp,,,,,,,,,,,,,,,,,,,,,1.1267659664154053,0.29360032081604004,0.6312410235404968,-0.34158754348754883,0.010095694102346897,1.7365196072205435e-06,0.04299843683838844,1.1899733775451788,0.30925976165262364,0.6683598212229569,-0.3607263056790497,0.010418708500262575,5.374895087544258e-07,,,,,,,,,,,,
1.6600000000000001,grasp,,,,,,,,,,,,,,,,,,,,,1.1574913263320923,0.3013418912887573,0.6486194729804993,-0.35087284445762634,0.00999626237899065,6.221648163773352e-06,0.04299843683838844,1.1899733775451788,0.30925976165262364,0.6683598212229569,-0.3607263056790497,0.010418708500262575,5.374895087544258e-07,,,,,,,,,,,,
1.6800000000000002,grasp,,,,,,,,,,,,,,,,,,,,,1.216670274734497,0.3164893686771393,0.6815835237503052,-0.36883744597435,0.010879558511078358,1.4394508980331011e-06,0.04299843683838844,1.279652134924171,0.33208054496953715,0.7185602137971401,-0.38790817054567306,0.011203815995993073,5.780290103572466e-07,,,,,,,,,,,,
1.7000000000000002,grasp,,,,,,,,,,,,,,,,,,,,,1.2472862005233765,0.32419735193252563,0.6988903284072876,-0.37808963656425476,0.010781263001263142,6.137514901638497e-06,0.04299843683838844,1.279652134924171,0.33208054496953715,0.7185602137971401,-0.38790817054567306,0.011203815995993073,5.780290103572466e-07,,,,,,,,,,,,
1.7200000000000002,grasp,,,,,,,,,,,,,,,,,,,,,1.3058128356933594,0.3391660749912262,0.7314872145652771,-0.3958568871021271,0.011661950498819351,3.2681327866157517e-07,0.04299843683838844,1.3680985053437669,0.3545706833025461,0.7680637344619625,-0.4147175503317402,0.01197815868095187,6.180127857430105e-07,,,,,,,,,,,,
1.7400000000000002,grasp,,,,,,,,,,,,,,,,,,,,,1.3360884189605713,0.3467836380004883,0.7485947608947754,-0.4050073027610779,0.011570688337087631,5.569752829615027e-06,0.04299843683838844,1.3680985053437669,0.3545706833025461,0.7680637344619625,-0.4147175503317402,0.01197815868095187,6.180127857430105e-07,,,,,,,,,,,,
1.7600000000000002,grasp,,,,,,,,,,,,,,,,,,,,,1.393530249595642,0.36146485805511475,0.7805836200714111,-0.422445684671402,0.012457567267119884,-3.4108286399714416e-06,0.04299843683838844,1.4546588626986987,0.37656716145673735,0.8165062074280316,-0.44095665681565843,0.01273602157069161,6.571455380749024e-07,,,,,,,,,,,,
1.7800000000000002,grasp,,,,,,,,,,,,,,,,,,,,,1.4232417345046997,0.3689367175102234,0.7973659634590149,-0.4314267337322235,0.012371943332254887,3.977460437454283e-06,0.04299843683838844,1.4546588626986987,0.37656716145673735,0.8165062074280316,-0.44095665681565843,0.01273602157069161,6.571455380749024e-07,,,,,,,,,,,,
1.8000000000000003,grasp,,,,,,,,,,,,,,,,,,,,,1.4791778326034546,0.38322415947914124,0.8285133242607117,-0.4484083950519562,0.013210286386311054,-3.3684411846479634e-06,0.04299843683838844,1.5387012981190757,0.39791135513818077,0.8635357512859702,-0.4664339650357221,0.013471878760822264,6.951417320034154e-07,,,,,,,,,,,,
1.8200000000000003,grasp,,,,,,,,,,,,,,,,,,,,,1.5081075429916382,0.3904961347579956,0.8448483347892761,-0.45715415477752686,0.013125382363796234,2.7954445158684393e-06,0.04299843683838844,1.5387012981190757,0.39791135513818077,0.8635357512859702,-0.4664339650357221,0.013471878760822264,6.951417320034154e-07,,,,,,,,,,,,
1.8399999999999999,grasp,,,,,,,,,,,,,,,,,,,,,1.5621341466903687,0.404288113117218,0.8749306201934814,-0.4735567271709442,0.013925488106906414,-3.0622934446000727e-06,0.04299843683838844,1.6196230244071383,0.41845219711487097,0.908816590702087,-0.49096668754764017,0.01418045186279009,7.317286141658471e-07,,,,,,,,,,,,
1.8599999999999999,grasp,,,,,,,,,,,,,,,,,,,,,1.5900739431381226,0.41130807995796204,0.8907016515731812,-0.4820040166378021,0.01384760346263647,2.7042112833441934e-06,0.04299843683838844,1.6196230244071383,0.41845219711487097,0.908816590702087,-0.49096668754764017,0.01418045186279009,7.317286141658471e-07,,,,,,,,,,,,
1.88,grasp,,,,,,,,,,,,,,,,,,,,,1.641808271408081,0.4245091676712036,0.9195070862770081,-0.49771177768707275,0.014607702381908894,-3.010055252161692e-06,0.04299843683838844,1.696857621380713,0.4380484960764602,0.9520335280271126,-0.5143832665484382,0.014856792832803653,7.666505665785541e-07,,,,,,,,,,,,
1.9,grasp,,,,,,,,,,,,,,,,,,,,,1.668561339378357,0.4312286376953125,0.9346040487289429,-0.505801260471344,0.014538247138261795,2.726414777498576e-06,0.04299843683838844,1.696857621380713,0.4380484960764602,0.9520335280271126,-0.5143832665484382,0.014856792832803653,7.666505665785541e-07,,,,,,,,,,,,
1.92,grasp,,,,,,,,,,,,,,,,,,,,,1.717650055885315,0.44374972581863403,0.9619365930557251,-0.5207070112228394,0.015254762023687363,-2.751511374299298e-06,0.04299843683838844,1.7698822017390803,0.4565699814844576,0.9928971814068929,-0.5365257799937705,0.01549636618352965,7.996733861793641e-07,,,,,,,,,,,,
1.94,grasp,,,,,,,,,,,,,,,,,,,,,1.7430332899093628,0.45012345910072327,0.9762575626373291,-0.5283831357955933,0.015193914994597435,2.6112984414794482e-06,0.04299843683838844,1.7698822017390803,0.4565699814844576,0.9928971814068929,-0.5365257799937705,0.01549636618352965,7.996733861793641e-07,,,,,,,,,,,,
1.96,grasp,,,,,,,,,,,,,,,,,,,,,1.7870523929595947,0.46307605504989624,1.000754952430725,-0.5400025844573975,0.015761546790599823,-2.1158818981348304e-06,0.04299843683838844,1.8338864632543197,0.476375104598488,1.0286831341553644,-0.5523297396391663,0.015920555270759553,8.443088145765377e-07,,,,,,,,,,,,
1.98,grasp,,,,,,,,,,,,,,,,,,,,,1.8098115921020508,0.4696938395500183,1.013577938079834,-0.5459863543510437,0.01568259857594967,2.5198817183991196e-06,0.04299843683838844,1.8338864632543197,0.476375104598488,1.0286831341553644,-0.5523297396391663,0.015920555270759553,8.443088145765377e-07,,,,,,,,,,,,
2.0,grasp,,,,,,,,,,,,,,,,,,,,,1.8233777284622192,0.4972616732120514,1.0208848714828491,-0.5256471037864685,0.014901377260684967,2.780635895760497e-06,0.04299843683838844,1.8377610253459762,0.5263152244579932,1.0303102482902176,-0.5040134885200066,0.014130831994192421,1.0554790154668885e-06,,,,,,,,,,,,
2.02,grasp,,,,,,,,,,,,,,,,,,,,,1.8303636312484741,0.5116345882415771,1.02458655834198,-0.5151688456535339,0.014491260051727295,2.7915232294617454e-06,0.04299843683838844,1.8377610253459762,0.5263152244579932,1.0303102482902176,-0.5040134885200066,0.014130831994192421,1.0554790154668885e-06,,,,,,,,,,,,
2.04,grasp,,,,,,,,,,,,,,,,,,,,,1.8330719470977783,0.5425551533699036,1.02573561668396,-0.4853851795196533,0.013420840725302696,2.3057350517774466e-06,0.04299843683838844,1.8359446431974327,0.5750422158958084,1.0287557046221214,-0.4537147219335663,0.012313345900744718,1.2615354241518917e-06,,,,,,,,,,,,
2.06,grasp,,,,,,,,,,,,,,,,,,,,,1.834465503692627,0.5586371421813965,1.0262513160705566,-0.4700414538383484,0.012873022817075253,2.0929282982251607e-06,0.04299843683838844,1.8359446431974327,0.5750422158958084,1.0287557046221214,-0.4537147219335663,0.012313345900744718,1.2615354241518917e-06,,,,,,,,,,,,
2.08,grasp,,,,,,,,,,,,,,,,,,,,,1.834465503692627,0.5880683660507202,1.0258840322494507,-0.44015568494796753,0.011839011684060097,-1.6489460676893941e-06,0.04299843683838844,1.8343118694930804,0.6189652518884375,1.0273581638246396,-0.4083759814972188,0.010680151670220269,1.4466954384602834e-06,,,,,,,,,,,,
2.1,grasp,,,,,,,,,,,,,,,,,,,,,1.834699273109436,0.6033429503440857,1.02561354637146,-0.4247604012489319,0.010495203547179699,9.616710303816944e-05,0.04299843683838844,1.8343118694930804,0.6189652518884375,1.0273581638246396,-0.4083759814972188,0.010680151670220269,1.4466954384602834e-06,,,,,,,,,,,,
2.12,grasp,,,,,,,,,,,,,,,,,,,,,1.8340173959732056,0.630016565322876,1.02492094039917,-0.3973312973976135,0.009385504759848118,0.00010252058564219624,0.04299843683838844,1.832863994366436,0.6579265698647422,1.0261192678273918,-0.3681604108033296,0.009232110797144798,1.6108642455343413e-06,,,,,,,,,,,,
2.14,grasp,,,,,,,,,,,,,,,,,,,,,1.833452820777893,0.6438913345336914,1.0244745016098022,-0.38319969177246094,0.009349712170660496,4.6768112952122465e-05,0.04299843683838844,1.832863994366436,0.6579265698647422,1.0261192678273918,-0.3681604108033296,0.009232110797144798,1.6108642455343413e-06,,,,,,,,,,,,
2.16,grasp,,,,,,,,,,,,,,,,,,,,,1.8325647115707397,0.6673946380615234,1.0237802267074585,-0.35894685983657837,0.008683385327458382,2.2604219338973053e-05,0.04299843683838844,1.8316022063265234,0.6918439093262834,1.0250397168622425,-0.33315321187238184,0.007970459158883511,1.7539033120653323e-06,,,,,,,,,,,,
2.18,grasp,,,,,,,,,,,,,,,,,,,,,1.8321082592010498,0.6795891523361206,1.0233405828475952,-0.3464527726173401,0.008337436243891716,1.66440677276114e-05,0.04299843683838844,1.8316022063265234,0.6918439093262834,1.0250397168622425,-0.33315321187238184,0.007970459158883511,1.7539033120653323e-06,,,,,,,,,,,,
2.2,grasp,,,,,,,,,,,,,,,,,,,,,1.8322367668151855,0.6996023058891296,1.024069905281067,-0.32555586099624634,0.005621114745736122,0.00023906794376671314,0.04299843683838844,1.8305262879872894,0.7207165219098571,1.024119127398317,-0.30335484540906765,0.006894662026369969,1.875870086582572e-06,,,,,,,,,,,,
2.22,grasp,,,,,,,,,,,,,,,,,,,,,1.8319957256317139,0.7100436091423035,1.023970365524292,-0.3147949278354645,0.004924288485199213,0.0002743297955021262,0.04299843683838844,1.8305262879872894,0.7207165219098571,1.024119127398317,-0.30335484540906765,0.006894662026369969,1.875870086582572e-06,,,,,,,,,,,,
2.24,grasp,,,,,,,,,,,,,,,,,,,,,1.8316090106964111,0.7269378304481506,1.0235614776611328,-0.29728808999061584,0.003752723103389144,0.00033416220685467124,0.04299843683838844,1.829632843830885,0.7446315427837756,1.0233544175709823,-0.2786746038609302,0.006001337159173588,1.9771484755669317e-06,,,,,,,,,,,,
2.2600000000000002,grasp,,,,,,,,,,,,,,,,,,,,,1.8308970928192139,0.735835075378418,1.022413730621338,-0.2882765829563141,0.004276180639863014,0.00024194018624257296,0.04299843683838844,1.829632843830885,0.7446315427837756,1.0233544175709823,-0.2786746038609302,0.006001337159173588,1.9771484755669317e-06,,,,,,,,,,,,
2.2800000000000002,grasp,,,,,,,,,,,,,,,,,,,,,1.8301854133605957,0.749660313129425,1.0215153694152832,-0.274059534072876,0.004125053528696299,0.00019367941422387958,0.04299843683838844,1.8289151264836414,0.7637706545417696,1.0227398334916746,-0.25892433332432563,0.005283912874348288,2.0584834738123765e-06,,,,,,,,,,,,
2.3000000000000003,grasp,,,,,,,,,,,,,,,,,,,,,1.8295568227767944,0.7568278908729553,1.0210356712341309,-0.266732394695282,0.004737392067909241,9.264807886211202e-05,0.04299843683838844,1.8289151264836414,0.7637706545417696,1.0227398334916746,-0.25892433332432563,0.005283912874348288,2.0584834738123765e-06,,,,,,,,,,,,
2.3200000000000003,grasp,,,,,,,,,,,,,,,,,,,,,1.8289896249771118,0.7675826549530029,1.0206103324890137,-0.2556307017803192,0.004729865584522486,4.84143165522255e-05,0.04299843683838844,1.8283632714408797,0.7784165222158247,1.0222671125275498,-0.24381191323213627,0.004732313769371899,2.1210187540857656e-06,,,,,,,,,,,,
2.3400000000000003,grasp,,,,,,,,,,,,,,,,,,,,,1.8286930322647095,0.7731549739837646,1.0203462839126587,-0.24991151690483093,0.00473300414159894,2.932915413111914e-05,0.04299843683838844,1.8283632714408797,0.7784165222158247,1.0222671125275498,-0.24381191323213627,0.004732313769371899,2.1210187540857656e-06,,,,,,,,,,,,
2.36,grasp,,,,,,,,,,,,,,,,,,,,,1.8283469676971436,0.7811081409454346,1.0200845003128052,-0.24169135093688965,0.004539606161415577,1.383212202199502e-05,0.04299843683838844,1.8279633166555607,0.7889589047379951,1.0219241789750255,-0.23293451945658067,0.004332459753127231,2.1663503186545567e-06,,,,,,,,,,,,
2.38,grasp,,,,,,,,,,,,,,,,,,,,,1.828165888786316,0.7852277159690857,1.0199159383773804,-0.23745650053024292,0.00444026617333293,8.449385859421454e-06,0.04299843683838844,1.8279633166555607,0.7889589047379951,1.0219241789750255,-0.23293451945658067,0.004332459753127231,2.1663503186545567e-06,,,,,,,,,,,,
2.4,grasp,,,,,,,,,,,,,,,,,,,,,1.8279436826705933,0.7906966805458069,1.0197467803955078,-0.2318025827407837,0.00425836443901062,6.062572538212407e-06,0.04299843683838844,1.8276957287879871,0.7959020406446828,1.0216947121684024,-0.22577314599281198,0.004064968412730066,2.1966761467457474e-06,,,,,,,,,,,,
2.42,grasp,,,,,,,,,,,,,,,,,,,,,1.8278661966323853,0.7935200333595276,1.0196597576141357,-0.22888992726802826,0.004074659664183855,1.4020780326973181e-05,0.04299843683838844,1.8276957287879871,0.7959020406446828,1.0216947121684024,-0.22577314599281198,0.004064968412730066,2.1966761467457474e-06,,,,,,,,,,,,
2.44,grasp,,,,,,,,,,,,,,,,,,,,,1.8277606964111328,0.7968825101852417,1.019604206085205,-0.2254062294960022,0.0038674338720738888,2.0691417375928722e-05,0.04299843683838844,1.8275394111139969,0.7998690537726819,1.0215606073984638,-0.2216837567254429,0.003908773376330411,2.214384456164396e-06,,,,,,,,,,,,
2.46,grasp,,,,,,,,,,,,,,,,,,,,,1.8276995420455933,0.7986218333244324,1.0195732116699219,-0.22361129522323608,0.003771693678572774,2.3402299120789394e-05,0.04299843683838844,1.8275394111139969,0.7998690537726819,1.0215606073984638,-0.2216837567254429,0.003908773376330411,2.214384456164396e-06,,,,,,,,,,,,
2.48,grasp,,,,,,,,,,,,,,,,,,,,,1.8276329040527344,0.8003559112548828,1.0195282697677612,-0.22181746363639832,0.0036949212662875652,2.4019109332584776e-05,0.04299843683838844,1.8274701564135916,0.8016085957840039,1.0215011908661522,-0.21989109430172715,0.003839560087741093,2.222231535201204e-06,,,,,,,,,,,,
2.5,grasp,,,,,,,,,,,,,,,,,,,,,1.8275904655456543,0.8012542128562927,1.0194894075393677,-0.22089329361915588,0.0036758137866854668,2.2657663066638634e-05,0.04299843683838844,1.8274701564135916,0.8016085957840039,1.0215011908661522,-0.21989109430172715,0.003839560087741093,2.222231535201204e-06,,,,,,,,,,,,
2.52,grasp,,,,,,,,,,,,,,,,,,,,,1.8275623321533203,0.8019060492515564,1.0194717645645142,-0.2202199250459671,0.0036528671626001596,2.209256126661785e-05,0.04299843683838844,1.8274543723958379,0.8020030579714293,1.021487615507278,-0.21948457101842606,0.0038238309425853894,2.224014692047024e-06,,,,,,,,,,,,
2.5320207077132655,grasp,,,,,,,,,,,,,,,,,,,,,1.82754647731781,0.8022514581680298,1.0194621086120605,-0.21987098455429077,0.003644098062068224,2.1843887225259095e-05,0.04299843683838844,1.8274542093276978,0.8020070791244507,1.0214874744415283,-0.21948042511940002,0.00382367055863142,2.22403286898043e-06,,,,,,,,,,,,
2.5320207077132655,grasp,,,,,,,,,,,,,,,,,,,,,,,,,,,0.043113553896546364,,,,,,,0.0,,,,,,,,,,,
2.5520207077132655,grasp,,,,,,,,,,,,,,,,,,,,,,,,,,,0.04305869899690151,,,,,,,0.0,,,,,,,,,,,
2.5720207077132655,grasp,,,,,,,,,,,,,,,,,,,,,,,,,,,0.04300846345722675,,,,,,,0.0,,,,,,,,,,,
2.5920207077132655,grasp,,,,,,,,,,,,,,,,,,,,,,,,,,,0.042879754677414894,,,,,,,0.0,,,,,,,,,,,
2.6120207077132656,grasp,,,,,,,,,,,,,,,,,,,,,,,,,,,0.04265792854130268,,,,,,,0.0,,,,,,,,,,,
2.6320207077132656,grasp,,,,,,,,,,,,,,,,,,,,,,,,,,,0.04233723320066929,,,,,,,0.0,,,,,,,,,,,
2.6520207077132656,grasp,,,,,,,,,,,,,,,,,,,,,,,,,,,0.04174242541193962,,,,,,,0.0,,,,,,,,,,,
2.6720207077132656,grasp,,,,,,,,,,,,,,,,,,,,,,,,,,,0.04110749252140522,,,,,,,0.0,,,,,,,,,,,
2.6920207077132656,grasp,,,,,,,,,,,,,,,,,,,,,,,,,,,0.040199991315603256,,,,,,,0.0,,,,,,,,,,,
2.7120207077132656,grasp,,,,,,,,,,,,,,,,,,,,,,,,,,,0.03920409083366394,,,,,,,0.0,,,,,,,,,,,
2.7320207077132657,grasp,,,,,,,,,,,,,,,,,,,,,,,,,,,0.03804561123251915,,,,,,,0.0,,,,,,,,,,,
2.7520207077132657,grasp,,,,,,,,,,,,,,,,,,,,,,,,,,,0.03668379969894886,,,,,,,0.0,,,,,,,,,,,
2.7720207077132653,grasp,,,,,,,,,,,,,,,,,,,,,,,,,,,0.03536422550678253,,,,,,,0.0,,,,,,,,,,,
2.7920207077132657,grasp,,,,,,,,,,,,,,,,,,,,,,,,,,,0.0352106187492609,,,,,,,0.0,,,,,,,,,,,
2.8120207077132653,grasp,,,,,,,,,,,,,,,,,,,,,,,,,,,0.03515729866921902,,,,,,,0.0,,,,,,,,,,,
2.8320207077132653,grasp,,,,,,,,,,,,,,,,,,,,,,,,,,,0.03512302413582802,,,,,,,0.0,,,,,,,,,,,
2.8520207077132653,grasp,,,,,,,,,,,,,,,,,,,,,,,,,,,0.03509257175028324,,,,,,,0.0,,,,,,,,,,,
2.8720207077132653,grasp,,,,,,,,,,,,,,,,,,,,,,,,,,,0.03506228141486645,,,,,,,0.0,,,,,,,,,,,
2.8920207077132654,grasp,,,,,,,,,,,,,,,,,,,,,,,,,,,0.03503190539777279,,,,,,,0.0,,,,,,,,,,,
2.9120207077132654,grasp,,,,,,,,,,,,,,,,,,,,,,,,,,,0.03499721363186836,,,,,,,0.0,,,,,,,,,,,
2.9320207077132654,grasp,,,,,,,,,,,,,,,,,,,,,,,,,,,0.03496638499200344,,,,,,,0.0,,,,,,,,,,,
2.9520207077132654,grasp,,,,,,,,,,,,,,,,,,,,,,,,,,,0.03493716940283775,,,,,,,0.0,,,,,,,,,,,
2.9720207077132654,grasp,,,,,,,,,,,,,,,,,,,,,,,,,,,0.03490976244211197,,,,,,,0.0,,,,,,,,,,,
2.9920207077132654,grasp,,,,,,,,,,,,,,,,,,,,,,,,,,,0.03488441929221153,,,,,,,0.0,,,,,,,,,,,
3.0120207077132655,grasp,,,,,,,,,,,,,,,,,,,,,,,,,,,0.03486141562461853,,,,,,,0.0,,,,,,,,,,,
3.0320207077132655,grasp,,,,,,,,,,,,,,,,,,,,,,,,,,,0.034840960055589676,,,,,,,0.0,,,,,,,,,,,
3.0520207077132655,grasp,,,,,,,,,,,,,,,,,,,,,,,,,,,0.034823182970285416,,,,,,,0.0,,,,,,,,,,,
3.0720207077132655,grasp,,,,,,,,,,,,,,,,,,,,,,,,,,,0.034808192402124405,,,,,,,0.0,,,,,,,,,,,
3.0920207077132655,grasp,,,,,,,,,,,,,,,,,,,,,,,,,,,0.034796107560396194,,,,,,,0.0,,,,,,,,,,,
3.1120207077132656,grasp,,,,,,,,,,,,,,,,,,,,,,,,,,,0.034786736592650414,,,,,,,0.0,,,,,,,,,,,
3.1320207077132656,grasp,,,,,,,,,,,,,,,,,,,,,,,,,,,0.03478006087243557,,,,,,,0.0,,,,,,,,,,,
3.1520207077132656,grasp,,,,,,,,,,,,,,,,,,,,,,,,,,,0.034775638952851295,,,,,,,0.0,,,,,,,,,,,
3.1720207077132656,grasp,,,,,,,,,,,,,,,,,,,,,,,,,,,0.03477326035499573,,,,,,,0.0,,,,,,,,,,,
3.1920207077132656,grasp,,,,,,,,,,,,,,,,,,,,,,,,,,,0.034772297367453575,,,,,,,0.0,,,,,,,,,,,
3.2120207077132656,grasp,,,,,,,,,,,,,,,,,,,,,,,,,,,0.034772131592035294,,,,,,,0.0,,,,,,,,,,,
3.2120207077132656,grasp,,,,,,,,,,,,,,,,,,,,,1.8286172151565552,0.8022611141204834,1.0216403007507324,-0.21950079500675201,0.0006004785536788404,0.00705754803493619,0.034772131592035294,1.8274542093276978,0.8020070791244507,1.0214874744415283,-0.21948042511940002,0.00382367055863142,2.22403286898043e-06,,,,,,,,,,,,
3.2320207077132657,grasp,,,,,,,,,,,,,,,,,,,,,1.8285125494003296,0.8022315502166748,1.0217511653900146,-0.21949802339076996,0.0008794040186330676,0.006739628501236439,0.034772131592035294,1.8274542093276978,0.8020070791244507,1.0214874744415283,-0.21948042511940002,0.00382367055863142,2.22403286898043e-06,,,,,,,,,,,,
3.2520207077132657,grasp,,,,,,,,,,,,,,,,,,,,,1.8284250497817993,0.8021771311759949,1.0217264890670776,-0.2195446640253067,0.0011105765588581562,0.006574796978384256,0.034772131592035294,1.8274580136996879,0.801912674442419,1.0214907565839142,-0.21957773901955494,0.0038274351665050855,2.223606154129979e-06,,,,,,,,,,,,
3.2720207077132657,grasp,,,,,,,,,,,,,,,,,,,,,1.8283735513687134,0.8021688461303711,1.0216809511184692,-0.21956844627857208,0.001276239287108183,0.006489438470453024,0.034772131592035294,1.8274580136996879,0.801912674442419,1.0214907565839142,-0.21957773901955494,0.0038274351665050855,2.223606154129979e-06,,,,,,,,,,,,
3.2920207077132657,grasp,,,,,,,,,,,,,,,,,,,,,1.828382968902588,0.8018401861190796,1.0216885805130005,-0.2199009656906128,0.001293536159209907,0.006442054640501738,0.034772131592035294,1.827483618430882,0.8012705371291694,1.0215127446028507,-0.2202394440237688,0.0038530334631413465,2.2207039599202228e-06,,,,,,,,,,,,
3.3120207077132657,grasp,,,,,,,,,,,,,,,,,,,,,1.828391671180725,0.8016717433929443,1.021667718887329,-0.22007255256175995,0.0012821115087717772,0.006406708154827356,0.034772131592035294,1.827483618430882,0.8012705371291694,1.0215127446028507,-0.2202394440237688,0.0038530334631413465,2.2207039599202228e-06,,,,,,,,,,,,
3.3320207077132658,grasp,,,,,,,,,,,,,,,,,,,,,1.8284205198287964,0.8007612228393555,1.0217496156692505,-0.2210017889738083,0.0013538958737626672,0.006377349141985178,0.034772131592035294,1.8275506033206115,0.7995866264643191,1.0215702061854341,-0.22197486571785327,0.003919946359122126,2.213117740688518e-06,,,,,,,,,,,,
3.3520207077132658,grasp,,,,,,,,,,,,,,,,,,,,,1.828394889831543,0.8002960085868835,1.0218162536621094,-0.22148075699806213,0.0015357232186943293,0.006339224521070719,0.034772131592035294,1.8275506033206115,0.7995866264643191,1.0215702061854341,-0.22197486571785327,0.003919946359122126,2.213117740688518e-06,,,,,,,,,,,,
3.372020707713266,grasp,,,,,,,,,,,,,,,,,,,,,1.8284064531326294,0.7985944151878357,1.0214617252349854,-0.22331023216247559,0.001754576456733048,0.006318199448287487,0.034772131592035294,1.8276752109702892,0.7964231715545642,1.021677102259125,-0.22523594715377188,0.004044450395455517,2.199002340138362e-06,,,,,,,,,,,,
3.392020707713266,grasp,,,,,,,,,,,,,,,,,,,,,1.8284157514572144,0.7976416945457458,1.0216562747955322,-0.22425128519535065,0.001965600997209549,0.006286710035055876,0.034772131592035294,1.8276752109702892,0.7964231715545642,1.021677102259125,-0.22523594715377188,0.004044450395455517,2.199002340138362e-06,,,,,,,,,,,,
3.412020707713266,grasp,,,,,,,,,,,,,,,,,,,,,1.82848060131073,0.7947909235954285,1.0214084386825562,-0.22725091874599457,0.0022360049188137054,0.006256778724491596,0.034772131592035294,1.8278698545076957,0.7913969526434871,1.0218440466042567,-0.23041948313197366,0.00423904213585694,2.1769411421699472e-06,,,,,,,,,,,,
3.432020707713266,grasp,,,,,,,,,,,,,,,,,,,,,1.8284478187561035,0.7933225631713867,1.0211520195007324,-0.22879654169082642,0.0025447250809520483,0.006224066950380802,0.034772131592035294,1.8278698545076957,0.7913969526434871,1.0218440466042567,-0.23041948313197366,0.00423904213585694,2.1769411421699472e-06,,,,,,,,,,,,
3.452020707713266,grasp,,,,,,,,,,,,,,,,,,,,,1.828457236289978,0.7891886830329895,1.0203635692596436,-0.23320792615413666,0.0029910008888691664,0.006180690601468086,0.034772131592035294,1.828145140453339,0.7841766880442438,1.0220801375370836,-0.23786855776270666,0.004514265115000351,2.145739066293092e-06,,,,,,,,,,,,
3.4720207077132654,grasp,,,,,,,,,,,,,,,,,,,,,1.828474521636963,0.7869994640350342,1.0203750133514404,-0.23547740280628204,0.003225720487535,0.006132655311375856,0.034772131592035294,1.828145140453339,0.7841766880442438,1.0220801375370836,-0.23786855776270666,0.004514265115000351,2.145739066293092e-06,,,,,,,,,,,,
3.492020707713266,grasp,,,,,,,,,,,,,,,,,,,,,1.8286899328231812,0.7812536358833313,1.0200525522232056,-0.24150381982326508,0.0033862998243421316,0.006071856711059809,0.034772131592035294,1.8285119676787294,0.7744800693963543,1.0223944853537834,-0.2478736463671271,0.0048809155505086825,2.104171573593142e-06,,,,,,,,,,,,
3.5120207077132655,grasp,,,,,,,,,,,,,,,,,,,,,1.8287047147750854,0.7782581448554993,1.0203771591186523,-0.24460101127624512,0.0037745097652077675,0.005982063710689545,0.034772131592035294,1.8285119676787294,0.7744800693963543,1.0223944853537834,-0.2478736463671271,0.0048809155505086825,2.104171573593142e-06,,,,,,,,,,,,
3.5320207077132655,grasp,,,,,,,,,,,,,,,,,,,,,1.828811526298523,0.7707645297050476,1.0208303928375244,-0.2524014413356781,0.0044920542277395725,0.005896714981645346,0.034772131592035294,1.8289789530361085,0.762072910698098,1.022794506151355,-0.26067621056865753,0.005347718247373885,2.0512498117705246e-06,,,,,,,,,,,,
3.5520207077132655,grasp,,,,,,,,,,,,,,,,,,,,,1.8288425207138062,0.7668392062187195,1.0209981203079224,-0.25641992688179016,0.005011133849620819,0.005839749705046415,0.034772131592035294,1.8289789530361085,0.762072910698098,1.022794506151355,-0.26067621056865753,0.005347718247373885,2.0512498117705246e-06,,,,,,,,,,,,
3.5720207077132655,grasp,,,,,,,,,,,,,,,,,,,,,1.829159140586853,0.7574411034584045,1.0211580991744995,-0.26614952087402344,0.005517143290489912,0.0058030434884130955,0.034772131592035294,1.8295528951691047,0.7467670617505079,1.0232859760629731,-0.27647083209851375,0.0059214124000014105,1.9862096639992276e-06,,,,,,,,,,,,
3.5920207077132655,grasp,,,,,,,,,,,,,,,,,,,,,1.8293389081954956,0.7525705099105835,1.0209976434707642,-0.27116498351097107,0.005753503646701574,0.0057841576635837555,0.034772131592035294,1.8295528951691047,0.7467670617505079,1.0232859760629731,-0.27647083209851375,0.0059214124000014105,1.9862096639992276e-06,,,,,,,,,,,,
3.6120207077132656,grasp,,,,,,,,,,,,,,,,,,,,,1.829785704612732,0.7412036061286926,1.0210750102996826,-0.2829306125640869,0.006103070452809334,0.005769343115389347,0.034772131592035294,1.8302388636915516,0.7284178810794979,1.0238731230001354,-0.29540691769312755,0.006607258911316512,1.9084537959648783e-06,,,,,,,,,,,,
3.6320207077132656,grasp,,,,,,,,,,,,,,,,,,,,,1.8300045728683472,0.735322892665863,1.021055817604065,-0.2889925241470337,0.0063392482697963715,0.005756611004471779,0.034772131592035294,1.8302388636915516,0.7284178810794979,1.0238731230001354,-0.29540691769312755,0.006607258911316512,1.9084537959648783e-06,,,,,,,,,,,,
3.6520207077132656,grasp,,,,,,,,,,,,,,,,,,,,,1.8305195569992065,0.7218754887580872,1.0214241743087769,-0.3028706908226013,0.006787503603845835,0.005735048092901707,0.034772131592035294,1.8310406843610147,0.7069223474652372,1.0245592333171174,-0.31759101457010663,0.007408963898275786,1.8175621402437723e-06,,,,,,,,,,,,
3.6720207077132656,grasp,,,,,,,,,,,,,,,,,,,,,1.8307642936706543,0.7149038910865784,1.021741509437561,-0.31001898646354675,0.0071024177595973015,0.005715081933885813,0.034772131592035294,1.8310406843610147,0.7069223474652372,1.0245592333171174,-0.31759101457010663,0.007408963898275786,1.8175621402437723e-06,,,,,,,,,,,,
3.6920207077132656,grasp,,,,,,,,,,,,,,,,,,,,,1.8313339948654175,0.699398398399353,1.0222082138061523,-0.3260646462440491,0.00773154990747571,0.0056944917887449265,0.034772131592035294,1.831960534450085,0.6822171046571461,1.025346281368145,-0.34308911856295154,0.008328741320820987,1.7132832663748907e-06,,,,,,,,,,,,
3.7120207077132656,grasp,,,,,,,,,,,,,,,,,,,,,1.8316329717636108,0.6913455128669739,1.022437572479248,-0.33433055877685547,0.008029037155210972,0.005680232774466276,0.034772131592035294,1.831960534450085,0.6822171046571461,1.025346281368145,-0.34308911856295154,0.008328741320820987,1.7132832663748907e-06,,,,,,,,,,,,
3.7320207077132657,grasp,,,,,,,,,,,,,,,,,,,,,1.832295536994934,0.6736959218978882,1.0229263305664062,-0.35257184505462646,0.008679842576384544,0.00567244365811348,0.034772131592035294,1.8329996965048863,0.6542760091114662,1.0262353692417754,-0.3719284180401545,0.00936781357051681,1.5954791381576722e-06,,,,,,,,,,,,
3.7520207077132657,grasp,,,,,,,,,,,,,,,,,,,,,1.832629680633545,0.6645463109016418,1.0232477188110352,-0.3619685769081116,0.009039624594151974,0.005668765399605036,0.034772131592035294,1.8329996965048863,0.6542760091114662,1.0262353692417754,-0.3719284180401545,0.00936781357051681,1.5954791381576722e-06,,,,,,,,,,,,
3.7720207077132657,grasp,,,,,,,,,,,,,,,,,,,,,1.8333642482757568,0.6447854042053223,1.0238908529281616,-0.382406622171402,0.009776676073670387,0.005663380026817322,0.034772131592035294,1.8341579568793778,0.6231081718334956,1.0272264519274237,-0.404099613507972,0.010526193790944802,1.4641500011242933e-06,,,,,,,,,,,,
3.7920207077132657,grasp,,,,,,,,,,,,,,,,,,,,,1.8337429761886597,0.6345151662826538,1.0243010520935059,-0.3929356038570404,0.01016249693930149,0.005661410745233297,0.034772131592035294,1.8341579568793778,0.6231081718334956,1.0272264519274237,-0.404099613507972,0.010526193790944802,1.4641500011242933e-06,,,,,,,,,,,,
3.8120207077132657,grasp,,,,,,,,,,,,,,,,,,,,,1.8345564603805542,0.6126506328582764,1.0249793529510498,-0.41555172204971313,0.010976824909448624,0.005660398863255978,0.034772131592035294,1.835434699647309,0.5887558258497544,1.0283192121349838,-0.4395589451274013,0.011803202661306942,1.3193716709124116e-06,,,,,,,,,,,,
3.8320207077132658,grasp,,,,,,,,,,,,,,,,,,,,,1.8349758386611938,0.6012845635414124,1.0254021883010864,-0.4272027909755707,0.011398786678910255,0.005659815855324268,0.034772131592035294,1.835434699647309,0.5887558258497544,1.0283192121349838,-0.4395589451274013,0.011803202661306942,1.3193716709124116e-06,,,,,,,,,,,,
3.8520207077132658,grasp,,,,,,,,,,,,,,,,,,,,,1.8358683586120605,0.5773468613624573,1.0261869430541992,-0.4519537687301636,0.012286461889743805,0.005659464746713638,0.034772131592035294,1.8368288629363616,0.5512923791970458,1.029512585289175,-0.4782304789012432,0.013198080931762278,1.1612300273917277e-06,,,,,,,,,,,,
3.872020707713266,grasp,,,,,,,,,,,,,,,,,,,,,1.8363306522369385,0.5649085640907288,1.0268855094909668,-0.464702308177948,0.012737356126308441,0.005657103843986988,0.034772131592035294,1.8368288629363616,0.5512923791970458,1.029512585289175,-0.4782304789012432,0.013198080931762278,1.1612300273917277e-06,,,,,,,,,,,,
3.892020707713266,grasp,,,,,,,,,,,,,,,,,,,,,1.8373103141784668,0.5390453934669495,1.028558611869812,-0.4915253520011902,0.013723853044211864,0.0056516388431191444,0.034772131592035294,1.8383571108480434,0.5108117158196945,1.0308157020822697,-0.5200257603967395,0.014712509306057504,9.895525434489572e-07,,,,,,,,,,,,
3.912020707713266,grasp,,,,,,,,,,,,,,,,,,,,,1.8378175497055054,0.5255826711654663,1.0292900800704956,-0.5053461194038391,0.014190861955285072,0.005643907468765974,0.034772131592035294,1.8383571108480434,0.5108117158196945,1.0308157020822697,-0.5200257603967395,0.014712509306057504,9.895525434489572e-07,,,,,,,,,,,,
3.9320207077132654,grasp,,,,,,,,,,,,,,,,,,,,,1.8352099657058716,0.4998743534088135,1.0283079147338867,-0.5299209356307983,0.014929513446986675,0.005620427895337343,0.034772131592035294,1.8323256706786588,0.4718459089474024,1.0278562734326318,-0.5560309555055399,0.01606476288344225,8.254732615954149e-07,,,,,,,,,,,,
3.952020707713266,grasp,,,,,,,,,,,,,,,,,,,,,1.8338011503219604,0.4864432215690613,1.0269485712051392,-0.5425921082496643,0.01556425727903843,0.005605228245258331,0.034772131592035294,1.8323256706786588,0.4718459089474024,1.0278562734326318,-0.5560309555055399,0.01606476288344225,8.254732615954149e-07,,,,,,,,,,,,
3.9720207077132654,grasp,,,,,,,,,,,,,,,,,,,,,1.8064541816711426,0.4729953706264496,1.011346459388733,-0.5407059788703918,0.014682530425488949,0.005627151113003492,0.034772131592035294,1.7769719302925306,0.4583679384683147,0.9968649415119433,-0.5386757736813886,0.015558469362939918,8.028799322197227e-07,,,,,,,,,,,,
3.992020707713266,grasp,,,,,,,,,,,,,,,,,,,,,1.7919516563415527,0.4661622941493988,1.003015398979187,-0.5397357940673828,0.01599687524139881,0.0055864304304122925,0.034772131592035294,1.7769719302925306,0.4583679384683147,0.9968649415119433,-0.5386757736813886,0.015558469362939918,8.028799322197227e-07,,,,,,,,,,,,
4.0120207077132655,grasp,,,,,,,,,,,,,,,,,,,,,1.7569657564163208,0.45549771189689636,0.9833257794380188,-0.5307514667510986,0.01442798227071762,0.005623719189316034,0.034772131592035294,1.719269187061394,0.4437333666662324,0.9645742268959946,-0.5211785306020918,0.015053066189474495,7.76784704677141e-07,,,,,,,,,,,,
4.032020707713266,grasp,,,,,,,,,,,,,,,,,,,,,1.7392312288284302,0.4496225416660309,0.9759005308151245,-0.5260799527168274,0.01249678060412407,0.005676805507391691,0.034772131592035294,1.719269187061394,0.4437333666662324,0.9645742268959946,-0.5211785306020918,0.015053066189474495,7.76784704677141e-07,,,,,,,,,,,,
4.0520207077132655,grasp,,,,,,,,,,,,,,,,,,,,,1.7019718885421753,0.4387098252773285,0.95619797706604,-0.4944087266921997,-0.007607288658618927,0.0058312308974564075,0.034772131592035294,1.6587764021505402,0.42838729074025533,0.9307249804724778,-0.5028372784934381,0.01452330858807269,7.494316091102384e-07,,,,,,,,,,,,
4.072020707713266,grasp,,,,,,,,,,,,,,,,,,,,,1.682848572731018,0.43293988704681396,0.9461385011672974,-0.48177945613861084,-0.03489578515291214,0.005926280748099089,0.034772131592035294,1.6587764021505402,0.42838729074025533,0.9307249804724778,-0.5028372784934381,0.01452330858807269,7.494316091102384e-07,,,,,,,,,,,,
4.0920207077132655,grasp,,,,,,,,,,,,,,,,,,,,,1.6427894830703735,0.422374963760376,0.9237843155860901,-0.43795180320739746,-0.07074110209941864,0.0059892842546105385,0.034772131592035294,1.5957517444850524,0.4123937499549357,0.8954592550630818,-0.4837295727957449,0.01397142399520079,7.209355906408093e-07,,,,,,,,,,,,
4.112020707713266,grasp,,,,,,,,,,,,,,,,,,,,,1.6219772100448608,0.417127788066864,0.9123050570487976,-0.4138505160808563,-0.09598764777183533,0.0059939487837255,0.034772131592035294,1.5957517444850524,0.4123937499549357,0.8954592550630818,-0.4837295727957449,0.01397142399520079,7.209355906408093e-07,,,,,,,,,,,,
4.132020707713266,grasp,,,,,,,,,,,,,,,,,,,,,1.5800329446792603,0.4062727987766266,0.88923180103302,-0.3744063377380371,-0.13325908780097961,0.0060216812416911125,0.034772131592035294,1.5304723100288125,0.3958220683126481,0.8589310176738016,-0.4639392870000097,0.013399825421964528,6.914212707687595e-07,,,,,,,,,,,,
4.152020707713266,grasp,,,,,,,,,,,,,,,,,,,,,1.5580297708511353,0.40082111954689026,0.8768907785415649,-0.34927898645401,-0.15579190850257874,0.006013277918100357,0.034772131592035294,1.5304723100288125,0.3958220683126481,0.8589310176738016,-0.4639392870000097,0.013399825421964528,6.914212707687595e-07,,,,,,,,,,,,
4.172020707713266,grasp,,,,,,,,,,,,,,,,,,,,,1.5140914916992188,0.38972580432891846,0.8525280356407166,-0.3100050687789917,-0.19921264052391052,0.005976300220936537,0.034772131592035294,1.4632323784217884,0.3787451933843203,0.8213040566418359,-0.44355562872716126,0.01281108739860687,6.610215957559433e-07,,,,,,,,,,,,
4.192020707713265,grasp,,,,,,,,,,,,,,,,,,,,,1.4907647371292114,0.3840840756893158,0.8397372364997864,-0.28861767053604126,-0.24611808359622955,0.005854049697518349,0.034772131592035294,1.4632323784217884,0.3787451933843203,0.8213040566418359,-0.44355562872716126,0.01281108739860687,6.610215957559433e-07,,,,,,,,,,,,
4.212020707713266,grasp,,,,,,,,,,,,,,,,,,,,,1.4452521800994873,0.37258380651474,0.8149995803833008,-0.25161212682724,-0.2969665229320526,0.0057823546230793,0.034772131592035294,1.3943407251541233,0.3612406334804127,0.7827503629318651,-0.42267222036476726,0.012207913539689941,6.298763568496985e-07,,,,,,,,,,,,
4.232020707713266,grasp,,,,,,,,,,,,,,,,,,,,,1.4212925434112549,0.3668272793292999,0.8013988137245178,-0.22961026430130005,-0.3375789225101471,0.005681654904037714,0.034772131592035294,1.3943407251541233,0.3612406334804127,0.7827503629318651,-0.42267222036476726,0.012207913539689941,6.298763568496985e-07,,,,,,,,,,,,
4.252020707713266,grasp,,,,,,,,,,,,,,,,,,,,,1.3751567602157593,0.3550493121147156,0.7759245038032532,-0.19057729840278625,-0.3864089846611023,0.0056539131328463554,0.034772131592035294,1.324118293342348,0.3433893128115323,0.7434487288102791,-0.40138633443981675,0.011593110120308807,5.981305544647476e-07,,,,,,,,,,,,
4.272020707713265,grasp,,,,,,,,,,,,,,,,,,,,,1.3510628938674927,0.34914907813072205,0.7619316577911377,-0.16860957443714142,-0.4258165955543518,0.005605482961982489,0.034772131592035294,1.324118293342348,0.3433893128115323,0.7434487288102791,-0.40138633443981675,0.011593110120308807,5.981305544647476e-07,,,,,,,,,,,,
4.292020707713266,grasp,,,,,,,,,,,,,,,,,,,,,1.3043442964553833,0.3371660113334656,0.7359780073165894,-0.12807749211788177,-0.4757700264453888,0.005599068012088537,0.034772131592035294,1.2528960890060854,0.3252733997429793,0.7035833450763682,-0.37979825736053796,0.010969573882875994,5.659337569042055e-07,,,,,,,,,,,,
4.312020707713266,grasp,,,,,,,,,,,,,,,,,,,,,1.2799580097198486,0.3311713635921478,0.7217826247215271,-0.10488563030958176,-0.5139718055725098,0.005563931539654732,0.034772131592035294,1.2528960890060854,0.3252733997429793,0.7035833450763682,-0.37979825736053796,0.010969573882875994,5.659337569042055e-07,,,,,,,,,,,,
4.332020707713266,grasp,,,,,,,,,,,,,,,,,,,,,1.2328447103500366,0.3190010190010071,0.6956382989883423,-0.0626278966665268,-0.5614567995071411,0.005575538147240877,0.034772131592035294,1.1810119743002636,0.306978025759321,0.6633428763923451,-0.3580101426565651,0.010340255433498983,5.334385519736881e-07,,,,,,,,,,,,
4.352020707713265,grasp,,,,,,,,,,,,,,,,,,,,,1.2083053588867188,0.31289994716644287,0.6813645362854004,-0.03819265216588974,-0.598461389541626,0.005547905806452036,0.034772131592035294,1.1810119743002636,0.306978025759321,0.6633428763923451,-0.3580101426565651,0.010340255433498983,5.334385519736881e-07,,,,,,,,,,,,
4.372020707713266,grasp,,,,,,,,,,,,,,,,,,,,,1.1608847379684448,0.30061841011047363,0.6550046801567078,0.005113497842103243,-0.647614598274231,0.005553585477173328,0.034772131592035294,1.108808719826297,0.28858882476623166,0.6229186857241138,-0.3361257877828109,0.009708148164153066,5.007995018662752e-07,,,,,,,,,,,,
4.392020707713265,grasp,,,,,,,,,,,,,,,,,,,,,1.1361641883850098,0.29445889592170715,0.6407033801078796,0.03023391403257847,-0.680500328540802,0.0055196830071508884,0.034772131592035294,1.108808719826297,0.28858882476623166,0.6229186857241138,-0.3361257877828109,0.009708148164153066,5.007995018662752e-07,,,,,,,,,,,,
4.412020707713266,grasp,,,,,,,,,,,,,,,,,,,,,1.088693618774414,0.2821536362171173,0.6142462491989136,0.07567736506462097,-0.7277791500091553,0.00552517781034112,0.034772131592035294,1.0366312741636046,0.27019232077793415,0.5825035685415884,-0.3142496613472223,0.009076266773012697,4.681723086529271e-07,,,,,,,,,,,,
4.432020707713265,grasp,,,,,,,,,,,,,,,,,,,,,1.063948631286621,0.2760084569454193,0.599833607673645,0.10095186531543732,-0.7595287561416626,0.005483453627675772,0.034772131592035294,1.0366312741636046,0.27019232077793415,0.5825035685415884,-0.3142496613472223,0.009076266773012697,4.681723086529271e-07,,,,,,,,,,,,
4.452020707713266,grasp,,,,,,,,,,,,,,,,,,,,,1.0165133476257324,0.2637718915939331,0.5734243988990784,0.14832383394241333,-0.8075443506240845,0.005453844089061022,0.034772131592035294,0.964823911049704,0.25187640512298354,0.5422906434193447,-0.2924859677742964,0.008447625308949254,4.3571257409603124e-07,,,,,,,,,,,,
4.472020707713265,grasp,,,,,,,,,,,,,,,,,,,,,0.9918107390403748,0.25765320658683777,0.559171736240387,0.17507421970367432,-0.8360486626625061,0.00539835961535573,0.034772131592035294,0.964823911049704,0.25187640512298354,0.5422906434193447,-0.2924859677742964,0.008447625308949254,4.3571257409603124e-07,,,,,,,,,,,,
4.492020707713266,grasp,,,,,,,,,,,,,,,,,,,,,0.9446669816970825,0.2455935776233673,0.5327549576759338,0.22281940281391144,-0.8804961442947388,0.005362247116863728,0.034772131592035294,0.8937295075918252,0.23372443554322803,0.5024708980688758,-0.2709385321416154,0.007825232581070835,4.0357563015871645e-07,,,,,,,,,,,,
4.5120207077132655,grasp,,,,,,,,,,,,,,,,,,,,,0.9202865958213806,0.23949702084064484,0.5186828970909119,0.2503727078437805,-0.9064117670059204,0.005307357292622328,0.034772131592035294,0.8937295075918252,0.23372443554322803,0.5024708980688758,-0.2709385321416154,0.007825232581070835,4.0357563015871645e-07,,,,,,,,,,,,
4.532020707713266,grasp,,,,,,,,,,,,,,,,,,,,,0.8738879561424255,0.22735531628131866,0.4932539463043213,0.30409717559814453,-0.9442110657691956,0.005277242045849562,0.034772131592035294,0.8236843359542135,0.2158234127433693,0.46323315673906645,-0.24970916744590824,0.007212031689525668,3.7191329068143395e-07,,,,,,,,,,,,
4.5520207077132655,grasp,,,,,,,,,,,,,,,,,,,,,0.8498520851135254,0.22133508324623108,0.47934284806251526,0.33590447902679443,-0.9671130776405334,0.005254614632576704,0.034772131592035294,0.8236843359542135,0.2158234127433693,0.46323315673906645,-0.24970916744590824,0.007212031689525668,3.7191329068143395e-07,,,,,,,,,,,,
4.572020707713266,grasp,,,,,,,,,,,,,,,,,,,,,0.8042304515838623,0.20948313176631927,0.45409417152404785,0.3918550908565521,-0.9968020915985107,0.005213591735810041,0.034772131592035294,0.7550180362845897,0.1982554317856607,0.4247615089068151,-0.2288977156600909,0.006610904758613887,3.408742238318317e-07,,,,,,,,,,,,
4.5920207077132655,grasp,,,,,,,,,,,,,,,,,,,,,0.7806543111801147,0.20354317128658295,0.440508633852005,0.4252682030200958,-1.0136507749557495,0.005170343443751335,0.034772131592035294,0.7550180362845897,0.1982554317856607,0.4247615089068151,-0.2288977156600909,0.006610904758613887,3.408742238318317e-07,,,,,,,,,,,,
4.612020707713266,grasp,,,,,,,,,,,,,,,,,,,,,0.7360973358154297,0.19195568561553955,0.4157133400440216,0.4796206057071686,-1.0423511266708374,0.005124407820403576,0.034772131592035294,0.6880505702832299,0.18109920133449917,0.38723411884945563,-0.20860102910817296,0.006024643920826805,3.10602639287411e-07,,,,,,,,,,,,
4.632020707713266,grasp,,,,,,,,,,,,,,,,,,,,,0.7130845785140991,0.18610239028930664,0.4025295674800873,0.5136909484863281,-1.0574045181274414,0.005048946011811495,0.034772131592035294,0.6880505702832299,0.18109920133449917,0.38723411884945563,-0.20860102910817296,0.006024643920826805,3.10602639287411e-07,,,,,,,,,,,,
4.652020707713266,grasp,,,,,,,,,,,,,,,,,,,,,0.6697834134101868,0.17489728331565857,0.37823694944381714,0.5592921376228333,-1.0775066614151,0.0049813855439424515,0.034772131592035294,0.623088028762473,0.1644340600030155,0.35082305265211516,-0.18891172900349112,0.005455925329999919,2.812368141941297e-07,,,,,,,,,,,,
4.672020707713266,grasp,,,,,,,,,,,,,,,,,,,,,0.6474443078041077,0.1691468209028244,0.3655341565608978,0.5713628530502319,-1.0854450464248657,0.004896280821412802,0.034772131592035294,0.623088028762473,0.1644340600030155,0.35082305265211516,-0.18891172900349112,0.005455925329999919,2.812368141941297e-07,,,,,,,,,,,,
4.692020707713265,grasp,,,,,,,,,,,,,,,,,,,,,0.6055402755737305,0.15845443308353424,0.3419138789176941,0.5637623071670532,-1.0961025953292847,0.004776762332767248,0.034772131592035294,0.5604220412822125,0.14833382991896543,0.3156916856062152,-0.1699181352130945,0.004907303433771679,2.529086248152497e-07,,,,,,,,,,,,
4.712020707713266,grasp,,,,,,,,,,,,,,,,,,,,,0.5839288830757141,0.1529075652360916,0.32972851395606995,0.5859723687171936,-1.1037136316299438,0.004590273834764957,0.034772131592035294,0.5604220412822125,0.14833382991896543,0.3156916856062152,-0.1699181352130945,0.004907303433771679,2.529086248152497e-07,,,,,,,,,,,,
4.732020707713266,grasp,,,,,,,,,,,,,,,,,,,,,0.5436646342277527,0.14253409206867218,0.3071749210357666,0.6176280975341797,-1.1250263452529907,0.004139677155762911,0.034772131592035294,0.5003282994553688,0.13286388862525714,0.281992483804744,-0.15170373778510685,0.004381195138712129,2.2574291190008652e-07,,,,,,,,,,,,
4.752020707713266,grasp,,,,,,,,,,,,,,,,,,,,,0.522872269153595,0.13732567429542542,0.2952626943588257,0.5789042711257935,-1.1267664432525635,0.0037318409886211157,0.034772131592035294,0.5003282994553688,0.13286388862525714,0.281992483804744,-0.15170373778510685,0.004381195138712129,2.2574291190008652e-07,,,,,,,,,,,,
4.772020707713265,grasp,,,,,,,,,,,,,,,,,,,,,0.48419189453125,0.12792348861694336,0.2731385827064514,0.4936423897743225,-1.0809160470962524,0.0019116816110908985,0.034772131592035294,0.4430601909781649,0.11809185310168283,0.24986791152916712,-0.1343454569221239,0.003879827639888627,1.9985456454544818e-07,,,,,,,,,,,,
4.792020707713266,grasp,,,,,,,,,,,,,,,,,,,,,0.46419209241867065,0.12337371706962585,0.26108258962631226,0.39361968636512756,-1.014013648033142,0.0010667811147868633,0.034772131592035294,0.4430601909781649,0.11809185310168283,0.24986791152916712,-0.1343454569221239,0.003879827639888627,1.9985456454544818e-07,,,,,,,,,,,,
4.812020707713266,grasp,,,,,,,,,,,,,,,,,,,,,0.42767462134361267,0.11414682120084763,0.24023829400539398,0.2947794795036316,-0.9491488933563232,0.0005170098156668246,0.034772131592035294,0.3888495213314369,0.10407680839351788,0.21944764639485986,-0.11791354080324426,0.0034052260365360133,1.753481471175352e-07,,,,,,,,,,,,
4.832020707713266,grasp,,,,,,,,,,,,,,,,,,,,,0.40880286693573,0.10951455682516098,0.2291141152381897,0.19476008415222168,-0.8684481978416443,0.00025175019982270896,0.034772131592035294,0.3888495213314369,0.10407680839351788,0.21944764639485986,-0.11791354080324426,0.0034052260365360133,1.753481471175352e-07,,,,,,,,,,,,
4.852020707713265,grasp,,,,,,,,,,,,,,,,,,,,,0.37443047761917114,0.10065063834190369,0.20971885323524475,0.09476624429225922,-0.7907660007476807,0.00013895187294110656,0.034772131592035294,0.3379030764688944,0.09087171951625467,0.19084763384126463,-0.10247061087583079,0.002959187892242044,1.5231656942614926e-07,,,,,,,,,,,,
4.872020707713266,grasp,,,,,,,,,,,,,,,,,,,,,0.35666605830192566,0.09629026800394058,0.19893452525138855,0.0032248320057988167,-0.7033042907714844,6.904650945216417e-05,0.034772131592035294,0.3379030764688944,0.09087171951625467,0.19084763384126463,-0.10247061087583079,0.002959187892242044,1.5231656942614926e-07,,,,,,,,,,,,
4.892020707713265,grasp,,,,,,,,,,,,,,,,,,,,,0.324563205242157,0.08799619227647781,0.18063832819461823,-0.0410989373922348,-0.6180813312530518,3.5475943150231615e-05,0.034772131592035294,0.29040124778698195,0.07851989292764977,0.16416790038809778,-0.08807127671348268,0.0025432830857200386,1.308409211355628e-07,,,,,,,,,,,,
4.912020707713266,grasp,,,,,,,,,,,,,,,,,,,,,0.3079613447189331,0.0837465301156044,0.17121072113513947,-0.06385938078165054,-0.5209712386131287,2.021619729930535e-05,0.034772131592035294,0.29040124778698195,0.07851989292764977,0.16416790038809778,-0.08807127671348268,0.0025432830857200386,1.308409211355628e-07,,,,,,,,,,,,
4.932020707713265,grasp,,,,,,,,,,,,,,,,,,,,,0.27818360924720764,0.07591570913791656,0.154747873544693,-0.06917258352041245,-0.4301223158836365,1.122770754591329e-05,0.034772131592035294,0.2464937515312905,0.06706001098869623,0.13949197874471017,-0.07476101533987525,0.00215883083187745,1.1098945574955715e-07,,,,,,,,,,,,
4.952020707713266,grasp,,,,,,,,,,,,,,,,,,,,,0.26277557015419006,0.07193440943956375,0.14612288773059845,-0.07186566293239594,-0.33182841539382935,5.64847277928493e-06,0.034772131592035294,0.2464937515312905,0.06706001098869623,0.13949197874471017,-0.07476101533987525,0.00215883083187745,1.1098945574955715e-07,,,,,,,,,,,,
4.972020707713265,grasp,,,,,,,,,,,,,,,,,,,,,0.23541738092899323,0.06471417844295502,0.13095663487911224,-0.0673818439245224,-0.23929035663604736,3.9378110159304924e-06,0.034772131592035294,0.2062974287748107,0.05652421710924628,0.11688565031497522,-0.06257536936811532,0.0018068663382832348,9.281562766559081e-08,,,,,,,,,,,,
4.992020707713266,grasp,,,,,,,,,,,,,,,,,,,,,0.2212567776441574,0.0610477440059185,0.12297336757183075,-0.06504929810762405,-0.13983044028282166,7.415056870740955e-07,0.034772131592035294,0.2062974287748107,0.05652421710924628,0.11688565031497522,-0.06257536936811532,0.0018068663382832348,9.281562766559081e-08,,,,,,,,,,,,
5.0120207077132655,grasp,,,,,,,,,,,,,,,,,,,,,0.19626133143901825,0.054465021938085556,0.1091095507144928,-0.05849525332450867,-0.07115636020898819,-3.941328031942248e-06,0.034772131592035294,0.16989426348178768,0.04693514163346578,0.09639574180510711,-0.05153925795412829,0.001488110156279012,7.635664871388477e-08,,,,,,,,,,,,
5.032020707713266,grasp,,,,,,,,,,,,,,,,,,,,,0.18339534103870392,0.051113951951265335,0.10181025415658951,-0.0551263801753521,-0.03570985049009323,-1.0485160601092502e-05,0.034772131592035294,0.16989426348178768,0.04693514163346578,0.09639574180510711,-0.05153925795412829,0.001488110156279012,7.635664871388477e-08,,,,,,,,,,,,
5.0520207077132655,grasp,,,,,,,,,,,,,,,,,,,,,0.16104725003242493,0.045160699635744095,0.08931402862071991,-0.04861021041870117,-0.017850752919912338,-7.649222425243352e-06,0.034772131592035294,0.13732842307087098,0.038306944364786766,0.07804891479480974,-0.04166607344852866,0.0012029434060056622,6.163215102863625e-08,,,,,,,,,,,,
5.072020707713266,grasp,,,,,,,,,,,,,,,,,,,,,0.14950622618198395,0.04213279113173485,0.08272846043109894,-0.04525361582636833,-0.008488458581268787,-6.885820766910911e-06,0.034772131592035294,0.13732842307087098,0.038306944364786766,0.07804891479480974,-0.04166607344852866,0.0012029434060056622,6.163215102863625e-08,,,,,,,,,,,,
5.0920207077132655,grasp,,,,,,,,,,,,,,,,,,,,,0.1296817511320114,0.03682020679116249,0.07162074744701385,-0.039302192628383636,-0.003991655074059963,-3.718434072652599e-06,0.034772131592035294,0.10860466492656512,0.03064340156861779,0.061849146875104434,-0.03295726197410498,0.000951402819237432,4.864398053720409e-08,,,,,,,,,,,,
5.112020707713266,grasp,,,,,,,,,,,,,,,,,,,,,0.1194358617067337,0.034117940813302994,0.06576667726039886,-0.03623683750629425,-0.0015113099943846464,-3.900011961377459e-06,0.034772131592035294,0.10860466492656512,0.03064340156861779,0.061849146875104434,-0.03295726197410498,0.000951402819237432,4.864398053720409e-08,,,,,,,,,,,,
5.132020707713266,grasp,,,,,,,,,,,,,,,,,,,,,0.10211337357759476,0.029441194608807564,0.05604932829737663,-0.03099386766552925,-0.0005018335650674999,-1.4170376516631222e-06,0.034772131592035294,0.0836872048658952,0.023935621957625063,0.04777456286625204,-0.025401984436635792,0.0007331749082349219,3.737593675005679e-08,,,,,,,,,,,,
5.152020707713266,grasp,,,,,,,,,,,,,,,,,,,,,0.0931582823395729,0.02706195041537285,0.050928615033626556,-0.02829359658062458,0.00016482007049489766,-2.6061911739816424e-06,0.034772131592035294,0.0836872048658952,0.023935621957625063,0.04777456286625204,-0.025401984436635792,0.0007331749082349219,3.737593675005679e-08,,,,,,,,,,,,
5.172020707713266,grasp,,,,,,,,,,,,,,,,,,,,,0.07830194383859634,0.023009730502963066,0.04257987439632416,-0.023786192759871483,0.00028162539820186794,-7.653130751350545e-07,0.034772131592035294,0.0624960304059415,0.018163638964727634,0.03577740017831311,-0.01897599903203543,0.0005475619433472507,2.7792009028467802e-08,,,,,,,,,,,,
5.192020707713265,grasp,,,,,,,,,,,,,,,,,,,,,0.07062147557735443,0.020947705954313278,0.038181282579898834,-0.02146477997303009,0.00046753601054660976,-1.937977231136756e-06,0.034772131592035294,0.0624960304059415,0.018163638964727634,0.03577740017831311,-0.01897599903203543,0.0005475619433472507,2.7792009028467802e-08,,,,,,,,,,,,
5.212020707713266,grasp,,,,,,,,,,,,,,,,,,,,,0.05816010385751724,0.01750495843589306,0.03116096928715706,-0.017681049183011055,0.0003747937153093517,-5.285048700898187e-07,0.034772131592035294,0.04490083276505435,0.013302754589825312,0.02578614648577872,-0.013639885668931002,0.00039342772854700724,1.9833532817291447e-08,,,,,,,,,,,,
5.232020707713266,grasp,,,,,,,,,,,,,,,,,,,,,0.051717981696128845,0.015752417966723442,0.02746342122554779,-0.015732327476143837,0.0004311782249715179,-1.5684364598200773e-06,0.034772131592035294,0.04490083276505435,0.013302754589825312,0.02578614648577872,-0.013639885668931002,0.00039342772854700724,1.9833532817291447e-08,,,,,,,,,,,,
5.252020707713266,grasp,,,,,,,,,,,,,,,,,,,,,0.041543543338775635,0.012902515940368176,0.021715091541409492,-0.01264201384037733,0.0003075561544392258,-3.8908626720512984e-07,0.034772131592035294,0.03071648915944955,0.00932699751502323,0.0177057962837456,-0.009337715098624355,0.00026915822379682805,1.3417142193519241e-08,,,,,,,,,,,,
5.272020707713265,grasp,,,,,,,,,,,,,,,,,,,,,0.036284107714891434,0.011450985446572304,0.018688799813389778,-0.011050420813262463,0.00033298705238848925,-2.4089681573968846e-06,0.034772131592035294,0.03071648915944955,0.00932699751502323,0.0177057962837456,-0.009337715098624355,0.00026915822379682805,1.3417142193519241e-08,,,,,,,,,,,,
5.292020707713266,grasp,,,,,,,,,,,,,,,,,,,,,0.02825358882546425,0.009168657474219799,0.014137570746243,-0.008610823191702366,0.00022130228171590716,-9.088243473343027e-07,0.034772131592035294,0.019706721944948696,0.006193448256538535,0.01141212328860194,-0.005998016302130762,0.0001726894004969597,8.436238529172946e-09,,,,,,,,,,,,
5.312020707713266,grasp,,,,,,,,,,,,,,,,,,,,,0.024102771654725075,0.008005306124687195,0.011742963455617428,-0.00735434889793396,0.00022812628594692796,-1.3706197705687373e-06,0.034772131592035294,0.019706721944948696,0.006193448256538535,0.01141212328860194,-0.005998016302130762,0.0001726894004969597,8.436238529172946e-09,,,,,,,,,,,,
5.332020707713266,grasp,,,,,,,,,,,,,,,,,,,,,0.018034230917692184,0.006263862829655409,0.008296728134155273,-0.005510535556823015,0.0001424430520273745,-4.422699930728413e-07,0.034772131592035294,0.011573779302734715,0.003861409891710136,0.0067550698827946384,-0.003530830191220517,0.00010142333288489193,4.7566316318821084e-09,,,,,,,,,,,,
5.352020707713265,grasp,,,,,,,,,,,,,,,,,,,,,0.01489792950451374,0.005375382490456104,0.006484891753643751,-0.004560887813568115,0.0001451238786103204,-9.052131417774945e-07,0.034772131592035294,0.011573779302734715,0.003861409891710136,0.0067550698827946384,-0.003530830191220517,0.00010142333288489193,4.7566316318821084e-09,,,,,,,,,,,,
5.372020707713266,grasp,,,,,,,,,,,,,,,,,,,,,0.010576192289590836,0.004128081724047661,0.004028162453323603,-0.0032476813066750765,8.467165025649592e-05,-3.0079652901804366e-07,0.034772131592035294,0.005973270763239573,0.0022496841535670203,0.0035454595498280697,-0.0018318280101292264,5.2346626399649276e-05,2.2227121230249317e-09,,,,,,,,,,,,
5.392020707713266,grasp,,,,,,,,,,,,,,,,,,,,,0.008343287743628025,0.003491133451461792,0.0027379391249269247,-0.00257130921818316,8.721048652660102e-05,-1.0511306527405395e-06,0.034772131592035294,0.005973270763239573,0.0022496841535670203,0.0035454595498280697,-0.0018318280101292264,5.2346626399649276e-05,2.2227121230249317e-09,,,,,,,,,,,,
5.412020707713266,grasp,,,,,,,,,,,,,,,,,,,,,0.005517999641597271,0.0026727388612926006,0.0011313570430502295,-0.0017127428436651826,4.7369321691803634e-05,-4.855428414884955e-07,0.034772131592035294,0.002506181854183646,0.0012498435820337702,0.0015575476477470498,-0.0007800151455655347,2.196435224272325e-05,6.540225387398226e-10,,,,,,,,,,,,
5.432020707713265,grasp,,,,,,,,,,,,,,,,,,,,,0.004058783873915672,0.0022543547675013542,0.00028916349401697516,-0.0012705113040283322,4.501588045968674e-05,-5.056251097812492e-07,0.034772131592035294,0.002506181854183646,0.0012498435820337702,0.0015575476477470498,-0.0007800151455655347,2.196435224272325e-05,6.540225387398226e-10,,,,,,,,,,,,
5.452020707713266,grasp,,,,,,,,,,,,,,,,,,,,,0.002441204385831952,0.0017667238134890795,0.00013885539374314249,-0.000778383924625814,2.311398566234857e-05,-2.1200348498950916e-07,0.034772131592035294,0.0007134086763827868,0.0007328842851527038,0.0005296507972389838,-0.00023614081434614244,6.254200994242122e-06,-1.571198783093821e-10,,,,,,,,,,,,
5.472020707713266,grasp,,,,,,,,,,,,,,,,,,,,,0.001606271369382739,0.0015205444069579244,0.00013000609760638326,-0.0005250175017863512,2.1034726159996353e-05,-3.6800153679905634e-07,0.034772131592035294,0.0007134086763827868,0.0007328842851527038,0.0005296507972389838,-0.00023614081434614244,6.254200994242122e-06,-1.571198783093821e-10,,,,,,,,,,,,
5.492020707713266,grasp,,,,,,,,,,,,,,,,,,,,,0.0008674406562931836,0.0013051001587882638,0.00012996613804716617,-0.0003003954770974815,1.1173959137522615e-05,-1.8378349864178745e-07,0.034772131592035294,7.339965937796647e-05,0.0005483329762841706,0.00016269792190614136,-4.198101874008919e-05,6.457734426349746e-07,-4.466927275049764e-10,,,,,,,,,,,,
5.5120207077132655,grasp,,,,,,,,,,,,,,,,,,,,,0.0004864559159614146,0.0011938039679080248,0.0001297174603678286,-0.00018466624896973372,8.495057045365684e-06,-1.6967695160019503e-07,0.034772131592035294,7.339965937796647e-05,0.0005483329762841706,0.00016269792190614136,-4.198101874008919e-05,6.457734426349746e-07,-4.466927275049764e-10,,,,,,,,,,,,
5.527046592354847,grasp,,,,,,,,,,,,,,,,,,,,,0.0002544513554312289,0.0011264528147876263,0.00012951808457728475,-0.00011424147669458762,5.444640009955037e-06,-1.0399550376405386e-07,0.034772131592035294,-8.641352167160221e-08,0.0005271427216939628,0.00012056425475748256,-1.9687518943101168e-05,1.8117085609503647e-09,-4.799415864731316e-10,,,,,,,,,,,,
