timestamp,phase,base_pos_x,base_pos_y,base_pos_z,base_yaw,base_quat_w,base_quat_x,base_quat_y,base_quat_z,base_lin_vel_x_body,base_lin_vel_y_body,base_ang_vel_z_body,cmd_vx,cmd_vy,cmd_wz,ee_pos_x,ee_pos_y,ee_pos_z,ee_roll,ee_pitch,ee_yaw,arm_joint1,arm_joint2,arm_joint3,arm_joint4,arm_joint5,arm_joint6,gripper,arm_action_joint1,arm_action_joint2,arm_action_joint3,arm_action_joint4,arm_action_joint5,arm_action_joint6,gripper_action,object_pos_x,object_pos_y,object_pos_z,object_quat_w,object_quat_x,object_quat_y,object_quat_z,front_image,wrist_image,success,failure_reason
0.0,nav,1.2497669458389282,1.3539835214614868,0.33482110500335693,1.6015949082153678,0.696115255355835,0.005192605312913656,0.0016323259333148599,0.7179094552993774,0.039863504469394684,0.03174929693341255,0.739118218421936,0.550000011920929,0.0,1.0,,,,,,,-0.00991479679942131,0.011443356983363628,0.015580365434288979,0.011695075780153275,3.478173675830476e-05,0.008230642415583134,0.0002784641870903215,,,,,,,,,,,,,,,,,,
0.2,nav,1.239109992980957,1.4158464670181274,0.3473871648311615,1.7319597699716773,0.647867739200592,0.008502840064466,-0.013766528107225895,0.7615811228752136,0.40623560547828674,0.01471489667892456,0.6721826195716858,0.550000011920929,0.0,0.7617999911308289,,,,,,,-0.009737849235534668,0.07576487213373184,0.07098938524723053,0.02232413738965988,-0.05729199945926666,-0.0011674246052280068,0.0004622672164487085,,,,,,,,,,,,,,,,,,
0.4,nav,1.2167994976043701,1.5147626399993896,0.3454924523830414,1.807970236678535,0.618414044380188,0.010744111612439156,-0.004503330681473017,0.7857661247253418,0.5604395270347595,0.04200166463851929,0.4666500687599182,0.6549000144004822,0.0,0.4797999858856201,,,,,,,-0.017817938700318336,0.08260174840688705,0.0785757377743721,0.03294752910733223,-0.031102363020181656,-0.03741433098912239,0.00043832230039697606,,,,,,,,,,,,,,,,,,
0.6,nav,1.1814367771148682,1.6371757984161377,0.3424597978591919,1.952872914882145,0.5599726438522339,0.009832861833274364,-0.013201211579144001,0.8283476233482361,0.6846543550491333,-0.004637718200683594,0.9432302713394165,0.774399995803833,0.0,1.0,,,,,,,-0.02824166975915432,0.08265761286020279,0.08011108636856079,0.026577560231089592,-0.06096554547548294,-0.01937328279018402,0.0006696373056911398,,,,,,,,,,,,,,,,,,
0.8,nav,1.125087857246399,1.7742176055908203,0.34560495615005493,2.1512751056106962,0.4751894176006317,0.007798556238412857,-0.010627134703099728,0.8797849416732788,0.7386234998703003,-0.060005903244018555,0.9377495646476746,0.7386000156402588,0.0,1.0,,,,,,,-0.034331340342760086,0.08427174389362335,0.07674451172351837,0.0310122799128294,-0.057591892778873444,-0.023273702710866928,0.00042093239608220756,,,,,,,,,,,,,,,,,,
1.0,nav,1.0392005443572998,1.9090098142623901,0.34559470415115356,2.3025536935571695,0.4073564410209656,0.005513979122042656,-0.010650322772562504,0.9131905436515808,0.7892245650291443,-0.04260343313217163,0.21422240138053894,0.6899999976158142,0.0,0.27619999647140503,,,,,,,-0.02117539569735527,0.10059583932161331,0.0650118812918663,0.02588236890733242,-0.04537757858633995,-0.024428101256489754,0.00041766531649045646,,,,,,,,,,,,,,,,,,
1.2,nav,0.9318628311157227,2.0270347595214844,0.34507566690444946,2.2460982356763024,0.43291914463043213,-0.0038357756566256285,-0.007177111692726612,0.9013961553573608,0.7965195178985596,0.026076972484588623,-0.46600133180618286,0.800000011920929,0.0,-0.48739999532699585,,,,,,,-0.01701243780553341,0.10901118069887161,0.04070974513888359,0.023582054302096367,-0.03139130771160126,-0.02917402610182762,0.0007063763432597625,,,,,,,,,,,,,,,,,,
1.4000000000000001,nav,0.8310251832008362,2.1452791690826416,0.337825745344162,2.1998987498201035,0.45361730456352234,-0.004680185113102198,-0.010190610773861408,0.8911260962486267,0.6861366629600525,0.037779033184051514,-0.0453946627676487,0.7141000032424927,0.0,0.0,,,,,,,-0.008058513514697552,0.09174768626689911,0.06145187094807625,0.02108588255941868,-0.0397639237344265,-0.018942082300782204,0.0004935291267855746,,,,,,,,,,,,,,,,,,
1.6,nav,0.7603910565376282,2.245549440383911,0.3378070890903473,2.3041168672606402,0.40660861134529114,-0.00535811111330986,0.004268267657607794,0.9135767817497253,0.5302450060844421,-0.0923951268196106,1.1359761953353882,0.6035000085830688,0.0,1.0,,,,,,,-0.003814629279077053,0.08081690967082977,0.04952520877122879,0.04290242865681648,-0.053099218755960464,-0.0026268791407346725,0.0004677639080910012,,,,,,,,,,,,,,,,,,
1.8,nav,0.6821146011352539,2.3241727352142334,0.3420334458351135,2.4909389859323188,0.3194260895252228,0.019024305045604706,0.0021789532620459795,0.947417676448822,0.5216505527496338,0.02495807409286499,0.8838074207305908,0.6377999782562256,0.0,1.0,,,,,,,-0.01836288720369339,0.06654253602027893,0.09138981997966766,0.03940946236252785,-0.05473567172884941,-0.0024081722367554903,0.0002321703846064338,,,,,,,,,,,,,,,,,,
2.0,nav,0.6220149397850037,2.3710663318634033,0.33561062812805176,2.632811638519282,0.25190284848213196,-0.008800553157925606,0.02656085416674614,0.967348039150238,0.356730192899704,-0.07352018356323242,0.7803872227668762,0.550000011920929,0.0,1.0,,,,,,,0.018082421272993088,0.0541563555598259,0.07938046753406525,0.024581892415881157,-0.07278481125831604,0.0026640347205102444,0.0007082913148224179,,,,,,,,,,,,,,,,,,
2.2,nav,0.5438690185546875,2.4183878898620605,0.3443560004234314,2.829873651175758,0.15515774488449097,0.013016648590564728,0.002717195078730583,0.9878003001213074,0.613261342048645,-0.02190399169921875,0.9366807341575623,0.6743999719619751,0.0,1.0,,,,,,,-0.009260901249945164,0.08230432122945786,0.0836280956864357,0.029340671375393867,-0.07468543946743011,-0.015362726524472237,0.0005682868650183082,,,,,,,,,,,,,,,,,,
2.4,nav,0.4145298898220062,2.458091974258423,0.34807994961738586,3.0177849074114675,0.061834268271923065,0.009843825362622738,0.002181693911552429,0.9980356097221375,0.7853061556816101,-0.0968116819858551,0.20083336532115936,0.734000027179718,0.0,0.0,,,,,,,0.003847260493785143,0.08477170020341873,0.07843519002199173,0.009621956385672092,-0.07585624605417252,-0.007845568470656872,0.0008317338506458327,,,,,,,,,,,,,,,,,,
2.6,nav,0.26750674843788147,2.4795751571655273,0.34591981768608093,3.0451086633053888,0.048203397542238235,0.010424064472317696,0.001165493275038898,0.9987825155258179,0.8138538002967834,0.021879330277442932,-0.3063547611236572,0.7384999990463257,0.0,-0.1851000040769577,,,,,,,-0.005117773078382015,0.10628877580165863,0.06217614561319351,0.022660359740257263,-0.05969419702887535,-0.023714996874332428,0.0009352533888886683,,,,,,,,,,,,,,,,,,
2.8000000000000003,nav,0.12035131454467773,2.485682725906372,0.338899165391922,2.930639890096267,0.1051744818687439,-0.009482942521572113,-0.01065098587423563,0.9943516850471497,0.7119298577308655,0.06918889284133911,-0.4258441925048828,0.6191999912261963,0.0,-0.4291999936103821,,,,,,,-0.0034764583688229322,0.10033819079399109,0.0420355498790741,0.01072224322706461,-0.039259880781173706,-0.025563940405845642,0.0014172381182504523,,,,,,,,,,,,,,,,,,
3.0,nav,-0.021319184452295303,2.5104033946990967,0.3450714349746704,2.8393531182168723,0.15054766833782196,0.006380678620189428,-0.0018623425858095288,0.9885804653167725,0.7419730424880981,0.06070208549499512,-0.08430752903223038,0.7170000076293945,0.0,-0.21629999577999115,,,,,,,-0.02464163675904274,0.07979138195514679,0.04467856511473656,0.02470502071082592,-0.0021271381992846727,-0.00846974179148674,0.000775992390117608,,,,,,,,,,,,,,,,,,
3.2,nav,-0.1654861718416214,2.546297311782837,0.3353011906147003,2.7284337846442304,0.20516110956668854,0.009931959211826324,-0.008005786687135696,0.9786451458930969,0.6976978778839111,0.0940006673336029,-0.7588651180267334,0.708899974822998,0.0,-1.0,,,,,,,-0.014221824705600739,0.08847513794898987,0.047810401767492294,0.02527402900159359,-0.048298630863428116,-0.011947473511099815,0.0005732147255912423,,,,,,,,,,,,,,,,,,
3.4,nav,-0.28016847372055054,2.596041679382324,0.33628323674201965,2.635411980633134,0.2503451406955719,0.019517667591571808,-0.004989736247807741,0.9679470658302307,0.6546355485916138,0.03022068738937378,-0.37302103638648987,0.7329000234603882,0.0,-0.2881999909877777,,,,,,,-0.021695833653211594,0.0776415541768074,0.04907182231545448,0.022929804399609566,-0.017176931723952293,-0.018546130508184433,0.0010370587697252631,,,,,,,,,,,,,,,,,,
3.6,nav,-0.3965115547180176,2.6630733013153076,0.3451247215270996,2.610606007312341,0.26228657364845276,0.01318721380084753,0.0031564882956445217,0.9648948311805725,0.756220817565918,-0.0013481974601745605,-0.1980576366186142,0.7142000198364258,0.0,-0.15150000154972076,,,,,,,-0.02848612517118454,0.0840110331773758,0.04727558046579361,0.03618680685758591,-0.028226900845766068,-0.019417699426412582,0.001329322069693717,,,,,,,,,,,,,,,,,,
3.8000000000000003,nav,-0.5195063352584839,2.73292875289917,0.33788564801216125,2.6340396567074444,0.2510378062725067,0.014622105285525322,-0.004181141499429941,0.967857837677002,0.6516733765602112,0.004445075988769531,0.14688247442245483,0.6733999848365784,0.0,0.19120000302791595,,,,,,,-0.008396479301154613,0.0653090849518776,0.06409220397472382,0.03618226945400238,-0.038808196783065796,-0.013088158331811428,0.0007297485390154179,,,,,,,,,,,,,,,,,,
4.0,nav,-0.6482917070388794,2.7966971397399902,0.34281864762306213,2.682973443204677,0.22717443108558655,0.013961025513708591,0.005740944761782885,0.9737370610237122,0.7165169715881348,0.01763242483139038,-0.013214154168963432,0.652999997138977,0.0,0.010700000450015068,,,,,,,-0.012176590040326118,0.09027610719203949,0.0611116923391819,0.035018403083086014,-0.03340323269367218,-0.018787670880556107,0.0005948600760063982,,,,,,,,,,,,,,,,,,
4.2,nav,-0.7842495441436768,2.8551180362701416,0.3376114070415497,2.6106082760542644,0.2623462975025177,0.00982990674674511,0.00020691238751169294,0.9649237394332886,0.7687811851501465,0.05350703001022339,-0.16626490652561188,0.7610999941825867,0.0,0.0,,,,,,,-0.007041987497359514,0.09672418981790543,0.05217399075627327,0.021413858979940414,-0.041646819561719894,-0.020687399432063103,0.0011400014458722296,,,,,,,,,,,,,,,,,,
4.4,nav,-0.919672966003418,2.922539472579956,0.34083986282348633,2.6668241120529075,0.23511886596679688,0.013015300035476685,-0.0013459582114592195,0.9718785881996155,0.7892590165138245,0.025410354137420654,-0.13322637975215912,0.7531999945640564,0.0,-0.028699999675154686,,,,,,,-0.0010804268531501293,0.10564848780632019,0.06300574541091919,0.01081029698252678,-0.05364426597952843,-0.01647580973803997,0.0008005680138012394,,,,,,,,,,,,,,,,,,
4.6000000000000005,nav,-1.0558314323425293,2.9877848625183105,0.34145841002464294,2.7003163960475973,0.21877369284629822,0.011091074906289577,0.004221777431666851,0.9757034778594971,0.8158034682273865,0.015758633613586426,-0.13749496638774872,0.7491999864578247,0.0,0.0,,,,,,,-0.0004558884247671813,0.09907938539981842,0.06640950590372086,0.006470602937042713,-0.07129363715648651,-0.02473623864352703,0.0010726734562922502,,,,,,,,,,,,,,,,,,
4.8,nav,-1.1975443363189697,3.0491323471069336,0.3404015004634857,2.698430254447442,0.21972541511058807,0.0071522388607263565,0.005325815174728632,0.9755210876464844,0.8391801118850708,0.01097714900970459,-0.2687087953090668,0.7199000120162964,0.0,-0.1421000063419342,,,,,,,0.006635772529989481,0.09710122644901276,0.06246088817715645,0.010118731297552586,-0.0653027817606926,-0.025952240452170372,0.0012998997173525595,,,,,,,,,,,,,,,,,,
5.0,nav,-1.3382319211959839,3.1133060455322266,0.3400881290435791,2.7094819618710972,0.21439334750175476,-0.0004378981830086559,0.010561445727944374,0.9766903519630432,0.7861766815185547,-0.019580364227294922,0.24019962549209595,0.6676999926567078,0.0,0.2354000061750412,,,,,,,0.00042064336594194174,0.0948871374130249,0.05896010994911194,0.024583743885159492,-0.06718991696834564,-0.02341487631201744,0.0013150883214265718,,,,,,,,,,,,,,,,,,
0.0,nav,1.2667961120605469,1.377238154411316,0.33490028977394104,1.5945277587886715,0.6986521482467651,0.004548674914985895,0.0025714579969644547,0.7154424786567688,0.04069298878312111,0.03243812173604965,0.7378349304199219,0.550000011920929,0.0,1.0,,,,,,,-0.007384728640317917,0.008739760145545006,0.01701078563928604,0.011415994726121426,-0.010484152473509312,0.001213488751091063,0.0005859035146613678,,,,,,,,,,,,,,,,,,
0.2,nav,1.2576866149902344,1.432687759399414,0.3451901972293854,1.7517922035342153,0.6402356028556824,0.010693519376218319,-0.0037864530459046364,0.7680950164794922,0.348922461271286,0.013398915529251099,0.7920739054679871,0.550000011920929,0.0,1.0,,,,,,,-0.007550226058810949,0.0713023692369461,0.0881841853260994,0.031191149726510048,-0.05047706887125969,-0.003888006554916501,0.0005054108223703224,,,,,,,,,,,,,,,,,,
0.4,nav,1.2382261753082275,1.517218828201294,0.34333813190460205,1.8762493874824429,0.5909992456436157,0.021320482715964317,-0.0013123376993462443,0.8063893914222717,0.512171745300293,0.010022222995758057,0.5093338489532471,0.5778999924659729,0.0,0.5245000123977661,,,,,,,-0.03159061074256897,0.06664013862609863,0.06469206511974335,0.039396561682224274,-0.0416441485285759,-0.007240012753754854,0.0009774572317837738,,,,,,,,,,,,,,,,,,
0.6,nav,1.2009865045547485,1.6135741472244263,0.3414182662963867,1.9644674014408323,0.5549506545066833,0.016631461679935455,0.007149543613195419,0.8316863775253296,0.40583276748657227,0.0008685588836669922,0.6062010526657104,0.5559999942779541,0.0,1.0,,,,,,,-0.0060956887900829315,0.08055004477500916,0.07649803161621094,0.02074122428894043,-0.04079717770218849,0.0071325162425637245,0.00018349975098175264,,,,,,,,,,,,,,,,,,
0.8,nav,1.1613929271697998,1.6976274251937866,0.3421972692012787,2.0918471816992894,0.5006045699119568,0.027599647641181946,0.001839263248257339,0.8652340769767761,0.616723895072937,0.05736136436462402,0.31612324714660645,0.660099983215332,0.0,0.5095999836921692,,,,,,,-0.02398284710943699,0.05619867518544197,0.07149133831262589,0.02181677147746086,-0.04058472067117691,-0.009314881637692451,0.0007552983079222031,,,,,,,,,,,,,,,,,,
1.0,nav,1.1003801822662354,1.788236141204834,0.34405168890953064,2.1696151706996067,0.4669903814792633,0.010056952014565468,0.008101830258965492,0.8841681480407715,0.4070236086845398,-0.004094183444976807,0.5053525567054749,0.5543000102043152,0.0,1.0,,,,,,,-0.0005159102729521692,0.08068933337926865,0.08483631163835526,0.022266095504164696,-0.03364100679755211,-0.0017994678346440196,0.0002329823764739558,,,,,,,,,,,,,,,,,,
1.2,nav,1.0422148704528809,1.8652714490890503,0.34592780470848083,2.257608882892325,0.4274936318397522,0.018001794815063477,0.006879032123833895,0.9038129448890686,0.6042957901954651,0.029124975204467773,0.1425231546163559,0.5896999835968018,0.0,0.23100000619888306,,,,,,,-0.025314290076494217,0.07602294534444809,0.07130313664674759,0.025394229218363762,-0.047237951308488846,-0.00266838981769979,0.0013840905157849193,,,,,,,,,,,,,,,,,,
1.4000000000000001,nav,0.9677131175994873,1.9506440162658691,0.3418847918510437,2.196062953646486,0.4553496837615967,0.0004783605400007218,0.002446402795612812,0.89030921459198,0.5357432961463928,0.02796870470046997,-0.08065725117921829,0.6223000288009644,0.0,-0.19349999725818634,,,,,,,0.0005010578315705061,0.08307317644357681,0.04801463335752487,0.01853233203291893,-0.00020020992087665945,0.0021648795809596777,0.00036915793680236675,,,,,,,,,,,,,,,,,,
1.6,nav,0.8919128179550171,2.053269863128662,0.34674695134162903,2.1455450092652724,0.4774540066719055,0.018899764865636826,0.0022082130890339613,0.8784506916999817,0.6932104825973511,0.017850160598754883,-0.16662903130054474,0.6884999871253967,0.0,-0.16459999978542328,,,,,,,-0.02154313586652279,0.08177824318408966,0.06113031506538391,0.04290803149342537,-0.011994545347988605,0.0025398721918463707,0.0009893570095300674,,,,,,,,,,,,,,,,,,
1.8,nav,0.8242713212966919,2.158687114715576,0.33627456426620483,2.1357771709479794,0.4818166494369507,0.013360677286982536,0.009966956451535225,0.8761135935783386,0.5741406083106995,-0.0044768452644348145,0.8044800758361816,0.6966999769210815,0.0,1.0,,,,,,,-0.013608153909444809,0.0725407674908638,0.06386692076921463,0.042655326426029205,-0.04881802201271057,0.0020125270821154118,0.0010122560538547987,,,,,,,,,,,,,,,,,,
2.0,nav,0.7564879059791565,2.2510311603546143,0.3435366749763489,2.2909066491331296,0.4125443696975708,0.010660914704203606,0.004601716995239258,0.9108635783195496,0.5863713622093201,-0.005012810230255127,0.9740174412727356,0.6859999895095825,0.0,1.0,,,,,,,-0.013166876509785652,0.07499486953020096,0.07108023762702942,0.0381702296435833,-0.05813208222389221,0.015595417469739914,0.0007367923681158572,,,,,,,,,,,,,,,,,,
2.2,nav,0.6668823957443237,2.343787908554077,0.34204408526420593,2.4786080006743707,0.32541048526763916,0.008581532165408134,0.0017160670831799507,0.9455323815345764,0.707499623298645,-0.03511333465576172,0.9224939942359924,0.7843999862670898,0.0,1.0,,,,,,,-0.01074871513992548,0.07215651869773865,0.0855027586221695,0.03875187411904335,-0.08305805921554565,-0.009574520401656628,0.0006651583801442484,,,,,,,,,,,,,,,,,,
2.4,nav,0.5465177297592163,2.432901382446289,0.3459344804286957,2.687508564400973,0.22494037449359894,0.020019592717289925,0.001460241386666894,0.9741658568382263,0.8096325993537903,-0.018368661403656006,0.9945870637893677,0.7414000034332275,0.0,1.0,,,,,,,-0.0249265655875206,0.07319549471139908,0.07929882407188416,0.045487649738788605,-0.06590214371681213,-0.010987132787704468,0.0006901848271354538,,,,,,,,,,,,,,,,,,
2.6,nav,0.40555381774902344,2.4986438751220703,0.3442864418029785,2.8952809701857656,0.12282123416662216,0.01000213623046875,0.0005483810673467815,0.9923782348632812,0.7526124715805054,-0.049456626176834106,1.0385894775390625,0.6953999996185303,0.0,1.0,,,,,,,-0.026510797441005707,0.06932242959737778,0.06965268403291702,0.05364561453461647,-0.05413108691573143,0.005280174780637026,0.0011201883035028004,,,,,,,,,,,,,,,,,,
2.8000000000000003,nav,0.2556975781917572,2.535571575164795,0.3443213105201721,3.096301097490741,0.022653108462691307,0.008340287022292614,-0.0013936476316303015,0.9997075796127319,0.7478876113891602,-0.03945275396108627,0.885480523109436,0.6686999797821045,0.0,0.7703999876976013,,,,,,,-0.03256287798285484,0.0765068382024765,0.07117252051830292,0.0482260137796402,-0.040297601372003555,-0.006113511510193348,0.0018110017863364192,,,,,,,,,,,,,,,,,,
3.0,nav,0.10270436108112335,2.549769401550293,0.3395111858844757,3.098445320175097,0.021517157554626465,0.004684146028012037,0.011893766932189465,0.9996867775917053,0.7569929957389832,-0.013287529349327087,-0.2128252238035202,0.7229999899864197,0.0,-0.17030000686645508,,,,,,,-0.016018617898225784,0.08674141764640808,0.0505828931927681,0.032621052116155624,-0.027949199080467224,-0.01142420619726181,0.0007186168732005171,,,,,,,,,,,,,,,,,,
3.2,nav,-0.05003535747528076,2.562009572982788,0.3355328440666199,2.9593916001044955,0.09096658229827881,0.0020935654174536467,0.003947822377085686,0.9958439469337463,0.7115144729614258,0.01704038679599762,-1.1190851926803589,0.7197999954223633,0.0,-0.9276000261306763,,,,,,,-0.024837233126163483,0.08580602705478668,0.04502196982502937,0.023926405236124992,-0.03510142117738724,-0.013953461311757565,0.001330926831542456,,,,,,,,,,,,,,,,,,
3.4,nav,-0.19626593589782715,2.578746795654297,0.3416547179222107,2.8047426185816797,0.16760970652103424,0.004139130003750324,0.004564075730741024,0.9858341813087463,0.6935075521469116,0.082935631275177,-0.9448956251144409,0.6843000054359436,0.0,-0.934499979019165,,,,,,,-0.03417957201600075,0.08601918071508408,0.03768538311123848,0.03989231958985329,-0.024331845343112946,0.013205605559051037,0.0018652552921594179,,,,,,,,,,,,,,,,,,
3.6,nav,-0.3425537347793579,2.6132378578186035,0.33472901582717896,2.6634207454801944,0.23676705360412598,0.007604304701089859,0.0045899441465735435,0.9715259075164795,0.6995007991790771,0.11583864688873291,-0.3242579698562622,0.6819999814033508,0.0,0.0,,,,,,,-0.0008121077553369105,0.0778585895895958,0.0559067577123642,0.028052696958184242,-0.04487668722867966,-0.0032166484743356705,0.0004465701749722939,,,,,,,,,,,,,,,,,,
3.8000000000000003,nav,-0.47235167026519775,2.6714046001434326,0.334314227104187,2.6006450496148177,0.2670484185218811,0.011899849399924278,0.009844886139035225,0.9635595083236694,0.7242350578308105,-0.00609278678894043,0.08892662078142166,0.7208999991416931,0.0,0.08540000021457672,,,,,,,-0.003108631120994687,0.07946549355983734,0.048447757959365845,0.011704865843057632,-0.0718926265835762,-0.01747860759496689,0.0013081670567771653,,,,,,,,,,,,,,,,,,
4.0,nav,-0.5892938375473022,2.7453644275665283,0.3415319621562958,2.598789858458546,0.2680690288543701,0.002663687337189913,0.007782153785228729,0.9633647203445435,0.6467624306678772,-0.05954986810684204,-0.05769504979252815,0.6503000259399414,0.0,0.0,,,,,,,-0.008846254087984562,0.0947054773569107,0.06042853370308876,0.027747539803385735,-0.05176723748445511,-0.014211665838956833,0.0004786164172401186,,,,,,,,,,,,,,,,,,
4.2,nav,-0.7064908742904663,2.820838212966919,0.34237900376319885,2.6480998895385626,0.24412475526332855,0.01618119142949581,0.002462125848978758,0.9696058034896851,0.7843204736709595,-0.03002876043319702,-0.02986295521259308,0.7412999868392944,0.0,0.0,,,,,,,0.00550228264182806,0.08967442810535431,0.07356725633144379,0.013079226948320866,-0.07865391671657562,-0.01564335823059082,0.0007563308317912742,,,,,,,,,,,,,,,,,,
4.4,nav,-0.8396008610725403,2.8907763957977295,0.3426675498485565,2.656072133141761,0.24034422636032104,0.0077937631867825985,0.0027619018219411373,0.9706526398658752,0.8352537155151367,0.017459571361541748,-0.14822998642921448,0.7085000276565552,0.0,-0.026900000870227814,,,,,,,-0.000434661575127393,0.09940357506275177,0.0644633024930954,0.017288194969296455,-0.06904537230730057,-0.025030674412846565,0.001353649262455292,,,,,,,,,,,,,,,,,,
4.6000000000000005,nav,-0.9809927344322205,2.963479995727539,0.34266188740730286,2.686047749207387,0.22580575942993164,0.00104069197550416,0.0049070208333432674,0.9741595387458801,0.7866854071617126,-0.01081150770187378,0.41782161593437195,0.6794999837875366,0.0,0.4239000082015991,,,,,,,-0.013398036360740662,0.09517045319080353,0.06638181954622269,0.03520125895738602,-0.07668812572956085,-0.020813848823308945,0.0012533978442661464,,,,,,,,,,,,,,,,,,
4.8,nav,-1.1242165565490723,3.029979705810547,0.33917665481567383,2.756394525890973,0.19137243926525116,0.006236494518816471,0.005234704352915287,0.9814838171005249,0.8227141499519348,-0.017981648445129395,0.5348083972930908,0.7075999975204468,0.0,0.5110999941825867,,,,,,,-0.0072692628018558025,0.08881409466266632,0.06423354148864746,0.03782816231250763,-0.05522124469280243,-0.013281702995300293,0.0014856993475405034,,,,,,,,,,,,,,,,,,
5.0,nav,-1.2703561782836914,3.0874879360198975,0.3428380489349365,2.7613538950687357,0.18901100754737854,0.009013114497065544,-0.006523492280393839,0.9819119572639465,0.834382176399231,0.03791165351867676,-0.3064054250717163,0.701200008392334,0.0,-0.24959999322891235,,,,,,,-0.007729643490165472,0.10498447716236115,0.05164620280265808,0.01993325725197792,-0.06623075157403946,-0.03554631024599075,0.0012068059786543017,,,,,,,,,,,,,,,,,,
0.0,nav,1.2667961120605469,1.377238154411316,0.33490028977394104,1.5945277587886715,0.6986521482467651,0.004548674914985895,0.0025714579969644547,0.7154424786567688,0.04069298878312111,0.03243812173604965,0.7378349304199219,0.550000011920929,0.0,1.0,,,,,,,-0.007384728640317917,0.008739760145545006,0.01701078563928604,0.011415994726121426,-0.010484152473509312,0.001213488751091063,0.0005859035146613678,,,,,,,,,,,,,,,,,,
0.2,nav,1.2576866149902344,1.432687759399414,0.3451901972293854,1.7517922035342153,0.6402356028556824,0.010693519376218319,-0.0037864530459046364,0.7680950164794922,0.348922461271286,0.013398915529251099,0.7920739054679871,0.550000011920929,0.0,1.0,,,,,,,-0.007550226058810949,0.0713023692369461,0.0881841853260994,0.031191149726510048,-0.05047706887125969,-0.003888006554916501,0.0005054108223703224,,,,,,,,,,,,,,,,,,
0.4,nav,1.2382261753082275,1.517218828201294,0.34333813190460205,1.8762493874824429,0.5909992456436157,0.021320482715964317,-0.0013123376993462443,0.8063893914222717,0.512171745300293,0.010022222995758057,0.5093338489532471,0.5778999924659729,0.0,0.5245000123977661,,,,,,,-0.03159061074256897,0.06664013862609863,0.06469206511974335,0.039396561682224274,-0.0416441485285759,-0.007240012753754854,0.0009774572317837738,,,,,,,,,,,,,,,,,,
0.6,nav,1.2009865045547485,1.6135741472244263,0.3414182662963867,1.9644674014408323,0.5549506545066833,0.016631461679935455,0.007149543613195419,0.8316863775253296,0.40583276748657227,0.0008685588836669922,0.6062010526657104,0.5559999942779541,0.0,1.0,,,,,,,-0.0060956887900829315,0.08055004477500916,0.07649803161621094,0.02074122428894043,-0.04079717770218849,0.0071325162425637245,0.00018349975098175264,,,,,,,,,,,,,,,,,,
0.8,nav,1.1613929271697998,1.6976274251937866,0.3421972692012787,2.0918471816992894,0.5006045699119568,0.027599647641181946,0.001839263248257339,0.8652340769767761,0.616723895072937,0.05736136436462402,0.31612324714660645,0.660099983215332,0.0,0.5095999836921692,,,,,,,-0.02398284710943699,0.05619867518544197,0.07149133831262589,0.02181677147746086,-0.04058472067117691,-0.009314881637692451,0.0007552983079222031,,,,,,,,,,,,,,,,,,
1.0,nav,1.1003801822662354,1.788236141204834,0.34405168890953064,2.1696151706996067,0.4669903814792633,0.010056952014565468,0.008101830258965492,0.8841681480407715,0.4070236086845398,-0.004094183444976807,0.5053525567054749,0.5543000102043152,0.0,1.0,,,,,,,-0.0005159102729521692,0.08068933337926865,0.08483631163835526,0.022266095504164696,-0.03364100679755211,-0.0017994678346440196,0.0002329823764739558,,,,,,,,,,,,,,,,,,
1.2,nav,1.0422148704528809,1.8652714490890503,0.34592780470848083,2.257608882892325,0.4274936318397522,0.018001794815063477,0.006879032123833895,0.9038129448890686,0.6042957901954651,0.029124975204467773,0.1425231546163559,0.5896999835968018,0.0,0.23100000619888306,,,,,,,-0.025314290076494217,0.07602294534444809,0.07130313664674759,0.025394229218363762,-0.047237951308488846,-0.00266838981769979,0.0013840905157849193,,,,,,,,,,,,,,,,,,
1.4000000000000001,nav,0.9677131175994873,1.9506440162658691,0.3418847918510437,2.196062953646486,0.4553496837615967,0.0004783605400007218,0.002446402795612812,0.89030921459198,0.5357432961463928,0.02796870470046997,-0.08065725117921829,0.6223000288009644,0.0,-0.19349999725818634,,,,,,,0.0005010578315705061,0.08307317644357681,0.04801463335752487,0.01853233203291893,-0.00020020992087665945,0.0021648795809596777,0.00036915793680236675,,,,,,,,,,,,,,,,,,
1.6,nav,0.8919128179550171,2.053269863128662,0.34674695134162903,2.1455450092652724,0.4774540066719055,0.018899764865636826,0.0022082130890339613,0.8784506916999817,0.6932104825973511,0.017850160598754883,-0.16662903130054474,0.6884999871253967,0.0,-0.16459999978542328,,,,,,,-0.02154313586652279,0.08177824318408966,0.06113031506538391,0.04290803149342537,-0.011994545347988605,0.0025398721918463707,0.0009893570095300674,,,,,,,,,,,,,,,,,,
1.8,nav,0.8242713212966919,2.158687114715576,0.33627456426620483,2.1357771709479794,0.4818166494369507,0.013360677286982536,0.009966956451535225,0.8761135935783386,0.5741406083106995,-0.0044768452644348145,0.8044800758361816,0.6966999769210815,0.0,1.0,,,,,,,-0.013608153909444809,0.0725407674908638,0.06386692076921463,0.042655326426029205,-0.04881802201271057,0.0020125270821154118,0.0010122560538547987,,,,,,,,,,,,,,,,,,
2.0,nav,0.7564879059791565,2.2510311603546143,0.3435366749763489,2.2909066491331296,0.4125443696975708,0.010660914704203606,0.004601716995239258,0.9108635783195496,0.5863713622093201,-0.005012810230255127,0.9740174412727356,0.6859999895095825,0.0,1.0,,,,,,,-0.013166876509785652,0.07499486953020096,0.07108023762702942,0.0381702296435833,-0.05813208222389221,0.015595417469739914,0.0007367923681158572,,,,,,,,,,,,,,,,,,
2.2,nav,0.6668823957443237,2.343787908554077,0.34204408526420593,2.4786080006743707,0.32541048526763916,0.008581532165408134,0.0017160670831799507,0.9455323815345764,0.707499623298645,-0.03511333465576172,0.9224939942359924,0.7843999862670898,0.0,1.0,,,,,,,-0.01074871513992548,0.07215651869773865,0.0855027586221695,0.03875187411904335,-0.08305805921554565,-0.009574520401656628,0.0006651583801442484,,,,,,,,,,,,,,,,,,
2.4,nav,0.5465177297592163,2.432901382446289,0.3459344804286957,2.687508564400973,0.22494037449359894,0.020019592717289925,0.001460241386666894,0.9741658568382263,0.8096325993537903,-0.018368661403656006,0.9945870637893677,0.7414000034332275,0.0,1.0,,,,,,,-0.0249265655875206,0.07319549471139908,0.07929882407188416,0.045487649738788605,-0.06590214371681213,-0.010987132787704468,0.0006901848271354538,,,,,,,,,,,,,,,,,,
2.6,nav,0.40555381774902344,2.4986438751220703,0.3442864418029785,2.8952809701857656,0.12282123416662216,0.01000213623046875,0.0005483810673467815,0.9923782348632812,0.7526124715805054,-0.049456626176834106,1.0385894775390625,0.6953999996185303,0.0,1.0,,,,,,,-0.026510797441005707,0.06932242959737778,0.06965268403291702,0.05364561453461647,-0.05413108691573143,0.005280174780637026,0.0011201883035028004,,,,,,,,,,,,,,,,,,
2.8000000000000003,nav,0.2556975781917572,2.535571575164795,0.3443213105201721,3.096301097490741,0.022653108462691307,0.008340287022292614,-0.0013936476316303015,0.9997075796127319,0.7478876113891602,-0.03945275396108627,0.885480523109436,0.6686999797821045,0.0,0.7703999876976013,,,,,,,-0.03256287798285484,0.0765068382024765,0.07117252051830292,0.0482260137796402,-0.040297601372003555,-0.006113511510193348,0.0018110017863364192,,,,,,,,,,,,,,,,,,
3.0,nav,0.10270436108112335,2.549769401550293,0.3395111858844757,3.098445320175097,0.021517157554626465,0.004684146028012037,0.011893766932189465,0.9996867775917053,0.7569929957389832,-0.013287529349327087,-0.2128252238035202,0.7229999899864197,0.0,-0.17030000686645508,,,,,,,-0.016018617898225784,0.08674141764640808,0.0505828931927681,0.032621052116155624,-0.027949199080467224,-0.01142420619726181,0.0007186168732005171,,,,,,,,,,,,,,,,,,
3.2,nav,-0.05003535747528076,2.562009572982788,0.3355328440666199,2.9593916001044955,0.09096658229827881,0.0020935654174536467,0.003947822377085686,0.9958439469337463,0.7115144729614258,0.01704038679599762,-1.1190851926803589,0.7197999954223633,0.0,-0.9276000261306763,,,,,,,-0.024837233126163483,0.08580602705478668,0.04502196982502937,0.023926405236124992,-0.03510142117738724,-0.013953461311757565,0.001330926831542456,,,,,,,,,,,,,,,,,,
3.4,nav,-0.19626593589782715,2.578746795654297,0.3416547179222107,2.8047426185816797,0.16760970652103424,0.004139130003750324,0.004564075730741024,0.9858341813087463,0.6935075521469116,0.082935631275177,-0.9448956251144409,0.6843000054359436,0.0,-0.934499979019165,,,,,,,-0.03417957201600075,0.08601918071508408,0.03768538311123848,0.03989231958985329,-0.024331845343112946,0.013205605559051037,0.0018652552921594179,,,,,,,,,,,,,,,,,,
3.6,nav,-0.3425537347793579,2.6132378578186035,0.33472901582717896,2.6634207454801944,0.23676705360412598,0.007604304701089859,0.0045899441465735435,0.9715259075164795,0.6995007991790771,0.11583864688873291,-0.3242579698562622,0.6819999814033508,0.0,0.0,,,,,,,-0.0008121077553369105,0.0778585895895958,0.0559067577123642,0.028052696958184242,-0.04487668722867966,-0.0032166484743356705,0.0004465701749722939,,,,,,,,,,,,,,,,,,
3.8000000000000003,nav,-0.47235167026519775,2.6714046001434326,0.334314227104187,2.6006450496148177,0.2670484185218811,0.011899849399924278,0.009844886139035225,0.9635595083236694,0.7242350578308105,-0.00609278678894043,0.08892662078142166,0.7208999991416931,0.0,0.08540000021457672,,,,,,,-0.003108631120994687,0.07946549355983734,0.048447757959365845,0.011704865843057632,-0.0718926265835762,-0.01747860759496689,0.0013081670567771653,,,,,,,,,,,,,,,,,,
4.0,nav,-0.5892938375473022,2.7453644275665283,0.3415319621562958,2.598789858458546,0.2680690288543701,0.002663687337189913,0.007782153785228729,0.9633647203445435,0.6467624306678772,-0.05954986810684204,-0.05769504979252815,0.6503000259399414,0.0,0.0,,,,,,,-0.008846254087984562,0.0947054773569107,0.06042853370308876,0.027747539803385735,-0.05176723748445511,-0.014211665838956833,0.0004786164172401186,,,,,,,,,,,,,,,,,,
4.2,nav,-0.7064908742904663,2.820838212966919,0.34237900376319885,2.6480998895385626,0.24412475526332855,0.01618119142949581,0.002462125848978758,0.9696058034896851,0.7843204736709595,-0.03002876043319702,-0.02986295521259308,0.7412999868392944,0.0,0.0,,,,,,,0.00550228264182806,0.08967442810535431,0.07356725633144379,0.013079226948320866,-0.07865391671657562,-0.01564335823059082,0.0007563308317912742,,,,,,,,,,,,,,,,,,
4.4,nav,-0.8396008610725403,2.8907763957977295,0.3426675498485565,2.656072133141761,0.24034422636032104,0.0077937631867825985,0.0027619018219411373,0.9706526398658752,0.8352537155151367,0.017459571361541748,-0.14822998642921448,0.7085000276565552,0.0,-0.026900000870227814,,,,,,,-0.000434661575127393,0.09940357506275177,0.0644633024930954,0.017288194969296455,-0.06904537230730057,-0.025030674412846565,0.001353649262455292,,,,,,,,,,,,,,,,,,
4.6000000000000005,nav,-0.9809927344322205,2.963479995727539,0.34266188740730286,2.686047749207387,0.22580575942993164,0.00104069197550416,0.0049070208333432674,0.9741595387458801,0.7866854071617126,-0.01081150770187378,0.41782161593437195,0.6794999837875366,0.0,0.4239000082015991,,,,,,,-0.013398036360740662,0.09517045319080353,0.06638181954622269,0.03520125895738602,-0.07668812572956085,-0.020813848823308945,0.0012533978442661464,,,,,,,,,,,,,,,,,,
4.8,nav,-1.1242165565490723,3.029979705810547,0.33917665481567383,2.756394525890973,0.19137243926525116,0.006236494518816471,0.005234704352915287,0.9814838171005249,0.8227141499519348,-0.017981648445129395,0.5348083972930908,0.7075999975204468,0.0,0.5110999941825867,,,,,,,-0.0072692628018558025,0.08881409466266632,0.06423354148864746,0.03782816231250763,-0.05522124469280243,-0.013281702995300293,0.0014856993475405034,,,,,,,,,,,,,,,,,,
5.0,nav,-1.2703561782836914,3.0874879360198975,0.3428380489349365,2.7613538950687357,0.18901100754737854,0.009013114497065544,-0.006523492280393839,0.9819119572639465,0.834382176399231,0.03791165351867676,-0.3064054250717163,0.701200008392334,0.0,-0.24959999322891235,,,,,,,-0.007729643490165472,0.10498447716236115,0.05164620280265808,0.01993325725197792,-0.06623075157403946,-0.03554631024599075,0.0012068059786543017,,,,,,,,,,,,,,,,,,
0.0,nav,1.2667961120605469,1.377238154411316,0.33490028977394104,1.5945277587886715,0.6986521482467651,0.004548674914985895,0.0025714579969644547,0.7154424786567688,0.04069298878312111,0.03243812173604965,0.7378349304199219,0.550000011920929,0.0,1.0,,,,,,,-0.007384728640317917,0.008739760145545006,0.01701078563928604,0.011415994726121426,-0.010484152473509312,0.001213488751091063,0.0005859035146613678,,,,,,,,,,,,,,,,,,
0.2,nav,1.2576866149902344,1.432687759399414,0.3451901972293854,1.7517922035342153,0.6402356028556824,0.010693519376218319,-0.0037864530459046364,0.7680950164794922,0.348922461271286,0.013398915529251099,0.7920739054679871,0.550000011920929,0.0,1.0,,,,,,,-0.007550226058810949,0.0713023692369461,0.0881841853260994,0.031191149726510048,-0.05047706887125969,-0.003888006554916501,0.0005054108223703224,,,,,,,,,,,,,,,,,,
0.4,nav,1.2382261753082275,1.517218828201294,0.34333813190460205,1.8762493874824429,0.5909992456436157,0.021320482715964317,-0.0013123376993462443,0.8063893914222717,0.512171745300293,0.010022222995758057,0.5093338489532471,0.5778999924659729,0.0,0.5245000123977661,,,,,,,-0.03159061074256897,0.06664013862609863,0.06469206511974335,0.039396561682224274,-0.0416441485285759,-0.007240012753754854,0.0009774572317837738,,,,,,,,,,,,,,,,,,
0.6,nav,1.2009865045547485,1.6135741472244263,0.3414182662963867,1.9644674014408323,0.5549506545066833,0.016631461679935455,0.007149543613195419,0.8316863775253296,0.40583276748657227,0.0008685588836669922,0.6062010526657104,0.5559999942779541,0.0,1.0,,,,,,,-0.0060956887900829315,0.08055004477500916,0.07649803161621094,0.02074122428894043,-0.04079717770218849,0.0071325162425637245,0.00018349975098175264,,,,,,,,,,,,,,,,,,
0.8,nav,1.1613929271697998,1.6976274251937866,0.3421972692012787,2.0918471816992894,0.5006045699119568,0.027599647641181946,0.001839263248257339,0.8652340769767761,0.616723895072937,0.05736136436462402,0.31612324714660645,0.660099983215332,0.0,0.5095999836921692,,,,,,,-0.02398284710943699,0.05619867518544197,0.07149133831262589,0.02181677147746086,-0.04058472067117691,-0.009314881637692451,0.0007552983079222031,,,,,,,,,,,,,,,,,,
1.0,nav,1.1003801822662354,1.788236141204834,0.34405168890953064,2.1696151706996067,0.4669903814792633,0.010056952014565468,0.008101830258965492,0.8841681480407715,0.4070236086845398,-0.004094183444976807,0.5053525567054749,0.5543000102043152,0.0,1.0,,,,,,,-0.0005159102729521692,0.08068933337926865,0.08483631163835526,0.022266095504164696,-0.03364100679755211,-0.0017994678346440196,0.0002329823764739558,,,,,,,,,,,,,,,,,,
1.2,nav,1.0422148704528809,1.8652714490890503,0.34592780470848083,2.257608882892325,0.4274936318397522,0.018001794815063477,0.006879032123833895,0.9038129448890686,0.6042957901954651,0.029124975204467773,0.1425231546163559,0.5896999835968018,0.0,0.23100000619888306,,,,,,,-0.025314290076494217,0.07602294534444809,0.07130313664674759,0.025394229218363762,-0.047237951308488846,-0.00266838981769979,0.0013840905157849193,,,,,,,,,,,,,,,,,,
1.4000000000000001,nav,0.9677131175994873,1.9506440162658691,0.3418847918510437,2.196062953646486,0.4553496837615967,0.0004783605400007218,0.002446402795612812,0.89030921459198,0.5357432961463928,0.02796870470046997,-0.08065725117921829,0.6223000288009644,0.0,-0.19349999725818634,,,,,,,0.0005010578315705061,0.08307317644357681,0.04801463335752487,0.01853233203291893,-0.00020020992087665945,0.0021648795809596777,0.00036915793680236675,,,,,,,,,,,,,,,,,,
1.6,nav,0.8919128179550171,2.053269863128662,0.34674695134162903,2.1455450092652724,0.4774540066719055,0.018899764865636826,0.0022082130890339613,0.8784506916999817,0.6932104825973511,0.017850160598754883,-0.16662903130054474,0.6884999871253967,0.0,-0.16459999978542328,,,,,,,-0.02154313586652279,0.08177824318408966,0.06113031506538391,0.04290803149342537,-0.011994545347988605,0.0025398721918463707,0.0009893570095300674,,,,,,,,,,,,,,,,,,
1.8,nav,0.8242713212966919,2.158687114715576,0.33627456426620483,2.1357771709479794,0.4818166494369507,0.013360677286982536,0.009966956451535225,0.8761135935783386,0.5741406083106995,-0.0044768452644348145,0.8044800758361816,0.6966999769210815,0.0,1.0,,,,,,,-0.013608153909444809,0.0725407674908638,0.06386692076921463,0.042655326426029205,-0.04881802201271057,0.0020125270821154118,0.0010122560538547987,,,,,,,,,,,,,,,,,,
2.0,nav,0.7564879059791565,2.2510311603546143,0.3435366749763489,2.2909066491331296,0.4125443696975708,0.010660914704203606,0.004601716995239258,0.9108635783195496,0.5863713622093201,-0.005012810230255127,0.9740174412727356,0.6859999895095825,0.0,1.0,,,,,,,-0.013166876509785652,0.07499486953020096,0.07108023762702942,0.0381702296435833,-0.05813208222389221,0.015595417469739914,0.0007367923681158572,,,,,,,,,,,,,,,,,,
2.2,nav,0.6668823957443237,2.343787908554077,0.34204408526420593,2.4786080006743707,0.32541048526763916,0.008581532165408134,0.0017160670831799507,0.9455323815345764,0.707499623298645,-0.03511333465576172,0.9224939942359924,0.7843999862670898,0.0,1.0,,,,,,,-0.01074871513992548,0.07215651869773865,0.0855027586221695,0.03875187411904335,-0.08305805921554565,-0.009574520401656628,0.0006651583801442484,,,,,,,,,,,,,,,,,,
2.4,nav,0.5465177297592163,2.432901382446289,0.3459344804286957,2.687508564400973,0.22494037449359894,0.020019592717289925,0.001460241386666894,0.9741658568382263,0.8096325993537903,-0.018368661403656006,0.9945870637893677,0.7414000034332275,0.0,1.0,,,,,,,-0.0249265655875206,0.07319549471139908,0.07929882407188416,0.045487649738788605,-0.06590214371681213,-0.010987132787704468,0.0006901848271354538,,,,,,,,,,,,,,,,,,
2.6,nav,0.40555381774902344,2.4986438751220703,0.3442864418029785,2.8952809701857656,0.12282123416662216,0.01000213623046875,0.0005483810673467815,0.9923782348632812,0.7526124715805054,-0.049456626176834106,1.0385894775390625,0.6953999996185303,0.0,1.0,,,,,,,-0.026510797441005707,0.06932242959737778,0.06965268403291702,0.05364561453461647,-0.05413108691573143,0.005280174780637026,0.0011201883035028004,,,,,,,,,,,,,,,,,,
2.8000000000000003,nav,0.2556975781917572,2.535571575164795,0.3443213105201721,3.096301097490741,0.022653108462691307,0.008340287022292614,-0.0013936476316303015,0.9997075796127319,0.7478876113891602,-0.03945275396108627,0.885480523109436,0.6686999797821045,0.0,0.7703999876976013,,,,,,,-0.03256287798285484,0.0765068382024765,0.07117252051830292,0.0482260137796402,-0.040297601372003555,-0.006113511510193348,0.0018110017863364192,,,,,,,,,,,,,,,,,,
3.0,nav,0.10270436108112335,2.549769401550293,0.3395111858844757,3.098445320175097,0.021517157554626465,0.004684146028012037,0.011893766932189465,0.9996867775917053,0.7569929957389832,-0.013287529349327087,-0.2128252238035202,0.7229999899864197,0.0,-0.17030000686645508,,,,,,,-0.016018617898225784,0.08674141764640808,0.0505828931927681,0.032621052116155624,-0.027949199080467224,-0.01142420619726181,0.0007186168732005171,,,,,,,,,,,,,,,,,,
3.2,nav,-0.05003535747528076,2.562009572982788,0.3355328440666199,2.9593916001044955,0.09096658229827881,0.0020935654174536467,0.003947822377085686,0.9958439469337463,0.7115144729614258,0.01704038679599762,-1.1190851926803589,0.7197999954223633,0.0,-0.9276000261306763,,,,,,,-0.024837233126163483,0.08580602705478668,0.04502196982502937,0.023926405236124992,-0.03510142117738724,-0.013953461311757565,0.001330926831542456,,,,,,,,,,,,,,,,,,
3.4,nav,-0.19626593589782715,2.578746795654297,0.3416547179222107,2.8047426185816797,0.16760970652103424,0.004139130003750324,0.004564075730741024,0.9858341813087463,0.6935075521469116,0.082935631275177,-0.9448956251144409,0.6843000054359436,0.0,-0.934499979019165,,,,,,,-0.03417957201600075,0.08601918071508408,0.03768538311123848,0.03989231958985329,-0.024331845343112946,0.013205605559051037,0.0018652552921594179,,,,,,,,,,,,,,,,,,
3.6,nav,-0.3425537347793579,2.6132378578186035,0.33472901582717896,2.6634207454801944,0.23676705360412598,0.007604304701089859,0.0045899441465735435,0.9715259075164795,0.6995007991790771,0.11583864688873291,-0.3242579698562622,0.6819999814033508,0.0,0.0,,,,,,,-0.0008121077553369105,0.0778585895895958,0.0559067577123642,0.028052696958184242,-0.04487668722867966,-0.0032166484743356705,0.0004465701749722939,,,,,,,,,,,,,,,,,,
3.8000000000000003,nav,-0.47235167026519775,2.6714046001434326,0.334314227104187,2.6006450496148177,0.2670484185218811,0.011899849399924278,0.009844886139035225,0.9635595083236694,0.7242350578308105,-0.00609278678894043,0.08892662078142166,0.7208999991416931,0.0,0.08540000021457672,,,,,,,-0.003108631120994687,0.07946549355983734,0.048447757959365845,0.011704865843057632,-0.0718926265835762,-0.01747860759496689,0.0013081670567771653,,,,,,,,,,,,,,,,,,
4.0,nav,-0.5892938375473022,2.7453644275665283,0.3415319621562958,2.598789858458546,0.2680690288543701,0.002663687337189913,0.007782153785228729,0.9633647203445435,0.6467624306678772,-0.05954986810684204,-0.05769504979252815,0.6503000259399414,0.0,0.0,,,,,,,-0.008846254087984562,0.0947054773569107,0.06042853370308876,0.027747539803385735,-0.05176723748445511,-0.014211665838956833,0.0004786164172401186,,,,,,,,,,,,,,,,,,
4.2,nav,-0.7064908742904663,2.820838212966919,0.34237900376319885,2.6480998895385626,0.24412475526332855,0.01618119142949581,0.002462125848978758,0.9696058034896851,0.7843204736709595,-0.03002876043319702,-0.02986295521259308,0.7412999868392944,0.0,0.0,,,,,,,0.00550228264182806,0.08967442810535431,0.07356725633144379,0.013079226948320866,-0.07865391671657562,-0.01564335823059082,0.0007563308317912742,,,,,,,,,,,,,,,,,,
4.4,nav,-0.8396008610725403,2.8907763957977295,0.3426675498485565,2.656072133141761,0.24034422636032104,0.0077937631867825985,0.0027619018219411373,0.9706526398658752,0.8352537155151367,0.017459571361541748,-0.14822998642921448,0.7085000276565552,0.0,-0.026900000870227814,,,,,,,-0.000434661575127393,0.09940357506275177,0.0644633024930954,0.017288194969296455,-0.06904537230730057,-0.025030674412846565,0.001353649262455292,,,,,,,,,,,,,,,,,,
4.6000000000000005,nav,-0.9809927344322205,2.963479995727539,0.34266188740730286,2.686047749207387,0.22580575942993164,0.00104069197550416,0.0049070208333432674,0.9741595387458801,0.7866854071617126,-0.01081150770187378,0.41782161593437195,0.6794999837875366,0.0,0.4239000082015991,,,,,,,-0.013398036360740662,0.09517045319080353,0.06638181954622269,0.03520125895738602,-0.07668812572956085,-0.020813848823308945,0.0012533978442661464,,,,,,,,,,,,,,,,,,
4.8,nav,-1.1242165565490723,3.029979705810547,0.33917665481567383,2.756394525890973,0.19137243926525116,0.006236494518816471,0.005234704352915287,0.9814838171005249,0.8227141499519348,-0.017981648445129395,0.5348083972930908,0.7075999975204468,0.0,0.5110999941825867,,,,,,,-0.0072692628018558025,0.08881409466266632,0.06423354148864746,0.03782816231250763,-0.05522124469280243,-0.013281702995300293,0.0014856993475405034,,,,,,,,,,,,,,,,,,
5.0,nav,-1.2703561782836914,3.0874879360198975,0.3428380489349365,2.7613538950687357,0.18901100754737854,0.009013114497065544,-0.006523492280393839,0.9819119572639465,0.834382176399231,0.03791165351867676,-0.3064054250717163,0.701200008392334,0.0,-0.24959999322891235,,,,,,,-0.007729643490165472,0.10498447716236115,0.05164620280265808,0.01993325725197792,-0.06623075157403946,-0.03554631024599075,0.0012068059786543017,,,,,,,,,,,,,,,,,,
0.0,nav,1.2667961120605469,1.377238154411316,0.33490028977394104,1.5945277587886715,0.6986521482467651,0.004548674914985895,0.0025714579969644547,0.7154424786567688,0.04069298878312111,0.03243812173604965,0.7378349304199219,0.550000011920929,0.0,1.0,,,,,,,-0.007384728640317917,0.008739760145545006,0.01701078563928604,0.011415994726121426,-0.010484152473509312,0.001213488751091063,0.0005859035146613678,,,,,,,,,,,,,,,,,,
0.2,nav,1.2576866149902344,1.432687759399414,0.3451901972293854,1.7517922035342153,0.6402356028556824,0.010693519376218319,-0.0037864530459046364,0.7680950164794922,0.348922461271286,0.013398915529251099,0.7920739054679871,0.550000011920929,0.0,1.0,,,,,,,-0.007550226058810949,0.0713023692369461,0.0881841853260994,0.031191149726510048,-0.05047706887125969,-0.003888006554916501,0.0005054108223703224,,,,,,,,,,,,,,,,,,
0.4,nav,1.2382261753082275,1.517218828201294,0.34333813190460205,1.8762493874824429,0.5909992456436157,0.021320482715964317,-0.0013123376993462443,0.8063893914222717,0.512171745300293,0.010022222995758057,0.5093338489532471,0.5778999924659729,0.0,0.5245000123977661,,,,,,,-0.03159061074256897,0.06664013862609863,0.06469206511974335,0.039396561682224274,-0.0416441485285759,-0.007240012753754854,0.0009774572317837738,,,,,,,,,,,,,,,,,,
0.6,nav,1.2009865045547485,1.6135741472244263,0.3414182662963867,1.9644674014408323,0.5549506545066833,0.016631461679935455,0.007149543613195419,0.8316863775253296,0.40583276748657227,0.0008685588836669922,0.6062010526657104,0.5559999942779541,0.0,1.0,,,,,,,-0.0060956887900829315,0.08055004477500916,0.07649803161621094,0.02074122428894043,-0.04079717770218849,0.0071325162425637245,0.00018349975098175264,,,,,,,,,,,,,,,,,,
0.8,nav,1.1613929271697998,1.6976274251937866,0.3421972692012787,2.0918471816992894,0.5006045699119568,0.027599647641181946,0.001839263248257339,0.8652340769767761,0.616723895072937,0.05736136436462402,0.31612324714660645,0.660099983215332,0.0,0.5095999836921692,,,,,,,-0.02398284710943699,0.05619867518544197,0.07149133831262589,0.02181677147746086,-0.04058472067117691,-0.009314881637692451,0.0007552983079222031,,,,,,,,,,,,,,,,,,
1.0,nav,1.1003801822662354,1.788236141204834,0.34405168890953064,2.1696151706996067,0.4669903814792633,0.010056952014565468,0.008101830258965492,0.8841681480407715,0.4070236086845398,-0.004094183444976807,0.5053525567054749,0.5543000102043152,0.0,1.0,,,,,,,-0.0005159102729521692,0.08068933337926865,0.08483631163835526,0.022266095504164696,-0.03364100679755211,-0.0017994678346440196,0.0002329823764739558,,,,,,,,,,,,,,,,,,
1.2,nav,1.0422148704528809,1.8652714490890503,0.34592780470848083,2.257608882892325,0.4274936318397522,0.018001794815063477,0.006879032123833895,0.9038129448890686,0.6042957901954651,0.029124975204467773,0.1425231546163559,0.5896999835968018,0.0,0.23100000619888306,,,,,,,-0.025314290076494217,0.07602294534444809,0.07130313664674759,0.025394229218363762,-0.047237951308488846,-0.00266838981769979,0.0013840905157849193,,,,,,,,,,,,,,,,,,
1.4000000000000001,nav,0.9677131175994873,1.9506440162658691,0.3418847918510437,2.196062953646486,0.4553496837615967,0.0004783605400007218,0.002446402795612812,0.89030921459198,0.5357432961463928,0.02796870470046997,-0.08065725117921829,0.6223000288009644,0.0,-0.19349999725818634,,,,,,,0.0005010578315705061,0.08307317644357681,0.04801463335752487,0.01853233203291893,-0.00020020992087665945,0.0021648795809596777,0.00036915793680236675,,,,,,,,,,,,,,,,,,
1.6,nav,0.8919128179550171,2.053269863128662,0.34674695134162903,2.1455450092652724,0.4774540066719055,0.018899764865636826,0.0022082130890339613,0.8784506916999817,0.6932104825973511,0.017850160598754883,-0.16662903130054474,0.6884999871253967,0.0,-0.16459999978542328,,,,,,,-0.02154313586652279,0.08177824318408966,0.06113031506538391,0.04290803149342537,-0.011994545347988605,0.0025398721918463707,0.0009893570095300674,,,,,,,,,,,,,,,,,,
1.8,nav,0.8242713212966919,2.158687114715576,0.33627456426620483,2.1357771709479794,0.4818166494369507,0.013360677286982536,0.009966956451535225,0.8761135935783386,0.5741406083106995,-0.0044768452644348145,0.8044800758361816,0.6966999769210815,0.0,1.0,,,,,,,-0.013608153909444809,0.0725407674908638,0.06386692076921463,0.042655326426029205,-0.04881802201271057,0.0020125270821154118,0.0010122560538547987,,,,,,,,,,,,,,,,,,
2.0,nav,0.7564879059791565,2.2510311603546143,0.3435366749763489,2.2909066491331296,0.4125443696975708,0.010660914704203606,0.004601716995239258,0.9108635783195496,0.5863713622093201,-0.005012810230255127,0.9740174412727356,0.6859999895095825,0.0,1.0,,,,,,,-0.013166876509785652,0.07499486953020096,0.07108023762702942,0.0381702296435833,-0.05813208222389221,0.015595417469739914,0.0007367923681158572,,,,,,,,,,,,,,,,,,
2.2,nav,0.6668823957443237,2.343787908554077,0.34204408526420593,2.4786080006743707,0.32541048526763916,0.008581532165408134,0.0017160670831799507,0.9455323815345764,0.707499623298645,-0.03511333465576172,0.9224939942359924,0.7843999862670898,0.0,1.0,,,,,,,-0.01074871513992548,0.07215651869773865,0.0855027586221695,0.03875187411904335,-0.08305805921554565,-0.009574520401656628,0.0006651583801442484,,,,,,,,,,,,,,,,,,
2.4,nav,0.5465177297592163,2.432901382446289,0.3459344804286957,2.687508564400973,0.22494037449359894,0.020019592717289925,0.001460241386666894,0.9741658568382263,0.8096325993537903,-0.018368661403656006,0.9945870637893677,0.7414000034332275,0.0,1.0,,,,,,,-0.0249265655875206,0.07319549471139908,0.07929882407188416,0.045487649738788605,-0.06590214371681213,-0.010987132787704468,0.0006901848271354538,,,,,,,,,,,,,,,,,,
2.6,nav,0.40555381774902344,2.4986438751220703,0.3442864418029785,2.8952809701857656,0.12282123416662216,0.01000213623046875,0.0005483810673467815,0.9923782348632812,0.7526124715805054,-0.049456626176834106,1.0385894775390625,0.6953999996185303,0.0,1.0,,,,,,,-0.026510797441005707,0.06932242959737778,0.06965268403291702,0.05364561453461647,-0.05413108691573143,0.005280174780637026,0.0011201883035028004,,,,,,,,,,,,,,,,,,
2.8000000000000003,nav,0.2556975781917572,2.535571575164795,0.3443213105201721,3.096301097490741,0.022653108462691307,0.008340287022292614,-0.0013936476316303015,0.9997075796127319,0.7478876113891602,-0.03945275396108627,0.885480523109436,0.6686999797821045,0.0,0.7703999876976013,,,,,,,-0.03256287798285484,0.0765068382024765,0.07117252051830292,0.0482260137796402,-0.040297601372003555,-0.006113511510193348,0.0018110017863364192,,,,,,,,,,,,,,,,,,
3.0,nav,0.10270436108112335,2.549769401550293,0.3395111858844757,3.098445320175097,0.021517157554626465,0.004684146028012037,0.011893766932189465,0.9996867775917053,0.7569929957389832,-0.013287529349327087,-0.2128252238035202,0.7229999899864197,0.0,-0.17030000686645508,,,,,,,-0.016018617898225784,0.08674141764640808,0.0505828931927681,0.032621052116155624,-0.027949199080467224,-0.01142420619726181,0.0007186168732005171,,,,,,,,,,,,,,,,,,
3.2,nav,-0.05003535747528076,2.562009572982788,0.3355328440666199,2.9593916001044955,0.09096658229827881,0.0020935654174536467,0.003947822377085686,0.9958439469337463,0.7115144729614258,0.01704038679599762,-1.1190851926803589,0.7197999954223633,0.0,-0.9276000261306763,,,,,,,-0.024837233126163483,0.08580602705478668,0.04502196982502937,0.023926405236124992,-0.03510142117738724,-0.013953461311757565,0.001330926831542456,,,,,,,,,,,,,,,,,,
3.4,nav,-0.19626593589782715,2.578746795654297,0.3416547179222107,2.8047426185816797,0.16760970652103424,0.004139130003750324,0.004564075730741024,0.9858341813087463,0.6935075521469116,0.082935631275177,-0.9448956251144409,0.6843000054359436,0.0,-0.934499979019165,,,,,,,-0.03417957201600075,0.08601918071508408,0.03768538311123848,0.03989231958985329,-0.024331845343112946,0.013205605559051037,0.0018652552921594179,,,,,,,,,,,,,,,,,,
3.6,nav,-0.3425537347793579,2.6132378578186035,0.33472901582717896,2.6634207454801944,0.23676705360412598,0.007604304701089859,0.0045899441465735435,0.9715259075164795,0.6995007991790771,0.11583864688873291,-0.3242579698562622,0.6819999814033508,0.0,0.0,,,,,,,-0.0008121077553369105,0.0778585895895958,0.0559067577123642,0.028052696958184242,-0.04487668722867966,-0.0032166484743356705,0.0004465701749722939,,,,,,,,,,,,,,,,,,
3.8000000000000003,nav,-0.47235167026519775,2.6714046001434326,0.334314227104187,2.6006450496148177,0.2670484185218811,0.011899849399924278,0.009844886139035225,0.9635595083236694,0.7242350578308105,-0.00609278678894043,0.08892662078142166,0.7208999991416931,0.0,0.08540000021457672,,,,,,,-0.003108631120994687,0.07946549355983734,0.048447757959365845,0.011704865843057632,-0.0718926265835762,-0.01747860759496689,0.0013081670567771653,,,,,,,,,,,,,,,,,,
4.0,nav,-0.5892938375473022,2.7453644275665283,0.3415319621562958,2.598789858458546,0.2680690288543701,0.002663687337189913,0.007782153785228729,0.9633647203445435,0.6467624306678772,-0.05954986810684204,-0.05769504979252815,0.6503000259399414,0.0,0.0,,,,,,,-0.008846254087984562,0.0947054773569107,0.06042853370308876,0.027747539803385735,-0.05176723748445511,-0.014211665838956833,0.0004786164172401186,,,,,,,,,,,,,,,,,,
4.2,nav,-0.7064908742904663,2.820838212966919,0.34237900376319885,2.6480998895385626,0.24412475526332855,0.01618119142949581,0.002462125848978758,0.9696058034896851,0.7843204736709595,-0.03002876043319702,-0.02986295521259308,0.7412999868392944,0.0,0.0,,,,,,,0.00550228264182806,0.08967442810535431,0.07356725633144379,0.013079226948320866,-0.07865391671657562,-0.01564335823059082,0.0007563308317912742,,,,,,,,,,,,,,,,,,
4.4,nav,-0.8396008610725403,2.8907763957977295,0.3426675498485565,2.656072133141761,0.24034422636032104,0.0077937631867825985,0.0027619018219411373,0.9706526398658752,0.8352537155151367,0.017459571361541748,-0.14822998642921448,0.7085000276565552,0.0,-0.026900000870227814,,,,,,,-0.000434661575127393,0.09940357506275177,0.0644633024930954,0.017288194969296455,-0.06904537230730057,-0.025030674412846565,0.001353649262455292,,,,,,,,,,,,,,,,,,
4.6000000000000005,nav,-0.9809927344322205,2.963479995727539,0.34266188740730286,2.686047749207387,0.22580575942993164,0.00104069197550416,0.0049070208333432674,0.9741595387458801,0.7866854071617126,-0.01081150770187378,0.41782161593437195,0.6794999837875366,0.0,0.4239000082015991,,,,,,,-0.013398036360740662,0.09517045319080353,0.06638181954622269,0.03520125895738602,-0.07668812572956085,-0.020813848823308945,0.0012533978442661464,,,,,,,,,,,,,,,,,,
4.8,nav,-1.1242165565490723,3.029979705810547,0.33917665481567383,2.756394525890973,0.19137243926525116,0.006236494518816471,0.005234704352915287,0.9814838171005249,0.8227141499519348,-0.017981648445129395,0.5348083972930908,0.7075999975204468,0.0,0.5110999941825867,,,,,,,-0.0072692628018558025,0.08881409466266632,0.06423354148864746,0.03782816231250763,-0.05522124469280243,-0.013281702995300293,0.0014856993475405034,,,,,,,,,,,,,,,,,,
5.0,nav,-1.2703561782836914,3.0874879360198975,0.3428380489349365,2.7613538950687357,0.18901100754737854,0.009013114497065544,-0.006523492280393839,0.9819119572639465,0.834382176399231,0.03791165351867676,-0.3064054250717163,0.701200008392334,0.0,-0.24959999322891235,,,,,,,-0.007729643490165472,0.10498447716236115,0.05164620280265808,0.01993325725197792,-0.06623075157403946,-0.03554631024599075,0.0012068059786543017,,,,,,,,,,,,,,,,,,
0.0,nav,1.2667961120605469,1.377238154411316,0.33490028977394104,1.5945277587886715,0.6986521482467651,0.004548674914985895,0.0025714579969644547,0.7154424786567688,0.04069298878312111,0.03243812173604965,0.7378349304199219,0.550000011920929,0.0,1.0,,,,,,,-0.007384728640317917,0.008739760145545006,0.01701078563928604,0.011415994726121426,-0.010484152473509312,0.001213488751091063,0.0005859035146613678,,,,,,,,,,,,,,,,,,
0.2,nav,1.2576866149902344,1.432687759399414,0.3451901972293854,1.7517922035342153,0.6402356028556824,0.010693519376218319,-0.0037864530459046364,0.7680950164794922,0.348922461271286,0.013398915529251099,0.7920739054679871,0.550000011920929,0.0,1.0,,,,,,,-0.007550226058810949,0.0713023692369461,0.0881841853260994,0.031191149726510048,-0.05047706887125969,-0.003888006554916501,0.0005054108223703224,,,,,,,,,,,,,,,,,,
0.4,nav,1.2382261753082275,1.517218828201294,0.34333813190460205,1.8762493874824429,0.5909992456436157,0.021320482715964317,-0.0013123376993462443,0.8063893914222717,0.512171745300293,0.010022222995758057,0.5093338489532471,0.5778999924659729,0.0,0.5245000123977661,,,,,,,-0.03159061074256897,0.06664013862609863,0.06469206511974335,0.039396561682224274,-0.0416441485285759,-0.007240012753754854,0.0009774572317837738,,,,,,,,,,,,,,,,,,
0.6,nav,1.2009865045547485,1.6135741472244263,0.3414182662963867,1.9644674014408323,0.5549506545066833,0.016631461679935455,0.007149543613195419,0.8316863775253296,0.40583276748657227,0.0008685588836669922,0.6062010526657104,0.5559999942779541,0.0,1.0,,,,,,,-0.0060956887900829315,0.08055004477500916,0.07649803161621094,0.02074122428894043,-0.04079717770218849,0.0071325162425637245,0.00018349975098175264,,,,,,,,,,,,,,,,,,
0.8,nav,1.1613929271697998,1.6976274251937866,0.3421972692012787,2.0918471816992894,0.5006045699119568,0.027599647641181946,0.001839263248257339,0.8652340769767761,0.616723895072937,0.05736136436462402,0.31612324714660645,0.660099983215332,0.0,0.5095999836921692,,,,,,,-0.02398284710943699,0.05619867518544197,0.07149133831262589,0.02181677147746086,-0.04058472067117691,-0.009314881637692451,0.0007552983079222031,,,,,,,,,,,,,,,,,,
1.0,nav,1.1003801822662354,1.788236141204834,0.34405168890953064,2.1696151706996067,0.4669903814792633,0.010056952014565468,0.008101830258965492,0.8841681480407715,0.4070236086845398,-0.004094183444976807,0.5053525567054749,0.5543000102043152,0.0,1.0,,,,,,,-0.0005159102729521692,0.08068933337926865,0.08483631163835526,0.022266095504164696,-0.03364100679755211,-0.0017994678346440196,0.0002329823764739558,,,,,,,,,,,,,,,,,,
1.2,nav,1.0422148704528809,1.8652714490890503,0.34592780470848083,2.257608882892325,0.4274936318397522,0.018001794815063477,0.006879032123833895,0.9038129448890686,0.6042957901954651,0.029124975204467773,0.1425231546163559,0.5896999835968018,0.0,0.23100000619888306,,,,,,,-0.025314290076494217,0.07602294534444809,0.07130313664674759,0.025394229218363762,-0.047237951308488846,-0.00266838981769979,0.0013840905157849193,,,,,,,,,,,,,,,,,,
1.4000000000000001,nav,0.9677131175994873,1.9506440162658691,0.3418847918510437,2.196062953646486,0.4553496837615967,0.0004783605400007218,0.002446402795612812,0.89030921459198,0.5357432961463928,0.02796870470046997,-0.08065725117921829,0.6223000288009644,0.0,-0.19349999725818634,,,,,,,0.0005010578315705061,0.08307317644357681,0.04801463335752487,0.01853233203291893,-0.00020020992087665945,0.0021648795809596777,0.00036915793680236675,,,,,,,,,,,,,,,,,,
1.6,nav,0.8919128179550171,2.053269863128662,0.34674695134162903,2.1455450092652724,0.4774540066719055,0.018899764865636826,0.0022082130890339613,0.8784506916999817,0.6932104825973511,0.017850160598754883,-0.16662903130054474,0.6884999871253967,0.0,-0.16459999978542328,,,,,,,-0.02154313586652279,0.08177824318408966,0.06113031506538391,0.04290803149342537,-0.011994545347988605,0.0025398721918463707,0.0009893570095300674,,,,,,,,,,,,,,,,,,
1.8,nav,0.8242713212966919,2.158687114715576,0.33627456426620483,2.1357771709479794,0.4818166494369507,0.013360677286982536,0.009966956451535225,0.8761135935783386,0.5741406083106995,-0.0044768452644348145,0.8044800758361816,0.6966999769210815,0.0,1.0,,,,,,,-0.013608153909444809,0.0725407674908638,0.06386692076921463,0.042655326426029205,-0.04881802201271057,0.0020125270821154118,0.0010122560538547987,,,,,,,,,,,,,,,,,,
2.0,nav,0.7564879059791565,2.2510311603546143,0.3435366749763489,2.2909066491331296,0.4125443696975708,0.010660914704203606,0.004601716995239258,0.9108635783195496,0.5863713622093201,-0.005012810230255127,0.9740174412727356,0.6859999895095825,0.0,1.0,,,,,,,-0.013166876509785652,0.07499486953020096,0.07108023762702942,0.0381702296435833,-0.05813208222389221,0.015595417469739914,0.0007367923681158572,,,,,,,,,,,,,,,,,,
2.2,nav,0.6668823957443237,2.343787908554077,0.34204408526420593,2.4786080006743707,0.32541048526763916,0.008581532165408134,0.0017160670831799507,0.9455323815345764,0.707499623298645,-0.03511333465576172,0.9224939942359924,0.7843999862670898,0.0,1.0,,,,,,,-0.01074871513992548,0.07215651869773865,0.0855027586221695,0.03875187411904335,-0.08305805921554565,-0.009574520401656628,0.0006651583801442484,,,,,,,,,,,,,,,,,,
2.4,nav,0.5465177297592163,2.432901382446289,0.3459344804286957,2.687508564400973,0.22494037449359894,0.020019592717289925,0.001460241386666894,0.9741658568382263,0.8096325993537903,-0.018368661403656006,0.9945870637893677,0.7414000034332275,0.0,1.0,,,,,,,-0.0249265655875206,0.07319549471139908,0.07929882407188416,0.045487649738788605,-0.06590214371681213,-0.010987132787704468,0.0006901848271354538,,,,,,,,,,,,,,,,,,
2.6,nav,0.40555381774902344,2.4986438751220703,0.3442864418029785,2.8952809701857656,0.12282123416662216,0.01000213623046875,0.0005483810673467815,0.9923782348632812,0.7526124715805054,-0.049456626176834106,1.0385894775390625,0.6953999996185303,0.0,1.0,,,,,,,-0.026510797441005707,0.06932242959737778,0.06965268403291702,0.05364561453461647,-0.05413108691573143,0.005280174780637026,0.0011201883035028004,,,,,,,,,,,,,,,,,,
2.8000000000000003,nav,0.2556975781917572,2.535571575164795,0.3443213105201721,3.096301097490741,0.022653108462691307,0.008340287022292614,-0.0013936476316303015,0.9997075796127319,0.7478876113891602,-0.03945275396108627,0.885480523109436,0.6686999797821045,0.0,0.7703999876976013,,,,,,,-0.03256287798285484,0.0765068382024765,0.07117252051830292,0.0482260137796402,-0.040297601372003555,-0.006113511510193348,0.0018110017863364192,,,,,,,,,,,,,,,,,,
3.0,nav,0.10270436108112335,2.549769401550293,0.3395111858844757,3.098445320175097,0.021517157554626465,0.004684146028012037,0.011893766932189465,0.9996867775917053,0.7569929957389832,-0.013287529349327087,-0.2128252238035202,0.7229999899864197,0.0,-0.17030000686645508,,,,,,,-0.016018617898225784,0.08674141764640808,0.0505828931927681,0.032621052116155624,-0.027949199080467224,-0.01142420619726181,0.0007186168732005171,,,,,,,,,,,,,,,,,,
3.2,nav,-0.05003535747528076,2.562009572982788,0.3355328440666199,2.9593916001044955,0.09096658229827881,0.0020935654174536467,0.003947822377085686,0.9958439469337463,0.7115144729614258,0.01704038679599762,-1.1190851926803589,0.7197999954223633,0.0,-0.9276000261306763,,,,,,,-0.024837233126163483,0.08580602705478668,0.04502196982502937,0.023926405236124992,-0.03510142117738724,-0.013953461311757565,0.001330926831542456,,,,,,,,,,,,,,,,,,
3.4,nav,-0.19626593589782715,2.578746795654297,0.3416547179222107,2.8047426185816797,0.16760970652103424,0.004139130003750324,0.004564075730741024,0.9858341813087463,0.6935075521469116,0.082935631275177,-0.9448956251144409,0.6843000054359436,0.0,-0.934499979019165,,,,,,,-0.03417957201600075,0.08601918071508408,0.03768538311123848,0.03989231958985329,-0.024331845343112946,0.013205605559051037,0.0018652552921594179,,,,,,,,,,,,,,,,,,
3.6,nav,-0.3425537347793579,2.6132378578186035,0.33472901582717896,2.6634207454801944,0.23676705360412598,0.007604304701089859,0.0045899441465735435,0.9715259075164795,0.6995007991790771,0.11583864688873291,-0.3242579698562622,0.6819999814033508,0.0,0.0,,,,,,,-0.0008121077553369105,0.0778585895895958,0.0559067577123642,0.028052696958184242,-0.04487668722867966,-0.0032166484743356705,0.0004465701749722939,,,,,,,,,,,,,,,,,,
3.8000000000000003,nav,-0.47235167026519775,2.6714046001434326,0.334314227104187,2.6006450496148177,0.2670484185218811,0.011899849399924278,0.009844886139035225,0.9635595083236694,0.7242350578308105,-0.00609278678894043,0.08892662078142166,0.7208999991416931,0.0,0.08540000021457672,,,,,,,-0.003108631120994687,0.07946549355983734,0.048447757959365845,0.011704865843057632,-0.0718926265835762,-0.01747860759496689,0.0013081670567771653,,,,,,,,,,,,,,,,,,
4.0,nav,-0.5892938375473022,2.7453644275665283,0.3415319621562958,2.598789858458546,0.2680690288543701,0.002663687337189913,0.007782153785228729,0.9633647203445435,0.6467624306678772,-0.05954986810684204,-0.05769504979252815,0.6503000259399414,0.0,0.0,,,,,,,-0.008846254087984562,0.0947054773569107,0.06042853370308876,0.027747539803385735,-0.05176723748445511,-0.014211665838956833,0.0004786164172401186,,,,,,,,,,,,,,,,,,
4.2,nav,-0.7064908742904663,2.820838212966919,0.34237900376319885,2.6480998895385626,0.24412475526332855,0.01618119142949581,0.002462125848978758,0.9696058034896851,0.7843204736709595,-0.03002876043319702,-0.02986295521259308,0.7412999868392944,0.0,0.0,,,,,,,0.00550228264182806,0.08967442810535431,0.07356725633144379,0.013079226948320866,-0.07865391671657562,-0.01564335823059082,0.0007563308317912742,,,,,,,,,,,,,,,,,,
4.4,nav,-0.8396008610725403,2.8907763957977295,0.3426675498485565,2.656072133141761,0.24034422636032104,0.0077937631867825985,0.0027619018219411373,0.9706526398658752,0.8352537155151367,0.017459571361541748,-0.14822998642921448,0.7085000276565552,0.0,-0.026900000870227814,,,,,,,-0.000434661575127393,0.09940357506275177,0.0644633024930954,0.017288194969296455,-0.06904537230730057,-0.025030674412846565,0.001353649262455292,,,,,,,,,,,,,,,,,,
4.6000000000000005,nav,-0.9809927344322205,2.963479995727539,0.34266188740730286,2.686047749207387,0.22580575942993164,0.00104069197550416,0.0049070208333432674,0.9741595387458801,0.7866854071617126,-0.01081150770187378,0.41782161593437195,0.6794999837875366,0.0,0.4239000082015991,,,,,,,-0.013398036360740662,0.09517045319080353,0.06638181954622269,0.03520125895738602,-0.07668812572956085,-0.020813848823308945,0.0012533978442661464,,,,,,,,,,,,,,,,,,
4.8,nav,-1.1242165565490723,3.029979705810547,0.33917665481567383,2.756394525890973,0.19137243926525116,0.006236494518816471,0.005234704352915287,0.9814838171005249,0.8227141499519348,-0.017981648445129395,0.5348083972930908,0.7075999975204468,0.0,0.5110999941825867,,,,,,,-0.0072692628018558025,0.08881409466266632,0.06423354148864746,0.03782816231250763,-0.05522124469280243,-0.013281702995300293,0.0014856993475405034,,,,,,,,,,,,,,,,,,
5.0,nav,-1.2703561782836914,3.0874879360198975,0.3428380489349365,2.7613538950687357,0.18901100754737854,0.009013114497065544,-0.006523492280393839,0.9819119572639465,0.834382176399231,0.03791165351867676,-0.3064054250717163,0.701200008392334,0.0,-0.24959999322891235,,,,,,,-0.007729643490165472,0.10498447716236115,0.05164620280265808,0.01993325725197792,-0.06623075157403946,-0.03554631024599075,0.0012068059786543017,,,,,,,,,,,,,,,,,,
0.0,nav,1.2667961120605469,1.377238154411316,0.33490028977394104,1.5945277587886715,0.6986521482467651,0.004548674914985895,0.0025714579969644547,0.7154424786567688,0.04069298878312111,0.03243812173604965,0.7378349304199219,0.550000011920929,0.0,1.0,,,,,,,-0.007384728640317917,0.008739760145545006,0.01701078563928604,0.011415994726121426,-0.010484152473509312,0.001213488751091063,0.0005859035146613678,,,,,,,,,,,,,,,,,,
0.2,nav,1.2576866149902344,1.432687759399414,0.3451901972293854,1.7517922035342153,0.6402356028556824,0.010693519376218319,-0.0037864530459046364,0.7680950164794922,0.348922461271286,0.013398915529251099,0.7920739054679871,0.550000011920929,0.0,1.0,,,,,,,-0.007550226058810949,0.0713023692369461,0.0881841853260994,0.031191149726510048,-0.05047706887125969,-0.003888006554916501,0.0005054108223703224,,,,,,,,,,,,,,,,,,
0.4,nav,1.2382261753082275,1.517218828201294,0.34333813190460205,1.8762493874824429,0.5909992456436157,0.021320482715964317,-0.0013123376993462443,0.8063893914222717,0.512171745300293,0.010022222995758057,0.5093338489532471,0.5778999924659729,0.0,0.5245000123977661,,,,,,,-0.03159061074256897,0.06664013862609863,0.06469206511974335,0.039396561682224274,-0.0416441485285759,-0.007240012753754854,0.0009774572317837738,,,,,,,,,,,,,,,,,,
0.6,nav,1.2009865045547485,1.6135741472244263,0.3414182662963867,1.9644674014408323,0.5549506545066833,0.016631461679935455,0.007149543613195419,0.8316863775253296,0.40583276748657227,0.0008685588836669922,0.6062010526657104,0.5559999942779541,0.0,1.0,,,,,,,-0.0060956887900829315,0.08055004477500916,0.07649803161621094,0.02074122428894043,-0.04079717770218849,0.0071325162425637245,0.00018349975098175264,,,,,,,,,,,,,,,,,,
0.8,nav,1.1613929271697998,1.6976274251937866,0.3421972692012787,2.0918471816992894,0.5006045699119568,0.027599647641181946,0.001839263248257339,0.8652340769767761,0.616723895072937,0.05736136436462402,0.31612324714660645,0.660099983215332,0.0,0.5095999836921692,,,,,,,-0.02398284710943699,0.05619867518544197,0.07149133831262589,0.02181677147746086,-0.04058472067117691,-0.009314881637692451,0.0007552983079222031,,,,,,,,,,,,,,,,,,
1.0,nav,1.1003801822662354,1.788236141204834,0.34405168890953064,2.1696151706996067,0.4669903814792633,0.010056952014565468,0.008101830258965492,0.8841681480407715,0.4070236086845398,-0.004094183444976807,0.5053525567054749,0.5543000102043152,0.0,1.0,,,,,,,-0.0005159102729521692,0.08068933337926865,0.08483631163835526,0.022266095504164696,-0.03364100679755211,-0.0017994678346440196,0.0002329823764739558,,,,,,,,,,,,,,,,,,
1.2,nav,1.0422148704528809,1.8652714490890503,0.34592780470848083,2.257608882892325,0.4274936318397522,0.018001794815063477,0.006879032123833895,0.9038129448890686,0.6042957901954651,0.029124975204467773,0.1425231546163559,0.5896999835968018,0.0,0.23100000619888306,,,,,,,-0.025314290076494217,0.07602294534444809,0.07130313664674759,0.025394229218363762,-0.047237951308488846,-0.00266838981769979,0.0013840905157849193,,,,,,,,,,,,,,,,,,
1.4000000000000001,nav,0.9677131175994873,1.9506440162658691,0.3418847918510437,2.196062953646486,0.4553496837615967,0.0004783605400007218,0.002446402795612812,0.89030921459198,0.5357432961463928,0.02796870470046997,-0.08065725117921829,0.6223000288009644,0.0,-0.19349999725818634,,,,,,,0.0005010578315705061,0.08307317644357681,0.04801463335752487,0.01853233203291893,-0.00020020992087665945,0.0021648795809596777,0.00036915793680236675,,,,,,,,,,,,,,,,,,
1.6,nav,0.8919128179550171,2.053269863128662,0.34674695134162903,2.1455450092652724,0.4774540066719055,0.018899764865636826,0.0022082130890339613,0.8784506916999817,0.6932104825973511,0.017850160598754883,-0.16662903130054474,0.6884999871253967,0.0,-0.16459999978542328,,,,,,,-0.02154313586652279,0.08177824318408966,0.06113031506538391,0.04290803149342537,-0.011994545347988605,0.0025398721918463707,0.0009893570095300674,,,,,,,,,,,,,,,,,,
1.8,nav,0.8242713212966919,2.158687114715576,0.33627456426620483,2.1357771709479794,0.4818166494369507,0.013360677286982536,0.009966956451535225,0.8761135935783386,0.5741406083106995,-0.0044768452644348145,0.8044800758361816,0.6966999769210815,0.0,1.0,,,,,,,-0.013608153909444809,0.0725407674908638,0.06386692076921463,0.042655326426029205,-0.04881802201271057,0.0020125270821154118,0.0010122560538547987,,,,,,,,,,,,,,,,,,
2.0,nav,0.7564879059791565,2.2510311603546143,0.3435366749763489,2.2909066491331296,0.4125443696975708,0.010660914704203606,0.004601716995239258,0.9108635783195496,0.5863713622093201,-0.005012810230255127,0.9740174412727356,0.6859999895095825,0.0,1.0,,,,,,,-0.013166876509785652,0.07499486953020096,0.07108023762702942,0.0381702296435833,-0.05813208222389221,0.015595417469739914,0.0007367923681158572,,,,,,,,,,,,,,,,,,
2.2,nav,0.6668823957443237,2.343787908554077,0.34204408526420593,2.4786080006743707,0.32541048526763916,0.008581532165408134,0.0017160670831799507,0.9455323815345764,0.707499623298645,-0.03511333465576172,0.9224939942359924,0.7843999862670898,0.0,1.0,,,,,,,-0.01074871513992548,0.07215651869773865,0.0855027586221695,0.03875187411904335,-0.08305805921554565,-0.009574520401656628,0.0006651583801442484,,,,,,,,,,,,,,,,,,
2.4,nav,0.5465177297592163,2.432901382446289,0.3459344804286957,2.687508564400973,0.22494037449359894,0.020019592717289925,0.001460241386666894,0.9741658568382263,0.8096325993537903,-0.018368661403656006,0.9945870637893677,0.7414000034332275,0.0,1.0,,,,,,,-0.0249265655875206,0.07319549471139908,0.07929882407188416,0.045487649738788605,-0.06590214371681213,-0.010987132787704468,0.0006901848271354538,,,,,,,,,,,,,,,,,,
2.6,nav,0.40555381774902344,2.4986438751220703,0.3442864418029785,2.8952809701857656,0.12282123416662216,0.01000213623046875,0.0005483810673467815,0.9923782348632812,0.7526124715805054,-0.049456626176834106,1.0385894775390625,0.6953999996185303,0.0,1.0,,,,,,,-0.026510797441005707,0.06932242959737778,0.06965268403291702,0.05364561453461647,-0.05413108691573143,0.005280174780637026,0.0011201883035028004,,,,,,,,,,,,,,,,,,
2.8000000000000003,nav,0.2556975781917572,2.535571575164795,0.3443213105201721,3.096301097490741,0.022653108462691307,0.008340287022292614,-0.0013936476316303015,0.9997075796127319,0.7478876113891602,-0.03945275396108627,0.885480523109436,0.6686999797821045,0.0,0.7703999876976013,,,,,,,-0.03256287798285484,0.0765068382024765,0.07117252051830292,0.0482260137796402,-0.040297601372003555,-0.006113511510193348,0.0018110017863364192,,,,,,,,,,,,,,,,,,
3.0,nav,0.10270436108112335,2.549769401550293,0.3395111858844757,3.098445320175097,0.021517157554626465,0.004684146028012037,0.011893766932189465,0.9996867775917053,0.7569929957389832,-0.013287529349327087,-0.2128252238035202,0.7229999899864197,0.0,-0.17030000686645508,,,,,,,-0.016018617898225784,0.08674141764640808,0.0505828931927681,0.032621052116155624,-0.027949199080467224,-0.01142420619726181,0.0007186168732005171,,,,,,,,,,,,,,,,,,
3.2,nav,-0.05003535747528076,2.562009572982788,0.3355328440666199,2.9593916001044955,0.09096658229827881,0.0020935654174536467,0.003947822377085686,0.9958439469337463,0.7115144729614258,0.01704038679599762,-1.1190851926803589,0.7197999954223633,0.0,-0.9276000261306763,,,,,,,-0.024837233126163483,0.08580602705478668,0.04502196982502937,0.023926405236124992,-0.03510142117738724,-0.013953461311757565,0.001330926831542456,,,,,,,,,,,,,,,,,,
3.4,nav,-0.19626593589782715,2.578746795654297,0.3416547179222107,2.8047426185816797,0.16760970652103424,0.004139130003750324,0.004564075730741024,0.9858341813087463,0.6935075521469116,0.082935631275177,-0.9448956251144409,0.6843000054359436,0.0,-0.934499979019165,,,,,,,-0.03417957201600075,0.08601918071508408,0.03768538311123848,0.03989231958985329,-0.024331845343112946,0.013205605559051037,0.0018652552921594179,,,,,,,,,,,,,,,,,,
3.6,nav,-0.3425537347793579,2.6132378578186035,0.33472901582717896,2.6634207454801944,0.23676705360412598,0.007604304701089859,0.0045899441465735435,0.9715259075164795,0.6995007991790771,0.11583864688873291,-0.3242579698562622,0.6819999814033508,0.0,0.0,,,,,,,-0.0008121077553369105,0.0778585895895958,0.0559067577123642,0.028052696958184242,-0.04487668722867966,-0.0032166484743356705,0.0004465701749722939,,,,,,,,,,,,,,,,,,
3.8000000000000003,nav,-0.47235167026519775,2.6714046001434326,0.334314227104187,2.6006450496148177,0.2670484185218811,0.011899849399924278,0.009844886139035225,0.9635595083236694,0.7242350578308105,-0.00609278678894043,0.08892662078142166,0.7208999991416931,0.0,0.08540000021457672,,,,,,,-0.003108631120994687,0.07946549355983734,0.048447757959365845,0.011704865843057632,-0.0718926265835762,-0.01747860759496689,0.0013081670567771653,,,,,,,,,,,,,,,,,,
4.0,nav,-0.5892938375473022,2.7453644275665283,0.3415319621562958,2.598789858458546,0.2680690288543701,0.002663687337189913,0.007782153785228729,0.9633647203445435,0.6467624306678772,-0.05954986810684204,-0.05769504979252815,0.6503000259399414,0.0,0.0,,,,,,,-0.008846254087984562,0.0947054773569107,0.06042853370308876,0.027747539803385735,-0.05176723748445511,-0.014211665838956833,0.0004786164172401186,,,,,,,,,,,,,,,,,,
4.2,nav,-0.7064908742904663,2.820838212966919,0.34237900376319885,2.6480998895385626,0.24412475526332855,0.01618119142949581,0.002462125848978758,0.9696058034896851,0.7843204736709595,-0.03002876043319702,-0.02986295521259308,0.7412999868392944,0.0,0.0,,,,,,,0.00550228264182806,0.08967442810535431,0.07356725633144379,0.013079226948320866,-0.07865391671657562,-0.01564335823059082,0.0007563308317912742,,,,,,,,,,,,,,,,,,
4.4,nav,-0.8396008610725403,2.8907763957977295,0.3426675498485565,2.656072133141761,0.24034422636032104,0.0077937631867825985,0.0027619018219411373,0.9706526398658752,0.8352537155151367,0.017459571361541748,-0.14822998642921448,0.7085000276565552,0.0,-0.026900000870227814,,,,,,,-0.000434661575127393,0.09940357506275177,0.0644633024930954,0.017288194969296455,-0.06904537230730057,-0.025030674412846565,0.001353649262455292,,,,,,,,,,,,,,,,,,
4.6000000000000005,nav,-0.9809927344322205,2.963479995727539,0.34266188740730286,2.686047749207387,0.22580575942993164,0.00104069197550416,0.0049070208333432674,0.9741595387458801,0.7866854071617126,-0.01081150770187378,0.41782161593437195,0.6794999837875366,0.0,0.4239000082015991,,,,,,,-0.013398036360740662,0.09517045319080353,0.06638181954622269,0.03520125895738602,-0.07668812572956085,-0.020813848823308945,0.0012533978442661464,,,,,,,,,,,,,,,,,,
4.8,nav,-1.1242165565490723,3.029979705810547,0.33917665481567383,2.756394525890973,0.19137243926525116,0.006236494518816471,0.005234704352915287,0.9814838171005249,0.8227141499519348,-0.017981648445129395,0.5348083972930908,0.7075999975204468,0.0,0.5110999941825867,,,,,,,-0.0072692628018558025,0.08881409466266632,0.06423354148864746,0.03782816231250763,-0.05522124469280243,-0.013281702995300293,0.0014856993475405034,,,,,,,,,,,,,,,,,,
5.0,nav,-1.2703561782836914,3.0874879360198975,0.3428380489349365,2.7613538950687357,0.18901100754737854,0.009013114497065544,-0.006523492280393839,0.9819119572639465,0.834382176399231,0.03791165351867676,-0.3064054250717163,0.701200008392334,0.0,-0.24959999322891235,,,,,,,-0.007729643490165472,0.10498447716236115,0.05164620280265808,0.01993325725197792,-0.06623075157403946,-0.03554631024599075,0.0012068059786543017,,,,,,,,,,,,,,,,,,
0.0,nav,1.2667961120605469,1.377238154411316,0.33490028977394104,1.5945277587886715,0.6986521482467651,0.004548674914985895,0.0025714579969644547,0.7154424786567688,0.04069298878312111,0.03243812173604965,0.7378349304199219,0.550000011920929,0.0,1.0,,,,,,,-0.007384728640317917,0.008739760145545006,0.01701078563928604,0.011415994726121426,-0.010484152473509312,0.001213488751091063,0.0005859035146613678,,,,,,,,,,,,,,,,,,
0.2,nav,1.2576866149902344,1.432687759399414,0.3451901972293854,1.7517922035342153,0.6402356028556824,0.010693519376218319,-0.0037864530459046364,0.7680950164794922,0.348922461271286,0.013398915529251099,0.7920739054679871,0.550000011920929,0.0,1.0,,,,,,,-0.007550226058810949,0.0713023692369461,0.0881841853260994,0.031191149726510048,-0.05047706887125969,-0.003888006554916501,0.0005054108223703224,,,,,,,,,,,,,,,,,,
0.4,nav,1.2382261753082275,1.517218828201294,0.34333813190460205,1.8762493874824429,0.5909992456436157,0.021320482715964317,-0.0013123376993462443,0.8063893914222717,0.512171745300293,0.010022222995758057,0.5093338489532471,0.5778999924659729,0.0,0.5245000123977661,,,,,,,-0.03159061074256897,0.06664013862609863,0.06469206511974335,0.039396561682224274,-0.0416441485285759,-0.007240012753754854,0.0009774572317837738,,,,,,,,,,,,,,,,,,
0.6,nav,1.2009865045547485,1.6135741472244263,0.3414182662963867,1.9644674014408323,0.5549506545066833,0.016631461679935455,0.007149543613195419,0.8316863775253296,0.40583276748657227,0.0008685588836669922,0.6062010526657104,0.5559999942779541,0.0,1.0,,,,,,,-0.0060956887900829315,0.08055004477500916,0.07649803161621094,0.02074122428894043,-0.04079717770218849,0.0071325162425637245,0.00018349975098175264,,,,,,,,,,,,,,,,,,
0.8,nav,1.1613929271697998,1.6976274251937866,0.3421972692012787,2.0918471816992894,0.5006045699119568,0.027599647641181946,0.001839263248257339,0.8652340769767761,0.616723895072937,0.05736136436462402,0.31612324714660645,0.660099983215332,0.0,0.5095999836921692,,,,,,,-0.02398284710943699,0.05619867518544197,0.07149133831262589,0.02181677147746086,-0.04058472067117691,-0.009314881637692451,0.0007552983079222031,,,,,,,,,,,,,,,,,,
1.0,nav,1.1003801822662354,1.788236141204834,0.34405168890953064,2.1696151706996067,0.4669903814792633,0.010056952014565468,0.008101830258965492,0.8841681480407715,0.4070236086845398,-0.004094183444976807,0.5053525567054749,0.5543000102043152,0.0,1.0,,,,,,,-0.0005159102729521692,0.08068933337926865,0.08483631163835526,0.022266095504164696,-0.03364100679755211,-0.0017994678346440196,0.0002329823764739558,,,,,,,,,,,,,,,,,,
1.2,nav,1.0422148704528809,1.8652714490890503,0.34592780470848083,2.257608882892325,0.4274936318397522,0.018001794815063477,0.006879032123833895,0.9038129448890686,0.6042957901954651,0.029124975204467773,0.1425231546163559,0.5896999835968018,0.0,0.23100000619888306,,,,,,,-0.025314290076494217,0.07602294534444809,0.07130313664674759,0.025394229218363762,-0.047237951308488846,-0.00266838981769979,0.0013840905157849193,,,,,,,,,,,,,,,,,,
1.4000000000000001,nav,0.9677131175994873,1.9506440162658691,0.3418847918510437,2.196062953646486,0.4553496837615967,0.0004783605400007218,0.002446402795612812,0.89030921459198,0.5357432961463928,0.02796870470046997,-0.08065725117921829,0.6223000288009644,0.0,-0.19349999725818634,,,,,,,0.0005010578315705061,0.08307317644357681,0.04801463335752487,0.01853233203291893,-0.00020020992087665945,0.0021648795809596777,0.00036915793680236675,,,,,,,,,,,,,,,,,,
1.6,nav,0.8919128179550171,2.053269863128662,0.34674695134162903,2.1455450092652724,0.4774540066719055,0.018899764865636826,0.0022082130890339613,0.8784506916999817,0.6932104825973511,0.017850160598754883,-0.16662903130054474,0.6884999871253967,0.0,-0.16459999978542328,,,,,,,-0.02154313586652279,0.08177824318408966,0.06113031506538391,0.04290803149342537,-0.011994545347988605,0.0025398721918463707,0.0009893570095300674,,,,,,,,,,,,,,,,,,
1.8,nav,0.8242713212966919,2.158687114715576,0.33627456426620483,2.1357771709479794,0.4818166494369507,0.013360677286982536,0.009966956451535225,0.8761135935783386,0.5741406083106995,-0.0044768452644348145,0.8044800758361816,0.6966999769210815,0.0,1.0,,,,,,,-0.013608153909444809,0.0725407674908638,0.06386692076921463,0.042655326426029205,-0.04881802201271057,0.0020125270821154118,0.0010122560538547987,,,,,,,,,,,,,,,,,,
2.0,nav,0.7564879059791565,2.2510311603546143,0.3435366749763489,2.2909066491331296,0.4125443696975708,0.010660914704203606,0.004601716995239258,0.9108635783195496,0.5863713622093201,-0.005012810230255127,0.9740174412727356,0.6859999895095825,0.0,1.0,,,,,,,-0.013166876509785652,0.07499486953020096,0.07108023762702942,0.0381702296435833,-0.05813208222389221,0.015595417469739914,0.0007367923681158572,,,,,,,,,,,,,,,,,,
2.2,nav,0.6668823957443237,2.343787908554077,0.34204408526420593,2.4786080006743707,0.32541048526763916,0.008581532165408134,0.0017160670831799507,0.9455323815345764,0.707499623298645,-0.03511333465576172,0.9224939942359924,0.7843999862670898,0.0,1.0,,,,,,,-0.01074871513992548,0.07215651869773865,0.0855027586221695,0.03875187411904335,-0.08305805921554565,-0.009574520401656628,0.0006651583801442484,,,,,,,,,,,,,,,,,,
2.4,nav,0.5465177297592163,2.432901382446289,0.3459344804286957,2.687508564400973,0.22494037449359894,0.020019592717289925,0.001460241386666894,0.9741658568382263,0.8096325993537903,-0.018368661403656006,0.9945870637893677,0.7414000034332275,0.0,1.0,,,,,,,-0.0249265655875206,0.07319549471139908,0.07929882407188416,0.045487649738788605,-0.06590214371681213,-0.010987132787704468,0.0006901848271354538,,,,,,,,,,,,,,,,,,
2.6,nav,0.40555381774902344,2.4986438751220703,0.3442864418029785,2.8952809701857656,0.12282123416662216,0.01000213623046875,0.0005483810673467815,0.9923782348632812,0.7526124715805054,-0.049456626176834106,1.0385894775390625,0.6953999996185303,0.0,1.0,,,,,,,-0.026510797441005707,0.06932242959737778,0.06965268403291702,0.05364561453461647,-0.05413108691573143,0.005280174780637026,0.0011201883035028004,,,,,,,,,,,,,,,,,,
2.8000000000000003,nav,0.2556975781917572,2.535571575164795,0.3443213105201721,3.096301097490741,0.022653108462691307,0.008340287022292614,-0.0013936476316303015,0.9997075796127319,0.7478876113891602,-0.03945275396108627,0.885480523109436,0.6686999797821045,0.0,0.7703999876976013,,,,,,,-0.03256287798285484,0.0765068382024765,0.07117252051830292,0.0482260137796402,-0.040297601372003555,-0.006113511510193348,0.0018110017863364192,,,,,,,,,,,,,,,,,,
3.0,nav,0.10270436108112335,2.549769401550293,0.3395111858844757,3.098445320175097,0.021517157554626465,0.004684146028012037,0.011893766932189465,0.9996867775917053,0.7569929957389832,-0.013287529349327087,-0.2128252238035202,0.7229999899864197,0.0,-0.17030000686645508,,,,,,,-0.016018617898225784,0.08674141764640808,0.0505828931927681,0.032621052116155624,-0.027949199080467224,-0.01142420619726181,0.0007186168732005171,,,,,,,,,,,,,,,,,,
3.2,nav,-0.05003535747528076,2.562009572982788,0.3355328440666199,2.9593916001044955,0.09096658229827881,0.0020935654174536467,0.003947822377085686,0.9958439469337463,0.7115144729614258,0.01704038679599762,-1.1190851926803589,0.7197999954223633,0.0,-0.9276000261306763,,,,,,,-0.024837233126163483,0.08580602705478668,0.04502196982502937,0.023926405236124992,-0.03510142117738724,-0.013953461311757565,0.001330926831542456,,,,,,,,,,,,,,,,,,
3.4,nav,-0.19626593589782715,2.578746795654297,0.3416547179222107,2.8047426185816797,0.16760970652103424,0.004139130003750324,0.004564075730741024,0.9858341813087463,0.6935075521469116,0.082935631275177,-0.9448956251144409,0.6843000054359436,0.0,-0.934499979019165,,,,,,,-0.03417957201600075,0.08601918071508408,0.03768538311123848,0.03989231958985329,-0.024331845343112946,0.013205605559051037,0.0018652552921594179,,,,,,,,,,,,,,,,,,
3.6,nav,-0.3425537347793579,2.6132378578186035,0.33472901582717896,2.6634207454801944,0.23676705360412598,0.007604304701089859,0.0045899441465735435,0.9715259075164795,0.6995007991790771,0.11583864688873291,-0.3242579698562622,0.6819999814033508,0.0,0.0,,,,,,,-0.0008121077553369105,0.0778585895895958,0.0559067577123642,0.028052696958184242,-0.04487668722867966,-0.0032166484743356705,0.0004465701749722939,,,,,,,,,,,,,,,,,,
3.8000000000000003,nav,-0.47235167026519775,2.6714046001434326,0.334314227104187,2.6006450496148177,0.2670484185218811,0.011899849399924278,0.009844886139035225,0.9635595083236694,0.7242350578308105,-0.00609278678894043,0.08892662078142166,0.7208999991416931,0.0,0.08540000021457672,,,,,,,-0.003108631120994687,0.07946549355983734,0.048447757959365845,0.011704865843057632,-0.0718926265835762,-0.01747860759496689,0.0013081670567771653,,,,,,,,,,,,,,,,,,
4.0,nav,-0.5892938375473022,2.7453644275665283,0.3415319621562958,2.598789858458546,0.2680690288543701,0.002663687337189913,0.007782153785228729,0.9633647203445435,0.6467624306678772,-0.05954986810684204,-0.05769504979252815,0.6503000259399414,0.0,0.0,,,,,,,-0.008846254087984562,0.0947054773569107,0.06042853370308876,0.027747539803385735,-0.05176723748445511,-0.014211665838956833,0.0004786164172401186,,,,,,,,,,,,,,,,,,
4.2,nav,-0.7064908742904663,2.820838212966919,0.34237900376319885,2.6480998895385626,0.24412475526332855,0.01618119142949581,0.002462125848978758,0.9696058034896851,0.7843204736709595,-0.03002876043319702,-0.02986295521259308,0.7412999868392944,0.0,0.0,,,,,,,0.00550228264182806,0.08967442810535431,0.07356725633144379,0.013079226948320866,-0.07865391671657562,-0.01564335823059082,0.0007563308317912742,,,,,,,,,,,,,,,,,,
4.4,nav,-0.8396008610725403,2.8907763957977295,0.3426675498485565,2.656072133141761,0.24034422636032104,0.0077937631867825985,0.0027619018219411373,0.9706526398658752,0.8352537155151367,0.017459571361541748,-0.14822998642921448,0.7085000276565552,0.0,-0.026900000870227814,,,,,,,-0.000434661575127393,0.09940357506275177,0.0644633024930954,0.017288194969296455,-0.06904537230730057,-0.025030674412846565,0.001353649262455292,,,,,,,,,,,,,,,,,,
4.6000000000000005,nav,-0.9809927344322205,2.963479995727539,0.34266188740730286,2.686047749207387,0.22580575942993164,0.00104069197550416,0.0049070208333432674,0.9741595387458801,0.7866854071617126,-0.01081150770187378,0.41782161593437195,0.6794999837875366,0.0,0.4239000082015991,,,,,,,-0.013398036360740662,0.09517045319080353,0.06638181954622269,0.03520125895738602,-0.07668812572956085,-0.020813848823308945,0.0012533978442661464,,,,,,,,,,,,,,,,,,
4.8,nav,-1.1242165565490723,3.029979705810547,0.33917665481567383,2.756394525890973,0.19137243926525116,0.006236494518816471,0.005234704352915287,0.9814838171005249,0.8227141499519348,-0.017981648445129395,0.5348083972930908,0.7075999975204468,0.0,0.5110999941825867,,,,,,,-0.0072692628018558025,0.08881409466266632,0.06423354148864746,0.03782816231250763,-0.05522124469280243,-0.013281702995300293,0.0014856993475405034,,,,,,,,,,,,,,,,,,
5.0,nav,-1.2703561782836914,3.0874879360198975,0.3428380489349365,2.7613538950687357,0.18901100754737854,0.009013114497065544,-0.006523492280393839,0.9819119572639465,0.834382176399231,0.03791165351867676,-0.3064054250717163,0.701200008392334,0.0,-0.24959999322891235,,,,,,,-0.007729643490165472,0.10498447716236115,0.05164620280265808,0.01993325725197792,-0.06623075157403946,-0.03554631024599075,0.0012068059786543017,,,,,,,,,,,,,,,,,,
0.0,nav,1.2667961120605469,1.377238154411316,0.33490028977394104,1.5945277587886715,0.6986521482467651,0.004548674914985895,0.0025714579969644547,0.7154424786567688,0.04069298878312111,0.03243812173604965,0.7378349304199219,0.550000011920929,0.0,1.0,,,,,,,-0.007384728640317917,0.008739760145545006,0.01701078563928604,0.011415994726121426,-0.010484152473509312,0.001213488751091063,0.0005859035146613678,,,,,,,,,,,,,,,,,,
0.2,nav,1.2576866149902344,1.432687759399414,0.3451901972293854,1.7517922035342153,0.6402356028556824,0.010693519376218319,-0.0037864530459046364,0.7680950164794922,0.348922461271286,0.013398915529251099,0.7920739054679871,0.550000011920929,0.0,1.0,,,,,,,-0.007550226058810949,0.0713023692369461,0.0881841853260994,0.031191149726510048,-0.05047706887125969,-0.003888006554916501,0.0005054108223703224,,,,,,,,,,,,,,,,,,
0.4,nav,1.2382261753082275,1.517218828201294,0.34333813190460205,1.8762493874824429,0.5909992456436157,0.021320482715964317,-0.0013123376993462443,0.8063893914222717,0.512171745300293,0.010022222995758057,0.5093338489532471,0.5778999924659729,0.0,0.5245000123977661,,,,,,,-0.03159061074256897,0.06664013862609863,0.06469206511974335,0.039396561682224274,-0.0416441485285759,-0.007240012753754854,0.0009774572317837738,,,,,,,,,,,,,,,,,,
0.6,nav,1.2009865045547485,1.6135741472244263,0.3414182662963867,1.9644674014408323,0.5549506545066833,0.016631461679935455,0.007149543613195419,0.8316863775253296,0.40583276748657227,0.0008685588836669922,0.6062010526657104,0.5559999942779541,0.0,1.0,,,,,,,-0.0060956887900829315,0.08055004477500916,0.07649803161621094,0.02074122428894043,-0.04079717770218849,0.0071325162425637245,0.00018349975098175264,,,,,,,,,,,,,,,,,,
0.8,nav,1.1613929271697998,1.6976274251937866,0.3421972692012787,2.0918471816992894,0.5006045699119568,0.027599647641181946,0.001839263248257339,0.8652340769767761,0.616723895072937,0.05736136436462402,0.31612324714660645,0.660099983215332,0.0,0.5095999836921692,,,,,,,-0.02398284710943699,0.05619867518544197,0.07149133831262589,0.02181677147746086,-0.04058472067117691,-0.009314881637692451,0.0007552983079222031,,,,,,,,,,,,,,,,,,
1.0,nav,1.1003801822662354,1.788236141204834,0.34405168890953064,2.1696151706996067,0.4669903814792633,0.010056952014565468,0.008101830258965492,0.8841681480407715,0.4070236086845398,-0.004094183444976807,0.5053525567054749,0.5543000102043152,0.0,1.0,,,,,,,-0.0005159102729521692,0.08068933337926865,0.08483631163835526,0.022266095504164696,-0.03364100679755211,-0.0017994678346440196,0.0002329823764739558,,,,,,,,,,,,,,,,,,
1.2,nav,1.0422148704528809,1.8652714490890503,0.34592780470848083,2.257608882892325,0.4274936318397522,0.018001794815063477,0.006879032123833895,0.9038129448890686,0.6042957901954651,0.029124975204467773,0.1425231546163559,0.5896999835968018,0.0,0.23100000619888306,,,,,,,-0.025314290076494217,0.07602294534444809,0.07130313664674759,0.025394229218363762,-0.047237951308488846,-0.00266838981769979,0.0013840905157849193,,,,,,,,,,,,,,,,,,
1.4000000000000001,nav,0.9677131175994873,1.9506440162658691,0.3418847918510437,2.196062953646486,0.4553496837615967,0.0004783605400007218,0.002446402795612812,0.89030921459198,0.5357432961463928,0.02796870470046997,-0.08065725117921829,0.6223000288009644,0.0,-0.19349999725818634,,,,,,,0.0005010578315705061,0.08307317644357681,0.04801463335752487,0.01853233203291893,-0.00020020992087665945,0.0021648795809596777,0.00036915793680236675,,,,,,,,,,,,,,,,,,
1.6,nav,0.8919128179550171,2.053269863128662,0.34674695134162903,2.1455450092652724,0.4774540066719055,0.018899764865636826,0.0022082130890339613,0.8784506916999817,0.6932104825973511,0.017850160598754883,-0.16662903130054474,0.6884999871253967,0.0,-0.16459999978542328,,,,,,,-0.02154313586652279,0.08177824318408966,0.06113031506538391,0.04290803149342537,-0.011994545347988605,0.0025398721918463707,0.0009893570095300674,,,,,,,,,,,,,,,,,,
1.8,nav,0.8242713212966919,2.158687114715576,0.33627456426620483,2.1357771709479794,0.4818166494369507,0.013360677286982536,0.009966956451535225,0.8761135935783386,0.5741406083106995,-0.0044768452644348145,0.8044800758361816,0.6966999769210815,0.0,1.0,,,,,,,-0.013608153909444809,0.0725407674908638,0.06386692076921463,0.042655326426029205,-0.04881802201271057,0.0020125270821154118,0.0010122560538547987,,,,,,,,,,,,,,,,,,
2.0,nav,0.7564879059791565,2.2510311603546143,0.3435366749763489,2.2909066491331296,0.4125443696975708,0.010660914704203606,0.004601716995239258,0.9108635783195496,0.5863713622093201,-0.005012810230255127,0.9740174412727356,0.6859999895095825,0.0,1.0,,,,,,,-0.013166876509785652,0.07499486953020096,0.07108023762702942,0.0381702296435833,-0.05813208222389221,0.015595417469739914,0.0007367923681158572,,,,,,,,,,,,,,,,,,
2.2,nav,0.6668823957443237,2.343787908554077,0.34204408526420593,2.4786080006743707,0.32541048526763916,0.008581532165408134,0.0017160670831799507,0.9455323815345764,0.707499623298645,-0.03511333465576172,0.9224939942359924,0.7843999862670898,0.0,1.0,,,,,,,-0.01074871513992548,0.07215651869773865,0.0855027586221695,0.03875187411904335,-0.08305805921554565,-0.009574520401656628,0.0006651583801442484,,,,,,,,,,,,,,,,,,
2.4,nav,0.5465177297592163,2.432901382446289,0.3459344804286957,2.687508564400973,0.22494037449359894,0.020019592717289925,0.001460241386666894,0.9741658568382263,0.8096325993537903,-0.018368661403656006,0.9945870637893677,0.7414000034332275,0.0,1.0,,,,,,,-0.0249265655875206,0.07319549471139908,0.07929882407188416,0.045487649738788605,-0.06590214371681213,-0.010987132787704468,0.0006901848271354538,,,,,,,,,,,,,,,,,,
2.6,nav,0.40555381774902344,2.4986438751220703,0.3442864418029785,2.8952809701857656,0.12282123416662216,0.01000213623046875,0.0005483810673467815,0.9923782348632812,0.7526124715805054,-0.049456626176834106,1.0385894775390625,0.6953999996185303,0.0,1.0,,,,,,,-0.026510797441005707,0.06932242959737778,0.06965268403291702,0.05364561453461647,-0.05413108691573143,0.005280174780637026,0.0011201883035028004,,,,,,,,,,,,,,,,,,
2.8000000000000003,nav,0.2556975781917572,2.535571575164795,0.3443213105201721,3.096301097490741,0.022653108462691307,0.008340287022292614,-0.0013936476316303015,0.9997075796127319,0.7478876113891602,-0.03945275396108627,0.885480523109436,0.6686999797821045,0.0,0.7703999876976013,,,,,,,-0.03256287798285484,0.0765068382024765,0.07117252051830292,0.0482260137796402,-0.040297601372003555,-0.006113511510193348,0.0018110017863364192,,,,,,,,,,,,,,,,,,
3.0,nav,0.10270436108112335,2.549769401550293,0.3395111858844757,3.098445320175097,0.021517157554626465,0.004684146028012037,0.011893766932189465,0.9996867775917053,0.7569929957389832,-0.013287529349327087,-0.2128252238035202,0.7229999899864197,0.0,-0.17030000686645508,,,,,,,-0.016018617898225784,0.08674141764640808,0.0505828931927681,0.032621052116155624,-0.027949199080467224,-0.01142420619726181,0.0007186168732005171,,,,,,,,,,,,,,,,,,
3.2,nav,-0.05003535747528076,2.562009572982788,0.3355328440666199,2.9593916001044955,0.09096658229827881,0.0020935654174536467,0.003947822377085686,0.9958439469337463,0.7115144729614258,0.01704038679599762,-1.1190851926803589,0.7197999954223633,0.0,-0.9276000261306763,,,,,,,-0.024837233126163483,0.08580602705478668,0.04502196982502937,0.023926405236124992,-0.03510142117738724,-0.013953461311757565,0.001330926831542456,,,,,,,,,,,,,,,,,,
3.4,nav,-0.19626593589782715,2.578746795654297,0.3416547179222107,2.8047426185816797,0.16760970652103424,0.004139130003750324,0.004564075730741024,0.9858341813087463,0.6935075521469116,0.082935631275177,-0.9448956251144409,0.6843000054359436,0.0,-0.934499979019165,,,,,,,-0.03417957201600075,0.08601918071508408,0.03768538311123848,0.03989231958985329,-0.024331845343112946,0.013205605559051037,0.0018652552921594179,,,,,,,,,,,,,,,,,,
3.6,nav,-0.3425537347793579,2.6132378578186035,0.33472901582717896,2.6634207454801944,0.23676705360412598,0.007604304701089859,0.0045899441465735435,0.9715259075164795,0.6995007991790771,0.11583864688873291,-0.3242579698562622,0.6819999814033508,0.0,0.0,,,,,,,-0.0008121077553369105,0.0778585895895958,0.0559067577123642,0.028052696958184242,-0.04487668722867966,-0.0032166484743356705,0.0004465701749722939,,,,,,,,,,,,,,,,,,
3.8000000000000003,nav,-0.47235167026519775,2.6714046001434326,0.334314227104187,2.6006450496148177,0.2670484185218811,0.011899849399924278,0.009844886139035225,0.9635595083236694,0.7242350578308105,-0.00609278678894043,0.08892662078142166,0.7208999991416931,0.0,0.08540000021457672,,,,,,,-0.003108631120994687,0.07946549355983734,0.048447757959365845,0.011704865843057632,-0.0718926265835762,-0.01747860759496689,0.0013081670567771653,,,,,,,,,,,,,,,,,,
4.0,nav,-0.5892938375473022,2.7453644275665283,0.3415319621562958,2.598789858458546,0.2680690288543701,0.002663687337189913,0.007782153785228729,0.9633647203445435,0.6467624306678772,-0.05954986810684204,-0.05769504979252815,0.6503000259399414,0.0,0.0,,,,,,,-0.008846254087984562,0.0947054773569107,0.06042853370308876,0.027747539803385735,-0.05176723748445511,-0.014211665838956833,0.0004786164172401186,,,,,,,,,,,,,,,,,,
4.2,nav,-0.7064908742904663,2.820838212966919,0.34237900376319885,2.6480998895385626,0.24412475526332855,0.01618119142949581,0.002462125848978758,0.9696058034896851,0.7843204736709595,-0.03002876043319702,-0.02986295521259308,0.7412999868392944,0.0,0.0,,,,,,,0.00550228264182806,0.08967442810535431,0.07356725633144379,0.013079226948320866,-0.07865391671657562,-0.01564335823059082,0.0007563308317912742,,,,,,,,,,,,,,,,,,
4.4,nav,-0.8396008610725403,2.8907763957977295,0.3426675498485565,2.656072133141761,0.24034422636032104,0.0077937631867825985,0.0027619018219411373,0.9706526398658752,0.8352537155151367,0.017459571361541748,-0.14822998642921448,0.7085000276565552,0.0,-0.026900000870227814,,,,,,,-0.000434661575127393,0.09940357506275177,0.0644633024930954,0.017288194969296455,-0.06904537230730057,-0.025030674412846565,0.001353649262455292,,,,,,,,,,,,,,,,,,
4.6000000000000005,nav,-0.9809927344322205,2.963479995727539,0.34266188740730286,2.686047749207387,0.22580575942993164,0.00104069197550416,0.0049070208333432674,0.9741595387458801,0.7866854071617126,-0.01081150770187378,0.41782161593437195,0.6794999837875366,0.0,0.4239000082015991,,,,,,,-0.013398036360740662,0.09517045319080353,0.06638181954622269,0.03520125895738602,-0.07668812572956085,-0.020813848823308945,0.0012533978442661464,,,,,,,,,,,,,,,,,,
4.8,nav,-1.1242165565490723,3.029979705810547,0.33917665481567383,2.756394525890973,0.19137243926525116,0.006236494518816471,0.005234704352915287,0.9814838171005249,0.8227141499519348,-0.017981648445129395,0.5348083972930908,0.7075999975204468,0.0,0.5110999941825867,,,,,,,-0.0072692628018558025,0.08881409466266632,0.06423354148864746,0.03782816231250763,-0.05522124469280243,-0.013281702995300293,0.0014856993475405034,,,,,,,,,,,,,,,,,,
5.0,nav,-1.2703561782836914,3.0874879360198975,0.3428380489349365,2.7613538950687357,0.18901100754737854,0.009013114497065544,-0.006523492280393839,0.9819119572639465,0.834382176399231,0.03791165351867676,-0.3064054250717163,0.701200008392334,0.0,-0.24959999322891235,,,,,,,-0.007729643490165472,0.10498447716236115,0.05164620280265808,0.01993325725197792,-0.06623075157403946,-0.03554631024599075,0.0012068059786543017,,,,,,,,,,,,,,,,,,
0.0,nav,1.2667961120605469,1.377238154411316,0.33490028977394104,1.5945277587886715,0.6986521482467651,0.004548674914985895,0.0025714579969644547,0.7154424786567688,0.04069298878312111,0.03243812173604965,0.7378349304199219,0.550000011920929,0.0,1.0,,,,,,,-0.007384728640317917,0.008739760145545006,0.01701078563928604,0.011415994726121426,-0.010484152473509312,0.001213488751091063,0.0005859035146613678,,,,,,,,,,,,,,,,,,
0.2,nav,1.2576866149902344,1.432687759399414,0.3451901972293854,1.7517922035342153,0.6402356028556824,0.010693519376218319,-0.0037864530459046364,0.7680950164794922,0.348922461271286,0.013398915529251099,0.7920739054679871,0.550000011920929,0.0,1.0,,,,,,,-0.007550226058810949,0.0713023692369461,0.0881841853260994,0.031191149726510048,-0.05047706887125969,-0.003888006554916501,0.0005054108223703224,,,,,,,,,,,,,,,,,,
0.4,nav,1.2382261753082275,1.517218828201294,0.34333813190460205,1.8762493874824429,0.5909992456436157,0.021320482715964317,-0.0013123376993462443,0.8063893914222717,0.512171745300293,0.010022222995758057,0.5093338489532471,0.5778999924659729,0.0,0.5245000123977661,,,,,,,-0.03159061074256897,0.06664013862609863,0.06469206511974335,0.039396561682224274,-0.0416441485285759,-0.007240012753754854,0.0009774572317837738,,,,,,,,,,,,,,,,,,
0.6,nav,1.2009865045547485,1.6135741472244263,0.3414182662963867,1.9644674014408323,0.5549506545066833,0.016631461679935455,0.007149543613195419,0.8316863775253296,0.40583276748657227,0.0008685588836669922,0.6062010526657104,0.5559999942779541,0.0,1.0,,,,,,,-0.0060956887900829315,0.08055004477500916,0.07649803161621094,0.02074122428894043,-0.04079717770218849,0.0071325162425637245,0.00018349975098175264,,,,,,,,,,,,,,,,,,
0.8,nav,1.1613929271697998,1.6976274251937866,0.3421972692012787,2.0918471816992894,0.5006045699119568,0.027599647641181946,0.001839263248257339,0.8652340769767761,0.616723895072937,0.05736136436462402,0.31612324714660645,0.660099983215332,0.0,0.5095999836921692,,,,,,,-0.02398284710943699,0.05619867518544197,0.07149133831262589,0.02181677147746086,-0.04058472067117691,-0.009314881637692451,0.0007552983079222031,,,,,,,,,,,,,,,,,,
1.0,nav,1.1003801822662354,1.788236141204834,0.34405168890953064,2.1696151706996067,0.4669903814792633,0.010056952014565468,0.008101830258965492,0.8841681480407715,0.4070236086845398,-0.004094183444976807,0.5053525567054749,0.5543000102043152,0.0,1.0,,,,,,,-0.0005159102729521692,0.08068933337926865,0.08483631163835526,0.022266095504164696,-0.03364100679755211,-0.0017994678346440196,0.0002329823764739558,,,,,,,,,,,,,,,,,,
1.2,nav,1.0422148704528809,1.8652714490890503,0.34592780470848083,2.257608882892325,0.4274936318397522,0.018001794815063477,0.006879032123833895,0.9038129448890686,0.6042957901954651,0.029124975204467773,0.1425231546163559,0.5896999835968018,0.0,0.23100000619888306,,,,,,,-0.025314290076494217,0.07602294534444809,0.07130313664674759,0.025394229218363762,-0.047237951308488846,-0.00266838981769979,0.0013840905157849193,,,,,,,,,,,,,,,,,,
1.4000000000000001,nav,0.9677131175994873,1.9506440162658691,0.3418847918510437,2.196062953646486,0.4553496837615967,0.0004783605400007218,0.002446402795612812,0.89030921459198,0.5357432961463928,0.02796870470046997,-0.08065725117921829,0.6223000288009644,0.0,-0.19349999725818634,,,,,,,0.0005010578315705061,0.08307317644357681,0.04801463335752487,0.01853233203291893,-0.00020020992087665945,0.0021648795809596777,0.00036915793680236675,,,,,,,,,,,,,,,,,,
1.6,nav,0.8919128179550171,2.053269863128662,0.34674695134162903,2.1455450092652724,0.4774540066719055,0.018899764865636826,0.0022082130890339613,0.8784506916999817,0.6932104825973511,0.017850160598754883,-0.16662903130054474,0.6884999871253967,0.0,-0.16459999978542328,,,,,,,-0.02154313586652279,0.08177824318408966,0.06113031506538391,0.04290803149342537,-0.011994545347988605,0.0025398721918463707,0.0009893570095300674,,,,,,,,,,,,,,,,,,
1.8,nav,0.8242713212966919,2.158687114715576,0.33627456426620483,2.1357771709479794,0.4818166494369507,0.013360677286982536,0.009966956451535225,0.8761135935783386,0.5741406083106995,-0.0044768452644348145,0.8044800758361816,0.6966999769210815,0.0,1.0,,,,,,,-0.013608153909444809,0.0725407674908638,0.06386692076921463,0.042655326426029205,-0.04881802201271057,0.0020125270821154118,0.0010122560538547987,,,,,,,,,,,,,,,,,,
2.0,nav,0.7564879059791565,2.2510311603546143,0.3435366749763489,2.2909066491331296,0.4125443696975708,0.010660914704203606,0.004601716995239258,0.9108635783195496,0.5863713622093201,-0.005012810230255127,0.9740174412727356,0.6859999895095825,0.0,1.0,,,,,,,-0.013166876509785652,0.07499486953020096,0.07108023762702942,0.0381702296435833,-0.05813208222389221,0.015595417469739914,0.0007367923681158572,,,,,,,,,,,,,,,,,,
2.2,nav,0.6668823957443237,2.343787908554077,0.34204408526420593,2.4786080006743707,0.32541048526763916,0.008581532165408134,0.0017160670831799507,0.9455323815345764,0.707499623298645,-0.03511333465576172,0.9224939942359924,0.7843999862670898,0.0,1.0,,,,,,,-0.01074871513992548,0.07215651869773865,0.0855027586221695,0.03875187411904335,-0.08305805921554565,-0.009574520401656628,0.0006651583801442484,,,,,,,,,,,,,,,,,,
2.4,nav,0.5465177297592163,2.432901382446289,0.3459344804286957,2.687508564400973,0.22494037449359894,0.020019592717289925,0.001460241386666894,0.9741658568382263,0.8096325993537903,-0.018368661403656006,0.9945870637893677,0.7414000034332275,0.0,1.0,,,,,,,-0.0249265655875206,0.07319549471139908,0.07929882407188416,0.045487649738788605,-0.06590214371681213,-0.010987132787704468,0.0006901848271354538,,,,,,,,,,,,,,,,,,
2.6,nav,0.40555381774902344,2.4986438751220703,0.3442864418029785,2.8952809701857656,0.12282123416662216,0.01000213623046875,0.0005483810673467815,0.9923782348632812,0.7526124715805054,-0.049456626176834106,1.0385894775390625,0.6953999996185303,0.0,1.0,,,,,,,-0.026510797441005707,0.06932242959737778,0.06965268403291702,0.05364561453461647,-0.05413108691573143,0.005280174780637026,0.0011201883035028004,,,,,,,,,,,,,,,,,,
2.8000000000000003,nav,0.2556975781917572,2.535571575164795,0.3443213105201721,3.096301097490741,0.022653108462691307,0.008340287022292614,-0.0013936476316303015,0.9997075796127319,0.7478876113891602,-0.03945275396108627,0.885480523109436,0.6686999797821045,0.0,0.7703999876976013,,,,,,,-0.03256287798285484,0.0765068382024765,0.07117252051830292,0.0482260137796402,-0.040297601372003555,-0.006113511510193348,0.0018110017863364192,,,,,,,,,,,,,,,,,,
3.0,nav,0.10270436108112335,2.549769401550293,0.3395111858844757,3.098445320175097,0.021517157554626465,0.004684146028012037,0.011893766932189465,0.9996867775917053,0.7569929957389832,-0.013287529349327087,-0.2128252238035202,0.7229999899864197,0.0,-0.17030000686645508,,,,,,,-0.016018617898225784,0.08674141764640808,0.0505828931927681,0.032621052116155624,-0.027949199080467224,-0.01142420619726181,0.0007186168732005171,,,,,,,,,,,,,,,,,,
3.2,nav,-0.05003535747528076,2.562009572982788,0.3355328440666199,2.9593916001044955,0.09096658229827881,0.0020935654174536467,0.003947822377085686,0.9958439469337463,0.7115144729614258,0.01704038679599762,-1.1190851926803589,0.7197999954223633,0.0,-0.9276000261306763,,,,,,,-0.024837233126163483,0.08580602705478668,0.04502196982502937,0.023926405236124992,-0.03510142117738724,-0.013953461311757565,0.001330926831542456,,,,,,,,,,,,,,,,,,
3.4,nav,-0.19626593589782715,2.578746795654297,0.3416547179222107,2.8047426185816797,0.16760970652103424,0.004139130003750324,0.004564075730741024,0.9858341813087463,0.6935075521469116,0.082935631275177,-0.9448956251144409,0.6843000054359436,0.0,-0.934499979019165,,,,,,,-0.03417957201600075,0.08601918071508408,0.03768538311123848,0.03989231958985329,-0.024331845343112946,0.013205605559051037,0.0018652552921594179,,,,,,,,,,,,,,,,,,
3.6,nav,-0.3425537347793579,2.6132378578186035,0.33472901582717896,2.6634207454801944,0.23676705360412598,0.007604304701089859,0.0045899441465735435,0.9715259075164795,0.6995007991790771,0.11583864688873291,-0.3242579698562622,0.6819999814033508,0.0,0.0,,,,,,,-0.0008121077553369105,0.0778585895895958,0.0559067577123642,0.028052696958184242,-0.04487668722867966,-0.0032166484743356705,0.0004465701749722939,,,,,,,,,,,,,,,,,,
3.8000000000000003,nav,-0.47235167026519775,2.6714046001434326,0.334314227104187,2.6006450496148177,0.2670484185218811,0.011899849399924278,0.009844886139035225,0.9635595083236694,0.7242350578308105,-0.00609278678894043,0.08892662078142166,0.7208999991416931,0.0,0.08540000021457672,,,,,,,-0.003108631120994687,0.07946549355983734,0.048447757959365845,0.011704865843057632,-0.0718926265835762,-0.01747860759496689,0.0013081670567771653,,,,,,,,,,,,,,,,,,
4.0,nav,-0.5892938375473022,2.7453644275665283,0.3415319621562958,2.598789858458546,0.2680690288543701,0.002663687337189913,0.007782153785228729,0.9633647203445435,0.6467624306678772,-0.05954986810684204,-0.05769504979252815,0.6503000259399414,0.0,0.0,,,,,,,-0.008846254087984562,0.0947054773569107,0.06042853370308876,0.027747539803385735,-0.05176723748445511,-0.014211665838956833,0.0004786164172401186,,,,,,,,,,,,,,,,,,
4.2,nav,-0.7064908742904663,2.820838212966919,0.34237900376319885,2.6480998895385626,0.24412475526332855,0.01618119142949581,0.002462125848978758,0.9696058034896851,0.7843204736709595,-0.03002876043319702,-0.02986295521259308,0.7412999868392944,0.0,0.0,,,,,,,0.00550228264182806,0.08967442810535431,0.07356725633144379,0.013079226948320866,-0.07865391671657562,-0.01564335823059082,0.0007563308317912742,,,,,,,,,,,,,,,,,,
4.4,nav,-0.8396008610725403,2.8907763957977295,0.3426675498485565,2.656072133141761,0.24034422636032104,0.0077937631867825985,0.0027619018219411373,0.9706526398658752,0.8352537155151367,0.017459571361541748,-0.14822998642921448,0.7085000276565552,0.0,-0.026900000870227814,,,,,,,-0.000434661575127393,0.09940357506275177,0.0644633024930954,0.017288194969296455,-0.06904537230730057,-0.025030674412846565,0.001353649262455292,,,,,,,,,,,,,,,,,,
4.6000000000000005,nav,-0.9809927344322205,2.963479995727539,0.34266188740730286,2.686047749207387,0.22580575942993164,0.00104069197550416,0.0049070208333432674,0.9741595387458801,0.7866854071617126,-0.01081150770187378,0.41782161593437195,0.6794999837875366,0.0,0.4239000082015991,,,,,,,-0.013398036360740662,0.09517045319080353,0.06638181954622269,0.03520125895738602,-0.07668812572956085,-0.020813848823308945,0.0012533978442661464,,,,,,,,,,,,,,,,,,
4.8,nav,-1.1242165565490723,3.029979705810547,0.33917665481567383,2.756394525890973,0.19137243926525116,0.006236494518816471,0.005234704352915287,0.9814838171005249,0.8227141499519348,-0.017981648445129395,0.5348083972930908,0.7075999975204468,0.0,0.5110999941825867,,,,,,,-0.0072692628018558025,0.08881409466266632,0.06423354148864746,0.03782816231250763,-0.05522124469280243,-0.013281702995300293,0.0014856993475405034,,,,,,,,,,,,,,,,,,
5.0,nav,-1.2703561782836914,3.0874879360198975,0.3428380489349365,2.7613538950687357,0.18901100754737854,0.009013114497065544,-0.006523492280393839,0.9819119572639465,0.834382176399231,0.03791165351867676,-0.3064054250717163,0.701200008392334,0.0,-0.24959999322891235,,,,,,,-0.007729643490165472,0.10498447716236115,0.05164620280265808,0.01993325725197792,-0.06623075157403946,-0.03554631024599075,0.0012068059786543017,,,,,,,,,,,,,,,,,,
0.0,nav,1.2667961120605469,1.377238154411316,0.33490028977394104,1.5945277587886715,0.6986521482467651,0.004548674914985895,0.0025714579969644547,0.7154424786567688,0.04069298878312111,0.03243812173604965,0.7378349304199219,0.550000011920929,0.0,1.0,,,,,,,-0.007384728640317917,0.008739760145545006,0.01701078563928604,0.011415994726121426,-0.010484152473509312,0.001213488751091063,0.0005859035146613678,,,,,,,,,,,,,,,,,,
0.2,nav,1.2576866149902344,1.432687759399414,0.3451901972293854,1.7517922035342153,0.6402356028556824,0.010693519376218319,-0.0037864530459046364,0.7680950164794922,0.348922461271286,0.013398915529251099,0.7920739054679871,0.550000011920929,0.0,1.0,,,,,,,-0.007550226058810949,0.0713023692369461,0.0881841853260994,0.031191149726510048,-0.05047706887125969,-0.003888006554916501,0.0005054108223703224,,,,,,,,,,,,,,,,,,
0.4,nav,1.2382261753082275,1.517218828201294,0.34333813190460205,1.8762493874824429,0.5909992456436157,0.021320482715964317,-0.0013123376993462443,0.8063893914222717,0.512171745300293,0.010022222995758057,0.5093338489532471,0.5778999924659729,0.0,0.5245000123977661,,,,,,,-0.03159061074256897,0.06664013862609863,0.06469206511974335,0.039396561682224274,-0.0416441485285759,-0.007240012753754854,0.0009774572317837738,,,,,,,,,,,,,,,,,,
0.6,nav,1.2009865045547485,1.6135741472244263,0.3414182662963867,1.9644674014408323,0.5549506545066833,0.016631461679935455,0.007149543613195419,0.8316863775253296,0.40583276748657227,0.0008685588836669922,0.6062010526657104,0.5559999942779541,0.0,1.0,,,,,,,-0.0060956887900829315,0.08055004477500916,0.07649803161621094,0.02074122428894043,-0.04079717770218849,0.0071325162425637245,0.00018349975098175264,,,,,,,,,,,,,,,,,,
0.8,nav,1.1613929271697998,1.6976274251937866,0.3421972692012787,2.0918471816992894,0.5006045699119568,0.027599647641181946,0.001839263248257339,0.8652340769767761,0.616723895072937,0.05736136436462402,0.31612324714660645,0.660099983215332,0.0,0.5095999836921692,,,,,,,-0.02398284710943699,0.05619867518544197,0.07149133831262589,0.02181677147746086,-0.04058472067117691,-0.009314881637692451,0.0007552983079222031,,,,,,,,,,,,,,,,,,
1.0,nav,1.1003801822662354,1.788236141204834,0.34405168890953064,2.1696151706996067,0.4669903814792633,0.010056952014565468,0.008101830258965492,0.8841681480407715,0.4070236086845398,-0.004094183444976807,0.5053525567054749,0.5543000102043152,0.0,1.0,,,,,,,-0.0005159102729521692,0.08068933337926865,0.08483631163835526,0.022266095504164696,-0.03364100679755211,-0.0017994678346440196,0.0002329823764739558,,,,,,,,,,,,,,,,,,
1.2,nav,1.0422148704528809,1.8652714490890503,0.34592780470848083,2.257608882892325,0.4274936318397522,0.018001794815063477,0.006879032123833895,0.9038129448890686,0.6042957901954651,0.029124975204467773,0.1425231546163559,0.5896999835968018,0.0,0.23100000619888306,,,,,,,-0.025314290076494217,0.07602294534444809,0.07130313664674759,0.025394229218363762,-0.047237951308488846,-0.00266838981769979,0.0013840905157849193,,,,,,,,,,,,,,,,,,
1.4000000000000001,nav,0.9677131175994873,1.9506440162658691,0.3418847918510437,2.196062953646486,0.4553496837615967,0.0004783605400007218,0.002446402795612812,0.89030921459198,0.5357432961463928,0.02796870470046997,-0.08065725117921829,0.6223000288009644,0.0,-0.19349999725818634,,,,,,,0.0005010578315705061,0.08307317644357681,0.04801463335752487,0.01853233203291893,-0.00020020992087665945,0.0021648795809596777,0.00036915793680236675,,,,,,,,,,,,,,,,,,
1.6,nav,0.8919128179550171,2.053269863128662,0.34674695134162903,2.1455450092652724,0.4774540066719055,0.018899764865636826,0.0022082130890339613,0.8784506916999817,0.6932104825973511,0.017850160598754883,-0.16662903130054474,0.6884999871253967,0.0,-0.16459999978542328,,,,,,,-0.02154313586652279,0.08177824318408966,0.06113031506538391,0.04290803149342537,-0.011994545347988605,0.0025398721918463707,0.0009893570095300674,,,,,,,,,,,,,,,,,,
1.8,nav,0.8242713212966919,2.158687114715576,0.33627456426620483,2.1357771709479794,0.4818166494369507,0.013360677286982536,0.009966956451535225,0.8761135935783386,0.5741406083106995,-0.0044768452644348145,0.8044800758361816,0.6966999769210815,0.0,1.0,,,,,,,-0.013608153909444809,0.0725407674908638,0.06386692076921463,0.042655326426029205,-0.04881802201271057,0.0020125270821154118,0.0010122560538547987,,,,,,,,,,,,,,,,,,
2.0,nav,0.7564879059791565,2.2510311603546143,0.3435366749763489,2.2909066491331296,0.4125443696975708,0.010660914704203606,0.004601716995239258,0.9108635783195496,0.5863713622093201,-0.005012810230255127,0.9740174412727356,0.6859999895095825,0.0,1.0,,,,,,,-0.013166876509785652,0.07499486953020096,0.07108023762702942,0.0381702296435833,-0.05813208222389221,0.015595417469739914,0.0007367923681158572,,,,,,,,,,,,,,,,,,
2.2,nav,0.6668823957443237,2.343787908554077,0.34204408526420593,2.4786080006743707,0.32541048526763916,0.008581532165408134,0.0017160670831799507,0.9455323815345764,0.707499623298645,-0.03511333465576172,0.9224939942359924,0.7843999862670898,0.0,1.0,,,,,,,-0.01074871513992548,0.07215651869773865,0.0855027586221695,0.03875187411904335,-0.08305805921554565,-0.009574520401656628,0.0006651583801442484,,,,,,,,,,,,,,,,,,
2.4,nav,0.5465177297592163,2.432901382446289,0.3459344804286957,2.687508564400973,0.22494037449359894,0.020019592717289925,0.001460241386666894,0.9741658568382263,0.8096325993537903,-0.018368661403656006,0.9945870637893677,0.7414000034332275,0.0,1.0,,,,,,,-0.0249265655875206,0.07319549471139908,0.07929882407188416,0.045487649738788605,-0.06590214371681213,-0.010987132787704468,0.0006901848271354538,,,,,,,,,,,,,,,,,,
2.6,nav,0.40555381774902344,2.4986438751220703,0.3442864418029785,2.8952809701857656,0.12282123416662216,0.01000213623046875,0.0005483810673467815,0.9923782348632812,0.7526124715805054,-0.049456626176834106,1.0385894775390625,0.6953999996185303,0.0,1.0,,,,,,,-0.026510797441005707,0.06932242959737778,0.06965268403291702,0.05364561453461647,-0.05413108691573143,0.005280174780637026,0.0011201883035028004,,,,,,,,,,,,,,,,,,
2.8000000000000003,nav,0.2556975781917572,2.535571575164795,0.3443213105201721,3.096301097490741,0.022653108462691307,0.008340287022292614,-0.0013936476316303015,0.9997075796127319,0.7478876113891602,-0.03945275396108627,0.885480523109436,0.6686999797821045,0.0,0.7703999876976013,,,,,,,-0.03256287798285484,0.0765068382024765,0.07117252051830292,0.0482260137796402,-0.040297601372003555,-0.006113511510193348,0.0018110017863364192,,,,,,,,,,,,,,,,,,
3.0,nav,0.10270436108112335,2.549769401550293,0.3395111858844757,3.098445320175097,0.021517157554626465,0.004684146028012037,0.011893766932189465,0.9996867775917053,0.7569929957389832,-0.013287529349327087,-0.2128252238035202,0.7229999899864197,0.0,-0.17030000686645508,,,,,,,-0.016018617898225784,0.08674141764640808,0.0505828931927681,0.032621052116155624,-0.027949199080467224,-0.01142420619726181,0.0007186168732005171,,,,,,,,,,,,,,,,,,
3.2,nav,-0.05003535747528076,2.562009572982788,0.3355328440666199,2.9593916001044955,0.09096658229827881,0.0020935654174536467,0.003947822377085686,0.9958439469337463,0.7115144729614258,0.01704038679599762,-1.1190851926803589,0.7197999954223633,0.0,-0.9276000261306763,,,,,,,-0.024837233126163483,0.08580602705478668,0.04502196982502937,0.023926405236124992,-0.03510142117738724,-0.013953461311757565,0.001330926831542456,,,,,,,,,,,,,,,,,,
3.4,nav,-0.19626593589782715,2.578746795654297,0.3416547179222107,2.8047426185816797,0.16760970652103424,0.004139130003750324,0.004564075730741024,0.9858341813087463,0.6935075521469116,0.082935631275177,-0.9448956251144409,0.6843000054359436,0.0,-0.934499979019165,,,,,,,-0.03417957201600075,0.08601918071508408,0.03768538311123848,0.03989231958985329,-0.024331845343112946,0.013205605559051037,0.0018652552921594179,,,,,,,,,,,,,,,,,,
3.6,nav,-0.3425537347793579,2.6132378578186035,0.33472901582717896,2.6634207454801944,0.23676705360412598,0.007604304701089859,0.0045899441465735435,0.9715259075164795,0.6995007991790771,0.11583864688873291,-0.3242579698562622,0.6819999814033508,0.0,0.0,,,,,,,-0.0008121077553369105,0.0778585895895958,0.0559067577123642,0.028052696958184242,-0.04487668722867966,-0.0032166484743356705,0.0004465701749722939,,,,,,,,,,,,,,,,,,
3.8000000000000003,nav,-0.47235167026519775,2.6714046001434326,0.334314227104187,2.6006450496148177,0.2670484185218811,0.011899849399924278,0.009844886139035225,0.9635595083236694,0.7242350578308105,-0.00609278678894043,0.08892662078142166,0.7208999991416931,0.0,0.08540000021457672,,,,,,,-0.003108631120994687,0.07946549355983734,0.048447757959365845,0.011704865843057632,-0.0718926265835762,-0.01747860759496689,0.0013081670567771653,,,,,,,,,,,,,,,,,,
4.0,nav,-0.5892938375473022,2.7453644275665283,0.3415319621562958,2.598789858458546,0.2680690288543701,0.002663687337189913,0.007782153785228729,0.9633647203445435,0.6467624306678772,-0.05954986810684204,-0.05769504979252815,0.6503000259399414,0.0,0.0,,,,,,,-0.008846254087984562,0.0947054773569107,0.06042853370308876,0.027747539803385735,-0.05176723748445511,-0.014211665838956833,0.0004786164172401186,,,,,,,,,,,,,,,,,,
4.2,nav,-0.7064908742904663,2.820838212966919,0.34237900376319885,2.6480998895385626,0.24412475526332855,0.01618119142949581,0.002462125848978758,0.9696058034896851,0.7843204736709595,-0.03002876043319702,-0.02986295521259308,0.7412999868392944,0.0,0.0,,,,,,,0.00550228264182806,0.08967442810535431,0.07356725633144379,0.013079226948320866,-0.07865391671657562,-0.01564335823059082,0.0007563308317912742,,,,,,,,,,,,,,,,,,
4.4,nav,-0.8396008610725403,2.8907763957977295,0.3426675498485565,2.656072133141761,0.24034422636032104,0.0077937631867825985,0.0027619018219411373,0.9706526398658752,0.8352537155151367,0.017459571361541748,-0.14822998642921448,0.7085000276565552,0.0,-0.026900000870227814,,,,,,,-0.000434661575127393,0.09940357506275177,0.0644633024930954,0.017288194969296455,-0.06904537230730057,-0.025030674412846565,0.001353649262455292,,,,,,,,,,,,,,,,,,
4.6000000000000005,nav,-0.9809927344322205,2.963479995727539,0.34266188740730286,2.686047749207387,0.22580575942993164,0.00104069197550416,0.0049070208333432674,0.9741595387458801,0.7866854071617126,-0.01081150770187378,0.41782161593437195,0.6794999837875366,0.0,0.4239000082015991,,,,,,,-0.013398036360740662,0.09517045319080353,0.06638181954622269,0.03520125895738602,-0.07668812572956085,-0.020813848823308945,0.0012533978442661464,,,,,,,,,,,,,,,,,,
4.8,nav,-1.1242165565490723,3.029979705810547,0.33917665481567383,2.756394525890973,0.19137243926525116,0.006236494518816471,0.005234704352915287,0.9814838171005249,0.8227141499519348,-0.017981648445129395,0.5348083972930908,0.7075999975204468,0.0,0.5110999941825867,,,,,,,-0.0072692628018558025,0.08881409466266632,0.06423354148864746,0.03782816231250763,-0.05522124469280243,-0.013281702995300293,0.0014856993475405034,,,,,,,,,,,,,,,,,,
5.0,nav,-1.2703561782836914,3.0874879360198975,0.3428380489349365,2.7613538950687357,0.18901100754737854,0.009013114497065544,-0.006523492280393839,0.9819119572639465,0.834382176399231,0.03791165351867676,-0.3064054250717163,0.701200008392334,0.0,-0.24959999322891235,,,,,,,-0.007729643490165472,0.10498447716236115,0.05164620280265808,0.01993325725197792,-0.06623075157403946,-0.03554631024599075,0.0012068059786543017,,,,,,,,,,,,,,,,,,
0.0,nav,1.2667961120605469,1.377238154411316,0.33490028977394104,1.5945277587886715,0.6986521482467651,0.004548674914985895,0.0025714579969644547,0.7154424786567688,0.04069298878312111,0.03243812173604965,0.7378349304199219,0.550000011920929,0.0,1.0,,,,,,,-0.007384728640317917,0.008739760145545006,0.01701078563928604,0.011415994726121426,-0.010484152473509312,0.001213488751091063,0.0005859035146613678,,,,,,,,,,,,,,,,,,
0.2,nav,1.2576866149902344,1.432687759399414,0.3451901972293854,1.7517922035342153,0.6402356028556824,0.010693519376218319,-0.0037864530459046364,0.7680950164794922,0.348922461271286,0.013398915529251099,0.7920739054679871,0.550000011920929,0.0,1.0,,,,,,,-0.007550226058810949,0.0713023692369461,0.0881841853260994,0.031191149726510048,-0.05047706887125969,-0.003888006554916501,0.0005054108223703224,,,,,,,,,,,,,,,,,,
0.4,nav,1.2382261753082275,1.517218828201294,0.34333813190460205,1.8762493874824429,0.5909992456436157,0.021320482715964317,-0.0013123376993462443,0.8063893914222717,0.512171745300293,0.010022222995758057,0.5093338489532471,0.5778999924659729,0.0,0.5245000123977661,,,,,,,-0.03159061074256897,0.06664013862609863,0.06469206511974335,0.039396561682224274,-0.0416441485285759,-0.007240012753754854,0.0009774572317837738,,,,,,,,,,,,,,,,,,
0.6,nav,1.2009865045547485,1.6135741472244263,0.3414182662963867,1.9644674014408323,0.5549506545066833,0.016631461679935455,0.007149543613195419,0.8316863775253296,0.40583276748657227,0.0008685588836669922,0.6062010526657104,0.5559999942779541,0.0,1.0,,,,,,,-0.0060956887900829315,0.08055004477500916,0.07649803161621094,0.02074122428894043,-0.04079717770218849,0.0071325162425637245,0.00018349975098175264,,,,,,,,,,,,,,,,,,
0.8,nav,1.1613929271697998,1.6976274251937866,0.3421972692012787,2.0918471816992894,0.5006045699119568,0.027599647641181946,0.001839263248257339,0.8652340769767761,0.616723895072937,0.05736136436462402,0.31612324714660645,0.660099983215332,0.0,0.5095999836921692,,,,,,,-0.02398284710943699,0.05619867518544197,0.07149133831262589,0.02181677147746086,-0.04058472067117691,-0.009314881637692451,0.0007552983079222031,,,,,,,,,,,,,,,,,,
1.0,nav,1.1003801822662354,1.788236141204834,0.34405168890953064,2.1696151706996067,0.4669903814792633,0.010056952014565468,0.008101830258965492,0.8841681480407715,0.4070236086845398,-0.004094183444976807,0.5053525567054749,0.5543000102043152,0.0,1.0,,,,,,,-0.0005159102729521692,0.08068933337926865,0.08483631163835526,0.022266095504164696,-0.03364100679755211,-0.0017994678346440196,0.0002329823764739558,,,,,,,,,,,,,,,,,,
1.2,nav,1.0422148704528809,1.8652714490890503,0.34592780470848083,2.257608882892325,0.4274936318397522,0.018001794815063477,0.006879032123833895,0.9038129448890686,0.6042957901954651,0.029124975204467773,0.1425231546163559,0.5896999835968018,0.0,0.23100000619888306,,,,,,,-0.025314290076494217,0.07602294534444809,0.07130313664674759,0.025394229218363762,-0.047237951308488846,-0.00266838981769979,0.0013840905157849193,,,,,,,,,,,,,,,,,,
1.4000000000000001,nav,0.9677131175994873,1.9506440162658691,0.3418847918510437,2.196062953646486,0.4553496837615967,0.0004783605400007218,0.002446402795612812,0.89030921459198,0.5357432961463928,0.02796870470046997,-0.08065725117921829,0.6223000288009644,0.0,-0.19349999725818634,,,,,,,0.0005010578315705061,0.08307317644357681,0.04801463335752487,0.01853233203291893,-0.00020020992087665945,0.0021648795809596777,0.00036915793680236675,,,,,,,,,,,,,,,,,,
1.6,nav,0.8919128179550171,2.053269863128662,0.34674695134162903,2.1455450092652724,0.4774540066719055,0.018899764865636826,0.0022082130890339613,0.8784506916999817,0.6932104825973511,0.017850160598754883,-0.16662903130054474,0.6884999871253967,0.0,-0.16459999978542328,,,,,,,-0.02154313586652279,0.08177824318408966,0.06113031506538391,0.04290803149342537,-0.011994545347988605,0.0025398721918463707,0.0009893570095300674,,,,,,,,,,,,,,,,,,
1.8,nav,0.8242713212966919,2.158687114715576,0.33627456426620483,2.1357771709479794,0.4818166494369507,0.013360677286982536,0.009966956451535225,0.8761135935783386,0.5741406083106995,-0.0044768452644348145,0.8044800758361816,0.6966999769210815,0.0,1.0,,,,,,,-0.013608153909444809,0.0725407674908638,0.06386692076921463,0.042655326426029205,-0.04881802201271057,0.0020125270821154118,0.0010122560538547987,,,,,,,,,,,,,,,,,,
2.0,nav,0.7564879059791565,2.2510311603546143,0.3435366749763489,2.2909066491331296,0.4125443696975708,0.010660914704203606,0.004601716995239258,0.9108635783195496,0.5863713622093201,-0.005012810230255127,0.9740174412727356,0.6859999895095825,0.0,1.0,,,,,,,-0.013166876509785652,0.07499486953020096,0.07108023762702942,0.0381702296435833,-0.05813208222389221,0.015595417469739914,0.0007367923681158572,,,,,,,,,,,,,,,,,,
2.2,nav,0.6668823957443237,2.343787908554077,0.34204408526420593,2.4786080006743707,0.32541048526763916,0.008581532165408134,0.0017160670831799507,0.9455323815345764,0.707499623298645,-0.03511333465576172,0.9224939942359924,0.7843999862670898,0.0,1.0,,,,,,,-0.01074871513992548,0.07215651869773865,0.0855027586221695,0.03875187411904335,-0.08305805921554565,-0.009574520401656628,0.0006651583801442484,,,,,,,,,,,,,,,,,,
2.4,nav,0.5465177297592163,2.432901382446289,0.3459344804286957,2.687508564400973,0.22494037449359894,0.020019592717289925,0.001460241386666894,0.9741658568382263,0.8096325993537903,-0.018368661403656006,0.9945870637893677,0.7414000034332275,0.0,1.0,,,,,,,-0.0249265655875206,0.07319549471139908,0.07929882407188416,0.045487649738788605,-0.06590214371681213,-0.010987132787704468,0.0006901848271354538,,,,,,,,,,,,,,,,,,
2.6,nav,0.40555381774902344,2.4986438751220703,0.3442864418029785,2.8952809701857656,0.12282123416662216,0.01000213623046875,0.0005483810673467815,0.9923782348632812,0.7526124715805054,-0.049456626176834106,1.0385894775390625,0.6953999996185303,0.0,1.0,,,,,,,-0.026510797441005707,0.06932242959737778,0.06965268403291702,0.05364561453461647,-0.05413108691573143,0.005280174780637026,0.0011201883035028004,,,,,,,,,,,,,,,,,,
2.8000000000000003,nav,0.2556975781917572,2.535571575164795,0.3443213105201721,3.096301097490741,0.022653108462691307,0.008340287022292614,-0.0013936476316303015,0.9997075796127319,0.7478876113891602,-0.03945275396108627,0.885480523109436,0.6686999797821045,0.0,0.7703999876976013,,,,,,,-0.03256287798285484,0.0765068382024765,0.07117252051830292,0.0482260137796402,-0.040297601372003555,-0.006113511510193348,0.0018110017863364192,,,,,,,,,,,,,,,,,,
3.0,nav,0.10270436108112335,2.549769401550293,0.3395111858844757,3.098445320175097,0.021517157554626465,0.004684146028012037,0.011893766932189465,0.9996867775917053,0.7569929957389832,-0.013287529349327087,-0.2128252238035202,0.7229999899864197,0.0,-0.17030000686645508,,,,,,,-0.016018617898225784,0.08674141764640808,0.0505828931927681,0.032621052116155624,-0.027949199080467224,-0.01142420619726181,0.0007186168732005171,,,,,,,,,,,,,,,,,,
3.2,nav,-0.05003535747528076,2.562009572982788,0.3355328440666199,2.9593916001044955,0.09096658229827881,0.0020935654174536467,0.003947822377085686,0.9958439469337463,0.7115144729614258,0.01704038679599762,-1.1190851926803589,0.7197999954223633,0.0,-0.9276000261306763,,,,,,,-0.024837233126163483,0.08580602705478668,0.04502196982502937,0.023926405236124992,-0.03510142117738724,-0.013953461311757565,0.001330926831542456,,,,,,,,,,,,,,,,,,
3.4,nav,-0.19626593589782715,2.578746795654297,0.3416547179222107,2.8047426185816797,0.16760970652103424,0.004139130003750324,0.004564075730741024,0.9858341813087463,0.6935075521469116,0.082935631275177,-0.9448956251144409,0.6843000054359436,0.0,-0.934499979019165,,,,,,,-0.03417957201600075,0.08601918071508408,0.03768538311123848,0.03989231958985329,-0.024331845343112946,0.013205605559051037,0.0018652552921594179,,,,,,,,,,,,,,,,,,
3.6,nav,-0.3425537347793579,2.6132378578186035,0.33472901582717896,2.6634207454801944,0.23676705360412598,0.007604304701089859,0.0045899441465735435,0.9715259075164795,0.6995007991790771,0.11583864688873291,-0.3242579698562622,0.6819999814033508,0.0,0.0,,,,,,,-0.0008121077553369105,0.0778585895895958,0.0559067577123642,0.028052696958184242,-0.04487668722867966,-0.0032166484743356705,0.0004465701749722939,,,,,,,,,,,,,,,,,,
3.8000000000000003,nav,-0.47235167026519775,2.6714046001434326,0.334314227104187,2.6006450496148177,0.2670484185218811,0.011899849399924278,0.009844886139035225,0.9635595083236694,0.7242350578308105,-0.00609278678894043,0.08892662078142166,0.7208999991416931,0.0,0.08540000021457672,,,,,,,-0.003108631120994687,0.07946549355983734,0.048447757959365845,0.011704865843057632,-0.0718926265835762,-0.01747860759496689,0.0013081670567771653,,,,,,,,,,,,,,,,,,
4.0,nav,-0.5892938375473022,2.7453644275665283,0.3415319621562958,2.598789858458546,0.2680690288543701,0.002663687337189913,0.007782153785228729,0.9633647203445435,0.6467624306678772,-0.05954986810684204,-0.05769504979252815,0.6503000259399414,0.0,0.0,,,,,,,-0.008846254087984562,0.0947054773569107,0.06042853370308876,0.027747539803385735,-0.05176723748445511,-0.014211665838956833,0.0004786164172401186,,,,,,,,,,,,,,,,,,
4.2,nav,-0.7064908742904663,2.820838212966919,0.34237900376319885,2.6480998895385626,0.24412475526332855,0.01618119142949581,0.002462125848978758,0.9696058034896851,0.7843204736709595,-0.03002876043319702,-0.02986295521259308,0.7412999868392944,0.0,0.0,,,,,,,0.00550228264182806,0.08967442810535431,0.07356725633144379,0.013079226948320866,-0.07865391671657562,-0.01564335823059082,0.0007563308317912742,,,,,,,,,,,,,,,,,,
4.4,nav,-0.8396008610725403,2.8907763957977295,0.3426675498485565,2.656072133141761,0.24034422636032104,0.0077937631867825985,0.0027619018219411373,0.9706526398658752,0.8352537155151367,0.017459571361541748,-0.14822998642921448,0.7085000276565552,0.0,-0.026900000870227814,,,,,,,-0.000434661575127393,0.09940357506275177,0.0644633024930954,0.017288194969296455,-0.06904537230730057,-0.025030674412846565,0.001353649262455292,,,,,,,,,,,,,,,,,,
4.6000000000000005,nav,-0.9809927344322205,2.963479995727539,0.34266188740730286,2.686047749207387,0.22580575942993164,0.00104069197550416,0.0049070208333432674,0.9741595387458801,0.7866854071617126,-0.01081150770187378,0.41782161593437195,0.6794999837875366,0.0,0.4239000082015991,,,,,,,-0.013398036360740662,0.09517045319080353,0.06638181954622269,0.03520125895738602,-0.07668812572956085,-0.020813848823308945,0.0012533978442661464,,,,,,,,,,,,,,,,,,
4.8,nav,-1.1242165565490723,3.029979705810547,0.33917665481567383,2.756394525890973,0.19137243926525116,0.006236494518816471,0.005234704352915287,0.9814838171005249,0.8227141499519348,-0.017981648445129395,0.5348083972930908,0.7075999975204468,0.0,0.5110999941825867,,,,,,,-0.0072692628018558025,0.08881409466266632,0.06423354148864746,0.03782816231250763,-0.05522124469280243,-0.013281702995300293,0.0014856993475405034,,,,,,,,,,,,,,,,,,
5.0,nav,-1.2703561782836914,3.0874879360198975,0.3428380489349365,2.7613538950687357,0.18901100754737854,0.009013114497065544,-0.006523492280393839,0.9819119572639465,0.834382176399231,0.03791165351867676,-0.3064054250717163,0.701200008392334,0.0,-0.24959999322891235,,,,,,,-0.007729643490165472,0.10498447716236115,0.05164620280265808,0.01993325725197792,-0.06623075157403946,-0.03554631024599075,0.0012068059786543017,,,,,,,,,,,,,,,,,,
0.0,nav,1.2667961120605469,1.377238154411316,0.33490028977394104,1.5945277587886715,0.6986521482467651,0.004548674914985895,0.0025714579969644547,0.7154424786567688,0.04069298878312111,0.03243812173604965,0.7378349304199219,0.550000011920929,0.0,1.0,,,,,,,-0.007384728640317917,0.008739760145545006,0.01701078563928604,0.011415994726121426,-0.010484152473509312,0.001213488751091063,0.0005859035146613678,,,,,,,,,,,,,,,,,,
0.2,nav,1.2576866149902344,1.432687759399414,0.3451901972293854,1.7517922035342153,0.6402356028556824,0.010693519376218319,-0.0037864530459046364,0.7680950164794922,0.348922461271286,0.013398915529251099,0.7920739054679871,0.550000011920929,0.0,1.0,,,,,,,-0.007550226058810949,0.0713023692369461,0.0881841853260994,0.031191149726510048,-0.05047706887125969,-0.003888006554916501,0.0005054108223703224,,,,,,,,,,,,,,,,,,
0.4,nav,1.2382261753082275,1.517218828201294,0.34333813190460205,1.8762493874824429,0.5909992456436157,0.021320482715964317,-0.0013123376993462443,0.8063893914222717,0.512171745300293,0.010022222995758057,0.5093338489532471,0.5778999924659729,0.0,0.5245000123977661,,,,,,,-0.03159061074256897,0.06664013862609863,0.06469206511974335,0.039396561682224274,-0.0416441485285759,-0.007240012753754854,0.0009774572317837738,,,,,,,,,,,,,,,,,,
0.6,nav,1.2009865045547485,1.6135741472244263,0.3414182662963867,1.9644674014408323,0.5549506545066833,0.016631461679935455,0.007149543613195419,0.8316863775253296,0.40583276748657227,0.0008685588836669922,0.6062010526657104,0.5559999942779541,0.0,1.0,,,,,,,-0.0060956887900829315,0.08055004477500916,0.07649803161621094,0.02074122428894043,-0.04079717770218849,0.0071325162425637245,0.00018349975098175264,,,,,,,,,,,,,,,,,,
0.8,nav,1.1613929271697998,1.6976274251937866,0.3421972692012787,2.0918471816992894,0.5006045699119568,0.027599647641181946,0.001839263248257339,0.8652340769767761,0.616723895072937,0.05736136436462402,0.31612324714660645,0.660099983215332,0.0,0.5095999836921692,,,,,,,-0.02398284710943699,0.05619867518544197,0.07149133831262589,0.02181677147746086,-0.04058472067117691,-0.009314881637692451,0.0007552983079222031,,,,,,,,,,,,,,,,,,
1.0,nav,1.1003801822662354,1.788236141204834,0.34405168890953064,2.1696151706996067,0.4669903814792633,0.010056952014565468,0.008101830258965492,0.8841681480407715,0.4070236086845398,-0.004094183444976807,0.5053525567054749,0.5543000102043152,0.0,1.0,,,,,,,-0.0005159102729521692,0.08068933337926865,0.08483631163835526,0.022266095504164696,-0.03364100679755211,-0.0017994678346440196,0.0002329823764739558,,,,,,,,,,,,,,,,,,
1.2,nav,1.0422148704528809,1.8652714490890503,0.34592780470848083,2.257608882892325,0.4274936318397522,0.018001794815063477,0.006879032123833895,0.9038129448890686,0.6042957901954651,0.029124975204467773,0.1425231546163559,0.5896999835968018,0.0,0.23100000619888306,,,,,,,-0.025314290076494217,0.07602294534444809,0.07130313664674759,0.025394229218363762,-0.047237951308488846,-0.00266838981769979,0.0013840905157849193,,,,,,,,,,,,,,,,,,
1.4000000000000001,nav,0.9677131175994873,1.9506440162658691,0.3418847918510437,2.196062953646486,0.4553496837615967,0.0004783605400007218,0.002446402795612812,0.89030921459198,0.5357432961463928,0.02796870470046997,-0.08065725117921829,0.6223000288009644,0.0,-0.19349999725818634,,,,,,,0.0005010578315705061,0.08307317644357681,0.04801463335752487,0.01853233203291893,-0.00020020992087665945,0.0021648795809596777,0.00036915793680236675,,,,,,,,,,,,,,,,,,
1.6,nav,0.8919128179550171,2.053269863128662,0.34674695134162903,2.1455450092652724,0.4774540066719055,0.018899764865636826,0.0022082130890339613,0.8784506916999817,0.6932104825973511,0.017850160598754883,-0.16662903130054474,0.6884999871253967,0.0,-0.16459999978542328,,,,,,,-0.02154313586652279,0.08177824318408966,0.06113031506538391,0.04290803149342537,-0.011994545347988605,0.0025398721918463707,0.0009893570095300674,,,,,,,,,,,,,,,,,,
1.8,nav,0.8242713212966919,2.158687114715576,0.33627456426620483,2.1357771709479794,0.4818166494369507,0.013360677286982536,0.009966956451535225,0.8761135935783386,0.5741406083106995,-0.0044768452644348145,0.8044800758361816,0.6966999769210815,0.0,1.0,,,,,,,-0.013608153909444809,0.0725407674908638,0.06386692076921463,0.042655326426029205,-0.04881802201271057,0.0020125270821154118,0.0010122560538547987,,,,,,,,,,,,,,,,,,
2.0,nav,0.7564879059791565,2.2510311603546143,0.3435366749763489,2.2909066491331296,0.4125443696975708,0.010660914704203606,0.004601716995239258,0.9108635783195496,0.5863713622093201,-0.005012810230255127,0.9740174412727356,0.6859999895095825,0.0,1.0,,,,,,,-0.013166876509785652,0.07499486953020096,0.07108023762702942,0.0381702296435833,-0.05813208222389221,0.015595417469739914,0.0007367923681158572,,,,,,,,,,,,,,,,,,
2.2,nav,0.6668823957443237,2.343787908554077,0.34204408526420593,2.4786080006743707,0.32541048526763916,0.008581532165408134,0.0017160670831799507,0.9455323815345764,0.707499623298645,-0.03511333465576172,0.9224939942359924,0.7843999862670898,0.0,1.0,,,,,,,-0.01074871513992548,0.07215651869773865,0.0855027586221695,0.03875187411904335,-0.08305805921554565,-0.009574520401656628,0.0006651583801442484,,,,,,,,,,,,,,,,,,
2.4,nav,0.5465177297592163,2.432901382446289,0.3459344804286957,2.687508564400973,0.22494037449359894,0.020019592717289925,0.001460241386666894,0.9741658568382263,0.8096325993537903,-0.018368661403656006,0.9945870637893677,0.7414000034332275,0.0,1.0,,,,,,,-0.0249265655875206,0.07319549471139908,0.07929882407188416,0.045487649738788605,-0.06590214371681213,-0.010987132787704468,0.0006901848271354538,,,,,,,,,,,,,,,,,,
2.6,nav,0.40555381774902344,2.4986438751220703,0.3442864418029785,2.8952809701857656,0.12282123416662216,0.01000213623046875,0.0005483810673467815,0.9923782348632812,0.7526124715805054,-0.049456626176834106,1.0385894775390625,0.6953999996185303,0.0,1.0,,,,,,,-0.026510797441005707,0.06932242959737778,0.06965268403291702,0.05364561453461647,-0.05413108691573143,0.005280174780637026,0.0011201883035028004,,,,,,,,,,,,,,,,,,
2.8000000000000003,nav,0.2556975781917572,2.535571575164795,0.3443213105201721,3.096301097490741,0.022653108462691307,0.008340287022292614,-0.0013936476316303015,0.9997075796127319,0.7478876113891602,-0.03945275396108627,0.885480523109436,0.6686999797821045,0.0,0.7703999876976013,,,,,,,-0.03256287798285484,0.0765068382024765,0.07117252051830292,0.0482260137796402,-0.040297601372003555,-0.006113511510193348,0.0018110017863364192,,,,,,,,,,,,,,,,,,
3.0,nav,0.10270436108112335,2.549769401550293,0.3395111858844757,3.098445320175097,0.021517157554626465,0.004684146028012037,0.011893766932189465,0.9996867775917053,0.7569929957389832,-0.013287529349327087,-0.2128252238035202,0.7229999899864197,0.0,-0.17030000686645508,,,,,,,-0.016018617898225784,0.08674141764640808,0.0505828931927681,0.032621052116155624,-0.027949199080467224,-0.01142420619726181,0.0007186168732005171,,,,,,,,,,,,,,,,,,
3.2,nav,-0.05003535747528076,2.562009572982788,0.3355328440666199,2.9593916001044955,0.09096658229827881,0.0020935654174536467,0.003947822377085686,0.9958439469337463,0.7115144729614258,0.01704038679599762,-1.1190851926803589,0.7197999954223633,0.0,-0.9276000261306763,,,,,,,-0.024837233126163483,0.08580602705478668,0.04502196982502937,0.023926405236124992,-0.03510142117738724,-0.013953461311757565,0.001330926831542456,,,,,,,,,,,,,,,,,,
3.4,nav,-0.19626593589782715,2.578746795654297,0.3416547179222107,2.8047426185816797,0.16760970652103424,0.004139130003750324,0.004564075730741024,0.9858341813087463,0.6935075521469116,0.082935631275177,-0.9448956251144409,0.6843000054359436,0.0,-0.934499979019165,,,,,,,-0.03417957201600075,0.08601918071508408,0.03768538311123848,0.03989231958985329,-0.024331845343112946,0.013205605559051037,0.0018652552921594179,,,,,,,,,,,,,,,,,,
3.6,nav,-0.3425537347793579,2.6132378578186035,0.33472901582717896,2.6634207454801944,0.23676705360412598,0.007604304701089859,0.0045899441465735435,0.9715259075164795,0.6995007991790771,0.11583864688873291,-0.3242579698562622,0.6819999814033508,0.0,0.0,,,,,,,-0.0008121077553369105,0.0778585895895958,0.0559067577123642,0.028052696958184242,-0.04487668722867966,-0.0032166484743356705,0.0004465701749722939,,,,,,,,,,,,,,,,,,
3.8000000000000003,nav,-0.47235167026519775,2.6714046001434326,0.334314227104187,2.6006450496148177,0.2670484185218811,0.011899849399924278,0.009844886139035225,0.9635595083236694,0.7242350578308105,-0.00609278678894043,0.08892662078142166,0.7208999991416931,0.0,0.08540000021457672,,,,,,,-0.003108631120994687,0.07946549355983734,0.048447757959365845,0.011704865843057632,-0.0718926265835762,-0.01747860759496689,0.0013081670567771653,,,,,,,,,,,,,,,,,,
4.0,nav,-0.5892938375473022,2.7453644275665283,0.3415319621562958,2.598789858458546,0.2680690288543701,0.002663687337189913,0.007782153785228729,0.9633647203445435,0.6467624306678772,-0.05954986810684204,-0.05769504979252815,0.6503000259399414,0.0,0.0,,,,,,,-0.008846254087984562,0.0947054773569107,0.06042853370308876,0.027747539803385735,-0.05176723748445511,-0.014211665838956833,0.0004786164172401186,,,,,,,,,,,,,,,,,,
4.2,nav,-0.7064908742904663,2.820838212966919,0.34237900376319885,2.6480998895385626,0.24412475526332855,0.01618119142949581,0.002462125848978758,0.9696058034896851,0.7843204736709595,-0.03002876043319702,-0.02986295521259308,0.7412999868392944,0.0,0.0,,,,,,,0.00550228264182806,0.08967442810535431,0.07356725633144379,0.013079226948320866,-0.07865391671657562,-0.01564335823059082,0.0007563308317912742,,,,,,,,,,,,,,,,,,
4.4,nav,-0.8396008610725403,2.8907763957977295,0.3426675498485565,2.656072133141761,0.24034422636032104,0.0077937631867825985,0.0027619018219411373,0.9706526398658752,0.8352537155151367,0.017459571361541748,-0.14822998642921448,0.7085000276565552,0.0,-0.026900000870227814,,,,,,,-0.000434661575127393,0.09940357506275177,0.0644633024930954,0.017288194969296455,-0.06904537230730057,-0.025030674412846565,0.001353649262455292,,,,,,,,,,,,,,,,,,
4.6000000000000005,nav,-0.9809927344322205,2.963479995727539,0.34266188740730286,2.686047749207387,0.22580575942993164,0.00104069197550416,0.0049070208333432674,0.9741595387458801,0.7866854071617126,-0.01081150770187378,0.41782161593437195,0.6794999837875366,0.0,0.4239000082015991,,,,,,,-0.013398036360740662,0.09517045319080353,0.06638181954622269,0.03520125895738602,-0.07668812572956085,-0.020813848823308945,0.0012533978442661464,,,,,,,,,,,,,,,,,,
4.8,nav,-1.1242165565490723,3.029979705810547,0.33917665481567383,2.756394525890973,0.19137243926525116,0.006236494518816471,0.005234704352915287,0.9814838171005249,0.8227141499519348,-0.017981648445129395,0.5348083972930908,0.7075999975204468,0.0,0.5110999941825867,,,,,,,-0.0072692628018558025,0.08881409466266632,0.06423354148864746,0.03782816231250763,-0.05522124469280243,-0.013281702995300293,0.0014856993475405034,,,,,,,,,,,,,,,,,,
5.0,nav,-1.2703561782836914,3.0874879360198975,0.3428380489349365,2.7613538950687357,0.18901100754737854,0.009013114497065544,-0.006523492280393839,0.9819119572639465,0.834382176399231,0.03791165351867676,-0.3064054250717163,0.701200008392334,0.0,-0.24959999322891235,,,,,,,-0.007729643490165472,0.10498447716236115,0.05164620280265808,0.01993325725197792,-0.06623075157403946,-0.03554631024599075,0.0012068059786543017,,,,,,,,,,,,,,,,,,
0.0,nav,1.2667961120605469,1.377238154411316,0.33490028977394104,1.5945277587886715,0.6986521482467651,0.004548674914985895,0.0025714579969644547,0.7154424786567688,0.04069298878312111,0.03243812173604965,0.7378349304199219,0.550000011920929,0.0,1.0,,,,,,,-0.007384728640317917,0.008739760145545006,0.01701078563928604,0.011415994726121426,-0.010484152473509312,0.001213488751091063,0.0005859035146613678,,,,,,,,,,,,,,,,,,
0.2,nav,1.2576866149902344,1.432687759399414,0.3451901972293854,1.7517922035342153,0.6402356028556824,0.010693519376218319,-0.0037864530459046364,0.7680950164794922,0.348922461271286,0.013398915529251099,0.7920739054679871,0.550000011920929,0.0,1.0,,,,,,,-0.007550226058810949,0.0713023692369461,0.0881841853260994,0.031191149726510048,-0.05047706887125969,-0.003888006554916501,0.0005054108223703224,,,,,,,,,,,,,,,,,,
0.4,nav,1.2382261753082275,1.517218828201294,0.34333813190460205,1.8762493874824429,0.5909992456436157,0.021320482715964317,-0.0013123376993462443,0.8063893914222717,0.512171745300293,0.010022222995758057,0.5093338489532471,0.5778999924659729,0.0,0.5245000123977661,,,,,,,-0.03159061074256897,0.06664013862609863,0.06469206511974335,0.039396561682224274,-0.0416441485285759,-0.007240012753754854,0.0009774572317837738,,,,,,,,,,,,,,,,,,
0.6,nav,1.2009865045547485,1.6135741472244263,0.3414182662963867,1.9644674014408323,0.5549506545066833,0.016631461679935455,0.007149543613195419,0.8316863775253296,0.40583276748657227,0.0008685588836669922,0.6062010526657104,0.5559999942779541,0.0,1.0,,,,,,,-0.0060956887900829315,0.08055004477500916,0.07649803161621094,0.02074122428894043,-0.04079717770218849,0.0071325162425637245,0.00018349975098175264,,,,,,,,,,,,,,,,,,
0.8,nav,1.1613929271697998,1.6976274251937866,0.3421972692012787,2.0918471816992894,0.5006045699119568,0.027599647641181946,0.001839263248257339,0.8652340769767761,0.616723895072937,0.05736136436462402,0.31612324714660645,0.660099983215332,0.0,0.5095999836921692,,,,,,,-0.02398284710943699,0.05619867518544197,0.07149133831262589,0.02181677147746086,-0.04058472067117691,-0.009314881637692451,0.0007552983079222031,,,,,,,,,,,,,,,,,,
1.0,nav,1.1003801822662354,1.788236141204834,0.34405168890953064,2.1696151706996067,0.4669903814792633,0.010056952014565468,0.008101830258965492,0.8841681480407715,0.4070236086845398,-0.004094183444976807,0.5053525567054749,0.5543000102043152,0.0,1.0,,,,,,,-0.0005159102729521692,0.08068933337926865,0.08483631163835526,0.022266095504164696,-0.03364100679755211,-0.0017994678346440196,0.0002329823764739558,,,,,,,,,,,,,,,,,,
1.2,nav,1.0422148704528809,1.8652714490890503,0.34592780470848083,2.257608882892325,0.4274936318397522,0.018001794815063477,0.006879032123833895,0.9038129448890686,0.6042957901954651,0.029124975204467773,0.1425231546163559,0.5896999835968018,0.0,0.23100000619888306,,,,,,,-0.025314290076494217,0.07602294534444809,0.07130313664674759,0.025394229218363762,-0.047237951308488846,-0.00266838981769979,0.0013840905157849193,,,,,,,,,,,,,,,,,,
1.4000000000000001,nav,0.9677131175994873,1.9506440162658691,0.3418847918510437,2.196062953646486,0.4553496837615967,0.0004783605400007218,0.002446402795612812,0.89030921459198,0.5357432961463928,0.02796870470046997,-0.08065725117921829,0.6223000288009644,0.0,-0.19349999725818634,,,,,,,0.0005010578315705061,0.08307317644357681,0.04801463335752487,0.01853233203291893,-0.00020020992087665945,0.0021648795809596777,0.00036915793680236675,,,,,,,,,,,,,,,,,,
1.6,nav,0.8919128179550171,2.053269863128662,0.34674695134162903,2.1455450092652724,0.4774540066719055,0.018899764865636826,0.0022082130890339613,0.8784506916999817,0.6932104825973511,0.017850160598754883,-0.16662903130054474,0.6884999871253967,0.0,-0.16459999978542328,,,,,,,-0.02154313586652279,0.08177824318408966,0.06113031506538391,0.04290803149342537,-0.011994545347988605,0.0025398721918463707,0.0009893570095300674,,,,,,,,,,,,,,,,,,
1.8,nav,0.8242713212966919,2.158687114715576,0.33627456426620483,2.1357771709479794,0.4818166494369507,0.013360677286982536,0.009966956451535225,0.8761135935783386,0.5741406083106995,-0.0044768452644348145,0.8044800758361816,0.6966999769210815,0.0,1.0,,,,,,,-0.013608153909444809,0.0725407674908638,0.06386692076921463,0.042655326426029205,-0.04881802201271057,0.0020125270821154118,0.0010122560538547987,,,,,,,,,,,,,,,,,,
2.0,nav,0.7564879059791565,2.2510311603546143,0.3435366749763489,2.2909066491331296,0.4125443696975708,0.010660914704203606,0.004601716995239258,0.9108635783195496,0.5863713622093201,-0.005012810230255127,0.9740174412727356,0.6859999895095825,0.0,1.0,,,,,,,-0.013166876509785652,0.07499486953020096,0.07108023762702942,0.0381702296435833,-0.05813208222389221,0.015595417469739914,0.0007367923681158572,,,,,,,,,,,,,,,,,,
2.2,nav,0.6668823957443237,2.343787908554077,0.34204408526420593,2.4786080006743707,0.32541048526763916,0.008581532165408134,0.0017160670831799507,0.9455323815345764,0.707499623298645,-0.03511333465576172,0.9224939942359924,0.7843999862670898,0.0,1.0,,,,,,,-0.01074871513992548,0.07215651869773865,0.0855027586221695,0.03875187411904335,-0.08305805921554565,-0.009574520401656628,0.0006651583801442484,,,,,,,,,,,,,,,,,,
2.4,nav,0.5465177297592163,2.432901382446289,0.3459344804286957,2.687508564400973,0.22494037449359894,0.020019592717289925,0.001460241386666894,0.9741658568382263,0.8096325993537903,-0.018368661403656006,0.9945870637893677,0.7414000034332275,0.0,1.0,,,,,,,-0.0249265655875206,0.07319549471139908,0.07929882407188416,0.045487649738788605,-0.06590214371681213,-0.010987132787704468,0.0006901848271354538,,,,,,,,,,,,,,,,,,
2.6,nav,0.40555381774902344,2.4986438751220703,0.3442864418029785,2.8952809701857656,0.12282123416662216,0.01000213623046875,0.0005483810673467815,0.9923782348632812,0.7526124715805054,-0.049456626176834106,1.0385894775390625,0.6953999996185303,0.0,1.0,,,,,,,-0.026510797441005707,0.06932242959737778,0.06965268403291702,0.05364561453461647,-0.05413108691573143,0.005280174780637026,0.0011201883035028004,,,,,,,,,,,,,,,,,,
2.8000000000000003,nav,0.2556975781917572,2.535571575164795,0.3443213105201721,3.096301097490741,0.022653108462691307,0.008340287022292614,-0.0013936476316303015,0.9997075796127319,0.7478876113891602,-0.03945275396108627,0.885480523109436,0.6686999797821045,0.0,0.7703999876976013,,,,,,,-0.03256287798285484,0.0765068382024765,0.07117252051830292,0.0482260137796402,-0.040297601372003555,-0.006113511510193348,0.0018110017863364192,,,,,,,,,,,,,,,,,,
3.0,nav,0.10270436108112335,2.549769401550293,0.3395111858844757,3.098445320175097,0.021517157554626465,0.004684146028012037,0.011893766932189465,0.9996867775917053,0.7569929957389832,-0.013287529349327087,-0.2128252238035202,0.7229999899864197,0.0,-0.17030000686645508,,,,,,,-0.016018617898225784,0.08674141764640808,0.0505828931927681,0.032621052116155624,-0.027949199080467224,-0.01142420619726181,0.0007186168732005171,,,,,,,,,,,,,,,,,,
3.2,nav,-0.05003535747528076,2.562009572982788,0.3355328440666199,2.9593916001044955,0.09096658229827881,0.0020935654174536467,0.003947822377085686,0.9958439469337463,0.7115144729614258,0.01704038679599762,-1.1190851926803589,0.7197999954223633,0.0,-0.9276000261306763,,,,,,,-0.024837233126163483,0.08580602705478668,0.04502196982502937,0.023926405236124992,-0.03510142117738724,-0.013953461311757565,0.001330926831542456,,,,,,,,,,,,,,,,,,
3.4,nav,-0.19626593589782715,2.578746795654297,0.3416547179222107,2.8047426185816797,0.16760970652103424,0.004139130003750324,0.004564075730741024,0.9858341813087463,0.6935075521469116,0.082935631275177,-0.9448956251144409,0.6843000054359436,0.0,-0.934499979019165,,,,,,,-0.03417957201600075,0.08601918071508408,0.03768538311123848,0.03989231958985329,-0.024331845343112946,0.013205605559051037,0.0018652552921594179,,,,,,,,,,,,,,,,,,
3.6,nav,-0.3425537347793579,2.6132378578186035,0.33472901582717896,2.6634207454801944,0.23676705360412598,0.007604304701089859,0.0045899441465735435,0.9715259075164795,0.6995007991790771,0.11583864688873291,-0.3242579698562622,0.6819999814033508,0.0,0.0,,,,,,,-0.0008121077553369105,0.0778585895895958,0.0559067577123642,0.028052696958184242,-0.04487668722867966,-0.0032166484743356705,0.0004465701749722939,,,,,,,,,,,,,,,,,,
3.8000000000000003,nav,-0.47235167026519775,2.6714046001434326,0.334314227104187,2.6006450496148177,0.2670484185218811,0.011899849399924278,0.009844886139035225,0.9635595083236694,0.7242350578308105,-0.00609278678894043,0.08892662078142166,0.7208999991416931,0.0,0.08540000021457672,,,,,,,-0.003108631120994687,0.07946549355983734,0.048447757959365845,0.011704865843057632,-0.0718926265835762,-0.01747860759496689,0.0013081670567771653,,,,,,,,,,,,,,,,,,
4.0,nav,-0.5892938375473022,2.7453644275665283,0.3415319621562958,2.598789858458546,0.2680690288543701,0.002663687337189913,0.007782153785228729,0.9633647203445435,0.6467624306678772,-0.05954986810684204,-0.05769504979252815,0.6503000259399414,0.0,0.0,,,,,,,-0.008846254087984562,0.0947054773569107,0.06042853370308876,0.027747539803385735,-0.05176723748445511,-0.014211665838956833,0.0004786164172401186,,,,,,,,,,,,,,,,,,
4.2,nav,-0.7064908742904663,2.820838212966919,0.34237900376319885,2.6480998895385626,0.24412475526332855,0.01618119142949581,0.002462125848978758,0.9696058034896851,0.7843204736709595,-0.03002876043319702,-0.02986295521259308,0.7412999868392944,0.0,0.0,,,,,,,0.00550228264182806,0.08967442810535431,0.07356725633144379,0.013079226948320866,-0.07865391671657562,-0.01564335823059082,0.0007563308317912742,,,,,,,,,,,,,,,,,,
4.4,nav,-0.8396008610725403,2.8907763957977295,0.3426675498485565,2.656072133141761,0.24034422636032104,0.0077937631867825985,0.0027619018219411373,0.9706526398658752,0.8352537155151367,0.017459571361541748,-0.14822998642921448,0.7085000276565552,0.0,-0.026900000870227814,,,,,,,-0.000434661575127393,0.09940357506275177,0.0644633024930954,0.017288194969296455,-0.06904537230730057,-0.025030674412846565,0.001353649262455292,,,,,,,,,,,,,,,,,,
4.6000000000000005,nav,-0.9809927344322205,2.963479995727539,0.34266188740730286,2.686047749207387,0.22580575942993164,0.00104069197550416,0.0049070208333432674,0.9741595387458801,0.7866854071617126,-0.01081150770187378,0.41782161593437195,0.6794999837875366,0.0,0.4239000082015991,,,,,,,-0.013398036360740662,0.09517045319080353,0.06638181954622269,0.03520125895738602,-0.07668812572956085,-0.020813848823308945,0.0012533978442661464,,,,,,,,,,,,,,,,,,
4.8,nav,-1.1242165565490723,3.029979705810547,0.33917665481567383,2.756394525890973,0.19137243926525116,0.006236494518816471,0.005234704352915287,0.9814838171005249,0.8227141499519348,-0.017981648445129395,0.5348083972930908,0.7075999975204468,0.0,0.5110999941825867,,,,,,,-0.0072692628018558025,0.08881409466266632,0.06423354148864746,0.03782816231250763,-0.05522124469280243,-0.013281702995300293,0.0014856993475405034,,,,,,,,,,,,,,,,,,
5.0,nav,-1.2703561782836914,3.0874879360198975,0.3428380489349365,2.7613538950687357,0.18901100754737854,0.009013114497065544,-0.006523492280393839,0.9819119572639465,0.834382176399231,0.03791165351867676,-0.3064054250717163,0.701200008392334,0.0,-0.24959999322891235,,,,,,,-0.007729643490165472,0.10498447716236115,0.05164620280265808,0.01993325725197792,-0.06623075157403946,-0.03554631024599075,0.0012068059786543017,,,,,,,,,,,,,,,,,,
0.0,nav,1.2667961120605469,1.377238154411316,0.33490028977394104,1.5945277587886715,0.6986521482467651,0.004548674914985895,0.0025714579969644547,0.7154424786567688,0.04069298878312111,0.03243812173604965,0.7378349304199219,0.550000011920929,0.0,1.0,,,,,,,-0.007384728640317917,0.008739760145545006,0.01701078563928604,0.011415994726121426,-0.010484152473509312,0.001213488751091063,0.0005859035146613678,,,,,,,,,,,,,,,,,,
0.2,nav,1.2576866149902344,1.432687759399414,0.3451901972293854,1.7517922035342153,0.6402356028556824,0.010693519376218319,-0.0037864530459046364,0.7680950164794922,0.348922461271286,0.013398915529251099,0.7920739054679871,0.550000011920929,0.0,1.0,,,,,,,-0.007550226058810949,0.0713023692369461,0.0881841853260994,0.031191149726510048,-0.05047706887125969,-0.003888006554916501,0.0005054108223703224,,,,,,,,,,,,,,,,,,
0.4,nav,1.2382261753082275,1.517218828201294,0.34333813190460205,1.8762493874824429,0.5909992456436157,0.021320482715964317,-0.0013123376993462443,0.8063893914222717,0.512171745300293,0.010022222995758057,0.5093338489532471,0.5778999924659729,0.0,0.5245000123977661,,,,,,,-0.03159061074256897,0.06664013862609863,0.06469206511974335,0.039396561682224274,-0.0416441485285759,-0.007240012753754854,0.0009774572317837738,,,,,,,,,,,,,,,,,,
0.6,nav,1.2009865045547485,1.6135741472244263,0.3414182662963867,1.9644674014408323,0.5549506545066833,0.016631461679935455,0.007149543613195419,0.8316863775253296,0.40583276748657227,0.0008685588836669922,0.6062010526657104,0.5559999942779541,0.0,1.0,,,,,,,-0.0060956887900829315,0.08055004477500916,0.07649803161621094,0.02074122428894043,-0.04079717770218849,0.0071325162425637245,0.00018349975098175264,,,,,,,,,,,,,,,,,,
0.8,nav,1.1613929271697998,1.6976274251937866,0.3421972692012787,2.0918471816992894,0.5006045699119568,0.027599647641181946,0.001839263248257339,0.8652340769767761,0.616723895072937,0.05736136436462402,0.31612324714660645,0.660099983215332,0.0,0.5095999836921692,,,,,,,-0.02398284710943699,0.05619867518544197,0.07149133831262589,0.02181677147746086,-0.04058472067117691,-0.009314881637692451,0.0007552983079222031,,,,,,,,,,,,,,,,,,
1.0,nav,1.1003801822662354,1.788236141204834,0.34405168890953064,2.1696151706996067,0.4669903814792633,0.010056952014565468,0.008101830258965492,0.8841681480407715,0.4070236086845398,-0.004094183444976807,0.5053525567054749,0.5543000102043152,0.0,1.0,,,,,,,-0.0005159102729521692,0.08068933337926865,0.08483631163835526,0.022266095504164696,-0.03364100679755211,-0.0017994678346440196,0.0002329823764739558,,,,,,,,,,,,,,,,,,
1.2,nav,1.0422148704528809,1.8652714490890503,0.34592780470848083,2.257608882892325,0.4274936318397522,0.018001794815063477,0.006879032123833895,0.9038129448890686,0.6042957901954651,0.029124975204467773,0.1425231546163559,0.5896999835968018,0.0,0.23100000619888306,,,,,,,-0.025314290076494217,0.07602294534444809,0.07130313664674759,0.025394229218363762,-0.047237951308488846,-0.00266838981769979,0.0013840905157849193,,,,,,,,,,,,,,,,,,
1.4000000000000001,nav,0.9677131175994873,1.9506440162658691,0.3418847918510437,2.196062953646486,0.4553496837615967,0.0004783605400007218,0.002446402795612812,0.89030921459198,0.5357432961463928,0.02796870470046997,-0.08065725117921829,0.6223000288009644,0.0,-0.19349999725818634,,,,,,,0.0005010578315705061,0.08307317644357681,0.04801463335752487,0.01853233203291893,-0.00020020992087665945,0.0021648795809596777,0.00036915793680236675,,,,,,,,,,,,,,,,,,
1.6,nav,0.8919128179550171,2.053269863128662,0.34674695134162903,2.1455450092652724,0.4774540066719055,0.018899764865636826,0.0022082130890339613,0.8784506916999817,0.6932104825973511,0.017850160598754883,-0.16662903130054474,0.6884999871253967,0.0,-0.16459999978542328,,,,,,,-0.02154313586652279,0.08177824318408966,0.06113031506538391,0.04290803149342537,-0.011994545347988605,0.0025398721918463707,0.0009893570095300674,,,,,,,,,,,,,,,,,,
1.8,nav,0.8242713212966919,2.158687114715576,0.33627456426620483,2.1357771709479794,0.4818166494369507,0.013360677286982536,0.009966956451535225,0.8761135935783386,0.5741406083106995,-0.0044768452644348145,0.8044800758361816,0.6966999769210815,0.0,1.0,,,,,,,-0.013608153909444809,0.0725407674908638,0.06386692076921463,0.042655326426029205,-0.04881802201271057,0.0020125270821154118,0.0010122560538547987,,,,,,,,,,,,,,,,,,
2.0,nav,0.7564879059791565,2.2510311603546143,0.3435366749763489,2.2909066491331296,0.4125443696975708,0.010660914704203606,0.004601716995239258,0.9108635783195496,0.5863713622093201,-0.005012810230255127,0.9740174412727356,0.6859999895095825,0.0,1.0,,,,,,,-0.013166876509785652,0.07499486953020096,0.07108023762702942,0.0381702296435833,-0.05813208222389221,0.015595417469739914,0.0007367923681158572,,,,,,,,,,,,,,,,,,
2.2,nav,0.6668823957443237,2.343787908554077,0.34204408526420593,2.4786080006743707,0.32541048526763916,0.008581532165408134,0.0017160670831799507,0.9455323815345764,0.707499623298645,-0.03511333465576172,0.9224939942359924,0.7843999862670898,0.0,1.0,,,,,,,-0.01074871513992548,0.07215651869773865,0.0855027586221695,0.03875187411904335,-0.08305805921554565,-0.009574520401656628,0.0006651583801442484,,,,,,,,,,,,,,,,,,
2.4,nav,0.5465177297592163,2.432901382446289,0.3459344804286957,2.687508564400973,0.22494037449359894,0.020019592717289925,0.001460241386666894,0.9741658568382263,0.8096325993537903,-0.018368661403656006,0.9945870637893677,0.7414000034332275,0.0,1.0,,,,,,,-0.0249265655875206,0.07319549471139908,0.07929882407188416,0.045487649738788605,-0.06590214371681213,-0.010987132787704468,0.0006901848271354538,,,,,,,,,,,,,,,,,,
2.6,nav,0.40555381774902344,2.4986438751220703,0.3442864418029785,2.8952809701857656,0.12282123416662216,0.01000213623046875,0.0005483810673467815,0.9923782348632812,0.7526124715805054,-0.049456626176834106,1.0385894775390625,0.6953999996185303,0.0,1.0,,,,,,,-0.026510797441005707,0.06932242959737778,0.06965268403291702,0.05364561453461647,-0.05413108691573143,0.005280174780637026,0.0011201883035028004,,,,,,,,,,,,,,,,,,
2.8000000000000003,nav,0.2556975781917572,2.535571575164795,0.3443213105201721,3.096301097490741,0.022653108462691307,0.008340287022292614,-0.0013936476316303015,0.9997075796127319,0.7478876113891602,-0.03945275396108627,0.885480523109436,0.6686999797821045,0.0,0.7703999876976013,,,,,,,-0.03256287798285484,0.0765068382024765,0.07117252051830292,0.0482260137796402,-0.040297601372003555,-0.006113511510193348,0.0018110017863364192,,,,,,,,,,,,,,,,,,
3.0,nav,0.10270436108112335,2.549769401550293,0.3395111858844757,3.098445320175097,0.021517157554626465,0.004684146028012037,0.011893766932189465,0.9996867775917053,0.7569929957389832,-0.013287529349327087,-0.2128252238035202,0.7229999899864197,0.0,-0.17030000686645508,,,,,,,-0.016018617898225784,0.08674141764640808,0.0505828931927681,0.032621052116155624,-0.027949199080467224,-0.01142420619726181,0.0007186168732005171,,,,,,,,,,,,,,,,,,
3.2,nav,-0.05003535747528076,2.562009572982788,0.3355328440666199,2.9593916001044955,0.09096658229827881,0.0020935654174536467,0.003947822377085686,0.9958439469337463,0.7115144729614258,0.01704038679599762,-1.1190851926803589,0.7197999954223633,0.0,-0.9276000261306763,,,,,,,-0.024837233126163483,0.08580602705478668,0.04502196982502937,0.023926405236124992,-0.03510142117738724,-0.013953461311757565,0.001330926831542456,,,,,,,,,,,,,,,,,,
3.4,nav,-0.19626593589782715,2.578746795654297,0.3416547179222107,2.8047426185816797,0.16760970652103424,0.004139130003750324,0.004564075730741024,0.9858341813087463,0.6935075521469116,0.082935631275177,-0.9448956251144409,0.6843000054359436,0.0,-0.934499979019165,,,,,,,-0.03417957201600075,0.08601918071508408,0.03768538311123848,0.03989231958985329,-0.024331845343112946,0.013205605559051037,0.0018652552921594179,,,,,,,,,,,,,,,,,,
3.6,nav,-0.3425537347793579,2.6132378578186035,0.33472901582717896,2.6634207454801944,0.23676705360412598,0.007604304701089859,0.0045899441465735435,0.9715259075164795,0.6995007991790771,0.11583864688873291,-0.3242579698562622,0.6819999814033508,0.0,0.0,,,,,,,-0.0008121077553369105,0.0778585895895958,0.0559067577123642,0.028052696958184242,-0.04487668722867966,-0.0032166484743356705,0.0004465701749722939,,,,,,,,,,,,,,,,,,
3.8000000000000003,nav,-0.47235167026519775,2.6714046001434326,0.334314227104187,2.6006450496148177,0.2670484185218811,0.011899849399924278,0.009844886139035225,0.9635595083236694,0.7242350578308105,-0.00609278678894043,0.08892662078142166,0.7208999991416931,0.0,0.08540000021457672,,,,,,,-0.003108631120994687,0.07946549355983734,0.048447757959365845,0.011704865843057632,-0.0718926265835762,-0.01747860759496689,0.0013081670567771653,,,,,,,,,,,,,,,,,,
4.0,nav,-0.5892938375473022,2.7453644275665283,0.3415319621562958,2.598789858458546,0.2680690288543701,0.002663687337189913,0.007782153785228729,0.9633647203445435,0.6467624306678772,-0.05954986810684204,-0.05769504979252815,0.6503000259399414,0.0,0.0,,,,,,,-0.008846254087984562,0.0947054773569107,0.06042853370308876,0.027747539803385735,-0.05176723748445511,-0.014211665838956833,0.0004786164172401186,,,,,,,,,,,,,,,,,,
4.2,nav,-0.7064908742904663,2.820838212966919,0.34237900376319885,2.6480998895385626,0.24412475526332855,0.01618119142949581,0.002462125848978758,0.9696058034896851,0.7843204736709595,-0.03002876043319702,-0.02986295521259308,0.7412999868392944,0.0,0.0,,,,,,,0.00550228264182806,0.08967442810535431,0.07356725633144379,0.013079226948320866,-0.07865391671657562,-0.01564335823059082,0.0007563308317912742,,,,,,,,,,,,,,,,,,
4.4,nav,-0.8396008610725403,2.8907763957977295,0.3426675498485565,2.656072133141761,0.24034422636032104,0.0077937631867825985,0.0027619018219411373,0.9706526398658752,0.8352537155151367,0.017459571361541748,-0.14822998642921448,0.7085000276565552,0.0,-0.026900000870227814,,,,,,,-0.000434661575127393,0.09940357506275177,0.0644633024930954,0.017288194969296455,-0.06904537230730057,-0.025030674412846565,0.001353649262455292,,,,,,,,,,,,,,,,,,
4.6000000000000005,nav,-0.9809927344322205,2.963479995727539,0.34266188740730286,2.686047749207387,0.22580575942993164,0.00104069197550416,0.0049070208333432674,0.9741595387458801,0.7866854071617126,-0.01081150770187378,0.41782161593437195,0.6794999837875366,0.0,0.4239000082015991,,,,,,,-0.013398036360740662,0.09517045319080353,0.06638181954622269,0.03520125895738602,-0.07668812572956085,-0.020813848823308945,0.0012533978442661464,,,,,,,,,,,,,,,,,,
4.8,nav,-1.1242165565490723,3.029979705810547,0.33917665481567383,2.756394525890973,0.19137243926525116,0.006236494518816471,0.005234704352915287,0.9814838171005249,0.8227141499519348,-0.017981648445129395,0.5348083972930908,0.7075999975204468,0.0,0.5110999941825867,,,,,,,-0.0072692628018558025,0.08881409466266632,0.06423354148864746,0.03782816231250763,-0.05522124469280243,-0.013281702995300293,0.0014856993475405034,,,,,,,,,,,,,,,,,,
5.0,nav,-1.2703561782836914,3.0874879360198975,0.3428380489349365,2.7613538950687357,0.18901100754737854,0.009013114497065544,-0.006523492280393839,0.9819119572639465,0.834382176399231,0.03791165351867676,-0.3064054250717163,0.701200008392334,0.0,-0.24959999322891235,,,,,,,-0.007729643490165472,0.10498447716236115,0.05164620280265808,0.01993325725197792,-0.06623075157403946,-0.03554631024599075,0.0012068059786543017,,,,,,,,,,,,,,,,,,
0.0,nav,1.2667961120605469,1.377238154411316,0.33490028977394104,1.5945277587886715,0.6986521482467651,0.004548674914985895,0.0025714579969644547,0.7154424786567688,0.04069298878312111,0.03243812173604965,0.7378349304199219,0.550000011920929,0.0,1.0,,,,,,,-0.007384728640317917,0.008739760145545006,0.01701078563928604,0.011415994726121426,-0.010484152473509312,0.001213488751091063,0.0005859035146613678,,,,,,,,,,,,,,,,,,
0.2,nav,1.2576866149902344,1.432687759399414,0.3451901972293854,1.7517922035342153,0.6402356028556824,0.010693519376218319,-0.0037864530459046364,0.7680950164794922,0.348922461271286,0.013398915529251099,0.7920739054679871,0.550000011920929,0.0,1.0,,,,,,,-0.007550226058810949,0.0713023692369461,0.0881841853260994,0.031191149726510048,-0.05047706887125969,-0.003888006554916501,0.0005054108223703224,,,,,,,,,,,,,,,,,,
0.4,nav,1.2382261753082275,1.517218828201294,0.34333813190460205,1.8762493874824429,0.5909992456436157,0.021320482715964317,-0.0013123376993462443,0.8063893914222717,0.512171745300293,0.010022222995758057,0.5093338489532471,0.5778999924659729,0.0,0.5245000123977661,,,,,,,-0.03159061074256897,0.06664013862609863,0.06469206511974335,0.039396561682224274,-0.0416441485285759,-0.007240012753754854,0.0009774572317837738,,,,,,,,,,,,,,,,,,
0.6,nav,1.2009865045547485,1.6135741472244263,0.3414182662963867,1.9644674014408323,0.5549506545066833,0.016631461679935455,0.007149543613195419,0.8316863775253296,0.40583276748657227,0.0008685588836669922,0.6062010526657104,0.5559999942779541,0.0,1.0,,,,,,,-0.0060956887900829315,0.08055004477500916,0.07649803161621094,0.02074122428894043,-0.04079717770218849,0.0071325162425637245,0.00018349975098175264,,,,,,,,,,,,,,,,,,
0.8,nav,1.1613929271697998,1.6976274251937866,0.3421972692012787,2.0918471816992894,0.5006045699119568,0.027599647641181946,0.001839263248257339,0.8652340769767761,0.616723895072937,0.05736136436462402,0.31612324714660645,0.660099983215332,0.0,0.5095999836921692,,,,,,,-0.02398284710943699,0.05619867518544197,0.07149133831262589,0.02181677147746086,-0.04058472067117691,-0.009314881637692451,0.0007552983079222031,,,,,,,,,,,,,,,,,,
1.0,nav,1.1003801822662354,1.788236141204834,0.34405168890953064,2.1696151706996067,0.4669903814792633,0.010056952014565468,0.008101830258965492,0.8841681480407715,0.4070236086845398,-0.004094183444976807,0.5053525567054749,0.5543000102043152,0.0,1.0,,,,,,,-0.0005159102729521692,0.08068933337926865,0.08483631163835526,0.022266095504164696,-0.03364100679755211,-0.0017994678346440196,0.0002329823764739558,,,,,,,,,,,,,,,,,,
1.2,nav,1.0422148704528809,1.8652714490890503,0.34592780470848083,2.257608882892325,0.4274936318397522,0.018001794815063477,0.006879032123833895,0.9038129448890686,0.6042957901954651,0.029124975204467773,0.1425231546163559,0.5896999835968018,0.0,0.23100000619888306,,,,,,,-0.025314290076494217,0.07602294534444809,0.07130313664674759,0.025394229218363762,-0.047237951308488846,-0.00266838981769979,0.0013840905157849193,,,,,,,,,,,,,,,,,,
1.4000000000000001,nav,0.9677131175994873,1.9506440162658691,0.3418847918510437,2.196062953646486,0.4553496837615967,0.0004783605400007218,0.002446402795612812,0.89030921459198,0.5357432961463928,0.02796870470046997,-0.08065725117921829,0.6223000288009644,0.0,-0.19349999725818634,,,,,,,0.0005010578315705061,0.08307317644357681,0.04801463335752487,0.01853233203291893,-0.00020020992087665945,0.0021648795809596777,0.00036915793680236675,,,,,,,,,,,,,,,,,,
1.6,nav,0.8919128179550171,2.053269863128662,0.34674695134162903,2.1455450092652724,0.4774540066719055,0.018899764865636826,0.0022082130890339613,0.8784506916999817,0.6932104825973511,0.017850160598754883,-0.16662903130054474,0.6884999871253967,0.0,-0.16459999978542328,,,,,,,-0.02154313586652279,0.08177824318408966,0.06113031506538391,0.04290803149342537,-0.011994545347988605,0.0025398721918463707,0.0009893570095300674,,,,,,,,,,,,,,,,,,
1.8,nav,0.8242713212966919,2.158687114715576,0.33627456426620483,2.1357771709479794,0.4818166494369507,0.013360677286982536,0.009966956451535225,0.8761135935783386,0.5741406083106995,-0.0044768452644348145,0.8044800758361816,0.6966999769210815,0.0,1.0,,,,,,,-0.013608153909444809,0.0725407674908638,0.06386692076921463,0.042655326426029205,-0.04881802201271057,0.0020125270821154118,0.0010122560538547987,,,,,,,,,,,,,,,,,,
2.0,nav,0.7564879059791565,2.2510311603546143,0.3435366749763489,2.2909066491331296,0.4125443696975708,0.010660914704203606,0.004601716995239258,0.9108635783195496,0.5863713622093201,-0.005012810230255127,0.9740174412727356,0.6859999895095825,0.0,1.0,,,,,,,-0.013166876509785652,0.07499486953020096,0.07108023762702942,0.0381702296435833,-0.05813208222389221,0.015595417469739914,0.0007367923681158572,,,,,,,,,,,,,,,,,,
2.2,nav,0.6668823957443237,2.343787908554077,0.34204408526420593,2.4786080006743707,0.32541048526763916,0.008581532165408134,0.0017160670831799507,0.9455323815345764,0.707499623298645,-0.03511333465576172,0.9224939942359924,0.7843999862670898,0.0,1.0,,,,,,,-0.01074871513992548,0.07215651869773865,0.0855027586221695,0.03875187411904335,-0.08305805921554565,-0.009574520401656628,0.0006651583801442484,,,,,,,,,,,,,,,,,,
2.4,nav,0.5465177297592163,2.432901382446289,0.3459344804286957,2.687508564400973,0.22494037449359894,0.020019592717289925,0.001460241386666894,0.9741658568382263,0.8096325993537903,-0.018368661403656006,0.9945870637893677,0.7414000034332275,0.0,1.0,,,,,,,-0.0249265655875206,0.07319549471139908,0.07929882407188416,0.045487649738788605,-0.06590214371681213,-0.010987132787704468,0.0006901848271354538,,,,,,,,,,,,,,,,,,
2.6,nav,0.40555381774902344,2.4986438751220703,0.3442864418029785,2.8952809701857656,0.12282123416662216,0.01000213623046875,0.0005483810673467815,0.9923782348632812,0.7526124715805054,-0.049456626176834106,1.0385894775390625,0.6953999996185303,0.0,1.0,,,,,,,-0.026510797441005707,0.06932242959737778,0.06965268403291702,0.05364561453461647,-0.05413108691573143,0.005280174780637026,0.0011201883035028004,,,,,,,,,,,,,,,,,,
2.8000000000000003,nav,0.2556975781917572,2.535571575164795,0.3443213105201721,3.096301097490741,0.022653108462691307,0.008340287022292614,-0.0013936476316303015,0.9997075796127319,0.7478876113891602,-0.03945275396108627,0.885480523109436,0.6686999797821045,0.0,0.7703999876976013,,,,,,,-0.03256287798285484,0.0765068382024765,0.07117252051830292,0.0482260137796402,-0.040297601372003555,-0.006113511510193348,0.0018110017863364192,,,,,,,,,,,,,,,,,,
3.0,nav,0.10270436108112335,2.549769401550293,0.3395111858844757,3.098445320175097,0.021517157554626465,0.004684146028012037,0.011893766932189465,0.9996867775917053,0.7569929957389832,-0.013287529349327087,-0.2128252238035202,0.7229999899864197,0.0,-0.17030000686645508,,,,,,,-0.016018617898225784,0.08674141764640808,0.0505828931927681,0.032621052116155624,-0.027949199080467224,-0.01142420619726181,0.0007186168732005171,,,,,,,,,,,,,,,,,,
3.2,nav,-0.05003535747528076,2.562009572982788,0.3355328440666199,2.9593916001044955,0.09096658229827881,0.0020935654174536467,0.003947822377085686,0.9958439469337463,0.7115144729614258,0.01704038679599762,-1.1190851926803589,0.7197999954223633,0.0,-0.9276000261306763,,,,,,,-0.024837233126163483,0.08580602705478668,0.04502196982502937,0.023926405236124992,-0.03510142117738724,-0.013953461311757565,0.001330926831542456,,,,,,,,,,,,,,,,,,
3.4,nav,-0.19626593589782715,2.578746795654297,0.3416547179222107,2.8047426185816797,0.16760970652103424,0.004139130003750324,0.004564075730741024,0.9858341813087463,0.6935075521469116,0.082935631275177,-0.9448956251144409,0.6843000054359436,0.0,-0.934499979019165,,,,,,,-0.03417957201600075,0.08601918071508408,0.03768538311123848,0.03989231958985329,-0.024331845343112946,0.013205605559051037,0.0018652552921594179,,,,,,,,,,,,,,,,,,
3.6,nav,-0.3425537347793579,2.6132378578186035,0.33472901582717896,2.6634207454801944,0.23676705360412598,0.007604304701089859,0.0045899441465735435,0.9715259075164795,0.6995007991790771,0.11583864688873291,-0.3242579698562622,0.6819999814033508,0.0,0.0,,,,,,,-0.0008121077553369105,0.0778585895895958,0.0559067577123642,0.028052696958184242,-0.04487668722867966,-0.0032166484743356705,0.0004465701749722939,,,,,,,,,,,,,,,,,,
3.8000000000000003,nav,-0.47235167026519775,2.6714046001434326,0.334314227104187,2.6006450496148177,0.2670484185218811,0.011899849399924278,0.009844886139035225,0.9635595083236694,0.7242350578308105,-0.00609278678894043,0.08892662078142166,0.7208999991416931,0.0,0.08540000021457672,,,,,,,-0.003108631120994687,0.07946549355983734,0.048447757959365845,0.011704865843057632,-0.0718926265835762,-0.01747860759496689,0.0013081670567771653,,,,,,,,,,,,,,,,,,
4.0,nav,-0.5892938375473022,2.7453644275665283,0.3415319621562958,2.598789858458546,0.2680690288543701,0.002663687337189913,0.007782153785228729,0.9633647203445435,0.6467624306678772,-0.05954986810684204,-0.05769504979252815,0.6503000259399414,0.0,0.0,,,,,,,-0.008846254087984562,0.0947054773569107,0.06042853370308876,0.027747539803385735,-0.05176723748445511,-0.014211665838956833,0.0004786164172401186,,,,,,,,,,,,,,,,,,
4.2,nav,-0.7064908742904663,2.820838212966919,0.34237900376319885,2.6480998895385626,0.24412475526332855,0.01618119142949581,0.002462125848978758,0.9696058034896851,0.7843204736709595,-0.03002876043319702,-0.02986295521259308,0.7412999868392944,0.0,0.0,,,,,,,0.00550228264182806,0.08967442810535431,0.07356725633144379,0.013079226948320866,-0.07865391671657562,-0.01564335823059082,0.0007563308317912742,,,,,,,,,,,,,,,,,,
4.4,nav,-0.8396008610725403,2.8907763957977295,0.3426675498485565,2.656072133141761,0.24034422636032104,0.0077937631867825985,0.0027619018219411373,0.9706526398658752,0.8352537155151367,0.017459571361541748,-0.14822998642921448,0.7085000276565552,0.0,-0.026900000870227814,,,,,,,-0.000434661575127393,0.09940357506275177,0.0644633024930954,0.017288194969296455,-0.06904537230730057,-0.025030674412846565,0.001353649262455292,,,,,,,,,,,,,,,,,,
4.6000000000000005,nav,-0.9809927344322205,2.963479995727539,0.34266188740730286,2.686047749207387,0.22580575942993164,0.00104069197550416,0.0049070208333432674,0.9741595387458801,0.7866854071617126,-0.01081150770187378,0.41782161593437195,0.6794999837875366,0.0,0.4239000082015991,,,,,,,-0.013398036360740662,0.09517045319080353,0.06638181954622269,0.03520125895738602,-0.07668812572956085,-0.020813848823308945,0.0012533978442661464,,,,,,,,,,,,,,,,,,
4.8,nav,-1.1242165565490723,3.029979705810547,0.33917665481567383,2.756394525890973,0.19137243926525116,0.006236494518816471,0.005234704352915287,0.9814838171005249,0.8227141499519348,-0.017981648445129395,0.5348083972930908,0.7075999975204468,0.0,0.5110999941825867,,,,,,,-0.0072692628018558025,0.08881409466266632,0.06423354148864746,0.03782816231250763,-0.05522124469280243,-0.013281702995300293,0.0014856993475405034,,,,,,,,,,,,,,,,,,
5.0,nav,-1.2703561782836914,3.0874879360198975,0.3428380489349365,2.7613538950687357,0.18901100754737854,0.009013114497065544,-0.006523492280393839,0.9819119572639465,0.834382176399231,0.03791165351867676,-0.3064054250717163,0.701200008392334,0.0,-0.24959999322891235,,,,,,,-0.007729643490165472,0.10498447716236115,0.05164620280265808,0.01993325725197792,-0.06623075157403946,-0.03554631024599075,0.0012068059786543017,,,,,,,,,,,,,,,,,,
