timestamp,phase,base_pos_x,base_pos_y,base_pos_z,base_yaw,base_quat_w,base_quat_x,base_quat_y,base_quat_z,base_lin_vel_x_body,base_lin_vel_y_body,base_ang_vel_z_body,cmd_vx,cmd_vy,cmd_wz,ee_pos_x,ee_pos_y,ee_pos_z,ee_roll,ee_pitch,ee_yaw,arm_joint1,arm_joint2,arm_joint3,arm_joint4,arm_joint5,arm_joint6,gripper,arm_action_joint1,arm_action_joint2,arm_action_joint3,arm_action_joint4,arm_action_joint5,arm_action_joint6,gripper_action,object_pos_x,object_pos_y,object_pos_z,object_quat_w,object_quat_x,object_quat_y,object_quat_z,front_image,wrist_image,success,failure_reason
0.0,grasp,,,,,,,,,,,,,,,,,,,,,,,,,,,0.00015191863622021629,,,,,,,0.043,,,,,,,,,,,
0.02,grasp,,,,,,,,,,,,,,,,,,,,,,,,,,,0.00016626278102194192,,,,,,,0.043,,,,,,,,,,,
0.04,grasp,,,,,,,,,,,,,,,,,,,,,,,,,,,0.00026107680969289504,,,,,,,0.043,,,,,,,,,,,
0.06,grasp,,,,,,,,,,,,,,,,,,,,,,,,,,,0.0004888485273113474,,,,,,,0.043,,,,,,,,,,,
0.08,grasp,,,,,,,,,,,,,,,,,,,,,,,,,,,0.0008726652595214546,,,,,,,0.043,,,,,,,,,,,
0.1,grasp,,,,,,,,,,,,,,,,,,,,,,,,,,,0.0014436368364840746,,,,,,,0.043,,,,,,,,,,,
0.12,grasp,,,,,,,,,,,,,,,,,,,,,,,,,,,0.002219764981418848,,,,,,,0.043,,,,,,,,,,,
0.14,grasp,,,,,,,,,,,,,,,,,,,,,,,,,,,0.0032067917054519057,,,,,,,0.043,,,,,,,,,,,
0.16,grasp,,,,,,,,,,,,,,,,,,,,,,,,,,,0.004408971639350057,,,,,,,0.043,,,,,,,,,,,
0.18,grasp,,,,,,,,,,,,,,,,,,,,,,,,,,,0.005821272265166044,,,,,,,0.043,,,,,,,,,,,
0.2,grasp,,,,,,,,,,,,,,,,,,,,,,,,,,,0.007432641694322228,,,,,,,0.043,,,,,,,,,,,
0.22,grasp,,,,,,,,,,,,,,,,,,,,,,,,,,,0.009228110313415527,,,,,,,0.043,,,,,,,,,,,
0.24,grasp,,,,,,,,,,,,,,,,,,,,,,,,,,,0.011187178082764149,,,,,,,0.043,,,,,,,,,,,
0.26,grasp,,,,,,,,,,,,,,,,,,,,,,,,,,,0.013286420609802008,,,,,,,0.043,,,,,,,,,,,
0.28,grasp,,,,,,,,,,,,,,,,,,,,,,,,,,,0.015498366672545671,,,,,,,0.043,,,,,,,,,,,
0.3,grasp,,,,,,,,,,,,,,,,,,,,,,,,,,,0.017793728969991207,,,,,,,0.043,,,,,,,,,,,
0.32,grasp,,,,,,,,,,,,,,,,,,,,,,,,,,,0.020141289569437504,,,,,,,0.043,,,,,,,,,,,
0.34,grasp,,,,,,,,,,,,,,,,,,,,,,,,,,,0.02250862307846546,,,,,,,0.043,,,,,,,,,,,
0.36,grasp,,,,,,,,,,,,,,,,,,,,,,,,,,,0.02486303821206093,,,,,,,0.043,,,,,,,,,,,
0.38,grasp,,,,,,,,,,,,,,,,,,,,,,,,,,,0.027172112837433815,,,,,,,0.043,,,,,,,,,,,
0.4,grasp,,,,,,,,,,,,,,,,,,,,,,,,,,,0.02940436452627182,,,,,,,0.043,,,,,,,,,,,
0.42,grasp,,,,,,,,,,,,,,,,,,,,,,,,,,,0.03152976557612419,,,,,,,0.043,,,,,,,,,,,
0.44,grasp,,,,,,,,,,,,,,,,,,,,,,,,,,,0.033520687371492386,,,,,,,0.043,,,,,,,,,,,
0.46,grasp,,,,,,,,,,,,,,,,,,,,,,,,,,,0.03535272553563118,,,,,,,0.043,,,,,,,,,,,
0.48,grasp,,,,,,,,,,,,,,,,,,,,,,,,,,,0.037004707381129265,,,,,,,0.043,,,,,,,,,,,
0.5,grasp,,,,,,,,,,,,,,,,,,,,,,,,,,,0.03846019692718983,,,,,,,0.043,,,,,,,,,,,
0.52,grasp,,,,,,,,,,,,,,,,,,,,,,,,,,,0.03970744460821152,,,,,,,0.043,,,,,,,,,,,
0.54,grasp,,,,,,,,,,,,,,,,,,,,,,,,,,,0.040740786120295525,,,,,,,0.043,,,,,,,,,,,
0.56,grasp,,,,,,,,,,,,,,,,,,,,,,,,,,,0.041560493409633636,,,,,,,0.043,,,,,,,,,,,
0.58,grasp,,,,,,,,,,,,,,,,,,,,,,,,,,,0.04217417351901531,,,,,,,0.043,,,,,,,,,,,
0.6,grasp,,,,,,,,,,,,,,,,,,,,,,,,,,,0.04259727522730827,,,,,,,0.043,,,,,,,,,,,
0.62,grasp,,,,,,,,,,,,,,,,,,,,,,,,,,,0.04285324178636074,,,,,,,0.043,,,,,,,,,,,
0.64,grasp,,,,,,,,,,,,,,,,,,,,,,,,,,,0.04297518916428089,,,,,,,0.043,,,,,,,,,,,
0.66,grasp,,,,,,,,,,,,,,,,,,,,,,,,,,,0.043005265295505524,,,,,,,0.043,,,,,,,,,,,
0.68,grasp,,,,,,,,,,,,,,,,,,,,,,,,,,,0.042998554185032845,,,,,,,0.043,,,,,,,,,,,
0.68,grasp,,,,,,,,,,,,,,,,,,,,,0.006693409755825996,0.007691253907978535,0.01755562610924244,0.01379443984478712,-0.01661795750260353,-0.0015915905823931098,0.042998554185032845,0.0066933585330843925,0.007156200706958771,0.019646484404802322,0.013814147561788559,-0.016616161912679672,-0.0015915816184133291,,,,,,,,,,,,
0.7000000000000001,grasp,,,,,,,,,,,,,,,,,,,,,0.006693405099213123,0.007695787586271763,0.017538178712129593,0.013794266618788242,-0.01661842316389084,-0.0015915549593046308,0.042998554185032845,0.0066933585330843925,0.007156200706958771,0.019646484404802322,0.013814147561788559,-0.016616161912679672,-0.0015915816184133291,,,,,,,,,,,,
0.7200000000000001,grasp,,,,,,,,,,,,,,,,,,,,,0.006777058821171522,0.007735207211226225,0.017579950392246246,0.013778532855212688,-0.016617100685834885,-0.0015914851101115346,0.042998554185032845,0.006869896722745446,0.007232776597151726,0.019751799638968066,0.013781842580972418,-0.016614364458818295,-0.0015914422535082936,,,,,,,,,,,,
0.74,grasp,,,,,,,,,,,,,,,,,,,,,0.006821192800998688,0.007755259983241558,0.017602674663066864,0.01377042569220066,-0.01661740057170391,-0.0015914291143417358,0.042998554185032845,0.006869896722745446,0.007232776597151726,0.019751799638968066,0.013781842580972418,-0.016614364458818295,-0.0015914422535082936,,,,,,,,,,,,
0.76,grasp,,,,,,,,,,,,,,,,,,,,,0.0074163153767585754,0.008015468716621399,0.01795532926917076,0.013660554774105549,-0.0166051983833313,-0.0015910890651866794,0.042998554185032845,0.008061590936376282,0.007749690635490964,0.020462721908441145,0.013563772478300547,-0.01660222837888391,-0.0015905014908618954,,,,,,,,,,,,
0.78,grasp,,,,,,,,,,,,,,,,,,,,,0.007725081406533718,0.008148939348757267,0.01814396120607853,0.013603939674794674,-0.01660800538957119,-0.0015907073393464088,0.042998554185032845,0.008061590936376282,0.007749690635490964,0.020462721908441145,0.013563772478300547,-0.01660222837888391,-0.0015905014908618954,,,,,,,,,,,,
0.8,grasp,,,,,,,,,,,,,,,,,,,,,0.009387284517288208,0.008868115022778511,0.01912955567240715,0.013299067504703999,-0.016575029119849205,-0.00158975541125983,0.042998554185032845,0.01117033326599554,0.00909815162158848,0.022317287359708334,0.012994898140308067,-0.016570569667815765,-0.0015880473849474836,,,,,,,,,,,,
0.8200000000000001,grasp,,,,,,,,,,,,,,,,,,,,,0.010249498300254345,0.009236793033778667,0.01965590938925743,0.013141945004463196,-0.016582390293478966,-0.0015887112822383642,0.042998554185032845,0.01117033326599554,0.00909815162158848,0.022317287359708334,0.012994898140308067,-0.016570569667815765,-0.0015880473849474836,,,,,,,,,,,,
0.8400000000000001,grasp,,,,,,,,,,,,,,,,,,,,,0.013501866720616817,0.01065084245055914,0.021583711728453636,0.012545781210064888,-0.016519814729690552,-0.0015868018381297588,0.042998554185032845,0.016979130025191077,0.01161735288300017,0.025782529611853292,0.011931942674403987,-0.01651141591877425,-0.0015834618745141048,,,,,,,,,,,,
0.8600000000000001,grasp,,,,,,,,,,,,,,,,,,,,,0.015188485383987427,0.011370698921382427,0.022610243409872055,0.012238564901053905,-0.01653270609676838,-0.0015848038019612432,0.042998554185032845,0.016979130025191077,0.01161735288300017,0.025782529611853292,0.011931942674403987,-0.01651141591877425,-0.0015834618745141048,,,,,,,,,,,,
0.8800000000000001,grasp,,,,,,,,,,,,,,,,,,,,,0.020493775606155396,0.013680127449333668,0.025755563750863075,0.011266171000897884,-0.01643284410238266,-0.001581636373884976,0.042998554185032845,0.026157494312827753,0.015595976992915104,0.03125755713516865,0.01025241797586023,-0.016417949425620287,-0.0015762165384522449,,,,,,,,,,,,
0.9,grasp,,,,,,,,,,,,,,,,,,,,,0.023243902251124382,0.014856613241136074,0.02742687612771988,0.010765132494270802,-0.016451969742774963,-0.0015784185379743576,0.042998554185032845,0.026157494312827753,0.015595976992915104,0.03125755713516865,0.01025241797586023,-0.016417949425620287,-0.0015762165384522449,,,,,,,,,,,,
0.92,grasp,,,,,,,,,,,,,,,,,,,,,0.03099803812801838,0.01822672225534916,0.03202294930815697,0.009344007819890976,-0.01630815863609314,-0.0015737318899482489,0.042998554185032845,0.039269440573160626,0.021267252214405567,0.03907684528530257,0.007853290129417118,-0.016284436362100793,-0.0015658668130490306,,,,,,,,,,,,
0.9400000000000001,grasp,,,,,,,,,,,,,,,,,,,,,0.035016536712646484,0.019944259896874428,0.03446240723133087,0.008611784316599369,-0.016334107145667076,-0.0015690837753936648,0.042998554185032845,0.039269440573160626,0.021267252214405567,0.03907684528530257,0.007853290129417118,-0.016284436362100793,-0.0015658668130490306,,,,,,,,,,,,
0.9600000000000001,grasp,,,,,,,,,,,,,,,,,,,,,0.04554758593440056,0.02450975403189659,0.04070247337222099,0.0066819204948842525,-0.016140831634402275,-0.0015626600943505764,0.042998554185032845,0.05677571637211464,0.02881829379951699,0.049513037710903464,0.004650443375386471,-0.016106196756484833,-0.0015520499167773014,,,,,,,,,,,,
0.98,grasp,,,,,,,,,,,,,,,,,,,,,0.05100419744849205,0.026837175711989403,0.04401175305247307,0.005687586031854153,-0.016174007207155228,-0.0015564049826934934,0.042998554185032845,0.05677571637211464,0.02881829379951699,0.049513037710903464,0.004650443375386471,-0.016106196756484833,-0.0015520499167773014,,,,,,,,,,,,
1.0,grasp,,,,,,,,,,,,,,,,,,,,,0.06457535177469254,0.032701946794986725,0.05205000564455986,0.0032009275164455175,-0.015926886349916458,-0.0015480684814974666,0.042998554185032845,0.0790401494058909,0.03838924672768126,0.06278009026843517,0.0005775768046563574,-0.015879540901741408,-0.0015344799366617625,,,,,,,,,,,,
1.02,grasp,,,,,,,,,,,,,,,,,,,,,0.07160622626543045,0.035692378878593445,0.05631007254123688,0.0019197080982849002,-0.015967492014169693,-0.0015400771517306566,0.042998554185032845,0.0790401494058909,0.03838924672768126,0.06278009026843517,0.0005775768046563574,-0.015879540901741408,-0.0015344799366617625,,,,,,,,,,,,
1.04,grasp,,,,,,,,,,,,,,,,,,,,,0.08841701596975327,0.042935337871313095,0.06626350432634354,-0.0011601761216297746,-0.015663256868720055,-0.001529676141217351,0.042998554185032845,0.10633065738107271,0.050085751105368496,0.07903598069363293,-0.00441416309964759,-0.015601752698856488,-0.00151294614191426,,,,,,,,,,,,
1.06,grasp,,,,,,,,,,,,,,,,,,,,,0.09712530672550201,0.04662923514842987,0.07153551280498505,-0.0027470660861581564,-0.015711423009634018,-0.0015198580222204328,0.042998554185032845,0.10633065738107271,0.050085751105368496,0.07903598069363293,-0.00441416309964759,-0.015601752698856488,-0.00151294614191426,,,,,,,,,,,,
1.08,grasp,,,,,,,,,,,,,,,,,,,,,0.11731389909982681,0.055308081209659576,0.08348581939935684,-0.006445459555834532,-0.01534784771502018,-0.0015072935493662953,0.042998554185032845,0.13882347472583637,0.06398343258530612,0.0983856890927571,-0.010356999670603927,-0.015271036166392245,-0.0014873094928913178,,,,,,,,,,,,
1.1,grasp,,,,,,,,,,,,,,,,,,,,,0.12777116894721985,0.05973508208990097,0.08981223404407501,-0.008351057767868042,-0.015403574332594872,-0.0014955786755308509,0.042998554185032845,0.13882347472583637,0.06398343258530612,0.0983856890927571,-0.010356999670603927,-0.015271036166392245,-0.0014873094928913178,,,,,,,,,,,,
1.12,grasp,,,,,,,,,,,,,,,,,,,,,0.15141867101192474,0.06988578289747238,0.10380788892507553,-0.012682833708822727,-0.014979394152760506,-0.0014807900879532099,0.042998554185032845,0.1766103467437364,0.0801249135190618,0.12088444641322849,-0.017267746764610375,-0.014886457105438013,-0.0014574975034513324,,,,,,,,,,,,
1.1400000000000001,grasp,,,,,,,,,,,,,,,,,,,,,0.16366678476333618,0.07506456971168518,0.11121327430009842,-0.01491480227559805,-0.015042616054415703,-0.0014671515673398972,0.042998554185032845,0.1766103467437364,0.0801249135190618,0.12088444641322849,-0.017267746764610375,-0.014886457105438013,-0.0014574975034513324,,,,,,,,,,,,
1.1600000000000001,grasp,,,,,,,,,,,,,,,,,,,,,0.19080179929733276,0.0866994559764862,0.12727148830890656,-0.019885199144482613,-0.01455742958933115,-0.0014501018449664116,0.042998554185032845,0.21970600878986213,0.0985161046210947,0.14654095411793597,-0.02514908689696037,-0.014447866947582587,-0.0014234986392812382,,,,,,,,,,,,
1.1800000000000002,grasp,,,,,,,,,,,,,,,,,,,,,0.2048555165529251,0.09263657033443451,0.13576413691043854,-0.022446246817708015,-0.014627940021455288,-0.0014345473609864712,0.042998554185032845,0.21970600878986213,0.0985161046210947,0.14654095411793597,-0.02514908689696037,-0.014447866947582587,-0.0014234986392812382,,,,,,,,,,,,
1.2000000000000002,grasp,,,,,,,,,,,,,,,,,,,,,0.2354576736688614,0.10574574023485184,0.1538730263710022,-0.02805151976644993,-0.014082180336117744,-0.0014152314979583025,0.042998554185032845,0.2680526878408249,0.1191298829620566,0.17532042736691877,-0.033990425198642496,-0.013955854701412891,-0.0013853585916412214,,,,,,,,,,,,
1.2200000000000002,grasp,,,,,,,,,,,,,,,,,,,,,0.25130659341812134,0.112436443567276,0.16344532370567322,-0.03093971684575081,-0.014159775339066982,-0.0013977856142446399,0.042998554185032845,0.2680526878408249,0.1191298829620566,0.17532042736691877,-0.033990425198642496,-0.013955854701412891,-0.0013853585916412214,,,,,,,,,,,,
1.2400000000000002,grasp,,,,,,,,,,,,,,,,,,,,,0.2853090465068817,0.12699086964130402,0.1835656762123108,-0.03716764971613884,-0.01355461124330759,-0.0013762452872470021,0.042998554185032845,0.3215237583100015,0.14191205138749807,0.20714748274408767,-0.043768588017809265,-0.013411710230683608,-0.0013431772964923197,,,,,,,,,,,,
1.26,grasp,,,,,,,,,,,,,,,,,,,,,0.3029186725616455,0.13442063331604004,0.19419601559638977,-0.04037672281265259,-0.013639125041663647,-0.0013569534057751298,0.042998554185032845,0.3215237583100015,0.14191205138749807,0.20714748274408767,-0.043768588017809265,-0.013411710230683608,-0.0013431772964923197,,,,,,,,,,,,
1.28,grasp,,,,,,,,,,,,,,,,,,,,,0.3402116298675537,0.15037338435649872,0.21626342833042145,-0.04720721021294594,-0.012976333498954773,-0.001333243097178638,0.042998554185032845,0.37992932620000724,0.1667822869519687,0.24190928328271144,-0.05444884243014099,-0.012817364011168344,-0.0012971044240090474,,,,,,,,,,,,
1.3,grasp,,,,,,,,,,,,,,,,,,,,,0.35952532291412354,0.15851879119873047,0.2279166281223297,-0.050726812332868576,-0.013067565858364105,-0.0013121803058311343,0.042998554185032845,0.37992932620000724,0.1667822869519687,0.24190928328271144,-0.05444884243014099,-0.012817364011168344,-0.0012971044240090474,,,,,,,,,,,,
1.32,grasp,,,,,,,,,,,,,,,,,,,,,0.3999597132205963,0.1758061796426773,0.2518434226512909,-0.05813261494040489,-0.012349521741271019,-0.0012864000163972378,0.042998554185032845,0.4430218919544353,0.19363507966081825,0.2794585610366285,-0.06598589316182255,-0.012175335014929338,-0.0012473352207708578,,,,,,,,,,,,
1.34,grasp,,,,,,,,,,,,,,,,,,,,,0.4209006130695343,0.18463478982448578,0.26447200775146484,-0.06194865331053734,-0.012447341345250607,-0.0012636473402380943,0.042998554185032845,0.4430218919544353,0.19363507966081825,0.2794585610366285,-0.06598589316182255,-0.012175335014929338,-0.0012473352207708578,,,,,,,,,,,,
1.36,grasp,,,,,,,,,,,,,,,,,,,,,0.4642912745475769,0.20317767560482025,0.2901492118835449,-0.0698959082365036,-0.011676930822432041,-0.0012359169777482748,0.042998554185032845,0.5105011653252333,0.22234262693165557,0.31961668444948294,-0.07832481619743552,-0.0114886769338661,-0.0011941066793837048,,,,,,,,,,,,
1.3800000000000001,grasp,,,,,,,,,,,,,,,,,,,,,0.48676392436027527,0.21264958381652832,0.30369457602500916,-0.07399094849824905,-0.011781255714595318,-0.0012115801218897104,0.042998554185032845,0.5105011653252333,0.22234262693165557,0.31961668444948294,-0.07832481619743552,-0.0114886769338661,-0.0011941066793837048,,,,,,,,,,,,
1.4,grasp,,,,,,,,,,,,,,,,,,,,,0.5328928828239441,0.23235534131526947,0.33099365234375,-0.08243980258703232,-0.010961838997900486,-0.001182045554742217,0.042998554185032845,0.5820187979329995,0.2527580912430572,0.3621766239968768,-0.09140193391428589,-0.010760935288004083,-0.0011376934773642735,,,,,,,,,,,,
1.42,grasp,,,,,,,,,,,,,,,,,,,,,0.556784987449646,0.24242372810840607,0.34538713097572327,-0.08679328858852386,-0.011072550900280476,-0.0011562289437279105,0.042998554185032845,0.5820187979329995,0.2527580912430572,0.3621766239968768,-0.09140193391428589,-0.010760935288004083,-0.0011376934773642735,,,,,,,,,,,,
1.44,grasp,,,,,,,,,,,,,,,,,,,,,0.6054051518440247,0.2631871998310089,0.374162495136261,-0.0956985279917717,-0.010207854211330414,-0.0011250702664256096,0.042998554185032845,0.6571845839169462,0.28471506087808524,0.4069061131911311,-0.10514585654960648,-0.009996079941826228,-0.001078403554186924,,,,,,,,,,,,
1.46,grasp,,,,,,,,,,,,,,,,,,,,,0.63059002161026,0.2737984359264374,0.3893263638019562,-0.10028715431690216,-0.010325338691473007,-0.0010977855417877436,0.042998554185032845,0.6571845839169462,0.28471506087808524,0.4069061131911311,-0.10514585654960648,-0.009996079941826228,-0.001078403554186924,,,,,,,,,,,,
1.48,grasp,,,,,,,,,,,,,,,,,,,,,0.6814278960227966,0.2955033481121063,0.41941699385643005,-0.1095987930893898,-0.00947280041873455,-0.0010592029429972172,0.042998554185032845,0.7355705556509141,0.3180322581907211,0.45355064742536144,-0.11947835652737408,-0.00919846500946005,-0.0010165742606160705,,,,,,,,,,,,
1.5,grasp,,,,,,,,,,,,,,,,,,,,,0.7077664136886597,0.3065982162952423,0.43526580929756165,-0.11439698934555054,-0.009597116149961948,-0.0010347148636355996,0.042998554185032845,0.7355705556509141,0.3180322581907211,0.45355064742536144,-0.11947835652737408,-0.00919846500946005,-0.0010165742606160705,,,,,,,,,,,,
1.52,grasp,,,,,,,,,,,,,,,,,,,,,0.7605249881744385,0.3291192948818207,0.4664972126483917,-0.12406107783317566,-0.008683811873197556,-0.0009960399474948645,0.042998554185032845,0.8167163417868455,0.35251519529368347,0.5018365179546818,-0.13431532724420667,-0.008372772376539927,-0.0009525686414926861,,,,,,,,,,,,
1.54,grasp,,,,,,,,,,,,,,,,,,,,,0.7878629565238953,0.3406338393688202,0.48293837904930115,-0.12904095649719238,-0.00880017876625061,-0.0009700139635242522,0.042998554185032845,0.8167163417868455,0.35251519529368347,0.5018365179546818,-0.13431532724420667,-0.008372772376539927,-0.0009525686414926861,,,,,,,,,,,,
1.56,grasp,,,,,,,,,,,,,,,,,,,,,0.8422369956970215,0.3638371229171753,0.5151250958442688,-0.13900017738342285,-0.007860851474106312,-0.0009302878752350807,0.042998554185032845,0.9001349785067511,0.3879566173834472,0.5514739368906244,-0.14956778185351763,-0.0075239547758808815,-0.0008867706919046752,,,,,,,,,,,,
1.58,grasp,,,,,,,,,,,,,,,,,,,,,0.870404064655304,0.3757029175758362,0.5320605635643005,-0.14413177967071533,-0.00796130858361721,-0.0009045747574418783,0.042998554185032845,0.9001349785067511,0.3879566173834472,0.5514739368906244,-0.14956778185351763,-0.0075239547758808815,-0.0008867706919046752,,,,,,,,,,,,
1.6,grasp,,,,,,,,,,,,,,,,,,,,,0.9260570406913757,0.3994481861591339,0.5650070905685425,-0.15432582795619965,-0.007001039572060108,-0.000863881316035986,0.042998554185032845,0.9853169488012753,0.42414152851853054,0.6021599354847501,-0.1651426318814728,-0.006657192874620263,-0.0008195819966184764,,,,,,,,,,,,
1.62,grasp,,,,,,,,,,,,,,,,,,,,,0.9548906683921814,0.4115941524505615,0.5823339819908142,-0.15957829356193542,-0.007105850148946047,-0.0008373926393687725,0.042998554185032845,0.9853169488012753,0.42414152851853054,0.6021599354847501,-0.1651426318814728,-0.006657192874620263,-0.0008195819966184764,,,,,,,,,,,,
1.6400000000000001,grasp,,,,,,,,,,,,,,,,,,,,,1.0114800930023193,0.435735285282135,0.6158380508422852,-0.16994433104991913,-0.006127409171313047,-0.0007961895898915827,0.042998554185032845,1.071736431034923,0.4608463434549875,0.6535816355130901,-0.18094381844548796,-0.005777835388744393,-0.0007514170502672009,,,,,,,,,,,,
1.6600000000000001,grasp,,,,,,,,,,,,,,,,,,,,,1.0408023595809937,0.4480867087841034,0.6334495544433594,-0.17528536915779114,-0.006233897991478443,-0.0007692690705880523,0.042998554185032845,1.071736431034923,0.4608463434549875,0.6535816355130901,-0.18094381844548796,-0.005777835388744393,-0.0007514170502672009,,,,,,,,,,,,
1.6800000000000002,grasp,,,,,,,,,,,,,,,,,,,,,1.0979769229888916,0.4724749028682709,0.6673035621643066,-0.18575914204120636,-0.005245284643024206,-0.0007274613017216325,0.042998554185032845,1.1588554155177797,0.497843872659174,0.705419063440311,-0.19687303868960085,-0.004891355009169683,-0.0006827001082560385,,,,,,,,,,,,
1.7000000000000002,grasp,,,,,,,,,,,,,,,,,,,,,1.1276063919067383,0.48495569825172424,0.6850907802581787,-0.19115571677684784,-0.005354882683604956,-0.0007004494545981288,0.042998554185032845,1.1588554155177797,0.497843872659174,0.705419063440311,-0.19687303868960085,-0.004891355009169683,-0.0006827001082560385,,,,,,,,,,,,
1.7200000000000002,grasp,,,,,,,,,,,,,,,,,,,,,1.1850064992904663,0.5094389915466309,0.7190835475921631,-0.20167198777198792,-0.004357296507805586,-0.0006586332456208766,0.042998554185032845,1.2461296640300976,0.5349028688607289,0.7573486180455457,-0.2128308999247997,-0.00400328632212207,-0.0006138600728890011,,,,,,,,,,,,
1.7400000000000002,grasp,,,,,,,,,,,,,,,,,,,,,1.2147611379623413,0.5219711065292358,0.7369356155395508,-0.20709042251110077,-0.0044721802696585655,-0.0006313722697086632,0.042998554185032845,1.2461296640300976,0.5349028688607289,0.7573486180455457,-0.2128308999247997,-0.00400328632212207,-0.0006138600728890011,,,,,,,,,,,,
1.7600000000000002,grasp,,,,,,,,,,,,,,,,,,,,,1.2720277309417725,0.5463968515396118,0.7708545327186584,-0.21758344769477844,-0.0034705197904258966,-0.0005898646777495742,0.042998554185032845,1.3330132237220431,0.571792572530525,0.80904556238616,-0.2287175443512625,-0.003119182849758225,-0.000545327508761525,,,,,,,,,,,,
1.7800000000000002,grasp,,,,,,,,,,,,,,,,,,,,,1.3017221689224243,0.5589028596878052,0.7886597514152527,-0.2229900360107422,-0.003590910928323865,-0.0005625580088235438,0.042998554185032845,1.3330132237220431,0.571792572530525,0.80904556238616,-0.2287175443512625,-0.003119182849758225,-0.000545327508761525,,,,,,,,,,,,
1.8000000000000003,grasp,,,,,,,,,,,,,,,,,,,,,1.3584970235824585,0.5831189751625061,0.8222936391830444,-0.2333943396806717,-0.002590973861515522,-0.0005215226556174457,0.042998554185032845,1.4189638796858544,0.6082830901443743,0.8601877068472663,-0.2444339418589692,-0.002244554354894194,-0.0004775295547414805,,,,,,,,,,,,
1.8200000000000003,grasp,,,,,,,,,,,,,,,,,,,,,1.3879460096359253,0.5955200791358948,0.8399414420127869,-0.23875519633293152,-0.002716607181355357,-0.0004944148240610957,0.042998554185032845,1.4189638796858544,0.6082830901443743,0.8601877068472663,-0.2444339418589692,-0.002244554354894194,-0.0004775295547414805,,,,,,,,,,,,
1.8399999999999999,grasp,,,,,,,,,,,,,,,,,,,,,1.4438754320144653,0.6193764209747314,0.8730809688568115,-0.24900616705417633,-0.0017242751782760024,-0.0004540605004876852,0.042998554185032845,1.5034482176580657,0.6441487110439709,0.9104578322610406,-0.25988259175717504,-0.0013848285489586097,-0.00041088696061799515,,,,,,,,,,,,
1.8599999999999999,grasp,,,,,,,,,,,,,,,,,,,,,1.4728960990905762,0.6315966844558716,0.8904619216918945,-0.2542881369590759,-0.0018548868829384446,-0.00042734824819490314,0.042998554185032845,1.5034482176580657,0.6441487110439709,0.9104578322610406,-0.25988259175717504,-0.0013848285489586097,-0.00041088696061799515,,,,,,,,,,,,
1.88,grasp,,,,,,,,,,,,,,,,,,,,,1.5276349782943726,0.6549460887908936,0.9229027628898621,-0.2643223702907562,-0.0008756268071010709,-0.000387934414902702,0.042998554185032845,1.585946840425646,0.6791694647736994,0.959547029708899,-0.274968485979045,-0.0005452951985375247,-0.00034580963900410585,,,,,,,,,,,,
1.9,grasp,,,,,,,,,,,,,,,,,,,,,1.5560497045516968,0.6669099926948547,0.9399102330207825,-0.2694927752017975,-0.0010107787093147635,-0.00036179073504172266,0.042998554185032845,1.585946840425646,0.6791694647736994,0.959547029708899,-0.274968485979045,-0.0005452951985375247,-0.00034580963900410585,,,,,,,,,,,,
1.92,grasp,,,,,,,,,,,,,,,,,,,,,1.6092644929885864,0.6896110773086548,0.9714547395706177,-0.2792493999004364,-5.106026219436899e-05,-0.0003234429459553212,0.042998554185032845,1.665959414274385,0.7131332667411404,1.0071578661837068,-0.2896002014164766,0.0002689616575613692,-0.0002826916629055555,,,,,,,,,,,,
1.94,grasp,,,,,,,,,,,,,,,,,,,,,1.6368998289108276,0.7012454867362976,0.9879852533340454,-0.2842768728733063,-0.00018936776905320585,-0.00029815683956258,0.042998554185032845,1.665959414274385,0.7131332667411404,1.0071578661837068,-0.2896002014164766,0.0002689616575613692,-0.0002826916629055555,,,,,,,,,,,,
1.96,grasp,,,,,,,,,,,,,,,,,,,,,1.6882697343826294,0.7231623530387878,1.0184441804885864,-0.2936973571777344,0.0007474226295016706,-0.0002613498945720494,0.042998554185032845,1.7430098195891106,0.745838467451573,1.0530072155775827,-0.30369057685833767,0.0010530979923934246,-0.00022190852458442783,,,,,,,,,,,,
1.98,grasp,,,,,,,,,,,,,,,,,,,,,1.714959979057312,0.7343975305557251,1.0343997478485107,-0.2985515296459198,0.0006034371326677501,-0.00023676543787587434,0.042998554185032845,1.7430098195891106,0.745838467451573,1.0530072155775827,-0.30369057685833767,0.0010530979923934246,-0.00022190852458442783,,,,,,,,,,,,
2.0,grasp,,,,,,,,,,,,,,,,,,,,,1.7641842365264893,0.7554023861885071,1.0635954141616821,-0.3075806498527527,0.0015113749541342258,-0.00020160505664534867,0.042998554185032845,1.8166510724360485,0.7770961396437025,1.0968294680786204,-0.3171580182036532,0.0018025681922897317,-0.00016381258196867849,,,,,,,,,,,,
2.02,grasp,,,,,,,,,,,,,,,,,,,,,1.7897752523422241,0.7661731839179993,1.0788829326629639,-0.3122333586215973,0.0013625393621623516,-0.00017802539514377713,0.042998554185032845,1.8166510724360485,0.7770961396437025,1.0968294680786204,-0.3171580182036532,0.0018025681922897317,-0.00016381258196867849,,,,,,,,,,,,
2.04,grasp,,,,,,,,,,,,,,,,,,,,,1.8365732431411743,0.786146879196167,1.1066498756408691,-0.32082003355026245,0.0022392086684703827,-0.00014490164176095277,0.042998554185032845,1.886470562871934,0.8067316842434149,1.138379883453966,-0.3299271845654414,0.002513179318265975,-0.00010872885677616623,,,,,,,,,,,,
2.06,grasp,,,,,,,,,,,,,,,,,,,,,1.8609206676483154,0.7963919639587402,1.121183156967163,-0.3252449929714203,0.002084179315716028,-0.00012221916404087096,0.042998554185032845,1.886470562871934,0.8067316842434149,1.138379883453966,-0.3299271845654414,0.002513179318265975,-0.00010872885677616623,,,,,,,,,,,,
2.08,grasp,,,,,,,,,,,,,,,,,,,,,1.9050345420837402,0.8152276277542114,1.1473708152770996,-0.33334288001060486,0.0029277231078594923,-9.16351709747687e-05,0.042998554185032845,1.952094452810267,0.8345881923563209,1.17743791754498,-0.3419302795968491,0.0031811652938649364,-5.694929536762051e-05,,,,,,,,,,,,
2.1,grasp,,,,,,,,,,,,,,,,,,,,,1.9280084371566772,0.8248913884162903,1.1610721349716187,-0.337516188621521,0.0027638664469122887,-6.966350338188931e-05,0.042998554185032845,1.952094452810267,0.8345881923563209,1.17743791754498,-0.3419302795968491,0.0031811652938649364,-5.694929536762051e-05,,,,,,,,,,,,
2.12,grasp,,,,,,,,,,,,,,,,,,,,,1.970097541809082,0.8419817686080933,1.185707688331604,-0.3457805812358856,0.0036180345341563225,-4.3649204599205405e-05,0.042998554185032845,2.0150058035562646,0.8594675341437333,1.214149008457751,-0.3545445373014593,0.0038312995237545413,-7.315081519268676e-06,,,,,,,,,,,,
2.14,grasp,,,,,,,,,,,,,,,,,,,,,1.992025375366211,0.8507464528083801,1.198598861694336,-0.35003960132598877,0.0034537387546151876,-2.0309857063693926e-05,0.042998554185032845,2.0150058035562646,0.8594675341437333,1.214149008457751,-0.3545445373014593,0.0038312995237545413,-7.315081519268676e-06,,,,,,,,,,,,
2.16,grasp,,,,,,,,,,,,,,,,,,,,,2.0092267990112305,0.8792831897735596,1.2174155712127686,-0.3404094874858856,0.003591936081647873,-1.0023559298133478e-05,0.042998554185032845,2.0274360253480066,0.9090781380543255,1.2394676075733222,-0.33015470253332124,0.0037282810327704877,2.964704459124928e-06,,,,,,,,,,,,
2.18,grasp,,,,,,,,,,,,,,,,,,,,,2.0181074142456055,0.8940927386283875,1.2270851135253906,-0.33544832468032837,0.0035769296810030937,-1.106519221139024e-06,0.042998554185032845,2.0274360253480066,0.9090781380543255,1.2394676075733222,-0.33015470253332124,0.0037282810327704877,2.964704459124928e-06,,,,,,,,,,,,
2.2,grasp,,,,,,,,,,,,,,,,,,,,,2.0224547386169434,0.9269365072250366,1.242097020149231,-0.3176584243774414,0.0034810109063982964,1.664423734837328e-06,0.042998554185032845,2.0270278428613846,0.9612554172257088,1.2601606881319765,-0.29873286673813904,0.003458795834472335,3.1821440428169903e-06,,,,,,,,,,,,
2.22,grasp,,,,,,,,,,,,,,,,,,,,,2.0246784687042236,0.9439851641654968,1.2497503757476807,-0.3084934651851654,0.0034524542279541492,2.634202928675222e-06,0.042998554185032845,2.0270278428613846,0.9612554172257088,1.2601606881319765,-0.29873286673813904,0.003458795834472335,3.1821440428169903e-06,,,,,,,,,,,,
2.24,grasp,,,,,,,,,,,,,,,,,,,,,2.0257010459899902,0.9753860831260681,1.262750267982483,-0.29013344645500183,0.0033301860094070435,3.4027073070319602e-06,0.042998554185032845,2.026788995142374,1.0081024062287598,1.278756644787918,-0.2706022771202995,0.003219281275590836,3.4757114095218212e-06,,,,,,,,,,,,
2.2600000000000002,grasp,,,,,,,,,,,,,,,,,,,,,2.0262258052825928,0.9916731715202332,1.2693647146224976,-0.28067517280578613,0.0032710616942495108,3.516271362968837e-06,0.042998554185032845,2.026788995142374,1.0081024062287598,1.278756644787918,-0.2706022771202995,0.003219281275590836,3.4757114095218212e-06,,,,,,,,,,,,
2.2800000000000002,grasp,,,,,,,,,,,,,,,,,,,,,2.0263965129852295,1.0200841426849365,1.280815601348877,-0.2637275755405426,0.0031407237984240055,3.6837864172412083e-06,0.042998554185032845,2.026577629252979,1.0495849206049626,1.2952144680115925,-0.2456973726007945,0.0030073839880092566,3.7354359011549075e-06,,,,,,,,,,,,
2.3000000000000003,grasp,,,,,,,,,,,,,,,,,,,,,2.0264852046966553,1.0348180532455444,1.2866274118423462,-0.2549969553947449,0.0030746280681341887,3.7420816170197213e-06,0.042998554185032845,2.026577629252979,1.0495849206049626,1.2952144680115925,-0.2456973726007945,0.0030073839880092566,3.7354359011549075e-06,,,,,,,,,,,,
2.3200000000000003,grasp,,,,,,,,,,,,,,,,,,,,,2.026445150375366,1.0598187446594238,1.2966388463974,-0.239993616938591,0.002951962873339653,3.86561168852495e-06,0.042998554185032845,2.026393483634981,1.0856679051338518,1.3095334463359005,-0.22402955164638136,0.002822983851483851,3.961454344286785e-06,,,,,,,,,,,,
2.3400000000000003,grasp,,,,,,,,,,,,,,,,,,,,,2.0264222621917725,1.0727837085723877,1.301708459854126,-0.2322647124528885,0.0028890473768115044,3.921571988030337e-06,0.042998554185032845,2.026393483634981,1.0856679051338518,1.3095334463359005,-0.22402955164638136,0.002822983851483851,3.961454344286785e-06,,,,,,,,,,,,
2.36,grasp,,,,,,,,,,,,,,,,,,,,,2.0263352394104004,1.0942875146865845,1.3103163242340088,-0.2193319946527481,0.0027806065045297146,4.04062848247122e-06,0.042998554185032845,2.0262362899813353,1.1163977521473154,1.321737490134147,-0.2055681790703153,0.002665731082799112,4.1542004199013234e-06,,,,,,,,,,,,
2.38,grasp,,,,,,,,,,,,,,,,,,,,,2.026289939880371,1.1054391860961914,1.314666748046875,-0.2126697599887848,0.0027248230762779713,4.0992167669173796e-06,0.042998554185032845,2.0262362899813353,1.1163977521473154,1.321737490134147,-0.2055681790703153,0.002665731082799112,4.1542004199013234e-06,,,,,,,,,,,,
2.4,grasp,,,,,,,,,,,,,,,,,,,,,2.0262036323547363,1.1234867572784424,1.3219021558761597,-0.20180296897888184,0.0026327064260840416,4.20609831053298e-06,0.042998554185032845,2.026105063106321,1.1419044135681946,1.331880701199186,-0.19023461765558816,0.002534904939904263,4.314552273197867e-06,,,,,,,,,,,,
2.42,grasp,,,,,,,,,,,,,,,,,,,,,2.026158332824707,1.1328462362289429,1.3255540132522583,-0.19620509445667267,0.0025853051338344812,4.2592537283780985e-06,0.042998554185032845,2.026105063106321,1.1419044135681946,1.331880701199186,-0.19023461765558816,0.002534904939904263,4.314552273197867e-06,,,,,,,,,,,,
2.44,grasp,,,,,,,,,,,,,,,,,,,,,2.0260846614837646,1.1475552320480347,1.3314650058746338,-0.18734030425548553,0.002509705489501357,4.350387825979851e-06,0.042998554185032845,2.0259993409688826,1.1624071684969286,1.3400485602364973,-0.17789942495330915,0.002429388307454076,4.443878776958815e-06,,,,,,,,,,,,
2.46,grasp,,,,,,,,,,,,,,,,,,,,,2.0260462760925293,1.155182123184204,1.3344454765319824,-0.18277378380298615,0.0024708062410354614,4.395553332869895e-06,0.042998554185032845,2.0259993409688826,1.1624071684969286,1.3400485602364973,-0.17789942495330915,0.002429388307454076,4.443878776958815e-06,,,,,,,,,,,,
2.48,grasp,,,,,,,,,,,,,,,,,,,,,2.0259883403778076,1.1667340993881226,1.3391008377075195,-0.17580479383468628,0.0024110781960189342,4.468932729650987e-06,0.042998554185032845,2.0259172434583808,1.178218286912999,1.3463627648783696,-0.16837849004649322,0.002347626490098255,4.544084004692345e-06,,,,,,,,,,,,
2.5,grasp,,,,,,,,,,,,,,,,,,,,,2.025954484939575,1.1727238893508911,1.3414480686187744,-0.1722148209810257,0.0023803520016372204,4.504988737608073e-06,0.042998554185032845,2.0259172434583808,1.178218286912999,1.3463627648783696,-0.16837849004649322,0.002347626490098255,4.544084004692345e-06,,,,,,,,,,,,
2.52,grasp,,,,,,,,,,,,,,,,,,,,,2.025909662246704,1.1813678741455078,1.3449432849884033,-0.16699549555778503,0.002335410565137863,4.560410161502659e-06,0.042998554185032845,2.0258570328857686,1.189748659052889,1.3509801253735407,-0.1614284672138217,0.002287653460961208,4.617581536882045e-06,,,,,,,,,,,,
2.54,grasp,,,,,,,,,,,,,,,,,,,,,2.0258865356445312,1.1858477592468262,1.346705436706543,-0.1643068939447403,0.002312309807166457,4.58868134955992e-06,0.042998554185032845,2.0258570328857686,1.189748659052889,1.3509801253735407,-0.1614284672138217,0.002287653460961208,4.617581536882045e-06,,,,,,,,,,,,
2.56,grasp,,,,,,,,,,,,,,,,,,,,,2.0258524417877197,1.1918925046920776,1.3491652011871338,-0.16064737737178802,0.002280464628711343,4.6275904423964676e-06,0.042998554185032845,2.0258160852714973,1.1975038159798412,1.354108817006113,-0.1567378846124737,0.0022466936787099777,4.66777615224127e-06,,,,,,,,,,,,
2.58,grasp,,,,,,,,,,,,,,,,,,,,,2.025836944580078,1.195024847984314,1.3504066467285156,-0.15876224637031555,0.0022640954703092575,4.647242349165026e-06,0.042998554185032845,2.0258160852714973,1.1975038159798412,1.354108817006113,-0.1567378846124737,0.0022466936787099777,4.66777615224127e-06,,,,,,,,,,,,
2.6,grasp,,,,,,,,,,,,,,,,,,,,,2.025815725326538,1.198855996131897,1.35197913646698,-0.15643368661403656,0.002243609633296728,4.672613158618333e-06,0.042998554185032845,2.0257911843553256,1.20210781515346,1.3559857776313318,-0.15393851927659027,0.002221865764162546,4.69819937135554e-06,,,,,,,,,,,,
2.62,grasp,,,,,,,,,,,,,,,,,,,,,2.0258023738861084,1.2008390426635742,1.3527753353118896,-0.15523409843444824,0.0022330754436552525,4.6859281610522885e-06,0.042998554185032845,2.0257911843553256,1.20210781515346,1.3559857776313318,-0.15393851927659027,0.002221865764162546,4.69819937135554e-06,,,,,,,,,,,,
2.64,grasp,,,,,,,,,,,,,,,,,,,,,2.025789737701416,1.2029162645339966,1.3536359071731567,-0.1539665013551712,0.002221799222752452,4.6989853217382915e-06,0.042998554185032845,2.0257790875864417,1.2043031860566857,1.3568871009501529,-0.15259883246812242,0.0022098620243573863,4.712907656389299e-06,,,,,,,,,,,,
2.66,grasp,,,,,,,,,,,,,,,,,,,,,2.025789260864258,1.2039905786514282,1.3540736436843872,-0.15331342816352844,0.002215946326032281,4.707387688540621e-06,0.042998554185032845,2.0257790875864417,1.2043031860566857,1.3568871009501529,-0.15259883246812242,0.0022098620243573863,4.712907656389299e-06,,,,,,,,,,,,
2.68,grasp,,,,,,,,,,,,,,,,,,,,,2.0257887840270996,1.2048512697219849,1.3544325828552246,-0.15278799831867218,0.002211220096796751,4.714032002084423e-06,0.042998554185032845,2.025775587138442,1.2049411581563836,1.35714946652899,-0.15220913063134034,0.002206361010740707,4.717197209166208e-06,,,,,,,,,,,,
2.7,grasp,,,,,,,,,,,,,,,,,,,,,2.0257883071899414,1.2053027153015137,1.3546167612075806,-0.15251725912094116,0.002208803314715624,4.717127922049258e-06,0.042998554185032845,2.025775587138442,1.2049411581563836,1.35714946652899,-0.15220913063134034,0.002206361010740707,4.717197209166208e-06,,,,,,,,,,,,
2.7025658472627403,grasp,,,,,,,,,,,,,,,,,,,,,2.025787830352783,1.2055543661117554,1.3547192811965942,-0.1523677259683609,0.0022074715234339237,4.718569925898919e-06,0.042998554185032845,2.02577543258667,1.2049751281738281,1.357163429260254,-0.15218836069107056,0.002206174423918128,4.7174257815640885e-06,,,,,,,,,,,,
2.7025658472627403,grasp,,,,,,,,,,,,,,,,,,,,,,,,,,,0.04300001822412014,,,,,,,0.0,,,,,,,,,,,
2.7225658472627403,grasp,,,,,,,,,,,,,,,,,,,,,,,,,,,0.04298553988337517,,,,,,,0.0,,,,,,,,,,,
2.7425658472627403,grasp,,,,,,,,,,,,,,,,,,,,,,,,,,,0.04289024882018566,,,,,,,0.0,,,,,,,,,,,
2.7625658472627403,grasp,,,,,,,,,,,,,,,,,,,,,,,,,,,0.04266182705760002,,,,,,,0.0,,,,,,,,,,,
2.7825658472627404,grasp,,,,,,,,,,,,,,,,,,,,,,,,,,,0.042276473715901375,,,,,,,0.0,,,,,,,,,,,
2.8025658472627404,grasp,,,,,,,,,,,,,,,,,,,,,,,,,,,0.041703592985868454,,,,,,,0.0,,,,,,,,,,,
2.8225658472627404,grasp,,,,,,,,,,,,,,,,,,,,,,,,,,,0.040924765169620514,,,,,,,0.0,,,,,,,,,,,
2.8425658472627404,grasp,,,,,,,,,,,,,,,,,,,,,,,,,,,0.03993411734700203,,,,,,,0.0,,,,,,,,,,,
2.8625658472627404,grasp,,,,,,,,,,,,,,,,,,,,,,,,,,,0.03879544138908386,,,,,,,0.0,,,,,,,,,,,
2.8825658472627405,grasp,,,,,,,,,,,,,,,,,,,,,,,,,,,0.0380963534116745,,,,,,,0.0,,,,,,,,,,,
2.9025658472627405,grasp,,,,,,,,,,,,,,,,,,,,,,,,,,,0.03755945339798927,,,,,,,0.0,,,,,,,,,,,
2.9225658472627405,grasp,,,,,,,,,,,,,,,,,,,,,,,,,,,0.037533098831772804,,,,,,,0.0,,,,,,,,,,,
2.94256584726274,grasp,,,,,,,,,,,,,,,,,,,,,,,,,,,0.03752059116959572,,,,,,,0.0,,,,,,,,,,,
2.9625658472627405,grasp,,,,,,,,,,,,,,,,,,,,,,,,,,,0.037492258474230766,,,,,,,0.0,,,,,,,,,,,
2.98256584726274,grasp,,,,,,,,,,,,,,,,,,,,,,,,,,,0.03746380843222141,,,,,,,0.0,,,,,,,,,,,
3.00256584726274,grasp,,,,,,,,,,,,,,,,,,,,,,,,,,,0.03743481822311878,,,,,,,0.0,,,,,,,,,,,
3.02256584726274,grasp,,,,,,,,,,,,,,,,,,,,,,,,,,,0.037404606118798256,,,,,,,0.0,,,,,,,,,,,
3.04256584726274,grasp,,,,,,,,,,,,,,,,,,,,,,,,,,,0.03737383335828781,,,,,,,0.0,,,,,,,,,,,
3.06256584726274,grasp,,,,,,,,,,,,,,,,,,,,,,,,,,,0.03734300844371319,,,,,,,0.0,,,,,,,,,,,
3.08256584726274,grasp,,,,,,,,,,,,,,,,,,,,,,,,,,,0.037312645465135574,,,,,,,0.0,,,,,,,,,,,
3.10256584726274,grasp,,,,,,,,,,,,,,,,,,,,,,,,,,,0.0372830331325531,,,,,,,0.0,,,,,,,,,,,
3.1225658472627402,grasp,,,,,,,,,,,,,,,,,,,,,,,,,,,0.037254564464092255,,,,,,,0.0,,,,,,,,,,,
3.1425658472627402,grasp,,,,,,,,,,,,,,,,,,,,,,,,,,,0.03722786530852318,,,,,,,0.0,,,,,,,,,,,
3.1625658472627403,grasp,,,,,,,,,,,,,,,,,,,,,,,,,,,0.03720312565565109,,,,,,,0.0,,,,,,,,,,,
3.1825658472627403,grasp,,,,,,,,,,,,,,,,,,,,,,,,,,,0.037180446088314056,,,,,,,0.0,,,,,,,,,,,
3.2025658472627403,grasp,,,,,,,,,,,,,,,,,,,,,,,,,,,0.037160368636250496,,,,,,,0.0,,,,,,,,,,,
3.2225658472627403,grasp,,,,,,,,,,,,,,,,,,,,,,,,,,,0.03714287094771862,,,,,,,0.0,,,,,,,,,,,
3.2425658472627403,grasp,,,,,,,,,,,,,,,,,,,,,,,,,,,0.0371282584965229,,,,,,,0.0,,,,,,,,,,,
3.2625658472627403,grasp,,,,,,,,,,,,,,,,,,,,,,,,,,,0.03711645305156708,,,,,,,0.0,,,,,,,,,,,
3.2825658472627404,grasp,,,,,,,,,,,,,,,,,,,,,,,,,,,0.03710727207362652,,,,,,,0.0,,,,,,,,,,,
3.3025658472627404,grasp,,,,,,,,,,,,,,,,,,,,,,,,,,,0.03710069693624973,,,,,,,0.0,,,,,,,,,,,
3.3225658472627404,grasp,,,,,,,,,,,,,,,,,,,,,,,,,,,0.037096450105309486,,,,,,,0.0,,,,,,,,,,,
3.3425658472627404,grasp,,,,,,,,,,,,,,,,,,,,,,,,,,,0.03709416650235653,,,,,,,0.0,,,,,,,,,,,
3.3625658472627404,grasp,,,,,,,,,,,,,,,,,,,,,,,,,,,0.037093350663781166,,,,,,,0.0,,,,,,,,,,,
3.3825658472627405,grasp,,,,,,,,,,,,,,,,,,,,,,,,,,,0.037093114107847214,,,,,,,0.0,,,,,,,,,,,
3.3825658472627405,grasp,,,,,,,,,,,,,,,,,,,,,2.0260210037231445,1.2056927680969238,1.3553884029388428,-0.15220966935157776,0.001426463364623487,0.007231874857097864,0.037093114107847214,2.02577543258667,1.2049751281738281,1.357163429260254,-0.15218836069107056,0.002206174423918128,4.7174257815640885e-06,,,,,,,,,,,,
3.4025658472627405,grasp,,,,,,,,,,,,,,,,,,,,,2.0260205268859863,1.205681324005127,1.355375051498413,-0.15220993757247925,0.0014183113817125559,0.006929855793714523,0.037093114107847214,2.02577543258667,1.2049751281738281,1.357163429260254,-0.15218836069107056,0.002206174423918128,4.7174257815640885e-06,,,,,,,,,,,,
3.4225658472627405,grasp,,,,,,,,,,,,,,,,,,,,,2.0260214805603027,1.2056347131729126,1.355344295501709,-0.15223732590675354,0.0014110584743320942,0.0067743523977696896,0.037093114107847214,2.025775854858524,1.204883516308219,1.3571257726771595,-0.15224437063142063,0.002206677590328603,4.716809386346029e-06,,,,,,,,,,,,
3.4425658472627405,grasp,,,,,,,,,,,,,,,,,,,,,2.0260214805603027,1.205613136291504,1.3553301095962524,-0.1522514671087265,0.0014062881236895919,0.006694260518997908,0.037093114107847214,2.025775854858524,1.204883516308219,1.3571257726771595,-0.15224437063142063,0.002206677590328603,4.716809386346029e-06,,,,,,,,,,,,
3.4625658472627405,grasp,,,,,,,,,,,,,,,,,,,,,2.0260190963745117,1.2053096294403076,1.3551764488220215,-0.15244393050670624,0.0014120449777692556,0.006652974523603916,0.037093114107847214,2.025779342322393,1.204258328819403,1.3568686535661405,-0.15262622615707686,0.0022101080820273733,4.71260616676226e-06,,,,,,,,,,,,
3.4825658472627405,grasp,,,,,,,,,,,,,,,,,,,,,2.0260345935821533,1.205132007598877,1.355140209197998,-0.1525431126356125,0.0013214314822107553,0.006626621354371309,0.037093114107847214,2.025779342322393,1.204258328819403,1.3568686535661405,-0.15262622615707686,0.0022101080820273733,4.71260616676226e-06,,,,,,,,,,,,
3.5025658472627406,grasp,,,,,,,,,,,,,,,,,,,,,2.0260677337646484,1.2042534351348877,1.3547508716583252,-0.15308190882205963,0.001230610883794725,0.006609907373785973,0.037093114107847214,2.0257884317031816,1.2026133435680724,1.3561931428873055,-0.15363015555381665,0.0022191063512835827,4.701580537564998e-06,,,,,,,,,,,,
3.5225658472627406,grasp,,,,,,,,,,,,,,,,,,,,,2.026129722595215,1.203783392906189,1.3546347618103027,-0.15335941314697266,0.001061492133885622,0.0065930006094276905,0.037093114107847214,2.0257884317031816,1.2026133435680724,1.3561931428873055,-0.15363015555381665,0.0022191063512835827,4.701580537564998e-06,,,,,,,,,,,,
3.5425658472627406,grasp,,,,,,,,,,,,,,,,,,,,,2.0261385440826416,1.2020872831344604,1.353820562362671,-0.15441928803920746,0.0010205943835899234,0.006581184919923544,0.037093114107847214,2.025805274617473,1.199509585332985,1.3549243979835965,-0.15551996595706394,0.0022359329547079515,4.6809621606956535e-06,,,,,,,,,,,,
3.5625658472627406,grasp,,,,,,,,,,,,,,,,,,,,,2.0261425971984863,1.2011611461639404,1.3536139726638794,-0.15496383607387543,0.0010984981199726462,0.006566525436937809,0.037093114107847214,2.025805274617473,1.199509585332985,1.3549243979835965,-0.15551996595706394,0.0022359329547079515,4.6809621606956535e-06,,,,,,,,,,,,
3.5825658472627406,grasp,,,,,,,,,,,,,,,,,,,,,2.0260982513427734,1.1983721256256104,1.3522753715515137,-0.1567029356956482,0.0012831606436520815,0.006554061081260443,0.037093114107847214,2.0258317829507098,1.1945514715571932,1.3529143639619214,-0.15852607126703241,0.002262375531450144,4.648559059885675e-06,,,,,,,,,,,,
3.6025658472627407,grasp,,,,,,,,,,,,,,,,,,,,,2.0260136127471924,1.196924090385437,1.3515621423721313,-0.15759718418121338,0.00154209416359663,0.006546367425471544,0.037093114107847214,2.0258317829507098,1.1945514715571932,1.3529143639619214,-0.15852607126703241,0.002262375531450144,4.648559059885675e-06,,,,,,,,,,,,
3.6225658472627407,grasp,,,,,,,,,,,,,,,,,,,,,2.0259621143341064,1.1927281618118286,1.349630355834961,-0.1601555198431015,0.0017964451108127832,0.006540148053318262,0.037093114107847214,2.0258693468984936,1.1873900220510845,1.3500349787315906,-0.16285043358242315,0.002299939222403956,4.602525351372594e-06,,,,,,,,,,,,
3.6425658472627402,grasp,,,,,,,,,,,,,,,,,,,,,2.02591872215271,1.1905593872070312,1.348549485206604,-0.16147349774837494,0.002019226085394621,0.006534295622259378,0.037093114107847214,2.0258693468984936,1.1873900220510845,1.3500349787315906,-0.16285043358242315,0.002299939222403956,4.602525351372594e-06,,,,,,,,,,,,
3.6625658472627407,grasp,,,,,,,,,,,,,,,,,,,,,2.025913953781128,1.1848012208938599,1.3459423780441284,-0.1649770438671112,0.0022110207937657833,0.006530588958412409,0.037093114107847214,2.025919801688825,1.1777288749319277,1.3461669618975853,-0.1686733898741451,0.002350167020258365,4.540970579369417e-06,,,,,,,,,,,,
3.6825658472627403,grasp,,,,,,,,,,,,,,,,,,,,,2.0259172916412354,1.1818376779556274,1.3443902730941772,-0.16678404808044434,0.0022996726911514997,0.006528584752231836,0.037093114107847214,2.025919801688825,1.1777288749319277,1.3461669618975853,-0.1686733898741451,0.002350167020258365,4.540970579369417e-06,,,,,,,,,,,,
3.7025658472627403,grasp,,,,,,,,,,,,,,,,,,,,,2.025975465774536,1.1743189096450806,1.341367244720459,-0.1713385134935379,0.0022428797092288733,0.006530589424073696,0.037093114107847214,2.0259843624566845,1.1653153603295705,1.3412083858860486,-0.1761490094593841,0.002414389166304326,4.462261909561984e-06,,,,,,,,,,,,
3.7225658472627403,grasp,,,,,,,,,,,,,,,,,,,,,2.025989532470703,1.1703805923461914,1.339816689491272,-0.17368453741073608,0.002239001216366887,0.006531268358230591,0.037093114107847214,2.0259843624566845,1.1653153603295705,1.3412083858860486,-0.1761490094593841,0.002414389166304326,4.462261909561984e-06,,,,,,,,,,,,
3.7425658472627403,grasp,,,,,,,,,,,,,,,,,,,,,2.0260226726531982,1.1609294414520264,1.336054801940918,-0.17937928438186646,0.002317969687283039,0.006530554499477148,0.037093114107847214,2.026063633661239,1.149935515492219,1.3350786468101121,-0.18540373021053155,0.002493610873594594,4.3651649721468464e-06,,,,,,,,,,,,
3.7625658472627403,grasp,,,,,,,,,,,,,,,,,,,,,2.026048421859741,1.1560183763504028,1.334161639213562,-0.18231312930583954,0.0023278251755982637,0.006530929356813431,0.037093114107847214,2.026063633661239,1.149935515492219,1.3350786468101121,-0.18540373021053155,0.002493610873594594,4.3651649721468464e-06,,,,,,,,,,,,
3.7825658472627404,grasp,,,,,,,,,,,,,,,,,,,,,2.0261030197143555,1.1445508003234863,1.3295561075210571,-0.1892239898443222,0.002398200100287795,0.0065306005999445915,0.037093114107847214,2.02615889042693,1.131417712581666,1.3277086189690732,-0.1965401386551304,0.0025887352458100316,4.248573842500419e-06,,,,,,,,,,,,
3.8025658472627404,grasp,,,,,,,,,,,,,,,,,,,,,2.0261342525482178,1.1385916471481323,1.3272485733032227,-0.1927838921546936,0.0024236689787358046,0.00653069419786334,0.037093114107847214,2.02615889042693,1.131417712581666,1.3277086189690732,-0.1965401386551304,0.0025887352458100316,4.248573842500419e-06,,,,,,,,,,,,
3.8225658472627404,grasp,,,,,,,,,,,,,,,,,,,,,2.0262022018432617,1.1250054836273193,1.3217970132827759,-0.2009676694869995,0.0024965822231024504,0.006530569400638342,0.037093114107847214,2.026270984652678,1.1096269950134872,1.3190476805975022,-0.20963653874953161,0.002700399752791202,4.111706186127364e-06,,,,,,,,,,,,
3.8425658472627404,grasp,,,,,,,,,,,,,,,,,,,,,2.026240110397339,1.1179462671279907,1.3190593719482422,-0.20518335700035095,0.002530978759750724,0.006530564744025469,0.037093114107847214,2.026270984652678,1.1096269950134872,1.3190476805975022,-0.20963653874953161,0.002700399752791202,4.111706186127364e-06,,,,,,,,,,,,
3.8625658472627404,grasp,,,,,,,,,,,,,,,,,,,,,2.026319742202759,1.1021665334701538,1.3127387762069702,-0.2146831899881363,0.002613033866509795,0.006530439481139183,0.037093114107847214,2.026399630387196,1.0844673415553012,1.3090569591413115,-0.22475056355185255,0.002829120777219983,3.953932387871323e-06,,,,,,,,,,,,
3.8825658472627405,grasp,,,,,,,,,,,,,,,,,,,,,2.0263619422912598,1.093969702720642,1.3095546960830688,-0.21957677602767944,0.0026535922661423683,0.006530423182994127,0.037093114107847214,2.026399630387196,1.0844673415553012,1.3090569591413115,-0.22475056355185255,0.002829120777219983,3.953932387871323e-06,,,,,,,,,,,,
3.9025658472627405,grasp,,,,,,,,,,,,,,,,,,,,,2.0264534950256348,1.0759479999542236,1.3023476600646973,-0.23042181134223938,0.0027470614295452833,0.006530298851430416,0.037093114107847214,2.026545603536772,1.0558780538476953,1.2977113594449328,-0.24191880928965903,0.002975233082547387,3.774843897486757e-06,,,,,,,,,,,,
3.9225658472627405,grasp,,,,,,,,,,,,,,,,,,,,,2.0265018939971924,1.0665884017944336,1.2987061738967896,-0.23600849509239197,0.002793653169646859,0.006530257873237133,0.037093114107847214,2.026545603536772,1.0558780538476953,1.2977113594449328,-0.24191880928965903,0.002975233082547387,3.774843897486757e-06,,,,,,,,,,,,
3.9425658472627405,grasp,,,,,,,,,,,,,,,,,,,,,2.0266048908233643,1.0462985038757324,1.2906043529510498,-0.24821476638317108,0.002898377599194646,0.006530098617076874,0.037093114107847214,2.026708812740118,1.0238328021169347,1.2849977080209005,-0.26115835248001723,0.0031389262251407973,3.5742013662050596e-06,,,,,,,,,,,,
3.9625658472627405,grasp,,,,,,,,,,,,,,,,,,,,,2.0266599655151367,1.0357632637023926,1.286496877670288,-0.2545028030872345,0.0029511398170143366,0.00653007160872221,0.037093114107847214,2.026708812740118,1.0238328021169347,1.2849977080209005,-0.26115835248001723,0.0031389262251407973,3.5742013662050596e-06,,,,,,,,,,,,
3.9825658472627405,grasp,,,,,,,,,,,,,,,,,,,,,2.0267739295959473,1.0132005214691162,1.2774990797042847,-0.26807403564453125,0.0030668387189507484,0.00652997987344861,0.037093114107847214,2.026889756738884,0.9883385107551783,1.2709137119227656,-0.282468511291155,0.003320276850133226,3.351925681474455e-06,,,,,,,,,,,,
4.002565847262741,grasp,,,,,,,,,,,,,,,,,,,,,2.0268332958221436,1.0014883279800415,1.27292001247406,-0.2750653922557831,0.0031264452263712883,0.006529915612190962,0.037093114107847214,2.026889756738884,0.9883385107551783,1.2709137119227656,-0.282468511291155,0.003320276850133226,3.351925681474455e-06,,,,,,,,,,,,
4.02256584726274,grasp,,,,,,,,,,,,,,,,,,,,,2.0269598960876465,0.9766725301742554,1.2630313634872437,-0.28999507427215576,0.0032531553879380226,0.0065297819674015045,0.037093114107847214,2.027088208464467,0.9494354492247556,1.255464845122504,-0.3058332625185799,0.0035193147461959873,3.1079643909427815e-06,,,,,,,,,,,,
4.042565847262741,grasp,,,,,,,,,,,,,,,,,,,,,2.027026653289795,0.9637932181358337,1.2579782009124756,-0.2976864278316498,0.0033194762654602528,0.006529688369482756,0.037093114107847214,2.027088208464467,0.9494354492247556,1.255464845122504,-0.3058332625185799,0.0035193147461959873,3.1079643909427815e-06,,,,,,,,,,,,
4.06256584726274,grasp,,,,,,,,,,,,,,,,,,,,,2.0271694660186768,0.9367614388465881,1.247206687927246,-0.3139627277851105,0.0034574230667203665,0.006529571022838354,0.037093114107847214,2.027314033212856,0.9071941255602536,1.2386586716655221,-0.33123210078261484,0.0037364200808476414,2.8493867513164656e-06,,,,,,,,,,,,
4.082565847262741,grasp,,,,,,,,,,,,,,,,,,,,,2.0272440910339355,0.9227354526519775,1.2416787147521973,-0.322348028421402,0.003530533518642187,0.0065294355154037476,0.037093114107847214,2.027314033212856,0.9071941255602536,1.2386586716655221,-0.33123210078261484,0.0037364200808476414,2.8493867513164656e-06,,,,,,,,,,,,
4.10256584726274,grasp,,,,,,,,,,,,,,,,,,,,,2.02573561668396,0.8945786952972412,1.2296785116195679,-0.33861008286476135,0.003566787112504244,0.006530135404318571,0.037093114107847214,2.024033965887529,0.863855310233235,1.2197491693821048,-0.35586338475111706,0.00392036673879474,-1.822412420630816e-07,,,,,,,,,,,,
4.122565847262741,grasp,,,,,,,,,,,,,,,,,,,,,2.024890422821045,0.8799819946289062,1.223469853401184,-0.34698721766471863,0.003758263075724244,0.006526278797537088,0.037093114107847214,2.024033965887529,0.863855310233235,1.2197491693821048,-0.35586338475111706,0.00392036673879474,-1.822412420630816e-07,,,,,,,,,,,,
4.14256584726274,grasp,,,,,,,,,,,,,,,,,,,,,2.0011112689971924,0.8629710674285889,1.2064974308013916,-0.34657707810401917,0.0023144781589508057,0.006536086555570364,0.037093114107847214,1.974882810234899,0.8442627726023274,1.1910032958434715,-0.3460990942172071,0.00341316607978344,-3.8965550566950744e-05,,,,,,,,,,,,
4.162565847262741,grasp,,,,,,,,,,,,,,,,,,,,,1.9879313707351685,0.8542656898498535,1.1974732875823975,-0.34635207056999207,0.0038936410564929247,0.00648447684943676,0.037093114107847214,1.974882810234899,0.8442627726023274,1.1910032958434715,-0.3460990942172071,0.00341316607978344,-3.8965550566950744e-05,,,,,,,,,,,,
4.18256584726274,grasp,,,,,,,,,,,,,,,,,,,,,1.957486629486084,0.8392865061759949,1.1783883571624756,-0.34174013137817383,0.0019316618563607335,0.006499710027128458,0.037093114107847214,1.9240301912061641,0.8226748378768082,1.160733768380336,-0.33679686144748666,0.0028954840003598404,-7.909414679725976e-05,,,,,,,,,,,,
4.202565847262741,grasp,,,,,,,,,,,,,,,,,,,,,1.94072687625885,0.8316095471382141,1.1682881116867065,-0.33935055136680603,0.00360681489109993,0.006441950798034668,0.037093114107847214,1.9240301912061641,0.8226748378768082,1.160733768380336,-0.33679686144748666,0.0028954840003598404,-7.909414679725976e-05,,,,,,,,,,,,
4.22256584726274,grasp,,,,,,,,,,,,,,,,,,,,,1.907151699066162,0.8165708184242249,1.147877812385559,-0.3333742022514343,0.001500526675954461,0.006457596551626921,0.037093114107847214,1.8703683476683635,0.799896881702692,1.1287969990066995,-0.3269822091925625,0.002349289167900602,-0.00012143296789879486,,,,,,,,,,,,
4.242565847262741,grasp,,,,,,,,,,,,,,,,,,,,,1.8887641429901123,0.808863639831543,1.1370803117752075,-0.33028244972229004,0.0031597961205989122,0.006398618686944246,0.037093114107847214,1.8703683476683635,0.799896881702692,1.1287969990066995,-0.3269822091925625,0.002349289167900602,-0.00012143296789879486,,,,,,,,,,,,
4.26256584726274,grasp,,,,,,,,,,,,,,,,,,,,,1.8530898094177246,0.793262779712677,1.1155707836151123,-0.32371097803115845,0.0009674105676822364,0.006414350587874651,0.037093114107847214,1.8140746523368234,0.7760025585144066,1.0952962070233467,-0.31668682218438265,0.0017763459312715082,-0.00016584522555394417,,,,,,,,,,,,
4.282565847262741,grasp,,,,,,,,,,,,,,,,,,,,,1.833611249923706,0.7852683663368225,1.1041942834854126,-0.3203125,0.00264703924767673,0.0063536809757351875,0.037093114107847214,1.8140746523368234,0.7760025585144066,1.0952962070233467,-0.31668682218438265,0.0017763459312715082,-0.00016584522555394417,,,,,,,,,,,,
4.30256584726274,grasp,,,,,,,,,,,,,,,,,,,,,1.7962051630020142,0.7690132856369019,1.0817021131515503,-0.313367635011673,0.00037786527536809444,0.006369524169713259,0.037093114107847214,1.7553432919988374,0.7510735314573542,1.0603464561905418,-0.3059460697504458,0.0011786175888439782,-0.00021217874160972558,,,,,,,,,,,,
4.322565847262741,grasp,,,,,,,,,,,,,,,,,,,,,1.775824785232544,0.760686457157135,1.0698020458221436,-0.30977627635002136,0.002093570539727807,0.006307012867182493,0.037093114107847214,1.7553432919988374,0.7510735314573542,1.0603464561905418,-0.3059460697504458,0.0011786175888439782,-0.00021217874160972558,,,,,,,,,,,,
4.34256584726274,grasp,,,,,,,,,,,,,,,,,,,,,1.7368828058242798,0.743797779083252,1.0464115142822266,-0.3025353252887726,-0.0002453472698107362,0.006323167588561773,0.037093114107847214,1.6943844800262067,0.7251988527912094,1.0240722105179407,-0.2947982978572978,0.0005582374439472271,-0.00026026815359172546,,,,,,,,,,,,
4.36256584726274,grasp,,,,,,,,,,,,,,,,,,,,,1.715705394744873,0.7351483106613159,1.034035086631775,-0.29879069328308105,0.0015079767908900976,0.0062588294968008995,0.037093114107847214,1.6943844800262067,0.7251988527912094,1.0240722105179407,-0.2947982978572978,0.0005582374439472271,-0.00026026815359172546,,,,,,,,,,,,
4.3825658472627405,grasp,,,,,,,,,,,,,,,,,,,,,1.6753844022750854,0.7176767587661743,1.009836196899414,-0.2912939488887787,-0.0008875662460923195,0.0062749944627285,0.037093114107847214,1.6314227640635075,0.698473296667767,0.9866070315810718,-0.2832845299338649,-8.25067303193563e-05,-0.00030993610353175307,,,,,,,,,,,,
4.402565847262741,grasp,,,,,,,,,,,,,,,,,,,,,1.6534990072250366,0.7087312340736389,0.9970287084579468,-0.2874169945716858,0.0008961470448412001,0.006209104787558317,0.037093114107847214,1.6314227640635075,0.698473296667767,0.9866070315810718,-0.2832845299338649,-8.25067303193563e-05,-0.00030993610353175307,,,,,,,,,,,,
4.4225658472627405,grasp,,,,,,,,,,,,,,,,,,,,,1.6119508743286133,0.6907398700714111,0.9721128344535828,-0.27969613671302795,-0.0015463322633877397,0.006225221324712038,0.037093114107847214,1.5666955190223704,0.6709973650669799,0.9480917905916334,-0.271448104659271,-0.0007412047457646198,-0.0003609957711364709,,,,,,,,,,,,
4.44256584726274,grasp,,,,,,,,,,,,,,,,,,,,,1.5894432067871094,0.6815305352210999,0.9589223265647888,-0.27570322155952454,0.00026111523038707674,0.006158068776130676,0.037093114107847214,1.5666955190223704,0.6709973650669799,0.9480917905916334,-0.271448104659271,-0.0007412047457646198,-0.0003609957711364709,,,,,,,,,,,,
4.4625658472627405,grasp,,,,,,,,,,,,,,,,,,,,,1.546826720237732,0.6630868315696716,0.9333839416503906,-0.2677887976169586,-0.0022181496024131775,0.006174076348543167,0.037093114107847214,1.5004509159171446,0.6428763925966978,0.9086743484720178,-0.2593344933199478,-0.001415330215631808,-0.0004132513284556031,,,,,,,,,,,,
4.482565847262741,grasp,,,,,,,,,,,,,,,,,,,,,1.5237841606140137,0.6536481976509094,0.919860303401947,-0.26369568705558777,-0.0003943925257772207,0.006105886306613684,0.037093114107847214,1.5004509159171446,0.6428763925966978,0.9086743484720178,-0.2593344933199478,-0.001415330215631808,-0.0004132513284556031,,,,,,,,,,,,
4.502565847262741,grasp,,,,,,,,,,,,,,,,,,,,,1.4802629947662354,0.6348233819007874,0.8937985301017761,-0.25561848282814026,-0.0028999322094023228,0.006121758837252855,0.037093114107847214,1.4329468687763398,0.6142193677203825,0.8685078848758812,-0.24699082405962164,-0.0021022622098223168,-0.0004664996202161868,,,,,,,,,,,,
4.52256584726274,grasp,,,,,,,,,,,,,,,,,,,,,1.4567756652832031,0.6251921653747559,0.8799943923950195,-0.2514412999153137,-0.001067864941433072,0.006052761804312468,0.037093114107847214,1.4329468687763398,0.6142193677203825,0.8685078848758812,-0.24699082405962164,-0.0021022622098223168,-0.0004664996202161868,,,,,,,,,,,,
4.542565847262741,grasp,,,,,,,,,,,,,,,,,,,,,1.4125194549560547,0.606059193611145,0.8535110950469971,-0.24323305487632751,-0.003589385887607932,0.006068385671824217,0.037093114107847214,1.364448850845891,0.5851388801798799,0.8277502546238289,-0.23446563142054497,-0.0027992978810010057,-0.000520531189579447,,,,,,,,,,,,
4.56256584726274,grasp,,,,,,,,,,,,,,,,,,,,,1.3886802196502686,0.5962733030319214,0.8394796848297119,-0.2389879673719406,-0.001756308483891189,0.005998923908919096,0.037093114107847214,1.364448850845891,0.5851388801798799,0.8277502546238289,-0.23446563142054497,-0.0027992978810010057,-0.000520531189579447,,,,,,,,,,,,
4.582565847262741,grasp,,,,,,,,,,,,,,,,,,,,,1.3438640832901,0.5769079923629761,0.8126797080039978,-0.23068112134933472,-0.004283933900296688,0.0060142879374325275,0.037093114107847214,1.295228351839085,0.5557500192372463,0.786563034458692,-0.22180854400287728,-0.0035036734153282654,-0.0005751318466260877,,,,,,,,,,,,
4.60256584726274,grasp,,,,,,,,,,,,,,,,,,,,,1.3197667598724365,0.5670060515403748,0.79847651720047,-0.22638483345508575,-0.002456749090924859,0.005944614764302969,0.037093114107847214,1.295228351839085,0.5557500192372463,0.786563034458692,-0.22180854400287728,-0.0035036734153282654,-0.0005751318466260877,,,,,,,,,,,,
4.622565847262741,grasp,,,,,,,,,,,,,,,,,,,,,1.274569034576416,0.5474849939346313,0.7714667916297913,-0.21801260113716125,-0.004980926867574453,0.0059595792554318905,0.037093114107847214,1.2255614509651809,0.5261694486523195,0.7451102297986432,-0.2090700349904955,-0.004212581400759154,-0.0006300838924548869,,,,,,,,,,,,
4.64256584726274,grasp,,,,,,,,,,,,,,,,,,,,,1.2503087520599365,0.5375061631202698,0.7571479082107544,-0.21368221938610077,-0.003166393144056201,0.005889966618269682,0.037093114107847214,1.2255614509651809,0.5261694486523195,0.7451102297986432,-0.2090700349904955,-0.004212581400759154,-0.0006300838924548869,,,,,,,,,,,,
4.662565847262741,grasp,,,,,,,,,,,,,,,,,,,,,1.2049108743667603,0.517906904220581,0.7300359010696411,-0.2052779644727707,-0.005677890498191118,0.005904515739530325,0.037093114107847214,1.1557268054573953,0.4965152327166594,0.7035574837287061,-0.19630099111354868,-0.004923190181073444,-0.0006851678642856712,,,,,,,,,,,,
4.68256584726274,grasp,,,,,,,,,,,,,,,,,,,,,1.1805835962295532,0.5078907608985901,0.7156590819358826,-0.20093078911304474,-0.003882086370140314,0.005835189949721098,0.037093114107847214,1.1557268054573953,0.4965152327166594,0.7035574837287061,-0.19630099111354868,-0.004923190181073444,-0.0006851678642856712,,,,,,,,,,,,
4.702565847262741,grasp,,,,,,,,,,,,,,,,,,,,,1.1351693868637085,0.48829203844070435,0.6885529160499573,-0.19252817332744598,-0.006372217554599047,0.0058493600226938725,0.037093114107847214,1.0860040357088454,0.4669057820659144,0.6620711619057886,-0.18355255978137008,-0.005632655629464603,-0.0007401632020695893,,,,,,,,,,,,
4.72256584726274,grasp,,,,,,,,,,,,,,,,,,,,,1.110870122909546,0.4782789349555969,0.6741752028465271,-0.188181534409523,-0.004601158667355776,0.005780596751719713,0.037093114107847214,1.0860040357088454,0.4669057820659144,0.6620711619057886,-0.18355255978137008,-0.005632655629464603,-0.0007401632020695893,,,,,,,,,,,,
4.742565847262741,grasp,,,,,,,,,,,,,,,,,,,,,1.0656226873397827,0.45875856280326843,0.6471837759017944,-0.17981411516666412,-0.007061027456074953,0.005794293712824583,0.037093114107847214,1.0166720989076496,0.4374594912128523,0.6208170577806502,-0.17087568860158867,-0.0063381400844472295,-0.0007948500452833697,,,,,,,,,,,,
4.76256584726274,grasp,,,,,,,,,,,,,,,,,,,,,1.041446328163147,0.44878828525543213,0.6328626871109009,-0.17548535764217377,-0.005320230033248663,0.005726327653974295,0.037093114107847214,1.0166720989076496,0.4374594912128523,0.6208170577806502,-0.17087568860158867,-0.0063381400844472295,-0.0007948500452833697,,,,,,,,,,,,
4.782565847262741,grasp,,,,,,,,,,,,,,,,,,,,,0.9965482354164124,0.4294244050979614,0.6060934662818909,-0.16718663275241852,-0.007741774432361126,0.0057395510375499725,0.037093114107847214,0.9480075844933501,0.40829350298885814,0.5799597790851029,-0.15832090346296473,-0.007036831807140403,-0.0008490104134710205,,,,,,,,,,,,
4.80256584726274,grasp,,,,,,,,,,,,,,,,,,,,,0.9725905060768127,0.419536828994751,0.5918862223625183,-0.16289299726486206,-0.006036486942321062,0.005672596860677004,0.037093114107847214,0.9480075844933501,0.40829350298885814,0.5799597790851029,-0.15832090346296473,-0.007036831807140403,-0.0008490104134710205,,,,,,,,,,,,
4.822565847262741,grasp,,,,,,,,,,,,,,,,,,,,,0.92822265625,0.4004058241844177,0.5654460191726685,-0.15469595789909363,-0.008412210270762444,0.005685333628207445,0.037093114107847214,0.8802832151656284,0.3795229993107431,0.5396614259042594,-0.14593804497963714,-0.00772595440234957,-0.0009024290833280056,,,,,,,,,,,,
4.84256584726274,grasp,,,,,,,,,,,,,,,,,,,,,0.9045761227607727,0.3906400501728058,0.5514089465141296,-0.1504545360803604,-0.006746856961399317,0.005619590636342764,0.037093114107847214,0.8802832151656284,0.3795229993107431,0.5396614259042594,-0.14593804497963714,-0.00772595440234957,-0.0009024290833280056,,,,,,,,,,,,
4.86256584726274,grasp,,,,,,,,,,,,,,,,,,,,,0.8609159588813782,0.37181738018989563,0.525401771068573,-0.14239156246185303,-0.00906906183809042,0.0056318240240216255,0.037093114107847214,0.8137657191389046,0.3512613730772913,0.5000807515649128,-0.1337758262580356,-0.008402796151463835,-0.0009548960146632692,,,,,,,,,,,,
4.8825658472627405,grasp,,,,,,,,,,,,,,,,,,,,,0.8376710414886475,0.36221179366111755,0.5115903615951538,-0.13821899890899658,-0.007448559161275625,0.005567535292357206,0.037093114107847214,0.8137657191389046,0.3512613730772913,0.5000807515649128,-0.1337758262580356,-0.008402796151463835,-0.0009548960146632692,,,,,,,,,,,,
4.902565847262741,grasp,,,,,,,,,,,,,,,,,,,,,0.7948917150497437,0.3437711298465729,0.4861179292201996,-0.13032150268554688,-0.009710115380585194,0.005579255521297455,0.037093114107847214,0.7487146523965506,0.3236183333528072,0.4613721140939283,-0.1218816768830246,-0.009064717949766944,-0.0010062065146530404,,,,,,,,,,,,
4.9225658472627405,grasp,,,,,,,,,,,,,,,,,,,,,0.7721377015113831,0.3343631327152252,0.472586065530777,-0.12623412907123566,-0.00813852809369564,0.005516603589057922,0.037093114107847214,0.7487146523965506,0.3236183333528072,0.4613721140939283,-0.1218816768830246,-0.009064717949766944,-0.0010062065146530404,,,,,,,,,,,,
4.94256584726274,grasp,,,,,,,,,,,,,,,,,,,,,0.7304069995880127,0.3163753151893616,0.44774720072746277,-0.11853271722793579,-0.010332784615457058,0.005527795292437077,0.037093114107847214,0.6853803151488839,0.29670024467029243,0.42368443421254204,-0.11030132937033223,-0.009709174331809785,-0.0010561632771309724,,,,,,,,,,,,
4.9625658472627405,grasp,,,,,,,,,,,,,,,,,,,,,0.7082294821739197,0.30720123648643494,0.43454769253730774,-0.11454638838768005,-0.008814290165901184,0.0054669794626533985,0.037093114107847214,0.6853803151488839,0.29670024467029243,0.42368443421254204,-0.11030132937033223,-0.009709174331809785,-0.0010561632771309724,,,,,,,,,,,,
4.982565847262741,grasp,,,,,,,,,,,,,,,,,,,,,0.6677083373069763,0.2897348999977112,0.4104365110397339,-0.10707037895917892,-0.010934853926301003,0.005477710161358118,0.037093114107847214,0.6240023607849123,0.2706085958726348,0.3871602710953031,-0.09907858117411672,-0.010333727058924026,-0.0011045772090053413,,,,,,,,,,,,
5.002565847262741,grasp,,,,,,,,,,,,,,,,,,,,,0.6461893320083618,0.28082942962646484,0.39761972427368164,-0.10320030152797699,-0.009472894482314587,0.00541894743219018,0.037093114107847214,0.6240023607849123,0.2706085958726348,0.3871602710953031,-0.09907858117411672,-0.010333727058924026,-0.0011045772090053413,,,,,,,,,,,,
5.02256584726274,grasp,,,,,,,,,,,,,,,,,,,,,0.6070308685302734,0.263949453830719,0.3743264675140381,-0.09597740322351456,-0.011513873934745789,0.005429129581898451,0.037093114107847214,0.5648080323900848,0.24543966955037183,0.3519347016003136,-0.08825494352493954,-0.010936065802777102,-0.001151269250018155,,,,,,,,,,,,
5.042565847262741,grasp,,,,,,,,,,,,,,,,,,,,,0.5862486362457275,0.2553456127643585,0.3619402050971985,-0.0922379344701767,-0.010112437419593334,0.0053725955076515675,0.037093114107847214,0.5648080323900848,0.24543966955037183,0.3519347016003136,-0.08825494352493954,-0.010936065802777102,-0.001151269250018155,,,,,,,,,,,,
5.06256584726274,grasp,,,,,,,,,,,,,,,,,,,,,0.5485972166061401,0.23911310732364655,0.3395489752292633,-0.08529453724622726,-0.012068034149706364,0.005382270086556673,0.037093114107847214,0.5080105127696839,0.22128345722459258,0.3181345144466184,-0.07786939761462011,-0.011514020930005836,-0.0011960713015418821,,,,,,,,,,,,
5.082565847262741,grasp,,,,,,,,,,,,,,,,,,,,,0.5286259651184082,0.23084168136119843,0.3276386260986328,-0.08169937133789062,-0.010729340836405754,0.005328006111085415,0.037093114107847214,0.5080105127696839,0.22128345722459258,0.3181345144466184,-0.07786939761462011,-0.011514020930005836,-0.0011960713015418821,,,,,,,,,,,,
5.10256584726274,grasp,,,,,,,,,,,,,,,,,,,,,0.4926159977912903,0.21531377732753754,0.3062281906604767,-0.07505981624126434,-0.012595093809068203,0.005337180569767952,0.037093114107847214,0.45380693227832425,0.19822396990173258,0.2858770261245681,-0.06795800860603943,-0.012065587873222886,-0.0012388278014642021,,,,,,,,,,,,
5.122565847262741,grasp,,,,,,,,,,,,,,,,,,,,,0.4735240340232849,0.20740364491939545,0.2948366403579712,-0.07162155210971832,-0.011322579346597195,0.005285537336021662,0.037093114107847214,0.45380693227832425,0.19822396990173258,0.2858770261245681,-0.06795800860603943,-0.012065587873222886,-0.0012388278014642021,,,,,,,,,,,,
5.14256584726274,grasp,,,,,,,,,,,,,,,,,,,,,0.43927833437919617,0.19263264536857605,0.27447932958602905,-0.06530816853046417,-0.01309521496295929,0.005294382106512785,0.037093114107847214,0.4023770556326276,0.17633753971422841,0.2552691596104093,-0.05855364190895634,-0.012588934986792697,-0.001279396908536998,,,,,,,,,,,,
5.162565847262741,grasp,,,,,,,,,,,,,,,,,,,,,0.4211283326148987,0.1851101666688919,0.26364514231681824,-0.06203853711485863,-0.011890651658177376,0.005245289299637079,0.037093114107847214,0.4023770556326276,0.17633753971422841,0.2552691596104093,-0.05855364190895634,-0.012588934986792697,-0.001279396908536998,,,,,,,,,,,,
5.18256584726274,grasp,,,,,,,,,,,,,,,,,,,,,0.3887573182582855,0.1711435765028,0.24440419673919678,-0.05607147887349129,-0.01356150209903717,0.005253434646874666,0.037093114107847214,0.35388150057305984,0.1556923568892047,0.22640642835939007,-0.04968567673875213,-0.01308243012478921,-0.0013176519668680199,,,,,,,,,,,,
5.202565847262741,grasp,,,,,,,,,,,,,,,,,,,,,0.3716066777706146,0.16403226554393768,0.23416274785995483,-0.05298090726137161,-0.012430268339812756,0.005207268986850977,0.037093114107847214,0.35388150057305984,0.1556923568892047,0.22640642835939007,-0.04968567673875213,-0.01308243012478921,-0.0013176519668680199,,,,,,,,,,,,
5.22256584726274,grasp,,,,,,,,,,,,,,,,,,,,,0.34120792150497437,0.15091121196746826,0.21609649062156677,-0.04737778380513191,-0.013999185524880886,0.005215068347752094,0.037093114107847214,0.3084600684140487,0.13634766611400814,0.19937198659673128,-0.04137968348430827,-0.01354465017262526,-0.0013534826226380703,,,,,,,,,,,,
5.242565847262741,grasp,,,,,,,,,,,,,,,,,,,,,0.3251059651374817,0.14423203468322754,0.20647822320461273,-0.044475533068180084,-0.012940912507474422,0.005171667784452438,0.037093114107847214,0.3084600684140487,0.13634766611400814,0.19937198659673128,-0.04137968348430827,-0.01354465017262526,-0.0013534826226380703,,,,,,,,,,,,
5.26256584726274,grasp,,,,,,,,,,,,,,,,,,,,,0.2967621386051178,0.13199210166931152,0.18963368237018585,-0.03925146535038948,-0.01440091896802187,0.005178807768970728,0.037093114107847214,0.2662301121385429,0.11835305414867363,0.17423554314682868,-0.033657128479831065,-0.013974402336465672,-0.0013867963749861416,,,,,,,,,,,,
5.282565847262741,grasp,,,,,,,,,,,,,,,,,,,,,0.28175199031829834,0.12576250731945038,0.18066565692424774,-0.03654538467526436,-0.01342254038900137,0.005138714332133532,0.037093114107847214,0.2662301121385429,0.11835305414867363,0.17423554314682868,-0.033657128479831065,-0.013974402336465672,-0.0013867963749861416,,,,,,,,,,,,
5.30256584726274,grasp,,,,,,,,,,,,,,,,,,,,,0.2555302679538727,0.11443204432725906,0.16508300602436066,-0.03171254321932793,-0.014769578352570534,0.005145169794559479,0.037093114107847214,0.22728468028692506,0.10174805818686442,0.1510524350109019,-0.02653503713976,-0.014370740066464157,-0.0014175198771567853,,,,,,,,,,,,
5.322565847262741,grasp,,,,,,,,,,,,,,,,,,,,,0.24164581298828125,0.10866671800613403,0.15678463876247406,-0.029209068045020103,-0.013868757523596287,0.0051080635748803616,0.037093114107847214,0.22728468028692506,0.10174805818686442,0.1510524350109019,-0.02653503713976,-0.014370740066464157,-0.0014175198771567853,,,,,,,,,,,,
5.34256584726274,grasp,,,,,,,,,,,,,,,,,,,,,0.21759723126888275,0.09826737642288208,0.14249464869499207,-0.024776585400104523,-0.01510667335242033,0.005114234983921051,0.037093114107847214,0.19169069134589395,0.08656184803833182,0.1298625935775402,-0.020025665481450405,-0.014732981074144377,-0.0014456002672954763,,,,,,,,,,,,
5.36256584726274,grasp,,,,,,,,,,,,,,,,,,,,,0.20486360788345337,0.09297692030668259,0.13488271832466125,-0.02248041145503521,-0.014282410964369774,0.005080121103674173,0.037093114107847214,0.19169069134589395,0.08656184803833182,0.1298625935775402,-0.020025665481450405,-0.014732981074144377,-0.0014456002672954763,,,,,,,,,,,,
5.3825658472627405,grasp,,,,,,,,,,,,,,,,,,,,,0.183019757270813,0.08352357149124146,0.12190304696559906,-0.01845416985452175,-0.01540872547775507,0.00508582079783082,0.037093114107847214,0.15948736113605536,0.07281227229327442,0.11068953273477633,-0.014136198588393361,-0.015060725713446965,-0.001471006548966766,,,,,,,,,,,,
5.402565847262741,grasp,,,,,,,,,,,,,,,,,,,,,0.171454057097435,0.07871514558792114,0.1149885356426239,-0.01636844128370285,-0.014662448316812515,0.005054854322224855,0.037093114107847214,0.15948736113605536,0.07281227229327442,0.11068953273477633,-0.014136198588393361,-0.015060725713446965,-0.001471006548966766,,,,,,,,,,,,
5.4225658472627405,grasp,,,,,,,,,,,,,,,,,,,,,0.15182797610759735,0.07021424174308777,0.10332708805799484,-0.012750868685543537,-0.015675364062190056,0.0050600022077560425,0.037093114107847214,0.1306847925548889,0.06050441802051239,0.09353940009506509,-0.008868493739720169,-0.01535387099997388,-0.0014937307136357496,,,,,,,,,,,,
5.44256584726274,grasp,,,,,,,,,,,,,,,,,,,,,0.1414376199245453,0.06589076668024063,0.0971146672964096,-0.010876903310418129,-0.015008464455604553,0.00503225764259696,0.037093114107847214,0.1306847925548889,0.06050441802051239,0.09353940009506509,-0.008868493739720169,-0.01535387099997388,-0.0014937307136357496,,,,,,,,,,,,
5.4625658472627405,grasp,,,,,,,,,,,,,,,,,,,,,0.12402337044477463,0.05833975970745087,0.08676721900701523,-0.007666843477636576,-0.015907851979136467,0.005036886781454086,0.037093114107847214,0.10526260198629223,0.04962914890952675,0.07839998487536592,-0.004218822676400108,-0.015612623341800084,-0.0015137888155471633,,,,,,,,,,,,
5.482565847262741,grasp,,,,,,,,,,,,,,,,,,,,,0.11480487138032913,0.0544995442032814,0.08125510066747665,-0.006004036869853735,-0.01531997136771679,0.005012346897274256,0.037093114107847214,0.10526260198629223,0.04962914890952675,0.07839998487536592,-0.004218822676400108,-0.015612623341800084,-0.0015137888155471633,,,,,,,,,,,,
5.502565847262741,grasp,,,,,,,,,,,,,,,,,,,,,0.0995757058262825,0.047886040061712265,0.07220497727394104,-0.003196532605215907,-0.016106517985463142,0.005016291048377752,0.037093114107847214,0.0831683803563438,0.04016205032062836,0.06523972418598609,-0.00017757830930781207,-0.015837516386845385,-0.0015312222738360717,,,,,,,,,,,,
5.52256584726274,grasp,,,,,,,,,,,,,,,,,,,,,0.09151501208543777,0.04452255740761757,0.0673849806189537,-0.0017423618119210005,-0.015597723424434662,0.004995021969079971,0.037093114107847214,0.0831683803563438,0.04016205032062836,0.06523972418598609,-0.00017757830930781207,-0.015837516386845385,-0.0015312222738360717,,,,,,,,,,,,
5.542565847262741,grasp,,,,,,,,,,,,,,,,,,,,,0.07842174172401428,0.03882453218102455,0.059603091329336166,0.0006717247306369245,-0.016272565349936485,0.004998400341719389,0.037093114107847214,0.06431521709939222,0.03206470243417547,0.05400665284027821,0.0032711475255211586,-0.01602943858135156,-0.0015460997340490414,,,,,,,,,,,,
5.562565847262741,grasp,,,,,,,,,,,,,,,,,,,,,0.07149310410022736,0.03592639043927193,0.055459924042224884,0.0019219169626012444,-0.015842927619814873,0.004980290308594704,0.037093114107847214,0.06431521709939222,0.03206470243417547,0.05400665284027821,0.0032711475255211586,-0.01602943858135156,-0.0015460997340490414,,,,,,,,,,,,
5.582565847262741,grasp,,,,,,,,,,,,,,,,,,,,,0.060463130474090576,0.031113319098949432,0.04890233278274536,0.003955753520131111,-0.016408145427703857,0.004983038175851107,0.037093114107847214,0.04857931592403531,0.025285752854726385,0.04462733064372109,0.006149965342728526,-0.01618964557673252,-0.0015585187622950195,,,,,,,,,,,,
5.60256584726274,grasp,,,,,,,,,,,,,,,,,,,,,0.054627809673547745,0.028664762154221535,0.04541308060288429,0.0050089540891349316,-0.016051875427365303,0.004967906046658754,0.037093114107847214,0.04857931592403531,0.025285752854726385,0.04462733064372109,0.006149965342728526,-0.01618964557673252,-0.0015585187622950195,,,,,,,,,,,,
5.622565847262741,grasp,,,,,,,,,,,,,,,,,,,,,0.045563727617263794,0.024699222296476364,0.04002326354384422,0.006680561229586601,-0.016518613323569298,0.004970254376530647,0.037093114107847214,0.035796151396822774,0.019765561310945434,0.03700565984119679,0.0084887978289442,-0.016319802769322156,-0.0015686083635183578,,,,,,,,,,,,
5.642565847262741,grasp,,,,,,,,,,,,,,,,,,,,,0.04076908156275749,0.022681565955281258,0.03715643659234047,0.007546102162450552,-0.016229543834924698,0.004957930184900761,0.037093114107847214,0.035796151396822774,0.019765561310945434,0.03700565984119679,0.0084887978289442,-0.016319802769322156,-0.0015686083635183578,,,,,,,,,,,,
5.662565847262741,grasp,,,,,,,,,,,,,,,,,,,,,0.033547040075063705,0.0195152685046196,0.03286098316311836,0.00887814536690712,-0.01659957692027092,0.004959763027727604,0.037093114107847214,0.025763085888726934,0.015424734089511961,0.031022238706341593,0.010324593986921298,-0.01642196605488569,-0.0015765278982456112,,,,,,,,,,,,
5.68256584726274,grasp,,,,,,,,,,,,,,,,,,,,,0.02972807176411152,0.017903653904795647,0.03057846799492836,0.009567802771925926,-0.01637544482946396,0.004950059577822685,0.037093114107847214,0.025763085888726934,0.015424734089511961,0.031022238706341593,0.010324593986921298,-0.01642196605488569,-0.0015765278982456112,,,,,,,,,,,,
5.70256584726274,grasp,,,,,,,,,,,,,,,,,,,,,0.024199286475777626,0.015474741347134113,0.027289966121315956,0.01058772299438715,-0.016660625115036964,0.004951516631990671,0.037093114107847214,0.018237857155304796,0.012163025057584905,0.026533385761395255,0.011701610878719949,-0.016498597827603326,-0.0015824682416425546,,,,,,,,,,,,
5.72256584726274,grasp,,,,,,,,,,,,,,,,,,,,,0.021276559680700302,0.014237889088690281,0.02554372325539589,0.011115694418549538,-0.01649356819689274,0.004944210406392813,0.037093114107847214,0.018237857155304796,0.012163025057584905,0.026533385761395255,0.011701610878719949,-0.016498597827603326,-0.0015824682416425546,,,,,,,,,,,,
5.742565847262741,grasp,,,,,,,,,,,,,,,,,,,,,0.01726403646171093,0.012473356910049915,0.023157330229878426,0.01185601670295,-0.016699988394975662,0.004945200402289629,0.037093114107847214,0.012934899582979265,0.009863579953584398,0.02336996827350081,0.01267199651679726,-0.016552600155797986,-0.0015866544105638146,,,,,,,,,,,,
5.76256584726274,grasp,,,,,,,,,,,,,,,,,,,,,0.0151441041380167,0.011573695577681065,0.021891789510846138,0.012239162810146809,-0.016584662720561028,0.004940043203532696,0.037093114107847214,0.012934899582979265,0.009863579953584398,0.02336996827350081,0.01267199651679726,-0.016552600155797986,-0.0015866544105638146,,,,,,,,,,,,
5.78256584726274,grasp,,,,,,,,,,,,,,,,,,,,,0.012443521991372108,0.010385215282440186,0.020286059007048607,0.012737514451146126,-0.01672300510108471,0.004940749146044254,0.037093114107847214,0.00952652501839691,0.00838512630408493,0.021336650218755526,0.013295701656548635,-0.01658730946321869,-0.0015893450307344341,,,,,,,,,,,,
5.80256584726274,grasp,,,,,,,,,,,,,,,,,,,,,0.011018129996955395,0.009778015315532684,0.01943674497306347,0.012995351105928421,-0.016652191057801247,0.0049375491216778755,0.037093114107847214,0.00952652501839691,0.00838512630408493,0.021336650218755526,0.013295701656548635,-0.01658730946321869,-0.0015893450307344341,,,,,,,,,,,,
5.822565847262741,grasp,,,,,,,,,,,,,,,,,,,,,0.00939543079584837,0.009063445962965488,0.018472259864211082,0.013294808566570282,-0.016731606796383858,0.004937784746289253,0.037093114107847214,0.0076391543727663234,0.0075664528591615965,0.020210710936473766,0.013641074858232896,-0.016606530555268305,-0.0015908349762459013,,,,,,,,,,,,
5.84256584726274,grasp,,,,,,,,,,,,,,,,,,,,,0.008540993556380272,0.008697781711816788,0.017964275553822517,0.013449620455503464,-0.016697613522410393,0.004936011042445898,0.037093114107847214,0.0076391543727663234,0.0075664528591615965,0.020210710936473766,0.013641074858232896,-0.016606530555268305,-0.0015908349762459013,,,,,,,,,,,,
5.86256584726274,grasp,,,,,,,,,,,,,,,,,,,,,0.00773274851962924,0.008341124281287193,0.01748485490679741,0.013598850928246975,-0.016737325116991997,0.0049361493438482285,0.037093114107847214,0.00685192199957531,0.0072249798087114184,0.019741076514196505,0.013785131806826278,-0.01661454752695336,-0.0015914564433526207,,,,,,,,,,,,
5.8825658472627405,grasp,,,,,,,,,,,,,,,,,,,,,0.00730831827968359,0.008158191107213497,0.01723400317132473,0.013675921596586704,-0.016725564375519753,0.00493537588045001,0.037093114107847214,0.00685192199957531,0.0072249798087114184,0.019741076514196505,0.013785131806826278,-0.01661454752695336,-0.0015914564433526207,,,,,,,,,,,,
5.902565847262741,grasp,,,,,,,,,,,,,,,,,,,,,0.007018249481916428,0.008029676042497158,0.017063142731785774,0.013729477301239967,-0.01673930510878563,0.004935421980917454,0.037093114107847214,0.006694685145214434,0.007156776143382018,0.019647275805492113,0.013813904803103806,-0.016616148405593046,-0.001591580571143212,,,,,,,,,,,,
5.910773156341166,grasp,,,,,,,,,,,,,,,,,,,,,0.0068646930158138275,0.007963021285831928,0.01697486639022827,0.013757185079157352,-0.016740668565034866,0.00493528600782156,0.037093114107847214,0.0066933585330843925,0.007156200706958771,0.019646484404802322,0.013814147561788559,-0.016616161912679672,-0.0015915816184133291,,,,,,,,,,,,
0.0,grasp,,,,,,,,,,,,,,,,,,,,,,,,,,,2.8538383048726246e-05,,,,,,,0.043,,,,,,,,,,,
0.02,grasp,,,,,,,,,,,,,,,,,,,,,,,,,,,4.3197542254347354e-05,,,,,,,0.043,,,,,,,,,,,
0.04,grasp,,,,,,,,,,,,,,,,,,,,,,,,,,,0.00013828894589096308,,,,,,,0.043,,,,,,,,,,,
0.06,grasp,,,,,,,,,,,,,,,,,,,,,,,,,,,0.000366661959560588,,,,,,,0.043,,,,,,,,,,,
0.08,grasp,,,,,,,,,,,,,,,,,,,,,,,,,,,0.0007515832839999348,,,,,,,0.043,,,,,,,,,,,
0.1,grasp,,,,,,,,,,,,,,,,,,,,,,,,,,,0.0013242541463114321,,,,,,,0.043,,,,,,,,,,,
0.12,grasp,,,,,,,,,,,,,,,,,,,,,,,,,,,0.0021024892339482903,,,,,,,0.043,,,,,,,,,,,
0.14,grasp,,,,,,,,,,,,,,,,,,,,,,,,,,,0.003092503873631358,,,,,,,0.043,,,,,,,,,,,
0.16,grasp,,,,,,,,,,,,,,,,,,,,,,,,,,,0.00429804646410048,,,,,,,0.043,,,,,,,,,,,
0.18,grasp,,,,,,,,,,,,,,,,,,,,,,,,,,,0.005714417202398181,,,,,,,0.043,,,,,,,,,,,
0.2,grasp,,,,,,,,,,,,,,,,,,,,,,,,,,,0.007330441381782293,,,,,,,0.043,,,,,,,,,,,
0.22,grasp,,,,,,,,,,,,,,,,,,,,,,,,,,,0.009130993857979774,,,,,,,0.043,,,,,,,,,,,
0.24,grasp,,,,,,,,,,,,,,,,,,,,,,,,,,,0.011095980647951365,,,,,,,0.043,,,,,,,,,,,
0.26,grasp,,,,,,,,,,,,,,,,,,,,,,,,,,,0.013201030436903238,,,,,,,0.043,,,,,,,,,,,
0.28,grasp,,,,,,,,,,,,,,,,,,,,,,,,,,,0.015419376082718372,,,,,,,0.043,,,,,,,,,,,
0.3,grasp,,,,,,,,,,,,,,,,,,,,,,,,,,,0.017721363343298435,,,,,,,0.043,,,,,,,,,,,
0.32,grasp,,,,,,,,,,,,,,,,,,,,,,,,,,,0.020075703971087933,,,,,,,0.043,,,,,,,,,,,
0.34,grasp,,,,,,,,,,,,,,,,,,,,,,,,,,,0.02244977466762066,,,,,,,0.043,,,,,,,,,,,
0.36,grasp,,,,,,,,,,,,,,,,,,,,,,,,,,,0.02481116447597742,,,,,,,0.043,,,,,,,,,,,
0.38,grasp,,,,,,,,,,,,,,,,,,,,,,,,,,,0.027126800268888474,,,,,,,0.043,,,,,,,,,,,
0.4,grasp,,,,,,,,,,,,,,,,,,,,,,,,,,,0.0293654166162014,,,,,,,0.043,,,,,,,,,,,
0.42,grasp,,,,,,,,,,,,,,,,,,,,,,,,,,,0.031497009098529816,,,,,,,0.043,,,,,,,,,,,
0.44,grasp,,,,,,,,,,,,,,,,,,,,,,,,,,,0.033493613824248314,,,,,,,0.043,,,,,,,,,,,
0.46,grasp,,,,,,,,,,,,,,,,,,,,,,,,,,,0.03533080592751503,,,,,,,0.043,,,,,,,,,,,
0.48,grasp,,,,,,,,,,,,,,,,,,,,,,,,,,,0.036987705156207085,,,,,,,0.043,,,,,,,,,,,
0.5,grasp,,,,,,,,,,,,,,,,,,,,,,,,,,,0.038447339087724686,,,,,,,0.043,,,,,,,,,,,
0.52,grasp,,,,,,,,,,,,,,,,,,,,,,,,,,,0.03969811089336872,,,,,,,0.043,,,,,,,,,,,
0.54,grasp,,,,,,,,,,,,,,,,,,,,,,,,,,,0.040734535083174706,,,,,,,0.043,,,,,,,,,,,
0.56,grasp,,,,,,,,,,,,,,,,,,,,,,,,,,,0.04155656881630421,,,,,,,0.043,,,,,,,,,,,
0.58,grasp,,,,,,,,,,,,,,,,,,,,,,,,,,,0.042171960696578026,,,,,,,0.043,,,,,,,,,,,
0.6,grasp,,,,,,,,,,,,,,,,,,,,,,,,,,,0.04259639047086239,,,,,,,0.043,,,,,,,,,,,
0.62,grasp,,,,,,,,,,,,,,,,,,,,,,,,,,,0.04285307228565216,,,,,,,0.043,,,,,,,,,,,
0.64,grasp,,,,,,,,,,,,,,,,,,,,,,,,,,,0.04297514259815216,,,,,,,0.043,,,,,,,,,,,
0.66,grasp,,,,,,,,,,,,,,,,,,,,,,,,,,,0.043005675077438354,,,,,,,0.043,,,,,,,,,,,
0.68,grasp,,,,,,,,,,,,,,,,,,,,,,,,,,,0.042998384684324265,,,,,,,0.043,,,,,,,,,,,
0.68,grasp,,,,,,,,,,,,,,,,,,,,,0.0022729833144694567,0.0012898148270323873,0.018423955887556076,0.014142702333629131,-0.005811871029436588,-0.0047654155641794205,0.042998384684324265,0.0022726994939148426,0.0007559505756944418,0.020510956645011902,0.01416243426501751,-0.005805172957479954,-0.004765558522194624,,,,,,,,,,,,
0.7000000000000001,grasp,,,,,,,,,,,,,,,,,,,,,0.0022729807533323765,0.001294341986067593,0.018406543880701065,0.014142527244985104,-0.0058120014145970345,-0.0047654081135988235,0.042998384684324265,0.0022726994939148426,0.0007559505756944418,0.020510956645011902,0.01416243426501751,-0.005805172957479954,-0.004765558522194624,,,,,,,,,,,,
0.7200000000000001,grasp,,,,,,,,,,,,,,,,,,,,,0.002351167844608426,0.001325876102782786,0.018443111330270767,0.014123248867690563,-0.005810894537717104,-0.004765236284583807,0.042998384684324265,0.0024376923018464146,0.0008162508641497351,0.020605356591277088,0.014122822465889855,-0.005804219056804841,-0.004765180744374033,,,,,,,,,,,,
0.74,grasp,,,,,,,,,,,,,,,,,,,,,0.002392417751252651,0.0013418871676549315,0.018463032320141792,0.014113318175077438,-0.005811333190649748,-0.004765126388520002,0.042998384684324265,0.0024376923018464146,0.0008162508641497351,0.020605356591277088,0.014122822465889855,-0.005804219056804841,-0.004765180744374033,,,,,,,,,,,,
0.76,grasp,,,,,,,,,,,,,,,,,,,,,0.00294915190897882,0.0015476406551897526,0.01877930946648121,0.013978390954434872,-0.005802327301353216,-0.004763969220221043,0.042998384684324265,0.00355315068548454,0.001223919846001479,0.02124356388149784,0.013855019033505377,-0.005797769681608418,-0.004762626527509536,,,,,,,,,,,,
0.78,grasp,,,,,,,,,,,,,,,,,,,,,0.00323809077963233,0.0016526917461305857,0.018948517739772797,0.013908876106142998,-0.005806198809295893,-0.004763181321322918,0.042998384684324265,0.00355315068548454,0.001223919846001479,0.02124356388149784,0.013855019033505377,-0.005797769681608418,-0.004762626527509536,,,,,,,,,,,,
0.8,grasp,,,,,,,,,,,,,,,,,,,,,0.004795685410499573,0.0022201344836503267,0.01983441598713398,0.013533996418118477,-0.005782173480838537,-0.004759942181408405,0.042998384684324265,0.006466818220352504,0.0022887843431183717,0.02291061277103942,0.01315549347971571,-0.005780923027766636,-0.004755954224360905,,,,,,,,,,,,
0.8200000000000001,grasp,,,,,,,,,,,,,,,,,,,,,0.005603555589914322,0.0025116007309406996,0.02030709944665432,0.01334083266556263,-0.005792488809674978,-0.004757759626954794,0.042998384684324265,0.006466818220352504,0.0022887843431183717,0.02291061277103942,0.01315549347971571,-0.005780923027766636,-0.004755954224360905,,,,,,,,,,,,
0.8400000000000001,grasp,,,,,,,,,,,,,,,,,,,,,0.00865537952631712,0.0036284278612583876,0.022042201831936836,0.012606832198798656,-0.0057473573833703995,-0.004751385655254126,0.042998384684324265,0.011918499038555477,0.004280792038665043,0.026029746748607464,0.011846635280231917,-0.0057494015456085465,-0.004743469380156442,,,,,,,,,,,,
0.8600000000000001,grasp,,,,,,,,,,,,,,,,,,,,,0.01023787260055542,0.004196911584585905,0.022965727373957634,0.012228692881762981,-0.005766292568296194,-0.004747143480926752,0.042998384684324265,0.011918499038555477,0.004280792038665043,0.026029746748607464,0.011846635280231917,-0.0057494015456085465,-0.004743469380156442,,,,,,,,,,,,
0.8800000000000001,grasp,,,,,,,,,,,,,,,,,,,,,0.015223103575408459,0.006023851688951254,0.025800712406635284,0.0110298041254282,-0.005694561172276735,-0.004736674018204212,0.042998384684324265,0.0205453625420756,0.007428903361812156,0.0309652308895269,0.009775515248857409,-0.005699522310773998,-0.00472371425769288,,,,,,,,,,,,
0.9,grasp,,,,,,,,,,,,,,,,,,,,,0.017807170748710632,0.006953248754143715,0.0273064486682415,0.010412178002297878,-0.005723731592297554,-0.004729790147393942,0.042998384684324265,0.0205453625420756,0.007428903361812156,0.0309652308895269,0.009775515248857409,-0.005699522310773998,-0.00472371425769288,,,,,,,,,,,,
0.92,grasp,,,,,,,,,,,,,,,,,,,,,0.025104742497205734,0.009618914686143398,0.031455736607313156,0.008657370693981647,-0.005620721261948347,-0.004714410752058029,0.042998384684324265,0.03288930698710483,0.011913110245226755,0.03802575097711279,0.006812237204136013,-0.005628157729011512,-0.004695449114409155,,,,,,,,,,,,
0.9400000000000001,grasp,,,,,,,,,,,,,,,,,,,,,0.028886454179883003,0.010975620709359646,0.03365711867809296,0.007753347512334585,-0.0056615304201841354,-0.004704389255493879,0.042998384684324265,0.03288930698710483,0.011913110245226755,0.03802575097711279,0.006812237204136013,-0.005628157729011512,-0.004695449114409155,,,,,,,,,,,,
0.9600000000000001,grasp,,,,,,,,,,,,,,,,,,,,,0.03881404548883438,0.014582430943846703,0.0393003448843956,0.005366404075175524,-0.0055233146995306015,-0.004683416802436113,0.042998384684324265,0.04939882722206369,0.017874655813520865,0.04746621746664726,0.0028493810006780004,-0.005532720023592102,-0.0046576494347336265,,,,,,,,,,,,
0.98,grasp,,,,,,,,,,,,,,,,,,,,,0.04395774006843567,0.016418620944023132,0.04229198023676872,0.004136709496378899,-0.005576868541538715,-0.004669838584959507,0.042998384684324265,0.04939882722206369,0.017874655813520865,0.04746621746664726,0.0028493810006780004,-0.005532720023592102,-0.0046576494347336265,,,,,,,,,,,,
1.0,grasp,,,,,,,,,,,,,,,,,,,,,0.05677443742752075,0.021041881293058395,0.049574971199035645,0.001055536326020956,-0.005400317721068859,-0.00464270357042551,0.042998384684324265,0.0704350360340111,0.02541244439283681,0.059490766152541674,-0.0021993727272353694,-0.005411130933663932,-0.004609492275913065,,,,,,,,,,,,
1.02,grasp,,,,,,,,,,,,,,,,,,,,,0.06341413408517838,0.023395946249365807,0.05343359336256981,-0.0005318097537383437,-0.005467409733682871,-0.004625237546861172,0.042998384684324265,0.0704350360340111,0.02541244439283681,0.059490766152541674,-0.0021993727272353694,-0.005411130933663932,-0.004609492275913065,,,,,,,,,,,,
1.04,grasp,,,,,,,,,,,,,,,,,,,,,0.07932144403457642,0.02909041754901409,0.06246963515877724,-0.004355440381914377,-0.005250098649412394,-0.004591497592628002,0.042998384684324265,0.09627220209529114,0.034597897505507035,0.07425419414243996,-0.008399523647991614,-0.005261813651369648,-0.004550352982674296,,,,,,,,,,,,
1.06,grasp,,,,,,,,,,,,,,,,,,,,,0.08756132423877716,0.03199029341340065,0.06725462526082993,-0.006325287278741598,-0.005331304855644703,-0.004569896962493658,0.042998384684324265,0.09627220209529114,0.034597897505507035,0.07425419414243996,-0.008399523647991614,-0.005261813651369648,-0.004550352982674296,,,,,,,,,,,,
1.08,grasp,,,,,,,,,,,,,,,,,,,,,0.10670347511768341,0.03880015015602112,0.07812519371509552,-0.010925923474133015,-0.005071618128567934,-0.004529228433966637,0.042998384684324265,0.1270977318723961,0.045492019008346506,0.09186325986659025,-0.01579593441095727,-0.005083687657008918,-0.00447980370365488,,,,,,,,,,,,
1.1,grasp,,,,,,,,,,,,,,,,,,,,,0.11661813408136368,0.04226852208375931,0.08387891948223114,-0.01329608354717493,-0.005167251452803612,-0.0045033106580376625,0.042998384684324265,0.1270977318723961,0.045492019008346506,0.09186325986659025,-0.01579593441095727,-0.005083687657008918,-0.00447980370365488,,,,,,,,,,,,
1.12,grasp,,,,,,,,,,,,,,,,,,,,,0.13908575475215912,0.050225961953401566,0.09663579612970352,-0.01869545690715313,-0.004864224698394537,-0.004455506335943937,0.042998384684324265,0.16301971466043438,0.05813697539675566,0.11238012645229725,-0.024414528641109427,-0.004876129634046399,-0.0043975980226302865,,,,,,,,,,,,
1.1400000000000001,grasp,,,,,,,,,,,,,,,,,,,,,0.1507219523191452,0.05427943915128708,0.10338487476110458,-0.021477138623595238,-0.004974291194230318,-0.004425170831382275,0.042998384684324265,0.16301971466043438,0.05813697539675566,0.11238012645229725,-0.024414528641109427,-0.004876129634046399,-0.0043975980226302865,,,,,,,,,,,,
1.1600000000000001,grasp,,,,,,,,,,,,,,,,,,,,,0.1765565425157547,0.06340017914772034,0.11805202811956406,-0.027685247361660004,-0.004627650137990713,-0.0043701292015612125,0.042998384684324265,0.20407437928495042,0.07254762295972156,0.13582572327445544,-0.034264000673054025,-0.004638929671935923,-0.004303652785393449,,,,,,,,,,,,
1.1800000000000002,grasp,,,,,,,,,,,,,,,,,,,,,0.1899355947971344,0.06804698705673218,0.12580819427967072,-0.03088359721004963,-0.004752003587782383,-0.004335346631705761,0.042998384684324265,0.20407437928495042,0.07254762295972156,0.13582572327445544,-0.034264000673054025,-0.004638929671935923,-0.004303652785393449,,,,,,,,,,,,
1.2000000000000002,grasp,,,,,,,,,,,,,,,,,,,,,0.21913355588912964,0.07832882553339005,0.14238376915454865,-0.037899550050497055,-0.004362029954791069,-0.004273044411092997,0.042998384684324265,0.25023121156700956,0.08871091921609488,0.1621824781335051,-0.045337020201706234,-0.004372264199372086,-0.004198036975724707,,,,,,,,,,,,
1.2200000000000002,grasp,,,,,,,,,,,,,,,,,,,,,0.23425355553627014,0.08356812596321106,0.15114517509937286,-0.041514091193675995,-0.004500343929976225,-0.004233833868056536,0.042998384684324265,0.25023121156700956,0.08871091921609488,0.1621824781335051,-0.045337020201706234,-0.004372264199372086,-0.004198036975724707,,,,,,,,,,,,
1.2400000000000002,grasp,,,,,,,,,,,,,,,,,,,,,0.26676830649375916,0.09499303996562958,0.16960318386554718,-0.04932669177651405,-0.004067850764840841,-0.0041643730364739895,0.042998384684324265,0.30139637248122864,0.10659112779958242,0.19139664042392396,-0.057611061988837746,-0.004076675496562125,-0.004080965263636695,,,,,,,,,,,,
1.26,grasp,,,,,,,,,,,,,,,,,,,,,0.2836051285266876,0.10081586986780167,0.1793549805879593,-0.05335169658064842,-0.004219638183712959,-0.004120806232094765,0.042998384684324265,0.30139637248122864,0.10659112779958242,0.19139664042392396,-0.057611061988837746,-0.004076675496562125,-0.004080965263636695,,,,,,,,,,,,
1.28,grasp,,,,,,,,,,,,,,,,,,,,,0.319350928068161,0.11335095763206482,0.1996465027332306,-0.06194028630852699,-0.00374593841843307,-0.004044350702315569,0.042998384684324265,0.3574174483452795,0.12613056817975826,0.22338090546169112,-0.07104952314896135,-0.003753044627043605,-0.003952786807842623,,,,,,,,,,,,
1.3,grasp,,,,,,,,,,,,,,,,,,,,,0.3378598988056183,0.11974077671766281,0.2103620320558548,-0.06636505573987961,-0.003910572733730078,-0.003996564075350761,0.042998384684324265,0.3574174483452795,0.12613056817975826,0.22338090546169112,-0.07104952314896135,-0.003753044627043605,-0.003952786807842623,,,,,,,,,,,,
1.32,grasp,,,,,,,,,,,,,,,,,,,,,0.37671220302581787,0.13334423303604126,0.2324172407388687,-0.0756998211145401,-0.0033974028192460537,-0.003913368564099073,0.042998384684324265,0.41808502905877626,0.14726132521705967,0.25801616312994885,-0.08560223603249795,-0.0034025807589771746,-0.0038139804223223726,,,,,,,,,,,,
1.34,grasp,,,,,,,,,,,,,,,,,,,,,0.39682912826538086,0.14028000831604004,0.24405844509601593,-0.0805089995265007,-0.0035741329193115234,-0.0038615346420556307,0.042998384684324265,0.41808502905877626,0.14726132521705967,0.25801616312994885,-0.08560223603249795,-0.0034025807589771746,-0.0038139804223223726,,,,,,,,,,,,
1.36,grasp,,,,,,,,,,,,,,,,,,,,,0.43862995505332947,0.154897540807724,0.2677880525588989,-0.09055198729038239,-0.0030236660968512297,-0.0037719355896115303,0.042998384684324265,0.48314078042150455,0.1698944380248241,0.29515508865498374,-0.10120728722508293,-0.003026774503896822,-0.0036651369304940527,,,,,,,,,,,,
1.3800000000000001,grasp,,,,,,,,,,,,,,,,,,,,,0.46027296781539917,0.16235186159610748,0.2803068161010742,-0.09572604298591614,-0.003211678471416235,-0.003716273931786418,0.042998384684324265,0.48314078042150455,0.1698944380248241,0.29515508865498374,-0.10120728722508293,-0.003026774503896822,-0.0036651369304940527,,,,,,,,,,,,
1.4,grasp,,,,,,,,,,,,,,,,,,,,,0.5048334002494812,0.17791718244552612,0.3056037425994873,-0.1064319834113121,-0.002626372268423438,-0.0036206680815666914,0.042998384684324265,0.5522813641686237,0.1939235883397699,0.33462450182010134,-0.11779194345573103,-0.0026273742729545626,-0.003506947819186074,,,,,,,,,,,,
1.42,grasp,,,,,,,,,,,,,,,,,,,,,0.5279051065444946,0.18585655093193054,0.31894275546073914,-0.11194758117198944,-0.0028248694725334644,-0.003561433870345354,0.042998384684324265,0.5522813641686237,0.1939235883397699,0.33462450182010134,-0.11779194345573103,-0.0026273742729545626,-0.003506947819186074,,,,,,,,,,,,
1.44,grasp,,,,,,,,,,,,,,,,,,,,,0.5750083327293396,0.20229367911815643,0.3456844389438629,-0.1232643872499466,-0.0022074247244745493,-0.003460285486653447,0.042998384684324265,0.6251623119838888,0.2192287909438035,0.37622780165213143,-0.13527361776626523,-0.0022063698264375518,-0.0033402013919885554,,,,,,,,,,,,
1.46,grasp,,,,,,,,,,,,,,,,,,,,,0.5993963479995728,0.21067948639392853,0.35977816581726074,-0.12909464538097382,-0.0024155215360224247,-0.003397774649783969,0.042998384684324265,0.6251623119838888,0.2192287909438035,0.37622780165213143,-0.13527361776626523,-0.0022063698264375518,-0.0033402013919885554,,,,,,,,,,,,
1.48,grasp,,,,,,,,,,,,,,,,,,,,,0.648799479007721,0.2279054969549179,0.38782697916030884,-0.14096416532993317,-0.0017689974047243595,-0.003291602712124586,0.042998384684324265,0.7014017774934318,0.24568073271737567,0.4197472580375816,-0.1535607617507985,-0.0017659673373670525,-0.0031657718326973186,,,,,,,,,,,,
1.5,grasp,,,,,,,,,,,,,,,,,,,,,0.6743787527084351,0.23669551312923431,0.4026024639606476,-0.14707909524440765,-0.0019856849685311317,-0.0032260604202747345,0.042998384684324265,0.7014017774934318,0.24568073271737567,0.4197472580375816,-0.1535607617507985,-0.0017659673373670525,-0.0031657718326973186,,,,,,,,,,,,
1.52,grasp,,,,,,,,,,,,,,,,,,,,,0.7258176803588867,0.25461840629577637,0.4318085312843323,-0.15943783521652222,-0.0013357813004404306,-0.0031129622366279364,0.042998384684324265,0.7805869709908009,0.27313556837591946,0.46494715878663884,-0.172554346751996,-0.0013085548548403489,-0.002984604764691715,,,,,,,,,,,,
1.54,grasp,,,,,,,,,,,,,,,,,,,,,0.7524529099464417,0.26376596093177795,0.44718635082244873,-0.16580483317375183,-0.0015628536930307746,-0.003046074416488409,0.042998384684324265,0.7805869709908009,0.27313556837591946,0.46494715878663884,-0.172554346751996,-0.0013085548548403489,-0.002984604764691715,,,,,,,,,,,,
1.56,grasp,,,,,,,,,,,,,,,,,,,,,0.8056423664093018,0.2822873890399933,0.47738903760910034,-0.17858467996120453,-0.000906775239855051,-0.002926758723333478,0.042998384684324265,0.8622771541484369,0.30144171872665615,0.511575951266075,-0.1921487050351969,-0.0008366735262297471,-0.0027977069230157355,,,,,,,,,,,,
1.58,grasp,,,,,,,,,,,,,,,,,,,,,0.8331871032714844,0.2917424738407135,0.4932840168476105,-0.1851685643196106,-0.0011324534425511956,-0.0028598341159522533,0.042998384684324265,0.8622771541484369,0.30144171872665615,0.511575951266075,-0.1921487050351969,-0.0008366735262297471,-0.0027977069230157355,,,,,,,,,,,,
1.6,grasp,,,,,,,,,,,,,,,,,,,,,0.8878277540206909,0.310759574174881,0.5243127346038818,-0.19829753041267395,-0.00044250255450606346,-0.0027383537963032722,0.042998384684324265,0.9460083393987507,0.33044071950549536,0.5593689112376851,-0.212232625687566,-0.0003530000250097716,-0.002606138857417061,,,,,,,,,,,,
1.62,grasp,,,,,,,,,,,,,,,,,,,,,0.9161255955696106,0.32046958804130554,0.5406354069709778,-0.20506130158901215,-0.0006643472006544471,-0.002669172128662467,0.042998384684324265,0.9460083393987507,0.33044071950549536,0.5593689112376851,-0.212232625687566,-0.0003530000250097716,-0.002606138857417061,,,,,,,,,,,,
1.6400000000000001,grasp,,,,,,,,,,,,,,,,,,,,,0.9719107151031494,0.339873343706131,0.5723128318786621,-0.2184644192457199,3.625796307460405e-05,-0.0025450815446674824,0.042998384684324265,1.031298921591523,0.35996496882419304,0.6080510206601795,-0.23269053831197997,0.0001396809604907404,-0.0024110031891247025,,,,,,,,,,,,
1.6600000000000001,grasp,,,,,,,,,,,,,,,,,,,,,1.0007941722869873,0.3497826159000397,0.5889694094657898,-0.22536922991275787,-0.00017462545656599104,-0.002475335029885173,0.042998384684324265,1.031298921591523,0.35996496882419304,0.6080510206601795,-0.23269053831197997,0.0001396809604907404,-0.0024110031891247025,,,,,,,,,,,,
1.6800000000000002,grasp,,,,,,,,,,,,,,,,,,,,,1.0573965311050415,0.36946216225624084,0.6211117506027222,-0.23896870017051697,0.0005318755283951759,-0.002349197631701827,0.042998384684324265,1.1176521796095902,0.38984569562915794,0.6573392839490474,-0.2534033248131082,0.0006384968244739784,-0.00221343850442887,,,,,,,,,,,,
1.7000000000000002,grasp,,,,,,,,,,,,,,,,,,,,,1.0867035388946533,0.37951430678367615,0.6380060911178589,-0.24597452580928802,0.00032087592990137637,-0.002278553321957588,0.042998384684324265,1.1176521796095902,0.38984569562915794,0.6573392839490474,-0.2534033248131082,0.0006384968244739784,-0.00221343850442887,,,,,,,,,,,,
1.7200000000000002,grasp,,,,,,,,,,,,,,,,,,,,,1.143791913986206,0.39935481548309326,0.6704263091087341,-0.2596912086009979,0.0010320130968466401,-0.0021513947285711765,0.042998384684324265,1.2045631929976557,0.4199072752742855,0.7069452627693183,-0.27424991273684685,0.0011405337768379384,-0.0020145987173266003,,,,,,,,,,,,
1.7400000000000002,grasp,,,,,,,,,,,,,,,,,,,,,1.1733512878417969,0.40949103236198425,0.6874598264694214,-0.26675713062286377,0.000820385292172432,-0.0020801641512662172,0.042998384684324265,1.2045631929976557,0.4199072752742855,0.7069452627693183,-0.27424991273684685,0.0011405337768379384,-0.0020145987173266003,,,,,,,,,,,,
1.7600000000000002,grasp,,,,,,,,,,,,,,,,,,,,,1.2305881977081299,0.4293777644634247,0.7199670076370239,-0.2805103361606598,0.001534026931039989,-0.0019527837866917253,0.042998384684324265,1.2915209227290736,0.4499759855814665,0.7565777336897331,-0.2951079006018748,0.0016428467095115592,-0.0018156503185193982,,,,,,,,,,,,
1.7800000000000002,grasp,,,,,,,,,,,,,,,,,,,,,1.2602293491363525,0.4395392835140228,0.7370401620864868,-0.287595272064209,0.00132076651789248,-0.0018812950002029538,0.042998384684324265,1.2915209227290736,0.4499759855814665,0.7565777336897331,-0.2951079006018748,0.0016428467095115592,-0.0018156503185193982,,,,,,,,,,,,
1.8000000000000003,grasp,,,,,,,,,,,,,,,,,,,,,1.317279577255249,0.45935535430908203,0.769443929195404,-0.3013043999671936,0.0020336743909865618,-0.0017544010188430548,0.042998384684324265,1.3780148638833194,0.47987481020360273,0.8059454891083677,-0.3158549075692863,0.002142486618266784,-0.0016177606406562223,,,,,,,,,,,,
1.8200000000000003,grasp,,,,,,,,,,,,,,,,,,,,,1.3468278646469116,0.46948277950286865,0.7864566445350647,-0.3083665370941162,0.0018199257319793105,-0.0016831525135785341,0.042998384684324265,1.3780148638833194,0.47987481020360273,0.8059454891083677,-0.3158549075692863,0.002142486618266784,-0.0016177606406562223,,,,,,,,,,,,
1.8399999999999999,grasp,,,,,,,,,,,,,,,,,,,,,1.4033561944961548,0.48911336064338684,0.8185667991638184,-0.3219510614871979,0.0025280704721808434,-0.001557406154461205,0.042998384684324265,1.463537848701121,0.5094309675836519,0.8547594764435286,-0.3363691972830116,0.002636521774047623,-0.001422091355475697,,,,,,,,,,,,
1.8599999999999999,grasp,,,,,,,,,,,,,,,,,,,,,1.4326386451721191,0.4991477131843567,0.8354198932647705,-0.32894906401634216,0.0023150055203586817,-0.0014868872240185738,0.042998384684324265,1.463537848701121,0.5094309675836519,0.8547594764435286,-0.3363691972830116,0.002636521774047623,-0.001422091355475697,,,,,,,,,,,,
1.88,grasp,,,,,,,,,,,,,,,,,,,,,1.4883127212524414,0.5184786319732666,0.8670492768287659,-0.3423299789428711,0.0030171596445143223,-0.0013632697518914938,0.042998384684324265,1.547591982117749,0.5384724008488899,0.9027356171490177,-0.3565315370152853,0.003122082488663105,-0.0012297780339866708,,,,,,,,,,,,
1.9,grasp,,,,,,,,,,,,,,,,,,,,,1.5171608924865723,0.5283617973327637,0.8836445808410645,-0.349223256111145,0.0028008015360683203,-0.0012935459380969405,0.042998384684324265,1.547591982117749,0.5384724008488899,0.9027356171490177,-0.3565315370152853,0.003122082488663105,-0.0012297780339866708,,,,,,,,,,,,
1.92,grasp,,,,,,,,,,,,,,,,,,,,,1.5716568231582642,0.5472822189331055,0.9146096706390381,-0.36232298612594604,0.003495868993923068,-0.0011729380348697305,0.042998384684324265,1.6296921571809562,0.5668333037583068,0.9495970107779295,-0.37622558852390703,0.0035963702876642524,-0.001041929058048676,,,,,,,,,,,,
1.94,grasp,,,,,,,,,,,,,,,,,,,,,1.599906325340271,0.5569565296173096,0.9308518171310425,-0.3690713047981262,0.003276027739048004,-0.0011043328559026122,0.042998384684324265,1.6296921571809562,0.5668333037583068,0.9495970107779295,-0.37622558852390703,0.0035963702876642524,-0.001041929058048676,,,,,,,,,,,,
1.96,grasp,,,,,,,,,,,,,,,,,,,,,1.652911901473999,0.5753585696220398,0.9609757661819458,-0.3818151354789734,0.003960729576647282,-0.0009873600210994482,0.042998384684324265,1.7093710312019608,0.594352765495347,0.9950772893696392,-0.395339385734467,0.004056684147987556,-0.0008596141114878066,,,,,,,,,,,,
1.98,grasp,,,,,,,,,,,,,,,,,,,,,1.6804002523422241,0.5847704410552979,0.976771891117096,-0.38838014006614685,0.003739152103662491,-0.0009203645749948919,0.042998384684324265,1.7093710312019608,0.594352765495347,0.9950772893696392,-0.395339385734467,0.004056684147987556,-0.0008596141114878066,,,,,,,,,,,,
2.0,grasp,,,,,,,,,,,,,,,,,,,,,1.731621503829956,0.6025511622428894,1.0058856010437012,-0.4006964862346649,0.004435722250491381,-0.000810616125818342,0.042998384684324265,1.786183411959061,0.6208780501524459,1.0389225050293867,-0.4137660857147962,0.004500446961400613,-0.0006838543231422943,,,,,,,,,,,,
2.02,grasp,,,,,,,,,,,,,,,,,,,,,1.7581896781921387,0.6116468906402588,1.0211480855941772,-0.4070413112640381,0.004218656104058027,-0.0007435034494847059,0.042998384684324265,1.786183411959061,0.6208780501524459,1.0389225050293867,-0.4137660857147962,0.004500446961400613,-0.0006838543231422943,,,,,,,,,,,,
2.04,grasp,,,,,,,,,,,,,,,,,,,,,1.807346224784851,0.6287099123001099,1.04909086227417,-0.4188624322414398,0.004898677580058575,-0.0006400868878699839,0.042998384684324265,1.8597105891421448,0.6462658296131679,1.080894045157658,-0.43140545044940026,0.004925250262912122,-0.0005156036970717176,,,,,,,,,,,,
2.06,grasp,,,,,,,,,,,,,,,,,,,,,1.8328477144241333,0.6374396085739136,1.063734769821167,-0.4249521493911743,0.004679563920944929,-0.0005741537897847593,0.042998384684324265,1.8597105891421448,0.6462658296131679,1.080894045157658,-0.43140545044940026,0.004925250262912122,-0.0005156036970717176,,,,,,,,,,,,
2.08,grasp,,,,,,,,,,,,,,,,,,,,,1.8796769380569458,0.6536940336227417,1.0903586149215698,-0.4362150728702545,0.005318762734532356,-0.0004747158964164555,0.042998384684324265,1.9295650999893335,0.6703831478825676,1.1207712225326882,-0.44816467910724633,0.005328861041929651,-0.00035574682841716987,,,,,,,,,,,,
2.1,grasp,,,,,,,,,,,,,,,,,,,,,1.9039760828018188,0.6620118618011475,1.1043081283569336,-0.44201725721359253,0.005103771574795246,-0.0004126877465751022,0.042998384684324265,1.9295650999893335,0.6703831478825676,1.1207712225326882,-0.44816467910724633,0.005328861041929651,-0.00035574682841716987,,,,,,,,,,,,
2.12,grasp,,,,,,,,,,,,,,,,,,,,,1.9482381343841553,0.6773755550384521,1.1294771432876587,-0.45266443490982056,0.005703973118215799,-0.00031762910657562315,0.042998384684324265,1.9953946624609467,0.6931097876772606,1.158354281576571,-0.4639597011168342,0.00570924588018431,-0.00020508978897315112,,,,,,,,,,,,
2.14,grasp,,,,,,,,,,,,,,,,,,,,,1.971211314201355,0.6852390170097351,1.1426602602005005,-0.4581494629383087,0.00549696059897542,-0.00025889644166454673,0.042998384684324265,1.9953946624609467,0.6931097876772606,1.158354281576571,-0.4639597011168342,0.00570924588018431,-0.00020508978897315112,,,,,,,,,,,,
2.16,grasp,,,,,,,,,,,,,,,,,,,,,2.013110399246216,0.6993904113769531,1.166406273841858,-0.4685456454753876,0.006072076037526131,-0.00016926159150898457,0.042998384684324265,2.057754943322497,0.7138252294027655,1.1937880428304153,-0.4795738777245456,0.0060787650079062346,-6.236638359776559e-05,,,,,,,,,,,,
2.18,grasp,,,,,,,,,,,,,,,,,,,,,2.0348634719848633,0.7066305875778198,1.1788437366485596,-0.4739013612270355,0.005874907597899437,-0.00011323962098686025,0.042998384684324265,2.057754943322497,0.7138252294027655,1.1937880428304153,-0.4795738777245456,0.0060787650079062346,-6.236638359776559e-05,,,,,,,,,,,,
2.2,grasp,,,,,,,,,,,,,,,,,,,,,2.0598342418670654,0.7280109524726868,1.1957950592041016,-0.4697875678539276,0.006013893987983465,-5.8240086218575016e-05,0.042998384684324265,2.0863798797348303,0.7502476658132275,1.2158247454288809,-0.46539537207859233,0.005951959150936908,4.0025587374379645e-06,,,,,,,,,,,,
2.22,grasp,,,,,,,,,,,,,,,,,,,,,2.0727663040161133,0.7390990257263184,1.2045775651931763,-0.46766796708106995,0.005875593516975641,-2.57634419540409e-05,0.042998384684324265,2.0863798797348303,0.7502476658132275,1.2158247454288809,-0.46539537207859233,0.005951959150936908,4.0025587374379645e-06,,,,,,,,,,,,
2.24,grasp,,,,,,,,,,,,,,,,,,,,,2.07871150970459,0.7688741087913513,1.2137768268585205,-0.44711390137672424,0.005597304552793503,-1.0989811016770545e-05,0.042998384684324265,2.0849682900679753,0.800078566641434,1.2255086340391117,-0.42525152178845377,0.005404610645155385,2.2966679627842098e-06,,,,,,,,,,,,
2.2600000000000002,grasp,,,,,,,,,,,,,,,,,,,,,2.081754446029663,0.7843892574310303,1.2184239625930786,-0.43652504682540894,0.0054858531802892685,-4.099887064512586e-06,0.042998384684324265,2.0849682900679753,0.800078566641434,1.2255086340391117,-0.42525152178845377,0.005404610645155385,2.2966679627842098e-06,,,,,,,,,,,,
2.2800000000000002,grasp,,,,,,,,,,,,,,,,,,,,,2.0830814838409424,0.8138890862464905,1.2252134084701538,-0.41384994983673096,0.005204063840210438,-6.972987875997205e-07,0.042998384684324265,2.084488557673517,0.8446846647656429,1.2345107506141662,-0.3897332927287299,0.004925020348685922,2.544923376652778e-06,,,,,,,,,,,,
2.3000000000000003,grasp,,,,,,,,,,,,,,,,,,,,,2.0837628841400146,0.8292261362075806,1.2286286354064941,-0.40216851234436035,0.005062796641141176,1.0271971859765472e-06,0.042998384684324265,2.084488557673517,0.8446846647656429,1.2345107506141662,-0.3897332927287299,0.004925020348685922,2.544923376652778e-06,,,,,,,,,,,,
2.3200000000000003,grasp,,,,,,,,,,,,,,,,,,,,,2.083909749984741,0.8563051223754883,1.2343302965164185,-0.38079190254211426,0.0047864108346402645,1.9312383301439695e-06,0.042998384684324265,2.084061837786696,0.8844774171597698,1.242527308930191,-0.3580551280945789,0.004497957260400182,2.76598671377296e-06,,,,,,,,,,,,
2.3400000000000003,grasp,,,,,,,,,,,,,,,,,,,,,2.0839858055114746,0.8703749775886536,1.2371809482574463,-0.3697795867919922,0.004644874483346939,2.3772386157361325e-06,0.042998384684324265,2.084061837786696,0.8844774171597698,1.242527308930191,-0.3580551280945789,0.004497957260400182,2.76598671377296e-06,,,,,,,,,,,,
2.36,grasp,,,,,,,,,,,,,,,,,,,,,2.0838451385498047,0.8944569826126099,1.2421303987503052,-0.3506232500076294,0.004391295835375786,2.6787736260303063e-06,0.042998384684324265,2.083687658894284,0.9194107746099339,1.2495647254495823,-0.33024561716738066,0.00412308409881669,2.9600337611674643e-06,,,,,,,,,,,,
2.38,grasp,,,,,,,,,,,,,,,,,,,,,2.0837721824645996,0.9069660305976868,1.2445930242538452,-0.3407547175884247,0.004260788671672344,2.828816377586918e-06,0.042998384684324265,2.083687658894284,0.9194107746099339,1.2495647254495823,-0.33024561716738066,0.00412308409881669,2.9600337611674643e-06,,,,,,,,,,,,
2.4,grasp,,,,,,,,,,,,,,,,,,,,,2.083580255508423,0.9279107451438904,1.2488778829574585,-0.32405322790145874,0.004037158098071814,2.9816660571668763e-06,0.042998384684324265,2.0833647330643963,0.9495053488250194,1.2556342613466303,-0.30628430971158543,0.003799789834279868,3.1273804501008036e-06,,,,,,,,,,,,
2.42,grasp,,,,,,,,,,,,,,,,,,,,,2.0834789276123047,0.9387879371643066,1.251001238822937,-0.31544923782348633,0.003922030795365572,3.055090246562031e-06,0.042998384684324265,2.0833647330643963,0.9495053488250194,1.2556342613466303,-0.30628430971158543,0.003799789834279868,3.1273804501008036e-06,,,,,,,,,,,,
2.44,grasp,,,,,,,,,,,,,,,,,,,,,2.083296060562134,0.9566035866737366,1.254651665687561,-0.30122971534729004,0.0037305005826056004,3.1630456760467496e-06,0.042998384684324265,2.0830922623796244,0.9748520456892886,1.2607568404783835,-0.2860985051091434,0.0035269481950919008,3.2686103688318175e-06,,,,,,,,,,,,
2.46,grasp,,,,,,,,,,,,,,,,,,,,,2.0832018852233887,0.9658541083335876,1.2564555406570435,-0.29390472173690796,0.003631911939010024,3.2131274565472268e-06,0.042998384684324265,2.0830922623796244,0.9748520456892886,1.2607568404783835,-0.2860985051091434,0.0035269481950919008,3.2686103688318175e-06,,,,,,,,,,,,
2.48,grasp,,,,,,,,,,,,,,,,,,,,,2.0830447673797607,0.9806224703788757,1.2594928741455078,-0.282111793756485,0.00347237940877676,3.2994860248436453e-06,0.042998384684324265,2.0828686144081137,0.9956154344381373,1.264965533293916,-0.26955914514592977,0.0033027833940780294,3.3846428917986606e-06,,,,,,,,,,,,
2.5,grasp,,,,,,,,,,,,,,,,,,,,,2.0829625129699707,0.9882891774177551,1.2609907388687134,-0.27603673934936523,0.0033903021831065416,3.339621116538183e-06,0.042998384684324265,2.0828686144081137,0.9956154344381373,1.264965533293916,-0.26955914514592977,0.0033027833940780294,3.3846428917986606e-06,,,,,,,,,,,,
2.52,grasp,,,,,,,,,,,,,,,,,,,,,2.082836389541626,1.0001485347747803,1.263442873954773,-0.2665632665157318,0.0032616013195365667,3.407910980968154e-06,0.042998384684324265,2.0826909836775136,1.0120361598472065,1.2683076389011076,-0.25647539056951607,0.003124776956759102,3.4767821373258165e-06,,,,,,,,,,,,
2.54,grasp,,,,,,,,,,,,,,,,,,,,,2.082768678665161,1.006303310394287,1.2646507024765015,-0.26168298721313477,0.0031953942961990833,3.4396186947560636e-06,0.042998384684324265,2.0826909836775136,1.0120361598472065,1.2683076389011076,-0.25647539056951607,0.003124776956759102,3.4767821373258165e-06,,,,,,,,,,,,
2.56,grasp,,,,,,,,,,,,,,,,,,,,,2.0826683044433594,1.015446424484253,1.2665525674819946,-0.2543766498565674,0.0030956282280385494,3.4927986689581303e-06,0.042998384684324265,2.0825561937561177,1.0244354662872048,1.270846298904419,-0.24659171880427758,0.0029895593852468606,3.5467723600603335e-06,,,,,,,,,,,,
2.58,grasp,,,,,,,,,,,,,,,,,,,,,2.0826148986816406,1.0201900005340576,1.2674901485443115,-0.250612735748291,0.0030443219002336264,3.5190337257517967e-06,0.042998384684324265,2.0825561937561177,1.0244354662872048,1.270846298904419,-0.24659171880427758,0.0029895593852468606,3.5467723600603335e-06,,,,,,,,,,,,
2.6,grasp,,,,,,,,,,,,,,,,,,,,,2.0825419425964355,1.0268633365631104,1.268890142440796,-0.24527636170387268,0.002970930188894272,3.55746851710137e-06,0.042998384684324265,2.0824597290266045,1.033219848789872,1.2726602704421812,-0.23958473373955086,0.0028929378461005698,3.596784712617906e-06,,,,,,,,,,,,
2.62,grasp,,,,,,,,,,,,,,,,,,,,,2.0825035572052,1.030324101448059,1.2695813179016113,-0.24252726137638092,0.002933198120445013,3.5755188037001062e-06,0.042998384684324265,2.0824597290266045,1.033219848789872,1.2726602704421812,-0.23958473373955086,0.0028929378461005698,3.596784712617906e-06,,,,,,,,,,,,
2.64,grasp,,,,,,,,,,,,,,,,,,,,,2.0824520587921143,1.0348320007324219,1.2705426216125488,-0.23891569674015045,0.0028828587383031845,3.6033932246937184e-06,0.042998384684324265,2.0823964246065914,1.0388813796450458,1.2738531241308912,-0.23505700633628374,0.002829402346381008,3.6296712025468996e-06,,,,,,,,,,,,
2.66,grasp,,,,,,,,,,,,,,,,,,,,,2.0824286937713623,1.0371687412261963,1.2710192203521729,-0.23705512285232544,0.002856980776414275,3.6157778140477603e-06,0.042998384684324265,2.0823964246065914,1.0388813796450458,1.2738531241308912,-0.23505700633628374,0.002829402346381008,3.6296712025468996e-06,,,,,,,,,,,,
2.68,grasp,,,,,,,,,,,,,,,,,,,,,2.082397699356079,1.0398796796798706,1.2716082334518433,-0.23487767577171326,0.002826133044436574,3.633700998761924e-06,0.042998384684324265,2.0823606052143986,1.0420151653603054,1.2745273595466748,-0.23254312409883768,0.0027934840756110835,3.6482625336090173e-06,,,,,,,,,,,,
2.7,grasp,,,,,,,,,,,,,,,,,,,,,2.0823819637298584,1.041283130645752,1.2719022035598755,-0.2337559163570404,0.002810299163684249,3.6411117889656452e-06,0.042998384684324265,2.0823606052143986,1.0420151653603054,1.2745273595466748,-0.23254312409883768,0.0027934840756110835,3.6482625336090173e-06,,,,,,,,,,,,
2.72,grasp,,,,,,,,,,,,,,,,,,,,,2.0823662281036377,1.042629599571228,1.2721986770629883,-0.23267225921154022,0.0027948233764618635,3.650080770967179e-06,0.042998384684324265,2.0823455301591354,1.0433138223645604,1.2748091470660712,-0.23150014940045868,0.002778482369849065,3.656027579459476e-06,,,,,,,,,,,,
2.74,grasp,,,,,,,,,,,,,,,,,,,,,2.082359552383423,1.0433274507522583,1.2723485231399536,-0.23211395740509033,0.0027868819888681173,3.653542989923153e-06,0.042998384684324265,2.0823455301591354,1.0433138223645604,1.2748091470660712,-0.23150014940045868,0.002778482369849065,3.656027579459476e-06,,,,,,,,,,,,
2.7600000000000002,grasp,,,,,,,,,,,,,,,,,,,,,2.0823543071746826,1.0438108444213867,1.2724555730819702,-0.23172880709171295,0.002781342715024948,3.6568535506376065e-06,0.042998384684324265,2.0823426494365966,1.0435642886821637,1.2748633693950917,-0.23129898766540283,0.0027755859995735733,3.6575267378348035e-06,,,,,,,,,,,,
2.7669802492670716,grasp,,,,,,,,,,,,,,,,,,,,,2.0823538303375244,1.044064998626709,1.2725110054016113,-0.2315293699502945,0.0027784525882452726,3.6590977288142312e-06,0.042998384684324265,2.0823426246643066,1.0435664653778076,1.274863839149475,-0.23129723966121674,0.0027755608316510916,3.657539764390094e-06,,,,,,,,,,,,
2.7669802492670716,grasp,,,,,,,,,,,,,,,,,,,,,,,,,,,0.04299992881715298,,,,,,,0.0,,,,,,,,,,,
2.7869802492670717,grasp,,,,,,,,,,,,,,,,,,,,,,,,,,,0.04298565723001957,,,,,,,0.0,,,,,,,,,,,
2.8069802492670717,grasp,,,,,,,,,,,,,,,,,,,,,,,,,,,0.042890556156635284,,,,,,,0.0,,,,,,,,,,,
2.8269802492670717,grasp,,,,,,,,,,,,,,,,,,,,,,,,,,,0.04266204312443733,,,,,,,0.0,,,,,,,,,,,
2.8469802492670717,grasp,,,,,,,,,,,,,,,,,,,,,,,,,,,0.04227670654654503,,,,,,,0.0,,,,,,,,,,,
2.8669802492670717,grasp,,,,,,,,,,,,,,,,,,,,,,,,,,,0.041703738272190094,,,,,,,0.0,,,,,,,,,,,
2.8869802492670718,grasp,,,,,,,,,,,,,,,,,,,,,,,,,,,0.04092499427497387,,,,,,,0.0,,,,,,,,,,,
2.9069802492670718,grasp,,,,,,,,,,,,,,,,,,,,,,,,,,,0.039934372529387474,,,,,,,0.0,,,,,,,,,,,
2.926980249267072,grasp,,,,,,,,,,,,,,,,,,,,,,,,,,,0.03877777233719826,,,,,,,0.0,,,,,,,,,,,
2.946980249267072,grasp,,,,,,,,,,,,,,,,,,,,,,,,,,,0.038060057908296585,,,,,,,0.0,,,,,,,,,,,
2.966980249267072,grasp,,,,,,,,,,,,,,,,,,,,,,,,,,,0.037438757717609406,,,,,,,0.0,,,,,,,,,,,
2.986980249267072,grasp,,,,,,,,,,,,,,,,,,,,,,,,,,,0.037392353639006615,,,,,,,0.0,,,,,,,,,,,
3.0069802492670714,grasp,,,,,,,,,,,,,,,,,,,,,,,,,,,0.03735839016735554,,,,,,,0.0,,,,,,,,,,,
3.026980249267072,grasp,,,,,,,,,,,,,,,,,,,,,,,,,,,0.03731330297887325,,,,,,,0.0,,,,,,,,,,,
3.0469802492670714,grasp,,,,,,,,,,,,,,,,,,,,,,,,,,,0.03719685785472393,,,,,,,0.0,,,,,,,,,,,
3.0669802492670715,grasp,,,,,,,,,,,,,,,,,,,,,,,,,,,0.03705807775259018,,,,,,,0.0,,,,,,,,,,,
3.0869802492670715,grasp,,,,,,,,,,,,,,,,,,,,,,,,,,,0.036909593269228935,,,,,,,0.0,,,,,,,,,,,
3.1069802492670715,grasp,,,,,,,,,,,,,,,,,,,,,,,,,,,0.03675953857600689,,,,,,,0.0,,,,,,,,,,,
3.1269802492670715,grasp,,,,,,,,,,,,,,,,,,,,,,,,,,,0.036613743752241135,,,,,,,0.0,,,,,,,,,,,
3.1469802492670715,grasp,,,,,,,,,,,,,,,,,,,,,,,,,,,0.03645304962992668,,,,,,,0.0,,,,,,,,,,,
3.1669802492670716,grasp,,,,,,,,,,,,,,,,,,,,,,,,,,,0.03632421977818012,,,,,,,0.0,,,,,,,,,,,
3.1869802492670716,grasp,,,,,,,,,,,,,,,,,,,,,,,,,,,0.036154335364699364,,,,,,,0.0,,,,,,,,,,,
3.2069802492670716,grasp,,,,,,,,,,,,,,,,,,,,,,,,,,,0.03602105751633644,,,,,,,0.0,,,,,,,,,,,
3.2269802492670716,grasp,,,,,,,,,,,,,,,,,,,,,,,,,,,0.03588315099477768,,,,,,,0.0,,,,,,,,,,,
3.2469802492670716,grasp,,,,,,,,,,,,,,,,,,,,,,,,,,,0.03569335676729679,,,,,,,0.0,,,,,,,,,,,
3.2669802492670716,grasp,,,,,,,,,,,,,,,,,,,,,,,,,,,0.035498736426234245,,,,,,,0.0,,,,,,,,,,,
3.2869802492670717,grasp,,,,,,,,,,,,,,,,,,,,,,,,,,,0.03534088097512722,,,,,,,0.0,,,,,,,,,,,
3.3069802492670717,grasp,,,,,,,,,,,,,,,,,,,,,,,,,,,0.03511195629835129,,,,,,,0.0,,,,,,,,,,,
3.3269802492670717,grasp,,,,,,,,,,,,,,,,,,,,,,,,,,,0.03489888459444046,,,,,,,0.0,,,,,,,,,,,
3.3469802492670717,grasp,,,,,,,,,,,,,,,,,,,,,,,,,,,0.03473786078393459,,,,,,,0.0,,,,,,,,,,,
3.3669802492670717,grasp,,,,,,,,,,,,,,,,,,,,,,,,,,,0.034634651616215706,,,,,,,0.0,,,,,,,,,,,
3.3869802492670718,grasp,,,,,,,,,,,,,,,,,,,,,,,,,,,0.034519799053668976,,,,,,,0.0,,,,,,,,,,,
3.4069802492670718,grasp,,,,,,,,,,,,,,,,,,,,,,,,,,,0.0345169585198164,,,,,,,0.0,,,,,,,,,,,
3.426980249267072,grasp,,,,,,,,,,,,,,,,,,,,,,,,,,,0.03451620042324066,,,,,,,0.0,,,,,,,,,,,
3.446980249267072,grasp,,,,,,,,,,,,,,,,,,,,,,,,,,,0.03451605699956417,,,,,,,0.0,,,,,,,,,,,
3.446980249267072,grasp,,,,,,,,,,,,,,,,,,,,,2.0831971168518066,1.043562412261963,1.2775038480758667,-0.23129267990589142,0.0003910046652890742,0.007080955430865288,0.03451605699956417,2.0823426246643066,1.0435664653778076,1.274863839149475,-0.23129723966121674,0.0027755608316510916,3.657539764390094e-06,,,,,,,,,,,,
3.466980249267072,grasp,,,,,,,,,,,,,,,,,,,,,2.08319091796875,1.0435562133789062,1.2775042057037354,-0.23129159212112427,0.0004173469787929207,0.006786268204450607,0.03451605699956417,2.0823426246643066,1.0435664653778076,1.274863839149475,-0.23129723966121674,0.0027755608316510916,3.657539764390094e-06,,,,,,,,,,,,
3.486980249267072,grasp,,,,,,,,,,,,,,,,,,,,,2.083188772201538,1.0435184240341187,1.277489185333252,-0.2313220053911209,0.0004262880829628557,0.006634634453803301,0.03451605699956417,2.0823435408640054,1.0434861775135928,1.2748464983969634,-0.2313617170594656,0.002776489181799066,3.657059260523379e-06,,,,,,,,,,,,
3.506980249267072,grasp,,,,,,,,,,,,,,,,,,,,,2.083188056945801,1.043501377105713,1.2774826288223267,-0.23133745789527893,0.0004295219259802252,0.006556594744324684,0.03451605699956417,2.0823435408640054,1.0434861775135928,1.2748464983969634,-0.2313617170594656,0.002776489181799066,3.657059260523379e-06,,,,,,,,,,,,
3.526980249267072,grasp,,,,,,,,,,,,,,,,,,,,,2.0831851959228516,1.0432453155517578,1.2773652076721191,-0.23155821859836578,0.0004421541525516659,0.00651635741814971,0.03451605699956417,2.082349904417928,1.0429383364838045,1.274727550530956,-0.2318017623538487,0.002782824921864543,3.6537798076251656e-06,,,,,,,,,,,,
3.546980249267072,grasp,,,,,,,,,,,,,,,,,,,,,2.0831799507141113,1.0431228876113892,1.2773083448410034,-0.23167073726654053,0.0004560890083666891,0.006495647132396698,0.03451605699956417,2.082349904417928,1.0429383364838045,1.274727550530956,-0.2318017623538487,0.002782824921864543,3.6537798076251656e-06,,,,,,,,,,,,
3.566980249267072,grasp,,,,,,,,,,,,,,,,,,,,,2.0831658840179443,1.042412519454956,1.2769800424575806,-0.23228870332241058,0.000494669540785253,0.0064848787151277065,0.03451605699956417,2.082366568187268,1.0414955813168891,1.2744151970102429,-0.23296014067444823,0.002799460134168925,3.6451693409048146e-06,,,,,,,,,,,,
3.586980249267072,grasp,,,,,,,,,,,,,,,,,,,,,2.0831151008605957,1.042023777961731,1.2769312858581543,-0.23260605335235596,0.0005240285536274314,0.00646931491792202,0.03451605699956417,2.082366568187268,1.0414955813168891,1.2744151970102429,-0.23296014067444823,0.002799460134168925,3.6451693409048146e-06,,,,,,,,,,,,
3.606980249267072,grasp,,,,,,,,,,,,,,,,,,,,,2.0830705165863037,1.0405919551849365,1.276297926902771,-0.233827605843544,0.0005968008190393448,0.006464495789259672,0.03451605699956417,2.082397628456698,1.038771531004316,1.273830344390567,-0.23514465471457327,0.002830615358193182,3.6290433275947277e-06,,,,,,,,,,,,
3.626980249267072,grasp,,,,,,,,,,,,,,,,,,,,,2.08304762840271,1.0398515462875366,1.2759677171707153,-0.23445741832256317,0.0006583112408407032,0.006461401004344225,0.03451605699956417,2.082397628456698,1.038771531004316,1.273830344390567,-0.23514465471457327,0.002830615358193182,3.6290433275947277e-06,,,,,,,,,,,,
3.646980249267072,grasp,,,,,,,,,,,,,,,,,,,,,2.0831048488616943,1.0373845100402832,1.2750698328018188,-0.23647549748420715,0.0007044689846225083,0.0064560528844594955,0.03451605699956417,2.0824464054043035,1.0344177255455296,1.2729105598651016,-0.23862790452031604,0.0028796054559133257,3.6036856592414447e-06,,,,,,,,,,,,
3.666980249267072,grasp,,,,,,,,,,,,,,,,,,,,,2.0831339359283447,1.0361173152923584,1.2744823694229126,-0.23751670122146606,0.0007567292195744812,0.006449227686971426,0.03451605699956417,2.0824464054043035,1.0344177255455296,1.2729105598651016,-0.23862790452031604,0.0028796054559133257,3.6036856592414447e-06,,,,,,,,,,,,
3.686980249267072,grasp,,,,,,,,,,,,,,,,,,,,,2.0831429958343506,1.032555341720581,1.272792100906372,-0.24049654603004456,0.0008970185881480575,0.006445318926125765,0.03451605699956417,2.0825158605799556,1.0281246672842992,1.2716052333998251,-0.24365015199862292,0.0029491357820196087,3.5676960952652675e-06,,,,,,,,,,,,
3.7069802492670716,grasp,,,,,,,,,,,,,,,,,,,,,2.0831830501556396,1.030626654624939,1.2721757888793945,-0.24202924966812134,0.0009217028855346143,0.006435871124267578,0.03451605699956417,2.0825158605799556,1.0281246672842992,1.2716052333998251,-0.24365015199862292,0.0029491357820196087,3.5676960952652675e-06,,,,,,,,,,,,
3.726980249267072,grasp,,,,,,,,,,,,,,,,,,,,,2.0831544399261475,1.0256950855255127,1.2700849771499634,-0.24611425399780273,0.001172129181213677,0.0064246575348079205,0.03451605699956417,2.0826086120965,1.0196271451452346,1.2698600652059768,-0.2504248935479115,0.003042089040479035,3.51958243846628e-06,,,,,,,,,,,,
3.7469802492670716,grasp,,,,,,,,,,,,,,,,,,,,,2.0830390453338623,1.023115634918213,1.2692123651504517,-0.24821433424949646,0.0015506757190451026,0.006414220202714205,0.03451605699956417,2.0826086120965,1.0196271451452346,1.2698600652059768,-0.2504248935479115,0.003042089040479035,3.51958243846628e-06,,,,,,,,,,,,
3.7669802492670716,grasp,,,,,,,,,,,,,,,,,,,,,2.0829737186431885,1.0164964199066162,1.2675902843475342,-0.2535194754600525,0.0020148048643022776,0.006395289208739996,0.03451605699956417,2.0827270589386893,1.0086974626364202,1.2676269553890434,-0.2591360030590321,0.0031610328405353347,3.4580154883337996e-06,,,,,,,,,,,,
3.7869802492670717,grasp,,,,,,,,,,,,,,,,,,,,,2.082890033721924,1.0130995512008667,1.2665905952453613,-0.2562524378299713,0.0024480344727635384,0.006383300293236971,0.03451605699956417,2.0827270589386893,1.0086974626364202,1.2676269553890434,-0.2591360030590321,0.0031610328405353347,3.4580154883337996e-06,,,,,,,,,,,,
3.8069802492670717,grasp,,,,,,,,,,,,,,,,,,,,,2.0828826427459717,1.004805564880371,1.2644847631454468,-0.26289838552474976,0.0029047157149761915,0.006373357027769089,0.03451605699956417,2.0828737728886924,0.99514138209345,1.2648690608857975,-0.2699368605423337,0.0033079208802989112,3.381983631990652e-06,,,,,,,,,,,,
3.8269802492670717,grasp,,,,,,,,,,,,,,,,,,,,,2.0828659534454346,1.0004682540893555,1.2633639574050903,-0.2663227617740631,0.003164555411785841,0.006368065252900124,0.03451605699956417,2.0828737728886924,0.99514138209345,1.2648690608857975,-0.2699368605423337,0.0033079208802989112,3.381983631990652e-06,,,,,,,,,,,,
3.8469802492670717,grasp,,,,,,,,,,,,,,,,,,,,,2.0829548835754395,0.99040687084198,1.2609684467315674,-0.27439942955970764,0.003356311935931444,0.0063653746619820595,0.03451605699956417,2.0830497918264395,0.9787997710835044,1.2615560034164008,-0.2829541361057412,0.0034843839071507774,3.2906426185830785e-06,,,,,,,,,,,,
3.8669802492670717,grasp,,,,,,,,,,,,,,,,,,,,,2.083026885986328,0.985153317451477,1.2597880363464355,-0.278560996055603,0.0033461081329733133,0.006367322523146868,0.03451605699956417,2.0830497918264395,0.9787997710835044,1.2615560034164008,-0.2829541361057412,0.0034843839071507774,3.2906426185830785e-06,,,,,,,,,,,,
3.8869802492670718,grasp,,,,,,,,,,,,,,,,,,,,,2.083132743835449,0.9731534719467163,1.257298469543457,-0.28813838958740234,0.0035078611690551043,0.0063664717599749565,0.03451605699956417,2.083256843639905,0.9595468328253172,1.2576620238407938,-0.2982880136624576,0.0036917849334663832,3.18328679407288e-06,,,,,,,,,,,,
3.9069802492670718,grasp,,,,,,,,,,,,,,,,,,,,,2.083195686340332,0.9669069647789001,1.256105661392212,-0.29307153820991516,0.00358093180693686,0.006366344168782234,0.03451605699956417,2.083256843639905,0.9595468328253172,1.2576620238407938,-0.2982880136624576,0.0036917849334663832,3.18328679407288e-06,,,,,,,,,,,,
3.926980249267072,grasp,,,,,,,,,,,,,,,,,,,,,2.0833427906036377,0.9529590606689453,1.2532272338867188,-0.3042072057723999,0.003728744573891163,0.006366327870637178,0.03451605699956417,2.0834958408467137,0.9372876522463698,1.2531687264719396,-0.3160127765749309,0.003931110393035593,3.05940515676566e-06,,,,,,,,,,,,
3.946980249267072,grasp,,,,,,,,,,,,,,,,,,,,,2.0834176540374756,0.9456982612609863,1.2518415451049805,-0.30994313955307007,0.003812982700765133,0.0063661676831543446,0.03451605699956417,2.0834958408467137,0.9372876522463698,1.2531687264719396,-0.3160127765749309,0.003931110393035593,3.05940515676566e-06,,,,,,,,,,,,
3.966980249267072,grasp,,,,,,,,,,,,,,,,,,,,,2.083588123321533,0.9297478199005127,1.2485618591308594,-0.3226759731769562,0.00398187804967165,0.006366159301251173,0.03451605699956417,2.0837674930640055,0.911957932964647,1.2480628875912503,-0.336178852715673,0.004203080771987329,2.9186247594894305e-06,,,,,,,,,,,,
3.986980249267072,grasp,,,,,,,,,,,,,,,,,,,,,2.0836760997772217,0.9214456081390381,1.2469731569290161,-0.32923492789268494,0.004072924610227346,0.006366084795445204,0.03451605699956417,2.0837674930640055,0.911957932964647,1.2480628875912503,-0.336178852715673,0.004203080771987329,2.9186247594894305e-06,,,,,,,,,,,,
4.006980249267071,grasp,,,,,,,,,,,,,,,,,,,,,2.083869457244873,0.9034624099731445,1.243283987045288,-0.3435888886451721,0.004265096969902515,0.006365970242768526,0.03451605699956417,2.0840720855328807,0.8835233483562478,1.2423351567366494,-0.3588146193857281,0.004508193756386546,2.7606877678103034e-06,,,,,,,,,,,,
4.026980249267072,grasp,,,,,,,,,,,,,,,,,,,,,2.0839691162109375,0.8941020965576172,1.2414867877960205,-0.35098305344581604,0.004366219975054264,0.006365923210978508,0.03451605699956417,2.0840720855328807,0.8835233483562478,1.2423351567366494,-0.3588146193857281,0.004508193756386546,2.7606877678103034e-06,,,,,,,,,,,,
4.0469802492670714,grasp,,,,,,,,,,,,,,,,,,,,,2.084184408187866,0.8740746378898621,1.2373864650726318,-0.3669680953025818,0.0045797694474458694,0.006365837529301643,0.03451605699956417,2.084410295248862,0.8519777334260416,1.235980505915779,-0.3839271797970734,0.004846722052643891,2.58545352871635e-06,,,,,,,,,,,,
4.066980249267072,grasp,,,,,,,,,,,,,,,,,,,,,2.084293842315674,0.863650918006897,1.2353771924972534,-0.375202476978302,0.004692947492003441,0.0063657877035439014,0.03451605699956417,2.084410295248862,0.8519777334260416,1.235980505915779,-0.3839271797970734,0.004846722052643891,2.58545352871635e-06,,,,,,,,,,,,
4.0869802492670715,grasp,,,,,,,,,,,,,,,,,,,,,2.084531784057617,0.8415862321853638,1.2308673858642578,-0.3928150534629822,0.004927630536258221,0.0063656703568995,0.03451605699956417,2.084782272909204,0.81734216394563,1.2289959060207964,-0.4115035711920222,0.005218821340240204,2.3928402919187545e-06,,,,,,,,,,,,
4.106980249267072,grasp,,,,,,,,,,,,,,,,,,,,,2.084653854370117,0.8301027417182922,1.2286416292190552,-0.4018879532814026,0.005053538829088211,0.006365559995174408,0.03451605699956417,2.084782272909204,0.81734216394563,1.2289959060207964,-0.4115035711920222,0.005218821340240204,2.3928402919187545e-06,,,,,,,,,,,,
4.1269802492670715,grasp,,,,,,,,,,,,,,,,,,,,,2.0849151611328125,0.8060254454612732,1.2237217426300049,-0.42111119627952576,0.005308761261403561,0.006365480832755566,0.03451605699956417,2.085189105659441,0.7796640830932974,1.2213759649966422,-0.4415114737284942,0.005624787366528981,2.182694395306654e-06,,,,,,,,,,,,
4.146980249267072,grasp,,,,,,,,,,,,,,,,,,,,,2.085047960281372,0.7934947609901428,1.2212752103805542,-0.4310140907764435,0.005447855684906244,0.006365337874740362,0.03451605699956417,2.085189105659441,0.7796640830932974,1.2213759649966422,-0.4415114737284942,0.005624787366528981,2.182694395306654e-06,,,,,,,,,,,,
4.166980249267072,grasp,,,,,,,,,,,,,,,,,,,,,2.0852673053741455,0.7674897909164429,1.2159020900726318,-0.4517526924610138,0.00572067778557539,0.0063652158714830875,0.03451605699956417,2.085491840394334,0.739107523477968,1.2130271509503208,-0.4737632636252604,0.006064550887219052,1.636043042684189e-06,,,,,,,,,,,,
4.186980249267072,grasp,,,,,,,,,,,,,,,,,,,,,2.0853748321533203,0.7539576292037964,1.2132078409194946,-0.4624362885951996,0.005877336487174034,0.00636488338932395,0.03451605699956417,2.085491840394334,0.739107523477968,1.2130271509503208,-0.4737632636252604,0.006064550887219052,1.636043042684189e-06,,,,,,,,,,,,
4.206980249267072,grasp,,,,,,,,,,,,,,,,,,,,,2.071063995361328,0.7347796559333801,1.2019702196121216,-0.4701698422431946,0.005312161520123482,0.006347145885229111,0.03451605699956417,2.0553744280758086,0.7138188832432916,1.1926052247284602,-0.47835441116526134,0.00605590479680068,-6.77915757937599e-05,,,,,,,,,,,,
4.226980249267072,grasp,,,,,,,,,,,,,,,,,,,,,2.0632312297821045,0.7248966097831726,1.196046233177185,-0.4741479754447937,0.006244496908038855,0.006306633353233337,0.03451605699956417,2.0553744280758086,0.7138188832432916,1.1926052247284602,-0.47835441116526134,0.00605590479680068,-6.77915757937599e-05,,,,,,,,,,,,
4.246980249267072,grasp,,,,,,,,,,,,,,,,,,,,,2.036090850830078,0.7116026282310486,1.1796118021011353,-0.47051259875297546,0.004885364323854446,0.006274574436247349,0.03451605699956417,2.0064464022527564,0.6969252843879054,1.1646645249196061,-0.4666116956636652,0.005773112387492343,-0.00017979474342736963,,,,,,,,,,,,
4.266980249267072,grasp,,,,,,,,,,,,,,,,,,,,,2.021331548690796,0.7048110961914062,1.1709157228469849,-0.46863090991973877,0.006302788387984037,0.006203652359545231,0.03451605699956417,2.0064464022527564,0.6969252843879054,1.1646645249196061,-0.4666116956636652,0.005773112387492343,-0.00017979474342736963,,,,,,,,,,,,
4.286980249267072,grasp,,,,,,,,,,,,,,,,,,,,,1.9894440174102783,0.6926142573356628,1.1523274183273315,-0.461651474237442,0.004675526171922684,0.006166319828480482,0.03451605699956417,1.9547083616623295,0.6790634777890775,1.1351253121942457,-0.4541972921039049,0.005474142702961137,-0.00029820565385691523,,,,,,,,,,,,
4.306980249267072,grasp,,,,,,,,,,,,,,,,,,,,,1.9721864461898804,0.6863794922828674,1.1425236463546753,-0.4580472409725189,0.006137079559266567,0.006088054273277521,0.03451605699956417,1.9547083616623295,0.6790634777890775,1.1351253121942457,-0.4541972921039049,0.005474142702961137,-0.00029820565385691523,,,,,,,,,,,,
4.326980249267072,grasp,,,,,,,,,,,,,,,,,,,,,1.9377552270889282,0.6740161180496216,1.1226506233215332,-0.4498720169067383,0.0044085197150707245,0.00604703463613987,0.03451605699956417,1.9003153866827631,0.6602849148368668,1.1040734485312804,-0.44114707092025013,0.005159856746739653,-0.00042268383620584375,,,,,,,,,,,,
4.346980249267072,grasp,,,,,,,,,,,,,,,,,,,,,1.9191787242889404,0.6676957011222839,1.1121770143508911,-0.4456518590450287,0.005888371728360653,0.005965104326605797,0.03451605699956417,1.9003153866827631,0.6602849148368668,1.1040734485312804,-0.44114707092025013,0.005159856746739653,-0.00042268383620584375,,,,,,,,,,,,
4.366980249267072,grasp,,,,,,,,,,,,,,,,,,,,,1.8828728199005127,0.6548668146133423,1.0912871360778809,-0.4368705749511719,0.004085759166628122,0.00592145137488842,0.03451605699956417,1.8434388136174604,0.6406476453111615,1.0716054552006826,-0.42750173548326564,0.004831237777939312,-0.0005528389537773424,,,,,,,,,,,,
4.386980249267072,grasp,,,,,,,,,,,,,,,,,,,,,1.86332368850708,0.6483086347579956,1.080277442932129,-0.43233823776245117,0.005604253150522709,0.005836133379489183,0.03451605699956417,1.8434388136174604,0.6406476453111615,1.0716054552006826,-0.42750173548326564,0.004831237777939312,-0.0005528389537773424,,,,,,,,,,,,
4.406980249267072,grasp,,,,,,,,,,,,,,,,,,,,,1.8254115581512451,0.6349694728851318,1.058487057685852,-0.42312946915626526,0.0037318486720323563,0.005790391471236944,0.03451605699956417,1.7842650605098795,0.6202157479655187,1.037827429809218,-0.41330585883203474,0.004489363373291417,-0.0006882441757405477,,,,,,,,,,,,
4.426980249267071,grasp,,,,,,,,,,,,,,,,,,,,,1.8050302267074585,0.6281505227088928,1.0470051765441895,-0.4183766841888428,0.005323735065758228,0.005689069628715515,0.03451605699956417,1.7842650605098795,0.6202157479655187,1.037827429809218,-0.41330585883203474,0.004489363373291417,-0.0006882441757405477,,,,,,,,,,,,
4.446980249267072,grasp,,,,,,,,,,,,,,,,,,,,,1.765673279762268,0.6143224835395813,1.0243990421295166,-0.4088107943534851,0.0034079705365002155,0.005631771869957447,0.03451605699956417,1.722994792819085,0.599057654924628,1.0028537637951993,-0.39860756899862887,0.0041353907839511645,-0.0008284410146454258,,,,,,,,,,,,
4.466980249267072,grasp,,,,,,,,,,,,,,,,,,,,,1.744543433189392,0.6072560548782349,1.0124832391738892,-0.4038737416267395,0.005013512447476387,0.005529606714844704,0.03451605699956417,1.722994792819085,0.599057654924628,1.0028537637951993,-0.39860756899862887,0.0041353907839511645,-0.0008284410146454258,,,,,,,,,,,,
4.486980249267072,grasp,,,,,,,,,,,,,,,,,,,,,1.7038975954055786,0.5929806232452393,0.989149272441864,-0.3939945101737976,0.0030067453626543283,0.005475619342178106,0.03451605699956417,1.6598413728857164,0.5772466708956634,0.9668059348704894,-0.3834578822017454,0.00377054486757729,-0.0009729443478672588,,,,,,,,,,,,
4.506980249267071,grasp,,,,,,,,,,,,,,,,,,,,,1.6820944547653198,0.5856855511665344,0.9768502712249756,-0.38889554142951965,0.00466271722689271,0.005375645123422146,0.03451605699956417,1.6598413728857164,0.5772466708956634,0.9668059348704894,-0.3834578822017454,0.00377054486757729,-0.0009729443478672588,,,,,,,,,,,,
4.526980249267072,grasp,,,,,,,,,,,,,,,,,,,,,1.6403013467788696,0.5710105299949646,0.9528682231903076,-0.3787408769130707,0.002607190515846014,0.005324250087141991,0.03451605699956417,1.5950292983978103,0.5548600916600638,0.9298119051733925,-0.3679106559780987,0.0033961224723499956,-0.0011212404045268562,,,,,,,,,,,,
4.546980249267072,grasp,,,,,,,,,,,,,,,,,,,,,1.617911458015442,0.563512921333313,0.9402244091033936,-0.37349933385849,0.004297483246773481,0.005226392764598131,0.03451605699956417,1.5950292983978103,0.5548600916600638,0.9298119051733925,-0.3679106559780987,0.0033961224723499956,-0.0011212404045268562,,,,,,,,,,,,
4.566980249267072,grasp,,,,,,,,,,,,,,,,,,,,,1.5751196146011353,0.5484908819198608,0.915678858757019,-0.36310628056526184,0.002210065722465515,0.0051744976080954075,0.03451605699956417,1.5287929452239386,0.5319777446768937,0.8920055170668743,-0.35202211222340635,0.0030134835153848402,-0.0012727902606004887,,,,,,,,,,,,
4.5869802492670715,grasp,,,,,,,,,,,,,,,,,,,,,1.5522209405899048,0.5408169031143188,0.9027363061904907,-0.3577415347099304,0.003930762875825167,0.005075081717222929,0.03451605699956417,1.5287929452239386,0.5319777446768937,0.8920055170668743,-0.35202211222340635,0.0030134835153848402,-0.0012727902606004887,,,,,,,,,,,,
4.606980249267072,grasp,,,,,,,,,,,,,,,,,,,,,1.5085862874984741,0.5255022048950195,0.8777172565460205,-0.3471478521823883,0.001812041038647294,0.0050223032012581825,0.03451605699956417,1.4613748846267038,0.5086833353458292,0.8535249294560042,-0.3358503777873247,0.002624027321077291,-0.0014270399370248348,,,,,,,,,,,,
4.6269802492670715,grasp,,,,,,,,,,,,,,,,,,,,,1.4852635860443115,0.5176801681518555,0.8645235300064087,-0.34167954325675964,0.003555797738954425,0.00492134690284729,0.03451605699956417,1.4613748846267038,0.5086833353458292,0.8535249294560042,-0.3358503777873247,0.002624027321077291,-0.0014270399370248348,,,,,,,,,,,,
4.646980249267072,grasp,,,,,,,,,,,,,,,,,,,,,1.4409480094909668,0.5021284222602844,0.8391239643096924,-0.3309246003627777,0.0014123049331828952,0.004867686424404383,0.03451605699956417,1.393024453601495,0.48506257248052487,0.8145124766269236,-0.3194552220774731,0.0022291911687732273,-0.0015834200966354539,,,,,,,,,,,,
4.666980249267072,grasp,,,,,,,,,,,,,,,,,,,,,1.4172859191894531,0.49418672919273376,0.8257271647453308,-0.32537293434143066,0.0031724399887025356,0.004765481688082218,0.03451605699956417,1.393024453601495,0.48506257248052487,0.8145124766269236,-0.3194552220774731,0.0022291911687732273,-0.0015834200966354539,,,,,,,,,,,,
4.686980249267072,grasp,,,,,,,,,,,,,,,,,,,,,1.372454285621643,0.47845593094825745,0.8000414967536926,-0.31449654698371887,0.0010116599733009934,0.004711121320724487,0.03451605699956417,1.3239963295303017,0.461203029292392,0.7751135337030408,-0.30289764163336425,0.00183044331080362,-0.001741349854071201,,,,,,,,,,,,
4.706980249267072,grasp,,,,,,,,,,,,,,,,,,,,,1.3485398292541504,0.47042378783226013,0.7864916324615479,-0.3088819086551666,0.0027814682107418776,0.004608024377375841,0.03451605699956417,1.3239963295303017,0.461203029292392,0.7751135337030408,-0.30289764163336425,0.00183044331080362,-0.001741349854071201,,,,,,,,,,,,
4.726980249267072,grasp,,,,,,,,,,,,,,,,,,,,,1.3033605813980103,0.454571932554245,0.7606156468391418,-0.29792487621307373,0.0006114246789366007,0.004553152248263359,0.03451605699956417,1.2545493005074153,0.43719284436573275,0.7354756245855992,-0.28623972332784325,0.0014292785846455294,-0.0019002370490153236,,,,,,,,,,,,
4.746980249267072,grasp,,,,,,,,,,,,,,,,,,,,,1.2792826890945435,0.4464794099330902,0.7469632625579834,-0.29226818680763245,0.0023846931289881468,0.004449509084224701,0.03451605699956417,1.2545493005074153,0.43719284436573275,0.7354756245855992,-0.28623972332784325,0.0014292785846455294,-0.0019002370490153236,,,,,,,,,,,,
4.766980249267072,grasp,,,,,,,,,,,,,,,,,,,,,1.2339261770248413,0.430565744638443,0.720994234085083,-0.281271755695343,0.00021273370657581836,0.004394331481307745,0.03451605699956417,1.1849442341609961,0.41312221875430616,0.6957474239722965,-0.26954407155741883,0.0010272053812862942,-0.0020594842372159547,,,,,,,,,,,,
4.786980249267072,grasp,,,,,,,,,,,,,,,,,,,,,1.2097742557525635,0.42244306206703186,0.7072898745536804,-0.2755942940711975,0.0019833813421428204,0.004290529526770115,0.03451605699956417,1.1849442341609961,0.41312221875430616,0.6957474239722965,-0.26954407155741883,0.0010272053812862942,-0.0020594842372159547,,,,,,,,,,,,
4.806980249267072,grasp,,,,,,,,,,,,,,,,,,,,,1.1644115447998047,0.406526654958725,0.6813252568244934,-0.26459959149360657,-0.00018264252867083997,0.004235250409692526,0.03451605699956417,1.1154430323800335,0.38908096528299924,0.656078338455967,-0.25287343650395677,0.0006257357574607428,-0.0022184927651630144,,,,,,,,,,,,
4.826980249267072,grasp,,,,,,,,,,,,,,,,,,,,,1.140276312828064,0.398404061794281,0.6676207780838013,-0.25892284512519836,0.0015791862970218062,0.004131674766540527,0.03451605699956417,1.1154430323800335,0.38908096528299924,0.656078338455967,-0.25287343650395677,0.0006257357574607428,-0.0022184927651630144,,,,,,,,,,,,
4.846980249267072,grasp,,,,,,,,,,,,,,,,,,,,,1.095080018043518,0.38254499435424805,0.6417582631111145,-0.24797119200229645,-0.0005735080922022462,0.004076534882187843,0.03451605699956417,1.0463069843238113,0.36515911044694604,0.6166172727628776,-0.2362903903142502,0.000226374724036826,-0.002376666542484096,,,,,,,,,,,,
4.866980249267072,grasp,,,,,,,,,,,,,,,,,,,,,1.071048378944397,0.3744530975818634,0.6281043887138367,-0.2423163205385208,0.0011736088199540973,0.003973551094532013,0.03451605699956417,1.0463069843238113,0.36515911044694604,0.6166172727628776,-0.2362903903142502,0.000226374724036826,-0.002376666542484096,,,,,,,,,,,,
4.886980249267072,grasp,,,,,,,,,,,,,,,,,,,,,1.0261887311935425,0.35871031880378723,0.602441132068634,-0.2314487248659134,-0.0009584177169017494,0.003918783273547888,0.03451605699956417,0.977795198085871,0.3414457834571726,0.5775122690681684,-0.21985706691989332,-0.00016938280843121491,-0.002533413665998144,,,,,,,,,,,,
4.906980249267072,grasp,,,,,,,,,,,,,,,,,,,,,1.002352237701416,0.3506791293621063,0.5888893604278564,-0.2258368879556656,0.0007682479918003082,0.0038167210295796394,0.03451605699956417,0.977795198085871,0.3414457834571726,0.5775122690681684,-0.21985706691989332,-0.00016938280843121491,-0.002533413665998144,,,,,,,,,,,,
4.926980249267071,grasp,,,,,,,,,,,,,,,,,,,,,0.9579981565475464,0.33511072397232056,0.5635212659835815,-0.21509408950805664,-0.001335795153863728,0.003762540640309453,0.03451605699956417,0.9101635388682277,0.318028298331441,0.5389091730495512,-0.20363482917237402,-0.0005600578647736781,-0.0026881480679861337,,,,,,,,,,,,
4.946980249267072,grasp,,,,,,,,,,,,,,,,,,,,,0.934443473815918,0.3271700441837311,0.5501220226287842,-0.2095463126897812,0.00036472122883424163,0.0036617652513086796,0.03451605699956417,0.9101635388682277,0.318028298331441,0.5389091730495512,-0.20363482917237402,-0.0005600578647736781,-0.0026881480679861337,,,,,,,,,,,,
4.966980249267072,grasp,,,,,,,,,,,,,,,,,,,,,0.890761137008667,0.3118336498737335,0.5251433253288269,-0.19896821677684784,-0.001704580383375287,0.003608396742492914,0.03451605699956417,0.8436626114809826,0.2949932041790381,0.5009508439273261,-0.1876837848050251,-0.0009442002594991937,-0.0028402949696286024,,,,,,,,,,,,
4.986980249267072,grasp,,,,,,,,,,,,,,,,,,,,,0.8675746321678162,0.30401280522346497,0.5119460821151733,-0.19350512325763702,-3.566819577827118e-05,0.0035092709586024284,0.03451605699956417,0.8436626114809826,0.2949932041790381,0.5009508439273261,-0.1876837848050251,-0.0009442002594991937,-0.0028402949696286024,,,,,,,,,,,,
5.006980249267071,grasp,,,,,,,,,,,,,,,,,,,,,0.8247256875038147,0.28896456956863403,0.48744887113571167,-0.18313072621822357,-0.002062993124127388,0.003456911537796259,0.03451605699956417,0.7785364221231046,0.27242470716477774,0.46377668618691426,-0.1720624974613936,-0.0013203997881538689,-0.002989296181091425,,,,,,,,,,,,
5.026980249267072,grasp,,,,,,,,,,,,,,,,,,,,,0.8019917607307434,0.28129222989082336,0.47450241446495056,-0.1777723878622055,-0.0004310903314035386,0.0033598048612475395,0.03451605699956417,0.7785364221231046,0.27242470716477774,0.46377668618691426,-0.1720624974613936,-0.0013203997881538689,-0.002989296181091425,,,,,,,,,,,,
5.046980249267072,grasp,,,,,,,,,,,,,,,,,,,,,0.7601338028907776,0.26658642292022705,0.4505760073661804,-0.16763931512832642,-0.002409885171800852,0.0033086715266108513,0.03451605699956417,0.7150212256075386,0.2504038228485454,0.42752146822364395,-0.15682756909157167,-0.001687294408630184,-0.0031346119135988552,,,,,,,,,,,,
5.066980249267072,grasp,,,,,,,,,,,,,,,,,,,,,0.7379338145256042,0.25909021496772766,0.43792736530303955,-0.16240516304969788,-0.0008203249308280647,0.0032138843089342117,0.03451605699956417,0.7150212256075386,0.2504038228485454,0.42752146822364395,-0.15682756909157167,-0.001687294408630184,-0.0031346119135988552,,,,,,,,,,,,
5.0869802492670715,grasp,,,,,,,,,,,,,,,,,,,,,0.6972183585166931,0.24477927386760712,0.41465774178504944,-0.15254990756511688,-0.002744152909144759,0.003164162626489997,0.03451605699956417,0.6533436710555417,0.22900876533175715,0.3923145679306892,-0.1420333436148403,-0.0020435778474866143,-0.003275724633674996,,,,,,,,,,,,
5.106980249267072,grasp,,,,,,,,,,,,,,,,,,,,,0.6756309866905212,0.2374861240386963,0.4023524522781372,-0.14745892584323883,-0.0012019030982628465,0.003072052728384733,0.03451605699956417,0.6533436710555417,0.22900876533175715,0.3923145679306892,-0.1420333436148403,-0.0020435778474866143,-0.003275724633674996,,,,,,,,,,,,
5.1269802492670715,grasp,,,,,,,,,,,,,,,,,,,,,0.6362015604972839,0.2236202508211136,0.3798214793205261,-0.13791605830192566,-0.003064686432480812,0.0030239522457122803,0.03451605699956417,0.5937195017863559,0.2083139012369053,0.35827913884156254,-0.12773156245920597,-0.002388002270620341,-0.0034121402373926157,,,,,,,,,,,,
5.146980249267072,grasp,,,,,,,,,,,,,,,,,,,,,0.6153022050857544,0.2165554016828537,0.3679030239582062,-0.13298603892326355,-0.0015743355033919215,0.002934784162789583,0.03451605699956417,0.5937195017863559,0.2083139012369053,0.35827913884156254,-0.12773156245920597,-0.002388002270620341,-0.0034121402373926157,,,,,,,,,,,,
5.166980249267072,grasp,,,,,,,,,,,,,,,,,,,,,0.5772960186004639,0.20318187773227692,0.3461882174015045,-0.12378837913274765,-0.003370134625583887,0.0028885118663311005,0.03451605699956417,0.5363520877029575,0.18838921886579277,0.3255312552418314,-0.11397102511518563,-0.0027193917868735414,-0.0035433929462138736,,,,,,,,,,,,
5.186980249267072,grasp,,,,,,,,,,,,,,,,,,,,,0.5571556687355042,0.19636936485767365,0.33469775319099426,-0.11903636157512665,-0.001936462358571589,0.0028026108630001545,0.03451605699956417,0.5363520877029575,0.18838921886579277,0.3255312552418314,-0.11397102511518563,-0.0027193917868735414,-0.0035433929462138736,,,,,,,,,,,,
5.206980249267072,grasp,,,,,,,,,,,,,,,,,,,,,0.5207008123397827,0.18353259563446045,0.31387174129486084,-0.1102147251367569,-0.0036595419514924288,0.00275832018814981,0.03451605699956417,0.48143092979407587,0.16930004461790837,0.29417899904285516,-0.10079714638064115,-0.003036651709596022,-0.0036690489568418235,,,,,,,,,,,,
5.226980249267072,grasp,,,,,,,,,,,,,,,,,,,,,0.5013853907585144,0.17699487507343292,0.3028481602668762,-0.10565658658742905,-0.002287098206579685,0.002675965428352356,0.03451605699956417,0.48143092979407587,0.16930004461790837,0.29417899904285516,-0.10079714638064115,-0.003036651709596022,-0.0036690489568418235,,,,,,,,,,,,
5.246980249267072,grasp,,,,,,,,,,,,,,,,,,,,,0.4665991961956024,0.164735808968544,0.2829776704311371,-0.0972391813993454,-0.003932599443942308,0.002633630530908704,0.03451605699956417,0.4291301114166045,0.15110653382308878,0.2643217126272282,-0.08825166655308865,-0.003338776259261251,-0.003788709709936485,,,,,,,,,,,,
5.266980249267072,grasp,,,,,,,,,,,,,,,,,,,,,0.44817090034484863,0.1584937870502472,0.27245694398880005,-0.09288961440324783,-0.0026244409382343292,0.0025550471618771553,0.03451605699956417,0.4291301114166045,0.15110653382308878,0.2643217126272282,-0.08825166655308865,-0.003338776259261251,-0.003788709709936485,,,,,,,,,,,,
5.286980249267072,grasp,,,,,,,,,,,,,,,,,,,,,0.4151606559753418,0.14684981107711792,0.25360316038131714,-0.08490226417779922,-0.004185629542917013,0.0025150778237730265,0.03451605699956417,0.3796068642279503,0.1338630884963403,0.2360491280767523,-0.07637228403633721,-0.0036248597608957134,-0.0039020172922299905,,,,,,,,,,,,
5.306980249267072,grasp,,,,,,,,,,,,,,,,,,,,,0.3976757526397705,0.14092205464839935,0.2436174750328064,-0.08077465742826462,-0.0029488811269402504,0.0024405773729085922,0.03451605699956417,0.3796068642279503,0.1338630884963403,0.2360491280767523,-0.07637228403633721,-0.0036248597608957134,-0.0039020172922299905,,,,,,,,,,,,
5.326980249267072,grasp,,,,,,,,,,,,,,,,,,,,,0.36653682589530945,0.12992674112319946,0.22583381831645966,-0.07324028760194778,-0.004423242527991533,0.0024028681218624115,0.03451605699956417,0.33300014382839327,0.11761774059294797,0.20944049946345566,-0.06519229075813515,-0.003894100947219041,-0.0040086541789422165,,,,,,,,,,,,
5.346980249267072,grasp,,,,,,,,,,,,,,,,,,,,,0.3500446081161499,0.12433023005723953,0.2164127230644226,-0.06934653222560883,-0.003258346114307642,0.0023326135706156492,0.03451605699956417,0.33300014382839327,0.11761774059294797,0.20944049946345566,-0.06519229075813515,-0.003894100947219041,-0.0040086541789422165,,,,,,,,,,,,
5.366980249267072,grasp,,,,,,,,,,,,,,,,,,,,,0.32085996866226196,0.11401206254959106,0.1997465342283249,-0.06228502839803696,-0.004639679100364447,0.0022973529994487762,0.03451605699956417,0.2894291887216356,0.10241142327411011,0.18456380437592518,-0.054740276377392066,-0.004145810991669777,-0.004108347281873702,,,,,,,,,,,,
5.386980249267072,grasp,,,,,,,,,,,,,,,,,,,,,0.3054041266441345,0.10876128077507019,0.19091470539569855,-0.05863547325134277,-0.0035517304204404354,0.0022315452806651592,0.03451605699956417,0.2894291887216356,0.10241142327411011,0.18456380437592518,-0.054740276377392066,-0.004145810991669777,-0.004108347281873702,,,,,,,,,,,,
5.406980249267072,grasp,,,,,,,,,,,,,,,,,,,,,0.27824288606643677,0.09914465993642807,0.1754046231508255,-0.052063409239053726,-0.004839871544390917,0.002198775764554739,0.03451605699956417,0.24899191447976862,0.08827790889971905,0.161474872227388,-0.045039725438282205,-0.004379423777083871,-0.004200872619943696,,,,,,,,,,,,
5.426980249267071,grasp,,,,,,,,,,,,,,,,,,,,,0.26385900378227234,0.09425145387649536,0.16718436777591705,-0.04866671562194824,-0.003826354630291462,0.0021376123186200857,0.03451605699956417,0.24899191447976862,0.08827790889971905,0.161474872227388,-0.045039725438282205,-0.004379423777083871,-0.004200872619943696,,,,,,,,,,,,
5.446980249267072,grasp,,,,,,,,,,,,,,,,,,,,,0.238776296377182,0.08535558730363846,0.15286141633987427,-0.04259729012846947,-0.0050199637189507484,0.002107387874275446,0.03451605699956417,0.21176329414179276,0.07524373842690182,0.14021653848630045,-0.036108618645482385,-0.004594506683189106,-0.004286058655771503,,,,,,,,,,,,
5.466980249267072,grasp,,,,,,,,,,,,,,,,,,,,,0.22549325227737427,0.08082979172468185,0.1452687531709671,-0.03946024179458618,-0.004086822737008333,0.002050854731351137,0.03451605699956417,0.21176329414179276,0.07524373842690182,0.14021653848630045,-0.036108618645482385,-0.004594506683189106,-0.004286058655771503,,,,,,,,,,,,
5.486980249267072,grasp,,,,,,,,,,,,,,,,,,,,,0.2025269865989685,0.07266918569803238,0.13215531408786774,-0.033902741968631744,-0.005178799852728844,0.0020232568494975567,0.03451605699956417,0.1777937582724159,0.06332824810325799,0.12081769075966273,-0.02795906201707623,-0.004790768332790432,-0.004363789848275355,,,,,,,,,,,,
5.506980249267071,grasp,,,,,,,,,,,,,,,,,,,,,0.19036543369293213,0.06851790100336075,0.12520283460617065,-0.03103022649884224,-0.004328148439526558,0.0019715900998562574,0.03451605699956417,0.1777937582724159,0.06332824810325799,0.12081769075966273,-0.02795906201707623,-0.004790768332790432,-0.004363789848275355,,,,,,,,,,,,
5.526980249267072,grasp,,,,,,,,,,,,,,,,,,,,,0.16953788697719574,0.061101797968149185,0.11331095546483994,-0.025989973917603493,-0.005319677293300629,0.0019466078374534845,0.03451605699956417,0.14710796948547766,0.052542092436259055,0.1032925501756466,-0.020596987865166293,-0.004968065704544302,-0.004434010239850543,,,,,,,,,,,,
5.546980249267072,grasp,,,,,,,,,,,,,,,,,,,,,0.15850922465324402,0.05732947960495949,0.1070055365562439,-0.023384787142276764,-0.004551131743937731,0.0018998004961758852,0.03451605699956417,0.14710796948547766,0.052542092436259055,0.1032925501756466,-0.020596987865166293,-0.004968065704544302,-0.004434010239850543,,,,,,,,,,,,
5.566980249267072,grasp,,,,,,,,,,,,,,,,,,,,,0.1398252695798874,0.05066060274839401,0.09633748978376389,-0.01886293664574623,-0.005441882647573948,0.0018773936899378896,0.03451605699956417,0.1197036753540565,0.04288564329590114,0.08763989499113622,-0.01402185994655919,-0.0051264120553136125,-0.004496725238809799,,,,,,,,,,,,
5.5869802492670715,grasp,,,,,,,,,,,,,,,,,,,,,0.12993207573890686,0.047268517315387726,0.09068084508180618,-0.01652567833662033,-0.004755592439323664,0.0018354321364313364,0.03451605699956417,0.1197036753540565,0.04288564329590114,0.08763989499113622,-0.01402185994655919,-0.0051264120553136125,-0.004496725238809799,,,,,,,,,,,,
5.606980249267072,grasp,,,,,,,,,,,,,,,,,,,,,0.1133788600564003,0.04133996367454529,0.08122885972261429,-0.012519112788140774,-0.005545651540160179,0.001815674128010869,0.03451605699956417,0.09555180736688386,0.03434310125604899,0.07384265557971524,-0.008226666092384633,-0.005265976558069889,-0.00455200176550643,,,,,,,,,,,,
5.626980249267072,grasp,,,,,,,,,,,,,,,,,,,,,0.10461421310901642,0.038324352353811264,0.07621745765209198,-0.01044820249080658,-0.004939213860780001,0.001778621575795114,0.03451605699956417,0.09555180736688386,0.03434310125604899,0.07384265557971524,-0.008226666092384633,-0.005265976558069889,-0.00455200176550643,,,,,,,,,,,,
5.646980249267072,grasp,,,,,,,,,,,,,,,,,,,,,0.0901593416929245,0.03312506526708603,0.06796211004257202,-0.006949028931558132,-0.005633064545691013,0.0017613768577575684,0.03451605699956417,0.07459120068247037,0.026895071507782736,0.06186598274555738,-0.003196789406577272,-0.0053871103168780035,-0.004599978568586176,,,,,,,,,,,,
5.666980249267072,grasp,,,,,,,,,,,,,,,,,,,,,0.0825057327747345,0.030480148270726204,0.06358598917722702,-0.0051403953693807125,-0.005106061697006226,0.0017289817333221436,0.03451605699956417,0.07459120068247037,0.026895071507782736,0.06186598274555738,-0.003196789406577272,-0.0053871103168780035,-0.004599978568586176,,,,,,,,,,,,
5.686980249267072,grasp,,,,,,,,,,,,,,,,,,,,,0.07009477913379669,0.025993352755904198,0.056497443467378616,-0.0021356604993343353,-0.005699667613953352,0.0017142597353085876,0.03451605699956417,0.056728366246045415,0.020513596414736702,0.05165681181442325,0.0010901255442914487,-0.005490351616688946,-0.004640868778630157,,,,,,,,,,,,
5.7069802492670725,grasp,,,,,,,,,,,,,,,,,,,,,0.06352502107620239,0.023710601031780243,0.052740678191185,-0.000582666601985693,-0.0052566323429346085,0.0016866425285115838,0.03451605699956417,0.056728366246045415,0.020513596414736702,0.05165681181442325,0.0010901255442914487,-0.005490351616688946,-0.004640868778630157,,,,,,,,,,,,
5.726980249267072,grasp,,,,,,,,,,,,,,,,,,,,,0.05308334901928902,0.019910039380192757,0.04677584022283554,0.001945579657331109,-0.005753441713750362,0.001674123341217637,0.03451605699956417,0.04183849975568741,0.01515328746474149,0.04314372184775746,0.004664023307274678,-0.005576422308369788,-0.00467495839214115,,,,,,,,,,,,
5.746980249267072,grasp,,,,,,,,,,,,,,,,,,,,,0.04755714163184166,0.017975911498069763,0.04361607879400253,0.0032522492110729218,-0.005383794195950031,0.0016510164132341743,0.03451605699956417,0.04183849975568741,0.01515328746474149,0.04314372184775746,0.004664023307274678,-0.005576422308369788,-0.00467495839214115,,,,,,,,,,,,
5.766980249267071,grasp,,,,,,,,,,,,,,,,,,,,,0.03898715227842331,0.01483601238578558,0.038719285279512405,0.0053277816623449326,-0.005792733281850815,0.0016408232040703297,0.03451605699956417,0.029756493910236513,0.010776210289998166,0.03623392419993049,0.007564284740575263,-0.0056462692405244595,-0.004702622513831012,,,,,,,,,,,,
5.786980249267072,grasp,,,,,,,,,,,,,,,,,,,,,0.034452151507139206,0.013237712904810905,0.03612634539604187,0.006400431506335735,-0.00549669424071908,0.0016219710232689977,0.03451605699956417,0.029756493910236513,0.010776210289998166,0.03623392419993049,0.007564284740575263,-0.0056462692405244595,-0.004702622513831012,,,,,,,,,,,,
5.806980249267072,grasp,,,,,,,,,,,,,,,,,,,,,0.027629854157567024,0.01072785910218954,0.03222781419754028,0.008052916266024113,-0.0058203269727528095,0.0016137909842655063,0.03451605699956417,0.0202807583720205,0.007333117281304225,0.030813907297883917,0.009839032093354301,-0.005701051974570438,-0.004724320115860315,,,,,,,,,,,,
5.826980249267072,grasp,,,,,,,,,,,,,,,,,,,,,0.024020344018936157,0.009449586272239685,0.030164938420057297,0.008906898088753223,-0.005588151514530182,0.0015989007661119103,0.03451605699956417,0.0202807583720205,0.007333117281304225,0.030813907297883917,0.009839032093354301,-0.005701051974570438,-0.004724320115860315,,,,,,,,,,,,
5.846980249267071,grasp,,,,,,,,,,,,,,,,,,,,,0.018801406025886536,0.007521090563386679,0.02718258649110794,0.01017124392092228,-0.005837028380483389,0.0015926905907690525,0.03451605699956417,0.013178472230556683,0.004740647942258102,0.02675059053503816,0.01154414268541039,-0.005742116550085108,-0.004740584085578787,,,,,,,,,,,,
5.866980249267072,grasp,,,,,,,,,,,,,,,,,,,,,0.016040990129113197,0.006537941284477711,0.02560579590499401,0.010824589058756828,-0.00566414138302207,0.0015814255457371473,0.03451605699956417,0.013178472230556683,0.004740647942258102,0.02675059053503816,0.01154414268541039,-0.005742116550085108,-0.004740584085578787,,,,,,,,,,,,
5.886980249267072,grasp,,,,,,,,,,,,,,,,,,,,,0.01225475873798132,0.005136091727763414,0.023442575708031654,0.011741993017494678,-0.005844338331371546,0.0015769480960443616,0.03451605699956417,0.008174515143727357,0.0029129228931140034,0.023887669126076823,0.012745501945432312,-0.0057710491256142745,-0.004752043395720264,,,,,,,,,,,,
5.906980249267072,grasp,,,,,,,,,,,,,,,,,,,,,0.010253655724227428,0.004420422948896885,0.022300053387880325,0.012215958908200264,-0.00572735583409667,0.0015689197462052107,0.03451605699956417,0.008174515143727357,0.0029129228931140034,0.023887669126076823,0.012745501945432312,-0.0057710491256142745,-0.004752043395720264,,,,,,,,,,,,
5.926980249267071,grasp,,,,,,,,,,,,,,,,,,,,,0.007704726420342922,0.003475495846942067,0.0208443533629179,0.012833588756620884,-0.0058460235595703125,0.0015657831681892276,0.03451605699956417,0.0049571807711303205,0.0017370537215097813,0.02204687720336408,0.013517933725691515,-0.005789651722579969,-0.004759411420904851,,,,,,,,,,,,
5.946980249267072,grasp,,,,,,,,,,,,,,,,,,,,,0.006358965765684843,0.0029923925176262856,0.020077360793948174,0.013152592815458775,-0.005771701689809561,0.0015605769585818052,0.03451605699956417,0.0049571807711303205,0.0017370537215097813,0.02204687720336408,0.013517933725691515,-0.005789651722579969,-0.004759411420904851,,,,,,,,,,,,
5.966980249267072,grasp,,,,,,,,,,,,,,,,,,,,,0.004826756194233894,0.0024233476724475622,0.01920304261147976,0.0135240089148283,-0.005843795835971832,0.001558727235533297,0.03451605699956417,0.003173001805166678,0.0010849860191694852,0.021026062307917228,0.013946286724078551,-0.005799967656307945,-0.004763497017970246,,,,,,,,,,,,
5.986980249267072,grasp,,,,,,,,,,,,,,,,,,,,,0.004018844570964575,0.0021321470849215984,0.018743859604001045,0.013715758919715881,-0.00580458203330636,0.001555696944706142,0.03451605699956417,0.003173001805166678,0.0010849860191694852,0.021026062307917228,0.013946286724078551,-0.005799967656307945,-0.004763497017970246,,,,,,,,,,,,
6.006980249267071,grasp,,,,,,,,,,,,,,,,,,,,,0.003253946313634515,0.0018474693642929196,0.01830817386507988,0.013901278376579285,-0.005840265192091465,0.0015547695802524686,0.03451605699956417,0.002425615676020909,0.0008118371943808989,0.02059844695021113,0.014125721886803187,-0.005804288885412858,-0.004765208399756946,,,,,,,,,,,,
6.026980249267072,grasp,,,,,,,,,,,,,,,,,,,,,0.0028518494218587875,0.001701357658021152,0.018080811947584152,0.013996985740959644,-0.005826495587825775,0.001553442096337676,0.03451605699956417,0.002425615676020909,0.0008118371943808989,0.02059844695021113,0.014125721886803187,-0.005804288885412858,-0.004765208399756946,,,,,,,,,,,,
6.046980249267072,grasp,,,,,,,,,,,,,,,,,,,,,0.0025759476702660322,0.0015982183394953609,0.017924899235367775,0.014063884504139423,-0.005838650744408369,0.0015530814416706562,0.03451605699956417,0.0022739638826450737,0.0007564126746564515,0.020511680059719383,0.014162130708095712,-0.005805165647460859,-0.004765555627173431,,,,,,,,,,,,
6.055705560850911,grasp,,,,,,,,,,,,,,,,,,,,,0.0024297540076076984,0.0015447160694748163,0.01784435100853443,0.01409847941249609,-0.005839081946760416,0.0015527255600318313,0.03451605699956417,0.0022726994939148426,0.0007559505756944418,0.020510956645011902,0.01416243426501751,-0.005805172957479954,-0.004765558522194624,,,,,,,,,,,,
0.0,grasp,,,,,,,,,,,,,,,,,,,,,,,,,,,5.5667168453510385e-05,,,,,,,0.043,,,,,,,,,,,
0.02,grasp,,,,,,,,,,,,,,,,,,,,,,,,,,,7.018283213255927e-05,,,,,,,0.043,,,,,,,,,,,
0.04,grasp,,,,,,,,,,,,,,,,,,,,,,,,,,,0.00016532967856619507,,,,,,,0.043,,,,,,,,,,,
0.06,grasp,,,,,,,,,,,,,,,,,,,,,,,,,,,0.0003934868727810681,,,,,,,0.043,,,,,,,,,,,
0.08,grasp,,,,,,,,,,,,,,,,,,,,,,,,,,,0.0007782205357216299,,,,,,,0.043,,,,,,,,,,,
0.1,grasp,,,,,,,,,,,,,,,,,,,,,,,,,,,0.0013505147653631866,,,,,,,0.043,,,,,,,,,,,
0.12,grasp,,,,,,,,,,,,,,,,,,,,,,,,,,,0.0021283122478052974,,,,,,,0.043,,,,,,,,,,,
0.14,grasp,,,,,,,,,,,,,,,,,,,,,,,,,,,0.0031175405019894242,,,,,,,0.043,,,,,,,,,,,
0.16,grasp,,,,,,,,,,,,,,,,,,,,,,,,,,,0.004322475753724575,,,,,,,0.043,,,,,,,,,,,
0.18,grasp,,,,,,,,,,,,,,,,,,,,,,,,,,,0.005737966625019908,,,,,,,0.043,,,,,,,,,,,
0.2,grasp,,,,,,,,,,,,,,,,,,,,,,,,,,,0.007352843647822738,,,,,,,0.043,,,,,,,,,,,
0.22,grasp,,,,,,,,,,,,,,,,,,,,,,,,,,,0.009152363054454327,,,,,,,0.043,,,,,,,,,,,
0.24,grasp,,,,,,,,,,,,,,,,,,,,,,,,,,,0.011116031091660261,,,,,,,0.043,,,,,,,,,,,
0.26,grasp,,,,,,,,,,,,,,,,,,,,,,,,,,,0.013219831511378288,,,,,,,0.043,,,,,,,,,,,
0.28,grasp,,,,,,,,,,,,,,,,,,,,,,,,,,,0.015436738263815641,,,,,,,0.043,,,,,,,,,,,
0.3,grasp,,,,,,,,,,,,,,,,,,,,,,,,,,,0.017737317830324173,,,,,,,0.043,,,,,,,,,,,
0.32,grasp,,,,,,,,,,,,,,,,,,,,,,,,,,,0.0200900761410594,,,,,,,0.043,,,,,,,,,,,
0.34,grasp,,,,,,,,,,,,,,,,,,,,,,,,,,,0.022462794557213783,,,,,,,0.043,,,,,,,,,,,
0.36,grasp,,,,,,,,,,,,,,,,,,,,,,,,,,,0.024822588078677654,,,,,,,0.043,,,,,,,,,,,
0.38,grasp,,,,,,,,,,,,,,,,,,,,,,,,,,,0.027136821299791336,,,,,,,0.043,,,,,,,,,,,
0.4,grasp,,,,,,,,,,,,,,,,,,,,,,,,,,,0.029373922385275364,,,,,,,0.043,,,,,,,,,,,
0.42,grasp,,,,,,,,,,,,,,,,,,,,,,,,,,,0.031504301354289055,,,,,,,0.043,,,,,,,,,,,
0.44,grasp,,,,,,,,,,,,,,,,,,,,,,,,,,,0.03349962644279003,,,,,,,0.043,,,,,,,,,,,
0.46,grasp,,,,,,,,,,,,,,,,,,,,,,,,,,,0.03533568046987057,,,,,,,0.043,,,,,,,,,,,
0.48,grasp,,,,,,,,,,,,,,,,,,,,,,,,,,,0.03699146583676338,,,,,,,0.043,,,,,,,,,,,
0.5,grasp,,,,,,,,,,,,,,,,,,,,,,,,,,,0.038450174033641815,,,,,,,0.043,,,,,,,,,,,
0.52,grasp,,,,,,,,,,,,,,,,,,,,,,,,,,,0.0397003460675478,,,,,,,0.043,,,,,,,,,,,
0.54,grasp,,,,,,,,,,,,,,,,,,,,,,,,,,,0.040735846385359764,,,,,,,0.043,,,,,,,,,,,
0.56,grasp,,,,,,,,,,,,,,,,,,,,,,,,,,,0.041557447984814644,,,,,,,0.043,,,,,,,,,,,
0.58,grasp,,,,,,,,,,,,,,,,,,,,,,,,,,,0.042172595858573914,,,,,,,0.043,,,,,,,,,,,
0.6,grasp,,,,,,,,,,,,,,,,,,,,,,,,,,,0.04259653948247433,,,,,,,0.043,,,,,,,,,,,
0.62,grasp,,,,,,,,,,,,,,,,,,,,,,,,,,,0.042853137478232384,,,,,,,0.043,,,,,,,,,,,
0.64,grasp,,,,,,,,,,,,,,,,,,,,,,,,,,,0.04297531209886074,,,,,,,0.043,,,,,,,,,,,
0.66,grasp,,,,,,,,,,,,,,,,,,,,,,,,,,,0.043005598708987236,,,,,,,0.043,,,,,,,,,,,
0.68,grasp,,,,,,,,,,,,,,,,,,,,,,,,,,,0.04299834556877613,,,,,,,0.043,,,,,,,,,,,
0.68,grasp,,,,,,,,,,,,,,,,,,,,,0.0019036245066672564,0.001082122209481895,0.019413989037275314,0.0135090546682477,-0.004636094439774752,-0.004861568100750446,0.04299834556877613,0.0019033374264836311,0.0005484923021867871,0.021500088274478912,0.013528776355087757,-0.004629034083336592,-0.004861714318394661,,,,,,,,,,,,
0.7000000000000001,grasp,,,,,,,,,,,,,,,,,,,,,0.0019036255544051528,0.0010866527445614338,0.019396590068936348,0.013508876785635948,-0.004636096302419901,-0.004861561581492424,0.04299834556877613,0.0019033374264836311,0.0005484923021867871,0.021500088274478912,0.013528776355087757,-0.004629034083336592,-0.004861714318394661,,,,,,,,,,,,
0.7200000000000001,grasp,,,,,,,,,,,,,,,,,,,,,0.001998662017285824,0.001122628222219646,0.01944955624639988,0.01347616408020258,-0.004634281620383263,-0.004861326422542334,0.04299834556877613,0.002103801698388248,0.0006178850923623727,0.021628674859080228,0.013461467917549803,-0.004627150169168985,-0.004861197134063072,,,,,,,,,,,,
0.74,grasp,,,,,,,,,,,,,,,,,,,,,0.002048763446509838,0.0011408457066863775,0.01947825960814953,0.013459315523505211,-0.004634615033864975,-0.004861175082623959,0.04299834556877613,0.002103801698388248,0.0006178850923623727,0.021628674859080228,0.013461467917549803,-0.004627150169168985,-0.004861197134063072,,,,,,,,,,,,
0.76,grasp,,,,,,,,,,,,,,,,,,,,,0.0027243930380791426,0.001376773463562131,0.01990908943116665,0.013230700977146626,-0.00462115416303277,-0.004859577864408493,0.04299834556877613,0.0034552508032303403,0.0010857032828517615,0.022495561413375595,0.013007706274647333,-0.0046144473106349004,-0.004857709634648443,,,,,,,,,,,,
0.78,grasp,,,,,,,,,,,,,,,,,,,,,0.003074872540310025,0.001497169490903616,0.020139159634709358,0.013112901709973812,-0.00462461868301034,-0.004858522675931454,0.04299834556877613,0.0034552508032303403,0.0010857032828517615,0.022495561413375595,0.013007706274647333,-0.0046144473106349004,-0.004857709634648443,,,,,,,,,,,,
0.8,grasp,,,,,,,,,,,,,,,,,,,,,0.0049555981531739235,0.0021468389313668013,0.021338121965527534,0.012479943223297596,-0.004588805139064789,-0.004854063969105482,0.04299834556877613,0.006971251123236538,0.0023028037915449884,0.024750895643237802,0.011827176433555879,-0.00458139837226643,-0.004848636237610565,,,,,,,,,,,,
0.8200000000000001,grasp,,,,,,,,,,,,,,,,,,,,,0.005931149236857891,0.0024790114257484674,0.02197778970003128,0.012153870426118374,-0.004597781226038933,-0.004851149395108223,0.04299834556877613,0.006971251123236538,0.0023028037915449884,0.024750895643237802,0.011827176433555879,-0.00458139837226643,-0.004848636237610565,,,,,,,,,,,,
0.8400000000000001,grasp,,,,,,,,,,,,,,,,,,,,,0.009600652381777763,0.0037516653537750244,0.024317115545272827,0.010919556021690369,-0.004530301783233881,-0.004842410329729319,0.04299834556877613,0.013522013555511917,0.004568032306213863,0.028952745397808573,0.009627725661211282,-0.004519824871147743,-0.004831731590652909,,,,,,,,,,,,
0.8600000000000001,grasp,,,,,,,,,,,,,,,,,,,,,0.011503311805427074,0.004397483542561531,0.02556152455508709,0.01028371974825859,-0.004546058364212513,-0.004836766980588436,0.04299834556877613,0.013522013555511917,0.004568032306213863,0.028952745397808573,0.009627725661211282,-0.004519824871147743,-0.004831731590652909,,,,,,,,,,,,
0.8800000000000001,grasp,,,,,,,,,,,,,,,,,,,,,0.01747221127152443,0.006465861573815346,0.029367029666900635,0.008276251144707203,-0.004438797943294048,-0.004822485148906708,0.04299834556877613,0.02384242230684469,0.008124996678898095,0.03557192878753446,0.0061627425749863915,-0.004422822862747744,-0.00480510007315339,,,,,,,,,,,,
0.9,grasp,,,,,,,,,,,,,,,,,,,,,0.020565979182720184,0.007515682838857174,0.03138786554336548,0.007242122199386358,-0.0044623385183513165,-0.004813356325030327,0.04299834556877613,0.02384242230684469,0.008124996678898095,0.03557192878753446,0.0061627425749863915,-0.004422822862747744,-0.00480510007315339,,,,,,,,,,,,
0.92,grasp,,,,,,,,,,,,,,,,,,,,,0.029264384880661964,0.010512362234294415,0.03693284094333649,0.004317012149840593,-0.0043084947392344475,-0.00479248259216547,0.04299834556877613,0.038540994655266954,0.013155100051286867,0.04499721920481782,0.001228271964598045,-0.004284681920606059,-0.004767173603243183,,,,,,,,,,,,
0.9400000000000001,grasp,,,,,,,,,,,,,,,,,,,,,0.033771760761737823,0.01203407347202301,0.03987422212958336,0.002810174133628607,-0.004340484272688627,-0.004779243376106024,0.04299834556877613,0.038540994655266954,0.013155100051286867,0.04499721920481782,0.001228271964598045,-0.004284681920606059,-0.004767173603243183,,,,,,,,,,,,
0.9600000000000001,grasp,,,,,,,,,,,,,,,,,,,,,0.04555049166083336,0.01605282723903656,0.04738078638911247,-0.0011502199340611696,-0.004134526941925287,-0.004750906955450773,0.04299834556877613,0.05810661407612131,0.019779029426275123,0.05753961949252174,-0.0053392355971927,-0.004100822812497436,-0.004716695213493435,,,,,,,,,,,,
0.98,grasp,,,,,,,,,,,,,,,,,,,,,0.05165290832519531,0.01809406839311123,0.05135967954993248,-0.003190380986779928,-0.004175434820353985,-0.00473305769264698,0.04299834556877613,0.05810661407612131,0.019779029426275123,0.05753961949252174,-0.0053392355971927,-0.004100822812497436,-0.004716695213493435,,,,,,,,,,,,
1.0,grasp,,,,,,,,,,,,,,,,,,,,,0.06678502261638641,0.023197924718260765,0.06100034341216087,-0.008277486078441143,-0.003913171589374542,-0.004696581978350878,0.04299834556877613,0.08291104492316681,0.02807500326602497,0.07343496768794117,-0.013663969006944717,-0.0038677673940542283,-0.00465270961396773,,,,,,,,,,,,
1.02,grasp,,,,,,,,,,,,,,,,,,,,,0.07462369650602341,0.02579069696366787,0.06610723584890366,-0.010898066684603691,-0.003963206894695759,-0.004673731047660112,0.04299834556877613,0.08291104492316681,0.02807500326602497,0.07343496768794117,-0.013663969006944717,-0.0038677673940542283,-0.00465270961396773,,,,,,,,,,,,
1.04,grasp,,,,,,,,,,,,,,,,,,,,,0.09330400079488754,0.03203193098306656,0.07800570130348206,-0.017177170142531395,-0.0036418065428733826,-0.004628621973097324,0.04299834556877613,0.11320694008110375,0.03811607983957791,0.09284479318791986,-0.023830539942561804,-0.0035831455857719373,-0.004574564671363552,,,,,,,,,,,,
1.06,grasp,,,,,,,,,,,,,,,,,,,,,0.10297949612140656,0.0352029986679554,0.08430507779121399,-0.020411813631653786,-0.003700976027175784,-0.004600505344569683,0.04299834556877613,0.11320694008110375,0.03811607983957791,0.09284479318791986,-0.023830539942561804,-0.0035831455857719373,-0.004574564671363552,,,,,,,,,,,,
1.08,grasp,,,,,,,,,,,,,,,,,,,,,0.12532997131347656,0.042620278894901276,0.09853937476873398,-0.027923839166760445,-0.0033188012894243,-0.0045464434660971165,0.04299834556877613,0.14913943133253466,0.04995336938149217,0.11586251796492097,-0.03588763011015792,-0.0032455938704503387,-0.004481885446194861,,,,,,,,,,,,
1.1,grasp,,,,,,,,,,,,,,,,,,,,,0.13690519332885742,0.04638957604765892,0.10607127100229263,-0.03179363161325455,-0.0033868025057017803,-0.004512903746217489,0.04299834556877613,0.14913943133253466,0.04995336938149217,0.11586251796492097,-0.03588763011015792,-0.0032455938704503387,-0.004481885446194861,,,,,,,,,,,,
1.12,grasp,,,,,,,,,,,,,,,,,,,,,0.16298145055770874,0.0550016313791275,0.12267720699310303,-0.040557216852903366,-0.00294342078268528,-0.004449730738997459,0.04299834556877613,0.19075628298512473,0.06360433875371609,0.14251893316296974,-0.04985124819263133,-0.0028546624598058913,-0.004374547690775495,,,,,,,,,,,,
1.1400000000000001,grasp,,,,,,,,,,,,,,,,,,,,,0.17648497223854065,0.05937899276614189,0.13145940005779266,-0.04507177695631981,-0.003019809490069747,-0.004410718567669392,0.04299834556877613,0.19075628298512473,0.06360433875371609,0.14251893316296974,-0.04985124819263133,-0.0028546624598058913,-0.004374547690775495,,,,,,,,,,,,
1.1600000000000001,grasp,,,,,,,,,,,,,,,,,,,,,0.20628200471401215,0.0691797286272049,0.1504339873790741,-0.05508516728878021,-0.0025157767813652754,-0.004338415805250406,0.04299834556877613,0.2380166120427797,0.07904636199315528,0.17278728521352857,-0.06570755647966169,-0.0024107350086765636,-0.0042526570207921215,,,,,,,,,,,,
1.1800000000000002,grasp,,,,,,,,,,,,,,,,,,,,,0.22171106934547424,0.0741623193025589,0.1604633629322052,-0.06024354323744774,-0.0025999590288847685,-0.004293960519134998,0.04299834556877613,0.2380166120427797,0.07904636199315528,0.17278728521352857,-0.06570755647966169,-0.0024107350086765636,-0.0042526570207921215,,,,,,,,,,,,
1.2000000000000002,grasp,,,,,,,,,,,,,,,,,,,,,0.25516602396965027,0.08512911945581436,0.18176701664924622,-0.07148556411266327,-0.0020368441473692656,-0.0042126658372581005,0.04299834556877613,0.29079323508213095,0.09623650674769497,0.2065859055816902,-0.08341384436375349,-0.0019150060709553637,-0.004116541468965196,,,,,,,,,,,,
1.2200000000000002,grasp,,,,,,,,,,,,,,,,,,,,,0.2724878489971161,0.09070583432912827,0.19302119314670563,-0.07727688550949097,-0.002128058113157749,-0.004162887576967478,0.04299834556877613,0.29079323508213095,0.09623650674769497,0.2065859055816902,-0.08341384436375349,-0.0019150060709553637,-0.004116541468965196,,,,,,,,,,,,
1.2400000000000002,grasp,,,,,,,,,,,,,,,,,,,,,0.30948421359062195,0.10280199348926544,0.21658028662204742,-0.08970839530229568,-0.0015082996105775237,-0.004072860348969698,0.04299834556877613,0.34887965400909776,0.11511172461666164,0.24378297179795627,-0.10290086675719509,-0.0013694158326458597,-0.003966733784482557,,,,,,,,,,,,
1.26,grasp,,,,,,,,,,,,,,,,,,,,,0.3286379873752594,0.10895445197820663,0.2290186733007431,-0.09611239284276962,-0.0016056012827903032,-0.004017948172986507,0.04299834556877613,0.34887965400909776,0.11511172461666164,0.24378297179795627,-0.10290086675719509,-0.0013694158326458597,-0.003966733784482557,,,,,,,,,,,,
1.28,grasp,,,,,,,,,,,,,,,,,,,,,0.3690115213394165,0.12212397903203964,0.2547290325164795,-0.10967807471752167,-0.0009324853890575469,-0.003919577691704035,0.04299834556877613,0.412000211093543,0.13557720107937163,0.2842018739342121,-0.12407597816793912,-0.0007765585534201347,-0.0038039446400865186,,,,,,,,,,,,
1.3,grasp,,,,,,,,,,,,,,,,,,,,,0.3899122178554535,0.12882401049137115,0.2682950794696808,-0.11666630953550339,-0.0010349416406825185,-0.0038598026148974895,0.04299834556877613,0.412000211093543,0.13557720107937163,0.2842018739342121,-0.12407597816793912,-0.0007765585534201347,-0.0038039446400865186,,,,,,,,,,,,
1.32,grasp,,,,,,,,,,,,,,,,,,,,,0.4334535002708435,0.14300096035003662,0.2960238456726074,-0.13129585981369019,-0.000312391814077273,-0.003753572702407837,0.04299834556877613,0.47981205402359156,0.15752784119964663,0.3276235221351519,-0.14682441943693877,-0.00013964345679646882,-0.003629055256254533,,,,,,,,,,,,
1.34,grasp,,,,,,,,,,,,,,,,,,,,,0.4559924006462097,0.15021514892578125,0.31064605712890625,-0.13883210718631744,-0.0004189424798823893,-0.003689262317493558,0.04299834556877613,0.47981205402359156,0.15752784119964663,0.3276235221351519,-0.14682441943693877,-0.00013964345679646882,-0.003629055256254533,,,,,,,,,,,,
1.36,grasp,,,,,,,,,,,,,,,,,,,,,0.5024526119232178,0.16531816124916077,0.34023517370224,-0.1544419676065445,0.00034847683855332434,-0.0035757659934461117,0.04299834556877613,0.5519161400397484,0.1808327213379828,0.37379238276908755,-0.17101238937483068,0.0005375881704037518,-0.0034430928934789874,,,,,,,,,,,,
1.3800000000000001,grasp,,,,,,,,,,,,,,,,,,,,,0.5265007615089417,0.17300556600093842,0.35582900047302246,-0.16248315572738647,0.00023894150217529386,-0.003507303074002266,0.04299834556877613,0.5519161400397484,0.1808327213379828,0.37379238276908755,-0.17101238937483068,0.0005375881704037518,-0.0034430928934789874,,,,,,,,,,,,
1.4,grasp,,,,,,,,,,,,,,,,,,,,,0.5755954384803772,0.18894360959529877,0.38709765672683716,-0.1789778769016266,0.0010461437050253153,-0.0033872323110699654,0.04299834556877613,0.6278611309888705,0.2053487227993587,0.42241963473435284,-0.19648859842991412,0.0012508910556458814,-0.003247223314547327,,,,,,,,,,,,
1.42,grasp,,,,,,,,,,,,,,,,,,,,,0.6010056138038635,0.19705785810947418,0.40356674790382385,-0.18747471272945404,0.0009346904698759317,-0.0033150429371744394,0.04299834556877613,0.6278611309888705,0.2053487227993587,0.42241963473435284,-0.19648859842991412,0.0012508910556458814,-0.003247223314547327,,,,,,,,,,,,
1.44,grasp,,,,,,,,,,,,,,,,,,,,,0.6524192690849304,0.2137288749217987,0.43631407618522644,-0.2047484666109085,0.0017761611379683018,-0.003189157461747527,0.04299834556877613,0.7071515745185566,0.23091629479966036,0.47318810104640935,-0.22308690264744951,0.0019956034003991113,-0.003042727089926504,,,,,,,,,,,,
1.46,grasp,,,,,,,,,,,,,,,,,,,,,0.6790285110473633,0.2222181111574173,0.45355191826820374,-0.21364650130271912,0.0016638339729979634,-0.0031135694589465857,0.04299834556877613,0.7071515745185566,0.23091629479966036,0.47318810104640935,-0.22308690264744951,0.0019956034003991113,-0.003042727089926504,,,,,,,,,,,,
1.48,grasp,,,,,,,,,,,,,,,,,,,,,0.7324188947677612,0.2395133078098297,0.4875602126121521,-0.23158416152000427,0.0025126494001597166,-0.0029804897494614124,0.04299834556877613,0.789253367158979,0.25736692427407387,0.5257559121677893,-0.2506281922170309,0.0027667214424507425,-0.002830977907119012,,,,,,,,,,,,
1.5,grasp,,,,,,,,,,,,,,,,,,,,,0.7600511908531189,0.2483222633600235,0.5054516196250916,-0.2408241629600525,0.002397384261712432,-0.002903296612203121,0.04299834556877613,0.789253367158979,0.25736692427407387,0.5257559121677893,-0.2506281922170309,0.0027667214424507425,-0.002830977907119012,,,,,,,,,,,,
1.52,grasp,,,,,,,,,,,,,,,,,,,,,0.8150529265403748,0.26612359285354614,0.5404883623123169,-0.25931715965270996,0.003257917007431388,-0.002764337696135044,0.04299834556877613,0.8736020183538008,0.28451776951567026,0.5797617320175084,-0.2789232828001593,0.0035589596553987023,-0.0026134274914159394,,,,,,,,,,,,
1.54,grasp,,,,,,,,,,,,,,,,,,,,,0.8435187935829163,0.2751920521259308,0.5589116215705872,-0.26882949471473694,0.003151418874040246,-0.002686769235879183,0.04299834556877613,0.8736020183538008,0.28451776951567026,0.5797617320175084,-0.2789232828001593,0.0035589596553987023,-0.0026134274914159394,,,,,,,,,,,,
1.56,grasp,,,,,,,,,,,,,,,,,,,,,0.8997507691383362,0.29337817430496216,0.5947335362434387,-0.2877642810344696,0.004043808206915855,-0.0025458650197833776,0.04299834556877613,0.959607284959338,0.31218341705158065,0.6348278645794954,-0.3077742301066289,0.00436675786787769,-0.0023916022229566003,,,,,,,,,,,,
1.58,grasp,,,,,,,,,,,,,,,,,,,,,0.9288521409034729,0.3026442527770996,0.6135609745979309,-0.29747235774993896,0.003947142045944929,-0.002466103294864297,0.04299834556877613,0.959607284959338,0.31218341705158065,0.6348278645794954,-0.3077742301066289,0.00436675786787769,-0.0023916022229566003,,,,,,,,,,,,
1.6,grasp,,,,,,,,,,,,,,,,,,,,,0.9859187006950378,0.32108789682388306,0.6499162912368774,-0.31668564677238464,0.004845232702791691,-0.002322956221178174,0.04299834556877613,1.0466618843103652,0.34016857807717443,0.6905656517592113,-0.33697740705776313,0.005184400193168019,-0.0021670724482270535,,,,,,,,,,,,
1.62,grasp,,,,,,,,,,,,,,,,,,,,,1.0154513120651245,0.3304866850376129,0.6690149307250977,-0.3265303075313568,0.00475308857858181,-0.0022425169590860605,0.04299834556877613,1.0466618843103652,0.34016857807717443,0.6905656517592113,-0.33697740705776313,0.005184400193168019,-0.0021670724482270535,,,,,,,,,,,,
1.6400000000000001,grasp,,,,,,,,,,,,,,,,,,,,,1.0729475021362305,0.3490583598613739,0.7056461572647095,-0.34586215019226074,0.005658142268657684,-0.002098402241244912,0.04299834556877613,1.1341468944471689,0.36827650005191825,0.7465788169006462,-0.366325297086151,0.006006090328706606,-0.0019414295933317684,,,,,,,,,,,,
1.6600000000000001,grasp,,,,,,,,,,,,,,,,,,,,,1.1027024984359741,0.35852381587028503,0.7248808145523071,-0.35578981041908264,0.005571030080318451,-0.002017389750108123,0.04299834556877613,1.1341468944471689,0.36827650005191825,0.7465788169006462,-0.366325297086151,0.006006090328706606,-0.0019414295933317684,,,,,,,,,,,,
1.6800000000000002,grasp,,,,,,,,,,,,,,,,,,,,,1.1602193117141724,0.3770928680896759,0.7615271806716919,-0.3751034736633301,0.006478079129010439,-0.0018738002981990576,0.04299834556877613,1.2214386020111423,0.396309294614332,0.8024683879775905,-0.3956087171642305,0.006825978360423664,-0.0017162810324248938,,,,,,,,,,,,
1.7000000000000002,grasp,,,,,,,,,,,,,,,,,,,,,1.189983606338501,0.3865582048892975,0.7807608246803284,-0.3850514888763428,0.006395369302481413,-0.0017924815183505416,0.04299834556877613,1.2214386020111423,0.396309294614332,0.8024683879775905,-0.3956087171642305,0.006825978360423664,-0.0017162810324248938,,,,,,,,,,,,
1.7200000000000002,grasp,,,,,,,,,,,,,,,,,,,,,1.2471116781234741,0.40499377250671387,0.8171609044075012,-0.40424370765686035,0.007312110625207424,-0.0016521221259608865,0.04299834556877613,1.3079155222389163,0.42406860578135486,0.8578369728554348,-0.42461943107889405,0.007638219338632493,-0.0014932325795300216,,,,,,,,,,,,
1.7400000000000002,grasp,,,,,,,,,,,,,,,,,,,,,1.2766733169555664,0.41439226269721985,0.8362581729888916,-0.4141290485858917,0.007231667172163725,-0.0015696638729423285,0.04299834556877613,1.3079155222389163,0.42406860578135486,0.8578369728554348,-0.42461943107889405,0.007638219338632493,-0.0014932325795300216,,,,,,,,,,,,
1.7600000000000002,grasp,,,,,,,,,,,,,,,,,,,,,1.3330072164535522,0.4325644373893738,0.8721537590026855,-0.43305715918540955,0.008133401162922382,-0.001432019635103643,0.04299834556877613,1.3929649729573808,0.451359216396617,0.9122926645081774,-0.4531519851098062,0.00843705807941833,-0.0012738661226480543,,,,,,,,,,,,
1.7800000000000002,grasp,,,,,,,,,,,,,,,,,,,,,1.362157940864563,0.4418296217918396,0.8909796476364136,-0.4428063631057739,0.008051536977291107,-0.0013500906061381102,0.04299834556877613,1.3929649729573808,0.451359216396617,0.9122926645081774,-0.4531519851098062,0.00843705807941833,-0.0012738661226480543,,,,,,,,,,,,
1.8000000000000003,grasp,,,,,,,,,,,,,,,,,,,,,1.4173005819320679,0.4596116244792938,0.9261178970336914,-0.4613353908061981,0.008930212818086147,-0.0012153182178735733,0.04299834556877613,1.4759897502367325,0.477991439560398,0.9654531971708622,-0.48100592768784567,0.009216893434756804,-0.0010597209954823666,,,,,,,,,,,,
1.8200000000000003,grasp,,,,,,,,,,,,,,,,,,,,,1.445833683013916,0.46867886185646057,0.9445399641990662,-0.47087910771369934,0.008853523060679436,-0.0011354543967172503,0.04299834556877613,1.4759897502367325,0.477991439560398,0.9654531971708622,-0.48100592768784567,0.009216893434756804,-0.0010597209954823666,,,,,,,,,,,,
1.8399999999999999,grasp,,,,,,,,,,,,,,,,,,,,,1.4994021654129028,0.48594820499420166,0.9786767363548279,-0.48887982964515686,0.00969558022916317,-0.0010035178856924176,0.04299834556877613,1.5564147362377188,0.5037822355434572,1.016950539426728,-0.5079886157429654,0.009972324049102494,-0.000852281165874906,,,,,,,,,,,,
1.8599999999999999,grasp,,,,,,,,,,,,,,,,,,,,,1.527120590209961,0.4947546124458313,0.9965681433677673,-0.4981512427330017,0.009622141718864441,-0.0009261150262318552,0.04299834556877613,1.5564147362377188,0.5037822355434572,1.016950539426728,-0.5079886157429654,0.009972324049102494,-0.000852281165874906,,,,,,,,,,,,
1.88,grasp,,,,,,,,,,,,,,,,,,,,,1.5787476301193237,0.5113941431045532,1.0294692516326904,-0.515500545501709,0.01042892038822174,-0.0007987908320501447,0.04299834556877613,1.633693590067924,0.5285579981336771,1.0664350534867657,-0.533917004147243,0.010698218257758319,-0.0006529565665620924,,,,,,,,,,,,
1.9,grasp,,,,,,,,,,,,,,,,,,,,,1.6054623126983643,0.5198800563812256,1.0467075109481812,-0.524436354637146,0.010361052118241787,-0.0007240902632474899,0.04299834556877613,1.633693590067924,0.5285579981336771,1.0664350534867657,-0.533917004147243,0.010698218257758319,-0.0006529565665620924,,,,,,,,,,,,
1.92,grasp,,,,,,,,,,,,,,,,,,,,,1.654802918434143,0.5357793569564819,1.0781545639038086,-0.5410187840461731,0.011129025369882584,-0.0006024702452123165,0.04299834556877613,1.7073152998238443,0.5521561154910052,1.1135803028761597,-0.5586197826815116,0.011389802728159893,-0.00046305906614857526,,,,,,,,,,,,
1.94,grasp,,,,,,,,,,,,,,,,,,,,,1.6803348064422607,0.5438885688781738,1.09462571144104,-0.5495596528053284,0.011067329905927181,-0.0005310564883984625,0.04299834556877613,1.7073152998238443,0.5521561154910052,1.1135803028761597,-0.5586197826815116,0.011389802728159893,-0.00046305906614857526,,,,,,,,,,,,
1.96,grasp,,,,,,,,,,,,,,,,,,,,,1.727070689201355,0.5589461326599121,1.1244149208068848,-0.5652679800987244,0.011792168952524662,-0.0004158250230830163,0.04299834556877613,1.7768111774407087,0.5744275006053317,1.1580862790754025,-0.5819402862422594,0.012042673532950443,-0.0002837957621793917,,,,,,,,,,,,
1.98,grasp,,,,,,,,,,,,,,,,,,,,,1.7512551546096802,0.5666268467903137,1.140013337135315,-0.5733588337898254,0.011736820451915264,-0.0003482220054138452,0.04299834556877613,1.7768111774407087,0.5744275006053317,1.1580862790754025,-0.5819402862422594,0.012042673532950443,-0.0002837957621793917,,,,,,,,,,,,
2.0,grasp,,,,,,,,,,,,,,,,,,,,,1.7951581478118896,0.5807170867919922,1.1679991483688354,-0.5881693959236145,0.012417308986186981,-0.000239962522755377,0.04299834556877613,1.8418835931574085,0.5951695338409128,1.1997621999773735,-0.6038873619474926,0.012657701880558526,-0.00011593438812594946,,,,,,,,,,,,
2.02,grasp,,,,,,,,,,,,,,,,,,,,,1.8178772926330566,0.5879043340682983,1.1826497316360474,-0.5957973003387451,0.012368964031338692,-0.00017645755724515766,0.04299834556877613,1.8418835931574085,0.5951695338409128,1.1997621999773735,-0.6038873619474926,0.012657701880558526,-0.00011593438812594946,,,,,,,,,,,,
2.04,grasp,,,,,,,,,,,,,,,,,,,,,1.8519363403320312,0.604735255241394,1.2045190334320068,-0.601510226726532,0.012682684697210789,-9.158858301816508e-05,0.04299834556877613,1.888170779508743,0.6221749477907388,1.229718136971099,-0.607560987415753,0.012692419252009831,4.6207242546114025e-06,,,,,,,,,,,,
2.06,grasp,,,,,,,,,,,,,,,,,,,,,1.8695544004440308,0.6134145855903625,1.2159268856048584,-0.6044519543647766,0.012564783915877342,-4.2378989746794105e-05,0.04299834556877613,1.888170779508743,0.6221749477907388,1.229718136971099,-0.607560987415753,0.012692419252009831,4.6207242546114025e-06,,,,,,,,,,,,
2.08,grasp,,,,,,,,,,,,,,,,,,,,,1.8772046566009521,0.6420019865036011,1.2214536666870117,-0.5813083648681641,0.011777766980230808,-1.9757617337745614e-05,0.04299834556877613,1.885289303102796,0.6723892060177168,1.229084302701184,-0.5566954002150174,0.011045278192016502,1.6545354747001688e-06,,,,,,,,,,,,
2.1,grasp,,,,,,,,,,,,,,,,,,,,,1.88113272190094,0.6570996046066284,1.2241860628128052,-0.5693858861923218,0.011403407901525497,-8.905999493435957e-06,0.04299834556877613,1.885289303102796,0.6723892060177168,1.229084302701184,-0.5566954002150174,0.011045278192016502,1.6545354747001688e-06,,,,,,,,,,,,
2.12,grasp,,,,,,,,,,,,,,,,,,,,,1.8824574947357178,0.686331033706665,1.2256883382797241,-0.5417033433914185,0.010529319755733013,-3.545665322235436e-06,0.04299834556877613,1.883862848111114,0.7169653676392912,1.2292288546100005,-0.5122658198907983,0.009618222535940165,1.8728410891142819e-06,,,,,,,,,,,,
2.14,grasp,,,,,,,,,,,,,,,,,,,,,1.883139967918396,0.7015809416770935,1.2263717651367188,-0.5274420380592346,0.01008021179586649,-7.266833677022078e-07,0.04299834556877613,1.883862848111114,0.7169653676392912,1.2292288546100005,-0.5122658198907983,0.009618222535940165,1.8728410891142819e-06,,,,,,,,,,,,
2.16,grasp,,,,,,,,,,,,,,,,,,,,,1.8828849792480469,0.7284459471702576,1.2268387079238892,-0.5009969472885132,0.009242028929293156,6.796543061682314e-07,0.04299834556877613,1.8826005586082915,0.7564865528596048,1.2293570285185433,-0.4728745499443751,0.008355246385219435,2.066048361661143e-06,,,,,,,,,,,,
2.18,grasp,,,,,,,,,,,,,,,,,,,,,1.8827531337738037,0.7424442768096924,1.2269872426986694,-0.4873736500740051,0.008809829130768776,1.4063105027162237e-06,0.04299834556877613,1.8826005586082915,0.7564865528596048,1.2293570285185433,-0.4728745499443751,0.008355246385219435,2.066048361661143e-06,,,,,,,,,,,,
2.2,grasp,,,,,,,,,,,,,,,,,,,,,1.8821566104888916,0.7661983966827393,1.2271853685379028,-0.4637325704097748,0.008055935613811016,1.8233643004350597e-06,0.04299834556877613,1.8815017163689465,0.7908847330404408,1.2294688437930879,-0.4385894124691299,0.007255811351545138,2.2342289706944776e-06,,,,,,,,,,,,
2.22,grasp,,,,,,,,,,,,,,,,,,,,,1.881847620010376,0.7785672545433044,1.2271946668624878,-0.4515536427497864,0.007667526137083769,2.0411973764566937e-06,0.04299834556877613,1.8815017163689465,0.7908847330404408,1.2294688437930879,-0.4385894124691299,0.007255811351545138,2.2342289706944776e-06,,,,,,,,,,,,
2.24,grasp,,,,,,,,,,,,,,,,,,,,,1.8812360763549805,0.7990244030952454,1.2273194789886475,-0.43112632632255554,0.007013328839093447,2.213872448919574e-06,0.04299834556877613,1.8805647176395859,0.8201720623638947,1.229564218260779,-0.40939816332875,0.006318564984064868,2.3775966842126855e-06,,,,,,,,,,,,
2.2600000000000002,grasp,,,,,,,,,,,,,,,,,,,,,1.8809187412261963,0.8096715211868286,1.2272952795028687,-0.42060285806655884,0.006676765624433756,2.2937372250453336e-06,0.04299834556877613,1.8805647176395859,0.8201720623638947,1.229564218260779,-0.40939816332875,0.006318564984064868,2.3775966842126855e-06,,,,,,,,,,,,
2.2800000000000002,grasp,,,,,,,,,,,,,,,,,,,,,1.880379557609558,0.8268311619758606,1.2273938655853271,-0.4034505784511566,0.006125468760728836,2.4010726065171184e-06,0.04299834556877613,1.8797862539829855,0.8444470263088047,1.229643761553001,-0.3852026760992075,0.005539902515025823,2.4967084596461032e-06,,,,,,,,,,,,
2.3000000000000003,grasp,,,,,,,,,,,,,,,,,,,,,1.880098819732666,0.8357582688331604,1.2273650169372559,-0.3946146070957184,0.005842138547450304,2.4407697765127523e-06,0.04299834556877613,1.8797862539829855,0.8444470263088047,1.229643761553001,-0.3852026760992075,0.005539902515025823,2.4967084596461032e-06,,,,,,,,,,,,
2.3200000000000003,grasp,,,,,,,,,,,,,,,,,,,,,1.879656195640564,0.8495432138442993,1.228437900543213,-0.3806529641151428,0.005889437161386013,-5.6327833590330556e-05,0.04299834556877613,1.8791599550057518,0.8639003437195003,1.2297077937884875,-0.3658128488116747,0.004913813447348757,2.5924927422113545e-06,,,,,,,,,,,,
2.3400000000000003,grasp,,,,,,,,,,,,,,,,,,,,,1.8793708086013794,0.8567141890525818,1.2289406061172485,-0.373462051153183,0.006056157872080803,-8.74754405231215e-05,0.04299834556877613,1.8791599550057518,0.8639003437195003,1.2297077937884875,-0.3658128488116747,0.004913813447348757,2.5924927422113545e-06,,,,,,,,,,,,
2.36,grasp,,,,,,,,,,,,,,,,,,,,,1.8789921998977661,0.8675693869590759,1.2293750047683716,-0.3625456392765045,0.005956820212304592,-0.00011768750118790194,0.04299834556877613,1.878677087033824,0.8788210892070313,1.2297571797504556,-0.3509406898674298,0.004431160079284159,2.666334242192681e-06,,,,,,,,,,,,
2.38,grasp,,,,,,,,,,,,,,,,,,,,,1.8787555694580078,0.873222291469574,1.2295037508010864,-0.35692277550697327,0.005973232910037041,-0.00013470558042172343,0.04299834556877613,1.878677087033824,0.8788210892070313,1.2297571797504556,-0.3509406898674298,0.004431160079284159,2.666334242192681e-06,,,,,,,,,,,,
2.4,grasp,,,,,,,,,,,,,,,,,,,,,1.8784083127975464,0.8813560605049133,1.2293744087219238,-0.34881699085235596,0.005864319391548634,-0.00015267482376657426,0.04299834556877613,1.8783256199664844,0.8896025874942093,1.2297932167365526,-0.3401941972589758,0.004079807047834902,2.720086052924898e-06,,,,,,,,,,,,
2.42,grasp,,,,,,,,,,,,,,,,,,,,,1.8782037496566772,0.8855975866317749,1.22923743724823,-0.34464138746261597,0.00582959596067667,-0.00016077974578365684,0.04299834556877613,1.8783256199664844,0.8896025874942093,1.2297932167365526,-0.3401941972589758,0.004079807047834902,2.720086052924898e-06,,,,,,,,,,,,
2.44,grasp,,,,,,,,,,,,,,,,,,,,,1.8778585195541382,0.8911679983139038,1.2295953035354614,-0.33903586864471436,0.006092332769185305,-0.00022079795598983765,0.04299834556877613,1.878089378774863,0.8967484667831751,1.2298175069902753,-0.3330714278501849,0.003843752557145328,2.756203827490609e-06,,,,,,,,,,,,
2.46,grasp,,,,,,,,,,,,,,,,,,,,,1.8776130676269531,0.8940550088882446,1.2297966480255127,-0.33614981174468994,0.0063733793795108795,-0.00026003693346865475,0.04299834556877613,1.878089378774863,0.8967484667831751,1.2298175069902753,-0.3330714278501849,0.003843752557145328,2.756203827490609e-06,,,,,,,,,,,,
2.48,grasp,,,,,,,,,,,,,,,,,,,,,1.8774482011795044,0.8974974155426025,1.2299699783325195,-0.3326658010482788,0.006442186888307333,-0.00028494599973782897,0.04299834556877613,1.8779489613333178,0.900878578814296,1.229831946010064,-0.32895433729416634,0.0037034365420558963,2.777670166329766e-06,,,,,,,,,,,,
2.5,grasp,,,,,,,,,,,,,,,,,,,,,1.877485752105713,0.8993302583694458,1.2297296524047852,-0.33087241649627686,0.006161859724670649,-0.0002445622521918267,0.04299834556877613,1.8779489613333178,0.900878578814296,1.229831946010064,-0.32895433729416634,0.0037034365420558963,2.777670166329766e-06,,,,,,,,,,,,
2.52,grasp,,,,,,,,,,,,,,,,,,,,,1.8775688409805298,0.9011891484260559,1.229435682296753,-0.3290500044822693,0.0056593939661979675,-0.00019913619325961918,0.04299834556877613,1.8778849207484658,0.9027355973123696,1.2298385105821374,-0.3271031006811572,0.003639428568754774,2.7874615409551214e-06,,,,,,,,,,,,
2.54,grasp,,,,,,,,,,,,,,,,,,,,,1.8775649070739746,0.9021455645561218,1.2292892932891846,-0.3281112611293793,0.005530125927180052,-0.00018636770255398005,0.04299834556877613,1.8778849207484658,0.9027355973123696,1.2298385105821374,-0.3271031006811572,0.003639428568754774,2.7874615409551214e-06,,,,,,,,,,,,
2.56,grasp,,,,,,,,,,,,,,,,,,,,,1.877631664276123,0.902836799621582,1.229467511177063,-0.32740679383277893,0.0052869669161736965,-0.00016599638911429793,0.04299834556877613,1.8778691517987083,0.9031902619325748,1.229840132686165,-0.32664989898635344,0.0036237120580328466,2.7898656146602407e-06,,,,,,,,,,,,
2.574878345541656,grasp,,,,,,,,,,,,,,,,,,,,,1.8776535987854004,0.9031898379325867,1.2296093702316284,-0.32703903317451477,0.00517023541033268,-0.000160571449669078,0.04299834556877613,1.877868890762329,0.9031977653503418,1.2298401594161987,-0.3266424238681793,0.0036234529688954353,2.7899052383872913e-06,,,,,,,,,,,,
2.574878345541656,grasp,,,,,,,,,,,,,,,,,,,,,,,,,,,0.042059483006596565,,,,,,,0.0,,,,,,,,,,,
2.594878345541656,grasp,,,,,,,,,,,,,,,,,,,,,,,,,,,0.04203309677541256,,,,,,,0.0,,,,,,,,,,,
2.614878345541656,grasp,,,,,,,,,,,,,,,,,,,,,,,,,,,0.041994161903858185,,,,,,,0.0,,,,,,,,,,,
2.6348783455416562,grasp,,,,,,,,,,,,,,,,,,,,,,,,,,,0.041873861104249954,,,,,,,0.0,,,,,,,,,,,
2.6548783455416562,grasp,,,,,,,,,,,,,,,,,,,,,,,,,,,0.04164384491741657,,,,,,,0.0,,,,,,,,,,,
2.6748783455416563,grasp,,,,,,,,,,,,,,,,,,,,,,,,,,,0.04127936437726021,,,,,,,0.0,,,,,,,,,,,
2.6948783455416563,grasp,,,,,,,,,,,,,,,,,,,,,,,,,,,0.04027216695249081,,,,,,,0.0,,,,,,,,,,,
2.7148783455416563,grasp,,,,,,,,,,,,,,,,,,,,,,,,,,,0.03949147090315819,,,,,,,0.0,,,,,,,,,,,
2.7348783455416563,grasp,,,,,,,,,,,,,,,,,,,,,,,,,,,0.03887839987874031,,,,,,,0.0,,,,,,,,,,,
2.7548783455416563,grasp,,,,,,,,,,,,,,,,,,,,,,,,,,,0.037822531536221504,,,,,,,0.0,,,,,,,,,,,
2.7748783455416564,grasp,,,,,,,,,,,,,,,,,,,,,,,,,,,0.03777741827070713,,,,,,,0.0,,,,,,,,,,,
2.7948783455416564,grasp,,,,,,,,,,,,,,,,,,,,,,,,,,,0.03775599226355553,,,,,,,0.0,,,,,,,,,,,
2.814878345541656,grasp,,,,,,,,,,,,,,,,,,,,,,,,,,,0.037727240473032,,,,,,,0.0,,,,,,,,,,,
2.8348783455416564,grasp,,,,,,,,,,,,,,,,,,,,,,,,,,,0.0377003438770771,,,,,,,0.0,,,,,,,,,,,
2.854878345541656,grasp,,,,,,,,,,,,,,,,,,,,,,,,,,,0.03767247311770916,,,,,,,0.0,,,,,,,,,,,
2.874878345541656,grasp,,,,,,,,,,,,,,,,,,,,,,,,,,,0.03764302283525467,,,,,,,0.0,,,,,,,,,,,
2.894878345541656,grasp,,,,,,,,,,,,,,,,,,,,,,,,,,,0.03761342167854309,,,,,,,0.0,,,,,,,,,,,
2.914878345541656,grasp,,,,,,,,,,,,,,,,,,,,,,,,,,,0.03758261166512966,,,,,,,0.0,,,,,,,,,,,
2.934878345541656,grasp,,,,,,,,,,,,,,,,,,,,,,,,,,,0.037552135065197945,,,,,,,0.0,,,,,,,,,,,
2.954878345541656,grasp,,,,,,,,,,,,,,,,,,,,,,,,,,,0.037522170692682266,,,,,,,0.0,,,,,,,,,,,
2.974878345541656,grasp,,,,,,,,,,,,,,,,,,,,,,,,,,,0.03749297745525837,,,,,,,0.0,,,,,,,,,,,
2.994878345541656,grasp,,,,,,,,,,,,,,,,,,,,,,,,,,,0.03746517561376095,,,,,,,0.0,,,,,,,,,,,
3.014878345541656,grasp,,,,,,,,,,,,,,,,,,,,,,,,,,,0.037438707426190376,,,,,,,0.0,,,,,,,,,,,
3.034878345541656,grasp,,,,,,,,,,,,,,,,,,,,,,,,,,,0.03741433657705784,,,,,,,0.0,,,,,,,,,,,
3.054878345541656,grasp,,,,,,,,,,,,,,,,,,,,,,,,,,,0.03739200718700886,,,,,,,0.0,,,,,,,,,,,
3.074878345541656,grasp,,,,,,,,,,,,,,,,,,,,,,,,,,,0.037372246384620667,,,,,,,0.0,,,,,,,,,,,
3.094878345541656,grasp,,,,,,,,,,,,,,,,,,,,,,,,,,,0.037355223670601845,,,,,,,0.0,,,,,,,,,,,
3.114878345541656,grasp,,,,,,,,,,,,,,,,,,,,,,,,,,,0.03734090365469456,,,,,,,0.0,,,,,,,,,,,
3.1348783455416562,grasp,,,,,,,,,,,,,,,,,,,,,,,,,,,0.037329183891415596,,,,,,,0.0,,,,,,,,,,,
3.1548783455416562,grasp,,,,,,,,,,,,,,,,,,,,,,,,,,,0.0373202171176672,,,,,,,0.0,,,,,,,,,,,
3.1748783455416563,grasp,,,,,,,,,,,,,,,,,,,,,,,,,,,0.03731382638216019,,,,,,,0.0,,,,,,,,,,,
3.1948783455416563,grasp,,,,,,,,,,,,,,,,,,,,,,,,,,,0.03730976581573486,,,,,,,0.0,,,,,,,,,,,
3.2148783455416563,grasp,,,,,,,,,,,,,,,,,,,,,,,,,,,0.037307439371943474,,,,,,,0.0,,,,,,,,,,,
3.2348783455416563,grasp,,,,,,,,,,,,,,,,,,,,,,,,,,,0.03730655275285244,,,,,,,0.0,,,,,,,,,,,
3.2548783455416563,grasp,,,,,,,,,,,,,,,,,,,,,,,,,,,0.03730648569762707,,,,,,,0.0,,,,,,,,,,,
3.2548783455416563,grasp,,,,,,,,,,,,,,,,,,,,,1.8779815435409546,0.9037644267082214,1.2282819747924805,-0.32665857672691345,0.003688811557367444,0.007226679008454084,0.03730648569762707,1.877868890762329,0.9031977653503418,1.2298401594161987,-0.3266424238681793,0.0036234529688954353,2.7899052383872913e-06,,,,,,,,,,,,
3.2748783455416564,grasp,,,,,,,,,,,,,,,,,,,,,1.877988576889038,0.9037508964538574,1.2282637357711792,-0.32665857672691345,0.003681974485516548,0.006924184039235115,0.03730648569762707,1.877868890762329,0.9031977653503418,1.2298401594161987,-0.3266424238681793,0.0036234529688954353,2.7899052383872913e-06,,,,,,,,,,,,
3.2948783455416564,grasp,,,,,,,,,,,,,,,,,,,,,1.8779923915863037,0.9037026762962341,1.2282476425170898,-0.32670387625694275,0.0036805805284529924,0.0067683071829378605,0.03730648569762707,1.8778721468411959,0.9031040462243212,1.2298398254483915,-0.326735809428595,0.003626690076219806,2.78941013472819e-06,,,,,,,,,,,,
3.3148783455416564,grasp,,,,,,,,,,,,,,,,,,,,,1.8779935836791992,0.9036800861358643,1.228241205215454,-0.3267271816730499,0.003678926033899188,0.006688032764941454,0.03730648569762707,1.8778721468411959,0.9031040462243212,1.2298398254483915,-0.326735809428595,0.003626690076219806,2.78941013472819e-06,,,,,,,,,,,,
3.3348783455416564,grasp,,,,,,,,,,,,,,,,,,,,,1.877983808517456,0.9033840894699097,1.2281863689422607,-0.3270474374294281,0.003681349800899625,0.0066465153358876705,0.03730648569762707,1.8778942110468861,0.9024672030005927,1.2298375547328122,-0.3273706662636776,0.003648700993123064,2.786043117422205e-06,,,,,,,,,,,,
3.3548783455416564,grasp,,,,,,,,,,,,,,,,,,,,,1.8779571056365967,0.9032526612281799,1.2281639575958252,-0.3272123336791992,0.003671043086796999,0.0066249556839466095,0.03730648569762707,1.8778942110468861,0.9024672030005927,1.2298375547328122,-0.3273706662636776,0.003648700993123064,2.786043117422205e-06,,,,,,,,,,,,
3.3748783455416564,grasp,,,,,,,,,,,,,,,,,,,,,1.8779385089874268,0.9024133086204529,1.228026032447815,-0.3281055986881256,0.003715506521984935,0.0066131544299423695,0.03730648569762707,1.8779517581830396,0.9007958069388233,1.229831658188621,-0.3290368467099136,0.0037062314014336445,2.777242576637826e-06,,,,,,,,,,,,
3.3948783455416565,grasp,,,,,,,,,,,,,,,,,,,,,1.8779369592666626,0.9019933342933655,1.2280209064483643,-0.32856592535972595,0.00369835551828146,0.006607891991734505,0.03730648569762707,1.8779517581830396,0.9007958069388233,1.229831658188621,-0.3290368467099136,0.0037062314014336445,2.777242576637826e-06,,,,,,,,,,,,
3.4148783455416565,grasp,,,,,,,,,,,,,,,,,,,,,1.8779877424240112,0.9002583622932434,1.2278716564178467,-0.3303227126598358,0.0037311092019081116,0.00660532945767045,0.03730648569762707,1.878058623245078,0.8976527533350591,1.2298206750801035,-0.3321699871895468,0.0038130300161932362,2.760903975190424e-06,,,,,,,,,,,,
3.4348783455416565,grasp,,,,,,,,,,,,,,,,,,,,,1.8780163526535034,0.8993350863456726,1.2278249263763428,-0.3312278091907501,0.0037928414531052113,0.006603100337088108,0.03730648569762707,1.878058623245078,0.8976527533350591,1.2298206750801035,-0.3321699871895468,0.0038130300161932362,2.760903975190424e-06,,,,,,,,,,,,
3.4548783455416565,grasp,,,,,,,,,,,,,,,,,,,,,1.8781065940856934,0.8964866995811462,1.2275363206863403,-0.3341119885444641,0.0039783138781785965,0.006600574590265751,0.03730648569762707,1.8782252792403389,0.8926533214105583,1.2298035213552978,-0.33715335093702764,0.003979536943773957,2.735427848313617e-06,,,,,,,,,,,,
3.4748783455416565,grasp,,,,,,,,,,,,,,,,,,,,,1.8781275749206543,0.8949925303459167,1.2273228168487549,-0.3355976343154907,0.0040811519138514996,0.006598480045795441,0.03730648569762707,1.8782252792403389,0.8926533214105583,1.2298035213552978,-0.33715335093702764,0.003979536943773957,2.735427848313617e-06,,,,,,,,,,,,
3.4948783455416566,grasp,,,,,,,,,,,,,,,,,,,,,1.878302812576294,0.8907541632652283,1.227060317993164,-0.3398401141166687,0.004190221428871155,0.0065993270836770535,0.03730648569762707,1.8784610138753137,0.885463453955654,1.2297793332444569,-0.34431990297889375,0.0042151247018990924,2.6993826844224477e-06,,,,,,,,,,,,
3.514878345541656,grasp,,,,,,,,,,,,,,,,,,,,,1.87838613986969,0.8885647058486938,1.2268649339675903,-0.3420262336730957,0.004238311666995287,0.0066004907712340355,0.03730648569762707,1.8784610138753137,0.885463453955654,1.2297793332444569,-0.34431990297889375,0.0042151247018990924,2.6993826844224477e-06,,,,,,,,,,,,
3.5348783455416566,grasp,,,,,,,,,,,,,,,,,,,,,1.8785982131958008,0.8827589154243469,1.2268184423446655,-0.34782320261001587,0.004352740477770567,0.006602386012673378,0.03730648569762707,1.8787751222542235,0.8757977617993243,1.2297471475694426,-0.35395418712520244,0.004529167318680029,2.651341327254541e-06,,,,,,,,,,,,
3.554878345541656,grasp,,,,,,,,,,,,,,,,,,,,,1.8786966800689697,0.8797387480735779,1.2268222570419312,-0.3508090674877167,0.0044189635664224625,0.006603059824556112,0.03730648569762707,1.8787751222542235,0.8757977617993243,1.2297471475694426,-0.35395418712520244,0.004529167318680029,2.651341327254541e-06,,,,,,,,,,,,
3.574878345541656,grasp,,,,,,,,,,,,,,,,,,,,,1.8789329528808594,0.8722068071365356,1.226820707321167,-0.35832980275154114,0.004654300399124622,0.006603393238037825,0.03730648569762707,1.87917548579027,0.8634173821053434,1.229706209411379,-0.36629423578977505,0.00492933872364722,2.5901174098243383e-06,,,,,,,,,,,,
3.594878345541656,grasp,,,,,,,,,,,,,,,,,,,,,1.8790581226348877,0.868279218673706,1.226869821548462,-0.3622038662433624,0.00477264728397131,0.006603565067052841,0.03730648569762707,1.87917548579027,0.8634173821053434,1.229706209411379,-0.36629423578977505,0.00492933872364722,2.5901174098243383e-06,,,,,,,,,,,,
3.614878345541656,grasp,,,,,,,,,,,,,,,,,,,,,1.8793580532073975,0.858892023563385,1.2268227338790894,-0.37158846855163574,0.005075344815850258,0.00660358089953661,0.03730648569762707,1.8796679328727248,0.8481280891521507,1.229655883176281,-0.3815336464944085,0.0054215969420620975,2.5148046985071834e-06,,,,,,,,,,,,
3.6348783455416562,grasp,,,,,,,,,,,,,,,,,,,,,1.8795161247253418,0.8539941906929016,1.226855993270874,-0.37642279267311096,0.0052271136082708836,0.006603660061955452,0.03730648569762707,1.8796679328727248,0.8481280891521507,1.229655883176281,-0.3815336464944085,0.0054215969420620975,2.5148046985071834e-06,,,,,,,,,,,,
3.6548783455416562,grasp,,,,,,,,,,,,,,,,,,,,,1.8798778057098389,0.8426340222358704,1.226792573928833,-0.38778090476989746,0.005595851689577103,0.006603561341762543,0.03730648569762707,1.8802569455030675,0.8297782600629657,1.2295955323166563,-0.39982345259220997,0.0060106896845054094,2.424695645739863e-06,,,,,,,,,,,,
3.6748783455416563,grasp,,,,,,,,,,,,,,,,,,,,,1.8800692558288574,0.836707592010498,1.2268227338790894,-0.39363208413124084,0.005780145060271025,0.00660361722111702,0.03730648569762707,1.8802569455030675,0.8297782600629657,1.2295955323166563,-0.39982345259220997,0.0060106896845054094,2.424695645739863e-06,,,,,,,,,,,,
3.6948783455416563,grasp,,,,,,,,,,,,,,,,,,,,,1.8804967403411865,0.8232911825180054,1.2267495393753052,-0.40704646706581116,0.006215057801455259,0.0066034989431500435,0.03730648569762707,1.880946184557495,0.8082570000362097,1.2295253642344732,-0.4212741829559203,0.006700064222053835,2.3192353933742633e-06,,,,,,,,,,,,
3.7148783455416563,grasp,,,,,,,,,,,,,,,,,,,,,1.8807218074798584,0.8162913918495178,1.2267787456512451,-0.41395696997642517,0.006433369126170874,0.006603493355214596,0.03730648569762707,1.880946184557495,0.8082570000362097,1.2295253642344732,-0.4212741829559203,0.006700064222053835,2.3192353933742633e-06,,,,,,,,,,,,
3.7348783455416563,grasp,,,,,,,,,,,,,,,,,,,,,1.8812164068222046,0.8007619380950928,1.2267009019851685,-0.429484486579895,0.006934826727956533,0.006603374145925045,0.03730648569762707,1.881737985875441,0.783492105262287,1.2294448101351487,-0.4459577708309081,0.007492183879596228,2.1980740907854503e-06,,,,,,,,,,,,
3.7548783455416563,grasp,,,,,,,,,,,,,,,,,,,,,1.8814756870269775,0.7926591038703918,1.2267271280288696,-0.43748363852500916,0.00718880956992507,0.006603367161005735,0.03730648569762707,1.881737985875441,0.783492105262287,1.2294448101351487,-0.4459577708309081,0.007492183879596228,2.1980740907854503e-06,,,,,,,,,,,,
3.7748783455416564,grasp,,,,,,,,,,,,,,,,,,,,,1.882038950920105,0.7749845385551453,1.226645588874817,-0.45515647530555725,0.007757248356938362,0.0066032977774739265,0.03730648569762707,1.882633704280444,0.7554481270555415,1.229353647418224,-0.4739095591697543,0.008388431608455175,2.0609716480118393e-06,,,,,,,,,,,,
3.7948783455416564,grasp,,,,,,,,,,,,,,,,,,,,,1.8823325634002686,0.7657612562179565,1.226666808128357,-0.46426090598106384,0.008048099465668201,0.006603251677006483,0.03730648569762707,1.882633704280444,0.7554481270555415,1.229353647418224,-0.4739095591697543,0.008388431608455175,2.0609716480118393e-06,,,,,,,,,,,,
3.8148783455416564,grasp,,,,,,,,,,,,,,,,,,,,,1.8829658031463623,0.7459329962730408,1.2265863418579102,-0.4840877950191498,0.00868331827223301,0.0066032106988132,0.03730648569762707,1.8836341530528284,0.7241244506005792,1.2292521040732889,-0.5051303024518113,0.009389380090245333,1.90784940696375e-06,,,,,,,,,,,,
3.8348783455416564,grasp,,,,,,,,,,,,,,,,,,,,,1.8832943439483643,0.7355839610099792,1.2265998125076294,-0.49430230259895325,0.009012119844555855,0.006603083107620478,0.03730648569762707,1.8836341530528284,0.7241244506005792,1.2292521040732889,-0.5051303024518113,0.009389380090245333,1.90784940696375e-06,,,,,,,,,,,,
3.8548783455416564,grasp,,,,,,,,,,,,,,,,,,,,,1.8839972019195557,0.7136152982711792,1.226522445678711,-0.5162703394889832,0.009713530540466309,0.006603088695555925,0.03730648569762707,1.8847394476648212,0.6895531367116738,1.2291398242849234,-0.5395879409816495,0.010495220130109258,1.738677936022381e-06,,,,,,,,,,,,
3.8748783455416564,grasp,,,,,,,,,,,,,,,,,,,,,1.884359359741211,0.7021464109420776,1.2265254259109497,-0.527587890625,0.010081392712891102,0.006602887529879808,0.03730648569762707,1.8847394476648212,0.6895531367116738,1.2291398242849234,-0.5395879409816495,0.010495220130109258,1.738677936022381e-06,,,,,,,,,,,,
3.8948783455416565,grasp,,,,,,,,,,,,,,,,,,,,,1.8851337432861328,0.6780715584754944,1.2264554500579834,-0.5516629815101624,0.010848626494407654,0.0066030207090079784,0.03730648569762707,1.8859508428064926,0.6517971610609383,1.2290175263335223,-0.577219692225692,0.011707003404516393,1.5533129260701357e-06,,,,,,,,,,,,
3.9148783455416565,grasp,,,,,,,,,,,,,,,,,,,,,1.8855302333831787,0.6654996871948242,1.226444125175476,-0.5640661120414734,0.011256664991378784,0.006602677516639233,0.03730648569762707,1.8859508428064926,0.6517971610609383,1.2290175263335223,-0.577219692225692,0.011707003404516393,1.5533129260701357e-06,,,,,,,,,,,,
3.9348783455416565,grasp,,,,,,,,,,,,,,,,,,,,,1.8854461908340454,0.63990718126297,1.2257990837097168,-0.5890488028526306,0.012028069235384464,0.006601270753890276,0.03730648569762707,1.88531404732682,0.6120625220268887,1.2276639933555924,-0.6155707761367156,0.012964549428823859,-3.5778100149290986e-06,,,,,,,,,,,,
3.9548783455416565,grasp,,,,,,,,,,,,,,,,,,,,,1.8853763341903687,0.6265466809272766,1.2254565954208374,-0.6019198298454285,0.012508373707532883,0.0065984041430056095,0.03730648569762707,1.88531404732682,0.6120625220268887,1.2276639933555924,-0.6155707761367156,0.012964549428823859,-3.5778100149290986e-06,,,,,,,,,,,,
3.974878345541656,grasp,,,,,,,,,,,,,,,,,,,,,1.8635917901992798,0.6112689971923828,1.2113384008407593,-0.6025304794311523,0.011813143268227577,0.0065591465681791306,0.03730648569762707,1.8400050163615103,0.5946770473830736,1.1985616349697847,-0.6031500831276956,0.012636412687786093,-0.00012077091855662197,,,,,,,,,,,,
3.9948783455416566,grasp,,,,,,,,,,,,,,,,,,,,,1.85196053981781,0.6034766435623169,1.2037888765335083,-0.6028429865837097,0.012903849594295025,0.006501244846731424,0.03730648569762707,1.8400050163615103,0.5946770473830736,1.1985616349697847,-0.6031500831276956,0.012636412687786093,-0.00012077091855662197,,,,,,,,,,,,
4.014878345541656,grasp,,,,,,,,,,,,,,,,,,,,,1.8213727474212646,0.5913985967636108,1.1840811967849731,-0.5945956707000732,0.011537882499396801,0.006447522435337305,0.03730648569762707,1.7883155489810112,0.5781139783192548,1.1654541429763072,-0.585801048949323,0.012150753782147205,-0.0002541197215988386,,,,,,,,,,,,
4.034878345541657,grasp,,,,,,,,,,,,,,,,,,,,,1.8050960302352905,0.5852465629577637,1.1736418008804321,-0.5903452038764954,0.012711120769381523,0.0063706436194479465,0.03730648569762707,1.7883155489810112,0.5781139783192548,1.1654541429763072,-0.585801048949323,0.012150753782147205,-0.0002541197215988386,,,,,,,,,,,,
4.054878345541656,grasp,,,,,,,,,,,,,,,,,,,,,1.7707422971725464,0.5735324025154114,1.1515783071517944,-0.5792667269706726,0.011152408085763454,0.006310258060693741,0.03730648569762707,1.733671617521814,0.5606029480201874,1.1304588819864743,-0.5674637977987087,0.011637399871161937,-0.0003950743163443677,,,,,,,,,,,,
4.074878345541657,grasp,,,,,,,,,,,,,,,,,,,,,1.7525087594985962,0.5675642490386963,1.1399246454238892,-0.5735580921173096,0.01230573933571577,0.006229550577700138,0.03730648569762707,1.733671617521814,0.5606029480201874,1.1304588819864743,-0.5674637977987087,0.011637399871161937,-0.0003950743163443677,,,,,,,,,,,,
4.094878345541656,grasp,,,,,,,,,,,,,,,,,,,,,1.7158279418945312,0.5555087924003601,1.116396188735962,-0.5612820982933044,0.010653205215930939,0.006163143087178469,0.03730648569762707,1.6762823284468467,0.5422095917418265,1.093707311107614,-0.5482068832665179,0.011098280988375498,-0.0005431053978446419,,,,,,,,,,,,
4.114878345541657,grasp,,,,,,,,,,,,,,,,,,,,,1.6963845491409302,0.5493652820587158,1.1039774417877197,-0.5549567341804504,0.011831875890493393,0.006076745688915253,0.03730648569762707,1.6762823284468467,0.5422095917418265,1.093707311107614,-0.5482068832665179,0.011098280988375498,-0.0005431053978446419,,,,,,,,,,,,
4.134878345541656,grasp,,,,,,,,,,,,,,,,,,,,,1.6578748226165771,0.5368229746818542,1.0792919397354126,-0.5419542193412781,0.01010188926011324,0.00600859709084034,0.03730648569762707,1.6163763877580721,0.5230066166331236,1.0553459922769046,-0.5281066504628413,0.010535551096517135,-0.0006976230634809025,,,,,,,,,,,,
4.154878345541657,grasp,,,,,,,,,,,,,,,,,,,,,1.637474536895752,0.530433177947998,1.0662615299224854,-0.535254180431366,0.011310240253806114,0.0059165372513234615,0.03730648569762707,1.6163763877580721,0.5230066166331236,1.0553459922769046,-0.5281066504628413,0.010535551096517135,-0.0006976230634809025,,,,,,,,,,,,
4.174878345541656,grasp,,,,,,,,,,,,,,,,,,,,,1.5973845720291138,0.517399251461029,1.0405641794204712,-0.5216904282569885,0.009496263228356838,0.005845356732606888,0.03730648569762707,1.5542014509750428,0.5030725055851484,1.015533327037576,-0.5072460469172095,0.009951534554462455,-0.0008579898931430742,,,,,,,,,,,,
4.194878345541657,grasp,,,,,,,,,,,,,,,,,,,,,1.576158881187439,0.5107632279396057,1.0270107984542847,-0.514700710773468,0.010737299919128418,0.005742188543081284,0.03730648569762707,1.5542014509750428,0.5030725055851484,1.015533327037576,-0.5072460469172095,0.009951534554462455,-0.0008579898931430742,,,,,,,,,,,,
4.214878345541656,grasp,,,,,,,,,,,,,,,,,,,,,1.5346815586090088,0.4972919821739197,1.0004475116729736,-0.5006623268127441,0.008869574405252934,0.005666904151439667,0.03730648569762707,1.4900217719682574,0.48249194856375294,0.9744380037137561,-0.48571358692371164,0.009348694836077987,-0.0010235280831285816,,,,,,,,,,,,
4.234878345541656,grasp,,,,,,,,,,,,,,,,,,,,,1.512732982635498,0.49042874574661255,0.9864130616188049,-0.4934282600879669,0.010175421833992004,0.005565683823078871,0.03730648569762707,1.4900217719682574,0.48249194856375294,0.9744380037137561,-0.48571358692371164,0.009348694836077987,-0.0010235280831285816,,,,,,,,,,,,
4.254878345541656,grasp,,,,,,,,,,,,,,,,,,,,,1.4700642824172974,0.4765658676624298,0.9590740203857422,-0.47898393869400024,0.008221138268709183,0.005486331880092621,0.03730648569762707,1.424116155971946,0.46135272846652864,0.932238496882359,-0.46360278792145065,0.008729652917248797,-0.001193518328077526,,,,,,,,,,,,
4.274878345541657,grasp,,,,,,,,,,,,,,,,,,,,,1.4474797248840332,0.469503790140152,0.9446365833282471,-0.4715398848056793,0.009595063515007496,0.0053816428408026695,0.03730648569762707,1.424116155971946,0.46135272846652864,0.932238496882359,-0.46360278792145065,0.008729652917248797,-0.001193518328077526,,,,,,,,,,,,
4.294878345541656,grasp,,,,,,,,,,,,,,,,,,,,,1.4038029909133911,0.45531076192855835,0.9166564345359802,-0.4567546248435974,0.0075775086879730225,0.005300890188664198,0.03730648569762707,1.3567754406581711,0.43974792780150546,0.8891209759760533,-0.4410109662180684,0.008097141594889454,-0.0013672092183042,,,,,,,,,,,,
4.314878345541656,grasp,,,,,,,,,,,,,,,,,,,,,1.380689263343811,0.4480816721916199,0.9018821716308594,-0.44913461804389954,0.008996228687465191,0.005187477916479111,0.03730648569762707,1.3567754406581711,0.43974792780150546,0.8891209759760533,-0.4410109662180684,0.008097141594889454,-0.0013672092183042,,,,,,,,,,,,
4.334878345541656,grasp,,,,,,,,,,,,,,,,,,,,,1.3362022638320923,0.4336203336715698,0.8733844757080078,-0.4340749979019165,0.006925268564373255,0.005107531324028969,0.03730648569762707,1.2883006755268098,0.4177730805478232,0.8452780907429969,-0.4180391086873713,0.0074539852458724324,-0.00154382473837197,,,,,,,,,,,,
4.354878345541657,grasp,,,,,,,,,,,,,,,,,,,,,1.3126611709594727,0.4262552857398987,0.8583247661590576,-0.4263130724430084,0.008384878747165203,0.004996597301214933,0.03730648569762707,1.2883006755268098,0.4177730805478232,0.8452780907429969,-0.4180391086873713,0.0074539852458724324,-0.00154382473837197,,,,,,,,,,,,
4.374878345541656,grasp,,,,,,,,,,,,,,,,,,,,,1.2675610780715942,0.4115920662879944,0.829433262348175,-0.411047101020813,0.0062660034745931625,0.004902931861579418,0.03730648569762707,1.2190007560237162,0.3955263540135502,0.8009075303059433,-0.39479090534247513,0.006803080877811324,-0.001722568871726926,,,,,,,,,,,,
4.394878345541656,grasp,,,,,,,,,,,,,,,,,,,,,1.243696928024292,0.40412282943725586,0.8141658306121826,-0.403178334236145,0.007750424090772867,0.004788758233189583,0.03730648569762707,1.2190007560237162,0.3955263540135502,0.8009075303059433,-0.39479090534247513,0.006803080877811324,-0.001722568871726926,,,,,,,,,,,,
4.4148783455416565,grasp,,,,,,,,,,,,,,,,,,,,,1.1981877088546753,0.3893219232559204,0.7850173711776733,-0.38777467608451843,0.005600035190582275,0.004695341922342777,0.03730648569762707,1.1491901755942935,0.37310868342421305,0.7562104271068506,-0.3713717703739765,0.006147383207280729,-0.0019026292955964612,,,,,,,,,,,,
4.434878345541656,grasp,,,,,,,,,,,,,,,,,,,,,1.1741092205047607,0.38178274035453796,0.7696055769920349,-0.3798345625400543,0.0071090348064899445,0.004578826483339071,0.03730648569762707,1.1491901755942935,0.37310868342421305,0.7562104271068506,-0.3713717703739765,0.006147383207280729,-0.0019026292955964612,,,,,,,,,,,,
4.4548783455416565,grasp,,,,,,,,,,,,,,,,,,,,,1.1283968687057495,0.3669113516807556,0.7403329014778137,-0.36436358094215393,0.004962531384080648,0.004484675358980894,0.03730648569762707,1.0791873149115363,0.35062040541789125,0.7113903925436252,-0.3478884073401769,0.005489888845357043,-0.0020831829194211415,,,,,,,,,,,,
4.474878345541656,grasp,,,,,,,,,,,,,,,,,,,,,1.1042168140411377,0.3593387305736542,0.7248921394348145,-0.3563876450061798,0.006475479807704687,0.00436277873814106,0.03730648569762707,1.0791873149115363,0.35062040541789125,0.7113903925436252,-0.3478884073401769,0.005489888845357043,-0.0020831829194211415,,,,,,,,,,,,
4.4948783455416566,grasp,,,,,,,,,,,,,,,,,,,,,1.0585137605667114,0.34446150064468384,0.6956113576889038,-0.3409202992916107,0.004285141825675964,0.004277518950402737,0.03730648569762707,1.0093116200692893,0.32816344073638254,0.6666517373782199,-0.3244479319821526,0.004833596634510507,-0.0022634055981914326,,,,,,,,,,,,
4.514878345541656,grasp,,,,,,,,,,,,,,,,,,,,,1.0343354940414429,0.3368893563747406,0.6801407933235168,-0.3329455852508545,0.005831684451550245,0.004159362055361271,0.03730648569762707,1.0093116200692893,0.32816344073638254,0.6666517373782199,-0.3244479319821526,0.004833596634510507,-0.0022634055981914326,,,,,,,,,,,,
4.534878345541657,grasp,,,,,,,,,,,,,,,,,,,,,0.9888508915901184,0.32207489013671875,0.6510002613067627,-0.3175518810749054,0.0036333876196295023,0.004075419623404741,0.03730648569762707,0.93988157719906,0.3058398638130937,0.6221981989047104,-0.30115711015323643,0.004181486540599463,-0.00244247869552363,,,,,,,,,,,,
4.554878345541656,grasp,,,,,,,,,,,,,,,,,,,,,0.964788019657135,0.3145354390144348,0.6355946063995361,-0.30961471796035767,0.005187684670090675,0.003955808933824301,0.03730648569762707,0.93988157719906,0.3058398638130937,0.6221981989047104,-0.30115711015323643,0.004181486540599463,-0.00244247869552363,,,,,,,,,,,,
4.574878345541657,grasp,,,,,,,,,,,,,,,,,,,,,0.9197229743003845,0.2998506426811218,0.6067349314689636,-0.29436448216438293,0.00301598128862679,0.003863296704366803,0.03730648569762707,0.8712127733002694,0.2837493603051472,0.5782319879632113,-0.2781217957521352,0.0035365188353941143,-0.002619589872329729,,,,,,,,,,,,
4.594878345541656,grasp,,,,,,,,,,,,,,,,,,,,,0.8958843946456909,0.2923797369003296,0.5914790034294128,-0.2865006923675537,0.004571476485580206,0.003739773528650403,0.03730648569762707,0.8712127733002694,0.2837493603051472,0.5782319879632113,-0.2781217957521352,0.0035365188353941143,-0.002619589872329729,,,,,,,,,,,,
4.614878345541657,grasp,,,,,,,,,,,,,,,,,,,,,0.8514454364776611,0.277883917093277,0.5629584193229675,-0.2714634835720062,0.00241861748509109,0.0036103124730288982,0.03730648569762707,0.8036155330149614,0.2619908524854863,0.5349515793039545,-0.2554460375206101,0.0029016165175234105,-0.0027939355332214848,,,,,,,,,,,,
4.634878345541656,grasp,,,,,,,,,,,,,,,,,,,,,0.827948808670044,0.2705139219760895,0.5479663610458374,-0.2637088894844055,0.003928151912987232,0.003279064316302538,0.03730648569762707,0.8036155330149614,0.2619908524854863,0.5349515793039545,-0.2554460375206101,0.0029016165175234105,-0.0027939355332214848,,,,,,,,,,,,
4.654878345541657,grasp,,,,,,,,,,,,,,,,,,,,,0.7843354344367981,0.256297767162323,0.5199989080429077,-0.24895140528678894,0.0017955298535525799,0.0031014832202345133,0.03730648569762707,0.737392567223521,0.2406614355303148,0.4925507553339091,-0.23323133433931195,0.00227963231064804,-0.002964732960054134,,,,,,,,,,,,
4.674878345541656,grasp,,,,,,,,,,,,,,,,,,,,,0.7612650394439697,0.24906028807163239,0.5052207708358765,-0.24134083092212677,0.0032800575718283653,0.0029244234319776297,0.03730648569762707,0.737392567223521,0.2406614355303148,0.4925507553339091,-0.23323133433931195,0.00227963231064804,-0.002964732960054134,,,,,,,,,,,,
4.694878345541657,grasp,,,,,,,,,,,,,,,,,,,,,0.7186890840530396,0.23515412211418152,0.47796183824539185,-0.22692911326885223,0.001113551901653409,0.00282397773116827,0.03730648569762707,0.6728369915894753,0.21985516333280916,0.4512171127077167,-0.2115759578533379,0.0016733147128467647,-0.003131227042413416,,,,,,,,,,,,
4.714878345541656,grasp,,,,,,,,,,,,,,,,,,,,,0.6961463689804077,0.2280849814414978,0.463514119386673,-0.21949613094329834,0.0026358305476605892,0.0026852174196392298,0.03730648569762707,0.6728369915894753,0.21985516333280916,0.4512171127077167,-0.2115759578533379,0.0016733147128467647,-0.003131227042413416,,,,,,,,,,,,
4.734878345541656,grasp,,,,,,,,,,,,,,,,,,,,,0.6547824740409851,0.21456144750118256,0.4370383322238922,-0.2054932564496994,0.0005356395849958062,0.0026107714511454105,0.03730648569762707,0.6102306509440368,0.19965993841818355,0.4111309990938658,-0.1905743671534573,0.0010853002949789367,-0.0032926939030253504,,,,,,,,,,,,
4.754878345541656,grasp,,,,,,,,,,,,,,,,,,,,,0.6328743696212769,0.20768983662128448,0.4229925274848938,-0.1982702910900116,0.002062377519905567,0.0024938369169831276,0.03730648569762707,0.6102306509440368,0.19965993841818355,0.4111309990938658,-0.1905743671534573,0.0010853002949789367,-0.0032926939030253504,,,,,,,,,,,,
4.774878345541657,grasp,,,,,,,,,,,,,,,,,,,,,0.5928979516029358,0.19460660219192505,0.3974027931690216,-0.18473650515079498,1.0920569366135169e-05,0.002433391520753503,0.03730648569762707,0.5498406417523942,0.18016248558996942,0.3724634423093809,-0.17031614898532196,0.0005180942775293372,-0.003448445806718449,,,,,,,,,,,,
4.794878345541656,grasp,,,,,,,,,,,,,,,,,,,,,0.5717265605926514,0.18795998394489288,0.38383668661117554,-0.1777549684047699,0.0014617117121815681,0.0023295918945223093,0.03730648569762707,0.5498406417523942,0.18016248558996942,0.3724634423093809,-0.17031614898532196,0.0005180942775293372,-0.003448445806718449,,,,,,,,,,,,
4.814878345541656,grasp,,,,,,,,,,,,,,,,,,,,,0.5333008766174316,0.1753745973110199,0.3592136800289154,-0.1647474765777588,-0.00048821730888448656,0.002265763469040394,0.03730648569762707,0.49191830323178887,0.16144255127479623,0.3353753185594077,-0.15088558735825977,-2.593662074619646e-05,-0.0035978324104867744,,,,,,,,,,,,
4.834878345541656,grasp,,,,,,,,,,,,,,,,,,,,,0.512954592704773,0.16898080706596375,0.34616339206695557,-0.15803667902946472,0.0008850594749674201,0.002154327230527997,0.03730648569762707,0.49191830323178887,0.16144255127479623,0.3353753185594077,-0.15088558735825977,-2.593662074619646e-05,-0.0035978324104867744,,,,,,,,,,,,
4.854878345541657,grasp,,,,,,,,,,,,,,,,,,,,,0.4762395918369293,0.15694007277488708,0.3226534128189087,-0.1456078141927719,-0.0009989626705646515,0.0020857504568994045,0.03730648569762707,0.43669631566946027,0.1435754776607235,0.30001555113157474,-0.13236067454422237,-0.0005446033130473096,-0.003740252805375957,,,,,,,,,,,,
4.874878345541656,grasp,,,,,,,,,,,,,,,,,,,,,0.4567948579788208,0.15082664787769318,0.310183048248291,-0.13919489085674286,0.0003412267833482474,0.0019706932362169027,0.03730648569762707,0.43669631566946027,0.1435754776607235,0.30001555113157474,-0.13236067454422237,-0.0005446033130473096,-0.003740252805375957,,,,,,,,,,,,
4.894878345541656,grasp,,,,,,,,,,,,,,,,,,,,,0.42193445563316345,0.13937781751155853,0.2878618836402893,-0.12739302217960358,-0.0014661902096122503,0.001905919285491109,0.03730648569762707,0.38438691732786967,0.12662933873044066,0.26652005365510023,-0.11481260007898864,-0.001035913953890935,-0.0038751598467873702,,,,,,,,,,,,
4.9148783455416565,grasp,,,,,,,,,,,,,,,,,,,,,0.403473436832428,0.1335678994655609,0.27601614594459534,-0.12130344659090042,-0.00022736961545888335,0.0017956936499103904,0.03730648569762707,0.38438691732786967,0.12662933873044066,0.26652005365510023,-0.11481260007898864,-0.001035913953890935,-0.0038751598467873702,,,,,,,,,,,,
4.934878345541656,grasp,,,,,,,,,,,,,,,,,,,,,0.3705940544605255,0.12275327742099762,0.25496459007263184,-0.11017239838838577,-0.0019295779056847095,0.0017327769892290235,0.03730648569762707,0.33518002852029555,0.11066356809341514,0.23501023239982524,-0.0983049299958538,-0.0014980914864979268,-0.004002065638388952,,,,,,,,,,,,
4.9548783455416565,grasp,,,,,,,,,,,,,,,,,,,,,0.35318025946617126,0.11726702749729156,0.24379146099090576,-0.10442829877138138,-0.0007367745856754482,0.001629169681109488,0.03730648569762707,0.33518002852029555,0.11066356809341514,0.23501023239982524,-0.0983049299958538,-0.0014980914864979268,-0.004002065638388952,,,,,,,,,,,,
4.974878345541656,grasp,,,,,,,,,,,,,,,,,,,,,0.3223985731601715,0.10712350159883499,0.22408415377140045,-0.09400632977485657,-0.0023431493900716305,0.001572691253386438,0.03730648569762707,0.28924002186914416,0.09573217383276382,0.2055912849543087,-0.08289277296649467,-0.0019295948796890885,-0.004120547258031558,,,,,,,,,,,,
4.9948783455416566,grasp,,,,,,,,,,,,,,,,,,,,,0.3060915768146515,0.10197947919368744,0.2136150300502777,-0.08862786740064621,-0.0012196199968457222,0.0014708922244608402,0.03730648569762707,0.28924002186914416,0.09573217383276382,0.2055912849543087,-0.08289277296649467,-0.0019295948796890885,-0.004120547258031558,,,,,,,,,,,,
5.014878345541656,grasp,,,,,,,,,,,,,,,,,,,,,0.2775042951107025,0.09253823012113571,0.19531746208667755,-0.07894743233919144,-0.0027169380336999893,0.0014124175067991018,0.03730648569762707,0.24670441426406606,0.08187929472271271,0.17835118034956912,-0.06862231610802733,-0.0023291299207848152,-0.004230250205586049,,,,,,,,,,,,
5.034878345541657,grasp,,,,,,,,,,,,,,,,,,,,,0.262355238199234,0.08775230497121811,0.18559102714061737,-0.07395120710134506,-0.0016671287594363093,0.0013146864948794246,0.03730648569762707,0.24670441426406606,0.08187929472271271,0.17835118034956912,-0.06862231610802733,-0.0023291299207848152,-0.004230250205586049,,,,,,,,,,,,
5.054878345541656,grasp,,,,,,,,,,,,,,,,,,,,,0.23603758215904236,0.07903984934091568,0.16874325275421143,-0.06503858417272568,-0.003050778293982148,0.0012586105149239302,0.03730648569762707,0.20768143487648985,0.06913983521564626,0.15335907747095914,-0.05552988029125432,-0.0026956791296096363,-0.0043308952660405615,,,,,,,,,,,,
5.074878345541657,grasp,,,,,,,,,,,,,,,,,,,,,0.22209134697914124,0.07462277263402939,0.1597937047481537,-0.060438282787799835,-0.002093047369271517,0.0011664554476737976,0.03730648569762707,0.20768143487648985,0.06913983521564626,0.15335907747095914,-0.05552988029125432,-0.0026956791296096363,-0.0043308952660405615,,,,,,,,,,,,
5.094878345541656,grasp,,,,,,,,,,,,,,,,,,,,,0.19809843599796295,0.06665826588869095,0.1444353312253952,-0.05231255665421486,-0.003356702160090208,0.0011173231760039926,0.03730648569762707,0.17224746291728096,0.057539893331711424,0.1306639705950492,-0.04364111896452977,-0.0030285244646455043,-0.004422285132862144,,,,,,,,,,,,
5.114878345541657,grasp,,,,,,,,,,,,,,,,,,,,,0.18538278341293335,0.06262123584747314,0.1362745314836502,-0.048118311911821365,-0.0024720921646803617,0.0010356768034398556,0.03730648569762707,0.17224746291728096,0.057539893331711424,0.1306639705950492,-0.04364111896452977,-0.0030285244646455043,-0.004422285132862144,,,,,,,,,,,,
5.134878345541656,grasp,,,,,,,,,,,,,,,,,,,,,0.16375397145748138,0.05542131885886192,0.12241354584693909,-0.040791962295770645,-0.003616760950535536,0.0009914333932101727,0.03730648569762707,0.1404449580493582,0.04709569214852288,0.11029327794929733,-0.03297030706961691,-0.003327268000122023,-0.004504310408066639,,,,,,,,,,,,
5.154878345541657,grasp,,,,,,,,,,,,,,,,,,,,,0.15228994190692902,0.0517694465816021,0.11506080627441406,-0.03700997307896614,-0.0028261374682188034,0.0009201071225106716,0.03730648569762707,0.1404449580493582,0.04709569214852288,0.11029327794929733,-0.03297030706961691,-0.003327268000122023,-0.004504310408066639,,,,,,,,,,,,
5.174878345541656,grasp,,,,,,,,,,,,,,,,,,,,,0.13303233683109283,0.04533372446894646,0.1027296781539917,-0.03048674575984478,-0.0038445834070444107,0.0008868895238265395,0.03730648569762707,0.11228072658708513,0.037811247306065,0.0922514927263835,-0.023519753972868068,-0.0035918463842375546,-0.004576953586053286,,,,,,,,,,,,
5.194878345541657,grasp,,,,,,,,,,,,,,,,,,,,,0.1228257417678833,0.0420726016163826,0.09617632627487183,-0.02711939811706543,-0.003147347364574671,0.0008331425487995148,0.03730648569762707,0.11228072658708513,0.037811247306065,0.0922514927263835,-0.023519753972868068,-0.0035918463842375546,-0.004576953586053286,,,,,,,,,,,,
5.214878345541656,grasp,,,,,,,,,,,,,,,,,,,,,0.10593124479055405,0.036398354917764664,0.0853625237941742,-0.021395700052380562,-0.004049086477607489,0.0008094568038359284,0.03730648569762707,0.08772437146489231,0.029675180896279702,0.07651898112697299,-0.015279270029237594,-0.0038225458333705172,-0.004640293809734756,,,,,,,,,,,,
5.234878345541656,grasp,,,,,,,,,,,,,,,,,,,,,0.0969761535525322,0.03351886197924614,0.07963129132986069,-0.01844099350273609,-0.003438084851950407,0.0007575894705951214,0.03730648569762707,0.08772437146489231,0.029675180896279702,0.07651898112697299,-0.015279270029237594,-0.0038225458333705172,-0.004640293809734756,,,,,,,,,,,,
5.254878345541656,grasp,,,,,,,,,,,,,,,,,,,,,0.08240756392478943,0.02859664149582386,0.0702977329492569,-0.013504298403859138,-0.004209871403872967,0.0007302630110643804,0.03730648569762707,0.06670536987573196,0.022662995835792687,0.06305034662573125,-0.008225207568566834,-0.00402002874357319,-0.004694513270949832,,,,,,,,,,,,
5.274878345541657,grasp,,,,,,,,,,,,,,,,,,,,,0.07468241453170776,0.0261037889868021,0.0653330534696579,-0.010955779813230038,-0.0036540937144309282,0.0006883308524265885,0.03730648569762707,0.06670536987573196,0.022662995835792687,0.06305034662573125,-0.008225207568566834,-0.00402002874357319,-0.004694513270949832,,,,,,,,,,,,
5.294878345541656,grasp,,,,,,,,,,,,,,,,,,,,,0.06237480789422989,0.021911729127168655,0.057450395077466965,-0.006784107536077499,-0.004309123381972313,0.0006709186709485948,0.03730648569762707,0.04910908300183852,0.016743514295696083,0.05177237933615355,-0.0023192040512102154,-0.004185369603215894,-0.004739907478649838,,,,,,,,,,,,
5.314878345541656,grasp,,,,,,,,,,,,,,,,,,,,,0.05585087090730667,0.019786760210990906,0.053263768553733826,-0.004630712326616049,-0.0038657640106976032,0.0006381961284205317,0.03730648569762707,0.04910908300183852,0.016743514295696083,0.05177237933615355,-0.0023192040512102154,-0.004185369603215894,-0.004739907478649838,,,,,,,,,,,,
5.334878345541656,grasp,,,,,,,,,,,,,,,,,,,,,0.04570767283439636,0.016299620270729065,0.046766746789216995,-0.001192441675812006,-0.004405502695590258,0.0006248179124668241,0.03730648569762707,0.034776080453713894,0.011871916433689463,0.04258329086262108,0.002492130246593113,-0.004320063823498878,-0.004776887675587955,,,,,,,,,,,,
5.354878345541657,grasp,,,,,,,,,,,,,,,,,,,,,0.04033324494957924,0.01453098189085722,0.04331905022263527,0.0005822908715344965,-0.004050962161272764,0.0005986487376503646,0.03730648569762707,0.034776080453713894,0.011871916433689463,0.04258329086262108,0.002492130246593113,-0.004320063823498878,-0.004776887675587955,,,,,,,,,,,,
5.374878345541656,grasp,,,,,,,,,,,,,,,,,,,,,0.03222941234707832,0.011721441522240639,0.0381271168589592,0.0033296551555395126,-0.004482710268348455,0.0005882445839233696,0.03730648569762707,0.023495580673515478,0.008006469929378457,0.035349529497477855,0.006279179001338455,-0.004426082516651269,-0.004805995015738003,,,,,,,,,,,,
5.394878345541656,grasp,,,,,,,,,,,,,,,,,,,,,0.02793692611157894,0.010295531712472439,0.035374585539102554,0.004747691098600626,-0.004206390120089054,0.0005676716100424528,0.03730648569762707,0.023495580673515478,0.008006469929378457,0.035349529497477855,0.006279179001338455,-0.004426082516651269,-0.004805995015738003,,,,,,,,,,,,
5.4148783455416565,grasp,,,,,,,,,,,,,,,,,,,,,0.021715393289923668,0.00812446977943182,0.03138820827007294,0.006857248954474926,-0.0045380075462162495,0.0005597337731160223,0.03730648569762707,0.015009608568174177,0.005082159177519686,0.02990691744730733,0.009128261682647177,-0.0045058424366611885,-0.004827892793093363,,,,,,,,,,,,
5.434878345541657,grasp,,,,,,,,,,,,,,,,,,,,,0.01842133142054081,0.007021673489362001,0.02927682362496853,0.007946020923554897,-0.004332813434302807,0.0005441730027087033,0.03730648569762707,0.015009608568174177,0.005082159177519686,0.02990691744730733,0.009128261682647177,-0.0045058424366611885,-0.004827892793093363,,,,,,,,,,,,
5.4548783455416565,grasp,,,,,,,,,,,,,,,,,,,,,0.013892870396375656,0.005434795282781124,0.02637573331594467,0.009481729008257389,-0.004574095830321312,0.0005383931566029787,0.03730648569762707,0.009011156056191936,0.00300888488074961,0.026059386643946584,0.011142259872150072,-0.004562224124144534,-0.004843372065488235,,,,,,,,,,,,
5.474878345541656,grasp,,,,,,,,,,,,,,,,,,,,,0.01149674877524376,0.004627632442861795,0.02484077773988247,0.010274256579577923,-0.0044315410777926445,0.0005272591370157897,0.03730648569762707,0.009011156056191936,0.00300888488074961,0.026059386643946584,0.011142259872150072,-0.004562224124144534,-0.004843372065488235,,,,,,,,,,,,
5.4948783455416566,grasp,,,,,,,,,,,,,,,,,,,,,0.008439382538199425,0.0035535634960979223,0.022882433608174324,0.011311250738799572,-0.004594068042933941,0.0005233739502727985,0.03730648569762707,0.005142314451943607,0.001669697964205791,0.023577727150771152,0.012441259094149162,-0.00459858962882448,-0.004853355990123925,,,,,,,,,,,,
5.514878345541657,grasp,,,,,,,,,,,,,,,,,,,,,0.006823304109275341,0.003006136044859886,0.0218484029173851,0.011846336536109447,-0.004504995886236429,0.0005160851869732141,0.03730648569762707,0.005142314451943607,0.001669697964205791,0.023577727150771152,0.012441259094149162,-0.00459858962882448,-0.004853355990123925,,,,,,,,,,,,
5.534878345541657,grasp,,,,,,,,,,,,,,,,,,,,,0.004980161786079407,0.0023574777878820896,0.02066844329237938,0.012471606023609638,-0.004602301865816116,0.0005137012340128422,0.03730648569762707,0.0029908615138994387,0.000924950089724721,0.022197678895133997,0.013163629196336415,-0.004618812366532145,-0.00485890804210129,,,,,,,,,,,,
5.554878345541656,grasp,,,,,,,,,,,,,,,,,,,,,0.004007765557616949,0.0020262040197849274,0.020047703757882118,0.012794163078069687,-0.004556243307888508,0.0005095574306324124,0.03730648569762707,0.0029908615138994387,0.000924950089724721,0.022197678895133997,0.013163629196336415,-0.004618812366532145,-0.00485890804210129,,,,,,,,,,,,
5.574878345541656,grasp,,,,,,,,,,,,,,,,,,,,,0.0030856968369334936,0.0017009658040478826,0.01945842243731022,0.013107060454785824,-0.004604229237884283,0.0005083555006422102,0.03730648569762707,0.0020878791943544483,0.0006123733519782402,0.02161846142912163,0.013466814079469251,-0.004627299815729659,-0.004861238217089953,,,,,,,,,,,,
5.594878345541656,grasp,,,,,,,,,,,,,,,,,,,,,0.0026011080481112003,0.0015343182021752,0.019150448963046074,0.013268398120999336,-0.004588504787534475,0.0005064621800556779,0.03730648569762707,0.0020878791943544483,0.0006123733519782402,0.02161846142912163,0.013466814079469251,-0.004627299815729659,-0.004861238217089953,,,,,,,,,,,,
5.614878345541657,grasp,,,,,,,,,,,,,,,,,,,,,0.002268600044772029,0.0014164705062285066,0.01893926039338112,0.01338126603513956,-0.004605017602443695,0.0005059884861111641,0.03730648569762707,0.0019048737161246837,0.0005490241048050002,0.021501073718052086,0.013528260526206948,-0.004629019645676367,-0.004861710354875963,,,,,,,,,,,,
5.623476277759765,grasp,,,,,,,,,,,,,,,,,,,,,0.0020932811312377453,0.0013553081080317497,0.018830224871635437,0.013439638540148735,-0.004606155678629875,0.0005055184592492878,0.03730648569762707,0.0019033374264836311,0.0005484923021867871,0.021500088274478912,0.013528776355087757,-0.004629034083336592,-0.004861714318394661,,,,,,,,,,,,
0.0,grasp,,,,,,,,,,,,,,,,,,,,,,,,,,,5.5667168453510385e-05,,,,,,,0.043,,,,,,,,,,,
0.02,grasp,,,,,,,,,,,,,,,,,,,,,,,,,,,7.018283213255927e-05,,,,,,,0.043,,,,,,,,,,,
0.04,grasp,,,,,,,,,,,,,,,,,,,,,,,,,,,0.00016532967856619507,,,,,,,0.043,,,,,,,,,,,
0.06,grasp,,,,,,,,,,,,,,,,,,,,,,,,,,,0.0003934868727810681,,,,,,,0.043,,,,,,,,,,,
0.08,grasp,,,,,,,,,,,,,,,,,,,,,,,,,,,0.0007782205357216299,,,,,,,0.043,,,,,,,,,,,
0.1,grasp,,,,,,,,,,,,,,,,,,,,,,,,,,,0.0013505147653631866,,,,,,,0.043,,,,,,,,,,,
0.12,grasp,,,,,,,,,,,,,,,,,,,,,,,,,,,0.0021283122478052974,,,,,,,0.043,,,,,,,,,,,
0.14,grasp,,,,,,,,,,,,,,,,,,,,,,,,,,,0.0031175405019894242,,,,,,,0.043,,,,,,,,,,,
0.16,grasp,,,,,,,,,,,,,,,,,,,,,,,,,,,0.004322475753724575,,,,,,,0.043,,,,,,,,,,,
0.18,grasp,,,,,,,,,,,,,,,,,,,,,,,,,,,0.005737966625019908,,,,,,,0.043,,,,,,,,,,,
0.2,grasp,,,,,,,,,,,,,,,,,,,,,,,,,,,0.007352843647822738,,,,,,,0.043,,,,,,,,,,,
0.22,grasp,,,,,,,,,,,,,,,,,,,,,,,,,,,0.009152363054454327,,,,,,,0.043,,,,,,,,,,,
0.24,grasp,,,,,,,,,,,,,,,,,,,,,,,,,,,0.011116031091660261,,,,,,,0.043,,,,,,,,,,,
0.26,grasp,,,,,,,,,,,,,,,,,,,,,,,,,,,0.013219831511378288,,,,,,,0.043,,,,,,,,,,,
0.28,grasp,,,,,,,,,,,,,,,,,,,,,,,,,,,0.015436738263815641,,,,,,,0.043,,,,,,,,,,,
0.3,grasp,,,,,,,,,,,,,,,,,,,,,,,,,,,0.017737317830324173,,,,,,,0.043,,,,,,,,,,,
0.32,grasp,,,,,,,,,,,,,,,,,,,,,,,,,,,0.0200900761410594,,,,,,,0.043,,,,,,,,,,,
0.34,grasp,,,,,,,,,,,,,,,,,,,,,,,,,,,0.022462794557213783,,,,,,,0.043,,,,,,,,,,,
0.36,grasp,,,,,,,,,,,,,,,,,,,,,,,,,,,0.024822588078677654,,,,,,,0.043,,,,,,,,,,,
0.38,grasp,,,,,,,,,,,,,,,,,,,,,,,,,,,0.027136821299791336,,,,,,,0.043,,,,,,,,,,,
0.4,grasp,,,,,,,,,,,,,,,,,,,,,,,,,,,0.029373922385275364,,,,,,,0.043,,,,,,,,,,,
0.42,grasp,,,,,,,,,,,,,,,,,,,,,,,,,,,0.031504301354289055,,,,,,,0.043,,,,,,,,,,,
0.44,grasp,,,,,,,,,,,,,,,,,,,,,,,,,,,0.03349962644279003,,,,,,,0.043,,,,,,,,,,,
0.46,grasp,,,,,,,,,,,,,,,,,,,,,,,,,,,0.03533568046987057,,,,,,,0.043,,,,,,,,,,,
0.48,grasp,,,,,,,,,,,,,,,,,,,,,,,,,,,0.03699146583676338,,,,,,,0.043,,,,,,,,,,,
0.5,grasp,,,,,,,,,,,,,,,,,,,,,,,,,,,0.038450174033641815,,,,,,,0.043,,,,,,,,,,,
0.52,grasp,,,,,,,,,,,,,,,,,,,,,,,,,,,0.0397003460675478,,,,,,,0.043,,,,,,,,,,,
0.54,grasp,,,,,,,,,,,,,,,,,,,,,,,,,,,0.040735846385359764,,,,,,,0.043,,,,,,,,,,,
0.56,grasp,,,,,,,,,,,,,,,,,,,,,,,,,,,0.041557447984814644,,,,,,,0.043,,,,,,,,,,,
0.58,grasp,,,,,,,,,,,,,,,,,,,,,,,,,,,0.042172595858573914,,,,,,,0.043,,,,,,,,,,,
0.6,grasp,,,,,,,,,,,,,,,,,,,,,,,,,,,0.04259653948247433,,,,,,,0.043,,,,,,,,,,,
0.62,grasp,,,,,,,,,,,,,,,,,,,,,,,,,,,0.042853137478232384,,,,,,,0.043,,,,,,,,,,,
0.64,grasp,,,,,,,,,,,,,,,,,,,,,,,,,,,0.04297531209886074,,,,,,,0.043,,,,,,,,,,,
0.66,grasp,,,,,,,,,,,,,,,,,,,,,,,,,,,0.043005598708987236,,,,,,,0.043,,,,,,,,,,,
0.68,grasp,,,,,,,,,,,,,,,,,,,,,,,,,,,0.04299834556877613,,,,,,,0.043,,,,,,,,,,,
0.68,grasp,,,,,,,,,,,,,,,,,,,,,0.0019036245066672564,0.001082122209481895,0.019413989037275314,0.0135090546682477,-0.004636094439774752,-0.004861568100750446,0.04299834556877613,0.0019033374264836311,0.0005484923021867871,0.021500088274478912,0.013528776355087757,-0.004629034083336592,-0.004861714318394661,,,,,,,,,,,,
0.7000000000000001,grasp,,,,,,,,,,,,,,,,,,,,,0.0019036255544051528,0.0010866527445614338,0.019396590068936348,0.013508876785635948,-0.004636096302419901,-0.004861561581492424,0.04299834556877613,0.0019033374264836311,0.0005484923021867871,0.021500088274478912,0.013528776355087757,-0.004629034083336592,-0.004861714318394661,,,,,,,,,,,,
0.7200000000000001,grasp,,,,,,,,,,,,,,,,,,,,,0.001998662017285824,0.001122628222219646,0.01944955624639988,0.01347616408020258,-0.004634281620383263,-0.004861326422542334,0.04299834556877613,0.002103801698388248,0.0006178850923623727,0.021628674859080228,0.013461467917549803,-0.004627150169168985,-0.004861197134063072,,,,,,,,,,,,
0.74,grasp,,,,,,,,,,,,,,,,,,,,,0.002048763446509838,0.0011408457066863775,0.01947825960814953,0.013459315523505211,-0.004634615033864975,-0.004861175082623959,0.04299834556877613,0.002103801698388248,0.0006178850923623727,0.021628674859080228,0.013461467917549803,-0.004627150169168985,-0.004861197134063072,,,,,,,,,,,,
0.76,grasp,,,,,,,,,,,,,,,,,,,,,0.0027243930380791426,0.001376773463562131,0.01990908943116665,0.013230700977146626,-0.00462115416303277,-0.004859577864408493,0.04299834556877613,0.0034552508032303403,0.0010857032828517615,0.022495561413375595,0.013007706274647333,-0.0046144473106349004,-0.004857709634648443,,,,,,,,,,,,
0.78,grasp,,,,,,,,,,,,,,,,,,,,,0.003074872540310025,0.001497169490903616,0.020139159634709358,0.013112901709973812,-0.00462461868301034,-0.004858522675931454,0.04299834556877613,0.0034552508032303403,0.0010857032828517615,0.022495561413375595,0.013007706274647333,-0.0046144473106349004,-0.004857709634648443,,,,,,,,,,,,
0.8,grasp,,,,,,,,,,,,,,,,,,,,,0.0049555981531739235,0.0021468389313668013,0.021338121965527534,0.012479943223297596,-0.004588805139064789,-0.004854063969105482,0.04299834556877613,0.006971251123236538,0.0023028037915449884,0.024750895643237802,0.011827176433555879,-0.00458139837226643,-0.004848636237610565,,,,,,,,,,,,
0.8200000000000001,grasp,,,,,,,,,,,,,,,,,,,,,0.005931149236857891,0.0024790114257484674,0.02197778970003128,0.012153870426118374,-0.004597781226038933,-0.004851149395108223,0.04299834556877613,0.006971251123236538,0.0023028037915449884,0.024750895643237802,0.011827176433555879,-0.00458139837226643,-0.004848636237610565,,,,,,,,,,,,
0.8400000000000001,grasp,,,,,,,,,,,,,,,,,,,,,0.009600652381777763,0.0037516653537750244,0.024317115545272827,0.010919556021690369,-0.004530301783233881,-0.004842410329729319,0.04299834556877613,0.013522013555511917,0.004568032306213863,0.028952745397808573,0.009627725661211282,-0.004519824871147743,-0.004831731590652909,,,,,,,,,,,,
0.8600000000000001,grasp,,,,,,,,,,,,,,,,,,,,,0.011503311805427074,0.004397483542561531,0.02556152455508709,0.01028371974825859,-0.004546058364212513,-0.004836766980588436,0.04299834556877613,0.013522013555511917,0.004568032306213863,0.028952745397808573,0.009627725661211282,-0.004519824871147743,-0.004831731590652909,,,,,,,,,,,,
0.8800000000000001,grasp,,,,,,,,,,,,,,,,,,,,,0.01747221127152443,0.006465861573815346,0.029367029666900635,0.008276251144707203,-0.004438797943294048,-0.004822485148906708,0.04299834556877613,0.02384242230684469,0.008124996678898095,0.03557192878753446,0.0061627425749863915,-0.004422822862747744,-0.00480510007315339,,,,,,,,,,,,
0.9,grasp,,,,,,,,,,,,,,,,,,,,,0.020565979182720184,0.007515682838857174,0.03138786554336548,0.007242122199386358,-0.0044623385183513165,-0.004813356325030327,0.04299834556877613,0.02384242230684469,0.008124996678898095,0.03557192878753446,0.0061627425749863915,-0.004422822862747744,-0.00480510007315339,,,,,,,,,,,,
0.92,grasp,,,,,,,,,,,,,,,,,,,,,0.029264384880661964,0.010512362234294415,0.03693284094333649,0.004317012149840593,-0.0043084947392344475,-0.00479248259216547,0.04299834556877613,0.038540994655266954,0.013155100051286867,0.04499721920481782,0.001228271964598045,-0.004284681920606059,-0.004767173603243183,,,,,,,,,,,,
0.9400000000000001,grasp,,,,,,,,,,,,,,,,,,,,,0.033771760761737823,0.01203407347202301,0.03987422212958336,0.002810174133628607,-0.004340484272688627,-0.004779243376106024,0.04299834556877613,0.038540994655266954,0.013155100051286867,0.04499721920481782,0.001228271964598045,-0.004284681920606059,-0.004767173603243183,,,,,,,,,,,,
0.9600000000000001,grasp,,,,,,,,,,,,,,,,,,,,,0.04555049166083336,0.01605282723903656,0.04738078638911247,-0.0011502199340611696,-0.004134526941925287,-0.004750906955450773,0.04299834556877613,0.05810661407612131,0.019779029426275123,0.05753961949252174,-0.0053392355971927,-0.004100822812497436,-0.004716695213493435,,,,,,,,,,,,
0.98,grasp,,,,,,,,,,,,,,,,,,,,,0.05165290832519531,0.01809406839311123,0.05135967954993248,-0.003190380986779928,-0.004175434820353985,-0.00473305769264698,0.04299834556877613,0.05810661407612131,0.019779029426275123,0.05753961949252174,-0.0053392355971927,-0.004100822812497436,-0.004716695213493435,,,,,,,,,,,,
1.0,grasp,,,,,,,,,,,,,,,,,,,,,0.06678502261638641,0.023197924718260765,0.06100034341216087,-0.008277486078441143,-0.003913171589374542,-0.004696581978350878,0.04299834556877613,0.08291104492316681,0.02807500326602497,0.07343496768794117,-0.013663969006944717,-0.0038677673940542283,-0.00465270961396773,,,,,,,,,,,,
1.02,grasp,,,,,,,,,,,,,,,,,,,,,0.07462369650602341,0.02579069696366787,0.06610723584890366,-0.010898066684603691,-0.003963206894695759,-0.004673731047660112,0.04299834556877613,0.08291104492316681,0.02807500326602497,0.07343496768794117,-0.013663969006944717,-0.0038677673940542283,-0.00465270961396773,,,,,,,,,,,,
1.04,grasp,,,,,,,,,,,,,,,,,,,,,0.09330400079488754,0.03203193098306656,0.07800570130348206,-0.017177170142531395,-0.0036418065428733826,-0.004628621973097324,0.04299834556877613,0.11320694008110375,0.03811607983957791,0.09284479318791986,-0.023830539942561804,-0.0035831455857719373,-0.004574564671363552,,,,,,,,,,,,
1.06,grasp,,,,,,,,,,,,,,,,,,,,,0.10297949612140656,0.0352029986679554,0.08430507779121399,-0.020411813631653786,-0.003700976027175784,-0.004600505344569683,0.04299834556877613,0.11320694008110375,0.03811607983957791,0.09284479318791986,-0.023830539942561804,-0.0035831455857719373,-0.004574564671363552,,,,,,,,,,,,
1.08,grasp,,,,,,,,,,,,,,,,,,,,,0.12532997131347656,0.042620278894901276,0.09853937476873398,-0.027923839166760445,-0.0033188012894243,-0.0045464434660971165,0.04299834556877613,0.14913943133253466,0.04995336938149217,0.11586251796492097,-0.03588763011015792,-0.0032455938704503387,-0.004481885446194861,,,,,,,,,,,,
1.1,grasp,,,,,,,,,,,,,,,,,,,,,0.13690519332885742,0.04638957604765892,0.10607127100229263,-0.03179363161325455,-0.0033868025057017803,-0.004512903746217489,0.04299834556877613,0.14913943133253466,0.04995336938149217,0.11586251796492097,-0.03588763011015792,-0.0032455938704503387,-0.004481885446194861,,,,,,,,,,,,
1.12,grasp,,,,,,,,,,,,,,,,,,,,,0.16298145055770874,0.0550016313791275,0.12267720699310303,-0.040557216852903366,-0.00294342078268528,-0.004449730738997459,0.04299834556877613,0.19075628298512473,0.06360433875371609,0.14251893316296974,-0.04985124819263133,-0.0028546624598058913,-0.004374547690775495,,,,,,,,,,,,
1.1400000000000001,grasp,,,,,,,,,,,,,,,,,,,,,0.17648497223854065,0.05937899276614189,0.13145940005779266,-0.04507177695631981,-0.003019809490069747,-0.004410718567669392,0.04299834556877613,0.19075628298512473,0.06360433875371609,0.14251893316296974,-0.04985124819263133,-0.0028546624598058913,-0.004374547690775495,,,,,,,,,,,,
1.1600000000000001,grasp,,,,,,,,,,,,,,,,,,,,,0.20628200471401215,0.0691797286272049,0.1504339873790741,-0.05508516728878021,-0.0025157767813652754,-0.004338415805250406,0.04299834556877613,0.2380166120427797,0.07904636199315528,0.17278728521352857,-0.06570755647966169,-0.0024107350086765636,-0.0042526570207921215,,,,,,,,,,,,
1.1800000000000002,grasp,,,,,,,,,,,,,,,,,,,,,0.22171106934547424,0.0741623193025589,0.1604633629322052,-0.06024354323744774,-0.0025999590288847685,-0.004293960519134998,0.04299834556877613,0.2380166120427797,0.07904636199315528,0.17278728521352857,-0.06570755647966169,-0.0024107350086765636,-0.0042526570207921215,,,,,,,,,,,,
1.2000000000000002,grasp,,,,,,,,,,,,,,,,,,,,,0.25516602396965027,0.08512911945581436,0.18176701664924622,-0.07148556411266327,-0.0020368441473692656,-0.0042126658372581005,0.04299834556877613,0.29079323508213095,0.09623650674769497,0.2065859055816902,-0.08341384436375349,-0.0019150060709553637,-0.004116541468965196,,,,,,,,,,,,
1.2200000000000002,grasp,,,,,,,,,,,,,,,,,,,,,0.2724878489971161,0.09070583432912827,0.19302119314670563,-0.07727688550949097,-0.002128058113157749,-0.004162887576967478,0.04299834556877613,0.29079323508213095,0.09623650674769497,0.2065859055816902,-0.08341384436375349,-0.0019150060709553637,-0.004116541468965196,,,,,,,,,,,,
1.2400000000000002,grasp,,,,,,,,,,,,,,,,,,,,,0.30948421359062195,0.10280199348926544,0.21658028662204742,-0.08970839530229568,-0.0015082996105775237,-0.004072860348969698,0.04299834556877613,0.34887965400909776,0.11511172461666164,0.24378297179795627,-0.10290086675719509,-0.0013694158326458597,-0.003966733784482557,,,,,,,,,,,,
1.26,grasp,,,,,,,,,,,,,,,,,,,,,0.3286379873752594,0.10895445197820663,0.2290186733007431,-0.09611239284276962,-0.0016056012827903032,-0.004017948172986507,0.04299834556877613,0.34887965400909776,0.11511172461666164,0.24378297179795627,-0.10290086675719509,-0.0013694158326458597,-0.003966733784482557,,,,,,,,,,,,
1.28,grasp,,,,,,,,,,,,,,,,,,,,,0.3690115213394165,0.12212397903203964,0.2547290325164795,-0.10967807471752167,-0.0009324853890575469,-0.003919577691704035,0.04299834556877613,0.412000211093543,0.13557720107937163,0.2842018739342121,-0.12407597816793912,-0.0007765585534201347,-0.0038039446400865186,,,,,,,,,,,,
1.3,grasp,,,,,,,,,,,,,,,,,,,,,0.3899122178554535,0.12882401049137115,0.2682950794696808,-0.11666630953550339,-0.0010349416406825185,-0.0038598026148974895,0.04299834556877613,0.412000211093543,0.13557720107937163,0.2842018739342121,-0.12407597816793912,-0.0007765585534201347,-0.0038039446400865186,,,,,,,,,,,,
1.32,grasp,,,,,,,,,,,,,,,,,,,,,0.4334535002708435,0.14300096035003662,0.2960238456726074,-0.13129585981369019,-0.000312391814077273,-0.003753572702407837,0.04299834556877613,0.47981205402359156,0.15752784119964663,0.3276235221351519,-0.14682441943693877,-0.00013964345679646882,-0.003629055256254533,,,,,,,,,,,,
1.34,grasp,,,,,,,,,,,,,,,,,,,,,0.4559924006462097,0.15021514892578125,0.31064605712890625,-0.13883210718631744,-0.0004189424798823893,-0.003689262317493558,0.04299834556877613,0.47981205402359156,0.15752784119964663,0.3276235221351519,-0.14682441943693877,-0.00013964345679646882,-0.003629055256254533,,,,,,,,,,,,
1.36,grasp,,,,,,,,,,,,,,,,,,,,,0.5024526119232178,0.16531816124916077,0.34023517370224,-0.1544419676065445,0.00034847683855332434,-0.0035757659934461117,0.04299834556877613,0.5519161400397484,0.1808327213379828,0.37379238276908755,-0.17101238937483068,0.0005375881704037518,-0.0034430928934789874,,,,,,,,,,,,
1.3800000000000001,grasp,,,,,,,,,,,,,,,,,,,,,0.5265007615089417,0.17300556600093842,0.35582900047302246,-0.16248315572738647,0.00023894150217529386,-0.003507303074002266,0.04299834556877613,0.5519161400397484,0.1808327213379828,0.37379238276908755,-0.17101238937483068,0.0005375881704037518,-0.0034430928934789874,,,,,,,,,,,,
1.4,grasp,,,,,,,,,,,,,,,,,,,,,0.5755954384803772,0.18894360959529877,0.38709765672683716,-0.1789778769016266,0.0010461437050253153,-0.0033872323110699654,0.04299834556877613,0.6278611309888705,0.2053487227993587,0.42241963473435284,-0.19648859842991412,0.0012508910556458814,-0.003247223314547327,,,,,,,,,,,,
1.42,grasp,,,,,,,,,,,,,,,,,,,,,0.6010056138038635,0.19705785810947418,0.40356674790382385,-0.18747471272945404,0.0009346904698759317,-0.0033150429371744394,0.04299834556877613,0.6278611309888705,0.2053487227993587,0.42241963473435284,-0.19648859842991412,0.0012508910556458814,-0.003247223314547327,,,,,,,,,,,,
1.44,grasp,,,,,,,,,,,,,,,,,,,,,0.6524192690849304,0.2137288749217987,0.43631407618522644,-0.2047484666109085,0.0017761611379683018,-0.003189157461747527,0.04299834556877613,0.7071515745185566,0.23091629479966036,0.47318810104640935,-0.22308690264744951,0.0019956034003991113,-0.003042727089926504,,,,,,,,,,,,
1.46,grasp,,,,,,,,,,,,,,,,,,,,,0.6790285110473633,0.2222181111574173,0.45355191826820374,-0.21364650130271912,0.0016638339729979634,-0.0031135694589465857,0.04299834556877613,0.7071515745185566,0.23091629479966036,0.47318810104640935,-0.22308690264744951,0.0019956034003991113,-0.003042727089926504,,,,,,,,,,,,
1.48,grasp,,,,,,,,,,,,,,,,,,,,,0.7324188947677612,0.2395133078098297,0.4875602126121521,-0.23158416152000427,0.0025126494001597166,-0.0029804897494614124,0.04299834556877613,0.789253367158979,0.25736692427407387,0.5257559121677893,-0.2506281922170309,0.0027667214424507425,-0.002830977907119012,,,,,,,,,,,,
1.5,grasp,,,,,,,,,,,,,,,,,,,,,0.7600511908531189,0.2483222633600235,0.5054516196250916,-0.2408241629600525,0.002397384261712432,-0.002903296612203121,0.04299834556877613,0.789253367158979,0.25736692427407387,0.5257559121677893,-0.2506281922170309,0.0027667214424507425,-0.002830977907119012,,,,,,,,,,,,
1.52,grasp,,,,,,,,,,,,,,,,,,,,,0.8150529265403748,0.26612359285354614,0.5404883623123169,-0.25931715965270996,0.003257917007431388,-0.002764337696135044,0.04299834556877613,0.8736020183538008,0.28451776951567026,0.5797617320175084,-0.2789232828001593,0.0035589596553987023,-0.0026134274914159394,,,,,,,,,,,,
1.54,grasp,,,,,,,,,,,,,,,,,,,,,0.8435187935829163,0.2751920521259308,0.5589116215705872,-0.26882949471473694,0.003151418874040246,-0.002686769235879183,0.04299834556877613,0.8736020183538008,0.28451776951567026,0.5797617320175084,-0.2789232828001593,0.0035589596553987023,-0.0026134274914159394,,,,,,,,,,,,
1.56,grasp,,,,,,,,,,,,,,,,,,,,,0.8997507691383362,0.29337817430496216,0.5947335362434387,-0.2877642810344696,0.004043808206915855,-0.0025458650197833776,0.04299834556877613,0.959607284959338,0.31218341705158065,0.6348278645794954,-0.3077742301066289,0.00436675786787769,-0.0023916022229566003,,,,,,,,,,,,
1.58,grasp,,,,,,,,,,,,,,,,,,,,,0.9288521409034729,0.3026442527770996,0.6135609745979309,-0.29747235774993896,0.003947142045944929,-0.002466103294864297,0.04299834556877613,0.959607284959338,0.31218341705158065,0.6348278645794954,-0.3077742301066289,0.00436675786787769,-0.0023916022229566003,,,,,,,,,,,,
1.6,grasp,,,,,,,,,,,,,,,,,,,,,0.9859187006950378,0.32108789682388306,0.6499162912368774,-0.31668564677238464,0.004845232702791691,-0.002322956221178174,0.04299834556877613,1.0466618843103652,0.34016857807717443,0.6905656517592113,-0.33697740705776313,0.005184400193168019,-0.0021670724482270535,,,,,,,,,,,,
1.62,grasp,,,,,,,,,,,,,,,,,,,,,1.0154513120651245,0.3304866850376129,0.6690149307250977,-0.3265303075313568,0.00475308857858181,-0.0022425169590860605,0.04299834556877613,1.0466618843103652,0.34016857807717443,0.6905656517592113,-0.33697740705776313,0.005184400193168019,-0.0021670724482270535,,,,,,,,,,,,
1.6400000000000001,grasp,,,,,,,,,,,,,,,,,,,,,1.0729475021362305,0.3490583598613739,0.7056461572647095,-0.34586215019226074,0.005658142268657684,-0.002098402241244912,0.04299834556877613,1.1341468944471689,0.36827650005191825,0.7465788169006462,-0.366325297086151,0.006006090328706606,-0.0019414295933317684,,,,,,,,,,,,
1.6600000000000001,grasp,,,,,,,,,,,,,,,,,,,,,1.1027024984359741,0.35852381587028503,0.7248808145523071,-0.35578981041908264,0.005571030080318451,-0.002017389750108123,0.04299834556877613,1.1341468944471689,0.36827650005191825,0.7465788169006462,-0.366325297086151,0.006006090328706606,-0.0019414295933317684,,,,,,,,,,,,
1.6800000000000002,grasp,,,,,,,,,,,,,,,,,,,,,1.1602193117141724,0.3770928680896759,0.7615271806716919,-0.3751034736633301,0.006478079129010439,-0.0018738002981990576,0.04299834556877613,1.2214386020111423,0.396309294614332,0.8024683879775905,-0.3956087171642305,0.006825978360423664,-0.0017162810324248938,,,,,,,,,,,,
1.7000000000000002,grasp,,,,,,,,,,,,,,,,,,,,,1.189983606338501,0.3865582048892975,0.7807608246803284,-0.3850514888763428,0.006395369302481413,-0.0017924815183505416,0.04299834556877613,1.2214386020111423,0.396309294614332,0.8024683879775905,-0.3956087171642305,0.006825978360423664,-0.0017162810324248938,,,,,,,,,,,,
1.7200000000000002,grasp,,,,,,,,,,,,,,,,,,,,,1.2471116781234741,0.40499377250671387,0.8171609044075012,-0.40424370765686035,0.007312110625207424,-0.0016521221259608865,0.04299834556877613,1.3079155222389163,0.42406860578135486,0.8578369728554348,-0.42461943107889405,0.007638219338632493,-0.0014932325795300216,,,,,,,,,,,,
1.7400000000000002,grasp,,,,,,,,,,,,,,,,,,,,,1.2766733169555664,0.41439226269721985,0.8362581729888916,-0.4141290485858917,0.007231667172163725,-0.0015696638729423285,0.04299834556877613,1.3079155222389163,0.42406860578135486,0.8578369728554348,-0.42461943107889405,0.007638219338632493,-0.0014932325795300216,,,,,,,,,,,,
1.7600000000000002,grasp,,,,,,,,,,,,,,,,,,,,,1.3330072164535522,0.4325644373893738,0.8721537590026855,-0.43305715918540955,0.008133401162922382,-0.001432019635103643,0.04299834556877613,1.3929649729573808,0.451359216396617,0.9122926645081774,-0.4531519851098062,0.00843705807941833,-0.0012738661226480543,,,,,,,,,,,,
1.7800000000000002,grasp,,,,,,,,,,,,,,,,,,,,,1.362157940864563,0.4418296217918396,0.8909796476364136,-0.4428063631057739,0.008051536977291107,-0.0013500906061381102,0.04299834556877613,1.3929649729573808,0.451359216396617,0.9122926645081774,-0.4531519851098062,0.00843705807941833,-0.0012738661226480543,,,,,,,,,,,,
1.8000000000000003,grasp,,,,,,,,,,,,,,,,,,,,,1.4173005819320679,0.4596116244792938,0.9261178970336914,-0.4613353908061981,0.008930212818086147,-0.0012153182178735733,0.04299834556877613,1.4759897502367325,0.477991439560398,0.9654531971708622,-0.48100592768784567,0.009216893434756804,-0.0010597209954823666,,,,,,,,,,,,
1.8200000000000003,grasp,,,,,,,,,,,,,,,,,,,,,1.445833683013916,0.46867886185646057,0.9445399641990662,-0.47087910771369934,0.008853523060679436,-0.0011354543967172503,0.04299834556877613,1.4759897502367325,0.477991439560398,0.9654531971708622,-0.48100592768784567,0.009216893434756804,-0.0010597209954823666,,,,,,,,,,,,
1.8399999999999999,grasp,,,,,,,,,,,,,,,,,,,,,1.4994021654129028,0.48594820499420166,0.9786767363548279,-0.48887982964515686,0.00969558022916317,-0.0010035178856924176,0.04299834556877613,1.5564147362377188,0.5037822355434572,1.016950539426728,-0.5079886157429654,0.009972324049102494,-0.000852281165874906,,,,,,,,,,,,
1.8599999999999999,grasp,,,,,,,,,,,,,,,,,,,,,1.527120590209961,0.4947546124458313,0.9965681433677673,-0.4981512427330017,0.009622141718864441,-0.0009261150262318552,0.04299834556877613,1.5564147362377188,0.5037822355434572,1.016950539426728,-0.5079886157429654,0.009972324049102494,-0.000852281165874906,,,,,,,,,,,,
1.88,grasp,,,,,,,,,,,,,,,,,,,,,1.5787476301193237,0.5113941431045532,1.0294692516326904,-0.515500545501709,0.01042892038822174,-0.0007987908320501447,0.04299834556877613,1.633693590067924,0.5285579981336771,1.0664350534867657,-0.533917004147243,0.010698218257758319,-0.0006529565665620924,,,,,,,,,,,,
1.9,grasp,,,,,,,,,,,,,,,,,,,,,1.6054623126983643,0.5198800563812256,1.0467075109481812,-0.524436354637146,0.010361052118241787,-0.0007240902632474899,0.04299834556877613,1.633693590067924,0.5285579981336771,1.0664350534867657,-0.533917004147243,0.010698218257758319,-0.0006529565665620924,,,,,,,,,,,,
1.92,grasp,,,,,,,,,,,,,,,,,,,,,1.654802918434143,0.5357793569564819,1.0781545639038086,-0.5410187840461731,0.011129025369882584,-0.0006024702452123165,0.04299834556877613,1.7073152998238443,0.5521561154910052,1.1135803028761597,-0.5586197826815116,0.011389802728159893,-0.00046305906614857526,,,,,,,,,,,,
1.94,grasp,,,,,,,,,,,,,,,,,,,,,1.6803348064422607,0.5438885688781738,1.09462571144104,-0.5495596528053284,0.011067329905927181,-0.0005310564883984625,0.04299834556877613,1.7073152998238443,0.5521561154910052,1.1135803028761597,-0.5586197826815116,0.011389802728159893,-0.00046305906614857526,,,,,,,,,,,,
1.96,grasp,,,,,,,,,,,,,,,,,,,,,1.727070689201355,0.5589461326599121,1.1244149208068848,-0.5652679800987244,0.011792168952524662,-0.0004158250230830163,0.04299834556877613,1.7768111774407087,0.5744275006053317,1.1580862790754025,-0.5819402862422594,0.012042673532950443,-0.0002837957621793917,,,,,,,,,,,,
1.98,grasp,,,,,,,,,,,,,,,,,,,,,1.7512551546096802,0.5666268467903137,1.140013337135315,-0.5733588337898254,0.011736820451915264,-0.0003482220054138452,0.04299834556877613,1.7768111774407087,0.5744275006053317,1.1580862790754025,-0.5819402862422594,0.012042673532950443,-0.0002837957621793917,,,,,,,,,,,,
2.0,grasp,,,,,,,,,,,,,,,,,,,,,1.7951581478118896,0.5807170867919922,1.1679991483688354,-0.5881693959236145,0.012417308986186981,-0.000239962522755377,0.04299834556877613,1.8418835931574085,0.5951695338409128,1.1997621999773735,-0.6038873619474926,0.012657701880558526,-0.00011593438812594946,,,,,,,,,,,,
2.02,grasp,,,,,,,,,,,,,,,,,,,,,1.8178772926330566,0.5879043340682983,1.1826497316360474,-0.5957973003387451,0.012368964031338692,-0.00017645755724515766,0.04299834556877613,1.8418835931574085,0.5951695338409128,1.1997621999773735,-0.6038873619474926,0.012657701880558526,-0.00011593438812594946,,,,,,,,,,,,
2.04,grasp,,,,,,,,,,,,,,,,,,,,,1.8519363403320312,0.604735255241394,1.2045190334320068,-0.601510226726532,0.012682684697210789,-9.158858301816508e-05,0.04299834556877613,1.888170779508743,0.6221749477907388,1.229718136971099,-0.607560987415753,0.012692419252009831,4.6207242546114025e-06,,,,,,,,,,,,
2.06,grasp,,,,,,,,,,,,,,,,,,,,,1.8695544004440308,0.6134145855903625,1.2159268856048584,-0.6044519543647766,0.012564783915877342,-4.2378989746794105e-05,0.04299834556877613,1.888170779508743,0.6221749477907388,1.229718136971099,-0.607560987415753,0.012692419252009831,4.6207242546114025e-06,,,,,,,,,,,,
2.08,grasp,,,,,,,,,,,,,,,,,,,,,1.8772046566009521,0.6420019865036011,1.2214536666870117,-0.5813083648681641,0.011777766980230808,-1.9757617337745614e-05,0.04299834556877613,1.885289303102796,0.6723892060177168,1.229084302701184,-0.5566954002150174,0.011045278192016502,1.6545354747001688e-06,,,,,,,,,,,,
2.1,grasp,,,,,,,,,,,,,,,,,,,,,1.88113272190094,0.6570996046066284,1.2241860628128052,-0.5693858861923218,0.011403407901525497,-8.905999493435957e-06,0.04299834556877613,1.885289303102796,0.6723892060177168,1.229084302701184,-0.5566954002150174,0.011045278192016502,1.6545354747001688e-06,,,,,,,,,,,,
2.12,grasp,,,,,,,,,,,,,,,,,,,,,1.8824574947357178,0.686331033706665,1.2256883382797241,-0.5417033433914185,0.010529319755733013,-3.545665322235436e-06,0.04299834556877613,1.883862848111114,0.7169653676392912,1.2292288546100005,-0.5122658198907983,0.009618222535940165,1.8728410891142819e-06,,,,,,,,,,,,
2.14,grasp,,,,,,,,,,,,,,,,,,,,,1.883139967918396,0.7015809416770935,1.2263717651367188,-0.5274420380592346,0.01008021179586649,-7.266833677022078e-07,0.04299834556877613,1.883862848111114,0.7169653676392912,1.2292288546100005,-0.5122658198907983,0.009618222535940165,1.8728410891142819e-06,,,,,,,,,,,,
2.16,grasp,,,,,,,,,,,,,,,,,,,,,1.8828849792480469,0.7284459471702576,1.2268387079238892,-0.5009969472885132,0.009242028929293156,6.796543061682314e-07,0.04299834556877613,1.8826005586082915,0.7564865528596048,1.2293570285185433,-0.4728745499443751,0.008355246385219435,2.066048361661143e-06,,,,,,,,,,,,
2.18,grasp,,,,,,,,,,,,,,,,,,,,,1.8827531337738037,0.7424442768096924,1.2269872426986694,-0.4873736500740051,0.008809829130768776,1.4063105027162237e-06,0.04299834556877613,1.8826005586082915,0.7564865528596048,1.2293570285185433,-0.4728745499443751,0.008355246385219435,2.066048361661143e-06,,,,,,,,,,,,
2.2,grasp,,,,,,,,,,,,,,,,,,,,,1.8821566104888916,0.7661983966827393,1.2271853685379028,-0.4637325704097748,0.008055935613811016,1.8233643004350597e-06,0.04299834556877613,1.8815017163689465,0.7908847330404408,1.2294688437930879,-0.4385894124691299,0.007255811351545138,2.2342289706944776e-06,,,,,,,,,,,,
2.22,grasp,,,,,,,,,,,,,,,,,,,,,1.881847620010376,0.7785672545433044,1.2271946668624878,-0.4515536427497864,0.007667526137083769,2.0411973764566937e-06,0.04299834556877613,1.8815017163689465,0.7908847330404408,1.2294688437930879,-0.4385894124691299,0.007255811351545138,2.2342289706944776e-06,,,,,,,,,,,,
2.24,grasp,,,,,,,,,,,,,,,,,,,,,1.8812360763549805,0.7990244030952454,1.2273194789886475,-0.43112632632255554,0.007013328839093447,2.213872448919574e-06,0.04299834556877613,1.8805647176395859,0.8201720623638947,1.229564218260779,-0.40939816332875,0.006318564984064868,2.3775966842126855e-06,,,,,,,,,,,,
2.2600000000000002,grasp,,,,,,,,,,,,,,,,,,,,,1.8809187412261963,0.8096715211868286,1.2272952795028687,-0.42060285806655884,0.006676765624433756,2.2937372250453336e-06,0.04299834556877613,1.8805647176395859,0.8201720623638947,1.229564218260779,-0.40939816332875,0.006318564984064868,2.3775966842126855e-06,,,,,,,,,,,,
2.2800000000000002,grasp,,,,,,,,,,,,,,,,,,,,,1.880379557609558,0.8268311619758606,1.2273938655853271,-0.4034505784511566,0.006125468760728836,2.4010726065171184e-06,0.04299834556877613,1.8797862539829855,0.8444470263088047,1.229643761553001,-0.3852026760992075,0.005539902515025823,2.4967084596461032e-06,,,,,,,,,,,,
2.3000000000000003,grasp,,,,,,,,,,,,,,,,,,,,,1.880098819732666,0.8357582688331604,1.2273650169372559,-0.3946146070957184,0.005842138547450304,2.4407697765127523e-06,0.04299834556877613,1.8797862539829855,0.8444470263088047,1.229643761553001,-0.3852026760992075,0.005539902515025823,2.4967084596461032e-06,,,,,,,,,,,,
2.3200000000000003,grasp,,,,,,,,,,,,,,,,,,,,,1.879656195640564,0.8495432138442993,1.228437900543213,-0.3806529641151428,0.005889437161386013,-5.6327833590330556e-05,0.04299834556877613,1.8791599550057518,0.8639003437195003,1.2297077937884875,-0.3658128488116747,0.004913813447348757,2.5924927422113545e-06,,,,,,,,,,,,
2.3400000000000003,grasp,,,,,,,,,,,,,,,,,,,,,1.8793708086013794,0.8567141890525818,1.2289406061172485,-0.373462051153183,0.006056157872080803,-8.74754405231215e-05,0.04299834556877613,1.8791599550057518,0.8639003437195003,1.2297077937884875,-0.3658128488116747,0.004913813447348757,2.5924927422113545e-06,,,,,,,,,,,,
2.36,grasp,,,,,,,,,,,,,,,,,,,,,1.8789921998977661,0.8675693869590759,1.2293750047683716,-0.3625456392765045,0.005956820212304592,-0.00011768750118790194,0.04299834556877613,1.878677087033824,0.8788210892070313,1.2297571797504556,-0.3509406898674298,0.004431160079284159,2.666334242192681e-06,,,,,,,,,,,,
2.38,grasp,,,,,,,,,,,,,,,,,,,,,1.8787555694580078,0.873222291469574,1.2295037508010864,-0.35692277550697327,0.005973232910037041,-0.00013470558042172343,0.04299834556877613,1.878677087033824,0.8788210892070313,1.2297571797504556,-0.3509406898674298,0.004431160079284159,2.666334242192681e-06,,,,,,,,,,,,
2.4,grasp,,,,,,,,,,,,,,,,,,,,,1.8784083127975464,0.8813560605049133,1.2293744087219238,-0.34881699085235596,0.005864319391548634,-0.00015267482376657426,0.04299834556877613,1.8783256199664844,0.8896025874942093,1.2297932167365526,-0.3401941972589758,0.004079807047834902,2.720086052924898e-06,,,,,,,,,,,,
2.42,grasp,,,,,,,,,,,,,,,,,,,,,1.8782037496566772,0.8855975866317749,1.22923743724823,-0.34464138746261597,0.00582959596067667,-0.00016077974578365684,0.04299834556877613,1.8783256199664844,0.8896025874942093,1.2297932167365526,-0.3401941972589758,0.004079807047834902,2.720086052924898e-06,,,,,,,,,,,,
2.44,grasp,,,,,,,,,,,,,,,,,,,,,1.8778585195541382,0.8911679983139038,1.2295953035354614,-0.33903586864471436,0.006092332769185305,-0.00022079795598983765,0.04299834556877613,1.878089378774863,0.8967484667831751,1.2298175069902753,-0.3330714278501849,0.003843752557145328,2.756203827490609e-06,,,,,,,,,,,,
2.46,grasp,,,,,,,,,,,,,,,,,,,,,1.8776130676269531,0.8940550088882446,1.2297966480255127,-0.33614981174468994,0.0063733793795108795,-0.00026003693346865475,0.04299834556877613,1.878089378774863,0.8967484667831751,1.2298175069902753,-0.3330714278501849,0.003843752557145328,2.756203827490609e-06,,,,,,,,,,,,
2.48,grasp,,,,,,,,,,,,,,,,,,,,,1.8774482011795044,0.8974974155426025,1.2299699783325195,-0.3326658010482788,0.006442186888307333,-0.00028494599973782897,0.04299834556877613,1.8779489613333178,0.900878578814296,1.229831946010064,-0.32895433729416634,0.0037034365420558963,2.777670166329766e-06,,,,,,,,,,,,
2.5,grasp,,,,,,,,,,,,,,,,,,,,,1.877485752105713,0.8993302583694458,1.2297296524047852,-0.33087241649627686,0.006161859724670649,-0.0002445622521918267,0.04299834556877613,1.8779489613333178,0.900878578814296,1.229831946010064,-0.32895433729416634,0.0037034365420558963,2.777670166329766e-06,,,,,,,,,,,,
2.52,grasp,,,,,,,,,,,,,,,,,,,,,1.8775688409805298,0.9011891484260559,1.229435682296753,-0.3290500044822693,0.0056593939661979675,-0.00019913619325961918,0.04299834556877613,1.8778849207484658,0.9027355973123696,1.2298385105821374,-0.3271031006811572,0.003639428568754774,2.7874615409551214e-06,,,,,,,,,,,,
2.54,grasp,,,,,,,,,,,,,,,,,,,,,1.8775649070739746,0.9021455645561218,1.2292892932891846,-0.3281112611293793,0.005530125927180052,-0.00018636770255398005,0.04299834556877613,1.8778849207484658,0.9027355973123696,1.2298385105821374,-0.3271031006811572,0.003639428568754774,2.7874615409551214e-06,,,,,,,,,,,,
2.56,grasp,,,,,,,,,,,,,,,,,,,,,1.877631664276123,0.902836799621582,1.229467511177063,-0.32740679383277893,0.0052869669161736965,-0.00016599638911429793,0.04299834556877613,1.8778691517987083,0.9031902619325748,1.229840132686165,-0.32664989898635344,0.0036237120580328466,2.7898656146602407e-06,,,,,,,,,,,,
2.574878345541656,grasp,,,,,,,,,,,,,,,,,,,,,1.8776535987854004,0.9031898379325867,1.2296093702316284,-0.32703903317451477,0.00517023541033268,-0.000160571449669078,0.04299834556877613,1.877868890762329,0.9031977653503418,1.2298401594161987,-0.3266424238681793,0.0036234529688954353,2.7899052383872913e-06,,,,,,,,,,,,
2.574878345541656,grasp,,,,,,,,,,,,,,,,,,,,,,,,,,,0.042059483006596565,,,,,,,0.0,,,,,,,,,,,
2.594878345541656,grasp,,,,,,,,,,,,,,,,,,,,,,,,,,,0.04203309677541256,,,,,,,0.0,,,,,,,,,,,
2.614878345541656,grasp,,,,,,,,,,,,,,,,,,,,,,,,,,,0.041994161903858185,,,,,,,0.0,,,,,,,,,,,
2.6348783455416562,grasp,,,,,,,,,,,,,,,,,,,,,,,,,,,0.041873861104249954,,,,,,,0.0,,,,,,,,,,,
2.6548783455416562,grasp,,,,,,,,,,,,,,,,,,,,,,,,,,,0.04164384491741657,,,,,,,0.0,,,,,,,,,,,
2.6748783455416563,grasp,,,,,,,,,,,,,,,,,,,,,,,,,,,0.04127936437726021,,,,,,,0.0,,,,,,,,,,,
2.6948783455416563,grasp,,,,,,,,,,,,,,,,,,,,,,,,,,,0.04027216695249081,,,,,,,0.0,,,,,,,,,,,
2.7148783455416563,grasp,,,,,,,,,,,,,,,,,,,,,,,,,,,0.03949147090315819,,,,,,,0.0,,,,,,,,,,,
2.7348783455416563,grasp,,,,,,,,,,,,,,,,,,,,,,,,,,,0.03887839987874031,,,,,,,0.0,,,,,,,,,,,
2.7548783455416563,grasp,,,,,,,,,,,,,,,,,,,,,,,,,,,0.037822531536221504,,,,,,,0.0,,,,,,,,,,,
2.7748783455416564,grasp,,,,,,,,,,,,,,,,,,,,,,,,,,,0.03777741827070713,,,,,,,0.0,,,,,,,,,,,
2.7948783455416564,grasp,,,,,,,,,,,,,,,,,,,,,,,,,,,0.03775599226355553,,,,,,,0.0,,,,,,,,,,,
2.814878345541656,grasp,,,,,,,,,,,,,,,,,,,,,,,,,,,0.037727240473032,,,,,,,0.0,,,,,,,,,,,
2.8348783455416564,grasp,,,,,,,,,,,,,,,,,,,,,,,,,,,0.0377003438770771,,,,,,,0.0,,,,,,,,,,,
2.854878345541656,grasp,,,,,,,,,,,,,,,,,,,,,,,,,,,0.03767247311770916,,,,,,,0.0,,,,,,,,,,,
2.874878345541656,grasp,,,,,,,,,,,,,,,,,,,,,,,,,,,0.03764302283525467,,,,,,,0.0,,,,,,,,,,,
2.894878345541656,grasp,,,,,,,,,,,,,,,,,,,,,,,,,,,0.03761342167854309,,,,,,,0.0,,,,,,,,,,,
2.914878345541656,grasp,,,,,,,,,,,,,,,,,,,,,,,,,,,0.03758261166512966,,,,,,,0.0,,,,,,,,,,,
2.934878345541656,grasp,,,,,,,,,,,,,,,,,,,,,,,,,,,0.037552135065197945,,,,,,,0.0,,,,,,,,,,,
2.954878345541656,grasp,,,,,,,,,,,,,,,,,,,,,,,,,,,0.037522170692682266,,,,,,,0.0,,,,,,,,,,,
2.974878345541656,grasp,,,,,,,,,,,,,,,,,,,,,,,,,,,0.03749297745525837,,,,,,,0.0,,,,,,,,,,,
2.994878345541656,grasp,,,,,,,,,,,,,,,,,,,,,,,,,,,0.03746517561376095,,,,,,,0.0,,,,,,,,,,,
3.014878345541656,grasp,,,,,,,,,,,,,,,,,,,,,,,,,,,0.037438707426190376,,,,,,,0.0,,,,,,,,,,,
3.034878345541656,grasp,,,,,,,,,,,,,,,,,,,,,,,,,,,0.03741433657705784,,,,,,,0.0,,,,,,,,,,,
3.054878345541656,grasp,,,,,,,,,,,,,,,,,,,,,,,,,,,0.03739200718700886,,,,,,,0.0,,,,,,,,,,,
3.074878345541656,grasp,,,,,,,,,,,,,,,,,,,,,,,,,,,0.037372246384620667,,,,,,,0.0,,,,,,,,,,,
3.094878345541656,grasp,,,,,,,,,,,,,,,,,,,,,,,,,,,0.037355223670601845,,,,,,,0.0,,,,,,,,,,,
3.114878345541656,grasp,,,,,,,,,,,,,,,,,,,,,,,,,,,0.03734090365469456,,,,,,,0.0,,,,,,,,,,,
3.1348783455416562,grasp,,,,,,,,,,,,,,,,,,,,,,,,,,,0.037329183891415596,,,,,,,0.0,,,,,,,,,,,
3.1548783455416562,grasp,,,,,,,,,,,,,,,,,,,,,,,,,,,0.0373202171176672,,,,,,,0.0,,,,,,,,,,,
3.1748783455416563,grasp,,,,,,,,,,,,,,,,,,,,,,,,,,,0.03731382638216019,,,,,,,0.0,,,,,,,,,,,
3.1948783455416563,grasp,,,,,,,,,,,,,,,,,,,,,,,,,,,0.03730976581573486,,,,,,,0.0,,,,,,,,,,,
3.2148783455416563,grasp,,,,,,,,,,,,,,,,,,,,,,,,,,,0.037307439371943474,,,,,,,0.0,,,,,,,,,,,
3.2348783455416563,grasp,,,,,,,,,,,,,,,,,,,,,,,,,,,0.03730655275285244,,,,,,,0.0,,,,,,,,,,,
3.2548783455416563,grasp,,,,,,,,,,,,,,,,,,,,,,,,,,,0.03730648569762707,,,,,,,0.0,,,,,,,,,,,
3.2548783455416563,grasp,,,,,,,,,,,,,,,,,,,,,1.8779815435409546,0.9037644267082214,1.2282819747924805,-0.32665857672691345,0.003688811557367444,0.007226679008454084,0.03730648569762707,1.877868890762329,0.9031977653503418,1.2298401594161987,-0.3266424238681793,0.0036234529688954353,2.7899052383872913e-06,,,,,,,,,,,,
3.2748783455416564,grasp,,,,,,,,,,,,,,,,,,,,,1.877988576889038,0.9037508964538574,1.2282637357711792,-0.32665857672691345,0.003681974485516548,0.006924184039235115,0.03730648569762707,1.877868890762329,0.9031977653503418,1.2298401594161987,-0.3266424238681793,0.0036234529688954353,2.7899052383872913e-06,,,,,,,,,,,,
3.2948783455416564,grasp,,,,,,,,,,,,,,,,,,,,,1.8779923915863037,0.9037026762962341,1.2282476425170898,-0.32670387625694275,0.0036805805284529924,0.0067683071829378605,0.03730648569762707,1.8778721468411959,0.9031040462243212,1.2298398254483915,-0.326735809428595,0.003626690076219806,2.78941013472819e-06,,,,,,,,,,,,
3.3148783455416564,grasp,,,,,,,,,,,,,,,,,,,,,1.8779935836791992,0.9036800861358643,1.228241205215454,-0.3267271816730499,0.003678926033899188,0.006688032764941454,0.03730648569762707,1.8778721468411959,0.9031040462243212,1.2298398254483915,-0.326735809428595,0.003626690076219806,2.78941013472819e-06,,,,,,,,,,,,
3.3348783455416564,grasp,,,,,,,,,,,,,,,,,,,,,1.877983808517456,0.9033840894699097,1.2281863689422607,-0.3270474374294281,0.003681349800899625,0.0066465153358876705,0.03730648569762707,1.8778942110468861,0.9024672030005927,1.2298375547328122,-0.3273706662636776,0.003648700993123064,2.786043117422205e-06,,,,,,,,,,,,
3.3548783455416564,grasp,,,,,,,,,,,,,,,,,,,,,1.8779571056365967,0.9032526612281799,1.2281639575958252,-0.3272123336791992,0.003671043086796999,0.0066249556839466095,0.03730648569762707,1.8778942110468861,0.9024672030005927,1.2298375547328122,-0.3273706662636776,0.003648700993123064,2.786043117422205e-06,,,,,,,,,,,,
3.3748783455416564,grasp,,,,,,,,,,,,,,,,,,,,,1.8779385089874268,0.9024133086204529,1.228026032447815,-0.3281055986881256,0.003715506521984935,0.0066131544299423695,0.03730648569762707,1.8779517581830396,0.9007958069388233,1.229831658188621,-0.3290368467099136,0.0037062314014336445,2.777242576637826e-06,,,,,,,,,,,,
3.3948783455416565,grasp,,,,,,,,,,,,,,,,,,,,,1.8779369592666626,0.9019933342933655,1.2280209064483643,-0.32856592535972595,0.00369835551828146,0.006607891991734505,0.03730648569762707,1.8779517581830396,0.9007958069388233,1.229831658188621,-0.3290368467099136,0.0037062314014336445,2.777242576637826e-06,,,,,,,,,,,,
3.4148783455416565,grasp,,,,,,,,,,,,,,,,,,,,,1.8779877424240112,0.9002583622932434,1.2278716564178467,-0.3303227126598358,0.0037311092019081116,0.00660532945767045,0.03730648569762707,1.878058623245078,0.8976527533350591,1.2298206750801035,-0.3321699871895468,0.0038130300161932362,2.760903975190424e-06,,,,,,,,,,,,
3.4348783455416565,grasp,,,,,,,,,,,,,,,,,,,,,1.8780163526535034,0.8993350863456726,1.2278249263763428,-0.3312278091907501,0.0037928414531052113,0.006603100337088108,0.03730648569762707,1.878058623245078,0.8976527533350591,1.2298206750801035,-0.3321699871895468,0.0038130300161932362,2.760903975190424e-06,,,,,,,,,,,,
3.4548783455416565,grasp,,,,,,,,,,,,,,,,,,,,,1.8781065940856934,0.8964866995811462,1.2275363206863403,-0.3341119885444641,0.0039783138781785965,0.006600574590265751,0.03730648569762707,1.8782252792403389,0.8926533214105583,1.2298035213552978,-0.33715335093702764,0.003979536943773957,2.735427848313617e-06,,,,,,,,,,,,
3.4748783455416565,grasp,,,,,,,,,,,,,,,,,,,,,1.8781275749206543,0.8949925303459167,1.2273228168487549,-0.3355976343154907,0.0040811519138514996,0.006598480045795441,0.03730648569762707,1.8782252792403389,0.8926533214105583,1.2298035213552978,-0.33715335093702764,0.003979536943773957,2.735427848313617e-06,,,,,,,,,,,,
3.4948783455416566,grasp,,,,,,,,,,,,,,,,,,,,,1.878302812576294,0.8907541632652283,1.227060317993164,-0.3398401141166687,0.004190221428871155,0.0065993270836770535,0.03730648569762707,1.8784610138753137,0.885463453955654,1.2297793332444569,-0.34431990297889375,0.0042151247018990924,2.6993826844224477e-06,,,,,,,,,,,,
3.514878345541656,grasp,,,,,,,,,,,,,,,,,,,,,1.87838613986969,0.8885647058486938,1.2268649339675903,-0.3420262336730957,0.004238311666995287,0.0066004907712340355,0.03730648569762707,1.8784610138753137,0.885463453955654,1.2297793332444569,-0.34431990297889375,0.0042151247018990924,2.6993826844224477e-06,,,,,,,,,,,,
3.5348783455416566,grasp,,,,,,,,,,,,,,,,,,,,,1.8785982131958008,0.8827589154243469,1.2268184423446655,-0.34782320261001587,0.004352740477770567,0.006602386012673378,0.03730648569762707,1.8787751222542235,0.8757977617993243,1.2297471475694426,-0.35395418712520244,0.004529167318680029,2.651341327254541e-06,,,,,,,,,,,,
3.554878345541656,grasp,,,,,,,,,,,,,,,,,,,,,1.8786966800689697,0.8797387480735779,1.2268222570419312,-0.3508090674877167,0.0044189635664224625,0.006603059824556112,0.03730648569762707,1.8787751222542235,0.8757977617993243,1.2297471475694426,-0.35395418712520244,0.004529167318680029,2.651341327254541e-06,,,,,,,,,,,,
3.574878345541656,grasp,,,,,,,,,,,,,,,,,,,,,1.8789329528808594,0.8722068071365356,1.226820707321167,-0.35832980275154114,0.004654300399124622,0.006603393238037825,0.03730648569762707,1.87917548579027,0.8634173821053434,1.229706209411379,-0.36629423578977505,0.00492933872364722,2.5901174098243383e-06,,,,,,,,,,,,
3.594878345541656,grasp,,,,,,,,,,,,,,,,,,,,,1.8790581226348877,0.868279218673706,1.226869821548462,-0.3622038662433624,0.00477264728397131,0.006603565067052841,0.03730648569762707,1.87917548579027,0.8634173821053434,1.229706209411379,-0.36629423578977505,0.00492933872364722,2.5901174098243383e-06,,,,,,,,,,,,
3.614878345541656,grasp,,,,,,,,,,,,,,,,,,,,,1.8793580532073975,0.858892023563385,1.2268227338790894,-0.37158846855163574,0.005075344815850258,0.00660358089953661,0.03730648569762707,1.8796679328727248,0.8481280891521507,1.229655883176281,-0.3815336464944085,0.0054215969420620975,2.5148046985071834e-06,,,,,,,,,,,,
3.6348783455416562,grasp,,,,,,,,,,,,,,,,,,,,,1.8795161247253418,0.8539941906929016,1.226855993270874,-0.37642279267311096,0.0052271136082708836,0.006603660061955452,0.03730648569762707,1.8796679328727248,0.8481280891521507,1.229655883176281,-0.3815336464944085,0.0054215969420620975,2.5148046985071834e-06,,,,,,,,,,,,
3.6548783455416562,grasp,,,,,,,,,,,,,,,,,,,,,1.8798778057098389,0.8426340222358704,1.226792573928833,-0.38778090476989746,0.005595851689577103,0.006603561341762543,0.03730648569762707,1.8802569455030675,0.8297782600629657,1.2295955323166563,-0.39982345259220997,0.0060106896845054094,2.424695645739863e-06,,,,,,,,,,,,
3.6748783455416563,grasp,,,,,,,,,,,,,,,,,,,,,1.8800692558288574,0.836707592010498,1.2268227338790894,-0.39363208413124084,0.005780145060271025,0.00660361722111702,0.03730648569762707,1.8802569455030675,0.8297782600629657,1.2295955323166563,-0.39982345259220997,0.0060106896845054094,2.424695645739863e-06,,,,,,,,,,,,
3.6948783455416563,grasp,,,,,,,,,,,,,,,,,,,,,1.8804967403411865,0.8232911825180054,1.2267495393753052,-0.40704646706581116,0.006215057801455259,0.0066034989431500435,0.03730648569762707,1.880946184557495,0.8082570000362097,1.2295253642344732,-0.4212741829559203,0.006700064222053835,2.3192353933742633e-06,,,,,,,,,,,,
3.7148783455416563,grasp,,,,,,,,,,,,,,,,,,,,,1.8807218074798584,0.8162913918495178,1.2267787456512451,-0.41395696997642517,0.006433369126170874,0.006603493355214596,0.03730648569762707,1.880946184557495,0.8082570000362097,1.2295253642344732,-0.4212741829559203,0.006700064222053835,2.3192353933742633e-06,,,,,,,,,,,,
3.7348783455416563,grasp,,,,,,,,,,,,,,,,,,,,,1.8812164068222046,0.8007619380950928,1.2267009019851685,-0.429484486579895,0.006934826727956533,0.006603374145925045,0.03730648569762707,1.881737985875441,0.783492105262287,1.2294448101351487,-0.4459577708309081,0.007492183879596228,2.1980740907854503e-06,,,,,,,,,,,,
3.7548783455416563,grasp,,,,,,,,,,,,,,,,,,,,,1.8814756870269775,0.7926591038703918,1.2267271280288696,-0.43748363852500916,0.00718880956992507,0.006603367161005735,0.03730648569762707,1.881737985875441,0.783492105262287,1.2294448101351487,-0.4459577708309081,0.007492183879596228,2.1980740907854503e-06,,,,,,,,,,,,
3.7748783455416564,grasp,,,,,,,,,,,,,,,,,,,,,1.882038950920105,0.7749845385551453,1.226645588874817,-0.45515647530555725,0.007757248356938362,0.0066032977774739265,0.03730648569762707,1.882633704280444,0.7554481270555415,1.229353647418224,-0.4739095591697543,0.008388431608455175,2.0609716480118393e-06,,,,,,,,,,,,
3.7948783455416564,grasp,,,,,,,,,,,,,,,,,,,,,1.8823325634002686,0.7657612562179565,1.226666808128357,-0.46426090598106384,0.008048099465668201,0.006603251677006483,0.03730648569762707,1.882633704280444,0.7554481270555415,1.229353647418224,-0.4739095591697543,0.008388431608455175,2.0609716480118393e-06,,,,,,,,,,,,
3.8148783455416564,grasp,,,,,,,,,,,,,,,,,,,,,1.8829658031463623,0.7459329962730408,1.2265863418579102,-0.4840877950191498,0.00868331827223301,0.0066032106988132,0.03730648569762707,1.8836341530528284,0.7241244506005792,1.2292521040732889,-0.5051303024518113,0.009389380090245333,1.90784940696375e-06,,,,,,,,,,,,
3.8348783455416564,grasp,,,,,,,,,,,,,,,,,,,,,1.8832943439483643,0.7355839610099792,1.2265998125076294,-0.49430230259895325,0.009012119844555855,0.006603083107620478,0.03730648569762707,1.8836341530528284,0.7241244506005792,1.2292521040732889,-0.5051303024518113,0.009389380090245333,1.90784940696375e-06,,,,,,,,,,,,
3.8548783455416564,grasp,,,,,,,,,,,,,,,,,,,,,1.8839972019195557,0.7136152982711792,1.226522445678711,-0.5162703394889832,0.009713530540466309,0.006603088695555925,0.03730648569762707,1.8847394476648212,0.6895531367116738,1.2291398242849234,-0.5395879409816495,0.010495220130109258,1.738677936022381e-06,,,,,,,,,,,,
3.8748783455416564,grasp,,,,,,,,,,,,,,,,,,,,,1.884359359741211,0.7021464109420776,1.2265254259109497,-0.527587890625,0.010081392712891102,0.006602887529879808,0.03730648569762707,1.8847394476648212,0.6895531367116738,1.2291398242849234,-0.5395879409816495,0.010495220130109258,1.738677936022381e-06,,,,,,,,,,,,
3.8948783455416565,grasp,,,,,,,,,,,,,,,,,,,,,1.8851337432861328,0.6780715584754944,1.2264554500579834,-0.5516629815101624,0.010848626494407654,0.0066030207090079784,0.03730648569762707,1.8859508428064926,0.6517971610609383,1.2290175263335223,-0.577219692225692,0.011707003404516393,1.5533129260701357e-06,,,,,,,,,,,,
3.9148783455416565,grasp,,,,,,,,,,,,,,,,,,,,,1.8855302333831787,0.6654996871948242,1.226444125175476,-0.5640661120414734,0.011256664991378784,0.006602677516639233,0.03730648569762707,1.8859508428064926,0.6517971610609383,1.2290175263335223,-0.577219692225692,0.011707003404516393,1.5533129260701357e-06,,,,,,,,,,,,
3.9348783455416565,grasp,,,,,,,,,,,,,,,,,,,,,1.8854461908340454,0.63990718126297,1.2257990837097168,-0.5890488028526306,0.012028069235384464,0.006601270753890276,0.03730648569762707,1.88531404732682,0.6120625220268887,1.2276639933555924,-0.6155707761367156,0.012964549428823859,-3.5778100149290986e-06,,,,,,,,,,,,
3.9548783455416565,grasp,,,,,,,,,,,,,,,,,,,,,1.8853763341903687,0.6265466809272766,1.2254565954208374,-0.6019198298454285,0.012508373707532883,0.0065984041430056095,0.03730648569762707,1.88531404732682,0.6120625220268887,1.2276639933555924,-0.6155707761367156,0.012964549428823859,-3.5778100149290986e-06,,,,,,,,,,,,
3.974878345541656,grasp,,,,,,,,,,,,,,,,,,,,,1.8635917901992798,0.6112689971923828,1.2113384008407593,-0.6025304794311523,0.011813143268227577,0.0065591465681791306,0.03730648569762707,1.8400050163615103,0.5946770473830736,1.1985616349697847,-0.6031500831276956,0.012636412687786093,-0.00012077091855662197,,,,,,,,,,,,
3.9948783455416566,grasp,,,,,,,,,,,,,,,,,,,,,1.85196053981781,0.6034766435623169,1.2037888765335083,-0.6028429865837097,0.012903849594295025,0.006501244846731424,0.03730648569762707,1.8400050163615103,0.5946770473830736,1.1985616349697847,-0.6031500831276956,0.012636412687786093,-0.00012077091855662197,,,,,,,,,,,,
4.014878345541656,grasp,,,,,,,,,,,,,,,,,,,,,1.8213727474212646,0.5913985967636108,1.1840811967849731,-0.5945956707000732,0.011537882499396801,0.006447522435337305,0.03730648569762707,1.7883155489810112,0.5781139783192548,1.1654541429763072,-0.585801048949323,0.012150753782147205,-0.0002541197215988386,,,,,,,,,,,,
4.034878345541657,grasp,,,,,,,,,,,,,,,,,,,,,1.8050960302352905,0.5852465629577637,1.1736418008804321,-0.5903452038764954,0.012711120769381523,0.0063706436194479465,0.03730648569762707,1.7883155489810112,0.5781139783192548,1.1654541429763072,-0.585801048949323,0.012150753782147205,-0.0002541197215988386,,,,,,,,,,,,
4.054878345541656,grasp,,,,,,,,,,,,,,,,,,,,,1.7707422971725464,0.5735324025154114,1.1515783071517944,-0.5792667269706726,0.011152408085763454,0.006310258060693741,0.03730648569762707,1.733671617521814,0.5606029480201874,1.1304588819864743,-0.5674637977987087,0.011637399871161937,-0.0003950743163443677,,,,,,,,,,,,
4.074878345541657,grasp,,,,,,,,,,,,,,,,,,,,,1.7525087594985962,0.5675642490386963,1.1399246454238892,-0.5735580921173096,0.01230573933571577,0.006229550577700138,0.03730648569762707,1.733671617521814,0.5606029480201874,1.1304588819864743,-0.5674637977987087,0.011637399871161937,-0.0003950743163443677,,,,,,,,,,,,
4.094878345541656,grasp,,,,,,,,,,,,,,,,,,,,,1.7158279418945312,0.5555087924003601,1.116396188735962,-0.5612820982933044,0.010653205215930939,0.006163143087178469,0.03730648569762707,1.6762823284468467,0.5422095917418265,1.093707311107614,-0.5482068832665179,0.011098280988375498,-0.0005431053978446419,,,,,,,,,,,,
4.114878345541657,grasp,,,,,,,,,,,,,,,,,,,,,1.6963845491409302,0.5493652820587158,1.1039774417877197,-0.5549567341804504,0.011831875890493393,0.006076745688915253,0.03730648569762707,1.6762823284468467,0.5422095917418265,1.093707311107614,-0.5482068832665179,0.011098280988375498,-0.0005431053978446419,,,,,,,,,,,,
4.134878345541656,grasp,,,,,,,,,,,,,,,,,,,,,1.6578748226165771,0.5368229746818542,1.0792919397354126,-0.5419542193412781,0.01010188926011324,0.00600859709084034,0.03730648569762707,1.6163763877580721,0.5230066166331236,1.0553459922769046,-0.5281066504628413,0.010535551096517135,-0.0006976230634809025,,,,,,,,,,,,
4.154878345541657,grasp,,,,,,,,,,,,,,,,,,,,,1.637474536895752,0.530433177947998,1.0662615299224854,-0.535254180431366,0.011310240253806114,0.0059165372513234615,0.03730648569762707,1.6163763877580721,0.5230066166331236,1.0553459922769046,-0.5281066504628413,0.010535551096517135,-0.0006976230634809025,,,,,,,,,,,,
4.174878345541656,grasp,,,,,,,,,,,,,,,,,,,,,1.5973845720291138,0.517399251461029,1.0405641794204712,-0.5216904282569885,0.009496263228356838,0.005845356732606888,0.03730648569762707,1.5542014509750428,0.5030725055851484,1.015533327037576,-0.5072460469172095,0.009951534554462455,-0.0008579898931430742,,,,,,,,,,,,
4.194878345541657,grasp,,,,,,,,,,,,,,,,,,,,,1.576158881187439,0.5107632279396057,1.0270107984542847,-0.514700710773468,0.010737299919128418,0.005742188543081284,0.03730648569762707,1.5542014509750428,0.5030725055851484,1.015533327037576,-0.5072460469172095,0.009951534554462455,-0.0008579898931430742,,,,,,,,,,,,
4.214878345541656,grasp,,,,,,,,,,,,,,,,,,,,,1.5346815586090088,0.4972919821739197,1.0004475116729736,-0.5006623268127441,0.008869574405252934,0.005666904151439667,0.03730648569762707,1.4900217719682574,0.48249194856375294,0.9744380037137561,-0.48571358692371164,0.009348694836077987,-0.0010235280831285816,,,,,,,,,,,,
4.234878345541656,grasp,,,,,,,,,,,,,,,,,,,,,1.512732982635498,0.49042874574661255,0.9864130616188049,-0.4934282600879669,0.010175421833992004,0.005565683823078871,0.03730648569762707,1.4900217719682574,0.48249194856375294,0.9744380037137561,-0.48571358692371164,0.009348694836077987,-0.0010235280831285816,,,,,,,,,,,,
4.254878345541656,grasp,,,,,,,,,,,,,,,,,,,,,1.4700642824172974,0.4765658676624298,0.9590740203857422,-0.47898393869400024,0.008221138268709183,0.005486331880092621,0.03730648569762707,1.424116155971946,0.46135272846652864,0.932238496882359,-0.46360278792145065,0.008729652917248797,-0.001193518328077526,,,,,,,,,,,,
4.274878345541657,grasp,,,,,,,,,,,,,,,,,,,,,1.4474797248840332,0.469503790140152,0.9446365833282471,-0.4715398848056793,0.009595063515007496,0.0053816428408026695,0.03730648569762707,1.424116155971946,0.46135272846652864,0.932238496882359,-0.46360278792145065,0.008729652917248797,-0.001193518328077526,,,,,,,,,,,,
4.294878345541656,grasp,,,,,,,,,,,,,,,,,,,,,1.4038029909133911,0.45531076192855835,0.9166564345359802,-0.4567546248435974,0.0075775086879730225,0.005300890188664198,0.03730648569762707,1.3567754406581711,0.43974792780150546,0.8891209759760533,-0.4410109662180684,0.008097141594889454,-0.0013672092183042,,,,,,,,,,,,
4.314878345541656,grasp,,,,,,,,,,,,,,,,,,,,,1.380689263343811,0.4480816721916199,0.9018821716308594,-0.44913461804389954,0.008996228687465191,0.005187477916479111,0.03730648569762707,1.3567754406581711,0.43974792780150546,0.8891209759760533,-0.4410109662180684,0.008097141594889454,-0.0013672092183042,,,,,,,,,,,,
4.334878345541656,grasp,,,,,,,,,,,,,,,,,,,,,1.3362022638320923,0.4336203336715698,0.8733844757080078,-0.4340749979019165,0.006925268564373255,0.005107531324028969,0.03730648569762707,1.2883006755268098,0.4177730805478232,0.8452780907429969,-0.4180391086873713,0.0074539852458724324,-0.00154382473837197,,,,,,,,,,,,
4.354878345541657,grasp,,,,,,,,,,,,,,,,,,,,,1.3126611709594727,0.4262552857398987,0.8583247661590576,-0.4263130724430084,0.008384878747165203,0.004996597301214933,0.03730648569762707,1.2883006755268098,0.4177730805478232,0.8452780907429969,-0.4180391086873713,0.0074539852458724324,-0.00154382473837197,,,,,,,,,,,,
4.374878345541656,grasp,,,,,,,,,,,,,,,,,,,,,1.2675610780715942,0.4115920662879944,0.829433262348175,-0.411047101020813,0.0062660034745931625,0.004902931861579418,0.03730648569762707,1.2190007560237162,0.3955263540135502,0.8009075303059433,-0.39479090534247513,0.006803080877811324,-0.001722568871726926,,,,,,,,,,,,
4.394878345541656,grasp,,,,,,,,,,,,,,,,,,,,,1.243696928024292,0.40412282943725586,0.8141658306121826,-0.403178334236145,0.007750424090772867,0.004788758233189583,0.03730648569762707,1.2190007560237162,0.3955263540135502,0.8009075303059433,-0.39479090534247513,0.006803080877811324,-0.001722568871726926,,,,,,,,,,,,
4.4148783455416565,grasp,,,,,,,,,,,,,,,,,,,,,1.1981877088546753,0.3893219232559204,0.7850173711776733,-0.38777467608451843,0.005600035190582275,0.004695341922342777,0.03730648569762707,1.1491901755942935,0.37310868342421305,0.7562104271068506,-0.3713717703739765,0.006147383207280729,-0.0019026292955964612,,,,,,,,,,,,
4.434878345541656,grasp,,,,,,,,,,,,,,,,,,,,,1.1741092205047607,0.38178274035453796,0.7696055769920349,-0.3798345625400543,0.0071090348064899445,0.004578826483339071,0.03730648569762707,1.1491901755942935,0.37310868342421305,0.7562104271068506,-0.3713717703739765,0.006147383207280729,-0.0019026292955964612,,,,,,,,,,,,
4.4548783455416565,grasp,,,,,,,,,,,,,,,,,,,,,1.1283968687057495,0.3669113516807556,0.7403329014778137,-0.36436358094215393,0.004962531384080648,0.004484675358980894,0.03730648569762707,1.0791873149115363,0.35062040541789125,0.7113903925436252,-0.3478884073401769,0.005489888845357043,-0.0020831829194211415,,,,,,,,,,,,
4.474878345541656,grasp,,,,,,,,,,,,,,,,,,,,,1.1042168140411377,0.3593387305736542,0.7248921394348145,-0.3563876450061798,0.006475479807704687,0.00436277873814106,0.03730648569762707,1.0791873149115363,0.35062040541789125,0.7113903925436252,-0.3478884073401769,0.005489888845357043,-0.0020831829194211415,,,,,,,,,,,,
4.4948783455416566,grasp,,,,,,,,,,,,,,,,,,,,,1.0585137605667114,0.34446150064468384,0.6956113576889038,-0.3409202992916107,0.004285141825675964,0.004277518950402737,0.03730648569762707,1.0093116200692893,0.32816344073638254,0.6666517373782199,-0.3244479319821526,0.004833596634510507,-0.0022634055981914326,,,,,,,,,,,,
4.514878345541656,grasp,,,,,,,,,,,,,,,,,,,,,1.0343354940414429,0.3368893563747406,0.6801407933235168,-0.3329455852508545,0.005831684451550245,0.004159362055361271,0.03730648569762707,1.0093116200692893,0.32816344073638254,0.6666517373782199,-0.3244479319821526,0.004833596634510507,-0.0022634055981914326,,,,,,,,,,,,
4.534878345541657,grasp,,,,,,,,,,,,,,,,,,,,,0.9888508915901184,0.32207489013671875,0.6510002613067627,-0.3175518810749054,0.0036333876196295023,0.004075419623404741,0.03730648569762707,0.93988157719906,0.3058398638130937,0.6221981989047104,-0.30115711015323643,0.004181486540599463,-0.00244247869552363,,,,,,,,,,,,
4.554878345541656,grasp,,,,,,,,,,,,,,,,,,,,,0.964788019657135,0.3145354390144348,0.6355946063995361,-0.30961471796035767,0.005187684670090675,0.003955808933824301,0.03730648569762707,0.93988157719906,0.3058398638130937,0.6221981989047104,-0.30115711015323643,0.004181486540599463,-0.00244247869552363,,,,,,,,,,,,
4.574878345541657,grasp,,,,,,,,,,,,,,,,,,,,,0.9197229743003845,0.2998506426811218,0.6067349314689636,-0.29436448216438293,0.00301598128862679,0.003863296704366803,0.03730648569762707,0.8712127733002694,0.2837493603051472,0.5782319879632113,-0.2781217957521352,0.0035365188353941143,-0.002619589872329729,,,,,,,,,,,,
4.594878345541656,grasp,,,,,,,,,,,,,,,,,,,,,0.8958843946456909,0.2923797369003296,0.5914790034294128,-0.2865006923675537,0.004571476485580206,0.003739773528650403,0.03730648569762707,0.8712127733002694,0.2837493603051472,0.5782319879632113,-0.2781217957521352,0.0035365188353941143,-0.002619589872329729,,,,,,,,,,,,
4.614878345541657,grasp,,,,,,,,,,,,,,,,,,,,,0.8514454364776611,0.277883917093277,0.5629584193229675,-0.2714634835720062,0.00241861748509109,0.0036103124730288982,0.03730648569762707,0.8036155330149614,0.2619908524854863,0.5349515793039545,-0.2554460375206101,0.0029016165175234105,-0.0027939355332214848,,,,,,,,,,,,
4.634878345541656,grasp,,,,,,,,,,,,,,,,,,,,,0.827948808670044,0.2705139219760895,0.5479663610458374,-0.2637088894844055,0.003928151912987232,0.003279064316302538,0.03730648569762707,0.8036155330149614,0.2619908524854863,0.5349515793039545,-0.2554460375206101,0.0029016165175234105,-0.0027939355332214848,,,,,,,,,,,,
4.654878345541657,grasp,,,,,,,,,,,,,,,,,,,,,0.7843354344367981,0.256297767162323,0.5199989080429077,-0.24895140528678894,0.0017955298535525799,0.0031014832202345133,0.03730648569762707,0.737392567223521,0.2406614355303148,0.4925507553339091,-0.23323133433931195,0.00227963231064804,-0.002964732960054134,,,,,,,,,,,,
4.674878345541656,grasp,,,,,,,,,,,,,,,,,,,,,0.7612650394439697,0.24906028807163239,0.5052207708358765,-0.24134083092212677,0.0032800575718283653,0.0029244234319776297,0.03730648569762707,0.737392567223521,0.2406614355303148,0.4925507553339091,-0.23323133433931195,0.00227963231064804,-0.002964732960054134,,,,,,,,,,,,
4.694878345541657,grasp,,,,,,,,,,,,,,,,,,,,,0.7186890840530396,0.23515412211418152,0.47796183824539185,-0.22692911326885223,0.001113551901653409,0.00282397773116827,0.03730648569762707,0.6728369915894753,0.21985516333280916,0.4512171127077167,-0.2115759578533379,0.0016733147128467647,-0.003131227042413416,,,,,,,,,,,,
4.714878345541656,grasp,,,,,,,,,,,,,,,,,,,,,0.6961463689804077,0.2280849814414978,0.463514119386673,-0.21949613094329834,0.0026358305476605892,0.0026852174196392298,0.03730648569762707,0.6728369915894753,0.21985516333280916,0.4512171127077167,-0.2115759578533379,0.0016733147128467647,-0.003131227042413416,,,,,,,,,,,,
4.734878345541656,grasp,,,,,,,,,,,,,,,,,,,,,0.6547824740409851,0.21456144750118256,0.4370383322238922,-0.2054932564496994,0.0005356395849958062,0.0026107714511454105,0.03730648569762707,0.6102306509440368,0.19965993841818355,0.4111309990938658,-0.1905743671534573,0.0010853002949789367,-0.0032926939030253504,,,,,,,,,,,,
4.754878345541656,grasp,,,,,,,,,,,,,,,,,,,,,0.6328743696212769,0.20768983662128448,0.4229925274848938,-0.1982702910900116,0.002062377519905567,0.0024938369169831276,0.03730648569762707,0.6102306509440368,0.19965993841818355,0.4111309990938658,-0.1905743671534573,0.0010853002949789367,-0.0032926939030253504,,,,,,,,,,,,
4.774878345541657,grasp,,,,,,,,,,,,,,,,,,,,,0.5928979516029358,0.19460660219192505,0.3974027931690216,-0.18473650515079498,1.0920569366135169e-05,0.002433391520753503,0.03730648569762707,0.5498406417523942,0.18016248558996942,0.3724634423093809,-0.17031614898532196,0.0005180942775293372,-0.003448445806718449,,,,,,,,,,,,
4.794878345541656,grasp,,,,,,,,,,,,,,,,,,,,,0.5717265605926514,0.18795998394489288,0.38383668661117554,-0.1777549684047699,0.0014617117121815681,0.0023295918945223093,0.03730648569762707,0.5498406417523942,0.18016248558996942,0.3724634423093809,-0.17031614898532196,0.0005180942775293372,-0.003448445806718449,,,,,,,,,,,,
4.814878345541656,grasp,,,,,,,,,,,,,,,,,,,,,0.5333008766174316,0.1753745973110199,0.3592136800289154,-0.1647474765777588,-0.00048821730888448656,0.002265763469040394,0.03730648569762707,0.49191830323178887,0.16144255127479623,0.3353753185594077,-0.15088558735825977,-2.593662074619646e-05,-0.0035978324104867744,,,,,,,,,,,,
4.834878345541656,grasp,,,,,,,,,,,,,,,,,,,,,0.512954592704773,0.16898080706596375,0.34616339206695557,-0.15803667902946472,0.0008850594749674201,0.002154327230527997,0.03730648569762707,0.49191830323178887,0.16144255127479623,0.3353753185594077,-0.15088558735825977,-2.593662074619646e-05,-0.0035978324104867744,,,,,,,,,,,,
4.854878345541657,grasp,,,,,,,,,,,,,,,,,,,,,0.4762395918369293,0.15694007277488708,0.3226534128189087,-0.1456078141927719,-0.0009989626705646515,0.0020857504568994045,0.03730648569762707,0.43669631566946027,0.1435754776607235,0.30001555113157474,-0.13236067454422237,-0.0005446033130473096,-0.003740252805375957,,,,,,,,,,,,
4.874878345541656,grasp,,,,,,,,,,,,,,,,,,,,,0.4567948579788208,0.15082664787769318,0.310183048248291,-0.13919489085674286,0.0003412267833482474,0.0019706932362169027,0.03730648569762707,0.43669631566946027,0.1435754776607235,0.30001555113157474,-0.13236067454422237,-0.0005446033130473096,-0.003740252805375957,,,,,,,,,,,,
4.894878345541656,grasp,,,,,,,,,,,,,,,,,,,,,0.42193445563316345,0.13937781751155853,0.2878618836402893,-0.12739302217960358,-0.0014661902096122503,0.001905919285491109,0.03730648569762707,0.38438691732786967,0.12662933873044066,0.26652005365510023,-0.11481260007898864,-0.001035913953890935,-0.0038751598467873702,,,,,,,,,,,,
4.9148783455416565,grasp,,,,,,,,,,,,,,,,,,,,,0.403473436832428,0.1335678994655609,0.27601614594459534,-0.12130344659090042,-0.00022736961545888335,0.0017956936499103904,0.03730648569762707,0.38438691732786967,0.12662933873044066,0.26652005365510023,-0.11481260007898864,-0.001035913953890935,-0.0038751598467873702,,,,,,,,,,,,
4.934878345541656,grasp,,,,,,,,,,,,,,,,,,,,,0.3705940544605255,0.12275327742099762,0.25496459007263184,-0.11017239838838577,-0.0019295779056847095,0.0017327769892290235,0.03730648569762707,0.33518002852029555,0.11066356809341514,0.23501023239982524,-0.0983049299958538,-0.0014980914864979268,-0.004002065638388952,,,,,,,,,,,,
4.9548783455416565,grasp,,,,,,,,,,,,,,,,,,,,,0.35318025946617126,0.11726702749729156,0.24379146099090576,-0.10442829877138138,-0.0007367745856754482,0.001629169681109488,0.03730648569762707,0.33518002852029555,0.11066356809341514,0.23501023239982524,-0.0983049299958538,-0.0014980914864979268,-0.004002065638388952,,,,,,,,,,,,
4.974878345541656,grasp,,,,,,,,,,,,,,,,,,,,,0.3223985731601715,0.10712350159883499,0.22408415377140045,-0.09400632977485657,-0.0023431493900716305,0.001572691253386438,0.03730648569762707,0.28924002186914416,0.09573217383276382,0.2055912849543087,-0.08289277296649467,-0.0019295948796890885,-0.004120547258031558,,,,,,,,,,,,
4.9948783455416566,grasp,,,,,,,,,,,,,,,,,,,,,0.3060915768146515,0.10197947919368744,0.2136150300502777,-0.08862786740064621,-0.0012196199968457222,0.0014708922244608402,0.03730648569762707,0.28924002186914416,0.09573217383276382,0.2055912849543087,-0.08289277296649467,-0.0019295948796890885,-0.004120547258031558,,,,,,,,,,,,
5.014878345541656,grasp,,,,,,,,,,,,,,,,,,,,,0.2775042951107025,0.09253823012113571,0.19531746208667755,-0.07894743233919144,-0.0027169380336999893,0.0014124175067991018,0.03730648569762707,0.24670441426406606,0.08187929472271271,0.17835118034956912,-0.06862231610802733,-0.0023291299207848152,-0.004230250205586049,,,,,,,,,,,,
5.034878345541657,grasp,,,,,,,,,,,,,,,,,,,,,0.262355238199234,0.08775230497121811,0.18559102714061737,-0.07395120710134506,-0.0016671287594363093,0.0013146864948794246,0.03730648569762707,0.24670441426406606,0.08187929472271271,0.17835118034956912,-0.06862231610802733,-0.0023291299207848152,-0.004230250205586049,,,,,,,,,,,,
5.054878345541656,grasp,,,,,,,,,,,,,,,,,,,,,0.23603758215904236,0.07903984934091568,0.16874325275421143,-0.06503858417272568,-0.003050778293982148,0.0012586105149239302,0.03730648569762707,0.20768143487648985,0.06913983521564626,0.15335907747095914,-0.05552988029125432,-0.0026956791296096363,-0.0043308952660405615,,,,,,,,,,,,
5.074878345541657,grasp,,,,,,,,,,,,,,,,,,,,,0.22209134697914124,0.07462277263402939,0.1597937047481537,-0.060438282787799835,-0.002093047369271517,0.0011664554476737976,0.03730648569762707,0.20768143487648985,0.06913983521564626,0.15335907747095914,-0.05552988029125432,-0.0026956791296096363,-0.0043308952660405615,,,,,,,,,,,,
5.094878345541656,grasp,,,,,,,,,,,,,,,,,,,,,0.19809843599796295,0.06665826588869095,0.1444353312253952,-0.05231255665421486,-0.003356702160090208,0.0011173231760039926,0.03730648569762707,0.17224746291728096,0.057539893331711424,0.1306639705950492,-0.04364111896452977,-0.0030285244646455043,-0.004422285132862144,,,,,,,,,,,,
5.114878345541657,grasp,,,,,,,,,,,,,,,,,,,,,0.18538278341293335,0.06262123584747314,0.1362745314836502,-0.048118311911821365,-0.0024720921646803617,0.0010356768034398556,0.03730648569762707,0.17224746291728096,0.057539893331711424,0.1306639705950492,-0.04364111896452977,-0.0030285244646455043,-0.004422285132862144,,,,,,,,,,,,
5.134878345541656,grasp,,,,,,,,,,,,,,,,,,,,,0.16375397145748138,0.05542131885886192,0.12241354584693909,-0.040791962295770645,-0.003616760950535536,0.0009914333932101727,0.03730648569762707,0.1404449580493582,0.04709569214852288,0.11029327794929733,-0.03297030706961691,-0.003327268000122023,-0.004504310408066639,,,,,,,,,,,,
5.154878345541657,grasp,,,,,,,,,,,,,,,,,,,,,0.15228994190692902,0.0517694465816021,0.11506080627441406,-0.03700997307896614,-0.0028261374682188034,0.0009201071225106716,0.03730648569762707,0.1404449580493582,0.04709569214852288,0.11029327794929733,-0.03297030706961691,-0.003327268000122023,-0.004504310408066639,,,,,,,,,,,,
5.174878345541656,grasp,,,,,,,,,,,,,,,,,,,,,0.13303233683109283,0.04533372446894646,0.1027296781539917,-0.03048674575984478,-0.0038445834070444107,0.0008868895238265395,0.03730648569762707,0.11228072658708513,0.037811247306065,0.0922514927263835,-0.023519753972868068,-0.0035918463842375546,-0.004576953586053286,,,,,,,,,,,,
5.194878345541657,grasp,,,,,,,,,,,,,,,,,,,,,0.1228257417678833,0.0420726016163826,0.09617632627487183,-0.02711939811706543,-0.003147347364574671,0.0008331425487995148,0.03730648569762707,0.11228072658708513,0.037811247306065,0.0922514927263835,-0.023519753972868068,-0.0035918463842375546,-0.004576953586053286,,,,,,,,,,,,
5.214878345541656,grasp,,,,,,,,,,,,,,,,,,,,,0.10593124479055405,0.036398354917764664,0.0853625237941742,-0.021395700052380562,-0.004049086477607489,0.0008094568038359284,0.03730648569762707,0.08772437146489231,0.029675180896279702,0.07651898112697299,-0.015279270029237594,-0.0038225458333705172,-0.004640293809734756,,,,,,,,,,,,
5.234878345541656,grasp,,,,,,,,,,,,,,,,,,,,,0.0969761535525322,0.03351886197924614,0.07963129132986069,-0.01844099350273609,-0.003438084851950407,0.0007575894705951214,0.03730648569762707,0.08772437146489231,0.029675180896279702,0.07651898112697299,-0.015279270029237594,-0.0038225458333705172,-0.004640293809734756,,,,,,,,,,,,
5.254878345541656,grasp,,,,,,,,,,,,,,,,,,,,,0.08240756392478943,0.02859664149582386,0.0702977329492569,-0.013504298403859138,-0.004209871403872967,0.0007302630110643804,0.03730648569762707,0.06670536987573196,0.022662995835792687,0.06305034662573125,-0.008225207568566834,-0.00402002874357319,-0.004694513270949832,,,,,,,,,,,,
5.274878345541657,grasp,,,,,,,,,,,,,,,,,,,,,0.07468241453170776,0.0261037889868021,0.0653330534696579,-0.010955779813230038,-0.0036540937144309282,0.0006883308524265885,0.03730648569762707,0.06670536987573196,0.022662995835792687,0.06305034662573125,-0.008225207568566834,-0.00402002874357319,-0.004694513270949832,,,,,,,,,,,,
5.294878345541656,grasp,,,,,,,,,,,,,,,,,,,,,0.06237480789422989,0.021911729127168655,0.057450395077466965,-0.006784107536077499,-0.004309123381972313,0.0006709186709485948,0.03730648569762707,0.04910908300183852,0.016743514295696083,0.05177237933615355,-0.0023192040512102154,-0.004185369603215894,-0.004739907478649838,,,,,,,,,,,,
5.314878345541656,grasp,,,,,,,,,,,,,,,,,,,,,0.05585087090730667,0.019786760210990906,0.053263768553733826,-0.004630712326616049,-0.0038657640106976032,0.0006381961284205317,0.03730648569762707,0.04910908300183852,0.016743514295696083,0.05177237933615355,-0.0023192040512102154,-0.004185369603215894,-0.004739907478649838,,,,,,,,,,,,
5.334878345541656,grasp,,,,,,,,,,,,,,,,,,,,,0.04570767283439636,0.016299620270729065,0.046766746789216995,-0.001192441675812006,-0.004405502695590258,0.0006248179124668241,0.03730648569762707,0.034776080453713894,0.011871916433689463,0.04258329086262108,0.002492130246593113,-0.004320063823498878,-0.004776887675587955,,,,,,,,,,,,
5.354878345541657,grasp,,,,,,,,,,,,,,,,,,,,,0.04033324494957924,0.01453098189085722,0.04331905022263527,0.0005822908715344965,-0.004050962161272764,0.0005986487376503646,0.03730648569762707,0.034776080453713894,0.011871916433689463,0.04258329086262108,0.002492130246593113,-0.004320063823498878,-0.004776887675587955,,,,,,,,,,,,
5.374878345541656,grasp,,,,,,,,,,,,,,,,,,,,,0.03222941234707832,0.011721441522240639,0.0381271168589592,0.0033296551555395126,-0.004482710268348455,0.0005882445839233696,0.03730648569762707,0.023495580673515478,0.008006469929378457,0.035349529497477855,0.006279179001338455,-0.004426082516651269,-0.004805995015738003,,,,,,,,,,,,
5.394878345541656,grasp,,,,,,,,,,,,,,,,,,,,,0.02793692611157894,0.010295531712472439,0.035374585539102554,0.004747691098600626,-0.004206390120089054,0.0005676716100424528,0.03730648569762707,0.023495580673515478,0.008006469929378457,0.035349529497477855,0.006279179001338455,-0.004426082516651269,-0.004805995015738003,,,,,,,,,,,,
5.4148783455416565,grasp,,,,,,,,,,,,,,,,,,,,,0.021715393289923668,0.00812446977943182,0.03138820827007294,0.006857248954474926,-0.0045380075462162495,0.0005597337731160223,0.03730648569762707,0.015009608568174177,0.005082159177519686,0.02990691744730733,0.009128261682647177,-0.0045058424366611885,-0.004827892793093363,,,,,,,,,,,,
5.434878345541657,grasp,,,,,,,,,,,,,,,,,,,,,0.01842133142054081,0.007021673489362001,0.02927682362496853,0.007946020923554897,-0.004332813434302807,0.0005441730027087033,0.03730648569762707,0.015009608568174177,0.005082159177519686,0.02990691744730733,0.009128261682647177,-0.0045058424366611885,-0.004827892793093363,,,,,,,,,,,,
5.4548783455416565,grasp,,,,,,,,,,,,,,,,,,,,,0.013892870396375656,0.005434795282781124,0.02637573331594467,0.009481729008257389,-0.004574095830321312,0.0005383931566029787,0.03730648569762707,0.009011156056191936,0.00300888488074961,0.026059386643946584,0.011142259872150072,-0.004562224124144534,-0.004843372065488235,,,,,,,,,,,,
5.474878345541656,grasp,,,,,,,,,,,,,,,,,,,,,0.01149674877524376,0.004627632442861795,0.02484077773988247,0.010274256579577923,-0.0044315410777926445,0.0005272591370157897,0.03730648569762707,0.009011156056191936,0.00300888488074961,0.026059386643946584,0.011142259872150072,-0.004562224124144534,-0.004843372065488235,,,,,,,,,,,,
5.4948783455416566,grasp,,,,,,,,,,,,,,,,,,,,,0.008439382538199425,0.0035535634960979223,0.022882433608174324,0.011311250738799572,-0.004594068042933941,0.0005233739502727985,0.03730648569762707,0.005142314451943607,0.001669697964205791,0.023577727150771152,0.012441259094149162,-0.00459858962882448,-0.004853355990123925,,,,,,,,,,,,
5.514878345541657,grasp,,,,,,,,,,,,,,,,,,,,,0.006823304109275341,0.003006136044859886,0.0218484029173851,0.011846336536109447,-0.004504995886236429,0.0005160851869732141,0.03730648569762707,0.005142314451943607,0.001669697964205791,0.023577727150771152,0.012441259094149162,-0.00459858962882448,-0.004853355990123925,,,,,,,,,,,,
5.534878345541657,grasp,,,,,,,,,,,,,,,,,,,,,0.004980161786079407,0.0023574777878820896,0.02066844329237938,0.012471606023609638,-0.004602301865816116,0.0005137012340128422,0.03730648569762707,0.0029908615138994387,0.000924950089724721,0.022197678895133997,0.013163629196336415,-0.004618812366532145,-0.00485890804210129,,,,,,,,,,,,
5.554878345541656,grasp,,,,,,,,,,,,,,,,,,,,,0.004007765557616949,0.0020262040197849274,0.020047703757882118,0.012794163078069687,-0.004556243307888508,0.0005095574306324124,0.03730648569762707,0.0029908615138994387,0.000924950089724721,0.022197678895133997,0.013163629196336415,-0.004618812366532145,-0.00485890804210129,,,,,,,,,,,,
5.574878345541656,grasp,,,,,,,,,,,,,,,,,,,,,0.0030856968369334936,0.0017009658040478826,0.01945842243731022,0.013107060454785824,-0.004604229237884283,0.0005083555006422102,0.03730648569762707,0.0020878791943544483,0.0006123733519782402,0.02161846142912163,0.013466814079469251,-0.004627299815729659,-0.004861238217089953,,,,,,,,,,,,
5.594878345541656,grasp,,,,,,,,,,,,,,,,,,,,,0.0026011080481112003,0.0015343182021752,0.019150448963046074,0.013268398120999336,-0.004588504787534475,0.0005064621800556779,0.03730648569762707,0.0020878791943544483,0.0006123733519782402,0.02161846142912163,0.013466814079469251,-0.004627299815729659,-0.004861238217089953,,,,,,,,,,,,
5.614878345541657,grasp,,,,,,,,,,,,,,,,,,,,,0.002268600044772029,0.0014164705062285066,0.01893926039338112,0.01338126603513956,-0.004605017602443695,0.0005059884861111641,0.03730648569762707,0.0019048737161246837,0.0005490241048050002,0.021501073718052086,0.013528260526206948,-0.004629019645676367,-0.004861710354875963,,,,,,,,,,,,
5.623476277759765,grasp,,,,,,,,,,,,,,,,,,,,,0.0020932811312377453,0.0013553081080317497,0.018830224871635437,0.013439638540148735,-0.004606155678629875,0.0005055184592492878,0.03730648569762707,0.0019033374264836311,0.0005484923021867871,0.021500088274478912,0.013528776355087757,-0.004629034083336592,-0.004861714318394661,,,,,,,,,,,,
