timestamp,phase,base_pos_x,base_pos_y,base_pos_z,base_yaw,base_quat_w,base_quat_x,base_quat_y,base_quat_z,base_lin_vel_x_body,base_lin_vel_y_body,base_ang_vel_z_body,cmd_vx,cmd_vy,cmd_wz,ee_pos_x,ee_pos_y,ee_pos_z,ee_roll,ee_pitch,ee_yaw,arm_joint1,arm_joint2,arm_joint3,arm_joint4,arm_joint5,arm_joint6,gripper,arm_action_joint1,arm_action_joint2,arm_action_joint3,arm_action_joint4,arm_action_joint5,arm_action_joint6,gripper_action,object_pos_x,object_pos_y,object_pos_z,object_quat_w,object_quat_x,object_quat_y,object_quat_z,front_image,wrist_image,success,failure_reason
0.0,grasp,,,,,,,,,,,,,,,,,,,,,,,,,,,1.517603509526566e-08,,,,,,,0.043,,,,,,,,,,,
0.02,grasp,,,,,,,,,,,,,,,,,,,,,,,,,,,4.834316541746375e-06,,,,,,,0.043,,,,,,,,,,,
0.04,grasp,,,,,,,,,,,,,,,,,,,,,,,,,,,4.075272227055393e-05,,,,,,,0.043,,,,,,,,,,,
0.06,grasp,,,,,,,,,,,,,,,,,,,,,,,,,,,0.00014514094073092565,,,,,,,0.043,,,,,,,,,,,
0.08,grasp,,,,,,,,,,,,,,,,,,,,,,,,,,,0.0003563030331861228,,,,,,,0.043,,,,,,,,,,,
0.1,grasp,,,,,,,,,,,,,,,,,,,,,,,,,,,0.0007082340598572046,,,,,,,0.043,,,,,,,,,,,
0.12,grasp,,,,,,,,,,,,,,,,,,,,,,,,,,,0.0012283939868211746,,,,,,,0.043,,,,,,,,,,,
0.14,grasp,,,,,,,,,,,,,,,,,,,,,,,,,,,0.0019369089277461171,,,,,,,0.043,,,,,,,,,,,
0.16,grasp,,,,,,,,,,,,,,,,,,,,,,,,,,,0.0028464264469221234,,,,,,,0.043,,,,,,,,,,,
0.18,grasp,,,,,,,,,,,,,,,,,,,,,,,,,,,0.003962433198466897,,,,,,,0.043,,,,,,,,,,,
0.2,grasp,,,,,,,,,,,,,,,,,,,,,,,,,,,0.005283823702484369,,,,,,,0.043,,,,,,,,,,,
0.22,grasp,,,,,,,,,,,,,,,,,,,,,,,,,,,0.0068033975549042225,,,,,,,0.043,,,,,,,,,,,
0.24,grasp,,,,,,,,,,,,,,,,,,,,,,,,,,,0.00850848201662302,,,,,,,0.043,,,,,,,,,,,
0.26,grasp,,,,,,,,,,,,,,,,,,,,,,,,,,,0.010381673462688923,,,,,,,0.043,,,,,,,,,,,
0.28,grasp,,,,,,,,,,,,,,,,,,,,,,,,,,,0.012401452753692865,,,,,,,0.043,,,,,,,,,,,
0.3,grasp,,,,,,,,,,,,,,,,,,,,,,,,,,,0.014542835298925638,,,,,,,0.043,,,,,,,,,,,
0.32,grasp,,,,,,,,,,,,,,,,,,,,,,,,,,,0.016778127290308475,,,,,,,0.043,,,,,,,,,,,
0.34,grasp,,,,,,,,,,,,,,,,,,,,,,,,,,,0.019077488221228123,,,,,,,0.043,,,,,,,,,,,
0.36,grasp,,,,,,,,,,,,,,,,,,,,,,,,,,,0.02140973787754774,,,,,,,0.043,,,,,,,,,,,
0.38,grasp,,,,,,,,,,,,,,,,,,,,,,,,,,,0.02374295052140951,,,,,,,0.043,,,,,,,,,,,
0.4,grasp,,,,,,,,,,,,,,,,,,,,,,,,,,,0.026045161299407482,,,,,,,0.043,,,,,,,,,,,
0.42,grasp,,,,,,,,,,,,,,,,,,,,,,,,,,,0.028285082429647446,,,,,,,0.043,,,,,,,,,,,
0.44,grasp,,,,,,,,,,,,,,,,,,,,,,,,,,,0.030432715080678463,,,,,,,0.043,,,,,,,,,,,
0.46,grasp,,,,,,,,,,,,,,,,,,,,,,,,,,,0.032460106536746025,,,,,,,0.043,,,,,,,,,,,
0.48,grasp,,,,,,,,,,,,,,,,,,,,,,,,,,,0.03434196673333645,,,,,,,0.043,,,,,,,,,,,
0.5,grasp,,,,,,,,,,,,,,,,,,,,,,,,,,,0.0360563974827528,,,,,,,0.043,,,,,,,,,,,
0.52,grasp,,,,,,,,,,,,,,,,,,,,,,,,,,,0.037585511803627014,,,,,,,0.043,,,,,,,,,,,
0.54,grasp,,,,,,,,,,,,,,,,,,,,,,,,,,,0.03891620971262455,,,,,,,0.043,,,,,,,,,,,
0.56,grasp,,,,,,,,,,,,,,,,,,,,,,,,,,,0.040040766820311546,,,,,,,0.043,,,,,,,,,,,
0.58,grasp,,,,,,,,,,,,,,,,,,,,,,,,,,,0.04095758497714996,,,,,,,0.043,,,,,,,,,,,
0.6,grasp,,,,,,,,,,,,,,,,,,,,,,,,,,,0.04167180880904198,,,,,,,0.043,,,,,,,,,,,
0.62,grasp,,,,,,,,,,,,,,,,,,,,,,,,,,,0.042196089401841164,,,,,,,0.043,,,,,,,,,,,
0.64,grasp,,,,,,,,,,,,,,,,,,,,,,,,,,,0.042551202699542046,,,,,,,0.043,,,,,,,,,,,
0.66,grasp,,,,,,,,,,,,,,,,,,,,,,,,,,,0.04276670143008232,,,,,,,0.043,,,,,,,,,,,
0.68,grasp,,,,,,,,,,,,,,,,,,,,,,,,,,,0.042881689965724945,,,,,,,0.043,,,,,,,,,,,
0.68,grasp,,,,,,,,,,,,,,,,,,,,,-1.6451903661618417e-07,0.0010455888696014881,0.00012923429312650114,-3.906241909135133e-05,8.11926703647714e-09,-8.686360519760683e-10,0.042881689965724945,-8.68220624283822e-08,0.000527139869518578,0.0001205634034704417,-1.9687584426719695e-05,2.9728379757898438e-09,-5.76216019343434e-10,,,,,,,,,,,,
0.7000000000000001,grasp,,,,,,,,,,,,,,,,,,,,,-1.659385731045404e-07,0.001050349441356957,0.0001292424858547747,-3.924273914890364e-05,8.020652586537835e-09,-8.658324057719824e-10,0.042881689965724945,-8.68220624283822e-08,0.000527139869518578,0.0001205634034704417,-1.9687584426719695e-05,2.9728379757898438e-09,-5.76216019343434e-10,,,,,,,,,,,,
0.7200000000000001,grasp,,,,,,,,,,,,,,,,,,,,,0.00011739090405171737,0.0010995108168572187,0.00012904322647955269,-6.210798164829612e-05,8.183587283383531e-07,-1.0164839636672696e-08,0.042881689965724945,0.00024759534733767444,0.0006237183456652471,0.00026210243408748444,-6.6679707805851e-05,8.026256814635547e-07,-3.705714400781202e-10,,,,,,,,,,,,
0.74,grasp,,,,,,,,,,,,,,,,,,,,,0.000179242852027528,0.0011250467505306005,0.0001290309155592695,-7.38964372430928e-05,4.533588651156606e-07,2.544873423104832e-09,0.042881689965724945,0.00024759534733767444,0.0006237183456652471,0.00026210243408748444,-6.6679707805851e-05,8.026256814635547e-07,-3.705714400781202e-10,,,,,,,,,,,,
0.76,grasp,,,,,,,,,,,,,,,,,,,,,0.0010131520684808493,0.0014509259490296245,0.0001271338842343539,-0.00023301594774238765,5.974706255074125e-06,-5.886260368015428e-08,0.042881689965724945,0.001912126011835015,0.0012727670693162974,0.001213305615646221,-0.000382486971804073,6.1766358711883374e-06,1.0114484737338055e-09,,,,,,,,,,,,
0.78,grasp,,,,,,,,,,,,,,,,,,,,,0.0014451155439019203,0.001621223404072225,0.00012716674245893955,-0.00031508857500739396,3.540238822097308e-06,2.7455930862174682e-08,0.042881689965724945,0.001912126011835015,0.0012727670693162974,0.001213305615646221,-0.000382486971804073,6.1766358711883374e-06,1.0114484737338055e-09,,,,,,,,,,,,
0.8,grasp,,,,,,,,,,,,,,,,,,,,,0.0037549890112131834,0.0025417301803827286,0.0007454531732946634,-0.0007546919514425099,1.791951035556849e-05,-1.2314116304423806e-07,0.042881689965724945,0.00622543239088658,0.0029546448389210136,0.003678159559618123,-0.001200839854654401,2.0102334077776004e-05,4.5926834545451906e-09,,,,,,,,,,,,
0.8200000000000001,grasp,,,,,,,,,,,,,,,,,,,,,0.004951061215251684,0.003002194920554757,0.0011395112378522754,-0.0009807157330214977,1.195797449327074e-05,9.867929406937037e-08,0.042881689965724945,0.00622543239088658,0.0029546448389210136,0.003678159559618123,-0.001200839854654401,2.0102334077776004e-05,4.5926834545451906e-09,,,,,,,,,,,,
0.8400000000000001,grasp,,,,,,,,,,,,,,,,,,,,,0.00943954847753048,0.004755014553666115,0.0035319591406732798,-0.0018333801999688148,3.900490264641121e-05,-1.7487127479398623e-07,0.042881689965724945,0.014228767257464034,0.006071023254961207,0.008248840527647548,-0.0027192589592095503,4.5940808194813594e-05,1.1237487176896008e-08,,,,,,,,,,,,
0.8600000000000001,grasp,,,,,,,,,,,,,,,,,,,,,0.011763045564293861,0.005645903758704662,0.004810495767742395,-0.002272422658279538,2.8726535674650222e-05,2.2783716246976837e-07,0.042881689965724945,0.014228767257464034,0.006071023254961207,0.008248840527647548,-0.0027192589592095503,4.5940808194813594e-05,1.1237487176896008e-08,,,,,,,,,,,,
0.8800000000000001,grasp,,,,,,,,,,,,,,,,,,,,,0.019036881625652313,0.008476801216602325,0.00889008678495884,-0.0036540906876325607,7.190952601376921e-05,-2.029817522952726e-07,0.042881689965724945,0.026789743815831303,0.010937135699953192,0.015405997841294192,-0.005102176196694573,8.648977887162424e-05,2.1665297784523015e-08,,,,,,,,,,,,
0.9,grasp,,,,,,,,,,,,,,,,,,,,,0.022801335901021957,0.009917487390339375,0.011059563606977463,-0.004365553613752127,5.6878856412367895e-05,4.1577683873583737e-07,0.042881689965724945,0.026789743815831303,0.010937135699953192,0.015405997841294192,-0.005102176196694573,8.648977887162424e-05,2.1665297784523015e-08,,,,,,,,,,,,
0.92,grasp,,,,,,,,,,,,,,,,,,,,,0.0333627313375473,0.013998087495565414,0.017009487375617027,-0.006371467374265194,0.00011918730160687119,-2.030353130066942e-07,0.042881689965724945,0.04461310045025811,0.017783835060130832,0.025523497204661252,-0.008482960489190818,0.0001440180073490005,3.6459489774478186e-08,,,,,,,,,,,,
0.9400000000000001,grasp,,,,,,,,,,,,,,,,,,,,,0.03882767632603645,0.016075797379016876,0.020168565213680267,-0.0074044098146259785,9.915469854604453e-05,6.590053658328543e-07,0.042881689965724945,0.04461310045025811,0.017783835060130832,0.025523497204661252,-0.008482960489190818,0.0001440180073490005,3.6459489774478186e-08,,,,,,,,,,,,
0.9600000000000001,grasp,,,,,,,,,,,,,,,,,,,,,0.053075749427080154,0.021526239812374115,0.028170740231871605,-0.010110121220350266,0.0001829971297411248,-1.7408362396054144e-07,0.042881689965724945,0.0682478399242427,0.026765147907622612,0.038875874955608146,-0.01296531685356823,0.00022028949296685742,5.6073594366562944e-08,,,,,,,,,,,,
0.98,grasp,,,,,,,,,,,,,,,,,,,,,0.06044738367199898,0.024302246049046516,0.03241541236639023,-0.011503432877361774,0.00015784334391355515,9.521300512460584e-07,0.042881689965724945,0.0682478399242427,0.026765147907622612,0.038875874955608146,-0.01296531685356823,0.00022028949296685742,5.6073594366562944e-08,,,,,,,,,,,,
1.0,grasp,,,,,,,,,,,,,,,,,,,,,0.07867561280727386,0.031205298379063606,0.04261138290166855,-0.014964481815695763,0.0002649944508448243,-1.1529280641298101e-07,0.042881689965724945,0.09808129432942041,0.03798585589511262,0.05565641924807003,-0.018622453631854476,0.0003165513450588564,8.082834203992794e-08,,,,,,,,,,,,
1.02,grasp,,,,,,,,,,,,,,,,,,,,,0.08810555934906006,0.03472195938229561,0.04801580682396889,-0.01674679107964039,0.00023473624605685472,1.289026499762258e-06,0.042881689965724945,0.09808129432942041,0.03798585589511262,0.05565641924807003,-0.018622453631854476,0.0003165513450588564,8.082834203992794e-08,,,,,,,,,,,,
1.04,grasp,,,,,,,,,,,,,,,,,,,,,0.1104954183101654,0.04314607009291649,0.06050756573677063,-0.020997678861021996,0.0003663052339106798,-2.7058622009690225e-08,0.042881689965724945,0.1343274277155286,0.051541689301790254,0.07599847038112058,-0.025495155389105868,0.00043350048430469706,1.1090305283305007e-07,,,,,,,,,,,,
1.06,grasp,,,,,,,,,,,,,,,,,,,,,0.12207727134227753,0.04743855446577072,0.06712471693754196,-0.02318676747381687,0.00033109961077570915,1.6613156503808568e-06,0.042881689965724945,0.1343274277155286,0.051541689301790254,0.07599847038112058,-0.025495155389105868,0.00043350048430469706,1.1090305283305007e-07,,,,,,,,,,,,
1.08,grasp,,,,,,,,,,,,,,,,,,,,,0.14871877431869507,0.05741821601986885,0.08196414262056351,-0.028244610875844955,0.0004876710008829832,8.716600774505423e-08,0.042881689965724945,0.17707268313432012,0.06746634839185932,0.09995321078452973,-0.033599798973097665,0.0005714152977902674,1.4636928577278525e-07,,,,,,,,,,,,
1.1,grasp,,,,,,,,,,,,,,,,,,,,,0.16249899566173553,0.06250441074371338,0.08982036262750626,-0.030849285423755646,0.00044773411354981363,2.061883833448519e-06,0.042881689965724945,0.17707268313432012,0.06746634839185932,0.09995321078452973,-0.033599798973097665,0.0005714152977902674,1.4636928577278525e-07,,,,,,,,,,,,
1.12,grasp,,,,,,,,,,,,,,,,,,,,,0.19340135157108307,0.07403559982776642,0.10700887441635132,-0.03671570494771004,0.0006294013583101332,2.247934673960117e-07,0.042881689965724945,0.2262870083258244,0.08573285527163985,0.12749426831326416,-0.04293034054821994,0.0007301880048016027,1.8719886785620356e-07,,,,,,,,,,,,
1.1400000000000001,grasp,,,,,,,,,,,,,,,,,,,,,0.20938462018966675,0.07991389185190201,0.11610351502895355,-0.03973681852221489,0.0005849903100170195,2.4819125883368542e-06,0.042881689965724945,0.2262870083258244,0.08573285527163985,0.12749426831326416,-0.04293034054821994,0.0007301880048016027,1.8719886785620356e-07,,,,,,,,,,,,
1.1600000000000001,grasp,,,,,,,,,,,,,,,,,,,,,0.24447445571422577,0.09297111630439758,0.1356014460325241,-0.04639780521392822,0.0007913453737273812,3.829152319667628e-07,0.042881689965724945,0.2818134197088524,0.10629123364261424,0.15853792983638482,-0.05345703249462006,0.0009093113147229773,2.332612340220517e-07,,,,,,,,,,,,
1.1800000000000002,grasp,,,,,,,,,,,,,,,,,,,,,0.26262277364730835,0.09962881356477737,0.14591223001480103,-0.04982812702655792,0.0007427766104228795,2.914219066951773e-06,0.042881689965724945,0.2818134197088524,0.10629123364261424,0.15853792983638482,-0.05345703249462006,0.0009093113147229773,2.332612340220517e-07,,,,,,,,,,,,
1.2000000000000002,grasp,,,,,,,,,,,,,,,,,,,,,0.3017573654651642,0.11415448039770126,0.16763795912265778,-0.05725666880607605,0.000973047106526792,5.574751753556484e-07,0.042881689965724945,0.3433974853388889,0.12903696164345996,0.19293580276512384,-0.06513179261732167,0.0011079741929124766,2.8434790224332926e-07,,,,,,,,,,,,
1.2200000000000002,grasp,,,,,,,,,,,,,,,,,,,,,0.32199668884277344,0.1215626522898674,0.17912042140960693,-0.06108231097459793,0.0009206637623719871,3.350821771164192e-06,0.042881689965724945,0.3433974853388889,0.12903696164345996,0.19293580276512384,-0.06513179261732167,0.0011079741929124766,2.8434790224332926e-07,,,,,,,,,,,,
1.2400000000000002,grasp,,,,,,,,,,,,,,,,,,,,,0.3649635314941406,0.13748128712177277,0.20295870304107666,-0.06923820823431015,0.0011736660962924361,7.448547307831177e-07,0.042881689965724945,0.4106792708883899,0.15384641077558617,0.23049255923445733,-0.07788646445104479,0.0013250183828268222,3.401613106957973e-07,,,,,,,,,,,,
1.26,grasp,,,,,,,,,,,,,,,,,,,,,0.38718441128730774,0.14560182392597198,0.21555043756961823,-0.07343846559524536,0.001117829349823296,3.784799218919943e-06,0.042881689965724945,0.4106792708883899,0.15384641077558617,0.23049255923445733,-0.07788646445104479,0.0013250183828268222,3.401613106957973e-07,,,,,,,,,,,,
1.28,grasp,,,,,,,,,,,,,,,,,,,,,0.4337138235569,0.16281278431415558,0.24135200679302216,-0.0822703167796135,0.0013920783530920744,9.42403005410597e-07,0.042881689965724945,0.4832182598031524,0.18055414550611062,0.2709611293222026,-0.09163715942968775,0.0015590113659515838,4.003330234896726e-07,,,,,,,,,,,,
1.3,grasp,,,,,,,,,,,,,,,,,,,,,0.4577769637107849,0.1715947687625885,0.254972904920578,-0.08681876212358475,0.001333144144155085,4.208890004520072e-06,0.042881689965724945,0.4832182598031524,0.18055414550611062,0.2709611293222026,-0.09163715942968775,0.0015590113659515838,4.003330234896726e-07,,,,,,,,,,,,
1.32,grasp,,,,,,,,,,,,,,,,,,,,,0.5075461268424988,0.18997915089130402,0.282559335231781,-0.09626535326242447,0.0016268392791971564,1.1433481859057792e-06,0.042881689965724945,0.5604956739123358,0.20897043415987024,0.31405275325209264,-0.10628557344260531,0.0018082808736983754,4.6443255009845596e-07,,,,,,,,,,,,
1.34,grasp,,,,,,,,,,,,,,,,,,,,,0.5332845449447632,0.19936227798461914,0.29711398482322693,-0.10113038867712021,0.001565161976031959,4.614904810296139e-06,0.042881689965724945,0.5604956739123358,0.20897043415987024,0.31405275325209264,-0.10628557344260531,0.0018082808736983754,4.6443255009845596e-07,,,,,,,,,,,,
1.36,grasp,,,,,,,,,,,,,,,,,,,,,0.5859237909317017,0.21878503262996674,0.32628124952316284,-0.11112179607152939,0.001876298920251429,1.3438179848890286e-06,0.042881689965724945,0.6419255346407835,0.23888289841137197,0.359441617027698,-0.12172112432766322,0.0020709515988557668,5.319771731194553e-07,,,,,,,,,,,,
1.3800000000000001,grasp,,,,,,,,,,,,,,,,,,,,,0.6131472587585449,0.22870072722434998,0.3416613042354584,-0.11626745760440826,0.0018122227629646659,4.996896223019576e-06,0.042881689965724945,0.6419255346407835,0.23888289841137197,0.359441617027698,-0.12172112432766322,0.0020709515988557668,5.319771731194553e-07,,,,,,,,,,,,
1.4,grasp,,,,,,,,,,,,,,,,,,,,,0.6682469844818115,0.2490123063325882,0.372183620929718,-0.12672612071037292,0.0021385839208960533,1.543768689771241e-06,0.042881689965724945,0.726865550559434,0.27005713943569143,0.4067708015141321,-0.1378220716956407,0.002344944588121899,6.024336606787003e-07,,,,,,,,,,,,
1.42,grasp,,,,,,,,,,,,,,,,,,,,,0.6967437863349915,0.2593846023082733,0.38826900720596313,-0.13211247324943542,0.002072426024824381,5.351155778043903e-06,0.042881689965724945,0.726865550559434,0.27005713943569143,0.4067708015141321,-0.1378220716956407,0.002344944588121899,6.024336606787003e-07,,,,,,,,,,,,
1.44,grasp,,,,,,,,,,,,,,,,,,,,,0.7538615465164185,0.28042274713516235,0.4199022054672241,-0.14295436441898346,0.0024115892592817545,1.736755848469329e-06,0.042881689965724945,0.8146265244548762,0.3022416181094818,0.4556577298554323,-0.15445767106676253,0.002628024885584326,6.752290445880957e-07,,,,,,,,,,,,
1.46,grasp,,,,,,,,,,,,,,,,,,,,,0.7834035754203796,0.2911684513092041,0.4365640878677368,-0.14853812754154205,0.002343658823519945,5.672448878613068e-06,0.042881689965724945,0.8146265244548762,0.3022416181094818,0.4556577298554323,-0.15445767106676253,0.002628024885584326,6.752290445880957e-07,,,,,,,,,,,,
1.48,grasp,,,,,,,,,,,,,,,,,,,,,0.8420702219009399,0.31276220083236694,0.4690490663051605,-0.15967437624931335,0.002693108981475234,1.921139300975483e-06,0.042881689965724945,0.9044823183538878,0.33517252585498886,0.5056984959154747,-0.17149070726131913,0.0029178783963405576,7.497653427700016e-07,,,,,,,,,,,,
1.5,grasp,,,,,,,,,,,,,,,,,,,,,0.8724153637886047,0.32379448413848877,0.4861506223678589,-0.1654098629951477,0.002623728010803461,5.953966137894895e-06,0.042881689965724945,0.9044823183538878,0.33517252585498886,0.5056984959154747,-0.17149070726131913,0.0029178783963405576,7.497653427700016e-07,,,,,,,,,,,,
1.52,grasp,,,,,,,,,,,,,,,,,,,,,0.9321409463882446,0.3457651734352112,0.5192170143127441,-0.17674782872200012,0.002980767050758004,2.092863724101335e-06,0.042881689965724945,0.995679702040012,0.36857617312631613,0.556474572618936,-0.18877845300799587,0.003212071270793763,8.25417414342966e-07,,,,,,,,,,,,
1.54,grasp,,,,,,,,,,,,,,,,,,,,,0.9630364179611206,0.3569926917552948,0.5366159677505493,-0.18258729577064514,0.0029102670960128307,6.1945434026711155e-06,0.042881689965724945,0.995679702040012,0.36857617312631613,0.556474572618936,-0.18877845300799587,0.003212071270793763,8.25417414342966e-07,,,,,,,,,,,,
1.56,grasp,,,,,,,,,,,,,,,,,,,,,1.023317575454712,0.37915682792663574,0.5699861645698547,-0.1940312683582306,0.003272145753726363,2.252891590615036e-06,0.042881689965724945,1.0874479492507423,0.4021727855040649,0.6075587285426267,-0.20617455885392139,0.0035080792555388573,9.015403136851092e-07,,,,,,,,,,,,
1.58,grasp,,,,,,,,,,,,,,,,,,,,,1.0545035600662231,0.39048588275909424,0.5875362753868103,-0.19992537796497345,0.003200869308784604,6.390064299921505e-06,0.042881689965724945,1.0874479492507423,0.4021727855040649,0.6075587285426267,-0.20617455885392139,0.0035080792555388573,9.015403136851092e-07,,,,,,,,,,,,
1.6,grasp,,,,,,,,,,,,,,,,,,,,,1.1148302555084229,0.4126574695110321,0.6209285259246826,-0.21137893199920654,0.0035647395998239517,2.3984841845958726e-06,0.042881689965724945,1.179009384815356,0.4356796054197387,0.6585192921921132,-0.22353212001619022,0.0038034325955093227,9.774952930560318e-07,,,,,,,,,,,,
1.62,grasp,,,,,,,,,,,,,,,,,,,,,1.1460436582565308,0.42399290204048157,0.6384825110435486,-0.21727792918682098,0.00349307619035244,6.538978595926892e-06,0.042881689965724945,1.179009384815356,0.4356796054197387,0.6585192921921132,-0.22353212001619022,0.0038034325955093227,9.774952930560318e-07,,,,,,,,,,,,
1.6400000000000001,grasp,,,,,,,,,,,,,,,,,,,,,1.2059047222137451,0.4459855556488037,0.6716154217720032,-0.22864414751529694,0.003856061026453972,2.529254288674565e-06,0.042881689965724945,1.2695892493594212,0.46881484003970925,0.7089258513545376,-0.24070449681966988,0.00409565735112761,1.0526433959171964e-06,,,,,,,,,,,,
1.6600000000000001,grasp,,,,,,,,,,,,,,,,,,,,,1.2368813753128052,0.4572319984436035,0.6890254020690918,-0.2344983071088791,0.003784467466175556,6.638395916525042e-06,0.042881689965724945,1.2695892493594212,0.46881484003970925,0.7089258513545376,-0.24070449681966988,0.00409565735112761,1.0526433959171964e-06,,,,,,,,,,,,
1.6800000000000002,grasp,,,,,,,,,,,,,,,,,,,,,1.2957719564437866,0.47886165976524353,0.7216196656227112,-0.24568095803260803,0.004143640398979187,2.644512278493494e-06,0.042881689965724945,1.3584251730827341,0.5013014399699277,0.7583557396925508,-0.25754621490859086,0.004382227731708396,1.126341006528367e-06,,,,,,,,,,,,
1.7000000000000002,grasp,,,,,,,,,,,,,,,,,,,,,1.3262509107589722,0.489924818277359,0.7387396693229675,-0.2514406442642212,0.004072582349181175,6.687680979666766e-06,0.042881689965724945,1.3584251730827341,0.5013014399699277,0.7583557396925508,-0.25754621490859086,0.004382227731708396,1.126341006528367e-06,,,,,,,,,,,,
1.7200000000000002,grasp,,,,,,,,,,,,,,,,,,,,,1.3836784362792969,0.5110116600990295,0.7705240845680237,-0.2623463273048401,0.004425025079399347,2.7429000510892365e-06,0.042881689965724945,1.4447771280542936,0.532870343444611,0.8063988740155141,-0.2739172103000889,0.004660781733325179,1.1979784872604192e-06,,,,,,,,,,,,
1.7400000000000002,grasp,,,,,,,,,,,,,,,,,,,,,1.4134061336517334,0.5217998623847961,0.7872117757797241,-0.2679634392261505,0.0043550776317715645,6.685488642688142e-06,0.042881689965724945,1.4447771280542936,0.532870343444611,0.8063988740155141,-0.2739172103000889,0.004660781733325179,1.1979784872604192e-06,,,,,,,,,,,,
1.7600000000000002,grasp,,,,,,,,,,,,,,,,,,,,,1.4688974618911743,0.5421713590621948,0.8179253339767456,-0.2785027027130127,0.00469790305942297,2.8255221877770964e-06,0.042881689965724945,1.5279374208638088,0.5632642455262461,0.8526632313492217,-0.2896839744607089,0.004929075283926113,1.266975810386422e-06,,,,,,,,,,,,
1.7800000000000002,grasp,,,,,,,,,,,,,,,,,,,,,1.4976274967193604,0.5525955557823181,0.8340447545051575,-0.2839311361312866,0.004629708360880613,6.6318198150838725e-06,0.042881689965724945,1.5279374208638088,0.5632642455262461,0.8526632313492217,-0.2896839744607089,0.004929075283926113,1.266975810386422e-06,,,,,,,,,,,,
1.8000000000000003,grasp,,,,,,,,,,,,,,,,,,,,,1.550735354423523,0.5720881223678589,0.8634406924247742,-0.29401877522468567,0.004960075486451387,2.8906806619488634e-06,0.042881689965724945,1.607240697368978,0.5922413267544939,0.8967804853290202,-0.3047202468529793,0.0051849206687742825,1.3327743601574606e-06,,,,,,,,,,,,
1.8200000000000003,grasp,,,,,,,,,,,,,,,,,,,,,1.5782368183135986,0.582064688205719,0.8788627982139587,-0.2992147207260132,0.004894284997135401,6.5272370193270035e-06,0.042881689965724945,1.607240697368978,0.5922413267544939,0.8967804853290202,-0.3047202468529793,0.0051849206687742825,1.3327743601574606e-06,,,,,,,,,,,,
1.8399999999999999,grasp,,,,,,,,,,,,,,,,,,,,,1.6285594701766968,0.6005193591117859,0.9067171812057495,-0.3087853193283081,0.005209721624851227,2.9385082598309964e-06,0.042881689965724945,1.6821018820216114,0.619563170451013,0.9384226181340772,-0.3189372802761118,0.005426697807307185,1.3947391297641604e-06,,,,,,,,,,,,
1.8599999999999999,grasp,,,,,,,,,,,,,,,,,,,,,1.6546231508255005,0.6099666953086853,0.9213256239891052,-0.3137151300907135,0.0051470729522407055,6.37426683169906e-06,0.042881689965724945,1.6821018820216114,0.619563170451013,0.9384226181340772,-0.3189372802761118,0.005426697807307185,1.3947391297641604e-06,,,,,,,,,,,,
1.88,grasp,,,,,,,,,,,,,,,,,,,,,1.6938374042510986,0.6317936182022095,0.9448026418685913,-0.3153895437717438,0.005328163038939238,3.6339849884825526e-06,0.042881689965724945,1.7355360630393666,0.6544572504815523,0.9717867366075924,-0.3171502172704268,0.005472523915863816,1.5253748267481323e-06,,,,,,,,,,,,
1.9,grasp,,,,,,,,,,,,,,,,,,,,,1.7141385078430176,0.6430239081382751,0.9570646286010742,-0.31625181436538696,0.005266392603516579,5.804424290545285e-06,0.042881689965724945,1.7355360630393666,0.6544572504815523,0.9717867366075924,-0.3171502172704268,0.005472523915863816,1.5253748267481323e-06,,,,,,,,,,,,
1.92,grasp,,,,,,,,,,,,,,,,,,,,,1.7240294218063354,0.6784235835075378,0.969828188419342,-0.29354172945022583,0.005060937255620956,5.398813755164156e-06,0.042881689965724945,1.7344609008448164,0.7156236965023896,0.9852295881814767,-0.2693874983338451,0.004979324387912787,1.8581513415849042e-06,,,,,,,,,,,,
1.94,grasp,,,,,,,,,,,,,,,,,,,,,1.729103684425354,0.6967755556106567,0.9763216972351074,-0.28184187412261963,0.004987411201000214,4.438297764863819e-06,0.042881689965724945,1.7344609008448164,0.7156236965023896,0.9852295881814767,-0.2693874983338451,0.004979324387912787,1.8581513415849042e-06,,,,,,,,,,,,
1.96,grasp,,,,,,,,,,,,,,,,,,,,,1.7314927577972412,0.7329619526863098,0.985634982585907,-0.25502219796180725,0.004753617569804192,3.710078544827411e-06,0.042881689965724945,1.7340221228178843,0.7709022098627945,0.997525551134688,-0.22650015782363606,0.004540718376973451,2.155672414850561e-06,,,,,,,,,,,,
1.98,grasp,,,,,,,,,,,,,,,,,,,,,1.7327178716659546,0.75169438123703,0.990361750125885,-0.24120527505874634,0.0046407803893089294,3.166061787851504e-06,0.042881689965724945,1.7340221228178843,0.7709022098627945,0.997525551134688,-0.22650015782363606,0.004540718376973451,2.155672414850561e-06,,,,,,,,,,,,
2.0,grasp,,,,,,,,,,,,,,,,,,,,,1.7331570386886597,0.7852358818054199,0.9981575012207031,-0.2155057042837143,0.004397869110107422,2.9105128760420484e-06,0.042881689965724945,1.733631085062782,0.8203250253530994,1.0084952962874687,-0.1881741170161271,0.004149347918287097,2.421144784866684e-06,,,,,,,,,,,,
2.02,grasp,,,,,,,,,,,,,,,,,,,,,1.7333852052688599,0.8025926351547241,1.0020960569381714,-0.20226608216762543,0.004274732433259487,2.7333953767083585e-06,0.042881689965724945,1.733631085062782,0.8203250253530994,1.0084952962874687,-0.1881741170161271,0.004149347918287097,2.421144784866684e-06,,,,,,,,,,,,
2.04,grasp,,,,,,,,,,,,,,,,,,,,,1.7333402633666992,0.8324923515319824,1.0088529586791992,-0.17914266884326935,0.004046299960464239,2.724461865000194e-06,0.042881689965724945,1.733288394921634,0.8636876055343073,1.0181189075135997,-0.15454852143076528,0.0038059016071715,2.6541018431331758e-06,,,,,,,,,,,,
2.06,grasp,,,,,,,,,,,,,,,,,,,,,1.7333177328109741,0.8479626178741455,1.0122523307800293,-0.1672302782535553,0.0039290860295295715,2.7076182504970348e-06,0.042881689965724945,1.733288394921634,0.8636876055343073,1.0181189075135997,-0.15454852143076528,0.0038059016071715,2.6541018431331758e-06,,,,,,,,,,,,
2.08,grasp,,,,,,,,,,,,,,,,,,,,,1.7331647872924805,0.8739150166511536,1.0180833339691162,-0.14709913730621338,0.0037260677199810743,2.7881981168320635e-06,0.042881689965724945,1.7329938606361328,0.9008972929205987,1.0263860551982114,-0.12568475308737623,0.003510801072016309,2.854261997378086e-06,,,,,,,,,,,,
2.1,grasp,,,,,,,,,,,,,,,,,,,,,1.7330849170684814,0.8873415589332581,1.0210070610046387,-0.13672827184200287,0.003621581709012389,2.824999683070928e-06,0.042881689965724945,1.7329938606361328,0.9008972929205987,1.0263860551982114,-0.12568475308737623,0.003510801072016309,2.854261997378086e-06,,,,,,,,,,,,
2.12,grasp,,,,,,,,,,,,,,,,,,,,,1.732925534248352,0.9092802405357361,1.025942087173462,-0.11968979984521866,0.0034480728209018707,2.9248287773953052e-06,0.042881689965724945,1.7327472175968455,0.9319826543793347,1.033307266183165,-0.1015617821722832,0.0032637434993922293,3.021835227381926e-06,,,,,,,,,,,,
2.14,grasp,,,,,,,,,,,,,,,,,,,,,1.732842206954956,0.9206292629241943,1.02841055393219,-0.11091221123933792,0.0033587568905204535,2.972688662339351e-06,0.042881689965724945,1.7327472175968455,0.9319826543793347,1.033307266183165,-0.1015617821722832,0.0032637434993922293,3.021835227381926e-06,,,,,,,,,,,,
2.16,grasp,,,,,,,,,,,,,,,,,,,,,1.7327032089233398,0.938612163066864,1.0324705839157104,-0.09693919122219086,0.003217824036255479,5.324621270119678e-06,0.042881689965724945,1.7325472822410162,0.9570997608297084,1.0389168434881182,-0.08206516988101872,0.003063542464896421,3.1576294948333984e-06,,,,,,,,,,,,
2.18,grasp,,,,,,,,,,,,,,,,,,,,,1.732629656791687,0.9479140043258667,1.03449547290802,-0.08974982053041458,0.0031558675691485405,1.922126284625847e-05,0.042881689965724945,1.7325472822410162,0.9570997608297084,1.0389168434881182,-0.08206516988101872,0.003063542464896421,3.1576294948333984e-06,,,,,,,,,,,,
2.2,grasp,,,,,,,,,,,,,,,,,,,,,1.7325918674468994,0.9615958333015442,1.0394296646118164,-0.07805236428976059,0.0050026667304337025,-0.008047626353800297,0.042881689965724945,1.7323918578281867,0.9765364334987813,1.0432770397135147,-0.06697380874800259,0.002907980669453724,3.263149167262659e-06,,,,,,,,,,,,
2.22,grasp,,,,,,,,,,,,,,,,,,,,,1.7326674461364746,0.9686015248298645,1.042230486869812,-0.07203274220228195,0.005706522148102522,-0.012845970690250397,0.042881689965724945,1.7323918578281867,0.9765364334987813,1.0432770397135147,-0.06697380874800259,0.002907980669453724,3.263149167262659e-06,,,,,,,,,,,,
2.24,grasp,,,,,,,,,,,,,,,,,,,,,1.7327760457992554,0.9790536761283875,1.0456475019454956,-0.06334656476974487,0.005329981446266174,-0.01523324940353632,0.042881689965724945,1.7322777913232958,0.9907227773640188,1.046478918295626,-0.05595380972717624,0.0027937798579386218,3.3406156754324413e-06,,,,,,,,,,,,
2.2600000000000002,grasp,,,,,,,,,,,,,,,,,,,,,1.7326947450637817,0.9845015406608582,1.047034740447998,-0.057993099093437195,0.005387139972299337,-0.01778082549571991,0.042881689965724945,1.7322777913232958,0.9907227773640188,1.046478918295626,-0.05595380972717624,0.0027937798579386218,3.3406156754324413e-06,,,,,,,,,,,,
2.2800000000000002,grasp,,,,,,,,,,,,,,,,,,,,,1.733069658279419,0.9918428659439087,1.0493059158325195,-0.0516892671585083,0.003849609289318323,-0.017177030444145203,0.042881689965724945,1.73220021326978,1.0002398359292952,1.0486500823004106,-0.04855198060360074,0.0027163660649513516,3.393130125338189e-06,,,,,,,,,,,,
2.3000000000000003,grasp,,,,,,,,,,,,,,,,,,,,,1.7333176136016846,0.9956195950508118,1.0505450963974,-0.048569969832897186,0.0029381432104855776,-0.016614750027656555,0.042881689965724945,1.73220021326978,1.0002398359292952,1.0486500823004106,-0.04855198060360074,0.0027163660649513516,3.393130125338189e-06,,,,,,,,,,,,
2.3200000000000003,grasp,,,,,,,,,,,,,,,,,,,,,1.7336105108261108,1.0002260208129883,1.0520787239074707,-0.04486217722296715,0.0019122475059702992,-0.016140200197696686,0.042881689965724945,1.7321536359905014,1.0058296968568745,1.04995652598126,-0.044189502936934785,0.0026698007688544367,3.4247192456196146e-06,,,,,,,,,,,,
2.3400000000000003,grasp,,,,,,,,,,,,,,,,,,,,,1.7336997985839844,1.0026177167892456,1.0527822971343994,-0.04291391000151634,0.0014240144519135356,-0.01635891944169998,0.042881689965724945,1.7321536359905014,1.0058296968568745,1.04995652598126,-0.044189502936934785,0.0026698007688544367,3.4247192456196146e-06,,,,,,,,,,,,
2.36,grasp,,,,,,,,,,,,,,,,,,,,,1.733818769454956,1.0050746202468872,1.053581953048706,-0.040909264236688614,0.000938640208914876,-0.016574617475271225,0.042881689965724945,1.732131791150216,1.0084201821749663,1.0505699563016437,-0.04216382896381237,0.0026479378923694656,3.439551026649214e-06,,,,,,,,,,,,
2.38,grasp,,,,,,,,,,,,,,,,,,,,,1.7338032722473145,1.0063520669937134,1.0539305210113525,-0.0398375540971756,0.000894458731636405,-0.016971280798316002,0.042881689965724945,1.732131791150216,1.0084201821749663,1.0505699563016437,-0.04216382896381237,0.0026479378923694656,3.439551026649214e-06,,,,,,,,,,,,
2.4,grasp,,,,,,,,,,,,,,,,,,,,,1.7338355779647827,1.0073343515396118,1.0542327165603638,-0.039045654237270355,0.0007426231168210506,-0.01710762083530426,0.042881689965724945,1.7321259424940088,1.0091075719519644,1.050733213245065,-0.04162603369302857,0.0026421188365577334,3.443498916770973e-06,,,,,,,,,,,,
2.418033619918376,grasp,,,,,,,,,,,,,,,,,,,,,1.7338417768478394,1.0078518390655518,1.0543895959854126,-0.03859246149659157,0.0007118418579921126,-0.01708892732858658,0.042881689965724945,1.7321257591247559,1.0091276168823242,1.050737977027893,-0.041610345244407654,0.0026419491041451693,3.443614104980952e-06,,,,,,,,,,,,
2.418033619918376,grasp,,,,,,,,,,,,,,,,,,,,,,,,,,,0.04334992170333862,,,,,,,0.0,,,,,,,,,,,
2.438033619918376,grasp,,,,,,,,,,,,,,,,,,,,,,,,,,,0.043350400403141975,,,,,,,0.0,,,,,,,,,,,
2.458033619918376,grasp,,,,,,,,,,,,,,,,,,,,,,,,,,,0.04334980994462967,,,,,,,0.0,,,,,,,,,,,
2.478033619918376,grasp,,,,,,,,,,,,,,,,,,,,,,,,,,,0.04334879294037819,,,,,,,0.0,,,,,,,,,,,
2.498033619918376,grasp,,,,,,,,,,,,,,,,,,,,,,,,,,,0.0433468222618103,,,,,,,0.0,,,,,,,,,,,
2.518033619918376,grasp,,,,,,,,,,,,,,,,,,,,,,,,,,,0.04334379732608795,,,,,,,0.0,,,,,,,,,,,
2.538033619918376,grasp,,,,,,,,,,,,,,,,,,,,,,,,,,,0.043339433148503304,,,,,,,0.0,,,,,,,,,,,
2.558033619918376,grasp,,,,,,,,,,,,,,,,,,,,,,,,,,,0.04333355650305748,,,,,,,0.0,,,,,,,,,,,
2.578033619918376,grasp,,,,,,,,,,,,,,,,,,,,,,,,,,,0.0433221310377121,,,,,,,0.0,,,,,,,,,,,
2.5980336199183762,grasp,,,,,,,,,,,,,,,,,,,,,,,,,,,0.04330771416425705,,,,,,,0.0,,,,,,,,,,,
2.6180336199183762,grasp,,,,,,,,,,,,,,,,,,,,,,,,,,,0.04325036518275738,,,,,,,0.0,,,,,,,,,,,
2.6380336199183763,grasp,,,,,,,,,,,,,,,,,,,,,,,,,,,0.042838120833039284,,,,,,,0.0,,,,,,,,,,,
2.658033619918376,grasp,,,,,,,,,,,,,,,,,,,,,,,,,,,0.04179983772337437,,,,,,,0.0,,,,,,,,,,,
2.6780336199183763,grasp,,,,,,,,,,,,,,,,,,,,,,,,,,,0.04049726203083992,,,,,,,0.0,,,,,,,,,,,
2.698033619918376,grasp,,,,,,,,,,,,,,,,,,,,,,,,,,,0.03893188759684563,,,,,,,0.0,,,,,,,,,,,
2.718033619918376,grasp,,,,,,,,,,,,,,,,,,,,,,,,,,,0.037090880796313286,,,,,,,0.0,,,,,,,,,,,
2.738033619918376,grasp,,,,,,,,,,,,,,,,,,,,,,,,,,,0.03483938239514828,,,,,,,0.0,,,,,,,,,,,
2.758033619918376,grasp,,,,,,,,,,,,,,,,,,,,,,,,,,,0.03225742373615503,,,,,,,0.0,,,,,,,,,,,
2.778033619918376,grasp,,,,,,,,,,,,,,,,,,,,,,,,,,,0.02990631479769945,,,,,,,0.0,,,,,,,,,,,
2.798033619918376,grasp,,,,,,,,,,,,,,,,,,,,,,,,,,,0.02721191756427288,,,,,,,0.0,,,,,,,,,,,
2.818033619918376,grasp,,,,,,,,,,,,,,,,,,,,,,,,,,,0.0253615565598011,,,,,,,0.0,,,,,,,,,,,
2.838033619918376,grasp,,,,,,,,,,,,,,,,,,,,,,,,,,,0.025235556066036224,,,,,,,0.0,,,,,,,,,,,
2.858033619918376,grasp,,,,,,,,,,,,,,,,,,,,,,,,,,,0.025230816565454006,,,,,,,0.0,,,,,,,,,,,
2.878033619918376,grasp,,,,,,,,,,,,,,,,,,,,,,,,,,,0.025099968537688255,,,,,,,0.0,,,,,,,,,,,
2.898033619918376,grasp,,,,,,,,,,,,,,,,,,,,,,,,,,,0.02506521064788103,,,,,,,0.0,,,,,,,,,,,
2.918033619918376,grasp,,,,,,,,,,,,,,,,,,,,,,,,,,,0.02504392620176077,,,,,,,0.0,,,,,,,,,,,
2.938033619918376,grasp,,,,,,,,,,,,,,,,,,,,,,,,,,,0.02502458728849888,,,,,,,0.0,,,,,,,,,,,
2.958033619918376,grasp,,,,,,,,,,,,,,,,,,,,,,,,,,,0.025009678676724434,,,,,,,0.0,,,,,,,,,,,
2.978033619918376,grasp,,,,,,,,,,,,,,,,,,,,,,,,,,,0.024997358210384846,,,,,,,0.0,,,,,,,,,,,
2.998033619918376,grasp,,,,,,,,,,,,,,,,,,,,,,,,,,,0.024988007731735706,,,,,,,0.0,,,,,,,,,,,
3.018033619918376,grasp,,,,,,,,,,,,,,,,,,,,,,,,,,,0.024981247261166573,,,,,,,0.0,,,,,,,,,,,
3.038033619918376,grasp,,,,,,,,,,,,,,,,,,,,,,,,,,,0.02497677132487297,,,,,,,0.0,,,,,,,,,,,
3.058033619918376,grasp,,,,,,,,,,,,,,,,,,,,,,,,,,,0.02497414778918028,,,,,,,0.0,,,,,,,,,,,
3.078033619918376,grasp,,,,,,,,,,,,,,,,,,,,,,,,,,,0.02497291937470436,,,,,,,0.0,,,,,,,,,,,
3.0980336199183762,grasp,,,,,,,,,,,,,,,,,,,,,,,,,,,0.02497260458767414,,,,,,,0.0,,,,,,,,,,,
3.0980336199183762,grasp,,,,,,,,,,,,,,,,,,,,,1.7359296083450317,1.008493185043335,1.0561381578445435,-0.020462170243263245,-0.009356207214295864,0.006027820985764265,0.02497260458767414,1.7321257591247559,1.0091276168823242,1.050737977027893,-0.041610345244407654,0.0026419491041451693,3.443614104980952e-06,,,,,,,,,,,,
3.1180336199183762,grasp,,,,,,,,,,,,,,,,,,,,,1.7358393669128418,1.0085043907165527,1.0559816360473633,-0.0201107170432806,-0.009044506587088108,0.005771254189312458,0.02497260458767414,1.7321257591247559,1.0091276168823242,1.050737977027893,-0.041610345244407654,0.0026419491041451693,3.443614104980952e-06,,,,,,,,,,,,
3.1380336199183763,grasp,,,,,,,,,,,,,,,,,,,,,1.7357922792434692,1.0084540843963623,1.0558836460113525,-0.01998056285083294,-0.008890749886631966,0.00565589452162385,0.02497260458767414,1.7321268611974785,1.009005903798816,1.0507090544210003,-0.041705600311363666,0.002642979666987389,3.4429147484680783e-06,,,,,,,,,,,,
3.1580336199183763,grasp,,,,,,,,,,,,,,,,,,,,,1.735768437385559,1.0084279775619507,1.0558335781097412,-0.019916938617825508,-0.008808940649032593,0.005597082898020744,0.02497260458767414,1.7321268611974785,1.009005903798816,1.0507090544210003,-0.041705600311363666,0.002642979666987389,3.4429147484680783e-06,,,,,,,,,,,,
3.1780336199183763,grasp,,,,,,,,,,,,,,,,,,,,,1.7357569932937622,1.0080233812332153,1.0557106733322144,-0.020301029086112976,-0.008747500367462635,0.0055687581188976765,0.02497260458767414,1.7321337889282307,1.008181366649086,1.0505132722661188,-0.042350641649320106,0.0026499584470869287,3.438180295509448e-06,,,,,,,,,,,,
3.1980336199183763,grasp,,,,,,,,,,,,,,,,,,,,,1.7357525825500488,1.0078133344650269,1.0556491613388062,-0.020513948053121567,-0.008711854927241802,0.005554481875151396,0.02497260458767414,1.7321337889282307,1.008181366649086,1.0505132722661188,-0.042350641649320106,0.0026499584470869287,3.438180295509448e-06,,,,,,,,,,,,
3.2180336199183763,grasp,,,,,,,,,,,,,,,,,,,,,1.7357475757598877,1.0066733360290527,1.0553654432296753,-0.021742606535553932,-0.0086448909714818,0.005542771890759468,0.02497260458767414,1.7321519887634544,1.006023483607415,1.0500025740532144,-0.04403788910309703,0.002668159763769009,3.42583251856113e-06,,,,,,,,,,,,
3.2380336199183763,grasp,,,,,,,,,,,,,,,,,,,,,1.7357468605041504,1.0060889720916748,1.0552276372909546,-0.022404957562685013,-0.008607088588178158,0.005537393968552351,0.02497260458767414,1.7321519887634544,1.006023483607415,1.0500025740532144,-0.04403788910309703,0.002668159763769009,3.42583251856113e-06,,,,,,,,,,,,
3.2580336199183764,grasp,,,,,,,,,,,,,,,,,,,,,1.735816478729248,1.0038416385650635,1.0546666383743286,-0.024189963936805725,-0.008646679110825062,0.005481806583702564,0.02497260458767414,1.7321857897858828,1.0019753119886345,1.0490549764534243,-0.04719793039212514,0.002701934282465189,3.4029203544753837e-06,,,,,,,,,,,,
3.2780336199183764,grasp,,,,,,,,,,,,,,,,,,,,,1.735812783241272,1.0026692152023315,1.0543992519378662,-0.02521595172584057,-0.008459994569420815,0.0054499683901667595,0.02497260458767414,1.7321857897858828,1.0019753119886345,1.0490549764534243,-0.04719793039212514,0.002701934282465189,3.4029203544753837e-06,,,,,,,,,,,,
3.2980336199183764,grasp,,,,,,,,,,,,,,,,,,,,,1.735761284828186,0.9989724159240723,1.0535393953323364,-0.029300549998879433,-0.008192654699087143,0.005443124566227198,0.02497260458767414,1.7322386231487963,0.9955495608304954,1.047576352797341,-0.0522014525216667,0.0027546472927642137,3.367161510106003e-06,,,,,,,,,,,,
3.3180336199183764,grasp,,,,,,,,,,,,,,,,,,,,,1.7357831001281738,0.9970471262931824,1.053113579750061,-0.031158294528722763,-0.008161245845258236,0.005372663494199514,0.02497260458767414,1.7322386231487963,0.9955495608304954,1.047576352797341,-0.0522014525216667,0.0027546472927642137,3.367161510106003e-06,,,,,,,,,,,,
3.3380336199183764,grasp,,,,,,,,,,,,,,,,,,,,,1.7357823848724365,0.9916019439697266,1.0519322156906128,-0.03764509782195091,-0.007937422953546047,0.005327957216650248,0.02497260458767414,1.7323132211914103,0.9863320395183802,1.0454847049809577,-0.059365456507587955,0.0028292354804111018,3.3165643307982825e-06,,,,,,,,,,,,
3.358033619918376,grasp,,,,,,,,,,,,,,,,,,,,,1.7357088327407837,0.9887894988059998,1.051356554031372,-0.04147536680102348,-0.00756507134065032,0.005314411595463753,0.02497260458767414,1.7323132211914103,0.9863320395183802,1.0454847049809577,-0.059365456507587955,0.0028292354804111018,3.3165643307982825e-06,,,,,,,,,,,,
3.3780336199183765,grasp,,,,,,,,,,,,,,,,,,,,,1.7357391119003296,0.9813922047615051,1.0497931241989136,-0.05154667794704437,-0.007347472012042999,0.005282916594296694,0.02497260458767414,1.7324123167569048,0.9739816497578843,1.0427028569872836,-0.06895771702454086,0.0029284634399246844,3.249255228279126e-06,,,,,,,,,,,,
3.398033619918376,grasp,,,,,,,,,,,,,,,,,,,,,1.7357285022735596,0.9776179790496826,1.048862338066101,-0.053852763026952744,-0.00719938799738884,0.005294556263834238,0.02497260458767414,1.7324123167569048,0.9739816497578843,1.0427028569872836,-0.06895771702454086,0.0029284634399246844,3.249255228279126e-06,,,,,,,,,,,,
3.418033619918376,grasp,,,,,,,,,,,,,,,,,,,,,1.7358297109603882,0.9680818915367126,1.0466598272323608,-0.06170986592769623,-0.007124937605112791,0.005261028651148081,0.02497260458767414,1.7325383135643178,0.9582212121135688,1.039168322502153,-0.0811944740781816,0.0030545700418609175,3.163715571570555e-06,,,,,,,,,,,,
3.438033619918376,grasp,,,,,,,,,,,,,,,,,,,,,1.7358500957489014,0.9631644487380981,1.045578122138977,-0.06602135300636292,-0.006919012870639563,0.005232699681073427,0.02497260458767414,1.7325383135643178,0.9582212121135688,1.039168322502153,-0.0811944740781816,0.0030545700418609175,3.163715571570555e-06,,,,,,,,,,,,
3.458033619918376,grasp,,,,,,,,,,,,,,,,,,,,,1.7358478307724,0.9512707591056824,1.0429396629333496,-0.07718688994646072,-0.006404145620763302,0.005236239638179541,0.02497260458767414,1.7326927441273319,0.9388342544022416,1.0348360306291515,-0.0962435942550573,0.0032091823571895957,3.058843085812221e-06,,,,,,,,,,,,
3.478033619918376,grasp,,,,,,,,,,,,,,,,,,,,,1.735909104347229,0.9450914263725281,1.0416531562805176,-0.08423708379268646,-0.006191154941916466,0.005230766721069813,0.02497260458767414,1.7326927441273319,0.9388342544022416,1.0348360306291515,-0.0962435942550573,0.0032091823571895957,3.058843085812221e-06,,,,,,,,,,,,
3.498033619918376,grasp,,,,,,,,,,,,,,,,,,,,,1.7358498573303223,0.9308304786682129,1.0375802516937256,-0.09874864667654037,-0.005601759068667889,0.005225206725299358,0.02497260458767414,1.7328769015402345,0.9156634599463006,1.029671343276546,-0.11422706498135461,0.0033935253859643352,2.9338069363520607e-06,,,,,,,,,,,,
3.518033619918376,grasp,,,,,,,,,,,,,,,,,,,,,1.7357721328735352,0.9234541058540344,1.0354150533676147,-0.10622992366552353,-0.005122525151818991,0.005185190588235855,0.02497260458767414,1.7328769015402345,0.9156634599463006,1.029671343276546,-0.11422706498135461,0.0033935253859643352,2.9338069363520607e-06,,,,,,,,,,,,
3.538033619918376,grasp,,,,,,,,,,,,,,,,,,,,,1.7357003688812256,0.9067670702934265,1.029598593711853,-0.12028072774410248,-0.004347838461399078,0.00510789267718792,0.02497260458767414,1.7330912255050155,0.8886050509838286,1.023653467906491,-0.13522127813870705,0.0036083476841963415,2.7880983057244966e-06,,,,,,,,,,,,
3.558033619918376,grasp,,,,,,,,,,,,,,,,,,,,,1.7355953454971313,0.8980602025985718,1.0273277759552002,-0.12750886380672455,-0.0037747202441096306,0.005084179807454348,0.02497260458767414,1.7330912255050155,0.8886050509838286,1.023653467906491,-0.13522127813870705,0.0036083476841963415,2.7880983057244966e-06,,,,,,,,,,,,
3.578033619918376,grasp,,,,,,,,,,,,,,,,,,,,,1.7352441549301147,0.8788337707519531,1.020932674407959,-0.14293086528778076,-0.002089323941618204,0.005022773053497076,0.02497260458767414,1.733336445864836,0.8576093281679091,1.0167694409036556,-0.15926251569206318,0.0038540672197778184,2.621431882543165e-06,,,,,,,,,,,,
3.5980336199183762,grasp,,,,,,,,,,,,,,,,,,,,,1.7346783876419067,0.8688735365867615,1.01768958568573,-0.1508738249540329,-0.0002704165526665747,0.004967227578163147,0.02497260458767414,1.733336445864836,0.8576093281679091,1.0167694409036556,-0.15926251569206318,0.0038540672197778184,2.621431882543165e-06,,,,,,,,,,,,
3.6180336199183762,grasp,,,,,,,,,,,,,,,,,,,,,1.7340534925460815,0.8468745350837708,1.0123330354690552,-0.16809721291065216,0.002057531150057912,0.004866850562393665,0.02497260458767414,1.7336124789475635,0.8226773710546925,1.0090172608612737,-0.1863501417452018,0.004130724748843263,2.4337770393744806e-06,,,,,,,,,,,,
3.6380336199183763,grasp,,,,,,,,,,,,,,,,,,,,,1.73391854763031,0.8354619145393372,1.009505271911621,-0.1769656240940094,0.002837137086316943,0.004831366240978241,0.02497260458767414,1.7336124789475635,0.8226773710546925,1.0090172608612737,-0.1863501417452018,0.004130724748843263,2.4337770393744806e-06,,,,,,,,,,,,
3.6580336199183763,grasp,,,,,,,,,,,,,,,,,,,,,1.7339993715286255,0.8108068108558655,1.004116177558899,-0.19612443447113037,0.0034416443668305874,0.004822013434022665,0.02497260458767414,1.7339195256802626,0.7838598772864226,1.0004026968739275,-0.21645071226733306,0.004438082751740183,2.225292725822446e-06,,,,,,,,,,,,
3.6780336199183763,grasp,,,,,,,,,,,,,,,,,,,,,1.733992338180542,0.7980537414550781,1.0012363195419312,-0.20599573850631714,0.003880617208778858,0.0048163109458982944,0.02497260458767414,1.7339195256802626,0.7838598772864226,1.0004026968739275,-0.21645071226733306,0.004438082751740183,2.225292725822446e-06,,,,,,,,,,,,
3.6980336199183763,grasp,,,,,,,,,,,,,,,,,,,,,1.7341148853302002,0.7708611488342285,0.9952813982963562,-0.22710128128528595,0.004320446867495775,0.004808871075510979,0.02497260458767414,1.7342572015707267,0.7412537614836889,0.990936283232386,-0.2494992653316675,0.00477576046505785,1.996235908537567e-06,,,,,,,,,,,,
3.7180336199183763,grasp,,,,,,,,,,,,,,,,,,,,,1.7342019081115723,0.7567765712738037,0.9923822283744812,-0.23797331750392914,0.004601003136485815,0.004809357691556215,0.02497260458767414,1.7342572015707267,0.7412537614836889,0.990936283232386,-0.2494992653316675,0.00477576046505785,1.996235908537567e-06,,,,,,,,,,,,
3.7380336199183763,grasp,,,,,,,,,,,,,,,,,,,,,1.7344077825546265,0.7271677255630493,0.9858880043029785,-0.2609766125679016,0.004855403210967779,0.004787163343280554,0.02497260458767414,1.734625349713676,0.6949966627981669,0.9806252755023935,-0.2853964342068908,0.005143590693504532,1.7467255464507044e-06,,,,,,,,,,,,
3.7580336199183764,grasp,,,,,,,,,,,,,,,,,,,,,1.7345303297042847,0.7118315696716309,0.9829039573669434,-0.27282384037971497,0.004923992790281773,0.004791875369846821,0.02497260458767414,1.734625349713676,0.6949966627981669,0.9806252755023935,-0.2853964342068908,0.005143590693504532,1.7467255464507044e-06,,,,,,,,,,,,
3.7780336199183764,grasp,,,,,,,,,,,,,,,,,,,,,1.7341902256011963,0.6802437901496887,0.9742297530174255,-0.2971349358558655,0.005265966523438692,0.004751351196318865,0.02497260458767414,1.7338333928832816,0.6459650929715272,0.9690097957217911,-0.32291884446489244,0.005530869422105205,1.4804671665177639e-06,,,,,,,,,,,,
3.7980336199183764,grasp,,,,,,,,,,,,,,,,,,,,,1.7340174913406372,0.6638748049736023,0.9704042077064514,-0.30965307354927063,0.005425639916211367,0.004757641814649105,0.02497260458767414,1.7338333928832816,0.6459650929715272,0.9690097957217911,-0.32291884446489244,0.005530869422105205,1.4804671665177639e-06,,,,,,,,,,,,
3.818033619918376,grasp,,,,,,,,,,,,,,,,,,,,,1.710757851600647,0.643308699131012,0.9547572731971741,-0.3144965171813965,0.0051235924474895,0.004772501066327095,0.02497260458767414,1.6857481003546033,0.6209228430385467,0.940457853470326,-0.31960732534257125,0.005438235968646267,1.397920632654888e-06,,,,,,,,,,,,
3.8380336199183764,grasp,,,,,,,,,,,,,,,,,,,,,1.698521375656128,0.6327651739120483,0.9463969469070435,-0.3169934153556824,0.005570271518081427,0.00474541774019599,0.02497260458767414,1.6857481003546033,0.6209228430385467,0.940457853470326,-0.31960732534257125,0.005438235968646267,1.397920632654888e-06,,,,,,,,,,,,
3.858033619918376,grasp,,,,,,,,,,,,,,,,,,,,,1.6636905670166016,0.6167927384376526,0.9263684749603271,-0.31282809376716614,0.005158967804163694,0.004759401548653841,0.02497260458767414,1.626455643650194,0.5992615190117256,0.9074700763660075,-0.3083636346784394,0.005246913944236427,1.3487176368525354e-06,,,,,,,,,,,,
3.8780336199183765,grasp,,,,,,,,,,,,,,,,,,,,,1.6454821825027466,0.608625054359436,0.9157246947288513,-0.31068339943885803,0.005603048484772444,0.004753857385367155,0.02497260458767414,1.626455643650194,0.5992615190117256,0.9074700763660075,-0.3083636346784394,0.005246913944236427,1.3487176368525354e-06,,,,,,,,,,,,
3.898033619918376,grasp,,,,,,,,,,,,,,,,,,,,,1.6061668395996094,0.5933386087417603,0.8937540054321289,-0.3038550615310669,0.005126762203872204,0.004748787730932236,0.02497260458767414,1.5642072970190923,0.5765178694597526,0.8728405657398735,-0.29656079681667025,0.005046087881844666,1.2970689903929373e-06,,,,,,,,,,,,
3.9180336199183765,grasp,,,,,,,,,,,,,,,,,,,,,1.585655689239502,0.5855211615562439,0.8821219801902771,-0.3003386855125427,0.005530392751097679,0.00473412312567234,0.02497260458767414,1.5642072970190923,0.5765178694597526,0.8728405657398735,-0.29656079681667025,0.005046087881844666,1.2970689903929373e-06,,,,,,,,,,,,
3.938033619918376,grasp,,,,,,,,,,,,,,,,,,,,,1.5438770055770874,0.569937527179718,0.8589633107185364,-0.29255980253219604,0.004987912252545357,0.004749161656945944,0.02497260458767414,1.499307796913503,0.5528013284341842,0.836735962618194,-0.2842558660124655,0.004836708596877899,1.2432216777746768e-06,,,,,,,,,,,,
3.958033619918376,grasp,,,,,,,,,,,,,,,,,,,,,1.522096037864685,0.5619688630104065,0.8466733694076538,-0.288554310798645,0.005382186267524958,0.004733321722596884,0.02497260458767414,1.499307796913503,0.5528013284341842,0.836735962618194,-0.2842558660124655,0.004836708596877899,1.2432216777746768e-06,,,,,,,,,,,,
3.978033619918376,grasp,,,,,,,,,,,,,,,,,,,,,1.4785397052764893,0.5458882451057434,0.8225814700126648,-0.2803095281124115,0.004804123193025589,0.004748374689370394,0.02497260458767414,1.4320840317353496,0.5282304858651964,0.7993371103039086,-0.2715107504543775,0.004619833669213592,1.1874477826443388e-06,,,,,,,,,,,,
3.998033619918376,grasp,,,,,,,,,,,,,,,,,,,,,1.4558427333831787,0.537667989730835,0.8097918629646301,-0.27606406807899475,0.005196710582822561,0.004732315894216299,0.02497260458767414,1.4320840317353496,0.5282304858651964,0.7993371103039086,-0.2715107504543775,0.004619833669213592,1.1874477826443388e-06,,,,,,,,,,,,
4.018033619918376,grasp,,,,,,,,,,,,,,,,,,,,,1.4108554124832153,0.5211001634597778,0.7849234342575073,-0.2675139904022217,0.004598317202180624,0.0047476161271333694,0.02497260458767414,1.3628827590771104,0.5029314195864721,0.7608359501589188,-0.2583912836369476,0.004396606102308,1.1300387941001418e-06,,,,,,,,,,,,
4.038033619918377,grasp,,,,,,,,,,,,,,,,,,,,,1.3874231576919556,0.5126330256462097,0.7717198729515076,-0.2631116807460785,0.0049929628148674965,0.004731500055640936,0.02497260458767414,1.3628827590771104,0.5029314195864721,0.7608359501589188,-0.2583912836369476,0.004396606102308,1.1300387941001418e-06,,,,,,,,,,,,
4.058033619918376,grasp,,,,,,,,,,,,,,,,,,,,,1.3412731885910034,0.49564579129219055,0.7462146282196045,-0.25433242321014404,0.004381243139505386,0.004747022874653339,0.02497260458767414,1.2920675977368012,0.477036061546724,0.7214337912049359,-0.24496602543767032,0.004168174031898627,1.0712920191974753e-06,,,,,,,,,,,,
4.078033619918376,grasp,,,,,,,,,,,,,,,,,,,,,1.3172446489334106,0.4869663119316101,0.7326703071594238,-0.24981212615966797,0.00477807130664587,0.0047308895736932755,0.02497260458767414,1.2920675977368012,0.477036061546724,0.7214337912049359,-0.24496602543767032,0.004168174031898627,1.0712920191974753e-06,,,,,,,,,,,,
4.098033619918376,grasp,,,,,,,,,,,,,,,,,,,,,1.27018404006958,0.46964332461357117,0.7066655158996582,-0.24085816740989685,0.004157497547566891,0.004746540449559689,0.02497260458767414,1.2200154625097699,0.4506815891249289,0.681339549341583,-0.23130611283602004,0.0039357239307790245,1.0115150558850006e-06,,,,,,,,,,,,
4.118033619918377,grasp,,,,,,,,,,,,,,,,,,,,,1.245690941810608,0.4607950448989868,0.6928526759147644,-0.23624785244464874,0.004555265884846449,0.00473041832447052,0.02497260458767414,1.2200154625097699,0.4506815891249289,0.681339549341583,-0.23130611283602004,0.0039357239307790245,1.0115150558850006e-06,,,,,,,,,,,,
4.138033619918376,grasp,,,,,,,,,,,,,,,,,,,,,1.1979742050170898,0.44322752952575684,0.6664872169494629,-0.22716958820819855,0.003929443657398224,0.004746170714497566,0.02497260458767414,1.1471132589301247,0.42400908042423857,0.6407679333098516,-0.21748531382173875,0.003700536189282355,9.510343548686058e-07,,,,,,,,,,,,
4.158033619918376,grasp,,,,,,,,,,,,,,,,,,,,,1.1731486320495605,0.4342568516731262,0.6524801850318909,-0.22249528765678406,0.004326248541474342,0.00473009841516614,0.02497260458767414,1.1471132589301247,0.42400908042423857,0.6407679333098516,-0.21748531382173875,0.003700536189282355,9.510343548686058e-07,,,,,,,,,,,,
4.178033619918376,grasp,,,,,,,,,,,,,,,,,,,,,1.1250345706939697,0.4165380001068115,0.6258959770202637,-0.21334245800971985,0.0036986018531024456,0.004745913203805685,0.02497260458767414,1.0737555155030396,0.39716089117832687,0.59993718174931,-0.2035789254301879,0.003463913919711602,8.901823273811518e-07,,,,,,,,,,,,
4.198033619918377,grasp,,,,,,,,,,,,,,,,,,,,,1.1000102758407593,0.40749287605285645,0.6117693781852722,-0.20862987637519836,0.004092581104487181,0.004730004817247391,0.02497260458767414,1.0737555155030396,0.39716089117832687,0.59993718174931,-0.2035789254301879,0.003463913919711602,8.901823273811518e-07,,,,,,,,,,,,
4.218033619918376,grasp,,,,,,,,,,,,,,,,,,,,,1.0517592430114746,0.38971850275993347,0.5851103663444519,-0.19945192337036133,0.003466223133727908,0.0047457353211939335,0.02497260458767414,1.0003393271314183,0.3702827568678092,0.5590688370666947,-0.18966175397221338,0.003227102918872895,8.292828075912982e-07,,,,,,,,,,,,
4.238033619918376,grasp,,,,,,,,,,,,,,,,,,,,,1.0266715288162231,0.38064783811569214,0.5709409117698669,-0.1947263479232788,0.00385557534173131,0.004730024840682745,0.02497260458767414,1.0003393271314183,0.3702827568678092,0.5590688370666947,-0.18966175397221338,0.003227102918872895,8.292828075912982e-07,,,,,,,,,,,,
4.258033619918376,grasp,,,,,,,,,,,,,,,,,,,,,0.9785450100898743,0.36291301250457764,0.5443509221076965,-0.18557316064834595,0.0032337841112166643,0.004745666403323412,0.02497260458767414,0.9272636743438197,0.34351844506637125,0.5183834932656909,-0.17580921231032742,0.002991369325210862,7.686634463702014e-07,,,,,,,,,,,,
4.278033619918376,grasp,,,,,,,,,,,,,,,,,,,,,0.9535287022590637,0.3538653552532196,0.5302146673202515,-0.18086035549640656,0.0036168142687529325,0.004730243235826492,0.02497260458767414,0.9272636743438197,0.34351844506637125,0.5183834932656909,-0.17580921231032742,0.002991369325210862,7.686634463702014e-07,,,,,,,,,,,,
4.298033619918376,grasp,,,,,,,,,,,,,,,,,,,,,0.9057886004447937,0.33626589179039,0.5038374662399292,-0.1717814952135086,0.00300254812464118,0.004745710175484419,0.02497260458767414,0.8549236890942528,0.31701267969950037,0.47810090124986837,-0.16209630949042134,0.002758009894767221,7.086551812975416e-07,,,,,,,,,,,,
4.318033619918376,grasp,,,,,,,,,,,,,,,,,,,,,0.8809793591499329,0.32729026675224304,0.4898108243942261,-0.16710679233074188,0.003377534681931138,0.004730583168566227,0.02497260458767414,0.8549236890942528,0.31701267969950037,0.47810090124986837,-0.16209630949042134,0.002758009894767221,7.086551812975416e-07,,,,,,,,,,,,
4.338033619918376,grasp,,,,,,,,,,,,,,,,,,,,,0.8338838815689087,0.30991968512535095,0.4637880027294159,-0.1581512689590454,0.0027737810742110014,0.004745813552290201,0.02497260458767414,0.7837097404242082,0.29090556588886723,0.438436814084751,-0.14859720744518518,0.0025283003596999133,6.495843219733251e-07,,,,,,,,,,,,
4.358033619918376,grasp,,,,,,,,,,,,,,,,,,,,,0.8094150424003601,0.3010636568069458,0.4499462842941284,-0.15354011952877045,0.0031391249503940344,0.004731075372546911,0.02497260458767414,0.7837097404242082,0.29090556588886723,0.438436814084751,-0.14859720744518518,0.0025283003596999133,6.495843219733251e-07,,,,,,,,,,,,
4.3780336199183765,grasp,,,,,,,,,,,,,,,,,,,,,0.7632161378860474,0.2840149700641632,0.4244174063205719,-0.14475581049919128,0.0025485146325081587,0.004746013320982456,0.02497260458767414,0.7140008983375854,0.26533740350540896,0.39960352785630926,-0.13538349862456794,0.0023034477262333913,5.917627207922386e-07,,,,,,,,,,,,
4.398033619918376,grasp,,,,,,,,,,,,,,,,,,,,,0.7392178773880005,0.27532604336738586,0.41083472967147827,-0.14023268222808838,0.0029028744902461767,0.004731620196253061,0.02497260458767414,0.7140008983375854,0.26533740350540896,0.39960352785630926,-0.13538349862456794,0.0023034477262333913,5.917627207922386e-07,,,,,,,,,,,,
4.4180336199183765,grasp,,,,,,,,,,,,,,,,,,,,,0.6941613554954529,0.25868797302246094,0.3859344720840454,-0.13166601955890656,0.002328390022739768,0.004746167920529842,0.02497260458767414,0.646166117707413,0.24043974123069725,0.3618047750810361,-0.12252495649334427,0.002084630774304065,5.354946978035182e-07,,,,,,,,,,,,
4.438033619918376,grasp,,,,,,,,,,,,,,,,,,,,,0.6707603931427002,0.250211238861084,0.3726825714111328,-0.1272549033164978,0.0026699851732701063,0.004732251167297363,0.02497260458767414,0.646166117707413,0.24043974123069725,0.3618047750810361,-0.12252495649334427,0.002084630774304065,5.354946978035182e-07,,,,,,,,,,,,
4.4580336199183765,grasp,,,,,,,,,,,,,,,,,,,,,0.6270817518234253,0.23407071828842163,0.3485405445098877,-0.11895056068897247,0.0021141746547073126,0.0047464920207858086,0.02497260458767414,0.5805565528866986,0.2163427138757604,0.32523652248953944,-0.11008822569909116,0.0018729907603223367,4.810725183415632e-07,,,,,,,,,,,,
4.478033619918376,grasp,,,,,,,,,,,,,,,,,,,,,0.6043996214866638,0.22585038840770721,0.335688978433609,-0.11467451602220535,0.0024417818058282137,0.004733034409582615,0.02497260458767414,0.5805565528866986,0.2163427138757604,0.32523652248953944,-0.11008822569909116,0.0018729907603223367,4.810725183415632e-07,,,,,,,,,,,,
4.498033619918377,grasp,,,,,,,,,,,,,,,,,,,,,0.5623223185539246,0.21028906106948853,0.31242814660072327,-0.10667509585618973,0.00190739834215492,0.0047469064593315125,0.02497260458767414,0.5175059786108405,0.19316661745283298,0.29008321556528344,-0.09813663500416901,0.0016696112631511121,4.287738507124791e-07,,,,,,,,,,,,
4.518033619918376,grasp,,,,,,,,,,,,,,,,,,,,,0.5404749512672424,0.20236636698246002,0.30004239082336426,-0.10255590081214905,0.002219689777120948,0.004733861889690161,0.02497260458767414,0.5175059786108405,0.19316661745283298,0.29008321556528344,-0.09813663500416901,0.0016696112631511121,4.287738507124791e-07,,,,,,,,,,,,
4.538033619918377,grasp,,,,,,,,,,,,,,,,,,,,,0.5002097487449646,0.18746082484722137,0.277777761220932,-0.09490115940570831,0.0017088792519643903,0.004747467115521431,0.02497260458767414,0.457325393322577,0.17102423921523568,0.25651775655720555,-0.08672890863934855,0.001475488869667756,3.7885507643687103e-07,,,,,,,,,,,,
4.558033619918376,grasp,,,,,,,,,,,,,,,,,,,,,0.47930553555488586,0.17987459897994995,0.265919953584671,-0.09095937013626099,0.002004480455070734,0.004734822548925877,0.02497260458767414,0.457325393322577,0.17102423921523568,0.25651775655720555,-0.08672890863934855,0.001475488869667756,3.7885507643687103e-07,,,,,,,,,,,,
4.578033619918376,grasp,,,,,,,,,,,,,,,,,,,,,0.44104576110839844,0.16569679975509644,0.24475818872451782,-0.08368586748838425,0.0015196810709312558,0.004748121369630098,0.02497260458767414,0.40029901801079343,0.15002147697541587,0.22469981822993282,-0.07591869940552219,0.0012915331391498014,3.3155051220764306e-07,,,,,,,,,,,,
4.598033619918376,grasp,,,,,,,,,,,,,,,,,,,,,0.42118459939956665,0.1584831327199936,0.23348629474639893,-0.07994034141302109,0.0017975703813135624,0.004735867492854595,0.02497260458767414,0.40029901801079343,0.15002147697541587,0.22469981822993282,-0.07591869940552219,0.0012915331391498014,3.3155051220764306e-07,,,,,,,,,,,,
4.618033619918377,grasp,,,,,,,,,,,,,,,,,,,,,0.3851061165332794,0.14509747922420502,0.21352358162403107,-0.07308153808116913,0.0013409578241407871,0.004748835694044828,0.02497260458767414,0.34668424147841853,0.13025079208074128,0.19477155568629975,-0.06575488072609827,0.001118576990415035,2.8707444183085865e-07,,,,,,,,,,,,
4.638033619918376,grasp,,,,,,,,,,,,,,,,,,,,,0.3663789927959442,0.1382887214422226,0.20288978517055511,-0.06954938173294067,0.0015998202143236995,0.004736939910799265,0.02497260458767414,0.34668424147841853,0.13025079208074128,0.19477155568629975,-0.06575488072609827,0.001118576990415035,2.8707444183085865e-07,,,,,,,,,,,,
4.658033619918376,grasp,,,,,,,,,,,,,,,,,,,,,0.33263739943504333,0.12575237452983856,0.1842111349105835,-0.06313483417034149,0.0011732196435332298,0.004749569110572338,0.02497260458767414,0.29670580315105405,0.11179445586900891,0.166857727997904,-0.0562802528723614,0.0009573520250517547,2.4561502343492113e-07,,,,,,,,,,,,
4.678033619918376,grasp,,,,,,,,,,,,,,,,,,,,,0.3151250183582306,0.11937683075666428,0.1742626130580902,-0.0598313994705677,0.0014112762873992324,0.00473824655637145,0.02497260458767414,0.29670580315105405,0.11179445586900891,0.166857727997904,-0.0562802528723614,0.0009573520250517547,2.4561502343492113e-07,,,,,,,,,,,,
4.698033619918377,grasp,,,,,,,,,,,,,,,,,,,,,0.2838534116744995,0.10773874819278717,0.1569429188966751,-0.05388634651899338,0.001015739282593131,0.004749875981360674,0.02497260458767414,0.25055283927108757,0.09472259171118809,0.1410639616932529,-0.04753070801877415,0.0008084685263369875,2.073291082375746e-07,,,,,,,,,,,,
4.718033619918376,grasp,,,,,,,,,,,,,,,,,,,,,0.2676238417625427,0.10182173550128937,0.1477162390947342,-0.05082465708255768,0.0012343758717179298,0.004739474970847368,0.02497260458767414,0.25055283927108757,0.09472259171118809,0.1410639616932529,-0.04753070801877415,0.0008084685263369875,2.073291082375746e-07,,,,,,,,,,,,
4.738033619918376,grasp,,,,,,,,,,,,,,,,,,,,,0.23892967402935028,0.09112407267093658,0.13180968165397644,-0.04536961764097214,0.0008727506501600146,0.00475056329742074,0.02497260458767414,0.20837596306387549,0.0790913926148406,0.11747474546634089,-0.03953466282530911,0.0006724062858543333,1.7233994005178962e-07,,,,,,,,,,,,
4.758033619918376,grasp,,,,,,,,,,,,,,,,,,,,,0.22403933107852936,0.08568450808525085,0.12334280461072922,-0.04256021976470947,0.0010687879985198379,0.0047406782396137714,0.02497260458767414,0.20837596306387549,0.0790913926148406,0.11747474546634089,-0.03953466282530911,0.0006724062858543333,1.7233994005178962e-07,,,,,,,,,,,,
4.778033619918376,grasp,,,,,,,,,,,,,,,,,,,,,0.19800502061843872,0.07595672458410263,0.10889885574579239,-0.037610575556755066,0.0007408143137581646,0.004750761203467846,0.02497260458767414,0.17028453787929335,0.06494109295120466,0.09615115519317961,-0.03231277417224944,0.0005495143404694126,1.4073724187348348e-07,,,,,,,,,,,,
4.798033619918376,grasp,,,,,,,,,,,,,,,,,,,,,0.1844959706068039,0.07101035118103027,0.10121295601129532,-0.03506147488951683,0.000915513199288398,0.0047419192269444466,0.02497260458767414,0.17028453787929335,0.06494109295120466,0.09615115519317961,-0.03231277417224944,0.0005495143404694126,1.4073724187348348e-07,,,,,,,,,,,,
4.818033619918376,grasp,,,,,,,,,,,,,,,,,,,,,0.16117426753044128,0.06227228045463562,0.08826044201850891,-0.03062727488577366,0.0006216368637979031,0.004750870633870363,0.02497260458767414,0.1363429336950618,0.052295385198623145,0.0771295587986375,-0.025877321100518075,0.00044000365054086386,1.1257541365322845e-07,,,,,,,,,,,,
4.838033619918376,grasp,,,,,,,,,,,,,,,,,,,,,0.1490735560655594,0.05782904475927353,0.08137055486440659,-0.02834366261959076,0.0007752175442874432,0.004743174649775028,0.02497260458767414,0.1363429336950618,0.052295385198623145,0.0771295587986375,-0.025877321100518075,0.00044000365054086386,1.1257541365322845e-07,,,,,,,,,,,,
4.858033619918376,grasp,,,,,,,,,,,,,,,,,,,,,0.12848514318466187,0.05009116977453232,0.06992316246032715,-0.024428939446806908,0.0005154265672899783,0.004750941880047321,0.02497260458767414,0.10656482708019381,0.04116505285531308,0.06042116915016254,-0.02023106499640966,0.00034392383834985134,8.786746273867797e-08,,,,,,,,,,,,
4.8780336199183765,grasp,,,,,,,,,,,,,,,,,,,,,0.11780354380607605,0.0461561493575573,0.06383632868528366,-0.022412868216633797,0.000647952314466238,0.004744441714137793,0.02497260458767414,0.10656482708019381,0.04116505285531308,0.06042116915016254,-0.02023106499640966,0.00034392383834985134,8.786746273867797e-08,,,,,,,,,,,,
4.898033619918376,grasp,,,,,,,,,,,,,,,,,,,,,0.09993743896484375,0.03941493481397629,0.053887732326984406,-0.019015571102499962,0.00042202771874144673,0.004751067608594894,0.02497260458767414,0.08091607809832144,0.03153679465904293,0.0460056623023403,-0.015367559902286316,0.0002611658510628067,6.65853818113496e-08,,,,,,,,,,,,
4.9180336199183765,grasp,,,,,,,,,,,,,,,,,,,,,0.09066897630691528,0.03598635643720627,0.048599932342767715,-0.01726599410176277,0.000533921062014997,0.004745701793581247,0.02497260458767414,0.08091607809832144,0.03153679465904293,0.0460056623023403,-0.015367559902286316,0.0002611658510628067,6.65853818113496e-08,,,,,,,,,,,,
4.938033619918376,grasp,,,,,,,,,,,,,,,,,,,,,0.07548036426305771,0.030223235487937927,0.04012482240796089,-0.014377526007592678,0.0003404523304197937,0.004751306027173996,0.02497260458767414,0.05930968169484516,0.02337526475139667,0.03383062019656392,-0.011270234607172806,0.0001914461524846042,4.865620317080073e-08,,,,,,,,,,,,
4.9580336199183765,grasp,,,,,,,,,,,,,,,,,,,,,0.0676015317440033,0.027292152866721153,0.03562042489647865,-0.01289003062993288,0.0004331979725975543,0.004746848251670599,0.02497260458767414,0.05930968169484516,0.02337526475139667,0.03383062019656392,-0.011270234607172806,0.0001914461524846042,4.865620317080073e-08,,,,,,,,,,,,
4.978033619918376,grasp,,,,,,,,,,,,,,,,,,,,,0.05500653013586998,0.022477464750409126,0.0285724475979805,-0.010494454763829708,0.0002720042539294809,0.0047514475882053375,0.02497260458767414,0.0415973538044735,0.016629358661802776,0.023814217771730057,-0.007910955928570317,0.00013428470342792865,3.395644115974222e-08,,,,,,,,,,,,
4.998033619918377,grasp,,,,,,,,,,,,,,,,,,,,,0.048473846167325974,0.02002917230129242,0.02482530102133751,-0.009260847233235836,0.00034560184576548636,0.004748084582388401,0.02497260458767414,0.0415973538044735,0.016629358661802776,0.023814217771730057,-0.007910955928570317,0.00013428470342792865,3.395644115974222e-08,,,,,,,,,,,,
5.018033619918376,grasp,,,,,,,,,,,,,,,,,,,,,0.03834513574838638,0.016125595197081566,0.019137989729642868,-0.007334045134484768,0.00021578157611656934,0.004751591943204403,0.02497260458767414,0.027561938246350903,0.011237519070148643,0.015846800530413385,-0.005248677170590431,8.898273742140857e-05,2.2306403718993525e-08,,,,,,,,,,,,
5.038033619918377,grasp,,,,,,,,,,,,,,,,,,,,,0.03309279680252075,0.014139455743134022,0.016118116676807404,-0.006341860629618168,0.0002707374223973602,0.004749141167849302,0.02497260458767414,0.027561938246350903,0.011237519070148643,0.015846800530413385,-0.005248677170590431,8.898273742140857e-05,2.2306403718993525e-08,,,,,,,,,,,,
5.058033619918376,grasp,,,,,,,,,,,,,,,,,,,,,0.025259802117943764,0.011096697300672531,0.011704946868121624,-0.0048515149392187595,0.0001689843920757994,0.0047519635409116745,0.02497260458767414,0.016920127383443728,0.007116952220198954,0.009784524654194337,-0.0032298568723388593,5.462946382450073e-05,1.3471919036181261e-08,,,,,,,,,,,,
5.078033619918376,grasp,,,,,,,,,,,,,,,,,,,,,0.021198619157075882,0.009548205882310867,0.00936262309551239,-0.0040840934962034225,0.00020843606034759432,0.004750159103423357,0.02497260458767414,0.016920127383443728,0.007116952220198954,0.009784524654194337,-0.0032298568723388593,5.462946382450073e-05,1.3471919036181261e-08,,,,,,,,,,,,
5.098033619918376,grasp,,,,,,,,,,,,,,,,,,,,,0.015446078963577747,0.007300402503460646,0.006114894989877939,-0.0029893957544118166,0.00013255482190288603,0.004752236418426037,0.02497260458767414,0.009320689770109853,0.004160352259032554,0.0054461544610886125,-0.0017880858738827062,3.0095327532026866e-05,7.162552816925046e-09,,,,,,,,,,,,
5.118033619918377,grasp,,,,,,,,,,,,,,,,,,,,,0.012464207597076893,0.006155963521450758,0.004391518887132406,-0.002425724407657981,0.00015896305558271706,0.0047509255819022655,0.02497260458767414,0.009320689770109853,0.004160352259032554,0.0054461544610886125,-0.0017880858738827062,3.0095327532026866e-05,7.162552816925046e-09,,,,,,,,,,,,
5.138033619918376,grasp,,,,,,,,,,,,,,,,,,,,,0.00853455439209938,0.004614953882992268,0.0021725993137806654,-0.0016777359414845705,0.00010509706771699712,0.004752499517053366,0.02497260458767414,0.004348747939907264,0.0022228842959882353,0.002605728767732419,-0.0008447812677842994,1.4043377868076597e-05,3.0345177242451494e-09,,,,,,,,,,,,
5.158033619918376,grasp,,,,,,,,,,,,,,,,,,,,,0.006498533766716719,0.003829383756965399,0.0009962215553969145,-0.001292592380195856,0.00011875497148139402,0.004751880653202534,0.02497260458767414,0.004348747939907264,0.0022228842959882353,0.002605728767732419,-0.0008447812677842994,1.4043377868076597e-05,3.0345177242451494e-09,,,,,,,,,,,,
5.178033619918376,grasp,,,,,,,,,,,,,,,,,,,,,0.00408936059102416,0.002862348221242428,8.321413770318031e-05,-0.0008334904559887946,8.72923483257182e-05,0.00475337915122509,0.02497260458767414,0.0015226859186661683,0.0011209131001810927,0.0009907584073282302,-0.0003085994707386413,4.919311460602793e-06,6.881056932468937e-10,,,,,,,,,,,,
5.198033619918377,grasp,,,,,,,,,,,,,,,,,,,,,0.0028415212873369455,0.002366922330111265,6.341436528600752e-05,-0.0005971220671199262,9.898955613607541e-05,0.0047430419363081455,0.02497260458767414,0.0015226859186661683,0.0011209131001810927,0.0009907584073282302,-0.0003085994707386413,4.919311460602793e-06,6.881056932468937e-10,,,,,,,,,,,,
5.218033619918376,grasp,,,,,,,,,,,,,,,,,,,,,0.0016053010476753116,0.0018786836881190538,6.139467586763203e-05,-0.0003616133762989193,8.185461047105491e-05,0.004744426812976599,0.02497260458767414,0.0002859650650600333,0.0006386798080180574,0.00028402897429146947,-7.395949882835684e-05,9.265039871099243e-07,-3.3871398408193895e-10,,,,,,,,,,,,
5.238033619918376,grasp,,,,,,,,,,,,,,,,,,,,,0.0009664058452472091,0.0016249550972133875,6.681148079223931e-05,-0.00024020356067921966,7.960146467667073e-05,0.004745037294924259,0.02497260458767414,0.0002859650650600333,0.0006386798080180574,0.00028402897429146947,-7.395949882835684e-05,9.265039871099243e-07,-3.3871398408193895e-10,,,,,,,,,,,,
5.258033619918376,grasp,,,,,,,,,,,,,,,,,,,,,0.0005022374098189175,0.0014422114472836256,6.471233791671693e-05,-0.00015170341066550463,7.11420871084556e-05,0.0047456868924200535,0.02497260458767414,3.068077121821279e-06,0.0005283700564009795,0.00012236628404622963,-2.0286155620133586e-05,1.315856959534758e-08,-5.735965820338075e-10,,,,,,,,,,,,
5.270575644816346,grasp,,,,,,,,,,,,,,,,,,,,,0.00026103173149749637,0.0013472853461280465,6.493043474620208e-05,-0.00010582232062006369,6.681538070552051e-05,0.00474600400775671,0.02497260458767414,-8.68220624283822e-08,0.000527139869518578,0.0001205634034704417,-1.9687584426719695e-05,2.9728379757898438e-09,-5.76216019343434e-10,,,,,,,,,,,,
0.0,grasp,,,,,,,,,,,,,,,,,,,,,,,,,,,1.9620199687153672e-08,,,,,,,0.043,,,,,,,,,,,
0.02,grasp,,,,,,,,,,,,,,,,,,,,,,,,,,,4.834715127799427e-06,,,,,,,0.043,,,,,,,,,,,
0.04,grasp,,,,,,,,,,,,,,,,,,,,,,,,,,,4.073259333381429e-05,,,,,,,0.043,,,,,,,,,,,
0.06,grasp,,,,,,,,,,,,,,,,,,,,,,,,,,,0.00014512666530208662,,,,,,,0.043,,,,,,,,,,,
0.08,grasp,,,,,,,,,,,,,,,,,,,,,,,,,,,0.00035629214835353196,,,,,,,0.043,,,,,,,,,,,
0.1,grasp,,,,,,,,,,,,,,,,,,,,,,,,,,,0.0007082436641212553,,,,,,,0.043,,,,,,,,,,,
0.12,grasp,,,,,,,,,,,,,,,,,,,,,,,,,,,0.001228415872901678,,,,,,,0.043,,,,,,,,,,,
0.14,grasp,,,,,,,,,,,,,,,,,,,,,,,,,,,0.001936929184012115,,,,,,,0.043,,,,,,,,,,,
0.16,grasp,,,,,,,,,,,,,,,,,,,,,,,,,,,0.0028464406495913863,,,,,,,0.043,,,,,,,,,,,
0.18,grasp,,,,,,,,,,,,,,,,,,,,,,,,,,,0.003962446702644229,,,,,,,0.043,,,,,,,,,,,
0.2,grasp,,,,,,,,,,,,,,,,,,,,,,,,,,,0.00528381229378283,,,,,,,0.043,,,,,,,,,,,
0.22,grasp,,,,,,,,,,,,,,,,,,,,,,,,,,,0.006803376600146294,,,,,,,0.043,,,,,,,,,,,
0.24,grasp,,,,,,,,,,,,,,,,,,,,,,,,,,,0.008508466649800539,,,,,,,0.043,,,,,,,,,,,
0.26,grasp,,,,,,,,,,,,,,,,,,,,,,,,,,,0.01038166368380189,,,,,,,0.043,,,,,,,,,,,
0.28,grasp,,,,,,,,,,,,,,,,,,,,,,,,,,,0.012401456013321877,,,,,,,0.043,,,,,,,,,,,
0.3,grasp,,,,,,,,,,,,,,,,,,,,,,,,,,,0.014542843215167522,,,,,,,0.043,,,,,,,,,,,
0.32,grasp,,,,,,,,,,,,,,,,,,,,,,,,,,,0.016778122633695602,,,,,,,0.043,,,,,,,,,,,
0.34,grasp,,,,,,,,,,,,,,,,,,,,,,,,,,,0.019077496603131294,,,,,,,0.043,,,,,,,,,,,
0.36,grasp,,,,,,,,,,,,,,,,,,,,,,,,,,,0.021409732289612293,,,,,,,0.043,,,,,,,,,,,
0.38,grasp,,,,,,,,,,,,,,,,,,,,,,,,,,,0.023742947727441788,,,,,,,0.043,,,,,,,,,,,
0.4,grasp,,,,,,,,,,,,,,,,,,,,,,,,,,,0.026045159436762333,,,,,,,0.043,,,,,,,,,,,
0.42,grasp,,,,,,,,,,,,,,,,,,,,,,,,,,,0.028285086154937744,,,,,,,0.043,,,,,,,,,,,
0.44,grasp,,,,,,,,,,,,,,,,,,,,,,,,,,,0.030432727187871933,,,,,,,0.043,,,,,,,,,,,
0.46,grasp,,,,,,,,,,,,,,,,,,,,,,,,,,,0.03246012330055237,,,,,,,0.043,,,,,,,,,,,
0.48,grasp,,,,,,,,,,,,,,,,,,,,,,,,,,,0.034341977909207344,,,,,,,0.043,,,,,,,,,,,
0.5,grasp,,,,,,,,,,,,,,,,,,,,,,,,,,,0.0360563937574625,,,,,,,0.043,,,,,,,,,,,
0.52,grasp,,,,,,,,,,,,,,,,,,,,,,,,,,,0.03758551739156246,,,,,,,0.043,,,,,,,,,,,
0.54,grasp,,,,,,,,,,,,,,,,,,,,,,,,,,,0.0389162115752697,,,,,,,0.043,,,,,,,,,,,
0.56,grasp,,,,,,,,,,,,,,,,,,,,,,,,,,,0.040040791034698486,,,,,,,0.043,,,,,,,,,,,
0.58,grasp,,,,,,,,,,,,,,,,,,,,,,,,,,,0.040957579389214516,,,,,,,0.043,,,,,,,,,,,
0.6,grasp,,,,,,,,,,,,,,,,,,,,,,,,,,,0.04167181812226772,,,,,,,0.043,,,,,,,,,,,
0.62,grasp,,,,,,,,,,,,,,,,,,,,,,,,,,,0.042196089401841164,,,,,,,0.043,,,,,,,,,,,
0.64,grasp,,,,,,,,,,,,,,,,,,,,,,,,,,,0.042551180347800255,,,,,,,0.043,,,,,,,,,,,
0.66,grasp,,,,,,,,,,,,,,,,,,,,,,,,,,,0.04276668466627598,,,,,,,0.043,,,,,,,,,,,
0.68,grasp,,,,,,,,,,,,,,,,,,,,,,,,,,,0.042881667613983154,,,,,,,0.043,,,,,,,,,,,
0.68,grasp,,,,,,,,,,,,,,,,,,,,,-1.645601059863111e-07,0.0010455886367708445,0.00012923205213155597,-3.906504571205005e-05,7.897911658005796e-09,-9.031759229394254e-10,0.042881667613983154,-8.6816733357864e-08,0.0005271401023492217,0.00012056421837769449,-1.9689610780915245e-05,3.0584246246689872e-09,-5.90594184668447e-10,,,,,,,,,,,,
0.7000000000000001,grasp,,,,,,,,,,,,,,,,,,,,,-1.6596499108345597e-07,0.0010503476951271296,0.00012924223847221583,-3.9244543586391956e-05,7.910394117516262e-09,-9.113524934711847e-10,0.042881667613983154,-8.6816733357864e-08,0.0005271401023492217,0.00012056421837769449,-1.9689610780915245e-05,3.0584246246689872e-09,-5.90594184668447e-10,,,,,,,,,,,,
0.7200000000000001,grasp,,,,,,,,,,,,,,,,,,,,,0.00012376619270071387,0.0010986658744513988,0.00012901892478112131,-6.918864528415725e-05,9.908711717798724e-07,-1.0675403672166794e-08,0.042881667613983154,0.0002610109524467127,0.0006219940603231714,0.0002739825552777245,-8.128630395419799e-05,1.1141386228660863e-06,-4.124940770944593e-10,,,,,,,,,,,,
0.74,grasp,,,,,,,,,,,,,,,,,,,,,0.00018897662812378258,0.0011237883009016514,0.00012900478031951934,-8.462586993118748e-05,6.740757498846506e-07,2.8060840318033797e-09,0.042881667613983154,0.0002610109524467127,0.0006219940603231714,0.0002739825552777245,-8.128630395419799e-05,1.1141386228660863e-06,-4.124940770944593e-10,,,,,,,,,,,,
0.76,grasp,,,,,,,,,,,,,,,,,,,,,0.001067180885002017,0.0014433672185987234,0.00012692321615759283,-0.00029292056569829583,7.392567113129189e-06,-6.208414760067171e-08,0.042881667613983154,0.002013361076433515,0.0012586034437895351,0.0013036453289111023,-0.0004946907655864592,8.571121700813057e-06,7.82819608050825e-10,,,,,,,,,,,,
0.78,grasp,,,,,,,,,,,,,,,,,,,,,0.0015220908680930734,0.001610517269000411,0.0001269798376597464,-0.00040035019628703594,5.298863015923416e-06,2.8808916141542795e-08,0.042881667613983154,0.002013361076433515,0.0012586034437895351,0.0013036453289111023,-0.0004946907655864592,8.571121700813057e-06,7.82819608050825e-10,,,,,,,,,,,,
0.8,grasp,,,,,,,,,,,,,,,,,,,,,0.0039511797949671745,0.0025131155271083117,0.0008880828972905874,-0.0009749897290021181,2.2906515368958935e-05,-1.298326992582588e-07,0.042881667613983154,0.006548585315063794,0.00290618281822791,0.0039684860321759835,-0.0015646148604244701,2.7870395156245398e-05,3.876387925244127e-09,,,,,,,,,,,,
0.8200000000000001,grasp,,,,,,,,,,,,,,,,,,,,,0.005208981689065695,0.002963670762255788,0.0013553157914429903,-0.0012705497210845351,1.7935313735506497e-05,1.0306908393431513e-07,0.042881667613983154,0.006548585315063794,0.00290618281822791,0.0039684860321759835,-0.0015646148604244701,2.7870395156245398e-05,3.876387925244127e-09,,,,,,,,,,,,
0.8400000000000001,grasp,,,,,,,,,,,,,,,,,,,,,0.009923283010721207,0.0046785506419837475,0.003959670662879944,-0.0023841357324272394,5.1165930926799774e-05,-1.8454630890119006e-07,0.042881667613983154,0.014952892671731147,0.005953737506427574,0.008903461238995459,-0.0035472796643976866,6.363360491550941e-05,9.609047071289349e-09,,,,,,,,,,,,
0.8600000000000001,grasp,,,,,,,,,,,,,,,,,,,,,0.012363657355308533,0.005549064837396145,0.005350487772375345,-0.0029575759544968605,4.2888867028523237e-05,2.376667254111453e-07,0.042881667613983154,0.014952892671731147,0.005953737506427574,0.008903461238995459,-0.0035472796643976866,6.363360491550941e-05,9.609047071289349e-09,,,,,,,,,,,,
0.8800000000000001,grasp,,,,,,,,,,,,,,,,,,,,,0.019994156435132027,0.008311542682349682,0.009755447506904602,-0.004759868141263723,9.600064367987216e-05,-2.145556123878123e-07,0.042881667613983154,0.02812660513360687,0.010698291005207469,0.016619954085974067,-0.0066549171372053744,0.00011968860050508855,1.8594447570501004e-08,,,,,,,,,,,,
0.9,grasp,,,,,,,,,,,,,,,,,,,,,0.023943161591887474,0.009715661406517029,0.012097492814064026,-0.005688004661351442,8.4312901890371e-05,4.3339201738490374e-07,0.042881667613983154,0.02812660513360687,0.010698291005207469,0.016619954085974067,-0.0066549171372053744,0.00011968860050508855,1.8594447570501004e-08,,,,,,,,,,,,
0.92,grasp,,,,,,,,,,,,,,,,,,,,,0.03500838950276375,0.013683728873729706,0.018506702035665512,-0.008301344700157642,0.00016091806173790246,-2.154479830096534e-07,0.042881667613983154,0.04679485118691894,0.01734877405028699,0.027512064043915867,-0.01105829296939398,0.00019911497500302639,3.132634857169719e-08,,,,,,,,,,,,
0.9400000000000001,grasp,,,,,,,,,,,,,,,,,,,,,0.04073397442698479,0.01570163667201996,0.02190917730331421,-0.00964717660099268,0.00014585464668925852,6.859521022306581e-07,0.042881667613983154,0.04679485118691894,0.01734877405028699,0.027512064043915867,-0.01105829296939398,0.00019911497500302639,3.132634857169719e-08,,,,,,,,,,,,
0.9600000000000001,grasp,,,,,,,,,,,,,,,,,,,,,0.0556446798145771,0.020974112674593925,0.030512962490320206,-0.013168305158615112,0.0002488426980562508,-1.8620247033140913e-07,0.042881667613983154,0.07152173034270211,0.02602264720769006,0.04186074400611581,-0.016889988763149594,0.0003043034984681541,4.818820952607328e-08,,,,,,,,,,,,
0.98,grasp,,,,,,,,,,,,,,,,,,,,,0.06335906684398651,0.023656105622649193,0.03507624939084053,-0.014981672167778015,0.00023052511096466333,9.897754580379114e-07,0.042881667613983154,0.07152173034270211,0.02602264720769006,0.04186074400611581,-0.016889988763149594,0.0003043034984681541,4.818820952607328e-08,,,,,,,,,,,,
1.0,grasp,,,,,,,,,,,,,,,,,,,,,0.08240168541669846,0.0303153358399868,0.04602576047182083,-0.01947808638215065,0.0003618947812356055,-1.2531361903711513e-07,0.042881667613983154,0.10267358377123292,0.03683542535350286,0.059874482741052025,-0.02423627146462947,0.00043681177721841165,6.942989027199463e-08,,,,,,,,,,,,
1.02,grasp,,,,,,,,,,,,,,,,,,,,,0.092252716422081,0.0337035171687603,0.05182897299528122,-0.021793747320771217,0.00034056109143421054,1.337422190772486e-06,0.042881667613983154,0.10267358377123292,0.03683542535350286,0.059874482741052025,-0.02423627146462947,0.00043681177721841165,6.942989027199463e-08,,,,,,,,,,,,
1.04,grasp,,,,,,,,,,,,,,,,,,,,,0.11560245603322983,0.04180680960416794,0.0652242973446846,-0.02730678953230381,0.0005015598144382238,-3.45730448714221e-08,0.042881667613983154,0.1404554292043365,0.04986013907164506,0.08167728951010032,-0.03314543117058024,0.0005975121832751725,9.519144043838839e-08,,,,,,,,,,,,
1.06,grasp,,,,,,,,,,,,,,,,,,,,,0.12768061459064484,0.04593067988753319,0.07231920212507248,-0.03014603815972805,0.0004775064589921385,1.7201748505613068e-06,0.042881667613983154,0.1404554292043365,0.04986013907164506,0.08167728951010032,-0.03314543117058024,0.0005975121832751725,9.519144043838839e-08,,,,,,,,,,,,
1.08,grasp,,,,,,,,,,,,,,,,,,,,,0.15541738271713257,0.05549796298146248,0.0882037878036499,-0.0366944894194603,0.0006687012501060963,8.34108391245536e-08,0.042881667613983154,0.18493607441372528,0.06510656655853629,0.10730366068656685,-0.043633633895023546,0.0007866886960285065,1.2551855976315436e-07,,,,,,,,,,,,
1.1,grasp,,,,,,,,,,,,,,,,,,,,,0.1697637140750885,0.060367949306964874,0.0966121256351471,-0.04006703570485115,0.0006422441219910979,2.1297951207088772e-06,0.042881667613983154,0.18493607441372528,0.06510656655853629,0.10730366068656685,-0.043633633895023546,0.0007866886960285065,1.2551855976315436e-07,,,,,,,,,,,,
1.12,grasp,,,,,,,,,,,,,,,,,,,,,0.2018742710351944,0.07139485329389572,0.11497852951288223,-0.0476478636264801,0.0008635331178084016,2.2529317789121706e-07,0.042881667613983154,0.23604446152053765,0.08255515394134391,0.13671340944704913,-0.05568425152379433,0.001004029449479388,1.6036123280479862e-07,,,,,,,,,,,,
1.1400000000000001,grasp,,,,,,,,,,,,,,,,,,,,,0.2184818834066391,0.07700923085212708,0.12469476461410522,-0.05155211314558983,0.0008350295247510076,2.5567687771399505e-06,0.042881667613983154,0.23604446152053765,0.08255515394134391,0.13671340944704913,-0.05568425152379433,0.001004029449479388,1.6036123280479862e-07,,,,,,,,,,,,
1.1600000000000001,grasp,,,,,,,,,,,,,,,,,,,,,0.2548721134662628,0.08945775777101517,0.14548662304878235,-0.060143060982227325,0.0010857442393898964,3.8689583448103804e-07,0.042881667613983154,0.2935933723588024,0.1021301451669332,0.16979292053524042,-0.06925306705644588,0.0012487349464207966,1.995916379928055e-07,,,,,,,,,,,,
1.1800000000000002,grasp,,,,,,,,,,,,,,,,,,,,,0.27369195222854614,0.09579741209745407,0.15647952258586884,-0.06456754356622696,0.001055545057170093,2.993195948874927e-06,0.042881667613983154,0.2935933723588024,0.1021301451669332,0.16979292053524042,-0.06925306705644588,0.0012487349464207966,1.995916379928055e-07,,,,,,,,,,,,
1.2000000000000002,grasp,,,,,,,,,,,,,,,,,,,,,0.3141879439353943,0.10961031168699265,0.1795998215675354,-0.07412751764059067,0.001334475469775498,5.662164426212257e-07,0.042881667613983154,0.35727505247481206,0.12373481746132048,0.20637076349948286,-0.08426745415413393,0.0015195075848637343,2.4300209078989147e-07,,,,,,,,,,,,
1.2200000000000002,grasp,,,,,,,,,,,,,,,,,,,,,0.33513009548187256,0.11664657294750214,0.19181647896766663,-0.07905109226703644,0.0013029638212174177,3.4301112918910803e-06,0.042881667613983154,0.35727505247481206,0.12373481746132048,0.20637076349948286,-0.08426745415413393,0.0015195075848637343,2.4300209078989147e-07,,,,,,,,,,,,
1.2400000000000002,grasp,,,,,,,,,,,,,,,,,,,,,0.3794904351234436,0.13173972070217133,0.21712759137153625,-0.08952299505472183,0.0016084376256912947,7.576104508189019e-07,0.042881667613983154,0.426686669965099,0.1472274803659626,0.24621382467502484,-0.10063222238530645,0.0018146307508373183,2.903170357447612e-07,,,,,,,,,,,,
1.26,grasp,,,,,,,,,,,,,,,,,,,,,0.40243035554885864,0.1394301801919937,0.23049364984035492,-0.09491627663373947,0.0015759655507281423,3.859429853037e-06,0.042881667613983154,0.426686669965099,0.1472274803659626,0.24621382467502484,-0.10063222238530645,0.0018146307508373183,2.903170357447612e-07,,,,,,,,,,,,
1.28,grasp,,,,,,,,,,,,,,,,,,,,,0.45035067200660706,0.15570124983787537,0.25782325863838196,-0.10622821003198624,0.0019058817997574806,9.576766615282395e-07,0.042881667613983154,0.5013320918071863,0.17244415573614966,0.28903912471874693,-0.11823029439952443,0.002131986290558336,3.4119596577867716e-07,,,,,,,,,,,,
1.3,grasp,,,,,,,,,,,,,,,,,,,,,0.4751308560371399,0.16399408876895905,0.2722463607788086,-0.11205415427684784,0.0018727941205725074,4.273135346011259e-06,0.042881667613983154,0.5013320918071863,0.17244415573614966,0.28903912471874693,-0.11823029439952443,0.002131986290558336,3.4119596577867716e-07,,,,,,,,,,,,
1.32,grasp,,,,,,,,,,,,,,,,,,,,,0.5262518525123596,0.18132270872592926,0.30139073729515076,-0.12412134557962418,0.0022247103042900562,1.1612228263402358e-06,0.042881667613983154,0.5806366979940034,0.19919295591993405,0.33451852520389613,-0.13692621369557403,0.002469134841282342,3.9524856441701875e-07,,,,,,,,,,,,
1.34,grasp,,,,,,,,,,,,,,,,,,,,,0.5526867508888245,0.1901569664478302,0.316762238740921,-0.13033626973628998,0.0021913163363933563,4.663983872887911e-06,0.042881667613983154,0.5806366979940034,0.19919295591993405,0.33451852520389613,-0.13692621369557403,0.002469134841282342,3.9524856441701875e-07,,,,,,,,,,,,
1.36,grasp,,,,,,,,,,,,,,,,,,,,,0.6066022515296936,0.20840664207935333,0.3474907875061035,-0.14306294918060303,0.002562478883191943,1.3623741779156262e-06,0.042881667613983154,0.6639580745079748,0.22725878490537332,0.3822848886492094,-0.1565686968480402,0.002823355614575529,4.5203909569041424e-07,,,,,,,,,,,,
1.3800000000000001,grasp,,,,,,,,,,,,,,,,,,,,,0.63448166847229,0.21771284937858582,0.363688200712204,-0.14961758255958557,0.0025290604680776596,5.023503490519943e-06,0.042881667613983154,0.6639580745079748,0.22725878490537332,0.3822848886492094,-0.1565686968480402,0.002823355614575529,4.5203909569041424e-07,,,,,,,,,,,,
1.4,grasp,,,,,,,,,,,,,,,,,,,,,0.6907451152801514,0.2367333024740219,0.3957471549510956,-0.162898451089859,0.002916468773037195,1.5597822766721947e-06,0.042881667613983154,0.7505969220979334,0.2564079258284122,0.43193792121767627,-0.17699323334313785,0.003191689135025733,5.110919950969376e-07,,,,,,,,,,,,
1.42,grasp,,,,,,,,,,,,,,,,,,,,,0.7198387980461121,0.24643519520759583,0.4126359224319458,-0.1697385311126709,0.002883263397961855,5.347013029677328e-06,0.042881667613983154,0.7505969220979334,0.2564079258284122,0.43193792121767627,-0.17699323334313785,0.003191689135025733,5.110919950969376e-07,,,,,,,,,,,,
1.44,grasp,,,,,,,,,,,,,,,,,,,,,0.777969479560852,0.2660667598247528,0.44575226306915283,-0.1834607720375061,0.003283737227320671,1.7491707922090427e-06,0.042881667613983154,0.839807196219185,0.28639351808836616,0.48305087826661747,-0.19802459220361016,0.0035709914409251414,5.719022826059476e-07,,,,,,,,,,,,
1.46,grasp,,,,,,,,,,,,,,,,,,,,,0.8080296516418457,0.27608293294906616,0.46318838000297546,-0.19052821397781372,0.003250959562137723,5.629631232295651e-06,0.042881667613983154,0.839807196219185,0.28639351808836616,0.48305087826661747,-0.19802459220361016,0.0035709914409251414,5.719022826059476e-07,,,,,,,,,,,,
1.48,grasp,,,,,,,,,,,,,,,,,,,,,0.8675230741500854,0.2961573004722595,0.4970746636390686,-0.204572856426239,0.003661141963675618,1.9252070160291623e-06,0.042881667613983154,0.930808162761638,0.31695665299084186,0.5351765387075721,-0.21947923293269228,0.003957960824971587,6.339405724883769e-07,,,,,,,,,,,,
1.5,grasp,,,,,,,,,,,,,,,,,,,,,0.8982880711555481,0.3064019978046417,0.5149065256118774,-0.21180635690689087,0.0036289733834564686,5.865809725946747e-06,0.042881667613983154,0.930808162761638,0.31695665299084186,0.5351765387075721,-0.21947923293269228,0.003957960824971587,6.339405724883769e-07,,,,,,,,,,,,
1.52,grasp,,,,,,,,,,,,,,,,,,,,,0.9586193561553955,0.3267439901828766,0.5492644309997559,-0.22604940831661224,0.00404533464461565,2.088747578454786e-06,0.042881667613983154,1.0227952886072738,0.3478284846492797,0.587855062937132,-0.2411666205184045,0.004349115530782909,6.966486376275543e-07,,,,,,,,,,,,
1.54,grasp,,,,,,,,,,,,,,,,,,,,,0.9898187518119812,0.3371274173259735,0.567335307598114,-0.23338516056537628,0.0040139323100447655,6.054322966519976e-06,0.042881667613983154,1.0227952886072738,0.3478284846492797,0.587855062937132,-0.2411666205184045,0.004349115530782909,6.966486376275543e-07,,,,,,,,,,,,
1.56,grasp,,,,,,,,,,,,,,,,,,,,,1.0504528284072876,0.35755792260169983,0.601860523223877,-0.24770016968250275,0.00443290313705802,2.2355093278747518e-06,0.042881667613983154,1.1149505849474475,0.37873672163641586,0.6406189018933133,-0.2628937874137305,0.004740981707162755,7.594679714346686e-07,,,,,,,,,,,,
1.58,grasp,,,,,,,,,,,,,,,,,,,,,1.0818108320236206,0.3679888844490051,0.6200113296508789,-0.25507307052612305,0.0044024051167070866,6.190883595991181e-06,0.042881667613983154,1.1149505849474475,0.37873672163641586,0.6406189018933133,-0.2628937874137305,0.004740981707162755,7.594679714346686e-07,,,,,,,,,,,,
1.6,grasp,,,,,,,,,,,,,,,,,,,,,1.142208218574524,0.38832804560661316,0.6543969511985779,-0.2693331837654114,0.004820465575903654,2.362615077800001e-06,0.042881667613983154,1.2064533080869555,0.4094095372726649,0.6929992151717896,-0.28446839740908636,0.005130162514394599,8.21852296993304e-07,,,,,,,,,,,,
1.62,grasp,,,,,,,,,,,,,,,,,,,,,1.1734455823898315,0.3987146019935608,0.6724665760993958,-0.27667778730392456,0.004791023209691048,6.273631242947886e-06,0.042881667613983154,1.2064533080869555,0.4094095372726649,0.6929992151717896,-0.28446839740908636,0.005130162514394599,8.21852296993304e-07,,,,,,,,,,,,
1.6400000000000001,grasp,,,,,,,,,,,,,,,,,,,,,1.2330689430236816,0.4187832474708557,0.7064093947410583,-0.2907560467720032,0.005204538349062204,2.4674125143064884e-06,0.042881667613983154,1.2964911552314522,0.43957573246499543,0.7445352128122602,-0.3056979441449616,0.005513120542976392,8.832381829462087e-07,,,,,,,,,,,,
1.6600000000000001,grasp,,,,,,,,,,,,,,,,,,,,,1.2639080286026,0.42903369665145874,0.7242390513420105,-0.29800698161125183,0.005176241975277662,6.305072929535527e-06,0.042881667613983154,1.2964911552314522,0.43957573246499543,0.7445352128122602,-0.3056979441449616,0.005513120542976392,8.832381829462087e-07,,,,,,,,,,,,
1.6800000000000002,grasp,,,,,,,,,,,,,,,,,,,,,1.3222320079803467,0.4486556053161621,0.7574410438537598,-0.3117786943912506,0.005581635516136885,2.557897687438526e-06,0.042881667613983154,1.3842720233470869,0.46897143115073425,0.7947763129819766,-0.3263947049996708,0.0058864379417323635,9.430796527349112e-07,,,,,,,,,,,,
1.7000000000000002,grasp,,,,,,,,,,,,,,,,,,,,,1.3524017333984375,0.4586799740791321,0.7748753428459167,-0.31887176632881165,0.005554686766117811,6.2812305259285495e-06,0.042881667613983154,1.3842720233470869,0.46897143115073425,0.7947763129819766,-0.3263947049996708,0.0058864379417323635,9.430796527349112e-07,,,,,,,,,,,,
1.7200000000000002,grasp,,,,,,,,,,,,,,,,,,,,,1.408917784690857,0.47768592834472656,0.8070478439331055,-0.332217276096344,0.005948524456471205,2.6267878183716675e-06,0.042881667613983154,1.4690351294919206,0.49734459108024776,0.843286874198052,-0.3463802623452542,0.0062469738082533005,1.0008712328586581e-06,,,,,,,,,,,,
1.7400000000000002,grasp,,,,,,,,,,,,,,,,,,,,,1.438155174255371,0.4873974323272705,0.8239349722862244,-0.3390909433364868,0.005923127755522728,6.203147677297238e-06,0.042881667613983154,1.4690351294919206,0.49734459108024776,0.843286874198052,-0.3463802623452542,0.0062469738082533005,1.0008712328586581e-06,,,,,,,,,,,,
1.7600000000000002,grasp,,,,,,,,,,,,,,,,,,,,,1.4923796653747559,0.505626380443573,0.8548044562339783,-0.35189664363861084,0.006302032619714737,2.6761358640214894e-06,0.042881667613983154,1.5500598485741186,0.5244565591471396,0.8896582078589389,-0.3654862386485169,0.006591653005447163,1.0561250661415318e-06,,,,,,,,,,,,
1.7800000000000002,grasp,,,,,,,,,,,,,,,,,,,,,1.5204339027404785,0.5149428248405457,0.8710018992424011,-0.358492374420166,0.006278402172029018,6.074376415199367e-06,0.042881667613983154,1.5500598485741186,0.5244565591471396,0.8896582078589389,-0.3654862386485169,0.006591653005447163,1.0561250661415318e-06,,,,,,,,,,,,
1.8000000000000003,grasp,,,,,,,,,,,,,,,,,,,,,1.5719246864318848,0.5322401523590088,0.90031498670578,-0.37065982818603516,0.006639368832111359,2.7065839276474435e-06,0.042881667613983154,1.626696830696476,0.5500766545024016,0.9335156232515694,-0.38357075846942185,0.006917822667809369,1.108303583543838e-06,,,,,,,,,,,,
1.8200000000000003,grasp,,,,,,,,,,,,,,,,,,,,,1.5985673666000366,0.541081964969635,0.9156907200813293,-0.37692683935165405,0.006617716513574123,5.898837116546929e-06,0.042881667613983154,1.626696830696476,0.5500766545024016,0.9335156232515694,-0.38357075846942185,0.006917822667809369,1.108303583543838e-06,,,,,,,,,,,,
1.8399999999999999,grasp,,,,,,,,,,,,,,,,,,,,,1.6443718671798706,0.5587799549102783,0.9421293139457703,-0.3857755959033966,0.0069110156036913395,2.8966426270926604e-06,0.042881667613983154,1.693090778060501,0.5770539364951276,0.9722524564396012,-0.3951598866522751,0.007142904894715169,1.1783276088498144e-06,,,,,,,,,,,,
1.8599999999999999,grasp,,,,,,,,,,,,,,,,,,,,,1.668071985244751,0.5678486227989197,0.9559786915779114,-0.3903331160545349,0.006883550900965929,5.554810741159599e-06,0.042881667613983154,1.693090778060501,0.5770539364951276,0.9722524564396012,-0.3951598866522751,0.007142904894715169,1.1783276088498144e-06,,,,,,,,,,,,
1.88,grasp,,,,,,,,,,,,,,,,,,,,,1.6789910793304443,0.6025433540344238,0.9668703675270081,-0.3664091229438782,0.006575497332960367,5.221053015702637e-06,0.042881667613983154,1.6905172921209932,0.6390738587906944,0.9801762251872543,-0.3409657684570305,0.006394390339300758,1.494228091072676e-06,,,,,,,,,,,,
1.9,grasp,,,,,,,,,,,,,,,,,,,,,1.6845946311950684,0.6205646991729736,0.9723848104476929,-0.3540840446949005,0.006454021204262972,4.162288405495929e-06,0.042881667613983154,1.6905172921209932,0.6390738587906944,0.9801762251872543,-0.3409657684570305,0.006394390339300758,1.494228091072676e-06,,,,,,,,,,,,
1.92,grasp,,,,,,,,,,,,,,,,,,,,,1.6871567964553833,0.6566543579101562,0.9790221452713013,-0.32467466592788696,0.00609491765499115,3.375227834112593e-06,0.042881667613983154,1.6898713712378444,0.694532629902934,0.9880061719500035,-0.29340119818744465,0.005748006374556996,1.7709914337014555e-06,,,,,,,,,,,,
1.94,grasp,,,,,,,,,,,,,,,,,,,,,1.6884722709655762,0.6753557324409485,0.9823668599128723,-0.30952367186546326,0.005917055997997522,2.80920585282729e-06,0.042881667613983154,1.6898713712378444,0.694532629902934,0.9880061719500035,-0.29340119818744465,0.005748006374556996,1.7709914337014555e-06,,,,,,,,,,,,
1.96,grasp,,,,,,,,,,,,,,,,,,,,,1.6888686418533325,0.7089684009552002,0.9875169396400452,-0.28108498454093933,0.005550786852836609,2.531243126213667e-06,0.042881667613983154,1.6892952105300623,0.7441621721125241,0.9949968428108596,-0.2508427099767921,0.005170890674048567,2.018095685734312e-06,,,,,,,,,,,,
1.98,grasp,,,,,,,,,,,,,,,,,,,,,1.6890746355056763,0.7263750433921814,0.9900901913642883,-0.26643410325050354,0.005363897420465946,2.3452766981790774e-06,0.042881667613983154,1.6892952105300623,0.7441621721125241,0.9949968428108596,-0.2508427099767921,0.005170890674048567,2.018095685734312e-06,,,,,,,,,,,,
2.0,grasp,,,,,,,,,,,,,,,,,,,,,1.6889399290084839,0.7563930153846741,0.9944496750831604,-0.2407691776752472,0.005023667123168707,2.3221764422487468e-06,0.042881667613983154,1.688789335593612,0.7877378688975049,1.0011333210668056,-0.21347448274690828,0.0046642798427912234,2.2350115808613612e-06,,,,,,,,,,,,
2.02,grasp,,,,,,,,,,,,,,,,,,,,,1.6888699531555176,0.7719340324401855,0.9966115951538086,-0.2275475114583969,0.004848782904446125,2.298035724379588e-06,0.042881667613983154,1.688789335593612,0.7877378688975049,1.0011333210668056,-0.21347448274690828,0.0046642798427912234,2.2350115808613612e-06,,,,,,,,,,,,
2.04,grasp,,,,,,,,,,,,,,,,,,,,,1.6886255741119385,0.7980113625526428,1.0003516674041748,-0.20517998933792114,0.004548120778053999,2.3682525807089405e-06,0.042881667613983154,1.6883542141789847,0.8251478189614162,1.0064067763042217,-0.18138914808281337,0.0042289335082970865,2.4214146534076388e-06,,,,,,,,,,,,
2.06,grasp,,,,,,,,,,,,,,,,,,,,,1.6884981393814087,0.8115097284317017,1.0021955966949463,-0.19365711510181427,0.00439330842345953,2.398881861154223e-06,0.042881667613983154,1.6883542141789847,0.8251478189614162,1.0064067763042217,-0.18138914808281337,0.0042289335082970865,2.4214146534076388e-06,,,,,,,,,,,,
2.08,grasp,,,,,,,,,,,,,,,,,,,,,1.6882576942443848,0.8335602879524231,1.0053577423095703,-0.1747218370437622,0.004136994015425444,2.4902738005039282e-06,0.042881667613983154,1.6879898627346166,0.8564015269842384,1.0108210429599358,-0.15457829539383103,0.0038645312349463454,2.577442260692409e-06,,,,,,,,,,,,
2.1,grasp,,,,,,,,,,,,,,,,,,,,,1.6881318092346191,0.844972550868988,1.0069100856781006,-0.1649671494960785,0.004005037248134613,2.5323536192445317e-06,0.042881667613983154,1.6879898627346166,0.8564015269842384,1.0108210429599358,-0.15457829539383103,0.0038645312349463454,2.577442260692409e-06,,,,,,,,,,,,
2.12,grasp,,,,,,,,,,,,,,,,,,,,,1.687925100326538,0.863041877746582,1.0095117092132568,-0.14944271743297577,0.0037939012981951237,2.6184241050941637e-06,0.042881667613983154,1.68769456485574,0.881639500204083,1.0143963223368693,-0.13292356251760706,0.0035693797447149326,2.7038187227446743e-06,,,,,,,,,,,,
2.14,grasp,,,,,,,,,,,,,,,,,,,,,1.6878173351287842,0.8723925352096558,1.0107848644256592,-0.14144696295261383,0.0036871975753456354,5.341371888789581e-06,0.042881667613983154,1.68769456485574,0.881639500204083,1.0143963223368693,-0.13292356251760706,0.0035693797447149326,2.7038187227446743e-06,,,,,,,,,,,,
2.16,grasp,,,,,,,,,,,,,,,,,,,,,1.6879913806915283,0.8864840269088745,1.0138410329818726,-0.1292126476764679,0.002708005253225565,0.00011182009620824829,0.042881667613983154,1.6874655101670069,0.9011416826818832,1.0171719643404113,-0.11618619399794916,0.0033402694949496814,2.8019178627699026e-06,,,,,,,,,,,,
2.18,grasp,,,,,,,,,,,,,,,,,,,,,1.6880983114242554,0.8935704827308655,1.016000509262085,-0.1225726529955864,0.0030278966296464205,-0.0038329679518938065,0.042881667613983154,1.6874655101670069,0.9011416826818832,1.0171719643404113,-0.11618619399794916,0.0033402694949496814,2.8019178627699026e-06,,,,,,,,,,,,
2.2,grasp,,,,,,,,,,,,,,,,,,,,,1.6880360841751099,0.9037862420082092,1.0190573930740356,-0.11283759027719498,0.0045217182487249374,-0.011578571051359177,0.042881667613983154,1.6872975359581204,0.9153384043708568,1.019205116791781,-0.1039988702451595,0.0031724530027690528,2.873772248469362e-06,,,,,,,,,,,,
2.22,grasp,,,,,,,,,,,,,,,,,,,,,1.688153624534607,0.9090357422828674,1.0205402374267578,-0.10783708095550537,0.00513935461640358,-0.016466524451971054,0.042881667613983154,1.6872975359581204,0.9153384043708568,1.019205116791781,-0.1039988702451595,0.0031724530027690528,2.873772248469362e-06,,,,,,,,,,,,
2.24,grasp,,,,,,,,,,,,,,,,,,,,,1.688371181488037,0.9164291024208069,1.0219745635986328,-0.10046327114105225,0.0038477943744510412,-0.017765957862138748,0.042881667613983154,1.6871842098207648,0.9248176727847198,1.0205783625641136,-0.09585474933630998,0.0030590972871093304,2.922307873943698e-06,,,,,,,,,,,,
2.2600000000000002,grasp,,,,,,,,,,,,,,,,,,,,,1.6884783506393433,0.9202162623405457,1.0228333473205566,-0.09653659164905548,0.0031515266746282578,-0.01767565868794918,0.042881667613983154,1.6871842098207648,0.9248176727847198,1.0205783625641136,-0.09585474933630998,0.0030590972871093304,2.922307873943698e-06,,,,,,,,,,,,
2.2800000000000002,grasp,,,,,,,,,,,,,,,,,,,,,1.6888400316238403,0.9247945547103882,1.024065375328064,-0.09240365773439407,0.001660467591136694,-0.016238844022154808,0.042881667613983154,1.6871167086876027,0.9303376562796228,1.0213969243483845,-0.09110085050994442,0.0029915203773326323,2.9512422521974546e-06,,,,,,,,,,,,
2.3000000000000003,grasp,,,,,,,,,,,,,,,,,,,,,1.6888571977615356,0.9271641969680786,1.0245563983917236,-0.09011015295982361,0.0013677312526851892,-0.01627768576145172,0.042881667613983154,1.6871167086876027,0.9303376562796228,1.0213969243483845,-0.09110085050994442,0.0029915203773326323,2.9512422521974546e-06,,,,,,,,,,,,
2.3200000000000003,grasp,,,,,,,,,,,,,,,,,,,,,1.6888916492462158,0.9295831322669983,1.0250741243362427,-0.0878622978925705,0.001093738479539752,-0.016467677429318428,0.042881667613983154,1.68708554747662,0.9328459776551212,1.0217743767667726,-0.08893722259205243,0.002960361390064463,2.964583643518178e-06,,,,,,,,,,,,
2.3400000000000003,grasp,,,,,,,,,,,,,,,,,,,,,1.6889336109161377,0.9308326840400696,1.0253549814224243,-0.08672521263360977,0.0008316269377246499,-0.01655501313507557,0.042881667613983154,1.68708554747662,0.9328459776551212,1.0217743767667726,-0.08893722259205243,0.002960361390064463,2.964583643518178e-06,,,,,,,,,,,,
2.36,grasp,,,,,,,,,,,,,,,,,,,,,1.6889911890029907,0.9317694902420044,1.0256078243255615,-0.08589494973421097,0.0005818470963276923,-0.01654156483709812,0.042881667613983154,1.6870776760552846,0.9334737505864781,1.0218690741020775,-0.08839558800499807,0.002952541674228131,2.9679317747509915e-06,,,,,,,,,,,,
2.3755545816745216,grasp,,,,,,,,,,,,,,,,,,,,,1.688938856124878,0.9322586059570312,1.0256911516189575,-0.0854354053735733,0.000795069383457303,-0.016743935644626617,0.042881667613983154,1.687077522277832,0.9334855675697327,1.0218708515167236,-0.08838539570569992,0.0029523945413529873,2.967994760183501e-06,,,,,,,,,,,,
2.3755545816745216,grasp,,,,,,,,,,,,,,,,,,,,,,,,,,,0.04327557235956192,,,,,,,0.0,,,,,,,,,,,
2.3955545816745216,grasp,,,,,,,,,,,,,,,,,,,,,,,,,,,0.043274788185954094,,,,,,,0.0,,,,,,,,,,,
2.4155545816745216,grasp,,,,,,,,,,,,,,,,,,,,,,,,,,,0.04327414557337761,,,,,,,0.0,,,,,,,,,,,
2.4355545816745217,grasp,,,,,,,,,,,,,,,,,,,,,,,,,,,0.043273214250802994,,,,,,,0.0,,,,,,,,,,,
2.4555545816745217,grasp,,,,,,,,,,,,,,,,,,,,,,,,,,,0.0432714968919754,,,,,,,0.0,,,,,,,,,,,
2.4755545816745217,grasp,,,,,,,,,,,,,,,,,,,,,,,,,,,0.0432685986161232,,,,,,,0.0,,,,,,,,,,,
2.4955545816745217,grasp,,,,,,,,,,,,,,,,,,,,,,,,,,,0.043264513835310936,,,,,,,0.0,,,,,,,,,,,
2.5155545816745217,grasp,,,,,,,,,,,,,,,,,,,,,,,,,,,0.04325926676392555,,,,,,,0.0,,,,,,,,,,,
2.5355545816745217,grasp,,,,,,,,,,,,,,,,,,,,,,,,,,,0.043248848989605904,,,,,,,0.0,,,,,,,,,,,
2.5555545816745218,grasp,,,,,,,,,,,,,,,,,,,,,,,,,,,0.04323328472673893,,,,,,,0.0,,,,,,,,,,,
2.575554581674522,grasp,,,,,,,,,,,,,,,,,,,,,,,,,,,0.04316036216914654,,,,,,,0.0,,,,,,,,,,,
2.595554581674522,grasp,,,,,,,,,,,,,,,,,,,,,,,,,,,0.04257258400321007,,,,,,,0.0,,,,,,,,,,,
2.6155545816745214,grasp,,,,,,,,,,,,,,,,,,,,,,,,,,,0.0415511429309845,,,,,,,0.0,,,,,,,,,,,
2.635554581674522,grasp,,,,,,,,,,,,,,,,,,,,,,,,,,,0.040222158655524254,,,,,,,0.0,,,,,,,,,,,
2.6555545816745214,grasp,,,,,,,,,,,,,,,,,,,,,,,,,,,0.03866869769990444,,,,,,,0.0,,,,,,,,,,,
2.6755545816745214,grasp,,,,,,,,,,,,,,,,,,,,,,,,,,,0.0368982907384634,,,,,,,0.0,,,,,,,,,,,
2.6955545816745214,grasp,,,,,,,,,,,,,,,,,,,,,,,,,,,0.034659660421311855,,,,,,,0.0,,,,,,,,,,,
2.7155545816745215,grasp,,,,,,,,,,,,,,,,,,,,,,,,,,,0.03215345274657011,,,,,,,0.0,,,,,,,,,,,
2.7355545816745215,grasp,,,,,,,,,,,,,,,,,,,,,,,,,,,0.02970064990222454,,,,,,,0.0,,,,,,,,,,,
2.7555545816745215,grasp,,,,,,,,,,,,,,,,,,,,,,,,,,,0.026940970681607723,,,,,,,0.0,,,,,,,,,,,
2.7755545816745215,grasp,,,,,,,,,,,,,,,,,,,,,,,,,,,0.023539068177342415,,,,,,,0.0,,,,,,,,,,,
2.7955545816745215,grasp,,,,,,,,,,,,,,,,,,,,,,,,,,,0.023389062844216824,,,,,,,0.0,,,,,,,,,,,
2.8155545816745216,grasp,,,,,,,,,,,,,,,,,,,,,,,,,,,0.023351866751909256,,,,,,,0.0,,,,,,,,,,,
2.8355545816745216,grasp,,,,,,,,,,,,,,,,,,,,,,,,,,,0.023329860530793667,,,,,,,0.0,,,,,,,,,,,
2.8555545816745216,grasp,,,,,,,,,,,,,,,,,,,,,,,,,,,0.02331538498401642,,,,,,,0.0,,,,,,,,,,,
2.8755545816745216,grasp,,,,,,,,,,,,,,,,,,,,,,,,,,,0.0233011357486248,,,,,,,0.0,,,,,,,,,,,
2.8955545816745216,grasp,,,,,,,,,,,,,,,,,,,,,,,,,,,0.02327789831906557,,,,,,,0.0,,,,,,,,,,,
2.9155545816745216,grasp,,,,,,,,,,,,,,,,,,,,,,,,,,,0.02326289191842079,,,,,,,0.0,,,,,,,,,,,
2.9355545816745217,grasp,,,,,,,,,,,,,,,,,,,,,,,,,,,0.023250105790793896,,,,,,,0.0,,,,,,,,,,,
2.9555545816745217,grasp,,,,,,,,,,,,,,,,,,,,,,,,,,,0.023240745067596436,,,,,,,0.0,,,,,,,,,,,
2.9755545816745217,grasp,,,,,,,,,,,,,,,,,,,,,,,,,,,0.02323408331722021,,,,,,,0.0,,,,,,,,,,,
2.9955545816745217,grasp,,,,,,,,,,,,,,,,,,,,,,,,,,,0.023229715414345264,,,,,,,0.0,,,,,,,,,,,
3.0155545816745217,grasp,,,,,,,,,,,,,,,,,,,,,,,,,,,0.023227372206747532,,,,,,,0.0,,,,,,,,,,,
3.0355545816745217,grasp,,,,,,,,,,,,,,,,,,,,,,,,,,,0.023226425051689148,,,,,,,0.0,,,,,,,,,,,
3.0555545816745218,grasp,,,,,,,,,,,,,,,,,,,,,,,,,,,0.02322624158114195,,,,,,,0.0,,,,,,,,,,,
3.0555545816745218,grasp,,,,,,,,,,,,,,,,,,,,,1.6908414363861084,0.933013379573822,1.0272520780563354,-0.0639195367693901,-0.007825896143913269,0.00580756738781929,0.02322624158114195,1.687077522277832,0.9334855675697327,1.0218708515167236,-0.08838539570569992,0.0029523945413529873,2.967994760183501e-06,,,,,,,,,,,,
3.075554581674522,grasp,,,,,,,,,,,,,,,,,,,,,1.690756916999817,0.9330178499221802,1.027091383934021,-0.0635710135102272,-0.007552106399089098,0.005568461958318949,0.02322624158114195,1.687077522277832,0.9334855675697327,1.0218708515167236,-0.08838539570569992,0.0029523945413529873,2.967994760183501e-06,,,,,,,,,,,,
3.095554581674522,grasp,,,,,,,,,,,,,,,,,,,,,1.6907140016555786,0.932959794998169,1.0269980430603027,-0.06346576660871506,-0.007405161391943693,0.005444847978651524,0.02322624158114195,1.6870791309283786,0.9333603141825746,1.0218519942241002,-0.08849343961323466,0.002953954169298479,2.9673270621423317e-06,,,,,,,,,,,,
3.115554581674522,grasp,,,,,,,,,,,,,,,,,,,,,1.6906907558441162,0.9329306483268738,1.0269500017166138,-0.06341027468442917,-0.007328188978135586,0.00538095086812973,0.02322624158114195,1.6870791309283786,0.9333603141825746,1.0218519942241002,-0.08849343961323466,0.002953954169298479,2.9673270621423317e-06,,,,,,,,,,,,
3.135554581674522,grasp,,,,,,,,,,,,,,,,,,,,,1.6906652450561523,0.9325194954872131,1.0268604755401611,-0.06386929750442505,-0.007258869241923094,0.005347959231585264,0.02322624158114195,1.6870897043050233,0.9325116043704801,1.0217239470901383,-0.08922571151892962,0.0029645236695649483,2.9628014380036488e-06,,,,,,,,,,,,
3.155554581674522,grasp,,,,,,,,,,,,,,,,,,,,,1.6906474828720093,0.9323146939277649,1.0268155336380005,-0.06407064944505692,-0.007228972855955362,0.005331994034349918,0.02322624158114195,1.6870897043050233,0.9325116043704801,1.0217239470901383,-0.08922571151892962,0.0029645236695649483,2.9628014380036488e-06,,,,,,,,,,,,
3.175554581674522,grasp,,,,,,,,,,,,,,,,,,,,,1.6906352043151855,0.9311537146568298,1.0266289710998535,-0.06544655561447144,-0.0071781291626393795,0.005325453821569681,0.02322624158114195,1.68711724198663,0.930292657076661,1.0213904360021122,-0.09113948912995429,0.0029920560456837063,2.9510128949168443e-06,,,,,,,,,,,,
3.195554581674522,grasp,,,,,,,,,,,,,,,,,,,,,1.6906461715698242,0.9305530190467834,1.026543378829956,-0.06615226715803146,-0.007194390054792166,0.0053238351829349995,0.02322624158114195,1.68711724198663,0.930292657076661,1.0213904360021122,-0.09113948912995429,0.0029920560456837063,2.9510128949168443e-06,,,,,,,,,,,,
3.215554581674522,grasp,,,,,,,,,,,,,,,,,,,,,1.6907031536102295,0.9282522201538086,1.026180624961853,-0.06883890181779861,-0.007257778197526932,0.005329390987753868,0.02322624158114195,1.6871681648125838,0.9261352447281911,1.020772998507337,-0.09472050183778881,0.0030430291211171957,2.92918777991526e-06,,,,,,,,,,,,
3.235554581674522,grasp,,,,,,,,,,,,,,,,,,,,,1.6906542778015137,0.9270653128623962,1.0260189771652222,-0.07046827673912048,-0.0070235589519143105,0.0053209527395665646,0.02322624158114195,1.6871681648125838,0.9261352447281911,1.020772998507337,-0.09472050183778881,0.0030430291211171957,2.92918777991526e-06,,,,,,,,,,,,
3.255554581674522,grasp,,,,,,,,,,,,,,,,,,,,,1.6907110214233398,0.9232584238052368,1.0254428386688232,-0.07439874857664108,-0.006865650415420532,0.005290771834552288,0.02322624158114195,1.6872474509176423,0.9195460896754495,1.0198116575829201,-0.10038541540798251,0.003122387457347499,2.8952089305381783e-06,,,,,,,,,,,,
3.275554581674522,grasp,,,,,,,,,,,,,,,,,,,,,1.6907436847686768,0.9212871193885803,1.0251988172531128,-0.07722876965999603,-0.006785377394407988,0.00529886782169342,0.02322624158114195,1.6872474509176423,0.9195460896754495,1.0198116575829201,-0.10038541540798251,0.003122387457347499,2.8952089305381783e-06,,,,,,,,,,,,
3.295554581674522,grasp,,,,,,,,,,,,,,,,,,,,,1.6907902956008911,0.9157218933105469,1.0244104862213135,-0.08377627283334732,-0.006547747179865837,0.005288232583552599,0.02322624158114195,1.6873595945252364,0.9101087440653093,1.018453904507174,-0.10848887562933138,0.003234458597443836,2.847223136047033e-06,,,,,,,,,,,,
3.3155545816745216,grasp,,,,,,,,,,,,,,,,,,,,,1.6907293796539307,0.9128255844116211,1.0240333080291748,-0.08722257614135742,-0.006248697638511658,0.005237076431512833,0.02322624158114195,1.6873595945252364,0.9101087440653093,1.018453904507174,-0.10848887562933138,0.003234458597443836,2.847223136047033e-06,,,,,,,,,,,,
3.335554581674522,grasp,,,,,,,,,,,,,,,,,,,,,1.6907484531402588,0.9052190780639648,1.0229641199111938,-0.09620711207389832,-0.005981001071631908,0.005194558762013912,0.02322624158114195,1.6875085883283922,0.8974818348850592,1.0166500235735878,-0.11932751006168867,0.003383351783372136,2.783471202367822e-06,,,,,,,,,,,,
3.3555545816745216,grasp,,,,,,,,,,,,,,,,,,,,,1.690786600112915,0.9012579321861267,1.0224663019180298,-0.10130918771028519,-0.005910087376832962,0.005155730992555618,0.02322624158114195,1.6875085883283922,0.8974818348850592,1.0166500235735878,-0.11932751006168867,0.003383351783372136,2.783471202367822e-06,,,,,,,,,,,,
3.3755545816745216,grasp,,,,,,,,,,,,,,,,,,,,,1.690951943397522,0.8914512991905212,1.0211752653121948,-0.11422831565141678,-0.005934898741543293,0.005145324394106865,0.02322624158114195,1.687697488800752,0.881390111880484,1.0143607556262995,-0.13313761780089248,0.003572314818277548,2.70256197985015e-06,,,,,,,,,,,,
3.3955545816745216,grasp,,,,,,,,,,,,,,,,,,,,,1.6911311149597168,0.8863765597343445,1.0205490589141846,-0.12090382725000381,-0.00618338119238615,0.005141488276422024,0.02322624158114195,1.687697488800752,0.881390111880484,1.0143607556262995,-0.13313761780089248,0.003572314818277548,2.70256197985015e-06,,,,,,,,,,,,
3.4155545816745216,grasp,,,,,,,,,,,,,,,,,,,,,1.6913046836853027,0.8742752075195312,1.0182753801345825,-0.1350347399711609,-0.006027478724718094,0.005077957175672054,0.02322624158114195,1.6879288682912323,0.8616218983225133,1.011559724458663,-0.1500993726507629,0.003803549965483227,2.6035529247744937e-06,,,,,,,,,,,,
3.4355545816745217,grasp,,,,,,,,,,,,,,,,,,,,,1.6914563179016113,0.8680694103240967,1.0166544914245605,-0.14232487976551056,-0.0060075633227825165,0.005068739876151085,0.02322624158114195,1.6879288682912323,0.8616218983225133,1.011559724458663,-0.1500993726507629,0.003803549965483227,2.6035529247744937e-06,,,,,,,,,,,,
3.4555545816745217,grasp,,,,,,,,,,,,,,,,,,,,,1.6914432048797607,0.8537437319755554,1.0119785070419312,-0.15591081976890564,-0.00521236564964056,0.005021532531827688,0.02322624158114195,1.688204226958477,0.8380278890287085,1.008224634106013,-0.1703407508733339,0.0040788643664064735,2.485670262471027e-06,,,,,,,,,,,,
3.4755545816745217,grasp,,,,,,,,,,,,,,,,,,,,,1.690921425819397,0.8464046716690063,1.0091968774795532,-0.16292020678520203,-0.0035697068087756634,0.004897770006209612,0.02322624158114195,1.688204226958477,0.8380278890287085,1.008224634106013,-0.1703407508733339,0.0040788643664064735,2.485670262471027e-06,,,,,,,,,,,,
3.4955545816745217,grasp,,,,,,,,,,,,,,,,,,,,,1.6898657083511353,0.8293901085853577,1.0053112506866455,-0.17798805236816406,-1.1000105359926238e-07,0.004734438378363848,0.02322624158114195,1.6885244933670178,0.8105158929306969,1.0043432652207522,-0.1939391860875158,0.004399286405223069,2.3484742322628764e-06,,,,,,,,,,,,
3.5155545816745217,grasp,,,,,,,,,,,,,,,,,,,,,1.689177393913269,0.8205902576446533,1.00360906124115,-0.18574722111225128,0.00228896108455956,0.004703741520643234,0.02322624158114195,1.6885244933670178,0.8105158929306969,1.0043432652207522,-0.1939391860875158,0.004399286405223069,2.3484742322628764e-06,,,,,,,,,,,,
3.5355545816745217,grasp,,,,,,,,,,,,,,,,,,,,,1.688984990119934,0.800820529460907,1.0004220008850098,-0.20282405614852905,0.0036238576285541058,0.004644277039915323,0.02322624158114195,1.6888902164681612,0.7790491657941392,0.9999094968148998,-0.22092575393593603,0.004765314547938295,2.1917514670590883e-06,,,,,,,,,,,,
3.5555545816745218,grasp,,,,,,,,,,,,,,,,,,,,,1.6889711618423462,0.7905663847923279,0.9989541172981262,-0.21161888539791107,0.004076377954334021,0.004643379710614681,0.02322624158114195,1.6888902164681612,0.7790491657941392,0.9999094968148998,-0.22092575393593603,0.004765314547938295,2.1917514670590883e-06,,,,,,,,,,,,
3.575554581674522,grasp,,,,,,,,,,,,,,,,,,,,,1.6891223192214966,0.7681636214256287,0.9956398606300354,-0.23086966574192047,0.004578349646180868,0.004634536802768707,0.02322624158114195,1.6893012352514862,0.7436429243990367,0.9949236934064694,-0.25128796881339793,0.005176929236069427,2.015510166312649e-06,,,,,,,,,,,,
3.595554581674522,grasp,,,,,,,,,,,,,,,,,,,,,1.6892073154449463,0.7565745115280151,0.994064450263977,-0.24078546464443207,0.004926455672830343,0.004625343251973391,0.02322624158114195,1.6893012352514862,0.7436429243990367,0.9949236934064694,-0.25128796881339793,0.005176929236069427,2.015510166312649e-06,,,,,,,,,,,,
3.615554581674522,grasp,,,,,,,,,,,,,,,,,,,,,1.6894744634628296,0.7316045165061951,0.9905107021331787,-0.2622254490852356,0.005305020604282618,0.004617096856236458,0.02322624158114195,1.6897573080199186,0.7043612492829644,0.9893911883709965,-0.2849727058036482,0.005633668473892701,1.8199476001149862e-06,,,,,,,,,,,,
3.635554581674522,grasp,,,,,,,,,,,,,,,,,,,,,1.6896090507507324,0.7186909914016724,0.9887760281562805,-0.2732694447040558,0.005516904406249523,0.004614266566932201,0.02322624158114195,1.6897573080199186,0.7043612492829644,0.9893911883709965,-0.2849727058036482,0.005633668473892701,1.8199476001149862e-06,,,,,,,,,,,,
3.655554581674522,grasp,,,,,,,,,,,,,,,,,,,,,1.6899330615997314,0.6912246942520142,0.9848861694335938,-0.29685699939727783,0.005728966556489468,0.00456908019259572,0.02322624158114195,1.6902579302409375,0.661314427100341,0.9833201004089523,-0.32188953300549766,0.006134855837107931,1.6053534165623195e-06,,,,,,,,,,,,
3.675554581674522,grasp,,,,,,,,,,,,,,,,,,,,,1.6900999546051025,0.676991879940033,0.9830637574195862,-0.3090088367462158,0.006039811298251152,0.004527441691607237,0.02322624158114195,1.6902579302409375,0.661314427100341,0.9833201004089523,-0.32188953300549766,0.006134855837107931,1.6053534165623195e-06,,,,,,,,,,,,
3.695554581674522,grasp,,,,,,,,,,,,,,,,,,,,,1.690428376197815,0.6471206545829773,0.9786719679832458,-0.33467400074005127,0.0063659874722361565,0.00453781895339489,0.02322624158114195,1.6908035134215502,0.6146555396396622,0.9767129724390171,-0.36191254586760263,0.0066802972678486235,1.3718124568660232e-06,,,,,,,,,,,,
3.715554581674522,grasp,,,,,,,,,,,,,,,,,,,,,1.6906099319458008,0.6316187977790833,0.9764544367790222,-0.3478963375091553,0.00654249545186758,0.004518687259405851,0.02322624158114195,1.6908035134215502,0.6146555396396622,0.9767129724390171,-0.36191254586760263,0.0066802972678486235,1.3718124568660232e-06,,,,,,,,,,,,
3.735554581674522,grasp,,,,,,,,,,,,,,,,,,,,,1.6872926950454712,0.6016018986701965,0.9702182412147522,-0.3717556595802307,0.006814218126237392,0.0045261140912771225,0.02322624158114195,1.6837057987790292,0.5690777116404971,0.9661374172200929,-0.3970756657089184,0.007161198576275258,1.146840326972242e-06,,,,,,,,,,,,
3.755554581674522,grasp,,,,,,,,,,,,,,,,,,,,,1.6855467557907104,0.5860649347305298,0.9669811725616455,-0.38404810428619385,0.007045599166303873,0.004527698270976543,0.02322624158114195,1.6837057987790292,0.5690777116404971,0.9661374172200929,-0.3970756657089184,0.007161198576275258,1.146840326972242e-06,,,,,,,,,,,,
3.7755545816745215,grasp,,,,,,,,,,,,,,,,,,,,,1.656740665435791,0.568708598613739,0.9494459629058838,-0.3837307095527649,0.006665338762104511,0.004541534930467606,0.02322624158114195,1.6258551941201778,0.5498098533801217,0.9330361747230441,-0.3833596225843438,0.006914059686179816,1.107807671644397e-06,,,,,,,,,,,,
3.795554581674522,grasp,,,,,,,,,,,,,,,,,,,,,1.6416577100753784,0.5598520040512085,0.9400959014892578,-0.38356977701187134,0.007105660159140825,0.004523678682744503,0.02322624158114195,1.6258551941201778,0.5498098533801217,0.9330361747230441,-0.3833596225843438,0.006914059686179816,1.107807671644397e-06,,,,,,,,,,,,
3.8155545816745216,grasp,,,,,,,,,,,,,,,,,,,,,1.6045243740081787,0.5453510284423828,0.9186317324638367,-0.37651556730270386,0.006677818484604359,0.00453376118093729,0.02322624158114195,1.5648885668030195,0.5294172698723759,0.8981448603473844,-0.36898306281077853,0.0066547331201969855,1.0662374469632638e-06,,,,,,,,,,,,
3.835554581674522,grasp,,,,,,,,,,,,,,,,,,,,,1.5851749181747437,0.5379505753517151,0.9072629809379578,-0.3728832006454468,0.00705824326723814,0.0045163072645664215,0.02322624158114195,1.5648885668030195,0.5294172698723759,0.8981448603473844,-0.36898306281077853,0.0066547331201969855,1.0662374469632638e-06,,,,,,,,,,,,
3.8555545816745216,grasp,,,,,,,,,,,,,,,,,,,,,1.5444525480270386,0.5237149000167847,0.8839925527572632,-0.3637087643146515,0.006542580667883158,0.004528472665697336,0.02322624158114195,1.5010262580429685,0.5080503923808678,0.8615955594566983,-0.3539236537727535,0.00638306151024357,1.0226862578945485e-06,,,,,,,,,,,,
3.875554581674522,grasp,,,,,,,,,,,,,,,,,,,,,1.5232579708099365,0.5164504647254944,0.8716843128204346,-0.35898441076278687,0.006886819843202829,0.004512040875852108,0.02322624158114195,1.5010262580429685,0.5080503923808678,0.8615955594566983,-0.3539236537727535,0.00638306151024357,1.0226862578945485e-06,,,,,,,,,,,,
3.8955545816745216,grasp,,,,,,,,,,,,,,,,,,,,,1.4803473949432373,0.5018599033355713,0.847238302230835,-0.3489548861980438,0.006317660678178072,0.004526182077825069,0.02322624158114195,1.434599970046726,0.48581914138697346,0.8235795539816156,-0.33826097806820665,0.006100498591354454,9.773920063440857e-07,,,,,,,,,,,,
3.9155545816745216,grasp,,,,,,,,,,,,,,,,,,,,,1.4580234289169312,0.4944155216217041,0.8343103528022766,-0.3437901437282562,0.006652068346738815,0.004510003607720137,0.02322624158114195,1.434599970046726,0.48581914138697346,0.8235795539816156,-0.33826097806820665,0.006100498591354454,9.773920063440857e-07,,,,,,,,,,,,
3.9355545816745217,grasp,,,,,,,,,,,,,,,,,,,,,1.413464069366455,0.4793667197227478,0.8089472651481628,-0.3332814574241638,0.006052888929843903,0.004524928517639637,0.02322624158114195,1.3659661207816034,0.4628420845085256,0.7842992298788373,-0.3220786034636912,0.005808584822075051,9.306001395266062e-07,,,,,,,,,,,,
3.9555545816745217,grasp,,,,,,,,,,,,,,,,,,,,,1.390289545059204,0.47168952226638794,0.795533299446106,-0.32787007093429565,0.00638779578730464,0.004508684389293194,0.02322624158114195,1.3659661207816034,0.4628420845085256,0.7842992298788373,-0.3220786034636912,0.005808584822075051,9.306001395266062e-07,,,,,,,,,,,,
3.9755545816745217,grasp,,,,,,,,,,,,,,,,,,,,,1.344404935836792,0.45621639490127563,0.7694239616394043,-0.3170247972011566,0.005768750328570604,0.0045242104679346085,0.02322624158114195,1.295500916038406,0.4392441694624752,0.7439684599058622,-0.3054644729563084,0.005508909561370792,8.825631628290375e-07,,,,,,,,,,,,
3.9955545816745217,grasp,,,,,,,,,,,,,,,,,,,,,1.3205478191375732,0.4483240842819214,0.7556135654449463,-0.3114401698112488,0.006106927990913391,0.004507806617766619,0.02322624158114195,1.295500916038406,0.4392441694624752,0.7439684599058622,-0.3054644729563084,0.005508909561370792,8.825631628290375e-07,,,,,,,,,,,,
4.015554581674522,grasp,,,,,,,,,,,,,,,,,,,,,1.273613691329956,0.43249887228012085,0.7289097905158997,-0.30034083127975464,0.0054739392362535,0.004523660056293011,0.02322624158114195,1.2235962904875595,0.4151543986163799,0.7028118382127903,-0.28851048147022085,0.00520308077245014,8.335405779057799e-07,,,,,,,,,,,,
4.035554581674521,grasp,,,,,,,,,,,,,,,,,,,,,1.2492170333862305,0.42442819476127625,0.7147829532623291,-0.2946253716945648,0.005815059877932072,0.004507117439061403,0.02322624158114195,1.2235962904875595,0.4151543986163799,0.7028118382127903,-0.28851048147022085,0.00520308077245014,8.335405779057799e-07,,,,,,,,,,,,
4.055554581674522,grasp,,,,,,,,,,,,,,,,,,,,,1.2015019655227661,0.4083353877067566,0.6876364350318909,-0.2833405137062073,0.005172342993319035,0.004523255862295628,0.02322624158114195,1.150656733399886,0.3907076816916458,0.661059753779885,-0.27131246336723663,0.004892837175752802,7.838103367816377e-07,,,,,,,,,,,,
4.075554581674522,grasp,,,,,,,,,,,,,,,,,,,,,1.1767048835754395,0.4001295864582062,0.6732729077339172,-0.27752918004989624,0.005515018478035927,0.004506669472903013,0.02322624158114195,1.150656733399886,0.3907076816916458,0.661059753779885,-0.27131246336723663,0.004892837175752802,7.838103367816377e-07,,,,,,,,,,,,
4.095554581674522,grasp,,,,,,,,,,,,,,,,,,,,,1.1284799575805664,0.38385942578315735,0.645836591720581,-0.26612427830696106,0.004866431467235088,0.0045229424722492695,0.02322624158114195,1.0770958654415468,0.3660430811076756,0.6189465933453215,-0.2539687632759829,0.004580005660725534,7.33662788571949e-07,,,,,,,,,,,,
4.115554581674521,grasp,,,,,,,,,,,,,,,,,,,,,1.1034228801727295,0.3755648136138916,0.631316065788269,-0.26025140285491943,0.005209032911807299,0.004506374709308147,0.02322624158114195,1.0770958654415468,0.3660430811076756,0.6189465933453215,-0.2539687632759829,0.004580005660725534,7.33662788571949e-07,,,,,,,,,,,,
4.135554581674522,grasp,,,,,,,,,,,,,,,,,,,,,1.054963231086731,0.35920822620391846,0.6037452816963196,-0.24879179894924164,0.004558079410344362,0.00452269334346056,0.02322624158114195,1.003333339752355,0.34129863256150117,0.5767106427684863,-0.23657818434892178,0.004266361703853065,6.833820511322333e-07,,,,,,,,,,,,
4.155554581674522,grasp,,,,,,,,,,,,,,,,,,,,,1.029788613319397,0.35087138414382935,0.5891494154930115,-0.24289070069789886,0.004899052903056145,0.004506243392825127,0.02322624158114195,1.003333339752355,0.34129863256150117,0.5767106427684863,-0.23657818434892178,0.004266361703853065,6.833820511322333e-07,,,,,,,,,,,,
4.175554581674522,grasp,,,,,,,,,,,,,,,,,,,,,0.9813708662986755,0.33452072739601135,0.5616013407707214,-0.23144152760505676,0.004249144345521927,0.004522544331848621,0.02322624158114195,0.9297891914278659,0.31661469272135295,0.5345930125811684,-0.2192389971134434,0.003953627939183128,6.332459455698547e-07,,,,,,,,,,,,
4.195554581674521,grasp,,,,,,,,,,,,,,,,,,,,,0.9562227725982666,0.326188862323761,0.547013521194458,-0.2255457639694214,0.004586735740303993,0.004506299737840891,0.02322624158114195,0.9297891914278659,0.31661469272135295,0.5345930125811684,-0.2192389971134434,0.003953627939183128,6.332459455698547e-07,,,,,,,,,,,,
4.215554581674522,grasp,,,,,,,,,,,,,,,,,,,,,0.9081223011016846,0.3099362254142761,0.5196451544761658,-0.2141723334789276,0.003941418137401342,0.004522487986832857,0.02322624158114195,0.8568823671645603,0.292130059254061,0.4928325666374064,-0.20205020185880604,0.003643597950754478,5.835425399373964e-07,,,,,,,,,,,,
4.2355545816745215,grasp,,,,,,,,,,,,,,,,,,,,,0.8831429481506348,0.3016563057899475,0.5051470994949341,-0.20831561088562012,0.004274062346667051,0.0045065139420330524,0.02322624158114195,0.8568823671645603,0.292130059254061,0.4928325666374064,-0.20205020185880604,0.003643597950754478,5.835425399373964e-07,,,,,,,,,,,,
4.255554581674522,grasp,,,,,,,,,,,,,,,,,,,,,0.8356333374977112,0.2855934202671051,0.47811323404312134,-0.19708269834518433,0.0036368235014379025,0.004522556439042091,0.02322624158114195,0.7850257303987652,0.267983062743037,0.45166535735477903,-0.18510972643360857,0.0033380669937261077,5.345595817451886e-07,,,,,,,,,,,,
4.2755545816745215,grasp,,,,,,,,,,,,,,,,,,,,,0.8109641671180725,0.27741244435310364,0.46378737688064575,-0.19129817187786102,0.003962664864957333,0.0045068818144500256,0.02322624158114195,0.7850257303987652,0.267983062743037,0.45166535735477903,-0.18510972643360857,0.0033380669937261077,5.345595817451886e-07,,,,,,,,,,,,
4.295554581674522,grasp,,,,,,,,,,,,,,,,,,,,,0.7643136382102966,0.2616287171840668,0.43724027276039124,-0.1802690476179123,0.0033368775621056557,0.004522636067122221,0.02322624158114195,0.7146233330598601,0.24430802155737932,0.4113227956120524,-0.16851268192753596,0.0030387503684496673,4.865723097005937e-07,,,,,,,,,,,,
4.3155545816745216,grasp,,,,,,,,,,,,,,,,,,,,,0.7400931715965271,0.2535921633243561,0.42316684126853943,-0.17458945512771606,0.0036544252652674913,0.004507363773882389,0.02322624158114195,0.7146233330598601,0.24430802155737932,0.4113227956120524,-0.16851268192753596,0.0030387503684496673,4.865723097005937e-07,,,,,,,,,,,,
4.335554581674522,grasp,,,,,,,,,,,,,,,,,,,,,0.6945619583129883,0.2381746619939804,0.39725497364997864,-0.1638256162405014,0.0030434925574809313,0.004522730130702257,0.02322624158114195,0.6460667057799695,0.22123472137308095,0.37202922212145706,-0.15235093316354043,0.002747294580296477,4.398445672660765e-07,,,,,,,,,,,,
4.355554581674522,grasp,,,,,,,,,,,,,,,,,,,,,0.6709251403808594,0.2303270697593689,0.3835122883319855,-0.1582825928926468,0.0033511260990053415,0.004507940728217363,0.02322624158114195,0.6460667057799695,0.22123472137308095,0.37202922212145706,-0.15235093316354043,0.002747294580296477,4.398445672660765e-07,,,,,,,,,,,,
4.375554581674522,grasp,,,,,,,,,,,,,,,,,,,,,0.6267646551132202,0.2153594046831131,0.35837799310684204,-0.14784297347068787,0.0027582000475376844,0.004522967152297497,0.02322624158114195,0.5797313133808035,0.1988875994131486,0.3339993191606626,-0.1367127712671326,0.002465285782425679,3.9463147381942224e-07,,,,,,,,,,,,
4.395554581674522,grasp,,,,,,,,,,,,,,,,,,,,,0.6038415431976318,0.20774321258068085,0.34504228830337524,-0.14246679842472076,0.0030544756446033716,0.004508646670728922,0.02322624158114195,0.5797313133808035,0.1988875994131486,0.3339993191606626,-0.1367127712671326,0.002465285782425679,3.9463147381942224e-07,,,,,,,,,,,,
4.415554581674522,grasp,,,,,,,,,,,,,,,,,,,,,0.5612903237342834,0.19330580532550812,0.32082095742225647,-0.13240762054920197,0.0024826275184750557,0.00452326750382781,0.02322624158114195,0.5159721172384601,0.1773862171893009,0.2974366842038503,-0.12168171109001573,0.0021942268623451108,3.5117446519141217e-07,,,,,,,,,,,,
4.435554581674522,grasp,,,,,,,,,,,,,,,,,,,,,0.5392037034034729,0.18596170842647552,0.3079645335674286,-0.127227321267128,0.002765932120382786,0.00450942711904645,0.02322624158114195,0.5159721172384601,0.1773862171893009,0.2974366842038503,-0.12168171109001573,0.0021942268623451108,3.5117446519141217e-07,,,,,,,,,,,,
4.455554581674522,grasp,,,,,,,,,,,,,,,,,,,,,0.49848610162734985,0.17212839424610138,0.2847823202610016,-0.11760157346725464,0.002218145877122879,0.004523638170212507,0.02322624158114195,0.45512259258708476,0.1568385511198603,0.2625302175677312,-0.10733621796662975,0.0019355284533647613,3.0969956156972545e-07,,,,,,,,,,,,
4.475554581674522,grasp,,,,,,,,,,,,,,,,,,,,,0.4773528575897217,0.16509369015693665,0.27247369289398193,-0.11264443397521973,0.002487040124833584,0.004510337486863136,0.02322624158114195,0.45512259258708476,0.1568385511198603,0.2625302175677312,-0.10733621796662975,0.0019355284533647613,3.0969956156972545e-07,,,,,,,,,,,,
4.495554581674522,grasp,,,,,,,,,,,,,,,,,,,,,0.43867552280426025,0.15193596482276917,0.250447154045105,-0.10350089520215988,0.001966220559552312,0.004524183459579945,0.02322624158114195,0.39748608339686453,0.13735031200270617,0.22945509949311735,-0.0937478380436496,0.0016904783078841744,2.704125768411193e-07,,,,,,,,,,,,
4.515554581674522,grasp,,,,,,,,,,,,,,,,,,,,,0.41860246658325195,0.1452462077140808,0.23875023424625397,-0.09879196435213089,0.0022193363402038813,0.004511366132646799,0.02322624158114195,0.39748608339686453,0.13735031200270617,0.22945509949311735,-0.0937478380436496,0.0016904783078841744,2.704125768411193e-07,,,,,,,,,,,,
4.535554581674521,grasp,,,,,,,,,,,,,,,,,,,,,0.3821534514427185,0.13282670080661774,0.21798402070999146,-0.09017504751682281,0.0017280761385336518,0.004524852614849806,0.02322624158114195,0.34333808151678324,0.1190108765637323,0.19836757584805723,-0.08098154046459938,0.0014602487089195714,2.3350159733712058e-07,,,,,,,,,,,,
4.555554581674522,grasp,,,,,,,,,,,,,,,,,,,,,0.36323755979537964,0.12651339173316956,0.2069563865661621,-0.08573722839355469,0.0019642102997750044,0.004512389190495014,0.02322624158114195,0.34333808151678324,0.1190108765637323,0.19836757584805723,-0.08098154046459938,0.0014602487089195714,2.3350159733712058e-07,,,,,,,,,,,,
4.575554581674522,grasp,,,,,,,,,,,,,,,,,,,,,0.3291829228401184,0.11488824337720871,0.18754367530345917,-0.07768622040748596,0.0015050556976348162,0.00452541746199131,0.02322624158114195,0.2929185589825096,0.1019009119221224,0.16940517567530283,-0.06909396252912657,0.0012458655988236422,1.9913162750354204e-07,,,,,,,,,,,,
4.595554581674522,grasp,,,,,,,,,,,,,,,,,,,,,0.31151074171066284,0.10897891223430634,0.17723745107650757,-0.07353973388671875,0.0017228766810148954,0.004513542167842388,0.02322624158114195,0.2929185589825096,0.1019009119221224,0.16940517567530283,-0.06909396252912657,0.0012458655988236422,1.9913162750354204e-07,,,,,,,,,,,,
4.615554581674521,grasp,,,,,,,,,,,,,,,,,,,,,0.2799917459487915,0.09819776564836502,0.15925785899162292,-0.06608808785676956,0.0012970217503607273,0.0045262789353728294,0.02322624158114195,0.24642868028655618,0.08609102278809135,0.1426841596064549,-0.058132653215241616,0.001048185486039259,1.674401313802686e-07,,,,,,,,,,,,
4.635554581674522,grasp,,,,,,,,,,,,,,,,,,,,,0.2636359930038452,0.09271707385778427,0.14971670508384705,-0.062250230461359024,0.0014958279207348824,0.004514924716204405,0.02322624158114195,0.24642868028655618,0.08609102278809135,0.1426841596064549,-0.058132653215241616,0.001048185486039259,1.674401313802686e-07,,,,,,,,,,,,
4.655554581674522,grasp,,,,,,,,,,,,,,,,,,,,,0.2347683161497116,0.08281894028186798,0.1332382708787918,-0.05542520061135292,0.0011058977106586099,0.00452655553817749,0.02322624158114195,0.2040295489396401,0.07163559585119345,0.11829613909903948,-0.04813564445185639,0.0008678886783918874,1.385359433255866e-07,,,,,,,,,,,,
4.675554581674522,grasp,,,,,,,,,,,,,,,,,,,,,0.2197892963886261,0.07778707891702652,0.12449559569358826,-0.05191000550985336,0.001285133184865117,0.004516257904469967,0.02322624158114195,0.2040295489396401,0.07163559585119345,0.11829613909903948,-0.04813564445185639,0.0008678886783918874,1.385359433255866e-07,,,,,,,,,,,,
4.695554581674521,grasp,,,,,,,,,,,,,,,,,,,,,0.19366084039211273,0.06879888474941254,0.10956957191228867,-0.04573232680559158,0.000930712791159749,0.004526666831225157,0.02322624158114195,0.1658392548226933,0.058569751992970535,0.09630594529546126,-0.03913079769918837,0.0007054724212812849,1.1249861337795208e-07,,,,,,,,,,,,
4.715554581674522,grasp,,,,,,,,,,,,,,,,,,,,,0.18010365962982178,0.0642305463552475,0.10164784640073776,-0.042550601065158844,0.0010905134258791804,0.004517851863056421,0.02322624158114195,0.1658392548226933,0.058569751992970535,0.09630594529546126,-0.03913079769918837,0.0007054724212812849,1.1249861337795208e-07,,,,,,,,,,,,
4.7355545816745215,grasp,,,,,,,,,,,,,,,,,,,,,0.15676851570606232,0.05617346242070198,0.08830839395523071,-0.03703305497765541,0.000773001229390502,0.004526606760919094,0.02322624158114195,0.131921644525141,0.04692280965000491,0.0767548653354662,-0.031133152305436312,0.0005612153190529413,8.937273158480013e-08,,,,,,,,,,,,
4.755554581674522,grasp,,,,,,,,,,,,,,,,,,,,,0.14466114342212677,0.05207989737391472,0.08122389763593674,-0.034191425889730453,0.0009134738356806338,0.004519309848546982,0.02322624158114195,0.131921644525141,0.04692280965000491,0.0767548653354662,-0.031133152305436312,0.0005612153190529413,8.937273158480013e-08,,,,,,,,,,,,
4.7755545816745215,grasp,,,,,,,,,,,,,,,,,,,,,0.12414024025201797,0.04496392980217934,0.06948352605104446,-0.029338933527469635,0.0006329491152428091,0.0045266905799508095,0.02322624158114195,0.1022902575353934,0.03670296858946862,0.05965312196647942,-0.024145878930209082,0.00043518131337907224,6.916851595030018e-08,,,,,,,,,,,,
4.795554581674522,grasp,,,,,,,,,,,,,,,,,,,,,0.1134936586022377,0.0413496159017086,0.06324485689401627,-0.026839887723326683,0.0007539912476204336,0.0045207287184894085,0.02322624158114195,0.1022902575353934,0.03670296858946862,0.05965312196647942,-0.024145878930209082,0.00043518131337907224,6.916851595030018e-08,,,,,,,,,,,,
4.8155545816745216,grasp,,,,,,,,,,,,,,,,,,,,,0.09577323496341705,0.035171300172805786,0.05309321731328964,-0.022649245336651802,0.0005106765893287957,0.004526903387159109,0.02322624158114195,0.07690538388796221,0.027896378005458872,0.04497650743987522,-0.018159604749460094,0.0003272040513837923,5.18592469142023e-08,,,,,,,,,,,,
4.835554581674522,grasp,,,,,,,,,,,,,,,,,,,,,0.08658023178577423,0.0320335254073143,0.047698065638542175,-0.020491132512688637,0.0006123791099525988,0.0045220558531582355,0.02322624158114195,0.07690538388796221,0.027896378005458872,0.04497650743987522,-0.018159604749460094,0.0003272040513837923,5.18592469142023e-08,,,,,,,,,,,,
4.855554581674522,grasp,,,,,,,,,,,,,,,,,,,,,0.07160942256450653,0.026775307953357697,0.0391022153198719,-0.016950389370322227,0.00040586150134913623,0.004527195356786251,0.02322624158114195,0.05566938070401539,0.02046787183112308,0.03266521822082999,-0.013151337069423185,0.00023686800855190598,3.737819070740599e-08,,,,,,,,,,,,
4.875554581674522,grasp,,,,,,,,,,,,,,,,,,,,,0.06384368985891342,0.02410430833697319,0.03453570976853371,-0.015126978047192097,0.0004885357338935137,0.0045232586562633514,0.02322624158114195,0.05566938070401539,0.02046787183112308,0.03266521822082999,-0.013151337069423185,0.00023686800855190598,3.737819070740599e-08,,,,,,,,,,,,
4.895554581674522,grasp,,,,,,,,,,,,,,,,,,,,,0.05152939632534981,0.01973741687834263,0.027442630380392075,-0.012214193120598793,0.0003176654572598636,0.004527521785348654,0.02322624158114195,0.038417787680468565,0.014368020481692018,0.022626487169249726,-0.009082371300095217,0.00016347411486168504,2.5613176822387705e-08,,,,,,,,,,,,
4.915554581674522,grasp,,,,,,,,,,,,,,,,,,,,,0.045142512768507004,0.017518585547804832,0.023676281794905663,-0.010714184492826462,0.0003817664983216673,0.004524495452642441,0.02322624158114195,0.038417787680468565,0.014368020481692018,0.022626487169249726,-0.009082371300095217,0.00016347411486168504,2.5613176822387705e-08,,,,,,,,,,,,
4.935554581674522,grasp,,,,,,,,,,,,,,,,,,,,,0.03534373268485069,0.014007757417857647,0.018014349043369293,-0.008396098390221596,0.0002448426384944469,0.0045280056074261665,0.02322624158114195,0.02491016175199893,0.00954120066601985,0.01473670028672151,-0.005896175564887661,0.00010600257581609787,1.6400627458754575e-08,,,,,,,,,,,,
4.955554581674522,grasp,,,,,,,,,,,,,,,,,,,,,0.030262386426329613,0.012223818339407444,0.015008090995252132,-0.007202365435659885,0.00029269736842252314,0.004525584634393454,0.02322624158114195,0.02491016175199893,0.00954120066601985,0.01473670028672151,-0.005896175564887661,0.00010600257581609787,1.6400627458754575e-08,,,,,,,,,,,,
4.975554581674522,grasp,,,,,,,,,,,,,,,,,,,,,0.02279050648212433,0.009523321874439716,0.01067741122096777,-0.005434525199234486,0.0001873092114692554,0.004528254270553589,0.02322624158114195,0.014833971435747259,0.005910850066639264,0.008833769413302541,-0.0035192261978593403,6.312758088660979e-05,9.52793349089677e-09,,,,,,,,,,,,
4.995554581674522,grasp,,,,,,,,,,,,,,,,,,,,,0.01891683228313923,0.008150123991072178,0.00838085450232029,-0.004524145741015673,0.00021958698926027864,0.004526617471128702,0.02322624158114195,0.014833971435747259,0.005910850066639264,0.008833769413302541,-0.0035192261978593403,6.312758088660979e-05,9.52793349089677e-09,,,,,,,,,,,,
5.015554581674522,grasp,,,,,,,,,,,,,,,,,,,,,0.013538100756704807,0.006192316301167011,0.005256227217614651,-0.003251371206715703,0.00014270037354435772,0.004528571851551533,0.02322624158114195,0.007809344292285831,0.003363681168588586,0.004708988904449051,-0.0018620430131388779,3.32353932959333e-05,4.73636894498204e-09,,,,,,,,,,,,
5.035554581674521,grasp,,,,,,,,,,,,,,,,,,,,,0.010750549845397472,0.0051955473609268665,0.0036016625817865133,-0.002595921279862523,0.00016201961261685938,0.004527517594397068,0.02322624158114195,0.007809344292285831,0.003363681168588586,0.004708988904449051,-0.0018620430131388779,3.32353932959333e-05,4.73636894498204e-09,,,,,,,,,,,,
5.055554581674522,grasp,,,,,,,,,,,,,,,,,,,,,0.00718298926949501,0.0038921386003494263,0.00152793328743428,-0.0017515923827886581,0.00011034315684810281,0.004528812598437071,0.02322624158114195,0.003381608925639653,0.0017556727115336196,0.0021076136108676125,-0.0008174799820393172,1.4393588409793641e-05,1.716129266011767e-09,,,,,,,,,,,,
5.075554581674522,grasp,,,,,,,,,,,,,,,,,,,,,0.005335149820894003,0.0032273982651531696,0.0004316679551266134,-0.0013167827855795622,0.00011876848293468356,0.004528299439698458,0.02322624158114195,0.003381608925639653,0.0017556727115336196,0.0021076136108676125,-0.0008174799820393172,1.4393588409793641e-05,1.716129266011767e-09,,,,,,,,,,,,
5.095554581674522,grasp,,,,,,,,,,,,,,,,,,,,,0.0032489113509655,0.0024339421652257442,0.0001254432718269527,-0.0008221377502195537,8.80091029102914e-05,0.004529448691755533,0.02322624158114195,0.001024212653647351,0.0008992567820556882,0.0007224319659022212,-0.0002613365029240112,4.361881237173923e-06,1.0810133691051171e-10,,,,,,,,,,,,
5.115554581674521,grasp,,,,,,,,,,,,,,,,,,,,,0.0021690786816179752,0.0020345840603113174,0.00011248794908169657,-0.0005676170694641769,9.034240792971104e-05,0.004530053120106459,0.02322624158114195,0.001024212653647351,0.0008992567820556882,0.0007224319659022212,-0.0002613365029240112,4.361881237173923e-06,1.0810133691051171e-10,,,,,,,,,,,,
5.135554581674522,grasp,,,,,,,,,,,,,,,,,,,,,0.0011832419550046325,0.0016715365927666426,0.00010912588913924992,-0.000334098789608106,7.317767449421808e-05,0.0045304130762815475,0.02322624158114195,0.00012860675189866128,0.0005738930657678828,0.00019618322236352522,-5.005026176370617e-05,5.507033775876697e-07,-5.028096796320725e-10,,,,,,,,,,,,
5.155554581674522,grasp,,,,,,,,,,,,,,,,,,,,,0.0006740278913639486,0.0014834994217380881,0.00010789665975607932,-0.00021375794312916696,6.904904876137152e-05,0.004530373960733414,0.02322624158114195,0.00012860675189866128,0.0005738930657678828,0.00019618322236352522,-5.005026176370617e-05,5.507033775876697e-07,-5.028096796320725e-10,,,,,,,,,,,,
5.174997808767674,grasp,,,,,,,,,,,,,,,,,,,,,0.00035081023816019297,0.0013646227307617664,0.00010764940816443413,-0.000137088616611436,6.128846143838018e-05,0.004530612379312515,0.02322624158114195,-8.6816733357864e-08,0.0005271401023492217,0.00012056421837769449,-1.9689610780915245e-05,3.0584246246689872e-09,-5.90594184668447e-10,,,,,,,,,,,,
