timestamp,phase,base_pos_x,base_pos_y,base_pos_z,base_yaw,base_quat_w,base_quat_x,base_quat_y,base_quat_z,base_lin_vel_x_body,base_lin_vel_y_body,base_ang_vel_z_body,cmd_vx,cmd_vy,cmd_wz,ee_pos_x,ee_pos_y,ee_pos_z,ee_roll,ee_pitch,ee_yaw,arm_joint1,arm_joint2,arm_joint3,arm_joint4,arm_joint5,arm_joint6,gripper,arm_action_joint1,arm_action_joint2,arm_action_joint3,arm_action_joint4,arm_action_joint5,arm_action_joint6,gripper_action,object_pos_x,object_pos_y,object_pos_z,object_quat_w,object_quat_x,object_quat_y,object_quat_z,front_image,wrist_image,success,failure_reason
0.0,grasp,,,,,,,,,,,,,,,,,,,,,,,,,,,9.177536321658408e-05,,,,,,,0.043,,,,,,,,,,,
0.02,grasp,,,,,,,,,,,,,,,,,,,,,,,,,,,0.00010625593131408095,,,,,,,0.043,,,,,,,,,,,
0.04,grasp,,,,,,,,,,,,,,,,,,,,,,,,,,,0.00020124222646700218,,,,,,,0.043,,,,,,,,,,,
0.06,grasp,,,,,,,,,,,,,,,,,,,,,,,,,,,0.00042926119931507856,,,,,,,0.043,,,,,,,,,,,
0.08,grasp,,,,,,,,,,,,,,,,,,,,,,,,,,,0.0008137193799484521,,,,,,,0.043,,,,,,,,,,,
0.1,grasp,,,,,,,,,,,,,,,,,,,,,,,,,,,0.0013854799908585846,,,,,,,0.043,,,,,,,,,,,
0.12,grasp,,,,,,,,,,,,,,,,,,,,,,,,,,,0.0021625375375151634,,,,,,,0.043,,,,,,,,,,,
0.14,grasp,,,,,,,,,,,,,,,,,,,,,,,,,,,0.003151067765429616,,,,,,,0.043,,,,,,,,,,,
0.16,grasp,,,,,,,,,,,,,,,,,,,,,,,,,,,0.00435490277595818,,,,,,,0.043,,,,,,,,,,,
0.18,grasp,,,,,,,,,,,,,,,,,,,,,,,,,,,0.0057691538240760565,,,,,,,0.043,,,,,,,,,,,
0.2,grasp,,,,,,,,,,,,,,,,,,,,,,,,,,,0.0073827956803143024,,,,,,,0.043,,,,,,,,,,,
0.22,grasp,,,,,,,,,,,,,,,,,,,,,,,,,,,0.009180782828480005,,,,,,,0.043,,,,,,,,,,,
0.24,grasp,,,,,,,,,,,,,,,,,,,,,,,,,,,0.011142810806632042,,,,,,,0.043,,,,,,,,,,,
0.26,grasp,,,,,,,,,,,,,,,,,,,,,,,,,,,0.01324476208537817,,,,,,,0.043,,,,,,,,,,,
0.28,grasp,,,,,,,,,,,,,,,,,,,,,,,,,,,0.01545984810218215,,,,,,,0.043,,,,,,,,,,,
0.3,grasp,,,,,,,,,,,,,,,,,,,,,,,,,,,0.017758522182703018,,,,,,,0.043,,,,,,,,,,,
0.32,grasp,,,,,,,,,,,,,,,,,,,,,,,,,,,0.020109361968934536,,,,,,,0.043,,,,,,,,,,,
0.34,grasp,,,,,,,,,,,,,,,,,,,,,,,,,,,0.022479979321360588,,,,,,,0.043,,,,,,,,,,,
0.36,grasp,,,,,,,,,,,,,,,,,,,,,,,,,,,0.02483783196657896,,,,,,,0.043,,,,,,,,,,,
0.38,grasp,,,,,,,,,,,,,,,,,,,,,,,,,,,0.027150063775479794,,,,,,,0.043,,,,,,,,,,,
0.4,grasp,,,,,,,,,,,,,,,,,,,,,,,,,,,0.029385383240878582,,,,,,,0.043,,,,,,,,,,,
0.42,grasp,,,,,,,,,,,,,,,,,,,,,,,,,,,0.03151383250951767,,,,,,,0.043,,,,,,,,,,,
0.44,grasp,,,,,,,,,,,,,,,,,,,,,,,,,,,0.03350754640996456,,,,,,,0.043,,,,,,,,,,,
0.46,grasp,,,,,,,,,,,,,,,,,,,,,,,,,,,0.035342125222086906,,,,,,,0.043,,,,,,,,,,,
0.48,grasp,,,,,,,,,,,,,,,,,,,,,,,,,,,0.03699655458331108,,,,,,,0.043,,,,,,,,,,,
0.5,grasp,,,,,,,,,,,,,,,,,,,,,,,,,,,0.038453949615359306,,,,,,,0.043,,,,,,,,,,,
0.52,grasp,,,,,,,,,,,,,,,,,,,,,,,,,,,0.03970302827656269,,,,,,,0.043,,,,,,,,,,,
0.54,grasp,,,,,,,,,,,,,,,,,,,,,,,,,,,0.04073782078921795,,,,,,,0.043,,,,,,,,,,,
0.56,grasp,,,,,,,,,,,,,,,,,,,,,,,,,,,0.04155853018164635,,,,,,,0.043,,,,,,,,,,,
0.58,grasp,,,,,,,,,,,,,,,,,,,,,,,,,,,0.04217328503727913,,,,,,,0.043,,,,,,,,,,,
0.6,grasp,,,,,,,,,,,,,,,,,,,,,,,,,,,0.04259689338505268,,,,,,,0.043,,,,,,,,,,,
0.62,grasp,,,,,,,,,,,,,,,,,,,,,,,,,,,0.042853329330682755,,,,,,,0.043,,,,,,,,,,,
0.64,grasp,,,,,,,,,,,,,,,,,,,,,,,,,,,0.04297526925802231,,,,,,,0.043,,,,,,,,,,,
0.66,grasp,,,,,,,,,,,,,,,,,,,,,,,,,,,0.04300551861524582,,,,,,,0.043,,,,,,,,,,,
0.68,grasp,,,,,,,,,,,,,,,,,,,,,,,,,,,0.04299840331077576,,,,,,,0.043,,,,,,,,,,,
0.68,grasp,,,,,,,,,,,,,,,,,,,,,0.001233456190675497,0.0018312573665753007,0.01790287159383297,0.006742936559021473,-0.008063973858952522,0.004450337961316109,0.04299840331077576,0.0012337067164480686,0.001296291477046907,0.019989406690001488,0.006762731820344925,-0.008070120587944984,0.004450456239283085,,,,,,,,,,,,
0.7000000000000001,grasp,,,,,,,,,,,,,,,,,,,,,0.001233446761034429,0.0018357998924329877,0.017885474488139153,0.006742765661329031,-0.008064066991209984,0.00445032911375165,0.04299840331077576,0.0012337067164480686,0.001296291477046907,0.019989406690001488,0.006762731820344925,-0.008070120587944984,0.004450456239283085,,,,,,,,,,,,
0.7200000000000001,grasp,,,,,,,,,,,,,,,,,,,,,0.001352016581222415,0.0018825882580131292,0.017963944002985954,0.006694416981190443,-0.008060765452682972,0.004449973814189434,0.04299840331077576,0.0014836094521041452,0.0013879030449000156,0.020171175348224962,0.006663161313249996,-0.008065990742827255,0.004449795498787746,,,,,,,,,,,,
0.74,grasp,,,,,,,,,,,,,,,,,,,,,0.0014145344030112028,0.0019062545616179705,0.018006326630711555,0.006669520400464535,-0.008061015047132969,0.004449836444109678,0.04299840331077576,0.0014836094521041452,0.0013879030449000156,0.020171175348224962,0.006663161313249996,-0.008065990742827255,0.004449795498787746,,,,,,,,,,,,
0.76,grasp,,,,,,,,,,,,,,,,,,,,,0.0022546332329511642,0.002215808490291238,0.01861383765935898,0.006332621909677982,-0.008037840947508812,0.004447385668754578,0.04299840331077576,0.0031614580413922067,0.00200298447066106,0.021391570062488263,0.005994643603367317,-0.008038265473840095,0.0044453567316881226,,,,,,,,,,,,
0.78,grasp,,,,,,,,,,,,,,,,,,,,,0.0026905860286206007,0.0023739913012832403,0.01893858052790165,0.006159086246043444,-0.008039312437176704,0.004446429666131735,0.04299840331077576,0.0031614580413922067,0.00200298447066106,0.021391570062488263,0.005994643603367317,-0.008038265473840095,0.0044453567316881226,,,,,,,,,,,,
0.8,grasp,,,,,,,,,,,,,,,,,,,,,0.005015124101191759,0.0032261228188872337,0.02061844803392887,0.00523071363568306,-0.007978119887411594,0.004439754411578178,0.04299840331077576,0.007504320238354758,0.0035950254769315706,0.024550379523665837,0.004264284752781735,-0.007966501057560929,0.00443386809884969,,,,,,,,,,,,
0.8200000000000001,grasp,,,,,,,,,,,,,,,,,,,,,0.00622092979028821,0.003659368958324194,0.021514752879738808,0.004752620123326778,-0.007980846799910069,0.004437085706740618,0.04299840331077576,0.007504320238354758,0.0035950254769315706,0.024550379523665837,0.004264284752781735,-0.007966501057560929,0.00443386809884969,,,,,,,,,,,,
0.8400000000000001,grasp,,,,,,,,,,,,,,,,,,,,,0.010732469148933887,0.005318034905940294,0.024776006117463112,0.0029516336508095264,-0.007865408435463905,0.004424212034791708,0.04299840331077576,0.015551528981168608,0.006540196120311064,0.030403236124699914,0.0010580377144054339,-0.007833522372281071,0.004412579860697179,,,,,,,,,,,,
0.8600000000000001,grasp,,,,,,,,,,,,,,,,,,,,,0.013071667402982712,0.006158136762678623,0.02651085890829563,0.0020241322927176952,-0.007868467830121517,0.004418989177793264,0.04299840331077576,0.015551528981168608,0.006540196120311064,0.030403236124699914,0.0010580377144054339,-0.007833522372281071,0.004412579860697179,,,,,,,,,,,,
0.8800000000000001,grasp,,,,,,,,,,,,,,,,,,,,,0.020370887592434883,0.008830711245536804,0.03178693726658821,-0.0008891900070011616,-0.007684939540922642,0.004398248624056578,0.04299840331077576,0.028158762738405074,0.011126298000135438,0.03957071274883219,-0.003964698984088588,-0.0076251790344795,0.004379227067698357,,,,,,,,,,,,
0.9,grasp,,,,,,,,,,,,,,,,,,,,,0.02415408566594124,0.010185525752604008,0.034589145332574844,-0.0023895706981420517,-0.007687250152230263,0.004389727488160133,0.04299840331077576,0.028158762738405074,0.011126298000135438,0.03957071274883219,-0.003964698984088588,-0.0076251790344795,0.004379227067698357,,,,,,,,,,,,
0.92,grasp,,,,,,,,,,,,,,,,,,,,,0.03473081439733505,0.01402453426271677,0.04223235324025154,-0.006610401906073093,-0.007424417417496443,0.004359761718660593,0.04299840331077576,0.046008496453831,0.01755572002747411,0.05254588662264649,-0.011075237588480677,-0.0073301770259930005,0.004332001890210591,,,,,,,,,,,,
0.9400000000000001,grasp,,,,,,,,,,,,,,,,,,,,,0.04021134600043297,0.015971526503562927,0.046287354081869125,-0.008784178644418716,-0.0074248299933969975,0.004347328096628189,0.04299840331077576,0.046008496453831,0.01755572002747411,0.05254588662264649,-0.011075237588480677,-0.0073301770259930005,0.004332001890210591,,,,,,,,,,,,
0.9600000000000001,grasp,,,,,,,,,,,,,,,,,,,,,0.05444716662168503,0.02107582613825798,0.05657076835632324,-0.014464274048805237,-0.007074075285345316,0.004307087045162916,0.04299840331077576,0.069620412795761,0.025948162527677586,0.0697019255668458,-0.020479728001292934,-0.006939923641671127,0.004269528786117212,,,,,,,,,,,,
0.98,grasp,,,,,,,,,,,,,,,,,,,,,0.0618223138153553,0.02366519346833229,0.06202198565006256,-0.01738962158560753,-0.007071546744555235,0.004290263634175062,0.04299840331077576,0.069620412795761,0.025948162527677586,0.0697019255668458,-0.020479728001292934,-0.006939923641671127,0.004269528786117212,,,,,,,,,,,,
1.0,grasp,,,,,,,,,,,,,,,,,,,,,0.07998941093683243,0.030108347535133362,0.07514114677906036,-0.024637242779135704,-0.006626980844885111,0.004239020403474569,0.04299840331077576,0.09934755095909727,0.03640083151900957,0.09129407265911946,-0.032318427670326555,-0.006448689230218355,0.004190891217116346,,,,,,,,,,,,
1.02,grasp,,,,,,,,,,,,,,,,,,,,,0.08939982950687408,0.03337762877345085,0.08209057152271271,-0.028369946405291557,-0.0066205416806042194,0.004217446316033602,0.04299840331077576,0.09934755095909727,0.03640083151900957,0.09129407265911946,-0.032318427670326555,-0.006448689230218355,0.004190891217116346,,,,,,,,,,,,
1.04,grasp,,,,,,,,,,,,,,,,,,,,,0.11166602373123169,0.04121720418334007,0.09816739708185196,-0.03725201264023781,-0.0060788532719016075,0.004154773894697428,0.04299840331077576,0.1353871828492498,0.048992066928002675,0.11746705507146,-0.046670037264754355,-0.005853354219282369,0.0040955895369666016,,,,,,,,,,,,
1.06,grasp,,,,,,,,,,,,,,,,,,,,,0.12319817394018173,0.04519607871770859,0.10667779296636581,-0.0418265275657177,-0.006067488808184862,0.0041282158344984055,0.04299840331077576,0.1353871828492498,0.048992066928002675,0.11746705507146,-0.046670037264754355,-0.005853354219282369,0.0040955895369666016,,,,,,,,,,,,
1.08,grasp,,,,,,,,,,,,,,,,,,,,,0.149638831615448,0.054455745965242386,0.12576714158058167,-0.05237307399511337,-0.005427611991763115,0.0040539405308663845,0.04299840331077576,0.17780271174190196,0.0637392568274114,0.14826674349350988,-0.06355997230014164,-0.005152825007622242,0.003983447860527759,,,,,,,,,,,,
1.1,grasp,,,,,,,,,,,,,,,,,,,,,0.16333134472370148,0.05915669724345207,0.13586556911468506,-0.057804908603429794,-0.0054103960283100605,0.0040222774259746075,0.04299840331077576,0.17780271174190196,0.0637392568274114,0.14826674349350988,-0.06355997230014164,-0.005152825007622242,0.003983447860527759,,,,,,,,,,,,
1.12,grasp,,,,,,,,,,,,,,,,,,,,,0.19393615424633026,0.06982848793268204,0.15796007215976715,-0.07001204043626785,-0.004673140589147806,0.003936424385756254,0.04299840331077576,0.22653156025693272,0.08061326589814095,0.18364625057930337,-0.08296362904200587,-0.004347841256279581,0.0038545811969917655,,,,,,,,,,,,
1.1400000000000001,grasp,,,,,,,,,,,,,,,,,,,,,0.2097834050655365,0.0752478539943695,0.16964033246040344,-0.07629916071891785,-0.00464914133772254,0.003899617586284876,0.04299840331077576,0.22653156025693272,0.08061326589814095,0.18364625057930337,-0.08296362904200587,-0.004347841256279581,0.0038545811969917655,,,,,,,,,,,,
1.1600000000000001,grasp,,,,,,,,,,,,,,,,,,,,,0.24446208775043488,0.08729948848485947,0.19467534124851227,-0.0901307538151741,-0.0038174192886799574,0.0038024703972041607,0.04299840331077576,0.28139234096968535,0.0995524626894237,0.22347388787990782,-0.10480875094475692,-0.0034413709640220775,0.0037094663313238393,,,,,,,,,,,,
1.1800000000000002,grasp,,,,,,,,,,,,,,,,,,,,,0.2624169588088989,0.09342142939567566,0.20790095627307892,-0.09725460410118103,-0.003785686567425728,0.0037605948746204376,0.04299840331077576,0.28139234096968535,0.0995524626894237,0.22347388787990782,-0.10480875094475692,-0.0034413709640220775,0.0037094663313238393,,,,,,,,,,,,
1.2000000000000002,grasp,,,,,,,,,,,,,,,,,,,,,0.30100661516189575,0.10679483413696289,0.2357598841190338,-0.11264538019895554,-0.0028643992263823748,0.003652662970125675,0.04299840331077576,0.3420978165861249,0.12045514809709876,0.26754209672837215,-0.1289803155717359,-0.002438492437076934,0.0035489216665167407,,,,,,,,,,,,
1.2200000000000002,grasp,,,,,,,,,,,,,,,,,,,,,0.32098427414894104,0.11359026283025742,0.2504666745662689,-0.12057223916053772,-0.0028243232518434525,0.003605889854952693,0.04299840331077576,0.3420978165861249,0.12045514809709876,0.26754209672837215,-0.1289803155717359,-0.002438492437076934,0.0035489216665167407,,,,,,,,,,,,
1.2400000000000002,grasp,,,,,,,,,,,,,,,,,,,,,0.3632558584213257,0.12820671498775482,0.2809850573539734,-0.1374305784702301,-0.001819800236262381,0.0034878633450716734,0.04299840331077576,0.4082639248081032,0.14319162147221098,0.31557252689065685,-0.1553251902486152,-0.0013456446202437119,0.003373978943679771,,,,,,,,,,,,
1.26,grasp,,,,,,,,,,,,,,,,,,,,,0.3851373791694641,0.135636106133461,0.29708433151245117,-0.146113321185112,-0.0017707562074065208,0.0034364459570497274,0.04299840331077576,0.4082639248081032,0.14319162147221098,0.31557252689065685,-0.1553251902486152,-0.0013456446202437119,0.003373978943679771,,,,,,,,,,,,
1.28,grasp,,,,,,,,,,,,,,,,,,,,,0.4308030903339386,0.1513974517583847,0.3300545811653137,-0.16432470083236694,-0.0006905463524162769,0.0033091322984546423,0.04299840331077576,0.47942143963867223,0.16760300984655638,0.36722377802362205,-0.18365685364771264,-0.00017033735039189465,0.003185834743767129,,,,,,,,,,,,
1.3,grasp,,,,,,,,,,,,,,,,,,,,,0.45443931221961975,0.1594110131263733,0.3474343717098236,-0.17370417714118958,-0.0006319218664430082,0.0032533907797187567,0.04299840331077576,0.47942143963867223,0.16760300984655638,0.36722377802362205,-0.18365685364771264,-0.00017033735039189465,0.003185834743767129,,,,,,,,,,,,
1.32,grasp,,,,,,,,,,,,,,,,,,,,,0.5031599998474121,0.17620062828063965,0.3826068043708801,-0.19337031245231628,0.000515260617248714,0.0031177366618067026,0.04299840331077576,0.5550265041692648,0.19350139050961138,0.4221006012172702,-0.21375913657732337,0.0010785784524182276,0.0029859035138341795,,,,,,,,,,,,
1.34,grasp,,,,,,,,,,,,,,,,,,,,,0.5283746123313904,0.18473821878433228,0.40113961696624756,-0.20326179265975952,0.0005839254590682685,0.0030580575112253428,0.04299840331077576,0.5550265041692648,0.19350139050961138,0.4221006012172702,-0.21375913657732337,0.0010785784524182276,0.0029859035138341795,,,,,,,,,,,,
1.36,grasp,,,,,,,,,,,,,,,,,,,,,0.5797642469406128,0.20242564380168915,0.4382363259792328,-0.22423025965690613,0.00178824074100703,0.0029151509515941143,0.04299840331077576,0.6344687827036908,0.22068269482893318,0.4797607494243919,-0.24538922985145287,0.0023909509426701743,0.002775813054619005,,,,,,,,,,,,
1.3800000000000001,grasp,,,,,,,,,,,,,,,,,,,,,0.6063579320907593,0.21142077445983887,0.45777586102485657,-0.2344948649406433,0.001867142622359097,0.002852065721526742,0.04299840331077576,0.6344687827036908,0.22068269482893318,0.4797607494243919,-0.24538922985145287,0.0023909509426701743,0.002775813054619005,,,,,,,,,,,,
1.4,grasp,,,,,,,,,,,,,,,,,,,,,0.6599931120872498,0.22986122965812683,0.49649229645729065,-0.25654494762420654,0.0031101610511541367,0.002703901380300522,0.04299840331077576,0.7170845620765987,0.24892127245825002,0.5397229973539949,-0.278281914199564,0.0037555712166087315,0.0025573592040591133,,,,,,,,,,,,
1.42,grasp,,,,,,,,,,,,,,,,,,,,,0.6877469420433044,0.23924055695533752,0.5168766379356384,-0.26708945631980896,0.003195101162418723,0.002637909259647131,0.04299840331077576,0.7170845620765987,0.24892127245825002,0.5397229973539949,-0.278281914199564,0.0037555712166087315,0.0025573592040591133,,,,,,,,,,,,
1.44,grasp,,,,,,,,,,,,,,,,,,,,,0.7431719899177551,0.2582782506942749,0.5568857789039612,-0.2899624705314636,0.004441509023308754,0.002488688100129366,0.04299840331077576,0.8021661094149667,0.277976508553488,0.6014740958486214,-0.31215474153871303,0.005160648336623591,0.0023324313020684612,,,,,,,,,,,,
1.46,grasp,,,,,,,,,,,,,,,,,,,,,0.7718510627746582,0.2679629623889923,0.5779407620429993,-0.300727516412735,0.004541365895420313,0.0024169867392629385,0.04299840331077576,0.8021661094149667,0.277976508553488,0.6014740958486214,-0.31215474153871303,0.005160648336623591,0.0023324313020684612,,,,,,,,,,,,
1.48,grasp,,,,,,,,,,,,,,,,,,,,,0.8285860419273376,0.287434846162796,0.6188969016075134,-0.32414495944976807,0.0058646295219659805,0.002259594388306141,0.04299840331077576,0.8889714706555125,0.3075980633521448,0.6644758127663403,-0.3467131456362035,0.006594349933033893,0.0021029243737744245,,,,,,,,,,,,
1.5,grasp,,,,,,,,,,,,,,,,,,,,,0.8579393625259399,0.2973420023918152,0.6404392719268799,-0.3350922763347626,0.005983109585940838,0.0021894546225667,0.04299840331077576,0.8889714706555125,0.3075980633521448,0.6644758127663403,-0.3467131456362035,0.006594349933033893,0.0021029243737744245,,,,,,,,,,,,
1.52,grasp,,,,,,,,,,,,,,,,,,,,,0.9154877662658691,0.3170788288116455,0.6819850206375122,-0.3587699830532074,0.007274148985743523,0.002033327938988805,0.04299840331077576,0.9767355768666355,0.3375278480996582,0.7281729511499581,-0.38165334203093826,0.008044074693427748,0.001870850292444332,,,,,,,,,,,,
1.54,grasp,,,,,,,,,,,,,,,,,,,,,0.945260226726532,0.3271227478981018,0.7038241028785706,-0.36987000703811646,0.007397786248475313,0.0019589001312851906,0.04299840331077576,0.9767355768666355,0.3375278480996582,0.7281729511499581,-0.38165334203093826,0.008044074693427748,0.001870850292444332,,,,,,,,,,,,
1.56,grasp,,,,,,,,,,,,,,,,,,,,,1.003112554550171,0.3469518721103668,0.7455930709838867,-0.39353227615356445,0.008745158091187477,0.001797360717318952,0.04299840331077576,1.0646811494535684,0.3675029610769975,0.7920008804647168,-0.41666575760208463,0.00949658411553415,0.0016383235578379162,,,,,,,,,,,,
1.58,grasp,,,,,,,,,,,,,,,,,,,,,1.03303861618042,0.35704460740089417,0.7675350308418274,-0.40475359559059143,0.00888050440698862,0.001726255752146244,0.04299840331077576,1.0646811494535684,0.3675029610769975,0.7920008804647168,-0.41666575760208463,0.00949658411553415,0.0016383235578379162,,,,,,,,,,,,
1.6,grasp,,,,,,,,,,,,,,,,,,,,,1.0906838178634644,0.3767911195755005,0.8091579675674438,-0.4281417429447174,0.010169251821935177,0.0015689164865761995,0.04299840331077576,1.1520279059124212,0.3972590940802401,0.8553944670980836,-0.4514397346204474,0.010939059939309093,0.001407407401100544,,,,,,,,,,,,
1.62,grasp,,,,,,,,,,,,,,,,,,,,,1.1205006837844849,0.38684388995170593,0.83100825548172,-0.4394426643848419,0.010304669849574566,0.0014948667958378792,0.04299840331077576,1.1520279059124212,0.3972590940802401,0.8553944670980836,-0.4514397346204474,0.010939059939309093,0.001407407401100544,,,,,,,,,,,,
1.6400000000000001,grasp,,,,,,,,,,,,,,,,,,,,,1.1774263381958008,0.40633490681648254,0.8721174597740173,-0.4623274803161621,0.0116139966994524,0.0013364780461415648,0.04299840331077576,1.2380035029991838,0.42653567114563246,0.917793930999839,-0.4856680425035108,0.012358992569490983,0.001180106720538167,,,,,,,,,,,,
1.6600000000000001,grasp,,,,,,,,,,,,,,,,,,,,,1.2068685293197632,0.4162595272064209,0.8936829566955566,-0.4736492931842804,0.011761830188333988,0.001265506143681705,0.04299840331077576,1.2380035029991838,0.42653567114563246,0.917793930999839,-0.4856680425035108,0.012358992569490983,0.001180106720538167,,,,,,,,,,,,
1.6800000000000002,grasp,,,,,,,,,,,,,,,,,,,,,1.262575626373291,0.43532589077949524,0.9339171648025513,-0.4958552420139313,0.013019147329032421,0.0011112383799627423,0.04299840331077576,1.3218535914045002,0.45507949200297565,0.9786525524578209,-0.5190515283325451,0.013744110161639948,0.0009583714244744212,,,,,,,,,,,,
1.7000000000000002,grasp,,,,,,,,,,,,,,,,,,,,,1.2913850545883179,0.4450358748435974,0.9550090432167053,-0.5071069598197937,0.013165097683668137,0.0010412337724119425,0.04299840331077576,1.3218535914045002,0.45507949200297565,0.9786525524578209,-0.5190515283325451,0.013744110161639948,0.0009583714244744212,,,,,,,,,,,,
1.7200000000000002,grasp,,,,,,,,,,,,,,,,,,,,,1.345389723777771,0.4635132849216461,0.9940168261528015,-0.5285431742668152,0.014375121332705021,0.0008925075526349247,0.04299840331077576,1.402854258769544,0.4826446987906059,1.0374439641174362,-0.5513016777383474,0.015082070116768181,0.0007441886237713846,,,,,,,,,,,,
1.7400000000000002,grasp,,,,,,,,,,,,,,,,,,,,,1.3733173608779907,0.47292467951774597,1.0144541263580322,-0.5395832657814026,0.014521853998303413,0.0008244906202889979,0.04299840331077576,1.402854258769544,0.4826446987906059,1.0374439641174362,-0.5513016777383474,0.015082070116768181,0.0007441886237713846,,,,,,,,,,,,
1.7600000000000002,grasp,,,,,,,,,,,,,,,,,,,,,1.4251587390899658,0.49065735936164856,1.0518995523452759,-0.5602284669876099,0.015676919370889664,0.0006816831883043051,0.04299840331077576,1.4803198646227533,0.5089992747819309,1.0936709351387957,-0.5821463855556885,0.016361509813682767,0.0005393809098631624,,,,,,,,,,,,
1.7800000000000002,grasp,,,,,,,,,,,,,,,,,,,,,1.4519659280776978,0.4996897578239441,1.0715116262435913,-0.5708611607551575,0.01582370698451996,0.0006165074300952256,0.04299840331077576,1.4803198646227533,0.5089992747819309,1.0936709351387957,-0.5821463855556885,0.016361509813682767,0.0005393809098631624,,,,,,,,,,,,
1.8000000000000003,grasp,,,,,,,,,,,,,,,,,,,,,1.5012128353118896,0.516531765460968,1.1070865392684937,-0.5904930830001831,0.016915837302803993,0.00048080013948492706,0.04299840331077576,1.5536121238346376,0.5339298968927985,1.1468740422408652,-0.6113342268463344,0.017572603217330653,0.00034549888696956455,,,,,,,,,,,,
1.8200000000000003,grasp,,,,,,,,,,,,,,,,,,,,,1.526677131652832,0.5251109600067139,1.1257117986679077,-0.6006036996841431,0.017061222344636917,0.0004187566810287535,0.04299840331077576,1.5536121238346376,0.5339298968927985,1.1468740422408652,-0.6113342268463344,0.017572603217330653,0.00034549888696956455,,,,,,,,,,,,
1.8399999999999999,grasp,,,,,,,,,,,,,,,,,,,,,1.5729361772537231,0.5409287810325623,1.1591317653656006,-0.6190512180328369,0.018082395195961,0.00029137186356820166,0.04299840331077576,1.6221563338018699,0.5572413353431467,1.1966357568620418,-0.638633906271015,0.018705189540462488,0.0001641983125926385,,,,,,,,,,,,
1.8599999999999999,grasp,,,,,,,,,,,,,,,,,,,,,1.5968551635742188,0.548986554145813,1.1766231060028076,-0.6285520792007446,0.01822436787188053,0.00023301123292185366,0.04299840331077576,1.6221563338018699,0.5572413353431467,1.1966357568620418,-0.638633906271015,0.018705189540462488,0.0001641983125926385,,,,,,,,,,,,
1.88,grasp,,,,,,,,,,,,,,,,,,,,,1.6392542123794556,0.563945472240448,1.2072510719299316,-0.6449934840202332,0.019130129367113113,0.00011617944983299822,0.04299840331077576,1.6843647455265194,0.5793542880227163,1.2417884443337148,-0.6624442196934759,0.019681277377947455,-5.684328637921127e-07,,,,,,,,,,,,
1.9,grasp,,,,,,,,,,,,,,,,,,,,,1.6611759662628174,0.5715738534927368,1.2232730388641357,-0.6534611582756042,0.019253240898251534,6.258093344513327e-05,0.04299840331077576,1.6843647455265194,0.5793542880227163,1.2417884443337148,-0.6624442196934759,0.019681277377947455,-5.684328637921127e-07,,,,,,,,,,,,
1.92,grasp,,,,,,,,,,,,,,,,,,,,,1.6706688404083252,0.6005673408508301,1.2294824123382568,-0.6301035284996033,0.017955858260393143,3.4313692594878376e-05,0.04299840331077576,1.680716673526932,0.6324912792906437,1.2377059761553562,-0.6052646193892429,0.01667740939572857,1.4403550422182429e-06,,,,,,,,,,,,
1.94,grasp,,,,,,,,,,,,,,,,,,,,,1.6755496263504028,0.6164002418518066,1.2325407266616821,-0.6180710792541504,0.017312336713075638,1.8936874766950496e-05,0.04299840331077576,1.680716673526932,0.6324912792906437,1.2377059761553562,-0.6052646193892429,0.01667740939572857,1.4403550422182429e-06,,,,,,,,,,,,
1.96,grasp,,,,,,,,,,,,,,,,,,,,,1.676792860031128,0.6472410559654236,1.232613205909729,-0.5874257683753967,0.01573360152542591,1.0671048585209064e-05,0.04299840331077576,1.6781120383663681,0.6797446338262076,1.2345665526834706,-0.5548404712106296,0.014072389264388311,1.6792311496797668e-06,,,,,,,,,,,,
1.98,grasp,,,,,,,,,,,,,,,,,,,,,1.6774340867996216,0.6634009480476379,1.2325506210327148,-0.5716384053230286,0.014918423257768154,6.5864155658346135e-06,0.04299840331077576,1.6781120383663681,0.6797446338262076,1.2345665526834706,-0.5548404712106296,0.014072389264388311,1.6792311496797668e-06,,,,,,,,,,,,
2.0,grasp,,,,,,,,,,,,,,,,,,,,,1.6766666173934937,0.6916894316673279,1.2312365770339966,-0.5420129299163818,0.013399023562669754,4.349111350165913e-06,0.04299840331077576,1.6758272971004533,0.7212855068336693,1.2318127401431866,-0.5105105494946103,0.011787537067201847,1.888740852189969e-06,,,,,,,,,,,,
2.02,grasp,,,,,,,,,,,,,,,,,,,,,1.6762700080871582,0.7064468264579773,1.230459213256836,-0.526750922203064,0.012614362873136997,3.2348441436624853e-06,0.04299840331077576,1.6758272971004533,0.7212855068336693,1.2318127401431866,-0.5105105494946103,0.011787537067201847,1.888740852189969e-06,,,,,,,,,,,,
2.04,grasp,,,,,,,,,,,,,,,,,,,,,1.6751134395599365,0.7312129735946655,1.228981614112854,-0.5004076361656189,0.011260277591645718,2.6950328901875764e-06,0.04299840331077576,1.6738628056368356,0.7570058627122543,1.2294436938466804,-0.4723933057159804,0.009822762923224985,2.068911680366085e-06,,,,,,,,,,,,
2.06,grasp,,,,,,,,,,,,,,,,,,,,,1.674518346786499,0.7441216111183167,1.228119969367981,-0.4868365526199341,0.01056267973035574,2.410403112662607e-06,0.04299840331077576,1.6738628056368356,0.7570058627122543,1.2294436938466804,-0.4723933057159804,0.009822762923224985,2.068911680366085e-06,,,,,,,,,,,,
2.08,grasp,,,,,,,,,,,,,,,,,,,,,1.6734133958816528,0.7651407122612,1.2267911434173584,-0.464375376701355,0.009404873475432396,2.3355714802164584e-06,0.04299840331077576,1.6722157688148696,0.7869090479890041,1.2274576359032863,-0.44048612343258264,0.008175618655976638,2.2199690393424596e-06,,,,,,,,,,,,
2.1,grasp,,,,,,,,,,,,,,,,,,,,,1.6728434562683105,0.7760891318321228,1.2260117530822754,-0.4528043866157532,0.008809377439320087,2.2763238121115137e-06,0.04299840331077576,1.6722157688148696,0.7869090479890041,1.2274576359032863,-0.44048612343258264,0.008175618655976638,2.2199690393424596e-06,,,,,,,,,,,,
2.12,grasp,,,,,,,,,,,,,,,,,,,,,1.671902060508728,0.7933629751205444,1.2249045372009277,-0.43431973457336426,0.007853211835026741,2.33155810747121e-06,0.04299840331077576,1.6708787704444408,0.8111193880811992,1.225844858996444,-0.41465578011341786,0.006838654457093114,2.342579313246395e-06,,,,,,,,,,,,
2.14,grasp,,,,,,,,,,,,,,,,,,,,,1.6714154481887817,0.8023560643196106,1.224250316619873,-0.4247971773147583,0.007362335920333862,2.3196894289867487e-06,0.04299840331077576,1.6708787704444408,0.8111193880811992,1.225844858996444,-0.41465578011341786,0.006838654457093114,2.342579313246395e-06,,,,,,,,,,,,
2.16,grasp,,,,,,,,,,,,,,,,,,,,,1.6706620454788208,0.8160091042518616,1.2233730554580688,-0.4101812541484833,0.006603051908314228,2.4004652914300095e-06,0.04299840331077576,1.6698376005399476,0.8298919700631573,1.2245891072115154,-0.39462854676037085,0.005797746522681495,2.4380322674070854e-06,,,,,,,,,,,,
2.18,grasp,,,,,,,,,,,,,,,,,,,,,1.670270562171936,0.8231125473976135,1.2228528261184692,-0.40265175700187683,0.006213797256350517,2.3989261990209343e-06,0.04299840331077576,1.6698376005399476,0.8298919700631573,1.2245891072115154,-0.39462854676037085,0.005797746522681495,2.4380322674070854e-06,,,,,,,,,,,,
2.2,grasp,,,,,,,,,,,,,,,,,,,,,1.6696996688842773,0.8333687782287598,1.2221930027008057,-0.39167094230651855,0.00564011512324214,2.469433411533828e-06,0.04299840331077576,1.669071387372129,0.8436232329099438,1.2236645999660207,-0.37998113560684066,0.005031610539325734,2.5082883601896328e-06,,,,,,,,,,,,
2.22,grasp,,,,,,,,,,,,,,,,,,,,,1.669402003288269,0.838701605796814,1.2218016386032104,-0.38601410388946533,0.005346209276467562,2.470348135830136e-06,0.04299840331077576,1.669071387372129,0.8436232329099438,1.2236645999660207,-0.37998113560684066,0.005031610539325734,2.5082883601896328e-06,,,,,,,,,,,,
2.24,grasp,,,,,,,,,,,,,,,,,,,,,1.6689980030059814,0.8458849787712097,1.2213376760482788,-0.37832367420196533,0.004940945189446211,2.5220917905244278e-06,0.04299840331077576,1.6685505812602033,0.8528601109533734,1.22303572330306,-0.3701302710437942,0.004510721888545713,2.5560451145721662e-06,,,,,,,,,,,,
2.2600000000000002,grasp,,,,,,,,,,,,,,,,,,,,,1.6687864065170288,0.8496168851852417,1.2210636138916016,-0.3743617534637451,0.004733197391033173,2.52558902502642e-06,0.04299840331077576,1.6685505812602033,0.8528601109533734,1.22303572330306,-0.3701302710437942,0.004510721888545713,2.5560451145721662e-06,,,,,,,,,,,,
2.2800000000000002,grasp,,,,,,,,,,,,,,,,,,,,,1.6685261726379395,0.8541548848152161,1.2207673788070679,-0.3695051670074463,0.004473183304071426,2.5574345272616483e-06,0.04299840331077576,1.6682365101657912,0.858310392826622,1.222656561361091,-0.36432330692093723,0.0041966835714429196,2.5848361184736847e-06,,,,,,,,,,,,
2.3000000000000003,grasp,,,,,,,,,,,,,,,,,,,,,1.6683900356292725,0.8565100431442261,1.2205954790115356,-0.3670031726360321,0.0043396493420004845,2.5622941848268965e-06,0.04299840331077576,1.6682365101657912,0.858310392826622,1.222656561361091,-0.36432330692093723,0.0041966835714429196,2.5848361184736847e-06,,,,,,,,,,,,
2.3200000000000003,grasp,,,,,,,,,,,,,,,,,,,,,1.668248176574707,0.8589383363723755,1.2204355001449585,-0.3644048273563385,0.004197896923869848,2.5804429242271e-06,0.04299840331077576,1.668086861530687,0.8608478148653244,1.22247600124629,-0.361622907357187,0.004047025833213965,2.5985577778960457e-06,,,,,,,,,,,,
2.3400000000000003,grasp,,,,,,,,,,,,,,,,,,,,,1.6681733131408691,0.8601962327957153,1.2203446626663208,-0.3630661368370056,0.0041250064969062805,2.584888989076717e-06,0.04299840331077576,1.668086861530687,0.8608478148653244,1.22247600124629,-0.361622907357187,0.004047025833213965,2.5985577778960457e-06,,,,,,,,,,,,
2.36,grasp,,,,,,,,,,,,,,,,,,,,,1.6681149005889893,0.8611661791801453,1.2202814817428589,-0.3620268702507019,0.004067785106599331,2.5936305974028073e-06,0.04299840331077576,1.6680467107483565,0.8615254110630874,1.2224276071872746,-0.3609019506935678,0.004006892416814872,2.6022373842622337e-06,,,,,,,,,,,,
2.3782465884648265,grasp,,,,,,,,,,,,,,,,,,,,,1.668083667755127,0.8616807460784912,1.220247507095337,-0.36148086190223694,0.00403774855658412,2.5955293949664338e-06,0.04299840331077576,1.6680455207824707,0.8615456819534302,1.222426176071167,-0.36088037490844727,0.004005691967904568,2.6023474219982745e-06,,,,,,,,,,,,
2.3782465884648265,grasp,,,,,,,,,,,,,,,,,,,,,,,,,,,0.04299997352063656,,,,,,,0.0,,,,,,,,,,,
2.3982465884648265,grasp,,,,,,,,,,,,,,,,,,,,,,,,,,,0.04298579320311546,,,,,,,0.0,,,,,,,,,,,
2.4182465884648265,grasp,,,,,,,,,,,,,,,,,,,,,,,,,,,0.04289085790514946,,,,,,,0.0,,,,,,,,,,,
2.4382465884648266,grasp,,,,,,,,,,,,,,,,,,,,,,,,,,,0.04266217164695263,,,,,,,0.0,,,,,,,,,,,
2.4582465884648266,grasp,,,,,,,,,,,,,,,,,,,,,,,,,,,0.042276835069060326,,,,,,,0.0,,,,,,,,,,,
2.4782465884648266,grasp,,,,,,,,,,,,,,,,,,,,,,,,,,,0.04170403070747852,,,,,,,0.0,,,,,,,,,,,
2.4982465884648266,grasp,,,,,,,,,,,,,,,,,,,,,,,,,,,0.04092513769865036,,,,,,,0.0,,,,,,,,,,,
2.5182465884648266,grasp,,,,,,,,,,,,,,,,,,,,,,,,,,,0.0399345587939024,,,,,,,0.0,,,,,,,,,,,
2.5382465884648266,grasp,,,,,,,,,,,,,,,,,,,,,,,,,,,0.038728201761841774,,,,,,,0.0,,,,,,,,,,,
2.5582465884648267,grasp,,,,,,,,,,,,,,,,,,,,,,,,,,,0.03731549717485905,,,,,,,0.0,,,,,,,,,,,
2.5782465884648267,grasp,,,,,,,,,,,,,,,,,,,,,,,,,,,0.03694445639848709,,,,,,,0.0,,,,,,,,,,,
2.5982465884648267,grasp,,,,,,,,,,,,,,,,,,,,,,,,,,,0.03691956214606762,,,,,,,0.0,,,,,,,,,,,
2.6182465884648263,grasp,,,,,,,,,,,,,,,,,,,,,,,,,,,0.03688165731728077,,,,,,,0.0,,,,,,,,,,,
2.6382465884648267,grasp,,,,,,,,,,,,,,,,,,,,,,,,,,,0.03683101944625378,,,,,,,0.0,,,,,,,,,,,
2.6582465884648263,grasp,,,,,,,,,,,,,,,,,,,,,,,,,,,0.036766886711120605,,,,,,,0.0,,,,,,,,,,,
2.6782465884648263,grasp,,,,,,,,,,,,,,,,,,,,,,,,,,,0.036702752113342285,,,,,,,0.0,,,,,,,,,,,
2.6982465884648263,grasp,,,,,,,,,,,,,,,,,,,,,,,,,,,0.03659620322287083,,,,,,,0.0,,,,,,,,,,,
2.7182465884648264,grasp,,,,,,,,,,,,,,,,,,,,,,,,,,,0.036483507603406906,,,,,,,0.0,,,,,,,,,,,
2.7382465884648264,grasp,,,,,,,,,,,,,,,,,,,,,,,,,,,0.03629147633910179,,,,,,,0.0,,,,,,,,,,,
2.7582465884648264,grasp,,,,,,,,,,,,,,,,,,,,,,,,,,,0.03614451736211777,,,,,,,0.0,,,,,,,,,,,
2.7782465884648264,grasp,,,,,,,,,,,,,,,,,,,,,,,,,,,0.036003414541482925,,,,,,,0.0,,,,,,,,,,,
2.7982465884648264,grasp,,,,,,,,,,,,,,,,,,,,,,,,,,,0.0357209499925375,,,,,,,0.0,,,,,,,,,,,
2.8182465884648265,grasp,,,,,,,,,,,,,,,,,,,,,,,,,,,0.03548567742109299,,,,,,,0.0,,,,,,,,,,,
2.8382465884648265,grasp,,,,,,,,,,,,,,,,,,,,,,,,,,,0.035347769036889076,,,,,,,0.0,,,,,,,,,,,
2.8582465884648265,grasp,,,,,,,,,,,,,,,,,,,,,,,,,,,0.03523222170770168,,,,,,,0.0,,,,,,,,,,,
2.8782465884648265,grasp,,,,,,,,,,,,,,,,,,,,,,,,,,,0.03520185500383377,,,,,,,0.0,,,,,,,,,,,
2.8982465884648265,grasp,,,,,,,,,,,,,,,,,,,,,,,,,,,0.03518497385084629,,,,,,,0.0,,,,,,,,,,,
2.9182465884648265,grasp,,,,,,,,,,,,,,,,,,,,,,,,,,,0.03517086245119572,,,,,,,0.0,,,,,,,,,,,
2.9382465884648266,grasp,,,,,,,,,,,,,,,,,,,,,,,,,,,0.03515950217843056,,,,,,,0.0,,,,,,,,,,,
2.9582465884648266,grasp,,,,,,,,,,,,,,,,,,,,,,,,,,,0.0351509265601635,,,,,,,0.0,,,,,,,,,,,
2.9782465884648266,grasp,,,,,,,,,,,,,,,,,,,,,,,,,,,0.035144735127687454,,,,,,,0.0,,,,,,,,,,,
2.9982465884648266,grasp,,,,,,,,,,,,,,,,,,,,,,,,,,,0.03514070622622967,,,,,,,0.0,,,,,,,,,,,
3.0182465884648266,grasp,,,,,,,,,,,,,,,,,,,,,,,,,,,0.035138463601469994,,,,,,,0.0,,,,,,,,,,,
3.0382465884648266,grasp,,,,,,,,,,,,,,,,,,,,,,,,,,,0.03513767383992672,,,,,,,0.0,,,,,,,,,,,
3.0582465884648267,grasp,,,,,,,,,,,,,,,,,,,,,,,,,,,0.0351374875754118,,,,,,,0.0,,,,,,,,,,,
3.0582465884648267,grasp,,,,,,,,,,,,,,,,,,,,,1.6686232089996338,0.8618298768997192,1.2230559587478638,-0.3608780801296234,0.0024614213034510612,0.00710997823625803,0.0351374875754118,1.6680455207824707,0.8615456819534302,1.222426176071167,-0.36088037490844727,0.004005691967904568,2.6023474219982745e-06,,,,,,,,,,,,
3.0782465884648267,grasp,,,,,,,,,,,,,,,,,,,,,1.6686238050460815,0.8618168830871582,1.2230511903762817,-0.36087819933891296,0.002466800156980753,0.006813422776758671,0.0351374875754118,1.6680455207824707,0.8615456819534302,1.222426176071167,-0.36088037490844727,0.004005691967904568,2.6023474219982745e-06,,,,,,,,,,,,
3.0982465884648267,grasp,,,,,,,,,,,,,,,,,,,,,1.6686292886734009,0.8617561459541321,1.2230337858200073,-0.3609398305416107,0.002467351034283638,0.006660753861069679,0.0351374875754118,1.6680525033759512,0.8614269421083502,1.2224345773320295,-0.36100674999665927,0.00401272373366806,2.601702835861884e-06,,,,,,,,,,,,
3.1182465884648267,grasp,,,,,,,,,,,,,,,,,,,,,1.6686335802078247,0.8617261052131653,1.2230236530303955,-0.36097151041030884,0.002465585246682167,0.006582164671272039,0.0351374875754118,1.6680525033759512,0.8614269421083502,1.2224345773320295,-0.36100674999665927,0.00401272373366806,2.601702835861884e-06,,,,,,,,,,,,
3.1382465884648267,grasp,,,,,,,,,,,,,,,,,,,,,1.6686971187591553,0.8612985610961914,1.2230814695358276,-0.3614029288291931,0.0024134935811161995,0.00653751939535141,0.0351374875754118,1.6681002230223454,0.8606223213164408,1.2224921140190377,-0.3618628331259776,0.0040603684048960914,2.5973344323129262e-06,,,,,,,,,,,,
3.1582465884648268,grasp,,,,,,,,,,,,,,,,,,,,,1.6687194108963013,0.8610907196998596,1.2229092121124268,-0.36162707209587097,0.002425755839794874,0.0065046451054513454,0.0351374875754118,1.6681002230223454,0.8606223213164408,1.2224921140190377,-0.3618628331259776,0.0040603684048960914,2.5973344323129262e-06,,,,,,,,,,,,
3.1782465884648268,grasp,,,,,,,,,,,,,,,,,,,,,1.6687557697296143,0.860029399394989,1.2224135398864746,-0.36283308267593384,0.002579581458121538,0.00649022264406085,0.0351374875754118,1.6682241345398998,0.858519492749193,1.2226416305611127,-0.3641008165251688,0.0041843020203702515,2.5859713626042436e-06,,,,,,,,,,,,
3.198246588464827,grasp,,,,,,,,,,,,,,,,,,,,,1.6687548160552979,0.8594933152198792,1.2220983505249023,-0.3634548485279083,0.0027023362927138805,0.006481322459876537,0.0351374875754118,1.6682241345398998,0.858519492749193,1.2226416305611127,-0.3641008165251688,0.0041843020203702515,2.5859713626042436e-06,,,,,,,,,,,,
3.218246588464827,grasp,,,,,,,,,,,,,,,,,,,,,1.6688103675842285,0.8573962450027466,1.2216874361038208,-0.3658120930194855,0.0029606991447508335,0.006470280699431896,0.0351374875754118,1.6684525750203376,0.8545834667757035,1.2229174405543668,-0.3682929509862861,0.00441268749118319,2.5650326190841653e-06,,,,,,,,,,,,
3.238246588464827,grasp,,,,,,,,,,,,,,,,,,,,,1.6687244176864624,0.8562854528427124,1.2215766906738281,-0.3670237958431244,0.0033747737761586905,0.006451656110584736,0.0351374875754118,1.6684525750203376,0.8545834667757035,1.2229174405543668,-0.3682929509862861,0.00441268749118319,2.5650326190841653e-06,,,,,,,,,,,,
3.258246588464827,grasp,,,,,,,,,,,,,,,,,,,,,1.6687617301940918,0.852810800075531,1.221096396446228,-0.37087300419807434,0.004032116383314133,0.006428644526749849,0.0351374875754118,1.668805779449795,0.8483540326197132,1.2233438043577154,-0.37493510070424096,0.0047659824417390214,2.532642934418962e-06,,,,,,,,,,,,
3.278246588464827,grasp,,,,,,,,,,,,,,,,,,,,,1.6688367128372192,0.8509854674339294,1.221142292022705,-0.3728528320789337,0.004240762908011675,0.006416274234652519,0.0351374875754118,1.668805779449795,0.8483540326197132,1.2233438043577154,-0.37493510070424096,0.0047659824417390214,2.532642934418962e-06,,,,,,,,,,,,
3.298246588464827,grasp,,,,,,,,,,,,,,,,,,,,,1.669070839881897,0.845754086971283,1.2211599349975586,-0.3784857392311096,0.004642219748347998,0.006411085370928049,0.0351374875754118,1.6693053802717666,0.8394387622753158,1.2239468580731756,-0.38444472362667664,0.005265534975638464,2.486837848565581e-06,,,,,,,,,,,,
3.3182465884648265,grasp,,,,,,,,,,,,,,,,,,,,,1.669169545173645,0.8429993391036987,1.2209466695785522,-0.3813896179199219,0.004922706633806229,0.006406355183571577,0.0351374875754118,1.6693053802717666,0.8394387622753158,1.2239468580731756,-0.38444472362667664,0.005265534975638464,2.486837848565581e-06,,,,,,,,,,,,
3.338246588464827,grasp,,,,,,,,,,,,,,,,,,,,,1.6695411205291748,0.8359421491622925,1.2214252948760986,-0.3890514075756073,0.005422793794423342,0.006400107406079769,0.0351374875754118,1.6699698545682393,0.8275122142926505,1.2247486268950478,-0.3971672699253897,0.005929969675722106,2.4259071971319932e-06,,,,,,,,,,,,
3.3582465884648265,grasp,,,,,,,,,,,,,,,,,,,,,1.6697649955749512,0.8321733474731445,1.2216315269470215,-0.39299964904785156,0.005599699914455414,0.0063919988460838795,0.0351374875754118,1.6699698545682393,0.8275122142926505,1.2247486268950478,-0.3971672699253897,0.005929969675722106,2.4259071971319932e-06,,,,,,,,,,,,
3.3782465884648265,grasp,,,,,,,,,,,,,,,,,,,,,1.6702622175216675,0.8229146003723145,1.2222360372543335,-0.40289393067359924,0.006152241490781307,0.006390292663127184,0.0351374875754118,1.6708125921333938,0.8123141466283029,1.2257650304775383,-0.41338115558998006,0.006772487945670429,2.3486469442835395e-06,,,,,,,,,,,,
3.3982465884648265,grasp,,,,,,,,,,,,,,,,,,,,,1.670535922050476,0.818082332611084,1.2226299047470093,-0.40799084305763245,0.006399471312761307,0.006390165537595749,0.0351374875754118,1.6708125921333938,0.8123141466283029,1.2257650304775383,-0.41338115558998006,0.006772487945670429,2.3486469442835395e-06,,,,,,,,,,,,
3.4182465884648265,grasp,,,,,,,,,,,,,,,,,,,,,1.6711636781692505,0.8066073060035706,1.223364233970642,-0.42027390003204346,0.007049874402582645,0.006389521062374115,0.0351374875754118,1.671844184362895,0.7936449744006774,1.227009440129028,-0.433299277624485,0.007804037065678304,2.254046606501768e-06,,,,,,,,,,,,
3.4382465884648266,grasp,,,,,,,,,,,,,,,,,,,,,1.671496868133545,0.8006132245063782,1.2238259315490723,-0.4266013503074646,0.007369332946836948,0.006389467045664787,0.0351374875754118,1.671844184362895,0.7936449744006774,1.227009440129028,-0.433299277624485,0.007804037065678304,2.254046606501768e-06,,,,,,,,,,,,
3.4582465884648266,grasp,,,,,,,,,,,,,,,,,,,,,1.672255039215088,0.7868015170097351,1.224705696105957,-0.4413876235485077,0.008142021484673023,0.006389193702489138,0.0351374875754118,1.6730724364020273,0.7713633644238628,1.2284906881143551,-0.45707322300951025,0.009032305733470872,2.1414030027483663e-06,,,,,,,,,,,,
3.4782465884648266,grasp,,,,,,,,,,,,,,,,,,,,,1.6726537942886353,0.7795870304107666,1.2252516746520996,-0.4490046799182892,0.008528411388397217,0.006389218848198652,0.0351374875754118,1.6730724364020273,0.7713633644238628,1.2284906881143551,-0.45707322300951025,0.009032305733470872,2.1414030027483663e-06,,,,,,,,,,,,
3.4982465884648266,grasp,,,,,,,,,,,,,,,,,,,,,1.67354416847229,0.7633678913116455,1.2262890338897705,-0.4663698971271515,0.009431269951164722,0.006389081943780184,0.0351374875754118,1.6745021793416732,0.7453827213530778,1.230214783688248,-0.4847961354827689,0.010462253959797796,2.01026743527598e-06,,,,,,,,,,,,
3.5182465884648266,grasp,,,,,,,,,,,,,,,,,,,,,1.674009919166565,0.754895806312561,1.226920247077942,-0.4753156304359436,0.009886622428894043,0.006389100570231676,0.0351374875754118,1.6745021793416732,0.7453827213530778,1.230214783688248,-0.4847961354827689,0.010462253959797796,2.01026743527598e-06,,,,,,,,,,,,
3.5382465884648266,grasp,,,,,,,,,,,,,,,,,,,,,1.6750372648239136,0.7362337112426758,1.2281204462051392,-0.4952981770038605,0.01092158630490303,0.006388992536813021,0.0351374875754118,1.6761362307322099,0.7156676278496822,1.2321851528165517,-0.5165055819167391,0.012096470608452377,1.8604133324395047e-06,,,,,,,,,,,,
3.5582465884648267,grasp,,,,,,,,,,,,,,,,,,,,,1.6755694150924683,0.7264842391014099,1.228836178779602,-0.5055920481681824,0.01144815981388092,0.0063889287412166595,0.0351374875754118,1.6761362307322099,0.7156676278496822,1.2321851528165517,-0.5165055819167391,0.012096470608452377,1.8604133324395047e-06,,,,,,,,,,,,
3.5782465884648267,grasp,,,,,,,,,,,,,,,,,,,,,1.6767327785491943,0.7053762078285217,1.230204701423645,-0.5281948447227478,0.012614679522812366,0.0063888756558299065,0.0351374875754118,1.6779752202305487,0.6822309805581855,1.2344016318108817,-0.5521872045911923,0.013935570435958273,1.6917771947709545e-06,,,,,,,,,,,,
3.5982465884648267,grasp,,,,,,,,,,,,,,,,,,,,,1.677333116531372,0.69434654712677,1.2310017347335815,-0.5398392677307129,0.013214951381087303,0.006388683337718248,0.0351374875754118,1.6779752202305487,0.6822309805581855,1.2344016318108817,-0.5521872045911923,0.013935570435958273,1.6917771947709545e-06,,,,,,,,,,,,
3.6182465884648267,grasp,,,,,,,,,,,,,,,,,,,,,1.678633689880371,0.6708201169967651,1.232542872428894,-0.5650324821472168,0.01451118104159832,0.006388802081346512,0.0351374875754118,1.6800188075059947,0.6451306877534199,1.2368649451191756,-0.5917775065459102,0.015979417839001222,1.5043606637910793e-06,,,,,,,,,,,,
3.6382465884648267,grasp,,,,,,,,,,,,,,,,,,,,,1.6793004274368286,0.658523678779602,1.2334177494049072,-0.5780113339424133,0.015187290497124195,0.006388430949300528,0.0351374875754118,1.6800188075059947,0.6451306877534199,1.2368649451191756,-0.5917775065459102,0.015979417839001222,1.5043606637910793e-06,,,,,,,,,,,,
3.6582465884648268,grasp,,,,,,,,,,,,,,,,,,,,,1.6808881759643555,0.632554292678833,1.235248327255249,-0.6059286594390869,0.016627684235572815,0.006388223264366388,0.0351374875754118,1.6825783558504042,0.6042992206219825,1.2398094883745412,-0.6355688974409438,0.018251772422189533,5.23267148305143e-07,,,,,,,,,,,,
3.6782465884648268,grasp,,,,,,,,,,,,,,,,,,,,,1.681701898574829,0.6189754009246826,1.236257553100586,-0.6203112006187439,0.01738034375011921,0.006387605331838131,0.0351374875754118,1.6825783558504042,0.6042992206219825,1.2398094883745412,-0.6355688974409438,0.018251772422189533,5.23267148305143e-07,,,,,,,,,,,,
3.698246588464827,grasp,,,,,,,,,,,,,,,,,,,,,1.6737569570541382,0.5960136651992798,1.2310289144515991,-0.6378712058067322,0.01804104819893837,0.006419861689209938,0.0351374875754118,1.6651300868756795,0.5711238643003309,1.227862655820387,-0.6565049159633068,0.019456482840479163,5.059985553644632e-05,,,,,,,,,,,,
3.718246588464827,grasp,,,,,,,,,,,,,,,,,,,,,1.6695027351379395,0.5840973854064941,1.2282347679138184,-0.6469180583953857,0.018985381349921227,0.006420430727303028,0.0351374875754118,1.6651300868756795,0.5711238643003309,1.227862655820387,-0.6565049159633068,0.019456482840479163,5.059985553644632e-05,,,,,,,,,,,,
3.738246588464827,grasp,,,,,,,,,,,,,,,,,,,,,1.6421313285827637,0.569648027420044,1.2085074186325073,-0.6410714387893677,0.017872394993901253,0.006518044043332338,0.0351374875754118,1.6126107905581912,0.5539950979548287,1.1897052231568797,-0.6348317338441459,0.018547467342765404,0.00018944481067012978,,,,,,,,,,,,
3.758246588464827,grasp,,,,,,,,,,,,,,,,,,,,,1.6276193857192993,0.5623213648796082,1.1980102062225342,-0.638060986995697,0.018956387415528297,0.006524649448692799,0.0351374875754118,1.6126107905581912,0.5539950979548287,1.1897052231568797,-0.6348317338441459,0.018547467342765404,0.00018944481067012978,,,,,,,,,,,,
3.7782465884648264,grasp,,,,,,,,,,,,,,,,,,,,,1.5939044952392578,0.5494149923324585,1.1735332012176514,-0.6258848905563354,0.01728738471865654,0.006645428016781807,0.0351374875754118,1.5575937866619542,0.535284180402045,1.1497644650276704,-0.6129200019765493,0.01763840963912504,0.0003349637025441301,,,,,,,,,,,,
3.798246588464827,grasp,,,,,,,,,,,,,,,,,,,,,1.5760746002197266,0.5428546071052551,1.1606007814407349,-0.619614839553833,0.018316615372896194,0.0066579668782651424,0.0351374875754118,1.5575937866619542,0.535284180402045,1.1497644650276704,-0.6129200019765493,0.01763840963912504,0.0003349637025441301,,,,,,,,,,,,
3.8182465884648265,grasp,,,,,,,,,,,,,,,,,,,,,1.5391989946365356,0.5298200845718384,1.1338226795196533,-0.6051684021949768,0.01645321398973465,0.006788899190723896,0.0351374875754118,1.499517486034971,0.5155297520214085,1.1076060584758396,-0.5897912022777215,0.016678684487075452,0.000488606045360448,,,,,,,,,,,,
3.838246588464827,grasp,,,,,,,,,,,,,,,,,,,,,1.5197235345840454,0.5231917500495911,1.1196911334991455,-0.5977293848991394,0.01747179590165615,0.006804673466831446,0.0351374875754118,1.499517486034971,0.5155297520214085,1.1076060584758396,-0.5897912022777215,0.016678684487075452,0.000488606045360448,,,,,,,,,,,,
3.8582465884648265,grasp,,,,,,,,,,,,,,,,,,,,,1.480675220489502,0.5096574425697327,1.091349482536316,-0.5821466445922852,0.015488479286432266,0.006943835876882076,0.0351374875754118,1.438670630030957,0.49483058658542106,1.0634402195585917,-0.5655622743658303,0.01567358464998922,0.0006495021571816253,,,,,,,,,,,,
3.878246588464827,grasp,,,,,,,,,,,,,,,,,,,,,1.4600627422332764,0.5027742385864258,1.0763925313949585,-0.5741226077079773,0.016534514725208282,0.00696150679141283,0.0351374875754118,1.438670630030957,0.49483058658542106,1.0634402195585917,-0.5655622743658303,0.01567358464998922,0.0006495021571816253,,,,,,,,,,,,
3.8982465884648265,grasp,,,,,,,,,,,,,,,,,,,,,1.4192571640014648,0.4886970520019531,1.046777606010437,-0.5577659010887146,0.014451094903051853,0.007106900215148926,0.0351374875754118,1.3753694651431259,0.4732924264068911,1.017495111811499,-0.5403586202526466,0.014628122366390769,0.0008168555314134736,,,,,,,,,,,,
3.9182465884648265,grasp,,,,,,,,,,,,,,,,,,,,,1.3977211713790894,0.4815375506877899,1.0311495065689087,-0.5493430495262146,0.015540448017418385,0.007125327829271555,0.0351374875754118,1.3753694651431259,0.4732924264068911,1.017495111811499,-0.5403586202526466,0.014628122366390769,0.0008168555314134736,,,,,,,,,,,,
3.9382465884648266,grasp,,,,,,,,,,,,,,,,,,,,,1.3554328680038452,0.4669625759124756,1.0004616975784302,-0.5323729515075684,0.013366973027586937,0.007276250049471855,0.0351374875754118,1.3099529581351186,0.45102889030461135,0.9700149301466904,-0.5143133965623516,0.013547515657487474,0.000989843438629432,,,,,,,,,,,,
3.9582465884648266,grasp,,,,,,,,,,,,,,,,,,,,,1.333115577697754,0.4595499038696289,0.9842638373374939,-0.5236336588859558,0.014503316022455692,0.007295174058526754,0.0351374875754118,1.3099529581351186,0.45102889030461135,0.9700149301466904,-0.5143133965623516,0.013547515657487474,0.000989843438629432,,,,,,,,,,,,
3.9782465884648266,grasp,,,,,,,,,,,,,,,,,,,,,1.2895886898040771,0.4445492923259735,0.9526810050010681,-0.5061615705490112,0.0122523857280612,0.0074509126134216785,0.0351374875754118,1.2427772560989185,0.4281611022804749,0.9212586591102139,-0.4875685598603598,0.012437835686619209,0.0011674856701343334,,,,,,,,,,,,
3.9982465884648266,grasp,,,,,,,,,,,,,,,,,,,,,1.2666170597076416,0.4369202256202698,0.9360066056251526,-0.4971637427806854,0.013431970030069351,0.007470239885151386,0.0351374875754118,1.2427772560989185,0.4281611022804749,0.9212586591102139,-0.4875685598603598,0.012437835686619209,0.0011674856701343334,,,,,,,,,,,,
4.018246588464827,grasp,,,,,,,,,,,,,,,,,,,,,1.2220946550369263,0.42157289385795593,0.90370112657547,-0.47929126024246216,0.011112942360341549,0.007630017586052418,0.0351374875754118,1.174214028748509,0.4048149786986054,0.8714965776993151,-0.4602723225476998,0.011305453982039318,0.0013487556090964058,,,,,,,,,,,,
4.038246588464826,grasp,,,,,,,,,,,,,,,,,,,,,1.1985974311828613,0.41376787424087524,0.8866428136825562,-0.47008663415908813,0.012331221252679825,0.007649425882846117,0.0351374875754118,1.174214028748509,0.4048149786986054,0.8714965776993151,-0.4602723225476998,0.011305453982039318,0.0013487556090964058,,,,,,,,,,,,
4.058246588464827,grasp,,,,,,,,,,,,,,,,,,,,,1.1533294916152954,0.3981589376926422,0.8537985682487488,-0.4519147276878357,0.00995716080069542,0.0078122736886143684,0.0351374875754118,1.1046476763960242,0.38112027598913906,0.8210072717429734,-0.432577022023796,0.010156611930071542,0.001532662540848906,,,,,,,,,,,,
4.078246588464827,grasp,,,,,,,,,,,,,,,,,,,,,1.129438042640686,0.39022138714790344,0.8364506959915161,-0.44255530834198,0.011208437383174896,0.007831715047359467,0.0351374875754118,1.1046476763960242,0.38112027598913906,0.8210072717429734,-0.432577022023796,0.010156611930071542,0.001532662540848906,,,,,,,,,,,,
4.098246588464827,grasp,,,,,,,,,,,,,,,,,,,,,1.083680272102356,0.3744368553161621,0.803253173828125,-0.4241864085197449,0.008794049732387066,0.00799652375280857,0.0351374875754118,1.0344714943724027,0.3572080625872998,0.770075778909041,-0.404638866046398,0.00899766719033414,0.0017181936863680577,,,,,,,,,,,,
4.118246588464826,grasp,,,,,,,,,,,,,,,,,,,,,1.0595289468765259,0.3664107322692871,0.7857123017311096,-0.4147252142429352,0.010069183073937893,0.00801599770784378,0.0351374875754118,1.0344714943724027,0.3572080625872998,0.770075778909041,-0.404638866046398,0.00899766719033414,0.0017181936863680577,,,,,,,,,,,,
4.138246588464827,grasp,,,,,,,,,,,,,,,,,,,,,1.013541340827942,0.3505397140979767,0.7523501515388489,-0.3962632119655609,0.007625213824212551,0.008182202465832233,0.0351374875754118,0.9640833461417557,0.33321429629062876,0.7189903073086554,-0.3766162982651325,0.007835087989530306,0.0019043057088668114,,,,,,,,,,,,
4.158246588464827,grasp,,,,,,,,,,,,,,,,,,,,,0.989266574382782,0.3424707353115082,0.7347163558006287,-0.3867533802986145,0.00892140157520771,0.00820151250809431,0.0351374875754118,0.9640833461417557,0.33321429629062876,0.7189903073086554,-0.3766162982651325,0.007835087989530306,0.0019043057088668114,,,,,,,,,,,,
4.178246588464827,grasp,,,,,,,,,,,,,,,,,,,,,0.9433090686798096,0.3266019821166992,0.7013753652572632,-0.3683035671710968,0.006464733742177486,0.008368072099983692,0.0351374875754118,0.893883402215035,0.3092731197487253,0.6680407718833759,-0.34866865825770293,0.006675492137345732,0.0020899351010953047,,,,,,,,,,,,
4.198246588464826,grasp,,,,,,,,,,,,,,,,,,,,,0.9190487265586853,0.31853535771369934,0.6837487816810608,-0.35879942774772644,0.007769396528601646,0.008387038484215736,0.0351374875754118,0.893883402215035,0.3092731197487253,0.6680407718833759,-0.34866865825770293,0.006675492137345732,0.0020899351010953047,,,,,,,,,,,,
4.218246588464827,grasp,,,,,,,,,,,,,,,,,,,,,0.8733835220336914,0.30275869369506836,0.650620698928833,-0.34046605229377747,0.005310731008648872,0.008553084917366505,0.0351374875754118,0.8242692914049964,0.28552089623298843,0.6175161481978741,-0.32095430332650793,0.005525676390418589,0.002273997388076404,,,,,,,,,,,,
4.238246588464826,grasp,,,,,,,,,,,,,,,,,,,,,0.849273681640625,0.2947405278682709,0.6330990195274353,-0.3310212194919586,0.0066201332956552505,0.008571632206439972,0.0351374875754118,0.8242692914049964,0.28552089623298843,0.6175161481978741,-0.32095430332650793,0.005525676390418589,0.002273997388076404,,,,,,,,,,,,
4.258246588464827,grasp,,,,,,,,,,,,,,,,,,,,,0.8041591644287109,0.2791435420513153,0.6003715991973877,-0.3129081428050995,0.004173947032541037,0.008735894225537777,0.0351374875754118,0.755634546661413,0.2620888009379208,0.5677021629451525,-0.2936296620527802,0.004392215573129105,0.002455443342164044,,,,,,,,,,,,
4.278246588464826,grasp,,,,,,,,,,,,,,,,,,,,,0.780336856842041,0.27121856808662415,0.5830546617507935,-0.30357620120048523,0.005480825901031494,0.008753858506679535,0.0351374875754118,0.755634546661413,0.2620888009379208,0.5677021629451525,-0.2936296620527802,0.004392215573129105,0.002455443342164044,,,,,,,,,,,,
4.298246588464827,grasp,,,,,,,,,,,,,,,,,,,,,0.7360262870788574,0.25588834285736084,0.5509119629859924,-0.28578466176986694,0.0030638398602604866,0.00891565065830946,0.0351374875754118,0.6883640249837355,0.23910784603008164,0.5188778448496484,-0.26684730565687836,0.0032812164116138233,0.0026332955851365095,,,,,,,,,,,,
4.3182465884648265,grasp,,,,,,,,,,,,,,,,,,,,,0.71262526512146,0.2481011152267456,0.5338966846466064,-0.2766176462173462,0.004357196856290102,0.008933128789067268,0.0351374875754118,0.6883640249837355,0.23910784603008164,0.5188778448496484,-0.26684730565687836,0.0032812164116138233,0.0026332955851365095,,,,,,,,,,,,
4.338246588464827,grasp,,,,,,,,,,,,,,,,,,,,,0.6693658828735352,0.2331215888261795,0.5025174021720886,-0.25924673676490784,0.001983099617063999,0.009091534651815891,0.0351374875754118,0.6228309374115248,0.21670319730909987,0.4713139873691557,-0.240755641522013,0.002198702228910873,0.002806589120086986,,,,,,,,,,,,
4.3582465884648265,grasp,,,,,,,,,,,,,,,,,,,,,0.6465165019035339,0.22551482915878296,0.48589858412742615,-0.2502956688404083,0.0032556182704865932,0.009108294732868671,0.0351374875754118,0.6228309374115248,0.21670319730909987,0.4713139873691557,-0.240755641522013,0.002198702228910873,0.002806589120086986,,,,,,,,,,,,
4.378246588464827,grasp,,,,,,,,,,,,,,,,,,,,,0.6045451760292053,0.2109670639038086,0.45545467734336853,-0.23344087600708008,0.0009384937584400177,0.009262405335903168,0.0351374875754118,0.5593930002159226,0.19499585203587225,0.4252698810879783,-0.21549766944971843,0.0011507124486468772,0.0029743559920915683,,,,,,,,,,,,
4.3982465884648265,grasp,,,,,,,,,,,,,,,,,,,,,0.582372784614563,0.20358215272426605,0.4393232762813568,-0.22475506365299225,0.0021820683032274246,0.009278458543121815,0.0351374875754118,0.5593930002159226,0.19499585203587225,0.4252698810879783,-0.21549766944971843,0.0011507124486468772,0.0029743559920915683,,,,,,,,,,,,
4.418246588464827,grasp,,,,,,,,,,,,,,,,,,,,,0.5419154167175293,0.1895449161529541,0.4099785089492798,-0.20850735902786255,-6.435575778596103e-05,0.009427433833479881,0.0351374875754118,0.4983886652889968,0.17410318541589886,0.38099105453217,-0.19120868070981656,0.0001429692517166993,0.0031356796418098676,,,,,,,,,,,,
4.438246588464827,grasp,,,,,,,,,,,,,,,,,,,,,0.5205389857292175,0.18242187798023224,0.39442160725593567,-0.20013365149497986,0.0011422715615481138,0.009442628361284733,0.0351374875754118,0.4983886652889968,0.17410318541589886,0.38099105453217,-0.19120868070981656,0.0001429692517166993,0.0031356796418098676,,,,,,,,,,,,
4.458246588464827,grasp,,,,,,,,,,,,,,,,,,,,,0.48180824518203735,0.16896726191043854,0.3663299083709717,-0.1845783293247223,-0.0010208172025159001,0.009585647843778133,0.0351374875754118,0.44013557687708516,0.1541304166096258,0.33870761446167363,-0.16801507590200201,-0.0008192375823269438,0.0032897117044263123,,,,,,,,,,,,
4.478246588464827,grasp,,,,,,,,,,,,,,,,,,,,,0.4613402187824249,0.16214261949062347,0.3514291048049927,-0.17656080424785614,0.0001414860162185505,0.009599979035556316,0.0351374875754118,0.44013557687708516,0.1541304166096258,0.33870761446167363,-0.16801507590200201,-0.0008192375823269438,0.0032897117044263123,,,,,,,,,,,,
4.498246588464827,grasp,,,,,,,,,,,,,,,,,,,,,0.42453256249427795,0.14933767914772034,0.3247336745262146,-0.16177672147750854,-0.0019258868414908648,0.009736274369060993,0.0351374875754118,0.384925341542882,0.13517646167202876,0.29863113335640606,-0.14603272049703941,-0.001731112178150936,0.003435684383862102,,,,,,,,,,,,
4.518246588464827,grasp,,,,,,,,,,,,,,,,,,,,,0.40507686138153076,0.14284569025039673,0.3105657696723938,-0.15415604412555695,-0.00081428955309093,0.009749551303684711,0.0351374875754118,0.384925341542882,0.13517646167202876,0.29863113335640606,-0.14603272049703941,-0.001731112178150936,0.003435684383862102,,,,,,,,,,,,
4.538246588464826,grasp,,,,,,,,,,,,,,,,,,,,,0.37036991119384766,0.1307535022497177,0.2853911817073822,-0.14021466672420502,-0.0027747463900595903,0.009878478944301605,0.0351374875754118,0.3330200112331026,0.11733254405638656,0.26095230751253684,-0.1253658084117364,-0.0025884399243825064,0.003572925389715496,,,,,,,,,,,,
4.558246588464827,grasp,,,,,,,,,,,,,,,,,,,,,0.3520214855670929,0.1246248185634613,0.27202755212783813,-0.13302764296531677,-0.001722326735034585,0.009890982881188393,0.0351374875754118,0.3330200112331026,0.11733254405638656,0.26095230751253684,-0.1253658084117364,-0.0025884399243825064,0.003572925389715496,,,,,,,,,,,,
4.578246588464827,grasp,,,,,,,,,,,,,,,,,,,,,0.3195728361606598,0.11329859495162964,0.24849483370780945,-0.11999209225177765,-0.0035636750981211662,0.010011924430727959,0.0351374875754118,0.28465001310240434,0.10067595663533302,0.22583881400737094,-0.10610591906478743,-0.0033875434340454305,0.003700849203459056,,,,,,,,,,,,
4.598246588464827,grasp,,,,,,,,,,,,,,,,,,,,,0.30241531133651733,0.10756093263626099,0.23599474132061005,-0.11327162384986877,-0.0025764727033674717,0.010023334063589573,0.0351374875754118,0.28465001310240434,0.10067595663533302,0.22583881400737094,-0.10610591906478743,-0.0033875434340454305,0.003700849203459056,,,,,,,,,,,,
4.618246588464826,grasp,,,,,,,,,,,,,,,,,,,,,0.27235984802246094,0.09704824537038803,0.21419577300548553,-0.10119640827178955,-0.004289561416953802,0.010135442949831486,0.0351374875754118,0.2400103283470056,0.08527200332491144,0.1934318589113094,-0.08833080763218153,-0.004125138455566862,0.0038189292440984424,,,,,,,,,,,,
4.638246588464827,grasp,,,,,,,,,,,,,,,,,,,,,0.2564655840396881,0.0917242020368576,0.20261409878730774,-0.09497057646512985,-0.00337399123236537,0.010146114975214005,0.0351374875754118,0.2400103283470056,0.08527200332491144,0.1934318589113094,-0.08833080763218153,-0.004125138455566862,0.0038189292440984424,,,,,,,,,,,,
4.658246588464827,grasp,,,,,,,,,,,,,,,,,,,,,0.2289135903120041,0.08206263184547424,0.18263457715511322,-0.08390020579099655,-0.004950274713337421,0.010249224491417408,0.0351374875754118,0.19925642843390312,0.07117507241301724,0.1638436936430198,-0.07210277279991209,-0.004798452065254338,0.003926717989296166,,,,,,,,,,,,
4.678246588464827,grasp,,,,,,,,,,,,,,,,,,,,,0.214341402053833,0.07717186212539673,0.1720135360956192,-0.07819213718175888,-0.004110914655029774,0.010258838534355164,0.0351374875754118,0.19925642843390312,0.07117507241301724,0.1638436936430198,-0.07210277279991209,-0.004798452065254338,0.003926717989296166,,,,,,,,,,,,
4.698246588464826,grasp,,,,,,,,,,,,,,,,,,,,,0.18937604129314423,0.06839258968830109,0.15390877425670624,-0.06816032528877258,-0.005544005893170834,0.010352438315749168,0.0351374875754118,0.162501083000722,0.05842558887641684,0.13715597549786593,-0.05746687624048482,-0.005405549557547276,0.00402390462149579,,,,,,,,,,,,
4.718246588464827,grasp,,,,,,,,,,,,,,,,,,,,,0.17617058753967285,0.0639495775103569,0.14428241550922394,-0.06298749893903732,-0.004785016644746065,0.010361125692725182,0.0351374875754118,0.162501083000722,0.05842558887641684,0.13715597549786593,-0.05746687624048482,-0.005405549557547276,0.00402390462149579,,,,,,,,,,,,
4.738246588464826,grasp,,,,,,,,,,,,,,,,,,,,,0.15384531021118164,0.05607261881232262,0.12809255719184875,-0.05401584878563881,-0.0060701691545546055,0.010444916784763336,0.0351374875754118,0.12981090960207076,0.04704836905532768,0.11341762184363241,-0.0444495200952295,-0.005945453883408139,0.004110332898349369,,,,,,,,,,,,
4.758246588464827,grasp,,,,,,,,,,,,,,,,,,,,,0.1420356184244156,0.052087098360061646,0.11948295682668686,-0.04938949644565582,-0.005394174717366695,0.010452712886035442,0.0351374875754118,0.12981090960207076,0.04704836905532768,0.11341762184363241,-0.0444495200952295,-0.005945453883408139,0.004110332898349369,,,,,,,,,,,,
4.778246588464826,grasp,,,,,,,,,,,,,,,,,,,,,0.12237312644720078,0.045122191309928894,0.10522390902042389,-0.04148700088262558,-0.0065289027988910675,0.010526653379201889,0.0351374875754118,0.10120313256973555,0.037051807921898876,0.09264177755764082,-0.03305738567701683,-0.006418028552078968,0.004185983014980338,,,,,,,,,,,,
4.798246588464827,grasp,,,,,,,,,,,,,,,,,,,,,0.11197119206190109,0.041598495095968246,0.09764082729816437,-0.037411853671073914,-0.005937277805060148,0.010533588007092476,0.0351374875754118,0.10120313256973555,0.037051807921898876,0.09264177755764082,-0.03305738567701683,-0.006418028552078968,0.004185983014980338,,,,,,,,,,,,
4.8182465884648265,grasp,,,,,,,,,,,,,,,,,,,,,0.09496097266674042,0.03554262965917587,0.0853034183382988,-0.030574141070246696,-0.0069209495559334755,0.01059750746935606,0.0351374875754118,0.07664316294315932,0.02842360708110231,0.07480320731914834,-0.023276584276423568,-0.006823862687072758,0.004250949532377775,,,,,,,,,,,,
4.838246588464827,grasp,,,,,,,,,,,,,,,,,,,,,0.08596118539571762,0.03247903287410736,0.07874229550361633,-0.027048029005527496,-0.006413525436073542,0.01060359738767147,0.0351374875754118,0.07664316294315932,0.02842360708110231,0.07480320731914834,-0.023276584276423568,-0.006823862687072758,0.004250949532377775,,,,,,,,,,,,
4.8582465884648265,grasp,,,,,,,,,,,,,,,,,,,,,0.07155539840459824,0.02731449529528618,0.06829444319009781,-0.02125643752515316,-0.007248227950185537,0.01065775752067566,0.0351374875754118,0.05604103967771627,0.021129969532776453,0.05983592948757484,-0.015071249055540688,-0.007164359903029673,0.00430545727155676,,,,,,,,,,,,
4.878246588464827,grasp,,,,,,,,,,,,,,,,,,,,,0.06393388658761978,0.024700995534658432,0.06274096667766571,-0.018269795924425125,-0.006823674309998751,0.010663111694157124,0.0351374875754118,0.05604103967771627,0.021129969532776453,0.05983592948757484,-0.015071249055540688,-0.007164359903029673,0.00430545727155676,,,,,,,,,,,,
4.8982465884648265,grasp,,,,,,,,,,,,,,,,,,,,,0.05204741284251213,0.02040192112326622,0.054115962237119675,-0.013490220531821251,-0.007513480260968208,0.01070786826312542,0.0351374875754118,0.0392454278905916,0.015124344408694017,0.047630059476017714,-0.008381192121565243,-0.007441951586938296,0.00434989521367852,,,,,,,,,,,,
4.918246588464827,grasp,,,,,,,,,,,,,,,,,,,,,0.04575977101922035,0.018224911764264107,0.049536336213350296,-0.01102552842348814,-0.007170055992901325,0.010712443850934505,0.0351374875754118,0.0392454278905916,0.015124344408694017,0.047630059476017714,-0.008381192121565243,-0.007441951586938296,0.00434989521367852,,,,,,,,,,,,
4.938246588464827,grasp,,,,,,,,,,,,,,,,,,,,,0.03626479208469391,0.01475826557725668,0.04264644905924797,-0.00720686512067914,-0.00772083317860961,0.010748202912509441,0.0351374875754118,0.02603758959418497,0.010356157603172302,0.038028383232404976,-0.0031196400307971564,-0.007660233461237355,0.0043848387649564665,,,,,,,,,,,,
4.958246588464827,grasp,,,,,,,,,,,,,,,,,,,,,0.031243447214365005,0.013001994229853153,0.038990408182144165,-0.005237776320427656,-0.007453885395079851,0.010752229019999504,0.0351374875754118,0.02603758959418497,0.010356157603172302,0.038028383232404976,-0.0031196400307971564,-0.007660233461237355,0.0043848387649564665,,,,,,,,,,,,
4.978246588464827,grasp,,,,,,,,,,,,,,,,,,,,,0.023968953639268875,0.010324508883059025,0.0337093360722065,-0.002311576623469591,-0.007876161485910416,0.01077947672456503,0.0351374875754118,0.016132321304492048,0.0067520993573515105,0.030825609128536675,0.0008266412721014889,-0.00782392462599244,0.004411043389611404,,,,,,,,,,,,
4.998246588464827,grasp,,,,,,,,,,,,,,,,,,,,,0.020123200491070747,0.00896698422729969,0.03091021627187729,-0.0008027817239053547,-0.007678559515625238,0.010782605968415737,0.0351374875754118,0.016132321304492048,0.0067520993573515105,0.030825609128536675,0.0008266412721014889,-0.00782392462599244,0.004411043389611404,,,,,,,,,,,,
5.018246588464827,grasp,,,,,,,,,,,,,,,,,,,,,0.01485416479408741,0.007014975883066654,0.027086053043603897,0.0013171395985409617,-0.00798401515930891,0.010802468284964561,0.0351374875754118,0.009176472218842565,0.004207506147410486,0.025766595111320654,0.0035980433650112313,-0.0079388691483895,0.004429444570869205,,,,,,,,,,,,
5.038246588464826,grasp,,,,,,,,,,,,,,,,,,,,,0.012070246040821075,0.006024242378771305,0.02506125159561634,0.0024101147428154945,-0.007849138230085373,0.010804947465658188,0.0351374875754118,0.009176472218842565,0.004207506147410486,0.025766595111320654,0.0035980433650112313,-0.0079388691483895,0.004429444570869205,,,,,,,,,,,,
5.058246588464827,grasp,,,,,,,,,,,,,,,,,,,,,0.008545760065317154,0.004714015405625105,0.022503791376948357,0.0038284040056169033,-0.008052906021475792,0.010818210430443287,0.0351374875754118,0.004745913191249585,0.0025838321167132644,0.022544034363607916,0.005363337295771486,-0.00801208290390642,0.0044411651914633065,,,,,,,,,,,,
5.078246588464827,grasp,,,,,,,,,,,,,,,,,,,,,0.006685346830636263,0.004047353286296129,0.02115258388221264,0.004559564869850874,-0.007971066981554031,0.010820072144269943,0.0351374875754118,0.004745913191249585,0.0025838321167132644,0.022544034363607916,0.005363337295771486,-0.00801208290390642,0.0044411651914633065,,,,,,,,,,,,
5.098246588464827,grasp,,,,,,,,,,,,,,,,,,,,,0.004597326274961233,0.003269369248300791,0.019638311117887497,0.005400027148425579,-0.008091069757938385,0.010827938094735146,0.0351374875754118,0.002343301499749103,0.0017030569940619095,0.020796478280477516,0.006320627809918862,-0.008051784934083353,0.004447521180247941,,,,,,,,,,,,
5.118246588464826,grasp,,,,,,,,,,,,,,,,,,,,,0.003497110912576318,0.002872035140171647,0.01884261704981327,0.00583323510363698,-0.008051622658967972,0.01082941610366106,0.0351374875754118,0.002343301499749103,0.0017030569940619095,0.020796478280477516,0.006320627809918862,-0.008051784934083353,0.004447521180247941,,,,,,,,,,,,
5.138246588464827,grasp,,,,,,,,,,,,,,,,,,,,,0.002487113932147622,0.0024951521772891283,0.018109673634171486,0.006239926442503929,-0.008108953945338726,0.010833079926669598,0.0351374875754118,0.0013926482318046488,0.0013545576769184468,0.020105014003240343,0.0066994036282087294,-0.008067493968274777,0.004450035981711385,,,,,,,,,,,,
5.158246588464827,grasp,,,,,,,,,,,,,,,,,,,,,0.0019568013958632946,0.002301678294315934,0.017728302627801895,0.006449491251260042,-0.008098161779344082,0.010833918116986752,0.0351374875754118,0.0013926482318046488,0.0013545576769184468,0.020105014003240343,0.0066994036282087294,-0.008067493968274777,0.004450035981711385,,,,,,,,,,,,
5.178246588464827,grasp,,,,,,,,,,,,,,,,,,,,,0.0016133534954860806,0.0021724870894104242,0.017481300979852676,0.006587897893041372,-0.008116403594613075,0.01083515863865614,0.0351374875754118,0.0012351566455942775,0.0012968230049696455,0.019990461307012236,0.0067621541148643735,-0.008070096626686276,0.004450452405689194,,,,,,,,,,,,
5.18105482404586,grasp,,,,,,,,,,,,,,,,,,,,,0.0014325734227895737,0.002105391351506114,0.017354102805256844,0.0066594225354492664,-0.008120499551296234,0.010835652239620686,0.0351374875754118,0.0012337067164480686,0.001296291477046907,0.019989406690001488,0.006762731820344925,-0.008070120587944984,0.004450456239283085,,,,,,,,,,,,
0.0,grasp,,,,,,,,,,,,,,,,,,,,,,,,,,,9.177536321658408e-05,,,,,,,0.043,,,,,,,,,,,
0.02,grasp,,,,,,,,,,,,,,,,,,,,,,,,,,,0.00010625593131408095,,,,,,,0.043,,,,,,,,,,,
0.04,grasp,,,,,,,,,,,,,,,,,,,,,,,,,,,0.00020124222646700218,,,,,,,0.043,,,,,,,,,,,
0.06,grasp,,,,,,,,,,,,,,,,,,,,,,,,,,,0.00042926119931507856,,,,,,,0.043,,,,,,,,,,,
0.08,grasp,,,,,,,,,,,,,,,,,,,,,,,,,,,0.0008137193799484521,,,,,,,0.043,,,,,,,,,,,
0.1,grasp,,,,,,,,,,,,,,,,,,,,,,,,,,,0.0013854799908585846,,,,,,,0.043,,,,,,,,,,,
0.12,grasp,,,,,,,,,,,,,,,,,,,,,,,,,,,0.0021625375375151634,,,,,,,0.043,,,,,,,,,,,
0.14,grasp,,,,,,,,,,,,,,,,,,,,,,,,,,,0.003151067765429616,,,,,,,0.043,,,,,,,,,,,
0.16,grasp,,,,,,,,,,,,,,,,,,,,,,,,,,,0.00435490277595818,,,,,,,0.043,,,,,,,,,,,
0.18,grasp,,,,,,,,,,,,,,,,,,,,,,,,,,,0.0057691538240760565,,,,,,,0.043,,,,,,,,,,,
0.2,grasp,,,,,,,,,,,,,,,,,,,,,,,,,,,0.0073827956803143024,,,,,,,0.043,,,,,,,,,,,
0.22,grasp,,,,,,,,,,,,,,,,,,,,,,,,,,,0.009180782828480005,,,,,,,0.043,,,,,,,,,,,
0.24,grasp,,,,,,,,,,,,,,,,,,,,,,,,,,,0.011142810806632042,,,,,,,0.043,,,,,,,,,,,
0.26,grasp,,,,,,,,,,,,,,,,,,,,,,,,,,,0.01324476208537817,,,,,,,0.043,,,,,,,,,,,
0.28,grasp,,,,,,,,,,,,,,,,,,,,,,,,,,,0.01545984810218215,,,,,,,0.043,,,,,,,,,,,
0.3,grasp,,,,,,,,,,,,,,,,,,,,,,,,,,,0.017758522182703018,,,,,,,0.043,,,,,,,,,,,
0.32,grasp,,,,,,,,,,,,,,,,,,,,,,,,,,,0.020109361968934536,,,,,,,0.043,,,,,,,,,,,
0.34,grasp,,,,,,,,,,,,,,,,,,,,,,,,,,,0.022479979321360588,,,,,,,0.043,,,,,,,,,,,
0.36,grasp,,,,,,,,,,,,,,,,,,,,,,,,,,,0.02483783196657896,,,,,,,0.043,,,,,,,,,,,
0.38,grasp,,,,,,,,,,,,,,,,,,,,,,,,,,,0.027150063775479794,,,,,,,0.043,,,,,,,,,,,
0.4,grasp,,,,,,,,,,,,,,,,,,,,,,,,,,,0.029385383240878582,,,,,,,0.043,,,,,,,,,,,
0.42,grasp,,,,,,,,,,,,,,,,,,,,,,,,,,,0.03151383250951767,,,,,,,0.043,,,,,,,,,,,
0.44,grasp,,,,,,,,,,,,,,,,,,,,,,,,,,,0.03350754640996456,,,,,,,0.043,,,,,,,,,,,
0.46,grasp,,,,,,,,,,,,,,,,,,,,,,,,,,,0.035342125222086906,,,,,,,0.043,,,,,,,,,,,
0.48,grasp,,,,,,,,,,,,,,,,,,,,,,,,,,,0.03699655458331108,,,,,,,0.043,,,,,,,,,,,
0.5,grasp,,,,,,,,,,,,,,,,,,,,,,,,,,,0.038453949615359306,,,,,,,0.043,,,,,,,,,,,
0.52,grasp,,,,,,,,,,,,,,,,,,,,,,,,,,,0.03970302827656269,,,,,,,0.043,,,,,,,,,,,
0.54,grasp,,,,,,,,,,,,,,,,,,,,,,,,,,,0.04073782078921795,,,,,,,0.043,,,,,,,,,,,
0.56,grasp,,,,,,,,,,,,,,,,,,,,,,,,,,,0.04155853018164635,,,,,,,0.043,,,,,,,,,,,
0.58,grasp,,,,,,,,,,,,,,,,,,,,,,,,,,,0.04217328503727913,,,,,,,0.043,,,,,,,,,,,
0.6,grasp,,,,,,,,,,,,,,,,,,,,,,,,,,,0.04259689338505268,,,,,,,0.043,,,,,,,,,,,
0.62,grasp,,,,,,,,,,,,,,,,,,,,,,,,,,,0.042853329330682755,,,,,,,0.043,,,,,,,,,,,
0.64,grasp,,,,,,,,,,,,,,,,,,,,,,,,,,,0.04297526925802231,,,,,,,0.043,,,,,,,,,,,
0.66,grasp,,,,,,,,,,,,,,,,,,,,,,,,,,,0.04300551861524582,,,,,,,0.043,,,,,,,,,,,
0.68,grasp,,,,,,,,,,,,,,,,,,,,,,,,,,,0.04299840331077576,,,,,,,0.043,,,,,,,,,,,
0.68,grasp,,,,,,,,,,,,,,,,,,,,,0.001233456190675497,0.0018312573665753007,0.01790287159383297,0.006742936559021473,-0.008063973858952522,0.004450337961316109,0.04299840331077576,0.0012337067164480686,0.001296291477046907,0.019989406690001488,0.006762731820344925,-0.008070120587944984,0.004450456239283085,,,,,,,,,,,,
0.7000000000000001,grasp,,,,,,,,,,,,,,,,,,,,,0.001233446761034429,0.0018357998924329877,0.017885474488139153,0.006742765661329031,-0.008064066991209984,0.00445032911375165,0.04299840331077576,0.0012337067164480686,0.001296291477046907,0.019989406690001488,0.006762731820344925,-0.008070120587944984,0.004450456239283085,,,,,,,,,,,,
0.7200000000000001,grasp,,,,,,,,,,,,,,,,,,,,,0.001352016581222415,0.0018825882580131292,0.017963944002985954,0.006694416981190443,-0.008060765452682972,0.004449973814189434,0.04299840331077576,0.0014836094521041452,0.0013879030449000156,0.020171175348224962,0.006663161313249996,-0.008065990742827255,0.004449795498787746,,,,,,,,,,,,
0.74,grasp,,,,,,,,,,,,,,,,,,,,,0.0014145344030112028,0.0019062545616179705,0.018006326630711555,0.006669520400464535,-0.008061015047132969,0.004449836444109678,0.04299840331077576,0.0014836094521041452,0.0013879030449000156,0.020171175348224962,0.006663161313249996,-0.008065990742827255,0.004449795498787746,,,,,,,,,,,,
0.76,grasp,,,,,,,,,,,,,,,,,,,,,0.0022546332329511642,0.002215808490291238,0.01861383765935898,0.006332621909677982,-0.008037840947508812,0.004447385668754578,0.04299840331077576,0.0031614580413922067,0.00200298447066106,0.021391570062488263,0.005994643603367317,-0.008038265473840095,0.0044453567316881226,,,,,,,,,,,,
0.78,grasp,,,,,,,,,,,,,,,,,,,,,0.0026905860286206007,0.0023739913012832403,0.01893858052790165,0.006159086246043444,-0.008039312437176704,0.004446429666131735,0.04299840331077576,0.0031614580413922067,0.00200298447066106,0.021391570062488263,0.005994643603367317,-0.008038265473840095,0.0044453567316881226,,,,,,,,,,,,
0.8,grasp,,,,,,,,,,,,,,,,,,,,,0.005015124101191759,0.0032261228188872337,0.02061844803392887,0.00523071363568306,-0.007978119887411594,0.004439754411578178,0.04299840331077576,0.007504320238354758,0.0035950254769315706,0.024550379523665837,0.004264284752781735,-0.007966501057560929,0.00443386809884969,,,,,,,,,,,,
0.8200000000000001,grasp,,,,,,,,,,,,,,,,,,,,,0.00622092979028821,0.003659368958324194,0.021514752879738808,0.004752620123326778,-0.007980846799910069,0.004437085706740618,0.04299840331077576,0.007504320238354758,0.0035950254769315706,0.024550379523665837,0.004264284752781735,-0.007966501057560929,0.00443386809884969,,,,,,,,,,,,
0.8400000000000001,grasp,,,,,,,,,,,,,,,,,,,,,0.010732469148933887,0.005318034905940294,0.024776006117463112,0.0029516336508095264,-0.007865408435463905,0.004424212034791708,0.04299840331077576,0.015551528981168608,0.006540196120311064,0.030403236124699914,0.0010580377144054339,-0.007833522372281071,0.004412579860697179,,,,,,,,,,,,
0.8600000000000001,grasp,,,,,,,,,,,,,,,,,,,,,0.013071667402982712,0.006158136762678623,0.02651085890829563,0.0020241322927176952,-0.007868467830121517,0.004418989177793264,0.04299840331077576,0.015551528981168608,0.006540196120311064,0.030403236124699914,0.0010580377144054339,-0.007833522372281071,0.004412579860697179,,,,,,,,,,,,
0.8800000000000001,grasp,,,,,,,,,,,,,,,,,,,,,0.020370887592434883,0.008830711245536804,0.03178693726658821,-0.0008891900070011616,-0.007684939540922642,0.004398248624056578,0.04299840331077576,0.028158762738405074,0.011126298000135438,0.03957071274883219,-0.003964698984088588,-0.0076251790344795,0.004379227067698357,,,,,,,,,,,,
0.9,grasp,,,,,,,,,,,,,,,,,,,,,0.02415408566594124,0.010185525752604008,0.034589145332574844,-0.0023895706981420517,-0.007687250152230263,0.004389727488160133,0.04299840331077576,0.028158762738405074,0.011126298000135438,0.03957071274883219,-0.003964698984088588,-0.0076251790344795,0.004379227067698357,,,,,,,,,,,,
0.92,grasp,,,,,,,,,,,,,,,,,,,,,0.03473081439733505,0.01402453426271677,0.04223235324025154,-0.006610401906073093,-0.007424417417496443,0.004359761718660593,0.04299840331077576,0.046008496453831,0.01755572002747411,0.05254588662264649,-0.011075237588480677,-0.0073301770259930005,0.004332001890210591,,,,,,,,,,,,
0.9400000000000001,grasp,,,,,,,,,,,,,,,,,,,,,0.04021134600043297,0.015971526503562927,0.046287354081869125,-0.008784178644418716,-0.0074248299933969975,0.004347328096628189,0.04299840331077576,0.046008496453831,0.01755572002747411,0.05254588662264649,-0.011075237588480677,-0.0073301770259930005,0.004332001890210591,,,,,,,,,,,,
0.9600000000000001,grasp,,,,,,,,,,,,,,,,,,,,,0.05444716662168503,0.02107582613825798,0.05657076835632324,-0.014464274048805237,-0.007074075285345316,0.004307087045162916,0.04299840331077576,0.069620412795761,0.025948162527677586,0.0697019255668458,-0.020479728001292934,-0.006939923641671127,0.004269528786117212,,,,,,,,,,,,
0.98,grasp,,,,,,,,,,,,,,,,,,,,,0.0618223138153553,0.02366519346833229,0.06202198565006256,-0.01738962158560753,-0.007071546744555235,0.004290263634175062,0.04299840331077576,0.069620412795761,0.025948162527677586,0.0697019255668458,-0.020479728001292934,-0.006939923641671127,0.004269528786117212,,,,,,,,,,,,
1.0,grasp,,,,,,,,,,,,,,,,,,,,,0.07998941093683243,0.030108347535133362,0.07514114677906036,-0.024637242779135704,-0.006626980844885111,0.004239020403474569,0.04299840331077576,0.09934755095909727,0.03640083151900957,0.09129407265911946,-0.032318427670326555,-0.006448689230218355,0.004190891217116346,,,,,,,,,,,,
1.02,grasp,,,,,,,,,,,,,,,,,,,,,0.08939982950687408,0.03337762877345085,0.08209057152271271,-0.028369946405291557,-0.0066205416806042194,0.004217446316033602,0.04299840331077576,0.09934755095909727,0.03640083151900957,0.09129407265911946,-0.032318427670326555,-0.006448689230218355,0.004190891217116346,,,,,,,,,,,,
1.04,grasp,,,,,,,,,,,,,,,,,,,,,0.11166602373123169,0.04121720418334007,0.09816739708185196,-0.03725201264023781,-0.0060788532719016075,0.004154773894697428,0.04299840331077576,0.1353871828492498,0.048992066928002675,0.11746705507146,-0.046670037264754355,-0.005853354219282369,0.0040955895369666016,,,,,,,,,,,,
1.06,grasp,,,,,,,,,,,,,,,,,,,,,0.12319817394018173,0.04519607871770859,0.10667779296636581,-0.0418265275657177,-0.006067488808184862,0.0041282158344984055,0.04299840331077576,0.1353871828492498,0.048992066928002675,0.11746705507146,-0.046670037264754355,-0.005853354219282369,0.0040955895369666016,,,,,,,,,,,,
1.08,grasp,,,,,,,,,,,,,,,,,,,,,0.149638831615448,0.054455745965242386,0.12576714158058167,-0.05237307399511337,-0.005427611991763115,0.0040539405308663845,0.04299840331077576,0.17780271174190196,0.0637392568274114,0.14826674349350988,-0.06355997230014164,-0.005152825007622242,0.003983447860527759,,,,,,,,,,,,
1.1,grasp,,,,,,,,,,,,,,,,,,,,,0.16333134472370148,0.05915669724345207,0.13586556911468506,-0.057804908603429794,-0.0054103960283100605,0.0040222774259746075,0.04299840331077576,0.17780271174190196,0.0637392568274114,0.14826674349350988,-0.06355997230014164,-0.005152825007622242,0.003983447860527759,,,,,,,,,,,,
1.12,grasp,,,,,,,,,,,,,,,,,,,,,0.19393615424633026,0.06982848793268204,0.15796007215976715,-0.07001204043626785,-0.004673140589147806,0.003936424385756254,0.04299840331077576,0.22653156025693272,0.08061326589814095,0.18364625057930337,-0.08296362904200587,-0.004347841256279581,0.0038545811969917655,,,,,,,,,,,,
1.1400000000000001,grasp,,,,,,,,,,,,,,,,,,,,,0.2097834050655365,0.0752478539943695,0.16964033246040344,-0.07629916071891785,-0.00464914133772254,0.003899617586284876,0.04299840331077576,0.22653156025693272,0.08061326589814095,0.18364625057930337,-0.08296362904200587,-0.004347841256279581,0.0038545811969917655,,,,,,,,,,,,
1.1600000000000001,grasp,,,,,,,,,,,,,,,,,,,,,0.24446208775043488,0.08729948848485947,0.19467534124851227,-0.0901307538151741,-0.0038174192886799574,0.0038024703972041607,0.04299840331077576,0.28139234096968535,0.0995524626894237,0.22347388787990782,-0.10480875094475692,-0.0034413709640220775,0.0037094663313238393,,,,,,,,,,,,
1.1800000000000002,grasp,,,,,,,,,,,,,,,,,,,,,0.2624169588088989,0.09342142939567566,0.20790095627307892,-0.09725460410118103,-0.003785686567425728,0.0037605948746204376,0.04299840331077576,0.28139234096968535,0.0995524626894237,0.22347388787990782,-0.10480875094475692,-0.0034413709640220775,0.0037094663313238393,,,,,,,,,,,,
1.2000000000000002,grasp,,,,,,,,,,,,,,,,,,,,,0.30100661516189575,0.10679483413696289,0.2357598841190338,-0.11264538019895554,-0.0028643992263823748,0.003652662970125675,0.04299840331077576,0.3420978165861249,0.12045514809709876,0.26754209672837215,-0.1289803155717359,-0.002438492437076934,0.0035489216665167407,,,,,,,,,,,,
1.2200000000000002,grasp,,,,,,,,,,,,,,,,,,,,,0.32098427414894104,0.11359026283025742,0.2504666745662689,-0.12057223916053772,-0.0028243232518434525,0.003605889854952693,0.04299840331077576,0.3420978165861249,0.12045514809709876,0.26754209672837215,-0.1289803155717359,-0.002438492437076934,0.0035489216665167407,,,,,,,,,,,,
1.2400000000000002,grasp,,,,,,,,,,,,,,,,,,,,,0.3632558584213257,0.12820671498775482,0.2809850573539734,-0.1374305784702301,-0.001819800236262381,0.0034878633450716734,0.04299840331077576,0.4082639248081032,0.14319162147221098,0.31557252689065685,-0.1553251902486152,-0.0013456446202437119,0.003373978943679771,,,,,,,,,,,,
1.26,grasp,,,,,,,,,,,,,,,,,,,,,0.3851373791694641,0.135636106133461,0.29708433151245117,-0.146113321185112,-0.0017707562074065208,0.0034364459570497274,0.04299840331077576,0.4082639248081032,0.14319162147221098,0.31557252689065685,-0.1553251902486152,-0.0013456446202437119,0.003373978943679771,,,,,,,,,,,,
1.28,grasp,,,,,,,,,,,,,,,,,,,,,0.4308030903339386,0.1513974517583847,0.3300545811653137,-0.16432470083236694,-0.0006905463524162769,0.0033091322984546423,0.04299840331077576,0.47942143963867223,0.16760300984655638,0.36722377802362205,-0.18365685364771264,-0.00017033735039189465,0.003185834743767129,,,,,,,,,,,,
1.3,grasp,,,,,,,,,,,,,,,,,,,,,0.45443931221961975,0.1594110131263733,0.3474343717098236,-0.17370417714118958,-0.0006319218664430082,0.0032533907797187567,0.04299840331077576,0.47942143963867223,0.16760300984655638,0.36722377802362205,-0.18365685364771264,-0.00017033735039189465,0.003185834743767129,,,,,,,,,,,,
1.32,grasp,,,,,,,,,,,,,,,,,,,,,0.5031599998474121,0.17620062828063965,0.3826068043708801,-0.19337031245231628,0.000515260617248714,0.0031177366618067026,0.04299840331077576,0.5550265041692648,0.19350139050961138,0.4221006012172702,-0.21375913657732337,0.0010785784524182276,0.0029859035138341795,,,,,,,,,,,,
1.34,grasp,,,,,,,,,,,,,,,,,,,,,0.5283746123313904,0.18473821878433228,0.40113961696624756,-0.20326179265975952,0.0005839254590682685,0.0030580575112253428,0.04299840331077576,0.5550265041692648,0.19350139050961138,0.4221006012172702,-0.21375913657732337,0.0010785784524182276,0.0029859035138341795,,,,,,,,,,,,
1.36,grasp,,,,,,,,,,,,,,,,,,,,,0.5797642469406128,0.20242564380168915,0.4382363259792328,-0.22423025965690613,0.00178824074100703,0.0029151509515941143,0.04299840331077576,0.6344687827036908,0.22068269482893318,0.4797607494243919,-0.24538922985145287,0.0023909509426701743,0.002775813054619005,,,,,,,,,,,,
1.3800000000000001,grasp,,,,,,,,,,,,,,,,,,,,,0.6063579320907593,0.21142077445983887,0.45777586102485657,-0.2344948649406433,0.001867142622359097,0.002852065721526742,0.04299840331077576,0.6344687827036908,0.22068269482893318,0.4797607494243919,-0.24538922985145287,0.0023909509426701743,0.002775813054619005,,,,,,,,,,,,
1.4,grasp,,,,,,,,,,,,,,,,,,,,,0.6599931120872498,0.22986122965812683,0.49649229645729065,-0.25654494762420654,0.0031101610511541367,0.002703901380300522,0.04299840331077576,0.7170845620765987,0.24892127245825002,0.5397229973539949,-0.278281914199564,0.0037555712166087315,0.0025573592040591133,,,,,,,,,,,,
1.42,grasp,,,,,,,,,,,,,,,,,,,,,0.6877469420433044,0.23924055695533752,0.5168766379356384,-0.26708945631980896,0.003195101162418723,0.002637909259647131,0.04299840331077576,0.7170845620765987,0.24892127245825002,0.5397229973539949,-0.278281914199564,0.0037555712166087315,0.0025573592040591133,,,,,,,,,,,,
1.44,grasp,,,,,,,,,,,,,,,,,,,,,0.7431719899177551,0.2582782506942749,0.5568857789039612,-0.2899624705314636,0.004441509023308754,0.002488688100129366,0.04299840331077576,0.8021661094149667,0.277976508553488,0.6014740958486214,-0.31215474153871303,0.005160648336623591,0.0023324313020684612,,,,,,,,,,,,
1.46,grasp,,,,,,,,,,,,,,,,,,,,,0.7718510627746582,0.2679629623889923,0.5779407620429993,-0.300727516412735,0.004541365895420313,0.0024169867392629385,0.04299840331077576,0.8021661094149667,0.277976508553488,0.6014740958486214,-0.31215474153871303,0.005160648336623591,0.0023324313020684612,,,,,,,,,,,,
1.48,grasp,,,,,,,,,,,,,,,,,,,,,0.8285860419273376,0.287434846162796,0.6188969016075134,-0.32414495944976807,0.0058646295219659805,0.002259594388306141,0.04299840331077576,0.8889714706555125,0.3075980633521448,0.6644758127663403,-0.3467131456362035,0.006594349933033893,0.0021029243737744245,,,,,,,,,,,,
1.5,grasp,,,,,,,,,,,,,,,,,,,,,0.8579393625259399,0.2973420023918152,0.6404392719268799,-0.3350922763347626,0.005983109585940838,0.0021894546225667,0.04299840331077576,0.8889714706555125,0.3075980633521448,0.6644758127663403,-0.3467131456362035,0.006594349933033893,0.0021029243737744245,,,,,,,,,,,,
1.52,grasp,,,,,,,,,,,,,,,,,,,,,0.9154877662658691,0.3170788288116455,0.6819850206375122,-0.3587699830532074,0.007274148985743523,0.002033327938988805,0.04299840331077576,0.9767355768666355,0.3375278480996582,0.7281729511499581,-0.38165334203093826,0.008044074693427748,0.001870850292444332,,,,,,,,,,,,
1.54,grasp,,,,,,,,,,,,,,,,,,,,,0.945260226726532,0.3271227478981018,0.7038241028785706,-0.36987000703811646,0.007397786248475313,0.0019589001312851906,0.04299840331077576,0.9767355768666355,0.3375278480996582,0.7281729511499581,-0.38165334203093826,0.008044074693427748,0.001870850292444332,,,,,,,,,,,,
1.56,grasp,,,,,,,,,,,,,,,,,,,,,1.003112554550171,0.3469518721103668,0.7455930709838867,-0.39353227615356445,0.008745158091187477,0.001797360717318952,0.04299840331077576,1.0646811494535684,0.3675029610769975,0.7920008804647168,-0.41666575760208463,0.00949658411553415,0.0016383235578379162,,,,,,,,,,,,
1.58,grasp,,,,,,,,,,,,,,,,,,,,,1.03303861618042,0.35704460740089417,0.7675350308418274,-0.40475359559059143,0.00888050440698862,0.001726255752146244,0.04299840331077576,1.0646811494535684,0.3675029610769975,0.7920008804647168,-0.41666575760208463,0.00949658411553415,0.0016383235578379162,,,,,,,,,,,,
1.6,grasp,,,,,,,,,,,,,,,,,,,,,1.0906838178634644,0.3767911195755005,0.8091579675674438,-0.4281417429447174,0.010169251821935177,0.0015689164865761995,0.04299840331077576,1.1520279059124212,0.3972590940802401,0.8553944670980836,-0.4514397346204474,0.010939059939309093,0.001407407401100544,,,,,,,,,,,,
1.62,grasp,,,,,,,,,,,,,,,,,,,,,1.1205006837844849,0.38684388995170593,0.83100825548172,-0.4394426643848419,0.010304669849574566,0.0014948667958378792,0.04299840331077576,1.1520279059124212,0.3972590940802401,0.8553944670980836,-0.4514397346204474,0.010939059939309093,0.001407407401100544,,,,,,,,,,,,
1.6400000000000001,grasp,,,,,,,,,,,,,,,,,,,,,1.1774263381958008,0.40633490681648254,0.8721174597740173,-0.4623274803161621,0.0116139966994524,0.0013364780461415648,0.04299840331077576,1.2380035029991838,0.42653567114563246,0.917793930999839,-0.4856680425035108,0.012358992569490983,0.001180106720538167,,,,,,,,,,,,
1.6600000000000001,grasp,,,,,,,,,,,,,,,,,,,,,1.2068685293197632,0.4162595272064209,0.8936829566955566,-0.4736492931842804,0.011761830188333988,0.001265506143681705,0.04299840331077576,1.2380035029991838,0.42653567114563246,0.917793930999839,-0.4856680425035108,0.012358992569490983,0.001180106720538167,,,,,,,,,,,,
1.6800000000000002,grasp,,,,,,,,,,,,,,,,,,,,,1.262575626373291,0.43532589077949524,0.9339171648025513,-0.4958552420139313,0.013019147329032421,0.0011112383799627423,0.04299840331077576,1.3218535914045002,0.45507949200297565,0.9786525524578209,-0.5190515283325451,0.013744110161639948,0.0009583714244744212,,,,,,,,,,,,
1.7000000000000002,grasp,,,,,,,,,,,,,,,,,,,,,1.2913850545883179,0.4450358748435974,0.9550090432167053,-0.5071069598197937,0.013165097683668137,0.0010412337724119425,0.04299840331077576,1.3218535914045002,0.45507949200297565,0.9786525524578209,-0.5190515283325451,0.013744110161639948,0.0009583714244744212,,,,,,,,,,,,
1.7200000000000002,grasp,,,,,,,,,,,,,,,,,,,,,1.345389723777771,0.4635132849216461,0.9940168261528015,-0.5285431742668152,0.014375121332705021,0.0008925075526349247,0.04299840331077576,1.402854258769544,0.4826446987906059,1.0374439641174362,-0.5513016777383474,0.015082070116768181,0.0007441886237713846,,,,,,,,,,,,
1.7400000000000002,grasp,,,,,,,,,,,,,,,,,,,,,1.3733173608779907,0.47292467951774597,1.0144541263580322,-0.5395832657814026,0.014521853998303413,0.0008244906202889979,0.04299840331077576,1.402854258769544,0.4826446987906059,1.0374439641174362,-0.5513016777383474,0.015082070116768181,0.0007441886237713846,,,,,,,,,,,,
1.7600000000000002,grasp,,,,,,,,,,,,,,,,,,,,,1.4251587390899658,0.49065735936164856,1.0518995523452759,-0.5602284669876099,0.015676919370889664,0.0006816831883043051,0.04299840331077576,1.4803198646227533,0.5089992747819309,1.0936709351387957,-0.5821463855556885,0.016361509813682767,0.0005393809098631624,,,,,,,,,,,,
1.7800000000000002,grasp,,,,,,,,,,,,,,,,,,,,,1.4519659280776978,0.4996897578239441,1.0715116262435913,-0.5708611607551575,0.01582370698451996,0.0006165074300952256,0.04299840331077576,1.4803198646227533,0.5089992747819309,1.0936709351387957,-0.5821463855556885,0.016361509813682767,0.0005393809098631624,,,,,,,,,,,,
1.8000000000000003,grasp,,,,,,,,,,,,,,,,,,,,,1.5012128353118896,0.516531765460968,1.1070865392684937,-0.5904930830001831,0.016915837302803993,0.00048080013948492706,0.04299840331077576,1.5536121238346376,0.5339298968927985,1.1468740422408652,-0.6113342268463344,0.017572603217330653,0.00034549888696956455,,,,,,,,,,,,
1.8200000000000003,grasp,,,,,,,,,,,,,,,,,,,,,1.526677131652832,0.5251109600067139,1.1257117986679077,-0.6006036996841431,0.017061222344636917,0.0004187566810287535,0.04299840331077576,1.5536121238346376,0.5339298968927985,1.1468740422408652,-0.6113342268463344,0.017572603217330653,0.00034549888696956455,,,,,,,,,,,,
1.8399999999999999,grasp,,,,,,,,,,,,,,,,,,,,,1.5729361772537231,0.5409287810325623,1.1591317653656006,-0.6190512180328369,0.018082395195961,0.00029137186356820166,0.04299840331077576,1.6221563338018699,0.5572413353431467,1.1966357568620418,-0.638633906271015,0.018705189540462488,0.0001641983125926385,,,,,,,,,,,,
1.8599999999999999,grasp,,,,,,,,,,,,,,,,,,,,,1.5968551635742188,0.548986554145813,1.1766231060028076,-0.6285520792007446,0.01822436787188053,0.00023301123292185366,0.04299840331077576,1.6221563338018699,0.5572413353431467,1.1966357568620418,-0.638633906271015,0.018705189540462488,0.0001641983125926385,,,,,,,,,,,,
1.88,grasp,,,,,,,,,,,,,,,,,,,,,1.6392542123794556,0.563945472240448,1.2072510719299316,-0.6449934840202332,0.019130129367113113,0.00011617944983299822,0.04299840331077576,1.6843647455265194,0.5793542880227163,1.2417884443337148,-0.6624442196934759,0.019681277377947455,-5.684328637921127e-07,,,,,,,,,,,,
1.9,grasp,,,,,,,,,,,,,,,,,,,,,1.6611759662628174,0.5715738534927368,1.2232730388641357,-0.6534611582756042,0.019253240898251534,6.258093344513327e-05,0.04299840331077576,1.6843647455265194,0.5793542880227163,1.2417884443337148,-0.6624442196934759,0.019681277377947455,-5.684328637921127e-07,,,,,,,,,,,,
1.92,grasp,,,,,,,,,,,,,,,,,,,,,1.6706688404083252,0.6005673408508301,1.2294824123382568,-0.6301035284996033,0.017955858260393143,3.4313692594878376e-05,0.04299840331077576,1.680716673526932,0.6324912792906437,1.2377059761553562,-0.6052646193892429,0.01667740939572857,1.4403550422182429e-06,,,,,,,,,,,,
1.94,grasp,,,,,,,,,,,,,,,,,,,,,1.6755496263504028,0.6164002418518066,1.2325407266616821,-0.6180710792541504,0.017312336713075638,1.8936874766950496e-05,0.04299840331077576,1.680716673526932,0.6324912792906437,1.2377059761553562,-0.6052646193892429,0.01667740939572857,1.4403550422182429e-06,,,,,,,,,,,,
1.96,grasp,,,,,,,,,,,,,,,,,,,,,1.676792860031128,0.6472410559654236,1.232613205909729,-0.5874257683753967,0.01573360152542591,1.0671048585209064e-05,0.04299840331077576,1.6781120383663681,0.6797446338262076,1.2345665526834706,-0.5548404712106296,0.014072389264388311,1.6792311496797668e-06,,,,,,,,,,,,
1.98,grasp,,,,,,,,,,,,,,,,,,,,,1.6774340867996216,0.6634009480476379,1.2325506210327148,-0.5716384053230286,0.014918423257768154,6.5864155658346135e-06,0.04299840331077576,1.6781120383663681,0.6797446338262076,1.2345665526834706,-0.5548404712106296,0.014072389264388311,1.6792311496797668e-06,,,,,,,,,,,,
2.0,grasp,,,,,,,,,,,,,,,,,,,,,1.6766666173934937,0.6916894316673279,1.2312365770339966,-0.5420129299163818,0.013399023562669754,4.349111350165913e-06,0.04299840331077576,1.6758272971004533,0.7212855068336693,1.2318127401431866,-0.5105105494946103,0.011787537067201847,1.888740852189969e-06,,,,,,,,,,,,
2.02,grasp,,,,,,,,,,,,,,,,,,,,,1.6762700080871582,0.7064468264579773,1.230459213256836,-0.526750922203064,0.012614362873136997,3.2348441436624853e-06,0.04299840331077576,1.6758272971004533,0.7212855068336693,1.2318127401431866,-0.5105105494946103,0.011787537067201847,1.888740852189969e-06,,,,,,,,,,,,
2.04,grasp,,,,,,,,,,,,,,,,,,,,,1.6751134395599365,0.7312129735946655,1.228981614112854,-0.5004076361656189,0.011260277591645718,2.6950328901875764e-06,0.04299840331077576,1.6738628056368356,0.7570058627122543,1.2294436938466804,-0.4723933057159804,0.009822762923224985,2.068911680366085e-06,,,,,,,,,,,,
2.06,grasp,,,,,,,,,,,,,,,,,,,,,1.674518346786499,0.7441216111183167,1.228119969367981,-0.4868365526199341,0.01056267973035574,2.410403112662607e-06,0.04299840331077576,1.6738628056368356,0.7570058627122543,1.2294436938466804,-0.4723933057159804,0.009822762923224985,2.068911680366085e-06,,,,,,,,,,,,
2.08,grasp,,,,,,,,,,,,,,,,,,,,,1.6734133958816528,0.7651407122612,1.2267911434173584,-0.464375376701355,0.009404873475432396,2.3355714802164584e-06,0.04299840331077576,1.6722157688148696,0.7869090479890041,1.2274576359032863,-0.44048612343258264,0.008175618655976638,2.2199690393424596e-06,,,,,,,,,,,,
2.1,grasp,,,,,,,,,,,,,,,,,,,,,1.6728434562683105,0.7760891318321228,1.2260117530822754,-0.4528043866157532,0.008809377439320087,2.2763238121115137e-06,0.04299840331077576,1.6722157688148696,0.7869090479890041,1.2274576359032863,-0.44048612343258264,0.008175618655976638,2.2199690393424596e-06,,,,,,,,,,,,
2.12,grasp,,,,,,,,,,,,,,,,,,,,,1.671902060508728,0.7933629751205444,1.2249045372009277,-0.43431973457336426,0.007853211835026741,2.33155810747121e-06,0.04299840331077576,1.6708787704444408,0.8111193880811992,1.225844858996444,-0.41465578011341786,0.006838654457093114,2.342579313246395e-06,,,,,,,,,,,,
2.14,grasp,,,,,,,,,,,,,,,,,,,,,1.6714154481887817,0.8023560643196106,1.224250316619873,-0.4247971773147583,0.007362335920333862,2.3196894289867487e-06,0.04299840331077576,1.6708787704444408,0.8111193880811992,1.225844858996444,-0.41465578011341786,0.006838654457093114,2.342579313246395e-06,,,,,,,,,,,,
2.16,grasp,,,,,,,,,,,,,,,,,,,,,1.6706620454788208,0.8160091042518616,1.2233730554580688,-0.4101812541484833,0.006603051908314228,2.4004652914300095e-06,0.04299840331077576,1.6698376005399476,0.8298919700631573,1.2245891072115154,-0.39462854676037085,0.005797746522681495,2.4380322674070854e-06,,,,,,,,,,,,
2.18,grasp,,,,,,,,,,,,,,,,,,,,,1.670270562171936,0.8231125473976135,1.2228528261184692,-0.40265175700187683,0.006213797256350517,2.3989261990209343e-06,0.04299840331077576,1.6698376005399476,0.8298919700631573,1.2245891072115154,-0.39462854676037085,0.005797746522681495,2.4380322674070854e-06,,,,,,,,,,,,
2.2,grasp,,,,,,,,,,,,,,,,,,,,,1.6696996688842773,0.8333687782287598,1.2221930027008057,-0.39167094230651855,0.00564011512324214,2.469433411533828e-06,0.04299840331077576,1.669071387372129,0.8436232329099438,1.2236645999660207,-0.37998113560684066,0.005031610539325734,2.5082883601896328e-06,,,,,,,,,,,,
2.22,grasp,,,,,,,,,,,,,,,,,,,,,1.669402003288269,0.838701605796814,1.2218016386032104,-0.38601410388946533,0.005346209276467562,2.470348135830136e-06,0.04299840331077576,1.669071387372129,0.8436232329099438,1.2236645999660207,-0.37998113560684066,0.005031610539325734,2.5082883601896328e-06,,,,,,,,,,,,
2.24,grasp,,,,,,,,,,,,,,,,,,,,,1.6689980030059814,0.8458849787712097,1.2213376760482788,-0.37832367420196533,0.004940945189446211,2.5220917905244278e-06,0.04299840331077576,1.6685505812602033,0.8528601109533734,1.22303572330306,-0.3701302710437942,0.004510721888545713,2.5560451145721662e-06,,,,,,,,,,,,
2.2600000000000002,grasp,,,,,,,,,,,,,,,,,,,,,1.6687864065170288,0.8496168851852417,1.2210636138916016,-0.3743617534637451,0.004733197391033173,2.52558902502642e-06,0.04299840331077576,1.6685505812602033,0.8528601109533734,1.22303572330306,-0.3701302710437942,0.004510721888545713,2.5560451145721662e-06,,,,,,,,,,,,
2.2800000000000002,grasp,,,,,,,,,,,,,,,,,,,,,1.6685261726379395,0.8541548848152161,1.2207673788070679,-0.3695051670074463,0.004473183304071426,2.5574345272616483e-06,0.04299840331077576,1.6682365101657912,0.858310392826622,1.222656561361091,-0.36432330692093723,0.0041966835714429196,2.5848361184736847e-06,,,,,,,,,,,,
2.3000000000000003,grasp,,,,,,,,,,,,,,,,,,,,,1.6683900356292725,0.8565100431442261,1.2205954790115356,-0.3670031726360321,0.0043396493420004845,2.5622941848268965e-06,0.04299840331077576,1.6682365101657912,0.858310392826622,1.222656561361091,-0.36432330692093723,0.0041966835714429196,2.5848361184736847e-06,,,,,,,,,,,,
2.3200000000000003,grasp,,,,,,,,,,,,,,,,,,,,,1.668248176574707,0.8589383363723755,1.2204355001449585,-0.3644048273563385,0.004197896923869848,2.5804429242271e-06,0.04299840331077576,1.668086861530687,0.8608478148653244,1.22247600124629,-0.361622907357187,0.004047025833213965,2.5985577778960457e-06,,,,,,,,,,,,
2.3400000000000003,grasp,,,,,,,,,,,,,,,,,,,,,1.6681733131408691,0.8601962327957153,1.2203446626663208,-0.3630661368370056,0.0041250064969062805,2.584888989076717e-06,0.04299840331077576,1.668086861530687,0.8608478148653244,1.22247600124629,-0.361622907357187,0.004047025833213965,2.5985577778960457e-06,,,,,,,,,,,,
2.36,grasp,,,,,,,,,,,,,,,,,,,,,1.6681149005889893,0.8611661791801453,1.2202814817428589,-0.3620268702507019,0.004067785106599331,2.5936305974028073e-06,0.04299840331077576,1.6680467107483565,0.8615254110630874,1.2224276071872746,-0.3609019506935678,0.004006892416814872,2.6022373842622337e-06,,,,,,,,,,,,
2.3782465884648265,grasp,,,,,,,,,,,,,,,,,,,,,1.668083667755127,0.8616807460784912,1.220247507095337,-0.36148086190223694,0.00403774855658412,2.5955293949664338e-06,0.04299840331077576,1.6680455207824707,0.8615456819534302,1.222426176071167,-0.36088037490844727,0.004005691967904568,2.6023474219982745e-06,,,,,,,,,,,,
2.3782465884648265,grasp,,,,,,,,,,,,,,,,,,,,,,,,,,,0.04299997352063656,,,,,,,0.0,,,,,,,,,,,
2.3982465884648265,grasp,,,,,,,,,,,,,,,,,,,,,,,,,,,0.04298579320311546,,,,,,,0.0,,,,,,,,,,,
2.4182465884648265,grasp,,,,,,,,,,,,,,,,,,,,,,,,,,,0.04289085790514946,,,,,,,0.0,,,,,,,,,,,
2.4382465884648266,grasp,,,,,,,,,,,,,,,,,,,,,,,,,,,0.04266217164695263,,,,,,,0.0,,,,,,,,,,,
2.4582465884648266,grasp,,,,,,,,,,,,,,,,,,,,,,,,,,,0.042276835069060326,,,,,,,0.0,,,,,,,,,,,
2.4782465884648266,grasp,,,,,,,,,,,,,,,,,,,,,,,,,,,0.04170403070747852,,,,,,,0.0,,,,,,,,,,,
2.4982465884648266,grasp,,,,,,,,,,,,,,,,,,,,,,,,,,,0.04092513769865036,,,,,,,0.0,,,,,,,,,,,
2.5182465884648266,grasp,,,,,,,,,,,,,,,,,,,,,,,,,,,0.0399345587939024,,,,,,,0.0,,,,,,,,,,,
2.5382465884648266,grasp,,,,,,,,,,,,,,,,,,,,,,,,,,,0.038728201761841774,,,,,,,0.0,,,,,,,,,,,
2.5582465884648267,grasp,,,,,,,,,,,,,,,,,,,,,,,,,,,0.03731549717485905,,,,,,,0.0,,,,,,,,,,,
2.5782465884648267,grasp,,,,,,,,,,,,,,,,,,,,,,,,,,,0.03694445639848709,,,,,,,0.0,,,,,,,,,,,
2.5982465884648267,grasp,,,,,,,,,,,,,,,,,,,,,,,,,,,0.03691956214606762,,,,,,,0.0,,,,,,,,,,,
2.6182465884648263,grasp,,,,,,,,,,,,,,,,,,,,,,,,,,,0.03688165731728077,,,,,,,0.0,,,,,,,,,,,
2.6382465884648267,grasp,,,,,,,,,,,,,,,,,,,,,,,,,,,0.03683101944625378,,,,,,,0.0,,,,,,,,,,,
2.6582465884648263,grasp,,,,,,,,,,,,,,,,,,,,,,,,,,,0.036766886711120605,,,,,,,0.0,,,,,,,,,,,
2.6782465884648263,grasp,,,,,,,,,,,,,,,,,,,,,,,,,,,0.036702752113342285,,,,,,,0.0,,,,,,,,,,,
2.6982465884648263,grasp,,,,,,,,,,,,,,,,,,,,,,,,,,,0.03659620322287083,,,,,,,0.0,,,,,,,,,,,
2.7182465884648264,grasp,,,,,,,,,,,,,,,,,,,,,,,,,,,0.036483507603406906,,,,,,,0.0,,,,,,,,,,,
2.7382465884648264,grasp,,,,,,,,,,,,,,,,,,,,,,,,,,,0.03629147633910179,,,,,,,0.0,,,,,,,,,,,
2.7582465884648264,grasp,,,,,,,,,,,,,,,,,,,,,,,,,,,0.03614451736211777,,,,,,,0.0,,,,,,,,,,,
2.7782465884648264,grasp,,,,,,,,,,,,,,,,,,,,,,,,,,,0.036003414541482925,,,,,,,0.0,,,,,,,,,,,
2.7982465884648264,grasp,,,,,,,,,,,,,,,,,,,,,,,,,,,0.0357209499925375,,,,,,,0.0,,,,,,,,,,,
2.8182465884648265,grasp,,,,,,,,,,,,,,,,,,,,,,,,,,,0.03548567742109299,,,,,,,0.0,,,,,,,,,,,
2.8382465884648265,grasp,,,,,,,,,,,,,,,,,,,,,,,,,,,0.035347769036889076,,,,,,,0.0,,,,,,,,,,,
2.8582465884648265,grasp,,,,,,,,,,,,,,,,,,,,,,,,,,,0.03523222170770168,,,,,,,0.0,,,,,,,,,,,
2.8782465884648265,grasp,,,,,,,,,,,,,,,,,,,,,,,,,,,0.03520185500383377,,,,,,,0.0,,,,,,,,,,,
2.8982465884648265,grasp,,,,,,,,,,,,,,,,,,,,,,,,,,,0.03518497385084629,,,,,,,0.0,,,,,,,,,,,
2.9182465884648265,grasp,,,,,,,,,,,,,,,,,,,,,,,,,,,0.03517086245119572,,,,,,,0.0,,,,,,,,,,,
2.9382465884648266,grasp,,,,,,,,,,,,,,,,,,,,,,,,,,,0.03515950217843056,,,,,,,0.0,,,,,,,,,,,
2.9582465884648266,grasp,,,,,,,,,,,,,,,,,,,,,,,,,,,0.0351509265601635,,,,,,,0.0,,,,,,,,,,,
2.9782465884648266,grasp,,,,,,,,,,,,,,,,,,,,,,,,,,,0.035144735127687454,,,,,,,0.0,,,,,,,,,,,
2.9982465884648266,grasp,,,,,,,,,,,,,,,,,,,,,,,,,,,0.03514070622622967,,,,,,,0.0,,,,,,,,,,,
3.0182465884648266,grasp,,,,,,,,,,,,,,,,,,,,,,,,,,,0.035138463601469994,,,,,,,0.0,,,,,,,,,,,
3.0382465884648266,grasp,,,,,,,,,,,,,,,,,,,,,,,,,,,0.03513767383992672,,,,,,,0.0,,,,,,,,,,,
3.0582465884648267,grasp,,,,,,,,,,,,,,,,,,,,,,,,,,,0.0351374875754118,,,,,,,0.0,,,,,,,,,,,
3.0582465884648267,grasp,,,,,,,,,,,,,,,,,,,,,1.6686232089996338,0.8618298768997192,1.2230559587478638,-0.3608780801296234,0.0024614213034510612,0.00710997823625803,0.0351374875754118,1.6680455207824707,0.8615456819534302,1.222426176071167,-0.36088037490844727,0.004005691967904568,2.6023474219982745e-06,,,,,,,,,,,,
3.0782465884648267,grasp,,,,,,,,,,,,,,,,,,,,,1.6686238050460815,0.8618168830871582,1.2230511903762817,-0.36087819933891296,0.002466800156980753,0.006813422776758671,0.0351374875754118,1.6680455207824707,0.8615456819534302,1.222426176071167,-0.36088037490844727,0.004005691967904568,2.6023474219982745e-06,,,,,,,,,,,,
3.0982465884648267,grasp,,,,,,,,,,,,,,,,,,,,,1.6686292886734009,0.8617561459541321,1.2230337858200073,-0.3609398305416107,0.002467351034283638,0.006660753861069679,0.0351374875754118,1.6680525033759512,0.8614269421083502,1.2224345773320295,-0.36100674999665927,0.00401272373366806,2.601702835861884e-06,,,,,,,,,,,,
3.1182465884648267,grasp,,,,,,,,,,,,,,,,,,,,,1.6686335802078247,0.8617261052131653,1.2230236530303955,-0.36097151041030884,0.002465585246682167,0.006582164671272039,0.0351374875754118,1.6680525033759512,0.8614269421083502,1.2224345773320295,-0.36100674999665927,0.00401272373366806,2.601702835861884e-06,,,,,,,,,,,,
3.1382465884648267,grasp,,,,,,,,,,,,,,,,,,,,,1.6686971187591553,0.8612985610961914,1.2230814695358276,-0.3614029288291931,0.0024134935811161995,0.00653751939535141,0.0351374875754118,1.6681002230223454,0.8606223213164408,1.2224921140190377,-0.3618628331259776,0.0040603684048960914,2.5973344323129262e-06,,,,,,,,,,,,
3.1582465884648268,grasp,,,,,,,,,,,,,,,,,,,,,1.6687194108963013,0.8610907196998596,1.2229092121124268,-0.36162707209587097,0.002425755839794874,0.0065046451054513454,0.0351374875754118,1.6681002230223454,0.8606223213164408,1.2224921140190377,-0.3618628331259776,0.0040603684048960914,2.5973344323129262e-06,,,,,,,,,,,,
3.1782465884648268,grasp,,,,,,,,,,,,,,,,,,,,,1.6687557697296143,0.860029399394989,1.2224135398864746,-0.36283308267593384,0.002579581458121538,0.00649022264406085,0.0351374875754118,1.6682241345398998,0.858519492749193,1.2226416305611127,-0.3641008165251688,0.0041843020203702515,2.5859713626042436e-06,,,,,,,,,,,,
3.198246588464827,grasp,,,,,,,,,,,,,,,,,,,,,1.6687548160552979,0.8594933152198792,1.2220983505249023,-0.3634548485279083,0.0027023362927138805,0.006481322459876537,0.0351374875754118,1.6682241345398998,0.858519492749193,1.2226416305611127,-0.3641008165251688,0.0041843020203702515,2.5859713626042436e-06,,,,,,,,,,,,
3.218246588464827,grasp,,,,,,,,,,,,,,,,,,,,,1.6688103675842285,0.8573962450027466,1.2216874361038208,-0.3658120930194855,0.0029606991447508335,0.006470280699431896,0.0351374875754118,1.6684525750203376,0.8545834667757035,1.2229174405543668,-0.3682929509862861,0.00441268749118319,2.5650326190841653e-06,,,,,,,,,,,,
3.238246588464827,grasp,,,,,,,,,,,,,,,,,,,,,1.6687244176864624,0.8562854528427124,1.2215766906738281,-0.3670237958431244,0.0033747737761586905,0.006451656110584736,0.0351374875754118,1.6684525750203376,0.8545834667757035,1.2229174405543668,-0.3682929509862861,0.00441268749118319,2.5650326190841653e-06,,,,,,,,,,,,
3.258246588464827,grasp,,,,,,,,,,,,,,,,,,,,,1.6687617301940918,0.852810800075531,1.221096396446228,-0.37087300419807434,0.004032116383314133,0.006428644526749849,0.0351374875754118,1.668805779449795,0.8483540326197132,1.2233438043577154,-0.37493510070424096,0.0047659824417390214,2.532642934418962e-06,,,,,,,,,,,,
3.278246588464827,grasp,,,,,,,,,,,,,,,,,,,,,1.6688367128372192,0.8509854674339294,1.221142292022705,-0.3728528320789337,0.004240762908011675,0.006416274234652519,0.0351374875754118,1.668805779449795,0.8483540326197132,1.2233438043577154,-0.37493510070424096,0.0047659824417390214,2.532642934418962e-06,,,,,,,,,,,,
3.298246588464827,grasp,,,,,,,,,,,,,,,,,,,,,1.669070839881897,0.845754086971283,1.2211599349975586,-0.3784857392311096,0.004642219748347998,0.006411085370928049,0.0351374875754118,1.6693053802717666,0.8394387622753158,1.2239468580731756,-0.38444472362667664,0.005265534975638464,2.486837848565581e-06,,,,,,,,,,,,
3.3182465884648265,grasp,,,,,,,,,,,,,,,,,,,,,1.669169545173645,0.8429993391036987,1.2209466695785522,-0.3813896179199219,0.004922706633806229,0.006406355183571577,0.0351374875754118,1.6693053802717666,0.8394387622753158,1.2239468580731756,-0.38444472362667664,0.005265534975638464,2.486837848565581e-06,,,,,,,,,,,,
3.338246588464827,grasp,,,,,,,,,,,,,,,,,,,,,1.6695411205291748,0.8359421491622925,1.2214252948760986,-0.3890514075756073,0.005422793794423342,0.006400107406079769,0.0351374875754118,1.6699698545682393,0.8275122142926505,1.2247486268950478,-0.3971672699253897,0.005929969675722106,2.4259071971319932e-06,,,,,,,,,,,,
3.3582465884648265,grasp,,,,,,,,,,,,,,,,,,,,,1.6697649955749512,0.8321733474731445,1.2216315269470215,-0.39299964904785156,0.005599699914455414,0.0063919988460838795,0.0351374875754118,1.6699698545682393,0.8275122142926505,1.2247486268950478,-0.3971672699253897,0.005929969675722106,2.4259071971319932e-06,,,,,,,,,,,,
3.3782465884648265,grasp,,,,,,,,,,,,,,,,,,,,,1.6702622175216675,0.8229146003723145,1.2222360372543335,-0.40289393067359924,0.006152241490781307,0.006390292663127184,0.0351374875754118,1.6708125921333938,0.8123141466283029,1.2257650304775383,-0.41338115558998006,0.006772487945670429,2.3486469442835395e-06,,,,,,,,,,,,
3.3982465884648265,grasp,,,,,,,,,,,,,,,,,,,,,1.670535922050476,0.818082332611084,1.2226299047470093,-0.40799084305763245,0.006399471312761307,0.006390165537595749,0.0351374875754118,1.6708125921333938,0.8123141466283029,1.2257650304775383,-0.41338115558998006,0.006772487945670429,2.3486469442835395e-06,,,,,,,,,,,,
3.4182465884648265,grasp,,,,,,,,,,,,,,,,,,,,,1.6711636781692505,0.8066073060035706,1.223364233970642,-0.42027390003204346,0.007049874402582645,0.006389521062374115,0.0351374875754118,1.671844184362895,0.7936449744006774,1.227009440129028,-0.433299277624485,0.007804037065678304,2.254046606501768e-06,,,,,,,,,,,,
3.4382465884648266,grasp,,,,,,,,,,,,,,,,,,,,,1.671496868133545,0.8006132245063782,1.2238259315490723,-0.4266013503074646,0.007369332946836948,0.006389467045664787,0.0351374875754118,1.671844184362895,0.7936449744006774,1.227009440129028,-0.433299277624485,0.007804037065678304,2.254046606501768e-06,,,,,,,,,,,,
3.4582465884648266,grasp,,,,,,,,,,,,,,,,,,,,,1.672255039215088,0.7868015170097351,1.224705696105957,-0.4413876235485077,0.008142021484673023,0.006389193702489138,0.0351374875754118,1.6730724364020273,0.7713633644238628,1.2284906881143551,-0.45707322300951025,0.009032305733470872,2.1414030027483663e-06,,,,,,,,,,,,
3.4782465884648266,grasp,,,,,,,,,,,,,,,,,,,,,1.6726537942886353,0.7795870304107666,1.2252516746520996,-0.4490046799182892,0.008528411388397217,0.006389218848198652,0.0351374875754118,1.6730724364020273,0.7713633644238628,1.2284906881143551,-0.45707322300951025,0.009032305733470872,2.1414030027483663e-06,,,,,,,,,,,,
3.4982465884648266,grasp,,,,,,,,,,,,,,,,,,,,,1.67354416847229,0.7633678913116455,1.2262890338897705,-0.4663698971271515,0.009431269951164722,0.006389081943780184,0.0351374875754118,1.6745021793416732,0.7453827213530778,1.230214783688248,-0.4847961354827689,0.010462253959797796,2.01026743527598e-06,,,,,,,,,,,,
3.5182465884648266,grasp,,,,,,,,,,,,,,,,,,,,,1.674009919166565,0.754895806312561,1.226920247077942,-0.4753156304359436,0.009886622428894043,0.006389100570231676,0.0351374875754118,1.6745021793416732,0.7453827213530778,1.230214783688248,-0.4847961354827689,0.010462253959797796,2.01026743527598e-06,,,,,,,,,,,,
3.5382465884648266,grasp,,,,,,,,,,,,,,,,,,,,,1.6750372648239136,0.7362337112426758,1.2281204462051392,-0.4952981770038605,0.01092158630490303,0.006388992536813021,0.0351374875754118,1.6761362307322099,0.7156676278496822,1.2321851528165517,-0.5165055819167391,0.012096470608452377,1.8604133324395047e-06,,,,,,,,,,,,
3.5582465884648267,grasp,,,,,,,,,,,,,,,,,,,,,1.6755694150924683,0.7264842391014099,1.228836178779602,-0.5055920481681824,0.01144815981388092,0.0063889287412166595,0.0351374875754118,1.6761362307322099,0.7156676278496822,1.2321851528165517,-0.5165055819167391,0.012096470608452377,1.8604133324395047e-06,,,,,,,,,,,,
3.5782465884648267,grasp,,,,,,,,,,,,,,,,,,,,,1.6767327785491943,0.7053762078285217,1.230204701423645,-0.5281948447227478,0.012614679522812366,0.0063888756558299065,0.0351374875754118,1.6779752202305487,0.6822309805581855,1.2344016318108817,-0.5521872045911923,0.013935570435958273,1.6917771947709545e-06,,,,,,,,,,,,
3.5982465884648267,grasp,,,,,,,,,,,,,,,,,,,,,1.677333116531372,0.69434654712677,1.2310017347335815,-0.5398392677307129,0.013214951381087303,0.006388683337718248,0.0351374875754118,1.6779752202305487,0.6822309805581855,1.2344016318108817,-0.5521872045911923,0.013935570435958273,1.6917771947709545e-06,,,,,,,,,,,,
3.6182465884648267,grasp,,,,,,,,,,,,,,,,,,,,,1.678633689880371,0.6708201169967651,1.232542872428894,-0.5650324821472168,0.01451118104159832,0.006388802081346512,0.0351374875754118,1.6800188075059947,0.6451306877534199,1.2368649451191756,-0.5917775065459102,0.015979417839001222,1.5043606637910793e-06,,,,,,,,,,,,
3.6382465884648267,grasp,,,,,,,,,,,,,,,,,,,,,1.6793004274368286,0.658523678779602,1.2334177494049072,-0.5780113339424133,0.015187290497124195,0.006388430949300528,0.0351374875754118,1.6800188075059947,0.6451306877534199,1.2368649451191756,-0.5917775065459102,0.015979417839001222,1.5043606637910793e-06,,,,,,,,,,,,
3.6582465884648268,grasp,,,,,,,,,,,,,,,,,,,,,1.6808881759643555,0.632554292678833,1.235248327255249,-0.6059286594390869,0.016627684235572815,0.006388223264366388,0.0351374875754118,1.6825783558504042,0.6042992206219825,1.2398094883745412,-0.6355688974409438,0.018251772422189533,5.23267148305143e-07,,,,,,,,,,,,
3.6782465884648268,grasp,,,,,,,,,,,,,,,,,,,,,1.681701898574829,0.6189754009246826,1.236257553100586,-0.6203112006187439,0.01738034375011921,0.006387605331838131,0.0351374875754118,1.6825783558504042,0.6042992206219825,1.2398094883745412,-0.6355688974409438,0.018251772422189533,5.23267148305143e-07,,,,,,,,,,,,
3.698246588464827,grasp,,,,,,,,,,,,,,,,,,,,,1.6737569570541382,0.5960136651992798,1.2310289144515991,-0.6378712058067322,0.01804104819893837,0.006419861689209938,0.0351374875754118,1.6651300868756795,0.5711238643003309,1.227862655820387,-0.6565049159633068,0.019456482840479163,5.059985553644632e-05,,,,,,,,,,,,
3.718246588464827,grasp,,,,,,,,,,,,,,,,,,,,,1.6695027351379395,0.5840973854064941,1.2282347679138184,-0.6469180583953857,0.018985381349921227,0.006420430727303028,0.0351374875754118,1.6651300868756795,0.5711238643003309,1.227862655820387,-0.6565049159633068,0.019456482840479163,5.059985553644632e-05,,,,,,,,,,,,
3.738246588464827,grasp,,,,,,,,,,,,,,,,,,,,,1.6421313285827637,0.569648027420044,1.2085074186325073,-0.6410714387893677,0.017872394993901253,0.006518044043332338,0.0351374875754118,1.6126107905581912,0.5539950979548287,1.1897052231568797,-0.6348317338441459,0.018547467342765404,0.00018944481067012978,,,,,,,,,,,,
3.758246588464827,grasp,,,,,,,,,,,,,,,,,,,,,1.6276193857192993,0.5623213648796082,1.1980102062225342,-0.638060986995697,0.018956387415528297,0.006524649448692799,0.0351374875754118,1.6126107905581912,0.5539950979548287,1.1897052231568797,-0.6348317338441459,0.018547467342765404,0.00018944481067012978,,,,,,,,,,,,
3.7782465884648264,grasp,,,,,,,,,,,,,,,,,,,,,1.5939044952392578,0.5494149923324585,1.1735332012176514,-0.6258848905563354,0.01728738471865654,0.006645428016781807,0.0351374875754118,1.5575937866619542,0.535284180402045,1.1497644650276704,-0.6129200019765493,0.01763840963912504,0.0003349637025441301,,,,,,,,,,,,
3.798246588464827,grasp,,,,,,,,,,,,,,,,,,,,,1.5760746002197266,0.5428546071052551,1.1606007814407349,-0.619614839553833,0.018316615372896194,0.0066579668782651424,0.0351374875754118,1.5575937866619542,0.535284180402045,1.1497644650276704,-0.6129200019765493,0.01763840963912504,0.0003349637025441301,,,,,,,,,,,,
3.8182465884648265,grasp,,,,,,,,,,,,,,,,,,,,,1.5391989946365356,0.5298200845718384,1.1338226795196533,-0.6051684021949768,0.01645321398973465,0.006788899190723896,0.0351374875754118,1.499517486034971,0.5155297520214085,1.1076060584758396,-0.5897912022777215,0.016678684487075452,0.000488606045360448,,,,,,,,,,,,
3.838246588464827,grasp,,,,,,,,,,,,,,,,,,,,,1.5197235345840454,0.5231917500495911,1.1196911334991455,-0.5977293848991394,0.01747179590165615,0.006804673466831446,0.0351374875754118,1.499517486034971,0.5155297520214085,1.1076060584758396,-0.5897912022777215,0.016678684487075452,0.000488606045360448,,,,,,,,,,,,
3.8582465884648265,grasp,,,,,,,,,,,,,,,,,,,,,1.480675220489502,0.5096574425697327,1.091349482536316,-0.5821466445922852,0.015488479286432266,0.006943835876882076,0.0351374875754118,1.438670630030957,0.49483058658542106,1.0634402195585917,-0.5655622743658303,0.01567358464998922,0.0006495021571816253,,,,,,,,,,,,
3.878246588464827,grasp,,,,,,,,,,,,,,,,,,,,,1.4600627422332764,0.5027742385864258,1.0763925313949585,-0.5741226077079773,0.016534514725208282,0.00696150679141283,0.0351374875754118,1.438670630030957,0.49483058658542106,1.0634402195585917,-0.5655622743658303,0.01567358464998922,0.0006495021571816253,,,,,,,,,,,,
3.8982465884648265,grasp,,,,,,,,,,,,,,,,,,,,,1.4192571640014648,0.4886970520019531,1.046777606010437,-0.5577659010887146,0.014451094903051853,0.007106900215148926,0.0351374875754118,1.3753694651431259,0.4732924264068911,1.017495111811499,-0.5403586202526466,0.014628122366390769,0.0008168555314134736,,,,,,,,,,,,
3.9182465884648265,grasp,,,,,,,,,,,,,,,,,,,,,1.3977211713790894,0.4815375506877899,1.0311495065689087,-0.5493430495262146,0.015540448017418385,0.007125327829271555,0.0351374875754118,1.3753694651431259,0.4732924264068911,1.017495111811499,-0.5403586202526466,0.014628122366390769,0.0008168555314134736,,,,,,,,,,,,
3.9382465884648266,grasp,,,,,,,,,,,,,,,,,,,,,1.3554328680038452,0.4669625759124756,1.0004616975784302,-0.5323729515075684,0.013366973027586937,0.007276250049471855,0.0351374875754118,1.3099529581351186,0.45102889030461135,0.9700149301466904,-0.5143133965623516,0.013547515657487474,0.000989843438629432,,,,,,,,,,,,
3.9582465884648266,grasp,,,,,,,,,,,,,,,,,,,,,1.333115577697754,0.4595499038696289,0.9842638373374939,-0.5236336588859558,0.014503316022455692,0.007295174058526754,0.0351374875754118,1.3099529581351186,0.45102889030461135,0.9700149301466904,-0.5143133965623516,0.013547515657487474,0.000989843438629432,,,,,,,,,,,,
3.9782465884648266,grasp,,,,,,,,,,,,,,,,,,,,,1.2895886898040771,0.4445492923259735,0.9526810050010681,-0.5061615705490112,0.0122523857280612,0.0074509126134216785,0.0351374875754118,1.2427772560989185,0.4281611022804749,0.9212586591102139,-0.4875685598603598,0.012437835686619209,0.0011674856701343334,,,,,,,,,,,,
3.9982465884648266,grasp,,,,,,,,,,,,,,,,,,,,,1.2666170597076416,0.4369202256202698,0.9360066056251526,-0.4971637427806854,0.013431970030069351,0.007470239885151386,0.0351374875754118,1.2427772560989185,0.4281611022804749,0.9212586591102139,-0.4875685598603598,0.012437835686619209,0.0011674856701343334,,,,,,,,,,,,
4.018246588464827,grasp,,,,,,,,,,,,,,,,,,,,,1.2220946550369263,0.42157289385795593,0.90370112657547,-0.47929126024246216,0.011112942360341549,0.007630017586052418,0.0351374875754118,1.174214028748509,0.4048149786986054,0.8714965776993151,-0.4602723225476998,0.011305453982039318,0.0013487556090964058,,,,,,,,,,,,
4.038246588464826,grasp,,,,,,,,,,,,,,,,,,,,,1.1985974311828613,0.41376787424087524,0.8866428136825562,-0.47008663415908813,0.012331221252679825,0.007649425882846117,0.0351374875754118,1.174214028748509,0.4048149786986054,0.8714965776993151,-0.4602723225476998,0.011305453982039318,0.0013487556090964058,,,,,,,,,,,,
4.058246588464827,grasp,,,,,,,,,,,,,,,,,,,,,1.1533294916152954,0.3981589376926422,0.8537985682487488,-0.4519147276878357,0.00995716080069542,0.0078122736886143684,0.0351374875754118,1.1046476763960242,0.38112027598913906,0.8210072717429734,-0.432577022023796,0.010156611930071542,0.001532662540848906,,,,,,,,,,,,
4.078246588464827,grasp,,,,,,,,,,,,,,,,,,,,,1.129438042640686,0.39022138714790344,0.8364506959915161,-0.44255530834198,0.011208437383174896,0.007831715047359467,0.0351374875754118,1.1046476763960242,0.38112027598913906,0.8210072717429734,-0.432577022023796,0.010156611930071542,0.001532662540848906,,,,,,,,,,,,
4.098246588464827,grasp,,,,,,,,,,,,,,,,,,,,,1.083680272102356,0.3744368553161621,0.803253173828125,-0.4241864085197449,0.008794049732387066,0.00799652375280857,0.0351374875754118,1.0344714943724027,0.3572080625872998,0.770075778909041,-0.404638866046398,0.00899766719033414,0.0017181936863680577,,,,,,,,,,,,
4.118246588464826,grasp,,,,,,,,,,,,,,,,,,,,,1.0595289468765259,0.3664107322692871,0.7857123017311096,-0.4147252142429352,0.010069183073937893,0.00801599770784378,0.0351374875754118,1.0344714943724027,0.3572080625872998,0.770075778909041,-0.404638866046398,0.00899766719033414,0.0017181936863680577,,,,,,,,,,,,
4.138246588464827,grasp,,,,,,,,,,,,,,,,,,,,,1.013541340827942,0.3505397140979767,0.7523501515388489,-0.3962632119655609,0.007625213824212551,0.008182202465832233,0.0351374875754118,0.9640833461417557,0.33321429629062876,0.7189903073086554,-0.3766162982651325,0.007835087989530306,0.0019043057088668114,,,,,,,,,,,,
4.158246588464827,grasp,,,,,,,,,,,,,,,,,,,,,0.989266574382782,0.3424707353115082,0.7347163558006287,-0.3867533802986145,0.00892140157520771,0.00820151250809431,0.0351374875754118,0.9640833461417557,0.33321429629062876,0.7189903073086554,-0.3766162982651325,0.007835087989530306,0.0019043057088668114,,,,,,,,,,,,
4.178246588464827,grasp,,,,,,,,,,,,,,,,,,,,,0.9433090686798096,0.3266019821166992,0.7013753652572632,-0.3683035671710968,0.006464733742177486,0.008368072099983692,0.0351374875754118,0.893883402215035,0.3092731197487253,0.6680407718833759,-0.34866865825770293,0.006675492137345732,0.0020899351010953047,,,,,,,,,,,,
4.198246588464826,grasp,,,,,,,,,,,,,,,,,,,,,0.9190487265586853,0.31853535771369934,0.6837487816810608,-0.35879942774772644,0.007769396528601646,0.008387038484215736,0.0351374875754118,0.893883402215035,0.3092731197487253,0.6680407718833759,-0.34866865825770293,0.006675492137345732,0.0020899351010953047,,,,,,,,,,,,
4.218246588464827,grasp,,,,,,,,,,,,,,,,,,,,,0.8733835220336914,0.30275869369506836,0.650620698928833,-0.34046605229377747,0.005310731008648872,0.008553084917366505,0.0351374875754118,0.8242692914049964,0.28552089623298843,0.6175161481978741,-0.32095430332650793,0.005525676390418589,0.002273997388076404,,,,,,,,,,,,
4.238246588464826,grasp,,,,,,,,,,,,,,,,,,,,,0.849273681640625,0.2947405278682709,0.6330990195274353,-0.3310212194919586,0.0066201332956552505,0.008571632206439972,0.0351374875754118,0.8242692914049964,0.28552089623298843,0.6175161481978741,-0.32095430332650793,0.005525676390418589,0.002273997388076404,,,,,,,,,,,,
4.258246588464827,grasp,,,,,,,,,,,,,,,,,,,,,0.8041591644287109,0.2791435420513153,0.6003715991973877,-0.3129081428050995,0.004173947032541037,0.008735894225537777,0.0351374875754118,0.755634546661413,0.2620888009379208,0.5677021629451525,-0.2936296620527802,0.004392215573129105,0.002455443342164044,,,,,,,,,,,,
4.278246588464826,grasp,,,,,,,,,,,,,,,,,,,,,0.780336856842041,0.27121856808662415,0.5830546617507935,-0.30357620120048523,0.005480825901031494,0.008753858506679535,0.0351374875754118,0.755634546661413,0.2620888009379208,0.5677021629451525,-0.2936296620527802,0.004392215573129105,0.002455443342164044,,,,,,,,,,,,
4.298246588464827,grasp,,,,,,,,,,,,,,,,,,,,,0.7360262870788574,0.25588834285736084,0.5509119629859924,-0.28578466176986694,0.0030638398602604866,0.00891565065830946,0.0351374875754118,0.6883640249837355,0.23910784603008164,0.5188778448496484,-0.26684730565687836,0.0032812164116138233,0.0026332955851365095,,,,,,,,,,,,
4.3182465884648265,grasp,,,,,,,,,,,,,,,,,,,,,0.71262526512146,0.2481011152267456,0.5338966846466064,-0.2766176462173462,0.004357196856290102,0.008933128789067268,0.0351374875754118,0.6883640249837355,0.23910784603008164,0.5188778448496484,-0.26684730565687836,0.0032812164116138233,0.0026332955851365095,,,,,,,,,,,,
4.338246588464827,grasp,,,,,,,,,,,,,,,,,,,,,0.6693658828735352,0.2331215888261795,0.5025174021720886,-0.25924673676490784,0.001983099617063999,0.009091534651815891,0.0351374875754118,0.6228309374115248,0.21670319730909987,0.4713139873691557,-0.240755641522013,0.002198702228910873,0.002806589120086986,,,,,,,,,,,,
4.3582465884648265,grasp,,,,,,,,,,,,,,,,,,,,,0.6465165019035339,0.22551482915878296,0.48589858412742615,-0.2502956688404083,0.0032556182704865932,0.009108294732868671,0.0351374875754118,0.6228309374115248,0.21670319730909987,0.4713139873691557,-0.240755641522013,0.002198702228910873,0.002806589120086986,,,,,,,,,,,,
4.378246588464827,grasp,,,,,,,,,,,,,,,,,,,,,0.6045451760292053,0.2109670639038086,0.45545467734336853,-0.23344087600708008,0.0009384937584400177,0.009262405335903168,0.0351374875754118,0.5593930002159226,0.19499585203587225,0.4252698810879783,-0.21549766944971843,0.0011507124486468772,0.0029743559920915683,,,,,,,,,,,,
4.3982465884648265,grasp,,,,,,,,,,,,,,,,,,,,,0.582372784614563,0.20358215272426605,0.4393232762813568,-0.22475506365299225,0.0021820683032274246,0.009278458543121815,0.0351374875754118,0.5593930002159226,0.19499585203587225,0.4252698810879783,-0.21549766944971843,0.0011507124486468772,0.0029743559920915683,,,,,,,,,,,,
4.418246588464827,grasp,,,,,,,,,,,,,,,,,,,,,0.5419154167175293,0.1895449161529541,0.4099785089492798,-0.20850735902786255,-6.435575778596103e-05,0.009427433833479881,0.0351374875754118,0.4983886652889968,0.17410318541589886,0.38099105453217,-0.19120868070981656,0.0001429692517166993,0.0031356796418098676,,,,,,,,,,,,
4.438246588464827,grasp,,,,,,,,,,,,,,,,,,,,,0.5205389857292175,0.18242187798023224,0.39442160725593567,-0.20013365149497986,0.0011422715615481138,0.009442628361284733,0.0351374875754118,0.4983886652889968,0.17410318541589886,0.38099105453217,-0.19120868070981656,0.0001429692517166993,0.0031356796418098676,,,,,,,,,,,,
4.458246588464827,grasp,,,,,,,,,,,,,,,,,,,,,0.48180824518203735,0.16896726191043854,0.3663299083709717,-0.1845783293247223,-0.0010208172025159001,0.009585647843778133,0.0351374875754118,0.44013557687708516,0.1541304166096258,0.33870761446167363,-0.16801507590200201,-0.0008192375823269438,0.0032897117044263123,,,,,,,,,,,,
4.478246588464827,grasp,,,,,,,,,,,,,,,,,,,,,0.4613402187824249,0.16214261949062347,0.3514291048049927,-0.17656080424785614,0.0001414860162185505,0.009599979035556316,0.0351374875754118,0.44013557687708516,0.1541304166096258,0.33870761446167363,-0.16801507590200201,-0.0008192375823269438,0.0032897117044263123,,,,,,,,,,,,
4.498246588464827,grasp,,,,,,,,,,,,,,,,,,,,,0.42453256249427795,0.14933767914772034,0.3247336745262146,-0.16177672147750854,-0.0019258868414908648,0.009736274369060993,0.0351374875754118,0.384925341542882,0.13517646167202876,0.29863113335640606,-0.14603272049703941,-0.001731112178150936,0.003435684383862102,,,,,,,,,,,,
4.518246588464827,grasp,,,,,,,,,,,,,,,,,,,,,0.40507686138153076,0.14284569025039673,0.3105657696723938,-0.15415604412555695,-0.00081428955309093,0.009749551303684711,0.0351374875754118,0.384925341542882,0.13517646167202876,0.29863113335640606,-0.14603272049703941,-0.001731112178150936,0.003435684383862102,,,,,,,,,,,,
4.538246588464826,grasp,,,,,,,,,,,,,,,,,,,,,0.37036991119384766,0.1307535022497177,0.2853911817073822,-0.14021466672420502,-0.0027747463900595903,0.009878478944301605,0.0351374875754118,0.3330200112331026,0.11733254405638656,0.26095230751253684,-0.1253658084117364,-0.0025884399243825064,0.003572925389715496,,,,,,,,,,,,
4.558246588464827,grasp,,,,,,,,,,,,,,,,,,,,,0.3520214855670929,0.1246248185634613,0.27202755212783813,-0.13302764296531677,-0.001722326735034585,0.009890982881188393,0.0351374875754118,0.3330200112331026,0.11733254405638656,0.26095230751253684,-0.1253658084117364,-0.0025884399243825064,0.003572925389715496,,,,,,,,,,,,
4.578246588464827,grasp,,,,,,,,,,,,,,,,,,,,,0.3195728361606598,0.11329859495162964,0.24849483370780945,-0.11999209225177765,-0.0035636750981211662,0.010011924430727959,0.0351374875754118,0.28465001310240434,0.10067595663533302,0.22583881400737094,-0.10610591906478743,-0.0033875434340454305,0.003700849203459056,,,,,,,,,,,,
4.598246588464827,grasp,,,,,,,,,,,,,,,,,,,,,0.30241531133651733,0.10756093263626099,0.23599474132061005,-0.11327162384986877,-0.0025764727033674717,0.010023334063589573,0.0351374875754118,0.28465001310240434,0.10067595663533302,0.22583881400737094,-0.10610591906478743,-0.0033875434340454305,0.003700849203459056,,,,,,,,,,,,
4.618246588464826,grasp,,,,,,,,,,,,,,,,,,,,,0.27235984802246094,0.09704824537038803,0.21419577300548553,-0.10119640827178955,-0.004289561416953802,0.010135442949831486,0.0351374875754118,0.2400103283470056,0.08527200332491144,0.1934318589113094,-0.08833080763218153,-0.004125138455566862,0.0038189292440984424,,,,,,,,,,,,
4.638246588464827,grasp,,,,,,,,,,,,,,,,,,,,,0.2564655840396881,0.0917242020368576,0.20261409878730774,-0.09497057646512985,-0.00337399123236537,0.010146114975214005,0.0351374875754118,0.2400103283470056,0.08527200332491144,0.1934318589113094,-0.08833080763218153,-0.004125138455566862,0.0038189292440984424,,,,,,,,,,,,
4.658246588464827,grasp,,,,,,,,,,,,,,,,,,,,,0.2289135903120041,0.08206263184547424,0.18263457715511322,-0.08390020579099655,-0.004950274713337421,0.010249224491417408,0.0351374875754118,0.19925642843390312,0.07117507241301724,0.1638436936430198,-0.07210277279991209,-0.004798452065254338,0.003926717989296166,,,,,,,,,,,,
4.678246588464827,grasp,,,,,,,,,,,,,,,,,,,,,0.214341402053833,0.07717186212539673,0.1720135360956192,-0.07819213718175888,-0.004110914655029774,0.010258838534355164,0.0351374875754118,0.19925642843390312,0.07117507241301724,0.1638436936430198,-0.07210277279991209,-0.004798452065254338,0.003926717989296166,,,,,,,,,,,,
4.698246588464826,grasp,,,,,,,,,,,,,,,,,,,,,0.18937604129314423,0.06839258968830109,0.15390877425670624,-0.06816032528877258,-0.005544005893170834,0.010352438315749168,0.0351374875754118,0.162501083000722,0.05842558887641684,0.13715597549786593,-0.05746687624048482,-0.005405549557547276,0.00402390462149579,,,,,,,,,,,,
4.718246588464827,grasp,,,,,,,,,,,,,,,,,,,,,0.17617058753967285,0.0639495775103569,0.14428241550922394,-0.06298749893903732,-0.004785016644746065,0.010361125692725182,0.0351374875754118,0.162501083000722,0.05842558887641684,0.13715597549786593,-0.05746687624048482,-0.005405549557547276,0.00402390462149579,,,,,,,,,,,,
4.738246588464826,grasp,,,,,,,,,,,,,,,,,,,,,0.15384531021118164,0.05607261881232262,0.12809255719184875,-0.05401584878563881,-0.0060701691545546055,0.010444916784763336,0.0351374875754118,0.12981090960207076,0.04704836905532768,0.11341762184363241,-0.0444495200952295,-0.005945453883408139,0.004110332898349369,,,,,,,,,,,,
4.758246588464827,grasp,,,,,,,,,,,,,,,,,,,,,0.1420356184244156,0.052087098360061646,0.11948295682668686,-0.04938949644565582,-0.005394174717366695,0.010452712886035442,0.0351374875754118,0.12981090960207076,0.04704836905532768,0.11341762184363241,-0.0444495200952295,-0.005945453883408139,0.004110332898349369,,,,,,,,,,,,
4.778246588464826,grasp,,,,,,,,,,,,,,,,,,,,,0.12237312644720078,0.045122191309928894,0.10522390902042389,-0.04148700088262558,-0.0065289027988910675,0.010526653379201889,0.0351374875754118,0.10120313256973555,0.037051807921898876,0.09264177755764082,-0.03305738567701683,-0.006418028552078968,0.004185983014980338,,,,,,,,,,,,
4.798246588464827,grasp,,,,,,,,,,,,,,,,,,,,,0.11197119206190109,0.041598495095968246,0.09764082729816437,-0.037411853671073914,-0.005937277805060148,0.010533588007092476,0.0351374875754118,0.10120313256973555,0.037051807921898876,0.09264177755764082,-0.03305738567701683,-0.006418028552078968,0.004185983014980338,,,,,,,,,,,,
4.8182465884648265,grasp,,,,,,,,,,,,,,,,,,,,,0.09496097266674042,0.03554262965917587,0.0853034183382988,-0.030574141070246696,-0.0069209495559334755,0.01059750746935606,0.0351374875754118,0.07664316294315932,0.02842360708110231,0.07480320731914834,-0.023276584276423568,-0.006823862687072758,0.004250949532377775,,,,,,,,,,,,
4.838246588464827,grasp,,,,,,,,,,,,,,,,,,,,,0.08596118539571762,0.03247903287410736,0.07874229550361633,-0.027048029005527496,-0.006413525436073542,0.01060359738767147,0.0351374875754118,0.07664316294315932,0.02842360708110231,0.07480320731914834,-0.023276584276423568,-0.006823862687072758,0.004250949532377775,,,,,,,,,,,,
4.8582465884648265,grasp,,,,,,,,,,,,,,,,,,,,,0.07155539840459824,0.02731449529528618,0.06829444319009781,-0.02125643752515316,-0.007248227950185537,0.01065775752067566,0.0351374875754118,0.05604103967771627,0.021129969532776453,0.05983592948757484,-0.015071249055540688,-0.007164359903029673,0.00430545727155676,,,,,,,,,,,,
4.878246588464827,grasp,,,,,,,,,,,,,,,,,,,,,0.06393388658761978,0.024700995534658432,0.06274096667766571,-0.018269795924425125,-0.006823674309998751,0.010663111694157124,0.0351374875754118,0.05604103967771627,0.021129969532776453,0.05983592948757484,-0.015071249055540688,-0.007164359903029673,0.00430545727155676,,,,,,,,,,,,
4.8982465884648265,grasp,,,,,,,,,,,,,,,,,,,,,0.05204741284251213,0.02040192112326622,0.054115962237119675,-0.013490220531821251,-0.007513480260968208,0.01070786826312542,0.0351374875754118,0.0392454278905916,0.015124344408694017,0.047630059476017714,-0.008381192121565243,-0.007441951586938296,0.00434989521367852,,,,,,,,,,,,
4.918246588464827,grasp,,,,,,,,,,,,,,,,,,,,,0.04575977101922035,0.018224911764264107,0.049536336213350296,-0.01102552842348814,-0.007170055992901325,0.010712443850934505,0.0351374875754118,0.0392454278905916,0.015124344408694017,0.047630059476017714,-0.008381192121565243,-0.007441951586938296,0.00434989521367852,,,,,,,,,,,,
4.938246588464827,grasp,,,,,,,,,,,,,,,,,,,,,0.03626479208469391,0.01475826557725668,0.04264644905924797,-0.00720686512067914,-0.00772083317860961,0.010748202912509441,0.0351374875754118,0.02603758959418497,0.010356157603172302,0.038028383232404976,-0.0031196400307971564,-0.007660233461237355,0.0043848387649564665,,,,,,,,,,,,
4.958246588464827,grasp,,,,,,,,,,,,,,,,,,,,,0.031243447214365005,0.013001994229853153,0.038990408182144165,-0.005237776320427656,-0.007453885395079851,0.010752229019999504,0.0351374875754118,0.02603758959418497,0.010356157603172302,0.038028383232404976,-0.0031196400307971564,-0.007660233461237355,0.0043848387649564665,,,,,,,,,,,,
4.978246588464827,grasp,,,,,,,,,,,,,,,,,,,,,0.023968953639268875,0.010324508883059025,0.0337093360722065,-0.002311576623469591,-0.007876161485910416,0.01077947672456503,0.0351374875754118,0.016132321304492048,0.0067520993573515105,0.030825609128536675,0.0008266412721014889,-0.00782392462599244,0.004411043389611404,,,,,,,,,,,,
4.998246588464827,grasp,,,,,,,,,,,,,,,,,,,,,0.020123200491070747,0.00896698422729969,0.03091021627187729,-0.0008027817239053547,-0.007678559515625238,0.010782605968415737,0.0351374875754118,0.016132321304492048,0.0067520993573515105,0.030825609128536675,0.0008266412721014889,-0.00782392462599244,0.004411043389611404,,,,,,,,,,,,
5.018246588464827,grasp,,,,,,,,,,,,,,,,,,,,,0.01485416479408741,0.007014975883066654,0.027086053043603897,0.0013171395985409617,-0.00798401515930891,0.010802468284964561,0.0351374875754118,0.009176472218842565,0.004207506147410486,0.025766595111320654,0.0035980433650112313,-0.0079388691483895,0.004429444570869205,,,,,,,,,,,,
5.038246588464826,grasp,,,,,,,,,,,,,,,,,,,,,0.012070246040821075,0.006024242378771305,0.02506125159561634,0.0024101147428154945,-0.007849138230085373,0.010804947465658188,0.0351374875754118,0.009176472218842565,0.004207506147410486,0.025766595111320654,0.0035980433650112313,-0.0079388691483895,0.004429444570869205,,,,,,,,,,,,
5.058246588464827,grasp,,,,,,,,,,,,,,,,,,,,,0.008545760065317154,0.004714015405625105,0.022503791376948357,0.0038284040056169033,-0.008052906021475792,0.010818210430443287,0.0351374875754118,0.004745913191249585,0.0025838321167132644,0.022544034363607916,0.005363337295771486,-0.00801208290390642,0.0044411651914633065,,,,,,,,,,,,
5.078246588464827,grasp,,,,,,,,,,,,,,,,,,,,,0.006685346830636263,0.004047353286296129,0.02115258388221264,0.004559564869850874,-0.007971066981554031,0.010820072144269943,0.0351374875754118,0.004745913191249585,0.0025838321167132644,0.022544034363607916,0.005363337295771486,-0.00801208290390642,0.0044411651914633065,,,,,,,,,,,,
5.098246588464827,grasp,,,,,,,,,,,,,,,,,,,,,0.004597326274961233,0.003269369248300791,0.019638311117887497,0.005400027148425579,-0.008091069757938385,0.010827938094735146,0.0351374875754118,0.002343301499749103,0.0017030569940619095,0.020796478280477516,0.006320627809918862,-0.008051784934083353,0.004447521180247941,,,,,,,,,,,,
5.118246588464826,grasp,,,,,,,,,,,,,,,,,,,,,0.003497110912576318,0.002872035140171647,0.01884261704981327,0.00583323510363698,-0.008051622658967972,0.01082941610366106,0.0351374875754118,0.002343301499749103,0.0017030569940619095,0.020796478280477516,0.006320627809918862,-0.008051784934083353,0.004447521180247941,,,,,,,,,,,,
5.138246588464827,grasp,,,,,,,,,,,,,,,,,,,,,0.002487113932147622,0.0024951521772891283,0.018109673634171486,0.006239926442503929,-0.008108953945338726,0.010833079926669598,0.0351374875754118,0.0013926482318046488,0.0013545576769184468,0.020105014003240343,0.0066994036282087294,-0.008067493968274777,0.004450035981711385,,,,,,,,,,,,
5.158246588464827,grasp,,,,,,,,,,,,,,,,,,,,,0.0019568013958632946,0.002301678294315934,0.017728302627801895,0.006449491251260042,-0.008098161779344082,0.010833918116986752,0.0351374875754118,0.0013926482318046488,0.0013545576769184468,0.020105014003240343,0.0066994036282087294,-0.008067493968274777,0.004450035981711385,,,,,,,,,,,,
5.178246588464827,grasp,,,,,,,,,,,,,,,,,,,,,0.0016133534954860806,0.0021724870894104242,0.017481300979852676,0.006587897893041372,-0.008116403594613075,0.01083515863865614,0.0351374875754118,0.0012351566455942775,0.0012968230049696455,0.019990461307012236,0.0067621541148643735,-0.008070096626686276,0.004450452405689194,,,,,,,,,,,,
5.18105482404586,grasp,,,,,,,,,,,,,,,,,,,,,0.0014325734227895737,0.002105391351506114,0.017354102805256844,0.0066594225354492664,-0.008120499551296234,0.010835652239620686,0.0351374875754118,0.0012337067164480686,0.001296291477046907,0.019989406690001488,0.006762731820344925,-0.008070120587944984,0.004450456239283085,,,,,,,,,,,,
