#usda 1.0
(
    customLayerData = {
        dictionary MovieCaptureSettings = {
            double animation_fps = 24
            int bad_frame_size_threshold = 0
            int batch_count = 1
            string camera_name = "/OmniverseKit_Persp"
            bool capture_application = 0
            int capture_every_nth_frames = 20
            bool capture_every_nth_frames_checked = 0
            int capture_frame_end = 25
            int capture_frame_start = 0
            string capture_name = "Video_test"
            string capture_range = "Custom Range - Seconds"
            double capture_time_end = 5.033333595842123
            double capture_time_start = 0
            int early_quit_time_limit = 0
            string exr_compression_method = "zips"
            double fps = 24
            bool generate_shader_cache = 0
            bool hdr_for_exr_checked = 1
            bool hdr_for_exr_visible = 0
            int iray_pathtrace_spp = 1
            int iray_subframes_per_frame = 32
            int max_bad_frame_threshold = 3
            string movie_type = "Sequence"
            int mp4_encoding_bitrate = 16777216
            int mp4_encoding_iframe_interval = 60
            string mp4_encoding_preset = "PRESET_DEFAULT"
            string mp4_encoding_profile = "H264_PROFILE_HIGH"
            string mp4_encoding_rc_mode = "RC_VBR"
            int mp4_encoding_rc_target_quality = 0
            bool mp4_encoding_video_full_range_flag = 0
            string output_format = ".mp4"
            string output_path = "outputs/multifloor_capture"
            bool overwrite_existing_frame_checked = 1
            bool pathtrace_mb_checked = 1
            double pathtrace_mb_frame_shutter_close = 0.5
            double pathtrace_mb_frame_shutter_open = 0
            int pathtrace_mb_subframes = 64
            int pathtrace_spp_per_iteration_mgpu = 1
            int pathtrace_spp_per_subframe = 1
            string queue_instance = "localhost Queue"
            int realtime_settle_latency = 0
            int realtime_wait_for_render_resolve = 0
            string render_preset = "RaytracedLighting"
            bool render_style = 1
            bool renumber_negtive_frames_checked = 0
            int resolution_aspect_ratio_selected = 0
            string resolution_aspect_ratios = '["16:9", "4:3"]'
            int resolution_height = 1080
            string resolution_type = "HD"
            bool resolution_w_h_linked = 1
            int resolution_width = 1920
            int run_n_frames_before_start = 20
            bool run_n_frames_before_start_checked = 0
            bool save_alpha_checked = 0
            bool skip_upload_to_s3 = 0
            int start_delay_seconds = 10
            double sunstudy_end = 18
            int sunstudy_movie_minutes = 1
            int sunstudy_movie_seconds = 1
            double sunstudy_start = 6
            string task_comment = ""
            int task_priority = 65535
            string task_type = "create-render"
            double texture_streaming_memory_budget = 0.6000000238418579
            bool upload_to_s3 = 0
        }
        dictionary cameraSettings = {
            dictionary Front = {
                double3 position = (5, 0, 0)
                double radius = 5
            }
            dictionary Perspective = {
                double3 position = (-3.4571197248931735, 6.647251851363519, 0.9888529928922829)
                double3 target = (-3.459590224267913, 6.8565094644399665, 0.91220388794506)
            }
            dictionary Right = {
                double3 position = (0, -5, 0)
                double radius = 5
            }
            dictionary Top = {
                double3 position = (0, 0, 5)
                double radius = 5
            }
            string boundCamera = "/OmniverseKit_Persp"
        }
        dictionary metricsAssembler = {
            dictionary "/World/bottle" = {
            }
            dictionary "/World/ec67d7141333464ca1061320452f06a2" = {
            }
            int version = 1
        }
        dictionary omni_layer = {
            string authoring_layer = "./multifloor.usda"
            dictionary locked = {
            }
            dictionary muteness = {
            }
        }
        dictionary renderSettings = {
            int "rtx:directLighting:sampledLighting:samplesPerPixel" = 8
            int "rtx:externalFrameCounter" = 120
            bool "rtx:material:enableRefraction" = 0
            bool "rtx:matteObject:visibility:secondaryRays" = 1
            int "rtx:post:tonemap:op" = 2
        }
    }
    defaultPrim = "World"
    metersPerUnit = 1
    timeCodesPerSecond = 24
    upAxis = "Z"
)

def Xform "World"
{
    token visibility = "inherited"

    over "gauss" (
        prepend references = @../usdz/multifloor.usdz[gauss.usda]@
    )
    {
        token visibility = "inherited"
        double3 xformOp:rotateXYZ = (0, 0, 180)
        double3 xformOp:scale = (1, 1, 1)
        double3 xformOp:translate = (0, 0, 0)
        uniform token[] xformOpOrder = ["xformOp:translate", "xformOp:rotateXYZ", "xformOp:scale"]
    }

    def Camera "MySensorCamera"
    {
        float focalLength = 12
        custom uniform vector3d omni:kit:centerOfInterest = (0, 0, -1.600000023841858)
        float verticalAperture = 20.955
        token visibility = "invisible"
        quatd xformOp:orient = (0.43157779487586495, 0.30847575579526965, 0.4929293538934112, 0.6896404622169781)
        double3 xformOp:scale = (1, 1, 1)
        double3 xformOp:translate = (3.374244703318344, 2.4493750032671584, 4.959953155186278)
        uniform token[] xformOpOrder = ["xformOp:translate", "xformOp:orient", "xformOp:scale"]
    }

    def DomeLight "DomeLight" (
        prepend apiSchemas = ["ShapingAPI"]
    )
    {
        float inputs:intensity = 700
        float inputs:shaping:cone:angle = 180
        float inputs:shaping:cone:softness
        float inputs:shaping:focus
        color3f inputs:shaping:focusTint
        asset inputs:shaping:ies:file
        token inputs:texture:format = "latlong"
        token visibility = "inherited"
        quatd xformOp:orient = (1, 0, 0, 0)
        double3 xformOp:scale = (1, 1, 1)
        double3 xformOp:translate = (0, 0, 0)
        uniform token[] xformOpOrder = ["xformOp:translate", "xformOp:orient", "xformOp:scale"]
    }

    def "scene_collision" (
        prepend payload = @../usd/multifloor_collision.usd@
    )
    {
        token visibility = "invisible"
        quatf xformOp:orient = (6.123234e-17, 0, 0, 1)
        float3 xformOp:scale = (1, 1, 1)
        double3 xformOp:translate = (0, 0, 0)
        uniform token[] xformOpOrder = ["xformOp:translate", "xformOp:orient", "xformOp:scale"]
    }

    def Xform "apple" (
        prepend references = @../../objects/apple/MesaTask-10K/MesaTask_Assets/apple/0176be079c2449e7aaebfb652910a854/usd/0176be079c2449e7aaebfb652910a854.usd@
    )
    {
        token visibility = "inherited"
        quatf xformOp:orient = (0.99918664, -0.03981994, 0.0045659817, -0.0044263485)
        float xformOp:rotateX:unitsResolve = 90
        float3 xformOp:scale = (0.08, 0.08, 0.08)
        double3 xformOp:translate = (0.0006008284158774805, -0.7546406185013409, 3.8206354282877606)
        uniform token[] xformOpOrder = ["xformOp:translate", "xformOp:orient", "xformOp:scale", "xformOp:rotateX:unitsResolve"]

        over "Apple_M_Apple_0" (
            prepend apiSchemas = ["PhysicsRigidBodyAPI", "PhysxRigidBodyAPI", "PhysicsMassAPI"]
        )
        {
            bool physics:kinematicEnabled = 0
            float physics:mass = 0.15
            bool physics:rigidBodyEnabled = 1
            token visibility = "inherited"

            over "Apple_M_Apple_0" (
                delete apiSchemas = ["PhysicsRigidBodyAPI", "PhysxRigidBodyAPI", "PhysicsMassAPI"]
                prepend apiSchemas = ["PhysicsCollisionAPI", "PhysxCollisionAPI", "PhysxTriangleMeshCollisionAPI", "PhysicsMeshCollisionAPI", "PhysxConvexHullCollisionAPI"]
            )
            {
                uniform token physics:approximation = "convexHull"
                bool physics:collisionEnabled = 1
                quatf xformOp:orient = (1, 0, 0, 0)
                float3 xformOp:scale = (1, 1, 1)
                double3 xformOp:translate = (0, 0, 0)
                uniform token[] xformOpOrder = ["xformOp:translate", "xformOp:orient", "xformOp:scale"]
            }
        }

        over "Looks"
        {
            token visibility = "inherited"

            over "M_Apple_001" (
                prepend apiSchemas = ["PhysicsMaterialAPI"]
            )
            {
                float physics:dynamicFriction = 3
                float physics:staticFriction = 3.5
            }
        }
    }

    def Camera "Camera1"
    {
        float2 clippingRange = (0.01, 10000000)
        float focalLength = 12
        float focusDistance = 400
        bool omni:kit:cameraLock = 1
        custom uniform vector3d omni:kit:centerOfInterest = (0, 0, -400)
        token visibility = "invisible"
        quatd xformOp:orient = (-0.2566710029963064, -0.18856011478702644, 0.5612170483495297, 0.7639375000444834)
        double3 xformOp:scale = (1, 1, 1)
        double3 xformOp:translate = (-4.692573592250974, 7.894440112098042, 1.1043145619510915)
        uniform token[] xformOpOrder = ["xformOp:translate", "xformOp:orient", "xformOp:scale"]
    }

    def Camera "Camera2"
    {
        float2 clippingRange = (0.01, 10000000)
        float focalLength = 12
        float focusDistance = 400
        bool omni:kit:cameraLock = 1
        custom uniform vector3d omni:kit:centerOfInterest = (0, 0, -400)
        token visibility = "invisible"
        quatd xformOp:orient = (0.8489296130089831, 0.47603233555007984, 0.11229204711011298, 0.20025539648902002)
        double3 xformOp:scale = (1, 1, 1)
        double3 xformOp:translate = (0.6081905618395788, 2.929547913002787, 1.9856680028093863)
        uniform token[] xformOpOrder = ["xformOp:translate", "xformOp:orient", "xformOp:scale"]
    }

    def Camera "Camera3"
    {
        float2 clippingRange = (0.01, 10000000)
        float focalLength = 12
        float focusDistance = 400
        bool omni:kit:cameraLock = 1
        custom uniform vector3d omni:kit:centerOfInterest = (0, 0, -400)
        token visibility = "invisible"
        quatd xformOp:orient = (0.8243425393520737, 0.4858168497165143, 0.1475390960633872, 0.25034692224769867)
        double3 xformOp:scale = (1, 1, 1)
        double3 xformOp:translate = (2.865435299204394, 4.116063056935641, 2.0850858682758022)
        uniform token[] xformOpOrder = ["xformOp:translate", "xformOp:orient", "xformOp:scale"]
    }

    def Camera "Camera4"
    {
        float2 clippingRange = (0.01, 10000000)
        float focalLength = 12
        float focusDistance = 400
        bool omni:kit:cameraLock = 1
        custom uniform vector3d omni:kit:centerOfInterest = (0, 0, -400)
        token visibility = "invisible"
        quatd xformOp:orient = (-0.3486194158714015, -0.12280377236932692, 0.30871834544684684, 0.876399862821707)
        double3 xformOp:scale = (1, 1, 1)
        double3 xformOp:translate = (1.5051764414250244, 9.93063783959681, 4.084756319631993)
        uniform token[] xformOpOrder = ["xformOp:translate", "xformOp:orient", "xformOp:scale"]
    }

    def Camera "Camera5"
    {
        float2 clippingRange = (0.01, 10000000)
        float focalLength = 12
        float focusDistance = 400
        bool omni:kit:cameraLock = 1
        custom uniform vector3d omni:kit:centerOfInterest = (0, 0, -400)
        token visibility = "invisible"
        quatd xformOp:orient = (0.8721265742812369, 0.22693758576027515, 0.1091584446139631, 0.4194985155769116)
        double3 xformOp:scale = (1, 1, 1)
        double3 xformOp:translate = (2.781014399829716, 4.233086679036702, 6.723352641404979)
        uniform token[] xformOpOrder = ["xformOp:translate", "xformOp:orient", "xformOp:scale"]
    }

    def Camera "Camera6"
    {
        float2 clippingRange = (0.01, 10000000)
        float focalLength = 12
        float focusDistance = 400
        bool omni:kit:cameraLock = 1
        custom uniform vector3d omni:kit:centerOfInterest = (0, 0, -400)
        token visibility = "invisible"
        quatd xformOp:orient = (-0.23749744316408422, -0.1890148575070876, 0.5933390772240684, 0.7455314128666807)
        double3 xformOp:scale = (1, 1, 1)
        double3 xformOp:translate = (-1.078023825981248, 6.468796924684883, 4.526765006757369)
        uniform token[] xformOpOrder = ["xformOp:translate", "xformOp:orient", "xformOp:scale"]
    }

    def Camera "Camera7"
    {
        float2 clippingRange = (0.01, 10000000)
        float focalLength = 12
        float focusDistance = 400
        bool omni:kit:cameraLock = 1
        custom uniform vector3d omni:kit:centerOfInterest = (0, 0, -400)
        token visibility = "invisible"
        quatd xformOp:orient = (0.24364612117230616, 0.1802468281266346, -0.5667619985497503, -0.7661125802307847)
        double3 xformOp:scale = (1, 1, 1)
        double3 xformOp:translate = (-1.3882289674285069, 3.442537481578466, 4.842287106677488)
        uniform token[] xformOpOrder = ["xformOp:translate", "xformOp:orient", "xformOp:scale"]
    }

    def Camera "Camera8"
    {
        float2 clippingRange = (0.01, 10000000)
        float focalLength = 12
        float focusDistance = 400
        bool omni:kit:cameraLock = 1
        custom uniform vector3d omni:kit:centerOfInterest = (0, 0, -400)
        token visibility = "invisible"
        quatd xformOp:orient = (0.4201046606108055, 0.22228979282529024, -0.41148982198553524, -0.7776730987639229)
        double3 xformOp:scale = (1, 1, 1)
        double3 xformOp:translate = (-1.0469000982941552, 0.0505765236481814, 4.476065333630387)
        uniform token[] xformOpOrder = ["xformOp:translate", "xformOp:orient", "xformOp:scale"]
    }

    def Xform "apple_01" (
        prepend references = @../../objects/apple/MesaTask-10K/MesaTask_Assets/apple/0176be079c2449e7aaebfb652910a854/usd/0176be079c2449e7aaebfb652910a854.usd@
    )
    {
        token visibility = "inherited"
        quatf xformOp:orient = (0.99918664, -0.03981994, 0.0045659817, -0.0044263485)
        float xformOp:rotateX:unitsResolve = 90
        float3 xformOp:scale = (0.08, 0.08, 0.08)
        double3 xformOp:translate = (-3.504931441699589, 7.564208600541904, 0.5617842872621162)
        uniform token[] xformOpOrder = ["xformOp:translate", "xformOp:orient", "xformOp:scale", "xformOp:rotateX:unitsResolve"]

        over "Looks"
        {
            token visibility = "inherited"

            over "M_Apple_001" (
                prepend apiSchemas = ["PhysicsMaterialAPI"]
            )
            {
                custom uniform bool paused = 0 (
                    customData = {
                        bool nonpersistant = 1
                    }
                    hidden = true
                )
                float physics:dynamicFriction = 3
                float physics:staticFriction = 3.5
            }
        }

        over "Apple_M_Apple_0" (
            prepend apiSchemas = ["PhysicsRigidBodyAPI", "PhysxRigidBodyAPI", "PhysicsMassAPI"]
        )
        {
            bool physics:kinematicEnabled = 0
            float physics:mass = 0.15
            bool physics:rigidBodyEnabled = 1
            token visibility = "inherited"

            over "Apple_M_Apple_0" (
                delete apiSchemas = ["PhysicsRigidBodyAPI", "PhysxRigidBodyAPI", "PhysicsMassAPI"]
                prepend apiSchemas = ["PhysicsCollisionAPI", "PhysxCollisionAPI", "PhysxTriangleMeshCollisionAPI", "PhysicsMeshCollisionAPI", "PhysxConvexHullCollisionAPI"]
                instanceable = false
            )
            {
                uniform token physics:approximation = "convexHull"
                bool physics:collisionEnabled = 1
                token visibility = "invisible"
                quatf xformOp:orient = (1, 0, 0, 0)
                float3 xformOp:scale = (1, 1, 1)
                double3 xformOp:translate = (0, 0, 0)
                uniform token[] xformOpOrder = ["xformOp:translate", "xformOp:orient", "xformOp:scale"]
            }

            def Mesh "visual" (
                delete apiSchemas = ["PhysicsRigidBodyAPI", "PhysxRigidBodyAPI", "PhysicsMassAPI", "PhysicsCollisionAPI", "PhysxCollisionAPI", "PhysicsMeshCollisionAPI", "PhysxConvexHullCollisionAPI", "PhysxTriangleMeshCollisionAPI"]
                prepend apiSchemas = ["MaterialBindingAPI"]
                instanceable = false
            )
            {
                float3[] extent = [(-0.31283534, -0.36474273, -0.31699973), (0.31283534, 0.36474273, 0.31699973)]
                int[] faceVertexCounts = [3, 3, 3, 3, 3, 3, 3, 3, 3, 3, 3, 3, 3, 3, 3, 3, 3, 3, 3, 3, 3, 3, 3, 3, 3, 3, 3, 3, 3, 3, 3, 3, 3, 3, 3, 3, 3, 3, 3, 3, 3, 3, 3, 3, 3, 3, 3, 3, 3, 3, 3, 3, 3, 3, 3, 3, 3, 3, 3, 3, 3, 3, 3, 3, 3, 3, 3, 3, 3, 3, 3, 3, 3, 3, 3, 3, 3, 3, 3, 3, 3, 3, 3, 3, 3, 3, 3, 3, 3, 3, 3, 3, 3, 3, 3, 3, 3, 3, 3, 3, 3, 3, 3, 3, 3, 3, 3, 3, 3, 3, 3, 3, 3, 3, 3, 3, 3, 3, 3, 3, 3, 3, 3, 3, 3, 3, 3, 3, 3, 3, 3, 3, 3, 3, 3, 3, 3, 3, 3, 3, 3, 3, 3, 3, 3, 3, 3, 3, 3, 3, 3, 3, 3, 3, 3, 3, 3, 3, 3, 3, 3, 3, 3, 3, 3, 3, 3, 3, 3, 3, 3, 3, 3, 3, 3, 3, 3, 3, 3, 3, 3, 3, 3, 3, 3, 3, 3, 3, 3, 3, 3, 3, 3, 3, 3, 3, 3, 3, 3, 3, 3, 3, 3, 3, 3, 3, 3, 3, 3, 3, 3, 3, 3, 3, 3, 3, 3, 3, 3, 3, 3, 3, 3, 3, 3, 3, 3, 3, 3, 3, 3, 3, 3, 3, 3, 3, 3, 3, 3, 3, 3, 3, 3, 3, 3, 3, 3, 3, 3, 3, 3, 3, 3, 3, 3, 3, 3, 3, 3, 3, 3, 3, 3, 3, 3, 3, 3, 3, 3, 3, 3, 3, 3, 3, 3, 3, 3, 3, 3, 3, 3, 3, 3, 3, 3, 3, 3, 3, 3, 3, 3, 3, 3, 3, 3, 3, 3, 3, 3, 3, 3, 3, 3, 3, 3, 3, 3, 3, 3, 3, 3, 3, 3, 3, 3, 3, 3, 3, 3, 3, 3, 3, 3, 3, 3, 3, 3, 3, 3, 3, 3, 3, 3, 3, 3, 3, 3, 3, 3, 3, 3, 3, 3, 3, 3, 3, 3, 3, 3, 3, 3, 3, 3, 3, 3, 3, 3, 3, 3, 3, 3, 3, 3, 3, 3, 3, 3, 3, 3, 3, 3, 3, 3, 3, 3, 3, 3, 3, 3, 3, 3, 3, 3, 3, 3, 3, 3, 3, 3, 3, 3, 3, 3, 3, 3, 3, 3, 3, 3, 3, 3, 3, 3, 3, 3, 3, 3, 3, 3, 3, 3, 3, 3, 3, 3, 3, 3, 3, 3, 3, 3, 3, 3, 3, 3, 3, 3, 3, 3, 3, 3, 3, 3, 3, 3, 3, 3, 3, 3, 3, 3, 3, 3, 3, 3, 3, 3, 3, 3, 3, 3, 3, 3, 3, 3, 3, 3, 3, 3, 3, 3, 3, 3, 3, 3, 3, 3, 3, 3, 3, 3, 3, 3, 3, 3, 3, 3, 3, 3, 3, 3, 3, 3, 3, 3, 3, 3, 3, 3, 3, 3, 3, 3, 3, 3, 3, 3, 3, 3, 3, 3, 3, 3, 3, 3, 3, 3, 3, 3, 3, 3, 3, 3, 3, 3, 3, 3, 3, 3, 3, 3, 3, 3, 3, 3, 3, 3, 3, 3, 3, 3, 3, 3, 3, 3, 3, 3, 3, 3, 3, 3, 3, 3, 3, 3, 3, 3, 3, 3, 3, 3, 3, 3, 3, 3, 3, 3, 3, 3, 3, 3, 3, 3, 3, 3, 3, 3, 3, 3, 3, 3, 3, 3, 3, 3, 3, 3, 3, 3, 3, 3, 3, 3, 3, 3, 3, 3, 3, 3, 3, 3, 3, 3, 3, 3, 3, 3, 3, 3, 3, 3, 3, 3, 3, 3, 3, 3, 3, 3, 3, 3, 3, 3, 3, 3, 3, 3, 3, 3, 3, 3, 3, 3, 3, 3, 3, 3, 3, 3, 3, 3, 3, 3, 3, 3, 3, 3, 3, 3, 3, 3, 3, 3, 3, 3, 3, 3, 3, 3, 3, 3, 3, 3, 3, 3, 3, 3, 3, 3, 3, 3, 3, 3, 3, 3, 3, 3, 3, 3, 3, 3, 3, 3, 3, 3, 3, 3, 3, 3, 3, 3, 3, 3, 3, 3, 3, 3, 3, 3, 3, 3, 3, 3, 3, 3, 3, 3, 3, 3, 3, 3, 3, 3, 3, 3, 3, 3, 3, 3, 3, 3, 3, 3, 3, 3, 3, 3, 3, 3, 3, 3, 3, 3, 3, 3, 3, 3, 3, 3, 3, 3, 3, 3, 3, 3, 3, 3, 3, 3, 3, 3, 3, 3, 3, 3, 3, 3, 3, 3, 3, 3, 3, 3, 3, 3, 3, 3, 3, 3, 3, 3, 3, 3, 3, 3, 3, 3, 3, 3, 3, 3, 3, 3, 3, 3, 3, 3, 3, 3, 3, 3, 3, 3, 3, 3, 3, 3, 3, 3, 3, 3, 3, 3, 3, 3, 3, 3, 3, 3, 3]
                int[] faceVertexIndices = [0, 1, 2, 3, 4, 5, 5, 6, 7, 6, 8, 7, 9, 10, 1, 9, 11, 10, 7, 11, 12, 11, 8, 13, 14, 15, 16, 17, 15, 14, 18, 15, 19, 19, 15, 20, 4, 3, 21, 22, 23, 24, 5, 4, 21, 25, 26, 24, 27, 28, 26, 29, 30, 31, 27, 32, 28, 23, 33, 24, 3, 34, 35, 36, 37, 38, 37, 39, 38, 38, 40, 36, 37, 16, 39, 38, 39, 41, 39, 18, 41, 13, 42, 17, 43, 42, 13, 44, 45, 46, 6, 47, 8, 48, 49, 30, 50, 47, 49, 51, 48, 52, 52, 53, 51, 48, 51, 54, 47, 55, 56, 44, 17, 57, 20, 44, 58, 59, 60, 61, 29, 52, 30, 62, 52, 29, 63, 62, 64, 65, 66, 67, 68, 69, 70, 53, 52, 63, 71, 69, 68, 72, 68, 73, 73, 74, 75, 76, 74, 73, 77, 72, 78, 72, 75, 79, 80, 81, 41, 82, 81, 80, 81, 83, 41, 83, 81, 84, 81, 82, 85, 82, 60, 85, 60, 86, 85, 81, 85, 84, 84, 85, 87, 23, 88, 33, 33, 88, 89, 2, 90, 91, 92, 24, 93, 94, 25, 92, 95, 94, 96, 97, 96, 94, 98, 24, 33, 92, 93, 98, 99, 33, 89, 100, 101, 102, 36, 103, 90, 104, 105, 101, 41, 106, 40, 104, 107, 108, 106, 41, 83, 97, 109, 110, 109, 92, 111, 112, 110, 113, 99, 89, 114, 115, 99, 114, 111, 115, 116, 116, 115, 117, 116, 117, 118, 119, 112, 116, 105, 120, 121, 121, 120, 122, 123, 118, 117, 124, 95, 96, 65, 125, 126, 127, 128, 129, 127, 129, 130, 76, 126, 131, 132, 126, 133, 76, 131, 74, 131, 134, 74, 135, 131, 132, 136, 137, 138, 137, 139, 140, 141, 97, 110, 141, 110, 142, 143, 144, 145, 146, 147, 148, 112, 149, 142, 112, 119, 149, 150, 107, 136, 151, 120, 150, 120, 151, 152, 153, 151, 150, 154, 152, 151, 151, 153, 155, 138, 155, 153, 151, 155, 154, 156, 142, 149, 157, 118, 123, 123, 122, 158, 157, 123, 159, 159, 123, 158, 160, 159, 158, 158, 154, 160, 55, 161, 162, 163, 162, 161, 164, 165, 45, 46, 165, 166, 164, 167, 165, 165, 168, 166, 169, 47, 170, 50, 170, 47, 171, 172, 173, 172, 174, 175, 175, 176, 177, 176, 174, 178, 59, 46, 166, 59, 166, 179, 60, 180, 181, 180, 179, 181, 78, 72, 79, 182, 78, 79, 182, 79, 75, 71, 183, 184, 183, 78, 182, 182, 75, 185, 186, 183, 182, 187, 185, 188, 186, 187, 189, 188, 189, 187, 190, 183, 186, 191, 186, 189, 192, 189, 188, 193, 191, 192, 194, 195, 196, 197, 171, 196, 171, 194, 196, 196, 198, 197, 198, 199, 197, 85, 86, 200, 201, 87, 202, 200, 201, 202, 201, 203, 204, 200, 205, 203, 206, 207, 204, 208, 205, 200, 200, 202, 85, 177, 209, 210, 210, 211, 212, 167, 213, 168, 168, 214, 215, 178, 174, 216, 178, 216, 217, 218, 178, 217, 209, 219, 220, 219, 218, 221, 222, 220, 223, 224, 225, 226, 225, 227, 228, 225, 228, 229, 224, 226, 230, 231, 232, 233, 225, 229, 226, 229, 234, 232, 197, 199, 235, 216, 197, 236, 216, 236, 217, 236, 197, 235, 237, 236, 238, 239, 240, 241, 242, 243, 244, 241, 245, 246, 240, 239, 243, 239, 241, 246, 247, 231, 233, 247, 233, 248, 247, 248, 245, 246, 249, 239, 233, 232, 250, 251, 248, 252, 221, 223, 220, 221, 253, 254, 255, 223, 254, 256, 257, 258, 256, 258, 259, 260, 228, 261, 260, 262, 263, 261, 256, 262, 248, 250, 252, 234, 260, 263, 75, 74, 264, 265, 135, 132, 266, 267, 268, 266, 268, 269, 192, 188, 270, 271, 272, 273, 193, 271, 273, 192, 271, 193, 267, 274, 275, 266, 276, 277, 278, 279, 193, 191, 193, 279, 280, 281, 275, 282, 283, 281, 284, 280, 274, 284, 274, 277, 285, 280, 284, 199, 198, 286, 287, 288, 289, 290, 288, 287, 289, 291, 287, 287, 292, 293, 289, 294, 291, 294, 289, 288, 295, 296, 297, 298, 299, 300, 292, 301, 293, 302, 303, 304, 305, 306, 244, 304, 307, 308, 304, 309, 307, 304, 303, 309, 310, 311, 312, 313, 314, 139, 140, 315, 316, 314, 317, 318, 290, 319, 288, 320, 319, 293, 317, 320, 318, 293, 301, 321, 315, 314, 322, 323, 324, 298, 301, 325, 321, 314, 326, 322, 325, 327, 321, 328, 329, 324, 323, 330, 328, 331, 328, 332, 328, 330, 333, 334, 329, 331, 333, 335, 328, 327, 326, 321, 308, 307, 336, 336, 307, 337, 330, 338, 339, 336, 331, 340, 330, 339, 333, 341, 336, 340, 342, 340, 332, 333, 343, 335, 344, 345, 346, 347, 346, 348, 342, 349, 341, 339, 350, 343, 342, 332, 351, 352, 353, 146, 354, 146, 355, 316, 356, 357, 358, 359, 360, 354, 361, 362, 363, 364, 365, 365, 361, 363, 365, 366, 362, 367, 368, 369, 370, 369, 368, 371, 366, 369, 285, 284, 372, 373, 372, 277, 374, 373, 375, 238, 236, 235, 373, 374, 376, 376, 377, 373, 378, 349, 342, 343, 379, 335, 335, 379, 380, 381, 382, 345, 345, 382, 346, 382, 383, 346, 249, 251, 384, 383, 385, 386, 386, 387, 388, 387, 389, 388, 379, 390, 380, 391, 378, 392, 392, 378, 351, 380, 390, 393, 391, 392, 394, 395, 396, 379, 392, 351, 397, 351, 393, 397, 398, 393, 390, 390, 396, 398, 397, 393, 399, 398, 400, 401, 402, 391, 403, 401, 400, 404, 391, 394, 405, 391, 405, 403, 399, 398, 401, 403, 406, 402, 405, 397, 407, 408, 401, 404, 409, 374, 375, 410, 409, 411, 374, 410, 412, 409, 413, 414, 411, 414, 415, 416, 417, 418, 419, 420, 421, 360, 422, 358, 359, 423, 383, 359, 383, 424, 370, 422, 421, 425, 415, 414, 414, 362, 425, 418, 426, 427, 428, 369, 370, 428, 371, 369, 427, 426, 428, 429, 237, 238, 430, 376, 431, 377, 376, 430, 431, 412, 432, 257, 429, 433, 434, 430, 435, 436, 435, 437, 438, 435, 436, 434, 435, 438, 262, 439, 440, 441, 438, 436, 442, 443, 388, 389, 442, 388, 443, 442, 444, 442, 445, 444, 446, 412, 416, 432, 412, 446, 432, 446, 447, 448, 416, 418, 448, 418, 449, 437, 447, 448, 450, 443, 451, 452, 420, 451, 449, 420, 452, 451, 444, 452, 452, 436, 437, 35, 34, 0, 0, 2, 91, 0, 34, 1, 5, 31, 30, 5, 30, 49, 5, 49, 6, 5, 12, 3, 5, 7, 12, 34, 9, 1, 12, 34, 3, 12, 9, 34, 12, 11, 9, 10, 11, 17, 7, 8, 11, 17, 11, 13, 10, 14, 16, 39, 16, 18, 16, 15, 18, 10, 17, 14, 80, 18, 19, 80, 19, 61, 24, 26, 22, 31, 5, 21, 28, 22, 26, 27, 26, 25, 95, 27, 25, 21, 3, 35, 2, 1, 37, 36, 2, 37, 1, 10, 16, 37, 1, 16, 38, 41, 40, 41, 18, 80, 56, 55, 453, 453, 8, 56, 8, 453, 13, 13, 453, 43, 55, 162, 453, 43, 453, 162, 42, 57, 17, 57, 42, 43, 45, 57, 43, 44, 57, 45, 6, 49, 47, 30, 52, 48, 48, 50, 49, 50, 48, 54, 47, 56, 8, 47, 169, 55, 17, 20, 15, 44, 20, 17, 19, 20, 61, 80, 61, 82, 58, 61, 20, 61, 60, 82, 61, 58, 59, 58, 44, 46, 58, 46, 59, 60, 59, 180, 454, 27, 455, 455, 27, 95, 27, 454, 32, 456, 454, 455, 456, 457, 454, 63, 52, 62, 70, 66, 65, 70, 69, 66, 73, 68, 70, 63, 458, 53, 73, 70, 65, 77, 68, 72, 71, 68, 77, 75, 72, 73, 85, 202, 87, 88, 100, 89, 92, 25, 24, 109, 94, 92, 94, 95, 25, 97, 94, 109, 98, 93, 24, 111, 98, 99, 92, 98, 111, 98, 33, 99, 90, 2, 36, 89, 100, 102, 102, 114, 89, 101, 105, 102, 36, 40, 103, 40, 106, 103, 104, 108, 105, 110, 109, 113, 113, 109, 111, 116, 113, 111, 112, 113, 116, 111, 99, 115, 117, 115, 114, 121, 114, 102, 117, 114, 121, 105, 121, 102, 122, 117, 121, 152, 122, 120, 123, 117, 122, 105, 108, 120, 120, 108, 150, 108, 107, 150, 124, 455, 95, 143, 96, 97, 124, 456, 455, 96, 143, 124, 128, 456, 124, 65, 67, 125, 129, 124, 143, 124, 129, 128, 130, 129, 143, 133, 126, 125, 76, 65, 126, 73, 65, 76, 145, 130, 143, 131, 126, 132, 135, 134, 131, 136, 107, 459, 136, 459, 137, 459, 460, 137, 460, 313, 139, 137, 460, 139, 143, 97, 144, 144, 97, 141, 146, 353, 147, 355, 146, 148, 142, 110, 112, 152, 158, 122, 150, 136, 153, 154, 158, 152, 153, 136, 138, 138, 137, 140, 138, 140, 316, 155, 138, 357, 461, 155, 357, 156, 149, 462, 361, 355, 363, 119, 116, 118, 119, 118, 157, 462, 149, 119, 119, 157, 462, 462, 157, 463, 463, 157, 159, 464, 160, 154, 465, 159, 160, 463, 159, 465, 464, 154, 155, 466, 177, 210, 177, 176, 209, 55, 169, 161, 164, 162, 163, 466, 210, 212, 45, 43, 164, 46, 45, 165, 43, 162, 164, 164, 163, 167, 165, 167, 168, 166, 168, 215, 50, 54, 170, 467, 172, 171, 174, 172, 467, 176, 175, 174, 216, 467, 171, 216, 174, 467, 59, 179, 180, 86, 60, 181, 179, 166, 215, 86, 181, 468, 215, 469, 179, 181, 179, 469, 183, 71, 77, 78, 183, 77, 470, 471, 194, 194, 471, 472, 187, 182, 185, 264, 185, 75, 171, 173, 470, 186, 182, 187, 264, 188, 185, 194, 171, 470, 190, 184, 183, 191, 189, 192, 194, 472, 195, 190, 186, 191, 198, 195, 473, 473, 286, 198, 198, 196, 195, 216, 171, 197, 207, 474, 475, 474, 207, 206, 87, 201, 476, 201, 477, 476, 200, 203, 201, 201, 204, 477, 477, 204, 475, 475, 204, 207, 200, 86, 208, 478, 206, 204, 479, 204, 203, 479, 478, 204, 212, 211, 480, 210, 209, 220, 211, 210, 220, 211, 222, 227, 168, 213, 214, 167, 163, 213, 480, 211, 227, 480, 227, 224, 219, 176, 178, 176, 219, 209, 219, 178, 218, 220, 219, 221, 211, 220, 222, 224, 227, 225, 215, 214, 469, 468, 181, 469, 86, 468, 208, 232, 231, 230, 230, 226, 232, 232, 226, 229, 217, 237, 218, 237, 217, 236, 237, 481, 218, 203, 205, 479, 242, 240, 243, 245, 248, 246, 243, 239, 249, 249, 246, 248, 251, 249, 248, 250, 248, 233, 250, 232, 234, 221, 218, 253, 481, 253, 218, 255, 222, 223, 221, 254, 223, 255, 227, 222, 228, 227, 255, 228, 255, 261, 260, 229, 228, 234, 229, 260, 429, 481, 237, 481, 482, 253, 429, 482, 481, 429, 257, 482, 482, 254, 253, 256, 255, 254, 256, 254, 482, 257, 256, 482, 260, 261, 262, 261, 255, 256, 440, 263, 262, 262, 256, 259, 439, 262, 259, 252, 250, 234, 263, 252, 234, 252, 263, 483, 440, 483, 263, 264, 74, 134, 132, 133, 265, 264, 134, 270, 270, 134, 484, 272, 270, 484, 484, 134, 135, 484, 135, 265, 133, 485, 265, 486, 266, 269, 271, 270, 272, 272, 484, 265, 486, 276, 266, 265, 485, 272, 270, 188, 264, 271, 192, 270, 278, 273, 272, 278, 272, 485, 267, 266, 274, 273, 278, 193, 274, 266, 277, 275, 274, 280, 282, 281, 280, 285, 282, 280, 290, 287, 293, 287, 291, 292, 295, 297, 300, 299, 295, 300, 487, 475, 474, 308, 302, 304, 306, 242, 244, 309, 337, 307, 337, 309, 488, 334, 337, 488, 489, 310, 312, 381, 312, 311, 489, 312, 345, 140, 139, 315, 314, 313, 490, 139, 314, 315, 490, 317, 314, 317, 490, 319, 317, 319, 320, 293, 319, 290, 321, 320, 293, 318, 320, 326, 314, 318, 326, 298, 300, 323, 323, 300, 330, 324, 323, 328, 320, 321, 326, 330, 300, 338, 300, 297, 338, 329, 328, 331, 334, 336, 337, 336, 334, 331, 333, 339, 343, 340, 331, 332, 335, 332, 328, 491, 344, 347, 347, 344, 346, 344, 489, 345, 342, 341, 340, 312, 381, 345, 486, 353, 352, 352, 276, 486, 146, 492, 352, 413, 146, 354, 352, 277, 276, 413, 492, 146, 492, 375, 352, 375, 492, 413, 375, 277, 352, 409, 375, 413, 414, 413, 354, 138, 316, 357, 461, 357, 356, 316, 493, 356, 316, 315, 493, 493, 315, 322, 359, 348, 423, 354, 355, 361, 414, 354, 362, 366, 364, 494, 366, 365, 364, 365, 362, 361, 495, 362, 366, 371, 495, 366, 496, 160, 464, 496, 465, 160, 367, 366, 494, 366, 367, 369, 155, 461, 464, 368, 497, 370, 358, 370, 497, 277, 372, 284, 372, 498, 285, 373, 498, 372, 377, 498, 373, 376, 374, 412, 431, 376, 412, 378, 342, 351, 380, 332, 335, 348, 346, 423, 499, 244, 243, 343, 350, 379, 351, 332, 380, 381, 385, 382, 349, 378, 391, 499, 243, 384, 423, 346, 383, 382, 385, 383, 384, 243, 249, 383, 386, 424, 385, 387, 386, 350, 395, 379, 351, 380, 393, 379, 396, 390, 394, 392, 397, 399, 393, 398, 396, 400, 398, 500, 396, 395, 396, 500, 400, 404, 400, 501, 400, 500, 501, 405, 394, 397, 399, 407, 397, 408, 404, 501, 408, 407, 399, 408, 399, 401, 502, 403, 405, 406, 403, 502, 407, 502, 405, 406, 502, 408, 502, 407, 408, 375, 373, 277, 410, 374, 409, 411, 409, 414, 410, 411, 415, 416, 410, 415, 416, 415, 417, 449, 418, 427, 419, 450, 420, 420, 427, 421, 358, 422, 370, 359, 424, 360, 360, 424, 419, 360, 419, 422, 419, 424, 386, 421, 422, 419, 386, 450, 419, 425, 417, 415, 425, 362, 495, 425, 495, 426, 371, 426, 495, 417, 425, 418, 418, 425, 426, 421, 428, 370, 428, 426, 371, 421, 427, 428, 433, 429, 238, 432, 430, 431, 447, 435, 432, 258, 257, 433, 435, 430, 432, 437, 435, 447, 451, 443, 444, 444, 445, 441, 452, 444, 436, 436, 444, 441, 386, 388, 443, 386, 443, 450, 416, 412, 410, 446, 416, 448, 448, 447, 446, 448, 449, 437, 420, 449, 427, 420, 450, 451, 449, 452, 437]
                rel material:binding = </World/apple_01/Looks/M_Apple_001>
                point3f[] points = [(0.0032075865, -0.026402801, 0.31699973), (0.10733164, 0.051994592, 0.3010822), (0.032116108, 0.055732727, 0.3082726), (0.12501574, -0.15483671, 0.27756104), (0.12562177, -0.24598569, 0.25266075), (0.14727975, -0.28332102, 0.22308153), (0.1960772, -0.2537079, 0.18487023), (0.21596597, -0.10701805, 0.2262191), (0.26248783, -0.10863349, 0.16257423), (0.17254706, -0.01790154, 0.2798727), (0.16957878, 0.045266837, 0.27506632), (0.21238665, -0.049479187, 0.2434999), (0.17986776, -0.09362769, 0.26306984), (0.27817008, -0.045096695, 0.15648594), (0.18493661, 0.086435586, 0.2533822), (0.19782066, 0.12753263, 0.22193418), (0.13868842, 0.09507042, 0.2782525), (0.24197656, 0.0847117, 0.1931749), (0.14108667, 0.17878309, 0.23055738), (0.1720538, 0.19030306, 0.19413383), (0.22165099, 0.16857126, 0.15467459), (0.08974561, -0.282092, 0.2537663), (0.08974561, -0.282092, 0.2537663), (0.04416722, -0.09892836, 0.30639005), (0.004890782, -0.27441317, 0.25885355), (-0.020628331, -0.31207243, 0.23126994), (0.06531073, -0.31882507, 0.23280057), (0.063950434, -0.35262868, 0.191323), (0.106200285, -0.3244565, 0.21896328), (0.09334769, -0.35334465, 0.17878686), (0.13298272, -0.33034426, 0.1881403), (0.106200285, -0.3244565, 0.21896328), (0.09334769, -0.35334465, 0.17878686), (-0.036862466, -0.09355873, 0.30439693), (0.12403561, -0.036713302, 0.3038628), (0.04416722, -0.09892836, 0.30639005), (0.017183468, 0.11943105, 0.2890869), (0.0955228, 0.100602, 0.2904451), (0.06432578, 0.14694878, 0.27463537), (0.10658225, 0.16476706, 0.25529778), (0.013559104, 0.18498924, 0.25152937), (0.069132075, 0.22750881, 0.21202497), (0.29150575, 0.012234598, 0.12256918), (0.30428967, 0.00687778, 0.08443656), (0.2666243, 0.1406013, 0.094795965), (0.29864502, 0.08121657, 0.051431715), (0.26780507, 0.15641716, 0.04905747), (0.22168829, -0.27192858, 0.11485416), (0.16844653, -0.33578148, 0.1062046), (0.19560075, -0.30436876, 0.13562542), (0.2089727, -0.30777603, 0.06564064), (0.15260252, -0.3486967, 0.039934892), (0.12719241, -0.3469163, 0.13446292), (0.12888356, -0.3508464, 0.04286867), (0.1835802, -0.33838302, 0.00018525496), (0.2985448, -0.11297989, 0.02249159), (0.2727679, -0.13503878, 0.11306378), (0.2841347, 0.079880506, 0.11344315), (0.23299399, 0.18959811, 0.09860547), (0.2267611, 0.21078232, 0.056123115), (0.16240132, 0.26037487, 0.05510692), (0.16752681, 0.22846332, 0.14852011), (0.06746918, -0.36288753, 0.1509918), (0.10460451, -0.3470223, 0.11503863), (0.056588713, -0.35701835, 0.1274134), (-0.004111087, -0.325309, 0.11736776), (0.056588713, -0.35701835, 0.1274134), (-0.0022439277, -0.33992347, 0.14573847), (0.07868046, -0.3319395, 0.09113112), (0.10460451, -0.3470223, 0.11503863), (0.04645665, -0.34475088, 0.1100376), (0.1026107, -0.34497058, 0.0444629), (0.04915143, -0.29588035, 0.05183133), (0.024647726, -0.2865771, 0.06720428), (0.010754087, -0.2962231, 0.050275736), (0.01901136, -0.29258144, 0.041547336), (-0.010620145, -0.28963697, 0.07302612), (0.078268304, -0.32618123, 0.06267142), (0.042843346, -0.2987132, 0.033784684), (0.030542297, -0.29637948, 0.039492592), (0.12230418, 0.23149589, 0.18698396), (0.086791724, 0.27364412, 0.13170569), (0.12035712, 0.26514134, 0.12598261), (-0.0055487296, 0.26059273, 0.16495073), (0.048672736, 0.28242567, 0.108339645), (0.07774769, 0.28776416, 0.06881285), (0.14230998, 0.26267752, -0.02664303), (-0.0045811003, 0.27157447, 0.052142404), (0.0032075865, -0.026402801, 0.31699973), (-0.085719585, 0.011954099, 0.30430347), (-0.055562127, 0.09619227, 0.29499862), (-0.055516206, 0.04782769, 0.30720443), (-0.07131963, -0.26871422, 0.24174023), (-0.038331456, -0.24797505, 0.25991234), (-0.06418707, -0.32096395, 0.20650387), (-0.0023719827, -0.3374158, 0.20119205), (-0.066582814, -0.3410027, 0.16844228), (-0.120259956, -0.33815756, 0.15401886), (-0.07298716, -0.13187817, 0.28495103), (-0.12187968, -0.062279046, 0.28368166), (-0.055516206, 0.04782769, 0.30720443), (-0.055562127, 0.09619227, 0.29499862), (-0.12232515, 0.0822992, 0.27858832), (-0.069402315, 0.16911533, 0.2564848), (-0.069402315, 0.16911533, 0.2564848), (-0.124731734, 0.13711202, 0.25489134), (-0.069593064, 0.2342445, 0.19665155), (-0.069593064, 0.2342445, 0.19665155), (-0.12071623, 0.19728318, 0.21312176), (-0.13036826, -0.27861, 0.20422122), (-0.15868239, -0.2903667, 0.17121516), (-0.14404057, -0.113727406, 0.2575122), (-0.2187424, -0.13538085, 0.19110867), (-0.17981054, -0.1578064, 0.21726698), (-0.15022309, 0.02112177, 0.27381513), (-0.16222471, -0.03405252, 0.26430923), (-0.2258825, -0.060311258, 0.21155663), (-0.22755246, 0.01563865, 0.21529524), (-0.26391867, -0.026494652, 0.16813928), (-0.25626716, -0.084150255, 0.16401999), (-0.17956944, 0.17452338, 0.19482231), (-0.2011644, 0.09420362, 0.22070737), (-0.23563787, 0.101881355, 0.1834272), (-0.26838353, 0.049181014, 0.15576854), (-0.04637404, -0.34404922, 0.14804694), (-0.025008768, -0.32963836, 0.117692545), (-0.016716925, -0.30877325, 0.09494735), (-0.0556813, -0.3363914, 0.054255877), (-0.025008768, -0.32963836, 0.117692545), (-0.061500527, -0.35304406, 0.10969511), (-0.0917047, -0.358273, 0.065222755), (-0.02050373, -0.30466658, 0.059354316), (-0.035329975, -0.31141424, 0.058745153), (-0.0556813, -0.3363914, 0.054255877), (-0.01515514, -0.3103906, 0.03941373), (-0.02293536, -0.31025192, 0.044755854), (-0.11449798, 0.2560694, 0.13970982), (-0.09533575, 0.2716392, 0.10354089), (-0.16380936, 0.25517145, 0.08865179), (-0.046009302, 0.26956376, 0.056579158), (-0.11704223, 0.27163175, 0.05826247), (-0.17799182, -0.31550577, 0.106539026), (-0.21951985, -0.26527464, 0.08479481), (-0.10866779, -0.35389736, 0.12425059), (-0.16065764, -0.34035623, 0.084245294), (-0.12673216, -0.35978264, 0.04931242), (-0.1993334, -0.31115672, 0.033846483), (-0.17799182, -0.31550577, 0.106539026), (-0.21951985, -0.26527464, 0.08479481), (-0.26508266, -0.13388684, 0.11410794), (-0.16552725, 0.22037151, 0.16023028), (-0.21594723, 0.20541534, 0.12000982), (-0.22406638, 0.17158005, 0.14891316), (-0.17338264, 0.23976472, 0.11841808), (-0.2561556, 0.16057226, 0.10200261), (-0.22832231, 0.21238026, 0.07375423), (-0.24992168, -0.2246837, 0.044234954), (-0.28683776, -0.011216462, 0.12554003), (-0.2609984, 0.12740812, 0.13037325), (-0.2916962, 0.053708464, 0.10365625), (-0.29772022, 0.090423524, 0.054343365), (0.30130124, -0.10613167, -0.05294042), (0.31283534, -0.023892611, 0.0029169545), (0.30715007, -0.023159742, -0.089188024), (0.30921602, 0.045007378, 0.004824538), (0.2965306, 0.1015245, -0.012005571), (0.26687008, 0.16382596, -0.0066823885), (0.3016361, 0.04932666, -0.07689986), (0.2814182, 0.12504429, -0.06801017), (0.28159222, -0.17697877, -0.03572855), (0.22761382, -0.28874576, -0.007789433), (0.12675539, -0.36474273, -0.013623994), (0.1835802, -0.33838302, 0.00018525496), (0.15260252, -0.3486967, 0.039934892), (0.18447359, -0.3262698, -0.052538842), (0.22761382, -0.28874576, -0.007789433), (0.23910992, -0.25014424, -0.061606385), (0.28159222, -0.17697877, -0.03572855), (0.19324023, -0.2806564, -0.098802224), (0.23042864, 0.2096987, -0.037706517), (0.19857967, 0.23764679, 0.030193588), (0.19138241, 0.23832658, -0.05682428), (0.0321622, -0.3088739, 0.029122831), (0.05909641, -0.3259189, 0.025248736), (0.07589034, -0.3491537, 0.012759078), (0.015209228, -0.2964025, 0.022718934), (0.033329096, -0.30465192, 0.012782998), (0.027182134, -0.30372283, 0.020638617), (0.008472566, -0.30210948, 0.013986621), (0.024640616, -0.30869752, 0.006901618), (0.05377781, -0.3433269, -0.023720779), (0.029295567, -0.3177041, -0.00863526), (0.011569756, -0.29915053, 0.0004979409), (-0.0148523, -0.29454616, -0.00086477026), (0.10183206, -0.3627822, 0.0018181838), (0.05377781, -0.3433269, -0.023720779), (0.06804517, -0.35349074, -0.05135434), (0.08480842, -0.3481573, -0.07743491), (0.027851777, -0.35217625, -0.04709412), (-0.011168135, -0.36268914, -0.07186865), (0.103962354, 0.26497516, -0.030456163), (0.04242935, 0.2539743, -0.012041066), (0.032524914, 0.2779949, 0.03472362), (0.063562945, 0.2449781, -0.04638332), (0.034042545, 0.20790955, -0.047077447), (0.083406225, 0.24586019, -0.07723524), (0.014875958, 0.14975306, -0.064621024), (0.016773662, 0.16357866, -0.037164606), (0.119342946, 0.24828604, -0.09569658), (0.27319774, -0.14952098, -0.11161606), (0.2925558, -0.10182783, -0.1045935), (0.2842276, -0.012664139, -0.15121168), (0.30715007, -0.023159742, -0.089188024), (0.28751883, 0.06398746, -0.12449254), (0.25879613, 0.14788005, -0.11740628), (0.25396246, 0.17670885, -0.07286771), (0.13435705, -0.33561033, -0.08309731), (0.10901947, -0.30839643, -0.1286991), (0.18655494, -0.17857212, -0.18548965), (0.24544728, -0.18205623, -0.12991035), (0.2609154, -0.08698648, -0.16921735), (0.21292938, -0.09697816, -0.21203177), (0.24153015, 0.0067251027, -0.20565961), (0.19736786, -0.01629582, -0.24161498), (0.25879613, 0.14788005, -0.11740628), (0.23665968, 0.1174981, -0.17922212), (0.21941842, 0.18272439, -0.14231034), (0.25947204, 0.06613615, -0.17846346), (0.1854205, 0.1000506, -0.23266806), (0.18888271, 0.15037802, -0.2038327), (0.21128425, 0.21031705, -0.10729404), (0.16573387, 0.2401602, -0.09929009), (0.164719, 0.21312985, -0.15562774), (0.13674952, 0.22267225, -0.15230402), (0.14282867, 0.17888549, -0.20700054), (-0.011897281, -0.35332862, -0.11876564), (0.022464892, -0.33615673, -0.13657758), (0.029287534, -0.28209466, -0.1787846), (-0.01889995, -0.31273636, -0.1662263), (0.034440584, 0.20130947, -0.108439505), (0.02184458, 0.17300478, -0.078906074), (0.045810603, 0.2135804, -0.082993954), (0.014875958, 0.14975306, -0.064621024), (0.014671538, 0.18792906, -0.105963096), (-0.010157557, 0.12475005, -0.06108331), (0.083406225, 0.24586019, -0.07723524), (0.05851641, 0.2172763, -0.13307479), (0.119342946, 0.24828604, -0.09569658), (0.06943815, 0.2070333, -0.18434937), (0.031764574, 0.2091904, -0.14368433), (0.08708251, 0.19372407, -0.20734246), (0.0011281646, 0.21133181, -0.1681545), (0.009993572, 0.19924435, -0.22897325), (0.13398716, -0.12373999, -0.24817286), (0.13836399, -0.06894812, -0.26830363), (0.15970613, 0.022550464, -0.26801652), (0.08556012, -0.0025345385, -0.30117655), (0.02076181, -0.072009474, -0.30130082), (-0.001653756, -0.028544128, -0.3142175), (-0.0168957, 0.023605406, -0.31699973), (0.09528267, 0.14020696, -0.2617088), (0.11741877, 0.071766794, -0.28150535), (0.06270026, 0.081802785, -0.29881632), (0.045690514, 0.15007147, -0.27227813), (0.00058081327, -0.29979777, 0.029921684), (-0.03488777, -0.31329986, 0.0330067), (-0.07612847, -0.35756722, 0.016947612), (-0.047932994, -0.33526546, 0.016816586), (-0.0556813, -0.3363914, 0.054255877), (-0.0917047, -0.358273, 0.065222755), (-0.01107383, -0.3026683, 0.027671892), (-0.015872806, -0.29282665, 0.022924604), (-0.023771187, -0.2998197, 0.025960317), (-0.024946503, -0.29772595, 0.013503101), (-0.079202905, -0.34319532, -0.029791348), (-0.04154488, -0.31565547, -0.009792261), (-0.11697664, -0.3611888, 0.0069446787), (-0.114219874, -0.3451483, -0.055061817), (-0.04154488, -0.31565547, -0.009792261), (-0.02750213, -0.3252912, -0.022334963), (-0.05528845, -0.33882564, -0.040422738), (-0.02750213, -0.3252912, -0.022334963), (0.00060124556, -0.35560936, -0.04656116), (0.029295567, -0.3177041, -0.00863526), (-0.08549186, -0.34809136, -0.06154459), (-0.011168135, -0.36268914, -0.07186865), (0.00060124556, -0.35560936, -0.04656116), (-0.01456481, 0.13882229, -0.01897239), (-0.0010258565, 0.13585359, -0.02207008), (-0.003887658, 0.1269992, -0.023705088), (-0.008436431, 0.16480222, -0.01188048), (-0.012333075, 0.14250568, -0.03214656), (-0.021798812, 0.14749649, -0.029552586), (-0.02073134, 0.15221277, -0.016162276), (-0.0036920784, 0.12565565, -0.041583404), (-0.012333075, 0.14250568, -0.03214656), (-0.0036920784, 0.12565565, -0.041583404), (-0.00999859, 0.14005902, -0.04565671), (-0.027976554, 0.1453655, -0.034499355), (-0.021798812, 0.14749649, -0.029552586), (-0.012874812, 0.15071532, -0.0399542), (-0.027976554, 0.1453655, -0.034499355), (-0.0036920784, 0.12565565, -0.041583404), (-0.010157557, 0.12475005, -0.06108331), (-0.014282828, 0.12405011, -0.04959683), (-0.0036920784, 0.12565565, -0.041583404), (0.0030387254, 0.12477431, -0.054899648), (-0.018420748, 0.13736966, -0.05354874), (-0.00999859, 0.14005902, -0.04565671), (-0.01935675, 0.12355834, -0.06043166), (-0.01935675, 0.12355834, -0.06043166), (-0.010157557, 0.12475005, -0.06108331), (-0.018032499, 0.13649032, -0.06942328), (-0.0045811003, 0.27157447, 0.052142404), (-0.041081894, 0.25302008, 0.022310955), (-0.10887285, 0.26127425, 0.0014641322), (-0.15295881, 0.26142153, 0.023234809), (-0.024235178, 0.22372445, 0.002046764), (-0.04645299, 0.22738609, -0.008422181), (-0.0029267073, 0.22267774, -0.0019464493), (-0.02421379, 0.18589857, -0.009621162), (-0.037772413, 0.1697847, -0.027804472), (-0.10683623, 0.22259584, -0.062014237), (-0.026337698, 0.16877022, -0.040768504), (-0.038578417, 0.16410133, -0.040995233), (-0.038578417, 0.16410133, -0.040995233), (-0.06938834, 0.19865373, -0.05434052), (-0.048420925, 0.1696398, -0.04989221), (-0.035270322, 0.1730071, -0.045376517), (-0.048420925, 0.1696398, -0.04989221), (-0.026624668, 0.18893287, -0.05283916), (-0.041429944, 0.17336693, -0.056571692), (-0.04753595, 0.19627503, -0.061160937), (-0.03543807, 0.20240298, -0.052998923), (-0.042100884, 0.1497331, -0.05422312), (-0.048600987, 0.2184188, -0.06045813), (-0.023051398, 0.17303434, -0.058472775), (-0.031736143, 0.14689127, -0.05588503), (-0.023051398, 0.17303434, -0.058472775), (-0.031601816, 0.2072005, -0.06681999), (-0.042799167, 0.18989459, -0.06662082), (-0.031601816, 0.2072005, -0.06681999), (-0.049337216, 0.21963403, -0.08054271), (-0.043624163, 0.24060419, -0.07434787), (-0.042100884, 0.1497331, -0.05422312), (-0.046718713, 0.16499653, -0.080809295), (-0.07907646, 0.19574317, -0.079344556), (-0.06938834, 0.19865373, -0.05434052), (-0.10683623, 0.22259584, -0.062014237), (-0.046416223, 0.25610486, -0.08997169), (-0.046416223, 0.25610486, -0.08997169), (-0.06307885, 0.26498744, -0.10601577), (-0.15131329, -0.35144788, 0.00793761), (-0.16065764, -0.34035623, 0.084245294), (-0.2650551, -0.1851541, -0.04947052), (-0.24992168, -0.2246837, 0.044234954), (-0.21542583, 0.2170175, -0.037764616), (-0.19989368, 0.23916504, 0.020204661), (-0.21542583, 0.2170175, -0.037764616), (-0.16051, 0.22691998, -0.06372644), (-0.18811485, 0.21278563, -0.080987856), (-0.285456, -0.14935204, 0.033867065), (-0.30333757, -0.088611156, -0.049344964), (-0.29535738, -0.095849454, 0.07249236), (-0.30986375, -0.026331723, 0.05786212), (-0.31039333, -0.061200052, -0.0050492547), (-0.31283534, 0.026599944, -0.03221734), (-0.29977724, 0.09884682, -0.0033048578), (-0.28068346, 0.147715, 0.008925524), (-0.28847787, 0.110447526, -0.068651505), (-0.26166242, 0.15500358, -0.08040154), (-0.29979905, 0.041662186, -0.09213111), (-0.06953946, -0.34857672, -0.10511786), (-0.07613599, -0.33157992, -0.13369507), (-0.11020545, -0.3036421, -0.14189889), (-0.15100646, -0.32241166, -0.06938837), (-0.064853296, -0.2921127, -0.17550586), (-0.01889995, -0.31273636, -0.1662263), (-0.053613406, 0.26154825, -0.10365564), (-0.056657538, 0.27514544, -0.09076099), (-0.06726372, 0.26875088, -0.097040504), (-0.028045114, 0.15914837, -0.085866764), (-0.067436755, 0.1906639, -0.10565147), (-0.092853546, 0.20180252, -0.12759249), (-0.035054825, 0.19592234, -0.12963049), (-0.035054825, 0.19592234, -0.12963049), (-0.098942325, 0.19849578, -0.16997327), (0.0011281646, 0.21133181, -0.1681545), (-0.045983016, 0.19919881, -0.21624361), (0.009993572, 0.19924435, -0.22897325), (-0.06990583, 0.3017532, -0.113286376), (-0.06032121, 0.3159391, -0.13063532), (-0.061417885, 0.28828958, -0.12162764), (-0.07521546, 0.3003309, -0.12426098), (-0.06373495, 0.31475714, -0.14158207), (-0.06032121, 0.3159391, -0.13063532), (-0.06727308, 0.32858196, -0.12924053), (-0.07297153, 0.309504, -0.14117283), (-0.0807297, 0.3220578, -0.13392478), (-0.084569305, 0.3259227, -0.15969521), (-0.07468631, 0.34070596, -0.13669288), (-0.08982152, 0.33425924, -0.15420932), (-0.05802594, 0.35612896, -0.15717298), (-0.059291266, 0.34883323, -0.16622317), (-0.08703471, 0.34962085, -0.15267111), (-0.06382316, 0.33186635, -0.1660376), (-0.06576907, 0.36474273, -0.16485824), (-0.07624948, 0.3267018, -0.16858913), (-0.086554766, 0.33982632, -0.1706152), (-0.18120514, -0.27305475, -0.10086189), (-0.18976903, -0.19042023, -0.1764053), (-0.2108865, -0.20993878, -0.13307115), (-0.13306531, -0.18559566, -0.22362213), (-0.19627492, -0.29638442, -0.035337508), (-0.26884562, -0.15836367, -0.09020969), (-0.25096184, -0.13924143, -0.14362149), (-0.21035334, -0.11518705, -0.20776697), (-0.25906327, -0.09025282, -0.15992238), (-0.25030866, -0.03701949, -0.19065048), (-0.17955211, 0.1711559, -0.17096414), (-0.20005688, 0.07210663, -0.23174761), (-0.2287562, 0.124304205, -0.17285499), (-0.20834878, 0.17553976, -0.13782424), (-0.1146648, 0.21046683, -0.09484744), (-0.14108644, 0.19656792, -0.15092647), (-0.29039946, -0.07718921, -0.10764876), (-0.28127176, 0.012818396, -0.14424033), (-0.24979469, 0.049632877, -0.1866943), (-0.27309754, 0.094290525, -0.12530312), (0.01735229, -0.16255087, -0.2609082), (-0.048661117, -0.15517345, -0.26977354), (-0.09657571, -0.20018102, -0.23072352), (-0.09486117, -0.12668669, -0.2746228), (-0.048661117, -0.15517345, -0.26977354), (-0.001653756, -0.028544128, -0.3142175), (-0.077295616, -0.039536446, -0.3056333), (-0.095471784, 0.045108438, -0.30174083), (-0.13301976, 0.004464239, -0.28855205), (-0.0168957, 0.023605406, -0.31699973), (-0.030648563, 0.07781881, -0.3084426), (-0.020587342, 0.13921896, -0.28431273), (-0.030648563, 0.07781881, -0.3084426), (-0.020636301, 0.17146751, -0.261109), (-0.10073229, 0.15773663, -0.24662514), (-0.097689174, 0.122582674, -0.27599168), (-0.020587342, 0.13921896, -0.28431273), (-0.16970724, -0.09718531, -0.24721177), (-0.1337149, -0.068706244, -0.2777602), (-0.18059231, -0.03607443, -0.25611985), (-0.20754479, 0.021934777, -0.23722689), (-0.14222659, 0.15900138, -0.20648499), (-0.14007227, 0.10613197, -0.2600662), (-0.12914853, 0.07093257, -0.28220767), (0.29658115, -0.06859782, 0.092271894), (0.06746918, -0.36288753, 0.1509918), (0.0048148343, -0.344381, 0.1743378), (-0.0022439277, -0.33992347, 0.14573847), (0.056588713, -0.35701835, 0.1274134), (0.1026107, -0.34497058, 0.0444629), (-0.0055487296, 0.26059273, 0.16495073), (0.048672736, 0.28242567, 0.108339645), (-0.24788028, 0.1962454, 0.014146563), (-0.29535738, -0.095849454, 0.07249236), (-0.30986375, -0.026331723, 0.05786212), (-0.28068346, 0.147715, 0.008925524), (-0.31235394, 0.041647494, 0.021547081), (0.30130124, -0.10613167, -0.05294042), (0.15995808, -0.34824318, -0.039040163), (0.16573387, 0.2401602, -0.09929009), (0.21128425, 0.21031705, -0.10729404), (0.12888356, -0.3508464, 0.04286867), (0.1026107, -0.34497058, 0.0444629), (0.07589034, -0.3491537, 0.012759078), (0.029295567, -0.3177041, -0.00863526), (0.0030387254, 0.12477431, -0.054899648), (-0.0010258565, 0.13585359, -0.02207008), (-0.011136811, 0.24279574, 0.014561839), (-0.0029267073, 0.22267774, -0.0019464493), (0.02184458, 0.17300478, -0.078906074), (0.045810603, 0.2135804, -0.082993954), (0.28751883, 0.06398746, -0.12449254), (0.09971179, -0.16909996, -0.23583962), (0.07876861, -0.08879757, -0.2835799), (-0.020636301, 0.17146751, -0.261109), (-0.019295603, -0.30232832, 0.034813248), (-0.047932994, -0.33526546, 0.016816586), (-0.12673216, -0.35978264, 0.04931242), (-0.0036920784, 0.12565565, -0.041583404), (-0.033082422, 0.14337632, -0.06414899), (-0.033082422, 0.14337632, -0.06414899), (-0.011136811, 0.24279574, 0.014561839), (-0.048420925, 0.1696398, -0.04989221), (-0.17254446, -0.3343243, -0.0015561134), (-0.16051, 0.22691998, -0.06372644), (-0.31235394, 0.041647494, 0.021547081), (-0.30263028, -0.022421777, -0.090341166), (-0.29977724, 0.09884682, -0.0033048578), (-0.24788028, 0.1962454, 0.014146563), (-0.011897281, -0.35332862, -0.11876564), (-0.028045114, 0.15914837, -0.085866764), (-0.05802594, 0.35612896, -0.15717298), (-0.06576907, 0.36474273, -0.16485824), (-0.06776981, 0.34525952, -0.17269197)]
                texCoord2f[] primvars:st = [(0.7408034, 0.36136675), (0.6742965, 0.29957134), (0.6784521, 0.34897232), (0.7963794, 0.2422092), (0.85019404, 0.20787811), (0.86440635, 0.17605484), (0.86440635, 0.17605484), (0.8294384, 0.14615846), (0.7424943, 0.19145352), (0.8294384, 0.14615846), (0.7267879, 0.14555442), (0.7424943, 0.19145352), (0.7047469, 0.24858391), (0.6687297, 0.25903755), (0.6742965, 0.29957134), (0.7047469, 0.24858391), (0.71248007, 0.21219707), (0.6687297, 0.25903755), (0.7424943, 0.19145352), (0.71248007, 0.21219707), (0.7457246, 0.22483271), (0.71248007, 0.21219707), (0.7267879, 0.14555442), (0.6873719, 0.15184557), (0.64148873, 0.25183874), (0.6127526, 0.24246275), (0.64351535, 0.28253162), (0.6277161, 0.20690453), (0.6127526, 0.24246275), (0.64148873, 0.25183874), (0.5872802, 0.2781828), (0.6127526, 0.24246275), (0.57272714, 0.2538715), (0.57272714, 0.2538715), (0.6127526, 0.24246275), (0.5746782, 0.21560794), (0.85019404, 0.20787811), (0.7963794, 0.2422092), (0.88552237, 0.2166478), (0.27550712, 0.9171484), (0.30151564, 0.78266037), (0.22684528, 0.88398206), (0.86440635, 0.17605484), (0.85019404, 0.20787811), (0.88552237, 0.2166478), (0.19709736, 0.9028647), (0.24551532, 0.93416727), (0.22684528, 0.88398206), (0.2256902, 0.96514386), (0.26565132, 0.95742404), (0.24551532, 0.93416727), (0.93008167, 0.14988357), (0.8966671, 0.15033442), (0.90540075, 0.17875427), (0.2256902, 0.96514386), (0.23914036, 0.9828719), (0.26565132, 0.95742404), (0.30151564, 0.78266037), (0.25025463, 0.7599892), (0.22684528, 0.88398206), (0.7963794, 0.2422092), (0.72597367, 0.276927), (0.78527725, 0.31446862), (0.63294744, 0.36096764), (0.64414704, 0.30983907), (0.61331016, 0.32915688), (0.64414704, 0.30983907), (0.59988403, 0.30132604), (0.61331016, 0.32915688), (0.61331016, 0.32915688), (0.5812919, 0.35962856), (0.63294744, 0.36096764), (0.64414704, 0.30983907), (0.64351535, 0.28253162), (0.59988403, 0.30132604), (0.61331016, 0.32915688), (0.59988403, 0.30132604), (0.5497072, 0.31711167), (0.59988403, 0.30132604), (0.5872802, 0.2781828), (0.5497072, 0.31711167), (0.6873719, 0.15184557), (0.6475806, 0.14491928), (0.6277161, 0.20690453), (0.6408409, 0.12113911), (0.6475806, 0.14491928), (0.6873719, 0.15184557), (0.5726827, 0.16944271), (0.5907801, 0.124907434), (0.5493549, 0.15224761), (0.8294384, 0.14615846), (0.8281107, 0.095611095), (0.7267879, 0.14555442), (0.88469553, 0.08953786), (0.8561976, 0.10843867), (0.8966671, 0.15033442), (0.85155725, 0.06051761), (0.8281107, 0.095611095), (0.8561976, 0.10843867), (0.90220016, 0.043903828), (0.88469553, 0.08953786), (0.9114786, 0.113416195), (0.9114786, 0.113416195), (0.91882735, 0.048094332), (0.90220016, 0.043903828), (0.88469553, 0.08953786), (0.90220016, 0.043903828), (0.88023525, 0.013263106), (0.8281107, 0.095611095), (0.6998677, 0.05433011), (0.73340154, 0.11043435), (0.5726827, 0.16944271), (0.6277161, 0.20690453), (0.6094752, 0.1583221), (0.5746782, 0.21560794), (0.5726827, 0.16944271), (0.547379, 0.19335032), (0.5208622, 0.18254477), (0.48564363, 0.21895498), (0.53896505, 0.246041), (0.93008167, 0.14988357), (0.9114786, 0.113416195), (0.8966671, 0.15033442), (0.9535066, 0.13336176), (0.9114786, 0.113416195), (0.93008167, 0.14988357), (0.92949915, 0.10181737), (0.9535066, 0.13336176), (0.9635102, 0.11660123), (0.014119183, 0.0947876), (0.045148578, 0.054647624), (0.0018808092, 0.07507199), (0.07481977, 0.07727522), (0.083322994, 0.049377203), (0.046397272, 0.07185018), (0.91882735, 0.048094332), (0.9114786, 0.113416195), (0.92949915, 0.10181737), (0.111082494, 0.09501201), (0.083322994, 0.049377203), (0.07481977, 0.07727522), (0.066034004, 0.11642492), (0.07481977, 0.07727522), (0.05011307, 0.11754882), (0.05011307, 0.11754882), (0.04874501, 0.13109672), (0.056324273, 0.13193345), (0.03363294, 0.124216676), (0.04874501, 0.13109672), (0.05011307, 0.11754882), (0.08477027, 0.09650618), (0.066034004, 0.11642492), (0.0702427, 0.1256392), (0.066034004, 0.11642492), (0.056324273, 0.13193345), (0.062919416, 0.12845254), (0.54572475, 0.2806477), (0.49744153, 0.28679234), (0.5497072, 0.31711167), (0.505924, 0.26594907), (0.49744153, 0.28679234), (0.54572475, 0.2806477), (0.49744153, 0.28679234), (0.49738908, 0.3572244), (0.5497072, 0.31711167), (0.49738908, 0.3572244), (0.49744153, 0.28679234), (0.46995255, 0.3026024), (0.49744153, 0.28679234), (0.505924, 0.26594907), (0.45805094, 0.27021027), (0.505924, 0.26594907), (0.48564363, 0.21895498), (0.45805094, 0.27021027), (0.48564363, 0.21895498), (0.43670583, 0.1927774), (0.45805094, 0.27021027), (0.49744153, 0.28679234), (0.45805094, 0.27021027), (0.46995255, 0.3026024), (0.46995255, 0.3026024), (0.45805094, 0.27021027), (0.41261092, 0.30857545), (0.30151564, 0.78266037), (0.29134196, 0.7234204), (0.25025463, 0.7599892), (0.25025463, 0.7599892), (0.29134196, 0.7234204), (0.2372278, 0.68292654), (0.6784521, 0.34897232), (0.65016645, 0.41405928), (0.68811655, 0.41211587), (0.18050197, 0.8627305), (0.22684528, 0.88398206), (0.20744188, 0.8569404), (0.16402909, 0.9000547), (0.19709736, 0.9028647), (0.18050197, 0.8627305), (0.19317938, 0.93175536), (0.16402909, 0.9000547), (0.14449935, 0.921241), (0.11271991, 0.9025661), (0.14449935, 0.921241), (0.16402909, 0.9000547), (0.21666484, 0.77714443), (0.22684528, 0.88398206), (0.25025463, 0.7599892), (0.18050197, 0.8627305), (0.20744188, 0.8569404), (0.21666484, 0.77714443), (0.19996592, 0.7244495), (0.25025463, 0.7599892), (0.2372278, 0.68292654), (0.26227674, 0.66208446), (0.2637072, 0.6261633), (0.21605699, 0.63200384), (0.63294744, 0.36096764), (0.58592504, 0.42153662), (0.65016645, 0.41405928), (0.2479805, 0.5684291), (0.21189657, 0.59321344), (0.2637072, 0.6261633), (0.5497072, 0.31711167), (0.51742816, 0.41096473), (0.5812919, 0.35962856), (0.2479805, 0.5684291), (0.22802018, 0.50865984), (0.20325108, 0.54594344), (0.51742816, 0.41096473), (0.5497072, 0.31711167), (0.49738908, 0.3572244), (0.11271991, 0.9025661), (0.13583836, 0.85810506), (0.107049465, 0.8619822), (0.13583836, 0.85810506), (0.18050197, 0.8627305), (0.17212906, 0.7528332), (0.10595359, 0.75368667), (0.107049465, 0.8619822), (0.13270612, 0.77427286), (0.19996592, 0.7244495), (0.2372278, 0.68292654), (0.19251794, 0.6684542), (0.17592789, 0.7007221), (0.19996592, 0.7244495), (0.19251794, 0.6684542), (0.17212906, 0.7528332), (0.17592789, 0.7007221), (0.12157006, 0.7062645), (0.12157006, 0.7062645), (0.17592789, 0.7007221), (0.13227998, 0.6601629), (0.12157006, 0.7062645), (0.13227998, 0.6601629), (0.0904073, 0.67801046), (0.08339799, 0.7148031), (0.10595359, 0.75368667), (0.12157006, 0.7062645), (0.21189657, 0.59321344), (0.16444412, 0.5616889), (0.1560659, 0.61473924), (0.1560659, 0.61473924), (0.16444412, 0.5616889), (0.12638624, 0.60381055), (0.093237676, 0.6297419), (0.0904073, 0.67801046), (0.13227998, 0.6601629), (0.14536051, 0.9414824), (0.19317938, 0.93175536), (0.14449935, 0.921241), (0.014119183, 0.0947876), (0.0009765625, 0.10287303), (0.01985786, 0.11494553), (0.09594322, 0.98684263), (0.14330608, 0.9700701), (0.11791492, 0.9526907), (0.09594322, 0.98684263), (0.11791492, 0.9526907), (0.08082445, 0.9594434), (0.03363294, 0.124216676), (0.01985786, 0.11494553), (0.02881588, 0.1359002), (0.02022184, 0.14128578), (0.01985786, 0.11494553), (0.0009765625, 0.15274847), (0.03363294, 0.124216676), (0.02881588, 0.1359002), (0.04874501, 0.13109672), (0.02881588, 0.1359002), (0.038048632, 0.14571607), (0.04874501, 0.13109672), (0.032150503, 0.14599377), (0.02881588, 0.1359002), (0.02022184, 0.14128578), (0.1808638, 0.48888218), (0.17642097, 0.46069133), (0.13672596, 0.48292363), (0.17642097, 0.46069133), (0.1812261, 0.41458255), (0.14666675, 0.4479583), (0.063149355, 0.8839731), (0.11271991, 0.9025661), (0.107049465, 0.8619822), (0.063149355, 0.8839731), (0.107049465, 0.8619822), (0.034465898, 0.84365183), (0.10288799, 0.9236237), (0.058687508, 0.9104995), (0.05563753, 0.948217), (0.764739, 0.9026467), (0.7972928, 0.94520205), (0.81402534, 0.8975538), (0.10595359, 0.75368667), (0.04672017, 0.7448486), (0.034465898, 0.84365183), (0.10595359, 0.75368667), (0.08339799, 0.7148031), (0.04672017, 0.7448486), (0.1617307, 0.52537143), (0.22802018, 0.50865984), (0.1808638, 0.48888218), (0.12138185, 0.5286794), (0.16444412, 0.5616889), (0.1617307, 0.52537143), (0.16444412, 0.5616889), (0.12138185, 0.5286794), (0.12562014, 0.555918), (0.14313433, 0.5034744), (0.12138185, 0.5286794), (0.1617307, 0.52537143), (0.09000833, 0.5516896), (0.12562014, 0.555918), (0.12138185, 0.5286794), (0.12138185, 0.5286794), (0.14313433, 0.5034744), (0.09699135, 0.51117945), (0.13672596, 0.48292363), (0.09699135, 0.51117945), (0.14313433, 0.5034744), (0.12138185, 0.5286794), (0.09699135, 0.51117945), (0.09000833, 0.5516896), (0.0010670156, 0.8114417), (0.034465898, 0.84365183), (0.04672017, 0.7448486), (0.061772328, 0.6619456), (0.0904073, 0.67801046), (0.093237676, 0.6297419), (0.093237676, 0.6297419), (0.12638624, 0.60381055), (0.09614408, 0.57855713), (0.061772328, 0.6619456), (0.093237676, 0.6297419), (0.058821294, 0.61685884), (0.058821294, 0.61685884), (0.093237676, 0.6297419), (0.09614408, 0.57855713), (0.036566854, 0.582132), (0.058821294, 0.61685884), (0.09614408, 0.57855713), (0.09614408, 0.57855713), (0.09000833, 0.5516896), (0.036566854, 0.582132), (0.6998677, 0.05433011), (0.67709017, 0.0034137368), (0.63676536, 0.064396024), (0.6056081, 0.0042028427), (0.63676536, 0.064396024), (0.67709017, 0.0034137368), (0.5961641, 0.087044954), (0.55798876, 0.09797734), (0.5907801, 0.124907434), (0.5493549, 0.15224761), (0.55798876, 0.09797734), (0.5239465, 0.1275661), (0.5961641, 0.087044954), (0.56359106, 0.040557623), (0.55798876, 0.09797734), (0.55798876, 0.09797734), (0.52053964, 0.07747698), (0.5239465, 0.1275661), (0.7353424, 0.0009765625), (0.8281107, 0.095611095), (0.8298654, 0.008769453), (0.85155725, 0.06051761), (0.8298654, 0.008769453), (0.8281107, 0.095611095), (0.37520728, 0.33750826), (0.41775, 0.34187895), (0.40363207, 0.308208), (0.41775, 0.34187895), (0.40721166, 0.37701184), (0.45617923, 0.37074208), (0.45617923, 0.37074208), (0.45421407, 0.41726255), (0.5098931, 0.44183087), (0.45421407, 0.41726255), (0.40721166, 0.37701184), (0.4104413, 0.4192508), (0.5208622, 0.18254477), (0.5493549, 0.15224761), (0.5239465, 0.1275661), (0.5208622, 0.18254477), (0.5239465, 0.1275661), (0.48103374, 0.13746685), (0.48564363, 0.21895498), (0.49255824, 0.18833268), (0.4476045, 0.15116304), (0.49255824, 0.18833268), (0.48103374, 0.13746685), (0.4476045, 0.15116304), (0.0702427, 0.1256392), (0.066034004, 0.11642492), (0.062919416, 0.12845254), (0.071012795, 0.13426864), (0.0702427, 0.1256392), (0.062919416, 0.12845254), (0.071012795, 0.13426864), (0.062919416, 0.12845254), (0.056324273, 0.13193345), (0.111082494, 0.09501201), (0.090132825, 0.12610978), (0.11307334, 0.12605321), (0.090132825, 0.12610978), (0.0702427, 0.1256392), (0.071012795, 0.13426864), (0.071012795, 0.13426864), (0.056324273, 0.13193345), (0.060697176, 0.1431222), (0.075000316, 0.14349306), (0.090132825, 0.12610978), (0.071012795, 0.13426864), (0.06938858, 0.14109206), (0.060697176, 0.1431222), (0.06066442, 0.15107906), (0.075000316, 0.14349306), (0.06938858, 0.14109206), (0.07287028, 0.14995456), (0.06066442, 0.15107906), (0.07287028, 0.14995456), (0.06938858, 0.14109206), (0.111244954, 0.1586473), (0.090132825, 0.12610978), (0.075000316, 0.14349306), (0.08304298, 0.15822613), (0.075000316, 0.14349306), (0.07287028, 0.14995456), (0.065747075, 0.15704513), (0.07287028, 0.14995456), (0.06066442, 0.15107906), (0.053471252, 0.16681093), (0.08304298, 0.15822613), (0.065747075, 0.15704513), (0.3627133, 0.32363915), (0.3246428, 0.32976884), (0.33032304, 0.3521592), (0.33764642, 0.3727829), (0.37520728, 0.33750826), (0.33032304, 0.3521592), (0.37520728, 0.33750826), (0.3627133, 0.32363915), (0.33032304, 0.3521592), (0.33032304, 0.3521592), (0.3023339, 0.3429082), (0.33764642, 0.3727829), (0.3023339, 0.3429082), (0.27135336, 0.35526538), (0.33764642, 0.3727829), (0.45805094, 0.27021027), (0.43670583, 0.1927774), (0.41642123, 0.21068376), (0.3938169, 0.25260723), (0.41261092, 0.30857545), (0.4204849, 0.27975965), (0.41642123, 0.21068376), (0.3938169, 0.25260723), (0.4204849, 0.27975965), (0.3938169, 0.25260723), (0.38357162, 0.22333819), (0.35104942, 0.24019116), (0.41642123, 0.21068376), (0.37971804, 0.19603729), (0.38357162, 0.22333819), (0.30339485, 0.24374068), (0.31959566, 0.25903696), (0.35104942, 0.24019116), (0.3898975, 0.16791183), (0.37971804, 0.19603729), (0.41642123, 0.21068376), (0.41642123, 0.21068376), (0.4204849, 0.27975965), (0.45805094, 0.27021027), (0.5098931, 0.44183087), (0.48166156, 0.48944837), (0.5076618, 0.51197374), (0.5076618, 0.51197374), (0.510076, 0.57824576), (0.5469199, 0.55139434), (0.56359106, 0.040557623), (0.53259116, 0.016459882), (0.52053964, 0.07747698), (0.52053964, 0.07747698), (0.47957915, 0.061228693), (0.48598346, 0.10063696), (0.4104413, 0.4192508), (0.40721166, 0.37701184), (0.36970845, 0.38519233), (0.4104413, 0.4192508), (0.36970845, 0.38519233), (0.34966946, 0.41869712), (0.4074114, 0.5050466), (0.4104413, 0.4192508), (0.34966946, 0.41869712), (0.48166156, 0.48944837), (0.4528302, 0.48048824), (0.47229877, 0.54375196), (0.4528302, 0.48048824), (0.4074114, 0.5050466), (0.43315905, 0.5550538), (0.47489786, 0.6076895), (0.47229877, 0.54375196), (0.43666077, 0.60875595), (0.5593905, 0.68144083), (0.5110016, 0.67109954), (0.53638697, 0.71487343), (0.5110016, 0.67109954), (0.5086078, 0.63464254), (0.46302524, 0.6772488), (0.5110016, 0.67109954), (0.46302524, 0.6772488), (0.4880725, 0.7044039), (0.5593905, 0.68144083), (0.53638697, 0.71487343), (0.5583088, 0.7375624), (0.54923534, 0.7757799), (0.51411384, 0.7514144), (0.50624806, 0.7697491), (0.5110016, 0.67109954), (0.4880725, 0.7044039), (0.53638697, 0.71487343), (0.4880725, 0.7044039), (0.4736892, 0.7362062), (0.51411384, 0.7514144), (0.33764642, 0.3727829), (0.27135336, 0.35526538), (0.265257, 0.38843167), (0.36970845, 0.38519233), (0.33764642, 0.3727829), (0.2886518, 0.40722668), (0.36970845, 0.38519233), (0.2886518, 0.40722668), (0.34966946, 0.41869712), (0.2886518, 0.40722668), (0.33764642, 0.3727829), (0.265257, 0.38843167), (0.2945994, 0.4545036), (0.2886518, 0.40722668), (0.25871244, 0.4336983), (0.48015663, 0.8487867), (0.48554078, 0.8779018), (0.5009778, 0.8513336), (0.48765576, 0.8959565), (0.47015274, 0.86291814), (0.47724402, 0.91579664), (0.5009778, 0.8513336), (0.5268431, 0.83200824), (0.48104578, 0.8206291), (0.48554078, 0.8779018), (0.48015663, 0.8487867), (0.47015274, 0.86291814), (0.48015663, 0.8487867), (0.5009778, 0.8513336), (0.48104578, 0.8206291), (0.5333449, 0.80493176), (0.54923534, 0.7757799), (0.50624806, 0.7697491), (0.5333449, 0.80493176), (0.50624806, 0.7697491), (0.45715788, 0.79052943), (0.5333449, 0.80493176), (0.45715788, 0.79052943), (0.5268431, 0.83200824), (0.48104578, 0.8206291), (0.46124598, 0.8301658), (0.48015663, 0.8487867), (0.50624806, 0.7697491), (0.51411384, 0.7514144), (0.4511078, 0.76878625), (0.4340021, 0.83318603), (0.45715788, 0.79052943), (0.40652218, 0.8015795), (0.43315905, 0.5550538), (0.43666077, 0.60875595), (0.47229877, 0.54375196), (0.43315905, 0.5550538), (0.3767218, 0.5591084), (0.38712153, 0.59423405), (0.42017463, 0.64221275), (0.43666077, 0.60875595), (0.38712153, 0.59423405), (0.3668894, 0.6480776), (0.31162462, 0.61860865), (0.30442026, 0.6534066), (0.3668894, 0.6480776), (0.30442026, 0.6534066), (0.30858758, 0.6925833), (0.42088574, 0.7271502), (0.46302524, 0.6772488), (0.40765062, 0.68161976), (0.42088574, 0.7271502), (0.37721628, 0.7035788), (0.39551553, 0.7502225), (0.40765062, 0.68161976), (0.3668894, 0.6480776), (0.37721628, 0.7035788), (0.45715788, 0.79052943), (0.4511078, 0.76878625), (0.40652218, 0.8015795), (0.4736892, 0.7362062), (0.42088574, 0.7271502), (0.39551553, 0.7502225), (0.056324273, 0.13193345), (0.04874501, 0.13109672), (0.050693665, 0.14506727), (0.027719006, 0.15754116), (0.032150503, 0.14599377), (0.02022184, 0.14128578), (0.6901179, 0.9631399), (0.6712235, 0.9783452), (0.6920597, 0.99577117), (0.6901179, 0.9631399), (0.6920597, 0.99577117), (0.7201737, 0.98186934), (0.065747075, 0.15704513), (0.06066442, 0.15107906), (0.045356415, 0.15031981), (0.046354182, 0.15719026), (0.0401223, 0.1573137), (0.044386834, 0.16390413), (0.053471252, 0.16681093), (0.046354182, 0.15719026), (0.044386834, 0.16390413), (0.065747075, 0.15704513), (0.046354182, 0.15719026), (0.053471252, 0.16681093), (0.6712235, 0.9783452), (0.66663677, 0.93669444), (0.64984787, 0.9706464), (0.6901179, 0.9631399), (0.7065324, 0.93933755), (0.6753113, 0.9059351), (0.040008407, 0.18550956), (0.05564944, 0.19283056), (0.053471252, 0.16681093), (0.08304298, 0.15822613), (0.053471252, 0.16681093), (0.05564944, 0.19283056), (0.646388, 0.9411574), (0.63635164, 0.96542835), (0.64984787, 0.9706464), (0.6055704, 0.9536916), (0.6090568, 0.9953581), (0.63635164, 0.96542835), (0.6559306, 0.913892), (0.646388, 0.9411574), (0.66663677, 0.93669444), (0.6559306, 0.913892), (0.66663677, 0.93669444), (0.6753113, 0.9059351), (0.60382116, 0.93405724), (0.646388, 0.9411574), (0.6559306, 0.913892), (0.27135336, 0.35526538), (0.3023339, 0.3429082), (0.283071, 0.33939743), (0.14017959, 0.3060639), (0.14667939, 0.29925513), (0.14131232, 0.2977798), (0.15083659, 0.320283), (0.14667939, 0.29925513), (0.14017959, 0.3060639), (0.14131232, 0.2977798), (0.13130453, 0.30208355), (0.14017959, 0.3060639), (0.14017959, 0.3060639), (0.13059776, 0.31057066), (0.13941355, 0.31572372), (0.14131232, 0.2977798), (0.13824052, 0.28871548), (0.13130453, 0.30208355), (0.13824052, 0.28871548), (0.14131232, 0.2977798), (0.14667939, 0.29925513), (0.06738618, 0.37785697), (0.080446385, 0.38607717), (0.077050105, 0.3747275), (0.05635978, 0.3707338), (0.060057912, 0.37513626), (0.069091044, 0.36923498), (0.13059776, 0.31057066), (0.1250236, 0.31204343), (0.13941355, 0.31572372), (0.0013488438, 0.35423023), (0.0053218836, 0.3645935), (0.0070361733, 0.35844326), (0.48750082, 0.92371494), (0.48631588, 0.91437155), (0.47724402, 0.91579664), (0.0070361733, 0.35844326), (0.014470036, 0.35524464), (0.009581647, 0.34968877), (0.0070361733, 0.35844326), (0.010581884, 0.36354262), (0.014470036, 0.35524464), (0.0070361733, 0.35844326), (0.0053218836, 0.3645935), (0.010581884, 0.36354262), (0.75042653, 0.3676285), (0.74450755, 0.36520147), (0.7440191, 0.37677187), (0.20167203, 0.3943022), (0.16620156, 0.39213198), (0.1812261, 0.41458255), (0.14666675, 0.4479583), (0.12395366, 0.417854), (0.11405147, 0.44808578), (0.16620156, 0.39213198), (0.1603111, 0.36436415), (0.14398913, 0.37321657), (0.15083659, 0.320283), (0.17242339, 0.35514802), (0.14667939, 0.29925513), (0.14746802, 0.33835077), (0.17242339, 0.35514802), (0.13941355, 0.31572372), (0.1603111, 0.36436415), (0.14746802, 0.33835077), (0.14398913, 0.37321657), (0.13941355, 0.31572372), (0.1250236, 0.31204343), (0.12874667, 0.33095884), (0.12395366, 0.417854), (0.16620156, 0.39213198), (0.08797709, 0.38227296), (0.060931, 0.35367268), (0.05178536, 0.35554987), (0.05635978, 0.3707338), (0.1250236, 0.31204343), (0.11947747, 0.32686466), (0.12874667, 0.33095884), (0.16620156, 0.39213198), (0.10574797, 0.35669714), (0.08797709, 0.38227296), (0.11947747, 0.32686466), (0.111811705, 0.3330779), (0.12874667, 0.33095884), (0.054156303, 0.34779513), (0.04397647, 0.35081726), (0.05178536, 0.35554987), (0.060931, 0.35367268), (0.06604806, 0.33530074), (0.054156303, 0.34779513), (0.043595754, 0.3419537), (0.054156303, 0.34779513), (0.0495573, 0.32272655), (0.054156303, 0.34779513), (0.06604806, 0.33530074), (0.062179334, 0.324138), (0.03257107, 0.35624284), (0.04397647, 0.35081726), (0.043595754, 0.3419537), (0.062179334, 0.324138), (0.057607584, 0.3099804), (0.054156303, 0.34779513), (0.111811705, 0.3330779), (0.10574797, 0.35669714), (0.12874667, 0.33095884), (0.009581647, 0.34968877), (0.014470036, 0.35524464), (0.029852457, 0.33773446), (0.029852457, 0.33773446), (0.014470036, 0.35524464), (0.02554765, 0.35523653), (0.06604806, 0.33530074), (0.07461722, 0.3451779), (0.070873186, 0.318663), (0.029852457, 0.33773446), (0.043595754, 0.3419537), (0.04365501, 0.3252172), (0.06604806, 0.33530074), (0.070873186, 0.318663), (0.062179334, 0.324138), (0.03475443, 0.31505966), (0.029852457, 0.33773446), (0.04365501, 0.3252172), (0.04546731, 0.3021918), (0.04365501, 0.3252172), (0.0495573, 0.32272655), (0.062179334, 0.324138), (0.065748736, 0.2949195), (0.057607584, 0.3099804), (0.76346564, 0.38745397), (0.75141346, 0.40589082), (0.76967496, 0.43450248), (0.78488964, 0.42108077), (0.76967496, 0.43450248), (0.79665655, 0.4512254), (0.04546731, 0.3021918), (0.03615343, 0.27847278), (0.03475443, 0.31505966), (0.070873186, 0.318663), (0.07095226, 0.28110075), (0.065748736, 0.2949195), (0.04546731, 0.3021918), (0.0495573, 0.32272655), (0.04798726, 0.26617247), (0.7238814, 0.9231645), (0.7704604, 0.95187503), (0.764739, 0.9026467), (0.7726926, 0.79349923), (0.764739, 0.9026467), (0.8115755, 0.8511264), (0.11405147, 0.44808578), (0.04866092, 0.4527136), (0.088786595, 0.47009903), (0.8456351, 0.5163572), (0.8134129, 0.4852125), (0.80912745, 0.5103934), (0.7726926, 0.79349923), (0.83310854, 0.7968427), (0.8039356, 0.7359205), (0.87530774, 0.7772538), (0.8874212, 0.7255082), (0.8373495, 0.730638), (0.8373495, 0.730638), (0.83310854, 0.7968427), (0.87530774, 0.7772538), (0.8373495, 0.730638), (0.84066725, 0.6699127), (0.8039356, 0.7359205), (0.87189305, 0.62436134), (0.88428116, 0.5859916), (0.8276044, 0.6086655), (0.82067305, 0.573861), (0.8276044, 0.6086655), (0.88428116, 0.5859916), (0.80467093, 0.6498743), (0.84066725, 0.6699127), (0.8276044, 0.6086655), (0.60382116, 0.93405724), (0.6559306, 0.913892), (0.6293798, 0.89369136), (0.6244525, 0.8712846), (0.6293798, 0.89369136), (0.6753113, 0.9059351), (0.6428957, 0.8476054), (0.6244525, 0.8712846), (0.69101703, 0.87829447), (0.25871244, 0.4336983), (0.2886518, 0.40722668), (0.265257, 0.38843167), (0.6244525, 0.8712846), (0.6428957, 0.8476054), (0.6063421, 0.8361584), (0.6063421, 0.8361584), (0.57830995, 0.8588518), (0.6244525, 0.8712846), (0.042594053, 0.26990503), (0.03615343, 0.27847278), (0.04546731, 0.3021918), (0.065748736, 0.2949195), (0.06427789, 0.26803577), (0.057607584, 0.3099804), (0.057607584, 0.3099804), (0.06427789, 0.26803577), (0.05498607, 0.26717234), (0.73986524, 0.39728403), (0.7469947, 0.43723232), (0.75141346, 0.40589082), (0.75141346, 0.40589082), (0.7469947, 0.43723232), (0.76967496, 0.43450248), (0.7469947, 0.43723232), (0.7444348, 0.46449548), (0.76967496, 0.43450248), (0.46124598, 0.8301658), (0.4340021, 0.83318603), (0.43324423, 0.86886024), (0.7444348, 0.46449548), (0.71719956, 0.43080115), (0.7206257, 0.48603487), (0.7206257, 0.48603487), (0.6772366, 0.42619056), (0.6709531, 0.4751354), (0.6772366, 0.42619056), (0.6376693, 0.4504671), (0.6709531, 0.4751354), (0.06427789, 0.26803577), (0.06214167, 0.24307227), (0.05498607, 0.26717234), (0.036425475, 0.22872114), (0.042594053, 0.26990503), (0.04357597, 0.247213), (0.04357597, 0.247213), (0.042594053, 0.26990503), (0.04798726, 0.26617247), (0.05498607, 0.26717234), (0.06214167, 0.24307227), (0.05484577, 0.23771852), (0.036425475, 0.22872114), (0.04357597, 0.247213), (0.041839607, 0.22365135), (0.077255696, 0.22980839), (0.07115929, 0.22213715), (0.06427789, 0.26803577), (0.04357597, 0.247213), (0.04798726, 0.26617247), (0.04898967, 0.22553217), (0.04798726, 0.26617247), (0.05484577, 0.23771852), (0.04898967, 0.22553217), (0.060781255, 0.2211721), (0.05484577, 0.23771852), (0.06214167, 0.24307227), (0.06214167, 0.24307227), (0.07115929, 0.22213715), (0.060781255, 0.2211721), (0.04898967, 0.22553217), (0.05484577, 0.23771852), (0.052373018, 0.2088201), (0.060781255, 0.2211721), (0.068681434, 0.21260375), (0.05794486, 0.20735246), (0.027727513, 0.20024544), (0.036425475, 0.22872114), (0.034879096, 0.2011987), (0.05794486, 0.20735246), (0.068681434, 0.21260375), (0.063698076, 0.20314384), (0.036425475, 0.22872114), (0.041839607, 0.22365135), (0.041332986, 0.20692563), (0.036425475, 0.22872114), (0.041332986, 0.20692563), (0.034879096, 0.2011987), (0.052373018, 0.2088201), (0.060781255, 0.2211721), (0.05794486, 0.20735246), (0.034879096, 0.2011987), (0.031707708, 0.1905691), (0.027727513, 0.20024544), (0.041332986, 0.20692563), (0.04898967, 0.22553217), (0.04723401, 0.20636398), (0.05273795, 0.19720215), (0.05794486, 0.20735246), (0.063698076, 0.20314384), (0.6989342, 0.83526784), (0.6428957, 0.8476054), (0.69101703, 0.87829447), (0.68373173, 0.7659025), (0.6989342, 0.83526784), (0.70797557, 0.7870591), (0.6428957, 0.8476054), (0.68373173, 0.7659025), (0.6391597, 0.7534728), (0.6989342, 0.83526784), (0.73161566, 0.8683777), (0.75879306, 0.76618516), (0.70797557, 0.7870591), (0.75879306, 0.76618516), (0.7310036, 0.7428207), (0.69193155, 0.7155715), (0.73496336, 0.71198404), (0.72735345, 0.6761662), (0.7474657, 0.53871703), (0.70895296, 0.60257655), (0.75570613, 0.5816556), (0.80912745, 0.5103934), (0.77594703, 0.5457652), (0.8456351, 0.5163572), (0.8134129, 0.4852125), (0.7750598, 0.4666828), (0.7444348, 0.46449548), (0.8134129, 0.4852125), (0.7444348, 0.46449548), (0.7481831, 0.5044942), (0.82067305, 0.573861), (0.77594703, 0.5457652), (0.75570613, 0.5816556), (0.77201265, 0.7159108), (0.7310036, 0.7428207), (0.75879306, 0.76618516), (0.75879306, 0.76618516), (0.8039356, 0.7359205), (0.77201265, 0.7159108), (0.72735345, 0.6761662), (0.7674979, 0.65749335), (0.74342626, 0.6276009), (0.7886451, 0.6111269), (0.8276044, 0.6086655), (0.82067305, 0.573861), (0.7886451, 0.6111269), (0.80467093, 0.6498743), (0.8276044, 0.6086655), (0.74342626, 0.6276009), (0.7674979, 0.65749335), (0.7886451, 0.6111269), (0.2957897, 0.55362153), (0.2945994, 0.4545036), (0.25871244, 0.4336983), (0.57577723, 0.725916), (0.6063421, 0.8361584), (0.61493033, 0.7623837), (0.57830995, 0.8588518), (0.6063421, 0.8361584), (0.57577723, 0.725916), (0.61493033, 0.7623837), (0.6391597, 0.7534728), (0.6087251, 0.70653814), (0.31162462, 0.61860865), (0.2957897, 0.55362153), (0.25124803, 0.56859756), (0.55161613, 0.62720674), (0.57577723, 0.725916), (0.60205454, 0.6450649), (0.62871164, 0.5948242), (0.60205454, 0.6450649), (0.6454934, 0.6271558), (0.5708234, 0.5918265), (0.60205454, 0.6450649), (0.62871164, 0.5948242), (0.55161613, 0.62720674), (0.60205454, 0.6450649), (0.5708234, 0.5918265), (0.37721628, 0.7035788), (0.31915107, 0.73253006), (0.35126647, 0.76928586), (0.59468794, 0.5571865), (0.5708234, 0.5918265), (0.62871164, 0.5948242), (0.630925, 0.48879677), (0.67491764, 0.5260942), (0.6709531, 0.4751354), (0.6376693, 0.4504671), (0.630925, 0.48879677), (0.6709531, 0.4751354), (0.67491764, 0.5260942), (0.630925, 0.48879677), (0.6542872, 0.5484718), (0.630925, 0.48879677), (0.6136514, 0.5118088), (0.6542872, 0.5484718), (0.6615168, 0.69652545), (0.6391597, 0.7534728), (0.69193155, 0.7155715), (0.6087251, 0.70653814), (0.6391597, 0.7534728), (0.6615168, 0.69652545), (0.6087251, 0.70653814), (0.6615168, 0.69652545), (0.6375195, 0.67237455), (0.67281765, 0.6603562), (0.69193155, 0.7155715), (0.72735345, 0.6761662), (0.67281765, 0.6603562), (0.72735345, 0.6761662), (0.7011433, 0.6323304), (0.6454934, 0.6271558), (0.6375195, 0.67237455), (0.67281765, 0.6603562), (0.712768, 0.53430945), (0.67491764, 0.5260942), (0.67769516, 0.5689707), (0.65776736, 0.5871763), (0.70895296, 0.60257655), (0.67769516, 0.5689707), (0.7011433, 0.6323304), (0.70895296, 0.60257655), (0.65776736, 0.5871763), (0.67769516, 0.5689707), (0.6542872, 0.5484718), (0.65776736, 0.5871763), (0.65776736, 0.5871763), (0.62871164, 0.5948242), (0.6454934, 0.6271558), (0.78527725, 0.31446862), (0.72597367, 0.276927), (0.7408034, 0.36136675), (0.7408034, 0.36136675), (0.6784521, 0.34897232), (0.68811655, 0.41211587), (0.7408034, 0.36136675), (0.72597367, 0.276927), (0.6742965, 0.29957134), (0.86440635, 0.17605484), (0.90540075, 0.17875427), (0.8966671, 0.15033442), (0.86440635, 0.17605484), (0.8966671, 0.15033442), (0.8561976, 0.10843867), (0.86440635, 0.17605484), (0.8561976, 0.10843867), (0.8294384, 0.14615846), (0.86440635, 0.17605484), (0.7457246, 0.22483271), (0.7963794, 0.2422092), (0.86440635, 0.17605484), (0.7424943, 0.19145352), (0.7457246, 0.22483271), (0.72597367, 0.276927), (0.7047469, 0.24858391), (0.6742965, 0.29957134), (0.7457246, 0.22483271), (0.72597367, 0.276927), (0.7963794, 0.2422092), (0.7457246, 0.22483271), (0.7047469, 0.24858391), (0.72597367, 0.276927), (0.7457246, 0.22483271), (0.71248007, 0.21219707), (0.7047469, 0.24858391), (0.6687297, 0.25903755), (0.71248007, 0.21219707), (0.6277161, 0.20690453), (0.7424943, 0.19145352), (0.7267879, 0.14555442), (0.71248007, 0.21219707), (0.6277161, 0.20690453), (0.71248007, 0.21219707), (0.6873719, 0.15184557), (0.6687297, 0.25903755), (0.64148873, 0.25183874), (0.64351535, 0.28253162), (0.59988403, 0.30132604), (0.64351535, 0.28253162), (0.5872802, 0.2781828), (0.64351535, 0.28253162), (0.6127526, 0.24246275), (0.5872802, 0.2781828), (0.6687297, 0.25903755), (0.6277161, 0.20690453), (0.64148873, 0.25183874), (0.54572475, 0.2806477), (0.5872802, 0.2781828), (0.57272714, 0.2538715), (0.54572475, 0.2806477), (0.57272714, 0.2538715), (0.53896505, 0.246041), (0.22684528, 0.88398206), (0.24551532, 0.93416727), (0.27550712, 0.9171484), (0.90540075, 0.17875427), (0.86440635, 0.17605484), (0.88552237, 0.2166478), (0.26565132, 0.95742404), (0.27550712, 0.9171484), (0.24551532, 0.93416727), (0.2256902, 0.96514386), (0.24551532, 0.93416727), (0.19709736, 0.9028647), (0.19317938, 0.93175536), (0.2256902, 0.96514386), (0.19709736, 0.9028647), (0.88552237, 0.2166478), (0.7963794, 0.2422092), (0.78527725, 0.31446862), (0.6784521, 0.34897232), (0.6742965, 0.29957134), (0.64414704, 0.30983907), (0.63294744, 0.36096764), (0.6784521, 0.34897232), (0.64414704, 0.30983907), (0.6742965, 0.29957134), (0.6687297, 0.25903755), (0.64351535, 0.28253162), (0.64414704, 0.30983907), (0.6742965, 0.29957134), (0.64351535, 0.28253162), (0.61331016, 0.32915688), (0.5497072, 0.31711167), (0.5812919, 0.35962856), (0.5497072, 0.31711167), (0.5872802, 0.2781828), (0.54572475, 0.2806477), (0.73340154, 0.11043435), (0.6998677, 0.05433011), (0.68659407, 0.108347416), (0.68659407, 0.108347416), (0.7267879, 0.14555442), (0.73340154, 0.11043435), (0.7267879, 0.14555442), (0.68659407, 0.108347416), (0.6873719, 0.15184557), (0.6873719, 0.15184557), (0.68659407, 0.108347416), (0.6408409, 0.12113911), (0.6998677, 0.05433011), (0.63676536, 0.064396024), (0.68659407, 0.108347416), (0.6408409, 0.12113911), (0.68659407, 0.108347416), (0.63676536, 0.064396024), (0.6475806, 0.14491928), (0.6094752, 0.1583221), (0.6277161, 0.20690453), (0.6094752, 0.1583221), (0.6475806, 0.14491928), (0.6408409, 0.12113911), (0.5907801, 0.124907434), (0.6094752, 0.1583221), (0.6408409, 0.12113911), (0.5726827, 0.16944271), (0.6094752, 0.1583221), (0.5907801, 0.124907434), (0.8294384, 0.14615846), (0.8561976, 0.10843867), (0.8281107, 0.095611095), (0.8966671, 0.15033442), (0.9114786, 0.113416195), (0.88469553, 0.08953786), (0.88469553, 0.08953786), (0.85155725, 0.06051761), (0.8561976, 0.10843867), (0.85155725, 0.06051761), (0.88469553, 0.08953786), (0.88023525, 0.013263106), (0.8281107, 0.095611095), (0.73340154, 0.11043435), (0.7267879, 0.14555442), (0.8281107, 0.095611095), (0.7353424, 0.0009765625), (0.6998677, 0.05433011), (0.6277161, 0.20690453), (0.5746782, 0.21560794), (0.6127526, 0.24246275), (0.5726827, 0.16944271), (0.5746782, 0.21560794), (0.6277161, 0.20690453), (0.57272714, 0.2538715), (0.5746782, 0.21560794), (0.53896505, 0.246041), (0.54572475, 0.2806477), (0.53896505, 0.246041), (0.505924, 0.26594907), (0.547379, 0.19335032), (0.53896505, 0.246041), (0.5746782, 0.21560794), (0.53896505, 0.246041), (0.48564363, 0.21895498), (0.505924, 0.26594907), (0.53896505, 0.246041), (0.547379, 0.19335032), (0.5208622, 0.18254477), (0.547379, 0.19335032), (0.5726827, 0.16944271), (0.5493549, 0.15224761), (0.547379, 0.19335032), (0.5493549, 0.15224761), (0.5208622, 0.18254477), (0.48564363, 0.21895498), (0.5208622, 0.18254477), (0.49255824, 0.18833268), (0.21248186, 0.9908486), (0.2256902, 0.96514386), (0.18566708, 0.95001835), (0.18566708, 0.95001835), (0.2256902, 0.96514386), (0.19317938, 0.93175536), (0.2256902, 0.96514386), (0.21248186, 0.9908486), (0.23914036, 0.9828719), (0.16899416, 0.9627836), (0.21248186, 0.9908486), (0.18566708, 0.95001835), (0.16899416, 0.9627836), (0.195635, 0.99902344), (0.21248186, 0.9908486), (0.92949915, 0.10181737), (0.9114786, 0.113416195), (0.9535066, 0.13336176), (0.046397272, 0.07185018), (0.045148578, 0.054647624), (0.014119183, 0.0947876), (0.046397272, 0.07185018), (0.083322994, 0.049377203), (0.045148578, 0.054647624), (0.05011307, 0.11754882), (0.07481977, 0.07727522), (0.046397272, 0.07185018), (0.92949915, 0.10181737), (0.9378517, 0.051764786), (0.91882735, 0.048094332), (0.05011307, 0.11754882), (0.046397272, 0.07185018), (0.014119183, 0.0947876), (0.08477027, 0.09650618), (0.07481977, 0.07727522), (0.066034004, 0.11642492), (0.111082494, 0.09501201), (0.07481977, 0.07727522), (0.08477027, 0.09650618), (0.056324273, 0.13193345), (0.066034004, 0.11642492), (0.05011307, 0.11754882), (0.45805094, 0.27021027), (0.4204849, 0.27975965), (0.41261092, 0.30857545), (0.29134196, 0.7234204), (0.26227674, 0.66208446), (0.2372278, 0.68292654), (0.18050197, 0.8627305), (0.19709736, 0.9028647), (0.22684528, 0.88398206), (0.13583836, 0.85810506), (0.16402909, 0.9000547), (0.18050197, 0.8627305), (0.16402909, 0.9000547), (0.19317938, 0.93175536), (0.19709736, 0.9028647), (0.11271991, 0.9025661), (0.16402909, 0.9000547), (0.13583836, 0.85810506), (0.21666484, 0.77714443), (0.20744188, 0.8569404), (0.22684528, 0.88398206), (0.17212906, 0.7528332), (0.21666484, 0.77714443), (0.19996592, 0.7244495), (0.18050197, 0.8627305), (0.21666484, 0.77714443), (0.17212906, 0.7528332), (0.21666484, 0.77714443), (0.25025463, 0.7599892), (0.19996592, 0.7244495), (0.65016645, 0.41405928), (0.6784521, 0.34897232), (0.63294744, 0.36096764), (0.2372278, 0.68292654), (0.26227674, 0.66208446), (0.21605699, 0.63200384), (0.21605699, 0.63200384), (0.19251794, 0.6684542), (0.2372278, 0.68292654), (0.2637072, 0.6261633), (0.21189657, 0.59321344), (0.21605699, 0.63200384), (0.63294744, 0.36096764), (0.5812919, 0.35962856), (0.58592504, 0.42153662), (0.5812919, 0.35962856), (0.51742816, 0.41096473), (0.58592504, 0.42153662), (0.2479805, 0.5684291), (0.20325108, 0.54594344), (0.21189657, 0.59321344), (0.107049465, 0.8619822), (0.13583836, 0.85810506), (0.13270612, 0.77427286), (0.13270612, 0.77427286), (0.13583836, 0.85810506), (0.17212906, 0.7528332), (0.12157006, 0.7062645), (0.13270612, 0.77427286), (0.17212906, 0.7528332), (0.10595359, 0.75368667), (0.13270612, 0.77427286), (0.12157006, 0.7062645), (0.17212906, 0.7528332), (0.19996592, 0.7244495), (0.17592789, 0.7007221), (0.13227998, 0.6601629), (0.17592789, 0.7007221), (0.19251794, 0.6684542), (0.1560659, 0.61473924), (0.19251794, 0.6684542), (0.21605699, 0.63200384), (0.13227998, 0.6601629), (0.19251794, 0.6684542), (0.1560659, 0.61473924), (0.21189657, 0.59321344), (0.1560659, 0.61473924), (0.21605699, 0.63200384), (0.12638624, 0.60381055), (0.13227998, 0.6601629), (0.1560659, 0.61473924), (0.12562014, 0.555918), (0.12638624, 0.60381055), (0.16444412, 0.5616889), (0.093237676, 0.6297419), (0.13227998, 0.6601629), (0.12638624, 0.60381055), (0.21189657, 0.59321344), (0.20325108, 0.54594344), (0.16444412, 0.5616889), (0.16444412, 0.5616889), (0.20325108, 0.54594344), (0.1617307, 0.52537143), (0.20325108, 0.54594344), (0.22802018, 0.50865984), (0.1617307, 0.52537143), (0.14536051, 0.9414824), (0.18566708, 0.95001835), (0.19317938, 0.93175536), (0.10288799, 0.9236237), (0.14449935, 0.921241), (0.11271991, 0.9025661), (0.14536051, 0.9414824), (0.16899416, 0.9627836), (0.18566708, 0.95001835), (0.14449935, 0.921241), (0.10288799, 0.9236237), (0.14536051, 0.9414824), (0.14330608, 0.9700701), (0.16899416, 0.9627836), (0.14536051, 0.9414824), (0.014119183, 0.0947876), (0.0018808092, 0.07507199), (0.0009765625, 0.10287303), (0.11791492, 0.9526907), (0.14536051, 0.9414824), (0.10288799, 0.9236237), (0.14536051, 0.9414824), (0.11791492, 0.9526907), (0.14330608, 0.9700701), (0.08082445, 0.9594434), (0.11791492, 0.9526907), (0.10288799, 0.9236237), (0.0009765625, 0.15274847), (0.01985786, 0.11494553), (0.0009765625, 0.10287303), (0.03363294, 0.124216676), (0.014119183, 0.0947876), (0.01985786, 0.11494553), (0.05011307, 0.11754882), (0.014119183, 0.0947876), (0.03363294, 0.124216676), (0.05563753, 0.948217), (0.08082445, 0.9594434), (0.10288799, 0.9236237), (0.02881588, 0.1359002), (0.01985786, 0.11494553), (0.02022184, 0.14128578), (0.032150503, 0.14599377), (0.038048632, 0.14571607), (0.02881588, 0.1359002), (0.1808638, 0.48888218), (0.22802018, 0.50865984), (0.2509592, 0.45963562), (0.1808638, 0.48888218), (0.2509592, 0.45963562), (0.17642097, 0.46069133), (0.2509592, 0.45963562), (0.25620553, 0.4019274), (0.17642097, 0.46069133), (0.25620553, 0.4019274), (0.20167203, 0.3943022), (0.1812261, 0.41458255), (0.17642097, 0.46069133), (0.25620553, 0.4019274), (0.1812261, 0.41458255), (0.10288799, 0.9236237), (0.11271991, 0.9025661), (0.058687508, 0.9104995), (0.058687508, 0.9104995), (0.11271991, 0.9025661), (0.063149355, 0.8839731), (0.764739, 0.9026467), (0.7704604, 0.95187503), (0.7972928, 0.94520205), (0.8115755, 0.8511264), (0.764739, 0.9026467), (0.81402534, 0.8975538), (0.034465898, 0.84365183), (0.107049465, 0.8619822), (0.10595359, 0.75368667), (0.12562014, 0.555918), (0.09614408, 0.57855713), (0.12638624, 0.60381055), (0.1617307, 0.52537143), (0.1808638, 0.48888218), (0.14313433, 0.5034744), (0.09000833, 0.5516896), (0.09614408, 0.57855713), (0.12562014, 0.555918), (0.14313433, 0.5034744), (0.1808638, 0.48888218), (0.13672596, 0.48292363), (0.13672596, 0.48292363), (0.17642097, 0.46069133), (0.14666675, 0.4479583), (0.13672596, 0.48292363), (0.14666675, 0.4479583), (0.11405147, 0.44808578), (0.09699135, 0.51117945), (0.13672596, 0.48292363), (0.088786595, 0.47009903), (0.055478003, 0.49896127), (0.09699135, 0.51117945), (0.088786595, 0.47009903), (0.0010670156, 0.8114417), (0.04672017, 0.7448486), (0.014535512, 0.71307635), (0.83310854, 0.7968427), (0.8115755, 0.8511264), (0.87530774, 0.7772538), (0.08339799, 0.7148031), (0.12157006, 0.7062645), (0.0904073, 0.67801046), (0.08339799, 0.7148031), (0.0904073, 0.67801046), (0.061772328, 0.6619456), (0.014535512, 0.71307635), (0.04672017, 0.7448486), (0.08339799, 0.7148031), (0.08339799, 0.7148031), (0.061772328, 0.6619456), (0.014535512, 0.71307635), (0.014535512, 0.71307635), (0.061772328, 0.6619456), (0.011237881, 0.6606238), (0.011237881, 0.6606238), (0.061772328, 0.6619456), (0.058821294, 0.61685884), (0.0280349, 0.529861), (0.036566854, 0.582132), (0.09000833, 0.5516896), (0.0010670156, 0.60568225), (0.058821294, 0.61685884), (0.036566854, 0.582132), (0.011237881, 0.6606238), (0.058821294, 0.61685884), (0.0010670156, 0.60568225), (0.0280349, 0.529861), (0.09000833, 0.5516896), (0.09699135, 0.51117945), (0.5347532, 0.48876208), (0.5098931, 0.44183087), (0.5076618, 0.51197374), (0.5098931, 0.44183087), (0.45421407, 0.41726255), (0.48166156, 0.48944837), (0.6998677, 0.05433011), (0.7353424, 0.0009765625), (0.67709017, 0.0034137368), (0.5961641, 0.087044954), (0.63676536, 0.064396024), (0.6056081, 0.0042028427), (0.5347532, 0.48876208), (0.5076618, 0.51197374), (0.5469199, 0.55139434), (0.5907801, 0.124907434), (0.6408409, 0.12113911), (0.5961641, 0.087044954), (0.5493549, 0.15224761), (0.5907801, 0.124907434), (0.55798876, 0.09797734), (0.6408409, 0.12113911), (0.63676536, 0.064396024), (0.5961641, 0.087044954), (0.5961641, 0.087044954), (0.6056081, 0.0042028427), (0.56359106, 0.040557623), (0.55798876, 0.09797734), (0.56359106, 0.040557623), (0.52053964, 0.07747698), (0.5239465, 0.1275661), (0.52053964, 0.07747698), (0.48598346, 0.10063696), (0.85155725, 0.06051761), (0.88023525, 0.013263106), (0.8298654, 0.008769453), (0.39198413, 0.36016035), (0.41775, 0.34187895), (0.37520728, 0.33750826), (0.40721166, 0.37701184), (0.41775, 0.34187895), (0.39198413, 0.36016035), (0.45421407, 0.41726255), (0.45617923, 0.37074208), (0.40721166, 0.37701184), (0.36970845, 0.38519233), (0.39198413, 0.36016035), (0.37520728, 0.33750826), (0.36970845, 0.38519233), (0.40721166, 0.37701184), (0.39198413, 0.36016035), (0.5208622, 0.18254477), (0.48103374, 0.13746685), (0.49255824, 0.18833268), (0.43670583, 0.1927774), (0.48564363, 0.21895498), (0.4476045, 0.15116304), (0.48103374, 0.13746685), (0.5239465, 0.1275661), (0.48598346, 0.10063696), (0.43670583, 0.1927774), (0.4476045, 0.15116304), (0.41269004, 0.14087588), (0.48598346, 0.10063696), (0.43844202, 0.10675812), (0.48103374, 0.13746685), (0.4476045, 0.15116304), (0.48103374, 0.13746685), (0.43844202, 0.10675812), (0.090132825, 0.12610978), (0.111082494, 0.09501201), (0.08477027, 0.09650618), (0.0702427, 0.1256392), (0.090132825, 0.12610978), (0.08477027, 0.09650618), (0.3882808, 0.30138046), (0.3709137, 0.29392552), (0.3627133, 0.32363915), (0.3627133, 0.32363915), (0.3709137, 0.29392552), (0.3469934, 0.31021696), (0.06938858, 0.14109206), (0.071012795, 0.13426864), (0.060697176, 0.1431222), (0.050693665, 0.14506727), (0.060697176, 0.1431222), (0.056324273, 0.13193345), (0.37520728, 0.33750826), (0.40363207, 0.308208), (0.3882808, 0.30138046), (0.075000316, 0.14349306), (0.071012795, 0.13426864), (0.06938858, 0.14109206), (0.050693665, 0.14506727), (0.06066442, 0.15107906), (0.060697176, 0.1431222), (0.3627133, 0.32363915), (0.37520728, 0.33750826), (0.3882808, 0.30138046), (0.111244954, 0.1586473), (0.11307334, 0.12605321), (0.090132825, 0.12610978), (0.08304298, 0.15822613), (0.07287028, 0.14995456), (0.065747075, 0.15704513), (0.3627133, 0.32363915), (0.3469934, 0.31021696), (0.3246428, 0.32976884), (0.111244954, 0.1586473), (0.075000316, 0.14349306), (0.08304298, 0.15822613), (0.3023339, 0.3429082), (0.3246428, 0.32976884), (0.3109373, 0.30697745), (0.3109373, 0.30697745), (0.283071, 0.33939743), (0.3023339, 0.3429082), (0.3023339, 0.3429082), (0.33032304, 0.3521592), (0.3246428, 0.32976884), (0.36970845, 0.38519233), (0.37520728, 0.33750826), (0.33764642, 0.3727829), (0.31959566, 0.25903696), (0.28710985, 0.2576176), (0.3018012, 0.27843297), (0.28710985, 0.2576176), (0.31959566, 0.25903696), (0.30339485, 0.24374068), (0.41261092, 0.30857545), (0.3938169, 0.25260723), (0.38123614, 0.29503626), (0.3938169, 0.25260723), (0.36612868, 0.28257442), (0.38123614, 0.29503626), (0.41642123, 0.21068376), (0.38357162, 0.22333819), (0.3938169, 0.25260723), (0.3938169, 0.25260723), (0.35104942, 0.24019116), (0.36612868, 0.28257442), (0.36612868, 0.28257442), (0.35104942, 0.24019116), (0.3018012, 0.27843297), (0.3018012, 0.27843297), (0.35104942, 0.24019116), (0.31959566, 0.25903696), (0.41642123, 0.21068376), (0.43670583, 0.1927774), (0.3898975, 0.16791183), (0.31630158, 0.22791493), (0.30339485, 0.24374068), (0.35104942, 0.24019116), (0.34676614, 0.21173549), (0.35104942, 0.24019116), (0.38357162, 0.22333819), (0.34676614, 0.21173549), (0.31630158, 0.22791493), (0.35104942, 0.24019116), (0.5469199, 0.55139434), (0.510076, 0.57824576), (0.5469592, 0.6195446), (0.5076618, 0.51197374), (0.48166156, 0.48944837), (0.47229877, 0.54375196), (0.510076, 0.57824576), (0.5076618, 0.51197374), (0.47229877, 0.54375196), (0.510076, 0.57824576), (0.47489786, 0.6076895), (0.5086078, 0.63464254), (0.52053964, 0.07747698), (0.53259116, 0.016459882), (0.47957915, 0.061228693), (0.56359106, 0.040557623), (0.6056081, 0.0042028427), (0.53259116, 0.016459882), (0.5469592, 0.6195446), (0.510076, 0.57824576), (0.5086078, 0.63464254), (0.5469592, 0.6195446), (0.5086078, 0.63464254), (0.5593905, 0.68144083), (0.4528302, 0.48048824), (0.45421407, 0.41726255), (0.4104413, 0.4192508), (0.45421407, 0.41726255), (0.4528302, 0.48048824), (0.48166156, 0.48944837), (0.4528302, 0.48048824), (0.4104413, 0.4192508), (0.4074114, 0.5050466), (0.47229877, 0.54375196), (0.4528302, 0.48048824), (0.43315905, 0.5550538), (0.510076, 0.57824576), (0.47229877, 0.54375196), (0.47489786, 0.6076895), (0.5593905, 0.68144083), (0.5086078, 0.63464254), (0.5110016, 0.67109954), (0.48598346, 0.10063696), (0.47957915, 0.061228693), (0.43844202, 0.10675812), (0.41269004, 0.14087588), (0.4476045, 0.15116304), (0.43844202, 0.10675812), (0.43670583, 0.1927774), (0.41269004, 0.14087588), (0.3898975, 0.16791183), (0.51411384, 0.7514144), (0.54923534, 0.7757799), (0.5583088, 0.7375624), (0.5583088, 0.7375624), (0.53638697, 0.71487343), (0.51411384, 0.7514144), (0.51411384, 0.7514144), (0.53638697, 0.71487343), (0.4880725, 0.7044039), (0.34966946, 0.41869712), (0.2945994, 0.4545036), (0.4074114, 0.5050466), (0.2945994, 0.4545036), (0.34966946, 0.41869712), (0.2886518, 0.40722668), (0.2945994, 0.4545036), (0.34958002, 0.5336699), (0.4074114, 0.5050466), (0.38357162, 0.22333819), (0.37971804, 0.19603729), (0.34676614, 0.21173549), (0.48765576, 0.8959565), (0.48554078, 0.8779018), (0.47015274, 0.86291814), (0.5268431, 0.83200824), (0.45715788, 0.79052943), (0.48104578, 0.8206291), (0.47015274, 0.86291814), (0.48015663, 0.8487867), (0.46124598, 0.8301658), (0.46124598, 0.8301658), (0.48104578, 0.8206291), (0.45715788, 0.79052943), (0.4340021, 0.83318603), (0.46124598, 0.8301658), (0.45715788, 0.79052943), (0.4511078, 0.76878625), (0.45715788, 0.79052943), (0.50624806, 0.7697491), (0.4511078, 0.76878625), (0.51411384, 0.7514144), (0.4736892, 0.7362062), (0.43315905, 0.5550538), (0.4074114, 0.5050466), (0.3767218, 0.5591084), (0.34958002, 0.5336699), (0.3767218, 0.5591084), (0.4074114, 0.5050466), (0.42017463, 0.64221275), (0.47489786, 0.6076895), (0.43666077, 0.60875595), (0.43315905, 0.5550538), (0.38712153, 0.59423405), (0.43666077, 0.60875595), (0.42017463, 0.64221275), (0.5086078, 0.63464254), (0.47489786, 0.6076895), (0.46302524, 0.6772488), (0.5086078, 0.63464254), (0.42017463, 0.64221275), (0.46302524, 0.6772488), (0.42017463, 0.64221275), (0.40765062, 0.68161976), (0.42088574, 0.7271502), (0.4880725, 0.7044039), (0.46302524, 0.6772488), (0.4736892, 0.7362062), (0.4880725, 0.7044039), (0.42088574, 0.7271502), (0.2957897, 0.55362153), (0.34958002, 0.5336699), (0.2945994, 0.4545036), (0.34958002, 0.5336699), (0.34606448, 0.5951731), (0.3767218, 0.5591084), (0.2957897, 0.55362153), (0.34606448, 0.5951731), (0.34958002, 0.5336699), (0.2957897, 0.55362153), (0.31162462, 0.61860865), (0.34606448, 0.5951731), (0.34606448, 0.5951731), (0.38712153, 0.59423405), (0.3767218, 0.5591084), (0.3668894, 0.6480776), (0.42017463, 0.64221275), (0.38712153, 0.59423405), (0.3668894, 0.6480776), (0.38712153, 0.59423405), (0.34606448, 0.5951731), (0.31162462, 0.61860865), (0.3668894, 0.6480776), (0.34606448, 0.5951731), (0.42088574, 0.7271502), (0.40765062, 0.68161976), (0.37721628, 0.7035788), (0.40765062, 0.68161976), (0.42017463, 0.64221275), (0.3668894, 0.6480776), (0.35126647, 0.76928586), (0.39551553, 0.7502225), (0.37721628, 0.7035788), (0.37721628, 0.7035788), (0.3668894, 0.6480776), (0.30858758, 0.6925833), (0.31915107, 0.73253006), (0.37721628, 0.7035788), (0.30858758, 0.6925833), (0.40652218, 0.8015795), (0.4511078, 0.76878625), (0.4736892, 0.7362062), (0.39551553, 0.7502225), (0.40652218, 0.8015795), (0.4736892, 0.7362062), (0.40652218, 0.8015795), (0.39551553, 0.7502225), (0.3690827, 0.79240793), (0.35126647, 0.76928586), (0.3690827, 0.79240793), (0.39551553, 0.7502225), (0.050693665, 0.14506727), (0.04874501, 0.13109672), (0.038048632, 0.14571607), (0.02022184, 0.14128578), (0.0009765625, 0.15274847), (0.027719006, 0.15754116), (0.050693665, 0.14506727), (0.038048632, 0.14571607), (0.045356415, 0.15031981), (0.045356415, 0.15031981), (0.038048632, 0.14571607), (0.038511906, 0.15124035), (0.0401223, 0.1573137), (0.045356415, 0.15031981), (0.038511906, 0.15124035), (0.038511906, 0.15124035), (0.038048632, 0.14571607), (0.032150503, 0.14599377), (0.038511906, 0.15124035), (0.032150503, 0.14599377), (0.027719006, 0.15754116), (0.0009765625, 0.15274847), (0.016645605, 0.17575842), (0.027719006, 0.15754116), (0.7320821, 0.95622635), (0.6901179, 0.9631399), (0.7201737, 0.98186934), (0.046354182, 0.15719026), (0.045356415, 0.15031981), (0.0401223, 0.1573137), (0.0401223, 0.1573137), (0.038511906, 0.15124035), (0.027719006, 0.15754116), (0.7320821, 0.95622635), (0.7065324, 0.93933755), (0.6901179, 0.9631399), (0.027719006, 0.15754116), (0.016645605, 0.17575842), (0.0401223, 0.1573137), (0.045356415, 0.15031981), (0.06066442, 0.15107906), (0.050693665, 0.14506727), (0.046354182, 0.15719026), (0.065747075, 0.15704513), (0.045356415, 0.15031981), (0.040008407, 0.18550956), (0.044386834, 0.16390413), (0.0401223, 0.1573137), (0.040008407, 0.18550956), (0.0401223, 0.1573137), (0.016645605, 0.17575842), (0.6712235, 0.9783452), (0.6901179, 0.9631399), (0.66663677, 0.93669444), (0.044386834, 0.16390413), (0.040008407, 0.18550956), (0.053471252, 0.16681093), (0.66663677, 0.93669444), (0.6901179, 0.9631399), (0.6753113, 0.9059351), (0.64984787, 0.9706464), (0.66663677, 0.93669444), (0.646388, 0.9411574), (0.6055704, 0.9536916), (0.63635164, 0.96542835), (0.646388, 0.9411574), (0.60382116, 0.93405724), (0.6055704, 0.9536916), (0.646388, 0.9411574), (0.15083659, 0.320283), (0.14017959, 0.3060639), (0.13941355, 0.31572372), (0.14017959, 0.3060639), (0.13130453, 0.30208355), (0.13059776, 0.31057066), (0.06738618, 0.37785697), (0.077050105, 0.3747275), (0.069091044, 0.36923498), (0.060057912, 0.37513626), (0.06738618, 0.37785697), (0.069091044, 0.36923498), (0.2891295, 0.26834476), (0.3018012, 0.27843297), (0.28710985, 0.2576176), (0.009581647, 0.34968877), (0.0013488438, 0.35423023), (0.0070361733, 0.35844326), (0.48631588, 0.91437155), (0.48765576, 0.8959565), (0.47724402, 0.91579664), (0.010581884, 0.36354262), (0.02554765, 0.35523653), (0.014470036, 0.35524464), (0.02554765, 0.35523653), (0.010581884, 0.36354262), (0.024931807, 0.36121058), (0.03257107, 0.35624284), (0.02554765, 0.35523653), (0.024931807, 0.36121058), (0.75373566, 0.38433057), (0.75042653, 0.3676285), (0.7440191, 0.37677187), (0.73986524, 0.39728403), (0.7440191, 0.37677187), (0.74450755, 0.36520147), (0.75373566, 0.38433057), (0.7440191, 0.37677187), (0.75141346, 0.40589082), (0.14666675, 0.4479583), (0.1812261, 0.41458255), (0.12395366, 0.417854), (0.16620156, 0.39213198), (0.20167203, 0.3943022), (0.177, 0.37255752), (0.1812261, 0.41458255), (0.16620156, 0.39213198), (0.12395366, 0.417854), (0.177, 0.37255752), (0.1603111, 0.36436415), (0.16620156, 0.39213198), (0.1603111, 0.36436415), (0.177, 0.37255752), (0.17242339, 0.35514802), (0.1603111, 0.36436415), (0.17242339, 0.35514802), (0.14746802, 0.33835077), (0.13941355, 0.31572372), (0.17242339, 0.35514802), (0.15083659, 0.320283), (0.12874667, 0.33095884), (0.14746802, 0.33835077), (0.13941355, 0.31572372), (0.14398913, 0.37321657), (0.14746802, 0.33835077), (0.10574797, 0.35669714), (0.16620156, 0.39213198), (0.14398913, 0.37321657), (0.10574797, 0.35669714), (0.05635978, 0.3707338), (0.069091044, 0.36923498), (0.060931, 0.35367268), (0.060931, 0.35367268), (0.069091044, 0.36923498), (0.06604806, 0.33530074), (0.05178536, 0.35554987), (0.060931, 0.35367268), (0.054156303, 0.34779513), (0.14746802, 0.33835077), (0.12874667, 0.33095884), (0.10574797, 0.35669714), (0.06604806, 0.33530074), (0.069091044, 0.36923498), (0.07461722, 0.3451779), (0.069091044, 0.36923498), (0.077050105, 0.3747275), (0.07461722, 0.3451779), (0.04397647, 0.35081726), (0.054156303, 0.34779513), (0.043595754, 0.3419537), (0.03257107, 0.35624284), (0.029852457, 0.33773446), (0.02554765, 0.35523653), (0.029852457, 0.33773446), (0.03257107, 0.35624284), (0.043595754, 0.3419537), (0.062179334, 0.324138), (0.070873186, 0.318663), (0.065748736, 0.2949195), (0.04365501, 0.3252172), (0.043595754, 0.3419537), (0.0495573, 0.32272655), (0.057607584, 0.3099804), (0.0495573, 0.32272655), (0.054156303, 0.34779513), (0.7749197, 0.3974197), (0.76346564, 0.38745397), (0.78488964, 0.42108077), (0.78488964, 0.42108077), (0.76346564, 0.38745397), (0.76967496, 0.43450248), (0.76346564, 0.38745397), (0.75373566, 0.38433057), (0.75141346, 0.40589082), (0.04546731, 0.3021918), (0.03475443, 0.31505966), (0.04365501, 0.3252172), (0.7440191, 0.37677187), (0.73986524, 0.39728403), (0.75141346, 0.40589082), (0.7320821, 0.95622635), (0.7704604, 0.95187503), (0.7238814, 0.9231645), (0.7238814, 0.9231645), (0.7065324, 0.93933755), (0.7320821, 0.95622635), (0.764739, 0.9026467), (0.73111343, 0.9051709), (0.7238814, 0.9231645), (0.73161566, 0.8683777), (0.764739, 0.9026467), (0.7726926, 0.79349923), (0.7238814, 0.9231645), (0.6753113, 0.9059351), (0.7065324, 0.93933755), (0.73161566, 0.8683777), (0.73111343, 0.9051709), (0.764739, 0.9026467), (0.73111343, 0.9051709), (0.69101703, 0.87829447), (0.7238814, 0.9231645), (0.69101703, 0.87829447), (0.73111343, 0.9051709), (0.73161566, 0.8683777), (0.69101703, 0.87829447), (0.6753113, 0.9059351), (0.7238814, 0.9231645), (0.6989342, 0.83526784), (0.69101703, 0.87829447), (0.73161566, 0.8683777), (0.75879306, 0.76618516), (0.73161566, 0.8683777), (0.7726926, 0.79349923), (0.13672596, 0.48292363), (0.11405147, 0.44808578), (0.088786595, 0.47009903), (0.055478003, 0.49896127), (0.088786595, 0.47009903), (0.04866092, 0.4527136), (0.11405147, 0.44808578), (0.062956996, 0.41128975), (0.04866092, 0.4527136), (0.11405147, 0.44808578), (0.12395366, 0.417854), (0.062956996, 0.41128975), (0.062956996, 0.41128975), (0.12395366, 0.417854), (0.08797709, 0.38227296), (0.8134129, 0.4852125), (0.79665655, 0.4512254), (0.7750598, 0.4666828), (0.7726926, 0.79349923), (0.8115755, 0.8511264), (0.83310854, 0.7968427), (0.75879306, 0.76618516), (0.7726926, 0.79349923), (0.8039356, 0.7359205), (0.84066725, 0.6699127), (0.8874212, 0.7255082), (0.87913716, 0.67060864), (0.84066725, 0.6699127), (0.8373495, 0.730638), (0.8874212, 0.7255082), (0.8373495, 0.730638), (0.8039356, 0.7359205), (0.83310854, 0.7968427), (0.79457927, 0.6882521), (0.8039356, 0.7359205), (0.84066725, 0.6699127), (0.80467093, 0.6498743), (0.79457927, 0.6882521), (0.84066725, 0.6699127), (0.0024081494, 0.5594957), (0.036566854, 0.582132), (0.0280349, 0.529861), (0.0024081494, 0.5594957), (0.0010670156, 0.60568225), (0.036566854, 0.582132), (0.87189305, 0.62436134), (0.84066725, 0.6699127), (0.87913716, 0.67060864), (0.84066725, 0.6699127), (0.87189305, 0.62436134), (0.8276044, 0.6086655), (0.09699135, 0.51117945), (0.055478003, 0.49896127), (0.0280349, 0.529861), (0.88428116, 0.5859916), (0.8874212, 0.54172564), (0.82067305, 0.573861), (0.8456351, 0.5163572), (0.82067305, 0.573861), (0.8874212, 0.54172564), (0.6753113, 0.9059351), (0.6293798, 0.89369136), (0.6559306, 0.913892), (0.6293798, 0.89369136), (0.58888286, 0.9033723), (0.60382116, 0.93405724), (0.6244525, 0.8712846), (0.58888286, 0.9033723), (0.6293798, 0.89369136), (0.57830995, 0.8588518), (0.58888286, 0.9033723), (0.6244525, 0.8712846), (0.6063421, 0.8361584), (0.6428957, 0.8476054), (0.6391597, 0.7534728), (0.61493033, 0.7623837), (0.6063421, 0.8361584), (0.6391597, 0.7534728), (0.042594053, 0.26990503), (0.04546731, 0.3021918), (0.04798726, 0.26617247), (0.05498607, 0.26717234), (0.0495573, 0.32272655), (0.057607584, 0.3099804), (0.79665655, 0.4512254), (0.76967496, 0.43450248), (0.7750598, 0.4666828), (0.45577896, 0.8969563), (0.47724402, 0.91579664), (0.47015274, 0.86291814), (0.065748736, 0.2949195), (0.07095226, 0.28110075), (0.06427789, 0.26803577), (0.04798726, 0.26617247), (0.0495573, 0.32272655), (0.05498607, 0.26717234), (0.73986524, 0.39728403), (0.71719956, 0.43080115), (0.7469947, 0.43723232), (0.03615343, 0.27847278), (0.042594053, 0.26990503), (0.036425475, 0.22872114), (0.45577896, 0.8969563), (0.47015274, 0.86291814), (0.43324423, 0.86886024), (0.7750598, 0.4666828), (0.76967496, 0.43450248), (0.7444348, 0.46449548), (0.7469947, 0.43723232), (0.71719956, 0.43080115), (0.7444348, 0.46449548), (0.43324423, 0.86886024), (0.47015274, 0.86291814), (0.46124598, 0.8301658), (0.7444348, 0.46449548), (0.7206257, 0.48603487), (0.7481831, 0.5044942), (0.71719956, 0.43080115), (0.6772366, 0.42619056), (0.7206257, 0.48603487), (0.07095226, 0.28110075), (0.077255696, 0.22980839), (0.06427789, 0.26803577), (0.04798726, 0.26617247), (0.05498607, 0.26717234), (0.05484577, 0.23771852), (0.06427789, 0.26803577), (0.07115929, 0.22213715), (0.06214167, 0.24307227), (0.041839607, 0.22365135), (0.04357597, 0.247213), (0.04898967, 0.22553217), (0.052373018, 0.2088201), (0.05484577, 0.23771852), (0.060781255, 0.2211721), (0.07115929, 0.22213715), (0.068681434, 0.21260375), (0.060781255, 0.2211721), (0.080446385, 0.19893336), (0.07115929, 0.22213715), (0.077255696, 0.22980839), (0.07115929, 0.22213715), (0.080446385, 0.19893336), (0.068681434, 0.21260375), (0.063698076, 0.20314384), (0.068681434, 0.21260375), (0.07584408, 0.19089246), (0.068681434, 0.21260375), (0.080446385, 0.19893336), (0.07584408, 0.19089246), (0.041332986, 0.20692563), (0.041839607, 0.22365135), (0.04898967, 0.22553217), (0.052373018, 0.2088201), (0.04723401, 0.20636398), (0.04898967, 0.22553217), (0.05273795, 0.19720215), (0.063698076, 0.20314384), (0.07584408, 0.19089246), (0.05273795, 0.19720215), (0.04723401, 0.20636398), (0.052373018, 0.2088201), (0.05273795, 0.19720215), (0.052373018, 0.2088201), (0.05794486, 0.20735246), (0.040574566, 0.19978899), (0.034879096, 0.2011987), (0.041332986, 0.20692563), (0.031707708, 0.1905691), (0.034879096, 0.2011987), (0.040574566, 0.19978899), (0.04723401, 0.20636398), (0.040574566, 0.19978899), (0.041332986, 0.20692563), (0.031707708, 0.1905691), (0.040574566, 0.19978899), (0.05273795, 0.19720215), (0.040574566, 0.19978899), (0.04723401, 0.20636398), (0.05273795, 0.19720215), (0.69101703, 0.87829447), (0.6244525, 0.8712846), (0.6753113, 0.9059351), (0.68373173, 0.7659025), (0.6428957, 0.8476054), (0.6989342, 0.83526784), (0.70797557, 0.7870591), (0.6989342, 0.83526784), (0.75879306, 0.76618516), (0.68373173, 0.7659025), (0.70797557, 0.7870591), (0.7310036, 0.7428207), (0.69193155, 0.7155715), (0.68373173, 0.7659025), (0.7310036, 0.7428207), (0.69193155, 0.7155715), (0.7310036, 0.7428207), (0.73496336, 0.71198404), (0.7011433, 0.6323304), (0.72735345, 0.6761662), (0.74342626, 0.6276009), (0.7474657, 0.53871703), (0.712768, 0.53430945), (0.70895296, 0.60257655), (0.70895296, 0.60257655), (0.74342626, 0.6276009), (0.75570613, 0.5816556), (0.8456351, 0.5163572), (0.77594703, 0.5457652), (0.82067305, 0.573861), (0.8134129, 0.4852125), (0.7481831, 0.5044942), (0.80912745, 0.5103934), (0.80912745, 0.5103934), (0.7481831, 0.5044942), (0.7474657, 0.53871703), (0.80912745, 0.5103934), (0.7474657, 0.53871703), (0.77594703, 0.5457652), (0.7474657, 0.53871703), (0.7481831, 0.5044942), (0.7206257, 0.48603487), (0.75570613, 0.5816556), (0.77594703, 0.5457652), (0.7474657, 0.53871703), (0.7206257, 0.48603487), (0.712768, 0.53430945), (0.7474657, 0.53871703), (0.77201265, 0.7159108), (0.73496336, 0.71198404), (0.7310036, 0.7428207), (0.77201265, 0.7159108), (0.8039356, 0.7359205), (0.79457927, 0.6882521), (0.77201265, 0.7159108), (0.79457927, 0.6882521), (0.7674979, 0.65749335), (0.80467093, 0.6498743), (0.7674979, 0.65749335), (0.79457927, 0.6882521), (0.73496336, 0.71198404), (0.77201265, 0.7159108), (0.72735345, 0.6761662), (0.72735345, 0.6761662), (0.77201265, 0.7159108), (0.7674979, 0.65749335), (0.75570613, 0.5816556), (0.7886451, 0.6111269), (0.82067305, 0.573861), (0.7886451, 0.6111269), (0.7674979, 0.65749335), (0.80467093, 0.6498743), (0.75570613, 0.5816556), (0.74342626, 0.6276009), (0.7886451, 0.6111269), (0.25124803, 0.56859756), (0.2957897, 0.55362153), (0.25871244, 0.4336983), (0.6087251, 0.70653814), (0.57577723, 0.725916), (0.61493033, 0.7623837), (0.6375195, 0.67237455), (0.60205454, 0.6450649), (0.6087251, 0.70653814), (0.30442026, 0.6534066), (0.31162462, 0.61860865), (0.25124803, 0.56859756), (0.60205454, 0.6450649), (0.57577723, 0.725916), (0.6087251, 0.70653814), (0.6454934, 0.6271558), (0.60205454, 0.6450649), (0.6375195, 0.67237455), (0.67769516, 0.5689707), (0.67491764, 0.5260942), (0.6542872, 0.5484718), (0.6542872, 0.5484718), (0.6136514, 0.5118088), (0.59468794, 0.5571865), (0.65776736, 0.5871763), (0.6542872, 0.5484718), (0.62871164, 0.5948242), (0.62871164, 0.5948242), (0.6542872, 0.5484718), (0.59468794, 0.5571865), (0.7206257, 0.48603487), (0.6709531, 0.4751354), (0.67491764, 0.5260942), (0.7206257, 0.48603487), (0.67491764, 0.5260942), (0.712768, 0.53430945), (0.69193155, 0.7155715), (0.6391597, 0.7534728), (0.68373173, 0.7659025), (0.6615168, 0.69652545), (0.69193155, 0.7155715), (0.67281765, 0.6603562), (0.67281765, 0.6603562), (0.6375195, 0.67237455), (0.6615168, 0.69652545), (0.67281765, 0.6603562), (0.7011433, 0.6323304), (0.6454934, 0.6271558), (0.70895296, 0.60257655), (0.7011433, 0.6323304), (0.74342626, 0.6276009), (0.70895296, 0.60257655), (0.712768, 0.53430945), (0.67769516, 0.5689707), (0.7011433, 0.6323304), (0.65776736, 0.5871763), (0.6454934, 0.6271558)] (
                    interpolation = "faceVarying"
                )
                uniform token subdivisionScheme = "none"
                quatf xformOp:orient = (1, 0, 0, 0)
                float3 xformOp:scale = (1.1, 1, 1)
                double3 xformOp:translate = (0.02, 0, 0)
                uniform token[] xformOpOrder = ["xformOp:translate", "xformOp:orient", "xformOp:scale"]
            }
        }
    }

    over "go2_x5" (
        prepend references = @../../../robot/go2_x5/urdf/go2_x5/go2_x5.usd@
    )
    {
        string isaac:namespace (
            displayName = "Namespace"
            doc = "Namespace of the prim in Isaac Sim"
        )
        quatd xformOp:orient = (0.7018825281122966, 0, 0, 0.7122927184316088)
        double3 xformOp:scale = (1, 1, 1)
        double3 xformOp:translate = (-4.2, 0.5895395315180403, 0.26)
        uniform token[] xformOpOrder = ["xformOp:translate", "xformOp:orient", "xformOp:scale"]

        over "base"
        {
        }

        over "FL_hip"
        {
        }

        over "FL_thigh"
        {
        }

        over "FL_calf"
        {
        }

        over "FL_foot"
        {
        }

        over "FL_calf_rotor"
        {
        }

        over "FL_thigh_rotor"
        {
        }

        over "FL_hip_rotor"
        {
        }

        over "FR_hip"
        {
        }

        over "FR_thigh"
        {
        }

        over "FR_calf"
        {
        }

        over "FR_foot"
        {
        }

        over "FR_calf_rotor"
        {
        }

        over "FR_thigh_rotor"
        {
        }

        over "FR_hip_rotor"
        {
        }

        over "Head_upper"
        {
        }

        over "Head_lower"
        {
        }

        over "RL_hip"
        {
        }

        over "RL_thigh"
        {
        }

        over "RL_calf"
        {
        }

        over "RL_foot"
        {
        }

        over "RL_calf_rotor"
        {
        }

        over "RL_thigh_rotor"
        {
        }

        over "RL_hip_rotor"
        {
        }

        over "RR_hip"
        {
        }

        over "RR_thigh"
        {
        }

        over "RR_calf"
        {
        }

        over "RR_foot"
        {
        }

        over "RR_calf_rotor"
        {
        }

        over "RR_thigh_rotor"
        {
        }

        over "RR_hip_rotor"
        {
        }

        over "arm_base_link"
        {
        }

        over "arm_link1"
        {
        }

        over "arm_link2"
        {
        }

        over "arm_link3"
        {
        }

        over "arm_link4"
        {
        }

        over "arm_link5"
        {
        }

        over "arm_link6"
        {
        }

        over "arm_link7"
        {
        }

        over "arm_link8"
        {
        }

        over "joints"
        {
            over "FL_hip_joint"
            {
                float state:angular:physics:position = 0
                float state:angular:physics:velocity = 0
            }

            over "FR_hip_joint"
            {
                float state:angular:physics:position = 0
                float state:angular:physics:velocity = 0
            }

            over "RL_hip_joint"
            {
                float state:angular:physics:position = 0
                float state:angular:physics:velocity = 0
            }

            over "RR_hip_joint"
            {
                float state:angular:physics:position = 0
                float state:angular:physics:velocity = 0
            }

            over "FL_thigh_joint"
            {
                float state:angular:physics:position = 0
                float state:angular:physics:velocity = 0
            }

            over "FR_thigh_joint"
            {
                float state:angular:physics:position = 0
                float state:angular:physics:velocity = 0
            }

            over "RL_thigh_joint"
            {
                float state:angular:physics:position = 0
                float state:angular:physics:velocity = 0
            }

            over "RR_thigh_joint"
            {
                float state:angular:physics:position = 0
                float state:angular:physics:velocity = 0
            }

            over "arm_joint1"
            {
                float drive:angular:physics:damping = 50
                float drive:angular:physics:maxForce = 50
                float drive:angular:physics:stiffness = 1000
                string isaac:nameOverride (
                    displayName = "Name Override"
                    doc = "Name override for prim lookup in base name search"
                )
                float state:angular:physics:position = 0
                float state:angular:physics:velocity = 0
            }

            over "FL_calf_joint"
            {
                float state:angular:physics:position = 0
                float state:angular:physics:velocity = 0
            }

            over "FR_calf_joint"
            {
                float state:angular:physics:position = 0
                float state:angular:physics:velocity = 0
            }

            over "RL_calf_joint"
            {
                float state:angular:physics:position = 0
                float state:angular:physics:velocity = 0
            }

            over "RR_calf_joint"
            {
                float state:angular:physics:position = 0
                float state:angular:physics:velocity = 0
            }

            over "arm_joint2"
            {
                float drive:angular:physics:damping = 50
                float drive:angular:physics:stiffness = 1000
                float state:angular:physics:position = 0
                float state:angular:physics:velocity = 0
            }

            over "arm_joint3"
            {
                float drive:angular:physics:damping = 50
                float drive:angular:physics:stiffness = 1000
                float state:angular:physics:position = 0
                float state:angular:physics:velocity = 0
            }

            over "arm_joint4"
            {
                float drive:angular:physics:damping = 50
                float drive:angular:physics:stiffness = 1000
                float state:angular:physics:position = 0
                float state:angular:physics:velocity = 0
            }

            over "arm_joint5"
            {
                float drive:angular:physics:damping = 50
                float drive:angular:physics:stiffness = 1000
                float state:angular:physics:position = 0
                float state:angular:physics:velocity = 0
            }

            over "arm_joint6"
            {
                float drive:angular:physics:damping = 50
                float drive:angular:physics:stiffness = 1000
                float state:angular:physics:position = 0
                float state:angular:physics:velocity = 0
            }

            over "arm_joint7"
            {
                float drive:linear:physics:damping = 50
                float drive:linear:physics:maxForce = 50
                float drive:linear:physics:stiffness = 1000
                string isaac:nameOverride (
                    displayName = "Name Override"
                    doc = "Name override for prim lookup in base name search"
                )
                float state:linear:physics:position = 0
                float state:linear:physics:velocity = 0
            }

            over "arm_joint8"
            {
                string isaac:nameOverride (
                    displayName = "Name Override"
                    doc = "Name override for prim lookup in base name search"
                )
                bool physics:collisionEnabled = 0
                float state:linear:physics:position = 0
                float state:linear:physics:velocity = 0
            }
        }
    }

    def RectLight "RectLight" (
        prepend apiSchemas = ["ShapingAPI"]
    )
    {
        rel collection:lightLink:includes = </World/go2_x5>
        float3[] extent = [(-50, -50, -0), (50, 50, 0)]
        float inputs:height = 100
        float inputs:intensity = 10000
        float inputs:shaping:cone:angle = 180
        float inputs:shaping:cone:softness
        float inputs:shaping:focus
        color3f inputs:shaping:focusTint
        asset inputs:shaping:ies:file
        float inputs:width = 100
        token visibility = "inherited"
        quatd xformOp:orient = (0.5000000000000001, 0.5, 0.49999999999999994, 0.5)
        double3 xformOp:scale = (1, 1, 1)
        double3 xformOp:translate = (-3.646646534150044, 2.755716764272437, 1.2965739612927791)
        uniform token[] xformOpOrder = ["xformOp:translate", "xformOp:orient", "xformOp:scale"]
    }

    def Camera "Camera0"
    {
        float2 clippingRange = (0.01, 10000000)
        float focalLength = 12
        float focusDistance = 400
        bool omni:kit:cameraLock = 1
        custom uniform vector3d omni:kit:centerOfInterest = (0, 0, -400)
        token visibility = "invisible"
        quatd xformOp:orient = (0.8139841381778818, 0.5574685493171956, -0.09225858109378274, -0.13471077734002726)
        double3 xformOp:scale = (1, 1, 1)
        double3 xformOp:translate = (-5.683127029815838, -5.473008133334286, 2.9449510033343254)
        uniform token[] xformOpOrder = ["xformOp:translate", "xformOp:orient", "xformOp:scale"]
    }

    def "bottle" (
        prepend references = @../../objects/bottle/MesaTask-10K/MesaTask_Assets/body-care_products/ec67d7141333464ca1061320452f06a2/usd/ec67d7141333464ca1061320452f06a2.usd@
    )
    {
        quatf xformOp:orient = (1, 0, 0, 0)
        double xformOp:rotateX:unitsResolve = 90
        float3 xformOp:scale = (0.01, 0.01, 0.01)
        double3 xformOp:translate = (-2.4696420125847123, 8.526786098848026, 0.7319296180676665)
        uniform token[] xformOpOrder = ["xformOp:translate", "xformOp:orient", "xformOp:scale", "xformOp:rotateX:unitsResolve"]

        over "geometry_0" (
            prepend apiSchemas = ["PhysicsRigidBodyAPI", "PhysxRigidBodyAPI", "PhysicsMassAPI"]
        )
        {
            bool physics:kinematicEnabled = 0
            float physics:mass = 0.1
            bool physics:rigidBodyEnabled = 1

            over "geometry_0" (
                prepend apiSchemas = ["PhysicsCollisionAPI", "PhysxCollisionAPI", "PhysxConvexHullCollisionAPI", "PhysicsMeshCollisionAPI"]
            )
            {
                uniform token physics:approximation = "convexHull"
                bool physics:collisionEnabled = 1
                quatf xformOp:orient = (1, 0, 0, 0)
                float3 xformOp:scale = (1, 1, 1)
                double3 xformOp:translate = (0, 0, 0)
                uniform token[] xformOpOrder = ["xformOp:translate", "xformOp:orient", "xformOp:scale"]
            }
        }

        over "Looks"
        {
            over "material0" (
                prepend apiSchemas = ["PhysicsMaterialAPI"]
            )
            {
                float physics:dynamicFriction = 3
                float physics:staticFriction = 3.5
            }
        }
    }
}

def "Render" (
    hide_in_stage_window = true
    no_delete = true
)
{
    def "OmniverseKit"
    {
        def "HydraTextures" (
            hide_in_stage_window = true
            no_delete = true
        )
        {
            def RenderProduct "omni_kit_widget_viewport_ViewportTexture_0" (
                prepend apiSchemas = ["OmniRtxSettingsCommonAdvancedAPI_1", "OmniRtxSettingsRtAdvancedAPI_1", "OmniRtxSettingsPtAdvancedAPI_1", "OmniRtxPostColorGradingAPI_1", "OmniRtxPostChromaticAberrationAPI_1", "OmniRtxPostBloomPhysicalAPI_1", "OmniRtxPostMatteObjectAPI_1", "OmniRtxPostCompositingAPI_1", "OmniRtxPostDofAPI_1", "OmniRtxPostMotionBlurAPI_1", "OmniRtxPostTvNoiseAPI_1", "OmniRtxPostTonemapIrayReinhardAPI_1", "OmniRtxPostDebugSettingsAPI_1", "OmniRtxDebugSettingsAPI_1"]
                hide_in_stage_window = true
                no_delete = true
            )
            {
                rel camera = </OmniverseKit_Persp>
                token omni:rtx:background:source:texture:textureMode = "repeatMirrored"
                token omni:rtx:background:source:type = "domeLight"
                bool omni:rtx:dlss:frameGeneration = 0
                bool omni:rtx:material:db:nonVisualMaterialCSV:enabled = 0
                string omni:rtx:material:db:rtSensorNameToIdMap = "DefaultMaterial:0;AsphaltStandardMaterial:1;AsphaltWeatheredMaterial:2;VegetationGrassMaterial:3;WaterStandardMaterial:4;GlassStandardMaterial:5;FiberGlassMaterial:6;MetalAlloyMaterial:7;MetalAluminumMaterial:8;MetalAluminumOxidizedMaterial:9;PlasticStandardMaterial:10;RetroMarkingsMaterial:11;RetroSignMaterial:12;RubberStandardMaterial:13;SoilClayMaterial:14;ConcreteRoughMaterial:15;ConcreteSmoothMaterial:16;OakTreeBarkMaterial:17;FabricStandardMaterial:18;PlexiGlassStandardMaterial:19;MetalSilverMaterial:20"
                bool omni:rtx:material:db:syncLoads = 1
                bool omni:rtx:material:enableRefraction = 0
                bool omni:rtx:post:compositing:outputAlpha
                token omni:rtx:post:dlss:execMode = "performance"
                bool omni:rtx:post:registeredCompositing:invertColorCorrection = 1
                bool omni:rtx:post:registeredCompositing:invertToneMap = 1
                token omni:rtx:post:tonemap:operator = "reinhard"
                bool omni:rtx:pt:lightcache:cached:dontResolveConflicts = 1
                int omni:rtx:pt:maxSamplesPerLaunch = 2073600
                int omni:rtx:pt:mgpu:maxPixelsPerRegionExponent = 12
                int omni:rtx:pt:samplesPerPixel
                color3f omni:rtx:rt:ambientLight:color = (0.1, 0.1, 0.1)
                bool omni:rtx:rt:demoire = 0
                uint omni:rtx:rt:directLighting:samples = 8
                bool omni:rtx:rt:ecoMode:enabled
                bool omni:rtx:rt:lightcache:spatialCache:dontResolveConflicts = 1
                bool omni:rtx:scene:hydra:materialSyncLoads = 1
                bool omni:rtx:scene:hydra:mdlMaterialWarmup = 1
                bool omni:rtx:scene:useViewLightingMode
                uint omni:rtx:viewTile:limit = 4294967295
                rel orderedVars = </Render/Vars/LdrColor>
                custom bool overrideClipRange = 0
                uniform int2 resolution = (1920, 1080)
            }

            def RenderProduct "Replicator" (
                prepend apiSchemas = ["OmniRtxSettingsCommonAdvancedAPI_1", "OmniRtxSettingsRtAdvancedAPI_1", "OmniRtxSettingsPtAdvancedAPI_1", "OmniRtxPostColorGradingAPI_1", "OmniRtxPostChromaticAberrationAPI_1", "OmniRtxPostBloomPhysicalAPI_1", "OmniRtxPostMatteObjectAPI_1", "OmniRtxPostCompositingAPI_1", "OmniRtxPostDofAPI_1", "OmniRtxPostMotionBlurAPI_1", "OmniRtxPostTvNoiseAPI_1", "OmniRtxPostTonemapIrayReinhardAPI_1", "OmniRtxPostDebugSettingsAPI_1", "OmniRtxDebugSettingsAPI_1"]
                hide_in_stage_window = true
                no_delete = true
            )
            {
                rel camera = </World/MySensorCamera>
                token omni:rtx:background:source:texture:textureMode = "repeatMirrored"
                token omni:rtx:background:source:type = "domeLight"
                bool omni:rtx:dlss:frameGeneration = 0
                string omni:rtx:material:db:rtSensorNameToIdMap = "DefaultMaterial:0;AsphaltStandardMaterial:1;AsphaltWeatheredMaterial:2;VegetationGrassMaterial:3;WaterStandardMaterial:4;GlassStandardMaterial:5;FiberGlassMaterial:6;MetalAlloyMaterial:7;MetalAluminumMaterial:8;MetalAluminumOxidizedMaterial:9;PlasticStandardMaterial:10;RetroMarkingsMaterial:11;RetroSignMaterial:12;RubberStandardMaterial:13;SoilClayMaterial:14;ConcreteRoughMaterial:15;ConcreteSmoothMaterial:16;OakTreeBarkMaterial:17;FabricStandardMaterial:18;PlexiGlassStandardMaterial:19;MetalSilverMaterial:20"
                bool omni:rtx:material:db:syncLoads = 1
                bool omni:rtx:material:enableRefraction = 0
                bool omni:rtx:post:registeredCompositing:invertColorCorrection = 1
                bool omni:rtx:post:registeredCompositing:invertToneMap = 1
                token omni:rtx:post:tonemap:operator = "reinhard"
                bool omni:rtx:pt:lightcache:cached:dontResolveConflicts = 1
                int omni:rtx:pt:maxSamplesPerLaunch = 2073600
                int omni:rtx:pt:mgpu:maxPixelsPerRegionExponent = 12
                color3f omni:rtx:rt:ambientLight:color = (0.1, 0.1, 0.1)
                bool omni:rtx:rt:demoire = 0
                uint omni:rtx:rt:directLighting:samples = 8
                bool omni:rtx:rt:ecoMode:enabled
                bool omni:rtx:rt:lightcache:spatialCache:dontResolveConflicts = 1
                bool omni:rtx:scene:hydra:materialSyncLoads = 1
                bool omni:rtx:scene:hydra:mdlMaterialWarmup = 1
                uint omni:rtx:viewTile:limit = 4294967295
                rel orderedVars = </Render/Vars/LdrColor>
                custom bool overrideClipRange = 0
                uniform int2 resolution = (1280, 720)
            }

            def RenderProduct "Replicator_02" (
                prepend apiSchemas = ["OmniRtxSettingsCommonAdvancedAPI_1", "OmniRtxSettingsRtAdvancedAPI_1", "OmniRtxSettingsPtAdvancedAPI_1", "OmniRtxPostColorGradingAPI_1", "OmniRtxPostChromaticAberrationAPI_1", "OmniRtxPostBloomPhysicalAPI_1", "OmniRtxPostMatteObjectAPI_1", "OmniRtxPostCompositingAPI_1", "OmniRtxPostDofAPI_1", "OmniRtxPostMotionBlurAPI_1", "OmniRtxPostTvNoiseAPI_1", "OmniRtxPostTonemapIrayReinhardAPI_1", "OmniRtxPostDebugSettingsAPI_1", "OmniRtxDebugSettingsAPI_1"]
                hide_in_stage_window = true
                no_delete = true
            )
            {
                rel camera = </World/MySensorCamera>
                token omni:rtx:background:source:texture:textureMode = "repeatMirrored"
                token omni:rtx:background:source:type = "domeLight"
                bool omni:rtx:dlss:frameGeneration = 0
                string omni:rtx:material:db:rtSensorNameToIdMap = "DefaultMaterial:0;AsphaltStandardMaterial:1;AsphaltWeatheredMaterial:2;VegetationGrassMaterial:3;WaterStandardMaterial:4;GlassStandardMaterial:5;FiberGlassMaterial:6;MetalAlloyMaterial:7;MetalAluminumMaterial:8;MetalAluminumOxidizedMaterial:9;PlasticStandardMaterial:10;RetroMarkingsMaterial:11;RetroSignMaterial:12;RubberStandardMaterial:13;SoilClayMaterial:14;ConcreteRoughMaterial:15;ConcreteSmoothMaterial:16;OakTreeBarkMaterial:17;FabricStandardMaterial:18;PlexiGlassStandardMaterial:19;MetalSilverMaterial:20"
                bool omni:rtx:material:db:syncLoads = 1
                bool omni:rtx:material:enableRefraction = 0
                bool omni:rtx:post:registeredCompositing:invertColorCorrection = 1
                bool omni:rtx:post:registeredCompositing:invertToneMap = 1
                token omni:rtx:post:tonemap:operator = "reinhard"
                bool omni:rtx:pt:lightcache:cached:dontResolveConflicts = 1
                int omni:rtx:pt:maxSamplesPerLaunch = 2073600
                int omni:rtx:pt:mgpu:maxPixelsPerRegionExponent = 12
                color3f omni:rtx:rt:ambientLight:color = (0.1, 0.1, 0.1)
                bool omni:rtx:rt:demoire = 0
                uint omni:rtx:rt:directLighting:samples = 8
                bool omni:rtx:rt:ecoMode:enabled
                bool omni:rtx:rt:lightcache:spatialCache:dontResolveConflicts = 1
                bool omni:rtx:scene:hydra:materialSyncLoads = 1
                bool omni:rtx:scene:hydra:mdlMaterialWarmup = 1
                uint omni:rtx:viewTile:limit = 4294967295
                rel orderedVars = </Render/Vars/LdrColor>
                custom bool overrideClipRange = 0
                uniform int2 resolution = (640, 480)
            }

            def RenderProduct "Replicator_03" (
                prepend apiSchemas = ["OmniRtxSettingsCommonAdvancedAPI_1", "OmniRtxSettingsRtAdvancedAPI_1", "OmniRtxSettingsPtAdvancedAPI_1", "OmniRtxPostColorGradingAPI_1", "OmniRtxPostChromaticAberrationAPI_1", "OmniRtxPostBloomPhysicalAPI_1", "OmniRtxPostMatteObjectAPI_1", "OmniRtxPostCompositingAPI_1", "OmniRtxPostDofAPI_1", "OmniRtxPostMotionBlurAPI_1", "OmniRtxPostTvNoiseAPI_1", "OmniRtxPostTonemapIrayReinhardAPI_1", "OmniRtxPostDebugSettingsAPI_1", "OmniRtxDebugSettingsAPI_1"]
                hide_in_stage_window = true
                no_delete = true
            )
            {
                rel camera = </World/Camera_01>
                token omni:rtx:background:source:texture:textureMode = "repeatMirrored"
                token omni:rtx:background:source:type = "domeLight"
                bool omni:rtx:dlss:frameGeneration = 0
                string omni:rtx:material:db:rtSensorNameToIdMap = "DefaultMaterial:0;AsphaltStandardMaterial:1;AsphaltWeatheredMaterial:2;VegetationGrassMaterial:3;WaterStandardMaterial:4;GlassStandardMaterial:5;FiberGlassMaterial:6;MetalAlloyMaterial:7;MetalAluminumMaterial:8;MetalAluminumOxidizedMaterial:9;PlasticStandardMaterial:10;RetroMarkingsMaterial:11;RetroSignMaterial:12;RubberStandardMaterial:13;SoilClayMaterial:14;ConcreteRoughMaterial:15;ConcreteSmoothMaterial:16;OakTreeBarkMaterial:17;FabricStandardMaterial:18;PlexiGlassStandardMaterial:19;MetalSilverMaterial:20"
                bool omni:rtx:material:db:syncLoads = 1
                bool omni:rtx:material:enableRefraction = 0
                bool omni:rtx:post:registeredCompositing:invertColorCorrection = 1
                bool omni:rtx:post:registeredCompositing:invertToneMap = 1
                token omni:rtx:post:tonemap:operator = "reinhard"
                bool omni:rtx:pt:lightcache:cached:dontResolveConflicts = 1
                int omni:rtx:pt:maxSamplesPerLaunch = 2073600
                int omni:rtx:pt:mgpu:maxPixelsPerRegionExponent = 12
                color3f omni:rtx:rt:ambientLight:color = (0.1, 0.1, 0.1)
                bool omni:rtx:rt:demoire = 0
                uint omni:rtx:rt:directLighting:samples = 8
                bool omni:rtx:rt:ecoMode:enabled
                bool omni:rtx:rt:lightcache:spatialCache:dontResolveConflicts = 1
                bool omni:rtx:scene:hydra:materialSyncLoads = 1
                bool omni:rtx:scene:hydra:mdlMaterialWarmup = 1
                uint omni:rtx:viewTile:limit = 4294967295
                rel orderedVars = </Render/Vars/LdrColor>
                custom bool overrideClipRange = 0
                uniform int2 resolution = (128, 128)
            }

            def RenderProduct "Replicator_01" (
                prepend apiSchemas = ["OmniRtxSettingsCommonAdvancedAPI_1", "OmniRtxSettingsRtAdvancedAPI_1", "OmniRtxSettingsPtAdvancedAPI_1", "OmniRtxPostColorGradingAPI_1", "OmniRtxPostChromaticAberrationAPI_1", "OmniRtxPostBloomPhysicalAPI_1", "OmniRtxPostMatteObjectAPI_1", "OmniRtxPostCompositingAPI_1", "OmniRtxPostDofAPI_1", "OmniRtxPostMotionBlurAPI_1", "OmniRtxPostTvNoiseAPI_1", "OmniRtxPostTonemapIrayReinhardAPI_1", "OmniRtxPostDebugSettingsAPI_1", "OmniRtxDebugSettingsAPI_1"]
                hide_in_stage_window = true
                no_delete = true
            )
            {
                rel camera = </World/MySensorCamera>
                token omni:rtx:background:source:texture:textureMode = "repeatMirrored"
                token omni:rtx:background:source:type = "domeLight"
                bool omni:rtx:dlss:frameGeneration = 0
                string omni:rtx:material:db:rtSensorNameToIdMap = "DefaultMaterial:0;AsphaltStandardMaterial:1;AsphaltWeatheredMaterial:2;VegetationGrassMaterial:3;WaterStandardMaterial:4;GlassStandardMaterial:5;FiberGlassMaterial:6;MetalAlloyMaterial:7;MetalAluminumMaterial:8;MetalAluminumOxidizedMaterial:9;PlasticStandardMaterial:10;RetroMarkingsMaterial:11;RetroSignMaterial:12;RubberStandardMaterial:13;SoilClayMaterial:14;ConcreteRoughMaterial:15;ConcreteSmoothMaterial:16;OakTreeBarkMaterial:17;FabricStandardMaterial:18;PlexiGlassStandardMaterial:19;MetalSilverMaterial:20"
                bool omni:rtx:material:db:syncLoads = 1
                bool omni:rtx:material:enableRefraction = 0
                bool omni:rtx:post:registeredCompositing:invertColorCorrection = 1
                bool omni:rtx:post:registeredCompositing:invertToneMap = 1
                token omni:rtx:post:tonemap:operator = "reinhard"
                bool omni:rtx:pt:lightcache:cached:dontResolveConflicts = 1
                int omni:rtx:pt:maxSamplesPerLaunch = 2073600
                int omni:rtx:pt:mgpu:maxPixelsPerRegionExponent = 12
                color3f omni:rtx:rt:ambientLight:color = (0.1, 0.1, 0.1)
                bool omni:rtx:rt:demoire = 0
                uint omni:rtx:rt:directLighting:samples = 8
                bool omni:rtx:rt:lightcache:spatialCache:dontResolveConflicts = 1
                bool omni:rtx:scene:hydra:materialSyncLoads = 1
                bool omni:rtx:scene:hydra:mdlMaterialWarmup = 1
                uint omni:rtx:viewTile:limit = 4294967295
                rel orderedVars = </Render/Vars/LdrColor>
                custom bool overrideClipRange = 0
                uniform int2 resolution = (128, 128)
            }
        }
    }

    def RenderSettings "OmniverseGlobalRenderSettings" (
        prepend apiSchemas = ["OmniRtxSettingsGlobalRtAdvancedAPI_1", "OmniRtxSettingsGlobalPtAdvancedAPI_1"]
        no_delete = true
    )
    {
        rel products = [
            </Render/OmniverseKit/HydraTextures/omni_kit_widget_viewport_ViewportTexture_0>,
            </Render/OmniverseKit/HydraTextures/Replicator>,
            </Render/OmniverseKit/HydraTextures/Replicator_01>,
            </Render/OmniverseKit/HydraTextures/Replicator_02>,
            </Render/OmniverseKit/HydraTextures/Replicator_03>,
        ]
    }

    def "Vars"
    {
        def RenderVar "LdrColor" (
            hide_in_stage_window = true
            no_delete = true
        )
        {
            uniform string sourceName = "LdrColor"
        }
    }

    over "PostProcess"
    {
        over "SDGPipeline"
        {
            over "DispatchSync"
            {
                custom bool inputs:enabled = 1
                custom int2[] inputs:simTimesToWrite = [(3508073, 15), (1172173, 5)]
            }
        }
    }
}

def PhysicsScene "physicsScene" (
    prepend apiSchemas = ["PhysxSceneAPI"]
)
{
}
